date,hour,temp,dwpt,rhum,prcp,snow,wdir,wspd,wpgt,pres,tsun,coco
2024-01-01,0,17.6,15.9,90.0,0.0,,90.0,5.4,,1016.0,,3.0
2024-01-01,1,16.6,16.0,96.0,0.0,,108.0,11.5,,1016.6,,3.0
2024-01-01,2,15.9,15.1,95.0,0.0,,110.0,12.2,,1017.4,,3.0
2024-01-01,3,19.2,15.7,80.0,0.0,,70.0,3.6,,1018.1,,3.0
2024-01-01,4,21.0,14.6,67.0,0.0,,95.0,9.0,,1018.3,,3.0
2024-01-01,5,23.6,13.8,54.0,0.0,,85.0,8.3,,1017.6,,2.0
2024-01-01,6,25.2,15.8,56.0,0.0,,90.0,3.6,,1016.3,,3.0
2024-01-01,7,27.1,12.3,40.0,0.0,,105.0,7.6,,1014.9,,2.0
2024-01-01,8,27.9,11.5,36.0,0.0,,107.0,8.3,,1013.2,,3.0
2024-01-01,9,27.0,13.7,44.0,0.0,,50.0,3.6,,1011.9,,3.0
2024-01-01,10,28.2,10.9,34.0,0.0,,120.0,10.4,,1011.7,,3.0
2024-01-01,11,27.5,10.7,35.0,0.0,,120.0,11.5,,1011.7,,2.0
2024-01-01,12,26.0,13.5,46.0,0.0,,90.0,3.6,,1012.2,,3.0
2024-01-01,13,23.8,11.5,46.0,0.0,,122.0,14.0,,1013.3,,3.0
2024-01-01,14,23.1,12.1,50.0,0.0,,111.0,15.5,,1014.6,,3.0
2024-01-01,15,22.6,14.7,61.0,0.0,,140.0,7.6,,1015.8,,3.0
2024-01-01,16,21.2,14.1,64.0,0.0,,119.0,20.2,,1016.4,,3.0
2024-01-01,17,20.5,14.8,70.0,0.0,,112.0,18.7,,1016.3,,3.0
2024-01-01,18,21.0,16.6,76.0,0.0,,90.0,9.4,,1016.0,,3.0
2024-01-01,19,19.4,15.5,78.0,0.0,,102.0,18.4,,1015.6,,3.0
2024-01-01,20,18.1,15.9,87.0,0.0,,103.0,16.9,,1015.1,,3.0
2024-01-01,21,19.6,17.4,87.0,0.0,,50.0,7.6,,1014.6,,3.0
2024-01-01,22,18.5,16.7,89.0,0.0,,105.0,14.8,,1014.4,,3.0
2024-01-01,23,18.2,16.5,90.0,0.0,,106.0,14.0,,1014.8,,3.0
2024-01-02,0,19.0,16.8,87.0,0.0,,90.0,7.6,,1015.2,,3.0
2024-01-02,1,18.0,16.0,88.0,0.0,,104.0,13.3,,1015.8,,3.0
2024-01-02,2,18.1,16.1,88.0,0.0,,106.0,14.4,,1016.5,,3.0
2024-01-02,3,19.6,16.6,83.0,0.0,,70.0,3.6,,1017.3,,3.0
2024-01-02,4,19.2,15.3,78.0,0.0,,103.0,14.0,,1017.6,,3.0
2024-01-02,5,20.7,15.0,70.0,0.0,,97.0,12.6,,1017.2,,3.0
2024-01-02,6,22.8,16.8,69.0,0.0,,110.0,5.4,,1016.2,,3.0
2024-01-02,7,24.8,14.0,51.0,0.0,,95.0,14.0,,1014.6,,3.0
2024-01-02,8,27.0,12.6,41.0,0.0,,81.0,12.2,,1012.6,,3.0
2024-01-02,9,27.0,13.0,42.0,0.0,,90.0,7.6,,1011.4,,3.0
2024-01-02,10,27.1,12.3,40.0,0.0,,86.0,13.3,,1011.0,,3.0
2024-01-02,11,26.2,12.6,43.0,0.0,,91.0,13.7,,1011.3,,3.0
2024-01-02,12,24.8,12.1,45.0,0.0,,90.0,3.6,,1012.1,,3.0
2024-01-02,13,23.5,12.8,51.0,0.0,,97.0,14.0,,1013.6,,3.0
2024-01-02,14,22.4,13.7,58.0,0.0,,113.0,15.8,,1014.9,,3.0
2024-01-02,15,22.4,16.0,67.0,0.0,,90.0,9.4,,1015.8,,3.0
2024-01-02,16,20.6,14.5,68.0,0.0,,103.0,16.6,,1016.1,,3.0
2024-01-02,17,19.8,14.8,73.0,0.0,,106.0,17.6,,1016.1,,3.0
2024-01-02,18,20.2,17.4,84.0,0.0,,90.0,5.4,,1016.0,,3.0
2024-01-02,19,18.6,15.5,82.0,0.0,,101.0,16.2,,1015.7,,3.0
2024-01-02,20,18.0,15.8,87.0,0.0,,100.0,15.1,,1014.9,,3.0
2024-01-02,21,19.4,17.2,87.0,0.0,,90.0,5.4,,1014.2,,3.0
2024-01-02,22,16.7,15.6,93.0,0.0,,91.0,13.3,,1013.7,,2.0
2024-01-02,23,16.5,15.4,93.0,0.0,,98.0,13.0,,1013.8,,3.0
2024-01-03,0,18.8,16.9,89.0,0.0,,90.0,5.4,,1014.6,,1.0
2024-01-03,1,16.0,15.7,98.0,0.0,,102.0,14.8,,1015.2,,3.0
2024-01-03,2,16.7,15.7,94.0,0.0,,104.0,16.6,,1016.1,,3.0
2024-01-03,3,19.0,17.1,89.0,0.0,,90.0,3.6,,1017.0,,3.0
2024-01-03,4,20.9,15.2,70.0,0.0,,107.0,15.1,,1017.2,,3.0
2024-01-03,5,22.1,15.0,64.0,0.0,,100.0,11.5,,1016.8,,3.0
2024-01-03,6,21.8,15.4,67.0,0.0,,90.0,3.6,,1016.0,,3.0
2024-01-03,7,25.3,14.4,51.0,0.0,,90.0,9.4,,1014.5,,3.0
2024-01-03,8,25.7,13.9,48.0,0.0,,80.0,9.0,,1013.3,,3.0
2024-01-03,9,25.0,14.8,53.0,0.0,,50.0,5.4,,1012.1,,3.0
2024-01-03,10,26.8,12.8,42.0,0.0,,73.0,9.4,,1011.3,,3.0
2024-01-03,11,26.1,12.5,43.0,0.0,,66.0,11.2,,1011.1,,3.0
2024-01-03,12,25.0,13.9,50.0,0.0,,140.0,5.4,,1011.7,,3.0
2024-01-03,13,24.0,12.9,50.0,0.0,,61.0,13.7,,1012.3,,3.0
2024-01-03,14,23.0,13.2,54.0,0.0,,84.0,13.0,,1013.3,,3.0
2024-01-03,15,22.8,15.4,63.0,0.0,,90.0,5.4,,1014.6,,3.0
2024-01-03,16,20.8,13.7,64.0,0.0,,94.0,15.1,,1015.0,,3.0
2024-01-03,17,19.9,16.5,81.0,0.0,,107.0,19.1,,1015.5,,3.0
2024-01-03,18,20.8,17.4,81.0,0.0,,90.0,5.4,,1015.5,,3.0
2024-01-03,19,19.0,17.1,89.0,0.0,,101.0,17.3,,1015.0,,3.0
2024-01-03,20,18.5,17.5,94.0,0.0,,105.0,14.8,,1014.0,,3.0
2024-01-03,21,18.1,17.3,95.0,0.0,,110.0,14.4,,1013.4,,2.0
2024-01-03,22,18.0,17.4,96.0,0.0,,98.0,13.3,,1013.7,,3.0
2024-01-03,23,18.4,17.2,93.0,0.0,,96.0,14.8,,1013.8,,3.0
2024-01-04,0,19.6,17.4,87.0,0.0,,90.0,3.6,,1014.2,,3.0
2024-01-04,1,18.8,16.9,89.0,0.0,,97.0,16.2,,1014.9,,3.0
2024-01-04,2,19.2,16.6,85.0,0.0,,104.0,15.5,,1015.7,,3.0
2024-01-04,3,20.0,17.2,84.0,0.0,,90.0,5.4,,1016.4,,3.0
2024-01-04,4,21.2,16.4,74.0,0.0,,113.0,17.3,,1016.6,,3.0
2024-01-04,5,22.6,15.7,65.0,0.0,,113.0,14.0,,1016.1,,3.0
2024-01-04,6,23.8,17.3,67.0,0.0,,90.0,5.4,,1015.8,,3.0
2024-01-04,7,23.6,15.4,60.0,0.0,,107.0,10.8,,1014.5,,3.0
2024-01-04,8,24.4,15.3,57.0,0.0,,108.0,10.4,,1013.0,,3.0
2024-01-04,9,25.0,17.2,62.0,0.0,,70.0,5.4,,1012.2,,3.0
2024-01-04,10,24.1,15.6,59.0,0.0,,63.0,11.2,,1012.0,,3.0
2024-01-04,11,24.7,15.3,56.0,0.0,,74.0,13.3,,1011.2,,3.0
2024-01-04,12,24.0,15.8,60.0,0.0,,90.0,5.4,,1011.9,,3.0
2024-01-04,13,22.8,15.9,65.0,0.0,,77.0,12.2,,1012.8,,3.0
2024-01-04,14,22.2,16.5,70.0,0.0,,91.0,13.3,,1013.6,,3.0
2024-01-04,15,22.6,17.9,75.0,0.0,,90.0,3.6,,1014.6,,3.0
2024-01-04,16,21.4,15.5,69.0,0.0,,126.0,13.0,,1015.2,,3.0
2024-01-04,17,20.4,16.6,79.0,0.0,,108.0,13.3,,1015.7,,3.0
2024-01-04,18,21.2,18.2,83.0,0.0,,90.0,3.6,,1015.6,,3.0
2024-01-04,19,19.4,17.5,89.0,0.0,,108.0,14.4,,1015.1,,3.0
2024-01-04,20,19.1,17.6,91.0,0.1,,104.0,14.4,,1014.5,,7.0
2024-01-04,21,20.4,18.2,87.0,0.2,,90.0,5.4,,1013.7,,7.0
2024-01-04,22,18.9,17.0,89.0,0.0,,112.0,11.9,,1013.7,,3.0
2024-01-04,23,19.0,17.0,88.0,0.0,,106.0,12.6,,1013.8,,3.0
2024-01-05,0,20.2,18.0,87.0,0.0,,90.0,3.6,,1014.2,,3.0
2024-01-05,1,19.1,16.7,86.0,0.0,,105.0,13.3,,1014.9,,3.0
2024-01-05,2,19.0,17.0,88.0,0.0,,107.0,14.0,,1015.6,,3.0
2024-01-05,3,19.8,17.9,89.0,0.1,,90.0,3.6,,1016.3,,7.0
2024-01-05,4,22.2,16.7,71.0,0.0,,118.0,15.8,,1016.2,,3.0
2024-01-05,5,23.6,16.9,66.0,0.0,,133.0,13.3,,1015.8,,3.0
2024-01-05,6,25.4,17.6,62.0,0.0,,70.0,5.4,,1014.8,,3.0
2024-01-05,7,24.7,16.9,62.0,0.0,,135.0,10.8,,1013.6,,3.0
2024-01-05,8,25.3,17.0,60.0,0.0,,140.0,11.2,,1012.4,,3.0
2024-01-05,9,25.8,18.0,62.0,0.0,,90.0,3.6,,1011.8,,3.0
2024-01-05,10,24.2,17.0,64.0,0.0,,140.0,11.9,,1011.8,,3.0
2024-01-05,11,23.7,17.0,66.0,0.0,,139.0,11.5,,1011.9,,3.0
2024-01-05,12,24.0,17.7,68.0,0.0,,90.0,7.6,,1011.7,,3.0
2024-01-05,13,23.5,16.8,66.0,0.0,,118.0,13.0,,1012.8,,3.0
2024-01-05,14,22.1,17.7,76.0,0.0,,128.0,15.8,,1014.0,,3.0
2024-01-05,15,22.0,18.4,80.0,0.0,,90.0,7.6,,1014.7,,1.0
2024-01-05,16,21.1,17.3,79.0,0.0,,114.0,16.6,,1015.3,,2.0
2024-01-05,17,19.9,17.5,86.0,0.0,,115.0,16.2,,1015.4,,3.0
2024-01-05,18,21.0,18.2,84.0,0.0,,90.0,7.6,,1015.3,,2.0
2024-01-05,19,19.3,17.1,87.0,0.0,,104.0,15.8,,1015.1,,2.0
2024-01-05,20,19.0,17.1,89.0,0.0,,99.0,16.2,,1014.9,,3.0
2024-01-05,21,20.0,17.8,87.0,0.0,,50.0,5.4,,1014.1,,3.0
2024-01-05,22,19.5,17.6,89.0,0.0,,108.0,14.4,,1013.8,,3.0
2024-01-05,23,19.3,17.6,90.0,0.2,,111.0,14.8,,1013.7,,7.0
2024-01-06,0,19.6,18.4,93.0,0.0,,140.0,5.4,,1014.2,,3.0
2024-01-06,1,19.1,17.8,92.0,0.0,,107.0,14.8,,1014.8,,3.0
2024-01-06,2,19.3,18.0,92.0,0.0,,105.0,16.6,,1015.7,,3.0
2024-01-06,3,20.0,17.8,87.0,0.0,,90.0,3.6,,1016.6,,3.0
2024-01-06,4,20.6,17.6,83.0,0.0,,100.0,18.0,,1016.8,,3.0
2024-01-06,5,21.9,17.3,75.0,0.0,,107.0,16.6,,1016.2,,3.0
2024-01-06,6,23.6,18.7,74.0,0.0,,140.0,3.6,,1015.3,,3.0
2024-01-06,7,24.7,17.2,63.0,0.0,,122.0,15.5,,1013.8,,3.0
2024-01-06,8,28.4,15.3,45.0,0.0,,92.0,12.6,,1011.4,,3.0
2024-01-06,9,28.5,18.6,55.0,0.0,,90.0,3.6,,1010.3,,2.0
2024-01-06,10,28.6,14.8,43.0,0.0,,92.0,13.0,,1010.0,,2.0
2024-01-06,11,27.9,14.5,44.0,0.0,,90.0,15.5,,1010.2,,2.0
2024-01-06,12,25.2,18.4,66.0,0.0,,140.0,5.4,,1011.4,,3.0
2024-01-06,13,23.4,16.2,64.0,0.0,,95.0,12.2,,1013.2,,3.0
2024-01-06,14,22.4,16.7,70.0,0.0,,98.0,15.5,,1014.4,,2.0
2024-01-06,15,22.0,18.6,81.0,0.0,,110.0,5.4,,1015.6,,2.0
2024-01-06,16,20.1,18.2,89.0,0.0,,97.0,18.4,,1016.3,,1.0
2024-01-06,17,19.3,18.3,94.0,0.0,,98.0,16.9,,1016.7,,2.0
2024-01-06,18,20.4,17.6,84.0,0.0,,90.0,5.4,,1016.1,,3.0
2024-01-06,19,19.5,18.2,92.0,0.0,,96.0,14.8,,1015.7,,3.0
2024-01-06,20,18.6,17.9,96.0,0.0,,92.0,12.6,,1015.1,,3.0
2024-01-06,21,20.0,17.6,86.0,0.0,,90.0,3.6,,1014.6,,3.0
2024-01-06,22,18.0,17.2,95.0,0.0,,106.0,10.8,,1014.6,,3.0
2024-01-06,23,17.5,16.9,96.0,0.0,,81.0,11.2,,1014.4,,3.0
2024-01-07,0,20.0,17.6,86.0,0.0,,90.0,3.6,,1015.2,,3.0
2024-01-07,1,16.5,16.2,98.0,0.0,,79.0,11.5,,1015.9,,3.0
2024-01-07,2,17.1,16.1,94.0,0.0,,80.0,15.5,,1016.7,,3.0
2024-01-07,3,20.2,18.0,87.0,0.0,,90.0,3.6,,1017.4,,3.0
2024-01-07,4,21.2,16.0,72.0,0.0,,90.0,14.8,,1017.7,,3.0
2024-01-07,5,23.2,14.5,58.0,0.0,,87.0,14.4,,1017.2,,2.0
2024-01-07,6,26.2,17.6,59.0,0.0,,90.0,3.6,,1015.9,,3.0
2024-01-07,7,26.4,14.2,47.0,0.0,,99.0,14.4,,1014.6,,3.0
2024-01-07,8,27.9,13.8,42.0,0.0,,98.0,16.2,,1012.8,,3.0
2024-01-07,9,29.2,13.8,39.0,0.0,,140.0,5.4,,1011.9,,3.0
2024-01-07,10,27.7,14.3,44.0,0.0,,87.0,16.9,,1011.0,,3.0
2024-01-07,11,26.9,14.0,45.0,0.0,,79.0,15.8,,1011.1,,3.0
2024-01-07,12,26.2,15.9,53.0,0.0,,90.0,7.6,,1011.5,,2.0
2024-01-07,13,23.9,14.6,56.0,0.0,,94.0,18.0,,1013.0,,3.0
2024-01-07,14,22.2,16.2,69.0,0.0,,90.0,17.6,,1014.5,,3.0
2024-01-07,15,22.4,18.2,77.0,0.0,,90.0,3.6,,1015.2,,1.0
2024-01-07,16,20.5,17.9,85.0,0.0,,86.0,17.6,,1016.0,,1.0
2024-01-07,17,19.6,18.1,91.0,0.0,,89.0,16.9,,1016.3,,2.0
2024-01-07,18,20.8,18.4,86.0,0.0,,70.0,5.4,,1016.1,,3.0
2024-01-07,19,19.1,17.9,93.0,0.0,,86.0,16.2,,1015.8,,3.0
2024-01-07,20,18.9,17.7,93.0,0.0,,99.0,19.8,,1015.2,,3.0
2024-01-07,21,20.2,18.0,87.0,0.0,,70.0,3.6,,1014.7,,3.0
2024-01-07,22,18.6,17.6,94.0,0.0,,91.0,18.0,,1014.4,,3.0
2024-01-07,23,18.9,17.9,94.0,0.0,,89.0,18.4,,1014.4,,3.0
2024-01-08,0,20.2,18.7,91.0,0.0,,90.0,5.4,,1014.5,,3.0
2024-01-08,1,19.7,18.5,93.0,0.0,,90.0,18.7,,1015.1,,3.0
2024-01-08,2,19.9,18.7,93.0,0.1,,91.0,17.3,,1016.2,,7.0
2024-01-08,3,20.8,18.4,86.0,0.3,,90.0,5.4,,1017.2,,8.0
2024-01-08,4,20.6,19.1,91.0,0.4,,102.0,20.9,,1017.9,,8.0
2024-01-08,5,21.1,19.0,88.0,0.3,,101.0,19.8,,1017.6,,8.0
2024-01-08,6,22.8,19.6,82.0,0.0,,90.0,7.6,,1017.2,,3.0
2024-01-08,7,21.2,19.3,89.0,1.5,,81.0,18.7,,1016.0,,9.0
2024-01-08,8,21.5,19.1,86.0,0.5,,83.0,20.2,,1014.7,,8.0
2024-01-08,9,21.8,21.0,95.0,0.3,,90.0,7.6,,1013.2,,8.0
2024-01-08,10,23.7,18.6,73.0,0.0,,87.0,21.6,,1012.9,,3.0
2024-01-08,11,21.6,18.6,83.0,0.1,,76.0,21.6,,1014.0,,7.0
2024-01-08,12,21.2,19.5,90.0,0.3,,90.0,7.6,,1014.6,,8.0
2024-01-08,13,19.9,19.2,96.0,0.9,,76.0,15.8,,1015.0,,8.0
2024-01-08,14,19.7,19.0,96.0,1.1,,81.0,16.2,,1015.8,,9.0
2024-01-08,15,21.0,19.5,91.0,1.0,,90.0,1.8,,1016.6,,9.0
2024-01-08,16,19.5,19.0,97.0,0.9,,98.0,16.9,,1017.1,,8.0
2024-01-08,17,19.3,18.8,97.0,0.8,,100.0,16.9,,1016.6,,8.0
2024-01-08,18,20.0,18.8,93.0,0.3,,90.0,3.6,,1016.4,,8.0
2024-01-08,19,19.0,18.5,97.0,0.2,,100.0,15.5,,1016.0,,7.0
2024-01-08,20,18.9,18.4,97.0,0.0,,92.0,13.7,,1015.3,,3.0
2024-01-08,21,20.0,18.5,91.0,0.0,,90.0,1.8,,1015.0,,3.0
2024-01-08,22,18.9,18.1,95.0,0.0,,83.0,14.8,,1014.7,,3.0
2024-01-08,23,18.8,18.0,95.0,0.2,,86.0,13.7,,1014.9,,7.0
2024-01-09,0,19.8,18.3,91.0,0.0,,90.0,3.6,,1015.6,,3.0
2024-01-09,1,18.5,17.3,93.0,0.0,,72.0,16.6,,1015.8,,3.0
2024-01-09,2,18.4,16.7,90.0,0.0,,82.0,15.5,,1016.6,,2.0
2024-01-09,3,20.4,18.0,86.0,0.0,,90.0,7.6,,1017.3,,2.0
2024-01-09,4,22.0,16.1,69.0,0.0,,91.0,17.3,,1017.5,,3.0
2024-01-09,5,23.9,16.9,65.0,0.0,,95.0,19.4,,1017.0,,2.0
2024-01-09,6,22.4,13.7,58.0,0.0,,90.0,9.4,,1016.4,,2.0
2024-01-09,7,25.1,17.3,62.0,0.0,,103.0,22.3,,1015.1,,3.0
2024-01-09,8,25.4,17.6,62.0,0.1,,92.0,23.0,,1013.8,,17.0
2024-01-09,9,24.6,15.0,55.0,0.0,,90.0,5.4,,1012.5,,3.0
2024-01-09,10,26.2,16.2,54.0,0.0,,93.0,23.0,,1012.3,,3.0
2024-01-09,11,24.6,16.3,60.0,0.0,,102.0,24.8,,1013.2,,3.0
2024-01-09,12,23.0,14.3,58.0,0.0,,90.0,5.4,,1013.9,,3.0
2024-01-09,13,22.1,15.7,67.0,0.0,,105.0,16.2,,1014.8,,3.0
2024-01-09,14,21.3,15.8,71.0,0.0,,104.0,16.6,,1016.1,,3.0
2024-01-09,15,21.2,15.5,70.0,0.0,,90.0,7.6,,1016.9,,3.0
2024-01-09,16,19.7,16.0,79.0,0.0,,93.0,17.3,,1017.4,,3.0
2024-01-09,17,19.0,16.4,85.0,0.0,,81.0,15.1,,1016.9,,3.0
2024-01-09,18,20.0,15.4,75.0,0.0,,50.0,5.4,,1016.9,,3.0
2024-01-09,19,17.8,17.0,95.0,0.0,,84.0,16.2,,1016.5,,3.0
2024-01-09,20,17.3,16.7,96.0,0.0,,86.0,14.8,,1016.0,,3.0
2024-01-09,21,19.2,16.1,82.0,0.0,,50.0,9.4,,1015.6,,3.0
2024-01-09,22,17.3,16.2,93.0,0.0,,92.0,14.4,,1014.8,,3.0
2024-01-09,23,17.1,15.8,92.0,0.0,,90.0,14.8,,1014.6,,3.0
2024-01-10,0,18.8,16.2,85.0,0.0,,140.0,7.6,,1014.6,,3.0
2024-01-10,1,16.5,15.2,92.0,0.0,,92.0,15.8,,1015.1,,3.0
2024-01-10,2,17.2,15.0,87.0,0.0,,91.0,16.6,,1016.0,,3.0
2024-01-10,3,20.5,17.7,84.0,0.0,,90.0,3.6,,1016.6,,2.0
2024-01-10,4,20.9,13.6,63.0,0.0,,100.0,16.6,,1016.9,,3.0
2024-01-10,5,21.7,13.6,60.0,0.0,,103.0,16.9,,1016.8,,3.0
2024-01-10,6,24.4,12.0,46.0,0.0,,140.0,7.6,,1016.6,,3.0
2024-01-10,7,23.9,13.4,52.0,0.0,,104.0,15.8,,1015.4,,3.0
2024-01-10,8,24.7,14.8,54.0,0.0,,108.0,19.1,,1013.6,,3.0
2024-01-10,9,26.4,12.8,43.0,0.0,,90.0,3.6,,1012.9,,3.0
2024-01-10,10,24.1,13.9,53.0,0.0,,103.0,17.6,,1012.8,,3.0
2024-01-10,11,23.2,13.7,55.0,0.0,,104.0,16.2,,1013.2,,3.0
2024-01-10,12,24.0,13.8,53.0,0.0,,90.0,3.6,,1014.0,,3.0
2024-01-10,13,21.8,13.9,61.0,0.0,,102.0,13.0,,1015.1,,3.0
2024-01-10,14,21.4,14.1,63.0,0.0,,91.0,11.9,,1016.4,,3.0
2024-01-10,15,21.8,16.3,71.0,0.0,,0.0,0.0,,1017.3,,3.0
2024-01-10,16,20.6,14.7,69.0,0.0,,89.0,12.6,,1017.8,,3.0
2024-01-10,17,20.1,15.3,74.0,0.0,,89.0,13.7,,1017.6,,3.0
2024-01-10,18,20.6,17.0,80.0,0.0,,90.0,7.6,,1017.4,,3.0
2024-01-10,19,18.2,16.2,88.0,0.0,,79.0,13.7,,1017.2,,2.0
2024-01-10,20,17.7,16.6,93.0,0.0,,79.0,14.4,,1016.2,,2.0
2024-01-10,21,19.2,17.3,89.0,0.0,,90.0,7.6,,1015.8,,3.0
2024-01-10,22,16.8,16.2,96.0,0.0,,66.0,13.3,,1015.5,,3.0
2024-01-10,23,17.2,16.9,98.0,0.0,,73.0,11.5,,1015.6,,2.0
2024-01-11,0,17.8,16.1,90.0,0.0,,90.0,5.4,,1015.8,,3.0
2024-01-11,1,16.8,15.8,94.0,0.0,,92.0,14.4,,1016.5,,3.0
2024-01-11,2,17.3,15.1,87.0,0.0,,93.0,15.8,,1017.1,,3.0
2024-01-11,3,20.4,17.6,84.0,0.0,,90.0,3.6,,1017.9,,3.0
2024-01-11,4,21.9,12.5,55.0,0.0,,97.0,17.3,,1018.1,,2.0
2024-01-11,5,24.1,10.7,43.0,0.0,,97.0,17.6,,1017.6,,3.0
2024-01-11,6,25.0,11.9,44.0,0.0,,90.0,3.6,,1016.6,,3.0
2024-01-11,7,26.8,10.1,35.0,0.0,,100.0,18.4,,1015.2,,3.0
2024-01-11,8,27.5,9.8,33.0,0.0,,99.0,18.0,,1013.7,,3.0
2024-01-11,9,29.2,14.2,40.0,0.0,,0.0,0.0,,1012.5,,3.0
2024-01-11,10,27.4,13.0,41.0,0.0,,94.0,17.6,,1012.4,,2.0
2024-01-11,11,26.5,12.9,43.0,0.0,,93.0,18.0,,1012.6,,3.0
2024-01-11,12,27.0,13.7,44.0,0.0,,0.0,0.0,,1013.2,,1.0
2024-01-11,13,22.7,14.0,58.0,0.0,,97.0,15.1,,1014.3,,3.0
2024-01-11,14,21.4,14.5,65.0,0.0,,98.0,16.2,,1015.6,,1.0
2024-01-11,15,22.8,17.3,71.0,0.0,,90.0,5.4,,1016.5,,1.0
2024-01-11,16,19.5,15.8,79.0,0.0,,88.0,13.7,,1017.4,,1.0
2024-01-11,17,18.7,15.8,83.0,0.0,,87.0,13.7,,1017.6,,1.0
2024-01-11,18,20.0,16.4,80.0,0.0,,110.0,3.6,,1017.4,,2.0
2024-01-11,19,17.2,15.9,92.0,0.0,,90.0,14.4,,1016.9,,3.0
2024-01-11,20,16.5,14.7,89.0,0.0,,90.0,14.0,,1015.8,,3.0
2024-01-11,21,18.2,15.6,85.0,0.0,,90.0,3.6,,1015.0,,3.0
2024-01-11,22,15.7,14.6,93.0,0.0,,74.0,13.7,,1015.1,,3.0
2024-01-11,23,15.6,14.5,93.0,0.0,,77.0,14.8,,1015.3,,3.0
2024-01-12,0,17.2,13.7,80.0,0.0,,90.0,3.6,,1015.5,,3.0
2024-01-12,1,15.5,13.3,87.0,0.0,,88.0,15.5,,1016.2,,3.0
2024-01-12,2,16.5,12.8,79.0,0.0,,92.0,16.6,,1017.2,,3.0
2024-01-12,3,19.6,15.7,78.0,0.0,,90.0,7.6,,1018.0,,3.0
2024-01-12,4,22.0,12.3,54.0,0.0,,100.0,18.7,,1017.8,,2.0
2024-01-12,5,24.3,11.3,44.0,0.0,,100.0,21.6,,1017.1,,3.0
2024-01-12,6,25.2,14.9,53.0,0.0,,90.0,7.6,,1016.1,,3.0
2024-01-12,7,26.7,11.2,38.0,0.0,,102.0,22.0,,1014.9,,3.0
2024-01-12,8,27.3,10.5,35.0,0.0,,100.0,22.3,,1013.6,,3.0
2024-01-12,9,27.6,13.5,42.0,0.0,,90.0,7.6,,1012.8,,3.0
2024-01-12,10,26.4,13.2,44.0,0.0,,102.0,22.3,,1012.7,,3.0
2024-01-12,11,25.7,14.2,49.0,0.0,,101.0,19.4,,1013.1,,3.0
2024-01-12,12,25.4,12.9,46.0,0.0,,90.0,7.6,,1013.9,,3.0
2024-01-12,13,22.4,14.3,60.0,0.0,,93.0,14.0,,1014.8,,3.0
2024-01-12,14,21.0,14.2,65.0,0.0,,86.0,14.4,,1015.9,,3.0
2024-01-12,15,22.6,16.4,68.0,0.0,,0.0,0.0,,1017.1,,1.0
2024-01-12,16,19.4,13.8,70.0,0.0,,97.0,13.0,,1017.5,,1.0
2024-01-12,17,18.5,14.6,78.0,0.0,,97.0,11.5,,1017.8,,1.0
2024-01-12,18,20.2,17.4,84.0,0.0,,90.0,3.6,,1017.7,,1.0
2024-01-12,19,16.9,15.6,92.0,0.0,,96.0,10.8,,1017.2,,1.0
2024-01-12,20,16.4,15.8,96.0,0.0,,88.0,10.4,,1016.7,,1.0
2024-01-12,21,19.0,16.8,87.0,0.0,,0.0,0.0,,1016.1,,1.0
2024-01-12,22,16.0,15.4,96.0,0.0,,98.0,8.3,,1015.6,,1.0
2024-01-12,23,15.9,15.3,96.0,0.0,,97.0,8.3,,1015.5,,2.0
2024-01-13,0,17.6,16.3,92.0,0.0,,90.0,3.6,,1015.8,,3.0
2024-01-13,1,15.7,15.1,96.0,0.0,,83.0,9.4,,1016.5,,3.0
2024-01-13,2,16.4,15.1,92.0,0.0,,74.0,10.4,,1017.5,,3.0
2024-01-13,3,19.0,17.1,89.0,0.0,,90.0,3.6,,1018.3,,3.0
2024-01-13,4,22.0,14.9,64.0,0.0,,88.0,13.0,,1018.8,,3.0
2024-01-13,5,24.2,14.0,53.0,0.0,,89.0,14.8,,1018.1,,3.0
2024-01-13,6,23.2,17.2,69.0,0.0,,90.0,7.6,,1017.2,,3.0
2024-01-13,7,27.0,12.6,41.0,0.0,,85.0,15.1,,1015.9,,3.0
2024-01-13,8,27.6,13.2,41.0,0.0,,83.0,14.8,,1014.5,,3.0
2024-01-13,9,27.5,14.9,46.0,0.0,,50.0,3.6,,1013.4,,3.0
2024-01-13,10,27.9,12.3,38.0,0.0,,68.0,12.6,,1012.8,,3.0
2024-01-13,11,27.2,12.0,39.0,0.0,,71.0,14.0,,1012.6,,3.0
2024-01-13,12,26.0,15.1,51.0,0.0,,90.0,1.8,,1013.6,,3.0
2024-01-13,13,23.7,13.8,54.0,0.0,,86.0,13.0,,1014.3,,2.0
2024-01-13,14,22.3,14.4,61.0,0.0,,106.0,13.3,,1015.4,,3.0
2024-01-13,15,23.6,16.6,65.0,0.0,,90.0,3.6,,1016.3,,3.0
2024-01-13,16,20.5,15.7,74.0,0.0,,114.0,13.7,,1017.0,,3.0
2024-01-13,17,19.2,15.7,80.0,0.0,,111.0,12.6,,1017.7,,1.0
2024-01-13,18,21.0,17.6,81.0,0.0,,90.0,3.6,,1017.9,,2.0
2024-01-13,19,17.8,16.8,94.0,0.0,,102.0,13.0,,1017.6,,1.0
2024-01-13,20,17.5,16.9,96.0,0.0,,108.0,11.5,,1016.9,,1.0
2024-01-13,21,19.6,17.4,87.0,0.0,,90.0,3.6,,1016.0,,1.0
2024-01-13,22,16.9,16.7,99.0,0.0,,106.0,7.6,,1015.3,,1.0
2024-01-13,23,16.6,16.4,99.0,0.0,,97.0,8.3,,1015.4,,1.0
2024-01-14,0,19.0,17.1,89.0,0.0,,90.0,3.6,,1015.6,,2.0
2024-01-14,1,16.7,16.7,100.0,0.0,,93.0,8.3,,1016.4,,3.0
2024-01-14,2,17.1,16.9,99.0,0.0,,98.0,10.4,,1017.2,,5.0
2024-01-14,3,19.6,17.4,87.0,0.0,,90.0,1.8,,1017.7,,5.0
2024-01-14,4,21.2,16.6,75.0,0.0,,66.0,8.6,,1018.3,,3.0
2024-01-14,5,24.4,14.8,55.0,0.0,,60.0,12.6,,1017.7,,1.0
2024-01-14,6,26.6,15.3,50.0,0.0,,90.0,3.6,,1016.6,,3.0
2024-01-14,7,27.2,13.2,42.0,0.0,,47.0,16.6,,1015.2,,3.0
2024-01-14,8,27.9,13.8,42.0,0.0,,48.0,15.1,,1013.7,,3.0
2024-01-14,9,29.0,16.6,47.0,0.0,,90.0,3.6,,1012.5,,3.0
2024-01-14,10,28.0,12.8,39.0,0.0,,55.0,14.8,,1011.9,,1.0
2024-01-14,11,27.4,13.0,41.0,0.0,,57.0,13.7,,1011.9,,1.0
2024-01-14,12,27.0,13.7,44.0,0.0,,90.0,3.6,,1012.6,,1.0
2024-01-14,13,23.3,14.0,56.0,0.0,,58.0,9.7,,1013.4,,1.0
2024-01-14,14,21.8,13.7,60.0,0.0,,52.0,10.1,,1014.4,,1.0
2024-01-14,15,23.2,15.3,61.0,0.0,,0.0,0.0,,1015.4,,1.0
2024-01-14,16,19.6,14.0,70.0,0.0,,82.0,10.4,,1016.2,,1.0
2024-01-14,17,18.8,14.1,74.0,0.0,,98.0,11.9,,1016.6,,1.0
2024-01-14,18,20.4,17.2,82.0,0.0,,70.0,7.6,,1016.6,,1.0
2024-01-14,19,17.7,14.8,83.0,0.0,,108.0,14.0,,1016.4,,2.0
2024-01-14,20,17.0,15.0,88.0,0.0,,112.0,13.3,,1015.9,,1.0
2024-01-14,21,18.8,16.2,85.0,0.0,,90.0,3.6,,1015.3,,1.0
2024-01-14,22,16.1,15.3,95.0,0.0,,107.0,11.2,,1014.9,,1.0
2024-01-14,23,15.9,15.1,95.0,0.0,,104.0,10.4,,1014.7,,1.0
2024-01-15,0,17.8,15.8,88.0,0.0,,90.0,3.6,,1015.2,,1.0
2024-01-15,1,15.3,14.5,95.0,0.0,,105.0,7.9,,1015.7,,2.0
2024-01-15,2,16.4,14.6,89.0,0.0,,109.0,9.4,,1016.6,,1.0
2024-01-15,3,20.0,17.8,87.0,0.0,,90.0,3.6,,1017.6,,3.0
2024-01-15,4,22.9,14.7,60.0,0.0,,88.0,6.8,,1017.9,,3.0
2024-01-15,5,24.5,13.4,50.0,0.0,,57.0,10.4,,1017.5,,3.0
2024-01-15,6,24.4,18.6,70.0,0.0,,90.0,3.6,,1016.5,,3.0
2024-01-15,7,26.8,12.1,40.0,0.0,,58.0,11.2,,1015.0,,3.0
2024-01-15,8,27.5,11.9,38.0,0.0,,65.0,10.4,,1013.2,,2.0
2024-01-15,9,28.2,12.5,38.0,0.0,,0.0,0.0,,1011.9,,1.0
2024-01-15,10,27.9,12.7,39.0,0.0,,71.0,10.1,,1011.4,,1.0
2024-01-15,11,27.4,12.6,40.0,0.0,,70.0,10.1,,1011.2,,1.0
2024-01-15,12,27.2,12.4,40.0,0.0,,0.0,0.0,,1011.8,,1.0
2024-01-15,13,23.1,13.6,55.0,0.0,,78.0,10.4,,1012.7,,1.0
2024-01-15,14,21.9,13.5,59.0,0.0,,94.0,12.2,,1014.0,,1.0
2024-01-15,15,22.8,13.8,57.0,0.0,,90.0,1.8,,1014.8,,2.0
2024-01-15,16,19.6,13.8,69.0,0.0,,106.0,13.7,,1015.3,,1.0
2024-01-15,17,18.8,13.9,73.0,0.0,,105.0,15.5,,1015.4,,1.0
2024-01-15,18,20.6,16.0,75.0,0.0,,110.0,3.6,,1015.3,,1.0
2024-01-15,19,17.4,14.1,81.0,0.0,,105.0,15.1,,1014.8,,1.0
2024-01-15,20,16.9,14.2,84.0,0.0,,99.0,13.7,,1014.3,,1.0
2024-01-15,21,19.2,16.8,86.0,0.0,,90.0,5.4,,1013.8,,1.0
2024-01-15,22,15.7,14.9,95.0,0.0,,117.0,10.8,,1013.6,,1.0
2024-01-15,23,15.4,15.1,98.0,0.0,,122.0,8.6,,1013.9,,1.0
2024-01-16,0,18.2,15.8,86.0,0.0,,140.0,5.4,,1014.6,,2.0
2024-01-16,1,16.8,15.8,94.0,0.0,,122.0,10.1,,1015.5,,3.0
2024-01-16,2,17.0,15.7,92.0,0.0,,124.0,9.4,,1016.3,,3.0
2024-01-16,3,19.0,17.1,89.0,0.0,,90.0,3.6,,1016.9,,3.0
2024-01-16,4,21.4,14.5,65.0,0.0,,108.0,7.9,,1017.0,,2.0
2024-01-16,5,24.0,13.2,51.0,0.0,,99.0,9.4,,1016.1,,3.0
2024-01-16,6,24.4,17.4,65.0,0.0,,90.0,3.6,,1015.1,,3.0
2024-01-16,7,27.1,11.6,38.0,0.0,,54.0,8.6,,1013.4,,3.0
2024-01-16,8,27.9,10.6,34.0,0.0,,54.0,8.3,,1011.7,,2.0
2024-01-16,9,27.8,13.7,42.0,0.0,,90.0,3.6,,1010.5,,1.0
2024-01-16,10,28.1,9.9,32.0,0.0,,66.0,8.3,,1009.7,,1.0
2024-01-16,11,27.7,9.5,32.0,0.0,,85.0,7.6,,1009.9,,1.0
2024-01-16,12,26.6,14.0,46.0,0.0,,0.0,0.0,,1010.3,,3.0
2024-01-16,13,22.2,11.3,50.0,0.0,,87.0,11.9,,1011.1,,3.0
2024-01-16,14,21.4,12.0,55.0,0.0,,109.0,13.0,,1012.6,,3.0
2024-01-16,15,22.8,17.9,74.0,0.0,,90.0,3.6,,1013.5,,3.0
2024-01-16,16,20.3,12.0,59.0,0.0,,125.0,16.6,,1014.0,,3.0
2024-01-16,17,19.2,13.4,69.0,0.0,,122.0,14.8,,1014.1,,1.0
2024-01-16,18,20.6,17.0,80.0,0.0,,90.0,3.6,,1014.2,,1.0
2024-01-16,19,17.5,14.4,82.0,0.0,,124.0,11.5,,1013.9,,1.0
2024-01-16,20,17.0,15.0,88.0,0.0,,130.0,13.7,,1013.6,,1.0
2024-01-16,21,19.0,15.9,82.0,0.0,,0.0,0.0,,1013.3,,1.0
2024-01-16,22,16.0,15.2,95.0,0.0,,133.0,11.9,,1013.2,,1.0
2024-01-16,23,15.7,15.1,96.0,0.0,,133.0,11.2,,1013.4,,1.0
2024-01-17,0,18.0,16.3,90.0,0.0,,90.0,3.6,,1013.8,,1.0
2024-01-17,1,15.2,14.1,93.0,0.0,,130.0,11.2,,1014.4,,1.0
2024-01-17,2,16.2,14.6,90.0,0.0,,131.0,11.2,,1015.5,,1.0
2024-01-17,3,19.0,16.8,87.0,0.0,,90.0,7.6,,1016.1,,2.0
2024-01-17,4,21.7,13.9,61.0,0.0,,150.0,10.4,,1016.1,,2.0
2024-01-17,5,23.9,13.7,53.0,0.0,,164.0,8.6,,1015.4,,2.0
2024-01-17,6,25.5,13.0,46.0,0.0,,160.0,6.1,,1014.5,,1.0
2024-01-17,7,26.6,12.6,42.0,0.0,,146.0,5.0,,1013.1,,1.0
2024-01-17,8,27.4,12.2,39.0,0.0,,138.0,5.4,,1011.6,,1.0
2024-01-17,9,28.0,13.9,42.0,0.0,,50.0,1.8,,1010.3,,1.0
2024-01-17,10,28.2,11.3,35.0,0.0,,133.0,7.9,,1009.8,,1.0
2024-01-17,11,27.8,10.9,35.0,0.0,,120.0,9.4,,1009.9,,1.0
2024-01-17,12,27.2,15.6,49.0,0.0,,90.0,3.6,,1010.5,,1.0
2024-01-17,13,23.8,10.5,43.0,0.0,,119.0,13.3,,1011.5,,1.0
2024-01-17,14,22.5,10.0,45.0,0.0,,130.0,13.7,,1012.4,,1.0
2024-01-17,15,23.4,14.4,57.0,0.0,,90.0,5.4,,1013.5,,1.0
2024-01-17,16,20.5,10.3,52.0,0.0,,123.0,13.0,,1013.9,,1.0
2024-01-17,17,19.7,10.9,57.0,0.0,,124.0,16.6,,1014.3,,1.0
2024-01-17,18,20.8,16.0,74.0,0.0,,90.0,7.6,,1014.3,,1.0
2024-01-17,19,17.9,13.6,76.0,0.0,,130.0,15.1,,1013.9,,1.0
2024-01-17,20,17.4,14.3,82.0,0.0,,125.0,14.8,,1013.4,,1.0
2024-01-17,21,18.8,16.6,87.0,0.0,,90.0,5.4,,1013.4,,1.0
2024-01-17,22,16.3,15.3,94.0,0.0,,137.0,11.9,,1013.0,,1.0
2024-01-17,23,16.2,15.4,95.0,0.0,,137.0,11.2,,1013.3,,1.0
2024-01-18,0,17.8,16.1,90.0,0.0,,90.0,5.4,,1013.8,,1.0
2024-01-18,1,15.7,15.2,97.0,0.0,,139.0,7.6,,1014.3,,1.0
2024-01-18,2,16.5,15.7,95.0,0.0,,138.0,9.7,,1015.8,,1.0
2024-01-18,3,18.8,16.6,87.0,0.0,,0.0,0.0,,1016.6,,3.0
2024-01-18,4,21.4,15.5,69.0,0.0,,159.0,9.0,,1016.7,,2.0
2024-01-18,5,23.9,14.6,56.0,0.0,,167.0,9.4,,1016.1,,3.0
2024-01-18,6,25.4,14.8,52.0,0.0,,140.0,3.6,,1015.1,,3.0
2024-01-18,7,26.9,12.9,42.0,0.0,,173.0,6.8,,1013.6,,3.0
2024-01-18,8,27.8,12.2,38.0,0.0,,190.0,6.1,,1012.1,,3.0
2024-01-18,9,28.0,13.1,40.0,0.0,,90.0,3.6,,1010.8,,3.0
2024-01-18,10,28.6,10.8,33.0,0.0,,248.0,9.0,,1010.3,,3.0
2024-01-18,11,28.0,10.2,33.0,0.0,,261.0,13.0,,1010.6,,3.0
2024-01-18,12,27.4,13.0,41.0,0.0,,0.0,0.0,,1010.6,,3.0
2024-01-18,13,25.0,12.2,45.0,0.0,,228.0,11.9,,1011.5,,2.0
2024-01-18,14,23.5,12.2,49.0,0.0,,118.0,14.8,,1012.8,,3.0
2024-01-18,15,22.4,15.3,64.0,0.0,,0.0,0.0,,1013.8,,3.0
2024-01-18,16,21.3,11.6,54.0,0.0,,129.0,13.3,,1014.4,,1.0
2024-01-18,17,20.3,12.3,60.0,0.0,,113.0,14.8,,1014.7,,1.0
2024-01-18,18,20.8,17.0,79.0,0.0,,90.0,5.4,,1014.6,,1.0
2024-01-18,19,18.6,14.5,77.0,0.0,,122.0,13.0,,1014.4,,1.0
2024-01-18,20,18.0,14.9,82.0,0.0,,113.0,11.2,,1014.2,,1.0
2024-01-18,21,19.4,17.0,86.0,0.0,,0.0,0.0,,1014.0,,1.0
2024-01-18,22,16.4,15.6,95.0,0.0,,116.0,8.6,,1014.0,,1.0
2024-01-18,23,16.6,16.0,96.0,0.0,,130.0,8.6,,1014.2,,1.0
2024-01-19,0,18.4,16.7,90.0,0.0,,90.0,3.6,,1014.7,,2.0
2024-01-19,1,16.7,16.5,99.0,0.0,,122.0,9.4,,1015.5,,3.0
2024-01-19,2,17.0,16.5,97.0,0.0,,118.0,9.7,,1016.5,,5.0
2024-01-19,3,19.0,16.8,87.0,0.0,,0.0,0.0,,1017.2,,5.0
2024-01-19,4,21.8,16.5,72.0,0.0,,117.0,9.0,,1017.2,,2.0
2024-01-19,5,24.5,15.4,57.0,0.0,,123.0,8.3,,1016.2,,2.0
2024-01-19,6,26.0,19.9,69.0,0.0,,90.0,3.6,,1015.2,,1.0
2024-01-19,7,27.8,12.6,39.0,0.0,,112.0,9.4,,1013.9,,1.0
2024-01-19,8,28.8,11.8,35.0,0.0,,104.0,7.9,,1012.2,,1.0
2024-01-19,9,29.0,14.0,40.0,0.0,,320.0,5.4,,1011.0,,1.0
2024-01-19,10,29.3,11.4,33.0,0.0,,101.0,7.2,,1010.3,,1.0
2024-01-19,11,28.9,10.6,32.0,0.0,,89.0,9.4,,1010.3,,1.0
2024-01-19,12,28.0,13.9,42.0,0.0,,320.0,5.4,,1010.6,,2.0
2024-01-19,13,25.5,13.4,47.0,0.0,,111.0,14.8,,1011.8,,3.0
2024-01-19,14,24.8,13.4,49.0,0.0,,110.0,14.4,,1013.0,,3.0
2024-01-19,15,23.8,15.6,60.0,0.0,,70.0,5.4,,1014.1,,3.0
2024-01-19,16,21.8,14.7,64.0,0.0,,113.0,19.1,,1014.6,,2.0
2024-01-19,17,20.9,15.4,71.0,0.0,,108.0,17.3,,1014.9,,1.0
2024-01-19,18,20.8,17.4,81.0,0.0,,110.0,7.6,,1015.2,,1.0
2024-01-19,19,18.5,16.1,86.0,0.0,,107.0,18.4,,1015.1,,1.0
2024-01-19,20,17.7,16.7,94.0,0.0,,110.0,16.9,,1014.8,,1.0
2024-01-19,21,19.8,17.4,86.0,0.0,,90.0,1.8,,1014.6,,1.0
2024-01-19,22,17.1,16.6,97.0,0.0,,111.0,16.2,,1014.6,,3.0
2024-01-19,23,16.6,15.5,93.0,0.0,,110.0,14.8,,1014.7,,1.0
2024-01-20,0,18.4,17.1,92.0,0.0,,140.0,3.6,,1015.6,,1.0
2024-01-20,1,15.8,14.5,92.0,0.0,,110.0,11.2,,1016.5,,1.0
2024-01-20,2,16.5,14.5,88.0,0.0,,111.0,12.6,,1017.5,,1.0
2024-01-20,3,20.0,16.2,79.0,0.0,,50.0,5.4,,1018.4,,2.0
2024-01-20,4,22.6,11.7,50.0,0.0,,108.0,13.7,,1018.4,,1.0
2024-01-20,5,24.8,11.4,43.0,0.0,,108.0,13.7,,1017.8,,1.0
2024-01-20,6,26.0,13.2,45.0,0.0,,90.0,5.4,,1016.9,,1.0
2024-01-20,7,27.3,12.1,39.0,0.0,,102.0,10.4,,1015.5,,1.0
2024-01-20,8,28.0,12.0,37.0,0.0,,109.0,7.9,,1013.8,,1.0
2024-01-20,9,28.6,14.4,42.0,0.0,,90.0,3.6,,1012.7,,1.0
2024-01-20,10,29.0,11.6,34.0,0.0,,143.0,7.9,,1011.9,,3.0
2024-01-20,11,28.6,11.2,34.0,0.0,,148.0,10.8,,1011.7,,3.0
2024-01-20,12,27.4,16.1,50.0,0.0,,90.0,3.6,,1012.3,,3.0
2024-01-20,13,25.3,12.9,46.0,0.0,,133.0,11.5,,1013.1,,3.0
2024-01-20,14,23.7,12.7,50.0,0.0,,110.0,11.2,,1014.0,,3.0
2024-01-20,15,24.0,16.0,61.0,0.0,,90.0,3.6,,1015.1,,3.0
2024-01-20,16,21.5,13.4,60.0,0.0,,110.0,13.0,,1015.8,,1.0
2024-01-20,17,20.6,14.0,66.0,0.0,,117.0,15.8,,1016.1,,1.0
2024-01-20,18,21.0,17.6,81.0,0.0,,90.0,5.4,,1016.0,,3.0
2024-01-20,19,18.6,14.5,77.0,0.0,,97.0,14.8,,1016.4,,3.0
2024-01-20,20,17.9,14.2,79.0,0.0,,99.0,14.0,,1015.9,,1.0
2024-01-20,21,19.8,17.4,86.0,0.0,,90.0,3.6,,1015.4,,1.0
2024-01-20,22,16.9,14.4,85.0,0.0,,114.0,12.6,,1015.2,,1.0
2024-01-20,23,16.5,14.5,88.0,0.0,,117.0,11.9,,1015.0,,1.0
2024-01-21,0,18.6,16.8,89.0,0.0,,90.0,3.6,,1015.4,,1.0
2024-01-21,1,16.5,14.1,86.0,0.0,,122.0,10.1,,1016.3,,1.0
2024-01-21,2,17.4,14.3,82.0,0.0,,122.0,11.9,,1017.0,,1.0
2024-01-21,3,20.4,17.2,82.0,0.0,,90.0,3.6,,1017.6,,1.0
2024-01-21,4,23.6,13.5,53.0,0.0,,129.0,11.2,,1017.6,,2.0
2024-01-21,5,25.8,13.0,45.0,0.0,,129.0,11.2,,1017.0,,2.0
2024-01-21,6,27.0,15.7,50.0,0.0,,90.0,5.4,,1016.2,,3.0
2024-01-21,7,28.2,12.1,37.0,0.0,,114.0,9.0,,1014.7,,3.0
2024-01-21,8,28.9,11.9,35.0,0.0,,106.0,7.9,,1013.2,,3.0
2024-01-21,9,30.0,12.4,34.0,0.0,,0.0,0.0,,1011.9,,3.0
2024-01-21,10,29.2,10.8,32.0,0.0,,99.0,7.6,,1011.6,,3.0
2024-01-21,11,28.8,10.5,32.0,0.0,,106.0,7.6,,1011.6,,3.0
2024-01-21,12,28.8,12.7,37.0,0.0,,0.0,0.0,,1012.1,,3.0
2024-01-21,13,24.0,12.3,48.0,0.0,,116.0,10.8,,1012.9,,3.0
2024-01-21,14,22.8,12.1,51.0,0.0,,102.0,11.2,,1014.0,,3.0
2024-01-21,15,24.0,13.5,52.0,0.0,,90.0,5.4,,1015.1,,3.0
2024-01-21,16,21.2,12.6,58.0,0.0,,114.0,15.1,,1015.8,,3.0
2024-01-21,17,20.6,13.3,63.0,0.0,,123.0,14.8,,1016.4,,3.0
2024-01-21,18,22.0,16.7,72.0,0.0,,90.0,5.4,,1016.6,,1.0
2024-01-21,19,18.9,14.6,76.0,0.0,,115.0,13.7,,1016.3,,1.0
2024-01-21,20,18.4,15.3,82.0,0.0,,122.0,12.6,,1015.8,,1.0
2024-01-21,21,20.0,17.2,84.0,0.0,,50.0,7.6,,1015.4,,1.0
2024-01-21,22,17.4,15.9,91.0,0.0,,105.0,11.2,,1015.0,,1.0
2024-01-21,23,16.9,15.9,94.0,0.0,,116.0,10.4,,1015.4,,1.0
2024-01-22,0,19.4,17.9,91.0,0.0,,0.0,0.0,,1016.2,,1.0
2024-01-22,1,16.2,15.7,97.0,0.0,,144.0,8.3,,1016.9,,1.0
2024-01-22,2,17.2,16.2,94.0,0.0,,133.0,10.4,,1017.5,,1.0
2024-01-22,3,21.0,16.6,76.0,0.0,,140.0,3.6,,1018.2,,1.0
2024-01-22,4,23.4,15.5,61.0,0.0,,134.0,10.1,,1018.3,,1.0
2024-01-22,5,25.8,14.0,48.0,0.0,,128.0,10.4,,1017.7,,1.0
2024-01-22,6,27.8,14.8,45.0,0.0,,140.0,5.4,,1017.0,,1.0
2024-01-22,7,28.3,12.2,37.0,0.0,,110.0,9.7,,1015.9,,1.0
2024-01-22,8,28.9,12.3,36.0,0.0,,111.0,8.3,,1014.6,,1.0
2024-01-22,9,29.8,13.1,36.0,0.0,,90.0,3.6,,1013.5,,1.0
2024-01-22,10,29.1,12.5,36.0,0.0,,126.0,6.8,,1012.9,,1.0
2024-01-22,11,28.7,12.6,37.0,0.0,,131.0,7.2,,1012.9,,1.0
2024-01-22,12,28.2,13.3,40.0,0.0,,0.0,0.0,,1013.7,,1.0
2024-01-22,13,24.9,13.1,48.0,0.0,,106.0,11.9,,1014.2,,1.0
2024-01-22,14,23.9,13.2,51.0,0.0,,110.0,13.0,,1015.2,,1.0
2024-01-22,15,24.0,13.5,52.0,0.0,,90.0,7.6,,1016.1,,2.0
2024-01-22,16,21.8,13.4,59.0,0.0,,116.0,17.6,,1016.7,,1.0
2024-01-22,17,20.5,14.4,68.0,0.0,,116.0,18.4,,1017.4,,1.0
2024-01-22,18,21.2,17.2,78.0,0.0,,90.0,5.4,,1017.2,,1.0
2024-01-22,19,19.0,15.9,82.0,0.0,,112.0,16.2,,1017.0,,1.0
2024-01-22,20,18.5,15.7,84.0,0.0,,114.0,13.3,,1016.5,,1.0
2024-01-22,21,18.0,15.8,87.0,0.0,,109.0,11.2,,1016.1,,1.0
2024-01-22,22,17.4,15.6,89.0,0.0,,124.0,9.4,,1015.9,,1.0
2024-01-22,23,16.7,15.6,93.0,0.0,,162.0,7.9,,1015.9,,1.0
2024-01-23,0,18.4,16.2,87.0,0.0,,0.0,0.0,,1016.2,,1.0
2024-01-23,1,15.6,14.8,95.0,0.0,,153.0,7.6,,1016.6,,1.0
2024-01-23,2,17.2,15.0,87.0,0.0,,136.0,8.6,,1017.3,,1.0
2024-01-23,3,21.0,17.6,81.0,0.0,,90.0,3.6,,1018.3,,1.0
2024-01-23,4,23.8,12.4,49.0,0.0,,129.0,9.4,,1018.4,,1.0
2024-01-23,5,25.7,11.8,42.0,0.0,,130.0,9.0,,1017.6,,1.0
2024-01-23,6,27.0,11.5,38.0,0.0,,90.0,3.6,,1016.6,,1.0
2024-01-23,7,27.8,12.2,38.0,0.0,,96.0,6.1,,1015.4,,1.0
2024-01-23,8,28.5,12.0,36.0,0.0,,115.0,6.1,,1013.8,,1.0
2024-01-23,9,29.0,11.1,33.0,0.0,,140.0,5.4,,1012.6,,1.0
2024-01-23,10,29.0,12.0,35.0,0.0,,145.0,5.4,,1011.8,,1.0
2024-01-23,11,28.7,11.7,35.0,0.0,,159.0,6.1,,1011.9,,1.0
2024-01-23,12,28.4,12.3,37.0,0.0,,90.0,5.4,,1012.2,,1.0
2024-01-23,13,24.6,12.5,47.0,0.0,,150.0,10.4,,1013.2,,3.0
2024-01-23,14,22.4,13.2,56.0,0.0,,148.0,11.2,,1014.1,,1.0
2024-01-23,15,24.0,15.5,59.0,0.0,,140.0,3.6,,1014.9,,1.0
2024-01-23,16,21.3,12.4,57.0,0.0,,126.0,14.4,,1015.1,,1.0
2024-01-23,17,20.3,14.6,70.0,0.0,,127.0,17.3,,1016.0,,1.0
2024-01-23,18,21.0,16.8,77.0,0.0,,110.0,5.4,,1016.1,,1.0
2024-01-23,19,18.5,17.3,93.0,0.0,,130.0,16.6,,1015.8,,1.0
2024-01-23,20,18.0,17.4,96.0,0.0,,128.0,15.5,,1015.1,,1.0
2024-01-23,21,19.0,16.8,87.0,0.0,,140.0,3.6,,1015.1,,1.0
2024-01-23,22,17.4,17.1,98.0,0.0,,151.0,11.2,,1015.1,,3.0
2024-01-23,23,17.6,17.3,98.0,0.0,,145.0,13.0,,1015.5,,3.0
2024-01-24,0,18.2,16.5,90.0,0.0,,0.0,0.0,,1016.1,,3.0
2024-01-24,1,17.0,16.7,98.0,0.0,,140.0,8.3,,1016.5,,1.0
2024-01-24,2,17.6,16.8,95.0,0.0,,138.0,9.0,,1017.4,,2.0
2024-01-24,3,21.0,17.2,79.0,0.0,,90.0,5.4,,1018.1,,2.0
2024-01-24,4,22.9,16.7,68.0,0.0,,164.0,11.2,,1018.0,,2.0
2024-01-24,5,25.2,15.2,54.0,0.0,,174.0,9.7,,1017.2,,2.0
2024-01-24,6,24.4,17.4,65.0,0.0,,195.0,3.6,,1016.2,,1.0
2024-01-24,7,27.9,13.4,41.0,0.0,,212.0,7.2,,1014.9,,2.0
2024-01-24,8,28.8,12.7,37.0,0.0,,238.0,7.2,,1013.3,,2.0
2024-01-24,9,29.0,14.0,40.0,0.0,,180.0,7.6,,1011.7,,2.0
2024-01-24,10,29.8,11.8,33.0,0.0,,264.0,9.4,,1010.9,,2.0
2024-01-24,11,29.3,10.9,32.0,0.0,,274.0,11.5,,1010.9,,3.0
2024-01-24,12,28.0,14.3,43.0,0.0,,286.0,3.6,,1011.4,,3.0
2024-01-24,13,25.4,10.4,39.0,0.0,,307.0,8.6,,1012.2,,2.0
2024-01-24,14,23.6,11.3,46.0,0.0,,112.0,9.7,,1013.0,,2.0
2024-01-24,15,24.6,15.8,58.0,0.0,,90.0,3.6,,1014.5,,2.0
2024-01-24,16,22.0,13.1,57.0,0.0,,138.0,13.3,,1015.5,,2.0
2024-01-24,17,21.3,13.2,60.0,0.0,,133.0,16.2,,1016.2,,3.0
2024-01-24,18,21.6,18.2,81.0,0.0,,90.0,3.6,,1016.3,,3.0
2024-01-24,19,19.3,15.8,80.0,0.0,,127.0,14.8,,1016.3,,3.0
2024-01-24,20,18.8,16.2,85.0,0.0,,140.0,13.3,,1015.8,,3.0
2024-01-24,21,19.4,17.0,86.0,0.0,,90.0,3.6,,1015.3,,3.0
2024-01-24,22,18.6,16.2,86.0,0.0,,132.0,9.0,,1014.7,,3.0
2024-01-24,23,17.8,16.1,90.0,0.0,,118.0,8.3,,1015.0,,3.0
2024-01-25,0,19.0,16.8,87.0,0.0,,90.0,3.6,,1015.5,,3.0
2024-01-25,1,17.4,16.8,96.0,0.0,,121.0,7.6,,1016.4,,3.0
2024-01-25,2,18.1,16.8,92.0,0.0,,130.0,10.1,,1017.3,,3.0
2024-01-25,3,21.8,17.8,78.0,0.0,,140.0,5.4,,1017.9,,3.0
2024-01-25,4,23.9,15.1,58.0,0.0,,162.0,10.8,,1018.0,,3.0
2024-01-25,5,25.9,14.1,48.0,0.0,,156.0,11.5,,1017.4,,3.0
2024-01-25,6,27.2,16.8,53.0,0.0,,160.0,7.6,,1017.4,,1.0
2024-01-25,7,27.8,13.0,40.0,0.0,,102.0,10.8,,1016.5,,2.0
2024-01-25,8,28.3,12.6,38.0,0.0,,99.0,10.4,,1015.2,,2.0
2024-01-25,9,28.6,12.5,37.0,0.0,,110.0,3.6,,1013.9,,2.0
2024-01-25,10,28.5,11.1,34.0,0.0,,100.0,9.7,,1013.2,,2.0
2024-01-25,11,28.0,12.0,37.0,0.0,,113.0,10.4,,1013.4,,2.0
2024-01-25,12,28.0,11.5,36.0,0.0,,0.0,0.0,,1013.6,,2.0
2024-01-25,13,25.1,12.0,44.0,0.0,,120.0,12.6,,1014.3,,2.0
2024-01-25,14,24.0,12.3,48.0,0.0,,113.0,13.0,,1015.2,,2.0
2024-01-25,15,23.6,13.8,54.0,0.0,,90.0,7.6,,1016.2,,1.0
2024-01-25,16,21.6,12.2,55.0,0.0,,101.0,16.2,,1017.3,,1.0
2024-01-25,17,20.7,12.9,61.0,0.0,,118.0,17.6,,1017.6,,1.0
2024-01-25,18,21.4,16.4,73.0,0.0,,90.0,5.4,,1017.6,,1.0
2024-01-25,19,19.2,15.3,78.0,0.0,,101.0,18.7,,1017.7,,1.0
2024-01-25,20,18.4,16.0,86.0,0.0,,102.0,15.8,,1017.2,,1.0
2024-01-25,21,20.0,17.2,84.0,0.0,,90.0,5.4,,1016.4,,1.0
2024-01-25,22,17.3,16.7,96.0,0.0,,102.0,15.5,,1016.2,,1.0
2024-01-25,23,16.9,16.6,98.0,0.0,,99.0,14.8,,1016.6,,1.0
2024-01-26,0,18.6,16.9,90.0,0.0,,140.0,7.6,,1017.2,,3.0
2024-01-26,1,16.9,15.9,94.0,0.0,,109.0,15.5,,1018.2,,5.0
2024-01-26,2,16.7,15.6,93.0,0.0,,110.0,13.7,,1019.4,,3.0
2024-01-26,3,19.2,16.2,83.0,0.0,,90.0,3.6,,1020.3,,2.0
2024-01-26,4,21.8,12.6,56.0,0.0,,117.0,15.8,,1020.4,,1.0
2024-01-26,5,24.3,10.6,42.0,0.0,,114.0,17.3,,1020.0,,1.0
2024-01-26,6,25.6,11.7,42.0,0.0,,110.0,5.4,,1019.3,,1.0
2024-01-26,7,26.9,9.3,33.0,0.0,,92.0,16.2,,1018.2,,1.0
2024-01-26,8,27.7,9.5,32.0,0.0,,92.0,14.8,,1016.8,,1.0
2024-01-26,9,28.0,11.1,35.0,0.0,,90.0,5.4,,1015.5,,1.0
2024-01-26,10,27.8,9.1,31.0,0.0,,83.0,14.4,,1014.8,,1.0
2024-01-26,11,27.2,9.5,33.0,0.0,,85.0,14.4,,1014.9,,1.0
2024-01-26,12,27.2,10.0,34.0,0.0,,90.0,3.6,,1015.7,,1.0
2024-01-26,13,23.1,9.5,42.0,0.0,,98.0,11.9,,1016.6,,1.0
2024-01-26,14,21.8,10.0,47.0,0.0,,84.0,11.2,,1017.6,,1.0
2024-01-26,15,23.2,13.7,55.0,0.0,,90.0,5.4,,1018.4,,1.0
2024-01-26,16,20.4,13.4,64.0,0.0,,98.0,13.3,,1018.8,,1.0
2024-01-26,17,19.4,14.0,71.0,0.0,,96.0,13.3,,1019.3,,1.0
2024-01-26,18,20.4,16.6,79.0,0.0,,90.0,9.4,,1019.7,,1.0
2024-01-26,19,17.6,15.6,88.0,0.0,,109.0,15.1,,1019.6,,1.0
2024-01-26,20,17.0,16.4,96.0,0.0,,106.0,15.1,,1019.2,,2.0
2024-01-26,21,19.4,16.4,83.0,0.0,,90.0,7.6,,1018.8,,3.0
2024-01-26,22,16.6,16.4,99.0,0.0,,104.0,15.5,,1018.3,,3.0
2024-01-26,23,16.9,16.3,96.0,0.0,,101.0,15.1,,1018.4,,3.0
2024-01-27,0,18.0,15.6,86.0,0.0,,90.0,5.4,,1018.6,,3.0
2024-01-27,1,16.9,15.6,92.0,0.0,,101.0,14.0,,1019.2,,3.0
2024-01-27,2,17.2,15.4,89.0,0.0,,95.0,15.1,,1020.2,,3.0
2024-01-27,3,19.4,16.2,82.0,0.0,,90.0,3.6,,1020.9,,3.0
2024-01-27,4,21.5,14.2,63.0,0.0,,102.0,14.0,,1020.9,,3.0
2024-01-27,5,24.1,11.8,46.0,0.0,,96.0,15.5,,1020.3,,3.0
2024-01-27,6,26.4,12.8,43.0,0.0,,90.0,3.6,,1018.9,,3.0
2024-01-27,7,27.0,8.4,31.0,0.0,,84.0,17.3,,1017.4,,3.0
2024-01-27,8,27.7,8.6,30.0,0.0,,82.0,17.6,,1016.0,,3.0
2024-01-27,9,28.0,10.7,34.0,0.0,,140.0,5.4,,1015.0,,3.0
2024-01-27,10,28.0,9.3,31.0,0.0,,74.0,17.3,,1014.6,,3.0
2024-01-27,11,27.2,9.1,32.0,0.0,,78.0,16.9,,1014.5,,3.0
2024-01-27,12,26.6,11.5,39.0,0.0,,50.0,5.4,,1015.1,,3.0
2024-01-27,13,23.7,8.9,39.0,0.0,,68.0,13.3,,1015.9,,3.0
2024-01-27,14,22.2,9.4,44.0,0.0,,85.0,12.6,,1016.7,,3.0
2024-01-27,15,23.2,12.5,51.0,0.0,,110.0,3.6,,1017.6,,3.0
2024-01-27,16,20.6,12.6,60.0,0.0,,107.0,15.1,,1018.3,,3.0
2024-01-27,17,19.7,12.9,65.0,0.0,,95.0,15.1,,1018.9,,3.0
2024-01-27,18,21.0,16.0,73.0,0.0,,70.0,5.4,,1019.4,,3.0
2024-01-27,19,17.8,14.5,81.0,0.0,,94.0,16.6,,1019.4,,3.0
2024-01-27,20,16.9,15.4,91.0,0.0,,97.0,15.5,,1018.7,,3.0
2024-01-27,21,18.8,16.2,85.0,0.0,,90.0,3.6,,1018.3,,3.0
2024-01-27,22,15.9,15.7,99.0,0.0,,99.0,14.4,,1017.8,,3.0
2024-01-27,23,15.6,15.3,98.0,0.0,,94.0,13.7,,1017.6,,3.0
2024-01-28,0,18.0,16.2,89.0,0.0,,90.0,3.6,,1017.7,,3.0
2024-01-28,1,15.6,15.0,96.0,0.0,,100.0,11.9,,1018.5,,3.0
2024-01-28,2,16.2,14.9,92.0,0.0,,100.0,13.0,,1019.0,,3.0
2024-01-28,3,19.2,16.6,85.0,0.0,,50.0,5.4,,1019.8,,3.0
2024-01-28,4,21.9,13.8,60.0,0.0,,106.0,13.7,,1020.0,,3.0
2024-01-28,5,23.9,12.2,48.0,0.0,,104.0,15.1,,1019.6,,3.0
2024-01-28,6,25.2,14.3,51.0,0.0,,90.0,7.6,,1018.7,,3.0
2024-01-28,7,26.7,11.2,38.0,0.0,,103.0,15.5,,1017.4,,3.0
2024-01-28,8,27.5,11.5,37.0,0.0,,107.0,15.1,,1016.0,,3.0
2024-01-28,9,26.8,12.5,41.0,0.0,,90.0,7.6,,1014.9,,3.0
2024-01-28,10,28.1,12.0,37.0,0.0,,102.0,15.1,,1014.2,,3.0
2024-01-28,11,27.4,11.4,37.0,0.0,,106.0,15.1,,1014.1,,3.0
2024-01-28,12,25.6,11.7,42.0,0.0,,90.0,5.4,,1014.8,,3.0
2024-01-28,13,24.0,11.3,45.0,0.0,,113.0,12.6,,1015.7,,3.0
2024-01-28,14,23.0,11.4,48.0,0.0,,101.0,14.0,,1016.6,,3.0
2024-01-28,15,22.8,15.1,62.0,0.0,,90.0,3.6,,1017.9,,3.0
2024-01-28,16,20.1,14.7,71.0,0.0,,91.0,15.5,,1018.5,,3.0
2024-01-28,17,19.3,15.4,78.0,0.0,,95.0,16.6,,1018.8,,3.0
2024-01-28,18,20.6,15.8,74.0,0.0,,90.0,3.6,,1018.8,,3.0
2024-01-28,19,17.9,15.7,87.0,0.0,,101.0,18.0,,1018.7,,3.0
2024-01-28,20,16.9,15.9,94.0,0.0,,102.0,18.4,,1018.2,,3.0
2024-01-28,21,19.0,16.0,83.0,0.0,,90.0,3.6,,1017.7,,3.0
2024-01-28,22,16.6,16.1,97.0,0.0,,95.0,16.2,,1017.3,,3.0
2024-01-28,23,16.7,15.9,95.0,0.0,,95.0,15.1,,1017.3,,3.0
2024-01-29,0,18.0,15.4,85.0,0.0,,90.0,3.6,,1017.7,,3.0
2024-01-29,1,15.6,15.3,98.0,0.0,,98.0,12.2,,1018.6,,3.0
2024-01-29,2,16.1,15.0,93.0,0.0,,93.0,13.0,,1019.2,,3.0
2024-01-29,3,19.6,15.5,77.0,0.0,,90.0,7.6,,1019.6,,3.0
2024-01-29,4,21.2,13.1,60.0,0.0,,83.0,11.2,,1019.6,,3.0
2024-01-29,5,23.5,10.2,43.0,0.0,,68.0,13.0,,1019.2,,3.0
2024-01-29,6,25.4,12.9,46.0,0.0,,70.0,7.6,,1018.2,,3.0
2024-01-29,7,26.4,8.4,32.0,0.0,,66.0,11.5,,1016.7,,2.0
2024-01-29,8,27.2,8.1,30.0,0.0,,63.0,11.2,,1015.3,,3.0
2024-01-29,9,28.0,10.2,33.0,0.0,,0.0,0.0,,1014.1,,2.0
2024-01-29,10,27.7,8.6,30.0,0.0,,66.0,10.1,,1013.4,,3.0
2024-01-29,11,27.5,7.4,28.0,0.0,,80.0,10.8,,1013.2,,3.0
2024-01-29,12,27.0,8.9,32.0,0.0,,0.0,0.0,,1013.7,,3.0
2024-01-29,13,23.2,8.5,39.0,0.0,,73.0,10.4,,1014.7,,3.0
2024-01-29,14,22.0,9.2,44.0,0.0,,94.0,12.6,,1016.0,,2.0
2024-01-29,15,23.0,13.5,55.0,0.0,,90.0,5.4,,1016.9,,3.0
2024-01-29,16,19.9,11.1,57.0,0.0,,102.0,13.7,,1017.1,,3.0
2024-01-29,17,18.9,11.9,64.0,0.0,,98.0,16.2,,1017.9,,3.0
2024-01-29,18,21.0,13.2,61.0,0.0,,50.0,7.6,,1017.8,,3.0
2024-01-29,19,17.4,12.3,72.0,0.0,,97.0,17.6,,1017.9,,3.0
2024-01-29,20,16.4,13.3,82.0,0.0,,89.0,16.9,,1017.6,,3.0
2024-01-29,21,18.4,15.1,81.0,0.0,,140.0,7.6,,1017.1,,3.0
2024-01-29,22,15.3,14.0,92.0,0.0,,95.0,14.4,,1016.5,,3.0
2024-01-29,23,14.9,13.8,93.0,0.0,,90.0,13.0,,1016.3,,3.0
2024-01-30,0,17.2,15.5,90.0,0.0,,90.0,5.4,,1016.6,,3.0
2024-01-30,1,14.3,13.0,92.0,0.0,,86.0,10.8,,1017.0,,3.0
2024-01-30,2,15.1,13.6,91.0,0.0,,92.0,9.4,,1017.9,,3.0
2024-01-30,3,18.6,14.7,78.0,0.0,,140.0,3.6,,1018.6,,2.0
2024-01-30,4,21.8,11.8,53.0,0.0,,91.0,6.1,,1018.8,,3.0
2024-01-30,5,24.0,9.6,40.0,0.0,,87.0,4.0,,1018.1,,3.0
2024-01-30,6,26.0,13.2,45.0,0.0,,140.0,3.6,,1017.0,,3.0
2024-01-30,7,27.0,8.0,30.0,0.0,,63.0,3.2,,1015.6,,3.0
2024-01-30,8,27.9,8.2,29.0,0.0,,209.0,2.5,,1014.2,,3.0
2024-01-30,9,29.6,9.7,29.0,0.0,,110.0,3.6,,1012.9,,3.0
2024-01-30,10,28.7,8.4,28.0,0.0,,297.0,5.0,,1012.2,,3.0
2024-01-30,11,28.5,7.7,27.0,0.0,,303.0,6.8,,1012.1,,3.0
2024-01-30,12,29.2,6.6,24.0,0.0,,90.0,3.6,,1012.5,,3.0
2024-01-30,13,24.2,9.7,40.0,0.0,,322.0,9.0,,1013.3,,3.0
2024-01-30,14,24.5,9.6,39.0,0.0,,2.0,7.6,,1014.4,,3.0
2024-01-30,15,22.4,12.4,53.0,0.0,,0.0,0.0,,1015.2,,3.0
2024-01-30,16,20.1,10.5,54.0,0.0,,79.0,9.4,,1016.1,,3.0
2024-01-30,17,19.7,10.1,54.0,0.0,,85.0,13.3,,1016.7,,3.0
2024-01-30,18,21.6,14.5,64.0,0.0,,90.0,5.4,,1017.0,,3.0
2024-01-30,19,18.6,12.4,67.0,0.0,,111.0,14.4,,1017.2,,3.0
2024-01-30,20,18.1,13.6,75.0,0.0,,99.0,15.1,,1016.9,,3.0
2024-01-30,21,19.2,16.6,85.0,0.0,,90.0,5.4,,1016.4,,3.0
2024-01-30,22,16.6,16.3,98.0,0.0,,107.0,14.0,,1016.2,,3.0
2024-01-30,23,16.7,16.5,99.0,0.0,,112.0,15.1,,1015.9,,3.0
2024-01-31,0,18.8,16.9,89.0,0.0,,90.0,7.6,,1016.3,,5.0
2024-01-31,1,16.7,16.5,99.0,0.0,,113.0,11.5,,1016.9,,5.0
2024-01-31,2,17.4,16.3,93.0,0.0,,112.0,10.8,,1018.0,,5.0
2024-01-31,3,20.4,18.0,86.0,0.0,,0.0,0.0,,1018.6,,3.0
2024-01-31,4,22.5,15.4,64.0,0.0,,160.0,7.6,,1018.6,,3.0
2024-01-31,5,25.3,14.7,52.0,0.0,,188.0,9.4,,1017.9,,2.0
2024-01-31,6,27.8,16.4,50.0,0.0,,180.0,3.6,,1017.0,,2.0
2024-01-31,7,28.5,11.1,34.0,0.0,,248.0,7.9,,1015.8,,2.0
2024-01-31,8,29.2,10.8,32.0,0.0,,263.0,8.6,,1014.6,,2.0
2024-01-31,9,30.6,13.0,34.0,0.0,,263.0,3.6,,1013.6,,3.0
2024-01-31,10,29.6,11.2,32.0,0.0,,262.0,10.4,,1012.8,,3.0
2024-01-31,11,29.3,10.4,31.0,0.0,,261.0,9.7,,1012.5,,1.0
2024-01-31,12,29.6,11.2,32.0,0.0,,270.0,5.4,,1012.7,,1.0
2024-01-31,13,24.6,11.2,43.0,0.0,,272.0,9.4,,1013.5,,1.0
2024-01-31,14,23.5,10.9,45.0,0.0,,306.0,9.7,,1014.8,,1.0
2024-01-31,15,24.0,13.5,52.0,0.0,,0.0,0.0,,1015.3,,1.0
2024-01-31,16,21.8,10.9,50.0,0.0,,330.0,9.0,,1015.8,,2.0
2024-01-31,17,22.3,10.8,48.0,0.0,,77.0,11.9,,1016.0,,3.0
2024-01-31,18,22.0,18.6,81.0,0.0,,90.0,3.6,,1016.8,,3.0
2024-01-31,19,20.4,16.0,76.0,0.0,,142.0,14.8,,1016.4,,3.0
2024-01-31,20,19.3,16.7,85.0,0.0,,137.0,13.3,,1016.4,,3.0
2024-01-31,21,20.0,18.8,93.0,0.0,,110.0,3.6,,1016.2,,3.0
2024-01-31,22,18.1,17.6,97.0,0.0,,120.0,8.3,,1016.1,,3.0
2024-01-31,23,18.0,17.7,98.0,0.0,,128.0,10.4,,1016.1,,3.0
2024-02-01,0,19.8,18.3,91.0,0.0,,140.0,3.6,,1016.6,,5.0
2024-02-01,1,18.1,17.9,99.0,0.0,,139.0,9.4,,1017.3,,5.0
2024-02-01,2,18.5,18.2,98.0,0.0,,144.0,10.1,,1018.0,,5.0
2024-02-01,3,21.8,16.7,73.0,0.0,,140.0,5.4,,1018.8,,5.0
2024-02-01,4,23.4,16.9,67.0,0.0,,198.0,8.3,,1019.1,,3.0
2024-02-01,5,25.6,14.4,50.0,0.0,,220.0,9.0,,1018.9,,3.0
2024-02-01,6,27.0,13.7,44.0,0.0,,320.0,5.4,,1017.9,,3.0
2024-02-01,7,28.3,11.8,36.0,0.0,,248.0,4.7,,1016.2,,3.0
2024-02-01,8,29.3,10.9,32.0,0.0,,262.0,5.0,,1014.7,,3.0
2024-02-01,9,30.0,12.9,35.0,0.0,,279.0,5.4,,1013.4,,3.0
2024-02-01,10,30.0,10.5,30.0,0.0,,293.0,7.2,,1012.8,,3.0
2024-02-01,11,29.6,9.7,29.0,0.0,,292.0,7.9,,1012.7,,3.0
2024-02-01,12,29.0,12.8,37.0,0.0,,0.0,0.0,,1012.9,,3.0
2024-02-01,13,25.0,11.9,44.0,0.0,,237.0,7.6,,1013.4,,3.0
2024-02-01,14,23.8,10.8,44.0,0.0,,254.0,8.3,,1014.1,,3.0
2024-02-01,15,24.8,14.6,53.0,0.0,,0.0,0.0,,1014.9,,3.0
2024-02-01,16,21.2,9.1,46.0,0.0,,340.0,7.9,,1015.5,,3.0
2024-02-01,17,20.8,9.7,49.0,0.0,,106.0,13.3,,1016.3,,3.0
2024-02-01,18,23.6,14.9,58.0,0.0,,90.0,5.4,,1016.7,,3.0
2024-02-01,19,20.0,17.6,86.0,0.0,,129.0,16.2,,1016.5,,3.0
2024-02-01,20,19.4,18.2,93.0,0.0,,134.0,12.6,,1016.0,,3.0
2024-02-01,21,21.6,19.2,86.0,0.0,,90.0,3.6,,1015.6,,3.0
2024-02-01,22,18.7,18.2,97.0,0.0,,138.0,10.8,,1015.4,,3.0
2024-02-01,23,18.6,18.3,98.0,0.0,,145.0,10.1,,1015.4,,3.0
2024-02-02,0,21.0,19.3,90.0,0.0,,90.0,3.6,,1015.7,,3.0
2024-02-02,1,17.9,17.6,98.0,0.0,,126.0,6.1,,1016.8,,3.0
2024-02-02,2,18.9,18.2,96.0,0.0,,127.0,6.5,,1017.8,,3.0
2024-02-02,3,22.0,18.6,81.0,0.0,,90.0,5.4,,1018.5,,3.0
2024-02-02,4,23.5,17.3,68.0,0.0,,180.0,7.2,,1018.8,,3.0
2024-02-02,5,25.7,16.0,55.0,0.0,,174.0,6.5,,1018.2,,3.0
2024-02-02,6,27.4,17.0,53.0,0.0,,180.0,7.6,,1017.3,,3.0
2024-02-02,7,28.6,13.3,39.0,0.0,,176.0,5.4,,1015.8,,3.0
2024-02-02,8,29.4,12.8,36.0,0.0,,211.0,5.0,,1014.2,,3.0
2024-02-02,9,30.6,15.9,41.0,0.0,,180.0,9.4,,1012.9,,3.0
2024-02-02,10,30.0,12.0,33.0,0.0,,262.0,7.6,,1012.0,,3.0
2024-02-02,11,30.2,10.2,29.0,0.0,,260.0,9.7,,1011.9,,3.0
2024-02-02,12,29.4,14.8,41.0,0.0,,0.0,0.0,,1012.3,,3.0
2024-02-02,13,25.6,8.1,33.0,0.0,,281.0,9.0,,1012.9,,3.0
2024-02-02,14,23.8,9.0,39.0,0.0,,19.0,9.7,,1013.7,,3.0
2024-02-02,15,24.8,19.2,71.0,0.0,,90.0,7.6,,1014.7,,3.0
2024-02-02,16,23.9,11.6,46.0,0.0,,115.0,9.4,,1014.9,,3.0
2024-02-02,17,21.2,13.6,62.0,0.0,,85.0,13.0,,1015.9,,3.0
2024-02-02,18,23.4,19.5,79.0,0.0,,140.0,5.4,,1016.2,,3.0
2024-02-02,19,20.4,17.4,83.0,0.0,,118.0,13.3,,1016.3,,3.0
2024-02-02,20,19.5,18.2,92.0,0.0,,103.0,13.7,,1016.2,,3.0
2024-02-02,21,22.0,18.4,80.0,0.0,,140.0,5.4,,1015.7,,3.0
2024-02-02,22,19.1,18.8,98.0,0.0,,114.0,13.0,,1015.5,,3.0
2024-02-02,23,18.9,18.7,99.0,0.0,,123.0,11.2,,1015.6,,3.0
2024-02-03,0,21.6,20.1,91.0,0.0,,140.0,5.4,,1016.1,,3.0
2024-02-03,1,19.3,18.6,96.0,0.0,,125.0,11.5,,1016.9,,3.0
2024-02-03,2,19.9,18.6,92.0,0.0,,114.0,11.2,,1017.7,,3.0
2024-02-03,3,22.0,21.3,96.0,0.0,,140.0,3.6,,1018.5,,3.0
2024-02-03,4,24.0,17.3,66.0,0.0,,120.0,11.5,,1018.6,,3.0
2024-02-03,5,26.2,15.9,53.0,0.0,,119.0,12.2,,1018.3,,3.0
2024-02-03,6,26.8,18.9,62.0,0.0,,140.0,3.6,,1017.3,,3.0
2024-02-03,7,29.1,14.1,40.0,0.0,,94.0,11.9,,1016.0,,3.0
2024-02-03,8,29.7,13.5,37.0,0.0,,90.0,11.2,,1014.8,,3.0
2024-02-03,9,29.4,16.9,47.0,0.0,,90.0,3.6,,1013.6,,3.0
2024-02-03,10,30.3,12.2,33.0,0.0,,85.0,11.2,,1012.7,,3.0
2024-02-03,11,29.5,12.0,34.0,0.0,,84.0,13.0,,1012.5,,3.0
2024-02-03,12,29.2,17.4,49.0,0.0,,90.0,3.6,,1013.0,,3.0
2024-02-03,13,26.5,12.5,42.0,0.0,,131.0,10.8,,1014.0,,3.0
2024-02-03,14,25.3,12.2,44.0,0.0,,113.0,11.2,,1014.9,,3.0
2024-02-03,15,25.0,16.7,60.0,0.0,,90.0,7.6,,1016.1,,3.0
2024-02-03,16,23.3,13.2,53.0,0.0,,100.0,17.3,,1016.9,,2.0
2024-02-03,17,22.2,13.5,58.0,0.0,,105.0,19.1,,1017.4,,1.0
2024-02-03,18,22.2,19.2,83.0,0.0,,90.0,5.4,,1018.2,,1.0
2024-02-03,19,20.0,15.4,75.0,0.0,,102.0,18.0,,1018.0,,1.0
2024-02-03,20,19.3,15.6,79.0,0.0,,102.0,16.2,,1017.4,,1.0
2024-02-03,21,20.6,17.8,84.0,0.0,,90.0,5.4,,1017.0,,1.0
2024-02-03,22,18.1,15.9,87.0,0.0,,101.0,16.2,,1016.6,,1.0
2024-02-03,23,17.7,15.9,89.0,0.0,,102.0,14.8,,1016.8,,2.0
2024-02-04,0,19.2,17.7,91.0,0.0,,90.0,7.6,,1017.5,,3.0
2024-02-04,1,16.9,14.5,86.0,0.0,,102.0,11.2,,1018.6,,3.0
2024-02-04,2,17.6,14.5,82.0,0.0,,107.0,12.6,,1019.5,,1.0
2024-02-04,3,20.2,18.3,89.0,0.0,,90.0,3.6,,1020.5,,1.0
2024-02-04,4,23.5,12.5,50.0,0.0,,118.0,11.5,,1020.5,,1.0
2024-02-04,5,25.9,10.9,39.0,0.0,,110.0,14.0,,1020.3,,2.0
2024-02-04,6,27.6,14.9,46.0,0.0,,90.0,5.4,,1019.4,,2.0
2024-02-04,7,28.4,11.0,34.0,0.0,,89.0,13.7,,1018.1,,2.0
2024-02-04,8,29.1,10.7,32.0,0.0,,86.0,13.0,,1016.9,,2.0
2024-02-04,9,30.0,14.5,39.0,0.0,,50.0,5.4,,1015.8,,1.0
2024-02-04,10,29.4,11.5,33.0,0.0,,88.0,14.0,,1015.0,,1.0
2024-02-04,11,28.7,10.8,33.0,0.0,,92.0,14.0,,1014.9,,1.0
2024-02-04,12,28.8,6.8,25.0,0.0,,90.0,5.4,,1015.2,,1.0
2024-02-04,13,25.2,11.7,43.0,0.0,,108.0,12.2,,1016.1,,1.0
2024-02-04,14,23.4,11.1,46.0,0.0,,106.0,12.6,,1017.3,,1.0
2024-02-04,15,24.8,11.4,43.0,0.0,,0.0,0.0,,1018.3,,1.0
2024-02-04,16,21.6,12.2,55.0,0.0,,106.0,15.1,,1019.2,,2.0
2024-02-04,17,20.7,12.9,61.0,0.0,,100.0,15.1,,1019.4,,2.0
2024-02-04,18,22.4,14.3,60.0,0.0,,90.0,3.6,,1019.2,,1.0
2024-02-04,19,19.3,13.7,70.0,0.0,,97.0,14.4,,1019.0,,1.0
2024-02-04,20,18.4,14.1,76.0,0.0,,100.0,13.7,,1018.3,,1.0
2024-02-04,21,20.8,17.6,82.0,0.0,,0.0,0.0,,1017.4,,1.0
2024-02-04,22,16.9,14.9,88.0,0.0,,100.0,10.1,,1016.8,,1.0
2024-02-04,23,16.4,14.9,91.0,0.0,,90.0,9.7,,1016.8,,1.0
2024-02-05,0,19.4,17.5,89.0,0.0,,90.0,3.6,,1017.2,,1.0
2024-02-05,1,15.6,14.5,93.0,0.0,,76.0,8.6,,1017.8,,1.0
2024-02-05,2,16.8,14.3,85.0,0.0,,79.0,10.4,,1018.7,,1.0
2024-02-05,3,21.0,14.2,65.0,0.0,,90.0,5.4,,1019.7,,1.0
2024-02-05,4,24.0,10.3,42.0,0.0,,89.0,11.5,,1020.1,,1.0
2024-02-05,5,26.4,8.8,33.0,0.0,,85.0,13.0,,1020.0,,1.0
2024-02-05,6,27.0,13.4,43.0,0.0,,140.0,7.6,,1019.0,,1.0
2024-02-05,7,29.4,7.3,25.0,0.0,,82.0,14.0,,1017.7,,1.0
2024-02-05,8,30.1,7.3,24.0,0.0,,84.0,15.5,,1016.3,,1.0
2024-02-05,9,31.2,9.4,26.0,0.0,,50.0,7.6,,1015.5,,1.0
2024-02-05,10,30.3,8.7,26.0,0.0,,91.0,15.1,,1015.0,,1.0
2024-02-05,11,29.6,8.6,27.0,0.0,,95.0,15.5,,1014.8,,1.0
2024-02-05,12,29.4,10.5,31.0,0.0,,90.0,5.4,,1015.3,,1.0
2024-02-05,13,25.6,9.8,37.0,0.0,,111.0,14.0,,1016.2,,1.0
2024-02-05,14,23.8,10.1,42.0,0.0,,113.0,15.1,,1017.4,,1.0
2024-02-05,15,25.2,9.9,38.0,0.0,,90.0,3.6,,1018.4,,1.0
2024-02-05,16,21.5,12.4,56.0,0.0,,107.0,14.8,,1019.2,,1.0
2024-02-05,17,20.5,13.0,62.0,0.0,,110.0,15.1,,1019.8,,1.0
2024-02-05,18,23.2,18.5,75.0,0.0,,90.0,5.4,,1019.6,,1.0
2024-02-05,19,19.2,14.0,72.0,0.0,,102.0,13.7,,1019.0,,1.0
2024-02-05,20,18.5,14.2,76.0,0.0,,96.0,13.3,,1018.3,,1.0
2024-02-05,21,20.0,16.4,80.0,0.0,,90.0,3.6,,1017.4,,1.0
2024-02-05,22,16.9,14.9,88.0,0.0,,95.0,11.9,,1017.0,,1.0
2024-02-05,23,16.4,15.1,92.0,0.0,,91.0,10.8,,1016.8,,1.0
2024-02-06,0,19.6,17.7,89.0,0.0,,90.0,3.6,,1017.9,,1.0
2024-02-06,1,15.4,14.9,97.0,0.0,,62.0,8.3,,1018.2,,1.0
2024-02-06,2,17.0,15.7,92.0,0.0,,61.0,11.9,,1018.6,,1.0
2024-02-06,3,21.2,16.4,74.0,0.0,,50.0,3.6,,1019.2,,1.0
2024-02-06,4,25.3,11.8,43.0,0.0,,68.0,13.7,,1019.5,,1.0
2024-02-06,5,27.8,8.6,30.0,0.0,,69.0,15.8,,1018.8,,1.0
2024-02-06,6,28.6,12.5,37.0,0.0,,20.0,5.4,,1017.8,,1.0
2024-02-06,7,31.0,6.8,22.0,0.0,,77.0,18.0,,1016.4,,1.0
2024-02-06,8,31.7,6.7,21.0,0.0,,83.0,18.4,,1015.1,,1.0
2024-02-06,9,31.8,10.5,27.0,0.0,,50.0,3.6,,1013.7,,1.0
2024-02-06,10,31.6,5.9,20.0,0.0,,88.0,18.7,,1013.6,,1.0
2024-02-06,11,30.8,6.6,22.0,0.0,,90.0,18.4,,1013.7,,1.0
2024-02-06,12,30.4,9.3,27.0,0.0,,90.0,3.6,,1014.4,,1.0
2024-02-06,13,26.4,8.4,32.0,0.0,,98.0,14.0,,1015.4,,1.0
2024-02-06,14,24.6,10.1,40.0,0.0,,108.0,14.0,,1016.5,,1.0
2024-02-06,15,25.6,13.5,47.0,0.0,,50.0,5.4,,1017.7,,1.0
2024-02-06,16,21.9,13.0,57.0,0.0,,108.0,15.8,,1018.5,,1.0
2024-02-06,17,20.8,13.7,64.0,0.0,,109.0,16.2,,1018.9,,1.0
2024-02-06,18,22.6,17.9,75.0,0.0,,90.0,5.4,,1018.8,,1.0
2024-02-06,19,19.0,14.7,76.0,0.0,,95.0,14.8,,1018.5,,1.0
2024-02-06,20,18.3,15.2,82.0,0.0,,86.0,13.7,,1017.6,,1.0
2024-02-06,21,17.5,15.7,89.0,0.0,,20.0,11.2,,1016.9,,1.0
2024-02-06,22,17.1,15.8,92.0,0.0,,80.0,11.9,,1016.5,,1.0
2024-02-06,23,17.0,15.5,91.0,0.0,,75.0,11.9,,1016.4,,1.0
2024-02-07,0,18.0,17.4,96.0,0.0,,0.0,0.0,,1016.7,,1.0
2024-02-07,1,16.5,14.0,85.0,0.0,,71.0,11.2,,1017.6,,1.0
2024-02-07,2,18.4,12.8,70.0,0.0,,71.0,12.6,,1018.0,,1.0
2024-02-07,3,22.5,11.6,50.0,0.0,,74.0,11.2,,1018.9,,1.0
2024-02-07,4,26.4,7.9,31.0,0.0,,78.0,14.0,,1019.4,,1.0
2024-02-07,5,29.1,5.2,22.0,0.0,,75.0,17.6,,1019.2,,1.0
2024-02-07,6,29.0,11.1,33.0,0.0,,90.0,3.6,,1018.4,,1.0
2024-02-07,7,31.7,3.7,17.0,0.0,,76.0,17.3,,1017.1,,1.0
2024-02-07,8,32.2,3.2,16.0,0.0,,79.0,17.3,,1015.5,,1.0
2024-02-07,9,33.0,8.5,22.0,0.0,,90.0,3.6,,1014.2,,1.0
2024-02-07,10,31.9,3.8,17.0,0.0,,86.0,16.2,,1013.5,,1.0
2024-02-07,11,31.1,4.0,18.0,0.0,,88.0,16.6,,1013.6,,1.0
2024-02-07,12,32.0,9.5,25.0,0.0,,90.0,3.6,,1014.2,,1.0
2024-02-07,13,26.8,5.1,25.0,0.0,,103.0,13.0,,1015.2,,1.0
2024-02-07,14,25.2,6.9,31.0,0.0,,110.0,14.4,,1016.1,,1.0
2024-02-07,15,25.8,8.8,34.0,0.0,,0.0,0.0,,1017.2,,1.0
2024-02-07,16,22.7,8.4,40.0,0.0,,105.0,16.2,,1017.9,,1.0
2024-02-07,17,21.5,9.4,46.0,0.0,,102.0,15.8,,1018.6,,1.0
2024-02-07,18,22.0,13.4,58.0,0.0,,90.0,3.6,,1018.6,,1.0
2024-02-07,19,19.8,12.6,63.0,0.0,,100.0,15.5,,1018.2,,1.0
2024-02-07,20,19.1,13.3,69.0,0.0,,102.0,14.8,,1017.2,,1.0
2024-02-07,21,20.0,17.2,84.0,0.0,,0.0,0.0,,1016.3,,1.0
2024-02-07,22,17.8,13.7,77.0,0.0,,104.0,14.0,,1015.7,,1.0
2024-02-07,23,17.3,13.6,79.0,0.0,,97.0,11.9,,1015.4,,1.0
2024-02-08,0,18.2,15.8,86.0,0.0,,0.0,0.0,,1015.6,,2.0
2024-02-08,1,16.6,12.9,79.0,0.0,,90.0,10.4,,1016.0,,3.0
2024-02-08,2,18.4,12.6,69.0,0.0,,83.0,11.9,,1017.0,,3.0
2024-02-08,3,22.0,15.6,67.0,0.0,,90.0,3.6,,1017.3,,3.0
2024-02-08,4,27.0,4.7,24.0,0.0,,87.0,13.0,,1017.9,,3.0
2024-02-08,5,29.2,5.3,22.0,0.0,,76.0,16.2,,1017.6,,3.0
2024-02-08,6,30.0,9.5,28.0,0.0,,90.0,3.6,,1016.8,,3.0
2024-02-08,7,31.6,5.9,20.0,0.0,,66.0,16.9,,1015.6,,3.0
2024-02-08,8,32.2,4.9,18.0,0.0,,70.0,16.6,,1014.1,,3.0
2024-02-08,9,33.6,9.6,23.0,0.0,,75.0,3.6,,1012.8,,3.0
2024-02-08,10,32.1,4.0,17.0,0.0,,81.0,15.1,,1012.1,,2.0
2024-02-08,11,31.4,3.4,17.0,0.0,,84.0,15.1,,1012.1,,1.0
2024-02-08,12,31.2,7.0,22.0,0.0,,0.0,0.0,,1012.6,,2.0
2024-02-08,13,27.1,4.2,23.0,0.0,,101.0,13.0,,1013.7,,1.0
2024-02-08,14,25.6,4.7,26.0,0.0,,108.0,15.5,,1014.8,,2.0
2024-02-08,15,25.4,10.1,38.0,0.0,,0.0,0.0,,1015.8,,3.0
2024-02-08,16,23.3,7.4,36.0,0.0,,111.0,17.6,,1016.7,,3.0
2024-02-08,17,22.4,8.5,41.0,0.0,,114.0,18.4,,1016.7,,3.0
2024-02-08,18,22.4,14.3,60.0,0.0,,90.0,3.6,,1017.0,,3.0
2024-02-08,19,20.5,12.0,58.0,0.0,,106.0,17.3,,1016.7,,3.0
2024-02-08,20,19.7,12.5,63.0,0.0,,104.0,14.8,,1016.1,,3.0
2024-02-08,21,20.4,16.8,80.0,0.0,,0.0,0.0,,1015.5,,2.0
2024-02-08,22,18.4,12.8,70.0,0.0,,110.0,12.2,,1015.1,,2.0
2024-02-08,23,17.5,14.8,84.0,0.0,,140.0,10.8,,1015.7,,1.0
2024-02-09,0,19.2,18.0,93.0,0.0,,90.0,3.6,,1016.0,,3.0
2024-02-09,1,16.3,14.8,91.0,0.0,,125.0,7.6,,1016.8,,3.0
2024-02-09,2,18.3,14.8,80.0,0.0,,124.0,10.8,,1017.4,,1.0
2024-02-09,3,22.6,15.2,63.0,0.0,,90.0,3.6,,1018.1,,1.0
2024-02-09,4,25.6,11.7,42.0,0.0,,117.0,11.2,,1018.0,,1.0
2024-02-09,5,28.1,9.9,32.0,0.0,,100.0,13.3,,1017.7,,1.0
2024-02-09,6,29.2,14.2,40.0,0.0,,90.0,3.6,,1017.0,,1.0
2024-02-09,7,31.0,8.7,25.0,0.0,,76.0,14.8,,1015.7,,1.0
2024-02-09,8,31.6,7.9,23.0,0.0,,74.0,15.5,,1014.4,,1.0
2024-02-09,9,31.0,9.3,26.0,0.0,,90.0,3.6,,1013.1,,1.0
2024-02-09,10,31.8,6.8,21.0,0.0,,77.0,16.6,,1012.3,,1.0
2024-02-09,11,31.2,6.3,21.0,0.0,,83.0,16.6,,1012.4,,1.0
2024-02-09,12,29.4,6.7,24.0,0.0,,90.0,3.6,,1013.3,,1.0
2024-02-09,13,27.0,7.5,29.0,0.0,,110.0,16.2,,1014.6,,1.0
2024-02-09,14,25.2,8.7,35.0,0.0,,112.0,17.3,,1015.7,,1.0
2024-02-09,15,25.4,13.6,48.0,0.0,,90.0,3.6,,1017.2,,1.0
2024-02-09,16,22.7,14.5,60.0,0.0,,102.0,18.7,,1018.1,,1.0
2024-02-09,17,21.9,15.7,68.0,0.0,,107.0,18.0,,1018.6,,1.0
2024-02-09,18,22.2,19.7,86.0,0.0,,90.0,3.6,,1018.6,,2.0
2024-02-09,19,20.0,16.6,81.0,0.0,,105.0,16.9,,1018.5,,1.0
2024-02-09,20,18.9,17.2,90.0,0.0,,103.0,16.2,,1018.0,,1.0
2024-02-09,21,21.0,19.3,90.0,0.0,,90.0,5.4,,1017.5,,1.0
2024-02-09,22,17.8,17.5,98.0,0.0,,108.0,13.3,,1017.3,,2.0
2024-02-09,23,17.6,17.4,99.0,0.0,,110.0,13.7,,1017.3,,3.0
2024-02-10,0,19.8,17.9,89.0,0.0,,90.0,3.6,,1017.9,,3.0
2024-02-10,1,16.3,15.2,93.0,0.0,,106.0,9.7,,1018.6,,1.0
2024-02-10,2,17.4,15.2,87.0,0.0,,107.0,11.2,,1019.4,,1.0
2024-02-10,3,19.4,18.6,95.0,0.0,,50.0,3.6,,1020.1,,1.0
2024-02-10,4,23.8,13.9,54.0,0.0,,108.0,10.8,,1020.3,,1.0
2024-02-10,5,26.3,12.4,42.0,0.0,,93.0,13.3,,1019.8,,1.0
2024-02-10,6,25.4,16.8,59.0,0.0,,90.0,3.6,,1018.6,,1.0
2024-02-10,7,29.9,8.9,27.0,0.0,,86.0,17.6,,1017.0,,1.0
2024-02-10,8,30.6,8.9,26.0,0.0,,93.0,19.1,,1015.6,,1.0
2024-02-10,9,29.0,12.8,37.0,0.0,,0.0,0.0,,1014.3,,1.0
2024-02-10,10,30.2,12.2,33.0,0.0,,107.0,19.4,,1013.9,,1.0
2024-02-10,11,29.2,12.2,35.0,0.0,,110.0,19.1,,1014.2,,3.0
2024-02-10,12,27.4,12.6,40.0,0.0,,90.0,3.6,,1015.0,,2.0
2024-02-10,13,26.0,12.1,42.0,0.0,,106.0,12.6,,1016.0,,2.0
2024-02-10,14,24.7,12.6,47.0,0.0,,101.0,12.6,,1017.1,,2.0
2024-02-10,15,24.6,14.7,54.0,0.0,,140.0,7.6,,1018.4,,1.0
2024-02-10,16,22.2,13.8,59.0,0.0,,103.0,14.4,,1019.4,,2.0
2024-02-10,17,21.2,14.8,67.0,0.0,,102.0,13.7,,1019.4,,3.0
2024-02-10,18,22.0,18.4,80.0,0.0,,90.0,7.6,,1019.3,,3.0
2024-02-10,19,19.6,16.2,81.0,0.0,,110.0,15.5,,1019.0,,3.0
2024-02-10,20,18.5,16.8,90.0,0.0,,108.0,14.8,,1018.6,,3.0
2024-02-10,21,20.2,18.0,87.0,0.0,,50.0,5.4,,1017.8,,3.0
2024-02-10,22,17.2,16.9,98.0,0.0,,102.0,14.4,,1017.5,,3.0
2024-02-10,23,17.0,16.8,99.0,0.0,,99.0,14.4,,1017.6,,3.0
2024-02-11,0,19.2,17.7,91.0,0.0,,90.0,11.2,,1017.9,,5.0
2024-02-11,1,16.6,16.0,96.0,0.0,,91.0,12.2,,1019.1,,5.0
2024-02-11,2,17.3,16.3,94.0,0.0,,85.0,13.3,,1020.1,,3.0
2024-02-11,3,20.6,16.8,79.0,0.0,,90.0,3.6,,1020.7,,3.0
2024-02-11,4,22.3,15.2,64.0,0.0,,100.0,14.0,,1020.9,,3.0
2024-02-11,5,25.0,13.5,49.0,0.0,,99.0,14.4,,1020.6,,3.0
2024-02-11,6,26.0,14.5,49.0,0.0,,90.0,3.6,,1019.5,,2.0
2024-02-11,7,29.1,9.8,30.0,0.0,,98.0,16.9,,1018.1,,3.0
2024-02-11,8,30.0,9.0,27.0,0.0,,100.0,18.0,,1016.6,,1.0
2024-02-11,9,29.8,13.1,36.0,0.0,,90.0,3.6,,1015.3,,1.0
2024-02-11,10,29.7,9.3,28.0,0.0,,107.0,19.4,,1014.7,,2.0
2024-02-11,11,28.8,10.0,31.0,0.0,,110.0,19.1,,1014.7,,1.0
2024-02-11,12,28.2,12.5,38.0,0.0,,90.0,3.6,,1015.7,,1.0
2024-02-11,13,25.5,11.3,41.0,0.0,,108.0,14.8,,1016.6,,1.0
2024-02-11,14,24.1,11.4,45.0,0.0,,100.0,14.4,,1017.6,,1.0
2024-02-11,15,24.4,14.5,54.0,0.0,,90.0,5.4,,1018.6,,1.0
2024-02-11,16,22.1,13.5,58.0,0.0,,103.0,15.1,,1019.3,,1.0
2024-02-11,17,20.8,14.0,65.0,0.0,,104.0,14.8,,1019.3,,1.0
2024-02-11,18,21.0,19.3,90.0,0.0,,90.0,5.4,,1019.3,,1.0
2024-02-11,19,18.7,14.2,75.0,0.0,,99.0,15.5,,1019.0,,1.0
2024-02-11,20,17.6,14.3,81.0,0.0,,92.0,14.0,,1018.2,,2.0
2024-02-11,21,20.8,19.3,91.0,0.0,,90.0,5.4,,1017.5,,1.0
2024-02-11,22,15.9,14.6,92.0,0.0,,87.0,11.9,,1017.1,,1.0
2024-02-11,23,15.5,14.2,92.0,0.0,,88.0,11.9,,1017.2,,1.0
2024-02-12,0,18.8,17.5,92.0,0.0,,90.0,5.4,,1017.3,,3.0
2024-02-12,1,15.1,12.2,83.0,0.0,,88.0,12.6,,1018.1,,3.0
2024-02-12,2,16.3,10.6,69.0,0.0,,85.0,15.1,,1018.7,,3.0
2024-02-12,3,19.8,16.2,80.0,0.0,,0.0,0.0,,1019.4,,3.0
2024-02-12,4,23.7,7.3,35.0,0.0,,91.0,14.8,,1019.5,,3.0
2024-02-12,5,26.9,3.4,22.0,0.0,,101.0,17.3,,1019.0,,3.0
2024-02-12,6,28.6,3.4,20.0,0.0,,0.0,0.0,,1018.1,,3.0
2024-02-12,7,29.9,2.2,17.0,0.0,,101.0,18.7,,1016.7,,3.0
2024-02-12,8,30.6,3.6,18.0,0.0,,100.0,18.4,,1015.3,,3.0
2024-02-12,9,31.0,5.4,20.0,0.0,,140.0,5.4,,1014.2,,3.0
2024-02-12,10,30.3,4.1,19.0,0.0,,102.0,18.4,,1013.6,,3.0
2024-02-12,11,29.4,5.5,22.0,0.0,,104.0,18.4,,1013.8,,3.0
2024-02-12,12,29.0,7.6,26.0,0.0,,90.0,5.4,,1014.2,,3.0
2024-02-12,13,25.4,8.8,35.0,0.0,,105.0,14.0,,1015.0,,2.0
2024-02-12,14,23.5,9.8,42.0,0.0,,109.0,15.1,,1016.6,,1.0
2024-02-12,15,25.0,10.8,41.0,0.0,,0.0,0.0,,1017.8,,1.0
2024-02-12,16,21.3,12.4,57.0,0.0,,102.0,13.7,,1018.6,,1.0
2024-02-12,17,20.5,13.2,63.0,0.0,,103.0,13.0,,1019.0,,2.0
2024-02-12,18,21.0,16.8,77.0,0.0,,0.0,0.0,,1018.9,,3.0
2024-02-12,19,18.5,14.8,79.0,0.0,,100.0,13.7,,1018.6,,2.0
2024-02-12,20,17.4,15.6,89.0,0.0,,101.0,13.3,,1018.1,,3.0
2024-02-12,21,19.4,17.0,86.0,0.0,,90.0,3.6,,1017.8,,3.0
2024-02-12,22,16.5,16.5,100.0,0.0,,103.0,12.6,,1017.5,,3.0
2024-02-12,23,17.0,16.4,96.0,0.0,,107.0,14.8,,1017.2,,5.0
2024-02-13,0,18.2,16.4,89.0,0.0,,90.0,3.6,,1017.4,,3.0
2024-02-13,1,16.2,15.7,97.0,0.0,,106.0,10.4,,1018.2,,3.0
2024-02-13,2,16.5,15.7,95.0,0.0,,107.0,13.3,,1019.1,,1.0
2024-02-13,3,20.0,15.8,77.0,0.0,,90.0,5.4,,1019.8,,3.0
2024-02-13,4,22.0,14.1,61.0,0.0,,108.0,11.2,,1019.8,,2.0
2024-02-13,5,25.8,7.9,32.0,0.0,,102.0,11.2,,1018.9,,2.0
2024-02-13,6,27.0,14.4,46.0,0.0,,50.0,5.4,,1017.6,,3.0
2024-02-13,7,29.3,7.2,25.0,0.0,,103.0,13.3,,1016.4,,3.0
2024-02-13,8,30.0,8.4,26.0,0.0,,104.0,14.0,,1014.9,,3.0
2024-02-13,9,30.0,12.9,35.0,0.0,,50.0,3.6,,1013.9,,3.0
2024-02-13,10,30.1,12.1,33.0,0.0,,109.0,15.5,,1013.3,,3.0
2024-02-13,11,29.4,11.9,34.0,0.0,,106.0,16.2,,1013.5,,3.0
2024-02-13,12,28.8,14.6,42.0,0.0,,90.0,3.6,,1014.1,,2.0
2024-02-13,13,25.8,11.6,41.0,0.0,,82.0,10.4,,1014.5,,1.0
2024-02-13,14,25.2,12.4,45.0,0.0,,84.0,16.2,,1015.7,,2.0
2024-02-13,15,24.4,14.8,55.0,0.0,,90.0,5.4,,1017.1,,2.0
2024-02-13,16,22.4,13.7,58.0,0.0,,107.0,14.8,,1017.8,,1.0
2024-02-13,17,21.5,14.6,65.0,0.0,,104.0,16.9,,1018.0,,1.0
2024-02-13,18,21.8,18.8,83.0,0.0,,90.0,3.6,,1018.0,,1.0
2024-02-13,19,19.7,16.3,81.0,0.0,,99.0,18.4,,1018.0,,1.0
2024-02-13,20,18.6,17.1,91.0,0.0,,96.0,16.9,,1017.4,,1.0
2024-02-13,21,20.0,18.5,91.0,0.0,,90.0,5.4,,1016.9,,1.0
2024-02-13,22,17.8,17.5,98.0,0.0,,96.0,14.8,,1016.9,,3.0
2024-02-13,23,17.8,17.2,96.0,0.0,,98.0,14.8,,1016.7,,3.0
2024-02-14,0,19.6,18.8,95.0,0.0,,90.0,5.4,,1017.0,,3.0
2024-02-14,1,17.1,16.8,98.0,0.0,,98.0,11.2,,1017.6,,3.0
2024-02-14,2,17.4,16.8,96.0,0.0,,99.0,11.9,,1018.6,,3.0
2024-02-14,3,21.0,16.6,76.0,0.0,,110.0,3.6,,1019.1,,3.0
2024-02-14,4,22.7,16.0,66.0,0.0,,104.0,13.0,,1018.9,,3.0
2024-02-14,5,25.7,15.1,52.0,0.0,,105.0,13.7,,1018.4,,3.0
2024-02-14,6,26.0,15.1,51.0,0.0,,90.0,3.6,,1017.3,,3.0
2024-02-14,7,28.9,13.6,39.0,0.0,,109.0,14.8,,1016.2,,3.0
2024-02-14,8,29.6,13.0,36.0,0.0,,108.0,14.4,,1014.7,,3.0
2024-02-14,9,30.0,12.9,35.0,0.0,,0.0,0.0,,1013.4,,3.0
2024-02-14,10,30.3,11.8,32.0,0.0,,113.0,16.2,,1012.6,,3.0
2024-02-14,11,30.0,11.0,31.0,0.0,,101.0,16.2,,1012.4,,2.0
2024-02-14,12,29.2,14.2,40.0,0.0,,0.0,0.0,,1012.7,,3.0
2024-02-14,13,26.0,13.5,46.0,0.0,,99.0,18.0,,1013.7,,3.0
2024-02-14,14,24.8,13.4,49.0,0.0,,103.0,16.6,,1014.5,,1.0
2024-02-14,15,25.0,14.8,53.0,0.0,,140.0,5.4,,1015.7,,1.0
2024-02-14,16,22.5,14.3,60.0,0.0,,110.0,19.4,,1016.6,,1.0
2024-02-14,17,21.8,14.7,64.0,0.0,,104.0,18.7,,1016.8,,1.0
2024-02-14,18,21.6,14.5,64.0,0.0,,50.0,7.6,,1017.2,,1.0
2024-02-14,19,19.9,14.5,71.0,0.0,,104.0,17.3,,1016.9,,1.0
2024-02-14,20,19.1,14.6,75.0,0.0,,101.0,16.9,,1016.3,,1.0
2024-02-14,21,20.0,17.2,84.0,0.0,,90.0,5.4,,1015.8,,2.0
2024-02-14,22,18.0,13.1,73.0,0.0,,99.0,14.8,,1015.4,,2.0
2024-02-14,23,17.5,12.0,70.0,0.0,,100.0,14.8,,1015.4,,3.0
2024-02-15,0,18.0,16.7,92.0,0.0,,0.0,0.0,,1015.6,,3.0
2024-02-15,1,16.8,11.1,69.0,0.0,,98.0,15.1,,1016.5,,3.0
2024-02-15,2,17.7,11.0,65.0,0.0,,96.0,15.8,,1017.3,,3.0
2024-02-15,3,20.4,16.8,80.0,0.0,,0.0,0.0,,1018.0,,3.0
2024-02-15,4,24.0,7.2,34.0,0.0,,100.0,16.9,,1018.2,,3.0
2024-02-15,5,26.3,5.3,26.0,0.0,,106.0,17.6,,1018.1,,3.0
2024-02-15,6,27.0,8.9,32.0,0.0,,90.0,3.6,,1017.1,,3.0
2024-02-15,7,29.3,4.7,21.0,0.0,,102.0,16.6,,1015.7,,3.0
2024-02-15,8,30.3,4.8,20.0,0.0,,99.0,16.9,,1014.6,,1.0
2024-02-15,9,30.2,8.6,26.0,0.0,,90.0,5.4,,1013.3,,3.0
2024-02-15,10,30.4,5.6,21.0,0.0,,95.0,16.2,,1012.6,,3.0
2024-02-15,11,29.6,7.5,25.0,0.0,,95.0,16.2,,1012.8,,3.0
2024-02-15,12,29.4,8.5,27.0,0.0,,90.0,3.6,,1013.3,,3.0
2024-02-15,13,25.6,9.8,37.0,0.0,,101.0,15.5,,1014.2,,3.0
2024-02-15,14,24.2,11.2,44.0,0.0,,103.0,16.9,,1015.3,,3.0
2024-02-15,15,24.4,11.4,44.0,0.0,,90.0,3.6,,1016.3,,3.0
2024-02-15,16,22.1,12.4,54.0,0.0,,102.0,19.4,,1017.2,,3.0
2024-02-15,17,21.2,12.6,58.0,0.0,,95.0,19.4,,1017.5,,2.0
2024-02-15,18,21.0,16.6,76.0,0.0,,110.0,3.6,,1017.8,,2.0
2024-02-15,19,18.7,13.8,73.0,0.0,,94.0,19.1,,1017.9,,1.0
2024-02-15,20,17.7,14.4,81.0,0.0,,91.0,18.4,,1017.4,,1.0
2024-02-15,21,19.0,15.1,78.0,0.0,,90.0,3.6,,1016.6,,1.0
2024-02-15,22,16.7,13.6,82.0,0.0,,88.0,18.0,,1016.4,,1.0
2024-02-15,23,16.4,12.9,80.0,0.0,,88.0,18.0,,1016.2,,2.0
2024-02-16,0,18.4,13.0,71.0,0.0,,90.0,3.6,,1016.7,,3.0
2024-02-16,1,16.1,12.6,80.0,0.0,,85.0,16.6,,1017.3,,3.0
2024-02-16,2,17.4,11.7,69.0,0.0,,88.0,17.6,,1017.9,,1.0
2024-02-16,3,21.4,17.0,76.0,0.0,,90.0,3.6,,1018.8,,1.0
2024-02-16,4,23.7,9.7,41.0,0.0,,100.0,20.5,,1018.8,,1.0
2024-02-16,5,25.4,12.3,44.0,0.0,,104.0,19.8,,1018.5,,1.0
2024-02-16,6,25.4,16.0,56.0,0.0,,90.0,5.4,,1017.6,,1.0
2024-02-16,7,28.3,12.2,37.0,0.0,,101.0,18.7,,1016.4,,1.0
2024-02-16,8,29.1,12.1,35.0,0.0,,103.0,19.1,,1015.2,,1.0
2024-02-16,9,29.2,14.2,40.0,0.0,,140.0,11.2,,1014.1,,1.0
2024-02-16,10,29.6,12.5,35.0,0.0,,102.0,18.4,,1013.3,,1.0
2024-02-16,11,28.9,12.3,36.0,0.0,,103.0,18.0,,1013.4,,1.0
2024-02-16,12,29.0,14.4,41.0,0.0,,50.0,7.6,,1014.0,,1.0
2024-02-16,13,25.8,12.6,44.0,0.0,,96.0,13.7,,1014.7,,1.0
2024-02-16,14,24.5,12.5,47.0,0.0,,90.0,13.7,,1015.7,,1.0
2024-02-16,15,24.8,17.0,62.0,0.0,,90.0,3.6,,1016.9,,1.0
2024-02-16,16,22.2,13.8,59.0,0.0,,97.0,13.3,,1017.6,,1.0
2024-02-16,17,21.3,14.0,63.0,0.0,,98.0,13.3,,1017.9,,1.0
2024-02-16,18,22.4,18.8,80.0,0.0,,90.0,3.6,,1018.0,,1.0
2024-02-16,19,19.6,14.8,74.0,0.0,,98.0,16.2,,1017.7,,1.0
2024-02-16,20,18.7,15.4,81.0,0.0,,97.0,16.2,,1016.9,,1.0
2024-02-16,21,20.0,17.6,86.0,0.0,,0.0,0.0,,1016.4,,1.0
2024-02-16,22,17.7,13.8,78.0,0.0,,96.0,16.2,,1015.8,,1.0
2024-02-16,23,17.2,11.7,70.0,0.0,,96.0,15.1,,1015.6,,1.0
2024-02-17,0,19.2,17.0,87.0,0.0,,0.0,0.0,,1015.7,,1.0
2024-02-17,1,16.4,10.3,67.0,0.0,,92.0,13.0,,1016.3,,1.0
2024-02-17,2,17.7,9.3,58.0,0.0,,94.0,14.8,,1016.9,,3.0
2024-02-17,3,22.0,8.8,43.0,0.0,,90.0,5.4,,1017.5,,1.0
2024-02-17,4,24.8,5.6,29.0,0.0,,99.0,16.2,,1017.6,,1.0
2024-02-17,5,26.9,6.3,27.0,0.0,,103.0,16.6,,1017.2,,1.0
2024-02-17,6,28.0,8.8,30.0,0.0,,50.0,5.4,,1016.0,,3.0
2024-02-17,7,29.7,6.4,23.0,0.0,,106.0,14.4,,1014.7,,1.0
2024-02-17,8,30.5,6.4,22.0,0.0,,106.0,14.4,,1013.2,,1.0
2024-02-17,9,31.0,8.1,24.0,0.0,,50.0,3.6,,1012.0,,1.0
2024-02-17,10,30.7,6.5,22.0,0.0,,104.0,14.0,,1011.6,,1.0
2024-02-17,11,30.5,6.4,22.0,0.0,,106.0,14.0,,1011.3,,1.0
2024-02-17,12,30.0,9.0,27.0,0.0,,0.0,0.0,,1011.9,,1.0
2024-02-17,13,26.7,7.7,30.0,0.0,,110.0,12.2,,1012.6,,1.0
2024-02-17,14,25.2,9.1,36.0,0.0,,111.0,15.8,,1013.7,,1.0
2024-02-17,15,25.0,13.5,49.0,0.0,,90.0,3.6,,1014.7,,1.0
2024-02-17,16,22.8,12.4,52.0,0.0,,102.0,17.3,,1015.7,,1.0
2024-02-17,17,22.1,12.6,55.0,0.0,,106.0,18.4,,1016.0,,1.0
2024-02-17,18,22.4,16.7,70.0,0.0,,90.0,5.4,,1016.1,,1.0
2024-02-17,19,20.4,13.4,64.0,0.0,,107.0,18.7,,1016.0,,1.0
2024-02-17,20,19.4,13.3,68.0,0.0,,107.0,15.5,,1015.3,,1.0
2024-02-17,21,20.4,18.0,86.0,0.0,,90.0,3.6,,1014.5,,1.0
2024-02-17,22,18.1,13.0,72.0,0.0,,103.0,11.2,,1014.1,,1.0
2024-02-17,23,17.5,13.0,75.0,0.0,,107.0,10.4,,1014.2,,1.0
2024-02-18,0,19.0,17.3,90.0,0.0,,90.0,3.6,,1014.4,,1.0
2024-02-18,1,16.7,12.4,76.0,0.0,,103.0,8.6,,1014.8,,1.0
2024-02-18,2,18.2,9.5,57.0,0.0,,103.0,11.2,,1015.7,,1.0
2024-02-18,3,22.4,13.2,56.0,0.0,,90.0,3.6,,1016.5,,1.0
2024-02-18,4,25.4,7.0,31.0,0.0,,123.0,10.1,,1016.9,,1.0
2024-02-18,5,27.7,7.5,28.0,0.0,,129.0,11.2,,1016.6,,1.0
2024-02-18,6,29.0,12.0,35.0,0.0,,0.0,0.0,,1015.6,,1.0
2024-02-18,7,30.4,6.3,22.0,0.0,,101.0,9.7,,1014.0,,1.0
2024-02-18,8,31.0,5.4,20.0,0.0,,92.0,9.0,,1012.5,,1.0
2024-02-18,9,32.0,4.7,18.0,0.0,,0.0,0.0,,1011.2,,1.0
2024-02-18,10,31.3,4.9,19.0,0.0,,93.0,9.7,,1010.5,,1.0
2024-02-18,11,30.9,5.3,20.0,0.0,,93.0,10.8,,1010.2,,1.0
2024-02-18,12,30.8,6.0,21.0,0.0,,0.0,0.0,,1010.3,,1.0
2024-02-18,13,27.6,5.2,24.0,0.0,,101.0,13.0,,1011.3,,3.0
2024-02-18,14,26.2,5.2,26.0,0.0,,105.0,14.4,,1012.2,,3.0
2024-02-18,15,26.6,11.1,38.0,0.0,,90.0,11.2,,1013.5,,3.0
2024-02-18,16,23.7,7.7,36.0,0.0,,111.0,20.2,,1014.7,,3.0
2024-02-18,17,22.7,10.5,46.0,0.0,,108.0,19.4,,1014.8,,3.0
2024-02-18,18,23.0,15.3,62.0,0.0,,50.0,9.4,,1014.8,,3.0
2024-02-18,19,20.8,13.0,61.0,0.0,,110.0,18.7,,1014.9,,3.0
2024-02-18,20,19.7,14.1,70.0,0.0,,98.0,15.8,,1014.8,,3.0
2024-02-18,21,21.0,15.5,71.0,0.0,,60.0,5.4,,1014.8,,3.0
2024-02-18,22,18.0,15.1,83.0,0.0,,121.0,12.2,,1014.7,,3.0
2024-02-18,23,17.2,15.9,92.0,0.0,,123.0,9.7,,1014.9,,2.0
2024-02-19,0,19.2,14.7,75.0,0.0,,0.0,0.0,,1015.3,,2.0
2024-02-19,1,16.5,16.3,99.0,0.0,,112.0,10.1,,1015.9,,3.0
2024-02-19,2,17.7,15.1,85.0,0.0,,115.0,10.8,,1016.7,,5.0
2024-02-19,3,21.4,11.7,54.0,0.0,,0.0,0.0,,1017.2,,3.0
2024-02-19,4,24.5,12.5,47.0,0.0,,140.0,14.4,,1017.0,,3.0
2024-02-19,5,27.2,10.0,34.0,0.0,,140.0,15.5,,1016.8,,3.0
2024-02-19,6,29.8,4.4,20.0,0.0,,90.0,3.6,,1015.9,,3.0
2024-02-19,7,30.1,9.1,27.0,0.0,,129.0,13.0,,1014.6,,3.0
2024-02-19,8,30.7,9.0,26.0,0.0,,118.0,10.4,,1013.2,,3.0
2024-02-19,9,32.4,4.2,17.0,0.0,,90.0,3.6,,1011.9,,3.0
2024-02-19,10,30.7,7.8,24.0,0.0,,111.0,9.7,,1011.2,,3.0
2024-02-19,11,30.2,7.4,24.0,0.0,,93.0,10.4,,1011.1,,3.0
2024-02-19,12,31.6,0.9,14.0,0.0,,90.0,3.6,,1011.4,,3.0
2024-02-19,13,27.4,7.3,28.0,0.0,,75.0,12.2,,1012.0,,2.0
2024-02-19,14,25.1,7.2,32.0,0.0,,98.0,10.8,,1013.3,,1.0
2024-02-19,15,25.4,11.2,41.0,0.0,,0.0,0.0,,1014.2,,3.0
2024-02-19,16,23.3,8.6,39.0,0.0,,111.0,17.3,,1015.1,,1.0
2024-02-19,17,22.3,13.1,56.0,0.0,,121.0,19.4,,1015.9,,2.0
2024-02-19,18,23.0,16.1,65.0,0.0,,90.0,3.6,,1015.9,,2.0
2024-02-19,19,20.3,17.1,82.0,0.0,,131.0,17.6,,1015.7,,2.0
2024-02-19,20,19.4,17.2,87.0,0.0,,133.0,16.2,,1015.6,,2.0
2024-02-19,21,21.4,17.4,78.0,0.0,,90.0,3.6,,1015.4,,1.0
2024-02-19,22,18.5,15.2,81.0,0.0,,117.0,10.1,,1014.8,,1.0
2024-02-19,23,18.2,14.3,78.0,0.0,,126.0,11.2,,1014.7,,1.0
2024-02-20,0,20.8,17.0,79.0,0.0,,90.0,3.6,,1015.0,,1.0
2024-02-20,1,18.3,13.4,73.0,0.0,,130.0,10.1,,1015.8,,1.0
2024-02-20,2,19.5,13.7,69.0,0.0,,123.0,12.2,,1016.6,,3.0
2024-02-20,3,23.4,14.9,59.0,0.0,,90.0,5.4,,1017.1,,3.0
2024-02-20,4,25.9,11.3,40.0,0.0,,133.0,12.6,,1017.1,,3.0
2024-02-20,5,28.0,9.3,31.0,0.0,,130.0,10.4,,1016.9,,1.0
2024-02-20,6,29.6,10.7,31.0,0.0,,90.0,5.4,,1015.5,,1.0
2024-02-20,7,30.6,6.5,22.0,0.0,,92.0,6.1,,1014.0,,1.0
2024-02-20,8,31.4,6.5,21.0,0.0,,72.0,6.5,,1012.4,,1.0
2024-02-20,9,32.0,8.9,24.0,0.0,,0.0,0.0,,1010.9,,1.0
2024-02-20,10,31.5,6.5,21.0,0.0,,114.0,7.2,,1010.5,,1.0
2024-02-20,11,31.3,6.4,21.0,0.0,,126.0,6.8,,1010.6,,1.0
2024-02-20,12,31.6,7.9,23.0,0.0,,0.0,0.0,,1010.7,,1.0
2024-02-20,13,28.3,6.4,25.0,0.0,,128.0,8.3,,1011.4,,1.0
2024-02-20,14,25.7,7.8,32.0,0.0,,104.0,7.9,,1012.5,,2.0
2024-02-20,15,26.4,9.7,35.0,0.0,,90.0,3.6,,1013.4,,2.0
2024-02-20,16,22.9,7.8,38.0,0.0,,104.0,8.3,,1014.1,,1.0
2024-02-20,17,22.5,7.9,39.0,0.0,,120.0,14.0,,1015.0,,1.0
2024-02-20,18,24.0,15.5,59.0,0.0,,90.0,3.6,,1015.1,,1.0
2024-02-20,19,20.9,15.2,70.0,0.0,,139.0,15.1,,1014.7,,1.0
2024-02-20,20,20.3,16.7,80.0,0.0,,137.0,13.3,,1014.2,,1.0
2024-02-20,21,22.4,17.1,72.0,0.0,,0.0,0.0,,1014.0,,3.0
2024-02-20,22,19.4,17.4,88.0,0.0,,128.0,12.2,,1013.7,,2.0
2024-02-20,23,18.9,17.4,91.0,0.0,,157.0,10.4,,1014.0,,1.0
2024-02-21,0,22.2,17.6,75.0,0.0,,90.0,3.6,,1013.9,,1.0
2024-02-21,1,18.6,15.7,83.0,0.0,,180.0,7.6,,1014.8,,1.0
2024-02-21,2,20.0,15.8,77.0,0.0,,186.0,9.4,,1015.6,,2.0
2024-02-21,3,23.6,17.3,68.0,0.0,,140.0,5.4,,1016.1,,2.0
2024-02-21,4,25.7,15.4,53.0,0.0,,201.0,10.4,,1016.0,,3.0
2024-02-21,5,27.7,14.3,44.0,0.0,,216.0,10.1,,1015.8,,3.0
2024-02-21,6,29.0,16.2,46.0,0.0,,90.0,5.4,,1014.8,,1.0
2024-02-21,7,30.8,12.7,33.0,0.0,,252.0,7.9,,1013.4,,1.0
2024-02-21,8,31.5,11.3,29.0,0.0,,259.0,9.0,,1011.7,,2.0
2024-02-21,9,31.4,15.0,37.0,0.0,,0.0,0.0,,1010.2,,3.0
2024-02-21,10,32.1,10.2,26.0,0.0,,255.0,11.9,,1009.1,,3.0
2024-02-21,11,31.6,11.4,29.0,0.0,,270.0,11.5,,1009.1,,3.0
2024-02-21,12,31.0,12.4,32.0,0.0,,0.0,0.0,,1009.6,,2.0
2024-02-21,13,28.7,10.8,33.0,0.0,,236.0,11.5,,1010.4,,2.0
2024-02-21,14,27.4,10.6,35.0,0.0,,208.0,10.1,,1011.1,,1.0
2024-02-21,15,27.8,16.7,51.0,0.0,,0.0,0.0,,1011.7,,2.0
2024-02-21,16,24.9,11.8,44.0,0.0,,214.0,10.4,,1013.1,,3.0
2024-02-21,17,23.8,11.2,45.0,0.0,,145.0,13.0,,1013.3,,3.0
2024-02-21,18,25.8,15.2,52.0,0.0,,90.0,5.4,,1014.1,,2.0
2024-02-21,19,22.7,13.5,56.0,0.0,,149.0,13.0,,1014.0,,1.0
2024-02-21,20,21.6,13.8,61.0,0.0,,146.0,13.0,,1013.5,,1.0
2024-02-21,21,23.0,17.0,69.0,0.0,,90.0,5.4,,1013.2,,1.0
2024-02-21,22,21.3,14.7,66.0,0.0,,207.0,14.0,,1013.2,,1.0
2024-02-21,23,20.9,16.7,77.0,0.0,,208.0,12.6,,1013.3,,2.0
2024-02-22,0,22.6,18.6,78.0,0.0,,180.0,7.6,,1014.0,,1.0
2024-02-22,1,19.0,17.5,91.0,0.0,,275.0,6.8,,1015.1,,1.0
2024-02-22,2,20.7,17.7,83.0,0.0,,264.0,8.3,,1015.8,,2.0
2024-02-22,3,23.4,19.5,79.0,0.0,,0.0,0.0,,1016.5,,2.0
2024-02-22,4,25.9,15.9,54.0,0.0,,251.0,10.1,,1016.4,,3.0
2024-02-22,5,28.0,14.3,43.0,0.0,,259.0,9.4,,1016.2,,3.0
2024-02-22,6,29.4,11.5,33.0,0.0,,90.0,3.6,,1014.7,,3.0
2024-02-22,7,31.1,9.9,27.0,0.0,,253.0,7.2,,1013.3,,3.0
2024-02-22,8,31.6,9.8,26.0,0.0,,241.0,8.3,,1011.8,,3.0
2024-02-22,9,32.6,7.4,21.0,0.0,,0.0,0.0,,1010.5,,3.0
2024-02-22,10,32.0,8.9,24.0,0.0,,226.0,8.3,,1009.6,,3.0
2024-02-22,11,31.8,8.7,24.0,0.0,,214.0,8.6,,1009.5,,3.0
2024-02-22,12,31.4,9.6,26.0,0.0,,0.0,0.0,,1009.9,,3.0
2024-02-22,13,28.5,7.7,27.0,0.0,,264.0,7.6,,1010.6,,3.0
2024-02-22,14,26.5,8.5,32.0,0.0,,310.0,9.0,,1011.7,,2.0
2024-02-22,15,26.0,14.1,48.0,0.0,,316.0,3.6,,1012.5,,2.0
2024-02-22,16,24.7,7.3,33.0,0.0,,1.0,8.6,,1013.1,,1.0
2024-02-22,17,24.0,7.6,35.0,0.0,,67.0,7.9,,1013.2,,1.0
2024-02-22,18,24.2,12.5,48.0,0.0,,90.0,3.6,,1013.6,,2.0
2024-02-22,19,22.5,13.0,55.0,0.0,,135.0,13.3,,1013.8,,1.0
2024-02-22,20,22.1,16.4,70.0,0.0,,157.0,15.8,,1013.7,,1.0
2024-02-22,21,23.4,14.7,58.0,0.0,,0.0,0.0,,1013.5,,1.0
2024-02-22,22,20.7,15.3,71.0,0.0,,196.0,11.9,,1013.3,,1.0
2024-02-22,23,20.0,14.1,69.0,0.0,,214.0,10.1,,1013.2,,1.0
2024-02-23,0,22.0,14.9,64.0,0.0,,0.0,0.0,,1013.8,,1.0
2024-02-23,1,18.3,14.8,80.0,0.0,,228.0,6.8,,1014.6,,1.0
2024-02-23,2,20.2,15.2,73.0,0.0,,233.0,7.9,,1015.4,,1.0
2024-02-23,3,23.6,12.9,51.0,0.0,,0.0,0.0,,1015.8,,1.0
2024-02-23,4,26.7,10.8,37.0,0.0,,254.0,9.4,,1015.6,,1.0
2024-02-23,5,28.6,10.8,33.0,0.0,,252.0,9.0,,1015.1,,1.0
2024-02-23,6,30.0,10.0,29.0,0.0,,0.0,0.0,,1013.8,,1.0
2024-02-23,7,31.1,9.3,26.0,0.0,,253.0,5.8,,1012.3,,1.0
2024-02-23,8,31.9,8.8,24.0,0.0,,246.0,6.5,,1010.8,,3.0
2024-02-23,9,32.6,10.0,25.0,0.0,,230.0,7.6,,1009.7,,3.0
2024-02-23,10,32.7,7.5,21.0,0.0,,257.0,8.6,,1009.0,,3.0
2024-02-23,11,32.5,7.4,21.0,0.0,,251.0,9.4,,1008.9,,3.0
2024-02-23,12,32.4,10.4,26.0,0.0,,0.0,0.0,,1009.5,,3.0
2024-02-23,13,29.0,6.4,24.0,0.0,,251.0,11.5,,1010.2,,3.0
2024-02-23,14,26.5,7.0,29.0,0.0,,269.0,8.3,,1011.1,,2.0
2024-02-23,15,28.4,11.5,35.0,0.0,,0.0,0.0,,1012.0,,1.0
2024-02-23,16,24.3,8.3,36.0,0.0,,36.0,8.3,,1012.8,,2.0
2024-02-23,17,22.7,8.8,41.0,0.0,,47.0,9.4,,1012.6,,2.0
2024-02-23,18,25.8,19.0,66.0,0.0,,90.0,3.6,,1013.1,,2.0
2024-02-23,19,22.6,17.3,72.0,0.0,,134.0,16.6,,1012.8,,2.0
2024-02-23,20,21.9,18.9,83.0,0.0,,138.0,14.8,,1012.4,,3.0
2024-02-23,21,23.4,17.8,71.0,0.0,,0.0,0.0,,1012.2,,3.0
2024-02-23,22,21.4,19.9,91.0,0.0,,160.0,11.9,,1012.0,,3.0
2024-02-23,23,20.6,19.9,96.0,0.0,,172.0,8.6,,1012.3,,3.0
2024-02-24,0,22.0,14.6,63.0,0.0,,0.0,0.0,,1013.0,,2.0
2024-02-24,1,19.5,15.0,75.0,0.0,,214.0,6.8,,1014.0,,3.0
2024-02-24,2,21.2,15.5,70.0,0.0,,195.0,7.9,,1014.9,,3.0
2024-02-24,3,24.4,14.5,54.0,0.0,,195.0,3.6,,1015.4,,3.0
2024-02-24,4,25.8,18.0,62.0,0.0,,202.0,10.4,,1015.6,,1.0
2024-02-24,5,27.9,15.6,47.0,0.0,,212.0,8.3,,1015.2,,1.0
2024-02-24,6,29.0,14.8,42.0,0.0,,90.0,3.6,,1013.8,,2.0
2024-02-24,7,29.8,15.1,41.0,0.0,,174.0,9.7,,1012.6,,3.0
2024-02-24,8,30.2,15.5,41.0,0.0,,164.0,8.6,,1011.3,,3.0
2024-02-24,9,32.0,17.1,41.0,0.0,,140.0,5.4,,1010.3,,3.0
2024-02-24,10,31.9,14.1,34.0,0.0,,168.0,9.4,,1009.0,,3.0
2024-02-24,11,31.6,13.8,34.0,0.0,,155.0,12.6,,1009.0,,3.0
2024-02-24,12,30.0,17.8,48.0,0.0,,50.0,5.4,,1009.4,,2.0
2024-02-24,13,29.2,14.2,40.0,0.0,,140.0,15.5,,1010.3,,2.0
2024-02-24,14,27.4,15.4,48.0,0.0,,128.0,16.9,,1011.8,,2.0
2024-02-24,15,28.4,19.3,58.0,0.0,,90.0,3.6,,1012.5,,3.0
2024-02-24,16,25.4,16.5,58.0,0.0,,126.0,17.3,,1013.4,,1.0
2024-02-24,17,24.0,17.5,67.0,0.0,,121.0,17.6,,1013.7,,1.0
2024-02-24,18,25.4,20.2,73.0,0.0,,90.0,3.6,,1013.8,,1.0
2024-02-24,19,21.9,18.7,82.0,0.0,,130.0,16.9,,1013.6,,1.0
2024-02-24,20,21.0,19.3,90.0,0.0,,135.0,15.8,,1013.3,,1.0
2024-02-24,21,23.0,15.3,62.0,0.0,,90.0,3.6,,1012.9,,3.0
2024-02-24,22,20.5,18.8,90.0,0.0,,138.0,14.8,,1012.6,,3.0
2024-02-24,23,19.9,18.0,89.0,0.0,,140.0,13.7,,1012.7,,2.0
2024-02-25,0,22.0,14.9,64.0,0.0,,90.0,3.6,,1013.2,,2.0
2024-02-25,1,20.0,18.0,88.0,0.0,,125.0,10.4,,1014.1,,2.0
2024-02-25,2,20.3,17.5,84.0,0.0,,127.0,11.9,,1015.0,,2.0
2024-02-25,3,23.0,15.3,62.0,0.0,,90.0,5.4,,1015.3,,1.0
2024-02-25,4,25.3,13.8,49.0,0.0,,141.0,11.5,,1015.2,,1.0
2024-02-25,5,27.6,13.5,42.0,0.0,,138.0,11.9,,1014.9,,1.0
2024-02-25,6,28.0,16.0,48.0,0.0,,90.0,5.4,,1013.7,,2.0
2024-02-25,7,30.9,13.2,34.0,0.0,,112.0,13.0,,1012.3,,1.0
2024-02-25,8,31.4,12.7,32.0,0.0,,111.0,14.0,,1010.8,,2.0
2024-02-25,9,31.0,17.0,43.0,0.0,,90.0,3.6,,1009.3,,2.0
2024-02-25,10,32.0,11.2,28.0,0.0,,115.0,14.0,,1008.4,,1.0
2024-02-25,11,31.4,11.2,29.0,0.0,,116.0,15.8,,1008.3,,1.0
2024-02-25,12,31.0,15.4,39.0,0.0,,90.0,3.6,,1009.2,,2.0
2024-02-25,13,28.9,11.5,34.0,0.0,,130.0,16.6,,1009.7,,1.0
2024-02-25,14,27.2,12.8,41.0,0.0,,111.0,18.7,,1010.8,,1.0
2024-02-25,15,26.2,15.9,53.0,0.0,,90.0,14.8,,1012.1,,1.0
2024-02-25,16,24.3,15.5,58.0,0.0,,114.0,22.3,,1013.0,,1.0
2024-02-25,17,23.1,15.9,64.0,0.0,,116.0,20.5,,1013.8,,1.0
2024-02-25,18,23.4,17.6,70.0,0.0,,90.0,11.2,,1014.1,,1.0
2024-02-25,19,21.0,17.2,79.0,0.0,,110.0,20.2,,1014.0,,1.0
2024-02-25,20,19.9,17.7,87.0,0.0,,108.0,20.2,,1013.5,,1.0
2024-02-25,21,21.0,18.2,84.0,0.0,,90.0,7.6,,1012.9,,1.0
2024-02-25,22,18.6,17.8,95.0,0.0,,104.0,17.3,,1012.7,,3.0
2024-02-25,23,18.2,17.6,96.0,0.0,,103.0,16.2,,1012.9,,3.0
2024-02-26,0,19.4,17.0,86.0,0.0,,90.0,5.4,,1013.3,,3.0
2024-02-26,1,17.8,16.8,94.0,0.0,,106.0,15.8,,1013.9,,3.0
2024-02-26,2,18.3,16.6,90.0,0.0,,108.0,19.4,,1014.8,,3.0
2024-02-26,3,21.0,16.0,73.0,0.0,,110.0,3.6,,1015.8,,3.0
2024-02-26,4,23.4,14.4,57.0,0.0,,110.0,18.7,,1016.1,,1.0
2024-02-26,5,25.7,14.2,49.0,0.0,,112.0,19.8,,1015.6,,1.0
2024-02-26,6,27.0,16.3,52.0,0.0,,110.0,5.4,,1014.8,,1.0
2024-02-26,7,29.0,13.7,39.0,0.0,,111.0,19.8,,1013.7,,1.0
2024-02-26,8,29.7,13.9,38.0,0.0,,113.0,20.2,,1012.3,,1.0
2024-02-26,9,30.2,13.1,35.0,0.0,,90.0,3.6,,1011.0,,1.0
2024-02-26,10,30.1,13.0,35.0,0.0,,113.0,19.8,,1010.2,,1.0
2024-02-26,11,29.7,12.6,35.0,0.0,,110.0,19.4,,1010.1,,1.0
2024-02-26,12,29.4,11.9,34.0,0.0,,90.0,3.6,,1010.7,,3.0
2024-02-26,13,26.1,15.8,53.0,0.0,,106.0,19.1,,1012.2,,3.0
2024-02-26,14,25.7,16.0,55.0,0.0,,110.0,21.2,,1013.2,,2.0
2024-02-26,15,25.2,16.1,57.0,0.0,,50.0,5.4,,1014.2,,2.0
2024-02-26,16,23.8,16.1,62.0,0.0,,105.0,19.8,,1014.9,,2.0
2024-02-26,17,22.7,16.5,68.0,0.0,,111.0,20.5,,1015.1,,2.0
2024-02-26,18,23.0,17.7,72.0,0.0,,90.0,9.4,,1015.4,,2.0
2024-02-26,19,20.1,17.9,87.0,0.0,,108.0,20.9,,1015.4,,3.0
2024-02-26,20,19.3,18.1,93.0,0.0,,108.0,20.2,,1015.0,,3.0
2024-02-26,21,21.0,17.2,79.0,0.0,,90.0,5.4,,1014.7,,3.0
2024-02-26,22,18.8,17.8,94.0,0.0,,101.0,19.1,,1014.4,,3.0
2024-02-26,23,18.8,17.6,93.0,0.0,,99.0,16.9,,1014.6,,3.0
2024-02-27,0,20.0,17.8,87.0,0.0,,90.0,7.6,,1015.0,,3.0
2024-02-27,1,18.1,17.3,95.0,0.0,,97.0,15.1,,1015.7,,3.0
2024-02-27,2,18.7,17.0,90.0,0.0,,94.0,15.5,,1016.6,,3.0
2024-02-27,3,21.0,18.6,86.0,0.0,,90.0,3.6,,1017.1,,3.0
2024-02-27,4,23.7,15.7,61.0,0.0,,89.0,14.0,,1016.9,,3.0
2024-02-27,5,26.2,14.6,49.0,0.0,,98.0,14.8,,1016.2,,3.0
2024-02-27,6,25.0,13.5,49.0,0.0,,90.0,5.4,,1015.3,,3.0
2024-02-27,7,29.3,14.7,41.0,0.0,,102.0,15.8,,1014.2,,2.0
2024-02-27,8,30.2,14.3,38.0,0.0,,99.0,16.6,,1012.9,,3.0
2024-02-27,9,30.2,14.7,39.0,0.0,,90.0,3.6,,1011.8,,3.0
2024-02-27,10,31.1,12.9,33.0,0.0,,105.0,15.8,,1011.0,,3.0
2024-02-27,11,30.8,13.1,34.0,0.0,,100.0,15.5,,1010.9,,3.0
2024-02-27,12,29.4,14.8,41.0,0.0,,90.0,5.4,,1011.1,,2.0
2024-02-27,13,27.8,12.2,38.0,0.0,,87.0,13.3,,1011.5,,2.0
2024-02-27,14,25.6,12.4,44.0,0.0,,96.0,13.3,,1012.8,,3.0
2024-02-27,15,25.4,16.0,56.0,0.0,,90.0,3.6,,1014.0,,3.0
2024-02-27,16,23.0,14.6,59.0,0.0,,113.0,16.6,,1015.1,,3.0
2024-02-27,17,22.0,15.8,68.0,0.0,,114.0,18.7,,1015.6,,3.0
2024-02-27,18,23.0,17.0,69.0,0.0,,90.0,3.6,,1015.7,,3.0
2024-02-27,19,20.7,15.9,74.0,0.0,,106.0,17.6,,1015.8,,3.0
2024-02-27,20,19.7,16.0,79.0,0.0,,105.0,16.6,,1015.2,,3.0
2024-02-27,21,20.2,18.0,87.0,0.0,,90.0,3.6,,1014.6,,3.0
2024-02-27,22,18.1,16.1,88.0,0.0,,97.0,15.1,,1014.1,,3.0
2024-02-27,23,17.6,16.3,92.0,0.0,,96.0,14.4,,1014.1,,3.0
2024-02-28,0,19.4,18.2,93.0,0.0,,90.0,5.4,,1014.0,,2.0
2024-02-28,1,16.7,15.9,95.0,0.0,,110.0,8.6,,1014.5,,1.0
2024-02-28,2,18.0,16.0,88.0,0.0,,99.0,9.4,,1015.4,,1.0
2024-02-28,3,21.8,17.4,76.0,0.0,,90.0,3.6,,1016.0,,3.0
2024-02-28,4,25.8,10.8,39.0,0.0,,97.0,11.5,,1015.7,,3.0
2024-02-28,5,28.6,4.1,21.0,0.0,,78.0,15.1,,1015.6,,3.0
2024-02-28,6,28.8,12.7,37.0,0.0,,90.0,5.4,,1014.5,,3.0
2024-02-28,7,31.4,-0.3,13.0,0.0,,70.0,15.8,,1013.1,,3.0
2024-02-28,8,32.0,0.1,13.0,0.0,,73.0,15.5,,1011.6,,3.0
2024-02-28,9,32.6,6.7,20.0,0.0,,180.0,5.4,,1010.2,,3.0
2024-02-28,10,32.0,1.2,14.0,0.0,,82.0,15.1,,1009.7,,3.0
2024-02-28,11,31.2,2.4,16.0,0.0,,84.0,15.8,,1009.9,,3.0
2024-02-28,12,31.2,11.6,30.0,0.0,,50.0,5.4,,1010.3,,3.0
2024-02-28,13,27.3,5.0,24.0,0.0,,91.0,15.1,,1011.1,,2.0
2024-02-28,14,25.7,8.2,33.0,0.0,,99.0,17.3,,1012.2,,3.0
2024-02-28,15,26.2,14.0,47.0,0.0,,90.0,5.4,,1013.4,,3.0
2024-02-28,16,23.4,11.8,48.0,0.0,,107.0,19.4,,1014.3,,1.0
2024-02-28,17,22.7,11.4,49.0,0.0,,102.0,18.4,,1014.8,,1.0
2024-02-28,18,23.0,16.8,68.0,0.0,,90.0,9.4,,1015.2,,1.0
2024-02-28,19,20.3,10.1,52.0,0.0,,99.0,18.0,,1015.1,,1.0
2024-02-28,20,19.3,10.3,56.0,0.0,,98.0,16.9,,1014.7,,3.0
2024-02-28,21,20.4,15.8,75.0,0.0,,90.0,3.6,,1014.2,,1.0
2024-02-28,22,17.8,11.8,68.0,0.0,,96.0,13.3,,1013.9,,3.0
2024-02-28,23,17.2,11.7,70.0,0.0,,94.0,11.2,,1013.6,,3.0
2024-02-29,0,19.2,15.3,78.0,0.0,,0.0,0.0,,1013.8,,2.0
2024-02-29,1,15.8,9.5,66.0,0.0,,88.0,10.1,,1014.4,,3.0
2024-02-29,2,17.7,9.6,59.0,0.0,,94.0,13.0,,1015.2,,3.0
2024-02-29,3,22.8,10.2,45.0,0.0,,90.0,5.4,,1016.1,,3.0
2024-02-29,4,25.3,5.0,27.0,0.0,,97.0,14.4,,1016.2,,3.0
2024-02-29,5,27.9,2.9,20.0,0.0,,90.0,15.5,,1015.8,,3.0
2024-02-29,6,29.2,9.3,29.0,0.0,,90.0,5.4,,1014.6,,3.0
2024-02-29,7,30.9,3.0,17.0,0.0,,86.0,20.9,,1013.3,,3.0
2024-02-29,8,31.6,3.6,17.0,0.0,,88.0,21.2,,1012.1,,3.0
2024-02-29,9,33.0,9.1,23.0,0.0,,90.0,3.6,,1011.1,,3.0
2024-02-29,10,31.4,4.2,18.0,0.0,,96.0,21.6,,1010.4,,3.0
2024-02-29,11,30.5,5.0,20.0,0.0,,102.0,20.9,,1010.7,,3.0
2024-02-29,12,30.6,8.9,26.0,0.0,,70.0,44.6,,1011.6,,3.0
2024-02-29,13,27.2,5.5,25.0,0.0,,108.0,15.8,,1012.8,,3.0
2024-02-29,14,25.8,7.4,31.0,0.0,,104.0,16.9,,1013.9,,3.0
2024-02-29,15,26.4,12.1,41.0,0.0,,90.0,3.6,,1015.1,,3.0
2024-02-29,16,23.8,11.5,46.0,0.0,,107.0,17.6,,1016.3,,3.0
2024-02-29,17,22.6,12.0,51.0,0.0,,112.0,15.8,,1016.6,,3.0
2024-02-29,18,24.0,18.0,69.0,0.0,,90.0,3.6,,1016.9,,3.0
2024-02-29,19,20.7,13.9,65.0,0.0,,108.0,15.8,,1016.9,,3.0
2024-02-29,20,19.5,14.5,73.0,0.0,,101.0,14.4,,1016.1,,3.0
2024-02-29,21,20.6,15.8,74.0,0.0,,90.0,3.6,,1015.1,,3.0
2024-02-29,22,17.8,15.4,86.0,0.0,,100.0,12.6,,1014.8,,3.0
2024-02-29,23,17.2,15.7,91.0,0.0,,100.0,11.9,,1014.9,,3.0
2024-03-01,0,19.4,18.2,93.0,0.0,,90.0,3.6,,1015.1,,3.0
2024-03-01,1,16.6,15.5,93.0,0.0,,108.0,11.9,,1015.9,,3.0
2024-03-01,2,18.0,15.4,85.0,0.0,,104.0,13.7,,1016.7,,3.0
2024-03-01,3,22.4,16.7,70.0,0.0,,90.0,5.4,,1017.5,,2.0
2024-03-01,4,25.0,10.8,41.0,0.0,,125.0,14.0,,1017.7,,3.0
2024-03-01,5,27.5,8.9,31.0,0.0,,118.0,14.4,,1017.5,,1.0
2024-03-01,6,29.4,13.2,37.0,0.0,,90.0,5.4,,1016.4,,2.0
2024-03-01,7,30.5,7.7,24.0,0.0,,102.0,17.6,,1015.1,,3.0
2024-03-01,8,31.2,7.6,23.0,0.0,,103.0,18.0,,1013.7,,2.0
2024-03-01,9,31.2,13.5,34.0,0.0,,90.0,5.4,,1012.0,,2.0
2024-03-01,10,31.8,6.1,20.0,0.0,,103.0,19.1,,1011.4,,3.0
2024-03-01,11,31.0,6.1,21.0,0.0,,102.0,18.4,,1011.5,,1.0
2024-03-01,12,30.8,9.6,27.0,0.0,,110.0,5.4,,1011.9,,3.0
2024-03-01,13,27.5,6.3,26.0,0.0,,93.0,15.5,,1012.9,,3.0
2024-03-01,14,26.1,9.0,34.0,0.0,,100.0,16.6,,1014.1,,1.0
2024-03-01,15,25.6,13.8,48.0,0.0,,90.0,7.6,,1015.2,,1.0
2024-03-01,16,23.8,11.2,45.0,0.0,,121.0,17.3,,1016.2,,1.0
2024-03-01,17,23.1,12.1,50.0,0.0,,128.0,20.9,,1017.0,,1.0
2024-03-01,18,24.0,15.0,57.0,0.0,,140.0,5.4,,1017.2,,1.0
2024-03-01,19,21.3,11.9,55.0,0.0,,118.0,18.7,,1016.8,,1.0
2024-03-01,20,20.3,12.3,60.0,0.0,,112.0,17.3,,1016.2,,1.0
2024-03-01,21,19.5,12.7,65.0,0.0,,107.0,15.8,,1015.4,,1.0
2024-03-01,22,18.9,12.6,67.0,0.0,,104.0,14.0,,1015.0,,1.0
2024-03-01,23,18.5,12.5,68.0,0.0,,109.0,13.3,,1014.6,,1.0
2024-03-02,0,20.0,16.2,79.0,0.0,,0.0,0.0,,1014.9,,1.0
2024-03-02,1,16.4,12.9,80.0,0.0,,102.0,8.6,,1015.6,,1.0
2024-03-02,2,19.0,12.7,67.0,0.0,,113.0,11.2,,1016.3,,3.0
2024-03-02,3,23.0,16.1,65.0,0.0,,90.0,3.6,,1017.4,,3.0
2024-03-02,4,26.6,8.6,32.0,0.0,,129.0,12.6,,1017.5,,3.0
2024-03-02,5,29.1,7.1,25.0,0.0,,125.0,15.8,,1017.0,,3.0
2024-03-02,6,29.4,11.9,34.0,0.0,,90.0,9.4,,1015.7,,3.0
2024-03-02,7,31.4,4.2,18.0,0.0,,120.0,16.6,,1014.4,,3.0
2024-03-02,8,32.0,4.7,18.0,0.0,,118.0,14.4,,1013.2,,3.0
2024-03-02,9,32.0,13.7,33.0,0.0,,110.0,3.6,,1012.0,,3.0
2024-03-02,10,31.9,4.6,18.0,0.0,,121.0,12.2,,1011.0,,2.0
2024-03-02,11,31.7,4.5,18.0,0.0,,124.0,11.9,,1010.7,,3.0
2024-03-02,12,30.4,12.3,33.0,0.0,,140.0,7.6,,1010.9,,3.0
2024-03-02,13,27.9,5.5,24.0,0.0,,119.0,10.4,,1011.4,,3.0
2024-03-02,14,26.4,5.9,27.0,0.0,,123.0,13.7,,1012.4,,3.0
2024-03-02,15,26.0,12.1,42.0,0.0,,110.0,5.4,,1013.2,,2.0
2024-03-02,16,23.9,5.7,31.0,0.0,,152.0,15.5,,1014.3,,1.0
2024-03-02,17,22.8,7.4,37.0,0.0,,137.0,15.8,,1014.9,,1.0
2024-03-02,18,24.0,14.7,56.0,0.0,,90.0,3.6,,1015.1,,1.0
2024-03-02,19,21.2,12.1,56.0,0.0,,125.0,16.9,,1014.9,,1.0
2024-03-02,20,20.7,13.2,62.0,0.0,,138.0,14.0,,1014.2,,1.0
2024-03-02,21,21.4,17.0,76.0,0.0,,90.0,3.6,,1013.8,,3.0
2024-03-02,22,19.3,14.3,73.0,0.0,,144.0,8.6,,1013.7,,3.0
2024-03-02,23,18.8,14.3,75.0,0.0,,174.0,7.2,,1014.1,,3.0
2024-03-03,0,20.4,16.8,80.0,0.0,,0.0,0.0,,1014.9,,3.0
2024-03-03,1,18.4,14.3,77.0,0.0,,110.0,6.8,,1015.5,,1.0
2024-03-03,2,19.5,15.8,79.0,0.0,,144.0,8.6,,1015.6,,3.0
2024-03-03,3,23.0,16.8,68.0,0.0,,90.0,3.6,,1016.2,,1.0
2024-03-03,4,25.7,13.9,48.0,0.0,,171.0,7.2,,1016.3,,1.0
2024-03-03,5,27.7,12.9,40.0,0.0,,187.0,5.0,,1016.2,,1.0
2024-03-03,6,29.4,17.9,50.0,0.0,,90.0,3.6,,1015.1,,1.0
2024-03-03,7,30.9,9.7,27.0,0.0,,117.0,6.8,,1013.6,,1.0
2024-03-03,8,31.9,8.8,24.0,0.0,,104.0,9.4,,1011.9,,1.0
2024-03-03,9,32.6,15.6,36.0,0.0,,90.0,5.4,,1010.6,,1.0
2024-03-03,10,32.4,8.0,22.0,0.0,,107.0,11.5,,1009.6,,1.0
2024-03-03,11,31.9,7.5,22.0,0.0,,117.0,12.2,,1009.5,,3.0
2024-03-03,12,31.6,16.0,39.0,0.0,,140.0,5.4,,1009.9,,1.0
2024-03-03,13,28.7,7.3,26.0,0.0,,128.0,12.6,,1010.4,,2.0
2024-03-03,14,27.3,7.2,28.0,0.0,,126.0,16.2,,1011.3,,1.0
2024-03-03,15,25.6,15.9,55.0,0.0,,90.0,3.6,,1012.1,,1.0
2024-03-03,16,25.0,8.1,34.0,0.0,,119.0,17.3,,1013.3,,1.0
2024-03-03,17,23.4,10.5,44.0,0.0,,120.0,18.4,,1014.3,,1.0
2024-03-03,18,25.4,16.3,57.0,0.0,,90.0,7.6,,1014.1,,1.0
2024-03-03,19,21.8,14.4,63.0,0.0,,126.0,15.5,,1013.7,,1.0
2024-03-03,20,21.1,15.4,70.0,0.0,,131.0,13.3,,1013.1,,1.0
2024-03-03,21,22.6,18.6,78.0,0.0,,90.0,3.6,,1012.9,,1.0
2024-03-03,22,19.8,15.9,78.0,0.0,,140.0,10.1,,1013.0,,2.0
2024-03-03,23,19.2,15.7,80.0,0.0,,162.0,8.6,,1013.3,,3.0
2024-03-04,0,21.0,17.6,81.0,0.0,,90.0,5.4,,1013.7,,3.0
2024-03-04,1,18.4,15.3,82.0,0.0,,183.0,7.6,,1014.4,,3.0
2024-03-04,2,20.7,15.0,70.0,0.0,,203.0,8.6,,1015.2,,3.0
2024-03-04,3,24.2,19.1,73.0,0.0,,0.0,0.0,,1015.6,,3.0
2024-03-04,4,27.0,11.9,39.0,0.0,,190.0,8.6,,1015.3,,3.0
2024-03-04,5,29.4,9.5,29.0,0.0,,169.0,8.3,,1015.0,,1.0
2024-03-04,6,29.4,17.6,49.0,0.0,,50.0,5.4,,1014.0,,1.0
2024-03-04,7,32.5,8.0,22.0,0.0,,118.0,9.0,,1012.7,,2.0
2024-03-04,8,33.9,7.8,20.0,0.0,,111.0,9.4,,1010.9,,2.0
2024-03-04,9,33.8,17.1,37.0,0.0,,90.0,3.6,,1009.6,,3.0
2024-03-04,10,34.3,6.6,18.0,0.0,,118.0,11.2,,1008.6,,3.0
2024-03-04,11,34.0,6.3,18.0,0.0,,118.0,12.6,,1008.4,,3.0
2024-03-04,12,33.8,18.3,40.0,0.0,,90.0,3.6,,1008.9,,3.0
2024-03-04,13,30.4,7.6,24.0,0.0,,107.0,13.7,,1010.0,,3.0
2024-03-04,14,28.8,9.0,29.0,0.0,,114.0,17.3,,1011.6,,3.0
2024-03-04,15,28.2,17.4,52.0,0.0,,140.0,5.4,,1013.1,,3.0
2024-03-04,16,25.3,11.8,43.0,0.0,,122.0,18.7,,1014.7,,2.0
2024-03-04,17,24.1,14.5,55.0,0.0,,119.0,17.3,,1015.2,,2.0
2024-03-04,18,25.2,18.4,66.0,0.0,,110.0,7.6,,1015.1,,2.0
2024-03-04,19,22.2,17.3,74.0,0.0,,127.0,14.4,,1015.0,,3.0
2024-03-04,20,21.4,18.0,81.0,0.0,,138.0,11.9,,1014.5,,1.0
2024-03-04,21,22.4,19.2,82.0,0.0,,0.0,0.0,,1013.9,,1.0
2024-03-04,22,20.0,17.8,87.0,0.0,,173.0,7.9,,1013.6,,1.0
2024-03-04,23,19.4,17.2,87.0,0.0,,176.0,6.5,,1013.7,,1.0
2024-03-05,0,21.2,18.4,84.0,0.0,,0.0,0.0,,1013.7,,3.0
2024-03-05,1,18.7,16.3,86.0,0.0,,162.0,6.8,,1014.1,,3.0
2024-03-05,2,20.8,16.4,76.0,0.0,,178.0,8.6,,1014.8,,3.0
2024-03-05,3,24.8,17.0,62.0,0.0,,0.0,0.0,,1015.3,,2.0
2024-03-05,4,27.3,13.6,43.0,0.0,,186.0,7.9,,1015.2,,1.0
2024-03-05,5,30.0,11.0,31.0,0.0,,148.0,9.7,,1014.8,,3.0
2024-03-05,6,32.0,14.2,34.0,0.0,,110.0,3.6,,1013.7,,3.0
2024-03-05,7,33.0,8.5,22.0,0.0,,102.0,11.9,,1012.4,,3.0
2024-03-05,8,33.5,8.2,21.0,0.0,,101.0,11.9,,1011.3,,3.0
2024-03-05,9,34.8,19.6,41.0,0.0,,90.0,5.4,,1010.1,,3.0
2024-03-05,10,34.0,6.3,18.0,0.0,,112.0,12.6,,1009.0,,3.0
2024-03-05,11,33.4,6.6,19.0,0.0,,119.0,14.4,,1009.0,,3.0
2024-03-05,12,33.6,21.4,49.0,0.0,,90.0,3.6,,1009.5,,3.0
2024-03-05,13,29.9,7.7,25.0,0.0,,119.0,14.8,,1010.3,,3.0
2024-03-05,14,28.5,7.7,27.0,0.0,,115.0,21.6,,1011.4,,3.0
2024-03-05,15,28.0,17.2,52.0,0.0,,140.0,7.6,,1012.9,,1.0
2024-03-05,16,25.3,10.7,40.0,0.0,,116.0,20.2,,1014.1,,3.0
2024-03-05,17,24.1,12.7,49.0,0.0,,127.0,20.5,,1014.8,,3.0
2024-03-05,18,25.0,17.7,64.0,0.0,,50.0,5.4,,1014.8,,3.0
2024-03-05,19,22.3,14.7,62.0,0.0,,140.0,14.0,,1015.0,,3.0
2024-03-05,20,21.9,15.7,68.0,0.0,,157.0,11.9,,1014.6,,3.0
2024-03-05,21,24.0,18.4,71.0,0.0,,90.0,5.4,,1014.2,,3.0
2024-03-05,22,21.1,15.2,69.0,0.0,,179.0,8.6,,1013.9,,3.0
2024-03-05,23,20.0,15.0,73.0,0.0,,187.0,7.9,,1013.6,,3.0
2024-03-06,0,22.4,17.8,75.0,0.0,,0.0,0.0,,1013.8,,3.0
2024-03-06,1,18.7,14.8,78.0,0.0,,218.0,7.9,,1014.7,,3.0
2024-03-06,2,21.1,14.7,67.0,0.0,,226.0,8.6,,1015.5,,3.0
2024-03-06,3,24.6,18.5,69.0,0.0,,90.0,7.6,,1016.2,,3.0
2024-03-06,4,27.0,13.4,43.0,0.0,,240.0,9.0,,1016.2,,3.0
2024-03-06,5,29.6,10.2,30.0,0.0,,234.0,7.6,,1016.0,,3.0
2024-03-06,6,30.8,17.1,44.0,0.0,,110.0,7.6,,1015.0,,3.0
2024-03-06,7,32.4,8.0,22.0,0.0,,190.0,3.6,,1013.3,,3.0
2024-03-06,8,33.2,7.9,21.0,0.0,,296.0,4.7,,1011.7,,3.0
2024-03-06,9,33.8,25.2,61.0,0.0,,0.0,0.0,,1010.3,,3.0
2024-03-06,10,34.1,7.2,19.0,0.0,,304.0,11.2,,1009.0,,3.0
2024-03-06,11,33.1,4.8,17.0,0.0,,338.0,14.4,,1008.6,,3.0
2024-03-06,12,32.8,11.4,27.0,0.0,,0.0,0.0,,1008.8,,3.0
2024-03-06,13,31.3,4.9,19.0,0.0,,193.0,7.9,,1009.4,,3.0
2024-03-06,14,29.6,5.6,22.0,0.0,,165.0,11.9,,1010.8,,3.0
2024-03-06,15,27.4,14.1,44.0,0.0,,90.0,9.4,,1012.4,,3.0
2024-03-06,16,26.7,8.2,31.0,0.0,,125.0,19.8,,1014.3,,3.0
2024-03-06,17,24.7,11.6,44.0,0.0,,130.0,20.2,,1014.7,,3.0
2024-03-06,18,24.0,13.2,51.0,0.0,,90.0,5.4,,1015.1,,1.0
2024-03-06,19,22.9,12.8,53.0,0.0,,132.0,13.3,,1014.5,,1.0
2024-03-06,20,22.1,13.7,59.0,0.0,,162.0,12.2,,1013.8,,1.0
2024-03-06,21,22.6,17.3,72.0,0.0,,90.0,5.4,,1013.1,,1.0
2024-03-06,22,20.8,14.2,66.0,0.0,,184.0,9.0,,1012.4,,1.0
2024-03-06,23,20.5,13.9,66.0,0.0,,177.0,7.9,,1012.2,,1.0
2024-03-07,0,21.8,17.8,78.0,0.0,,90.0,3.6,,1012.7,,1.0
2024-03-07,1,19.6,12.6,64.0,0.0,,208.0,8.3,,1013.7,,1.0
2024-03-07,2,22.0,12.3,54.0,0.0,,216.0,7.2,,1014.6,,1.0
2024-03-07,3,25.0,18.2,66.0,0.0,,270.0,3.6,,1015.3,,1.0
2024-03-07,4,27.6,12.0,38.0,0.0,,200.0,7.2,,1015.4,,1.0
2024-03-07,5,29.8,9.9,29.0,0.0,,193.0,7.2,,1015.2,,1.0
2024-03-07,6,30.8,14.0,36.0,0.0,,230.0,3.6,,1014.2,,1.0
2024-03-07,7,32.6,8.1,22.0,0.0,,167.0,6.8,,1012.6,,1.0
2024-03-07,8,33.4,8.1,21.0,0.0,,144.0,9.0,,1010.7,,1.0
2024-03-07,9,33.4,12.9,29.0,0.0,,136.0,3.6,,1009.1,,1.0
2024-03-07,10,34.3,7.4,19.0,0.0,,132.0,12.6,,1008.1,,1.0
2024-03-07,11,33.2,7.2,20.0,0.0,,130.0,14.0,,1008.1,,3.0
2024-03-07,12,33.0,11.0,26.0,0.0,,50.0,5.4,,1008.8,,3.0
2024-03-07,13,30.7,7.2,23.0,0.0,,120.0,13.0,,1010.0,,3.0
2024-03-07,14,29.2,7.2,25.0,0.0,,128.0,13.3,,1011.1,,3.0
2024-03-07,15,27.4,13.7,43.0,0.0,,0.0,0.0,,1012.3,,2.0
2024-03-07,16,26.1,6.7,29.0,0.0,,118.0,13.7,,1013.3,,1.0
2024-03-07,17,24.7,6.4,31.0,0.0,,122.0,15.1,,1014.0,,1.0
2024-03-07,18,25.6,14.4,50.0,0.0,,90.0,5.4,,1013.8,,1.0
2024-03-07,19,22.9,15.2,62.0,0.0,,130.0,13.7,,1014.0,,1.0
2024-03-07,20,22.1,15.7,67.0,0.0,,158.0,11.9,,1013.5,,1.0
2024-03-07,21,21.6,16.1,71.0,0.0,,181.0,9.7,,1013.3,,1.0
2024-03-07,22,21.1,15.9,72.0,0.0,,172.0,9.0,,1012.8,,1.0
2024-03-07,23,21.0,15.3,70.0,0.0,,180.0,9.0,,1012.7,,1.0
2024-03-08,0,22.2,16.9,72.0,0.0,,0.0,0.0,,1012.8,,1.0
2024-03-08,1,20.0,15.8,77.0,0.0,,198.0,8.3,,1013.6,,1.0
2024-03-08,2,22.3,16.1,68.0,0.0,,216.0,10.1,,1014.7,,1.0
2024-03-08,3,25.8,15.2,52.0,0.0,,90.0,5.4,,1015.4,,1.0
2024-03-08,4,27.7,15.4,47.0,0.0,,224.0,11.2,,1015.5,,1.0
2024-03-08,5,29.9,13.6,37.0,0.0,,225.0,10.1,,1015.1,,1.0
2024-03-08,6,30.0,17.1,46.0,0.0,,90.0,5.4,,1014.0,,1.0
2024-03-08,7,32.7,11.3,27.0,0.0,,234.0,5.0,,1012.5,,2.0
2024-03-08,8,33.2,10.5,25.0,0.0,,251.0,6.1,,1010.9,,3.0
2024-03-08,9,33.6,16.0,35.0,0.0,,0.0,0.0,,1009.6,,3.0
2024-03-08,10,33.5,9.5,23.0,0.0,,277.0,11.9,,1008.8,,3.0
2024-03-08,11,32.7,9.5,24.0,0.0,,272.0,12.2,,1008.9,,3.0
2024-03-08,12,32.0,11.7,29.0,0.0,,0.0,0.0,,1009.4,,3.0
2024-03-08,13,30.6,10.0,28.0,0.0,,260.0,10.8,,1010.1,,2.0
2024-03-08,14,28.5,10.7,33.0,0.0,,202.0,10.8,,1010.9,,2.0
2024-03-08,15,27.8,14.1,43.0,0.0,,90.0,3.6,,1011.8,,2.0
2024-03-08,16,27.2,9.1,32.0,0.0,,131.0,20.2,,1013.1,,2.0
2024-03-08,17,25.6,11.7,42.0,0.0,,128.0,19.8,,1014.2,,3.0
2024-03-08,18,26.4,15.5,51.0,0.0,,90.0,3.6,,1014.1,,2.0
2024-03-08,19,23.6,13.2,52.0,0.0,,137.0,11.2,,1014.4,,1.0
2024-03-08,20,23.5,13.4,53.0,0.0,,126.0,14.4,,1013.6,,1.0
2024-03-08,21,24.4,16.1,60.0,0.0,,90.0,3.6,,1013.3,,2.0
2024-03-08,22,21.5,14.6,65.0,0.0,,167.0,9.4,,1013.3,,2.0
2024-03-08,23,21.1,15.6,71.0,0.0,,170.0,9.7,,1012.9,,2.0
2024-03-09,0,23.6,17.1,67.0,0.0,,90.0,3.6,,1013.4,,1.0
2024-03-09,1,19.8,14.8,73.0,0.0,,182.0,8.3,,1014.0,,1.0
2024-03-09,2,22.6,13.4,56.0,0.0,,183.0,7.2,,1015.1,,1.0
2024-03-09,3,26.0,18.9,65.0,0.0,,180.0,3.6,,1015.5,,2.0
2024-03-09,4,28.1,11.6,36.0,0.0,,203.0,8.6,,1015.5,,1.0
2024-03-09,5,30.1,10.6,30.0,0.0,,192.0,9.0,,1015.0,,1.0
2024-03-09,6,31.8,17.3,42.0,0.0,,180.0,3.6,,1013.9,,1.0
2024-03-09,7,32.9,9.0,23.0,0.0,,126.0,7.9,,1012.5,,2.0
2024-03-09,8,32.7,8.9,23.0,0.0,,119.0,7.2,,1011.1,,3.0
2024-03-09,9,34.0,18.1,39.0,0.0,,140.0,3.6,,1009.9,,3.0
2024-03-09,10,33.0,8.5,22.0,0.0,,116.0,7.9,,1009.4,,3.0
2024-03-09,11,32.9,8.4,22.0,0.0,,116.0,8.3,,1009.0,,3.0
2024-03-09,12,32.6,11.7,28.0,0.0,,90.0,3.6,,1009.4,,3.0
2024-03-09,13,30.3,8.1,25.0,0.0,,110.0,7.9,,1010.1,,3.0
2024-03-09,14,29.7,7.6,25.0,0.0,,110.0,10.8,,1011.2,,3.0
2024-03-09,15,29.0,15.5,44.0,0.0,,90.0,5.4,,1012.2,,3.0
2024-03-09,16,26.8,10.5,36.0,0.0,,129.0,23.4,,1013.8,,3.0
2024-03-09,17,25.3,12.2,44.0,0.0,,123.0,20.2,,1014.4,,2.0
2024-03-09,18,26.6,19.2,64.0,0.0,,90.0,5.4,,1014.7,,1.0
2024-03-09,19,23.1,15.2,61.0,0.0,,122.0,13.3,,1015.2,,1.0
2024-03-09,20,22.4,17.1,72.0,0.0,,172.0,11.2,,1014.8,,2.0
2024-03-09,21,25.0,20.0,74.0,0.0,,140.0,5.4,,1014.3,,3.0
2024-03-09,22,21.6,17.0,75.0,0.0,,182.0,11.5,,1013.8,,3.0
2024-03-09,23,21.2,16.6,75.0,0.0,,167.0,10.1,,1013.6,,3.0
2024-03-10,0,24.6,20.5,78.0,0.0,,90.0,5.4,,1014.0,,3.0
2024-03-10,1,20.6,16.2,76.0,0.0,,158.0,8.6,,1014.9,,3.0
2024-03-10,2,22.3,16.1,68.0,0.0,,154.0,8.3,,1016.1,,3.0
2024-03-10,3,25.4,19.3,69.0,0.0,,90.0,3.6,,1016.8,,3.0
2024-03-10,4,27.9,14.2,43.0,0.0,,201.0,11.2,,1017.0,,3.0
2024-03-10,5,30.0,13.3,36.0,0.0,,194.0,11.9,,1016.6,,3.0
2024-03-10,6,30.2,18.0,48.0,0.0,,90.0,5.4,,1015.5,,3.0
2024-03-10,7,33.0,11.5,27.0,0.0,,138.0,10.1,,1013.9,,3.0
2024-03-10,8,32.4,10.4,26.0,0.0,,118.0,12.2,,1012.8,,3.0
2024-03-10,9,32.6,16.9,39.0,0.0,,90.0,3.6,,1012.0,,3.0
2024-03-10,10,31.8,10.5,27.0,0.0,,104.0,10.4,,1011.6,,3.0
2024-03-10,11,31.5,10.8,28.0,0.0,,70.0,9.0,,1011.6,,3.0
2024-03-10,12,31.2,13.9,35.0,0.0,,90.0,3.6,,1011.9,,3.0
2024-03-10,13,29.4,11.0,32.0,0.0,,29.0,8.6,,1012.6,,3.0
2024-03-10,14,27.8,11.8,37.0,0.0,,117.0,11.5,,1013.8,,3.0
2024-03-10,15,28.0,16.6,50.0,0.0,,70.0,5.4,,1014.6,,1.0
2024-03-10,16,26.4,12.8,43.0,0.0,,117.0,20.5,,1015.9,,2.0
2024-03-10,17,24.9,14.7,53.0,0.0,,121.0,20.5,,1016.5,,3.0
2024-03-10,18,25.4,16.0,56.0,0.0,,70.0,5.4,,1016.8,,3.0
2024-03-10,19,23.5,15.0,59.0,0.0,,118.0,16.2,,1016.7,,1.0
2024-03-10,20,22.6,14.7,61.0,0.0,,116.0,14.8,,1016.3,,1.0
2024-03-10,21,23.2,17.0,68.0,0.0,,0.0,0.0,,1016.2,,2.0
2024-03-10,22,22.7,13.7,57.0,0.0,,213.0,6.5,,1016.5,,3.0
2024-03-10,23,21.8,13.7,60.0,0.0,,140.0,9.0,,1016.2,,3.0
2024-03-11,0,22.0,17.8,77.0,0.0,,90.0,5.4,,1016.6,,1.0
2024-03-11,1,19.9,14.0,69.0,0.0,,130.0,9.4,,1017.4,,1.0
2024-03-11,2,21.7,14.4,63.0,0.0,,129.0,10.8,,1018.0,,1.0
2024-03-11,3,24.4,18.3,69.0,0.0,,90.0,5.4,,1019.1,,1.0
2024-03-11,4,27.9,8.7,30.0,0.0,,154.0,12.6,,1019.0,,1.0
2024-03-11,5,29.9,8.3,26.0,0.0,,148.0,12.6,,1018.3,,1.0
2024-03-11,6,30.4,15.7,41.0,0.0,,90.0,3.6,,1017.1,,1.0
2024-03-11,7,32.5,9.3,24.0,0.0,,122.0,12.2,,1015.8,,1.0
2024-03-11,8,33.6,9.6,23.0,0.0,,94.0,13.3,,1014.3,,1.0
2024-03-11,9,33.2,16.6,37.0,0.0,,90.0,5.4,,1013.2,,3.0
2024-03-11,10,33.3,8.7,22.0,0.0,,93.0,13.3,,1012.3,,3.0
2024-03-11,11,32.7,8.9,23.0,0.0,,91.0,13.0,,1011.9,,3.0
2024-03-11,12,32.0,13.2,32.0,0.0,,50.0,7.6,,1012.2,,3.0
2024-03-11,13,29.6,11.2,32.0,0.0,,125.0,14.8,,1013.4,,3.0
2024-03-11,14,28.3,10.9,34.0,0.0,,121.0,15.5,,1014.3,,3.0
2024-03-11,15,28.4,17.0,50.0,0.0,,90.0,3.6,,1015.4,,1.0
2024-03-11,16,25.9,12.7,44.0,0.0,,114.0,19.4,,1016.4,,1.0
2024-03-11,17,24.9,14.7,53.0,0.0,,113.0,19.4,,1017.0,,1.0
2024-03-11,18,25.0,18.0,65.0,0.0,,90.0,5.4,,1017.1,,1.0
2024-03-11,19,22.8,15.9,65.0,0.0,,127.0,14.8,,1017.0,,1.0
2024-03-11,20,21.7,16.9,74.0,0.0,,134.0,13.3,,1016.6,,1.0
2024-03-11,21,22.2,17.6,75.0,0.0,,360.0,3.6,,1016.4,,1.0
2024-03-11,22,20.6,17.2,81.0,0.0,,167.0,11.2,,1016.2,,1.0
2024-03-11,23,20.8,16.8,78.0,0.0,,154.0,13.0,,1015.7,,3.0
2024-03-12,0,21.8,18.2,80.0,0.0,,90.0,3.6,,1016.1,,1.0
2024-03-12,1,19.8,17.0,84.0,0.0,,175.0,9.7,,1016.7,,1.0
2024-03-12,2,21.6,16.8,74.0,0.0,,191.0,10.8,,1017.5,,3.0
2024-03-12,3,25.2,18.4,66.0,0.0,,140.0,5.4,,1018.0,,1.0
2024-03-12,4,27.1,14.5,46.0,0.0,,208.0,14.0,,1018.0,,2.0
2024-03-12,5,29.5,12.9,36.0,0.0,,198.0,14.4,,1017.5,,3.0
2024-03-12,6,31.2,16.4,41.0,0.0,,50.0,5.4,,1016.3,,3.0
2024-03-12,7,32.8,10.8,26.0,0.0,,166.0,8.6,,1014.6,,3.0
2024-03-12,8,34.0,10.0,23.0,0.0,,95.0,10.4,,1012.8,,3.0
2024-03-12,9,33.6,17.7,39.0,0.0,,90.0,3.6,,1011.5,,3.0
2024-03-12,10,34.8,9.3,21.0,0.0,,99.0,11.5,,1010.5,,3.0
2024-03-12,11,34.4,8.2,20.0,0.0,,98.0,14.8,,1010.2,,3.0
2024-03-12,12,32.0,15.1,36.0,0.0,,50.0,3.6,,1010.8,,3.0
2024-03-12,13,30.7,7.8,24.0,0.0,,90.0,14.0,,1012.1,,3.0
2024-03-12,14,29.0,8.1,27.0,0.0,,122.0,14.4,,1012.9,,3.0
2024-03-12,15,28.4,12.3,37.0,0.0,,90.0,3.6,,1013.6,,3.0
2024-03-12,16,27.3,9.2,32.0,0.0,,120.0,17.3,,1014.4,,1.0
2024-03-12,17,25.9,10.9,39.0,0.0,,125.0,20.2,,1015.1,,1.0
2024-03-12,18,25.0,14.5,52.0,0.0,,90.0,3.6,,1015.7,,1.0
2024-03-12,19,23.6,14.9,58.0,0.0,,125.0,13.3,,1015.3,,1.0
2024-03-12,20,22.4,15.0,63.0,0.0,,142.0,11.5,,1015.4,,1.0
2024-03-12,21,24.0,16.0,61.0,0.0,,0.0,0.0,,1014.6,,1.0
2024-03-12,22,21.9,14.0,61.0,0.0,,157.0,15.5,,1013.9,,1.0
2024-03-12,23,21.4,14.3,64.0,0.0,,184.0,13.0,,1014.1,,1.0
2024-03-13,0,22.0,14.9,64.0,0.0,,0.0,0.0,,1014.5,,1.0
2024-03-13,1,20.6,15.6,73.0,0.0,,218.0,10.1,,1015.1,,1.0
2024-03-13,2,22.2,15.8,67.0,0.0,,218.0,10.1,,1016.1,,1.0
2024-03-13,3,25.4,19.3,69.0,0.0,,90.0,3.6,,1016.8,,1.0
2024-03-13,4,27.6,13.9,43.0,0.0,,220.0,12.2,,1017.0,,1.0
2024-03-13,5,29.6,12.5,35.0,0.0,,211.0,11.9,,1016.6,,1.0
2024-03-13,6,30.4,17.5,46.0,0.0,,0.0,0.0,,1015.4,,1.0
2024-03-13,7,32.6,11.2,27.0,0.0,,215.0,5.4,,1013.9,,1.0
2024-03-13,8,33.2,10.5,25.0,0.0,,6.0,4.7,,1012.3,,3.0
2024-03-13,9,33.2,15.7,35.0,0.0,,0.0,0.0,,1010.9,,3.0
2024-03-13,10,33.5,9.5,23.0,0.0,,338.0,6.1,,1010.0,,3.0
2024-03-13,11,33.1,9.2,23.0,0.0,,279.0,9.7,,1009.6,,3.0
2024-03-13,12,33.0,13.1,30.0,0.0,,0.0,0.0,,1010.0,,3.0
2024-03-13,13,31.8,9.9,26.0,0.0,,204.0,5.0,,1010.4,,3.0
2024-03-13,14,30.3,9.2,27.0,0.0,,168.0,6.8,,1011.1,,3.0
2024-03-13,15,29.0,16.9,48.0,0.0,,0.0,0.0,,1012.4,,3.0
2024-03-13,16,29.4,9.5,29.0,0.0,,119.0,22.0,,1013.9,,3.0
2024-03-13,17,26.5,13.6,45.0,0.0,,124.0,23.0,,1015.1,,3.0
2024-03-13,18,26.2,15.3,51.0,0.0,,90.0,7.6,,1015.2,,2.0
2024-03-13,19,23.8,15.0,58.0,0.0,,149.0,15.8,,1015.4,,3.0
2024-03-13,20,23.0,15.8,64.0,0.0,,166.0,13.0,,1015.2,,1.0
2024-03-13,21,26.0,17.1,58.0,0.0,,0.0,0.0,,1014.5,,1.0
2024-03-13,22,22.0,15.1,65.0,0.0,,195.0,8.6,,1014.3,,1.0
2024-03-13,23,21.6,16.3,72.0,0.0,,202.0,10.8,,1014.3,,1.0
2024-03-14,0,24.2,21.3,84.0,0.0,,50.0,5.4,,1014.7,,1.0
2024-03-14,1,20.6,19.3,92.0,0.0,,237.0,7.9,,1015.5,,1.0
2024-03-14,2,22.1,19.6,86.0,0.0,,251.0,8.6,,1016.4,,1.0
2024-03-14,3,24.2,21.5,85.0,0.0,,0.0,0.0,,1016.9,,1.0
2024-03-14,4,27.5,16.8,52.0,0.0,,235.0,9.7,,1016.5,,1.0
2024-03-14,5,29.9,13.6,37.0,0.0,,237.0,8.6,,1016.1,,1.0
2024-03-14,6,30.0,17.5,47.0,0.0,,230.0,7.6,,1015.0,,1.0
2024-03-14,7,33.0,12.1,28.0,0.0,,224.0,4.0,,1013.3,,1.0
2024-03-14,8,33.5,11.4,26.0,0.0,,228.0,5.8,,1011.8,,3.0
2024-03-14,9,33.2,15.7,35.0,0.0,,0.0,0.0,,1010.4,,3.0
2024-03-14,10,33.6,13.1,29.0,0.0,,346.0,6.1,,1010.1,,3.0
2024-03-14,11,33.1,13.2,30.0,0.0,,340.0,5.4,,1009.9,,2.0
2024-03-14,12,33.0,15.1,34.0,0.0,,0.0,0.0,,1010.2,,1.0
2024-03-14,13,30.7,13.0,34.0,0.0,,310.0,7.2,,1010.7,,2.0
2024-03-14,14,29.6,13.4,37.0,0.0,,317.0,9.4,,1011.1,,1.0
2024-03-14,15,33.0,15.1,34.0,0.0,,0.0,0.0,,1012.2,,1.0
2024-03-14,16,27.2,13.9,44.0,0.0,,150.0,8.6,,1012.7,,2.0
2024-03-14,17,27.1,12.0,39.0,0.0,,135.0,20.5,,1013.7,,3.0
2024-03-14,18,27.4,15.1,47.0,0.0,,90.0,5.4,,1014.0,,3.0
2024-03-14,19,25.2,12.4,45.0,0.0,,136.0,17.3,,1013.2,,3.0
2024-03-14,20,25.0,11.9,44.0,0.0,,156.0,13.7,,1012.6,,3.0
2024-03-14,21,25.4,18.1,64.0,0.0,,180.0,3.6,,1012.4,,1.0
2024-03-14,22,23.3,13.2,53.0,0.0,,185.0,11.9,,1012.1,,1.0
2024-03-14,23,22.4,14.8,62.0,0.0,,200.0,8.6,,1012.2,,1.0
2024-03-15,0,24.4,19.9,76.0,0.0,,230.0,5.4,,1012.8,,1.0
2024-03-15,1,21.6,17.4,77.0,0.0,,254.0,7.2,,1013.8,,1.0
2024-03-15,2,23.1,18.0,73.0,0.0,,272.0,7.9,,1014.7,,3.0
2024-03-15,3,24.4,21.1,82.0,0.0,,0.0,0.0,,1015.4,,3.0
2024-03-15,4,27.6,15.3,47.0,0.0,,253.0,10.4,,1015.4,,2.0
2024-03-15,5,30.2,13.9,37.0,0.0,,235.0,8.6,,1014.8,,1.0
2024-03-15,6,31.0,17.0,43.0,0.0,,230.0,3.6,,1013.8,,1.0
2024-03-15,7,33.3,11.8,27.0,0.0,,162.0,8.6,,1012.0,,2.0
2024-03-15,8,34.2,12.5,27.0,0.0,,147.0,10.4,,1010.5,,3.0
2024-03-15,9,33.4,14.5,32.0,0.0,,230.0,3.6,,1009.6,,3.0
2024-03-15,10,34.5,11.0,24.0,0.0,,122.0,14.8,,1008.5,,3.0
2024-03-15,11,33.8,10.4,24.0,0.0,,134.0,17.6,,1008.5,,3.0
2024-03-15,12,32.6,12.8,30.0,0.0,,140.0,5.4,,1009.2,,3.0
2024-03-15,13,31.2,10.0,27.0,0.0,,103.0,16.2,,1009.9,,3.0
2024-03-15,14,30.3,9.8,28.0,0.0,,108.0,12.2,,1010.6,,3.0
2024-03-15,15,29.8,13.1,36.0,0.0,,140.0,7.6,,1012.1,,3.0
2024-03-15,16,27.8,10.9,35.0,0.0,,131.0,20.9,,1013.3,,3.0
2024-03-15,17,26.4,12.1,41.0,0.0,,130.0,20.5,,1013.8,,2.0
2024-03-15,18,27.4,16.1,50.0,0.0,,140.0,7.6,,1013.8,,2.0
2024-03-15,19,24.6,14.7,54.0,0.0,,146.0,15.1,,1013.9,,2.0
2024-03-15,20,23.5,16.1,63.0,0.0,,154.0,14.4,,1013.7,,3.0
2024-03-15,21,25.0,18.2,66.0,0.0,,0.0,0.0,,1012.9,,1.0
2024-03-15,22,22.7,18.3,76.0,0.0,,145.0,11.2,,1013.0,,2.0
2024-03-15,23,22.3,18.9,81.0,0.0,,152.0,11.2,,1013.3,,3.0
2024-03-16,0,24.6,17.8,66.0,0.0,,0.0,0.0,,1013.9,,3.0
2024-03-16,1,21.5,18.5,83.0,0.0,,182.0,4.7,,1015.0,,1.0
2024-03-16,2,23.0,17.5,71.0,0.0,,178.0,8.6,,1015.8,,1.0
2024-03-16,3,26.2,18.6,63.0,0.0,,0.0,0.0,,1016.1,,1.0
2024-03-16,4,27.8,14.4,44.0,0.0,,212.0,9.7,,1016.0,,1.0
2024-03-16,5,30.0,12.9,35.0,0.0,,208.0,9.0,,1015.5,,1.0
2024-03-16,6,30.2,18.6,50.0,0.0,,50.0,5.4,,1014.4,,1.0
2024-03-16,7,33.5,10.8,25.0,0.0,,148.0,10.1,,1012.7,,1.0
2024-03-16,8,34.2,10.1,23.0,0.0,,130.0,12.2,,1011.0,,3.0
2024-03-16,9,33.0,16.4,37.0,0.0,,90.0,5.4,,1009.5,,3.0
2024-03-16,10,34.9,9.3,21.0,0.0,,120.0,16.6,,1008.8,,2.0
2024-03-16,11,34.3,7.4,19.0,0.0,,112.0,16.2,,1008.5,,2.0
2024-03-16,12,31.0,12.9,33.0,0.0,,110.0,5.4,,1008.8,,3.0
2024-03-16,13,31.6,8.6,24.0,0.0,,135.0,16.6,,1009.8,,2.0
2024-03-16,14,29.3,9.9,30.0,0.0,,133.0,16.9,,1011.6,,3.0
2024-03-16,15,28.6,14.1,41.0,0.0,,140.0,3.6,,1012.7,,1.0
2024-03-16,16,26.5,13.9,46.0,0.0,,125.0,18.7,,1014.1,,1.0
2024-03-16,17,25.6,15.0,52.0,0.0,,118.0,18.4,,1014.9,,1.0
2024-03-16,18,26.2,15.3,51.0,0.0,,180.0,3.6,,1014.6,,1.0
2024-03-16,19,24.5,16.2,60.0,0.0,,129.0,14.8,,1013.7,,1.0
2024-03-16,20,23.7,16.5,64.0,0.0,,128.0,14.0,,1013.3,,1.0
2024-03-16,21,24.6,17.1,63.0,0.0,,140.0,3.6,,1012.8,,1.0
2024-03-16,22,21.7,18.9,84.0,0.0,,134.0,14.0,,1012.9,,1.0
2024-03-16,23,20.9,19.4,91.0,0.0,,135.0,13.3,,1013.3,,1.0
2024-03-17,0,22.4,19.8,85.0,0.0,,140.0,3.6,,1013.8,,1.0
2024-03-17,1,19.9,19.6,98.0,0.0,,136.0,11.2,,1014.6,,1.0
2024-03-17,2,21.2,19.3,89.0,0.0,,143.0,13.0,,1015.6,,3.0
2024-03-17,3,24.4,20.5,79.0,0.0,,0.0,0.0,,1015.9,,3.0
2024-03-17,4,26.3,17.7,59.0,0.0,,160.0,10.4,,1015.8,,1.0
2024-03-17,5,28.9,15.1,43.0,0.0,,155.0,12.2,,1015.2,,1.0
2024-03-17,6,30.8,13.1,34.0,0.0,,140.0,3.6,,1014.7,,1.0
2024-03-17,7,32.5,8.7,23.0,0.0,,130.0,13.3,,1013.5,,1.0
2024-03-17,8,33.3,8.0,21.0,0.0,,122.0,14.4,,1012.0,,1.0
2024-03-17,9,33.8,6.2,18.0,0.0,,140.0,3.6,,1010.7,,1.0
2024-03-17,10,33.4,7.4,20.0,0.0,,115.0,15.1,,1010.0,,1.0
2024-03-17,11,33.2,9.3,23.0,0.0,,121.0,16.6,,1010.0,,1.0
2024-03-17,12,30.6,9.5,27.0,0.0,,50.0,1.8,,1010.4,,3.0
2024-03-17,13,30.5,8.8,26.0,0.0,,138.0,14.8,,1010.7,,3.0
2024-03-17,14,29.0,9.7,30.0,0.0,,140.0,16.9,,1011.5,,2.0
2024-03-17,15,27.6,9.9,33.0,0.0,,90.0,7.6,,1012.6,,1.0
2024-03-17,16,26.4,13.5,45.0,0.0,,130.0,19.8,,1014.4,,1.0
2024-03-17,17,25.1,14.6,52.0,0.0,,126.0,19.4,,1014.9,,1.0
2024-03-17,18,25.6,16.2,56.0,0.0,,140.0,9.4,,1014.6,,1.0
2024-03-17,19,23.3,15.4,61.0,0.0,,165.0,14.4,,1014.7,,1.0
2024-03-17,20,22.5,15.8,66.0,0.0,,158.0,12.2,,1014.0,,2.0
2024-03-17,21,24.4,16.1,60.0,0.0,,0.0,0.0,,1013.6,,2.0
2024-03-17,22,21.3,16.5,74.0,0.0,,152.0,12.2,,1013.4,,1.0
2024-03-17,23,20.6,16.8,79.0,0.0,,160.0,9.4,,1013.4,,1.0
2024-03-18,0,22.8,17.3,71.0,0.0,,140.0,5.4,,1013.8,,1.0
2024-03-18,1,20.1,16.9,82.0,0.0,,190.0,6.5,,1014.7,,1.0
2024-03-18,2,21.4,16.6,74.0,0.0,,19.0,4.0,,1015.8,,1.0
2024-03-18,3,25.2,17.9,64.0,0.0,,0.0,0.0,,1016.3,,1.0
2024-03-18,4,27.3,15.0,47.0,0.0,,216.0,5.4,,1016.2,,1.0
2024-03-18,5,29.5,12.0,34.0,0.0,,184.0,6.5,,1015.6,,1.0
2024-03-18,6,30.4,14.1,37.0,0.0,,230.0,3.6,,1014.4,,1.0
2024-03-18,7,32.5,9.3,24.0,0.0,,142.0,7.6,,1012.7,,1.0
2024-03-18,8,33.7,8.4,21.0,0.0,,112.0,10.1,,1010.9,,1.0
2024-03-18,9,33.6,12.0,27.0,0.0,,140.0,5.4,,1009.6,,1.0
2024-03-18,10,33.4,7.4,20.0,0.0,,96.0,15.5,,1009.0,,2.0
2024-03-18,11,32.6,6.7,20.0,0.0,,108.0,16.2,,1008.8,,3.0
2024-03-18,12,31.6,11.4,29.0,0.0,,140.0,5.4,,1008.6,,3.0
2024-03-18,13,31.2,6.3,21.0,0.0,,127.0,18.4,,1009.5,,3.0
2024-03-18,14,29.6,8.1,26.0,0.0,,132.0,17.3,,1010.6,,3.0
2024-03-18,15,28.0,14.6,44.0,0.0,,90.0,5.4,,1012.0,,1.0
2024-03-18,16,26.2,9.1,34.0,0.0,,122.0,21.2,,1012.9,,1.0
2024-03-18,17,24.8,11.7,44.0,0.0,,128.0,18.4,,1014.1,,2.0
2024-03-18,18,25.4,11.9,43.0,0.0,,90.0,3.6,,1014.3,,1.0
2024-03-18,19,23.3,13.8,55.0,0.0,,131.0,15.8,,1013.8,,1.0
2024-03-18,20,22.6,13.7,57.0,0.0,,175.0,14.0,,1013.5,,1.0
2024-03-18,21,24.0,13.5,52.0,0.0,,0.0,0.0,,1013.2,,1.0
2024-03-18,22,21.7,13.9,61.0,0.0,,168.0,11.5,,1012.5,,1.0
2024-03-18,23,20.9,14.1,65.0,0.0,,223.0,7.2,,1012.9,,1.0
2024-03-19,0,22.4,14.5,61.0,0.0,,0.0,0.0,,1012.9,,1.0
2024-03-19,1,19.7,14.1,70.0,0.0,,193.0,7.6,,1013.7,,1.0
2024-03-19,2,22.6,13.7,57.0,0.0,,181.0,7.2,,1014.6,,1.0
2024-03-19,3,25.0,18.0,65.0,0.0,,0.0,0.0,,1015.2,,1.0
2024-03-19,4,27.9,11.0,35.0,0.0,,205.0,9.4,,1015.2,,1.0
2024-03-19,5,29.7,9.8,29.0,0.0,,204.0,7.6,,1014.9,,2.0
2024-03-19,6,30.4,13.2,35.0,0.0,,140.0,3.6,,1013.7,,1.0
2024-03-19,7,32.8,8.3,22.0,0.0,,126.0,8.3,,1012.1,,1.0
2024-03-19,8,33.5,7.5,20.0,0.0,,99.0,10.4,,1010.7,,2.0
2024-03-19,9,34.0,8.6,21.0,0.0,,140.0,5.4,,1009.4,,2.0
2024-03-19,10,33.3,6.6,19.0,0.0,,95.0,15.5,,1008.9,,3.0
2024-03-19,11,32.7,5.3,18.0,0.0,,104.0,16.6,,1008.8,,2.0
2024-03-19,12,32.2,8.5,23.0,0.0,,90.0,5.4,,1009.0,,2.0
2024-03-19,13,30.1,4.7,20.0,0.0,,119.0,12.6,,1009.5,,2.0
2024-03-19,14,28.1,6.2,25.0,0.0,,110.0,15.5,,1010.9,,2.0
2024-03-19,15,28.0,9.8,32.0,0.0,,90.0,7.6,,1011.5,,1.0
2024-03-19,16,26.0,9.8,36.0,0.0,,124.0,20.9,,1012.9,,1.0
2024-03-19,17,24.9,13.1,48.0,0.0,,129.0,18.0,,1013.3,,1.0
2024-03-19,18,25.4,12.9,46.0,0.0,,140.0,5.4,,1013.3,,1.0
2024-03-19,19,23.0,14.3,58.0,0.0,,131.0,16.2,,1013.1,,1.0
2024-03-19,20,21.9,15.3,66.0,0.0,,146.0,14.8,,1012.6,,1.0
2024-03-19,21,23.4,14.7,58.0,0.0,,90.0,5.4,,1012.6,,1.0
2024-03-19,22,20.8,15.3,71.0,0.0,,150.0,10.1,,1012.4,,1.0
2024-03-19,23,20.4,15.4,73.0,0.0,,157.0,8.6,,1012.5,,1.0
2024-03-20,0,22.2,17.6,75.0,0.0,,0.0,0.0,,1012.9,,1.0
2024-03-20,1,19.7,14.7,73.0,0.0,,159.0,9.0,,1013.6,,1.0
2024-03-20,2,21.9,14.8,64.0,0.0,,165.0,9.4,,1014.5,,1.0
2024-03-20,3,25.6,17.3,60.0,0.0,,185.0,3.6,,1014.9,,1.0
2024-03-20,4,27.7,14.3,44.0,0.0,,195.0,13.7,,1014.5,,1.0
2024-03-20,5,29.9,12.8,35.0,0.0,,189.0,7.6,,1014.4,,1.0
2024-03-20,6,31.0,11.4,30.0,0.0,,0.0,0.0,,1013.0,,1.0
2024-03-20,7,33.3,10.6,25.0,0.0,,72.0,8.3,,1011.5,,1.0
2024-03-20,8,34.3,9.5,22.0,0.0,,73.0,10.1,,1010.0,,3.0
2024-03-20,9,33.4,12.4,28.0,0.0,,90.0,5.4,,1008.7,,3.0
2024-03-20,10,35.0,9.4,21.0,0.0,,88.0,11.9,,1008.2,,2.0
2024-03-20,11,34.4,8.9,21.0,0.0,,94.0,13.0,,1008.1,,2.0
2024-03-20,12,32.4,10.4,26.0,0.0,,0.0,0.0,,1008.5,,2.0
2024-03-20,13,31.5,7.2,22.0,0.0,,113.0,14.0,,1009.4,,3.0
2024-03-20,14,30.1,7.3,24.0,0.0,,133.0,16.6,,1010.1,,2.0
2024-03-20,15,28.4,10.6,33.0,0.0,,90.0,9.4,,1011.7,,3.0
2024-03-20,16,26.8,10.9,37.0,0.0,,103.0,19.1,,1012.8,,1.0
2024-03-20,17,25.3,14.1,50.0,0.0,,117.0,18.0,,1013.3,,1.0
2024-03-20,18,25.2,15.2,54.0,0.0,,140.0,9.4,,1013.6,,1.0
2024-03-20,19,22.9,16.9,69.0,0.0,,111.0,20.2,,1013.7,,1.0
2024-03-20,20,21.5,18.3,82.0,0.0,,118.0,17.6,,1013.4,,1.0
2024-03-20,21,22.2,19.0,82.0,0.0,,90.0,7.6,,1013.3,,1.0
2024-03-20,22,20.2,18.3,89.0,0.0,,116.0,16.2,,1013.2,,3.0
2024-03-20,23,20.4,18.2,87.0,0.0,,114.0,15.5,,1013.5,,3.0
2024-03-21,0,21.0,18.2,84.0,0.0,,90.0,7.6,,1014.0,,3.0
2024-03-21,1,19.5,18.0,91.0,0.0,,102.0,14.4,,1015.2,,3.0
2024-03-21,2,20.7,17.9,84.0,0.0,,107.0,16.9,,1015.8,,2.0
2024-03-21,3,23.0,17.5,71.0,0.0,,110.0,5.4,,1016.4,,2.0
2024-03-21,4,25.6,15.3,53.0,0.0,,115.0,16.6,,1016.0,,1.0
2024-03-21,5,27.9,14.2,43.0,0.0,,120.0,15.1,,1015.2,,1.0
2024-03-21,6,28.8,13.1,38.0,0.0,,110.0,5.4,,1013.9,,1.0
2024-03-21,7,31.3,11.7,30.0,0.0,,106.0,12.6,,1012.5,,1.0
2024-03-21,8,32.3,10.9,27.0,0.0,,96.0,11.2,,1011.0,,2.0
2024-03-21,9,31.2,13.0,33.0,0.0,,90.0,5.4,,1009.6,,2.0
2024-03-21,10,31.5,11.8,30.0,0.0,,96.0,12.2,,1008.8,,1.0
2024-03-21,11,31.6,11.9,30.0,0.0,,94.0,12.2,,1008.5,,3.0
2024-03-21,12,30.6,13.0,34.0,0.0,,90.0,5.4,,1008.9,,3.0
2024-03-21,13,29.0,12.4,36.0,0.0,,96.0,14.8,,1009.8,,3.0
2024-03-21,14,27.8,13.3,41.0,0.0,,103.0,17.6,,1010.8,,2.0
2024-03-21,15,28.0,13.5,41.0,0.0,,50.0,5.4,,1012.0,,1.0
2024-03-21,16,25.5,14.0,49.0,0.0,,99.0,17.6,,1013.2,,1.0
2024-03-21,17,24.2,15.4,58.0,0.0,,107.0,18.7,,1013.6,,1.0
2024-03-21,18,24.6,19.4,73.0,0.0,,90.0,7.6,,1013.7,,1.0
2024-03-21,19,22.5,17.0,71.0,0.0,,101.0,17.6,,1013.4,,1.0
2024-03-21,20,21.7,17.7,78.0,0.0,,100.0,17.3,,1012.7,,1.0
2024-03-21,21,22.6,17.9,75.0,0.0,,90.0,5.4,,1012.4,,1.0
2024-03-21,22,20.3,18.2,88.0,0.0,,112.0,9.7,,1012.4,,1.0
2024-03-21,23,19.8,18.5,92.0,0.0,,132.0,7.9,,1012.4,,1.0
2024-03-22,0,21.8,18.6,82.0,0.0,,140.0,7.6,,1012.8,,2.0
2024-03-22,1,20.0,18.8,93.0,0.0,,144.0,9.0,,1013.2,,3.0
2024-03-22,2,20.9,18.7,87.0,0.0,,128.0,9.4,,1013.6,,3.0
2024-03-22,3,23.4,19.5,79.0,0.0,,140.0,3.6,,1014.1,,1.0
2024-03-22,4,26.8,15.2,49.0,0.0,,131.0,10.1,,1013.9,,1.0
2024-03-22,5,29.2,13.4,38.0,0.0,,106.0,10.1,,1013.5,,1.0
2024-03-22,6,30.0,14.9,40.0,0.0,,90.0,5.4,,1012.3,,1.0
2024-03-22,7,32.6,11.7,28.0,0.0,,57.0,10.8,,1010.6,,2.0
2024-03-22,8,33.2,10.5,25.0,0.0,,50.0,10.1,,1009.0,,1.0
2024-03-22,9,32.0,13.7,33.0,0.0,,50.0,5.4,,1007.5,,1.0
2024-03-22,10,33.9,8.5,21.0,0.0,,55.0,11.2,,1006.6,,1.0
2024-03-22,11,33.5,8.2,21.0,0.0,,61.0,13.3,,1006.2,,1.0
2024-03-22,12,31.4,11.7,30.0,0.0,,50.0,5.4,,1006.7,,2.0
2024-03-22,13,31.2,8.2,24.0,0.0,,58.0,14.0,,1007.6,,3.0
2024-03-22,14,29.9,8.3,26.0,0.0,,75.0,14.4,,1009.0,,3.0
2024-03-22,15,28.6,13.7,40.0,0.0,,50.0,5.4,,1010.0,,3.0
2024-03-22,16,27.6,9.9,33.0,0.0,,96.0,13.3,,1011.0,,3.0
2024-03-22,17,25.6,10.6,39.0,0.0,,95.0,14.8,,1011.9,,2.0
2024-03-22,18,25.2,15.8,56.0,0.0,,50.0,9.4,,1012.4,,1.0
2024-03-22,19,22.6,16.2,67.0,0.0,,116.0,15.8,,1012.0,,1.0
2024-03-22,20,21.7,16.9,74.0,0.0,,114.0,14.0,,1011.6,,1.0
2024-03-22,21,23.2,18.1,73.0,0.0,,50.0,5.4,,1011.3,,1.0
2024-03-22,22,20.3,18.4,89.0,0.0,,131.0,9.7,,1011.1,,1.0
2024-03-22,23,19.7,18.5,93.0,0.0,,142.0,7.9,,1011.0,,1.0
2024-03-23,0,22.0,19.4,85.0,0.0,,0.0,0.0,,1011.5,,1.0
2024-03-23,1,18.9,18.1,95.0,0.0,,148.0,7.6,,1012.2,,1.0
2024-03-23,2,21.0,17.8,82.0,0.0,,152.0,7.6,,1013.2,,1.0
2024-03-23,3,24.8,18.0,66.0,0.0,,140.0,3.6,,1013.8,,1.0
2024-03-23,4,27.5,13.1,41.0,0.0,,145.0,9.4,,1013.8,,1.0
2024-03-23,5,30.2,9.7,28.0,0.0,,116.0,10.4,,1013.0,,1.0
2024-03-23,6,31.2,11.6,30.0,0.0,,140.0,3.6,,1012.0,,1.0
2024-03-23,7,33.2,7.9,21.0,0.0,,74.0,13.7,,1010.5,,1.0
2024-03-23,8,34.2,7.3,19.0,0.0,,64.0,13.7,,1009.2,,1.0
2024-03-23,9,34.0,7.9,20.0,0.0,,90.0,5.4,,1008.1,,1.0
2024-03-23,10,34.2,7.3,19.0,0.0,,75.0,14.0,,1007.4,,1.0
2024-03-23,11,34.0,7.1,19.0,0.0,,93.0,13.7,,1007.1,,1.0
2024-03-23,12,33.0,12.1,28.0,0.0,,90.0,5.4,,1007.3,,2.0
2024-03-23,13,30.2,8.0,25.0,0.0,,112.0,17.6,,1008.6,,3.0
2024-03-23,14,29.7,8.2,26.0,0.0,,108.0,14.8,,1009.5,,3.0
2024-03-23,15,28.6,12.1,36.0,0.0,,90.0,7.6,,1011.1,,3.0
2024-03-23,16,26.8,11.3,38.0,0.0,,119.0,16.6,,1012.3,,2.0
2024-03-23,17,25.9,12.4,43.0,0.0,,120.0,16.6,,1012.9,,1.0
2024-03-23,18,26.2,15.3,51.0,0.0,,90.0,7.6,,1013.4,,1.0
2024-03-23,19,23.4,14.4,57.0,0.0,,120.0,15.8,,1013.3,,1.0
2024-03-23,20,22.4,14.8,62.0,0.0,,115.0,14.0,,1012.8,,1.0
2024-03-23,21,24.0,17.3,66.0,0.0,,90.0,3.6,,1012.4,,1.0
2024-03-23,22,20.8,14.7,68.0,0.0,,182.0,7.9,,1012.6,,1.0
2024-03-23,23,20.1,14.2,69.0,0.0,,139.0,10.4,,1012.4,,1.0
2024-03-24,0,22.4,14.5,61.0,0.0,,0.0,0.0,,1013.0,,1.0
2024-03-24,1,19.2,12.9,67.0,0.0,,206.0,9.0,,1013.9,,1.0
2024-03-24,2,22.1,12.1,53.0,0.0,,184.0,8.3,,1014.6,,1.0
2024-03-24,3,26.4,13.9,46.0,0.0,,140.0,5.4,,1015.2,,2.0
2024-03-24,4,28.3,9.1,30.0,0.0,,178.0,9.0,,1015.0,,1.0
2024-03-24,5,30.7,7.2,23.0,0.0,,151.0,10.4,,1014.6,,1.0
2024-03-24,6,31.4,11.7,30.0,0.0,,140.0,7.6,,1013.5,,1.0
2024-03-24,7,33.6,4.3,16.0,0.0,,102.0,15.8,,1012.6,,1.0
2024-03-24,8,34.1,3.8,15.0,0.0,,99.0,16.6,,1011.2,,1.0
2024-03-24,9,34.8,6.2,17.0,0.0,,90.0,5.4,,1009.9,,1.0
2024-03-24,10,34.3,3.0,14.0,0.0,,108.0,17.3,,1009.2,,1.0
2024-03-24,11,33.6,2.4,14.0,0.0,,106.0,18.0,,1009.2,,1.0
2024-03-24,12,32.8,7.6,21.0,0.0,,140.0,5.4,,1009.7,,1.0
2024-03-24,13,30.7,3.7,18.0,0.0,,91.0,12.6,,1010.4,,1.0
2024-03-24,14,29.0,4.5,21.0,0.0,,102.0,15.8,,1011.6,,1.0
2024-03-24,15,28.4,11.5,35.0,0.0,,140.0,7.6,,1012.7,,1.0
2024-03-24,16,26.9,10.1,35.0,0.0,,140.0,20.2,,1013.6,,1.0
2024-03-24,17,25.4,11.2,41.0,0.0,,129.0,18.0,,1014.7,,1.0
2024-03-24,18,25.6,13.8,48.0,0.0,,140.0,9.4,,1014.8,,1.0
2024-03-24,19,23.4,13.6,54.0,0.0,,113.0,16.9,,1014.4,,1.0
2024-03-24,20,22.6,14.2,59.0,0.0,,115.0,16.2,,1013.7,,1.0
2024-03-24,21,23.2,16.3,65.0,0.0,,140.0,5.4,,1013.0,,1.0
2024-03-24,22,20.7,16.1,75.0,0.0,,126.0,11.2,,1012.9,,1.0
2024-03-24,23,20.0,16.2,79.0,0.0,,140.0,9.4,,1013.0,,1.0
2024-03-25,0,21.6,17.0,75.0,0.0,,90.0,3.6,,1013.4,,1.0
2024-03-25,1,18.9,16.3,85.0,0.0,,181.0,6.5,,1014.1,,1.0
2024-03-25,2,21.7,16.0,70.0,0.0,,170.0,7.6,,1014.7,,1.0
2024-03-25,3,25.0,14.5,52.0,0.0,,168.0,3.6,,1015.3,,1.0
2024-03-25,4,28.3,9.6,31.0,0.0,,150.0,7.6,,1015.3,,1.0
2024-03-25,5,30.9,6.0,21.0,0.0,,126.0,11.9,,1014.8,,1.0
2024-03-25,6,32.4,7.3,21.0,0.0,,140.0,5.4,,1013.9,,1.0
2024-03-25,7,33.5,5.9,18.0,0.0,,99.0,15.1,,1012.5,,1.0
2024-03-25,8,34.3,6.6,18.0,0.0,,92.0,15.5,,1010.9,,1.0
2024-03-25,9,34.0,7.9,20.0,0.0,,90.0,5.4,,1009.7,,1.0
2024-03-25,10,34.5,5.9,17.0,0.0,,78.0,16.6,,1009.2,,1.0
2024-03-25,11,34.4,5.8,17.0,0.0,,63.0,19.1,,1009.1,,1.0
2024-03-25,12,32.0,6.2,20.0,0.0,,50.0,3.6,,1009.6,,2.0
2024-03-25,13,31.0,6.8,22.0,0.0,,99.0,15.5,,1010.2,,2.0
2024-03-25,14,29.6,8.1,26.0,0.0,,104.0,20.5,,1011.0,,1.0
2024-03-25,15,28.2,13.7,41.0,0.0,,140.0,7.6,,1012.5,,1.0
2024-03-25,16,26.5,12.9,43.0,0.0,,102.0,19.4,,1014.2,,3.0
2024-03-25,17,25.6,13.5,47.0,0.0,,100.0,21.6,,1014.8,,1.0
2024-03-25,18,25.8,16.1,55.0,0.0,,90.0,5.4,,1014.9,,1.0
2024-03-25,19,23.1,14.1,57.0,0.0,,103.0,20.9,,1014.2,,1.0
2024-03-25,20,22.4,14.5,61.0,0.0,,103.0,17.6,,1013.5,,1.0
2024-03-25,21,24.0,16.8,64.0,0.0,,90.0,5.4,,1013.1,,1.0
2024-03-25,22,20.9,13.8,64.0,0.0,,162.0,7.9,,1013.0,,2.0
2024-03-25,23,20.1,14.2,69.0,0.0,,209.0,7.2,,1013.3,,2.0
2024-03-26,0,22.0,14.9,64.0,0.0,,0.0,0.0,,1013.8,,2.0
2024-03-26,1,19.1,15.6,80.0,0.0,,210.0,6.8,,1014.4,,1.0
2024-03-26,2,22.1,15.5,66.0,0.0,,214.0,5.8,,1015.0,,1.0
2024-03-26,3,25.4,15.7,55.0,0.0,,0.0,0.0,,1015.6,,1.0
2024-03-26,4,28.3,8.1,28.0,0.0,,157.0,6.5,,1015.8,,1.0
2024-03-26,5,30.6,6.5,22.0,0.0,,120.0,9.4,,1015.5,,1.0
2024-03-26,6,31.4,7.8,23.0,0.0,,90.0,5.4,,1014.5,,1.0
2024-03-26,7,33.6,5.2,17.0,0.0,,92.0,15.8,,1013.0,,1.0
2024-03-26,8,34.3,5.8,17.0,0.0,,88.0,17.6,,1011.6,,1.0
2024-03-26,9,34.6,8.4,20.0,0.0,,90.0,7.6,,1010.5,,1.0
2024-03-26,10,34.6,6.0,17.0,0.0,,77.0,19.1,,1009.9,,2.0
2024-03-26,11,33.9,5.4,17.0,0.0,,79.0,19.8,,1009.7,,2.0
2024-03-26,12,32.4,6.6,20.0,0.0,,83.0,19.1,,1010.2,,3.0
2024-03-26,13,31.1,6.9,22.0,0.0,,108.0,18.7,,1011.2,,3.0
2024-03-26,14,29.2,8.8,28.0,0.0,,97.0,17.6,,1012.7,,3.0
2024-03-26,15,27.5,11.5,37.0,0.0,,116.0,18.7,,1014.2,,1.0
2024-03-26,16,26.5,12.5,42.0,0.0,,110.0,18.0,,1015.2,,1.0
2024-03-26,17,25.6,13.1,46.0,0.0,,109.0,17.3,,1015.7,,1.0
2024-03-26,18,25.4,13.6,48.0,0.0,,107.0,3.6,,1015.7,,1.0
2024-03-26,19,22.9,13.4,55.0,0.0,,119.0,14.0,,1016.1,,1.0
2024-03-26,20,21.9,13.3,58.0,0.0,,118.0,13.7,,1015.5,,1.0
2024-03-26,21,20.9,13.1,61.0,0.0,,116.0,12.6,,1015.1,,1.0
2024-03-26,22,20.0,13.7,67.0,0.0,,116.0,10.4,,1014.9,,1.0
2024-03-26,23,19.2,14.2,73.0,0.0,,122.0,9.4,,1014.9,,1.0
2024-03-27,0,18.6,14.9,79.0,0.0,,133.0,7.9,,1015.6,,1.0
2024-03-27,1,18.2,15.1,82.0,0.0,,139.0,8.3,,1016.6,,1.0
2024-03-27,2,20.6,15.2,71.0,0.0,,126.0,9.0,,1017.2,,1.0
2024-03-27,3,25.2,19.1,69.0,0.0,,90.0,3.6,,1017.8,,1.0
2024-03-27,4,28.1,8.9,30.0,0.0,,138.0,11.9,,1017.8,,1.0
2024-03-27,5,30.5,5.0,20.0,0.0,,126.0,13.3,,1017.3,,1.0
2024-03-27,6,30.8,14.8,38.0,0.0,,140.0,3.6,,1016.6,,1.0
2024-03-27,7,33.2,3.1,15.0,0.0,,102.0,17.6,,1015.1,,1.0
2024-03-27,8,33.9,4.6,16.0,0.0,,95.0,18.7,,1013.6,,1.0
2024-03-27,9,34.2,6.5,18.0,0.0,,90.0,5.4,,1012.2,,1.0
2024-03-27,10,34.2,2.9,14.0,0.0,,92.0,17.6,,1011.4,,1.0
2024-03-27,11,33.7,4.4,16.0,0.0,,98.0,16.9,,1011.0,,1.0
2024-03-27,12,32.2,9.7,25.0,0.0,,140.0,7.6,,1011.4,,1.0
2024-03-27,13,30.2,7.4,24.0,0.0,,95.0,10.4,,1012.4,,2.0
2024-03-27,14,28.5,8.2,28.0,0.0,,96.0,12.2,,1013.4,,1.0
2024-03-27,15,28.4,11.5,35.0,0.0,,140.0,3.6,,1014.7,,1.0
2024-03-27,16,26.0,9.4,35.0,0.0,,115.0,14.8,,1015.7,,1.0
2024-03-27,17,25.1,13.3,48.0,0.0,,129.0,17.3,,1016.5,,1.0
2024-03-27,18,24.0,16.3,62.0,0.0,,127.0,15.8,,1016.6,,1.0
2024-03-27,19,22.8,17.3,71.0,0.0,,124.0,14.4,,1016.3,,1.0
2024-03-27,20,21.7,18.3,81.0,0.0,,125.0,11.5,,1015.8,,1.0
2024-03-27,21,20.9,18.8,88.0,0.0,,131.0,10.1,,1015.1,,1.0
2024-03-27,22,20.4,19.1,92.0,0.0,,128.0,7.9,,1014.6,,1.0
2024-03-27,23,19.8,19.0,95.0,0.0,,136.0,6.5,,1014.5,,1.0
2024-03-28,0,19.4,18.9,97.0,0.0,,144.0,6.5,,1014.8,,1.0
2024-03-28,1,19.2,18.7,97.0,0.0,,151.0,6.5,,1015.3,,1.0
2024-03-28,2,22.5,18.1,76.0,0.0,,120.0,8.6,,1015.4,,1.0
2024-03-28,3,26.3,16.3,54.0,0.0,,144.0,9.7,,1016.0,,2.0
2024-03-28,4,29.1,13.3,38.0,0.0,,143.0,10.1,,1015.7,,2.0
2024-03-28,5,31.6,9.8,26.0,0.0,,126.0,11.5,,1014.9,,2.0
2024-03-28,6,33.3,7.3,20.0,0.0,,111.0,13.3,,1013.9,,1.0
2024-03-28,7,34.2,7.3,19.0,0.0,,103.0,14.8,,1012.7,,1.0
2024-03-28,8,34.8,7.8,19.0,0.0,,102.0,14.8,,1011.4,,1.0
2024-03-28,9,34.9,8.6,20.0,0.0,,103.0,14.4,,1010.2,,1.0
2024-03-28,10,34.7,9.2,21.0,0.0,,109.0,14.4,,1009.4,,1.0
2024-03-28,11,34.4,8.9,21.0,0.0,,112.0,15.1,,1008.9,,1.0
2024-03-28,12,33.6,6.8,19.0,0.0,,99.0,15.8,,1009.1,,2.0
2024-03-28,13,31.4,7.1,22.0,0.0,,100.0,15.1,,1010.0,,3.0
2024-03-28,14,29.9,7.1,24.0,0.0,,102.0,18.0,,1011.0,,3.0
2024-03-28,15,28.8,6.8,25.0,0.0,,110.0,19.1,,1012.0,,1.0
2024-03-28,16,27.6,9.4,32.0,0.0,,120.0,19.4,,1013.1,,1.0
2024-03-28,17,26.8,10.9,37.0,0.0,,127.0,17.3,,1013.8,,1.0
2024-03-28,18,25.5,10.9,40.0,0.0,,126.0,15.5,,1014.2,,1.0
2024-03-28,19,24.6,11.9,45.0,0.0,,128.0,14.4,,1013.8,,2.0
2024-03-28,20,23.5,13.4,53.0,0.0,,130.0,13.3,,1013.2,,2.0
2024-03-28,21,22.7,14.3,59.0,0.0,,142.0,13.0,,1012.5,,3.0
2024-03-28,22,21.9,14.8,64.0,0.0,,168.0,10.8,,1012.4,,3.0
2024-03-28,23,21.3,14.7,66.0,0.0,,179.0,9.0,,1012.4,,1.0
2024-03-29,0,21.0,14.4,66.0,0.0,,167.0,7.2,,1012.7,,1.0
2024-03-29,1,20.8,14.7,68.0,0.0,,166.0,6.8,,1013.4,,1.0
2024-03-29,2,23.5,15.5,61.0,0.0,,173.0,7.9,,1014.3,,1.0
2024-03-29,3,26.4,14.8,49.0,0.0,,197.0,9.0,,1015.0,,1.0
2024-03-29,4,29.3,13.9,39.0,0.0,,200.0,10.1,,1015.0,,3.0
2024-03-29,5,31.7,11.0,28.0,0.0,,164.0,10.1,,1014.4,,3.0
2024-03-29,6,33.7,9.0,22.0,0.0,,124.0,13.7,,1013.3,,3.0
2024-03-29,7,34.8,7.8,19.0,0.0,,103.0,16.9,,1012.1,,1.0
2024-03-29,8,35.2,8.1,19.0,0.0,,100.0,17.6,,1010.9,,3.0
2024-03-29,9,35.9,8.7,19.0,0.0,,102.0,18.4,,1009.4,,3.0
2024-03-29,10,35.6,7.6,18.0,0.0,,107.0,17.6,,1008.6,,3.0
2024-03-29,11,34.8,7.8,19.0,0.0,,105.0,18.7,,1008.4,,1.0
2024-03-29,12,33.5,7.5,20.0,0.0,,108.0,18.7,,1008.7,,2.0
2024-03-29,13,31.7,8.0,23.0,0.0,,107.0,14.0,,1009.6,,1.0
2024-03-29,14,29.4,8.5,27.0,0.0,,100.0,17.6,,1011.4,,1.0
2024-03-29,15,28.2,9.5,31.0,0.0,,118.0,18.7,,1012.6,,1.0
2024-03-29,16,27.0,10.7,36.0,0.0,,129.0,18.4,,1013.9,,1.0
2024-03-29,17,26.0,12.1,42.0,0.0,,131.0,16.9,,1014.5,,1.0
2024-03-29,18,25.2,12.8,46.0,0.0,,127.0,14.4,,1014.5,,1.0
2024-03-29,19,24.4,13.3,50.0,0.0,,124.0,12.6,,1014.1,,1.0
2024-03-29,20,23.6,13.2,52.0,0.0,,134.0,10.8,,1013.7,,1.0
2024-03-29,21,22.6,13.4,56.0,0.0,,156.0,11.2,,1013.3,,1.0
2024-03-29,22,21.7,13.6,60.0,0.0,,220.0,7.9,,1013.3,,1.0
2024-03-29,23,21.6,13.2,59.0,0.0,,282.0,8.6,,1013.2,,1.0
2024-03-30,0,21.9,14.0,61.0,0.0,,200.0,7.9,,1013.9,,1.0
2024-03-30,1,21.7,13.9,61.0,0.0,,164.0,6.8,,1014.4,,1.0
2024-03-30,2,24.0,13.8,53.0,0.0,,170.0,6.1,,1014.9,,1.0
2024-03-30,3,26.8,14.5,47.0,0.0,,211.0,7.2,,1015.4,,1.0
2024-03-30,4,29.0,13.7,39.0,0.0,,219.0,6.5,,1015.5,,1.0
2024-03-30,5,31.3,9.5,26.0,0.0,,126.0,7.9,,1015.0,,1.0
2024-03-30,6,33.2,7.9,21.0,0.0,,100.0,12.2,,1014.1,,1.0
2024-03-30,7,34.4,6.7,18.0,0.0,,96.0,15.8,,1012.8,,1.0
2024-03-30,8,35.3,6.6,17.0,0.0,,95.0,18.0,,1011.4,,1.0
2024-03-30,9,35.5,4.9,15.0,0.0,,97.0,19.1,,1010.2,,1.0
2024-03-30,10,35.6,4.0,14.0,0.0,,99.0,18.7,,1009.6,,1.0
2024-03-30,11,34.9,2.4,13.0,0.0,,94.0,20.5,,1009.4,,3.0
2024-03-30,12,33.6,1.4,13.0,0.0,,88.0,20.2,,1009.9,,2.0
2024-03-30,13,31.5,-0.2,13.0,0.0,,81.0,16.6,,1010.8,,1.0
2024-03-30,14,29.7,2.0,17.0,0.0,,95.0,17.3,,1012.1,,1.0
2024-03-30,15,28.0,5.6,24.0,0.0,,101.0,16.6,,1013.7,,1.0
2024-03-30,16,26.7,7.7,30.0,0.0,,116.0,14.8,,1015.0,,1.0
2024-03-30,17,25.5,9.7,37.0,0.0,,120.0,13.7,,1015.6,,1.0
2024-03-30,18,24.5,11.8,45.0,0.0,,121.0,13.0,,1015.8,,1.0
2024-03-30,19,23.7,13.0,51.0,0.0,,123.0,13.0,,1015.5,,1.0
2024-03-30,20,22.8,13.6,56.0,0.0,,131.0,12.2,,1015.1,,1.0
2024-03-30,21,22.0,13.6,59.0,0.0,,135.0,11.9,,1014.8,,1.0
2024-03-30,22,21.4,13.6,61.0,0.0,,131.0,11.2,,1014.4,,1.0
2024-03-30,23,20.8,13.5,63.0,0.0,,140.0,10.8,,1014.5,,1.0
2024-03-31,0,20.3,13.7,66.0,0.0,,151.0,9.7,,1015.2,,1.0
2024-03-31,1,20.3,14.0,67.0,0.0,,168.0,9.0,,1015.9,,1.0
2024-03-31,2,23.0,13.8,56.0,0.0,,184.0,9.0,,1016.7,,1.0
2024-03-31,3,25.6,14.1,49.0,0.0,,208.0,11.5,,1017.2,,1.0
2024-03-31,4,27.6,14.3,44.0,0.0,,206.0,11.2,,1017.4,,2.0
2024-03-31,5,29.6,13.8,38.0,0.0,,204.0,9.0,,1016.8,,3.0
2024-03-31,6,31.2,11.6,30.0,0.0,,200.0,6.8,,1015.9,,3.0
2024-03-31,7,32.7,10.1,25.0,0.0,,171.0,5.8,,1014.5,,3.0
2024-03-31,8,34.0,8.6,21.0,0.0,,116.0,9.7,,1012.7,,3.0
2024-03-31,9,34.9,5.4,16.0,0.0,,99.0,12.2,,1011.2,,3.0
2024-03-31,10,34.8,3.4,14.0,0.0,,98.0,14.8,,1010.3,,3.0
2024-03-31,11,34.5,3.1,14.0,0.0,,111.0,15.1,,1009.6,,3.0
2024-03-31,12,33.2,3.1,15.0,0.0,,112.0,14.4,,1009.9,,3.0
2024-03-31,13,30.7,4.4,19.0,0.0,,112.0,12.2,,1010.7,,3.0
2024-03-31,14,29.3,4.0,20.0,0.0,,121.0,14.4,,1011.6,,3.0
2024-03-31,15,28.4,2.6,19.0,0.0,,112.0,14.0,,1012.3,,3.0
2024-03-31,16,26.8,3.3,22.0,0.0,,106.0,14.4,,1013.5,,1.0
2024-03-31,17,25.3,4.4,26.0,0.0,,107.0,15.1,,1014.1,,1.0
2024-03-31,18,24.3,9.5,39.0,0.0,,114.0,14.0,,1014.5,,1.0
2024-03-31,19,23.6,13.5,53.0,0.0,,121.0,15.1,,1014.1,,1.0
2024-03-31,20,22.5,17.0,71.0,0.0,,130.0,14.8,,1013.6,,2.0
2024-03-31,21,21.6,17.6,78.0,0.0,,136.0,11.5,,1012.7,,1.0
2024-03-31,22,20.9,18.5,86.0,0.0,,145.0,9.0,,1012.7,,1.0
2024-03-31,23,20.4,18.9,91.0,0.0,,161.0,8.3,,1013.0,,1.0
2024-04-01,0,20.2,19.0,93.0,0.0,,166.0,9.4,,1013.4,,1.0
2024-04-01,1,20.4,18.9,91.0,0.0,,171.0,8.6,,1013.8,,1.0
2024-04-01,2,22.6,17.5,73.0,0.0,,195.0,6.8,,1014.9,,3.0
2024-04-01,3,25.2,16.6,59.0,0.0,,218.0,10.1,,1015.1,,2.0
2024-04-01,4,27.8,15.5,47.0,0.0,,220.0,9.0,,1015.0,,2.0
2024-04-01,5,30.1,13.4,36.0,0.0,,215.0,7.9,,1014.3,,1.0
2024-04-01,6,31.9,11.7,29.0,0.0,,204.0,4.7,,1013.0,,1.0
2024-04-01,7,34.0,11.8,26.0,0.0,,43.0,3.6,,1011.4,,1.0
2024-04-01,8,35.2,9.6,21.0,0.0,,68.0,6.5,,1009.7,,1.0
2024-04-01,9,35.8,7.8,18.0,0.0,,87.0,7.9,,1007.9,,1.0
2024-04-01,10,35.9,7.0,17.0,0.0,,102.0,8.6,,1006.9,,1.0
2024-04-01,11,35.7,6.9,17.0,0.0,,114.0,10.4,,1006.6,,1.0
2024-04-01,12,34.7,6.1,17.0,0.0,,122.0,11.5,,1006.7,,1.0
2024-04-01,13,32.2,5.7,19.0,0.0,,123.0,10.8,,1007.5,,1.0
2024-04-01,14,30.3,6.9,23.0,0.0,,105.0,14.0,,1008.8,,1.0
2024-04-01,15,28.5,6.6,25.0,0.0,,107.0,10.8,,1009.8,,1.0
2024-04-01,16,27.6,6.4,26.0,0.0,,118.0,15.5,,1010.7,,1.0
2024-04-01,17,26.9,8.8,32.0,0.0,,119.0,16.9,,1012.2,,1.0
2024-04-01,18,27.8,16.4,50.0,0.0,,140.0,3.6,,1012.3,,1.0
2024-04-01,19,24.8,15.4,56.0,0.0,,106.0,14.8,,1012.0,,1.0
2024-04-01,20,23.6,18.3,72.0,0.0,,133.0,15.1,,1011.5,,1.0
2024-04-01,21,25.2,19.1,69.0,0.0,,140.0,5.4,,1011.1,,1.0
2024-04-01,22,22.3,20.0,87.0,0.0,,166.0,12.6,,1010.7,,1.0
2024-04-01,23,22.3,18.5,79.0,0.0,,169.0,11.9,,1010.9,,1.0
2024-04-02,0,24.8,20.9,79.0,0.0,,140.0,3.6,,1011.6,,1.0
2024-04-02,1,22.2,19.0,82.0,0.0,,199.0,11.5,,1012.3,,1.0
2024-04-02,2,23.9,19.4,76.0,0.0,,207.0,11.5,,1012.8,,1.0
2024-04-02,3,25.6,21.5,78.0,0.0,,180.0,5.4,,1013.1,,1.0
2024-04-02,4,28.7,17.6,51.0,0.0,,220.0,9.7,,1013.1,,1.0
2024-04-02,5,30.8,16.0,41.0,0.0,,220.0,6.1,,1012.2,,1.0
2024-04-02,6,32.8,13.5,31.0,0.0,,99.0,4.7,,1011.0,,1.0
2024-04-02,7,34.8,10.6,23.0,0.0,,74.0,10.1,,1009.6,,1.0
2024-04-02,8,36.1,7.2,17.0,0.0,,79.0,13.3,,1008.0,,1.0
2024-04-02,9,36.7,6.8,16.0,0.0,,97.0,12.2,,1006.6,,1.0
2024-04-02,10,36.8,6.9,16.0,0.0,,102.0,13.7,,1005.8,,3.0
2024-04-02,11,36.2,7.3,17.0,0.0,,108.0,14.4,,1005.5,,3.0
2024-04-02,12,34.9,7.1,18.0,0.0,,115.0,15.8,,1005.9,,3.0
2024-04-02,13,32.6,6.7,20.0,0.0,,128.0,13.7,,1006.7,,3.0
2024-04-02,14,30.1,6.7,23.0,0.0,,102.0,13.0,,1008.1,,3.0
2024-04-02,15,28.9,7.5,26.0,0.0,,94.0,14.0,,1009.3,,3.0
2024-04-02,16,28.3,6.4,25.0,0.0,,102.0,17.6,,1010.5,,3.0
2024-04-02,17,27.6,10.3,34.0,0.0,,115.0,16.6,,1011.1,,2.0
2024-04-02,18,26.4,12.5,42.0,0.0,,130.0,14.4,,1011.7,,2.0
2024-04-02,19,25.1,13.6,49.0,0.0,,141.0,13.3,,1011.6,,3.0
2024-04-02,20,24.4,15.6,58.0,0.0,,145.0,14.8,,1011.1,,2.0
2024-04-02,21,23.5,17.0,67.0,0.0,,172.0,12.2,,1011.1,,1.0
2024-04-02,22,23.3,15.4,61.0,0.0,,184.0,10.8,,1010.9,,1.0
2024-04-02,23,22.7,14.8,61.0,0.0,,197.0,10.1,,1011.2,,2.0
2024-04-03,0,24.8,20.9,79.0,0.0,,140.0,7.6,,1011.8,,3.0
2024-04-03,1,21.4,16.4,73.0,0.0,,197.0,10.4,,1012.4,,1.0
2024-04-03,2,23.7,16.2,63.0,0.0,,198.0,11.9,,1013.2,,2.0
2024-04-03,3,26.8,22.0,75.0,0.0,,180.0,5.4,,1014.0,,1.0
2024-04-03,4,28.4,17.0,50.0,0.0,,222.0,11.9,,1014.0,,2.0
2024-04-03,5,30.9,15.3,39.0,0.0,,203.0,9.0,,1013.2,,2.0
2024-04-03,6,31.8,17.7,43.0,0.0,,180.0,5.4,,1012.0,,1.0
2024-04-03,7,35.2,9.6,21.0,0.0,,125.0,13.0,,1010.4,,1.0
2024-04-03,8,36.0,8.0,18.0,0.0,,103.0,14.8,,1008.9,,1.0
2024-04-03,9,34.8,10.6,23.0,0.0,,50.0,3.6,,1007.7,,1.0
2024-04-03,10,36.3,6.5,16.0,0.0,,95.0,15.5,,1006.8,,3.0
2024-04-03,11,35.7,6.9,17.0,0.0,,103.0,14.0,,1006.7,,1.0
2024-04-03,12,34.2,10.1,23.0,0.0,,140.0,3.6,,1006.9,,1.0
2024-04-03,13,32.5,6.7,20.0,0.0,,121.0,12.6,,1007.6,,1.0
2024-04-03,14,30.9,7.4,23.0,0.0,,118.0,16.6,,1008.7,,1.0
2024-04-03,15,30.4,10.4,29.0,0.0,,90.0,3.6,,1010.3,,1.0
2024-04-03,16,28.6,8.8,29.0,0.0,,107.0,19.1,,1011.4,,1.0
2024-04-03,17,27.3,10.1,34.0,0.0,,117.0,16.6,,1012.1,,1.0
2024-04-03,18,28.4,13.1,39.0,0.0,,90.0,3.6,,1011.8,,1.0
2024-04-03,19,25.4,12.6,45.0,0.0,,108.0,14.0,,1011.6,,2.0
2024-04-03,20,24.3,13.2,50.0,0.0,,133.0,10.8,,1011.4,,2.0
2024-04-03,21,25.2,18.4,66.0,0.0,,90.0,3.6,,1011.8,,3.0
2024-04-03,22,22.4,15.0,63.0,0.0,,161.0,9.0,,1011.6,,3.0
2024-04-03,23,22.4,16.2,68.0,0.0,,157.0,11.9,,1011.5,,3.0
2024-04-04,0,24.0,19.5,76.0,0.0,,90.0,3.6,,1012.0,,3.0
2024-04-04,1,21.5,17.5,78.0,0.0,,149.0,11.9,,1012.3,,3.0
2024-04-04,2,24.1,17.1,65.0,0.0,,157.0,10.1,,1013.3,,3.0
2024-04-04,3,26.2,21.0,73.0,0.0,,230.0,3.6,,1013.8,,1.0
2024-04-04,4,29.9,14.8,40.0,0.0,,182.0,12.2,,1013.8,,1.0
2024-04-04,5,32.3,12.5,30.0,0.0,,166.0,11.2,,1013.1,,1.0
2024-04-04,6,32.6,17.3,40.0,0.0,,180.0,3.6,,1012.4,,1.0
2024-04-04,7,35.4,2.8,13.0,0.0,,110.0,13.0,,1011.1,,2.0
2024-04-04,8,35.9,2.1,12.0,0.0,,102.0,14.0,,1009.8,,1.0
2024-04-04,9,36.0,9.5,20.0,0.0,,140.0,5.4,,1008.6,,1.0
2024-04-04,10,36.0,2.1,12.0,0.0,,106.0,12.2,,1007.9,,1.0
2024-04-04,11,35.5,4.9,15.0,0.0,,112.0,13.7,,1007.5,,1.0
2024-04-04,12,34.4,9.6,22.0,0.0,,90.0,5.4,,1007.7,,1.0
2024-04-04,13,32.0,5.5,19.0,0.0,,112.0,10.4,,1008.6,,3.0
2024-04-04,14,30.2,6.8,23.0,0.0,,112.0,12.2,,1009.7,,3.0
2024-04-04,15,30.0,13.7,37.0,0.0,,140.0,3.6,,1010.6,,3.0
2024-04-04,16,27.9,7.2,27.0,0.0,,130.0,15.5,,1012.0,,3.0
2024-04-04,17,26.9,8.3,31.0,0.0,,117.0,16.9,,1012.9,,3.0
2024-04-04,18,27.8,14.1,43.0,0.0,,140.0,3.6,,1012.7,,3.0
2024-04-04,19,25.3,12.9,46.0,0.0,,124.0,16.6,,1012.4,,3.0
2024-04-04,20,24.2,14.3,54.0,0.0,,135.0,13.0,,1012.3,,3.0
2024-04-04,21,25.4,16.3,57.0,0.0,,177.0,3.6,,1012.1,,2.0
2024-04-04,22,22.8,15.4,63.0,0.0,,175.0,10.1,,1011.6,,2.0
2024-04-04,23,22.7,14.5,60.0,0.0,,208.0,10.1,,1011.9,,3.0
2024-04-05,0,25.0,19.6,72.0,0.0,,218.0,3.6,,1012.5,,3.0
2024-04-05,1,21.7,15.5,68.0,0.0,,217.0,9.4,,1012.9,,3.0
2024-04-05,2,24.9,12.5,46.0,0.0,,206.0,9.0,,1013.2,,2.0
2024-04-05,3,27.6,20.2,64.0,0.0,,219.0,3.6,,1013.7,,3.0
2024-04-05,4,30.1,13.0,35.0,0.0,,218.0,8.6,,1013.6,,3.0
2024-04-05,5,32.4,9.9,25.0,0.0,,193.0,5.8,,1012.8,,3.0
2024-04-05,6,33.6,15.1,33.0,0.0,,140.0,5.4,,1011.6,,3.0
2024-04-05,7,35.9,3.2,13.0,0.0,,91.0,10.8,,1010.0,,3.0
2024-04-05,8,36.7,2.7,12.0,0.0,,96.0,14.0,,1008.4,,3.0
2024-04-05,9,37.0,6.1,15.0,0.0,,140.0,3.6,,1007.3,,3.0
2024-04-05,10,36.8,2.8,12.0,0.0,,108.0,15.8,,1006.6,,3.0
2024-04-05,11,35.9,3.2,13.0,0.0,,105.0,15.8,,1006.5,,3.0
2024-04-05,12,35.0,7.2,18.0,0.0,,90.0,3.6,,1006.8,,3.0
2024-04-05,13,32.4,2.5,15.0,0.0,,109.0,12.6,,1007.6,,3.0
2024-04-05,14,30.1,2.4,17.0,0.0,,107.0,12.2,,1008.8,,3.0
2024-04-05,15,30.4,12.3,33.0,0.0,,90.0,3.6,,1010.0,,3.0
2024-04-05,16,28.3,5.2,23.0,0.0,,122.0,14.8,,1010.9,,3.0
2024-04-05,17,27.2,7.6,29.0,0.0,,122.0,17.6,,1011.6,,3.0
2024-04-05,18,27.6,13.2,41.0,0.0,,140.0,3.6,,1011.3,,3.0
2024-04-05,19,25.8,9.6,36.0,0.0,,127.0,16.9,,1010.6,,3.0
2024-04-05,20,25.0,10.5,40.0,0.0,,126.0,14.4,,1009.8,,3.0
2024-04-05,21,24.8,14.9,54.0,0.0,,140.0,3.6,,1009.2,,3.0
2024-04-05,22,22.5,11.6,50.0,0.0,,229.0,9.7,,1009.7,,3.0
2024-04-05,23,21.9,9.8,46.0,0.0,,214.0,9.4,,1009.7,,3.0
2024-04-06,0,24.0,17.3,66.0,0.0,,0.0,0.0,,1010.3,,1.0
2024-04-06,1,21.8,10.0,47.0,0.0,,217.0,8.3,,1011.1,,1.0
2024-04-06,2,24.4,13.0,49.0,0.0,,214.0,9.4,,1012.0,,1.0
2024-04-06,3,29.0,17.5,50.0,0.0,,140.0,3.6,,1012.9,,1.0
2024-04-06,4,31.2,9.4,26.0,0.0,,200.0,9.0,,1012.5,,2.0
2024-04-06,5,33.5,7.5,20.0,0.0,,170.0,8.6,,1011.9,,1.0
2024-04-06,6,35.0,12.0,25.0,0.0,,0.0,0.0,,1010.5,,1.0
2024-04-06,7,36.8,3.9,13.0,0.0,,103.0,18.0,,1009.2,,2.0
2024-04-06,8,37.1,4.1,13.0,0.0,,106.0,17.6,,1007.9,,3.0
2024-04-06,9,37.0,5.1,14.0,0.0,,140.0,3.6,,1006.3,,3.0
2024-04-06,10,36.9,6.0,15.0,0.0,,124.0,18.7,,1005.5,,3.0
2024-04-06,11,36.3,7.4,17.0,0.0,,124.0,18.4,,1005.5,,3.0
2024-04-06,12,35.0,10.8,23.0,0.0,,140.0,3.6,,1005.9,,2.0
2024-04-06,13,33.1,7.1,20.0,0.0,,135.0,13.3,,1006.8,,3.0
2024-04-06,14,31.0,6.8,22.0,0.0,,138.0,14.4,,1008.4,,3.0
2024-04-06,15,30.0,10.0,29.0,0.0,,90.0,5.4,,1009.4,,3.0
2024-04-06,16,28.9,8.6,28.0,0.0,,122.0,18.7,,1010.3,,3.0
2024-04-06,17,28.1,9.9,32.0,0.0,,131.0,20.2,,1010.4,,3.0
2024-04-06,18,28.0,12.8,39.0,0.0,,90.0,5.4,,1010.3,,3.0
2024-04-06,19,26.5,11.4,39.0,0.0,,124.0,15.5,,1010.0,,3.0
2024-04-06,20,25.4,12.3,44.0,0.0,,140.0,14.4,,1009.7,,3.0
2024-04-06,21,23.0,13.2,54.0,0.0,,176.0,3.6,,1009.5,,3.0
2024-04-06,22,23.4,12.7,51.0,0.0,,211.0,9.4,,1009.5,,3.0
2024-04-06,23,22.9,12.2,51.0,0.0,,227.0,7.9,,1009.8,,3.0
2024-04-07,0,24.8,20.7,78.0,0.0,,202.0,3.6,,1010.3,,3.0
2024-04-07,1,22.2,11.9,52.0,0.0,,227.0,9.7,,1011.2,,2.0
2024-04-07,2,24.4,15.3,57.0,0.0,,224.0,10.4,,1012.2,,2.0
2024-04-07,3,26.6,17.7,58.0,0.0,,230.0,5.4,,1012.5,,3.0
2024-04-07,4,29.7,14.7,40.0,0.0,,216.0,13.7,,1012.4,,3.0
2024-04-07,5,32.2,10.8,27.0,0.0,,208.0,10.8,,1011.5,,3.0
2024-04-07,6,33.2,13.3,30.0,0.0,,230.0,5.4,,1010.7,,1.0
2024-04-07,7,35.4,7.5,18.0,0.0,,153.0,9.4,,1009.4,,1.0
2024-04-07,8,36.4,4.6,14.0,0.0,,124.0,11.5,,1007.6,,3.0
2024-04-07,9,36.0,4.3,14.0,0.0,,140.0,3.6,,1006.2,,3.0
2024-04-07,10,36.6,3.7,13.0,0.0,,119.0,16.2,,1005.7,,3.0
2024-04-07,11,35.9,4.2,14.0,0.0,,129.0,15.5,,1005.6,,3.0
2024-04-07,12,35.0,4.5,15.0,0.0,,140.0,3.6,,1005.9,,3.0
2024-04-07,13,32.4,4.2,17.0,0.0,,122.0,11.9,,1006.9,,3.0
2024-04-07,14,30.9,3.8,18.0,0.0,,129.0,13.7,,1007.8,,3.0
2024-04-07,15,30.0,11.0,31.0,0.0,,140.0,3.6,,1009.2,,3.0
2024-04-07,16,28.4,6.5,25.0,0.0,,120.0,20.9,,1010.2,,2.0
2024-04-07,17,27.6,8.0,29.0,0.0,,128.0,20.9,,1010.7,,1.0
2024-04-07,18,28.4,11.5,35.0,0.0,,140.0,3.6,,1010.7,,1.0
2024-04-07,19,26.0,8.9,34.0,0.0,,141.0,16.6,,1010.6,,1.0
2024-04-07,20,24.7,9.8,39.0,0.0,,191.0,13.0,,1010.5,,3.0
2024-04-07,21,26.0,13.5,46.0,0.0,,90.0,3.6,,1010.2,,3.0
2024-04-07,22,22.4,10.2,46.0,0.0,,220.0,7.6,,1010.0,,3.0
2024-04-07,23,22.1,12.4,54.0,0.0,,214.0,8.6,,1009.9,,1.0
2024-04-08,0,24.6,17.1,63.0,0.0,,140.0,3.6,,1010.6,,1.0
2024-04-08,1,21.6,10.4,49.0,0.0,,216.0,8.3,,1010.5,,1.0
2024-04-08,2,24.7,11.6,44.0,0.0,,255.0,7.2,,1011.6,,1.0
2024-04-08,3,27.4,16.7,52.0,0.0,,230.0,3.6,,1012.4,,1.0
2024-04-08,4,30.2,11.7,32.0,0.0,,277.0,6.8,,1012.5,,1.0
2024-04-08,5,32.2,9.1,24.0,0.0,,271.0,3.2,,1012.1,,2.0
2024-04-08,6,33.6,13.1,29.0,0.0,,180.0,3.6,,1011.4,,2.0
2024-04-08,7,35.3,4.8,15.0,0.0,,78.0,8.3,,1010.2,,3.0
2024-04-08,8,36.1,4.4,14.0,0.0,,79.0,10.8,,1008.7,,3.0
2024-04-08,9,36.0,7.1,17.0,0.0,,0.0,0.0,,1007.5,,2.0
2024-04-08,10,36.8,2.8,12.0,0.0,,110.0,14.8,,1006.4,,2.0
2024-04-08,11,35.9,2.1,12.0,0.0,,116.0,18.4,,1006.6,,1.0
2024-04-08,12,34.2,6.5,18.0,0.0,,90.0,5.4,,1007.0,,1.0
2024-04-08,13,32.5,2.5,15.0,0.0,,123.0,15.5,,1007.9,,1.0
2024-04-08,14,30.6,4.4,19.0,0.0,,131.0,18.0,,1009.3,,1.0
2024-04-08,15,30.0,11.0,31.0,0.0,,140.0,11.2,,1010.3,,1.0
2024-04-08,16,27.9,11.0,35.0,0.0,,112.0,22.0,,1011.8,,1.0
2024-04-08,17,27.0,12.6,41.0,0.0,,121.0,22.7,,1012.3,,1.0
2024-04-08,18,27.4,13.0,41.0,0.0,,140.0,9.4,,1012.4,,1.0
2024-04-08,19,24.9,12.2,45.0,0.0,,126.0,19.4,,1012.2,,1.0
2024-04-08,20,23.9,11.2,45.0,0.0,,135.0,19.1,,1011.6,,1.0
2024-04-08,21,26.4,10.5,37.0,0.0,,140.0,5.4,,1011.5,,1.0
2024-04-08,22,21.8,12.4,55.0,0.0,,149.0,14.4,,1011.4,,1.0
2024-04-08,23,21.1,13.8,63.0,0.0,,144.0,14.8,,1011.5,,1.0
2024-04-09,0,23.0,14.3,58.0,0.0,,140.0,3.6,,1011.9,,1.0
2024-04-09,1,20.0,15.8,77.0,0.0,,140.0,11.9,,1012.8,,1.0
2024-04-09,2,23.1,9.8,43.0,0.0,,138.0,9.7,,1013.3,,1.0
2024-04-09,3,27.0,13.4,43.0,0.0,,140.0,3.6,,1013.9,,3.0
2024-04-09,4,29.0,9.7,30.0,0.0,,154.0,13.7,,1013.8,,2.0
2024-04-09,5,31.3,7.7,23.0,0.0,,143.0,14.4,,1013.4,,2.0
2024-04-09,6,32.0,14.2,34.0,0.0,,90.0,3.6,,1012.8,,2.0
2024-04-09,7,34.1,5.6,17.0,0.0,,114.0,14.4,,1011.7,,3.0
2024-04-09,8,34.6,6.8,18.0,0.0,,104.0,14.8,,1010.3,,3.0
2024-04-09,9,34.0,11.8,26.0,0.0,,50.0,3.6,,1009.1,,3.0
2024-04-09,10,34.7,6.9,18.0,0.0,,108.0,15.5,,1008.1,,3.0
2024-04-09,11,34.1,7.2,19.0,0.0,,115.0,15.8,,1007.8,,3.0
2024-04-09,12,32.8,13.0,30.0,0.0,,90.0,3.6,,1007.7,,3.0
2024-04-09,13,31.6,9.8,26.0,0.0,,106.0,15.1,,1008.4,,3.0
2024-04-09,14,30.1,10.1,29.0,0.0,,98.0,17.6,,1009.9,,3.0
2024-04-09,15,29.4,12.8,36.0,0.0,,140.0,5.4,,1011.2,,1.0
2024-04-09,16,28.0,13.5,41.0,0.0,,113.0,19.4,,1012.2,,1.0
2024-04-09,17,26.6,14.4,47.0,0.0,,116.0,19.1,,1013.6,,1.0
2024-04-09,18,26.8,17.6,57.0,0.0,,140.0,5.4,,1013.6,,3.0
2024-04-09,19,24.0,15.8,60.0,0.0,,114.0,18.4,,1013.3,,1.0
2024-04-09,20,23.0,16.5,67.0,0.0,,110.0,17.6,,1012.6,,1.0
2024-04-09,21,24.0,15.5,59.0,0.0,,140.0,3.6,,1012.2,,1.0
2024-04-09,22,21.3,17.7,80.0,0.0,,106.0,15.5,,1012.1,,1.0
2024-04-09,23,20.6,18.0,85.0,0.0,,113.0,13.7,,1012.3,,3.0
2024-04-10,0,22.6,19.6,83.0,0.0,,140.0,3.6,,1012.9,,3.0
2024-04-10,1,19.2,18.0,93.0,0.0,,144.0,9.7,,1013.9,,1.0
2024-04-10,2,21.3,17.7,80.0,0.0,,134.0,7.2,,1014.7,,2.0
2024-04-10,3,26.0,17.6,60.0,0.0,,0.0,0.0,,1013.9,,3.0
2024-04-10,4,29.4,12.3,35.0,0.0,,111.0,13.3,,1013.6,,3.0
2024-04-10,5,31.6,9.8,26.0,0.0,,109.0,14.4,,1013.0,,2.0
2024-04-10,6,32.4,11.6,28.0,0.0,,90.0,7.6,,1012.3,,3.0
2024-04-10,7,34.3,7.4,19.0,0.0,,100.0,15.1,,1011.1,,3.0
2024-04-10,8,35.0,7.2,18.0,0.0,,102.0,15.5,,1009.6,,3.0
2024-04-10,9,35.0,8.7,20.0,0.0,,90.0,9.4,,1008.4,,3.0
2024-04-10,10,35.3,7.4,18.0,0.0,,110.0,16.9,,1007.4,,3.0
2024-04-10,11,34.6,7.6,19.0,0.0,,107.0,17.3,,1007.0,,3.0
2024-04-10,12,33.2,9.3,23.0,0.0,,90.0,9.4,,1007.4,,3.0
2024-04-10,13,31.4,10.2,27.0,0.0,,94.0,13.0,,1008.2,,3.0
2024-04-10,14,29.3,11.8,34.0,0.0,,95.0,14.4,,1009.7,,3.0
2024-04-10,15,30.0,13.3,36.0,0.0,,140.0,5.4,,1010.9,,2.0
2024-04-10,16,27.5,14.2,44.0,0.0,,120.0,16.9,,1012.0,,2.0
2024-04-10,17,26.7,14.8,48.0,0.0,,123.0,18.0,,1012.6,,3.0
2024-04-10,18,26.8,18.4,60.0,0.0,,90.0,7.6,,1012.9,,3.0
2024-04-10,19,24.2,18.2,69.0,0.0,,119.0,19.8,,1013.0,,3.0
2024-04-10,20,23.2,18.7,76.0,0.0,,115.0,17.6,,1012.8,,3.0
2024-04-10,21,24.0,19.3,75.0,0.0,,140.0,5.4,,1012.4,,3.0
2024-04-10,22,21.5,19.4,88.0,0.0,,108.0,14.0,,1012.1,,3.0
2024-04-10,23,20.6,19.8,95.0,0.0,,115.0,10.4,,1012.4,,3.0
2024-04-11,0,22.4,19.8,85.0,0.0,,0.0,0.0,,1012.6,,3.0
2024-04-11,1,20.1,19.3,95.0,0.0,,111.0,11.5,,1013.1,,1.0
2024-04-11,2,22.3,19.3,83.0,0.0,,131.0,11.2,,1013.9,,3.0
2024-04-11,3,26.0,18.9,65.0,0.0,,162.0,3.6,,1014.4,,3.0
2024-04-11,4,28.7,15.6,45.0,0.0,,161.0,11.9,,1014.1,,3.0
2024-04-11,5,31.8,10.5,27.0,0.0,,146.0,12.2,,1013.1,,3.0
2024-04-11,6,32.0,11.2,28.0,0.0,,90.0,5.4,,1012.2,,3.0
2024-04-11,7,34.5,9.0,21.0,0.0,,124.0,11.9,,1010.9,,2.0
2024-04-11,8,35.2,8.1,19.0,0.0,,114.0,11.9,,1009.6,,2.0
2024-04-11,9,35.2,8.9,20.0,0.0,,140.0,3.6,,1008.3,,1.0
2024-04-11,10,35.5,7.6,18.0,0.0,,110.0,12.2,,1007.5,,1.0
2024-04-11,11,34.9,7.9,19.0,0.0,,113.0,12.6,,1007.0,,1.0
2024-04-11,12,33.8,9.1,22.0,0.0,,140.0,5.4,,1007.5,,1.0
2024-04-11,13,31.9,9.4,25.0,0.0,,117.0,11.5,,1008.5,,1.0
2024-04-11,14,30.8,10.2,28.0,0.0,,121.0,14.0,,1009.5,,1.0
2024-04-11,15,30.6,13.0,34.0,0.0,,90.0,3.6,,1011.4,,1.0
2024-04-11,16,28.1,14.3,43.0,0.0,,125.0,21.6,,1012.1,,1.0
2024-04-11,17,27.0,15.4,49.0,0.0,,124.0,23.8,,1012.5,,1.0
2024-04-11,18,27.4,18.7,59.0,0.0,,140.0,5.4,,1012.9,,1.0
2024-04-11,19,23.8,19.7,78.0,0.0,,109.0,21.2,,1013.0,,1.0
2024-04-11,20,22.9,19.9,83.0,0.0,,110.0,17.3,,1012.6,,3.0
2024-04-11,21,24.8,18.7,69.0,0.0,,90.0,3.6,,1012.1,,3.0
2024-04-11,22,21.9,19.8,88.0,0.0,,144.0,10.8,,1011.9,,3.0
2024-04-11,23,22.0,19.7,87.0,0.0,,136.0,7.6,,1011.9,,3.0
2024-04-12,0,23.2,19.4,79.0,0.0,,90.0,5.4,,1012.3,,3.0
2024-04-12,1,22.1,19.6,86.0,0.0,,127.0,14.0,,1013.1,,3.0
2024-04-12,2,23.4,19.3,78.0,0.0,,133.0,15.1,,1013.8,,3.0
2024-04-12,3,26.2,19.1,65.0,0.0,,140.0,3.6,,1014.3,,2.0
2024-04-12,4,27.8,17.9,55.0,0.0,,135.0,15.1,,1014.1,,3.0
2024-04-12,5,29.2,17.4,49.0,0.1,,127.0,14.8,,1013.7,,17.0
2024-04-12,6,31.2,17.9,45.0,0.0,,140.0,3.6,,1013.0,,2.0
2024-04-12,7,32.4,15.4,36.0,0.0,,122.0,14.0,,1011.8,,2.0
2024-04-12,8,33.3,14.9,33.0,0.0,,117.0,13.3,,1010.5,,2.0
2024-04-12,9,33.4,11.3,26.0,0.0,,140.0,3.6,,1009.1,,2.0
2024-04-12,10,33.7,14.2,31.0,0.0,,105.0,14.0,,1008.3,,2.0
2024-04-12,11,33.4,14.5,32.0,0.0,,108.0,19.1,,1007.3,,2.0
2024-04-12,12,33.0,14.6,33.0,0.0,,50.0,3.6,,1008.4,,3.0
2024-04-12,13,29.5,16.0,44.0,0.0,,128.0,20.2,,1009.5,,3.0
2024-04-12,14,27.7,17.6,54.0,0.0,,121.0,18.7,,1010.9,,3.0
2024-04-12,15,29.2,15.7,44.0,0.0,,90.0,9.4,,1012.3,,3.0
2024-04-12,16,25.4,19.1,68.0,0.0,,124.0,22.3,,1013.5,,2.0
2024-04-12,17,24.7,19.3,72.0,0.0,,120.0,19.8,,1013.9,,2.0
2024-04-12,18,26.0,20.3,71.0,0.0,,90.0,11.2,,1013.8,,1.0
2024-04-12,19,23.6,19.7,79.0,0.0,,134.0,16.6,,1013.5,,1.0
2024-04-12,20,23.0,20.2,84.0,0.0,,138.0,14.4,,1013.1,,3.0
2024-04-12,21,22.6,20.3,87.0,0.0,,20.0,74.2,,1012.9,,3.0
2024-04-12,22,22.3,20.2,88.0,0.0,,135.0,14.4,,1012.5,,3.0
2024-04-12,23,21.7,20.0,90.0,0.0,,132.0,11.2,,1012.4,,3.0
2024-04-13,0,21.3,20.1,93.0,0.0,,20.0,55.4,,1013.1,,3.0
2024-04-13,1,21.4,19.9,91.0,0.0,,125.0,10.4,,1013.8,,3.0
2024-04-13,2,22.8,19.4,81.0,0.0,,142.0,12.2,,1014.3,,3.0
2024-04-13,3,27.0,20.1,66.0,0.0,,90.0,3.6,,1014.7,,3.0
2024-04-13,4,27.9,17.1,52.0,0.0,,140.0,12.6,,1014.5,,3.0
2024-04-13,5,30.3,14.4,38.0,0.0,,135.0,13.0,,1013.8,,3.0
2024-04-13,6,31.2,17.5,44.0,0.0,,90.0,3.6,,1012.8,,3.0
2024-04-13,7,33.2,11.1,26.0,0.0,,121.0,13.7,,1011.6,,3.0
2024-04-13,8,33.9,9.9,23.0,0.0,,117.0,14.0,,1010.2,,3.0
2024-04-13,9,33.8,12.2,27.0,0.0,,110.0,3.6,,1008.9,,3.0
2024-04-13,10,34.2,9.5,22.0,0.0,,115.0,16.2,,1007.9,,3.0
2024-04-13,11,33.7,9.7,23.0,0.0,,131.0,16.9,,1007.4,,2.0
2024-04-13,12,32.4,13.6,32.0,0.0,,0.0,0.0,,1007.8,,2.0
2024-04-13,13,29.9,14.0,38.0,0.0,,120.0,22.0,,1009.1,,3.0
2024-04-13,14,28.0,16.0,48.0,0.0,,116.0,20.9,,1010.6,,3.0
2024-04-13,15,29.8,15.5,42.0,0.0,,50.0,5.4,,1011.7,,3.0
2024-04-13,16,26.7,17.2,56.0,0.0,,127.0,17.6,,1012.5,,3.0
2024-04-13,17,25.8,16.9,58.0,0.0,,139.0,16.6,,1013.8,,2.0
2024-04-13,18,26.2,17.3,58.0,0.0,,140.0,5.4,,1014.2,,2.0
2024-04-13,19,23.8,18.7,73.0,0.0,,138.0,15.1,,1014.0,,1.0
2024-04-13,20,23.1,18.8,77.0,0.0,,149.0,11.5,,1013.8,,1.0
2024-04-13,21,24.6,18.3,68.0,0.0,,140.0,3.6,,1013.3,,1.0
2024-04-13,22,22.1,18.7,81.0,0.0,,144.0,5.8,,1013.1,,1.0
2024-04-13,23,21.5,18.5,83.0,0.0,,126.0,5.4,,1013.0,,2.0
2024-04-14,0,23.0,18.1,74.0,0.0,,0.0,0.0,,1013.5,,2.0
2024-04-14,1,20.8,18.4,86.0,0.0,,116.0,7.9,,1014.2,,2.0
2024-04-14,2,23.1,17.6,71.0,0.0,,122.0,7.6,,1014.9,,3.0
2024-04-14,3,26.4,16.1,53.0,0.0,,90.0,3.6,,1015.3,,3.0
2024-04-14,4,28.3,12.6,38.0,0.0,,114.0,8.3,,1015.1,,3.0
2024-04-14,5,30.5,11.5,31.0,0.0,,110.0,11.2,,1014.3,,3.0
2024-04-14,6,31.6,12.9,32.0,0.0,,90.0,7.6,,1013.5,,3.0
2024-04-14,7,33.4,9.5,23.0,0.0,,103.0,14.8,,1012.3,,3.0
2024-04-14,8,34.9,8.6,20.0,0.0,,93.0,16.6,,1010.3,,3.0
2024-04-14,9,34.4,11.5,25.0,0.0,,90.0,3.6,,1009.4,,3.0
2024-04-14,10,34.5,8.3,20.0,0.0,,100.0,19.4,,1008.8,,3.0
2024-04-14,11,33.6,7.6,20.0,0.0,,104.0,19.4,,1008.5,,3.0
2024-04-14,12,33.4,11.3,26.0,0.0,,90.0,3.6,,1008.7,,2.0
2024-04-14,13,31.3,8.3,24.0,0.0,,121.0,20.2,,1009.5,,2.0
2024-04-14,14,29.0,10.2,31.0,0.0,,102.0,20.2,,1011.0,,2.0
2024-04-14,15,33.4,11.3,26.0,0.0,,90.0,3.6,,1012.1,,3.0
2024-04-14,16,27.1,13.8,44.0,0.0,,106.0,18.0,,1012.9,,2.0
2024-04-14,17,26.3,13.8,46.0,0.0,,113.0,21.2,,1013.7,,1.0
2024-04-14,18,26.8,17.0,55.0,0.0,,90.0,11.2,,1014.3,,3.0
2024-04-14,19,24.2,13.7,52.0,0.0,,105.0,16.9,,1014.0,,3.0
2024-04-14,20,23.5,13.7,54.0,0.0,,103.0,15.8,,1013.6,,3.0
2024-04-14,21,27.6,17.7,55.0,0.0,,103.0,3.6,,1013.0,,3.0
2024-04-14,22,21.5,12.9,58.0,0.0,,106.0,11.9,,1012.6,,3.0
2024-04-14,23,20.9,12.6,59.0,0.0,,110.0,11.2,,1012.7,,3.0
2024-04-15,0,22.6,17.9,75.0,0.0,,180.0,5.4,,1013.1,,3.0
2024-04-15,1,20.4,13.6,65.0,0.0,,109.0,10.8,,1013.7,,3.0
2024-04-15,2,23.2,13.9,56.0,0.0,,107.0,10.1,,1014.5,,3.0
2024-04-15,3,27.2,15.6,49.0,0.0,,90.0,3.6,,1015.3,,3.0
2024-04-15,4,29.9,9.4,28.0,0.0,,111.0,14.4,,1015.0,,3.0
2024-04-15,5,31.6,8.6,24.0,0.0,,110.0,15.5,,1014.2,,3.0
2024-04-15,6,32.0,12.3,30.0,0.0,,90.0,5.4,,1013.5,,3.0
2024-04-15,7,34.2,8.0,20.0,0.0,,109.0,17.6,,1012.4,,3.0
2024-04-15,8,34.9,8.6,20.0,0.0,,109.0,17.6,,1011.1,,3.0
2024-04-15,9,35.0,8.7,20.0,0.0,,90.0,5.4,,1009.8,,3.0
2024-04-15,10,35.5,8.4,19.0,0.0,,98.0,19.4,,1008.6,,3.0
2024-04-15,11,34.8,9.3,21.0,0.0,,96.0,19.8,,1008.3,,3.0
2024-04-15,12,33.2,10.5,25.0,0.0,,90.0,5.4,,1008.6,,3.0
2024-04-15,13,31.3,10.1,27.0,0.0,,90.0,17.6,,1009.8,,3.0
2024-04-15,14,29.9,11.9,33.0,0.0,,93.0,17.6,,1011.0,,3.0
2024-04-15,15,29.0,12.8,37.0,0.0,,90.0,3.6,,1012.7,,3.0
2024-04-15,16,27.4,13.0,41.0,0.0,,119.0,15.5,,1013.9,,3.0
2024-04-15,17,26.1,13.2,45.0,0.0,,129.0,15.8,,1014.9,,3.0
2024-04-15,18,27.2,19.5,63.0,0.0,,90.0,3.6,,1015.0,,3.0
2024-04-15,19,23.6,15.6,61.0,0.0,,122.0,12.6,,1014.4,,1.0
2024-04-15,20,22.6,16.2,67.0,0.0,,118.0,11.2,,1013.6,,1.0
2024-04-15,21,25.2,18.4,66.0,0.0,,90.0,3.6,,1012.9,,1.0
2024-04-15,22,21.1,17.1,78.0,0.0,,120.0,10.1,,1012.4,,1.0
2024-04-15,23,20.4,17.4,83.0,0.0,,129.0,10.4,,1012.5,,2.0
2024-04-16,0,19.9,17.7,87.0,0.0,,143.0,9.7,,1013.3,,3.0
2024-04-16,1,19.7,18.2,91.0,0.0,,147.0,8.6,,1013.3,,3.0
2024-04-16,2,22.5,17.2,72.0,0.0,,158.0,7.9,,1014.2,,3.0
2024-04-16,3,26.1,14.6,49.0,0.0,,178.0,8.3,,1014.7,,3.0
2024-04-16,4,29.2,10.8,32.0,0.0,,158.0,7.6,,1014.2,,3.0
2024-04-16,5,31.8,8.1,23.0,0.0,,123.0,7.9,,1013.3,,3.0
2024-04-16,6,34.0,6.3,18.0,0.0,,95.0,13.3,,1012.2,,3.0
2024-04-16,7,35.2,6.5,17.0,0.0,,97.0,15.5,,1010.9,,3.0
2024-04-16,8,35.8,7.0,17.0,0.0,,100.0,16.9,,1009.5,,3.0
2024-04-16,9,35.8,7.0,17.0,0.0,,104.0,16.9,,1008.3,,3.0
2024-04-16,10,35.6,7.6,18.0,0.0,,110.0,17.6,,1007.6,,3.0
2024-04-16,11,35.2,7.3,18.0,0.0,,118.0,16.6,,1007.3,,1.0
2024-04-16,12,34.1,7.2,19.0,0.0,,110.0,17.3,,1007.6,,1.0
2024-04-16,13,32.2,7.8,22.0,0.0,,104.0,13.0,,1008.7,,1.0
2024-04-16,14,30.2,8.0,25.0,0.0,,113.0,13.3,,1010.2,,2.0
2024-04-16,15,29.2,8.3,27.0,0.0,,124.0,17.6,,1011.2,,1.0
2024-04-16,16,28.1,10.3,33.0,0.0,,130.0,18.4,,1012.3,,2.0
2024-04-16,17,27.2,12.0,39.0,0.0,,127.0,15.8,,1012.8,,1.0
2024-04-16,18,26.3,12.7,43.0,0.0,,132.0,15.1,,1012.6,,1.0
2024-04-16,19,25.4,13.6,48.0,0.0,,142.0,13.3,,1012.4,,3.0
2024-04-16,20,24.4,14.5,54.0,0.0,,166.0,12.2,,1012.0,,3.0
2024-04-16,21,23.8,14.8,57.0,0.0,,200.0,12.2,,1011.7,,3.0
2024-04-16,22,23.5,13.9,55.0,0.0,,186.0,9.0,,1011.1,,3.0
2024-04-16,23,22.9,13.9,57.0,0.0,,191.0,9.0,,1011.2,,2.0
2024-04-17,0,22.2,14.8,63.0,0.0,,206.0,8.3,,1011.8,,3.0
2024-04-17,1,22.0,16.7,72.0,0.0,,225.0,8.6,,1012.4,,3.0
2024-04-17,2,25.1,14.9,53.0,0.0,,200.0,9.7,,1012.9,,3.0
2024-04-17,3,27.5,14.2,44.0,0.0,,219.0,11.5,,1013.5,,3.0
2024-04-17,4,29.6,15.0,41.0,0.0,,224.0,9.4,,1013.5,,3.0
2024-04-17,5,31.7,14.4,35.0,0.0,,216.0,6.1,,1012.7,,3.0
2024-04-17,6,33.7,13.7,30.0,0.0,,139.0,4.7,,1011.6,,3.0
2024-04-17,7,35.6,12.6,25.0,0.0,,96.0,9.7,,1010.1,,3.0
2024-04-17,8,36.8,11.6,22.0,0.0,,92.0,12.6,,1008.5,,3.0
2024-04-17,9,37.2,11.2,21.0,0.0,,90.0,13.0,,1007.1,,3.0
2024-04-17,10,37.1,10.4,20.0,0.0,,90.0,13.0,,1006.4,,3.0
2024-04-17,11,36.2,10.4,21.0,0.0,,103.0,14.4,,1006.0,,3.0
2024-04-17,12,35.7,9.3,20.0,0.0,,94.0,15.8,,1006.2,,3.0
2024-04-17,13,33.6,9.6,23.0,0.0,,114.0,14.4,,1007.3,,3.0
2024-04-17,14,31.9,9.4,25.0,0.0,,132.0,11.9,,1008.4,,3.0
2024-04-17,15,31.3,8.9,25.0,0.0,,112.0,18.4,,1009.3,,3.0
2024-04-17,16,29.9,11.4,32.0,0.0,,126.0,17.6,,1010.4,,3.0
2024-04-17,17,28.7,12.6,37.0,0.0,,120.0,15.5,,1011.9,,3.0
2024-04-17,18,27.8,13.0,40.0,0.0,,138.0,12.6,,1012.0,,3.0
2024-04-17,19,26.8,13.5,44.0,0.0,,142.0,11.2,,1011.8,,3.0
2024-04-17,20,26.2,14.0,47.0,0.0,,154.0,12.2,,1011.1,,1.0
2024-04-17,21,25.6,14.1,49.0,0.0,,177.0,10.8,,1010.3,,1.0
2024-04-17,22,24.6,14.7,54.0,0.0,,201.0,9.4,,1010.3,,3.0
2024-04-17,23,23.7,17.7,69.0,0.0,,207.0,7.6,,1010.8,,3.0
2024-04-18,0,22.9,16.7,68.0,0.0,,234.0,7.9,,1011.1,,3.0
2024-04-18,1,22.9,17.6,72.0,0.0,,239.0,9.7,,1011.6,,3.0
2024-04-18,2,25.0,18.7,68.0,0.0,,241.0,8.6,,1012.2,,1.0
2024-04-18,3,27.8,18.5,57.0,0.0,,262.0,7.9,,1012.6,,2.0
2024-04-18,4,30.7,16.3,42.0,0.0,,260.0,6.5,,1012.3,,2.0
2024-04-18,5,32.9,14.5,33.0,0.0,,300.0,4.0,,1011.4,,3.0
2024-04-18,6,34.4,13.3,28.0,0.0,,45.0,6.1,,1010.4,,3.0
2024-04-18,7,36.5,12.0,23.0,0.0,,63.0,11.2,,1009.2,,3.0
2024-04-18,8,37.2,11.2,21.0,0.0,,67.0,13.3,,1007.4,,2.0
2024-04-18,9,37.7,10.9,20.0,0.0,,75.0,15.1,,1006.0,,3.0
2024-04-18,10,37.3,10.6,20.0,0.0,,82.0,15.5,,1005.0,,3.0
2024-04-18,11,37.0,9.6,19.0,0.0,,86.0,16.2,,1004.6,,2.0
2024-04-18,12,35.6,9.9,21.0,0.0,,100.0,17.3,,1005.2,,2.0
2024-04-18,13,33.8,10.4,24.0,0.0,,120.0,14.8,,1006.4,,2.0
2024-04-18,14,32.7,10.1,25.0,0.0,,112.0,15.5,,1007.6,,2.0
2024-04-18,15,31.6,10.9,28.0,0.0,,110.0,15.5,,1008.6,,2.0
2024-04-18,16,30.2,12.2,33.0,0.0,,118.0,15.1,,1009.7,,2.0
2024-04-18,17,29.3,12.7,36.0,0.0,,132.0,14.4,,1010.2,,3.0
2024-04-18,18,28.4,13.1,39.0,0.0,,147.0,13.0,,1010.4,,3.0
2024-04-18,19,27.4,14.1,44.0,0.0,,200.0,10.8,,1010.5,,3.0
2024-04-18,20,26.4,14.5,48.0,0.0,,170.0,9.7,,1010.3,,3.0
2024-04-18,21,26.3,14.7,49.0,0.0,,219.0,8.6,,1009.5,,3.0
2024-04-18,22,25.4,16.3,57.0,0.0,,210.0,7.9,,1009.1,,3.0
2024-04-18,23,24.5,18.9,71.0,0.0,,216.0,7.2,,1009.2,,3.0
2024-04-19,0,25.6,22.1,81.0,0.0,,225.0,3.6,,1009.6,,3.0
2024-04-19,1,23.7,20.6,83.0,0.0,,235.0,9.4,,1010.3,,3.0
2024-04-19,2,25.9,20.2,71.0,0.0,,249.0,9.7,,1010.8,,3.0
2024-04-19,3,26.0,23.7,87.0,0.0,,230.0,3.6,,1011.1,,3.0
2024-04-19,4,31.0,17.7,45.0,0.0,,285.0,6.1,,1010.7,,2.0
2024-04-19,5,33.1,15.6,35.0,0.0,,289.0,2.5,,1010.0,,3.0
2024-04-19,6,32.2,20.5,50.0,0.0,,230.0,3.6,,1009.0,,3.0
2024-04-19,7,36.3,11.2,22.0,0.0,,94.0,8.6,,1007.5,,3.0
2024-04-19,8,37.6,10.8,20.0,0.0,,101.0,11.9,,1005.8,,3.0
2024-04-19,9,35.2,16.5,33.0,0.0,,0.0,0.0,,1004.1,,3.0
2024-04-19,10,37.7,10.1,19.0,0.0,,105.0,17.6,,1003.4,,3.0
2024-04-19,11,36.5,10.7,21.0,0.0,,98.0,18.0,,1003.4,,3.0
2024-04-19,12,35.0,15.9,32.0,0.0,,0.0,0.0,,1004.0,,3.0
2024-04-19,13,34.0,10.6,24.0,0.0,,127.0,11.9,,1004.9,,3.0
2024-04-19,14,32.3,12.0,29.0,0.0,,82.0,14.0,,1007.0,,3.0
2024-04-19,15,32.0,16.7,40.0,0.0,,140.0,3.6,,1007.9,,2.0
2024-04-19,16,31.0,12.4,32.0,0.0,,98.0,13.7,,1008.7,,3.0
2024-04-19,17,29.8,12.7,35.0,0.0,,124.0,13.3,,1009.1,,3.0
2024-04-19,18,30.8,18.5,48.0,0.0,,140.0,3.6,,1009.1,,2.0
2024-04-19,19,27.5,14.5,45.0,0.0,,196.0,10.8,,1009.3,,3.0
2024-04-19,20,27.4,14.4,45.0,0.0,,198.0,10.1,,1008.9,,3.0
2024-04-19,21,27.2,21.0,69.0,0.0,,230.0,3.6,,1008.3,,3.0
2024-04-19,22,26.1,16.4,55.0,0.0,,172.0,9.0,,1007.9,,2.0
2024-04-19,23,24.6,16.6,61.0,0.0,,192.0,8.6,,1008.2,,1.0
2024-04-20,0,26.0,22.3,80.0,0.0,,230.0,3.6,,1009.0,,3.0
2024-04-20,1,23.9,18.1,70.0,0.0,,246.0,8.6,,1009.6,,3.0
2024-04-20,2,26.0,18.7,64.0,0.0,,255.0,7.2,,1010.6,,3.0
2024-04-20,3,24.8,21.5,82.0,0.0,,230.0,5.4,,1011.0,,3.0
2024-04-20,4,30.9,16.5,42.0,0.0,,293.0,9.0,,1011.2,,3.0
2024-04-20,5,32.5,14.6,34.0,0.0,,249.0,6.8,,1010.8,,3.0
2024-04-20,6,31.0,21.2,56.0,0.0,,230.0,3.6,,1009.9,,3.0
2024-04-20,7,35.5,11.8,24.0,0.0,,119.0,9.7,,1008.4,,3.0
2024-04-20,8,36.3,11.2,22.0,0.0,,110.0,11.9,,1006.8,,3.0
2024-04-20,9,33.6,18.9,42.0,0.0,,230.0,5.4,,1005.5,,3.0
2024-04-20,10,36.9,10.3,20.0,0.0,,92.0,17.3,,1004.1,,3.0
2024-04-20,11,36.0,10.2,21.0,0.0,,84.0,15.5,,1004.0,,3.0
2024-04-20,12,30.0,20.8,58.0,0.0,,230.0,5.4,,1004.6,,3.0
2024-04-20,13,32.0,14.2,34.0,0.0,,3.0,23.4,,1006.6,,3.0
2024-04-20,14,29.6,17.8,49.0,0.0,,1.0,19.8,,1008.5,,3.0
2024-04-20,15,29.4,20.8,60.0,0.0,,0.0,0.0,,1010.4,,3.0
2024-04-20,16,27.0,18.3,59.0,0.0,,346.0,16.6,,1011.1,,3.0
2024-04-20,17,26.3,18.7,63.0,0.0,,2.0,15.5,,1011.5,,3.0
2024-04-20,18,27.8,20.6,65.0,0.0,,0.0,0.0,,1011.1,,3.0
2024-04-20,19,25.1,18.8,68.0,0.0,,10.0,13.7,,1010.4,,2.0
2024-04-20,20,24.6,19.0,71.0,0.0,,15.0,14.0,,1010.0,,3.0
2024-04-20,21,27.0,22.2,75.0,0.0,,0.0,0.0,,1009.7,,2.0
2024-04-20,22,23.6,19.3,77.0,0.0,,359.0,10.8,,1009.4,,1.0
2024-04-20,23,23.0,19.6,81.0,0.0,,330.0,6.8,,1009.8,,1.0
2024-04-21,0,25.2,21.7,81.0,0.0,,0.0,0.0,,1010.2,,1.0
2024-04-21,1,22.8,17.3,71.0,0.0,,347.0,5.0,,1010.3,,3.0
2024-04-21,2,25.6,17.5,61.0,0.0,,6.0,4.7,,1010.9,,3.0
2024-04-21,3,28.6,20.3,61.0,0.0,,230.0,5.4,,1011.2,,2.0
2024-04-21,4,30.9,16.1,41.0,0.0,,54.0,10.1,,1011.0,,2.0
2024-04-21,5,32.8,14.9,34.0,0.0,,67.0,10.4,,1010.5,,3.0
2024-04-21,6,33.0,18.8,43.0,0.0,,140.0,5.4,,1009.7,,2.0
2024-04-21,7,35.9,11.5,23.0,0.0,,87.0,13.7,,1008.4,,1.0
2024-04-21,8,36.6,10.0,20.0,0.0,,93.0,15.1,,1006.8,,1.0
2024-04-21,9,35.8,13.3,26.0,0.0,,320.0,3.6,,1005.7,,1.0
2024-04-21,10,36.6,9.2,19.0,0.0,,102.0,16.9,,1005.0,,1.0
2024-04-21,11,36.4,9.8,20.0,0.0,,100.0,16.2,,1004.7,,2.0
2024-04-21,12,35.0,11.4,24.0,0.0,,140.0,5.4,,1005.1,,3.0
2024-04-21,13,33.2,9.9,24.0,0.0,,116.0,13.0,,1006.1,,3.0
2024-04-21,14,31.5,10.8,28.0,0.0,,126.0,11.9,,1007.3,,2.0
2024-04-21,15,31.4,16.6,41.0,0.0,,140.0,3.6,,1008.4,,2.0
2024-04-21,16,29.6,11.6,33.0,0.0,,130.0,19.1,,1009.6,,3.0
2024-04-21,17,28.7,12.6,37.0,0.0,,135.0,18.4,,1009.9,,1.0
2024-04-21,18,29.0,17.8,51.0,0.0,,140.0,3.6,,1010.1,,2.0
2024-04-21,19,26.1,16.9,57.0,0.0,,136.0,14.8,,1009.8,,1.0
2024-04-21,20,25.1,18.8,68.0,0.0,,143.0,14.4,,1009.6,,1.0
2024-04-21,21,26.6,21.4,73.0,0.0,,140.0,3.6,,1010.0,,1.0
2024-04-21,22,24.1,18.7,72.0,0.0,,170.0,10.8,,1009.7,,1.0
2024-04-21,23,23.6,18.0,71.0,0.0,,200.0,9.0,,1010.1,,1.0
2024-04-22,0,25.4,22.9,86.0,0.0,,140.0,3.6,,1011.0,,1.0
2024-04-22,1,23.1,19.3,79.0,0.0,,225.0,9.4,,1011.5,,3.0
2024-04-22,2,25.7,17.1,59.0,0.0,,207.0,8.3,,1012.1,,3.0
2024-04-22,3,28.2,22.9,73.0,0.0,,230.0,5.4,,1012.4,,3.0
2024-04-22,4,30.1,17.2,46.0,0.0,,235.0,7.9,,1012.1,,3.0
2024-04-22,5,32.2,15.2,36.0,0.0,,253.0,4.3,,1011.4,,3.0
2024-04-22,6,32.4,18.9,45.0,0.0,,230.0,5.4,,1010.3,,3.0
2024-04-22,7,35.8,9.4,20.0,0.0,,83.0,8.6,,1009.1,,3.0
2024-04-22,8,36.7,7.7,17.0,0.0,,100.0,12.2,,1007.7,,3.0
2024-04-22,9,36.2,14.8,28.0,0.0,,50.0,3.6,,1006.8,,3.0
2024-04-22,10,36.5,5.7,15.0,0.0,,132.0,17.6,,1006.0,,3.0
2024-04-22,11,35.9,5.2,15.0,0.0,,132.0,18.0,,1005.7,,3.0
2024-04-22,12,34.8,8.5,20.0,0.0,,0.0,0.0,,1005.7,,3.0
2024-04-22,13,33.2,6.5,19.0,0.0,,138.0,16.9,,1006.7,,3.0
2024-04-22,14,31.9,6.9,21.0,0.0,,142.0,12.6,,1007.6,,3.0
2024-04-22,15,30.8,17.8,46.0,0.0,,0.0,0.0,,1008.9,,2.0
2024-04-22,16,29.9,8.3,26.0,0.0,,118.0,18.7,,1009.8,,1.0
2024-04-22,17,28.7,8.9,29.0,0.0,,125.0,16.6,,1010.6,,1.0
2024-04-22,18,29.6,16.8,46.0,0.0,,230.0,5.4,,1011.1,,1.0
2024-04-22,19,26.0,11.0,39.0,0.0,,136.0,12.6,,1010.8,,1.0
2024-04-22,20,24.8,13.7,50.0,0.0,,180.0,11.2,,1010.4,,1.0
2024-04-22,21,26.8,20.4,68.0,0.0,,0.0,0.0,,1009.6,,1.0
2024-04-22,22,23.8,14.2,55.0,0.0,,187.0,12.2,,1009.4,,1.0
2024-04-22,23,22.9,15.5,63.0,0.0,,213.0,9.0,,1009.6,,1.0
2024-04-23,0,26.0,21.7,77.0,0.0,,0.0,0.0,,1010.0,,1.0
2024-04-23,1,22.2,18.6,80.0,0.0,,177.0,7.6,,1010.0,,1.0
2024-04-23,2,24.9,19.3,71.0,0.0,,180.0,6.5,,1010.7,,1.0
2024-04-23,3,28.2,22.9,73.0,0.0,,0.0,0.0,,1011.2,,1.0
2024-04-23,4,30.6,13.8,36.0,0.0,,192.0,5.4,,1010.9,,3.0
2024-04-23,5,32.9,10.9,26.0,0.0,,133.0,7.2,,1010.4,,1.0
2024-04-23,6,34.0,15.5,33.0,0.0,,0.0,0.0,,1009.6,,1.0
2024-04-23,7,36.1,4.4,14.0,0.0,,108.0,14.4,,1008.3,,3.0
2024-04-23,8,36.5,4.7,14.0,0.0,,109.0,16.2,,1006.8,,3.0
2024-04-23,9,36.6,6.7,16.0,0.0,,140.0,3.6,,1005.6,,3.0
2024-04-23,10,36.9,2.8,12.0,0.0,,115.0,17.3,,1004.8,,3.0
2024-04-23,11,36.0,4.3,14.0,0.0,,121.0,17.3,,1004.6,,3.0
2024-04-23,12,34.2,5.7,17.0,0.0,,90.0,5.4,,1004.8,,3.0
2024-04-23,13,32.9,2.9,15.0,0.0,,122.0,14.8,,1005.4,,3.0
2024-04-23,14,30.4,4.2,19.0,0.0,,131.0,16.6,,1007.6,,3.0
2024-04-23,15,30.0,9.0,27.0,0.0,,140.0,3.6,,1008.9,,3.0
2024-04-23,16,28.5,8.7,29.0,0.0,,121.0,20.9,,1009.7,,3.0
2024-04-23,17,27.7,9.5,32.0,0.0,,117.0,22.0,,1010.2,,3.0
2024-04-23,18,28.4,11.9,36.0,0.0,,140.0,3.6,,1010.2,,2.0
2024-04-23,19,25.7,11.5,41.0,0.0,,124.0,17.6,,1009.5,,1.0
2024-04-23,20,24.7,12.6,47.0,0.0,,128.0,16.6,,1008.9,,1.0
2024-04-23,21,26.4,20.0,68.0,0.0,,140.0,3.6,,1008.4,,1.0
2024-04-23,22,23.0,13.5,55.0,0.0,,171.0,12.2,,1008.4,,1.0
2024-04-23,23,22.5,11.6,50.0,0.0,,181.0,12.2,,1008.7,,1.0
2024-04-24,0,24.4,13.9,52.0,0.0,,140.0,3.6,,1009.1,,3.0
2024-04-24,1,22.2,14.6,62.0,0.0,,215.0,9.4,,1009.9,,2.0
2024-04-24,2,24.8,15.4,56.0,0.0,,223.0,7.9,,1010.7,,3.0
2024-04-24,3,26.6,18.7,62.0,0.0,,0.0,0.0,,1011.1,,3.0
2024-04-24,4,30.1,14.6,39.0,0.0,,202.0,8.6,,1010.9,,3.0
2024-04-24,5,33.3,8.0,21.0,0.0,,145.0,17.3,,1010.0,,3.0
2024-04-24,6,33.4,13.5,30.0,0.0,,140.0,3.6,,1009.3,,3.0
2024-04-24,7,35.4,6.6,17.0,0.0,,130.0,18.4,,1008.4,,3.0
2024-04-24,8,35.9,6.2,16.0,0.0,,126.0,18.0,,1007.1,,3.0
2024-04-24,9,36.0,8.8,19.0,0.0,,230.0,5.4,,1006.1,,3.0
2024-04-24,10,36.4,5.6,15.0,0.0,,126.0,18.0,,1005.2,,3.0
2024-04-24,11,35.6,5.9,16.0,0.0,,125.0,18.0,,1004.9,,1.0
2024-04-24,12,34.2,8.0,20.0,0.0,,90.0,5.4,,1005.2,,1.0
2024-04-24,13,32.4,5.0,18.0,0.0,,106.0,12.2,,1005.8,,2.0
2024-04-24,14,30.8,5.3,20.0,0.0,,118.0,16.6,,1006.9,,1.0
2024-04-24,15,30.2,8.6,26.0,0.0,,90.0,3.6,,1009.1,,1.0
2024-04-24,16,28.5,10.2,32.0,0.0,,122.0,16.9,,1010.2,,1.0
2024-04-24,17,27.8,11.4,36.0,0.0,,126.0,16.2,,1011.0,,1.0
2024-04-24,18,27.0,11.1,37.0,0.0,,90.0,3.6,,1010.9,,1.0
2024-04-24,19,26.6,11.1,38.0,0.0,,141.0,15.8,,1010.1,,1.0
2024-04-24,20,25.9,12.4,43.0,0.0,,143.0,9.4,,1009.0,,1.0
2024-04-24,21,25.0,13.9,50.0,0.0,,0.0,0.0,,1008.5,,1.0
2024-04-24,22,24.5,12.1,46.0,0.0,,149.0,11.9,,1008.3,,1.0
2024-04-24,23,23.7,12.4,49.0,0.0,,159.0,9.0,,1008.5,,1.0
2024-04-25,0,25.2,17.1,61.0,0.0,,0.0,0.0,,1009.2,,1.0
2024-04-25,1,22.4,12.6,54.0,0.0,,313.0,7.9,,1009.9,,1.0
2024-04-25,2,25.6,12.4,44.0,0.0,,337.0,7.2,,1010.7,,1.0
2024-04-25,3,28.2,18.9,57.0,0.0,,90.0,3.6,,1011.2,,1.0
2024-04-25,4,31.0,10.9,29.0,0.0,,120.0,3.2,,1010.9,,1.0
2024-04-25,5,33.4,8.8,22.0,0.0,,112.0,11.2,,1010.3,,1.0
2024-04-25,6,33.4,12.4,28.0,0.0,,0.0,0.0,,1009.6,,2.0
2024-04-25,7,35.9,7.0,17.0,0.0,,111.0,16.9,,1008.5,,3.0
2024-04-25,8,36.4,8.3,18.0,0.0,,111.0,17.6,,1007.3,,3.0
2024-04-25,9,36.4,9.1,19.0,0.0,,0.0,0.0,,1006.2,,3.0
2024-04-25,10,36.6,7.6,17.0,0.0,,121.0,16.2,,1005.4,,3.0
2024-04-25,11,36.9,7.0,16.0,0.0,,101.0,22.7,,1003.9,,3.0
2024-04-25,12,34.4,11.5,25.0,0.0,,140.0,3.6,,1005.2,,3.0
2024-04-25,13,33.5,9.5,23.0,0.0,,128.0,20.9,,1006.1,,3.0
2024-04-25,14,31.6,11.4,29.0,0.0,,125.0,23.8,,1007.6,,3.0
2024-04-25,15,31.0,15.8,40.0,0.0,,90.0,3.6,,1008.5,,3.0
2024-04-25,16,29.0,13.3,38.0,0.0,,121.0,19.1,,1009.7,,3.0
2024-04-25,17,28.3,13.4,40.0,0.0,,119.0,18.0,,1010.1,,3.0
2024-04-25,18,28.4,20.2,61.0,0.0,,90.0,5.4,,1010.3,,3.0
2024-04-25,19,26.4,14.5,48.0,0.0,,132.0,13.7,,1009.8,,2.0
2024-04-25,20,25.3,15.9,56.0,0.0,,139.0,11.5,,1009.5,,1.0
2024-04-25,21,26.0,20.8,73.0,0.0,,0.0,0.0,,1009.3,,1.0
2024-04-25,22,23.7,16.0,62.0,0.0,,169.0,8.6,,1009.0,,1.0
2024-04-25,23,23.1,15.7,63.0,0.0,,169.0,8.3,,1009.1,,1.0
2024-04-26,0,25.0,21.5,81.0,0.0,,0.0,0.0,,1009.7,,1.0
2024-04-26,1,22.9,15.5,63.0,0.0,,215.0,7.2,,1010.6,,1.0
2024-04-26,2,26.1,14.2,48.0,0.0,,194.0,4.7,,1010.3,,3.0
2024-04-26,3,28.4,22.2,69.0,0.0,,270.0,3.6,,1010.7,,3.0
2024-04-26,4,32.0,9.5,25.0,0.0,,115.0,10.4,,1010.3,,3.0
2024-04-26,5,34.0,7.9,20.0,0.0,,106.0,15.5,,1009.5,,3.0
2024-04-26,6,34.4,12.1,26.0,0.0,,90.0,9.4,,1009.1,,3.0
2024-04-26,7,36.0,7.1,17.0,0.0,,111.0,18.0,,1008.1,,3.0
2024-04-26,8,36.6,7.6,17.0,0.0,,113.0,18.0,,1007.0,,3.0
2024-04-26,9,36.4,8.3,18.0,0.0,,90.0,9.4,,1005.9,,3.0
2024-04-26,10,36.5,7.5,17.0,0.0,,109.0,16.9,,1005.0,,3.0
2024-04-26,11,36.1,8.0,18.0,0.0,,113.0,16.6,,1004.7,,3.0
2024-04-26,12,35.0,10.8,23.0,0.0,,90.0,7.6,,1005.0,,3.0
2024-04-26,13,32.8,9.6,24.0,0.0,,137.0,18.0,,1006.1,,3.0
2024-04-26,14,31.4,10.2,27.0,0.0,,130.0,16.6,,1007.5,,2.0
2024-04-26,15,31.0,9.3,26.0,0.0,,140.0,5.4,,1008.8,,1.0
2024-04-26,16,29.3,11.8,34.0,0.0,,110.0,16.6,,1009.5,,1.0
2024-04-26,17,28.6,12.1,36.0,0.0,,130.0,17.3,,1009.8,,1.0
2024-04-26,18,28.6,13.3,39.0,0.0,,90.0,5.4,,1009.9,,2.0
2024-04-26,19,25.9,10.9,39.0,0.0,,123.0,15.1,,1009.4,,3.0
2024-04-26,20,24.7,12.0,45.0,0.0,,121.0,14.0,,1008.9,,3.0
2024-04-26,21,25.4,16.0,56.0,0.0,,161.0,3.6,,1008.9,,3.0
2024-04-26,22,22.1,13.2,57.0,0.0,,221.0,6.8,,1008.9,,1.0
2024-04-26,23,22.0,13.1,57.0,0.0,,190.0,7.6,,1008.9,,1.0
2024-04-27,0,24.2,16.2,61.0,0.0,,0.0,0.0,,1009.1,,1.0
2024-04-27,1,22.4,13.5,57.0,0.0,,162.0,8.6,,1009.6,,1.0
2024-04-27,2,25.6,13.5,47.0,0.0,,166.0,7.6,,1010.6,,1.0
2024-04-27,3,28.6,20.3,61.0,0.0,,0.0,0.0,,1011.4,,1.0
2024-04-27,4,31.3,11.7,30.0,0.0,,131.0,9.7,,1010.8,,2.0
2024-04-27,5,33.6,8.3,21.0,0.0,,113.0,12.6,,1010.0,,3.0
2024-04-27,6,34.2,12.5,27.0,0.0,,50.0,3.6,,1009.4,,3.0
2024-04-27,7,36.4,3.6,13.0,0.0,,104.0,16.9,,1008.4,,3.0
2024-04-27,8,36.9,4.0,13.0,0.0,,105.0,17.6,,1007.1,,3.0
2024-04-27,9,36.8,6.9,16.0,0.0,,90.0,5.4,,1005.8,,3.0
2024-04-27,10,37.6,3.4,12.0,0.0,,111.0,20.2,,1005.1,,1.0
2024-04-27,11,36.7,4.9,14.0,0.0,,107.0,19.8,,1004.8,,1.0
2024-04-27,12,35.0,8.7,20.0,0.0,,140.0,5.4,,1005.0,,1.0
2024-04-27,13,33.5,4.2,16.0,0.0,,111.0,14.4,,1005.8,,1.0
2024-04-27,14,30.8,5.3,20.0,0.0,,111.0,14.8,,1008.0,,1.0
2024-04-27,15,31.0,10.9,29.0,0.0,,110.0,3.6,,1009.2,,1.0
2024-04-27,16,28.3,9.1,30.0,0.0,,109.0,13.0,,1009.9,,1.0
2024-04-27,17,27.5,10.7,35.0,0.0,,112.0,13.0,,1010.8,,1.0
2024-04-27,18,27.8,14.4,44.0,0.0,,110.0,3.6,,1010.6,,1.0
2024-04-27,19,25.7,12.5,44.0,0.0,,120.0,10.8,,1010.3,,2.0
2024-04-27,20,24.7,14.2,52.0,0.0,,125.0,10.1,,1009.7,,1.0
2024-04-27,21,25.8,18.2,63.0,0.0,,126.0,3.6,,1009.3,,1.0
2024-04-27,22,23.3,15.9,63.0,0.0,,129.0,11.2,,1008.7,,1.0
2024-04-27,23,22.9,16.2,66.0,0.0,,134.0,10.8,,1008.6,,1.0
2024-04-28,0,24.2,17.7,67.0,0.0,,90.0,3.6,,1009.8,,1.0
2024-04-28,1,22.4,17.5,74.0,0.0,,168.0,8.6,,1010.5,,1.0
2024-04-28,2,25.5,16.9,59.0,0.0,,197.0,8.3,,1011.3,,3.0
2024-04-28,3,27.4,19.0,60.0,0.0,,0.0,0.0,,1011.6,,3.0
2024-04-28,4,31.0,15.0,38.0,0.0,,200.0,8.6,,1011.5,,3.0
2024-04-28,5,34.0,7.9,20.0,0.0,,130.0,8.3,,1010.0,,3.0
2024-04-28,6,34.2,9.5,22.0,0.0,,50.0,3.6,,1009.2,,3.0
2024-04-28,7,37.1,5.2,14.0,0.0,,96.0,15.8,,1008.4,,3.0
2024-04-28,8,37.8,5.7,14.0,0.0,,97.0,15.8,,1007.1,,3.0
2024-04-28,9,37.8,6.7,15.0,0.0,,0.0,0.0,,1006.1,,3.0
2024-04-28,10,37.9,6.8,15.0,0.0,,104.0,18.4,,1005.0,,3.0
2024-04-28,11,37.5,6.5,15.0,0.0,,116.0,17.6,,1004.7,,3.0
2024-04-28,12,36.0,8.8,19.0,0.0,,90.0,5.4,,1004.9,,3.0
2024-04-28,13,34.2,5.7,17.0,0.0,,109.0,14.0,,1006.1,,3.0
2024-04-28,14,32.1,6.3,20.0,0.0,,112.0,14.8,,1007.5,,2.0
2024-04-28,15,32.0,12.8,31.0,0.0,,50.0,5.4,,1009.2,,1.0
2024-04-28,16,29.4,11.9,34.0,0.0,,123.0,20.2,,1010.7,,1.0
2024-04-28,17,28.3,13.8,41.0,0.0,,126.0,17.6,,1011.5,,1.0
2024-04-28,18,28.6,17.2,50.0,0.0,,50.0,5.4,,1011.5,,1.0
2024-04-28,19,26.3,15.4,51.0,0.0,,138.0,13.0,,1011.6,,1.0
2024-04-28,20,25.3,17.2,61.0,0.0,,148.0,13.0,,1011.3,,1.0
2024-04-28,21,26.6,18.5,61.0,0.0,,0.0,0.0,,1010.7,,1.0
2024-04-28,22,24.1,18.3,70.0,0.0,,167.0,11.9,,1010.5,,1.0
2024-04-28,23,24.0,17.5,67.0,0.0,,192.0,11.9,,1010.9,,1.0
2024-04-29,0,26.0,20.1,70.0,0.0,,230.0,3.6,,1011.4,,2.0
2024-04-29,1,23.0,15.8,64.0,0.0,,210.0,8.6,,1012.0,,3.0
2024-04-29,2,25.7,15.7,54.0,0.0,,218.0,10.1,,1012.8,,2.0
2024-04-29,3,27.8,20.6,65.0,0.0,,0.0,0.0,,1013.0,,3.0
2024-04-29,4,30.3,14.8,39.0,0.0,,224.0,11.5,,1012.9,,2.0
2024-04-29,5,32.4,13.6,32.0,0.0,,218.0,9.4,,1012.3,,3.0
2024-04-29,6,32.6,19.5,46.0,0.0,,90.0,5.4,,1011.5,,3.0
2024-04-29,7,35.4,11.1,23.0,0.0,,154.0,5.0,,1010.4,,3.0
2024-04-29,8,36.7,9.3,19.0,0.0,,99.0,9.7,,1008.7,,3.0
2024-04-29,9,36.4,9.8,20.0,0.0,,90.0,3.6,,1007.6,,3.0
2024-04-29,10,37.1,7.1,16.0,0.0,,103.0,14.8,,1006.7,,3.0
2024-04-29,11,37.0,8.8,18.0,0.0,,120.0,13.0,,1005.9,,3.0
2024-04-29,12,36.4,9.8,20.0,0.0,,90.0,3.6,,1006.2,,3.0
2024-04-29,13,34.1,8.0,20.0,0.0,,142.0,12.2,,1007.1,,3.0
2024-04-29,14,32.5,8.0,22.0,0.0,,137.0,14.0,,1008.4,,3.0
2024-04-29,15,31.4,11.7,30.0,0.0,,0.0,0.0,,1009.4,,3.0
2024-04-29,16,29.4,7.9,26.0,0.0,,123.0,12.6,,1010.6,,3.0
2024-04-29,17,28.3,10.0,32.0,0.0,,127.0,16.2,,1011.6,,3.0
2024-04-29,18,29.0,14.0,40.0,0.0,,90.0,3.6,,1011.6,,3.0
2024-04-29,19,26.3,13.4,45.0,0.0,,133.0,11.9,,1011.2,,3.0
2024-04-29,20,25.5,14.0,49.0,0.0,,139.0,10.4,,1010.4,,3.0
2024-04-29,21,27.0,16.3,52.0,0.0,,0.0,0.0,,1009.8,,1.0
2024-04-29,22,24.2,15.7,59.0,0.0,,178.0,11.2,,1009.8,,1.0
2024-04-29,23,24.0,15.0,57.0,0.0,,187.0,10.1,,1010.2,,1.0
2024-04-30,0,25.4,18.3,65.0,0.0,,0.0,0.0,,1011.0,,1.0
2024-04-30,1,23.2,15.8,63.0,0.0,,216.0,11.9,,1011.8,,1.0
2024-04-30,2,25.6,17.3,60.0,0.0,,181.0,10.8,,1012.2,,1.0
2024-04-30,3,29.4,17.6,49.0,0.0,,90.0,3.6,,1012.5,,2.0
2024-04-30,4,30.9,14.5,37.0,0.0,,206.0,11.5,,1012.2,,2.0
2024-04-30,5,33.1,13.2,30.0,0.0,,208.0,9.0,,1011.5,,3.0
2024-04-30,6,34.4,18.9,40.0,0.0,,90.0,3.6,,1010.5,,3.0
2024-04-30,7,36.5,9.9,20.0,0.0,,138.0,6.1,,1009.0,,3.0
2024-04-30,8,37.7,8.5,17.0,0.0,,99.0,10.4,,1007.1,,3.0
2024-04-30,9,37.2,12.6,23.0,0.0,,0.0,0.0,,1005.8,,3.0
2024-04-30,10,38.0,5.9,14.0,0.0,,107.0,15.5,,1004.9,,3.0
2024-04-30,11,37.4,5.4,14.0,0.0,,112.0,16.6,,1004.3,,3.0
2024-04-30,12,36.0,10.9,22.0,0.0,,90.0,3.6,,1004.5,,3.0
2024-04-30,13,34.4,8.9,21.0,0.0,,136.0,13.7,,1005.0,,3.0
2024-04-30,14,33.0,9.1,23.0,0.0,,148.0,16.9,,1006.4,,3.0
2024-04-30,15,32.6,12.8,30.0,0.0,,90.0,5.4,,1007.2,,3.0
2024-04-30,16,30.8,9.6,27.0,0.0,,130.0,19.8,,1008.1,,3.0
2024-04-30,17,29.4,14.0,39.0,0.0,,143.0,17.3,,1008.8,,3.0
2024-04-30,18,30.2,15.1,40.0,0.0,,90.0,5.4,,1009.9,,3.0
2024-04-30,19,27.1,15.8,50.0,0.0,,188.0,10.8,,1009.5,,3.0
2024-04-30,20,26.4,15.8,52.0,0.0,,212.0,12.6,,1009.1,,3.0
2024-04-30,21,27.8,21.8,70.0,0.0,,90.0,5.4,,1008.6,,3.0
2024-04-30,22,24.1,20.8,82.0,0.0,,223.0,11.5,,1008.3,,3.0
2024-04-30,23,23.6,20.9,85.0,0.0,,224.0,12.2,,1008.5,,3.0
2024-05-01,0,23.1,21.2,89.0,0.0,,234.0,13.0,,1009.1,,3.0
2024-05-01,1,23.0,21.3,90.0,0.0,,239.0,14.4,,1009.7,,3.0
2024-05-01,2,24.8,21.3,81.0,0.0,,247.0,15.1,,1010.1,,2.0
2024-05-01,3,27.5,20.3,65.0,0.0,,256.0,14.4,,1010.4,,2.0
2024-05-01,4,30.4,18.8,50.0,0.0,,260.0,13.0,,1009.7,,3.0
2024-05-01,5,32.8,17.4,40.0,0.0,,266.0,11.2,,1008.7,,3.0
2024-05-01,6,34.8,15.7,32.0,0.0,,275.0,7.6,,1007.8,,3.0
2024-05-01,7,36.0,14.1,27.0,0.0,,283.0,5.4,,1006.4,,3.0
2024-05-01,8,37.1,13.2,24.0,0.0,,285.0,3.6,,1004.9,,3.0
2024-05-01,9,39.5,10.8,18.0,0.0,,93.0,8.3,,1003.1,,3.0
2024-05-01,10,39.1,9.6,17.0,0.0,,72.0,7.9,,1002.2,,3.0
2024-05-01,11,38.7,9.3,17.0,0.0,,34.0,9.0,,1001.9,,3.0
2024-05-01,12,37.8,9.4,18.0,0.0,,31.0,11.9,,1002.2,,3.0
2024-05-01,13,35.4,9.8,21.0,0.0,,26.0,13.7,,1003.1,,3.0
2024-05-01,14,33.3,10.0,24.0,0.0,,142.0,7.2,,1004.7,,3.0
2024-05-01,15,32.4,9.9,25.0,0.0,,215.0,10.1,,1005.9,,3.0
2024-05-01,16,30.4,11.4,31.0,0.0,,196.0,7.9,,1006.8,,3.0
2024-05-01,17,30.9,11.3,30.0,0.0,,144.0,8.3,,1007.0,,3.0
2024-05-01,18,29.3,13.9,39.0,0.0,,207.0,19.8,,1008.0,,3.0
2024-05-01,19,28.1,18.2,55.0,0.0,,243.0,19.8,,1007.9,,3.0
2024-05-01,20,26.9,19.8,65.0,0.0,,221.0,14.4,,1007.7,,2.0
2024-05-01,21,26.8,19.7,65.0,0.0,,90.0,3.6,,1007.4,,3.0
2024-05-01,22,25.6,21.1,76.0,0.0,,233.0,14.0,,1007.1,,3.0
2024-05-01,23,24.9,21.6,82.0,0.0,,227.0,12.6,,1007.6,,2.0
2024-05-02,0,25.2,22.1,83.0,0.0,,140.0,3.6,,1008.2,,1.0
2024-05-02,1,24.6,21.9,85.0,0.0,,230.0,13.0,,1009.1,,2.0
2024-05-02,2,26.1,22.0,78.0,0.0,,243.0,11.9,,1010.0,,3.0
2024-05-02,3,28.4,23.3,74.0,0.0,,250.0,5.4,,1010.6,,3.0
2024-05-02,4,31.3,20.0,51.0,0.0,,269.0,10.4,,1010.2,,1.0
2024-05-02,5,33.5,16.8,37.0,0.0,,292.0,7.6,,1009.5,,2.0
2024-05-02,6,34.2,20.9,46.0,0.0,,270.0,5.4,,1008.7,,3.0
2024-05-02,7,36.2,15.3,29.0,0.0,,330.0,4.0,,1007.5,,3.0
2024-05-02,8,37.3,14.6,26.0,0.0,,349.0,3.6,,1005.8,,3.0
2024-05-02,9,37.2,18.2,33.0,0.0,,230.0,5.4,,1004.9,,3.0
2024-05-02,10,37.8,13.8,24.0,0.0,,82.0,2.9,,1003.5,,3.0
2024-05-02,11,37.4,13.4,24.0,0.0,,100.0,4.7,,1003.0,,3.0
2024-05-02,12,37.0,13.7,25.0,0.0,,0.0,0.0,,1003.4,,3.0
2024-05-02,13,34.7,13.5,28.0,0.0,,76.0,16.6,,1005.0,,3.0
2024-05-02,14,32.3,14.9,35.0,0.0,,155.0,24.8,,1006.8,,3.0
2024-05-02,15,29.2,21.7,64.0,0.0,,180.0,3.6,,1007.5,,3.0
2024-05-02,16,31.4,13.2,33.0,0.0,,74.0,8.3,,1008.5,,3.0
2024-05-02,17,30.7,13.5,35.0,0.0,,127.0,12.6,,1008.8,,3.0
2024-05-02,18,29.0,21.5,64.0,0.0,,0.0,0.0,,1008.7,,3.0
2024-05-02,19,30.0,13.7,37.0,0.0,,146.0,15.8,,1008.2,,3.0
2024-05-02,20,28.3,14.5,43.0,0.0,,163.0,11.5,,1007.2,,3.0
2024-05-02,21,28.6,20.6,62.0,0.0,,230.0,3.6,,1007.1,,3.0
2024-05-02,22,27.3,15.7,49.0,0.0,,219.0,13.7,,1007.3,,3.0
2024-05-02,23,26.3,17.9,60.0,0.0,,231.0,11.9,,1007.9,,3.0
2024-05-03,0,27.4,24.3,83.0,0.0,,230.0,3.6,,1008.8,,3.0
2024-05-03,1,25.9,16.5,56.0,0.0,,238.0,11.2,,1009.1,,3.0
2024-05-03,2,28.0,19.0,58.0,0.0,,242.0,10.8,,1010.0,,3.0
2024-05-03,3,29.2,23.9,73.0,0.0,,230.0,5.4,,1010.2,,3.0
2024-05-03,4,33.1,18.1,41.0,0.0,,246.0,11.5,,1010.0,,3.0
2024-05-03,5,35.2,16.0,32.0,0.0,,252.0,8.6,,1009.4,,3.0
2024-05-03,6,33.6,25.0,61.0,0.0,,230.0,5.4,,1008.6,,3.0
2024-05-03,7,37.4,14.1,25.0,0.0,,280.0,4.3,,1007.5,,3.0
2024-05-03,8,38.1,14.0,24.0,0.0,,313.0,4.3,,1006.0,,3.0
2024-05-03,9,31.8,25.2,68.0,0.0,,90.0,3.6,,1004.8,,3.0
2024-05-03,10,37.5,12.2,22.0,0.0,,58.0,14.0,,1003.9,,3.0
2024-05-03,11,33.1,16.9,38.0,0.0,,177.0,12.6,,1006.4,,3.0
2024-05-03,12,24.4,22.5,89.0,0.2,,270.0,9.4,,1008.7,,7.0
2024-05-03,13,27.1,20.0,65.0,0.0,,212.0,17.6,,1009.5,,3.0
2024-05-03,14,27.4,19.7,63.0,0.0,,231.0,7.9,,1009.8,,3.0
2024-05-03,15,25.4,22.5,84.0,0.2,,0.0,0.0,,1011.2,,17.0
2024-05-03,16,27.4,18.7,59.0,0.0,,229.0,8.3,,1010.7,,3.0
2024-05-03,17,27.0,18.8,61.0,0.0,,227.0,10.8,,1010.9,,3.0
2024-05-03,18,25.4,20.6,75.0,0.0,,230.0,5.4,,1010.8,,3.0
2024-05-03,19,25.6,19.3,68.0,0.0,,241.0,10.8,,1010.2,,1.0
2024-05-03,20,24.9,19.5,72.0,0.0,,233.0,11.2,,1009.8,,1.0
2024-05-03,21,24.8,20.5,77.0,0.0,,230.0,5.4,,1009.0,,1.0
2024-05-03,22,23.7,22.3,92.0,0.0,,236.0,12.2,,1008.7,,3.0
2024-05-03,23,23.4,22.0,92.0,0.0,,252.0,11.5,,1008.9,,3.0
2024-05-04,0,23.8,20.1,80.0,0.0,,250.0,3.6,,1009.5,,3.0
2024-05-04,1,23.5,21.9,91.0,0.0,,249.0,9.7,,1010.4,,2.0
2024-05-04,2,25.8,20.8,74.0,0.0,,247.0,10.8,,1011.8,,1.0
2024-05-04,3,26.2,21.2,74.0,0.0,,261.0,3.6,,1012.1,,3.0
2024-05-04,4,31.3,19.3,49.0,0.0,,270.0,13.0,,1011.6,,3.0
2024-05-04,5,33.9,18.0,39.0,0.0,,278.0,12.6,,1010.6,,3.0
2024-05-04,6,30.6,18.0,47.0,0.0,,230.0,5.4,,1009.7,,3.0
2024-05-04,7,36.1,15.3,29.0,0.0,,337.0,10.1,,1008.5,,3.0
2024-05-04,8,37.3,15.2,27.0,0.0,,343.0,9.0,,1007.1,,3.0
2024-05-04,9,35.6,12.6,25.0,0.0,,320.0,3.6,,1005.6,,3.0
2024-05-04,10,37.3,13.4,24.0,0.0,,74.0,16.2,,1004.3,,3.0
2024-05-04,11,33.3,14.9,33.0,0.0,,140.0,22.0,,1005.4,,3.0
2024-05-04,12,35.2,8.1,19.0,0.0,,360.0,3.6,,1007.6,,3.0
2024-05-04,13,26.4,18.8,63.0,0.0,,192.0,20.9,,1008.6,,3.0
2024-05-04,14,26.8,19.4,64.0,0.0,,175.0,16.2,,1008.9,,3.0
2024-05-04,15,30.0,17.1,46.0,0.0,,90.0,7.6,,1009.6,,3.0
2024-05-04,16,25.1,19.9,73.0,0.0,,236.0,14.4,,1010.9,,3.0
2024-05-04,17,25.1,19.5,71.0,0.0,,215.0,16.6,,1010.7,,3.0
2024-05-04,18,28.4,20.2,61.0,0.0,,230.0,9.4,,1010.1,,1.0
2024-05-04,19,25.1,19.9,73.0,0.0,,226.0,13.3,,1009.4,,1.0
2024-05-04,20,24.8,19.9,74.0,0.0,,214.0,13.7,,1008.4,,1.0
2024-05-04,21,26.0,22.7,82.0,0.0,,230.0,7.6,,1008.0,,1.0
2024-05-04,22,24.4,19.7,75.0,0.0,,230.0,14.0,,1007.6,,1.0
2024-05-04,23,23.8,19.7,78.0,0.0,,244.0,13.0,,1008.2,,1.0
2024-05-05,0,24.8,22.3,86.0,0.0,,230.0,9.4,,1008.8,,1.0
2024-05-05,1,23.5,19.4,78.0,0.0,,252.0,14.0,,1009.7,,1.0
2024-05-05,2,25.6,19.3,68.0,0.0,,255.0,14.8,,1010.6,,1.0
2024-05-05,3,26.6,22.9,80.0,0.0,,250.0,5.4,,1010.9,,1.0
2024-05-05,4,30.9,17.9,46.0,0.0,,254.0,15.5,,1010.1,,1.0
2024-05-05,5,33.0,16.8,38.0,0.0,,252.0,15.5,,1009.4,,1.0
2024-05-05,6,32.2,17.7,42.0,0.0,,270.0,5.4,,1008.6,,1.0
2024-05-05,7,35.4,13.6,27.0,0.0,,246.0,10.4,,1007.5,,2.0
2024-05-05,8,36.6,12.8,24.0,0.0,,244.0,10.4,,1006.4,,1.0
2024-05-05,9,36.0,11.6,23.0,0.0,,0.0,0.0,,1004.5,,1.0
2024-05-05,10,36.9,12.4,23.0,0.0,,236.0,12.2,,1003.6,,3.0
2024-05-05,11,35.3,12.3,25.0,0.0,,182.0,22.0,,1004.1,,3.0
2024-05-05,12,35.2,6.5,17.0,0.0,,320.0,3.6,,1005.0,,3.0
2024-05-05,13,30.9,16.5,42.0,0.0,,147.0,18.4,,1006.5,,3.0
2024-05-05,14,31.7,12.5,31.0,0.0,,206.0,18.4,,1006.8,,2.0
2024-05-05,15,30.2,15.9,42.0,0.0,,0.0,0.0,,1007.5,,3.0
2024-05-05,16,29.9,14.0,38.0,0.0,,197.0,11.2,,1008.8,,2.0
2024-05-05,17,29.4,14.4,40.0,0.0,,214.0,19.8,,1009.9,,3.0
2024-05-05,18,29.8,14.4,39.0,0.0,,90.0,3.6,,1009.9,,1.0
2024-05-05,19,27.0,17.5,56.0,0.0,,210.0,15.8,,1009.5,,1.0
2024-05-05,20,26.1,18.5,63.0,0.0,,215.0,16.2,,1008.9,,1.0
2024-05-05,21,27.4,19.5,62.0,0.0,,0.0,0.0,,1008.3,,1.0
2024-05-05,22,24.5,18.9,71.0,0.0,,239.0,11.5,,1008.3,,1.0
2024-05-05,23,23.9,19.0,74.0,0.0,,266.0,10.8,,1008.8,,1.0
2024-05-06,0,24.8,21.9,84.0,0.0,,90.0,9.4,,1009.6,,1.0
2024-05-06,1,23.5,19.4,78.0,0.0,,271.0,13.3,,1010.3,,2.0
2024-05-06,2,25.4,19.3,69.0,0.0,,288.0,13.0,,1011.1,,3.0
2024-05-06,3,26.4,22.5,79.0,0.0,,180.0,3.6,,1011.0,,2.0
2024-05-06,4,31.5,16.3,40.0,0.0,,270.0,12.2,,1010.6,,1.0
2024-05-06,5,33.3,15.8,35.0,0.0,,263.0,9.4,,1010.1,,1.0
2024-05-06,6,32.0,20.3,50.0,0.0,,320.0,3.6,,1009.1,,1.0
2024-05-06,7,36.0,14.1,27.0,0.0,,241.0,7.6,,1008.2,,2.0
2024-05-06,8,37.4,13.4,24.0,0.0,,234.0,7.6,,1006.7,,1.0
2024-05-06,9,35.2,19.2,39.0,0.0,,230.0,5.4,,1005.3,,1.0
2024-05-06,10,37.9,11.8,21.0,0.0,,118.0,14.8,,1003.9,,3.0
2024-05-06,11,34.1,15.6,33.0,0.2,,89.0,18.0,,1005.2,,17.0
2024-05-06,12,34.4,20.4,44.0,0.0,,50.0,5.4,,1005.6,,3.0
2024-05-06,13,32.7,14.3,33.0,0.0,,156.0,11.9,,1005.9,,2.0
2024-05-06,14,31.3,15.3,38.0,0.0,,142.0,11.9,,1007.3,,3.0
2024-05-06,15,22.0,20.3,90.0,0.0,,0.0,0.0,,1009.0,,3.0
2024-05-06,16,28.6,16.2,47.0,0.0,,153.0,15.8,,1010.0,,2.0
2024-05-06,17,28.3,15.9,47.0,0.0,,195.0,11.2,,1010.1,,2.0
2024-05-06,18,22.4,20.3,88.0,0.0,,140.0,11.2,,1010.5,,1.0
2024-05-06,19,26.1,18.0,61.0,0.0,,230.0,10.8,,1010.5,,1.0
2024-05-06,20,26.3,18.2,61.0,0.0,,232.0,11.5,,1009.7,,1.0
2024-05-06,21,21.2,18.8,86.0,0.0,,140.0,11.2,,1009.7,,1.0
2024-05-06,22,24.8,19.4,72.0,0.0,,226.0,12.6,,1009.6,,2.0
2024-05-06,23,24.2,20.1,78.0,0.0,,227.0,13.3,,1010.0,,1.0
2024-05-07,0,21.6,17.2,76.0,0.0,,230.0,5.4,,1010.8,,1.0
2024-05-07,1,23.9,20.8,83.0,0.0,,254.0,11.5,,1011.6,,2.0
2024-05-07,2,25.5,20.5,74.0,0.0,,273.0,12.2,,1012.3,,3.0
2024-05-07,3,25.5,19.2,68.0,0.0,,230.0,5.4,,1012.4,,3.0
2024-05-07,4,30.0,19.7,54.0,0.0,,268.0,10.8,,1012.1,,2.0
2024-05-07,5,32.0,18.9,46.0,0.0,,260.0,10.8,,1011.5,,1.0
2024-05-07,6,29.4,18.2,51.0,0.0,,140.0,5.4,,1011.0,,2.0
2024-05-07,7,34.2,17.4,37.0,0.0,,198.0,8.3,,1010.1,,2.0
2024-05-07,8,35.0,17.3,35.0,0.0,,181.0,7.9,,1008.7,,2.0
2024-05-07,9,33.0,17.2,39.0,0.0,,140.0,3.6,,1007.4,,2.0
2024-05-07,10,35.4,16.2,32.0,0.0,,147.0,14.0,,1006.1,,3.0
2024-05-07,11,33.9,15.8,34.0,0.0,,117.0,14.0,,1006.1,,3.0
2024-05-07,12,32.4,17.1,40.0,0.0,,180.0,3.6,,1007.5,,3.0
2024-05-07,13,27.9,18.6,57.0,0.0,,276.0,14.4,,1009.5,,3.0
2024-05-07,14,25.1,19.2,70.0,0.0,,298.0,18.4,,1011.6,,3.0
2024-05-07,15,28.8,16.0,46.0,0.0,,0.0,0.0,,1011.5,,3.0
2024-05-07,16,25.7,18.1,63.0,0.0,,346.0,9.7,,1012.6,,2.0
2024-05-07,17,25.4,18.3,65.0,0.0,,323.0,9.0,,1012.9,,2.0
2024-05-07,18,27.4,20.2,65.0,0.0,,320.0,3.6,,1012.8,,3.0
2024-05-07,19,25.0,18.2,66.0,0.0,,341.0,7.2,,1011.7,,3.0
2024-05-07,20,24.3,18.7,71.0,0.3,,1.0,10.1,,1011.3,,17.0
2024-05-07,21,25.8,21.5,77.0,0.0,,320.0,3.6,,1012.0,,3.0
2024-05-07,22,22.0,19.7,87.0,0.9,,44.0,6.8,,1011.3,,8.0
2024-05-07,23,21.7,20.2,91.0,0.3,,15.0,13.7,,1012.0,,8.0
2024-05-08,0,25.4,22.3,83.0,0.1,,320.0,3.6,,1011.1,,17.0
2024-05-08,1,21.7,20.3,92.0,0.0,,73.0,4.0,,1012.3,,3.0
2024-05-08,2,23.0,19.6,81.0,0.0,,60.0,7.6,,1013.1,,3.0
2024-05-08,3,23.4,18.3,73.0,0.0,,90.0,5.4,,1013.3,,3.0
2024-05-08,4,28.5,18.6,55.0,0.0,,83.0,7.6,,1012.8,,3.0
2024-05-08,5,30.7,18.1,47.0,0.0,,116.0,6.8,,1011.6,,3.0
2024-05-08,6,30.2,18.9,51.0,0.0,,230.0,5.4,,1010.5,,3.0
2024-05-08,7,32.3,17.0,40.0,0.0,,124.0,5.8,,1009.8,,3.0
2024-05-08,8,33.2,16.6,37.0,0.0,,104.0,8.3,,1008.3,,3.0
2024-05-08,9,33.4,15.4,34.0,0.0,,88.0,10.4,,1006.9,,3.0
2024-05-08,10,33.3,15.3,34.0,0.0,,81.0,12.2,,1006.4,,3.0
2024-05-08,11,31.4,16.2,40.0,0.0,,99.0,14.0,,1006.6,,3.0
2024-05-08,12,31.4,20.1,51.0,0.0,,230.0,5.4,,1007.0,,3.0
2024-05-08,13,29.7,16.5,45.0,0.0,,118.0,11.5,,1007.9,,3.0
2024-05-08,14,28.2,17.1,51.0,0.0,,76.0,12.6,,1009.2,,3.0
2024-05-08,15,22.0,20.3,90.0,0.0,,0.0,0.0,,1009.9,,3.0
2024-05-08,16,26.3,18.4,62.0,0.0,,198.0,17.3,,1010.9,,3.0
2024-05-08,17,25.9,18.3,63.0,0.0,,130.0,11.9,,1011.1,,3.0
2024-05-08,18,23.0,20.3,85.0,0.0,,0.0,0.0,,1011.1,,3.0
2024-05-08,19,24.9,19.1,70.0,0.0,,137.0,13.0,,1010.7,,3.0
2024-05-08,20,23.8,19.3,76.0,0.0,,148.0,11.9,,1010.1,,3.0
2024-05-08,21,23.0,19.4,80.0,0.0,,0.0,0.0,,1009.7,,3.0
2024-05-08,22,23.6,17.6,69.0,0.0,,199.0,9.4,,1008.5,,1.0
2024-05-08,23,23.1,17.6,71.0,0.0,,201.0,9.4,,1008.9,,1.0
2024-05-09,0,23.4,19.1,77.0,0.0,,0.0,0.0,,1009.5,,1.0
2024-05-09,1,22.7,18.0,75.0,0.0,,224.0,8.3,,1010.3,,1.0
2024-05-09,2,24.8,18.7,69.0,0.0,,245.0,7.9,,1011.2,,3.0
2024-05-09,3,25.4,18.1,64.0,0.0,,0.0,0.0,,1012.0,,3.0
2024-05-09,4,28.5,17.7,52.0,0.0,,208.0,5.0,,1011.7,,3.0
2024-05-09,5,30.0,17.5,47.0,0.0,,164.0,4.0,,1011.0,,3.0
2024-05-09,6,29.4,17.9,50.0,0.0,,0.0,0.0,,1010.3,,3.0
2024-05-09,7,31.5,16.3,40.0,0.0,,106.0,6.5,,1009.6,,3.0
2024-05-09,8,32.7,18.1,42.0,0.0,,67.0,7.2,,1007.4,,3.0
2024-05-09,9,32.4,15.8,37.0,0.0,,0.0,0.0,,1006.4,,3.0
2024-05-09,10,32.5,16.8,39.0,0.0,,135.0,6.5,,1005.4,,3.0
2024-05-09,11,27.7,19.0,59.0,2.5,,17.0,15.1,,1007.0,,9.0
2024-05-09,12,31.6,16.7,41.0,0.9,,140.0,3.6,,1007.5,,8.0
2024-05-09,13,29.3,16.5,46.0,0.0,,74.0,9.7,,1007.9,,3.0
2024-05-09,14,27.6,17.7,55.0,0.0,,147.0,13.0,,1009.6,,3.0
2024-05-09,15,24.4,22.1,87.0,0.0,,140.0,7.6,,1010.6,,3.0
2024-05-09,16,25.1,18.1,65.0,0.0,,125.0,10.8,,1011.0,,2.0
2024-05-09,17,24.8,18.5,68.0,0.0,,122.0,14.4,,1011.8,,3.0
2024-05-09,18,24.5,18.9,71.0,0.0,,120.0,9.7,,1011.7,,2.0
2024-05-09,19,24.0,19.3,75.0,0.0,,158.0,7.6,,1011.7,,3.0
2024-05-09,20,23.6,19.7,79.0,0.0,,170.0,8.6,,1011.4,,3.0
2024-05-09,21,23.2,20.3,84.0,0.0,,152.0,13.0,,1011.5,,3.0
2024-05-09,22,22.4,20.1,87.0,2.2,,152.0,12.6,,1011.3,,18.0
2024-05-09,23,22.4,19.8,85.0,0.0,,175.0,6.8,,1010.5,,3.0
2024-05-10,0,22.2,19.6,85.0,0.0,,215.0,5.4,,1011.5,,3.0
2024-05-10,1,22.4,19.6,84.0,0.0,,243.0,5.0,,1012.2,,3.0
2024-05-10,2,24.1,19.6,76.0,0.0,,281.0,9.4,,1012.7,,3.0
2024-05-10,3,23.4,21.3,88.0,0.0,,0.0,0.0,,1012.7,,3.0
2024-05-10,4,25.5,19.6,70.0,0.0,,254.0,9.4,,1013.0,,3.0
2024-05-10,5,28.8,19.2,56.0,0.0,,239.0,6.5,,1012.1,,2.0
2024-05-10,6,27.2,20.3,66.0,0.0,,230.0,3.6,,1011.3,,2.0
2024-05-10,7,31.9,17.8,43.0,0.0,,141.0,6.1,,1010.4,,3.0
2024-05-10,8,32.3,17.4,41.0,0.0,,131.0,6.1,,1009.2,,3.0
2024-05-10,9,31.0,19.4,50.0,0.0,,230.0,5.4,,1007.2,,2.0
2024-05-10,10,32.5,16.8,39.0,0.0,,30.0,7.9,,1006.6,,2.0
2024-05-10,11,29.9,18.0,49.0,0.2,,34.0,20.2,,1007.2,,17.0
2024-05-10,12,28.4,18.2,54.0,2.7,,230.0,7.6,,1009.4,,18.0
2024-05-10,13,25.0,19.8,73.0,0.0,,144.0,10.1,,1009.9,,3.0
2024-05-10,14,26.9,18.5,60.0,0.0,,156.0,11.9,,1010.3,,3.0
2024-05-10,15,27.4,19.5,62.0,0.0,,140.0,5.4,,1010.9,,3.0
2024-05-10,16,25.9,18.6,64.0,0.0,,151.0,10.1,,1011.7,,3.0
2024-05-10,17,25.2,18.9,68.0,0.0,,166.0,9.0,,1012.4,,3.0
2024-05-10,18,26.0,19.2,66.0,0.0,,140.0,5.4,,1012.5,,3.0
2024-05-10,19,22.8,19.2,80.0,0.0,,206.0,7.9,,1011.9,,3.0
2024-05-10,20,22.4,19.4,83.0,0.0,,190.0,5.8,,1011.2,,2.0
2024-05-10,21,22.1,19.3,84.0,0.0,,222.0,6.5,,1011.1,,3.0
2024-05-10,22,21.7,19.4,87.0,0.0,,242.0,5.8,,1010.9,,3.0
2024-05-10,23,21.5,19.4,88.0,0.0,,249.0,4.7,,1011.0,,3.0
2024-05-11,0,22.4,20.7,90.0,0.0,,0.0,0.0,,1011.5,,3.0
2024-05-11,1,22.1,19.3,84.0,0.0,,256.0,5.8,,1011.7,,3.0
2024-05-11,2,24.6,19.2,72.0,0.0,,224.0,4.0,,1012.2,,3.0
2024-05-11,3,24.6,20.7,79.0,0.0,,0.0,0.0,,1012.6,,3.0
2024-05-11,4,29.4,18.2,51.0,0.0,,258.0,5.0,,1012.2,,1.0
2024-05-11,5,29.2,19.2,55.0,0.0,,171.0,6.5,,1012.8,,2.0
2024-05-11,6,29.6,20.7,59.0,0.0,,320.0,5.4,,1012.2,,1.0
2024-05-11,7,31.1,19.1,49.0,0.0,,109.0,7.2,,1011.3,,2.0
2024-05-11,8,31.9,18.8,46.0,0.0,,104.0,8.6,,1009.6,,3.0
2024-05-11,9,31.8,17.7,43.0,0.0,,140.0,3.6,,1008.6,,3.0
2024-05-11,10,32.1,18.0,43.0,0.0,,104.0,9.4,,1007.6,,2.0
2024-05-11,11,32.4,15.0,35.0,0.0,,124.0,18.4,,1006.6,,1.0
2024-05-11,12,31.0,17.0,43.0,0.0,,140.0,3.6,,1008.2,,3.0
2024-05-11,13,28.5,18.9,56.0,0.0,,140.0,13.3,,1009.1,,3.0
2024-05-11,14,27.4,19.0,60.0,0.0,,135.0,11.2,,1010.2,,3.0
2024-05-11,15,28.2,19.4,59.0,0.0,,140.0,3.6,,1011.3,,3.0
2024-05-11,16,25.7,20.0,71.0,0.0,,134.0,11.5,,1012.4,,3.0
2024-05-11,17,25.1,20.1,74.0,0.0,,148.0,11.5,,1013.1,,1.0
2024-05-11,18,27.2,19.8,64.0,0.0,,140.0,3.6,,1013.1,,1.0
2024-05-11,19,24.0,20.1,79.0,0.0,,150.0,7.6,,1012.8,,1.0
2024-05-11,20,23.5,20.4,83.0,0.0,,225.0,7.9,,1012.4,,1.0
2024-05-11,21,24.4,20.1,77.0,0.1,,230.0,5.4,,1011.2,,17.0
2024-05-11,22,22.3,19.3,83.0,0.0,,329.0,5.0,,1010.5,,3.0
2024-05-11,23,22.2,19.6,85.0,0.0,,108.0,4.3,,1011.1,,3.0
2024-05-12,0,24.2,20.7,81.0,0.0,,140.0,3.6,,1011.3,,3.0
2024-05-12,1,22.5,19.7,84.0,0.0,,104.0,7.6,,1012.2,,3.0
2024-05-12,2,24.5,20.2,77.0,0.0,,118.0,5.8,,1012.8,,3.0
2024-05-12,3,26.0,20.3,71.0,0.0,,230.0,3.6,,1012.8,,3.0
2024-05-12,4,28.1,19.6,60.0,0.0,,85.0,4.0,,1012.8,,3.0
2024-05-12,5,28.9,19.5,57.0,0.0,,77.0,5.0,,1012.6,,3.0
2024-05-12,6,29.0,20.2,59.0,0.0,,0.0,0.0,,1012.2,,3.0
2024-05-12,7,31.3,19.0,48.0,0.0,,98.0,6.1,,1011.0,,3.0
2024-05-12,8,31.9,18.5,45.0,0.0,,102.0,9.0,,1009.5,,3.0
2024-05-12,9,33.2,19.7,45.0,0.0,,107.0,3.6,,1008.5,,3.0
2024-05-12,10,31.6,17.9,44.0,0.0,,116.0,10.1,,1007.6,,3.0
2024-05-12,11,31.5,17.8,44.0,0.0,,136.0,7.6,,1007.0,,3.0
2024-05-12,12,26.6,18.5,61.0,0.3,,170.0,3.6,,1008.3,,8.0
2024-05-12,13,27.7,19.8,62.0,0.0,,193.0,8.3,,1009.3,,3.0
2024-05-12,14,26.5,20.4,69.0,0.0,,187.0,9.4,,1010.8,,3.0
2024-05-12,15,26.4,20.0,68.0,0.2,,0.0,0.0,,1011.9,,17.0
2024-05-12,16,23.5,21.0,86.0,3.1,,263.0,12.6,,1013.2,,9.0
2024-05-12,17,21.1,19.6,91.0,0.1,,309.0,14.4,,1014.5,,7.0
2024-05-12,18,25.6,20.8,75.0,0.0,,0.0,0.0,,1013.6,,3.0
2024-05-12,19,22.0,19.9,88.0,0.0,,91.0,5.0,,1012.8,,3.0
2024-05-12,20,21.7,20.0,90.0,0.0,,112.0,4.7,,1011.9,,2.0
2024-05-12,21,21.0,19.8,93.0,0.0,,0.0,0.0,,1011.3,,1.0
2024-05-12,22,21.4,19.7,90.0,0.0,,93.0,5.0,,1010.8,,2.0
2024-05-12,23,21.0,19.8,93.0,0.0,,91.0,3.6,,1010.3,,3.0
2024-05-13,0,22.6,20.9,90.0,0.0,,0.0,0.0,,1010.8,,3.0
2024-05-13,1,21.1,20.1,94.0,0.0,,114.0,5.4,,1011.4,,3.0
2024-05-13,2,22.5,20.6,89.0,0.0,,115.0,4.3,,1011.9,,3.0
2024-05-13,3,24.0,22.3,90.0,0.0,,0.0,0.0,,1012.7,,3.0
2024-05-13,4,27.2,19.0,61.0,0.0,,25.0,5.0,,1012.9,,3.0
2024-05-13,5,28.7,18.5,54.0,0.0,,74.0,5.0,,1012.5,,3.0
2024-05-13,6,27.4,21.7,71.0,0.0,,81.0,3.6,,1011.4,,3.0
2024-05-13,7,30.9,17.9,46.0,0.0,,84.0,8.6,,1010.3,,3.0
2024-05-13,8,32.4,18.6,44.0,0.0,,98.0,10.8,,1008.2,,1.0
2024-05-13,9,29.8,18.9,52.0,0.0,,140.0,3.6,,1006.8,,3.0
2024-05-13,10,32.3,18.1,43.0,0.0,,93.0,14.4,,1006.2,,2.0
2024-05-13,11,30.1,18.2,49.0,0.2,,114.0,16.6,,1006.7,,17.0
2024-05-13,12,29.6,17.8,49.0,0.0,,0.0,0.0,,1007.2,,3.0
2024-05-13,13,26.8,18.9,62.0,0.5,,113.0,14.0,,1009.0,,17.0
2024-05-13,14,25.2,20.0,73.0,0.5,,125.0,14.8,,1009.8,,8.0
2024-05-13,15,26.4,19.3,65.0,0.0,,140.0,3.6,,1010.7,,3.0
2024-05-13,16,24.3,20.4,79.0,0.2,,68.0,7.9,,1011.2,,7.0
2024-05-13,17,23.3,20.2,83.0,0.9,,163.0,8.3,,1012.0,,8.0
2024-05-13,18,22.2,21.5,96.0,2.2,,140.0,5.4,,1013.7,,9.0
2024-05-13,19,21.6,19.5,88.0,0.5,,144.0,8.6,,1012.6,,8.0
2024-05-13,20,21.5,19.8,90.0,0.5,,134.0,4.0,,1011.5,,8.0
2024-05-13,21,20.8,20.0,95.0,0.3,,140.0,3.6,,1011.0,,8.0
2024-05-13,22,21.5,20.3,93.0,0.0,,121.0,5.8,,1010.3,,3.0
2024-05-13,23,21.7,20.0,90.0,0.1,,197.0,3.6,,1010.2,,7.0
2024-05-14,0,20.6,19.9,96.0,0.0,,140.0,3.6,,1010.8,,3.0
2024-05-14,1,21.9,20.0,89.0,0.0,,169.0,4.7,,1011.7,,3.0
2024-05-14,2,23.4,20.2,82.0,0.0,,162.0,3.6,,1012.2,,3.0
2024-05-14,3,22.2,21.0,93.0,0.0,,140.0,3.6,,1012.5,,3.0
2024-05-14,4,26.4,20.3,69.0,0.0,,193.0,5.0,,1012.7,,3.0
2024-05-14,5,28.4,19.6,59.0,0.0,,172.0,3.6,,1012.3,,3.0
2024-05-14,6,27.4,19.0,60.0,0.0,,140.0,3.6,,1011.7,,3.0
2024-05-14,7,30.0,19.1,52.0,0.0,,75.0,9.0,,1010.8,,3.0
2024-05-14,8,30.6,18.7,49.0,0.0,,70.0,9.4,,1009.2,,3.0
2024-05-14,9,30.2,18.0,48.0,0.0,,140.0,5.4,,1009.6,,2.0
2024-05-14,10,24.1,20.6,81.0,0.4,,83.0,10.1,,1009.3,,8.0
2024-05-14,11,25.1,20.6,76.0,0.2,,55.0,8.6,,1009.4,,17.0
2024-05-14,12,29.8,17.9,49.0,0.0,,90.0,5.4,,1009.9,,3.0
2024-05-14,13,24.6,20.7,79.0,0.0,,34.0,3.6,,1010.6,,3.0
2024-05-14,14,24.5,19.1,72.0,0.0,,95.0,6.1,,1011.4,,3.0
2024-05-14,15,26.6,19.5,65.0,0.0,,0.0,0.0,,1011.8,,3.0
2024-05-14,16,23.4,19.5,79.0,1.2,,83.0,8.6,,1012.5,,18.0
2024-05-14,17,22.8,19.8,83.0,1.8,,346.0,15.8,,1014.1,,18.0
2024-05-14,18,25.2,20.5,75.0,4.0,,0.0,0.0,,1013.7,,9.0
2024-05-14,19,24.0,21.7,87.0,0.8,,160.0,10.8,,1011.3,,8.0
2024-05-14,20,23.4,21.5,89.0,0.0,,177.0,9.7,,1010.4,,3.0
2024-05-14,21,24.2,21.5,85.0,0.0,,192.0,3.6,,1010.7,,3.0
2024-05-14,22,22.4,20.9,91.0,0.0,,267.0,13.3,,1010.5,,3.0
2024-05-14,23,21.6,19.7,89.0,0.0,,303.0,11.5,,1011.7,,3.0
2024-05-15,0,23.4,20.9,86.0,0.0,,180.0,3.6,,1011.8,,2.0
2024-05-15,1,21.3,19.4,89.0,0.0,,294.0,13.0,,1012.6,,3.0
2024-05-15,2,22.9,19.3,80.0,0.0,,293.0,10.1,,1013.6,,2.0
2024-05-15,3,25.0,21.3,80.0,0.0,,0.0,0.0,,1013.4,,2.0
2024-05-15,4,27.3,19.9,64.0,0.0,,290.0,7.2,,1012.8,,1.0
2024-05-15,5,28.7,19.1,56.0,0.0,,18.0,6.8,,1012.3,,2.0
2024-05-15,6,28.4,21.2,65.0,0.0,,0.0,0.0,,1011.5,,2.0
2024-05-15,7,31.2,18.9,48.0,0.0,,50.0,8.6,,1010.9,,2.0
2024-05-15,8,31.8,18.0,44.0,0.0,,61.0,10.4,,1009.6,,3.0
2024-05-15,9,30.6,17.7,46.0,0.0,,50.0,3.6,,1008.6,,3.0
2024-05-15,10,32.0,18.2,44.0,0.0,,33.0,15.8,,1006.9,,3.0
2024-05-15,11,28.5,18.9,56.0,0.7,,79.0,15.5,,1008.1,,17.0
2024-05-15,12,30.4,16.1,42.0,0.0,,140.0,3.6,,1008.5,,3.0
2024-05-15,13,27.6,18.9,59.0,0.0,,90.0,11.5,,1009.5,,3.0
2024-05-15,14,26.2,19.1,65.0,0.0,,108.0,13.7,,1011.2,,3.0
2024-05-15,15,27.8,17.9,55.0,0.0,,0.0,0.0,,1011.2,,3.0
2024-05-15,16,25.9,18.6,64.0,0.0,,114.0,15.5,,1012.5,,3.0
2024-05-15,17,24.4,19.2,73.0,0.0,,122.0,14.4,,1013.5,,3.0
2024-05-15,18,25.6,20.0,71.0,0.0,,140.0,5.4,,1013.2,,3.0
2024-05-15,19,23.1,19.7,81.0,0.0,,124.0,9.4,,1012.5,,3.0
2024-05-15,20,22.5,19.9,85.0,0.0,,158.0,9.7,,1011.9,,3.0
2024-05-15,21,24.8,21.3,81.0,0.0,,140.0,3.6,,1011.4,,3.0
2024-05-15,22,21.8,20.6,93.0,0.0,,166.0,6.5,,1011.2,,3.0
2024-05-15,23,21.3,20.8,97.0,0.0,,146.0,5.4,,1011.1,,3.0
2024-05-16,0,24.2,20.7,81.0,0.0,,140.0,3.6,,1011.5,,3.0
2024-05-16,1,21.7,20.3,92.0,0.0,,39.0,2.5,,1011.7,,3.0
2024-05-16,2,23.2,20.3,84.0,0.0,,250.0,4.3,,1012.7,,3.0
2024-05-16,3,25.0,20.9,78.0,0.0,,0.0,0.0,,1013.2,,3.0
2024-05-16,4,25.0,20.3,75.0,0.0,,245.0,3.6,,1013.6,,3.0
2024-05-16,5,26.4,19.8,67.0,0.0,,318.0,3.2,,1013.4,,3.0
2024-05-16,6,26.4,21.2,73.0,0.0,,230.0,3.6,,1012.6,,3.0
2024-05-16,7,28.0,18.4,56.0,0.0,,51.0,8.6,,1011.7,,3.0
2024-05-16,8,29.1,17.9,51.0,0.0,,53.0,9.7,,1010.1,,3.0
2024-05-16,9,29.4,20.3,58.0,0.0,,53.0,3.6,,1008.6,,3.0
2024-05-16,10,30.2,17.0,45.0,0.0,,52.0,11.5,,1007.2,,2.0
2024-05-16,11,26.3,18.2,61.0,0.0,,177.0,6.1,,1009.0,,3.0
2024-05-16,12,29.6,18.1,50.0,0.0,,90.0,5.4,,1009.1,,3.0
2024-05-16,13,25.1,18.5,67.0,0.0,,202.0,5.4,,1010.4,,3.0
2024-05-16,14,24.2,18.8,72.0,0.1,,222.0,9.0,,1011.2,,7.0
2024-05-16,15,26.2,20.1,69.0,0.0,,140.0,5.4,,1012.3,,3.0
2024-05-16,16,24.7,18.9,70.0,0.3,,135.0,7.6,,1012.2,,8.0
2024-05-16,17,24.3,18.9,72.0,0.0,,118.0,6.8,,1012.4,,3.0
2024-05-16,18,24.8,21.5,82.0,0.0,,90.0,5.4,,1012.1,,3.0
2024-05-16,19,23.1,19.7,81.0,0.0,,24.0,4.3,,1011.7,,3.0
2024-05-16,20,23.2,19.4,79.0,0.0,,26.0,4.7,,1011.2,,3.0
2024-05-16,21,24.2,21.5,85.0,0.0,,0.0,0.0,,1010.1,,3.0
2024-05-16,22,21.5,20.1,92.0,0.3,,205.0,5.0,,1009.8,,8.0
2024-05-16,23,21.5,20.3,93.0,0.0,,234.0,5.0,,1010.3,,3.0
2024-05-17,0,24.6,21.3,82.0,0.0,,0.0,0.0,,1010.8,,3.0
2024-05-17,1,21.7,20.3,92.0,0.0,,304.0,7.2,,1010.9,,3.0
2024-05-17,2,23.2,20.3,84.0,0.0,,343.0,10.4,,1011.8,,3.0
2024-05-17,3,22.4,21.2,93.0,0.0,,320.0,3.6,,1012.2,,3.0
2024-05-17,4,26.1,20.2,70.0,0.0,,337.0,12.6,,1012.0,,3.0
2024-05-17,5,27.2,20.1,65.0,0.0,,334.0,9.4,,1011.8,,3.0
2024-05-17,6,26.8,21.1,71.0,0.0,,0.0,0.0,,1011.3,,3.0
2024-05-17,7,28.2,20.2,62.0,0.0,,32.0,3.2,,1009.7,,3.0
2024-05-17,8,29.0,20.5,60.0,0.0,,46.0,4.0,,1008.3,,3.0
2024-05-17,9,27.8,19.9,62.0,0.0,,140.0,3.6,,1006.9,,3.0
2024-05-17,10,28.2,20.0,61.0,0.6,,61.0,8.3,,1006.3,,8.0
2024-05-17,11,23.1,21.2,89.0,7.2,,114.0,19.1,,1008.6,,9.0
2024-05-17,12,25.2,20.9,77.0,0.7,,140.0,5.4,,1008.7,,8.0
2024-05-17,13,23.1,21.5,91.0,1.0,,189.0,9.4,,1009.7,,9.0
2024-05-17,14,22.8,21.6,93.0,0.2,,222.0,7.2,,1010.0,,7.0
2024-05-17,15,23.8,21.1,85.0,0.0,,0.0,0.0,,1010.9,,3.0
2024-05-17,16,22.4,21.2,93.0,0.0,,223.0,6.8,,1011.1,,3.0
2024-05-17,17,22.2,21.2,94.0,0.0,,244.0,7.2,,1011.5,,3.0
2024-05-17,18,23.6,19.9,80.0,0.0,,0.0,0.0,,1011.5,,3.0
2024-05-17,19,22.1,21.4,96.0,0.0,,206.0,4.3,,1011.0,,3.0
2024-05-17,20,21.8,21.3,97.0,0.0,,211.0,4.7,,1010.2,,3.0
2024-05-17,21,23.0,20.0,83.0,0.0,,0.0,0.0,,1009.1,,3.0
2024-05-17,22,21.4,21.4,100.0,0.0,,254.0,5.0,,1008.7,,3.0
2024-05-17,23,21.5,21.2,98.0,0.0,,322.0,4.0,,1009.1,,3.0
2024-05-18,0,22.4,20.3,88.0,0.0,,0.0,0.0,,1009.5,,3.0
2024-05-18,1,21.6,21.1,97.0,0.0,,283.0,2.9,,1010.1,,3.0
2024-05-18,2,23.2,20.9,87.0,0.0,,290.0,2.2,,1010.6,,3.0
2024-05-18,3,25.4,20.6,75.0,0.0,,0.0,0.0,,1010.6,,3.0
2024-05-18,4,26.5,19.6,66.0,0.0,,238.0,4.7,,1010.2,,3.0
2024-05-18,5,27.8,19.1,59.0,0.1,,253.0,3.6,,1010.0,,7.0
2024-05-18,6,27.8,19.9,62.0,0.0,,0.0,0.0,,1009.4,,3.0
2024-05-18,7,29.5,20.1,57.0,0.0,,149.0,2.2,,1008.2,,3.0
2024-05-18,8,29.6,20.2,57.0,0.0,,152.0,2.2,,1006.5,,3.0
2024-05-18,9,28.4,20.2,61.0,0.0,,230.0,5.4,,1006.4,,3.0
2024-05-18,10,24.3,21.4,84.0,1.6,,115.0,16.6,,1006.2,,9.0
2024-05-18,11,24.2,21.1,83.0,0.3,,122.0,13.0,,1006.2,,8.0
2024-05-18,12,27.8,20.1,63.0,7.5,,0.0,0.0,,1007.3,,9.0
2024-05-18,13,22.7,21.3,92.0,1.1,,154.0,7.9,,1007.6,,9.0
2024-05-18,14,22.6,21.4,93.0,0.6,,21.0,5.0,,1009.0,,8.0
2024-05-18,15,23.4,21.8,91.0,4.6,,0.0,0.0,,1009.3,,9.0
2024-05-18,16,22.3,21.3,94.0,4.0,,174.0,7.6,,1010.3,,9.0
2024-05-18,17,22.3,21.1,93.0,2.0,,233.0,4.0,,1010.0,,9.0
2024-05-18,18,22.6,21.4,93.0,1.8,,320.0,3.6,,1009.7,,9.0
2024-05-18,19,22.1,21.3,95.0,1.9,,182.0,4.0,,1009.2,,9.0
2024-05-18,20,22.0,20.6,92.0,0.9,,171.0,5.0,,1008.7,,8.0
2024-05-18,21,22.4,21.2,93.0,1.1,,0.0,0.0,,1007.8,,9.0
2024-05-18,22,21.7,20.7,94.0,0.3,,349.0,4.7,,1007.3,,8.0
2024-05-18,23,21.5,20.7,95.0,0.2,,304.0,4.0,,1007.3,,7.0
2024-05-19,0,22.0,20.8,93.0,0.0,,0.0,0.0,,1008.1,,3.0
2024-05-19,1,20.9,20.2,96.0,2.7,,260.0,7.9,,1008.8,,9.0
2024-05-19,2,21.6,20.4,93.0,0.1,,306.0,7.6,,1008.9,,7.0
2024-05-19,3,24.8,21.5,82.0,0.0,,230.0,5.4,,1009.2,,3.0
2024-05-19,4,25.8,20.6,73.0,0.0,,321.0,7.9,,1008.6,,3.0
2024-05-19,5,27.2,19.8,64.0,0.0,,358.0,4.3,,1008.5,,3.0
2024-05-19,6,27.8,22.7,74.0,0.0,,27.0,3.6,,1007.8,,3.0
2024-05-19,7,29.2,20.1,58.0,0.0,,60.0,5.4,,1006.4,,3.0
2024-05-19,8,29.5,19.8,56.0,0.0,,79.0,7.2,,1004.9,,3.0
2024-05-19,9,26.0,21.0,74.0,0.0,,0.0,0.0,,1003.8,,3.0
2024-05-19,10,25.8,21.2,76.0,0.0,,107.0,9.0,,1004.7,,3.0
2024-05-19,11,25.4,21.3,78.0,0.2,,76.0,5.8,,1004.1,,7.0
2024-05-19,12,24.2,21.9,87.0,0.0,,0.0,0.0,,1004.4,,3.0
2024-05-19,13,24.7,21.4,82.0,0.0,,90.0,4.0,,1005.2,,3.0
2024-05-19,14,24.0,21.5,86.0,0.0,,120.0,4.7,,1006.4,,3.0
2024-05-19,15,22.4,20.9,91.0,0.0,,0.0,0.0,,1007.8,,3.0
2024-05-19,16,22.6,21.6,94.0,0.0,,240.0,4.0,,1007.8,,3.0
2024-05-19,17,22.0,21.3,96.0,0.2,,238.0,6.1,,1008.3,,7.0
2024-05-19,18,22.2,21.4,95.0,3.8,,0.0,0.0,,1009.2,,9.0
2024-05-19,19,21.5,20.7,95.0,1.7,,323.0,6.1,,1008.2,,9.0
2024-05-19,20,22.6,21.8,95.0,0.2,,56.0,3.2,,1006.3,,7.0
2024-05-19,21,22.4,21.2,93.0,0.0,,0.0,0.0,,1005.9,,3.0
2024-05-19,22,22.4,21.9,97.0,0.0,,33.0,2.5,,1005.9,,3.0
2024-05-19,23,22.2,21.9,98.0,0.0,,175.0,3.6,,1006.3,,3.0
2024-05-20,0,22.2,21.0,93.0,0.0,,0.0,0.0,,1007.0,,3.0
2024-05-20,1,22.1,21.6,97.0,0.0,,290.0,6.1,,1007.9,,3.0
2024-05-20,2,23.0,21.5,91.0,0.0,,317.0,5.8,,1008.4,,3.0
2024-05-20,3,23.0,20.3,85.0,0.0,,0.0,0.0,,1008.8,,3.0
2024-05-20,4,24.5,21.4,83.0,0.0,,312.0,4.7,,1008.9,,3.0
2024-05-20,5,24.8,21.3,81.0,0.0,,298.0,4.7,,1008.7,,3.0
2024-05-20,6,28.0,20.0,62.0,0.0,,95.0,3.2,,1007.6,,3.0
2024-05-20,7,27.8,19.6,61.0,0.0,,112.0,3.2,,1007.1,,3.0
2024-05-20,8,27.2,19.3,62.0,0.0,,150.0,2.5,,1006.3,,3.0
2024-05-20,9,28.4,18.8,56.0,0.0,,274.0,3.6,,1005.1,,3.0
2024-05-20,10,27.5,19.8,63.0,0.0,,275.0,5.8,,1003.8,,3.0
2024-05-20,11,26.4,20.5,70.0,2.9,,111.0,10.1,,1004.0,,18.0
2024-05-20,12,28.0,20.0,62.0,0.0,,0.0,0.0,,1004.6,,3.0
2024-05-20,13,24.9,20.4,76.0,0.0,,199.0,13.3,,1005.9,,3.0
2024-05-20,14,23.2,21.3,89.0,0.0,,226.0,11.5,,1007.2,,3.0
2024-05-20,15,25.6,22.1,81.0,0.0,,230.0,5.4,,1008.2,,3.0
2024-05-20,16,22.4,21.0,92.0,0.0,,126.0,5.0,,1009.1,,3.0
2024-05-20,17,22.3,21.1,93.0,0.0,,232.0,2.9,,1009.3,,3.0
2024-05-20,18,23.4,21.3,88.0,0.0,,230.0,5.4,,1009.0,,3.0
2024-05-20,19,21.7,21.2,97.0,0.0,,248.0,4.7,,1008.4,,3.0
2024-05-20,20,21.4,21.1,98.0,0.0,,244.0,4.0,,1007.6,,3.0
2024-05-20,21,22.4,21.7,96.0,0.0,,320.0,5.4,,1007.1,,3.0
2024-05-20,22,21.2,21.0,99.0,0.0,,236.0,5.0,,1006.6,,3.0
2024-05-20,23,21.0,21.0,100.0,0.0,,249.0,5.8,,1006.5,,3.0
2024-05-21,0,22.0,20.3,90.0,0.0,,0.0,0.0,,1006.9,,5.0
2024-05-21,1,21.3,21.1,99.0,0.0,,278.0,6.8,,1007.8,,5.0
2024-05-21,2,22.4,21.0,92.0,0.0,,318.0,7.9,,1008.0,,5.0
2024-05-21,3,23.0,21.3,90.0,0.0,,338.0,3.6,,1008.3,,3.0
2024-05-21,4,26.3,21.3,74.0,0.0,,6.0,10.1,,1008.0,,3.0
2024-05-21,5,27.7,21.0,67.0,0.0,,30.0,12.2,,1007.6,,3.0
2024-05-21,6,28.4,20.4,62.0,0.0,,20.0,3.6,,1007.0,,3.0
2024-05-21,7,29.6,21.3,61.0,0.0,,62.0,17.6,,1005.6,,3.0
2024-05-21,8,26.3,21.5,75.0,1.0,,100.0,18.4,,1005.7,,9.0
2024-05-21,9,30.0,16.4,44.0,0.3,,50.0,3.6,,1005.0,,8.0
2024-05-21,10,26.8,21.8,74.0,0.0,,88.0,16.2,,1003.9,,3.0
2024-05-21,11,26.8,21.8,74.0,0.0,,91.0,13.7,,1004.1,,3.0
2024-05-21,12,29.2,19.2,55.0,0.3,,0.0,0.0,,1004.7,,8.0
2024-05-21,13,25.1,22.0,83.0,0.0,,110.0,6.1,,1005.8,,3.0
2024-05-21,14,24.2,22.1,88.0,0.2,,152.0,5.0,,1006.7,,7.0
2024-05-21,15,25.4,21.9,81.0,0.0,,0.0,0.0,,1007.4,,3.0
2024-05-21,16,23.6,22.2,92.0,0.0,,145.0,7.2,,1007.8,,3.0
2024-05-21,17,23.1,22.1,94.0,0.0,,157.0,7.9,,1008.4,,3.0
2024-05-21,18,24.4,21.5,84.0,0.0,,50.0,3.6,,1008.1,,3.0
2024-05-21,19,22.0,21.7,98.0,0.0,,74.0,3.6,,1007.5,,3.0
2024-05-21,20,21.5,21.5,100.0,0.0,,46.0,4.0,,1006.7,,2.0
2024-05-21,21,22.8,21.3,91.0,0.0,,50.0,3.6,,1005.6,,5.0
2024-05-21,22,21.9,21.4,97.0,0.0,,349.0,4.7,,1004.8,,5.0
2024-05-21,23,21.3,21.0,98.0,0.0,,31.0,5.0,,1004.9,,3.0
2024-05-22,0,22.4,21.2,93.0,0.0,,320.0,3.6,,1005.6,,3.0
2024-05-22,1,22.0,21.5,97.0,0.0,,8.0,9.0,,1006.3,,3.0
2024-05-22,2,23.5,21.8,90.0,0.0,,16.0,9.4,,1007.2,,3.0
2024-05-22,3,25.4,22.3,83.0,0.0,,20.0,5.4,,1007.4,,3.0
2024-05-22,4,26.9,20.3,67.0,0.0,,32.0,14.4,,1007.2,,3.0
2024-05-22,5,28.5,19.7,59.0,0.0,,42.0,19.1,,1006.7,,3.0
2024-05-22,6,28.8,21.3,64.0,0.0,,46.0,3.6,,1006.1,,3.0
2024-05-22,7,29.9,19.9,55.0,0.0,,45.0,18.7,,1005.0,,3.0
2024-05-22,8,28.7,21.0,63.0,0.0,,55.0,19.8,,1003.8,,3.0
2024-05-22,9,31.0,19.4,50.0,0.0,,230.0,5.4,,1001.9,,3.0
2024-05-22,10,29.6,21.0,60.0,0.0,,48.0,14.8,,1001.2,,3.0
2024-05-22,11,28.8,20.8,62.0,0.0,,57.0,15.5,,1001.5,,3.0
2024-05-22,12,29.8,20.9,59.0,0.0,,90.0,5.4,,1002.6,,3.0
2024-05-22,13,23.5,21.2,87.0,0.1,,199.0,16.2,,1004.9,,7.0
2024-05-22,14,22.3,20.4,89.0,0.1,,175.0,13.3,,1006.8,,7.0
2024-05-22,15,26.0,20.1,70.0,0.7,,90.0,5.4,,1007.6,,8.0
2024-05-22,16,22.5,21.0,91.0,0.0,,135.0,5.8,,1007.9,,3.0
2024-05-22,17,22.4,21.2,93.0,0.0,,150.0,5.0,,1007.9,,3.0
2024-05-22,18,25.2,22.7,86.0,0.0,,90.0,7.6,,1007.3,,3.0
2024-05-22,19,21.5,20.8,96.0,0.0,,53.0,4.7,,1006.4,,3.0
2024-05-22,20,20.9,20.6,98.0,0.0,,26.0,5.0,,1005.3,,3.0
2024-05-22,21,24.0,22.3,90.0,0.0,,90.0,3.6,,1004.3,,3.0
2024-05-22,22,20.2,20.0,99.0,0.0,,44.0,6.5,,1004.2,,3.0
2024-05-22,23,21.4,21.2,99.0,0.0,,359.0,2.2,,1004.1,,3.0
2024-05-23,0,23.4,22.2,93.0,0.0,,0.0,0.0,,1004.6,,3.0
2024-05-23,1,21.3,21.1,99.0,0.0,,336.0,6.5,,1005.1,,5.0
2024-05-23,2,22.5,21.5,94.0,0.0,,258.0,4.3,,1006.5,,5.0
2024-05-23,3,25.6,21.5,78.0,0.0,,0.0,0.0,,1006.6,,3.0
2024-05-23,4,26.6,20.9,71.0,0.0,,29.0,9.0,,1007.0,,3.0
2024-05-23,5,28.3,20.1,61.0,0.0,,27.0,13.3,,1005.9,,3.0
2024-05-23,6,28.4,19.3,58.0,0.0,,70.0,5.4,,1004.9,,3.0
2024-05-23,7,30.5,18.6,49.0,0.0,,36.0,14.4,,1003.8,,3.0
2024-05-23,8,31.0,18.4,47.0,0.0,,42.0,13.3,,1002.8,,3.0
2024-05-23,9,32.4,20.3,49.0,0.0,,90.0,3.6,,1001.4,,3.0
2024-05-23,10,29.6,19.6,55.0,0.0,,66.0,15.1,,1001.0,,3.0
2024-05-23,11,29.3,20.5,59.0,0.0,,132.0,17.3,,1000.9,,3.0
2024-05-23,12,31.0,19.4,50.0,1.2,,0.0,0.0,,1003.1,,9.0
2024-05-23,13,24.3,22.0,87.0,0.0,,199.0,11.5,,1003.5,,3.0
2024-05-23,14,24.9,19.7,73.0,0.0,,192.0,8.6,,1003.9,,3.0
2024-05-23,15,28.0,21.8,69.0,0.0,,90.0,7.6,,1004.8,,3.0
2024-05-23,16,23.6,20.5,83.0,0.0,,234.0,6.5,,1006.0,,3.0
2024-05-23,17,23.0,20.5,86.0,0.0,,238.0,8.3,,1006.0,,3.0
2024-05-23,18,26.7,23.4,82.0,0.0,,90.0,3.6,,1005.8,,3.0
2024-05-23,19,22.7,20.8,89.0,0.0,,206.0,6.8,,1004.8,,3.0
2024-05-23,20,23.1,20.8,87.0,0.0,,219.0,6.8,,1004.6,,3.0
2024-05-23,21,25.6,23.3,87.0,0.0,,211.0,3.6,,1004.1,,3.0
2024-05-23,22,22.7,21.2,91.0,0.0,,207.0,9.7,,1004.0,,3.0
2024-05-23,23,22.2,21.4,95.0,0.0,,223.0,11.2,,1004.5,,3.0
2024-05-24,0,25.2,23.4,90.0,0.0,,0.0,0.0,,1005.1,,3.0
2024-05-24,1,22.2,21.5,96.0,0.0,,245.0,11.9,,1005.5,,3.0
2024-05-24,2,23.0,21.6,92.0,0.0,,252.0,9.4,,1005.5,,3.0
2024-05-24,3,26.2,21.6,76.0,0.0,,0.0,0.0,,1005.4,,3.0
2024-05-24,4,27.1,22.5,76.0,0.0,,244.0,9.0,,1005.3,,3.0
2024-05-24,5,28.7,22.2,68.0,0.0,,260.0,9.4,,1005.2,,3.0
2024-05-24,6,28.8,22.5,69.0,0.0,,0.0,0.0,,1005.5,,3.0
2024-05-24,7,28.4,20.9,64.0,0.0,,270.0,7.9,,1004.7,,3.0
2024-05-24,8,28.3,20.6,63.0,0.0,,254.0,6.8,,1004.1,,3.0
2024-05-24,9,30.4,17.8,47.0,0.2,,0.0,0.0,,1003.1,,7.0
2024-05-24,10,24.2,21.1,83.0,1.1,,22.0,15.8,,1003.7,,9.0
2024-05-24,11,25.1,22.0,83.0,1.2,,332.0,9.0,,1002.5,,9.0
2024-05-24,12,30.0,19.1,52.0,0.0,,320.0,7.6,,1003.7,,3.0
2024-05-24,13,23.4,21.1,87.0,0.0,,323.0,11.5,,1004.4,,3.0
2024-05-24,14,23.2,21.1,88.0,0.1,,270.0,5.8,,1005.2,,7.0
2024-05-24,15,24.0,21.7,87.0,0.0,,90.0,5.4,,1006.2,,3.0
2024-05-24,16,23.1,20.4,85.0,0.0,,309.0,13.3,,1007.1,,3.0
2024-05-24,17,23.3,20.8,86.0,0.0,,308.0,15.8,,1006.7,,3.0
2024-05-24,18,23.4,20.3,83.0,0.0,,320.0,5.4,,1006.5,,3.0
2024-05-24,19,22.9,21.5,92.0,0.0,,274.0,12.6,,1006.6,,3.0
2024-05-24,20,22.6,21.6,94.0,0.0,,265.0,14.4,,1005.9,,3.0
2024-05-24,21,22.8,21.1,90.0,0.0,,320.0,5.4,,1005.4,,3.0
2024-05-24,22,22.1,20.7,92.0,0.0,,259.0,14.0,,1005.2,,3.0
2024-05-24,23,22.1,20.9,93.0,0.0,,265.0,17.3,,1005.4,,3.0
2024-05-25,0,22.2,20.1,88.0,0.0,,320.0,7.6,,1005.6,,3.0
2024-05-25,1,22.1,21.4,96.0,0.0,,265.0,16.9,,1005.8,,3.0
2024-05-25,2,22.2,20.7,91.0,0.0,,274.0,19.8,,1006.7,,3.0
2024-05-25,3,22.4,21.6,95.0,0.0,,230.0,5.4,,1007.2,,3.0
2024-05-25,4,23.7,20.2,81.0,0.0,,270.0,21.2,,1007.3,,3.0
2024-05-25,5,25.3,19.9,72.0,0.0,,270.0,19.8,,1007.1,,3.0
2024-05-25,6,28.4,19.6,59.0,0.0,,270.0,5.4,,1007.0,,3.0
2024-05-25,7,27.1,18.4,59.0,0.0,,281.0,18.0,,1006.0,,3.0
2024-05-25,8,27.6,18.9,59.0,0.0,,280.0,19.4,,1005.0,,3.0
2024-05-25,9,28.8,17.3,50.0,0.0,,250.0,7.6,,1004.0,,3.0
2024-05-25,10,28.6,19.0,56.0,0.0,,282.0,24.1,,1002.8,,3.0
2024-05-25,11,27.6,18.9,59.0,0.0,,290.0,23.4,,1002.6,,3.0
2024-05-25,12,27.0,15.7,50.0,0.0,,270.0,7.6,,1003.2,,3.0
2024-05-25,13,26.3,19.7,67.0,0.0,,280.0,14.0,,1004.2,,3.0
2024-05-25,14,25.8,19.7,69.0,0.0,,271.0,12.2,,1005.3,,3.0
2024-05-25,15,25.0,17.2,62.0,0.0,,320.0,3.6,,1006.6,,3.0
2024-05-25,16,24.3,20.4,79.0,0.0,,256.0,19.1,,1007.2,,3.0
2024-05-25,17,23.1,19.5,80.0,0.0,,264.0,19.8,,1008.6,,3.0
2024-05-25,18,23.8,20.1,80.0,0.0,,270.0,3.6,,1008.8,,3.0
2024-05-25,19,22.0,18.6,81.0,0.0,,259.0,19.8,,1008.3,,3.0
2024-05-25,20,21.5,16.5,73.0,0.0,,254.0,20.5,,1007.2,,3.0
2024-05-25,21,23.0,20.9,88.0,0.0,,0.0,0.0,,1006.3,,3.0
2024-05-25,22,21.9,16.2,70.0,0.0,,273.0,19.1,,1006.3,,3.0
2024-05-25,23,21.8,16.1,70.0,0.0,,265.0,19.1,,1006.5,,3.0
2024-05-26,0,21.8,19.2,85.0,0.0,,270.0,3.6,,1006.5,,3.0
2024-05-26,1,21.7,16.9,74.0,0.0,,258.0,18.7,,1006.8,,3.0
2024-05-26,2,22.4,17.8,75.0,0.0,,264.0,15.1,,1007.4,,3.0
2024-05-26,3,22.4,20.7,90.0,0.0,,270.0,9.4,,1008.0,,3.0
2024-05-26,4,23.8,19.1,75.0,0.0,,257.0,20.2,,1008.1,,3.0
2024-05-26,5,25.0,19.8,73.0,0.0,,261.0,19.4,,1008.0,,3.0
2024-05-26,6,28.4,19.9,60.0,0.0,,270.0,11.2,,1007.6,,3.0
2024-05-26,7,28.7,20.4,61.0,0.0,,279.0,23.4,,1007.2,,3.0
2024-05-26,8,29.1,18.2,52.0,0.0,,287.0,28.4,,1005.4,,3.0
2024-05-26,9,29.0,18.5,53.0,0.0,,230.0,7.6,,1004.8,,3.0
2024-05-26,10,29.0,17.5,50.0,0.0,,290.0,24.5,,1003.8,,3.0
2024-05-26,11,28.6,17.2,50.0,0.0,,287.0,24.5,,1003.3,,3.0
2024-05-26,12,27.0,19.9,65.0,0.0,,270.0,9.4,,1003.7,,3.0
2024-05-26,13,26.3,18.2,61.0,0.0,,276.0,16.6,,1004.5,,3.0
2024-05-26,14,25.2,17.9,64.0,0.0,,268.0,17.3,,1005.7,,3.0
2024-05-26,15,25.0,21.3,80.0,0.0,,270.0,7.6,,1007.3,,3.0
2024-05-26,16,23.6,18.3,72.0,0.0,,296.0,16.6,,1008.7,,3.0
2024-05-26,17,23.0,18.3,75.0,0.0,,272.0,18.4,,1008.4,,3.0
2024-05-26,18,24.4,21.5,84.0,0.0,,320.0,11.2,,1009.0,,3.0
2024-05-26,19,21.4,20.6,95.0,0.0,,264.0,17.6,,1008.0,,3.0
2024-05-26,20,21.1,20.4,96.0,0.0,,262.0,18.0,,1007.6,,3.0
2024-05-26,21,23.4,20.9,86.0,0.0,,270.0,16.6,,1007.0,,3.0
2024-05-26,22,20.7,20.0,96.0,0.0,,253.0,18.4,,1006.7,,3.0
2024-05-26,23,20.8,18.6,87.0,0.0,,258.0,19.8,,1006.5,,3.0
2024-05-27,0,23.0,20.9,88.0,0.0,,230.0,13.0,,1006.8,,3.0
2024-05-27,1,21.0,19.3,90.0,0.0,,254.0,20.5,,1007.6,,3.0
2024-05-27,2,22.8,19.6,82.0,0.0,,255.0,23.4,,1007.6,,3.0
2024-05-27,3,23.6,20.9,85.0,0.0,,320.0,5.4,,1007.9,,3.0
2024-05-27,4,26.0,19.2,66.0,0.0,,268.0,22.3,,1008.2,,3.0
2024-05-27,5,27.6,18.3,57.0,0.0,,276.0,23.0,,1008.0,,3.0
2024-05-27,6,28.0,20.0,62.0,0.0,,90.0,9.4,,1007.6,,3.0
2024-05-27,7,29.9,18.0,49.0,0.0,,279.0,22.7,,1006.8,,3.0
2024-05-27,8,30.4,17.8,47.0,0.0,,281.0,23.0,,1005.8,,3.0
2024-05-27,9,30.6,20.2,54.0,0.0,,270.0,5.4,,1004.9,,3.0
2024-05-27,10,30.2,19.6,53.0,0.0,,287.0,20.2,,1004.4,,3.0
2024-05-27,11,29.7,19.4,54.0,0.0,,281.0,19.1,,1004.0,,3.0
2024-05-27,12,30.0,18.4,50.0,0.0,,270.0,9.4,,1004.2,,3.0
2024-05-27,13,27.3,19.4,62.0,0.0,,281.0,16.2,,1005.1,,3.0
2024-05-27,14,25.9,18.3,63.0,0.0,,262.0,16.9,,1006.5,,3.0
2024-05-27,15,27.4,20.7,67.0,0.0,,250.0,7.6,,1007.1,,3.0
2024-05-27,16,25.2,18.9,68.0,0.0,,254.0,18.0,,1007.7,,3.0
2024-05-27,17,24.8,19.0,70.0,0.0,,265.0,18.0,,1008.5,,3.0
2024-05-27,18,25.2,21.1,78.0,0.0,,270.0,9.4,,1008.7,,3.0
2024-05-27,19,22.9,19.1,79.0,0.0,,263.0,22.3,,1007.9,,3.0
2024-05-27,20,22.4,19.0,81.0,0.0,,263.0,20.9,,1007.5,,3.0
2024-05-27,21,24.4,20.9,81.0,0.0,,270.0,7.6,,1007.3,,3.0
2024-05-27,22,21.7,18.9,84.0,0.0,,260.0,19.8,,1007.3,,3.0
2024-05-27,23,21.6,19.0,85.0,0.0,,263.0,18.7,,1007.4,,3.0
2024-05-28,0,22.8,20.3,86.0,0.0,,250.0,3.6,,1007.7,,3.0
2024-05-28,1,21.5,19.2,87.0,0.0,,261.0,17.6,,1008.2,,3.0
2024-05-28,2,23.1,19.7,81.0,0.0,,261.0,20.5,,1008.6,,3.0
2024-05-28,3,24.0,20.1,79.0,0.0,,270.0,3.6,,1008.9,,3.0
2024-05-28,4,26.4,19.5,66.0,0.0,,273.0,25.6,,1009.0,,3.0
2024-05-28,5,27.7,19.8,62.0,0.0,,275.0,20.9,,1008.6,,3.0
2024-05-28,6,27.8,19.9,62.0,0.0,,270.0,7.6,,1007.7,,3.0
2024-05-28,7,30.1,19.8,54.0,0.0,,270.0,21.2,,1006.8,,3.0
2024-05-28,8,30.9,19.3,50.0,0.0,,276.0,20.2,,1005.8,,3.0
2024-05-28,9,30.6,18.7,49.0,0.0,,140.0,9.4,,1005.1,,3.0
2024-05-28,10,32.1,19.4,47.0,0.0,,288.0,18.7,,1004.0,,3.0
2024-05-28,11,31.2,18.9,48.0,0.0,,276.0,19.4,,1004.4,,3.0
2024-05-28,12,29.0,16.6,47.0,0.0,,230.0,9.4,,1005.0,,3.0
2024-05-28,13,26.8,20.6,69.0,0.0,,277.0,18.0,,1006.0,,3.0
2024-05-28,14,25.7,20.9,75.0,0.0,,255.0,12.6,,1007.0,,3.0
2024-05-28,15,27.6,19.9,63.0,0.0,,270.0,7.6,,1008.2,,3.0
2024-05-28,16,24.2,21.3,84.0,0.0,,246.0,14.4,,1008.5,,3.0
2024-05-28,17,23.4,21.1,87.0,0.0,,238.0,15.1,,1009.0,,3.0
2024-05-28,18,25.0,21.3,80.0,0.0,,230.0,5.4,,1008.8,,3.0
2024-05-28,19,22.2,20.7,91.0,0.0,,255.0,14.0,,1008.2,,3.0
2024-05-28,20,21.9,20.4,91.0,0.0,,263.0,14.0,,1007.5,,3.0
2024-05-28,21,23.4,21.3,88.0,0.0,,230.0,5.4,,1007.3,,3.0
2024-05-28,22,21.0,20.0,94.0,0.0,,255.0,17.6,,1007.5,,3.0
2024-05-28,23,20.7,19.9,95.0,0.0,,261.0,18.0,,1007.5,,3.0
2024-05-29,0,22.6,20.5,88.0,0.0,,270.0,7.6,,1007.7,,3.0
2024-05-29,1,20.7,19.9,95.0,0.0,,265.0,18.4,,1008.1,,3.0
2024-05-29,2,22.4,20.1,87.0,0.0,,273.0,22.3,,1008.3,,3.0
2024-05-29,3,24.2,21.9,87.0,0.0,,230.0,7.6,,1008.6,,3.0
2024-05-29,4,26.2,19.3,66.0,0.0,,275.0,20.9,,1008.6,,3.0
2024-05-29,5,28.0,19.5,60.0,0.0,,277.0,18.7,,1008.3,,3.0
2024-05-29,6,28.4,19.9,60.0,0.0,,270.0,11.2,,1007.6,,3.0
2024-05-29,7,30.4,19.1,51.0,0.0,,282.0,17.6,,1006.7,,3.0
2024-05-29,8,31.1,19.1,49.0,0.0,,284.0,17.6,,1005.6,,3.0
2024-05-29,9,31.0,17.7,45.0,0.0,,270.0,7.6,,1004.6,,3.0
2024-05-29,10,31.3,18.6,47.0,0.0,,294.0,15.5,,1003.9,,3.0
2024-05-29,11,31.0,18.4,47.0,0.0,,289.0,15.5,,1003.9,,3.0
2024-05-29,12,30.0,17.8,48.0,0.0,,250.0,7.6,,1004.1,,3.0
2024-05-29,13,28.6,18.7,55.0,0.0,,262.0,15.5,,1005.3,,3.0
2024-05-29,14,27.0,19.6,64.0,0.0,,248.0,17.3,,1006.5,,3.0
2024-05-29,15,28.4,19.6,59.0,0.0,,270.0,3.6,,1007.7,,3.0
2024-05-29,16,25.4,19.5,70.0,0.0,,246.0,16.9,,1008.4,,3.0
2024-05-29,17,24.6,20.5,78.0,0.0,,250.0,15.5,,1008.8,,3.0
2024-05-29,18,25.4,21.1,77.0,0.0,,270.0,3.6,,1008.9,,3.0
2024-05-29,19,23.4,21.1,87.0,0.0,,265.0,13.7,,1008.2,,3.0
2024-05-29,20,22.9,21.0,89.0,0.0,,267.0,13.0,,1007.7,,3.0
2024-05-29,21,23.4,21.3,88.0,0.0,,270.0,3.6,,1007.0,,3.0
2024-05-29,22,22.2,19.6,85.0,0.0,,279.0,15.1,,1007.1,,3.0
2024-05-29,23,21.8,19.2,85.0,0.0,,278.0,15.5,,1007.4,,3.0
2024-05-30,0,22.4,21.2,93.0,0.0,,270.0,5.4,,1008.3,,3.0
2024-05-30,1,21.9,19.3,85.0,0.0,,280.0,16.2,,1008.9,,3.0
2024-05-30,2,23.4,19.5,79.0,0.0,,296.0,14.0,,1008.6,,3.0
2024-05-30,3,26.4,21.8,76.0,0.0,,270.0,7.6,,1008.8,,3.0
2024-05-30,4,27.6,19.7,62.0,0.0,,290.0,15.1,,1009.0,,3.0
2024-05-30,5,29.2,19.5,56.0,0.0,,291.0,16.2,,1008.8,,3.0
2024-05-30,6,30.4,21.2,58.0,0.0,,270.0,11.2,,1008.0,,3.0
2024-05-30,7,31.3,19.3,49.0,0.0,,307.0,15.1,,1007.0,,2.0
2024-05-30,8,32.4,19.6,47.0,0.0,,304.0,13.0,,1005.7,,2.0
2024-05-30,9,32.2,19.5,47.0,0.0,,230.0,5.4,,1005.0,,3.0
2024-05-30,10,32.3,19.6,47.0,0.0,,307.0,10.4,,1004.6,,3.0
2024-05-30,11,26.9,21.0,70.0,1.5,,287.0,16.9,,1005.9,,9.0
2024-05-30,12,31.0,19.4,50.0,0.1,,270.0,5.4,,1006.7,,7.0
2024-05-30,13,25.3,21.2,78.0,0.0,,254.0,12.2,,1007.4,,3.0
2024-05-30,14,23.0,21.6,92.0,8.0,,225.0,19.1,,1009.8,,9.0
2024-05-30,15,29.4,18.5,52.0,0.4,,270.0,7.6,,1009.7,,8.0
2024-05-30,16,22.9,21.2,90.0,0.0,,263.0,15.5,,1010.0,,3.0
2024-05-30,17,22.9,21.0,89.0,0.0,,262.0,14.8,,1010.0,,3.0
2024-05-30,18,27.4,20.7,67.0,0.0,,270.0,9.4,,1009.9,,3.0
2024-05-30,19,22.6,21.1,91.0,0.0,,265.0,15.5,,1009.3,,1.0
2024-05-30,20,22.3,21.1,93.0,0.0,,261.0,14.8,,1008.5,,1.0
2024-05-30,21,24.4,20.5,79.0,0.0,,270.0,9.4,,1008.2,,1.0
2024-05-30,22,21.7,20.7,94.0,0.0,,274.0,13.7,,1008.1,,3.0
2024-05-30,23,21.9,20.4,91.0,0.0,,280.0,11.9,,1007.7,,3.0
2024-05-31,0,24.0,21.7,87.0,0.0,,270.0,9.4,,1008.3,,2.0
2024-05-31,1,22.0,20.3,90.0,0.0,,279.0,12.2,,1009.0,,1.0
2024-05-31,2,23.7,20.6,83.0,0.0,,289.0,14.0,,1009.7,,1.0
2024-05-31,3,26.4,20.5,70.0,0.0,,270.0,5.4,,1010.1,,2.0
2024-05-31,4,27.8,20.4,64.0,0.0,,303.0,14.4,,1010.0,,2.0
2024-05-31,5,30.0,19.7,54.0,0.0,,311.0,15.1,,1009.4,,3.0
2024-05-31,6,31.2,18.9,48.0,0.0,,0.0,0.0,,1008.5,,3.0
2024-05-31,7,32.9,17.9,41.0,0.0,,329.0,13.7,,1007.5,,3.0
2024-05-31,8,33.0,17.2,39.0,0.0,,338.0,13.0,,1006.3,,3.0
2024-05-31,9,34.4,18.9,40.0,0.1,,0.0,0.0,,1006.0,,17.0
2024-05-31,10,31.3,18.6,47.0,0.0,,329.0,12.6,,1005.5,,2.0
2024-05-31,11,31.8,18.8,46.0,0.0,,339.0,9.7,,1005.2,,3.0
2024-05-31,12,32.8,18.2,42.0,0.5,,320.0,5.4,,1007.0,,17.0
2024-05-31,13,24.9,20.8,78.0,0.6,,331.0,13.3,,1007.6,,17.0
2024-05-31,14,27.9,18.9,58.0,0.0,,304.0,9.7,,1007.3,,3.0
2024-05-31,15,29.8,20.1,56.0,0.0,,320.0,5.4,,1008.1,,2.0
2024-05-31,16,26.5,19.1,64.0,0.0,,296.0,9.7,,1009.0,,3.0
2024-05-31,17,26.1,19.0,65.0,0.0,,302.0,10.4,,1009.3,,2.0
2024-05-31,18,28.2,21.0,65.0,0.0,,0.0,0.0,,1008.9,,1.0
2024-05-31,19,23.8,21.3,86.0,0.0,,241.0,18.0,,1008.7,,1.0
2024-05-31,20,23.1,21.7,92.0,0.2,,225.0,14.4,,1008.3,,17.0
2024-05-31,21,26.4,23.1,82.0,0.0,,270.0,5.4,,1007.7,,3.0
2024-05-31,22,22.5,22.2,98.0,0.0,,243.0,17.3,,1007.8,,2.0
2024-05-31,23,22.5,22.3,99.0,0.0,,250.0,16.2,,1007.8,,3.0
2024-06-01,0,25.0,23.1,89.0,0.0,,270.0,5.4,,1008.2,,5.0
2024-06-01,1,22.6,21.9,96.0,0.0,,265.0,11.5,,1008.8,,5.0
2024-06-01,2,24.1,22.0,88.0,0.0,,276.0,11.5,,1009.5,,5.0
2024-06-01,3,25.4,22.3,83.0,0.0,,320.0,7.6,,1009.4,,3.0
2024-06-01,4,28.9,20.9,62.0,0.0,,289.0,14.0,,1009.6,,3.0
2024-06-01,5,30.6,21.1,57.0,0.0,,286.0,15.1,,1009.3,,3.0
2024-06-01,6,31.4,21.6,56.0,0.0,,320.0,7.6,,1008.8,,1.0
2024-06-01,7,32.8,21.0,50.0,0.0,,312.0,10.1,,1008.0,,2.0
2024-06-01,8,32.8,20.0,47.0,0.0,,344.0,10.4,,1006.3,,3.0
2024-06-01,9,32.4,20.6,50.0,2.4,,270.0,7.6,,1007.4,,9.0
2024-06-01,10,26.1,22.4,80.0,0.6,,294.0,12.2,,1007.3,,8.0
2024-06-01,11,24.2,21.7,86.0,4.7,,259.0,20.5,,1007.8,,18.0
2024-06-01,12,26.0,22.7,82.0,0.1,,140.0,5.4,,1008.1,,17.0
2024-06-01,13,23.9,21.8,88.0,0.0,,270.0,13.7,,1009.1,,3.0
2024-06-01,14,23.6,22.0,91.0,0.0,,294.0,9.0,,1008.8,,3.0
2024-06-01,15,22.6,22.3,98.0,0.0,,230.0,11.2,,1011.1,,3.0
2024-06-01,16,23.1,21.9,93.0,0.1,,349.0,5.0,,1011.3,,17.0
2024-06-01,17,23.1,22.3,95.0,0.0,,261.0,5.8,,1011.1,,3.0
2024-06-01,18,21.6,20.9,96.0,0.0,,270.0,5.4,,1010.5,,3.0
2024-06-01,19,22.7,21.7,94.0,0.0,,271.0,9.4,,1010.1,,2.0
2024-06-01,20,22.9,22.4,97.0,0.0,,271.0,8.3,,1010.2,,3.0
2024-06-01,21,20.6,19.9,96.0,0.4,,0.0,0.0,,1008.1,,8.0
2024-06-01,22,22.5,22.0,97.0,0.0,,287.0,8.3,,1008.2,,3.0
2024-06-01,23,22.7,22.0,96.0,0.3,,281.0,13.0,,1008.1,,8.0
2024-06-02,0,21.0,20.2,95.0,0.5,,230.0,5.4,,1008.9,,8.0
2024-06-02,1,21.8,20.4,92.0,0.0,,290.0,10.8,,1009.2,,3.0
2024-06-02,2,23.2,20.9,87.0,0.0,,288.0,7.2,,1009.5,,3.0
2024-06-02,3,21.6,20.4,93.0,0.0,,230.0,7.6,,1009.5,,3.0
2024-06-02,4,28.1,20.7,64.0,0.0,,293.0,8.6,,1009.6,,3.0
2024-06-02,5,29.6,21.0,60.0,0.0,,289.0,8.6,,1009.5,,2.0
2024-06-02,6,27.4,19.0,60.0,0.0,,230.0,7.6,,1009.1,,3.0
2024-06-02,7,31.4,20.4,52.0,0.0,,331.0,7.6,,1008.0,,3.0
2024-06-02,8,31.7,19.7,49.0,0.0,,336.0,7.6,,1007.1,,3.0
2024-06-02,9,31.0,20.6,54.0,2.8,,250.0,7.6,,1006.6,,9.0
2024-06-02,10,25.2,21.9,82.0,9.8,,307.0,11.5,,1007.4,,9.0
2024-06-02,11,28.4,20.7,63.0,0.4,,352.0,10.1,,1006.9,,8.0
2024-06-02,12,29.0,18.8,54.0,0.3,,250.0,5.4,,1007.4,,17.0
2024-06-02,13,25.3,21.0,77.0,2.0,,228.0,13.7,,1009.6,,9.0
2024-06-02,14,22.6,21.2,92.0,12.2,,228.0,16.9,,1011.9,,9.0
2024-06-02,15,21.4,19.9,91.0,0.7,,270.0,5.4,,1011.8,,8.0
2024-06-02,16,22.2,21.4,95.0,0.8,,224.0,10.4,,1013.4,,8.0
2024-06-02,17,21.9,21.1,95.0,1.4,,243.0,9.7,,1012.2,,9.0
2024-06-02,18,21.6,20.4,93.0,0.5,,270.0,3.6,,1011.2,,8.0
2024-06-02,19,21.4,20.9,97.0,0.0,,277.0,5.4,,1010.4,,3.0
2024-06-02,20,21.0,20.7,98.0,0.0,,255.0,6.8,,1009.8,,3.0
2024-06-02,21,21.2,20.4,95.0,0.0,,230.0,3.6,,1009.3,,3.0
2024-06-02,22,22.3,21.3,94.0,0.0,,318.0,7.6,,1009.1,,3.0
2024-06-02,23,22.2,21.4,95.0,0.0,,339.0,9.0,,1009.5,,3.0
2024-06-03,0,21.0,19.5,91.0,0.0,,230.0,3.6,,1009.7,,3.0
2024-06-03,1,22.3,21.1,93.0,0.0,,292.0,13.3,,1010.0,,3.0
2024-06-03,2,23.4,21.3,88.0,0.0,,282.0,17.6,,1010.5,,3.0
2024-06-03,3,21.8,21.0,95.0,0.0,,270.0,7.6,,1011.2,,3.0
2024-06-03,4,24.9,21.2,80.0,0.0,,281.0,13.7,,1011.3,,3.0
2024-06-03,5,26.0,20.6,72.0,0.0,,294.0,14.4,,1011.2,,3.0
2024-06-03,6,26.4,21.8,76.0,0.0,,270.0,5.4,,1010.7,,3.0
2024-06-03,7,28.9,20.9,62.0,0.0,,301.0,9.7,,1010.3,,3.0
2024-06-03,8,28.5,20.5,62.0,0.0,,334.0,10.1,,1008.9,,3.0
2024-06-03,9,28.6,20.6,62.0,0.0,,270.0,5.4,,1007.6,,3.0
2024-06-03,10,27.8,20.6,65.0,0.2,,70.0,6.8,,1007.4,,17.0
2024-06-03,11,26.8,20.6,69.0,0.3,,131.0,7.2,,1007.5,,17.0
2024-06-03,12,28.8,21.1,63.0,0.4,,0.0,0.0,,1008.7,,8.0
2024-06-03,13,24.5,21.4,83.0,0.0,,224.0,11.2,,1009.1,,3.0
2024-06-03,14,23.4,21.5,89.0,0.0,,223.0,13.3,,1010.4,,3.0
2024-06-03,15,25.6,21.9,80.0,0.1,,180.0,7.6,,1010.6,,17.0
2024-06-03,16,22.4,21.0,92.0,0.0,,256.0,9.7,,1011.0,,3.0
2024-06-03,17,22.1,20.9,93.0,0.0,,246.0,8.3,,1011.2,,3.0
2024-06-03,18,24.0,22.1,89.0,0.0,,230.0,5.4,,1011.5,,3.0
2024-06-03,19,21.4,19.7,90.0,0.0,,262.0,4.3,,1010.7,,3.0
2024-06-03,20,21.1,19.7,92.0,0.0,,229.0,5.4,,1010.2,,3.0
2024-06-03,21,23.4,21.3,88.0,0.0,,0.0,0.0,,1009.7,,3.0
2024-06-03,22,21.2,19.3,89.0,0.0,,243.0,5.4,,1009.4,,3.0
2024-06-03,23,21.4,20.7,96.0,0.0,,253.0,9.0,,1009.8,,3.0
2024-06-04,0,22.4,21.2,93.0,0.0,,230.0,5.4,,1010.3,,3.0
2024-06-04,1,21.6,20.9,96.0,0.0,,250.0,9.0,,1011.1,,3.0
2024-06-04,2,23.0,21.1,89.0,0.0,,243.0,9.4,,1011.8,,3.0
2024-06-04,3,23.2,22.4,95.0,0.0,,230.0,5.4,,1011.8,,3.0
2024-06-04,4,26.0,20.6,72.0,0.0,,246.0,9.4,,1012.4,,3.0
2024-06-04,5,27.2,20.5,67.0,0.0,,251.0,10.1,,1012.0,,3.0
2024-06-04,6,27.4,20.2,65.0,0.0,,230.0,5.4,,1011.1,,3.0
2024-06-04,7,28.9,20.9,62.0,0.0,,250.0,10.4,,1010.4,,3.0
2024-06-04,8,29.4,20.8,60.0,0.0,,248.0,8.6,,1009.3,,3.0
2024-06-04,9,30.8,20.1,53.0,0.0,,270.0,5.4,,1008.0,,3.0
2024-06-04,10,26.3,21.7,76.0,2.5,,152.0,11.5,,1007.6,,9.0
2024-06-04,11,26.9,21.2,71.0,0.6,,220.0,8.3,,1007.7,,17.0
2024-06-04,12,30.0,19.7,54.0,0.0,,270.0,3.6,,1008.3,,3.0
2024-06-04,13,23.4,20.7,85.0,0.0,,249.0,16.9,,1010.5,,3.0
2024-06-04,14,22.1,20.6,91.0,1.7,,280.0,11.9,,1011.6,,18.0
2024-06-04,15,27.6,21.2,68.0,0.0,,270.0,5.4,,1012.2,,3.0
2024-06-04,16,22.0,20.6,92.0,0.0,,293.0,9.0,,1012.5,,3.0
2024-06-04,17,21.7,20.5,93.0,0.0,,309.0,7.6,,1012.6,,3.0
2024-06-04,18,25.2,21.5,80.0,0.0,,247.0,7.6,,1012.2,,3.0
2024-06-04,19,22.6,20.7,89.0,0.0,,253.0,5.0,,1011.3,,3.0
2024-06-04,20,22.1,20.2,89.0,0.0,,262.0,7.6,,1010.7,,3.0
2024-06-04,21,23.2,21.1,88.0,0.0,,290.0,5.4,,1010.3,,3.0
2024-06-04,22,21.8,20.3,91.0,0.0,,282.0,10.4,,1010.4,,3.0
2024-06-04,23,21.4,20.2,93.0,0.0,,270.0,9.0,,1010.1,,3.0
2024-06-05,0,23.2,21.6,91.0,0.0,,250.0,3.6,,1010.2,,3.0
2024-06-05,1,21.3,20.6,96.0,0.0,,219.0,9.4,,1010.8,,3.0
2024-06-05,2,23.1,21.2,89.0,0.0,,236.0,10.1,,1012.0,,3.0
2024-06-05,3,24.6,22.1,86.0,0.0,,270.0,5.4,,1012.5,,3.0
2024-06-05,4,26.4,20.7,71.0,0.0,,262.0,11.9,,1012.4,,3.0
2024-06-05,5,27.7,20.5,65.0,0.0,,255.0,11.2,,1012.1,,3.0
2024-06-05,6,28.4,20.9,64.0,0.0,,0.0,0.0,,1011.3,,3.0
2024-06-05,7,29.3,21.0,61.0,0.0,,264.0,11.5,,1010.4,,3.0
2024-06-05,8,30.1,20.1,55.0,0.0,,278.0,11.5,,1008.9,,3.0
2024-06-05,9,29.4,19.7,56.0,1.6,,230.0,3.6,,1008.3,,9.0
2024-06-05,10,25.7,21.2,76.0,1.6,,314.0,11.2,,1008.9,,9.0
2024-06-05,11,23.4,20.5,84.0,7.9,,193.0,7.9,,1010.1,,9.0
2024-06-05,12,27.6,20.2,64.0,0.2,,270.0,5.4,,1010.2,,7.0
2024-06-05,13,22.5,21.3,93.0,0.3,,195.0,9.7,,1010.4,,8.0
2024-06-05,14,22.2,21.5,96.0,0.0,,234.0,11.2,,1011.4,,3.0
2024-06-05,15,22.8,22.1,96.0,0.1,,0.0,0.0,,1012.2,,7.0
2024-06-05,16,22.0,21.3,96.0,0.0,,223.0,6.5,,1012.6,,3.0
2024-06-05,17,22.1,21.6,97.0,0.0,,228.0,7.9,,1013.1,,3.0
2024-06-05,18,22.6,21.9,96.0,0.0,,0.0,0.0,,1013.0,,3.0
2024-06-05,19,21.5,21.0,97.0,0.0,,234.0,8.6,,1012.6,,3.0
2024-06-05,20,22.0,21.3,96.0,0.0,,260.0,4.7,,1011.0,,3.0
2024-06-05,21,21.8,20.1,90.0,0.0,,245.0,3.6,,1011.1,,3.0
2024-06-05,22,22.2,21.7,97.0,0.0,,265.0,10.4,,1010.4,,3.0
2024-06-05,23,21.7,21.4,98.0,0.0,,282.0,8.3,,1010.4,,3.0
2024-06-06,0,22.0,21.2,95.0,0.0,,0.0,0.0,,1011.0,,3.0
2024-06-06,1,21.9,21.2,96.0,0.0,,255.0,6.5,,1011.7,,3.0
2024-06-06,2,22.7,21.0,90.0,0.0,,269.0,7.6,,1012.7,,3.0
2024-06-06,3,22.4,20.9,91.0,0.0,,0.0,0.0,,1012.9,,3.0
2024-06-06,4,25.6,21.9,80.0,0.0,,251.0,10.8,,1012.8,,3.0
2024-06-06,5,26.6,21.6,74.0,0.0,,244.0,11.2,,1012.5,,3.0
2024-06-06,6,26.4,22.0,77.0,0.0,,320.0,3.6,,1011.9,,3.0
2024-06-06,7,28.0,21.1,66.0,0.0,,239.0,11.2,,1011.2,,3.0
2024-06-06,8,28.3,20.6,63.0,0.0,,247.0,10.8,,1009.7,,3.0
2024-06-06,9,27.4,20.0,64.0,0.4,,230.0,5.4,,1008.5,,8.0
2024-06-06,10,25.0,20.7,77.0,1.1,,242.0,19.8,,1009.0,,9.0
2024-06-06,11,24.5,20.2,77.0,1.8,,226.0,18.7,,1009.6,,9.0
2024-06-06,12,28.4,20.2,61.0,1.7,,230.0,3.6,,1010.2,,9.0
2024-06-06,13,22.2,20.8,92.0,0.2,,238.0,15.1,,1011.5,,7.0
2024-06-06,14,21.8,20.8,94.0,0.2,,260.0,9.7,,1011.9,,7.0
2024-06-06,15,23.2,20.7,86.0,0.3,,230.0,7.6,,1012.1,,8.0
2024-06-06,16,21.6,20.8,95.0,0.2,,252.0,10.8,,1013.1,,7.0
2024-06-06,17,21.6,20.9,96.0,0.2,,287.0,8.3,,1013.4,,7.0
2024-06-06,18,22.4,20.9,91.0,0.3,,230.0,7.6,,1013.2,,8.0
2024-06-06,19,21.3,20.6,96.0,0.2,,251.0,8.3,,1012.4,,7.0
2024-06-06,20,21.4,20.7,96.0,0.0,,261.0,8.3,,1011.1,,3.0
2024-06-06,21,22.0,20.8,93.0,0.0,,230.0,5.4,,1009.6,,3.0
2024-06-06,22,21.5,21.3,99.0,0.3,,236.0,11.2,,1009.1,,8.0
2024-06-06,23,21.3,21.1,99.0,0.0,,242.0,9.4,,1009.4,,3.0
2024-06-07,0,22.0,21.2,95.0,0.0,,230.0,3.6,,1009.8,,3.0
2024-06-07,1,21.4,20.9,97.0,0.0,,242.0,12.6,,1010.1,,3.0
2024-06-07,2,21.4,20.6,95.0,0.0,,216.0,9.4,,1010.9,,3.0
2024-06-07,3,22.6,20.9,90.0,0.9,,230.0,5.4,,1011.3,,8.0
2024-06-07,4,22.4,21.0,92.0,1.1,,226.0,11.5,,1011.7,,9.0
2024-06-07,5,22.5,21.0,91.0,1.1,,223.0,13.0,,1011.9,,9.0
2024-06-07,6,25.4,20.4,74.0,0.7,,230.0,7.6,,1011.3,,8.0
2024-06-07,7,23.7,20.6,83.0,0.6,,224.0,15.8,,1010.5,,8.0
2024-06-07,8,26.6,20.2,68.0,0.5,,216.0,19.4,,1008.4,,8.0
2024-06-07,9,28.4,19.9,60.0,0.0,,230.0,5.4,,1007.3,,3.0
2024-06-07,10,25.5,20.5,74.0,2.0,,238.0,23.0,,1007.4,,18.0
2024-06-07,11,25.0,21.1,79.0,0.9,,244.0,16.2,,1007.1,,8.0
2024-06-07,12,23.6,22.4,93.0,0.0,,230.0,5.4,,1007.2,,3.0
2024-06-07,13,22.2,20.5,90.0,1.1,,242.0,17.3,,1008.3,,9.0
2024-06-07,14,21.9,20.7,93.0,0.6,,240.0,15.1,,1009.5,,8.0
2024-06-07,15,23.4,21.8,91.0,0.4,,230.0,5.4,,1010.2,,8.0
2024-06-07,16,22.0,21.2,95.0,0.5,,226.0,13.7,,1010.5,,8.0
2024-06-07,17,21.7,20.9,95.0,0.1,,236.0,15.1,,1010.8,,7.0
2024-06-07,18,23.6,22.2,92.0,0.0,,230.0,7.6,,1010.8,,3.0
2024-06-07,19,21.3,20.6,96.0,0.0,,239.0,15.8,,1010.2,,3.0
2024-06-07,20,21.0,20.5,97.0,0.0,,234.0,15.5,,1009.6,,3.0
2024-06-07,21,23.0,21.5,91.0,0.0,,230.0,9.4,,1009.3,,3.0
2024-06-07,22,20.7,19.9,95.0,0.0,,240.0,18.0,,1008.9,,3.0
2024-06-07,23,20.9,20.1,95.0,0.0,,238.0,16.2,,1008.8,,3.0
2024-06-08,0,22.4,20.9,91.0,0.0,,230.0,7.6,,1009.4,,3.0
2024-06-08,1,21.0,20.0,94.0,0.0,,229.0,18.0,,1009.8,,3.0
2024-06-08,2,22.0,19.9,88.0,0.0,,235.0,22.0,,1010.2,,3.0
2024-06-08,3,23.8,21.5,87.0,0.0,,230.0,5.4,,1010.4,,3.0
2024-06-08,4,25.2,19.6,71.0,0.0,,236.0,22.3,,1010.4,,3.0
2024-06-08,5,26.2,19.3,66.0,0.0,,236.0,23.4,,1010.3,,3.0
2024-06-08,6,26.6,20.2,68.0,0.1,,270.0,5.4,,1009.7,,17.0
2024-06-08,7,27.8,19.3,60.0,0.2,,240.0,23.8,,1008.8,,7.0
2024-06-08,8,28.8,20.3,60.0,0.2,,243.0,22.7,,1007.8,,17.0
2024-06-08,9,28.0,21.1,66.0,0.3,,230.0,11.2,,1006.5,,8.0
2024-06-08,10,26.4,20.0,68.0,0.4,,228.0,22.0,,1006.1,,8.0
2024-06-08,11,24.2,19.7,76.0,0.6,,244.0,27.7,,1007.2,,8.0
2024-06-08,12,28.0,19.0,58.0,0.1,,230.0,11.2,,1006.9,,7.0
2024-06-08,13,24.1,20.6,81.0,0.0,,238.0,18.7,,1007.7,,3.0
2024-06-08,14,22.2,20.3,89.0,0.0,,225.0,15.5,,1009.5,,3.0
2024-06-08,15,24.0,19.7,77.0,0.0,,230.0,11.2,,1010.5,,3.0
2024-06-08,16,22.1,20.0,88.0,0.0,,237.0,18.7,,1010.8,,3.0
2024-06-08,17,21.4,20.0,92.0,0.1,,238.0,16.6,,1011.1,,7.0
2024-06-08,18,22.8,20.3,86.0,0.0,,230.0,11.2,,1010.9,,3.0
2024-06-08,19,21.2,20.4,95.0,0.0,,244.0,19.1,,1009.7,,3.0
2024-06-08,20,20.9,20.2,96.0,0.0,,243.0,19.1,,1008.8,,3.0
2024-06-08,21,21.8,20.1,90.0,0.0,,230.0,9.4,,1008.2,,3.0
2024-06-08,22,20.8,20.0,95.0,0.0,,248.0,19.8,,1007.9,,3.0
2024-06-08,23,20.7,19.9,95.0,0.0,,239.0,19.1,,1008.1,,3.0
2024-06-09,0,21.0,19.5,91.0,0.0,,230.0,9.4,,1008.3,,3.0
2024-06-09,1,21.4,19.5,89.0,0.0,,240.0,23.8,,1009.1,,3.0
2024-06-09,2,22.1,19.6,86.0,0.0,,239.0,26.6,,1009.7,,3.0
2024-06-09,3,22.4,19.8,85.0,0.0,,230.0,5.4,,1009.9,,3.0
2024-06-09,4,25.4,19.8,71.0,0.0,,245.0,27.7,,1010.2,,3.0
2024-06-09,5,26.0,19.4,67.0,0.0,,246.0,28.4,,1010.1,,3.0
2024-06-09,6,26.0,19.4,67.0,0.0,,230.0,7.6,,1009.6,,3.0
2024-06-09,7,28.0,20.0,62.0,0.0,,242.0,27.4,,1008.7,,3.0
2024-06-09,8,27.1,20.0,65.0,0.6,,236.0,25.2,,1007.9,,8.0
2024-06-09,9,24.2,22.3,89.0,0.4,,230.0,11.2,,1007.0,,8.0
2024-06-09,10,27.0,19.9,65.0,0.2,,239.0,27.4,,1006.3,,7.0
2024-06-09,11,26.2,19.6,67.0,0.3,,243.0,27.7,,1006.4,,8.0
2024-06-09,12,22.4,20.3,88.0,0.1,,230.0,7.6,,1007.4,,7.0
2024-06-09,13,23.8,19.7,78.0,0.0,,238.0,19.4,,1008.2,,3.0
2024-06-09,14,23.5,19.6,79.0,0.0,,235.0,19.4,,1009.0,,3.0
2024-06-09,15,23.0,20.3,85.0,0.0,,230.0,7.6,,1010.1,,3.0
2024-06-09,16,23.1,19.3,79.0,0.0,,238.0,20.2,,1011.0,,3.0
2024-06-09,17,22.3,19.3,83.0,0.0,,239.0,20.9,,1011.6,,3.0
2024-06-09,18,22.6,20.9,90.0,0.0,,230.0,5.4,,1011.6,,3.0
2024-06-09,19,21.4,19.5,89.0,0.0,,243.0,21.2,,1010.8,,3.0
2024-06-09,20,21.2,19.5,90.0,0.0,,246.0,18.4,,1009.2,,3.0
2024-06-09,21,21.8,20.3,91.0,0.0,,90.0,5.4,,1008.9,,3.0
2024-06-09,22,20.7,19.4,92.0,0.0,,243.0,20.5,,1008.8,,3.0
2024-06-09,23,20.6,19.4,93.0,0.0,,241.0,20.5,,1008.9,,3.0
2024-06-10,0,21.6,20.1,91.0,0.0,,270.0,7.6,,1009.3,,3.0
2024-06-10,1,20.7,19.7,94.0,0.0,,240.0,22.0,,1009.8,,3.0
2024-06-10,2,22.1,19.6,86.0,0.0,,246.0,25.2,,1010.4,,3.0
2024-06-10,3,23.4,20.3,83.0,0.1,,0.0,0.0,,1010.7,,7.0
2024-06-10,4,25.3,19.7,71.0,0.0,,260.0,25.9,,1010.4,,3.0
2024-06-10,5,26.3,20.2,69.0,0.2,,258.0,25.9,,1010.2,,7.0
2024-06-10,6,26.7,20.1,67.0,0.1,,270.0,3.6,,1009.6,,7.0
2024-06-10,7,28.0,19.5,60.0,0.1,,262.0,26.3,,1008.7,,7.0
2024-06-10,8,28.5,20.3,61.0,0.2,,265.0,25.6,,1007.9,,17.0
2024-06-10,9,24.6,22.1,86.0,0.5,,250.0,11.2,,1007.6,,17.0
2024-06-10,10,27.8,19.6,61.0,0.2,,274.0,24.1,,1006.9,,17.0
2024-06-10,11,25.6,20.0,71.0,0.3,,254.0,23.8,,1006.9,,17.0
2024-06-10,12,26.5,18.9,63.0,0.0,,250.0,11.2,,1007.5,,3.0
2024-06-10,13,25.2,19.3,70.0,0.0,,260.0,19.1,,1008.4,,3.0
2024-06-10,14,24.5,19.3,73.0,0.0,,258.0,17.6,,1009.6,,3.0
2024-06-10,15,25.0,17.7,64.0,0.0,,230.0,9.4,,1010.8,,3.0
2024-06-10,16,22.7,19.5,82.0,0.0,,253.0,16.6,,1011.8,,3.0
2024-06-10,17,22.5,19.7,84.0,0.0,,247.0,18.4,,1012.3,,3.0
2024-06-10,18,23.5,18.8,75.0,0.0,,230.0,7.6,,1012.1,,3.0
2024-06-10,19,21.5,19.8,90.0,0.0,,244.0,19.4,,1011.5,,3.0
2024-06-10,20,21.2,19.8,92.0,0.0,,245.0,20.5,,1010.7,,3.0
2024-06-10,21,22.4,19.9,86.0,0.0,,230.0,7.6,,1009.9,,3.0
2024-06-10,22,21.4,19.7,90.0,0.0,,254.0,19.4,,1009.6,,3.0
2024-06-10,23,21.5,19.6,89.0,0.0,,257.0,20.2,,1009.4,,3.0
2024-06-11,0,22.4,19.9,86.0,0.0,,230.0,9.4,,1009.4,,3.0
2024-06-11,1,21.8,19.5,87.0,0.0,,260.0,21.6,,1009.7,,3.0
2024-06-11,2,22.8,19.6,82.0,0.0,,264.0,25.6,,1010.6,,3.0
2024-06-11,3,23.2,21.1,88.0,0.0,,230.0,11.2,,1010.5,,3.0
2024-06-11,4,25.4,19.5,70.0,0.0,,272.0,26.3,,1010.7,,3.0
2024-06-11,5,26.9,19.8,65.0,0.0,,270.0,24.1,,1010.5,,3.0
2024-06-11,6,26.4,21.2,73.0,0.0,,230.0,14.8,,1009.9,,3.0
2024-06-11,7,26.6,20.0,67.0,0.0,,272.0,26.3,,1009.4,,3.0
2024-06-11,8,27.9,20.2,63.0,0.0,,273.0,22.7,,1008.0,,3.0
2024-06-11,9,28.2,19.4,59.0,0.0,,230.0,7.6,,1007.1,,3.0
2024-06-11,10,27.4,19.2,61.0,0.0,,269.0,24.1,,1006.7,,3.0
2024-06-11,11,26.7,19.1,63.0,0.0,,266.0,24.1,,1006.8,,3.0
2024-06-11,12,23.6,21.5,88.0,0.2,,270.0,5.4,,1008.0,,7.0
2024-06-11,13,23.6,19.9,80.0,0.5,,272.0,18.7,,1009.1,,8.0
2024-06-11,14,22.5,20.0,86.0,0.4,,268.0,16.9,,1010.0,,8.0
2024-06-11,15,23.4,20.3,83.0,0.6,,230.0,11.2,,1010.7,,8.0
2024-06-11,16,22.5,20.4,88.0,0.1,,249.0,16.6,,1011.3,,7.0
2024-06-11,17,21.6,20.1,91.0,0.0,,247.0,17.6,,1012.4,,3.0
2024-06-11,18,22.8,20.1,85.0,0.0,,230.0,11.2,,1012.2,,3.0
2024-06-11,19,21.3,20.5,95.0,0.0,,243.0,19.4,,1011.7,,3.0
2024-06-11,20,21.1,20.3,95.0,0.0,,243.0,19.8,,1011.1,,3.0
2024-06-11,21,22.0,20.3,90.0,0.0,,230.0,11.2,,1010.6,,3.0
2024-06-11,22,20.8,20.0,95.0,0.0,,251.0,20.9,,1010.1,,3.0
2024-06-11,23,20.8,20.0,95.0,0.0,,246.0,19.1,,1010.3,,3.0
2024-06-12,0,22.0,20.5,91.0,0.0,,250.0,9.4,,1010.4,,3.0
2024-06-12,1,21.1,19.9,93.0,0.0,,248.0,19.8,,1011.2,,3.0
2024-06-12,2,22.0,19.7,87.0,0.0,,253.0,25.2,,1011.9,,3.0
2024-06-12,3,23.4,20.2,82.0,0.0,,230.0,5.4,,1011.9,,3.0
2024-06-12,4,24.9,19.7,73.0,0.0,,270.0,28.1,,1012.0,,3.0
2024-06-12,5,25.6,19.7,70.0,0.0,,270.0,25.6,,1011.9,,3.0
2024-06-12,6,26.0,20.3,71.0,0.1,,270.0,7.6,,1011.4,,7.0
2024-06-12,7,27.4,19.7,63.0,0.0,,273.0,25.6,,1010.7,,3.0
2024-06-12,8,24.1,19.8,77.0,3.8,,292.0,27.4,,1011.4,,9.0
2024-06-12,9,28.4,18.8,56.0,0.6,,270.0,9.4,,1009.1,,8.0
2024-06-12,10,26.7,19.1,63.0,0.3,,271.0,24.5,,1008.8,,8.0
2024-06-12,11,23.3,19.7,80.0,2.5,,265.0,24.5,,1010.0,,18.0
2024-06-12,12,27.4,18.1,57.0,0.7,,270.0,7.6,,1010.0,,8.0
2024-06-12,13,23.0,20.7,87.0,0.0,,265.0,15.1,,1010.3,,3.0
2024-06-12,14,21.9,19.8,88.0,0.0,,269.0,14.8,,1011.1,,3.0
2024-06-12,15,23.8,16.3,63.0,0.0,,270.0,5.4,,1011.8,,3.0
2024-06-12,16,21.9,19.8,88.0,0.0,,261.0,18.4,,1012.6,,3.0
2024-06-12,17,21.6,19.5,88.0,0.0,,261.0,18.7,,1013.1,,3.0
2024-06-12,18,22.4,18.4,78.0,0.0,,270.0,3.6,,1013.0,,3.0
2024-06-12,19,21.1,19.4,90.0,0.0,,262.0,17.3,,1012.4,,3.0
2024-06-12,20,21.0,19.3,90.0,0.0,,263.0,17.6,,1011.8,,3.0
2024-06-12,21,21.8,18.8,83.0,0.0,,270.0,3.6,,1011.3,,3.0
2024-06-12,22,20.6,19.6,94.0,0.0,,259.0,16.2,,1011.0,,3.0
2024-06-12,23,20.6,19.6,94.0,0.0,,258.0,16.9,,1011.0,,3.0
2024-06-13,0,21.4,19.3,88.0,0.0,,270.0,3.6,,1011.4,,3.0
2024-06-13,1,20.5,19.3,93.0,0.0,,255.0,17.3,,1011.7,,3.0
2024-06-13,2,22.0,19.4,85.0,0.0,,261.0,21.2,,1012.2,,3.0
2024-06-13,3,22.4,20.7,90.0,0.0,,230.0,11.2,,1012.4,,3.0
2024-06-13,4,24.9,19.5,72.0,0.0,,271.0,25.2,,1012.2,,3.0
2024-06-13,5,26.4,20.3,69.0,0.1,,264.0,20.5,,1012.1,,7.0
2024-06-13,6,27.0,20.8,69.0,0.3,,230.0,11.2,,1012.3,,8.0
2024-06-13,7,22.6,20.1,86.0,1.2,,275.0,15.8,,1012.4,,9.0
2024-06-13,8,25.7,20.9,75.0,0.0,,262.0,13.3,,1010.4,,3.0
2024-06-13,9,28.4,19.3,58.0,2.5,,230.0,11.2,,1009.3,,9.0
2024-06-13,10,25.4,21.1,77.0,1.7,,284.0,20.9,,1009.1,,9.0
2024-06-13,11,25.0,20.7,77.0,0.2,,272.0,17.6,,1008.7,,7.0
2024-06-13,12,22.4,20.9,91.0,0.9,,250.0,9.4,,1009.9,,17.0
2024-06-13,13,22.8,20.3,86.0,0.3,,265.0,15.1,,1009.9,,8.0
2024-06-13,14,22.3,20.0,87.0,0.0,,268.0,13.7,,1010.5,,3.0
2024-06-13,15,22.2,20.7,91.0,0.0,,230.0,5.4,,1011.7,,3.0
2024-06-13,16,21.2,19.8,92.0,0.0,,255.0,12.6,,1012.3,,3.0
2024-06-13,17,20.9,19.9,94.0,0.0,,246.0,13.3,,1012.3,,3.0
2024-06-13,18,22.4,20.9,91.0,0.0,,270.0,7.6,,1012.3,,3.0
2024-06-13,19,20.5,19.8,96.0,0.0,,254.0,15.5,,1011.6,,3.0
2024-06-13,20,20.4,19.4,94.0,0.0,,255.0,15.8,,1010.3,,3.0
2024-06-13,21,21.6,20.1,91.0,0.0,,230.0,5.4,,1010.2,,3.0
2024-06-13,22,20.4,19.7,96.0,0.0,,250.0,18.0,,1009.9,,3.0
2024-06-13,23,20.5,19.7,95.0,0.0,,250.0,18.7,,1009.8,,3.0
2024-06-14,0,21.4,20.6,95.0,0.0,,230.0,9.4,,1010.3,,3.0
2024-06-14,1,20.7,19.5,93.0,0.0,,255.0,17.6,,1010.5,,3.0
2024-06-14,2,21.4,19.5,89.0,0.0,,257.0,20.2,,1010.9,,3.0
2024-06-14,3,22.2,20.5,90.0,0.0,,230.0,11.2,,1011.0,,3.0
2024-06-14,4,24.1,19.4,75.0,0.0,,267.0,22.7,,1011.0,,3.0
2024-06-14,5,25.5,19.2,68.0,0.0,,275.0,23.4,,1010.7,,3.0
2024-06-14,6,26.0,19.2,66.0,0.1,,250.0,11.2,,1010.1,,7.0
2024-06-14,7,27.8,18.8,58.0,0.2,,282.0,23.4,,1009.3,,7.0
2024-06-14,8,27.5,18.8,59.0,0.2,,284.0,21.2,,1008.6,,7.0
2024-06-14,9,28.6,19.3,57.0,0.0,,270.0,11.2,,1007.7,,3.0
2024-06-14,10,28.3,19.0,57.0,0.1,,276.0,20.2,,1006.7,,7.0
2024-06-14,11,28.0,18.1,55.0,0.0,,279.0,19.8,,1006.2,,3.0
2024-06-14,12,28.0,17.5,53.0,0.0,,270.0,11.2,,1006.6,,3.0
2024-06-14,13,26.1,18.3,62.0,0.0,,290.0,13.3,,1007.5,,3.0
2024-06-14,14,24.5,18.4,69.0,0.0,,292.0,10.4,,1008.5,,3.0
2024-06-14,15,25.8,20.6,73.0,0.0,,0.0,0.0,,1010.1,,3.0
2024-06-14,16,23.4,18.9,76.0,0.0,,292.0,10.4,,1011.2,,3.0
2024-06-14,17,22.9,19.1,79.0,0.0,,284.0,11.2,,1011.8,,3.0
2024-06-14,18,25.0,20.3,75.0,0.0,,270.0,3.6,,1011.6,,3.0
2024-06-14,19,21.4,19.3,88.0,0.0,,272.0,11.5,,1011.0,,3.0
2024-06-14,20,20.8,19.3,91.0,0.0,,263.0,11.5,,1010.6,,3.0
2024-06-14,21,22.6,20.1,86.0,0.0,,230.0,3.6,,1009.6,,3.0
2024-06-14,22,19.8,19.1,96.0,0.0,,264.0,13.0,,1009.6,,2.0
2024-06-14,23,19.6,19.1,97.0,0.0,,262.0,13.7,,1009.6,,3.0
2024-06-15,0,21.8,19.7,88.0,0.0,,230.0,5.4,,1009.7,,3.0
2024-06-15,1,19.7,19.0,96.0,0.0,,255.0,16.6,,1010.3,,3.0
2024-06-15,2,21.5,19.1,86.0,0.0,,259.0,15.5,,1010.2,,3.0
2024-06-15,3,24.0,20.3,80.0,0.0,,270.0,11.2,,1010.3,,3.0
2024-06-15,4,25.1,19.2,70.0,0.0,,260.0,18.0,,1010.2,,3.0
2024-06-15,5,26.6,18.7,62.0,0.0,,260.0,18.4,,1010.0,,3.0
2024-06-15,6,27.4,15.4,48.0,0.0,,270.0,9.4,,1009.5,,3.0
2024-06-15,7,28.7,18.2,53.0,0.0,,259.0,18.0,,1008.2,,3.0
2024-06-15,8,29.4,17.6,49.0,0.0,,256.0,17.6,,1007.3,,3.0
2024-06-15,9,29.6,18.4,51.0,0.0,,230.0,5.4,,1006.5,,3.0
2024-06-15,10,29.9,16.0,43.0,0.0,,262.0,18.4,,1006.0,,3.0
2024-06-15,11,29.3,15.8,44.0,0.0,,267.0,19.1,,1005.4,,3.0
2024-06-15,12,28.8,15.7,45.0,0.0,,270.0,7.6,,1005.9,,3.0
2024-06-15,13,26.4,16.9,56.0,0.0,,281.0,15.5,,1007.0,,3.0
2024-06-15,14,25.4,17.1,60.0,0.0,,272.0,15.5,,1008.3,,3.0
2024-06-15,15,25.2,18.4,66.0,0.0,,230.0,11.2,,1009.3,,3.0
2024-06-15,16,23.9,18.1,70.0,0.0,,269.0,15.8,,1010.0,,3.0
2024-06-15,17,22.8,19.0,79.0,0.0,,262.0,12.6,,1011.2,,3.0
2024-06-15,18,23.8,18.2,71.0,0.0,,270.0,9.4,,1011.2,,3.0
2024-06-15,19,21.9,19.1,84.0,0.0,,264.0,11.5,,1010.7,,3.0
2024-06-15,20,21.1,19.2,89.0,0.0,,251.0,12.2,,1010.0,,3.0
2024-06-15,21,22.6,19.9,85.0,0.0,,270.0,7.6,,1009.6,,3.0
2024-06-15,22,20.1,18.9,93.0,0.0,,242.0,12.6,,1009.1,,3.0
2024-06-15,23,20.0,19.0,94.0,0.0,,241.0,13.3,,1009.7,,3.0
2024-06-16,0,21.2,19.7,91.0,0.0,,270.0,5.4,,1010.2,,3.0
2024-06-16,1,20.0,19.0,94.0,0.0,,242.0,15.8,,1010.6,,3.0
2024-06-16,2,21.7,19.1,85.0,0.0,,250.0,19.4,,1011.2,,3.0
2024-06-16,3,24.0,21.7,87.0,0.0,,230.0,5.4,,1011.0,,3.0
2024-06-16,4,25.4,19.5,70.0,0.0,,249.0,19.4,,1011.0,,2.0
2024-06-16,5,27.1,19.2,62.0,0.0,,254.0,20.9,,1010.6,,3.0
2024-06-16,6,27.6,20.2,64.0,0.0,,270.0,9.4,,1010.2,,3.0
2024-06-16,7,28.7,19.6,58.0,0.0,,259.0,18.0,,1009.4,,3.0
2024-06-16,8,29.1,19.7,57.0,0.0,,262.0,16.2,,1007.9,,3.0
2024-06-16,9,29.4,19.4,55.0,0.0,,250.0,11.2,,1007.0,,3.0
2024-06-16,10,28.8,19.2,56.0,0.2,,264.0,19.8,,1006.3,,17.0
2024-06-16,11,25.5,19.9,71.0,0.3,,238.0,17.6,,1007.0,,8.0
2024-06-16,12,29.2,18.6,53.0,0.0,,250.0,9.4,,1007.0,,3.0
2024-06-16,13,24.6,19.7,74.0,0.0,,256.0,13.3,,1008.3,,3.0
2024-06-16,14,23.9,19.8,78.0,0.0,,258.0,12.6,,1009.4,,3.0
2024-06-16,15,25.4,21.1,77.0,0.0,,230.0,3.6,,1010.3,,3.0
2024-06-16,16,23.1,20.2,84.0,0.0,,272.0,11.9,,1011.0,,3.0
2024-06-16,17,22.4,19.8,85.0,0.0,,268.0,12.2,,1011.4,,3.0
2024-06-16,18,24.0,20.3,80.0,0.0,,230.0,5.4,,1011.5,,2.0
2024-06-16,19,21.3,19.4,89.0,0.0,,263.0,6.8,,1011.0,,3.0
2024-06-16,20,20.9,19.6,92.0,0.0,,243.0,8.3,,1010.3,,2.0
2024-06-16,21,23.0,20.3,85.0,0.0,,230.0,5.4,,1009.6,,2.0
2024-06-16,22,20.5,20.0,97.0,0.0,,237.0,12.2,,1009.0,,3.0
2024-06-16,23,20.8,19.8,94.0,0.0,,248.0,15.5,,1009.4,,3.0
2024-06-17,0,22.0,19.9,88.0,0.0,,230.0,7.6,,1009.5,,3.0
2024-06-17,1,20.6,19.8,95.0,0.0,,260.0,15.5,,1010.2,,3.0
2024-06-17,2,21.6,19.5,88.0,0.0,,259.0,18.0,,1011.0,,3.0
2024-06-17,3,24.8,20.9,79.0,0.0,,230.0,9.4,,1011.0,,3.0
2024-06-17,4,25.5,19.4,69.0,0.0,,258.0,17.6,,1011.1,,3.0
2024-06-17,5,26.6,19.0,63.0,0.0,,256.0,17.3,,1010.9,,3.0
2024-06-17,6,28.4,20.9,64.0,0.0,,250.0,11.2,,1010.7,,3.0
2024-06-17,7,29.6,19.0,53.0,0.0,,256.0,16.2,,1008.6,,3.0
2024-06-17,8,29.8,19.8,55.0,0.0,,258.0,15.5,,1007.9,,3.0
2024-06-17,9,27.8,21.8,70.0,0.0,,250.0,9.4,,1007.1,,3.0
2024-06-17,10,28.8,19.4,57.0,0.0,,247.0,17.3,,1006.8,,3.0
2024-06-17,11,25.6,20.0,71.0,0.4,,245.0,17.6,,1007.8,,8.0
2024-06-17,12,29.0,21.5,64.0,0.0,,250.0,9.4,,1008.3,,3.0
2024-06-17,13,23.3,20.1,82.0,0.3,,241.0,14.4,,1009.2,,8.0
2024-06-17,14,23.0,20.3,85.0,0.0,,263.0,12.2,,1009.7,,3.0
2024-06-17,15,26.6,20.2,68.0,0.0,,230.0,5.4,,1010.6,,3.0
2024-06-17,16,22.3,20.6,90.0,0.0,,268.0,10.4,,1010.9,,3.0
2024-06-17,17,22.2,20.3,89.0,0.0,,270.0,13.0,,1011.4,,3.0
2024-06-17,18,24.2,20.9,82.0,0.0,,230.0,5.4,,1011.9,,3.0
2024-06-17,19,21.5,20.5,94.0,0.0,,265.0,9.7,,1011.4,,3.0
2024-06-17,20,21.2,20.5,96.0,0.0,,265.0,10.1,,1010.8,,3.0
2024-06-17,21,23.2,21.1,88.0,0.0,,230.0,5.4,,1010.1,,3.0
2024-06-17,22,20.6,20.1,97.0,0.0,,258.0,11.2,,1009.3,,2.0
2024-06-17,23,20.3,20.0,98.0,0.0,,257.0,10.8,,1009.5,,2.0
2024-06-18,0,22.0,21.2,95.0,0.0,,230.0,5.4,,1010.0,,3.0
2024-06-18,1,20.5,19.8,96.0,0.0,,253.0,16.9,,1010.5,,3.0
2024-06-18,2,21.5,20.0,91.0,0.0,,255.0,16.9,,1011.1,,3.0
2024-06-18,3,23.0,21.5,91.0,0.0,,230.0,5.4,,1011.2,,3.0
2024-06-18,4,25.1,19.7,72.0,0.0,,258.0,18.4,,1010.4,,3.0
2024-06-18,5,27.2,19.3,62.0,0.0,,256.0,18.4,,1009.9,,3.0
2024-06-18,6,26.2,17.6,59.0,0.0,,230.0,5.4,,1009.6,,3.0
2024-06-18,7,28.5,20.0,60.0,0.0,,260.0,18.4,,1009.0,,3.0
2024-06-18,8,29.0,19.9,58.0,0.0,,262.0,17.6,,1007.6,,3.0
2024-06-18,9,29.4,19.4,55.0,0.2,,250.0,11.2,,1007.0,,7.0
2024-06-18,10,24.4,20.9,81.0,4.6,,277.0,22.7,,1007.9,,9.0
2024-06-18,11,24.7,20.8,79.0,0.1,,262.0,19.4,,1007.1,,7.0
2024-06-18,12,28.8,17.7,51.0,0.0,,230.0,11.2,,1007.3,,3.0
2024-06-18,13,24.0,20.5,81.0,0.1,,258.0,15.5,,1008.2,,7.0
2024-06-18,14,23.6,19.9,80.0,0.0,,252.0,16.2,,1009.6,,3.0
2024-06-18,15,24.4,19.7,75.0,0.0,,270.0,9.4,,1010.5,,3.0
2024-06-18,16,22.2,19.9,87.0,0.0,,253.0,13.3,,1011.2,,3.0
2024-06-18,17,22.4,20.1,87.0,0.0,,253.0,13.3,,1011.8,,3.0
2024-06-18,18,24.4,19.9,76.0,0.0,,250.0,11.2,,1011.4,,3.0
2024-06-18,19,21.6,20.1,91.0,0.0,,252.0,14.0,,1010.0,,3.0
2024-06-18,20,21.1,19.9,93.0,0.0,,255.0,15.8,,1009.4,,3.0
2024-06-18,21,22.6,20.5,88.0,0.0,,250.0,9.4,,1009.3,,3.0
2024-06-18,22,20.6,19.8,95.0,0.0,,261.0,15.5,,1009.1,,3.0
2024-06-18,23,20.4,19.7,96.0,0.0,,254.0,15.8,,1009.0,,3.0
2024-06-19,0,22.4,20.7,90.0,0.0,,250.0,7.6,,1008.8,,3.0
2024-06-19,1,20.4,19.7,96.0,0.0,,267.0,14.4,,1009.0,,3.0
2024-06-19,2,21.6,19.7,89.0,0.0,,262.0,18.4,,1009.6,,3.0
2024-06-19,3,23.0,20.3,85.0,0.0,,230.0,5.4,,1009.9,,3.0
2024-06-19,4,25.4,19.3,69.0,0.0,,271.0,21.6,,1009.8,,3.0
2024-06-19,5,27.3,18.9,60.0,0.0,,272.0,20.2,,1009.2,,3.0
2024-06-19,6,27.4,18.1,57.0,0.0,,270.0,7.6,,1008.9,,3.0
2024-06-19,7,28.3,19.2,58.0,0.0,,271.0,19.1,,1008.3,,3.0
2024-06-19,8,28.3,19.0,57.0,0.0,,275.0,19.1,,1007.1,,3.0
2024-06-19,9,29.8,17.9,49.0,0.0,,270.0,5.4,,1005.8,,3.0
2024-06-19,10,26.3,19.4,66.0,0.3,,255.0,20.5,,1004.9,,8.0
2024-06-19,11,24.9,19.9,74.0,0.1,,284.0,20.2,,1005.8,,7.0
2024-06-19,12,28.8,17.7,51.0,1.7,,230.0,5.4,,1006.7,,9.0
2024-06-19,13,22.5,20.0,86.0,0.1,,246.0,13.3,,1007.3,,7.0
2024-06-19,14,21.9,20.4,91.0,0.1,,236.0,10.1,,1008.6,,7.0
2024-06-19,15,25.4,20.2,73.0,0.2,,270.0,5.4,,1009.7,,7.0
2024-06-19,16,21.5,20.8,96.0,0.6,,233.0,11.5,,1010.1,,8.0
2024-06-19,17,21.5,21.0,97.0,0.4,,230.0,13.0,,1010.4,,8.0
2024-06-19,18,24.4,19.2,73.0,0.1,,270.0,7.6,,1010.2,,7.0
2024-06-19,19,21.0,20.7,98.0,0.0,,235.0,17.3,,1009.8,,3.0
2024-06-19,20,20.8,20.3,97.0,0.0,,245.0,17.3,,1009.2,,3.0
2024-06-19,21,23.2,19.6,80.0,0.0,,270.0,7.6,,1008.2,,3.0
2024-06-19,22,20.5,20.0,97.0,0.0,,253.0,18.4,,1007.9,,3.0
2024-06-19,23,20.4,19.9,97.0,0.0,,255.0,16.9,,1008.3,,3.0
2024-06-20,0,22.0,19.4,85.0,0.0,,270.0,9.4,,1008.5,,3.0
2024-06-20,1,20.7,19.7,94.0,0.0,,254.0,17.6,,1008.8,,3.0
2024-06-20,2,21.4,19.7,90.0,0.0,,249.0,18.7,,1009.3,,3.0
2024-06-20,3,23.2,20.7,86.0,0.0,,230.0,5.4,,1009.7,,3.0
2024-06-20,4,24.2,19.5,75.0,0.0,,250.0,20.5,,1009.7,,3.0
2024-06-20,5,25.1,19.5,71.0,0.0,,251.0,22.0,,1009.8,,3.0
2024-06-20,6,26.6,20.2,68.0,0.1,,230.0,5.4,,1009.3,,7.0
2024-06-20,7,26.8,19.4,64.0,0.3,,256.0,21.6,,1008.4,,8.0
2024-06-20,8,27.6,19.1,60.0,0.0,,260.0,19.4,,1007.2,,3.0
2024-06-20,9,30.2,19.3,52.0,0.0,,250.0,14.8,,1006.4,,3.0
2024-06-20,10,27.3,18.3,58.0,0.0,,261.0,20.2,,1005.6,,3.0
2024-06-20,11,27.2,18.2,58.0,0.0,,252.0,20.9,,1005.3,,3.0
2024-06-20,12,23.4,20.7,85.0,0.0,,250.0,11.2,,1006.5,,3.0
2024-06-20,13,24.0,19.3,75.0,0.0,,232.0,20.2,,1007.4,,3.0
2024-06-20,14,23.3,18.8,76.0,0.0,,244.0,17.6,,1008.5,,3.0
2024-06-20,15,23.4,18.7,75.0,0.0,,230.0,7.6,,1009.3,,3.0
2024-06-20,16,23.1,18.8,77.0,0.0,,261.0,17.3,,1010.0,,3.0
2024-06-20,17,22.1,18.3,79.0,0.0,,260.0,17.3,,1010.4,,3.0
2024-06-20,18,22.4,19.8,85.0,0.0,,230.0,7.6,,1010.4,,3.0
2024-06-20,19,20.8,18.4,86.0,0.0,,260.0,17.3,,1010.0,,3.0
2024-06-20,20,20.7,18.5,87.0,0.0,,257.0,18.4,,1009.4,,3.0
2024-06-20,21,22.0,19.5,86.0,0.0,,230.0,5.4,,1009.1,,3.0
2024-06-20,22,20.1,19.4,96.0,0.0,,246.0,15.8,,1008.4,,3.0
2024-06-20,23,19.8,19.5,98.0,0.0,,243.0,16.6,,1008.6,,3.0
2024-06-21,0,23.4,21.8,91.0,0.0,,230.0,7.6,,1008.7,,3.0
2024-06-21,1,20.6,19.3,92.0,0.0,,251.0,20.5,,1009.2,,3.0
2024-06-21,2,21.7,19.3,86.0,0.0,,255.0,23.8,,1009.7,,3.0
2024-06-21,3,24.0,20.7,82.0,0.0,,230.0,11.2,,1009.9,,3.0
2024-06-21,4,24.9,19.3,71.0,0.0,,266.0,23.4,,1009.9,,3.0
2024-06-21,5,26.6,19.7,66.0,0.0,,262.0,20.9,,1009.5,,3.0
2024-06-21,6,26.8,19.9,66.0,0.0,,230.0,14.8,,1008.9,,3.0
2024-06-21,7,28.0,18.7,57.0,0.0,,273.0,22.7,,1008.0,,3.0
2024-06-21,8,28.7,19.3,57.0,1.6,,274.0,20.2,,1007.0,,9.0
2024-06-21,9,28.6,20.1,60.0,0.0,,250.0,11.2,,1005.8,,3.0
2024-06-21,10,23.6,19.5,78.0,2.1,,266.0,24.1,,1007.1,,9.0
2024-06-21,11,23.7,20.2,81.0,0.3,,261.0,16.2,,1006.4,,8.0
2024-06-21,12,24.8,21.3,81.0,0.0,,250.0,11.2,,1006.7,,3.0
2024-06-21,13,21.9,20.4,91.0,1.2,,284.0,18.4,,1008.4,,9.0
2024-06-21,14,21.3,19.9,92.0,0.2,,283.0,14.0,,1009.0,,7.0
2024-06-21,15,24.4,21.1,82.0,0.0,,270.0,7.6,,1009.2,,3.0
2024-06-21,16,21.3,19.8,91.0,0.0,,261.0,14.4,,1009.4,,3.0
2024-06-21,17,21.4,19.7,90.0,0.0,,264.0,18.4,,1009.9,,3.0
2024-06-21,18,22.2,19.6,85.0,0.0,,270.0,5.4,,1009.6,,3.0
2024-06-21,19,21.1,19.2,89.0,0.0,,260.0,18.4,,1008.9,,3.0
2024-06-21,20,20.9,19.2,90.0,0.0,,258.0,18.7,,1008.2,,3.0
2024-06-21,21,20.8,19.3,91.0,0.0,,266.0,18.7,,1007.7,,3.0
2024-06-21,22,20.8,19.3,91.0,0.0,,274.0,19.1,,1007.0,,3.0
2024-06-21,23,20.2,19.5,96.0,0.0,,269.0,16.6,,1005.8,,3.0
2024-06-22,0,21.0,19.8,93.0,0.0,,230.0,11.2,,1006.4,,3.0
2024-06-22,1,20.3,19.6,96.0,0.0,,248.0,18.4,,1007.1,,3.0
2024-06-22,2,21.7,19.4,87.0,0.0,,254.0,24.1,,1007.9,,3.0
2024-06-22,3,23.1,19.3,79.0,0.0,,268.0,23.4,,1008.1,,3.0
2024-06-22,4,24.5,19.8,75.0,0.0,,267.0,20.5,,1008.3,,3.0
2024-06-22,5,26.0,19.6,68.0,0.2,,275.0,19.8,,1008.0,,7.0
2024-06-22,6,25.4,20.4,74.0,0.0,,230.0,7.6,,1007.2,,3.0
2024-06-22,7,28.1,19.6,60.0,0.0,,280.0,16.9,,1006.0,,3.0
2024-06-22,8,28.7,19.9,59.0,0.0,,281.0,17.3,,1004.8,,3.0
2024-06-22,9,27.0,19.4,63.0,0.0,,275.0,17.6,,1004.6,,3.0
2024-06-22,10,28.1,19.3,59.0,0.0,,265.0,21.2,,1003.5,,3.0
2024-06-22,11,26.4,18.8,63.0,0.2,,274.0,20.5,,1003.7,,7.0
2024-06-22,12,27.4,19.5,62.0,0.0,,230.0,7.6,,1004.4,,3.0
2024-06-22,13,24.3,20.0,77.0,0.0,,266.0,14.0,,1005.5,,3.0
2024-06-22,14,23.6,19.5,78.0,0.0,,233.0,10.1,,1006.0,,3.0
2024-06-22,15,24.8,20.9,79.0,0.0,,270.0,5.4,,1007.2,,3.0
2024-06-22,16,23.0,19.6,81.0,0.0,,250.0,11.9,,1008.0,,3.0
2024-06-22,17,22.7,19.3,81.0,0.0,,248.0,14.0,,1008.4,,3.0
2024-06-22,18,23.6,19.1,76.0,0.0,,230.0,7.6,,1008.4,,3.0
2024-06-22,19,21.7,19.1,85.0,0.0,,256.0,15.1,,1007.3,,3.0
2024-06-22,20,21.2,19.1,88.0,0.0,,251.0,15.1,,1007.0,,3.0
2024-06-22,21,22.0,19.4,85.0,0.0,,230.0,5.4,,1006.4,,3.0
2024-06-22,22,20.3,19.5,95.0,0.0,,241.0,15.8,,1006.2,,3.0
2024-06-22,23,20.2,19.5,96.0,0.0,,242.0,14.8,,1006.1,,3.0
2024-06-23,0,21.4,19.3,88.0,0.0,,250.0,7.6,,1006.2,,3.0
2024-06-23,1,20.5,19.5,94.0,0.0,,240.0,17.6,,1006.7,,3.0
2024-06-23,2,21.6,19.3,87.0,0.0,,258.0,21.6,,1007.2,,3.0
2024-06-23,3,22.4,19.9,86.0,0.0,,230.0,7.6,,1007.3,,3.0
2024-06-23,4,24.9,19.5,72.0,0.0,,262.0,22.7,,1007.2,,3.0
2024-06-23,5,26.3,18.4,62.0,0.3,,268.0,25.6,,1006.7,,17.0
2024-06-23,6,25.4,17.6,62.0,0.1,,230.0,7.6,,1006.3,,7.0
2024-06-23,7,27.6,19.4,61.0,0.3,,264.0,21.6,,1005.8,,8.0
2024-06-23,8,28.4,19.3,58.0,0.0,,264.0,20.9,,1004.5,,3.0
2024-06-23,9,25.4,17.6,62.0,0.0,,230.0,7.6,,1003.4,,3.0
2024-06-23,10,28.1,18.8,57.0,0.2,,257.0,23.4,,1002.3,,7.0
2024-06-23,11,26.5,19.1,64.0,0.2,,244.0,21.6,,1002.6,,17.0
2024-06-23,12,25.4,20.6,75.0,0.0,,230.0,5.4,,1002.9,,3.0
2024-06-23,13,24.6,19.4,73.0,0.2,,243.0,20.5,,1004.0,,17.0
2024-06-23,14,23.6,19.1,76.0,0.0,,240.0,18.7,,1005.0,,3.0
2024-06-23,15,23.4,20.7,85.0,0.0,,230.0,11.2,,1006.3,,3.0
2024-06-23,16,22.9,19.3,80.0,0.0,,235.0,20.9,,1007.4,,3.0
2024-06-23,17,22.0,19.5,86.0,0.0,,240.0,18.7,,1007.9,,3.0
2024-06-23,18,23.2,20.7,86.0,0.0,,230.0,11.2,,1008.2,,3.0
2024-06-23,19,21.6,19.7,89.0,0.0,,238.0,20.5,,1007.6,,3.0
2024-06-23,20,21.4,19.0,86.0,0.0,,245.0,18.7,,1006.5,,3.0
2024-06-23,21,22.0,20.5,91.0,0.0,,230.0,11.2,,1005.8,,3.0
2024-06-23,22,21.3,18.7,85.0,0.0,,257.0,20.5,,1005.2,,3.0
2024-06-23,23,21.3,18.7,85.0,0.0,,253.0,20.9,,1005.1,,3.0
2024-06-24,0,21.4,19.9,91.0,0.0,,230.0,14.8,,1005.4,,3.0
2024-06-24,1,20.0,19.2,95.0,0.0,,238.0,16.2,,1006.2,,3.0
2024-06-24,2,21.2,19.1,88.0,0.0,,246.0,22.3,,1006.8,,3.0
2024-06-24,3,23.4,20.2,82.0,0.0,,230.0,7.6,,1006.6,,3.0
2024-06-24,4,24.2,18.8,72.0,0.0,,250.0,25.9,,1006.5,,3.0
2024-06-24,5,25.2,19.1,69.0,0.0,,250.0,25.9,,1006.3,,3.0
2024-06-24,6,25.4,19.8,71.0,0.0,,270.0,9.4,,1005.7,,3.0
2024-06-24,7,27.3,19.1,61.0,0.3,,255.0,25.2,,1005.0,,8.0
2024-06-24,8,27.4,19.0,60.0,0.3,,255.0,25.6,,1004.7,,8.0
2024-06-24,9,27.4,20.2,65.0,0.0,,230.0,18.4,,1003.2,,3.0
2024-06-24,10,26.5,19.1,64.0,0.2,,246.0,26.3,,1003.4,,17.0
2024-06-24,11,25.0,19.6,72.0,0.4,,242.0,27.7,,1003.8,,8.0
2024-06-24,12,27.0,18.0,58.0,0.9,,250.0,16.6,,1003.8,,8.0
2024-06-24,13,23.7,20.2,81.0,0.0,,239.0,20.2,,1003.9,,3.0
2024-06-24,14,23.1,19.7,81.0,0.0,,248.0,20.5,,1004.9,,3.0
2024-06-24,15,25.0,19.6,72.0,0.0,,230.0,5.4,,1006.0,,3.0
2024-06-24,16,22.2,19.9,87.0,0.0,,240.0,20.5,,1006.9,,3.0
2024-06-24,17,22.2,19.6,85.0,0.0,,237.0,17.6,,1007.8,,3.0
2024-06-24,18,24.0,19.5,76.0,0.0,,230.0,7.6,,1007.8,,3.0
2024-06-24,19,21.6,20.1,91.0,0.0,,235.0,19.4,,1007.2,,3.0
2024-06-24,20,21.2,20.2,94.0,0.1,,233.0,19.8,,1006.8,,7.0
2024-06-24,21,22.4,20.7,90.0,0.2,,230.0,7.6,,1005.9,,7.0
2024-06-24,22,21.1,19.7,92.0,0.0,,239.0,19.4,,1004.9,,3.0
2024-06-24,23,21.2,19.7,91.0,0.0,,247.0,19.8,,1005.1,,3.0
2024-06-25,0,22.4,20.9,91.0,0.0,,230.0,7.6,,1005.4,,3.0
2024-06-25,1,21.2,19.5,90.0,0.0,,246.0,18.7,,1006.0,,3.0
2024-06-25,2,22.3,19.5,84.0,0.0,,246.0,23.0,,1006.5,,3.0
2024-06-25,3,23.4,20.7,85.0,0.0,,230.0,11.2,,1006.2,,3.0
2024-06-25,4,24.9,19.5,72.0,0.0,,250.0,29.2,,1006.2,,3.0
2024-06-25,5,25.9,19.5,68.0,0.0,,251.0,29.5,,1006.1,,3.0
2024-06-25,6,27.0,19.9,65.0,0.0,,230.0,14.8,,1005.5,,3.0
2024-06-25,7,27.9,19.1,59.0,0.2,,257.0,32.0,,1004.9,,7.0
2024-06-25,8,27.3,19.4,62.0,0.1,,256.0,27.4,,1004.2,,7.0
2024-06-25,9,29.0,18.8,54.0,0.1,,230.0,14.8,,1003.5,,7.0
2024-06-25,10,26.9,20.5,68.0,0.1,,246.0,25.6,,1003.0,,7.0
2024-06-25,11,25.3,19.9,72.0,0.0,,245.0,26.6,,1003.5,,3.0
2024-06-25,12,27.4,19.5,62.0,0.3,,230.0,11.2,,1003.8,,8.0
2024-06-25,13,23.3,20.1,82.0,0.1,,253.0,20.5,,1004.6,,7.0
2024-06-25,14,23.1,20.1,83.0,0.0,,247.0,21.2,,1005.4,,3.0
2024-06-25,15,26.0,22.1,79.0,0.0,,230.0,5.4,,1006.4,,3.0
2024-06-25,16,22.3,19.8,86.0,0.0,,250.0,20.9,,1006.8,,3.0
2024-06-25,17,22.1,19.8,87.0,0.0,,246.0,22.0,,1007.0,,3.0
2024-06-25,18,23.2,20.0,82.0,0.0,,270.0,9.4,,1007.9,,3.0
2024-06-25,19,21.5,19.8,90.0,0.1,,241.0,20.5,,1007.5,,7.0
2024-06-25,20,21.1,19.7,92.0,0.9,,241.0,20.2,,1006.8,,8.0
2024-06-25,21,20.9,19.9,94.0,0.2,,241.0,20.5,,1005.9,,7.0
2024-06-25,22,20.7,19.9,95.0,0.2,,245.0,21.2,,1005.7,,7.0
2024-06-25,23,21.2,19.3,89.0,0.0,,242.0,21.2,,1005.2,,3.0
2024-06-26,0,21.8,20.3,91.0,0.0,,230.0,11.2,,1005.3,,3.0
2024-06-26,1,21.2,19.3,89.0,0.0,,243.0,22.7,,1005.6,,3.0
2024-06-26,2,22.3,19.3,83.0,0.0,,247.0,26.3,,1005.8,,3.0
2024-06-26,3,22.0,20.8,93.0,0.0,,230.0,14.8,,1006.0,,3.0
2024-06-26,4,24.3,19.2,73.0,0.0,,251.0,29.2,,1006.3,,3.0
2024-06-26,5,25.8,19.4,68.0,0.0,,244.0,31.0,,1006.0,,3.0
2024-06-26,6,25.4,20.4,74.0,0.0,,230.0,16.6,,1005.9,,3.0
2024-06-26,7,26.2,19.3,66.0,0.3,,253.0,29.5,,1005.6,,8.0
2024-06-26,8,27.0,19.6,64.0,0.2,,256.0,27.7,,1004.8,,7.0
2024-06-26,9,27.0,18.8,61.0,1.4,,230.0,16.6,,1004.7,,9.0
2024-06-26,10,26.1,19.3,66.0,0.1,,253.0,30.2,,1004.2,,7.0
2024-06-26,11,25.3,19.4,70.0,0.3,,247.0,27.4,,1004.0,,8.0
2024-06-26,12,26.4,19.3,65.0,0.0,,230.0,11.2,,1004.6,,3.0
2024-06-26,13,23.3,19.7,80.0,0.0,,247.0,21.2,,1005.8,,3.0
2024-06-26,14,23.1,19.5,80.0,0.0,,248.0,22.0,,1006.6,,3.0
2024-06-26,15,23.6,21.3,87.0,0.0,,230.0,11.2,,1007.7,,3.0
2024-06-26,16,22.2,19.6,85.0,0.0,,248.0,20.5,,1008.4,,3.0
2024-06-26,17,21.6,19.5,88.0,0.0,,244.0,20.2,,1009.2,,3.0
2024-06-26,18,22.6,20.9,90.0,0.0,,230.0,11.2,,1009.0,,3.0
2024-06-26,19,21.2,19.3,89.0,0.0,,247.0,20.9,,1008.5,,3.0
2024-06-26,20,21.5,19.4,88.0,0.0,,247.0,23.8,,1006.7,,3.0
2024-06-26,21,22.4,20.9,91.0,0.0,,230.0,11.2,,1006.3,,3.0
2024-06-26,22,21.5,19.4,88.0,0.0,,249.0,23.8,,1006.3,,3.0
2024-06-26,23,21.6,19.3,87.0,0.0,,252.0,24.1,,1006.4,,3.0
2024-06-27,0,22.0,20.8,93.0,0.0,,230.0,14.8,,1006.5,,3.0
2024-06-27,1,21.6,19.5,88.0,0.0,,251.0,24.5,,1007.0,,3.0
2024-06-27,2,22.4,19.4,83.0,0.0,,256.0,24.5,,1007.6,,3.0
2024-06-27,3,22.0,20.8,93.0,0.0,,230.0,7.6,,1008.1,,3.0
2024-06-27,4,24.8,19.4,72.0,0.1,,254.0,30.6,,1008.3,,7.0
2024-06-27,5,24.8,19.4,72.0,0.0,,252.0,27.7,,1008.5,,3.0
2024-06-27,6,23.4,20.7,85.0,0.0,,230.0,14.8,,1008.2,,3.0
2024-06-27,7,25.5,18.9,67.0,0.0,,250.0,28.1,,1008.1,,3.0
2024-06-27,8,24.6,19.4,73.0,0.2,,250.0,24.5,,1007.6,,7.0
2024-06-27,9,25.6,18.0,63.0,0.1,,230.0,11.2,,1006.8,,7.0
2024-06-27,10,25.5,19.2,68.0,0.0,,252.0,26.3,,1006.3,,3.0
2024-06-27,11,23.7,20.2,81.0,0.0,,261.0,19.1,,1006.3,,3.0
2024-06-27,12,25.0,19.6,72.0,0.0,,230.0,11.2,,1006.5,,3.0
2024-06-27,13,23.5,19.2,77.0,0.0,,257.0,20.2,,1006.9,,3.0
2024-06-27,14,22.8,19.4,81.0,0.0,,249.0,19.4,,1007.7,,3.0
2024-06-27,15,23.2,21.1,88.0,0.0,,230.0,9.4,,1008.9,,3.0
2024-06-27,16,21.6,19.5,88.0,0.0,,247.0,19.1,,1010.3,,3.0
2024-06-27,17,21.4,19.5,89.0,0.0,,250.0,18.0,,1010.6,,3.0
2024-06-27,18,22.4,21.2,93.0,0.0,,230.0,9.4,,1010.7,,3.0
2024-06-27,19,21.1,19.4,90.0,0.0,,241.0,18.7,,1010.2,,3.0
2024-06-27,20,20.8,19.3,91.0,0.0,,236.0,20.9,,1009.7,,3.0
2024-06-27,21,22.4,21.2,93.0,0.0,,230.0,11.2,,1008.7,,3.0
2024-06-27,22,20.6,19.8,95.0,0.0,,242.0,22.7,,1008.4,,3.0
2024-06-27,23,20.4,19.6,95.0,0.0,,248.0,20.9,,1008.6,,3.0
2024-06-28,0,22.0,20.8,93.0,0.0,,230.0,9.4,,1008.7,,3.0
2024-06-28,1,20.2,19.4,95.0,0.0,,245.0,16.6,,1009.4,,3.0
2024-06-28,2,20.7,19.9,95.0,0.0,,238.0,20.2,,1009.9,,3.0
2024-06-28,3,23.0,21.5,91.0,0.0,,230.0,5.4,,1010.4,,3.0
2024-06-28,4,23.9,19.4,76.0,0.0,,244.0,25.2,,1009.9,,3.0
2024-06-28,5,25.5,19.2,68.0,0.0,,246.0,26.6,,1009.5,,3.0
2024-06-28,6,25.8,20.6,73.0,0.0,,230.0,11.2,,1009.3,,3.0
2024-06-28,7,28.0,18.4,56.0,0.0,,255.0,25.2,,1007.8,,3.0
2024-06-28,8,28.3,18.1,54.0,0.2,,257.0,23.4,,1007.0,,7.0
2024-06-28,9,28.8,20.5,61.0,0.2,,230.0,14.8,,1006.0,,7.0
2024-06-28,10,29.0,17.8,51.0,0.1,,260.0,24.1,,1005.5,,7.0
2024-06-28,11,28.6,18.1,53.0,0.0,,256.0,23.4,,1005.2,,3.0
2024-06-28,12,24.4,22.1,87.0,0.0,,230.0,11.2,,1005.2,,3.0
2024-06-28,13,26.2,18.6,63.0,0.0,,246.0,17.6,,1005.9,,3.0
2024-06-28,14,24.8,18.7,69.0,0.0,,250.0,17.6,,1007.1,,3.0
2024-06-28,15,24.0,22.1,89.0,0.0,,230.0,7.6,,1008.4,,3.0
2024-06-28,16,22.9,19.1,79.0,0.0,,248.0,16.2,,1009.3,,3.0
2024-06-28,17,22.3,19.1,82.0,0.0,,247.0,14.8,,1010.4,,3.0
2024-06-28,18,23.2,21.5,90.0,0.0,,230.0,9.4,,1010.4,,3.0
2024-06-28,19,21.1,19.6,91.0,0.0,,242.0,16.6,,1009.8,,3.0
2024-06-28,20,20.7,19.7,94.0,0.0,,239.0,16.9,,1009.5,,3.0
2024-06-28,21,22.0,20.8,93.0,0.0,,230.0,7.6,,1009.3,,3.0
2024-06-28,22,19.8,19.6,99.0,0.0,,242.0,16.6,,1008.6,,3.0
2024-06-28,23,20.1,19.8,98.0,0.0,,245.0,18.0,,1009.0,,3.0
2024-06-29,0,22.0,20.8,93.0,0.0,,230.0,11.2,,1009.6,,3.0
2024-06-29,1,20.8,19.5,92.0,0.0,,245.0,20.2,,1009.9,,3.0
2024-06-29,2,21.6,19.3,87.0,0.0,,241.0,23.0,,1010.0,,3.0
2024-06-29,3,22.4,20.7,90.0,0.0,,230.0,9.4,,1010.5,,3.0
2024-06-29,4,25.0,19.6,72.0,0.0,,241.0,22.7,,1010.4,,3.0
2024-06-29,5,26.3,19.4,66.0,0.0,,243.0,21.6,,1010.2,,3.0
2024-06-29,6,26.4,20.5,70.0,0.0,,230.0,11.2,,1009.7,,3.0
2024-06-29,7,28.5,18.9,56.0,0.1,,251.0,20.5,,1008.8,,17.0
2024-06-29,8,29.3,19.6,56.0,0.1,,249.0,17.3,,1008.0,,7.0
2024-06-29,9,28.8,20.5,61.0,0.0,,230.0,11.2,,1007.2,,3.0
2024-06-29,10,27.7,19.5,61.0,0.3,,262.0,20.2,,1007.1,,8.0
2024-06-29,11,27.4,19.5,62.0,0.1,,259.0,18.0,,1006.8,,7.0
2024-06-29,12,28.0,20.3,63.0,0.2,,230.0,9.4,,1007.4,,7.0
2024-06-29,13,25.1,20.6,76.0,0.0,,252.0,14.8,,1007.8,,3.0
2024-06-29,14,24.0,20.3,80.0,0.0,,253.0,13.3,,1008.8,,3.0
2024-06-29,15,25.0,21.3,80.0,0.0,,230.0,7.6,,1010.1,,3.0
2024-06-29,16,23.1,20.1,83.0,0.0,,258.0,13.3,,1011.2,,3.0
2024-06-29,17,22.6,19.6,83.0,0.0,,266.0,14.0,,1011.5,,3.0
2024-06-29,18,24.0,20.7,82.0,0.0,,230.0,11.2,,1011.3,,3.0
2024-06-29,19,21.6,19.7,89.0,0.0,,254.0,14.8,,1011.1,,3.0
2024-06-29,20,21.1,19.9,93.0,0.0,,240.0,12.2,,1010.6,,3.0
2024-06-29,21,22.4,21.2,93.0,0.0,,250.0,11.2,,1010.2,,3.0
2024-06-29,22,20.4,20.1,98.0,0.0,,236.0,13.0,,1009.8,,3.0
2024-06-29,23,20.3,20.0,98.0,0.0,,236.0,14.8,,1009.7,,3.0
2024-06-30,0,22.4,21.6,95.0,0.0,,230.0,7.6,,1010.1,,3.0
2024-06-30,1,20.6,19.9,96.0,0.0,,245.0,15.8,,1010.8,,5.0
2024-06-30,2,21.7,19.6,88.0,0.0,,250.0,18.4,,1011.1,,3.0
2024-06-30,3,23.0,21.3,90.0,0.0,,230.0,11.2,,1011.3,,3.0
2024-06-30,4,25.0,19.6,72.0,0.0,,250.0,19.4,,1011.5,,3.0
2024-06-30,5,25.7,19.6,69.0,0.0,,253.0,19.1,,1011.3,,3.0
2024-06-30,6,25.2,21.7,81.0,0.0,,230.0,11.2,,1011.0,,3.0
2024-06-30,7,27.4,19.2,61.0,0.0,,255.0,18.0,,1010.5,,3.0
2024-06-30,8,28.0,19.0,58.0,0.0,,256.0,17.6,,1009.4,,3.0
2024-06-30,9,26.8,21.6,73.0,0.5,,270.0,9.4,,1008.5,,8.0
2024-06-30,10,26.1,20.4,71.0,0.0,,262.0,18.0,,1007.6,,3.0
2024-06-30,11,25.4,20.4,74.0,0.0,,234.0,17.3,,1007.4,,3.0
2024-06-30,12,25.0,22.7,87.0,0.0,,270.0,7.6,,1008.1,,3.0
2024-06-30,13,24.2,20.7,81.0,0.0,,238.0,14.4,,1008.8,,3.0
2024-06-30,14,23.2,20.7,86.0,0.8,,250.0,13.7,,1010.4,,8.0
2024-06-30,15,23.4,21.8,91.0,0.0,,230.0,9.4,,1011.2,,3.0
2024-06-30,16,21.8,21.0,95.0,0.0,,237.0,14.4,,1012.0,,3.0
2024-06-30,17,21.8,21.1,96.0,0.0,,237.0,15.5,,1012.5,,3.0
2024-06-30,18,22.6,21.4,93.0,0.0,,230.0,11.2,,1012.1,,3.0
2024-06-30,19,21.1,20.6,97.0,0.0,,237.0,16.2,,1011.4,,3.0
2024-06-30,20,21.1,20.1,94.0,0.0,,237.0,16.6,,1010.5,,3.0
2024-06-30,21,22.4,21.2,93.0,0.0,,230.0,11.2,,1010.1,,3.0
2024-06-30,22,20.6,20.1,97.0,0.0,,245.0,16.6,,1009.3,,3.0
2024-06-30,23,20.5,20.2,98.0,0.0,,242.0,16.6,,1009.4,,3.0
2024-07-01,0,22.4,21.2,93.0,0.0,,230.0,11.2,,1010.1,,3.0
2024-07-01,1,21.1,19.9,93.0,0.0,,245.0,18.0,,1010.4,,3.0
2024-07-01,2,21.8,19.9,89.0,0.0,,249.0,18.7,,1011.0,,3.0
2024-07-01,3,22.4,21.2,93.0,0.0,,230.0,5.4,,1011.1,,3.0
2024-07-01,4,24.8,19.6,73.0,0.0,,254.0,23.0,,1011.1,,3.0
2024-07-01,5,25.7,19.4,68.0,0.0,,257.0,25.2,,1010.9,,3.0
2024-07-01,6,24.4,21.1,82.0,0.0,,230.0,5.4,,1010.0,,3.0
2024-07-01,7,27.7,19.2,60.0,0.0,,263.0,23.0,,1009.3,,3.0
2024-07-01,8,26.8,20.2,67.0,0.0,,259.0,23.8,,1008.7,,3.0
2024-07-01,9,25.6,21.9,80.0,1.0,,230.0,9.4,,1008.0,,9.0
2024-07-01,10,26.0,20.1,70.0,0.0,,246.0,20.5,,1008.0,,3.0
2024-07-01,11,23.3,20.6,85.0,2.1,,243.0,23.0,,1008.5,,9.0
2024-07-01,12,26.2,21.2,74.0,0.8,,230.0,7.6,,1008.7,,8.0
2024-07-01,13,21.2,20.4,95.0,0.3,,247.0,21.2,,1010.5,,8.0
2024-07-01,14,21.3,20.5,95.0,0.5,,258.0,18.4,,1010.6,,8.0
2024-07-01,15,23.0,21.8,93.0,0.2,,270.0,5.4,,1011.2,,7.0
2024-07-01,16,21.3,19.9,92.0,0.0,,248.0,17.6,,1011.7,,3.0
2024-07-01,17,21.2,19.8,92.0,0.0,,256.0,18.7,,1011.9,,3.0
2024-07-01,18,22.2,21.0,93.0,0.0,,230.0,5.4,,1011.6,,3.0
2024-07-01,19,21.0,19.8,93.0,0.0,,255.0,17.3,,1010.9,,3.0
2024-07-01,20,20.7,19.7,94.0,0.0,,252.0,18.0,,1009.9,,3.0
2024-07-01,21,22.0,20.8,93.0,0.0,,230.0,7.6,,1009.1,,3.0
2024-07-01,22,20.5,19.8,96.0,0.0,,247.0,19.1,,1008.8,,3.0
2024-07-01,23,20.4,19.4,94.0,0.0,,248.0,19.1,,1008.6,,3.0
2024-07-02,0,22.0,20.5,91.0,0.0,,230.0,5.4,,1009.0,,3.0
2024-07-02,1,21.1,19.6,91.0,0.0,,248.0,20.2,,1009.5,,3.0
2024-07-02,2,21.8,19.5,87.0,0.0,,251.0,24.8,,1009.9,,3.0
2024-07-02,3,22.6,21.1,91.0,0.0,,230.0,5.4,,1010.0,,3.0
2024-07-02,4,24.0,19.1,74.0,0.0,,259.0,26.6,,1009.8,,3.0
2024-07-02,5,25.2,18.9,68.0,0.0,,263.0,29.2,,1009.6,,3.0
2024-07-02,6,25.6,20.6,74.0,0.0,,230.0,9.4,,1009.3,,3.0
2024-07-02,7,28.4,18.2,54.0,0.0,,270.0,28.8,,1008.2,,3.0
2024-07-02,8,28.7,18.5,54.0,0.0,,269.0,25.9,,1007.7,,3.0
2024-07-02,9,27.0,19.6,64.0,0.0,,250.0,16.6,,1006.3,,3.0
2024-07-02,10,29.0,18.2,52.0,0.0,,267.0,26.3,,1005.9,,3.0
2024-07-02,11,28.0,18.4,56.0,0.0,,259.0,24.8,,1006.0,,3.0
2024-07-02,12,27.6,19.4,61.0,0.0,,250.0,14.8,,1006.4,,3.0
2024-07-02,13,26.0,18.9,65.0,0.0,,254.0,16.2,,1007.1,,3.0
2024-07-02,14,24.9,19.1,70.0,0.0,,256.0,16.2,,1008.4,,3.0
2024-07-02,15,25.0,18.9,69.0,0.0,,230.0,7.6,,1009.8,,3.0
2024-07-02,16,23.0,19.2,79.0,0.0,,255.0,18.4,,1010.4,,3.0
2024-07-02,17,22.4,19.2,82.0,0.0,,259.0,18.0,,1010.7,,3.0
2024-07-02,18,24.0,20.1,79.0,0.0,,230.0,7.6,,1010.4,,3.0
2024-07-02,19,21.3,19.4,89.0,0.0,,255.0,16.9,,1009.2,,3.0
2024-07-02,20,20.8,19.5,92.0,0.0,,253.0,16.2,,1008.5,,3.0
2024-07-02,21,22.4,19.4,83.0,0.0,,230.0,7.6,,1008.4,,3.0
2024-07-02,22,20.1,19.6,97.0,0.0,,241.0,15.1,,1008.2,,3.0
2024-07-02,23,20.0,19.7,98.0,0.0,,242.0,15.8,,1008.6,,3.0
2024-07-03,0,22.4,20.3,88.0,0.0,,230.0,5.4,,1009.0,,3.0
2024-07-03,1,20.6,19.6,94.0,0.0,,245.0,17.3,,1009.8,,3.0
2024-07-03,2,21.6,19.3,87.0,0.0,,251.0,20.9,,1010.3,,3.0
2024-07-03,3,23.4,21.3,88.0,0.0,,230.0,5.4,,1010.4,,3.0
2024-07-03,4,25.2,18.9,68.0,0.0,,258.0,23.8,,1010.2,,3.0
2024-07-03,5,25.6,19.3,68.0,0.2,,257.0,24.1,,1010.2,,7.0
2024-07-03,6,27.2,19.8,64.0,0.0,,230.0,9.4,,1009.7,,3.0
2024-07-03,7,28.4,19.6,59.0,0.0,,260.0,22.3,,1008.8,,3.0
2024-07-03,8,29.5,19.5,55.0,0.1,,253.0,22.0,,1007.0,,7.0
2024-07-03,9,27.6,19.4,61.0,0.4,,230.0,11.2,,1007.3,,8.0
2024-07-03,10,24.9,20.2,75.0,4.7,,266.0,24.1,,1007.5,,9.0
2024-07-03,11,26.0,20.6,72.0,0.6,,272.0,17.3,,1007.0,,8.0
2024-07-03,12,27.0,19.6,64.0,0.7,,230.0,5.4,,1007.7,,8.0
2024-07-03,13,23.5,20.2,82.0,0.4,,253.0,14.8,,1008.6,,8.0
2024-07-03,14,22.6,20.1,86.0,0.0,,256.0,14.8,,1010.1,,3.0
2024-07-03,15,22.4,21.2,93.0,0.0,,270.0,5.4,,1010.6,,3.0
2024-07-03,16,22.1,19.6,86.0,0.0,,249.0,15.1,,1011.4,,3.0
2024-07-03,17,21.8,19.5,87.0,0.0,,252.0,17.6,,1011.6,,3.0
2024-07-03,18,22.2,21.4,95.0,0.0,,270.0,5.4,,1011.8,,3.0
2024-07-03,19,21.3,19.4,89.0,0.0,,258.0,16.9,,1011.2,,3.0
2024-07-03,20,20.7,19.5,93.0,0.0,,248.0,16.6,,1010.8,,3.0
2024-07-03,21,22.0,21.2,95.0,0.0,,230.0,5.4,,1010.2,,3.0
2024-07-03,22,20.2,19.7,97.0,0.0,,245.0,16.9,,1009.9,,3.0
2024-07-03,23,20.1,19.6,97.0,0.0,,250.0,15.5,,1009.6,,3.0
2024-07-04,0,21.8,20.3,91.0,0.0,,230.0,9.4,,1009.9,,3.0
2024-07-04,1,20.3,19.5,95.0,0.0,,248.0,16.9,,1010.5,,3.0
2024-07-04,2,21.5,19.2,87.0,0.0,,253.0,22.7,,1011.3,,3.0
2024-07-04,3,22.4,20.7,90.0,0.0,,270.0,9.4,,1011.6,,3.0
2024-07-04,4,22.2,19.7,86.0,0.0,,245.0,20.2,,1012.4,,3.0
2024-07-04,5,22.4,19.8,85.0,0.3,,246.0,20.5,,1012.6,,8.0
2024-07-04,6,25.0,20.3,75.0,0.3,,270.0,11.2,,1012.2,,8.0
2024-07-04,7,24.2,19.9,77.0,0.2,,268.0,20.9,,1011.3,,7.0
2024-07-04,8,24.5,20.0,76.0,0.6,,266.0,19.1,,1010.3,,8.0
2024-07-04,9,27.6,19.4,61.0,0.1,,270.0,11.2,,1009.7,,7.0
2024-07-04,10,23.6,21.1,86.0,0.3,,283.0,11.9,,1009.3,,8.0
2024-07-04,11,24.8,20.3,76.0,0.2,,281.0,14.8,,1009.1,,17.0
2024-07-04,12,27.2,19.0,61.0,0.1,,230.0,14.8,,1009.1,,7.0
2024-07-04,13,23.6,20.5,83.0,0.0,,264.0,11.5,,1009.3,,3.0
2024-07-04,14,23.5,19.0,76.0,0.0,,272.0,12.2,,1010.4,,3.0
2024-07-04,15,25.0,17.2,62.0,0.0,,250.0,11.2,,1011.3,,3.0
2024-07-04,16,22.3,19.7,85.0,0.0,,283.0,11.9,,1011.7,,3.0
2024-07-04,17,21.5,19.6,89.0,0.0,,262.0,10.8,,1011.9,,3.0
2024-07-04,18,23.4,19.1,77.0,0.0,,250.0,9.4,,1011.6,,3.0
2024-07-04,19,21.5,18.9,85.0,0.0,,256.0,14.8,,1010.4,,3.0
2024-07-04,20,21.1,18.9,87.0,0.0,,254.0,15.1,,1009.7,,3.0
2024-07-04,21,22.2,19.7,86.0,0.0,,230.0,11.2,,1009.4,,3.0
2024-07-04,22,20.7,19.0,90.0,0.0,,240.0,14.0,,1009.1,,3.0
2024-07-04,23,20.4,19.1,92.0,0.0,,235.0,14.4,,1009.0,,3.0
2024-07-05,0,21.6,19.9,90.0,0.0,,230.0,11.2,,1008.8,,3.0
2024-07-05,1,20.3,19.8,97.0,0.0,,236.0,15.8,,1009.3,,3.0
2024-07-05,2,21.1,19.7,92.0,0.2,,238.0,20.5,,1010.1,,7.0
2024-07-05,3,22.4,20.3,88.0,0.0,,230.0,7.6,,1010.5,,3.0
2024-07-05,4,23.3,19.5,79.0,0.0,,249.0,22.0,,1010.7,,3.0
2024-07-05,5,24.5,19.6,74.0,0.0,,252.0,22.7,,1010.5,,3.0
2024-07-05,6,27.2,19.8,64.0,0.0,,230.0,16.6,,1009.4,,3.0
2024-07-05,7,28.3,19.2,58.0,0.0,,266.0,25.6,,1008.6,,3.0
2024-07-05,8,25.9,19.5,68.0,0.9,,259.0,22.7,,1008.2,,8.0
2024-07-05,9,28.4,21.4,66.0,0.7,,230.0,7.6,,1007.0,,8.0
2024-07-05,10,25.8,19.2,67.0,0.2,,256.0,20.9,,1006.5,,7.0
2024-07-05,11,24.0,19.9,78.0,1.0,,260.0,21.2,,1006.6,,9.0
2024-07-05,12,27.6,19.7,62.0,0.2,,230.0,11.2,,1006.8,,7.0
2024-07-05,13,23.0,20.5,86.0,0.0,,258.0,15.5,,1007.3,,3.0
2024-07-05,14,22.5,20.2,87.0,0.6,,242.0,15.5,,1008.3,,8.0
2024-07-05,15,24.0,22.3,90.0,1.0,,230.0,11.2,,1008.9,,9.0
2024-07-05,16,21.6,20.4,93.0,0.1,,259.0,16.2,,1010.0,,7.0
2024-07-05,17,21.4,20.6,95.0,0.3,,250.0,14.8,,1010.3,,8.0
2024-07-05,18,22.4,21.2,93.0,0.2,,230.0,7.6,,1009.9,,7.0
2024-07-05,19,20.9,20.1,95.0,0.0,,240.0,19.4,,1009.5,,3.0
2024-07-05,20,20.7,20.0,96.0,0.0,,240.0,20.2,,1009.0,,3.0
2024-07-05,21,21.8,20.6,93.0,0.0,,230.0,7.6,,1007.8,,3.0
2024-07-05,22,20.4,19.9,97.0,0.2,,239.0,22.3,,1007.5,,7.0
2024-07-05,23,20.3,19.8,97.0,0.3,,239.0,22.3,,1007.3,,8.0
2024-07-06,0,21.0,20.2,95.0,0.0,,230.0,7.6,,1007.7,,3.0
2024-07-06,1,20.2,19.5,96.0,0.0,,238.0,22.3,,1008.1,,3.0
2024-07-06,2,20.6,19.6,94.0,0.0,,240.0,22.7,,1008.5,,3.0
2024-07-06,3,21.6,20.8,95.0,0.0,,230.0,9.4,,1009.0,,3.0
2024-07-06,4,21.9,19.3,85.0,0.0,,245.0,25.6,,1009.2,,3.0
2024-07-06,5,23.6,18.9,75.0,0.0,,247.0,23.8,,1009.0,,3.0
2024-07-06,6,24.0,21.1,84.0,0.0,,270.0,9.4,,1008.7,,3.0
2024-07-06,7,25.6,18.5,65.0,0.0,,262.0,27.7,,1008.2,,3.0
2024-07-06,8,26.1,18.5,63.0,0.0,,259.0,24.8,,1007.4,,3.0
2024-07-06,9,27.4,20.2,65.0,0.0,,230.0,14.8,,1006.4,,3.0
2024-07-06,10,26.3,18.7,63.0,0.1,,252.0,27.0,,1005.6,,7.0
2024-07-06,11,24.0,19.7,77.0,0.1,,229.0,21.6,,1005.8,,7.0
2024-07-06,12,26.8,18.7,61.0,0.0,,250.0,16.6,,1006.1,,3.0
2024-07-06,13,24.4,18.8,71.0,0.0,,247.0,16.6,,1006.5,,3.0
2024-07-06,14,23.5,18.8,75.0,0.0,,255.0,15.5,,1007.3,,3.0
2024-07-06,15,24.4,19.9,76.0,0.0,,270.0,11.2,,1008.2,,3.0
2024-07-06,16,22.4,19.0,81.0,0.0,,259.0,14.8,,1009.0,,3.0
2024-07-06,17,21.6,19.2,86.0,0.0,,239.0,17.6,,1009.8,,3.0
2024-07-06,18,23.4,20.2,82.0,0.0,,270.0,16.6,,1009.8,,3.0
2024-07-06,19,21.3,19.2,88.0,0.0,,248.0,16.6,,1009.5,,3.0
2024-07-06,20,21.1,19.2,89.0,0.0,,246.0,18.7,,1008.9,,3.0
2024-07-06,21,23.2,20.2,83.0,0.0,,270.0,14.8,,1008.3,,3.0
2024-07-06,22,20.5,19.3,93.0,0.0,,251.0,16.9,,1008.0,,3.0
2024-07-06,23,20.2,19.4,95.0,0.0,,245.0,16.9,,1007.7,,3.0
2024-07-07,0,21.4,19.9,91.0,0.0,,270.0,11.2,,1007.7,,3.0
2024-07-07,1,20.1,19.4,96.0,0.0,,243.0,19.4,,1008.5,,3.0
2024-07-07,2,21.4,19.3,88.0,0.0,,245.0,24.8,,1009.3,,3.0
2024-07-07,3,22.4,20.7,90.0,0.0,,230.0,7.6,,1009.5,,3.0
2024-07-07,4,22.6,19.6,83.0,0.0,,247.0,25.9,,1010.0,,3.0
2024-07-07,5,24.3,19.6,75.0,0.0,,248.0,25.6,,1009.9,,3.0
2024-07-07,6,25.4,20.4,74.0,0.0,,230.0,11.2,,1009.5,,3.0
2024-07-07,7,25.7,19.1,67.0,0.0,,261.0,23.8,,1008.7,,3.0
2024-07-07,8,28.1,18.5,56.0,0.0,,264.0,20.5,,1006.5,,3.0
2024-07-07,9,27.4,19.0,60.0,0.0,,230.0,9.4,,1005.7,,3.0
2024-07-07,10,28.5,17.4,51.0,0.0,,263.0,23.0,,1004.7,,3.0
2024-07-07,11,27.6,18.0,56.0,0.1,,268.0,22.3,,1004.7,,7.0
2024-07-07,12,23.8,19.9,79.0,0.5,,230.0,5.4,,1005.9,,8.0
2024-07-07,13,25.1,18.3,66.0,0.0,,272.0,16.9,,1006.6,,3.0
2024-07-07,14,23.9,18.3,71.0,0.0,,273.0,11.2,,1007.4,,3.0
2024-07-07,15,23.8,19.1,75.0,0.0,,270.0,5.4,,1008.3,,3.0
2024-07-07,16,23.0,18.3,75.0,0.0,,265.0,17.6,,1009.6,,3.0
2024-07-07,17,22.4,18.6,79.0,0.0,,260.0,18.0,,1010.1,,3.0
2024-07-07,18,22.2,19.7,86.0,0.0,,230.0,5.4,,1010.1,,3.0
2024-07-07,19,21.3,19.2,88.0,0.0,,255.0,13.7,,1009.5,,3.0
2024-07-07,20,20.5,19.3,93.0,0.0,,247.0,13.7,,1008.9,,3.0
2024-07-07,21,21.8,20.1,90.0,0.0,,270.0,9.4,,1008.5,,3.0
2024-07-07,22,20.2,19.5,96.0,0.0,,248.0,16.2,,1007.8,,3.0
2024-07-07,23,20.4,19.6,95.0,0.0,,248.0,16.9,,1007.2,,3.0
2024-07-08,0,21.2,17.2,78.0,0.0,,230.0,9.4,,1007.4,,3.0
2024-07-08,1,20.5,19.3,93.0,0.0,,250.0,17.3,,1008.1,,3.0
2024-07-08,2,21.7,19.1,85.0,0.0,,253.0,22.7,,1008.3,,3.0
2024-07-08,3,22.5,19.7,84.0,0.0,,230.0,7.6,,1008.5,,3.0
2024-07-08,4,23.9,19.2,75.0,0.0,,251.0,20.9,,1008.3,,3.0
2024-07-08,5,25.6,19.3,68.0,0.0,,255.0,20.9,,1008.2,,3.0
2024-07-08,6,22.8,18.8,78.0,0.0,,230.0,11.2,,1007.9,,3.0
2024-07-08,7,25.9,19.3,67.0,0.0,,258.0,20.9,,1007.2,,3.0
2024-07-08,8,24.4,19.5,74.0,0.7,,252.0,23.4,,1007.1,,8.0
2024-07-08,9,25.0,17.7,64.0,0.0,,230.0,7.6,,1005.2,,3.0
2024-07-08,10,27.6,17.2,53.0,0.0,,257.0,17.6,,1004.8,,3.0
2024-07-08,11,27.4,17.0,53.0,0.0,,260.0,18.4,,1004.4,,3.0
2024-07-08,12,21.0,18.2,84.0,0.0,,270.0,14.8,,1005.2,,3.0
2024-07-08,13,23.4,19.3,78.0,0.0,,225.0,16.2,,1006.3,,3.0
2024-07-08,14,23.4,18.9,76.0,0.0,,244.0,16.2,,1007.6,,3.0
2024-07-08,15,21.0,18.9,88.0,0.0,,270.0,9.4,,1008.9,,3.0
2024-07-08,16,21.6,19.2,86.0,0.3,,260.0,19.1,,1010.0,,8.0
2024-07-08,17,21.2,19.7,91.0,0.0,,259.0,16.6,,1010.4,,3.0
2024-07-08,18,21.0,19.3,90.0,0.0,,230.0,7.6,,1010.1,,3.0
2024-07-08,19,20.6,19.8,95.0,0.0,,254.0,17.3,,1008.3,,3.0
2024-07-08,20,20.4,19.7,96.0,0.2,,250.0,18.0,,1007.9,,7.0
2024-07-08,21,20.5,18.4,88.0,0.3,,230.0,9.4,,1007.3,,8.0
2024-07-08,22,20.2,19.5,96.0,1.3,,252.0,18.0,,1007.2,,9.0
2024-07-08,23,20.1,19.4,96.0,0.2,,251.0,17.6,,1007.4,,7.0
2024-07-09,0,20.0,18.5,91.0,0.0,,230.0,7.6,,1007.6,,3.0
2024-07-09,1,20.0,19.3,96.0,0.0,,245.0,17.3,,1008.1,,3.0
2024-07-09,2,20.9,19.4,91.0,0.0,,251.0,19.8,,1008.5,,3.0
2024-07-09,3,21.0,18.2,84.0,0.0,,270.0,16.6,,1009.0,,3.0
2024-07-09,4,23.6,18.9,75.0,0.0,,254.0,24.1,,1009.4,,3.0
2024-07-09,5,24.4,19.2,73.0,0.1,,254.0,24.5,,1009.4,,7.0
2024-07-09,6,22.4,18.4,78.0,0.0,,270.0,14.8,,1009.0,,3.0
2024-07-09,7,27.1,18.9,61.0,0.0,,265.0,22.7,,1008.4,,3.0
2024-07-09,8,27.0,18.8,61.0,0.0,,264.0,23.4,,1007.9,,3.0
2024-07-09,9,25.2,17.4,62.0,0.0,,270.0,9.4,,1007.0,,3.0
2024-07-09,10,26.5,18.1,60.0,0.0,,260.0,20.5,,1006.5,,3.0
2024-07-09,11,27.9,17.4,53.0,0.0,,264.0,20.5,,1005.6,,3.0
2024-07-09,12,25.4,17.3,61.0,0.0,,230.0,5.4,,1006.0,,3.0
2024-07-09,13,26.0,17.9,61.0,0.0,,262.0,14.0,,1007.0,,3.0
2024-07-09,14,24.9,18.4,67.0,0.0,,261.0,15.1,,1008.3,,3.0
2024-07-09,15,24.0,19.7,77.0,0.0,,270.0,5.4,,1009.5,,3.0
2024-07-09,16,22.1,19.1,83.0,0.0,,264.0,10.8,,1011.1,,3.0
2024-07-09,17,21.7,19.1,85.0,0.0,,263.0,13.0,,1011.4,,3.0
2024-07-09,18,22.8,19.6,82.0,0.0,,270.0,3.6,,1011.6,,3.0
2024-07-09,19,20.9,19.2,90.0,0.0,,255.0,12.2,,1011.4,,3.0
2024-07-09,20,20.3,19.5,95.0,0.0,,242.0,11.9,,1011.1,,3.0
2024-07-09,21,22.0,19.4,85.0,0.0,,230.0,7.6,,1010.4,,3.0
2024-07-09,22,20.1,18.9,93.0,0.0,,252.0,12.6,,1010.1,,3.0
2024-07-09,23,19.7,18.9,95.0,0.0,,241.0,13.3,,1010.4,,3.0
2024-07-10,0,20.6,19.1,91.0,0.0,,230.0,7.6,,1010.6,,3.0
2024-07-10,1,20.0,19.2,95.0,0.0,,232.0,14.0,,1011.2,,3.0
2024-07-10,2,21.2,18.8,86.0,0.0,,240.0,17.3,,1012.0,,3.0
2024-07-10,3,22.6,17.5,73.0,0.0,,270.0,5.4,,1012.3,,3.0
2024-07-10,4,25.2,18.6,67.0,0.0,,256.0,18.7,,1012.3,,2.0
2024-07-10,5,26.5,18.6,62.0,0.0,,253.0,18.0,,1011.9,,3.0
2024-07-10,6,27.8,18.5,57.0,0.2,,20.0,19.1,,1011.1,,17.0
2024-07-10,7,28.5,18.3,54.0,0.1,,265.0,19.4,,1010.4,,7.0
2024-07-10,8,28.9,19.0,55.0,0.2,,268.0,18.4,,1009.6,,7.0
2024-07-10,9,29.2,22.4,67.0,0.0,,230.0,9.4,,1008.7,,3.0
2024-07-10,10,29.0,19.0,55.0,0.0,,272.0,20.9,,1007.9,,3.0
2024-07-10,11,24.1,19.8,77.0,1.2,,286.0,18.0,,1009.0,,9.0
2024-07-10,12,25.4,20.2,73.0,0.0,,230.0,5.4,,1009.2,,3.0
2024-07-10,13,23.1,19.7,81.0,0.3,,245.0,15.8,,1009.8,,17.0
2024-07-10,14,22.1,20.2,89.0,0.1,,251.0,13.7,,1011.1,,17.0
2024-07-10,15,24.8,19.2,71.0,0.0,,270.0,9.4,,1012.0,,3.0
2024-07-10,16,21.6,20.1,91.0,0.0,,245.0,14.8,,1012.8,,3.0
2024-07-10,17,21.7,19.8,89.0,0.0,,252.0,16.9,,1013.4,,3.0
2024-07-10,18,24.0,19.3,75.0,0.0,,230.0,11.2,,1013.2,,3.0
2024-07-10,19,21.1,19.9,93.0,0.0,,246.0,18.7,,1012.6,,3.0
2024-07-10,20,21.0,19.8,93.0,0.1,,247.0,17.3,,1012.0,,7.0
2024-07-10,21,23.4,20.2,82.0,0.2,,320.0,5.4,,1011.5,,7.0
2024-07-10,22,20.5,20.2,98.0,0.0,,244.0,13.7,,1011.1,,3.0
2024-07-10,23,20.5,20.2,98.0,0.5,,253.0,13.0,,1011.1,,8.0
2024-07-11,0,22.4,19.8,85.0,0.2,,270.0,7.6,,1010.9,,7.0
2024-07-11,1,20.6,19.9,96.0,0.0,,267.0,14.0,,1011.2,,3.0
2024-07-11,2,21.1,19.7,92.0,0.0,,267.0,17.3,,1011.7,,3.0
2024-07-11,3,22.6,18.6,78.0,0.0,,230.0,3.6,,1011.3,,3.0
2024-07-11,4,24.8,19.4,72.0,0.0,,280.0,19.4,,1011.4,,3.0
2024-07-11,5,26.0,19.4,67.0,0.0,,280.0,21.6,,1011.2,,3.0
2024-07-11,6,27.4,17.3,54.0,0.0,,230.0,7.6,,1010.6,,3.0
2024-07-11,7,27.6,18.9,59.0,0.0,,275.0,23.0,,1009.7,,3.0
2024-07-11,8,26.4,18.8,63.0,0.3,,266.0,19.4,,1009.4,,8.0
2024-07-11,9,28.2,19.7,60.0,0.0,,230.0,7.6,,1008.4,,3.0
2024-07-11,10,26.6,18.5,61.0,0.0,,267.0,17.3,,1007.6,,3.0
2024-07-11,11,26.6,18.7,62.0,0.0,,263.0,16.6,,1007.0,,3.0
2024-07-11,12,27.2,19.0,61.0,0.0,,230.0,5.4,,1007.0,,3.0
2024-07-11,13,25.1,19.2,70.0,0.0,,264.0,11.5,,1008.0,,3.0
2024-07-11,14,23.9,19.4,76.0,0.0,,266.0,12.2,,1008.3,,3.0
2024-07-11,15,26.0,17.1,58.0,0.0,,230.0,5.4,,1009.3,,3.0
2024-07-11,16,23.2,19.2,78.0,0.0,,270.0,16.6,,1010.7,,3.0
2024-07-11,17,22.5,19.1,81.0,0.0,,260.0,15.8,,1011.1,,3.0
2024-07-11,18,24.6,18.3,68.0,0.0,,270.0,5.4,,1010.9,,3.0
2024-07-11,19,21.4,19.3,88.0,0.0,,252.0,14.8,,1010.6,,3.0
2024-07-11,20,21.1,19.4,90.0,0.0,,258.0,15.1,,1010.0,,3.0
2024-07-11,21,23.0,19.4,80.0,0.0,,230.0,9.4,,1009.3,,3.0
2024-07-11,22,20.3,19.6,96.0,0.0,,256.0,15.5,,1008.4,,3.0
2024-07-11,23,19.8,19.5,98.0,0.0,,263.0,14.0,,1008.7,,3.0
2024-07-12,0,22.0,19.0,83.0,0.0,,360.0,3.6,,1009.0,,3.0
2024-07-12,1,19.9,19.6,98.0,0.0,,253.0,15.1,,1009.5,,3.0
2024-07-12,2,21.2,19.5,90.0,0.0,,260.0,19.4,,1010.1,,3.0
2024-07-12,3,22.4,19.4,83.0,0.0,,230.0,9.4,,1010.3,,3.0
2024-07-12,4,24.9,19.5,72.0,0.0,,269.0,22.7,,1009.3,,3.0
2024-07-12,5,26.3,19.4,66.0,0.0,,272.0,20.5,,1009.3,,3.0
2024-07-12,6,26.5,16.4,54.0,0.2,,270.0,9.4,,1009.0,,7.0
2024-07-12,7,27.8,19.6,61.0,0.0,,267.0,18.0,,1008.3,,3.0
2024-07-12,8,28.5,19.4,58.0,0.0,,264.0,18.4,,1007.2,,3.0
2024-07-12,9,30.2,18.6,50.0,0.4,,270.0,3.6,,1005.4,,8.0
2024-07-12,10,24.5,20.2,77.0,5.7,,256.0,25.6,,1006.7,,9.0
2024-07-12,11,23.0,20.5,86.0,3.8,,254.0,19.4,,1006.7,,9.0
2024-07-12,12,25.0,20.3,75.0,0.2,,230.0,3.6,,1007.1,,7.0
2024-07-12,13,21.7,20.0,90.0,1.7,,257.0,19.8,,1008.4,,9.0
2024-07-12,14,21.5,20.3,93.0,0.0,,261.0,15.5,,1009.0,,3.0
2024-07-12,15,21.4,19.3,88.0,0.0,,320.0,9.4,,1010.0,,3.0
2024-07-12,16,21.7,20.5,93.0,0.0,,246.0,17.6,,1010.4,,3.0
2024-07-12,17,21.5,20.5,94.0,0.0,,258.0,17.6,,1010.5,,3.0
2024-07-12,18,21.0,18.9,88.0,0.0,,270.0,11.2,,1010.4,,3.0
2024-07-12,19,21.0,20.2,95.0,0.4,,249.0,19.4,,1008.9,,8.0
2024-07-12,20,20.8,20.0,95.0,0.0,,248.0,20.2,,1008.5,,3.0
2024-07-12,21,20.4,18.5,89.0,0.0,,270.0,7.6,,1007.9,,3.0
2024-07-12,22,20.5,19.7,95.0,0.0,,251.0,21.2,,1007.9,,3.0
2024-07-12,23,20.8,19.6,93.0,0.0,,257.0,20.5,,1007.8,,3.0
2024-07-13,0,20.8,18.9,89.0,0.0,,270.0,9.4,,1007.9,,3.0
2024-07-13,1,20.6,19.3,92.0,0.0,,263.0,19.8,,1008.6,,3.0
2024-07-13,2,22.0,19.2,84.0,0.0,,264.0,21.6,,1008.9,,3.0
2024-07-13,3,22.2,19.7,86.0,0.0,,270.0,9.4,,1009.3,,3.0
2024-07-13,4,24.3,19.2,73.0,0.0,,270.0,28.8,,1009.2,,3.0
2024-07-13,5,22.9,20.1,84.0,0.0,,257.0,25.2,,1009.7,,3.0
2024-07-13,6,24.6,19.4,73.0,0.2,,270.0,11.2,,1009.2,,7.0
2024-07-13,7,24.3,19.8,76.0,0.1,,261.0,23.4,,1008.4,,7.0
2024-07-13,8,25.2,19.6,71.0,0.0,,261.0,22.0,,1007.5,,3.0
2024-07-13,9,27.5,18.2,57.0,0.1,,270.0,9.4,,1007.5,,7.0
2024-07-13,10,25.6,19.0,67.0,0.1,,268.0,23.0,,1006.3,,7.0
2024-07-13,11,25.9,18.6,64.0,0.0,,261.0,24.5,,1006.2,,3.0
2024-07-13,12,26.6,17.7,58.0,0.0,,230.0,9.4,,1006.8,,3.0
2024-07-13,13,23.8,18.9,74.0,0.0,,262.0,23.0,,1007.7,,3.0
2024-07-13,14,22.1,19.1,83.0,0.3,,265.0,19.1,,1008.7,,8.0
2024-07-13,15,24.6,19.0,71.0,0.0,,230.0,9.4,,1009.3,,3.0
2024-07-13,16,22.4,19.0,81.0,0.0,,257.0,21.6,,1010.3,,3.0
2024-07-13,17,21.9,19.1,84.0,0.0,,260.0,22.0,,1010.6,,3.0
2024-07-13,18,23.0,19.4,80.0,0.0,,230.0,9.4,,1010.2,,3.0
2024-07-13,19,21.0,19.1,89.0,0.1,,254.0,20.2,,1009.3,,7.0
2024-07-13,20,21.0,19.3,90.0,0.0,,254.0,21.2,,1008.0,,3.0
2024-07-13,21,22.2,19.7,86.0,0.0,,230.0,7.6,,1007.4,,3.0
2024-07-13,22,20.8,18.9,89.0,0.0,,261.0,23.0,,1007.0,,3.0
2024-07-13,23,20.6,18.7,89.0,0.0,,262.0,23.0,,1007.0,,3.0
2024-07-14,0,22.0,20.3,90.0,0.0,,270.0,9.4,,1006.9,,3.0
2024-07-14,1,20.6,18.5,88.0,0.0,,260.0,23.8,,1007.2,,3.0
2024-07-14,2,20.8,19.5,92.0,0.0,,256.0,22.0,,1008.2,,3.0
2024-07-14,3,22.7,19.3,81.0,0.0,,230.0,7.6,,1008.0,,3.0
2024-07-14,4,23.0,19.2,79.0,0.0,,257.0,29.2,,1007.8,,3.0
2024-07-14,5,24.7,19.1,71.0,0.0,,266.0,32.4,,1007.6,,3.0
2024-07-14,6,24.7,20.4,77.0,0.1,,290.0,9.4,,1007.5,,7.0
2024-07-14,7,23.3,19.5,79.0,0.3,,267.0,25.2,,1007.0,,8.0
2024-07-14,8,24.4,19.7,75.0,0.2,,265.0,27.0,,1006.1,,7.0
2024-07-14,9,25.0,16.7,60.0,0.2,,270.0,11.2,,1005.1,,7.0
2024-07-14,10,23.4,19.8,80.0,0.3,,263.0,22.7,,1004.9,,8.0
2024-07-14,11,23.5,19.6,79.0,0.2,,265.0,23.0,,1004.5,,7.0
2024-07-14,12,23.0,18.3,75.0,0.2,,230.0,11.2,,1005.2,,7.0
2024-07-14,13,22.5,19.7,84.0,0.0,,263.0,20.9,,1005.8,,3.0
2024-07-14,14,22.2,19.6,85.0,0.0,,261.0,20.9,,1006.3,,3.0
2024-07-14,15,22.7,18.5,77.0,0.0,,230.0,7.6,,1007.1,,3.0
2024-07-14,16,21.9,19.3,85.0,0.0,,258.0,22.7,,1007.7,,3.0
2024-07-14,17,20.9,19.7,93.0,0.0,,254.0,23.4,,1007.8,,3.0
2024-07-14,18,20.6,18.2,86.0,0.5,,230.0,7.6,,1007.9,,8.0
2024-07-14,19,20.6,19.6,94.0,0.1,,251.0,21.6,,1007.4,,7.0
2024-07-14,20,20.3,19.6,96.0,0.6,,245.0,19.4,,1006.9,,8.0
2024-07-14,21,20.6,18.7,89.0,0.6,,230.0,5.4,,1006.2,,8.0
2024-07-14,22,20.6,19.3,92.0,0.1,,253.0,21.2,,1005.5,,7.0
2024-07-14,23,20.6,19.1,91.0,0.0,,250.0,21.6,,1005.8,,3.0
2024-07-15,0,20.5,19.0,91.0,0.0,,230.0,9.4,,1005.9,,3.0
2024-07-15,1,20.5,19.2,92.0,0.0,,246.0,20.9,,1006.6,,3.0
2024-07-15,2,21.0,19.3,90.0,0.1,,246.0,23.0,,1006.9,,7.0
2024-07-15,3,20.8,18.4,86.0,0.2,,230.0,9.4,,1007.3,,7.0
2024-07-15,4,21.9,19.6,87.0,0.3,,248.0,23.8,,1007.4,,8.0
2024-07-15,5,23.0,19.8,82.0,0.5,,251.0,27.4,,1007.6,,8.0
2024-07-15,6,21.0,18.2,84.0,0.6,,230.0,9.4,,1007.3,,8.0
2024-07-15,7,23.3,20.4,84.0,0.8,,258.0,28.8,,1006.4,,8.0
2024-07-15,8,22.3,20.4,89.0,0.5,,256.0,23.4,,1005.4,,8.0
2024-07-15,9,22.4,19.9,86.0,1.3,,230.0,5.4,,1004.9,,9.0
2024-07-15,10,22.0,20.8,93.0,1.1,,257.0,23.4,,1004.0,,9.0
2024-07-15,11,22.8,20.5,87.0,0.3,,257.0,26.6,,1003.7,,8.0
2024-07-15,12,21.4,19.0,86.0,0.6,,230.0,3.6,,1004.6,,8.0
2024-07-15,13,21.6,20.2,92.0,0.9,,254.0,23.8,,1005.3,,8.0
2024-07-15,14,21.2,20.0,93.0,0.7,,254.0,25.6,,1006.0,,8.0
2024-07-15,15,21.3,19.9,92.0,0.4,,252.0,23.0,,1006.5,,8.0
2024-07-15,16,21.2,19.8,92.0,0.7,,249.0,22.3,,1007.5,,8.0
2024-07-15,17,21.1,19.9,93.0,0.5,,253.0,24.8,,1007.5,,8.0
2024-07-15,18,21.0,20.0,94.0,1.1,,250.0,25.6,,1007.5,,9.0
2024-07-15,19,21.0,19.8,93.0,2.2,,250.0,26.6,,1006.7,,9.0
2024-07-15,20,20.9,19.7,93.0,2.1,,254.0,26.3,,1005.7,,9.0
2024-07-15,21,20.6,19.8,95.0,0.3,,230.0,9.4,,1005.4,,8.0
2024-07-15,22,21.1,19.6,91.0,0.0,,257.0,26.6,,1005.0,,3.0
2024-07-15,23,20.6,19.6,94.0,0.0,,247.0,25.2,,1005.2,,3.0
2024-07-16,0,20.4,18.9,91.0,0.5,,270.0,5.4,,1005.4,,8.0
2024-07-16,1,20.7,19.7,94.0,0.2,,252.0,20.9,,1006.1,,7.0
2024-07-16,2,21.0,19.8,93.0,0.4,,249.0,22.0,,1006.8,,8.0
2024-07-16,3,20.6,19.4,93.0,0.2,,230.0,3.6,,1007.4,,7.0
2024-07-16,4,23.1,19.7,81.0,0.1,,252.0,31.0,,1007.7,,7.0
2024-07-16,5,23.1,19.7,81.0,0.2,,255.0,31.0,,1007.7,,7.0
2024-07-16,6,22.8,19.2,80.0,0.6,,230.0,9.4,,1007.6,,8.0
2024-07-16,7,22.6,21.4,93.0,1.3,,255.0,27.4,,1007.4,,9.0
2024-07-16,8,22.3,21.1,93.0,1.2,,254.0,27.0,,1006.6,,9.0
2024-07-16,9,24.4,19.9,76.0,0.8,,250.0,14.8,,1005.1,,8.0
2024-07-16,10,23.5,20.6,84.0,1.8,,263.0,25.2,,1005.0,,9.0
2024-07-16,11,23.7,20.8,84.0,1.2,,252.0,24.8,,1004.9,,9.0
2024-07-16,12,24.0,20.1,79.0,1.3,,230.0,7.6,,1005.5,,9.0
2024-07-16,13,22.0,19.9,88.0,0.4,,256.0,24.8,,1006.1,,8.0
2024-07-16,14,21.3,20.3,94.0,0.3,,254.0,22.0,,1007.1,,8.0
2024-07-16,15,22.6,18.6,78.0,0.7,,270.0,11.2,,1007.9,,8.0
2024-07-16,16,20.9,19.9,94.0,0.4,,254.0,21.2,,1008.6,,8.0
2024-07-16,17,20.8,19.8,94.0,1.0,,250.0,21.2,,1009.0,,9.0
2024-07-16,18,21.4,19.0,86.0,0.0,,230.0,5.4,,1008.9,,3.0
2024-07-16,19,20.7,19.7,94.0,0.0,,249.0,22.7,,1007.3,,3.0
2024-07-16,20,20.6,19.6,94.0,0.0,,247.0,23.0,,1006.8,,3.0
2024-07-16,21,20.8,18.0,84.0,0.0,,230.0,11.2,,1006.4,,3.0
2024-07-16,22,20.3,19.5,95.0,0.3,,241.0,22.7,,1006.4,,8.0
2024-07-16,23,20.2,19.5,96.0,0.8,,239.0,21.6,,1006.6,,8.0
2024-07-17,0,20.4,17.2,82.0,0.2,,0.0,0.0,,1007.3,,7.0
2024-07-17,1,20.1,19.3,95.0,0.0,,238.0,20.5,,1007.8,,3.0
2024-07-17,2,20.7,19.4,92.0,0.0,,242.0,24.1,,1008.5,,3.0
2024-07-17,3,22.2,20.1,88.0,0.1,,230.0,9.4,,1008.7,,7.0
2024-07-17,4,22.7,19.5,82.0,0.0,,251.0,30.2,,1008.9,,3.0
2024-07-17,5,22.7,19.7,83.0,0.1,,252.0,30.2,,1009.4,,7.0
2024-07-17,6,24.6,19.9,75.0,0.0,,230.0,14.8,,1008.7,,3.0
2024-07-17,7,24.4,19.9,76.0,0.2,,260.0,28.8,,1008.3,,7.0
2024-07-17,8,26.2,19.1,65.0,0.2,,259.0,28.8,,1006.9,,7.0
2024-07-17,9,26.6,20.2,68.0,0.8,,230.0,9.4,,1006.5,,8.0
2024-07-17,10,24.9,19.7,73.0,1.2,,265.0,26.6,,1006.1,,9.0
2024-07-17,11,23.4,19.5,79.0,0.3,,259.0,25.2,,1006.4,,8.0
2024-07-17,12,25.6,18.3,64.0,0.7,,270.0,9.4,,1006.9,,8.0
2024-07-17,13,22.6,20.1,86.0,0.2,,258.0,21.6,,1007.5,,7.0
2024-07-17,14,22.3,19.8,86.0,0.0,,254.0,22.0,,1008.5,,3.0
2024-07-17,15,23.2,20.0,82.0,0.0,,270.0,7.6,,1009.5,,3.0
2024-07-17,16,21.3,20.1,93.0,0.0,,246.0,20.9,,1010.3,,3.0
2024-07-17,17,21.0,19.8,93.0,0.0,,246.0,20.2,,1010.3,,3.0
2024-07-17,18,21.8,18.8,83.0,0.0,,270.0,7.6,,1010.3,,3.0
2024-07-17,19,20.8,19.8,94.0,0.5,,253.0,22.7,,1009.6,,8.0
2024-07-17,20,20.6,19.8,95.0,0.5,,247.0,24.5,,1008.3,,8.0
2024-07-17,21,21.2,19.1,88.0,0.0,,230.0,3.6,,1007.7,,3.0
2024-07-17,22,20.7,19.5,93.0,0.1,,253.0,24.1,,1007.1,,7.0
2024-07-17,23,20.5,19.5,94.0,0.1,,254.0,23.4,,1007.0,,7.0
2024-07-18,0,21.0,19.5,91.0,0.1,,230.0,9.4,,1007.2,,7.0
2024-07-18,1,20.7,19.7,94.0,0.2,,252.0,22.7,,1007.9,,7.0
2024-07-18,2,21.3,19.8,91.0,0.3,,255.0,22.7,,1008.6,,8.0
2024-07-18,3,22.4,19.9,86.0,0.1,,230.0,9.4,,1047.4,,7.0
2024-07-18,4,22.5,19.9,85.0,0.5,,254.0,26.3,,1009.6,,8.0
2024-07-18,5,23.6,19.9,80.0,0.2,,259.0,31.0,,1009.4,,7.0
2024-07-18,6,24.2,19.7,76.0,0.1,,230.0,5.4,,1009.0,,7.0
2024-07-18,7,23.8,19.7,78.0,0.0,,259.0,33.5,,1008.1,,3.0
2024-07-18,8,25.9,19.8,69.0,0.0,,259.0,31.7,,1007.1,,3.0
2024-07-18,9,22.0,18.6,81.0,0.0,,230.0,9.4,,1006.6,,3.0
2024-07-18,10,22.9,19.5,81.0,0.6,,264.0,31.0,,1006.4,,8.0
2024-07-18,11,24.1,19.8,77.0,0.4,,265.0,31.3,,1005.6,,8.0
2024-07-18,12,22.0,19.4,85.0,0.2,,230.0,9.4,,1005.9,,7.0
2024-07-18,13,22.2,19.7,86.0,0.0,,261.0,25.6,,1007.1,,3.0
2024-07-18,14,21.5,19.8,90.0,1.1,,260.0,25.6,,1007.9,,9.0
2024-07-18,15,21.2,19.1,88.0,0.3,,230.0,11.2,,1008.6,,8.0
2024-07-18,16,20.9,19.7,93.0,0.0,,258.0,23.4,,1009.2,,3.0
2024-07-18,17,20.7,19.7,94.0,0.4,,256.0,23.0,,1009.3,,8.0
2024-07-18,18,21.0,19.5,91.0,0.0,,230.0,14.8,,1009.4,,3.0
2024-07-18,19,20.7,19.4,92.0,0.0,,259.0,25.6,,1008.5,,3.0
2024-07-18,20,20.6,19.3,92.0,0.1,,265.0,25.6,,1007.7,,7.0
2024-07-18,21,20.8,19.6,93.0,0.2,,230.0,7.6,,1006.8,,7.0
2024-07-18,22,20.5,19.7,95.0,0.3,,258.0,24.1,,1006.4,,8.0
2024-07-18,23,20.4,19.4,94.0,0.3,,258.0,24.1,,1006.3,,8.0
2024-07-19,0,20.6,19.8,95.0,0.5,,250.0,11.2,,1006.8,,8.0
2024-07-19,1,20.4,19.4,94.0,0.5,,260.0,23.8,,1006.9,,8.0
2024-07-19,2,20.4,19.6,95.0,0.5,,253.0,26.3,,1007.8,,8.0
2024-07-19,3,20.4,18.2,87.0,1.2,,230.0,7.6,,1007.8,,9.0
2024-07-19,4,21.7,20.0,90.0,0.8,,262.0,27.7,,1007.9,,8.0
2024-07-19,5,21.7,20.0,90.0,3.3,,264.0,29.9,,1008.0,,9.0
2024-07-19,6,20.4,18.5,89.0,0.8,,230.0,7.6,,1007.5,,8.0
2024-07-19,7,22.3,20.6,90.0,0.8,,266.0,29.2,,1007.3,,8.0
2024-07-19,8,22.2,20.7,91.0,0.9,,262.0,29.2,,1006.3,,8.0
2024-07-19,9,22.0,20.3,90.0,0.8,,230.0,7.6,,1005.7,,8.0
2024-07-19,10,22.0,20.5,91.0,0.6,,263.0,28.1,,1005.4,,8.0
2024-07-19,11,22.0,20.5,91.0,0.7,,263.0,27.4,,1005.0,,8.0
2024-07-19,12,22.0,18.6,81.0,0.5,,230.0,9.4,,1005.1,,8.0
2024-07-19,13,21.2,19.8,92.0,0.6,,260.0,25.9,,1005.5,,8.0
2024-07-19,14,20.9,19.7,93.0,0.6,,258.0,25.2,,1006.6,,8.0
2024-07-19,15,21.6,19.0,85.0,0.5,,270.0,9.4,,1007.6,,8.0
2024-07-19,16,20.8,19.6,93.0,0.4,,257.0,23.4,,1008.2,,8.0
2024-07-19,17,20.6,19.4,93.0,0.4,,254.0,24.1,,1008.1,,8.0
2024-07-19,18,20.8,18.4,86.0,0.4,,230.0,9.4,,1008.0,,8.0
2024-07-19,19,20.2,19.2,94.0,0.2,,253.0,25.6,,1007.8,,7.0
2024-07-19,20,20.0,19.2,95.0,0.1,,250.0,24.5,,1007.2,,7.0
2024-07-19,21,20.4,18.2,87.0,0.0,,230.0,9.4,,1006.7,,3.0
2024-07-19,22,20.1,18.8,92.0,0.0,,258.0,25.2,,1006.6,,3.0
2024-07-19,23,20.1,18.6,91.0,0.0,,248.0,25.6,,1006.0,,3.0
2024-07-20,0,20.0,17.8,87.0,0.0,,270.0,11.2,,1006.4,,3.0
2024-07-20,1,20.4,18.7,90.0,0.0,,250.0,26.3,,1006.6,,3.0
2024-07-20,2,20.8,18.9,89.0,0.0,,251.0,26.3,,1007.3,,3.0
2024-07-20,3,21.4,19.7,90.0,0.1,,270.0,7.6,,1008.0,,7.0
2024-07-20,4,21.6,19.7,89.0,0.2,,257.0,26.3,,1008.7,,7.0
2024-07-20,5,22.2,19.7,86.0,0.3,,264.0,29.2,,1009.1,,8.0
2024-07-20,6,22.8,18.6,77.0,0.0,,270.0,9.4,,1008.8,,3.0
2024-07-20,7,23.0,19.2,79.0,0.0,,265.0,32.4,,1008.4,,3.0
2024-07-20,8,23.2,19.2,78.0,0.1,,262.0,31.0,,1007.9,,7.0
2024-07-20,9,26.0,18.9,65.0,0.0,,250.0,18.4,,1005.8,,3.0
2024-07-20,10,24.8,19.4,72.0,0.0,,260.0,32.0,,1005.3,,3.0
2024-07-20,11,24.4,19.2,73.0,0.0,,260.0,31.0,,1005.2,,3.0
2024-07-20,12,25.2,18.2,65.0,0.0,,230.0,16.6,,1005.5,,3.0
2024-07-20,13,22.8,19.0,79.0,0.0,,264.0,28.1,,1006.5,,3.0
2024-07-20,14,22.1,19.3,84.0,0.0,,264.0,25.9,,1007.8,,3.0
2024-07-20,15,23.0,18.1,74.0,0.0,,230.0,7.6,,1008.3,,3.0
2024-07-20,16,21.4,18.8,85.0,0.0,,261.0,24.1,,1008.6,,3.0
2024-07-20,17,21.2,18.8,86.0,0.0,,261.0,23.8,,1009.0,,3.0
2024-07-20,18,22.4,18.8,80.0,0.0,,230.0,5.4,,1009.1,,3.0
2024-07-20,19,20.9,18.8,88.0,0.0,,257.0,23.4,,1008.5,,3.0
2024-07-20,20,20.8,18.7,88.0,0.0,,255.0,22.7,,1008.2,,3.0
2024-07-20,21,21.0,18.6,86.0,0.0,,230.0,7.6,,1007.7,,3.0
2024-07-20,22,20.8,18.9,89.0,0.0,,253.0,22.7,,1007.4,,3.0
2024-07-20,23,20.7,19.0,90.0,0.0,,252.0,23.0,,1007.3,,3.0
2024-07-21,0,20.8,18.4,86.0,0.0,,230.0,9.4,,1007.1,,3.0
2024-07-21,1,20.8,19.3,91.0,0.0,,246.0,24.5,,1007.1,,3.0
2024-07-21,2,21.5,19.2,87.0,0.0,,247.0,25.6,,1007.9,,3.0
2024-07-21,3,21.7,19.4,87.0,0.0,,230.0,9.4,,1008.3,,3.0
2024-07-21,4,23.8,19.3,76.0,0.0,,251.0,33.5,,1008.5,,3.0
2024-07-21,5,24.9,19.7,73.0,0.0,,252.0,34.6,,1009.3,,3.0
2024-07-21,6,24.2,19.9,77.0,0.2,,230.0,18.4,,1009.0,,7.0
2024-07-21,7,26.0,19.2,66.0,0.0,,261.0,35.3,,1008.0,,3.0
2024-07-21,8,26.0,18.9,65.0,0.0,,263.0,33.1,,1006.9,,3.0
2024-07-21,9,25.8,19.7,69.0,0.0,,230.0,7.6,,1006.6,,3.0
2024-07-21,10,27.1,19.2,62.0,0.0,,266.0,33.1,,1005.4,,3.0
2024-07-21,11,25.8,19.4,68.0,0.1,,264.0,32.0,,1005.9,,17.0
2024-07-21,12,22.4,20.3,88.0,0.0,,230.0,9.4,,1006.5,,3.0
2024-07-21,13,24.1,19.2,74.0,0.0,,257.0,26.6,,1007.1,,3.0
2024-07-21,14,23.1,18.8,77.0,0.0,,260.0,25.2,,1008.3,,3.0
2024-07-21,15,22.8,19.2,80.0,0.0,,270.0,9.4,,1009.5,,3.0
2024-07-21,16,21.8,18.4,81.0,0.0,,260.0,24.1,,1010.3,,3.0
2024-07-21,17,21.6,18.6,83.0,0.0,,260.0,23.8,,1010.4,,3.0
2024-07-21,18,22.4,19.4,83.0,0.0,,270.0,9.4,,1010.2,,3.0
2024-07-21,19,21.1,18.9,87.0,0.0,,260.0,22.0,,1009.8,,3.0
2024-07-21,20,20.8,18.6,87.0,0.0,,258.0,23.8,,1008.5,,3.0
2024-07-21,21,21.8,19.7,88.0,0.0,,270.0,11.2,,1008.1,,3.0
2024-07-21,22,20.6,18.4,87.0,0.0,,258.0,23.0,,1008.0,,3.0
2024-07-21,23,20.5,18.3,87.0,0.0,,253.0,22.3,,1008.3,,3.0
2024-07-22,0,21.2,20.4,95.0,0.0,,270.0,9.4,,1008.4,,3.0
2024-07-22,1,20.7,18.6,88.0,0.0,,256.0,20.9,,1009.3,,3.0
2024-07-22,2,21.4,18.6,84.0,0.0,,259.0,23.0,,1010.1,,3.0
2024-07-22,3,20.2,20.2,100.0,0.0,,230.0,7.6,,1010.3,,3.0
2024-07-22,4,23.6,18.5,73.0,0.1,,264.0,28.8,,1010.9,,7.0
2024-07-22,5,24.5,18.9,71.0,0.0,,260.0,30.6,,1011.0,,3.0
2024-07-22,6,24.8,18.0,66.0,0.0,,270.0,11.2,,1010.4,,3.0
2024-07-22,7,25.7,19.1,67.0,0.0,,264.0,27.4,,1010.0,,3.0
2024-07-22,8,26.8,19.2,63.0,0.2,,272.0,32.4,,1009.1,,7.0
2024-07-22,9,24.6,19.9,75.0,0.2,,270.0,14.8,,1008.2,,7.0
2024-07-22,10,27.0,18.8,61.0,0.0,,273.0,31.0,,1007.7,,3.0
2024-07-22,11,26.6,18.7,62.0,0.0,,274.0,30.2,,1008.0,,3.0
2024-07-22,12,25.0,18.2,66.0,0.0,,270.0,14.8,,1008.3,,3.0
2024-07-22,13,24.1,19.0,73.0,0.0,,268.0,23.0,,1009.1,,3.0
2024-07-22,14,23.2,18.7,76.0,0.0,,265.0,23.8,,1009.9,,3.0
2024-07-22,15,23.6,18.5,73.0,0.0,,270.0,9.4,,1011.3,,3.0
2024-07-22,16,21.9,19.1,84.0,0.0,,262.0,21.2,,1012.1,,3.0
2024-07-22,17,21.7,19.1,85.0,0.0,,262.0,22.0,,1012.7,,3.0
2024-07-22,18,22.2,19.0,82.0,0.0,,270.0,11.2,,1012.2,,3.0
2024-07-22,19,21.4,19.0,86.0,0.0,,267.0,24.5,,1011.9,,3.0
2024-07-22,20,21.1,18.9,87.0,0.0,,264.0,24.8,,1011.3,,3.0
2024-07-22,21,21.8,19.2,85.0,0.0,,270.0,9.4,,1010.4,,3.0
2024-07-22,22,21.3,19.0,87.0,0.0,,260.0,24.5,,1009.9,,3.0
2024-07-22,23,21.2,18.9,87.0,0.0,,263.0,26.3,,1009.4,,3.0
2024-07-23,0,21.4,19.9,91.0,0.0,,230.0,9.4,,1009.8,,3.0
2024-07-23,1,21.3,19.0,87.0,0.0,,261.0,24.5,,1010.4,,3.0
2024-07-23,2,22.3,19.3,83.0,0.0,,261.0,23.0,,1011.3,,3.0
2024-07-23,3,22.0,19.9,88.0,0.0,,230.0,5.4,,1011.6,,3.0
2024-07-23,4,24.1,19.2,74.0,0.0,,266.0,30.6,,1011.8,,3.0
2024-07-23,5,25.4,19.1,68.0,0.0,,267.0,32.0,,1011.4,,3.0
2024-07-23,6,23.4,20.9,86.0,0.0,,230.0,7.6,,1010.9,,3.0
2024-07-23,7,25.9,19.3,67.0,0.0,,270.0,31.7,,1010.5,,3.0
2024-07-23,8,27.2,19.0,61.0,0.2,,274.0,30.2,,1009.3,,7.0
2024-07-23,9,26.6,19.7,66.0,0.2,,230.0,11.2,,1008.7,,7.0
2024-07-23,10,26.5,19.6,66.0,0.2,,270.0,29.9,,1008.4,,7.0
2024-07-23,11,26.1,19.7,68.0,0.2,,272.0,28.8,,1008.0,,7.0
2024-07-23,12,25.6,20.0,71.0,0.6,,230.0,14.8,,1008.4,,8.0
2024-07-23,13,24.1,19.4,75.0,0.0,,264.0,21.6,,1009.1,,3.0
2024-07-23,14,23.3,19.0,77.0,0.0,,262.0,22.3,,1010.1,,3.0
2024-07-23,15,24.0,18.9,73.0,0.0,,270.0,9.4,,1010.9,,3.0
2024-07-23,16,22.2,19.0,82.0,0.0,,263.0,21.2,,1011.8,,3.0
2024-07-23,17,22.0,19.2,84.0,0.0,,263.0,20.9,,1012.3,,3.0
2024-07-23,18,22.2,19.6,85.0,0.0,,230.0,9.4,,1012.1,,3.0
2024-07-23,19,21.3,18.9,86.0,0.0,,254.0,21.2,,1011.4,,3.0
2024-07-23,20,20.9,18.8,88.0,0.0,,255.0,21.2,,1010.9,,3.0
2024-07-23,21,21.2,18.8,86.0,0.0,,270.0,7.6,,1010.0,,3.0
2024-07-23,22,21.0,18.8,87.0,0.0,,252.0,21.2,,1009.3,,3.0
2024-07-23,23,20.8,18.7,88.0,0.0,,252.0,20.9,,1009.3,,3.0
2024-07-24,0,20.8,19.3,91.0,0.0,,270.0,7.6,,1009.2,,3.0
2024-07-24,1,20.7,18.8,89.0,0.0,,251.0,21.2,,1009.4,,3.0
2024-07-24,2,21.8,18.8,83.0,0.0,,256.0,23.4,,1009.5,,3.0
2024-07-24,3,20.4,18.9,91.0,0.0,,270.0,9.4,,1010.2,,3.0
2024-07-24,4,23.9,18.5,72.0,0.0,,260.0,30.6,,1010.0,,3.0
2024-07-24,5,24.3,18.7,71.0,0.0,,262.0,31.3,,1010.1,,3.0
2024-07-24,6,23.2,18.5,75.0,0.1,,270.0,9.4,,1009.3,,7.0
2024-07-24,7,26.5,18.4,61.0,0.2,,272.0,32.4,,1008.5,,7.0
2024-07-24,8,26.7,18.6,61.0,0.1,,278.0,31.0,,1007.3,,7.0
2024-07-24,9,23.8,20.5,82.0,0.2,,270.0,5.4,,1006.7,,7.0
2024-07-24,10,27.1,18.4,59.0,0.0,,277.0,29.9,,1005.9,,3.0
2024-07-24,11,26.1,18.5,63.0,0.2,,277.0,27.4,,1005.9,,7.0
2024-07-24,12,23.2,20.2,83.0,0.2,,270.0,9.4,,1006.4,,7.0
2024-07-24,13,24.0,18.6,72.0,0.0,,258.0,20.9,,1006.8,,3.0
2024-07-24,14,23.1,18.6,76.0,0.0,,260.0,21.2,,1007.9,,3.0
2024-07-24,15,22.4,20.3,88.0,0.0,,230.0,7.6,,1008.5,,3.0
2024-07-24,16,22.0,18.8,82.0,0.0,,254.0,19.4,,1009.1,,3.0
2024-07-24,17,21.8,19.0,84.0,0.0,,250.0,19.8,,1009.6,,3.0
2024-07-24,18,21.6,19.9,90.0,0.0,,230.0,9.4,,1009.7,,3.0
2024-07-24,19,21.3,19.0,87.0,0.0,,252.0,20.5,,1008.9,,3.0
2024-07-24,20,21.0,18.9,88.0,0.0,,251.0,21.6,,1008.5,,3.0
2024-07-24,21,20.8,19.6,93.0,0.0,,230.0,7.6,,1007.7,,3.0
2024-07-24,22,20.8,19.1,90.0,0.0,,248.0,22.7,,1007.8,,3.0
2024-07-24,23,20.8,18.9,89.0,0.0,,249.0,23.0,,1007.5,,3.0
2024-07-25,0,20.4,19.7,96.0,0.0,,230.0,9.4,,1007.1,,3.0
2024-07-25,1,20.7,19.0,90.0,0.0,,246.0,21.2,,1007.3,,3.0
2024-07-25,2,22.0,19.0,83.0,0.0,,248.0,23.0,,1007.8,,3.0
2024-07-25,3,21.0,19.5,91.0,0.1,,270.0,9.4,,1008.6,,7.0
2024-07-25,4,24.5,19.3,73.0,0.1,,258.0,28.1,,1008.2,,7.0
2024-07-25,5,25.8,19.7,69.0,0.3,,257.0,31.7,,1007.5,,8.0
2024-07-25,6,23.8,20.5,82.0,0.2,,270.0,11.2,,1007.6,,7.0
2024-07-25,7,27.3,19.4,62.0,0.0,,270.0,38.2,,1006.9,,3.0
2024-07-25,8,27.8,18.2,56.0,0.2,,270.0,37.1,,1005.7,,7.0
2024-07-25,9,25.6,22.1,81.0,0.4,,270.0,11.2,,1005.7,,8.0
2024-07-25,10,26.3,18.9,64.0,0.0,,268.0,34.9,,1005.2,,3.0
2024-07-25,11,25.2,19.3,70.0,0.1,,268.0,31.3,,1005.3,,7.0
2024-07-25,12,23.0,20.3,85.0,0.5,,270.0,9.4,,1006.5,,8.0
2024-07-25,13,22.4,19.8,85.0,0.3,,263.0,26.3,,1006.5,,8.0
2024-07-25,14,22.0,19.9,88.0,0.2,,264.0,26.3,,1007.5,,7.0
2024-07-25,15,22.0,20.8,93.0,0.1,,230.0,11.2,,1008.0,,7.0
2024-07-25,16,21.3,19.8,91.0,0.0,,263.0,22.0,,1008.4,,3.0
2024-07-25,17,21.2,19.7,91.0,0.0,,260.0,21.6,,1009.1,,3.0
2024-07-25,18,22.0,20.3,90.0,0.0,,230.0,9.4,,1008.9,,3.0
2024-07-25,19,21.1,19.4,90.0,0.0,,261.0,23.0,,1008.4,,3.0
2024-07-25,20,21.1,19.2,89.0,0.0,,260.0,23.0,,1007.5,,3.0
2024-07-25,21,21.6,20.1,91.0,0.0,,270.0,9.4,,1006.9,,3.0
2024-07-25,22,21.1,19.0,88.0,0.0,,260.0,25.6,,1006.6,,3.0
2024-07-25,23,21.1,18.9,87.0,0.0,,265.0,23.4,,1006.6,,3.0
2024-07-26,0,21.6,20.1,91.0,0.0,,270.0,9.4,,1007.4,,3.0
2024-07-26,1,21.2,18.8,86.0,0.0,,268.0,22.3,,1007.6,,3.0
2024-07-26,2,22.2,19.0,82.0,0.0,,266.0,25.6,,1007.9,,3.0
2024-07-26,3,23.0,19.8,82.0,0.0,,270.0,9.4,,1008.6,,3.0
2024-07-26,4,23.9,19.2,75.0,0.2,,277.0,31.0,,1008.8,,7.0
2024-07-26,5,24.8,19.2,71.0,0.2,,283.0,33.1,,1008.8,,7.0
2024-07-26,6,24.2,21.3,84.0,0.2,,230.0,7.6,,1008.1,,17.0
2024-07-26,7,25.8,19.4,68.0,0.2,,273.0,34.6,,1008.1,,7.0
2024-07-26,8,26.9,19.5,64.0,0.0,,282.0,31.7,,1007.0,,3.0
2024-07-26,9,26.0,20.3,71.0,0.4,,270.0,9.4,,1006.7,,8.0
2024-07-26,10,25.6,19.3,68.0,0.2,,276.0,30.2,,1005.9,,7.0
2024-07-26,11,24.9,19.7,73.0,0.1,,271.0,29.2,,1005.6,,7.0
2024-07-26,12,24.4,20.5,79.0,0.2,,270.0,7.6,,1005.6,,7.0
2024-07-26,13,23.9,19.2,75.0,0.0,,273.0,25.2,,1006.5,,3.0
2024-07-26,14,23.4,18.9,76.0,0.0,,272.0,23.8,,1007.6,,3.0
2024-07-26,15,22.2,20.7,91.0,0.0,,270.0,9.4,,1008.4,,3.0
2024-07-26,16,22.0,19.4,85.0,0.0,,266.0,24.1,,1009.2,,3.0
2024-07-26,17,21.9,19.3,85.0,0.0,,265.0,25.2,,1009.9,,3.0
2024-07-26,18,21.8,20.3,91.0,0.0,,270.0,9.4,,1009.8,,3.0
2024-07-26,19,21.5,18.7,84.0,0.0,,260.0,24.1,,1009.4,,3.0
2024-07-26,20,21.2,18.8,86.0,0.0,,264.0,24.5,,1008.9,,3.0
2024-07-26,21,20.8,19.3,91.0,0.0,,270.0,5.4,,1008.0,,3.0
2024-07-26,22,21.0,18.6,86.0,0.0,,266.0,25.2,,1007.8,,3.0
2024-07-26,23,21.1,18.7,86.0,0.0,,263.0,25.9,,1007.6,,3.0
2024-07-27,0,20.8,19.6,93.0,0.0,,270.0,9.4,,1007.5,,3.0
2024-07-27,1,21.2,18.6,85.0,0.0,,266.0,26.3,,1008.1,,3.0
2024-07-27,2,21.8,19.2,85.0,0.0,,276.0,28.1,,1008.9,,3.0
2024-07-27,3,22.2,19.7,86.0,0.0,,270.0,11.2,,1009.3,,3.0
2024-07-27,4,24.2,19.3,74.0,0.1,,281.0,31.0,,1009.2,,7.0
2024-07-27,5,25.5,18.7,66.0,0.0,,284.0,32.8,,1009.0,,3.0
2024-07-27,6,24.8,20.5,77.0,0.0,,270.0,14.8,,1008.8,,3.0
2024-07-27,7,26.4,18.0,60.0,0.0,,283.0,36.4,,1007.7,,3.0
2024-07-27,8,27.1,18.1,58.0,0.0,,288.0,36.0,,1007.1,,3.0
2024-07-27,9,27.4,18.4,58.0,0.0,,270.0,9.4,,1006.4,,3.0
2024-07-27,10,27.0,17.5,56.0,0.0,,281.0,31.3,,1006.0,,3.0
2024-07-27,11,26.3,17.1,57.0,0.0,,281.0,32.0,,1006.2,,3.0
2024-07-27,12,26.0,17.4,59.0,0.0,,270.0,9.4,,1006.2,,3.0
2024-07-27,13,23.5,17.0,67.0,0.0,,275.0,26.6,,1007.1,,3.0
2024-07-27,14,22.7,16.9,70.0,0.0,,272.0,23.4,,1008.1,,3.0
2024-07-27,15,23.6,17.1,67.0,0.0,,230.0,9.4,,1009.2,,3.0
2024-07-27,16,21.4,17.0,76.0,0.0,,252.0,25.6,,1010.0,,3.0
2024-07-27,17,21.5,16.7,74.0,0.0,,256.0,24.8,,1010.2,,3.0
2024-07-27,18,22.6,19.0,80.0,0.0,,270.0,11.2,,1010.0,,3.0
2024-07-27,19,20.8,15.8,73.0,0.0,,256.0,26.6,,1009.6,,3.0
2024-07-27,20,20.6,16.0,75.0,0.0,,258.0,27.4,,1008.5,,3.0
2024-07-27,21,21.8,18.8,83.0,0.0,,270.0,11.2,,1007.7,,3.0
2024-07-27,22,20.8,17.2,80.0,0.0,,261.0,27.7,,1006.9,,3.0
2024-07-27,23,20.7,16.9,79.0,0.0,,261.0,27.7,,1006.9,,3.0
2024-07-28,0,21.6,18.6,83.0,0.0,,270.0,9.4,,1007.1,,3.0
2024-07-28,1,20.3,17.1,82.0,0.0,,260.0,28.1,,1007.6,,3.0
2024-07-28,2,21.2,16.6,75.0,0.0,,260.0,28.1,,1008.4,,3.0
2024-07-28,3,22.4,20.3,88.0,0.0,,270.0,7.6,,1008.4,,3.0
2024-07-28,4,24.1,17.8,68.0,0.0,,270.0,40.0,,1008.5,,3.0
2024-07-28,5,24.1,18.3,70.0,0.0,,267.0,38.2,,1008.3,,3.0
2024-07-28,6,22.4,20.3,88.0,0.0,,270.0,7.6,,1007.6,,3.0
2024-07-28,7,25.5,18.2,64.0,0.0,,266.0,37.1,,1007.0,,3.0
2024-07-28,8,27.3,18.6,59.0,0.0,,269.0,33.5,,1005.2,,3.0
2024-07-28,9,25.2,20.9,77.0,0.0,,270.0,9.4,,1004.5,,3.0
2024-07-28,10,25.9,18.6,64.0,0.0,,265.0,33.5,,1004.6,,3.0
2024-07-28,11,25.5,18.9,67.0,0.0,,262.0,31.3,,1003.9,,3.0
2024-07-28,12,24.4,19.9,76.0,0.0,,270.0,11.2,,1004.3,,3.0
2024-07-28,13,23.2,18.7,76.0,0.0,,256.0,27.0,,1005.1,,3.0
2024-07-28,14,22.6,18.6,78.0,0.0,,260.0,24.8,,1006.1,,3.0
2024-07-28,15,23.2,21.1,88.0,0.0,,270.0,11.2,,1006.9,,3.0
2024-07-28,16,21.8,18.6,82.0,0.0,,258.0,23.0,,1007.5,,3.0
2024-07-28,17,21.5,18.3,82.0,0.0,,258.0,24.1,,1007.8,,3.0
2024-07-28,18,22.4,19.9,86.0,0.0,,270.0,14.8,,1007.2,,3.0
2024-07-28,19,21.0,18.4,85.0,0.0,,256.0,21.6,,1006.8,,3.0
2024-07-28,20,20.7,18.6,88.0,0.0,,251.0,22.0,,1006.2,,3.0
2024-07-28,21,21.2,18.8,86.0,0.0,,270.0,11.2,,1006.0,,3.0
2024-07-28,22,20.8,18.6,87.0,0.0,,245.0,22.7,,1005.8,,3.0
2024-07-28,23,20.9,18.7,87.0,0.0,,251.0,22.3,,1005.2,,3.0
2024-07-29,0,21.2,19.7,91.0,0.0,,270.0,11.2,,1005.4,,3.0
2024-07-29,1,20.8,18.7,88.0,0.0,,251.0,22.0,,1006.0,,3.0
2024-07-29,2,22.2,19.0,82.0,0.0,,253.0,22.7,,1006.4,,3.0
2024-07-29,3,21.4,19.0,86.0,0.0,,230.0,7.6,,1006.9,,3.0
2024-07-29,4,24.4,19.2,73.0,0.0,,258.0,30.2,,1006.8,,3.0
2024-07-29,5,24.8,19.4,72.0,0.1,,256.0,29.9,,1006.8,,7.0
2024-07-29,6,25.4,20.4,74.0,0.3,,270.0,7.6,,1006.2,,17.0
2024-07-29,7,27.8,19.1,59.0,0.1,,259.0,31.3,,1005.2,,7.0
2024-07-29,8,28.1,19.1,58.0,0.0,,260.0,31.0,,1004.4,,3.0
2024-07-29,9,27.6,20.7,66.0,0.1,,230.0,9.4,,1004.0,,17.0
2024-07-29,10,26.1,20.2,70.0,0.2,,260.0,27.0,,1003.9,,17.0
2024-07-29,11,25.0,19.8,73.0,0.2,,254.0,26.3,,1004.0,,7.0
2024-07-29,12,26.4,20.7,71.0,0.5,,230.0,9.4,,1004.4,,8.0
2024-07-29,13,23.7,19.8,79.0,0.0,,252.0,22.3,,1005.1,,3.0
2024-07-29,14,23.1,19.7,81.0,0.0,,254.0,20.9,,1006.4,,3.0
2024-07-29,15,24.6,20.5,78.0,0.0,,270.0,7.6,,1007.7,,3.0
2024-07-29,16,21.6,20.1,91.0,0.0,,239.0,20.2,,1008.4,,3.0
2024-07-29,17,21.4,20.0,92.0,0.0,,239.0,21.2,,1009.1,,3.0
2024-07-29,18,23.4,20.7,85.0,0.0,,270.0,9.4,,1009.4,,3.0
2024-07-29,19,21.0,19.8,93.0,0.0,,243.0,20.9,,1008.9,,3.0
2024-07-29,20,21.1,20.1,94.0,0.0,,238.0,18.0,,1007.8,,3.0
2024-07-29,21,22.0,19.9,88.0,0.1,,270.0,7.6,,1007.4,,7.0
2024-07-29,22,20.8,20.1,96.0,0.0,,245.0,19.4,,1007.3,,3.0
2024-07-29,23,20.7,20.0,96.0,0.0,,242.0,20.2,,1007.4,,3.0
2024-07-30,0,20.5,19.8,96.0,0.0,,250.0,20.2,,1007.7,,3.0
2024-07-30,1,20.5,19.8,96.0,0.0,,250.0,18.4,,1008.2,,3.0
2024-07-30,2,21.3,19.6,90.0,0.0,,249.0,23.0,,1009.1,,3.0
2024-07-30,3,21.4,19.3,88.0,0.0,,230.0,9.4,,1009.6,,3.0
2024-07-30,4,23.6,19.5,78.0,0.0,,251.0,27.4,,1010.1,,3.0
2024-07-30,5,24.4,19.7,75.0,0.0,,254.0,29.9,,1010.1,,3.0
2024-07-30,6,22.4,20.3,88.0,0.1,,230.0,7.6,,1009.6,,7.0
2024-07-30,7,26.7,20.1,67.0,0.0,,254.0,25.9,,1009.0,,3.0
2024-07-30,8,25.9,20.2,71.0,1.4,,254.0,27.7,,1008.4,,9.0
2024-07-30,9,25.6,20.0,71.0,1.9,,230.0,9.4,,1008.1,,9.0
2024-07-30,10,24.4,20.3,78.0,0.4,,269.0,26.6,,1007.6,,8.0
2024-07-30,11,22.9,20.8,88.0,0.4,,259.0,21.2,,1007.5,,8.0
2024-07-30,12,22.0,20.3,90.0,0.0,,230.0,18.4,,1007.5,,3.0
2024-07-30,13,22.0,20.3,90.0,0.4,,252.0,21.6,,1008.4,,8.0
2024-07-30,14,21.8,20.1,90.0,0.6,,257.0,20.9,,1009.5,,8.0
2024-07-30,15,21.4,19.7,90.0,0.0,,230.0,14.8,,1010.2,,3.0
2024-07-30,16,21.6,19.3,87.0,0.0,,267.0,20.5,,1011.2,,3.0
2024-07-30,17,21.5,19.4,88.0,0.0,,268.0,19.8,,1011.8,,3.0
2024-07-30,18,21.0,19.5,91.0,0.0,,230.0,14.8,,1011.6,,3.0
2024-07-30,19,21.2,19.3,89.0,0.0,,268.0,20.5,,1011.4,,3.0
2024-07-30,20,21.0,19.3,90.0,0.0,,268.0,21.2,,1010.9,,3.0
2024-07-30,21,21.0,19.3,90.0,0.0,,230.0,11.2,,1009.6,,3.0
2024-07-30,22,20.2,19.5,96.0,0.0,,251.0,18.7,,1009.6,,3.0
2024-07-30,23,20.2,19.5,96.0,0.0,,254.0,19.8,,1009.8,,3.0
2024-07-31,0,20.4,18.9,91.0,0.0,,230.0,7.6,,1010.0,,3.0
2024-07-31,1,20.4,19.6,95.0,0.0,,253.0,19.4,,1010.4,,3.0
2024-07-31,2,21.3,19.4,89.0,0.0,,257.0,21.6,,1011.0,,3.0
2024-07-31,3,21.2,19.7,91.0,0.0,,230.0,7.6,,1011.2,,3.0
2024-07-31,4,22.7,19.7,83.0,0.0,,263.0,26.6,,1011.7,,3.0
2024-07-31,5,24.4,19.5,74.0,0.0,,272.0,26.6,,1011.4,,3.0
2024-07-31,6,24.0,20.7,82.0,0.1,,230.0,9.4,,1011.1,,7.0
2024-07-31,7,25.1,19.7,72.0,0.0,,278.0,25.2,,1010.5,,3.0
2024-07-31,8,25.8,19.7,69.0,0.3,,276.0,24.8,,1009.6,,8.0
2024-07-31,9,26.2,21.2,74.0,0.5,,270.0,7.6,,1008.3,,8.0
2024-07-31,10,25.1,20.8,77.0,0.6,,252.0,21.2,,1008.2,,8.0
2024-07-31,11,23.1,20.1,83.0,2.5,,260.0,22.0,,1008.4,,9.0
2024-07-31,12,25.8,20.1,71.0,1.5,,270.0,9.4,,1008.7,,9.0
2024-07-31,13,21.2,20.0,93.0,0.8,,278.0,19.8,,1010.2,,8.0
2024-07-31,14,21.1,20.3,95.0,1.6,,255.0,15.5,,1011.0,,9.0
2024-07-31,15,21.0,19.8,93.0,0.6,,230.0,7.6,,1011.8,,8.0
2024-07-31,16,20.7,19.9,95.0,0.0,,240.0,18.0,,1012.5,,3.0
2024-07-31,17,20.6,19.9,96.0,0.2,,246.0,18.4,,1012.9,,7.0
2024-07-31,18,20.8,19.6,93.0,0.0,,230.0,9.4,,1012.2,,3.0
2024-07-31,19,20.7,19.9,95.0,0.0,,263.0,17.3,,1011.3,,3.0
2024-07-31,20,20.5,20.0,97.0,0.0,,250.0,15.1,,1010.0,,3.0
2024-07-31,21,20.4,19.9,97.0,0.0,,249.0,18.0,,1009.7,,3.0
2024-07-31,22,20.4,19.7,96.0,0.0,,260.0,19.1,,1009.4,,3.0
2024-07-31,23,20.3,19.6,96.0,0.0,,261.0,19.1,,1009.3,,3.0
2024-08-01,0,20.4,18.9,91.0,0.0,,230.0,5.4,,1009.6,,3.0
2024-08-01,1,20.6,19.8,95.0,0.0,,262.0,16.9,,1009.9,,3.0
2024-08-01,2,21.6,19.7,89.0,0.0,,261.0,20.2,,1010.6,,3.0
2024-08-01,3,20.8,20.0,95.0,0.0,,270.0,9.4,,1011.0,,3.0
2024-08-01,4,23.5,19.8,80.0,0.0,,255.0,24.8,,1011.2,,3.0
2024-08-01,5,24.1,19.8,77.0,0.0,,258.0,25.2,,1011.1,,3.0
2024-08-01,6,23.8,20.1,80.0,0.3,,270.0,5.4,,1011.0,,8.0
2024-08-01,7,24.5,20.2,77.0,1.4,,249.0,24.1,,1010.5,,9.0
2024-08-01,8,23.0,20.0,83.0,0.8,,241.0,23.8,,1010.1,,8.0
2024-08-01,9,25.0,19.8,73.0,0.5,,230.0,9.4,,1009.0,,8.0
2024-08-01,10,23.4,20.2,82.0,2.0,,264.0,22.3,,1008.9,,9.0
2024-08-01,11,23.5,20.1,81.0,0.7,,269.0,22.3,,1008.9,,8.0
2024-08-01,12,25.4,20.4,74.0,0.5,,230.0,11.2,,1009.1,,8.0
2024-08-01,13,21.8,20.4,92.0,1.1,,255.0,17.3,,1010.2,,9.0
2024-08-01,14,21.2,20.0,93.0,0.5,,256.0,15.5,,1010.8,,8.0
2024-08-01,15,23.4,21.7,90.0,0.2,,230.0,7.6,,1011.5,,7.0
2024-08-01,16,20.9,19.7,93.0,0.1,,263.0,15.8,,1012.6,,7.0
2024-08-01,17,20.8,19.8,94.0,0.1,,250.0,16.2,,1012.9,,7.0
2024-08-01,18,21.8,20.1,90.0,0.0,,230.0,9.4,,1012.6,,3.0
2024-08-01,19,20.7,20.0,96.0,0.0,,257.0,18.0,,1011.8,,3.0
2024-08-01,20,20.6,19.9,96.0,0.0,,265.0,16.6,,1011.1,,3.0
2024-08-01,21,20.6,20.3,98.0,0.0,,249.0,15.8,,1010.1,,3.0
2024-08-01,22,20.5,20.0,97.0,0.1,,245.0,18.7,,1009.8,,7.0
2024-08-01,23,20.5,20.0,97.0,0.3,,251.0,19.4,,1010.2,,8.0
2024-08-02,0,20.8,20.0,95.0,0.2,,270.0,7.6,,1010.1,,7.0
2024-08-02,1,20.3,19.8,97.0,0.2,,254.0,17.3,,1010.2,,7.0
2024-08-02,2,20.5,19.7,95.0,0.2,,249.0,19.1,,1011.3,,7.0
2024-08-02,3,21.0,19.3,90.0,0.3,,270.0,7.6,,1011.1,,8.0
2024-08-02,4,23.4,18.9,76.0,0.0,,261.0,25.9,,1011.3,,3.0
2024-08-02,5,24.8,19.0,70.0,0.0,,264.0,27.4,,1011.0,,3.0
2024-08-02,6,24.4,20.5,79.0,0.0,,230.0,9.4,,1010.6,,3.0
2024-08-02,7,26.0,18.9,65.0,0.1,,267.0,27.0,,1010.2,,7.0
2024-08-02,8,26.6,20.0,67.0,0.1,,260.0,24.8,,1008.4,,7.0
2024-08-02,9,26.6,22.0,76.0,0.0,,270.0,7.6,,1007.6,,3.0
2024-08-02,10,26.2,19.3,66.0,0.3,,267.0,22.7,,1007.2,,8.0
2024-08-02,11,25.8,19.2,67.0,0.0,,268.0,24.8,,1007.3,,3.0
2024-08-02,12,23.8,21.5,87.0,0.0,,270.0,9.4,,1008.1,,3.0
2024-08-02,13,23.4,19.3,78.0,0.0,,267.0,20.9,,1009.2,,3.0
2024-08-02,14,22.3,19.3,83.0,0.0,,263.0,17.3,,1010.5,,3.0
2024-08-02,15,23.6,20.5,83.0,0.0,,270.0,7.6,,1011.6,,3.0
2024-08-02,16,21.4,19.3,88.0,0.0,,260.0,18.4,,1012.4,,3.0
2024-08-02,17,21.4,19.3,88.0,0.2,,259.0,16.9,,1013.0,,7.0
2024-08-02,18,21.8,20.3,91.0,0.0,,270.0,11.2,,1013.0,,3.0
2024-08-02,19,20.3,19.3,94.0,0.2,,259.0,17.6,,1012.3,,7.0
2024-08-02,20,19.9,19.1,95.0,0.0,,260.0,17.3,,1011.5,,3.0
2024-08-02,21,19.9,19.1,95.0,0.0,,256.0,17.3,,1010.8,,3.0
2024-08-02,22,19.8,19.0,95.0,0.0,,260.0,17.6,,1010.7,,3.0
2024-08-02,23,19.7,18.9,95.0,0.0,,255.0,18.4,,1010.6,,3.0
2024-08-03,0,20.4,19.6,95.0,0.0,,270.0,9.4,,1010.9,,3.0
2024-08-03,1,19.8,18.8,94.0,0.0,,252.0,19.4,,1011.2,,3.0
2024-08-03,2,20.8,18.7,88.0,0.0,,257.0,22.7,,1011.4,,3.0
2024-08-03,3,21.0,19.8,93.0,0.0,,270.0,9.4,,1011.6,,3.0
2024-08-03,4,23.4,18.7,75.0,0.0,,267.0,28.1,,1011.5,,3.0
2024-08-03,5,24.0,18.9,73.0,0.0,,269.0,26.6,,1011.3,,3.0
2024-08-03,6,24.0,21.1,84.0,0.0,,230.0,7.6,,1011.2,,3.0
2024-08-03,7,25.5,18.9,67.0,0.0,,267.0,24.1,,1010.4,,3.0
2024-08-03,8,26.0,18.9,65.0,0.0,,263.0,23.4,,1009.5,,3.0
2024-08-03,9,26.0,21.2,75.0,0.0,,230.0,9.4,,1008.5,,3.0
2024-08-03,10,24.2,20.1,78.0,2.8,,249.0,19.8,,1008.9,,9.0
2024-08-03,11,23.7,20.4,82.0,0.6,,274.0,18.4,,1008.8,,8.0
2024-08-03,12,25.8,21.0,75.0,0.6,,230.0,9.4,,1009.5,,8.0
2024-08-03,13,22.5,19.7,84.0,0.0,,260.0,15.8,,1010.0,,3.0
2024-08-03,14,22.3,19.7,85.0,0.0,,261.0,16.6,,1011.3,,3.0
2024-08-03,15,24.0,19.5,76.0,0.1,,230.0,9.4,,1012.5,,7.0
2024-08-03,16,21.5,19.2,87.0,0.0,,261.0,14.0,,1013.4,,3.0
2024-08-03,17,21.1,19.4,90.0,0.0,,251.0,12.6,,1014.1,,3.0
2024-08-03,18,22.0,19.4,85.0,0.0,,230.0,7.6,,1013.8,,3.0
2024-08-03,19,20.4,19.4,94.0,0.0,,251.0,14.4,,1012.8,,3.0
2024-08-03,20,20.3,19.5,95.0,0.0,,243.0,14.0,,1012.3,,3.0
2024-08-03,21,21.4,19.0,86.0,0.0,,230.0,9.4,,1011.7,,3.0
2024-08-03,22,19.9,19.6,98.0,0.0,,244.0,15.8,,1011.7,,3.0
2024-08-03,23,19.9,19.6,98.0,0.0,,246.0,16.2,,1011.4,,3.0
2024-08-04,0,20.4,18.0,86.0,0.0,,230.0,7.6,,1011.6,,3.0
2024-08-04,1,19.9,19.6,98.0,0.0,,245.0,16.9,,1011.9,,3.0
2024-08-04,2,20.6,19.6,94.0,0.0,,248.0,20.5,,1012.5,,3.0
2024-08-04,3,22.2,19.7,86.0,0.0,,230.0,9.4,,1012.6,,3.0
2024-08-04,4,24.2,19.1,73.0,0.0,,271.0,22.3,,1012.5,,3.0
2024-08-04,5,25.7,19.1,67.0,0.0,,278.0,22.3,,1012.5,,3.0
2024-08-04,6,25.2,20.2,74.0,0.0,,230.0,11.2,,1011.8,,3.0
2024-08-04,7,26.9,19.3,63.0,0.0,,282.0,20.5,,1011.0,,3.0
2024-08-04,8,27.3,19.6,63.0,0.0,,281.0,18.0,,1009.8,,3.0
2024-08-04,9,27.4,18.1,57.0,0.0,,230.0,9.4,,1008.3,,3.0
2024-08-04,10,27.8,19.3,60.0,0.7,,277.0,18.0,,1007.4,,8.0
2024-08-04,11,26.7,19.3,64.0,0.9,,280.0,16.6,,1007.4,,17.0
2024-08-04,12,26.6,17.4,57.0,0.7,,270.0,9.4,,1008.4,,8.0
2024-08-04,13,24.4,20.5,79.0,0.2,,276.0,11.5,,1009.0,,7.0
2024-08-04,14,23.4,20.2,82.0,0.0,,271.0,12.2,,1010.3,,3.0
2024-08-04,15,25.0,18.0,65.0,0.0,,230.0,7.6,,1012.1,,3.0
2024-08-04,16,22.1,19.3,84.0,0.0,,275.0,12.6,,1012.8,,3.0
2024-08-04,17,21.7,19.3,86.0,0.0,,270.0,13.0,,1013.7,,3.0
2024-08-04,18,23.6,19.1,76.0,0.0,,270.0,7.6,,1013.6,,3.0
2024-08-04,19,20.8,19.5,92.0,0.0,,255.0,11.9,,1013.0,,3.0
2024-08-04,20,19.9,19.1,95.0,0.0,,258.0,12.6,,1011.8,,3.0
2024-08-04,21,22.0,19.4,85.0,0.0,,230.0,5.4,,1011.1,,3.0
2024-08-04,22,19.2,18.9,98.0,0.0,,245.0,12.6,,1011.1,,3.0
2024-08-04,23,19.2,18.9,98.0,0.0,,246.0,12.2,,1011.2,,3.0
2024-08-05,0,21.4,19.3,88.0,0.0,,230.0,5.4,,1011.2,,3.0
2024-08-05,1,19.7,19.4,98.0,0.0,,253.0,12.2,,1011.4,,3.0
2024-08-05,2,21.2,19.3,89.0,0.0,,263.0,16.6,,1011.9,,3.0
2024-08-05,3,22.0,20.3,90.0,0.0,,270.0,7.6,,1012.3,,3.0
2024-08-05,4,24.3,19.2,73.0,0.0,,276.0,18.7,,1012.4,,3.0
2024-08-05,5,25.5,19.2,68.0,0.0,,285.0,18.4,,1012.5,,3.0
2024-08-05,6,25.0,20.3,75.0,0.0,,270.0,7.6,,1012.0,,3.0
2024-08-05,7,27.3,19.6,63.0,0.0,,283.0,14.4,,1011.3,,3.0
2024-08-05,8,27.8,19.9,62.0,0.0,,281.0,13.7,,1010.2,,3.0
2024-08-05,9,28.4,18.8,56.0,0.7,,270.0,9.4,,1008.8,,8.0
2024-08-05,10,24.0,20.1,79.0,3.7,,236.0,13.7,,1008.8,,9.0
2024-08-05,11,23.7,20.0,80.0,0.4,,249.0,11.9,,1008.4,,8.0
2024-08-05,12,27.0,18.0,58.0,0.0,,320.0,7.6,,1008.9,,3.0
2024-08-05,13,21.9,19.6,87.0,4.1,,239.0,20.9,,1010.3,,9.0
2024-08-05,14,21.6,19.9,90.0,0.1,,252.0,12.6,,1011.0,,7.0
2024-08-05,15,23.0,21.8,93.0,0.0,,0.0,0.0,,1012.0,,3.0
2024-08-05,16,21.1,19.9,93.0,0.5,,244.0,13.3,,1012.9,,8.0
2024-08-05,17,21.0,20.0,94.0,0.0,,253.0,15.5,,1013.1,,3.0
2024-08-05,18,21.2,20.0,93.0,0.0,,290.0,7.6,,1013.1,,3.0
2024-08-05,19,20.6,20.3,98.0,0.4,,241.0,10.8,,1012.4,,8.0
2024-08-05,20,20.6,20.3,98.0,0.7,,256.0,13.3,,1011.6,,8.0
2024-08-05,21,21.0,19.8,93.0,0.5,,270.0,5.4,,1010.9,,8.0
2024-08-05,22,20.5,20.0,97.0,0.3,,261.0,13.3,,1010.7,,8.0
2024-08-05,23,20.3,20.0,98.0,0.6,,260.0,16.6,,1010.5,,8.0
2024-08-06,0,21.0,19.8,93.0,0.0,,270.0,5.4,,1010.4,,3.0
2024-08-06,1,20.3,19.8,97.0,0.0,,272.0,11.9,,1010.5,,3.0
2024-08-06,2,21.1,19.7,92.0,0.0,,284.0,15.1,,1011.2,,3.0
2024-08-06,3,21.0,18.6,86.0,0.0,,270.0,7.6,,1011.6,,3.0
2024-08-06,4,23.5,19.6,79.0,0.0,,292.0,16.9,,1011.5,,3.0
2024-08-06,5,25.2,19.6,71.0,0.0,,297.0,18.0,,1011.2,,3.0
2024-08-06,6,23.6,19.3,77.0,0.0,,230.0,7.6,,1010.8,,3.0
2024-08-06,7,26.4,19.3,65.0,0.0,,301.0,14.0,,1010.0,,3.0
2024-08-06,8,26.6,19.7,66.0,0.0,,292.0,14.0,,1009.0,,3.0
2024-08-06,9,27.6,21.2,68.0,0.0,,230.0,7.6,,1008.1,,3.0
2024-08-06,10,25.2,20.9,77.0,1.0,,263.0,12.2,,1007.2,,9.0
2024-08-06,11,24.6,20.1,76.0,0.4,,262.0,15.1,,1007.3,,8.0
2024-08-06,12,22.8,20.1,85.0,0.2,,230.0,5.4,,1008.2,,7.0
2024-08-06,13,22.6,20.3,87.0,0.0,,295.0,10.1,,1008.4,,3.0
2024-08-06,14,21.9,20.7,93.0,0.2,,293.0,7.9,,1010.0,,7.0
2024-08-06,15,21.6,19.9,90.0,0.1,,270.0,7.6,,1011.1,,7.0
2024-08-06,16,21.3,20.3,94.0,0.0,,296.0,7.6,,1011.8,,3.0
2024-08-06,17,21.2,20.4,95.0,0.0,,289.0,7.6,,1012.5,,3.0
2024-08-06,18,20.8,19.3,91.0,0.1,,270.0,7.6,,1012.2,,7.0
2024-08-06,19,20.9,20.2,96.0,0.0,,279.0,7.2,,1011.5,,3.0
2024-08-06,20,20.8,20.3,97.0,0.1,,262.0,8.6,,1011.0,,7.0
2024-08-06,21,20.6,19.4,93.0,0.4,,270.0,3.6,,1010.5,,8.0
2024-08-06,22,20.5,20.3,99.0,0.4,,256.0,10.1,,1009.7,,8.0
2024-08-06,23,20.4,20.1,98.0,0.2,,250.0,10.8,,1009.7,,7.0
2024-08-07,0,20.4,19.2,93.0,0.0,,270.0,3.6,,1009.9,,3.0
2024-08-07,1,20.2,19.9,98.0,0.1,,250.0,14.0,,1010.3,,7.0
2024-08-07,2,20.8,19.6,93.0,0.0,,253.0,15.5,,1011.2,,3.0
2024-08-07,3,21.8,19.2,85.0,0.0,,270.0,5.4,,1011.5,,3.0
2024-08-07,4,23.4,19.5,79.0,0.0,,278.0,18.0,,1011.1,,3.0
2024-08-07,5,24.3,19.6,75.0,0.0,,285.0,16.2,,1011.1,,3.0
2024-08-07,6,23.6,19.5,78.0,0.1,,230.0,5.4,,1010.4,,7.0
2024-08-07,7,27.3,20.4,66.0,0.0,,293.0,15.5,,1009.4,,3.0
2024-08-07,8,27.8,19.6,61.0,0.0,,297.0,16.2,,1008.0,,3.0
2024-08-07,9,25.2,20.2,74.0,1.2,,230.0,5.4,,1008.0,,9.0
2024-08-07,10,25.0,19.8,73.0,6.1,,281.0,16.9,,1007.9,,9.0
2024-08-07,11,23.1,19.7,81.0,0.5,,272.0,13.7,,1008.2,,8.0
2024-08-07,12,24.8,20.5,77.0,0.3,,270.0,7.6,,1008.6,,8.0
2024-08-07,13,21.9,20.2,90.0,0.3,,279.0,13.3,,1009.7,,8.0
2024-08-07,14,21.4,20.2,93.0,0.1,,291.0,9.7,,1010.4,,7.0
2024-08-07,15,22.4,19.4,83.0,0.0,,270.0,5.4,,1012.2,,3.0
2024-08-07,16,20.5,19.8,96.0,0.1,,259.0,9.7,,1012.9,,7.0
2024-08-07,17,20.3,19.6,96.0,0.0,,258.0,10.4,,1013.4,,3.0
2024-08-07,18,22.0,19.5,86.0,0.0,,270.0,5.4,,1013.1,,3.0
2024-08-07,19,19.9,19.6,98.0,0.0,,256.0,10.1,,1012.8,,3.0
2024-08-07,20,19.9,19.6,98.0,0.0,,263.0,11.2,,1011.0,,3.0
2024-08-07,21,21.4,19.0,86.0,0.0,,270.0,5.4,,1010.5,,3.0
2024-08-07,22,19.6,19.4,99.0,0.0,,270.0,12.6,,1010.1,,3.0
2024-08-07,23,19.7,19.4,98.0,0.0,,278.0,13.0,,1010.3,,3.0
2024-08-08,0,21.0,18.6,86.0,0.0,,320.0,3.6,,1011.0,,3.0
2024-08-08,1,19.6,19.3,98.0,0.0,,264.0,13.3,,1011.8,,3.0
2024-08-08,2,20.3,19.1,93.0,0.0,,273.0,15.8,,1012.3,,3.0
2024-08-08,3,22.2,19.7,86.0,0.0,,290.0,5.4,,1012.9,,3.0
2024-08-08,4,23.0,19.0,78.0,0.0,,273.0,18.7,,1013.1,,3.0
2024-08-08,5,23.9,19.0,74.0,0.0,,280.0,17.3,,1013.0,,3.0
2024-08-08,6,25.0,19.6,72.0,0.2,,270.0,9.4,,1011.7,,7.0
2024-08-08,7,26.9,19.3,63.0,0.0,,285.0,15.1,,1010.9,,3.0
2024-08-08,8,27.7,19.0,59.0,0.0,,292.0,15.5,,1009.3,,3.0
2024-08-08,9,26.2,17.3,58.0,0.7,,270.0,7.6,,1008.3,,8.0
2024-08-08,10,27.0,18.8,61.0,0.0,,286.0,15.5,,1007.7,,3.0
2024-08-08,11,26.5,19.4,65.0,0.0,,301.0,11.9,,1007.5,,3.0
2024-08-08,12,25.2,19.8,72.0,0.3,,270.0,7.6,,1008.3,,17.0
2024-08-08,13,22.7,19.9,84.0,0.6,,279.0,16.9,,1010.1,,17.0
2024-08-08,14,21.9,19.8,88.0,0.2,,290.0,13.0,,1011.3,,7.0
2024-08-08,15,24.0,19.7,77.0,0.3,,270.0,7.6,,1012.4,,8.0
2024-08-08,16,20.8,19.8,94.0,1.2,,272.0,12.2,,1013.6,,9.0
2024-08-08,17,20.4,19.7,96.0,0.2,,273.0,10.1,,1013.6,,7.0
2024-08-08,18,22.4,19.4,83.0,0.0,,270.0,16.6,,1013.2,,3.0
2024-08-08,19,20.1,19.8,98.0,0.0,,273.0,11.5,,1012.8,,3.0
2024-08-08,20,20.0,19.7,98.0,0.0,,273.0,11.2,,1012.2,,3.0
2024-08-08,21,21.4,18.6,84.0,0.0,,270.0,7.6,,1011.1,,3.0
2024-08-08,22,20.0,19.5,97.0,0.0,,274.0,13.7,,1010.9,,3.0
2024-08-08,23,19.8,19.5,98.0,0.0,,275.0,13.0,,1011.3,,3.0
2024-08-09,0,21.0,18.6,86.0,0.0,,230.0,7.6,,1011.7,,3.0
2024-08-09,1,19.9,19.4,97.0,0.0,,283.0,12.2,,1012.2,,3.0
2024-08-09,2,20.4,19.6,95.0,0.2,,280.0,15.5,,1012.5,,7.0
2024-08-09,3,21.0,18.2,84.0,0.0,,270.0,7.6,,1013.1,,3.0
2024-08-09,4,23.3,19.2,78.0,0.0,,300.0,19.8,,1013.2,,3.0
2024-08-09,5,24.5,19.3,73.0,0.1,,302.0,16.9,,1012.9,,7.0
2024-08-09,6,25.0,19.4,71.0,0.6,,320.0,5.4,,1012.0,,8.0
2024-08-09,7,26.8,19.4,64.0,0.0,,306.0,16.9,,1010.4,,3.0
2024-08-09,8,27.5,19.3,61.0,0.2,,308.0,16.2,,1009.6,,7.0
2024-08-09,9,27.0,17.5,56.0,0.0,,320.0,5.4,,1008.7,,3.0
2024-08-09,10,28.0,19.0,58.0,0.0,,310.0,15.1,,1007.9,,2.0
2024-08-09,11,27.5,19.0,60.0,0.0,,307.0,15.1,,1007.6,,2.0
2024-08-09,12,27.4,17.6,55.0,1.2,,320.0,5.4,,1008.9,,18.0
2024-08-09,13,23.9,20.8,83.0,0.5,,246.0,14.4,,1009.8,,8.0
2024-08-09,14,21.3,20.5,95.0,6.3,,247.0,16.2,,1011.7,,9.0
2024-08-09,15,25.0,20.7,77.0,0.3,,320.0,5.4,,1012.7,,8.0
2024-08-09,16,21.0,20.2,95.0,0.8,,287.0,13.0,,1013.0,,8.0
2024-08-09,17,20.8,20.0,95.0,1.0,,296.0,9.4,,1013.5,,9.0
2024-08-09,18,24.0,21.1,84.0,0.0,,270.0,5.4,,1013.6,,3.0
2024-08-09,19,20.7,20.4,98.0,0.2,,257.0,7.6,,1013.1,,7.0
2024-08-09,20,20.6,20.3,98.0,0.2,,266.0,9.7,,1012.5,,7.0
2024-08-09,21,20.6,20.3,98.0,0.1,,277.0,11.5,,1012.0,,7.0
2024-08-09,22,20.6,20.3,98.0,0.2,,274.0,10.8,,1011.8,,7.0
2024-08-09,23,20.6,20.1,97.0,0.0,,292.0,9.4,,1011.5,,3.0
2024-08-10,0,21.8,20.6,93.0,0.0,,230.0,5.4,,1011.5,,3.0
2024-08-10,1,20.5,20.0,97.0,0.0,,269.0,11.9,,1012.4,,3.0
2024-08-10,2,20.8,20.0,95.0,0.1,,282.0,15.8,,1013.0,,7.0
2024-08-10,3,21.6,19.2,86.0,0.0,,320.0,9.4,,1013.2,,3.0
2024-08-10,4,22.9,20.1,84.0,0.2,,287.0,14.4,,1013.6,,7.0
2024-08-10,5,24.5,20.2,77.0,0.3,,312.0,15.1,,1013.0,,8.0
2024-08-10,6,23.4,19.8,80.0,0.2,,230.0,5.4,,1011.7,,17.0
2024-08-10,7,27.4,20.7,67.0,0.0,,319.0,14.4,,1010.9,,3.0
2024-08-10,8,27.4,20.2,65.0,0.0,,317.0,13.0,,1009.7,,3.0
2024-08-10,9,26.4,20.5,70.0,0.0,,270.0,5.4,,1008.9,,3.0
2024-08-10,10,26.3,19.9,68.0,0.3,,317.0,16.9,,1008.5,,8.0
2024-08-10,11,26.3,19.7,67.0,0.0,,311.0,15.8,,1008.3,,3.0
2024-08-10,12,26.2,21.6,76.0,0.0,,0.0,0.0,,1008.3,,3.0
2024-08-10,13,24.3,19.8,76.0,0.0,,296.0,6.5,,1008.2,,3.0
2024-08-10,14,23.2,20.0,82.0,0.0,,281.0,6.8,,1009.3,,3.0
2024-08-10,15,24.8,19.6,73.0,0.0,,0.0,0.0,,1010.4,,3.0
2024-08-10,16,22.5,19.9,85.0,0.0,,277.0,9.7,,1011.7,,3.0
2024-08-10,17,22.1,19.8,87.0,0.0,,284.0,10.4,,1012.3,,3.0
2024-08-10,18,23.8,20.9,84.0,0.3,,0.0,0.0,,1012.4,,8.0
2024-08-10,19,20.5,19.5,94.0,4.7,,306.0,14.0,,1012.3,,9.0
2024-08-10,20,20.4,19.4,94.0,0.2,,286.0,10.1,,1011.6,,7.0
2024-08-10,21,22.4,20.3,88.0,1.2,,0.0,0.0,,1011.0,,9.0
2024-08-10,22,20.2,19.5,96.0,0.0,,278.0,10.1,,1010.2,,3.0
2024-08-10,23,19.9,19.6,98.0,0.0,,309.0,12.6,,1010.1,,3.0
2024-08-11,0,22.2,20.5,90.0,0.0,,0.0,0.0,,1009.9,,3.0
2024-08-11,1,20.9,19.7,93.0,0.0,,306.0,13.3,,1010.1,,3.0
2024-08-11,2,21.7,19.6,88.0,0.0,,306.0,16.6,,1011.0,,3.0
2024-08-11,3,23.4,20.2,82.0,0.0,,320.0,5.4,,1011.3,,3.0
2024-08-11,4,24.1,19.6,76.0,0.1,,309.0,15.8,,1011.1,,7.0
2024-08-11,5,25.7,19.6,69.0,0.1,,320.0,15.1,,1010.6,,7.0
2024-08-11,6,26.4,19.3,65.0,0.2,,320.0,5.4,,1010.0,,7.0
2024-08-11,7,27.8,19.6,61.0,0.1,,324.0,14.0,,1008.8,,17.0
2024-08-11,8,28.2,19.4,59.0,0.1,,329.0,14.4,,1007.3,,17.0
2024-08-11,9,29.8,18.9,52.0,0.0,,320.0,7.6,,1006.1,,3.0
2024-08-11,10,27.4,20.7,67.0,0.3,,327.0,13.0,,1006.2,,17.0
2024-08-11,11,26.5,20.4,69.0,0.2,,342.0,14.0,,1005.5,,17.0
2024-08-11,12,27.6,19.4,61.0,0.0,,320.0,7.6,,1005.1,,3.0
2024-08-11,13,25.1,20.4,75.0,0.0,,348.0,6.1,,1005.8,,3.0
2024-08-11,14,23.3,20.4,84.0,2.2,,61.0,10.4,,1007.2,,9.0
2024-08-11,15,25.8,19.9,70.0,6.3,,320.0,9.4,,1009.4,,9.0
2024-08-11,16,21.7,20.7,94.0,3.2,,103.0,8.3,,1009.7,,9.0
2024-08-11,17,21.2,20.4,95.0,1.4,,227.0,12.2,,1011.1,,9.0
2024-08-11,18,25.0,19.8,73.0,1.1,,320.0,3.6,,1011.1,,9.0
2024-08-11,19,20.8,19.8,94.0,1.1,,248.0,8.6,,1011.0,,9.0
2024-08-11,20,21.4,19.3,88.0,0.5,,309.0,9.4,,1009.2,,8.0
2024-08-11,21,21.1,19.7,92.0,0.0,,328.0,9.7,,1008.7,,3.0
2024-08-11,22,20.8,20.0,95.0,0.0,,334.0,10.1,,1008.3,,3.0
2024-08-11,23,20.6,20.1,97.0,0.0,,333.0,8.3,,1008.6,,3.0
2024-08-12,0,20.2,19.9,98.0,0.0,,344.0,8.6,,1009.0,,3.0
2024-08-12,1,20.1,19.8,98.0,0.0,,274.0,3.6,,1009.2,,3.0
2024-08-12,2,21.4,20.4,94.0,0.0,,318.0,6.5,,1009.5,,3.0
2024-08-12,3,23.7,20.2,81.0,0.0,,347.0,14.0,,1009.7,,3.0
2024-08-12,4,25.5,20.1,72.0,0.0,,355.0,13.3,,1009.7,,3.0
2024-08-12,5,26.9,19.8,65.0,0.0,,353.0,11.9,,1009.1,,3.0
2024-08-12,6,27.8,19.3,60.0,0.0,,352.0,12.2,,1008.1,,3.0
2024-08-12,7,28.2,19.4,59.0,0.0,,340.0,10.4,,1007.6,,3.0
2024-08-12,8,28.6,19.5,58.0,0.1,,341.0,10.1,,1006.8,,17.0
2024-08-12,9,29.0,19.3,56.0,0.0,,351.0,10.8,,1005.5,,2.0
2024-08-12,10,29.0,19.3,56.0,0.0,,354.0,10.4,,1004.6,,2.0
2024-08-12,11,28.0,19.2,59.0,0.2,,342.0,10.8,,1004.7,,17.0
2024-08-12,12,26.0,20.1,70.0,0.4,,315.0,12.6,,1005.5,,17.0
2024-08-12,13,24.4,20.9,81.0,0.7,,350.0,11.5,,1006.5,,17.0
2024-08-12,14,23.4,20.9,86.0,0.6,,290.0,10.8,,1007.4,,17.0
2024-08-12,15,21.7,20.3,92.0,5.1,,262.0,13.3,,1009.1,,18.0
2024-08-12,16,21.4,20.4,94.0,1.1,,103.0,15.1,,1009.9,,9.0
2024-08-12,17,21.4,20.7,96.0,0.2,,129.0,9.7,,1010.8,,7.0
2024-08-12,18,20.4,19.9,97.0,4.4,,121.0,12.2,,1011.7,,9.0
2024-08-12,19,20.3,19.8,97.0,1.3,,147.0,7.6,,1011.3,,9.0
2024-08-12,20,20.2,19.7,97.0,0.2,,190.0,4.7,,1010.7,,7.0
2024-08-12,21,22.8,21.3,91.0,0.0,,0.0,0.0,,1009.7,,3.0
2024-08-12,22,20.7,20.0,96.0,0.8,,314.0,4.7,,1009.4,,8.0
2024-08-12,23,20.5,19.8,96.0,0.0,,8.0,6.8,,1009.4,,3.0
2024-08-13,0,23.2,20.5,85.0,0.4,,0.0,0.0,,1009.9,,8.0
2024-08-13,1,20.2,19.9,98.0,0.6,,67.0,8.3,,1009.7,,8.0
2024-08-13,2,21.1,19.9,93.0,0.0,,357.0,6.1,,1010.2,,3.0
2024-08-13,3,24.0,21.3,85.0,0.0,,270.0,3.6,,1010.2,,3.0
2024-08-13,4,25.4,20.2,73.0,0.0,,16.0,15.8,,1009.9,,3.0
2024-08-13,5,26.9,19.8,65.0,0.0,,34.0,16.2,,1009.5,,2.0
2024-08-13,6,28.6,19.3,57.0,0.1,,270.0,3.6,,1008.8,,17.0
2024-08-13,7,28.2,20.2,62.0,0.0,,61.0,10.1,,1008.3,,3.0
2024-08-13,8,28.7,20.2,60.0,0.0,,62.0,10.4,,1007.2,,3.0
2024-08-13,9,29.0,16.9,48.0,0.0,,320.0,5.4,,1005.9,,3.0
2024-08-13,10,27.3,20.6,67.0,0.3,,78.0,13.3,,1005.8,,8.0
2024-08-13,11,26.1,20.4,71.0,0.9,,73.0,11.2,,1006.0,,8.0
2024-08-13,12,28.6,20.4,71.0,0.0,,90.0,5.4,,1006.0,,3.0
2024-08-13,13,24.8,21.3,81.0,0.0,,111.0,5.0,,1007.1,,3.0
2024-08-13,14,24.0,21.1,84.0,0.0,,132.0,5.8,,1007.8,,3.0
2024-08-13,15,26.4,21.6,75.0,0.0,,90.0,5.4,,1009.0,,2.0
2024-08-13,16,21.4,20.4,94.0,1.0,,256.0,13.3,,1011.3,,18.0
2024-08-13,17,21.2,20.5,96.0,0.5,,210.0,9.0,,1011.3,,8.0
2024-08-13,18,25.0,22.1,84.0,0.0,,90.0,5.4,,1011.3,,3.0
2024-08-13,19,20.9,20.1,95.0,0.1,,352.0,5.0,,1010.4,,7.0
2024-08-13,20,20.8,20.5,98.0,0.0,,313.0,7.2,,1009.8,,3.0
2024-08-13,21,23.4,22.0,92.0,0.0,,160.0,9.4,,1008.9,,3.0
2024-08-13,22,20.7,20.2,97.0,0.0,,324.0,9.0,,1008.4,,3.0
2024-08-13,23,21.3,20.6,96.0,0.0,,20.0,5.4,,1008.1,,3.0
2024-08-14,0,23.4,21.3,88.0,0.0,,0.0,0.0,,1008.5,,3.0
2024-08-14,1,21.2,20.5,96.0,0.0,,357.0,6.1,,1009.2,,3.0
2024-08-14,2,22.0,20.6,92.0,0.0,,8.0,7.2,,1009.6,,3.0
2024-08-14,3,23.6,20.9,85.0,0.0,,0.0,0.0,,1009.9,,3.0
2024-08-14,4,25.0,20.3,75.0,0.0,,53.0,6.1,,1009.6,,3.0
2024-08-14,5,26.7,19.8,66.0,0.0,,67.0,8.6,,1009.0,,3.0
2024-08-14,6,27.6,20.2,64.0,0.0,,50.0,3.6,,1008.6,,3.0
2024-08-14,7,28.5,19.7,59.0,0.1,,79.0,10.4,,1007.9,,7.0
2024-08-14,8,28.7,19.6,58.0,0.2,,76.0,11.5,,1006.8,,7.0
2024-08-14,9,30.8,20.4,54.0,0.2,,50.0,5.4,,1005.6,,7.0
2024-08-14,10,28.6,19.5,58.0,0.2,,78.0,11.2,,1004.7,,7.0
2024-08-14,11,28.4,19.1,57.0,0.0,,98.0,12.6,,1004.3,,3.0
2024-08-14,12,29.4,18.5,52.0,0.0,,140.0,5.4,,1004.5,,3.0
2024-08-14,13,25.8,19.9,70.0,0.0,,148.0,6.8,,1005.8,,3.0
2024-08-14,14,24.9,19.7,73.0,0.0,,143.0,10.4,,1007.0,,3.0
2024-08-14,15,26.8,20.4,68.0,0.0,,140.0,3.6,,1007.9,,3.0
2024-08-14,16,23.8,19.7,78.0,0.0,,113.0,9.7,,1008.8,,3.0
2024-08-14,17,23.0,20.2,84.0,0.2,,79.0,10.8,,1010.0,,7.0
2024-08-14,18,25.2,22.9,87.0,1.1,,140.0,5.4,,1010.1,,9.0
2024-08-14,19,22.0,20.5,91.0,0.6,,188.0,9.7,,1009.7,,8.0
2024-08-14,20,21.9,20.5,92.0,0.0,,178.0,8.3,,1008.8,,3.0
2024-08-14,21,24.4,22.5,89.0,0.0,,90.0,5.4,,1008.3,,3.0
2024-08-14,22,21.8,20.6,93.0,0.0,,233.0,6.1,,1007.7,,3.0
2024-08-14,23,21.9,20.5,92.0,0.0,,234.0,5.8,,1007.6,,3.0
2024-08-15,0,23.8,22.1,90.0,0.0,,140.0,3.6,,1007.8,,3.0
2024-08-15,1,21.9,20.7,93.0,0.0,,209.0,5.4,,1007.6,,3.0
2024-08-15,2,22.5,21.0,91.0,0.0,,236.0,4.3,,1008.2,,3.0
2024-08-15,3,25.4,21.9,81.0,0.0,,230.0,5.4,,1008.6,,3.0
2024-08-15,4,25.6,20.6,74.0,0.0,,22.0,4.7,,1008.5,,3.0
2024-08-15,5,27.2,20.3,66.0,0.0,,44.0,7.2,,1008.3,,3.0
2024-08-15,6,26.6,22.0,76.0,0.2,,230.0,5.4,,1007.9,,7.0
2024-08-15,7,28.3,20.1,61.0,0.2,,54.0,9.0,,1007.1,,7.0
2024-08-15,8,28.6,19.8,59.0,0.2,,48.0,8.3,,1005.8,,7.0
2024-08-15,9,28.8,19.7,58.0,0.0,,68.0,3.6,,1004.9,,3.0
2024-08-15,10,28.6,20.1,60.0,0.2,,75.0,8.6,,1004.1,,17.0
2024-08-15,11,28.0,20.6,64.0,0.7,,108.0,7.9,,1003.8,,8.0
2024-08-15,12,27.2,22.6,76.0,0.6,,161.0,3.6,,1004.3,,8.0
2024-08-15,13,25.2,21.5,80.0,0.3,,140.0,5.8,,1005.6,,8.0
2024-08-15,14,23.2,21.5,90.0,2.6,,207.0,11.9,,1007.3,,9.0
2024-08-15,15,25.2,22.1,83.0,0.7,,0.0,0.0,,1007.8,,8.0
2024-08-15,16,22.0,20.6,92.0,0.0,,271.0,7.2,,1008.7,,3.0
2024-08-15,17,21.6,20.9,96.0,0.0,,272.0,7.2,,1009.6,,3.0
2024-08-15,18,25.0,22.1,84.0,0.0,,0.0,0.0,,1009.1,,3.0
2024-08-15,19,21.1,20.8,98.0,0.0,,305.0,4.7,,1008.6,,3.0
2024-08-15,20,20.8,20.5,98.0,0.0,,300.0,5.0,,1008.0,,3.0
2024-08-15,21,25.0,22.1,84.0,0.0,,0.0,0.0,,1006.4,,3.0
2024-08-15,22,20.9,20.1,95.0,0.0,,156.0,5.4,,1005.9,,3.0
2024-08-15,23,21.4,20.0,92.0,0.0,,237.0,5.0,,1006.0,,3.0
2024-08-16,0,24.0,21.3,85.0,0.0,,180.0,3.6,,1006.1,,3.0
2024-08-16,1,20.7,20.0,96.0,0.0,,268.0,4.0,,1006.7,,3.0
2024-08-16,2,22.9,21.2,90.0,0.0,,245.0,5.0,,1007.3,,3.0
2024-08-16,3,24.6,22.3,87.0,0.1,,286.0,3.6,,1008.2,,17.0
2024-08-16,4,24.8,21.3,81.0,0.3,,312.0,5.8,,1008.6,,8.0
2024-08-16,5,26.3,20.8,72.0,0.2,,351.0,4.0,,1008.0,,7.0
2024-08-16,6,27.8,23.0,75.0,0.0,,332.0,3.6,,1007.7,,3.0
2024-08-16,7,28.7,21.0,63.0,0.0,,132.0,3.2,,1005.8,,3.0
2024-08-16,8,28.6,20.3,61.0,0.0,,95.0,10.8,,1004.5,,3.0
2024-08-16,9,30.4,22.0,61.0,0.2,,285.0,3.6,,1003.9,,7.0
2024-08-16,10,27.8,21.1,67.0,0.0,,358.0,11.9,,1003.1,,3.0
2024-08-16,11,25.9,20.9,74.0,0.6,,96.0,11.5,,1003.1,,8.0
2024-08-16,12,25.0,23.2,90.0,0.2,,164.0,3.6,,1004.1,,7.0
2024-08-16,13,22.6,21.1,91.0,8.3,,211.0,13.3,,1006.5,,9.0
2024-08-16,14,22.0,21.2,95.0,6.2,,215.0,12.6,,1007.8,,9.0
2024-08-16,15,23.8,21.9,89.0,1.2,,0.0,0.0,,1008.8,,9.0
2024-08-16,16,21.5,21.0,97.0,1.1,,181.0,11.5,,1009.5,,9.0
2024-08-16,17,21.7,20.9,95.0,0.2,,222.0,9.7,,1009.7,,7.0
2024-08-16,18,23.6,21.5,88.0,2.2,,0.0,0.0,,1010.2,,9.0
2024-08-16,19,21.0,20.2,95.0,0.3,,288.0,7.9,,1008.9,,8.0
2024-08-16,20,20.6,20.3,98.0,0.0,,254.0,4.7,,1008.4,,3.0
2024-08-16,21,23.6,22.0,91.0,0.0,,217.0,3.6,,1007.8,,3.0
2024-08-16,22,20.6,20.4,99.0,0.0,,34.0,5.0,,1007.4,,3.0
2024-08-16,23,19.8,19.8,100.0,0.0,,5.0,5.0,,1007.4,,3.0
2024-08-17,0,23.2,21.6,91.0,0.0,,0.0,0.0,,1007.2,,3.0
2024-08-17,1,19.9,19.9,100.0,0.0,,70.0,4.0,,1007.6,,5.0
2024-08-17,2,21.4,20.6,95.0,0.0,,130.0,6.1,,1008.0,,5.0
2024-08-17,3,25.0,22.7,87.0,0.0,,172.0,3.6,,1008.5,,3.0
2024-08-17,4,25.0,21.1,79.0,0.0,,192.0,6.5,,1008.9,,3.0
2024-08-17,5,25.9,20.9,74.0,0.1,,190.0,7.9,,1008.8,,7.0
2024-08-17,6,27.6,21.4,69.0,0.3,,182.0,3.6,,1008.2,,8.0
2024-08-17,7,27.4,21.0,68.0,0.4,,174.0,7.9,,1007.8,,8.0
2024-08-17,8,27.7,21.0,67.0,0.4,,162.0,7.2,,1006.5,,8.0
2024-08-17,9,28.6,18.4,54.0,0.1,,0.0,0.0,,1005.2,,7.0
2024-08-17,10,28.6,21.1,64.0,0.0,,248.0,5.0,,1004.7,,3.0
2024-08-17,11,27.4,21.0,68.0,0.4,,130.0,5.4,,1004.4,,8.0
2024-08-17,12,28.0,18.4,56.0,0.1,,90.0,3.6,,1004.8,,7.0
2024-08-17,13,24.5,21.2,82.0,0.3,,155.0,13.3,,1005.9,,8.0
2024-08-17,14,22.8,20.7,88.0,0.1,,181.0,7.6,,1007.6,,7.0
2024-08-17,15,26.2,21.2,74.0,0.5,,0.0,0.0,,1009.3,,17.0
2024-08-17,16,22.3,21.3,94.0,0.2,,261.0,6.1,,1009.8,,17.0
2024-08-17,17,22.0,21.3,96.0,0.0,,221.0,7.6,,1010.7,,3.0
2024-08-17,18,24.4,21.1,82.0,0.0,,230.0,5.4,,1010.8,,3.0
2024-08-17,19,20.6,20.1,97.0,0.0,,255.0,3.2,,1009.8,,3.0
2024-08-17,20,20.1,19.8,98.0,0.0,,341.0,4.3,,1009.3,,3.0
2024-08-17,21,23.6,20.9,85.0,0.0,,230.0,3.6,,1008.5,,3.0
2024-08-17,22,19.8,19.6,99.0,0.0,,267.0,3.6,,1008.3,,3.0
2024-08-17,23,19.7,19.7,100.0,0.0,,265.0,5.4,,1008.2,,3.0
2024-08-18,0,22.7,20.0,85.0,0.0,,230.0,5.4,,1008.1,,3.0
2024-08-18,1,19.6,19.6,100.0,0.0,,308.0,5.0,,1008.6,,5.0
2024-08-18,2,21.2,20.0,93.0,0.0,,298.0,5.0,,1009.3,,5.0
2024-08-18,3,23.4,20.2,82.0,0.0,,230.0,3.6,,1009.6,,3.0
2024-08-18,4,25.3,20.5,75.0,0.0,,330.0,5.8,,1009.6,,3.0
2024-08-18,5,26.4,20.0,68.0,0.0,,303.0,2.9,,1009.7,,3.0
2024-08-18,6,27.0,21.3,71.0,0.0,,230.0,3.6,,1009.3,,3.0
2024-08-18,7,28.2,20.0,61.0,0.2,,112.0,5.4,,1008.6,,7.0
2024-08-18,8,28.7,20.4,61.0,0.0,,130.0,6.1,,1007.5,,3.0
2024-08-18,9,28.4,20.9,64.0,0.0,,320.0,3.6,,1006.4,,3.0
2024-08-18,10,28.9,19.5,57.0,0.0,,155.0,3.2,,1005.8,,3.0
2024-08-18,11,28.7,19.6,58.0,0.0,,170.0,3.6,,1005.1,,3.0
2024-08-18,12,25.0,22.1,84.0,0.0,,50.0,5.4,,1004.9,,2.0
2024-08-18,13,26.1,21.3,75.0,0.0,,198.0,7.6,,1005.9,,2.0
2024-08-18,14,23.8,19.9,79.0,0.1,,207.0,21.6,,1008.4,,17.0
2024-08-18,15,23.8,21.1,85.0,0.0,,50.0,3.6,,1009.4,,3.0
2024-08-18,16,22.8,20.5,87.0,0.0,,219.0,2.9,,1010.5,,3.0
2024-08-18,17,22.7,20.6,88.0,0.0,,251.0,4.3,,1010.7,,3.0
2024-08-18,18,23.0,21.3,90.0,0.0,,0.0,0.0,,1010.3,,3.0
2024-08-18,19,21.4,20.6,95.0,0.0,,266.0,6.1,,1010.2,,3.0
2024-08-18,20,22.0,20.3,90.0,0.0,,199.0,5.0,,1008.5,,3.0
2024-08-18,21,22.4,20.9,91.0,0.3,,0.0,0.0,,1008.3,,17.0
2024-08-18,22,20.8,20.3,97.0,2.9,,96.0,7.9,,1008.6,,9.0
2024-08-18,23,20.5,20.2,98.0,0.4,,44.0,6.1,,1008.8,,17.0
2024-08-19,0,22.6,20.9,90.0,0.3,,0.0,0.0,,1008.2,,8.0
2024-08-19,1,21.1,20.6,97.0,0.0,,171.0,6.1,,1008.1,,3.0
2024-08-19,2,22.7,21.0,90.0,0.0,,182.0,5.8,,1008.6,,3.0
2024-08-19,3,24.2,21.9,87.0,0.0,,0.0,0.0,,1008.6,,3.0
2024-08-19,4,25.8,21.0,75.0,0.1,,230.0,7.6,,1008.9,,17.0
2024-08-19,5,26.7,21.2,72.0,0.2,,253.0,4.0,,1008.9,,7.0
2024-08-19,6,26.0,22.3,80.0,0.0,,0.0,0.0,,1008.3,,3.0
2024-08-19,7,28.5,21.8,67.0,0.0,,26.0,3.2,,1007.5,,3.0
2024-08-19,8,27.5,20.8,67.0,2.0,,148.0,9.0,,1006.4,,9.0
2024-08-19,9,29.8,20.1,56.0,8.5,,230.0,3.6,,1005.5,,9.0
2024-08-19,10,26.0,21.9,78.0,0.3,,220.0,8.6,,1004.5,,8.0
2024-08-19,11,25.8,21.0,75.0,0.4,,240.0,4.0,,1004.8,,17.0
2024-08-19,12,25.2,22.9,87.0,1.0,,0.0,0.0,,1005.0,,18.0
2024-08-19,13,22.9,21.2,90.0,5.2,,195.0,7.9,,1006.8,,9.0
2024-08-19,14,22.1,20.7,92.0,8.7,,194.0,13.7,,1008.9,,9.0
2024-08-19,15,24.4,22.1,87.0,1.1,,230.0,3.6,,1008.4,,9.0
2024-08-19,16,21.9,21.2,96.0,0.2,,245.0,10.4,,1010.2,,17.0
2024-08-19,17,21.5,20.8,96.0,0.2,,245.0,5.4,,1010.9,,7.0
2024-08-19,18,22.8,20.7,88.0,0.0,,230.0,5.4,,1009.9,,3.0
2024-08-19,19,21.3,20.8,97.0,0.0,,281.0,6.1,,1009.1,,3.0
2024-08-19,20,20.8,20.5,98.0,0.0,,255.0,5.8,,1008.6,,3.0
2024-08-19,21,22.0,19.9,88.0,0.0,,230.0,5.4,,1007.9,,3.0
2024-08-19,22,20.2,20.0,99.0,0.0,,283.0,5.0,,1007.5,,3.0
2024-08-19,23,20.0,20.0,100.0,0.0,,268.0,5.8,,1007.7,,3.0
2024-08-20,0,22.0,19.9,88.0,0.0,,230.0,3.6,,1007.7,,3.0
2024-08-20,1,20.7,20.4,98.0,0.0,,264.0,7.9,,1008.1,,5.0
2024-08-20,2,21.7,20.3,92.0,0.0,,293.0,9.4,,1008.6,,5.0
2024-08-20,3,24.5,22.2,87.0,0.0,,0.0,0.0,,1009.1,,3.0
2024-08-20,4,24.7,20.4,77.0,0.0,,321.0,8.3,,1008.9,,3.0
2024-08-20,5,25.9,20.5,72.0,0.0,,334.0,4.0,,1008.6,,3.0
2024-08-20,6,27.6,20.7,66.0,0.0,,0.0,0.0,,1008.4,,3.0
2024-08-20,7,27.9,21.0,66.0,0.0,,83.0,2.9,,1007.8,,3.0
2024-08-20,8,28.3,21.3,66.0,0.0,,184.0,4.0,,1006.2,,3.0
2024-08-20,9,28.4,19.9,60.0,0.0,,0.0,0.0,,1005.1,,3.0
2024-08-20,10,28.7,21.0,63.0,0.0,,114.0,8.3,,1004.5,,3.0
2024-08-20,11,27.9,20.7,65.0,0.1,,110.0,8.3,,1004.3,,7.0
2024-08-20,12,24.6,22.3,87.0,1.2,,144.0,3.6,,1005.5,,9.0
2024-08-20,13,24.2,21.3,84.0,0.8,,192.0,7.9,,1006.5,,17.0
2024-08-20,14,22.4,21.2,93.0,3.4,,226.0,13.0,,1008.6,,18.0
2024-08-20,15,23.4,20.9,86.0,1.9,,175.0,3.6,,1009.9,,18.0
2024-08-20,16,22.0,20.8,93.0,0.4,,215.0,6.5,,1010.8,,17.0
2024-08-20,17,21.6,20.6,94.0,0.8,,175.0,10.4,,1011.6,,8.0
2024-08-20,18,23.0,20.9,88.0,0.0,,0.0,0.0,,1011.1,,3.0
2024-08-20,19,20.8,20.3,97.0,0.0,,200.0,5.0,,1010.7,,3.0
2024-08-20,20,20.4,20.1,98.0,0.0,,193.0,4.7,,1010.2,,3.0
2024-08-20,21,22.8,21.6,93.0,0.0,,0.0,0.0,,1009.4,,3.0
2024-08-20,22,20.4,20.2,99.0,0.0,,203.0,4.3,,1008.9,,3.0
2024-08-20,23,20.7,20.4,98.0,0.0,,201.0,9.7,,1008.7,,3.0
2024-08-21,0,22.4,21.2,93.0,0.0,,198.0,3.6,,1009.1,,3.0
2024-08-21,1,20.9,20.4,97.0,0.0,,217.0,9.4,,1009.2,,3.0
2024-08-21,2,21.7,20.2,91.0,0.0,,219.0,11.2,,1010.3,,3.0
2024-08-21,3,22.6,20.5,88.0,0.0,,230.0,5.4,,1010.8,,3.0
2024-08-21,4,24.4,20.5,79.0,0.0,,189.0,9.7,,1011.1,,3.0
2024-08-21,5,25.9,20.9,74.0,0.0,,178.0,10.4,,1010.7,,3.0
2024-08-21,6,27.2,21.7,72.0,0.0,,180.0,3.6,,1010.0,,3.0
2024-08-21,7,27.8,21.1,67.0,0.0,,170.0,13.3,,1008.9,,3.0
2024-08-21,8,26.2,20.5,71.0,1.0,,173.0,17.6,,1008.1,,9.0
2024-08-21,9,26.4,18.3,61.0,0.4,,180.0,5.4,,1006.8,,8.0
2024-08-21,10,27.1,19.7,64.0,0.2,,202.0,19.8,,1006.3,,17.0
2024-08-21,11,24.2,20.5,80.0,0.2,,224.0,23.8,,1007.1,,7.0
2024-08-21,12,26.4,19.5,66.0,0.0,,230.0,9.4,,1007.1,,3.0
2024-08-21,13,24.0,19.9,78.0,0.0,,214.0,17.6,,1007.7,,3.0
2024-08-21,14,22.5,19.3,82.0,0.0,,230.0,18.0,,1008.8,,3.0
2024-08-21,15,23.2,18.5,75.0,0.0,,230.0,11.2,,1009.6,,3.0
2024-08-21,16,22.0,18.4,80.0,0.0,,226.0,24.8,,1010.7,,3.0
2024-08-21,17,21.8,18.4,81.0,0.0,,221.0,23.0,,1011.5,,3.0
2024-08-21,18,22.0,19.0,83.0,0.0,,230.0,11.2,,1011.3,,3.0
2024-08-21,19,20.7,18.6,88.0,0.0,,236.0,19.8,,1010.5,,3.0
2024-08-21,20,20.2,18.9,92.0,0.0,,237.0,19.4,,1010.4,,3.0
2024-08-21,21,21.4,18.6,84.0,0.0,,230.0,11.2,,1009.8,,3.0
2024-08-21,22,20.1,18.9,93.0,0.0,,238.0,20.5,,1009.3,,3.0
2024-08-21,23,20.1,18.8,92.0,0.0,,237.0,20.2,,1009.9,,3.0
2024-08-22,0,20.6,18.4,87.0,0.0,,230.0,9.4,,1010.0,,3.0
2024-08-22,1,20.1,18.8,92.0,0.0,,231.0,17.6,,1010.4,,3.0
2024-08-22,2,21.6,18.8,84.0,0.0,,234.0,20.5,,1011.0,,3.0
2024-08-22,3,22.6,19.6,83.0,0.0,,230.0,9.4,,1011.6,,3.0
2024-08-22,4,24.0,19.1,74.0,0.0,,236.0,24.8,,1011.6,,3.0
2024-08-22,5,24.5,19.6,74.0,0.2,,235.0,24.1,,1011.8,,7.0
2024-08-22,6,26.0,18.9,65.0,0.0,,230.0,16.6,,1011.6,,3.0
2024-08-22,7,26.3,19.4,66.0,0.1,,234.0,21.6,,1010.8,,7.0
2024-08-22,8,26.5,20.1,68.0,0.2,,231.0,19.4,,1009.8,,7.0
2024-08-22,9,27.6,18.0,56.0,0.9,,230.0,9.4,,1008.9,,8.0
2024-08-22,10,27.4,18.7,59.0,2.8,,230.0,18.4,,1007.6,,9.0
2024-08-22,11,26.7,18.8,62.0,0.0,,224.0,18.0,,1007.4,,3.0
2024-08-22,12,27.6,18.3,57.0,0.3,,270.0,5.4,,1008.3,,8.0
2024-08-22,13,23.9,19.6,77.0,0.0,,233.0,14.8,,1009.4,,3.0
2024-08-22,14,22.8,19.6,82.0,0.0,,228.0,9.7,,1010.5,,3.0
2024-08-22,15,25.8,18.5,64.0,0.0,,230.0,9.4,,1011.6,,3.0
2024-08-22,16,21.5,20.1,92.0,0.0,,206.0,6.8,,1012.6,,3.0
2024-08-22,17,21.5,20.0,91.0,0.0,,221.0,8.3,,1013.2,,3.0
2024-08-22,18,24.4,19.9,76.0,0.0,,230.0,7.6,,1013.1,,3.0
2024-08-22,19,20.9,19.7,93.0,0.0,,240.0,14.0,,1012.5,,3.0
2024-08-22,20,20.3,19.1,93.0,0.0,,243.0,11.9,,1011.9,,3.0
2024-08-22,21,22.5,20.0,86.0,0.0,,230.0,9.4,,1011.4,,3.0
2024-08-22,22,19.5,19.0,97.0,0.0,,236.0,13.3,,1010.8,,3.0
2024-08-22,23,19.3,19.0,98.0,0.0,,228.0,13.0,,1011.0,,3.0
2024-08-23,0,22.0,19.5,86.0,0.0,,230.0,7.6,,1011.3,,2.0
2024-08-23,1,19.7,19.2,97.0,0.0,,229.0,13.0,,1011.3,,3.0
2024-08-23,2,21.0,19.5,91.0,0.0,,233.0,16.6,,1012.1,,3.0
2024-08-23,3,23.2,20.5,85.0,0.0,,232.0,3.6,,1012.8,,3.0
2024-08-23,4,24.3,19.4,74.0,0.0,,228.0,18.7,,1012.6,,3.0
2024-08-23,5,25.7,18.9,66.0,0.0,,230.0,21.2,,1012.4,,3.0
2024-08-23,6,26.8,19.4,64.0,0.0,,230.0,7.6,,1012.1,,3.0
2024-08-23,7,26.9,19.3,63.0,0.0,,236.0,20.5,,1011.5,,3.0
2024-08-23,8,27.0,19.4,63.0,0.0,,241.0,18.4,,1010.6,,3.0
2024-08-23,9,28.4,18.5,55.0,0.0,,230.0,14.8,,1009.7,,3.0
2024-08-23,10,27.2,19.5,63.0,0.0,,237.0,15.1,,1008.9,,3.0
2024-08-23,11,27.2,19.0,61.0,0.0,,234.0,16.9,,1008.4,,3.0
2024-08-23,12,27.6,18.6,58.0,0.0,,230.0,9.4,,1008.7,,3.0
2024-08-23,13,25.0,19.8,73.0,0.0,,224.0,10.4,,1009.3,,3.0
2024-08-23,14,23.9,19.8,78.0,0.0,,212.0,9.7,,1010.0,,3.0
2024-08-23,15,26.0,18.4,63.0,0.0,,230.0,7.6,,1011.3,,3.0
2024-08-23,16,23.5,19.6,79.0,0.0,,243.0,14.8,,1012.9,,3.0
2024-08-23,17,22.6,19.6,83.0,0.0,,242.0,16.6,,1013.7,,3.0
2024-08-23,18,24.0,19.5,76.0,0.0,,230.0,7.6,,1013.6,,3.0
2024-08-23,19,21.1,19.4,90.0,0.0,,233.0,15.8,,1012.9,,3.0
2024-08-23,20,20.4,19.4,94.0,0.0,,234.0,15.8,,1012.5,,3.0
2024-08-23,21,22.4,19.8,85.0,0.0,,230.0,9.4,,1011.6,,3.0
2024-08-23,22,19.6,19.1,97.0,0.0,,235.0,15.8,,1011.3,,3.0
2024-08-23,23,19.7,19.2,97.0,0.0,,233.0,15.8,,1011.3,,3.0
2024-08-24,0,21.4,19.0,86.0,0.0,,230.0,9.4,,1011.8,,3.0
2024-08-24,1,19.9,19.2,96.0,0.0,,232.0,17.3,,1012.3,,3.0
2024-08-24,2,20.8,19.3,91.0,0.0,,237.0,21.2,,1012.9,,3.0
2024-08-24,3,22.2,19.6,85.0,0.0,,230.0,11.2,,1013.4,,3.0
2024-08-24,4,23.9,19.0,74.0,0.0,,237.0,25.6,,1013.3,,3.0
2024-08-24,5,24.8,19.2,71.0,0.0,,239.0,25.9,,1013.1,,3.0
2024-08-24,6,26.2,18.1,61.0,0.0,,230.0,11.2,,1012.5,,3.0
2024-08-24,7,26.7,19.1,63.0,0.2,,242.0,26.3,,1011.4,,7.0
2024-08-24,8,27.1,20.2,66.0,0.4,,244.0,23.4,,1010.4,,8.0
2024-08-24,9,28.0,17.5,53.0,0.0,,230.0,11.2,,1009.1,,3.0
2024-08-24,10,25.7,19.6,69.0,1.2,,238.0,24.5,,1009.2,,9.0
2024-08-24,11,24.7,19.3,72.0,0.2,,253.0,23.4,,1009.5,,7.0
2024-08-24,12,26.4,18.0,60.0,0.5,,230.0,11.2,,1010.5,,8.0
2024-08-24,13,23.1,19.1,78.0,0.0,,252.0,19.4,,1011.1,,3.0
2024-08-24,14,22.4,19.0,81.0,0.0,,253.0,20.5,,1011.8,,3.0
2024-08-24,15,24.0,17.3,66.0,0.0,,230.0,11.2,,1012.9,,3.0
2024-08-24,16,21.7,19.1,85.0,0.0,,253.0,20.2,,1013.6,,3.0
2024-08-24,17,21.4,19.0,86.0,0.0,,248.0,18.7,,1014.3,,3.0
2024-08-24,18,22.8,18.8,78.0,0.0,,270.0,11.2,,1014.0,,3.0
2024-08-24,19,20.7,18.8,89.0,0.0,,245.0,19.4,,1013.5,,3.0
2024-08-24,20,20.5,18.8,90.0,0.0,,247.0,19.8,,1013.0,,3.0
2024-08-24,21,22.4,19.4,83.0,0.0,,270.0,9.4,,1012.1,,3.0
2024-08-24,22,20.0,18.8,93.0,0.0,,243.0,22.7,,1011.3,,3.0
2024-08-24,23,20.0,19.0,94.0,0.0,,244.0,22.3,,1011.3,,3.0
2024-08-25,0,21.4,19.7,90.0,0.0,,230.0,11.2,,1011.6,,3.0
2024-08-25,1,19.9,18.7,93.0,0.0,,244.0,21.6,,1011.7,,3.0
2024-08-25,2,20.8,18.6,87.0,0.0,,247.0,25.2,,1012.0,,3.0
2024-08-25,3,21.6,19.5,88.0,0.0,,230.0,7.6,,1012.2,,3.0
2024-08-25,4,23.4,18.7,75.0,0.0,,253.0,27.0,,1012.4,,3.0
2024-08-25,5,24.0,18.9,73.0,0.0,,254.0,27.4,,1012.2,,3.0
2024-08-25,6,24.2,19.7,76.0,0.0,,230.0,9.4,,1012.0,,3.0
2024-08-25,7,25.2,19.1,69.0,0.0,,251.0,27.4,,1011.3,,3.0
2024-08-25,8,25.8,19.2,67.0,0.1,,253.0,26.6,,1010.6,,7.0
2024-08-25,9,26.4,17.2,57.0,0.0,,270.0,14.8,,1009.6,,3.0
2024-08-25,10,26.0,18.7,64.0,0.0,,260.0,24.8,,1008.9,,3.0
2024-08-25,11,25.7,18.6,65.0,0.0,,261.0,23.4,,1008.5,,3.0
2024-08-25,12,26.0,16.3,55.0,0.0,,270.0,14.8,,1008.7,,3.0
2024-08-25,13,23.6,18.3,72.0,0.0,,263.0,18.4,,1009.6,,3.0
2024-08-25,14,22.6,18.2,76.0,0.0,,260.0,19.1,,1010.5,,3.0
2024-08-25,15,24.0,16.8,64.0,0.0,,230.0,11.2,,1011.3,,3.0
2024-08-25,16,21.5,18.3,82.0,0.0,,255.0,18.0,,1011.8,,3.0
2024-08-25,17,21.1,18.3,84.0,0.0,,249.0,18.0,,1012.2,,3.0
2024-08-25,18,22.2,19.6,85.0,0.0,,230.0,7.6,,1012.2,,3.0
2024-08-25,19,20.1,18.6,91.0,0.0,,247.0,19.1,,1011.9,,3.0
2024-08-25,20,19.8,18.5,92.0,0.0,,249.0,19.1,,1011.3,,3.0
2024-08-25,21,21.2,18.8,86.0,0.0,,230.0,7.6,,1010.6,,3.0
2024-08-25,22,19.4,18.4,94.0,0.0,,249.0,20.2,,1010.1,,3.0
2024-08-25,23,19.3,18.5,95.0,0.0,,245.0,20.5,,1010.2,,3.0
2024-08-26,0,20.8,18.4,86.0,0.0,,230.0,11.2,,1010.6,,3.0
2024-08-26,1,19.2,18.4,95.0,0.0,,243.0,20.2,,1011.1,,3.0
2024-08-26,2,20.6,18.5,88.0,0.0,,248.0,26.3,,1011.5,,3.0
2024-08-26,3,22.0,19.4,85.0,0.0,,230.0,14.8,,1012.2,,3.0
2024-08-26,4,23.6,18.3,72.0,0.0,,255.0,28.4,,1012.2,,3.0
2024-08-26,5,24.2,18.4,70.0,0.0,,254.0,26.6,,1012.1,,3.0
2024-08-26,6,26.4,16.9,56.0,0.0,,270.0,14.8,,1011.4,,3.0
2024-08-26,7,26.4,18.0,60.0,0.0,,255.0,24.8,,1010.5,,3.0
2024-08-26,8,27.3,18.0,57.0,0.0,,256.0,24.5,,1009.3,,3.0
2024-08-26,9,27.8,16.4,50.0,0.0,,270.0,14.8,,1008.2,,3.0
2024-08-26,10,27.6,18.0,56.0,0.0,,256.0,23.4,,1007.4,,3.0
2024-08-26,11,27.0,17.8,57.0,0.0,,255.0,22.7,,1007.5,,3.0
2024-08-26,12,26.0,17.6,60.0,0.0,,270.0,11.2,,1008.0,,3.0
2024-08-26,13,24.5,18.4,69.0,0.0,,258.0,16.2,,1009.1,,3.0
2024-08-26,14,23.5,18.6,74.0,0.0,,258.0,15.5,,1010.2,,3.0
2024-08-26,15,24.4,17.4,65.0,0.0,,230.0,14.8,,1011.3,,3.0
2024-08-26,16,22.0,18.8,82.0,0.0,,262.0,16.2,,1012.3,,3.0
2024-08-26,17,21.3,18.9,86.0,0.0,,258.0,14.8,,1013.0,,3.0
2024-08-26,18,23.0,18.8,77.0,0.0,,230.0,14.8,,1012.8,,3.0
2024-08-26,19,20.3,19.1,93.0,0.0,,242.0,16.6,,1012.5,,3.0
2024-08-26,20,20.0,19.2,95.0,0.0,,242.0,16.6,,1012.0,,3.0
2024-08-26,21,22.0,19.4,85.0,0.0,,230.0,11.2,,1011.3,,3.0
2024-08-26,22,19.7,19.2,97.0,0.0,,245.0,16.6,,1011.0,,3.0
2024-08-26,23,19.8,19.1,96.0,0.0,,246.0,16.2,,1011.1,,3.0
2024-08-27,0,21.4,18.6,84.0,0.0,,270.0,14.8,,1011.6,,3.0
2024-08-27,1,20.1,18.9,93.0,0.0,,253.0,18.4,,1011.8,,3.0
2024-08-27,2,20.7,18.8,89.0,0.0,,254.0,22.3,,1012.2,,3.0
2024-08-27,3,22.2,18.8,81.0,0.0,,270.0,7.6,,1012.7,,3.0
2024-08-27,4,23.5,18.6,74.0,0.0,,257.0,24.1,,1012.8,,3.0
2024-08-27,5,24.4,19.0,72.0,0.0,,260.0,24.1,,1012.6,,3.0
2024-08-27,6,24.6,18.5,69.0,0.0,,270.0,7.6,,1012.1,,3.0
2024-08-27,7,26.6,18.7,62.0,0.2,,261.0,22.3,,1011.4,,7.0
2024-08-27,8,27.0,18.8,61.0,0.0,,261.0,20.5,,1010.4,,3.0
2024-08-27,9,27.4,17.3,54.0,0.0,,270.0,9.4,,1009.5,,3.0
2024-08-27,10,26.1,19.0,65.0,0.0,,262.0,19.4,,1009.4,,3.0
2024-08-27,11,26.0,18.9,65.0,0.0,,265.0,17.6,,1009.4,,3.0
2024-08-27,12,26.8,17.0,55.0,0.3,,270.0,9.4,,1010.9,,17.0
2024-08-27,13,22.6,19.4,82.0,0.0,,279.0,13.3,,1011.7,,3.0
2024-08-27,14,22.1,19.5,85.0,0.0,,260.0,11.9,,1012.8,,3.0
2024-08-27,15,23.8,18.2,71.0,0.0,,270.0,7.6,,1013.4,,3.0
2024-08-27,16,21.8,19.0,84.0,0.0,,267.0,15.8,,1014.2,,3.0
2024-08-27,17,21.3,18.7,85.0,0.0,,270.0,16.2,,1014.6,,3.0
2024-08-27,18,23.2,18.3,74.0,0.0,,230.0,7.6,,1014.6,,3.0
2024-08-27,21,22.0,19.0,83.0,,,230.0,5.4,,,,
2024-08-28,0,21.2,18.4,84.0,,,230.0,9.4,,1012.3,,
2024-08-28,3,22.4,19.2,82.0,,,230.0,7.6,,,,
2024-08-28,6,25.8,17.2,59.0,,,270.0,14.8,,1012.2,,
2024-08-28,9,25.8,17.4,60.0,,,270.0,11.2,,,,
2024-08-28,12,24.6,18.3,68.0,,,230.0,7.6,,1009.4,,
2024-08-28,15,23.6,18.5,73.0,,,270.0,9.4,,,,
2024-08-28,18,22.6,18.6,78.0,,,230.0,7.6,,1012.5,,
2024-08-28,21,21.6,18.6,83.0,,,230.0,7.6,,,,
2024-08-29,0,21.2,18.8,86.0,,,230.0,9.4,,1010.3,,
2024-08-29,3,22.2,19.6,85.0,,,230.0,7.6,,,,
2024-08-29,6,24.4,19.2,73.0,,,270.0,14.8,,1010.8,,
2024-08-29,9,25.4,20.6,75.0,,,270.0,7.6,,,,
2024-08-29,12,21.2,18.8,86.0,,,270.0,9.4,,1008.3,,
2024-08-29,15,21.2,18.8,86.0,,,230.0,7.6,,,,
2024-08-29,18,20.6,18.4,87.0,,,230.0,7.6,,1012.0,,
2024-08-29,21,20.4,18.5,89.0,,,230.0,5.4,,,,
2024-08-30,0,20.4,18.5,89.0,,,230.0,7.6,,1009.7,,
2024-08-30,3,22.0,19.0,83.0,,,270.0,7.6,,,,
2024-08-30,6,25.0,19.4,71.0,,,270.0,7.6,,1010.9,,
2024-08-30,9,25.4,20.6,75.0,,,270.0,7.6,,,,
2024-08-30,12,23.6,19.3,77.0,,,270.0,14.8,,1009.1,,
2024-08-30,15,21.2,18.4,84.0,,,230.0,5.4,,,,
2024-08-30,18,21.2,18.4,84.0,,,270.0,7.6,,1012.3,,
2024-08-30,21,21.0,18.2,84.0,,,230.0,7.6,,,,
2024-08-31,0,21.0,18.2,84.0,,,270.0,7.6,,1011.1,,
2024-08-31,3,21.8,19.2,85.0,,,230.0,7.6,,,,
2024-08-31,6,23.6,19.3,77.0,,,270.0,7.6,,1011.2,,
2024-08-31,9,25.2,20.2,74.0,,,270.0,7.6,,,,
2024-08-31,12,24.6,19.2,72.0,,,230.0,5.4,,1010.1,,
2024-08-31,15,23.0,19.2,79.0,,,270.0,5.4,,,,
2024-08-31,18,22.0,19.4,85.0,,,270.0,7.6,,1012.9,,
2024-08-31,21,22.0,19.4,85.0,,,270.0,7.6,,,,
2024-09-01,0,21.4,19.0,86.0,,,270.0,7.6,,1011.5,,
2024-09-01,3,21.8,19.2,85.0,,,270.0,7.6,,,,
2024-09-01,6,25.4,18.3,65.0,,,270.0,14.8,,1012.2,,
2024-09-01,9,28.0,16.6,50.0,,,270.0,14.8,,,,
2024-09-01,12,25.4,15.1,53.0,,,270.0,14.8,,1009.3,,
2024-09-01,15,24.0,17.3,66.0,,,270.0,9.4,,,,
2024-09-01,18,23.0,18.8,77.0,,,230.0,5.4,,1012.4,,
2024-09-01,21,22.0,19.4,85.0,,,230.0,5.4,,,,
2024-09-02,0,21.4,19.3,88.0,,,230.0,7.6,,1011.1,,
2024-09-02,3,22.4,19.4,83.0,,,230.0,11.2,,,,
2024-09-02,6,25.8,18.2,63.0,,,230.0,14.8,,1011.5,,
2024-09-02,9,26.8,18.1,59.0,,,230.0,11.2,,,,
2024-09-02,12,24.4,18.3,69.0,,,230.0,7.6,,1007.6,,
2024-09-02,15,23.8,19.5,77.0,,,230.0,5.4,,,,
2024-09-02,18,22.6,19.6,83.0,,,230.0,5.4,,1012.0,,
2024-09-03,0,21.2,19.1,88.0,,,230.0,7.6,,1010.9,,
2024-09-03,3,22.4,19.4,83.0,,,230.0,11.2,,,,
2024-09-03,6,24.4,19.2,73.0,,,230.0,11.2,,1011.8,,
2024-09-03,9,27.0,19.1,62.0,,,230.0,5.4,,,,
2024-09-03,12,26.6,17.1,56.0,,,230.0,5.4,,1007.6,,
2024-09-03,15,24.4,19.0,72.0,,,230.0,3.6,,,,
2024-09-03,18,22.4,18.4,78.0,,,230.0,7.6,,,,
2024-09-03,21,21.8,18.4,81.0,,,230.0,3.6,,,,
2024-09-03,23,20.0,19.2,95.0,,,259.0,19.1,,1010.7,,
2024-09-04,0,21.4,18.6,84.0,0.0,,230.0,3.6,,1011.1,,3.0
2024-09-04,1,20.3,19.1,93.0,0.0,,262.0,18.7,,1011.5,,3.0
2024-09-04,2,21.4,19.0,86.0,0.0,,268.0,25.2,,1012.2,,3.0
2024-09-04,3,22.2,19.2,83.0,0.0,,230.0,7.6,,1012.8,,3.0
2024-09-04,4,23.3,18.8,76.0,0.0,,269.0,25.2,,1012.3,,3.0
2024-09-04,5,25.0,18.7,68.0,0.0,,271.0,25.6,,1011.9,,3.0
2024-09-04,6,24.0,19.3,75.0,0.0,,270.0,9.4,,1011.4,,3.0
2024-09-04,7,25.8,18.5,64.0,0.0,,272.0,23.8,,1010.6,,3.0
2024-09-04,8,27.0,19.4,63.0,0.2,,271.0,20.2,,1009.1,,7.0
2024-09-04,9,27.6,16.6,51.0,0.0,,270.0,14.8,,1007.9,,3.0
2024-09-04,10,27.1,18.4,59.0,0.0,,270.0,22.7,,1007.1,,3.0
2024-09-04,11,25.6,19.3,68.0,0.2,,276.0,19.8,,1007.4,,7.0
2024-09-04,12,25.8,18.0,62.0,0.0,,270.0,9.4,,1008.0,,3.0
2024-09-04,13,23.6,19.1,76.0,0.0,,279.0,15.8,,1008.7,,3.0
2024-09-04,14,23.0,19.6,81.0,0.0,,285.0,14.4,,1009.3,,3.0
2024-09-04,15,24.4,19.0,72.0,0.0,,270.0,5.4,,1010.3,,3.0
2024-09-04,16,22.4,19.4,83.0,0.0,,268.0,14.0,,1011.3,,3.0
2024-09-04,17,22.2,19.4,84.0,0.0,,260.0,15.5,,1012.0,,3.0
2024-09-04,18,23.2,20.0,82.0,0.0,,270.0,5.4,,1011.8,,3.0
2024-09-04,19,21.2,19.3,89.0,0.0,,258.0,15.8,,1010.7,,3.0
2024-09-04,20,20.8,19.3,91.0,0.0,,262.0,16.2,,1010.2,,3.0
2024-09-04,21,22.4,19.8,85.0,0.0,,270.0,7.6,,1009.5,,3.0
2024-09-04,22,19.9,19.2,96.0,0.0,,264.0,19.1,,1009.3,,3.0
2024-09-04,23,20.1,19.1,94.0,0.0,,260.0,19.8,,1009.6,,3.0
2024-09-05,0,21.4,18.6,84.0,0.0,,270.0,7.6,,1010.0,,3.0
2024-09-05,1,20.2,19.2,94.0,0.0,,262.0,20.9,,1010.4,,3.0
2024-09-05,2,21.3,19.0,87.0,0.0,,264.0,23.4,,1010.8,,3.0
2024-09-05,3,22.0,19.0,83.0,0.0,,270.0,7.6,,1011.6,,3.0
2024-09-05,4,23.7,19.2,76.0,0.1,,269.0,24.5,,1011.8,,7.0
2024-09-05,5,24.6,19.2,72.0,0.1,,271.0,24.5,,1011.2,,7.0
2024-09-05,6,25.6,18.0,63.0,0.0,,270.0,11.2,,1010.8,,3.0
2024-09-05,7,26.8,19.4,64.0,0.0,,268.0,22.0,,1009.7,,3.0
2024-09-05,8,27.4,19.5,62.0,0.0,,267.0,22.0,,1008.5,,3.0
2024-09-05,9,28.4,17.3,51.0,0.0,,270.0,9.4,,1007.0,,3.0
2024-09-05,10,27.6,19.1,60.0,0.2,,276.0,20.9,,1006.0,,7.0
2024-09-05,11,26.1,19.3,66.0,0.1,,274.0,19.4,,1005.7,,17.0
2024-09-05,12,28.0,16.6,50.0,0.0,,270.0,3.6,,1006.2,,3.0
2024-09-05,13,24.3,19.2,73.0,0.0,,275.0,15.8,,1007.3,,3.0
2024-09-05,14,23.5,19.2,77.0,0.0,,283.0,15.5,,1008.6,,3.0
2024-09-05,15,24.8,19.4,72.0,0.0,,270.0,9.4,,1010.1,,3.0
2024-09-05,16,22.2,19.0,82.0,0.0,,278.0,15.8,,1011.0,,3.0
2024-09-05,17,21.7,19.3,86.0,0.0,,271.0,14.8,,1011.5,,3.0
2024-09-05,18,23.4,19.5,79.0,0.0,,230.0,5.4,,1011.5,,3.0
2024-09-05,19,21.3,19.2,88.0,0.0,,270.0,16.2,,1010.9,,3.0
2024-09-05,20,20.9,19.2,90.0,0.0,,272.0,16.2,,1010.4,,3.0
2024-09-05,21,22.2,19.2,83.0,0.0,,270.0,5.4,,1009.5,,3.0
2024-09-05,22,20.2,19.2,94.0,0.0,,264.0,18.4,,1009.4,,3.0
2024-09-05,23,20.1,19.1,94.0,0.0,,268.0,17.3,,1009.6,,3.0
2024-09-06,0,21.4,19.3,88.0,0.0,,270.0,9.4,,1010.0,,3.0
2024-09-06,1,20.1,18.9,93.0,0.0,,275.0,18.0,,1010.3,,3.0
2024-09-06,2,21.3,19.0,87.0,0.0,,273.0,22.0,,1010.6,,3.0
2024-09-06,3,21.8,18.8,83.0,0.0,,270.0,5.4,,1011.0,,3.0
2024-09-06,4,24.5,18.9,71.0,0.0,,282.0,24.5,,1011.0,,3.0
2024-09-06,5,25.4,19.1,68.0,0.0,,288.0,22.7,,1011.2,,3.0
2024-09-06,6,24.6,17.6,65.0,0.0,,270.0,3.6,,1010.8,,3.0
2024-09-06,7,27.9,18.6,57.0,0.1,,290.0,22.0,,1009.7,,7.0
2024-09-06,8,27.7,18.4,57.0,0.3,,287.0,21.6,,1008.3,,8.0
2024-09-06,9,26.0,16.8,57.0,0.8,,270.0,11.2,,1007.6,,8.0
2024-09-06,10,27.4,19.5,62.0,0.0,,289.0,19.4,,1006.4,,3.0
2024-09-06,11,26.3,19.2,65.0,0.2,,286.0,15.8,,1006.7,,7.0
2024-09-06,12,25.8,16.4,56.0,0.0,,270.0,11.2,,1007.7,,3.0
2024-09-06,13,23.2,19.6,80.0,0.0,,259.0,13.0,,1008.4,,3.0
2024-09-06,14,23.0,19.6,81.0,0.0,,271.0,13.7,,1009.4,,3.0
2024-09-06,15,24.0,17.5,67.0,0.0,,270.0,5.4,,1010.5,,3.0
2024-09-06,16,22.1,19.5,85.0,0.0,,260.0,15.5,,1011.6,,3.0
2024-09-06,17,21.4,19.5,89.0,0.0,,260.0,16.6,,1012.4,,3.0
2024-09-06,18,22.8,18.8,78.0,0.0,,270.0,5.4,,1012.5,,3.0
2024-09-06,19,20.2,19.0,93.0,0.0,,266.0,15.5,,1012.0,,3.0
2024-09-06,20,19.9,19.1,95.0,0.0,,266.0,15.1,,1011.6,,3.0
2024-09-06,21,19.5,19.0,97.0,0.0,,265.0,16.6,,1010.8,,3.0
2024-09-06,22,19.7,19.0,96.0,0.0,,265.0,17.3,,1010.1,,3.0
2024-09-06,23,19.8,19.1,96.0,0.0,,261.0,18.0,,1010.4,,3.0
2024-09-07,0,21.4,19.0,86.0,0.0,,270.0,9.4,,1010.6,,3.0
2024-09-07,1,20.3,19.1,93.0,0.0,,260.0,17.6,,1010.9,,3.0
2024-09-07,2,21.5,18.9,85.0,0.0,,271.0,22.7,,1011.6,,3.0
2024-09-07,3,22.0,19.0,83.0,0.0,,230.0,3.6,,1011.7,,3.0
2024-09-07,4,23.4,19.3,78.0,0.0,,270.0,24.1,,1011.8,,3.0
2024-09-07,5,24.3,19.4,74.0,0.2,,272.0,23.8,,1012.0,,7.0
2024-09-07,6,26.4,16.3,54.0,0.0,,270.0,7.6,,1011.5,,3.0
2024-09-07,7,26.8,19.7,65.0,0.0,,267.0,21.2,,1010.5,,3.0
2024-09-07,8,23.4,20.2,82.0,0.0,,305.0,23.0,,1009.6,,3.0
2024-09-07,9,28.0,17.2,52.0,2.8,,230.0,9.4,,1008.8,,9.0
2024-09-07,10,24.3,20.2,78.0,0.4,,288.0,15.8,,1008.6,,8.0
2024-09-07,11,23.8,19.7,78.0,0.6,,281.0,20.9,,1008.7,,8.0
2024-09-07,12,24.4,19.0,72.0,0.2,,230.0,7.6,,1009.3,,7.0
2024-09-07,13,22.2,19.7,86.0,0.0,,284.0,14.4,,1010.0,,3.0
2024-09-07,14,21.7,19.6,88.0,0.0,,278.0,14.4,,1010.8,,3.0
2024-09-07,15,23.4,19.8,80.0,0.0,,230.0,7.6,,1011.6,,3.0
2024-09-07,16,21.3,19.8,91.0,0.0,,262.0,17.6,,1012.1,,3.0
2024-09-07,17,21.2,19.5,90.0,0.0,,264.0,18.4,,1012.6,,3.0
2024-09-07,18,22.6,19.0,80.0,0.0,,230.0,3.6,,1012.8,,3.0
2024-09-07,19,20.4,19.1,92.0,0.0,,265.0,19.4,,1012.4,,3.0
2024-09-07,20,20.5,19.2,92.0,0.0,,267.0,19.4,,1011.7,,3.0
2024-09-07,21,22.0,19.0,83.0,0.0,,230.0,3.6,,1011.1,,3.0
2024-09-07,22,20.1,19.1,94.0,0.0,,261.0,19.4,,1010.7,,3.0
2024-09-07,23,20.5,19.2,92.0,0.0,,260.0,19.4,,1011.0,,3.0
2024-09-08,0,21.2,18.8,86.0,0.0,,230.0,3.6,,1011.2,,3.0
2024-09-08,1,20.5,19.0,91.0,0.0,,262.0,19.8,,1011.7,,3.0
2024-09-08,2,21.6,19.0,85.0,0.0,,262.0,24.8,,1012.3,,3.0
2024-09-08,3,22.0,19.4,85.0,0.0,,230.0,7.6,,1012.8,,3.0
2024-09-08,4,23.6,19.1,76.0,0.0,,266.0,24.8,,1012.9,,3.0
2024-09-08,5,24.6,19.2,72.0,0.0,,266.0,25.2,,1012.6,,3.0
2024-09-08,6,24.4,19.0,72.0,0.0,,230.0,9.4,,1011.9,,3.0
2024-09-08,7,27.2,19.3,62.0,0.0,,269.0,21.2,,1011.0,,3.0
2024-09-08,8,27.4,19.2,61.0,0.0,,268.0,22.3,,1009.3,,3.0
2024-09-08,9,26.8,17.0,55.0,0.3,,230.0,11.2,,1008.9,,8.0
2024-09-08,10,24.2,19.7,76.0,0.2,,283.0,25.2,,1008.6,,7.0
2024-09-08,11,22.8,19.6,82.0,0.3,,268.0,22.3,,1009.0,,8.0
2024-09-08,12,26.4,16.9,56.0,0.1,,230.0,11.2,,1009.1,,7.0
2024-09-08,13,21.5,19.4,88.0,0.2,,272.0,20.2,,1010.0,,7.0
2024-09-08,14,21.2,19.8,92.0,0.0,,264.0,16.2,,1010.7,,3.0
2024-09-08,15,24.0,20.7,82.0,0.0,,230.0,9.4,,1011.5,,3.0
2024-09-08,16,21.2,19.8,92.0,0.0,,254.0,19.8,,1012.1,,3.0
2024-09-08,17,20.9,19.4,91.0,0.0,,259.0,21.2,,1012.5,,3.0
2024-09-08,18,22.0,19.0,83.0,0.0,,230.0,9.4,,1012.2,,3.0
2024-09-08,19,20.6,19.3,92.0,0.0,,258.0,20.5,,1011.7,,3.0
2024-09-08,20,20.4,19.2,93.0,0.0,,257.0,20.2,,1010.9,,3.0
2024-09-08,21,21.6,18.6,83.0,0.0,,230.0,7.6,,1010.0,,3.0
2024-09-08,22,19.9,19.1,95.0,0.0,,261.0,19.1,,1009.5,,3.0
2024-09-08,23,19.7,19.0,96.0,0.0,,258.0,19.1,,1009.3,,3.0
2024-09-09,0,21.4,18.4,83.0,0.0,,230.0,11.2,,1009.4,,3.0
2024-09-09,1,20.1,19.1,94.0,0.0,,260.0,19.4,,1010.0,,3.0
2024-09-09,2,21.5,19.1,86.0,0.0,,264.0,23.8,,1010.1,,3.0
2024-09-09,3,22.0,19.0,83.0,0.0,,230.0,9.4,,1010.5,,3.0
2024-09-09,4,23.9,19.2,75.0,0.0,,269.0,24.8,,1010.8,,3.0
2024-09-09,5,25.2,19.1,69.0,0.2,,262.0,24.8,,1010.2,,7.0
2024-09-09,6,25.6,20.0,71.0,0.1,,230.0,5.4,,1009.7,,7.0
2024-09-09,7,26.9,18.7,61.0,0.0,,262.0,24.8,,1008.9,,3.0
2024-09-09,8,27.0,19.1,62.0,0.2,,262.0,23.8,,1007.6,,7.0
2024-09-09,9,28.8,18.3,53.0,0.2,,230.0,3.6,,1006.8,,7.0
2024-09-09,10,27.4,19.7,63.0,0.0,,282.0,24.5,,1005.7,,3.0
2024-09-09,11,23.7,19.8,79.0,2.7,,276.0,18.4,,1006.5,,9.0
2024-09-09,12,25.6,16.2,56.0,0.1,,230.0,3.6,,1006.5,,7.0
2024-09-09,13,23.3,19.5,79.0,0.0,,265.0,17.6,,1007.3,,3.0
2024-09-09,14,22.2,18.8,81.0,0.0,,260.0,20.9,,1008.2,,3.0
2024-09-09,15,24.0,18.2,70.0,0.0,,270.0,9.4,,1009.2,,3.0
2024-09-09,16,21.0,19.5,91.0,0.0,,255.0,19.4,,1010.3,,3.0
2024-09-09,17,20.8,19.3,91.0,0.0,,258.0,19.8,,1010.2,,3.0
2024-09-09,18,22.4,18.4,78.0,0.0,,230.0,9.4,,1009.9,,3.0
2024-09-09,19,20.3,19.5,95.0,0.0,,256.0,18.0,,1009.5,,3.0
2024-09-09,20,20.2,19.5,96.0,0.0,,252.0,17.6,,1008.6,,3.0
2024-09-09,21,21.8,19.4,86.0,0.0,,230.0,7.6,,1008.1,,3.0
2024-09-09,22,19.8,19.3,97.0,0.0,,256.0,18.0,,1008.0,,3.0
2024-09-09,23,20.0,19.3,96.0,0.0,,256.0,18.4,,1008.3,,3.0
2024-09-10,0,21.2,18.8,86.0,0.0,,230.0,11.2,,1008.7,,3.0
2024-09-10,1,20.4,19.4,94.0,0.0,,248.0,18.7,,1009.2,,3.0
2024-09-10,2,21.4,19.3,88.0,0.0,,249.0,22.7,,1009.9,,3.0
2024-09-10,3,22.2,20.1,88.0,0.0,,230.0,5.4,,1010.7,,3.0
2024-09-10,4,24.2,19.1,73.0,0.0,,255.0,27.4,,1010.4,,3.0
2024-09-10,5,25.3,19.2,69.0,0.0,,259.0,28.1,,1010.1,,3.0
2024-09-10,6,25.6,16.7,58.0,0.1,,230.0,11.2,,1009.1,,7.0
2024-09-10,7,27.5,19.0,60.0,0.1,,257.0,28.4,,1008.1,,7.0
2024-09-10,8,28.1,18.5,56.0,0.0,,259.0,27.4,,1006.6,,3.0
2024-09-10,9,28.0,14.6,44.0,0.0,,230.0,9.4,,1005.9,,3.0
2024-09-10,10,28.1,18.2,55.0,0.0,,263.0,27.4,,1005.1,,3.0
2024-09-10,11,26.3,18.9,64.0,0.0,,261.0,26.6,,1005.6,,3.0
2024-09-10,12,26.4,16.9,56.0,0.1,,230.0,11.2,,1006.8,,17.0
2024-09-10,13,23.7,19.2,76.0,0.0,,260.0,20.2,,1007.5,,3.0
2024-09-10,14,23.1,19.3,79.0,0.0,,255.0,20.5,,1008.5,,3.0
2024-09-10,15,21.8,19.4,86.0,0.0,,230.0,5.4,,1009.6,,3.0
2024-09-10,16,22.0,19.0,83.0,0.0,,264.0,18.4,,1011.3,,3.0
2024-09-10,17,21.4,19.0,86.0,0.0,,261.0,17.3,,1011.6,,3.0
2024-09-10,18,21.4,18.6,84.0,0.0,,230.0,7.6,,1011.5,,3.0
2024-09-10,19,20.5,19.0,91.0,0.0,,256.0,16.6,,1011.2,,3.0
2024-09-10,20,19.9,19.1,95.0,0.0,,252.0,15.5,,1010.6,,3.0
2024-09-10,21,20.8,18.4,86.0,0.0,,230.0,9.4,,1009.6,,3.0
2024-09-10,22,19.5,19.2,98.0,0.0,,249.0,15.8,,1009.5,,3.0
2024-09-10,23,19.6,19.3,98.0,0.0,,244.0,16.9,,1009.5,,3.0
2024-09-11,0,20.4,18.0,86.0,0.0,,230.0,7.6,,1009.8,,3.0
2024-09-11,1,20.0,19.0,94.0,0.0,,243.0,19.1,,1010.4,,3.0
2024-09-11,2,20.9,18.8,88.0,0.0,,247.0,23.8,,1010.9,,3.0
2024-09-11,3,22.4,19.4,83.0,0.0,,230.0,9.4,,1011.4,,3.0
2024-09-11,4,24.2,18.6,71.0,0.2,,253.0,25.2,,1011.5,,7.0
2024-09-11,5,25.1,19.0,69.0,0.1,,254.0,23.4,,1011.2,,7.0
2024-09-11,6,24.8,17.8,65.0,0.3,,230.0,14.8,,1010.6,,8.0
2024-09-11,7,27.8,18.8,58.0,0.2,,256.0,22.0,,1008.8,,7.0
2024-09-11,8,28.5,18.9,56.0,0.1,,259.0,22.3,,1007.5,,7.0
2024-09-11,9,28.6,16.5,48.0,0.0,,270.0,11.2,,1006.9,,3.0
2024-09-11,10,28.5,18.0,53.0,0.0,,265.0,23.4,,1006.6,,3.0
2024-09-11,11,27.3,17.5,55.0,0.0,,260.0,22.7,,1007.2,,3.0
2024-09-11,12,27.4,14.1,44.0,0.0,,270.0,9.4,,1008.0,,3.0
2024-09-11,13,24.9,18.6,68.0,0.0,,263.0,17.6,,1009.0,,3.0
2024-09-11,14,23.8,18.7,73.0,0.0,,260.0,18.4,,1010.0,,3.0
2024-09-11,15,23.8,17.3,67.0,0.0,,270.0,5.4,,1011.4,,3.0
2024-09-11,16,22.1,18.9,82.0,0.0,,265.0,16.9,,1012.5,,2.0
2024-09-11,17,21.6,18.4,82.0,0.0,,268.0,16.6,,1013.2,,3.0
2024-09-11,18,22.4,17.8,75.0,0.0,,270.0,3.6,,1013.1,,3.0
2024-09-11,19,20.5,18.8,90.0,0.0,,261.0,14.4,,1012.7,,3.0
2024-09-11,20,20.0,18.8,93.0,0.0,,256.0,13.7,,1012.0,,3.0
2024-09-11,21,21.0,18.0,83.0,0.0,,270.0,3.6,,1011.5,,3.0
2024-09-11,22,19.5,19.2,98.0,0.0,,246.0,15.1,,1010.5,,3.0
2024-09-11,23,19.5,19.2,98.0,0.0,,246.0,15.5,,1011.0,,3.0
2024-09-12,0,20.6,18.2,86.0,0.0,,270.0,5.4,,1011.5,,3.0
2024-09-12,1,19.7,19.0,96.0,0.0,,248.0,18.4,,1012.1,,3.0
2024-09-12,2,20.7,19.0,90.0,0.0,,253.0,22.7,,1012.7,,3.0
2024-09-12,3,22.2,19.0,82.0,0.0,,230.0,5.4,,1012.9,,3.0
2024-09-12,4,23.9,18.5,72.0,0.0,,263.0,23.8,,1012.8,,3.0
2024-09-12,5,25.7,18.9,66.0,0.0,,261.0,22.3,,1012.6,,3.0
2024-09-12,6,25.6,16.2,56.0,0.0,,270.0,9.4,,1012.1,,3.0
2024-09-12,7,28.0,18.1,55.0,0.0,,268.0,22.3,,1010.7,,2.0
2024-09-12,8,28.7,18.2,53.0,0.0,,267.0,22.0,,1009.1,,2.0
2024-09-12,9,28.4,15.7,46.0,0.0,,270.0,5.4,,1008.1,,2.0
2024-09-12,10,28.8,17.3,50.0,0.0,,276.0,22.7,,1007.9,,2.0
2024-09-12,11,28.1,17.3,52.0,0.0,,282.0,21.6,,1008.4,,2.0
2024-09-12,12,27.6,15.6,48.0,0.0,,270.0,5.4,,1009.0,,2.0
2024-09-12,13,25.0,18.4,67.0,0.0,,295.0,12.2,,1009.6,,2.0
2024-09-12,14,23.5,18.4,73.0,0.0,,291.0,9.0,,1010.6,,3.0
2024-09-12,15,25.4,17.1,60.0,0.0,,320.0,7.6,,1011.6,,2.0
2024-09-12,16,22.6,18.6,78.0,0.0,,264.0,12.6,,1012.5,,3.0
2024-09-12,17,22.0,18.8,82.0,0.0,,266.0,13.3,,1012.9,,3.0
2024-09-12,18,23.4,18.5,74.0,0.0,,270.0,7.6,,1012.9,,3.0
2024-09-12,19,20.4,18.9,91.0,0.0,,263.0,11.9,,1012.6,,3.0
2024-09-12,20,19.9,18.9,94.0,0.0,,263.0,11.9,,1011.8,,3.0
2024-09-12,21,22.4,19.2,82.0,0.0,,270.0,5.4,,1011.4,,3.0
2024-09-12,22,19.1,18.8,98.0,0.0,,257.0,12.2,,1011.1,,3.0
2024-09-12,23,18.7,18.4,98.0,0.0,,256.0,11.9,,1011.0,,3.0
2024-09-13,0,21.2,18.2,83.0,0.0,,230.0,5.4,,1011.5,,3.0
2024-09-13,1,18.5,18.3,99.0,0.0,,251.0,11.9,,1012.0,,3.0
2024-09-13,2,19.5,18.5,94.0,0.0,,256.0,15.1,,1012.6,,5.0
2024-09-13,3,23.0,19.2,79.0,0.0,,270.0,7.6,,1013.0,,3.0
2024-09-13,4,24.3,18.5,70.0,0.0,,262.0,16.9,,1012.8,,3.0
2024-09-13,5,26.2,18.3,62.0,0.0,,265.0,18.7,,1012.2,,3.0
2024-09-13,6,26.4,15.8,52.0,0.0,,230.0,11.2,,1011.5,,3.0
2024-09-13,7,28.2,17.1,51.0,0.0,,276.0,22.0,,1010.4,,3.0
2024-09-13,8,28.3,16.9,50.0,0.0,,279.0,23.0,,1009.2,,3.0
2024-09-13,9,28.4,14.3,42.0,0.0,,270.0,5.4,,1008.1,,3.0
2024-09-13,10,28.5,16.1,47.0,0.0,,281.0,20.9,,1007.6,,3.0
2024-09-13,11,27.7,16.0,49.0,0.0,,283.0,19.4,,1007.6,,3.0
2024-09-13,12,26.9,16.8,54.0,0.0,,284.0,14.4,,1007.7,,3.0
2024-09-13,13,25.5,16.9,59.0,0.0,,298.0,16.2,,1008.6,,3.0
2024-09-13,14,24.3,16.8,63.0,0.0,,296.0,14.4,,1010.0,,3.0
2024-09-13,15,22.9,16.9,69.0,0.0,,294.0,10.4,,1010.8,,3.0
2024-09-13,16,22.2,17.3,74.0,0.0,,275.0,11.2,,1012.1,,3.0
2024-09-13,17,21.7,17.9,79.0,0.0,,272.0,11.5,,1012.9,,3.0
2024-09-13,18,21.0,18.2,84.0,0.0,,270.0,12.2,,1012.8,,3.0
2024-09-13,19,20.5,18.3,87.0,0.0,,264.0,11.2,,1011.5,,3.0
2024-09-13,20,19.9,18.4,91.0,0.0,,262.0,10.8,,1011.0,,3.0
2024-09-13,21,23.0,18.1,74.0,0.0,,230.0,5.4,,1010.5,,3.0
2024-09-13,22,19.1,18.4,96.0,0.0,,265.0,11.5,,1010.3,,3.0
2024-09-13,23,19.0,18.7,98.0,0.0,,266.0,10.8,,1010.5,,3.0
2024-09-14,0,21.4,18.0,81.0,0.0,,267.0,3.6,,1011.0,,3.0
2024-09-14,1,18.8,18.6,99.0,0.0,,259.0,10.8,,1011.7,,3.0
2024-09-14,2,20.5,18.8,90.0,0.0,,267.0,14.4,,1012.2,,3.0
2024-09-14,3,23.4,18.5,74.0,0.0,,270.0,7.6,,1012.5,,3.0
2024-09-14,4,24.4,18.8,71.0,0.0,,281.0,15.5,,1012.2,,3.0
2024-09-14,5,26.3,18.2,61.0,0.0,,283.0,16.9,,1011.5,,3.0
2024-09-14,6,27.4,16.4,51.0,0.0,,270.0,7.6,,1010.7,,3.0
2024-09-14,7,28.2,16.8,50.0,0.1,,294.0,19.4,,1009.3,,17.0
2024-09-14,8,28.5,16.8,49.0,0.4,,293.0,20.5,,1007.7,,8.0
2024-09-14,9,29.2,15.0,42.0,0.4,,230.0,11.2,,1006.7,,8.0
2024-09-14,10,28.4,17.0,50.0,0.3,,294.0,20.9,,1006.7,,8.0
2024-09-14,11,26.2,17.6,59.0,0.3,,286.0,22.0,,1007.6,,8.0
2024-09-14,12,27.4,14.8,46.0,0.0,,270.0,9.4,,1008.5,,3.0
2024-09-14,13,23.4,18.3,73.0,0.0,,283.0,12.2,,1009.7,,3.0
2024-09-14,14,23.0,18.8,77.0,0.0,,236.0,10.4,,1010.6,,3.0
2024-09-14,15,25.6,17.0,59.0,0.0,,270.0,7.6,,1011.5,,3.0
2024-09-14,16,21.8,18.8,83.0,0.0,,259.0,9.0,,1012.2,,3.0
2024-09-14,17,21.8,18.8,83.0,0.0,,265.0,10.4,,1012.7,,3.0
2024-09-14,18,23.0,19.8,82.0,0.0,,230.0,5.4,,1012.5,,3.0
2024-09-14,19,20.6,19.1,91.0,0.0,,272.0,11.9,,1012.0,,3.0
2024-09-14,20,19.9,18.7,93.0,0.0,,258.0,11.9,,1010.9,,3.0
2024-09-14,21,21.4,19.0,86.0,0.0,,230.0,7.6,,1010.7,,3.0
2024-09-14,22,18.9,18.6,98.0,0.0,,266.0,13.3,,1010.6,,3.0
2024-09-14,23,18.6,18.3,98.0,0.0,,270.0,13.3,,1010.5,,3.0
2024-09-15,0,20.8,18.7,88.0,0.0,,230.0,5.4,,1010.8,,3.0
2024-09-15,1,18.7,18.4,98.0,0.0,,259.0,13.3,,1011.3,,3.0
2024-09-15,2,20.5,18.6,89.0,0.0,,266.0,18.4,,1011.9,,3.0
2024-09-15,3,23.0,18.8,77.0,0.0,,270.0,5.4,,1012.0,,3.0
2024-09-15,4,24.4,18.6,70.0,0.0,,286.0,20.2,,1011.9,,3.0
2024-09-15,5,25.4,18.3,65.0,0.1,,287.0,20.2,,1011.8,,7.0
2024-09-15,6,27.4,20.0,64.0,0.0,,270.0,7.6,,1011.1,,3.0
2024-09-15,7,27.7,17.6,54.0,0.2,,288.0,19.8,,1009.7,,17.0
2024-09-15,8,28.2,17.4,52.0,0.0,,287.0,19.1,,1008.5,,3.0
2024-09-15,9,28.4,12.7,38.0,0.0,,230.0,5.4,,1007.5,,2.0
2024-09-15,10,28.1,17.0,51.0,0.0,,294.0,20.5,,1007.2,,2.0
2024-09-15,11,27.8,17.3,53.0,0.0,,295.0,19.1,,1007.3,,3.0
2024-09-15,12,28.2,17.4,52.0,0.0,,230.0,9.4,,1008.3,,3.0
2024-09-15,13,25.2,17.9,64.0,0.0,,286.0,10.8,,1009.1,,3.0
2024-09-15,14,24.3,17.8,67.0,0.0,,289.0,11.5,,1009.7,,3.0
2024-09-15,15,24.4,18.1,68.0,0.0,,270.0,3.6,,1010.9,,3.0
2024-09-15,16,22.7,18.5,77.0,0.0,,304.0,13.0,,1012.1,,3.0
2024-09-15,17,22.1,18.5,80.0,0.0,,304.0,14.0,,1012.7,,3.0
2024-09-15,18,22.8,18.1,75.0,0.0,,270.0,9.4,,1012.3,,3.0
2024-09-15,19,20.3,18.2,88.0,0.0,,284.0,13.0,,1011.9,,3.0
2024-09-15,20,19.4,18.4,94.0,0.0,,271.0,11.5,,1011.5,,3.0
2024-09-15,21,21.8,18.4,81.0,0.0,,270.0,5.4,,1010.5,,3.0
2024-09-15,22,18.4,17.9,97.0,0.0,,268.0,11.2,,1010.4,,3.0
2024-09-15,23,18.0,17.7,98.0,0.0,,270.0,11.2,,1010.9,,2.0
2024-09-16,0,20.6,18.2,86.0,0.0,,270.0,3.6,,1011.3,,3.0
2024-09-16,1,17.5,17.2,98.0,0.0,,275.0,12.2,,1012.1,,3.0
2024-09-16,2,19.6,17.9,90.0,0.0,,281.0,14.8,,1012.7,,3.0
2024-09-16,3,23.0,17.7,72.0,0.0,,270.0,5.4,,1012.9,,3.0
2024-09-16,4,24.4,17.2,64.0,0.0,,295.0,20.5,,1012.9,,3.0
2024-09-16,5,25.8,17.2,59.0,0.0,,297.0,23.0,,1012.5,,3.0
2024-09-16,6,27.6,18.3,57.0,0.0,,290.0,9.4,,1012.2,,3.0
2024-09-16,7,27.5,17.4,54.0,0.2,,300.0,24.1,,1010.0,,7.0
2024-09-16,8,28.0,16.9,51.0,0.4,,295.0,21.2,,1008.7,,8.0
2024-09-16,9,28.8,17.3,50.0,0.2,,270.0,9.4,,1008.0,,7.0
2024-09-16,10,28.4,17.0,50.0,0.0,,293.0,20.2,,1007.3,,3.0
2024-09-16,11,27.7,17.0,52.0,0.0,,296.0,23.4,,1007.7,,3.0
2024-09-16,12,28.2,17.4,52.0,0.0,,270.0,9.4,,1008.9,,3.0
2024-09-16,13,24.3,18.7,71.0,0.0,,288.0,15.5,,1009.9,,3.0
2024-09-16,14,23.4,18.7,75.0,0.0,,297.0,15.1,,1011.1,,3.0
2024-09-16,15,25.4,18.8,67.0,0.0,,270.0,7.6,,1012.1,,3.0
2024-09-16,16,21.8,18.8,83.0,0.0,,292.0,13.7,,1012.8,,2.0
2024-09-16,17,21.2,18.9,87.0,0.0,,283.0,11.9,,1013.1,,2.0
2024-09-16,18,23.4,18.3,73.0,0.0,,270.0,11.2,,1012.8,,2.0
2024-09-16,19,20.5,19.2,92.0,0.0,,285.0,14.0,,1012.3,,1.0
2024-09-16,20,19.8,19.1,96.0,0.0,,274.0,15.5,,1012.0,,1.0
2024-09-16,21,22.4,19.4,83.0,0.0,,270.0,9.4,,1011.6,,1.0
2024-09-16,22,19.0,18.8,99.0,0.0,,265.0,15.1,,1010.7,,1.0
2024-09-16,23,18.8,18.5,98.0,0.0,,264.0,15.1,,1011.2,,2.0
2024-09-17,0,21.4,18.4,83.0,0.0,,270.0,9.4,,1011.8,,2.0
2024-09-17,1,18.6,18.4,99.0,0.0,,261.0,15.8,,1012.4,,3.0
2024-09-17,2,19.8,18.6,93.0,0.0,,267.0,20.5,,1012.8,,3.0
2024-09-17,3,22.6,18.6,78.0,0.0,,270.0,7.6,,1012.7,,3.0
2024-09-17,4,24.4,18.8,71.0,0.0,,286.0,22.0,,1012.4,,3.0
2024-09-17,5,25.3,19.2,69.0,0.2,,287.0,22.0,,1012.2,,7.0
2024-09-17,6,27.6,18.0,56.0,0.0,,270.0,11.2,,1011.5,,3.0
2024-09-17,7,27.2,18.5,59.0,0.0,,290.0,23.0,,1010.2,,3.0
2024-09-17,8,27.9,18.9,58.0,0.1,,288.0,21.2,,1008.6,,17.0
2024-09-17,9,30.0,17.1,46.0,0.0,,270.0,7.6,,1007.4,,2.0
2024-09-17,10,28.3,18.1,54.0,0.0,,293.0,20.9,,1006.6,,2.0
2024-09-17,11,27.8,17.6,54.0,0.0,,291.0,20.2,,1006.4,,1.0
2024-09-17,12,28.4,15.3,45.0,0.0,,270.0,7.6,,1006.8,,1.0
2024-09-17,13,24.9,17.6,64.0,0.0,,293.0,12.6,,1007.8,,1.0
2024-09-17,14,23.7,17.7,69.0,0.0,,291.0,10.4,,1008.8,,1.0
2024-09-17,15,26.6,13.7,45.0,0.0,,270.0,5.4,,1009.7,,1.0
2024-09-17,16,22.3,17.7,75.0,0.0,,301.0,11.2,,1010.5,,1.0
2024-09-17,17,21.9,17.7,77.0,0.0,,289.0,11.5,,1011.0,,1.0
2024-09-17,18,24.0,14.7,56.0,0.0,,230.0,5.4,,1010.8,,1.0
2024-09-17,19,20.2,18.1,88.0,0.0,,279.0,10.4,,1010.9,,1.0
2024-09-17,20,19.3,18.3,94.0,0.0,,266.0,10.8,,1010.6,,1.0
2024-09-17,21,21.4,16.8,75.0,0.0,,230.0,5.4,,1010.1,,1.0
2024-09-17,22,18.3,18.0,98.0,0.0,,275.0,10.1,,1009.7,,2.0
2024-09-17,23,18.5,18.2,98.0,0.0,,274.0,13.3,,1009.9,,2.0
2024-09-18,0,20.0,16.4,80.0,0.0,,270.0,5.4,,1010.4,,3.0
2024-09-18,1,17.5,17.0,97.0,0.0,,281.0,11.5,,1010.9,,3.0
2024-09-18,2,19.4,17.2,87.0,0.0,,288.0,12.2,,1011.3,,3.0
2024-09-18,3,21.8,16.7,73.0,0.0,,270.0,9.4,,1011.4,,2.0
2024-09-18,4,24.1,16.4,62.0,0.0,,300.0,16.6,,1011.0,,3.0
2024-09-18,5,25.7,15.4,53.0,0.0,,300.0,17.6,,1010.8,,1.0
2024-09-18,6,28.0,16.0,48.0,0.0,,270.0,7.6,,1010.1,,2.0
2024-09-18,7,27.7,14.3,44.0,0.0,,299.0,18.0,,1008.9,,1.0
2024-09-18,8,28.3,13.8,41.0,0.0,,297.0,17.3,,1007.5,,2.0
2024-09-18,9,30.0,17.5,47.0,0.0,,270.0,5.4,,1006.5,,1.0
2024-09-18,10,28.5,13.6,40.0,0.0,,292.0,15.8,,1005.9,,1.0
2024-09-18,11,28.1,13.2,40.0,0.0,,290.0,15.1,,1005.7,,3.0
2024-09-18,12,28.8,13.9,40.0,0.0,,270.0,5.4,,1006.4,,3.0
2024-09-18,13,23.7,14.7,57.0,0.0,,278.0,9.4,,1007.1,,1.0
2024-09-18,14,22.7,14.5,60.0,0.0,,328.0,7.9,,1007.6,,1.0
2024-09-18,15,24.8,14.6,53.0,0.0,,0.0,0.0,,1009.0,,1.0
2024-09-18,16,21.2,14.1,64.0,0.0,,343.0,7.9,,1009.9,,1.0
2024-09-18,17,21.0,13.9,64.0,0.0,,318.0,7.9,,1010.4,,1.0
2024-09-18,18,24.0,15.8,60.0,0.0,,274.0,3.6,,1010.8,,1.0
2024-09-18,19,19.6,14.6,73.0,0.0,,290.0,13.0,,1010.7,,2.0
2024-09-18,20,19.0,15.9,82.0,0.0,,259.0,10.4,,1010.0,,1.0
2024-09-18,21,22.0,18.4,80.0,0.0,,230.0,5.4,,1009.5,,1.0
2024-09-18,22,18.1,16.9,93.0,0.0,,271.0,9.4,,1009.2,,1.0
2024-09-18,23,17.7,17.1,96.0,0.0,,279.0,8.3,,1009.2,,1.0
2024-09-19,0,20.8,18.0,84.0,0.0,,230.0,5.4,,1009.6,,1.0
2024-09-19,1,17.6,17.3,98.0,0.0,,291.0,9.4,,1010.1,,1.0
2024-09-19,2,19.7,18.0,90.0,0.0,,287.0,9.4,,1010.8,,1.0
2024-09-19,3,23.4,17.6,70.0,0.0,,270.0,7.6,,1011.5,,1.0
2024-09-19,4,24.5,18.0,67.0,0.0,,265.0,11.5,,1011.5,,1.0
2024-09-19,5,26.2,17.0,57.0,0.0,,268.0,12.2,,1011.0,,1.0
2024-09-19,6,28.4,16.0,47.0,0.0,,270.0,7.6,,1009.9,,2.0
2024-09-19,7,28.3,15.6,46.0,0.0,,279.0,13.0,,1008.7,,1.0
2024-09-19,8,28.7,15.2,44.0,0.0,,287.0,13.0,,1007.3,,2.0
2024-09-19,9,30.2,15.1,40.0,0.1,,230.0,5.4,,1006.2,,17.0
2024-09-19,10,27.9,15.9,48.0,0.3,,280.0,17.3,,1006.1,,17.0
2024-09-19,11,28.6,14.8,43.0,0.0,,288.0,13.3,,1006.1,,3.0
2024-09-19,12,29.2,13.0,37.0,0.3,,270.0,5.4,,1006.8,,17.0
2024-09-19,13,23.6,18.0,71.0,0.0,,272.0,16.2,,1008.5,,3.0
2024-09-19,14,22.9,18.0,74.0,0.0,,280.0,13.0,,1009.4,,3.0
2024-09-19,15,26.2,18.1,61.0,0.0,,270.0,5.4,,1010.3,,3.0
2024-09-19,16,22.2,18.2,78.0,0.0,,281.0,11.5,,1011.1,,3.0
2024-09-19,17,21.9,18.3,80.0,0.0,,270.0,13.0,,1011.4,,2.0
2024-09-19,18,21.8,19.2,85.0,0.0,,270.0,5.4,,1011.1,,2.0
2024-09-19,19,20.9,18.5,86.0,0.0,,274.0,14.0,,1010.6,,2.0
2024-09-19,20,20.4,18.7,90.0,0.0,,268.0,11.5,,1010.2,,2.0
2024-09-19,21,21.5,19.1,86.0,0.0,,270.0,3.6,,1009.3,,2.0
2024-09-19,22,19.7,18.2,91.0,0.0,,263.0,9.7,,1009.2,,3.0
2024-09-19,23,19.8,18.3,91.0,0.0,,266.0,8.6,,1009.5,,3.0
2024-09-20,0,21.0,18.9,88.0,0.0,,270.0,5.4,,1009.8,,3.0
2024-09-20,1,19.3,18.5,95.0,0.0,,280.0,9.7,,1010.4,,3.0
2024-09-20,2,20.7,18.1,85.0,0.0,,274.0,13.3,,1010.8,,3.0
2024-09-20,3,22.6,17.5,73.0,0.0,,230.0,5.4,,1011.8,,3.0
2024-09-20,4,23.4,17.8,71.0,0.0,,275.0,15.1,,1012.0,,3.0
2024-09-20,5,25.4,17.6,62.0,0.0,,275.0,14.8,,1011.5,,3.0
2024-09-20,6,27.8,14.8,45.0,0.0,,270.0,9.4,,1010.7,,3.0
2024-09-20,7,26.6,16.2,53.0,0.0,,272.0,15.8,,1009.5,,3.0
2024-09-20,8,27.2,16.2,51.0,0.0,,271.0,15.8,,1008.2,,3.0
2024-09-20,9,30.8,15.3,39.0,0.0,,270.0,5.4,,1007.3,,3.0
2024-09-20,10,26.9,16.5,53.0,0.0,,271.0,14.4,,1006.7,,3.0
2024-09-20,11,27.0,16.6,53.0,0.0,,268.0,13.7,,1006.4,,3.0
2024-09-20,12,28.8,13.9,40.0,0.0,,270.0,5.4,,1006.7,,3.0
2024-09-20,13,24.6,17.6,65.0,0.0,,308.0,13.0,,1007.9,,3.0
2024-09-20,14,23.6,17.6,69.0,0.0,,313.0,12.2,,1009.2,,3.0
2024-09-20,15,26.8,16.7,54.0,0.0,,230.0,5.4,,1009.9,,3.0
2024-09-20,16,23.3,17.7,71.0,0.0,,270.0,13.3,,1010.6,,3.0
2024-09-20,17,22.6,18.2,76.0,0.0,,263.0,11.2,,1011.4,,3.0
2024-09-20,18,24.8,17.5,64.0,0.0,,230.0,5.4,,1011.6,,3.0
2024-09-20,19,21.2,18.0,82.0,0.0,,263.0,10.1,,1011.2,,3.0
2024-09-20,20,20.5,18.3,87.0,0.0,,259.0,10.4,,1010.9,,3.0
2024-09-20,21,22.4,18.8,80.0,0.0,,270.0,5.4,,1010.2,,3.0
2024-09-20,22,19.6,18.6,94.0,0.0,,262.0,14.4,,1009.7,,2.0
2024-09-20,23,19.3,18.8,97.0,0.0,,263.0,14.4,,1009.9,,3.0
2024-09-21,0,21.4,18.4,83.0,0.0,,270.0,7.6,,1010.1,,3.0
2024-09-21,1,19.3,18.6,96.0,0.0,,268.0,16.2,,1010.5,,3.0
2024-09-21,2,20.5,18.4,88.0,0.0,,276.0,17.3,,1011.2,,3.0
2024-09-21,3,23.4,18.5,74.0,0.0,,270.0,7.6,,1012.0,,3.0
2024-09-21,4,24.6,18.1,67.0,0.0,,278.0,16.2,,1012.0,,3.0
2024-09-21,5,25.8,17.7,61.0,0.0,,280.0,15.8,,1011.5,,3.0
2024-09-21,6,26.0,17.1,58.0,0.0,,270.0,7.6,,1011.0,,3.0
2024-09-21,7,25.5,17.2,60.0,0.0,,301.0,17.6,,1010.3,,3.0
2024-09-21,8,29.1,17.9,51.0,0.2,,298.0,18.0,,1007.7,,7.0
2024-09-21,9,30.4,15.7,41.0,0.0,,270.0,5.4,,1006.6,,3.0
2024-09-21,10,28.5,17.1,50.0,0.0,,304.0,17.3,,1006.2,,3.0
2024-09-21,11,27.7,17.0,52.0,0.0,,300.0,16.6,,1006.1,,3.0
2024-09-21,12,26.0,17.6,60.0,0.0,,270.0,9.4,,1006.7,,3.0
2024-09-21,13,25.1,17.1,61.0,0.0,,299.0,9.0,,1007.9,,3.0
2024-09-21,14,24.7,17.2,63.0,0.0,,300.0,9.0,,1008.9,,3.0
2024-09-21,15,26.0,17.6,60.0,0.0,,270.0,5.4,,1009.9,,3.0
2024-09-21,16,23.9,17.2,66.0,0.0,,264.0,15.1,,1011.0,,3.0
2024-09-21,17,23.1,17.6,71.0,0.0,,272.0,15.1,,1011.3,,3.0
2024-09-21,18,22.2,18.2,78.0,0.0,,230.0,11.2,,1011.3,,3.0
2024-09-21,19,22.2,18.2,78.0,0.0,,271.0,13.7,,1010.9,,3.0
2024-09-21,20,21.6,18.6,83.0,0.0,,275.0,14.8,,1010.2,,3.0
2024-09-21,21,21.0,18.2,84.0,0.0,,230.0,5.4,,1009.7,,3.0
2024-09-21,22,20.9,18.8,88.0,0.0,,287.0,13.7,,1009.3,,3.0
2024-09-21,23,20.1,18.6,91.0,0.0,,286.0,14.0,,1009.2,,3.0
2024-09-22,0,20.2,17.0,82.0,0.0,,270.0,7.6,,1009.7,,3.0
2024-09-22,1,19.6,18.4,93.0,0.0,,292.0,14.8,,1009.9,,3.0
2024-09-22,2,21.1,18.5,85.0,0.0,,292.0,15.8,,1010.4,,3.0
2024-09-22,3,22.6,19.0,80.0,0.0,,270.0,7.6,,1010.6,,2.0
2024-09-22,4,24.9,18.4,67.0,0.0,,300.0,19.4,,1010.6,,3.0
2024-09-22,5,26.0,17.9,61.0,0.0,,308.0,21.2,,1010.2,,3.0
2024-09-22,6,26.0,18.4,63.0,0.0,,270.0,5.4,,1009.6,,3.0
2024-09-22,7,26.4,17.7,59.0,0.0,,305.0,17.6,,1008.6,,3.0
2024-09-22,8,27.6,18.3,57.0,0.0,,298.0,14.4,,1007.2,,3.0
2024-09-22,9,27.4,18.7,59.0,0.0,,270.0,5.4,,1005.4,,3.0
2024-09-22,10,27.1,17.9,57.0,0.4,,297.0,13.7,,1005.3,,8.0
2024-09-22,11,27.5,17.9,56.0,0.2,,307.0,10.8,,1005.1,,7.0
2024-09-22,12,25.8,20.1,71.0,0.0,,270.0,3.6,,1005.9,,3.0
2024-09-22,13,23.9,18.1,70.0,0.0,,282.0,12.6,,1006.8,,3.0
2024-09-22,14,24.1,18.3,70.0,0.0,,303.0,11.9,,1008.1,,3.0
2024-09-22,15,24.2,20.9,82.0,0.0,,0.0,0.0,,1009.1,,3.0
2024-09-22,16,23.5,18.2,72.0,0.0,,284.0,14.0,,1010.2,,3.0
2024-09-22,17,22.7,18.7,78.0,0.0,,286.0,14.8,,1010.6,,3.0
2024-09-22,18,23.4,20.7,85.0,0.0,,270.0,7.6,,1010.3,,3.0
2024-09-22,19,21.1,19.2,89.0,0.0,,289.0,11.2,,1009.2,,3.0
2024-09-22,20,20.6,19.3,92.0,0.0,,278.0,13.7,,1008.8,,3.0
2024-09-22,21,22.2,19.7,86.0,0.0,,270.0,7.6,,1008.4,,3.0
2024-09-22,22,20.1,19.3,95.0,0.0,,267.0,13.0,,1008.4,,3.0
2024-09-22,23,20.3,19.3,94.0,0.0,,270.0,14.8,,1008.3,,3.0
2024-09-23,0,21.6,19.5,88.0,0.0,,270.0,9.4,,1008.6,,3.0
2024-09-23,1,20.1,19.3,95.0,0.0,,276.0,14.8,,1009.0,,3.0
2024-09-23,2,21.4,19.1,87.0,0.0,,281.0,19.8,,1009.6,,3.0
2024-09-23,3,22.2,19.7,86.0,0.0,,270.0,7.6,,1010.0,,3.0
2024-09-23,4,24.0,19.1,74.0,0.0,,288.0,21.6,,1009.9,,3.0
2024-09-23,5,25.3,19.4,70.0,0.1,,294.0,18.7,,1009.6,,7.0
2024-09-23,6,25.0,18.9,69.0,0.1,,270.0,5.4,,1008.7,,7.0
2024-09-23,7,28.7,20.2,60.0,0.0,,294.0,16.2,,1007.5,,3.0
2024-09-23,8,29.2,20.4,59.0,0.1,,293.0,15.5,,1006.2,,7.0
2024-09-23,9,28.2,18.3,55.0,0.0,,230.0,7.6,,1004.7,,3.0
2024-09-23,10,28.9,19.0,55.0,0.2,,291.0,15.8,,1003.4,,7.0
2024-09-23,11,25.0,20.9,78.0,0.9,,264.0,12.2,,1004.8,,8.0
2024-09-23,12,27.6,18.3,57.0,3.4,,230.0,5.4,,1006.7,,9.0
2024-09-23,13,21.8,20.6,93.0,2.5,,257.0,10.8,,1007.4,,9.0
2024-09-23,14,21.5,20.5,94.0,0.7,,250.0,13.7,,1008.2,,8.0
2024-09-23,15,24.8,21.3,81.0,0.3,,270.0,5.4,,1009.5,,8.0
2024-09-23,16,21.9,20.4,91.0,0.0,,248.0,14.4,,1010.1,,3.0
2024-09-23,17,21.2,20.0,93.0,0.2,,253.0,18.7,,1010.7,,7.0
2024-09-23,18,22.6,20.1,86.0,0.5,,270.0,3.6,,1010.1,,8.0
2024-09-23,19,21.0,20.2,95.0,0.0,,253.0,16.6,,1009.2,,3.0
2024-09-23,20,20.7,19.9,95.0,0.0,,258.0,15.5,,1008.6,,3.0
2024-09-23,21,22.0,19.9,88.0,0.0,,270.0,3.6,,1008.2,,3.0
2024-09-23,22,20.6,19.6,94.0,0.0,,260.0,16.2,,1007.9,,3.0
2024-09-23,23,20.6,19.6,94.0,0.0,,260.0,19.1,,1008.0,,3.0
2024-09-24,0,21.8,20.1,90.0,0.0,,270.0,3.6,,1007.9,,3.0
2024-09-24,1,21.0,19.5,91.0,0.0,,256.0,16.9,,1008.4,,3.0
2024-09-24,2,21.7,19.4,87.0,0.0,,256.0,20.5,,1009.0,,3.0
2024-09-24,3,22.4,20.7,90.0,0.0,,230.0,7.6,,1009.3,,3.0
2024-09-24,4,23.8,19.5,77.0,0.0,,259.0,22.0,,1009.7,,3.0
2024-09-24,5,25.5,19.4,69.0,0.2,,264.0,21.6,,1009.2,,7.0
2024-09-24,6,26.6,20.7,70.0,0.2,,290.0,5.4,,1008.3,,7.0
2024-09-24,7,28.7,19.6,58.0,0.0,,261.0,19.4,,1006.7,,3.0
2024-09-24,8,28.8,18.9,55.0,0.0,,257.0,19.8,,1005.3,,3.0
2024-09-24,9,27.4,19.0,60.0,0.3,,230.0,9.4,,1004.9,,8.0
2024-09-24,10,25.8,19.7,69.0,0.3,,258.0,22.0,,1004.5,,8.0
2024-09-24,11,23.3,20.4,84.0,0.3,,277.0,20.5,,1005.1,,8.0
2024-09-24,12,26.6,19.5,65.0,0.4,,230.0,11.2,,1005.5,,8.0
2024-09-24,13,22.1,20.4,90.0,0.4,,258.0,15.8,,1006.3,,8.0
2024-09-24,14,21.9,20.5,92.0,0.0,,243.0,18.7,,1007.2,,3.0
2024-09-24,15,24.4,21.1,82.0,0.0,,270.0,7.6,,1008.0,,3.0
2024-09-24,16,21.1,20.1,94.0,0.0,,243.0,19.4,,1009.5,,3.0
2024-09-24,17,20.8,20.0,95.0,0.0,,248.0,18.7,,1009.8,,3.0
2024-09-24,18,23.2,20.5,85.0,0.0,,270.0,5.4,,1009.5,,3.0
2024-09-24,19,20.9,19.7,93.0,0.0,,261.0,18.0,,1008.8,,3.0
2024-09-24,20,20.7,19.5,93.0,0.0,,260.0,18.0,,1008.2,,3.0
2024-09-24,21,22.4,19.4,83.0,0.0,,270.0,5.4,,1007.4,,3.0
2024-09-24,22,20.6,19.9,96.0,0.2,,253.0,16.9,,1007.3,,7.0
2024-09-24,23,20.4,20.1,98.0,1.4,,249.0,16.2,,1007.5,,9.0
2024-09-25,0,22.0,19.4,85.0,0.2,,230.0,7.6,,1008.0,,7.0
2024-09-25,1,20.7,19.9,95.0,0.0,,255.0,19.1,,1008.3,,3.0
2024-09-25,2,21.0,20.0,94.0,0.0,,248.0,19.1,,1008.8,,3.0
2024-09-25,3,22.8,20.1,85.0,0.0,,270.0,11.2,,1009.4,,3.0
2024-09-25,4,24.2,19.5,75.0,0.0,,264.0,25.9,,1009.5,,3.0
2024-09-25,5,25.6,19.3,68.0,0.0,,264.0,24.5,,1009.1,,3.0
2024-09-25,6,24.8,19.6,73.0,0.0,,270.0,7.6,,1008.4,,3.0
2024-09-25,7,27.1,18.9,61.0,0.0,,268.0,22.3,,1007.3,,3.0
2024-09-25,8,28.1,19.3,59.0,0.0,,266.0,19.8,,1006.1,,3.0
2024-09-25,9,27.2,19.0,61.0,0.0,,230.0,7.6,,1005.0,,3.0
2024-09-25,10,28.2,18.9,57.0,0.0,,262.0,20.9,,1004.5,,3.0
2024-09-25,11,25.4,19.5,70.0,0.4,,294.0,20.9,,1005.5,,8.0
2024-09-25,12,26.0,18.9,65.0,0.0,,230.0,9.4,,1006.0,,3.0
2024-09-25,13,23.7,20.2,81.0,0.0,,295.0,11.9,,1006.8,,3.0
2024-09-25,14,23.3,19.9,81.0,0.0,,278.0,13.3,,1007.9,,3.0
2024-09-25,15,23.6,16.6,65.0,0.0,,230.0,5.4,,1008.6,,3.0
2024-09-25,16,22.2,18.4,79.0,0.0,,260.0,19.1,,1009.5,,3.0
2024-09-25,17,22.0,18.4,80.0,0.0,,257.0,15.5,,1010.2,,3.0
2024-09-25,18,22.6,17.9,75.0,0.0,,270.0,9.4,,1010.1,,3.0
2024-09-25,19,20.9,19.0,89.0,0.0,,256.0,14.8,,1009.4,,3.0
2024-09-25,20,20.4,19.1,92.0,0.0,,258.0,14.8,,1008.8,,3.0
2024-09-25,21,21.8,18.4,81.0,0.0,,230.0,5.4,,1008.2,,3.0
2024-09-25,22,19.7,19.2,97.0,0.0,,248.0,14.4,,1008.0,,3.0
2024-09-25,23,19.7,19.2,97.0,0.0,,250.0,14.4,,1007.8,,3.0
2024-09-26,0,21.2,19.1,88.0,0.0,,254.0,3.6,,1007.9,,3.0
2024-09-26,1,19.8,19.1,96.0,0.0,,247.0,16.2,,1008.7,,3.0
2024-09-26,2,21.0,19.1,89.0,0.0,,252.0,19.1,,1009.4,,3.0
2024-09-26,3,22.6,19.0,80.0,0.0,,230.0,9.4,,1009.5,,3.0
2024-09-26,4,24.5,19.1,72.0,0.0,,268.0,20.9,,1009.9,,3.0
2024-09-26,5,26.3,18.9,64.0,0.0,,265.0,20.5,,1009.6,,3.0
2024-09-26,6,25.2,18.2,65.0,0.0,,230.0,9.4,,1009.2,,3.0
2024-09-26,7,28.0,19.0,58.0,0.0,,260.0,18.4,,1008.4,,3.0
2024-09-26,8,28.3,18.1,54.0,0.0,,264.0,18.7,,1006.4,,3.0
2024-09-26,9,27.0,18.8,61.0,0.0,,230.0,7.6,,1005.3,,3.0
2024-09-26,10,28.7,17.9,52.0,0.0,,260.0,18.0,,1004.8,,3.0
2024-09-26,11,28.3,17.8,53.0,0.0,,260.0,17.6,,1004.6,,3.0
2024-09-26,12,26.6,19.2,64.0,0.0,,230.0,7.6,,1005.5,,3.0
2024-09-26,13,24.7,19.1,71.0,0.0,,250.0,15.5,,1007.6,,3.0
2024-09-26,14,23.1,19.7,81.0,0.3,,268.0,14.4,,1009.1,,8.0
2024-09-26,15,25.0,19.4,71.0,0.0,,270.0,7.6,,1010.5,,3.0
2024-09-26,16,21.8,20.1,90.0,0.0,,234.0,13.3,,1011.2,,3.0
2024-09-26,17,21.8,20.1,90.0,0.0,,248.0,10.8,,1011.4,,3.0
2024-09-26,18,23.2,18.9,77.0,0.0,,270.0,3.6,,1011.2,,3.0
2024-09-26,19,21.3,19.4,89.0,0.0,,251.0,14.0,,1010.9,,3.0
2024-09-26,20,20.9,19.4,91.0,0.0,,253.0,14.0,,1010.5,,3.0
2024-09-26,21,21.8,19.2,85.0,0.0,,270.0,5.4,,1010.1,,3.0
2024-09-26,22,20.2,19.4,95.0,0.0,,263.0,13.3,,1009.5,,3.0
2024-09-26,23,19.7,19.2,97.0,0.0,,254.0,13.3,,1009.7,,3.0
2024-09-27,0,21.0,19.5,91.0,0.0,,270.0,5.4,,1010.0,,3.0
2024-09-27,1,19.5,19.0,97.0,0.0,,243.0,12.6,,1010.6,,3.0
2024-09-27,2,21.1,19.0,88.0,0.0,,250.0,17.3,,1011.4,,3.0
2024-09-27,3,22.2,19.6,85.0,0.0,,230.0,7.6,,1012.1,,3.0
2024-09-27,4,24.3,18.7,71.0,0.0,,258.0,17.3,,1012.0,,3.0
2024-09-27,5,26.4,18.5,62.0,0.0,,256.0,16.6,,1011.9,,3.0
2024-09-27,6,26.0,19.2,66.0,0.0,,230.0,7.6,,1011.3,,3.0
2024-09-27,7,27.9,18.3,56.0,0.1,,265.0,15.8,,1010.3,,7.0
2024-09-27,8,28.7,17.9,52.0,0.0,,270.0,14.8,,1008.8,,3.0
2024-09-27,9,27.6,18.0,56.0,0.0,,230.0,5.4,,1007.8,,3.0
2024-09-27,10,28.7,19.1,56.0,0.0,,261.0,9.4,,1007.5,,3.0
2024-09-27,11,27.9,18.6,57.0,0.0,,271.0,12.6,,1007.3,,3.0
2024-09-27,12,27.4,17.0,53.0,0.0,,230.0,5.4,,1008.1,,3.0
2024-09-27,13,24.9,18.8,69.0,0.0,,268.0,18.0,,1009.7,,3.0
2024-09-27,14,21.9,20.0,89.0,0.0,,297.0,7.6,,1011.8,,3.0
2024-09-27,15,25.0,18.7,68.0,0.0,,270.0,5.4,,1012.7,,3.0
2024-09-27,16,21.2,20.5,96.0,0.0,,301.0,4.7,,1013.4,,3.0
2024-09-27,17,20.9,20.2,96.0,0.0,,291.0,5.8,,1013.5,,3.0
2024-09-27,18,23.4,18.7,75.0,0.0,,270.0,3.6,,1013.0,,3.0
2024-09-27,19,20.3,19.8,97.0,0.0,,282.0,5.8,,1011.9,,3.0
2024-09-27,20,19.9,19.4,97.0,0.0,,277.0,5.4,,1011.3,,3.0
2024-09-27,21,23.0,19.4,80.0,0.0,,270.0,3.6,,1011.0,,3.0
2024-09-27,22,19.6,19.3,98.0,0.0,,261.0,4.7,,1010.9,,3.0
2024-09-27,23,19.6,19.4,99.0,0.0,,240.0,4.7,,1011.0,,3.0
2024-09-28,0,21.4,19.7,90.0,0.0,,270.0,3.6,,1011.3,,3.0
2024-09-28,1,19.4,19.4,100.0,0.0,,248.0,4.0,,1011.8,,3.0
2024-09-28,2,21.3,19.9,92.0,0.0,,278.0,4.7,,1012.7,,3.0
2024-09-28,3,23.6,19.7,79.0,0.0,,270.0,5.4,,1013.3,,3.0
2024-09-28,4,24.9,19.3,71.0,0.0,,325.0,9.7,,1013.4,,3.0
2024-09-28,5,26.7,19.1,63.0,0.0,,333.0,8.3,,1012.7,,3.0
2024-09-28,6,27.2,17.1,54.0,0.2,,270.0,5.4,,1012.2,,17.0
2024-09-28,7,27.5,19.6,62.0,0.0,,314.0,5.4,,1011.3,,3.0
2024-09-28,8,28.7,19.3,57.0,0.1,,329.0,6.5,,1009.5,,7.0
2024-09-28,9,28.0,20.3,63.0,0.4,,270.0,3.6,,1008.6,,8.0
2024-09-28,10,26.7,19.3,64.0,0.8,,44.0,10.4,,1008.5,,8.0
2024-09-28,11,25.5,19.6,70.0,0.3,,84.0,10.4,,1009.2,,8.0
2024-09-28,12,27.6,18.3,57.0,0.0,,270.0,3.6,,1009.7,,3.0
2024-09-28,13,23.4,20.2,82.0,0.0,,123.0,4.7,,1010.8,,3.0
2024-09-28,14,22.5,20.4,88.0,1.9,,204.0,9.0,,1012.1,,9.0
2024-09-28,15,25.0,22.7,87.0,0.3,,90.0,5.4,,1012.5,,8.0
2024-09-28,16,21.6,20.9,96.0,0.0,,93.0,6.5,,1013.4,,3.0
2024-09-28,17,21.8,20.6,93.0,0.6,,160.0,5.8,,1014.2,,17.0
2024-09-28,18,22.0,19.9,88.0,3.2,,90.0,5.4,,1014.6,,9.0
2024-09-28,19,20.7,19.7,94.0,0.6,,123.0,8.6,,1014.1,,8.0
2024-09-28,20,20.6,19.9,96.0,6.5,,138.0,10.8,,1012.9,,9.0
2024-09-28,21,20.8,20.0,95.0,0.0,,50.0,5.4,,1012.8,,3.0
2024-09-28,22,20.5,19.5,94.0,0.0,,158.0,6.5,,1012.6,,3.0
2024-09-28,23,20.2,19.5,96.0,1.3,,115.0,8.3,,1013.0,,9.0
2024-09-29,0,20.1,19.3,95.0,0.2,,132.0,4.3,,1013.4,,7.0
2024-09-29,1,20.9,19.7,93.0,1.2,,120.0,2.9,,1013.1,,9.0
2024-09-29,2,21.6,19.9,90.0,0.0,,90.0,1.4,,1013.9,,3.0
2024-09-29,3,22.0,19.9,88.0,0.0,,270.0,5.4,,1014.3,,3.0
2024-09-29,4,24.9,20.8,78.0,0.0,,51.0,8.6,,1014.2,,2.0
2024-09-29,5,26.4,20.0,68.0,0.3,,64.0,11.9,,1013.4,,17.0
2024-09-29,6,27.0,18.3,59.0,0.2,,270.0,5.4,,1012.4,,17.0
2024-09-29,7,28.4,19.6,59.0,0.1,,66.0,12.2,,1011.2,,17.0
2024-09-29,8,28.9,19.5,57.0,0.0,,80.0,13.0,,1009.9,,3.0
2024-09-29,9,29.4,20.8,60.0,1.8,,270.0,3.6,,1009.9,,9.0
2024-09-29,10,26.0,20.1,70.0,0.2,,192.0,10.1,,1008.5,,7.0
2024-09-29,11,27.4,19.0,60.0,4.1,,77.0,14.0,,1008.6,,18.0
2024-09-29,12,27.8,17.0,52.0,0.2,,270.0,5.4,,1009.1,,17.0
2024-09-29,13,25.0,18.9,69.0,0.0,,100.0,13.3,,1010.0,,2.0
2024-09-29,14,24.2,18.8,72.0,0.0,,133.0,13.0,,1011.5,,2.0
2024-09-29,15,25.6,19.3,68.0,0.0,,143.0,3.6,,1013.2,,2.0
2024-09-29,16,22.7,19.9,84.0,0.0,,122.0,9.7,,1014.1,,1.0
2024-09-29,17,21.8,20.3,91.0,0.0,,146.0,11.5,,1014.3,,1.0
2024-09-29,18,24.4,20.9,81.0,0.0,,230.0,9.4,,1014.1,,2.0
2024-09-29,19,21.0,20.5,97.0,0.0,,193.0,6.8,,1013.9,,1.0
2024-09-29,20,21.4,20.6,95.0,0.0,,161.0,7.6,,1013.0,,3.0
2024-09-29,21,23.2,20.5,85.0,0.0,,230.0,5.4,,1012.5,,3.0
2024-09-29,22,20.5,20.3,99.0,0.0,,151.0,6.1,,1012.5,,3.0
2024-09-29,23,20.8,20.3,97.0,0.0,,148.0,10.1,,1012.2,,3.0
2024-09-30,0,22.4,19.9,86.0,0.0,,0.0,0.0,,1012.9,,3.0
2024-09-30,1,20.8,20.3,97.0,0.0,,151.0,6.1,,1013.5,,3.0
2024-09-30,2,21.9,20.0,89.0,0.0,,200.0,5.4,,1014.1,,3.0
2024-09-30,3,24.8,21.3,81.0,0.0,,270.0,3.6,,1014.6,,2.0
2024-09-30,4,25.4,19.5,70.0,0.0,,135.0,6.1,,1014.5,,3.0
2024-09-30,5,26.7,19.3,64.0,0.1,,109.0,6.8,,1013.8,,17.0
2024-09-30,6,27.8,20.1,63.0,0.1,,270.0,3.6,,1012.8,,17.0
2024-09-30,7,29.2,18.3,52.0,0.0,,84.0,11.9,,1011.2,,2.0
2024-09-30,8,29.9,18.4,50.0,0.0,,88.0,13.3,,1009.7,,2.0
2024-09-30,9,29.6,19.6,55.0,0.0,,90.0,3.6,,1008.4,,1.0
2024-09-30,10,30.1,17.6,47.0,0.0,,98.0,14.0,,1007.7,,2.0
2024-09-30,11,29.0,16.9,48.0,0.0,,118.0,14.4,,1007.6,,2.0
2024-09-30,12,29.0,19.3,56.0,0.0,,50.0,5.4,,1008.0,,2.0
2024-09-30,13,26.0,17.1,58.0,0.0,,130.0,12.6,,1009.1,,2.0
2024-09-30,14,25.1,17.6,63.0,0.0,,136.0,11.9,,1010.5,,1.0
2024-09-30,15,26.4,16.1,53.0,0.0,,270.0,5.4,,1011.7,,1.0
2024-09-30,16,23.6,19.1,76.0,0.0,,125.0,12.2,,1012.3,,1.0
2024-09-30,17,22.5,18.1,76.0,0.0,,136.0,10.8,,1012.7,,1.0
2024-09-30,18,25.0,19.4,71.0,0.0,,270.0,7.6,,1012.3,,1.0
2024-09-30,19,21.3,19.2,88.0,0.0,,139.0,8.3,,1012.2,,1.0
2024-09-30,20,20.8,19.5,92.0,0.0,,137.0,6.8,,1011.8,,1.0
2024-09-30,21,24.0,20.7,82.0,0.0,,0.0,0.0,,1011.1,,1.0
2024-09-30,22,19.9,19.4,97.0,0.0,,164.0,6.1,,1010.9,,1.0
2024-09-30,23,20.0,19.8,99.0,0.0,,143.0,5.8,,1010.9,,2.0
2024-10-01,0,23.0,19.8,82.0,0.0,,0.0,0.0,,1011.4,,3.0
2024-10-01,1,20.5,20.3,99.0,0.0,,128.0,7.2,,1011.7,,3.0
2024-10-01,2,22.0,20.3,90.0,0.0,,147.0,10.1,,1012.6,,3.0
2024-10-01,3,25.6,20.0,71.0,0.0,,230.0,5.4,,1012.9,,2.0
2024-10-01,4,26.0,19.6,68.0,0.0,,140.0,7.9,,1012.5,,3.0
2024-10-01,5,27.5,19.0,60.0,0.0,,119.0,8.6,,1012.1,,2.0
2024-10-01,6,28.5,18.6,55.0,0.0,,20.0,10.1,,1010.8,,2.0
2024-10-01,7,29.4,18.5,52.0,0.1,,135.0,11.2,,1009.5,,17.0
2024-10-01,8,30.0,18.1,49.0,0.0,,136.0,11.2,,1008.1,,2.0
2024-10-01,9,31.4,18.0,45.0,0.0,,90.0,5.4,,1007.0,,2.0
2024-10-01,10,28.5,17.4,51.0,0.1,,160.0,11.5,,1007.1,,17.0
2024-10-01,11,29.0,17.2,49.0,0.0,,135.0,9.7,,1006.9,,3.0
2024-10-01,12,28.4,16.3,48.0,0.0,,270.0,5.4,,1007.4,,3.0
2024-10-01,13,26.7,18.3,60.0,0.0,,224.0,6.5,,1008.2,,3.0
2024-10-01,14,26.2,18.6,63.0,0.1,,230.0,5.0,,1009.9,,17.0
2024-10-01,15,27.8,18.5,57.0,0.0,,320.0,3.6,,1011.1,,3.0
2024-10-01,16,25.1,17.3,62.0,0.0,,118.0,7.9,,1011.9,,3.0
2024-10-01,17,24.2,17.0,64.0,0.0,,130.0,9.0,,1012.3,,2.0
2024-10-01,18,26.0,18.2,62.0,0.0,,320.0,3.6,,1012.3,,3.0
2024-10-01,19,23.3,17.5,70.0,0.0,,151.0,11.5,,1012.2,,3.0
2024-10-01,20,22.4,17.8,75.0,0.0,,167.0,10.4,,1011.7,,2.0
2024-10-01,21,24.4,20.7,80.0,0.0,,340.0,3.6,,1010.9,,1.0
2024-10-01,22,21.3,18.9,86.0,0.0,,197.0,10.8,,1010.4,,1.0
2024-10-01,23,20.7,18.8,89.0,0.0,,207.0,8.6,,1010.6,,1.0
2024-10-02,0,23.8,20.7,83.0,0.0,,360.0,3.6,,1011.0,,3.0
2024-10-02,1,20.5,19.7,95.0,0.0,,206.0,11.9,,1011.8,,3.0
2024-10-02,2,22.1,19.6,86.0,0.0,,217.0,11.5,,1012.7,,3.0
2024-10-02,3,26.4,20.5,70.0,0.0,,180.0,5.4,,1013.1,,1.0
2024-10-02,4,26.1,19.7,68.0,0.0,,219.0,12.2,,1013.0,,2.0
2024-10-02,5,27.5,20.1,64.0,0.0,,217.0,10.8,,1012.3,,3.0
2024-10-02,6,30.0,19.1,52.0,0.0,,180.0,5.4,,1011.3,,1.0
2024-10-02,7,29.6,19.9,56.0,0.0,,237.0,9.7,,1010.2,,2.0
2024-10-02,8,30.1,19.8,54.0,0.0,,245.0,8.6,,1009.3,,2.0
2024-10-02,9,32.0,18.2,44.0,0.0,,230.0,7.6,,1007.9,,2.0
2024-10-02,10,27.8,19.9,62.0,0.0,,276.0,7.6,,1008.0,,3.0
2024-10-02,11,26.3,20.6,71.0,0.9,,245.0,14.4,,1008.5,,8.0
2024-10-02,12,28.4,15.3,45.0,1.1,,230.0,7.6,,1009.6,,18.0
2024-10-02,13,23.4,20.5,84.0,0.3,,301.0,11.2,,1011.2,,8.0
2024-10-02,14,22.3,20.4,89.0,0.0,,268.0,11.9,,1012.6,,3.0
2024-10-02,15,23.8,21.1,85.0,0.0,,140.0,3.6,,1014.4,,3.0
2024-10-02,16,21.8,20.6,93.0,0.0,,313.0,4.0,,1014.6,,3.0
2024-10-02,17,21.3,20.5,95.0,0.0,,339.0,4.7,,1014.4,,3.0
2024-10-02,18,21.0,19.8,93.0,0.0,,270.0,3.6,,1014.3,,3.0
2024-10-02,19,21.0,20.2,95.0,0.0,,345.0,6.8,,1012.9,,3.0
2024-10-02,20,20.1,19.4,96.0,0.0,,5.0,15.1,,1012.7,,3.0
2024-10-02,21,20.4,18.9,91.0,0.0,,230.0,5.4,,1012.1,,3.0
2024-10-02,22,19.9,19.6,98.0,0.0,,252.0,7.9,,1011.3,,3.0
2024-10-02,23,19.8,19.6,99.0,0.0,,261.0,10.4,,1011.6,,3.0
2024-10-03,0,20.0,18.1,89.0,0.0,,230.0,5.4,,1012.0,,3.0
2024-10-03,1,20.1,19.8,98.0,0.0,,284.0,11.5,,1012.4,,5.0
2024-10-03,2,21.3,19.8,91.0,0.0,,297.0,15.5,,1013.2,,3.0
2024-10-03,3,22.4,19.4,83.0,0.0,,180.0,5.4,,1013.7,,3.0
2024-10-03,4,24.9,20.2,75.0,0.0,,302.0,15.8,,1013.7,,3.0
2024-10-03,5,26.3,20.4,70.0,0.0,,294.0,14.0,,1013.5,,3.0
2024-10-03,6,25.8,19.9,70.0,0.0,,230.0,7.6,,1013.1,,3.0
2024-10-03,7,27.9,20.2,63.0,0.1,,289.0,13.0,,1011.7,,7.0
2024-10-03,8,28.0,19.2,59.0,0.0,,300.0,13.0,,1010.0,,3.0
2024-10-03,9,27.0,17.5,56.0,0.2,,230.0,5.4,,1008.2,,7.0
2024-10-03,10,26.7,19.3,64.0,0.1,,287.0,13.3,,1007.9,,7.0
2024-10-03,11,27.1,19.5,63.0,0.9,,301.0,13.0,,1008.1,,8.0
2024-10-03,12,21.6,19.0,85.0,0.3,,250.0,5.4,,1009.1,,17.0
2024-10-03,13,24.5,19.6,74.0,0.2,,290.0,16.2,,1010.2,,7.0
2024-10-03,14,22.5,19.7,84.0,0.2,,300.0,12.6,,1011.9,,7.0
2024-10-03,15,21.8,19.4,86.0,0.0,,230.0,9.4,,1012.8,,3.0
2024-10-03,16,22.0,19.4,85.0,0.0,,337.0,9.7,,1013.6,,3.0
2024-10-03,17,21.4,19.3,88.0,0.0,,339.0,8.3,,1013.6,,3.0
2024-10-03,18,21.6,19.9,90.0,0.0,,270.0,5.4,,1013.1,,3.0
2024-10-03,19,20.8,19.8,94.0,0.0,,307.0,6.5,,1012.3,,3.0
2024-10-03,20,20.4,19.9,97.0,0.0,,275.0,5.8,,1012.0,,3.0
2024-10-03,21,22.0,19.0,83.0,0.0,,230.0,5.4,,1010.9,,3.0
2024-10-03,22,20.3,19.8,97.0,0.0,,268.0,6.8,,1010.8,,3.0
2024-10-03,23,20.0,19.7,98.0,0.0,,254.0,7.6,,1011.3,,3.0
2024-10-04,0,21.8,19.4,86.0,0.0,,230.0,5.4,,1011.9,,3.0
2024-10-04,1,20.1,19.8,98.0,0.0,,278.0,10.1,,1012.4,,3.0
2024-10-04,2,21.7,20.2,91.0,0.0,,292.0,10.4,,1013.1,,3.0
2024-10-04,3,23.6,20.5,83.0,0.0,,270.0,5.4,,1013.5,,3.0
2024-10-04,4,24.8,20.3,76.0,0.0,,287.0,10.8,,1013.5,,3.0
2024-10-04,5,26.5,20.4,69.0,0.0,,293.0,10.1,,1013.0,,3.0
2024-10-04,6,27.4,20.2,65.0,0.0,,320.0,5.4,,1012.2,,3.0
2024-10-04,7,28.3,20.3,62.0,0.1,,311.0,11.5,,1011.0,,17.0
2024-10-04,8,27.6,19.9,63.0,2.2,,335.0,12.2,,1009.3,,9.0
2024-10-04,9,28.2,22.0,69.0,0.5,,270.0,5.4,,1008.3,,8.0
2024-10-04,10,26.3,19.9,68.0,0.3,,321.0,11.9,,1008.1,,17.0
2024-10-04,11,25.6,19.7,70.0,0.0,,338.0,14.8,,1008.6,,3.0
2024-10-04,12,25.4,21.5,79.0,0.0,,270.0,3.6,,1009.0,,3.0
2024-10-04,13,23.3,20.6,85.0,0.9,,281.0,12.6,,1010.4,,8.0
2024-10-04,14,21.2,20.0,93.0,5.3,,285.0,15.5,,1012.1,,9.0
2024-10-04,15,23.0,19.8,82.0,2.3,,270.0,3.6,,1013.4,,9.0
2024-10-04,16,21.0,19.8,93.0,1.4,,283.0,8.3,,1013.4,,9.0
2024-10-04,17,21.3,20.3,94.0,1.0,,280.0,10.8,,1013.7,,9.0
2024-10-04,18,23.0,19.8,82.0,1.8,,270.0,3.6,,1013.8,,9.0
2024-10-04,19,21.0,20.0,94.0,1.2,,284.0,7.2,,1013.1,,9.0
2024-10-04,20,20.5,19.8,96.0,0.7,,301.0,8.6,,1012.7,,8.0
2024-10-04,21,22.4,19.4,83.0,0.6,,270.0,3.6,,1011.8,,8.0
2024-10-04,22,20.5,20.0,97.0,1.0,,282.0,6.8,,1011.3,,9.0
2024-10-04,23,20.4,19.9,97.0,1.6,,280.0,6.8,,1011.3,,9.0
2024-10-05,0,21.4,18.4,83.0,0.6,,270.0,5.4,,1011.8,,8.0
2024-10-05,1,19.8,19.3,97.0,1.9,,254.0,12.6,,1012.6,,9.0
2024-10-05,2,19.8,19.5,98.0,0.7,,278.0,12.6,,1013.6,,8.0
2024-10-05,3,21.6,20.1,91.0,0.5,,230.0,3.6,,1013.9,,8.0
2024-10-05,4,22.9,20.2,85.0,0.0,,314.0,11.9,,1014.1,,3.0
2024-10-05,5,23.5,20.2,82.0,0.1,,315.0,10.1,,1014.0,,7.0
2024-10-05,6,25.6,20.4,73.0,0.0,,230.0,5.4,,1013.1,,3.0
2024-10-05,7,25.7,20.5,73.0,0.0,,333.0,8.6,,1011.8,,3.0
2024-10-05,8,27.1,20.0,65.0,0.0,,308.0,9.7,,1009.9,,3.0
2024-10-05,9,27.8,19.6,61.0,0.5,,0.0,0.0,,1009.5,,8.0
2024-10-05,10,24.2,19.9,77.0,0.0,,313.0,10.4,,1009.3,,3.0
2024-10-05,11,23.9,20.0,79.0,0.0,,302.0,10.1,,1009.7,,3.0
2024-10-05,12,23.6,20.9,85.0,0.0,,0.0,0.0,,1010.4,,3.0
2024-10-05,13,22.5,19.9,85.0,0.0,,308.0,9.4,,1011.0,,3.0
2024-10-05,14,22.1,20.0,88.0,0.0,,301.0,5.8,,1012.2,,3.0
2024-10-05,15,22.4,19.2,82.0,0.0,,270.0,3.6,,1012.9,,3.0
2024-10-05,16,21.5,20.0,91.0,0.0,,291.0,5.0,,1013.5,,3.0
2024-10-05,17,21.1,20.1,94.0,0.0,,310.0,4.3,,1013.7,,3.0
2024-10-05,18,21.2,18.4,84.0,0.0,,270.0,3.6,,1013.2,,3.0
2024-10-05,19,20.6,20.1,97.0,0.0,,280.0,5.4,,1012.5,,3.0
2024-10-05,20,20.3,20.0,98.0,0.0,,292.0,5.4,,1012.0,,3.0
2024-10-05,21,20.8,18.4,86.0,0.2,,270.0,3.6,,1011.4,,7.0
2024-10-05,22,19.4,19.2,99.0,0.0,,286.0,5.4,,1011.1,,3.0
2024-10-05,23,20.1,19.8,98.0,0.0,,306.0,4.3,,1010.5,,3.0
2024-10-06,0,20.8,18.0,84.0,0.0,,270.0,3.6,,1011.1,,3.0
2024-10-06,1,19.6,19.4,99.0,0.0,,332.0,4.3,,1011.8,,3.0
2024-10-06,2,21.0,19.8,93.0,0.0,,329.0,4.0,,1012.6,,3.0
2024-10-06,3,21.6,19.5,88.0,0.0,,0.0,0.0,,1013.1,,3.0
2024-10-06,4,23.0,19.6,81.0,0.0,,260.0,3.6,,1013.9,,3.0
2024-10-06,5,24.3,19.4,74.0,0.0,,110.0,3.6,,1013.5,,3.0
2024-10-06,6,25.0,19.8,73.0,0.0,,112.0,3.6,,1012.3,,3.0
2024-10-06,7,27.1,18.7,60.0,0.0,,114.0,6.8,,1010.9,,3.0
2024-10-06,8,27.7,18.4,57.0,0.0,,106.0,9.0,,1009.5,,3.0
2024-10-06,9,28.2,17.1,51.0,0.0,,140.0,5.4,,1008.6,,3.0
2024-10-06,10,26.9,17.4,56.0,0.0,,104.0,11.5,,1008.2,,3.0
2024-10-06,11,26.6,17.7,58.0,0.0,,107.0,10.4,,1008.5,,3.0
2024-10-06,12,28.2,16.8,50.0,0.0,,140.0,3.6,,1009.3,,3.0
2024-10-06,13,24.7,17.9,66.0,0.0,,125.0,7.9,,1010.1,,3.0
2024-10-06,14,23.9,18.3,71.0,0.0,,122.0,5.4,,1011.2,,3.0
2024-10-06,15,24.6,20.1,76.0,0.0,,140.0,3.6,,1012.3,,3.0
2024-10-06,16,22.3,18.7,80.0,0.0,,115.0,5.8,,1013.0,,3.0
2024-10-06,17,21.4,18.8,85.0,0.0,,123.0,6.8,,1013.4,,3.0
2024-10-06,18,23.0,20.3,85.0,0.0,,0.0,0.0,,1013.3,,3.0
2024-10-06,19,20.8,18.0,84.0,0.0,,94.0,9.7,,1012.5,,3.0
2024-10-06,20,20.5,18.1,86.0,0.0,,98.0,9.7,,1012.1,,3.0
2024-10-06,21,22.6,19.9,85.0,0.0,,0.0,0.0,,1011.5,,3.0
2024-10-06,22,20.3,18.6,90.0,0.0,,97.0,9.7,,1011.4,,3.0
2024-10-06,23,19.3,18.6,96.0,0.0,,88.0,8.6,,1011.5,,3.0
2024-10-07,0,22.0,20.3,90.0,0.0,,90.0,1.8,,1011.9,,3.0
2024-10-07,1,19.4,19.1,98.0,0.0,,84.0,7.9,,1012.7,,3.0
2024-10-07,2,21.0,19.5,91.0,0.0,,94.0,8.3,,1013.6,,3.0
2024-10-07,3,23.4,19.8,80.0,0.0,,140.0,3.6,,1014.2,,3.0
2024-10-07,4,25.1,17.1,61.0,0.0,,88.0,11.9,,1014.0,,1.0
2024-10-07,5,26.6,15.9,52.0,0.0,,80.0,13.0,,1013.7,,1.0
2024-10-07,6,26.8,17.3,56.0,0.0,,180.0,5.4,,1012.7,,2.0
2024-10-07,7,28.4,15.0,44.0,0.0,,82.0,14.4,,1011.4,,1.0
2024-10-07,8,28.7,15.2,44.0,0.0,,81.0,14.0,,1010.1,,1.0
2024-10-07,9,29.2,15.0,42.0,0.0,,90.0,5.4,,1009.3,,1.0
2024-10-07,10,25.2,18.9,68.0,0.0,,86.0,23.0,,1009.7,,3.0
2024-10-07,11,23.8,19.1,75.0,0.1,,89.0,15.5,,1009.8,,7.0
2024-10-07,12,27.0,17.2,55.0,1.0,,90.0,5.4,,1010.9,,18.0
2024-10-07,13,22.1,20.6,91.0,3.2,,93.0,12.2,,1011.9,,9.0
2024-10-07,14,21.8,20.4,92.0,0.1,,87.0,9.7,,1013.3,,7.0
2024-10-07,15,23.8,19.3,76.0,0.0,,140.0,5.4,,1013.9,,3.0
2024-10-07,16,21.0,19.8,93.0,0.0,,108.0,10.1,,1014.7,,3.0
2024-10-07,17,20.8,20.0,95.0,0.0,,118.0,10.1,,1015.1,,3.0
2024-10-07,18,22.0,19.4,85.0,0.0,,0.0,0.0,,1015.0,,3.0
2024-10-07,19,20.4,20.1,98.0,0.0,,121.0,9.7,,1014.2,,3.0
2024-10-07,20,20.7,20.0,96.0,0.0,,116.0,9.4,,1012.8,,3.0
2024-10-07,21,22.0,19.5,86.0,0.0,,140.0,5.4,,1012.3,,3.0
2024-10-07,22,20.8,20.0,95.0,0.0,,142.0,7.6,,1012.2,,3.0
2024-10-07,23,21.0,19.8,93.0,0.0,,142.0,6.8,,1012.1,,3.0
2024-10-08,0,21.8,19.4,86.0,0.0,,125.0,3.6,,1012.7,,3.0
2024-10-08,1,20.6,19.9,96.0,0.0,,122.0,5.8,,1013.5,,3.0
2024-10-08,2,21.2,19.7,91.0,0.0,,116.0,7.9,,1014.2,,3.0
2024-10-08,3,23.4,19.1,77.0,0.0,,90.0,3.6,,1014.5,,3.0
2024-10-08,4,24.2,19.5,75.0,0.2,,122.0,9.7,,1014.7,,7.0
2024-10-08,5,25.6,20.0,71.0,0.1,,136.0,10.4,,1014.5,,7.0
2024-10-08,6,27.6,18.3,57.0,0.0,,140.0,5.4,,1013.5,,3.0
2024-10-08,7,27.7,19.5,61.0,0.0,,122.0,7.6,,1011.8,,3.0
2024-10-08,8,27.9,19.1,59.0,0.0,,114.0,8.6,,1010.3,,3.0
2024-10-08,9,29.0,20.5,60.0,0.0,,140.0,5.4,,1008.8,,3.0
2024-10-08,10,26.1,19.5,67.0,1.6,,129.0,7.9,,1008.7,,9.0
2024-10-08,11,26.1,18.8,64.0,3.8,,124.0,13.0,,1009.0,,9.0
2024-10-08,12,27.2,20.1,65.0,0.0,,140.0,5.4,,1009.9,,3.0
2024-10-08,13,24.0,19.3,75.0,0.0,,155.0,12.6,,1011.1,,3.0
2024-10-08,14,23.1,19.9,82.0,0.0,,149.0,12.6,,1012.3,,3.0
2024-10-08,15,25.4,20.4,74.0,0.0,,140.0,5.4,,1013.2,,3.0
2024-10-08,16,21.7,20.2,91.0,2.2,,112.0,9.7,,1014.3,,9.0
2024-10-08,17,21.2,20.2,94.0,0.0,,112.0,11.2,,1014.1,,3.0
2024-10-08,18,24.0,22.1,89.0,0.0,,140.0,5.4,,1014.1,,3.0
2024-10-08,19,20.8,20.5,98.0,0.0,,118.0,12.6,,1012.6,,3.0
2024-10-08,20,21.0,20.2,95.0,0.0,,119.0,12.2,,1012.0,,3.0
2024-10-08,21,22.6,20.5,88.0,0.0,,140.0,5.4,,1011.5,,3.0
2024-10-08,22,20.6,19.9,96.0,0.6,,143.0,10.1,,1011.5,,8.0
2024-10-08,23,20.9,19.9,94.0,0.2,,138.0,10.4,,1011.3,,7.0
2024-10-09,0,22.0,19.9,88.0,0.0,,140.0,7.6,,1011.4,,3.0
2024-10-09,1,20.5,19.8,96.0,0.0,,130.0,9.0,,1012.2,,3.0
2024-10-09,2,21.4,19.7,90.0,0.0,,135.0,14.0,,1012.7,,3.0
2024-10-09,3,24.6,19.9,75.0,0.0,,90.0,5.4,,1013.2,,3.0
2024-10-09,4,24.9,19.3,71.0,0.0,,140.0,15.1,,1013.3,,3.0
2024-10-09,5,26.2,19.3,66.0,0.0,,145.0,13.7,,1012.6,,3.0
2024-10-09,6,27.0,20.1,66.0,0.0,,140.0,5.4,,1011.4,,2.0
2024-10-09,7,27.7,19.0,59.0,0.0,,138.0,12.6,,1010.2,,2.0
2024-10-09,8,28.0,19.2,59.0,0.1,,131.0,13.7,,1008.7,,17.0
2024-10-09,9,28.4,18.5,55.0,0.2,,140.0,5.4,,1007.2,,17.0
2024-10-09,10,26.7,18.8,62.0,0.6,,142.0,15.1,,1007.2,,17.0
2024-10-09,11,24.9,19.7,73.0,0.8,,120.0,13.3,,1007.8,,17.0
2024-10-09,12,27.4,17.3,54.0,2.5,,140.0,5.4,,1009.1,,18.0
2024-10-09,13,22.1,20.2,89.0,0.0,,80.0,8.6,,1009.7,,3.0
2024-10-09,14,21.7,20.3,92.0,0.0,,99.0,9.0,,1010.6,,3.0
2024-10-09,15,25.2,19.8,72.0,0.0,,140.0,3.6,,1011.5,,3.0
2024-10-09,16,20.8,20.1,96.0,0.0,,124.0,10.4,,1012.0,,3.0
2024-10-09,17,21.1,19.9,93.0,0.0,,118.0,7.2,,1012.5,,3.0
2024-10-09,18,25.0,19.6,72.0,0.0,,140.0,5.4,,1012.2,,3.0
2024-10-09,19,20.5,19.7,95.0,0.3,,157.0,7.2,,1011.8,,17.0
2024-10-09,20,20.8,19.6,93.0,0.3,,148.0,8.3,,1011.1,,17.0
2024-10-09,21,23.0,19.4,80.0,0.0,,140.0,3.6,,1010.3,,3.0
2024-10-09,22,20.9,19.7,93.0,0.0,,140.0,8.3,,1009.3,,3.0
2024-10-09,23,20.2,19.9,98.0,0.0,,142.0,6.8,,1009.5,,3.0
2024-10-10,0,22.8,19.6,82.0,0.0,,140.0,3.6,,1009.9,,3.0
2024-10-10,1,20.1,19.9,99.0,0.0,,142.0,6.8,,1010.8,,3.0
2024-10-10,2,21.3,19.8,91.0,0.0,,148.0,11.2,,1011.4,,3.0
2024-10-10,3,23.6,19.9,80.0,0.0,,130.0,3.6,,1011.9,,3.0
2024-10-10,4,25.0,20.0,74.0,0.0,,136.0,10.1,,1011.9,,3.0
2024-10-10,5,26.1,19.7,68.0,0.0,,136.0,11.2,,1011.2,,3.0
2024-10-10,6,27.0,16.3,52.0,0.1,,50.0,5.4,,1010.4,,17.0
2024-10-10,7,27.3,19.4,62.0,0.0,,132.0,9.7,,1008.9,,3.0
2024-10-10,8,27.4,19.5,62.0,0.0,,126.0,10.8,,1006.8,,3.0
2024-10-10,9,28.0,19.5,60.0,0.0,,50.0,5.4,,1005.9,,3.0
2024-10-10,10,26.5,19.4,65.0,0.1,,135.0,14.0,,1005.4,,7.0
2024-10-10,11,24.8,19.6,73.0,1.8,,186.0,19.8,,1006.7,,9.0
2024-10-10,12,28.2,19.4,59.0,5.6,,140.0,7.6,,1008.0,,9.0
2024-10-10,13,22.1,19.6,86.0,1.3,,221.0,9.0,,1009.3,,9.0
2024-10-10,14,21.2,19.8,92.0,2.3,,172.0,7.6,,1010.7,,9.0
2024-10-10,15,25.0,21.3,80.0,0.2,,230.0,3.6,,1011.7,,7.0
2024-10-10,16,21.0,19.8,93.0,0.4,,138.0,6.5,,1012.1,,8.0
2024-10-10,17,21.1,19.7,92.0,0.0,,171.0,5.8,,1012.1,,3.0
2024-10-10,18,23.0,20.5,86.0,0.0,,230.0,7.6,,1011.5,,3.0
2024-10-10,19,19.6,19.4,99.0,0.0,,146.0,5.8,,1011.0,,3.0
2024-10-10,20,19.3,19.1,99.0,0.0,,124.0,5.0,,1010.1,,3.0
2024-10-10,21,22.2,20.5,90.0,0.0,,0.0,0.0,,1009.4,,3.0
2024-10-10,22,19.3,19.1,99.0,0.0,,111.0,5.0,,1009.0,,3.0
2024-10-10,23,20.6,19.8,95.0,0.0,,128.0,7.6,,1009.2,,3.0
2024-10-11,0,21.4,19.9,91.0,0.0,,90.0,1.8,,1009.4,,3.0
2024-10-11,1,20.0,19.8,99.0,0.0,,120.0,7.2,,1010.2,,3.0
2024-10-11,2,21.4,19.9,91.0,0.0,,119.0,11.9,,1011.2,,3.0
2024-10-11,3,23.0,19.4,80.0,0.0,,140.0,3.6,,1011.7,,3.0
2024-10-11,4,24.4,19.5,74.0,0.0,,121.0,12.2,,1011.6,,3.0
2024-10-11,5,26.3,18.9,64.0,0.1,,121.0,13.0,,1011.0,,17.0
2024-10-11,6,26.2,19.3,66.0,0.0,,90.0,3.6,,1009.9,,3.0
2024-10-11,7,28.2,18.6,56.0,0.2,,122.0,16.2,,1008.3,,7.0
2024-10-11,8,28.0,18.4,56.0,0.2,,125.0,15.5,,1007.2,,17.0
2024-10-11,9,28.0,19.0,58.0,0.6,,140.0,3.6,,1006.7,,8.0
2024-10-11,10,25.4,20.0,72.0,0.6,,114.0,13.7,,1006.6,,8.0
2024-10-11,11,24.1,19.8,77.0,0.7,,133.0,18.0,,1006.8,,8.0
2024-10-11,12,27.0,18.3,59.0,0.0,,140.0,3.6,,1008.4,,3.0
2024-10-11,13,21.9,20.2,90.0,0.1,,155.0,11.5,,1009.3,,7.0
2024-10-11,14,21.6,19.9,90.0,1.3,,148.0,13.0,,1011.3,,9.0
2024-10-11,15,24.2,19.7,76.0,0.6,,140.0,5.4,,1012.0,,8.0
2024-10-11,16,20.8,20.1,96.0,0.0,,181.0,9.0,,1012.6,,3.0
2024-10-11,17,20.8,20.0,95.0,0.0,,184.0,7.2,,1012.7,,3.0
2024-10-11,18,23.4,20.7,85.0,0.0,,90.0,5.4,,1012.7,,3.0
2024-10-11,19,21.0,19.8,93.0,0.0,,128.0,9.0,,1011.1,,3.0
2024-10-11,20,21.0,19.8,93.0,0.0,,124.0,9.0,,1010.6,,3.0
2024-10-11,21,23.4,19.1,77.0,0.0,,140.0,5.4,,1009.8,,3.0
2024-10-11,22,20.7,19.9,95.0,0.1,,112.0,7.2,,1009.8,,7.0
2024-10-11,23,20.7,19.9,95.0,0.0,,108.0,7.9,,1010.1,,3.0
2024-10-12,0,21.4,18.0,81.0,0.0,,0.0,0.0,,1010.4,,3.0
2024-10-12,1,20.1,19.8,98.0,0.0,,108.0,7.9,,1011.5,,3.0
2024-10-12,2,21.4,19.5,89.0,0.0,,114.0,12.2,,1012.3,,3.0
2024-10-12,3,23.2,20.2,83.0,0.0,,140.0,5.4,,1012.4,,3.0
2024-10-12,4,24.4,19.2,73.0,0.1,,113.0,16.2,,1012.7,,7.0
2024-10-12,5,25.9,19.8,69.0,0.1,,119.0,18.0,,1012.3,,17.0
2024-10-12,6,26.2,20.5,71.0,0.1,,140.0,7.6,,1011.4,,17.0
2024-10-12,7,27.1,19.5,63.0,0.0,,117.0,16.9,,1009.8,,3.0
2024-10-12,8,23.0,20.0,83.0,1.8,,132.0,19.1,,1009.6,,9.0
2024-10-12,9,27.4,20.0,64.0,0.1,,140.0,5.4,,1008.4,,7.0
2024-10-12,10,24.2,19.9,77.0,0.9,,121.0,16.2,,1008.8,,17.0
2024-10-12,11,24.9,19.9,74.0,0.0,,111.0,13.0,,1008.2,,3.0
2024-10-12,12,25.0,21.7,82.0,0.0,,140.0,3.6,,1008.8,,2.0
2024-10-12,13,23.1,19.5,80.0,0.1,,120.0,11.9,,1009.8,,7.0
2024-10-12,14,22.3,19.8,86.0,0.0,,122.0,10.8,,1011.2,,3.0
2024-10-12,15,24.0,20.3,80.0,0.0,,140.0,5.4,,1012.6,,3.0
2024-10-12,16,20.2,19.7,97.0,0.0,,117.0,6.1,,1013.3,,3.0
2024-10-12,17,20.5,20.0,97.0,0.0,,114.0,7.2,,1013.4,,3.0
2024-10-12,18,23.0,20.9,88.0,0.0,,50.0,3.6,,1013.5,,3.0
2024-10-12,19,20.6,20.1,97.0,0.0,,106.0,5.8,,1012.7,,3.0
2024-10-12,20,20.3,20.0,98.0,0.0,,92.0,9.0,,1011.4,,3.0
2024-10-12,21,22.4,20.3,88.0,0.0,,50.0,3.6,,1010.8,,3.0
2024-10-12,22,20.8,19.8,94.0,0.0,,92.0,10.8,,1011.0,,3.0
2024-10-12,23,20.9,19.7,93.0,0.0,,88.0,11.9,,1010.9,,3.0
2024-10-13,0,22.0,19.9,88.0,0.0,,90.0,5.4,,1011.2,,3.0
2024-10-13,1,20.1,19.8,98.0,0.0,,88.0,10.4,,1011.7,,3.0
2024-10-13,2,21.1,19.6,91.0,0.0,,96.0,14.4,,1012.4,,3.0
2024-10-13,3,22.0,20.5,91.0,0.0,,50.0,5.4,,1012.6,,3.0
2024-10-13,4,24.3,19.2,73.0,0.1,,107.0,15.8,,1012.8,,7.0
2024-10-13,5,25.6,19.0,67.0,0.0,,102.0,16.6,,1012.4,,3.0
2024-10-13,6,24.6,20.7,79.0,0.0,,90.0,5.4,,1011.2,,3.0
2024-10-13,7,27.3,18.9,60.0,0.3,,110.0,16.9,,1010.0,,17.0
2024-10-13,8,27.0,19.1,62.0,0.2,,117.0,16.6,,1009.1,,17.0
2024-10-13,9,26.0,22.7,82.0,0.5,,50.0,5.4,,1008.8,,17.0
2024-10-13,10,26.8,19.7,65.0,0.0,,102.0,13.3,,1007.8,,3.0
2024-10-13,11,25.9,19.3,67.0,0.2,,116.0,14.4,,1007.9,,7.0
2024-10-13,12,24.8,20.5,77.0,0.3,,50.0,3.6,,1009.3,,8.0
2024-10-13,13,23.0,19.8,82.0,0.0,,144.0,13.3,,1010.6,,3.0
2024-10-13,14,22.1,20.0,88.0,0.0,,141.0,9.0,,1011.4,,3.0
2024-10-13,15,24.4,19.7,75.0,0.0,,160.0,3.6,,1012.5,,1.0
2024-10-13,16,20.9,19.9,94.0,0.0,,134.0,7.6,,1013.1,,2.0
2024-10-13,17,19.5,19.2,98.0,0.0,,101.0,6.1,,1013.2,,3.0
2024-10-13,18,23.0,20.0,83.0,0.0,,140.0,3.6,,1012.6,,2.0
2024-10-13,19,19.9,19.7,99.0,0.0,,153.0,4.7,,1012.0,,3.0
2024-10-13,20,19.8,19.8,100.0,0.0,,86.0,2.5,,1011.3,,3.0
2024-10-13,21,22.6,19.9,85.0,0.0,,70.0,3.6,,1010.9,,5.0
2024-10-13,22,19.5,19.5,100.0,0.0,,7.0,3.6,,1010.1,,5.0
2024-10-13,23,19.5,19.5,100.0,0.0,,15.0,4.7,,1010.3,,5.0
2024-10-14,0,21.6,19.0,85.0,0.0,,20.0,1.8,,1010.7,,5.0
2024-10-14,1,19.9,19.7,99.0,0.0,,359.0,7.9,,1011.7,,5.0
2024-10-14,2,20.3,19.8,97.0,0.0,,16.0,7.9,,1012.6,,5.0
2024-10-14,3,21.6,20.1,91.0,1.6,,346.0,3.6,,1013.5,,9.0
2024-10-14,4,21.8,20.3,91.0,0.4,,354.0,8.3,,1013.6,,8.0
2024-10-14,5,22.8,20.7,88.0,0.4,,14.0,6.8,,1013.3,,8.0
2024-10-14,6,22.2,19.6,85.0,0.3,,0.0,0.0,,1012.6,,8.0
2024-10-14,7,23.4,20.3,83.0,0.5,,24.0,10.8,,1011.3,,8.0
2024-10-14,8,23.6,19.1,76.0,0.2,,348.0,10.4,,1010.5,,7.0
2024-10-14,9,24.8,18.0,66.0,2.9,,50.0,5.4,,1009.8,,9.0
2024-10-14,10,21.7,19.8,89.0,3.5,,0.0,10.1,,1009.4,,9.0
2024-10-14,11,21.8,20.1,90.0,1.4,,344.0,7.9,,1009.3,,9.0
2024-10-14,12,23.8,19.1,75.0,1.2,,360.0,3.6,,1009.9,,9.0
2024-10-14,13,20.9,19.9,94.0,1.8,,348.0,10.1,,1010.2,,9.0
2024-10-14,14,20.9,20.1,95.0,1.1,,349.0,8.3,,1011.1,,9.0
2024-10-14,15,21.4,19.0,86.0,0.9,,0.0,0.0,,1012.0,,8.0
2024-10-14,16,20.5,20.0,97.0,1.9,,341.0,10.4,,1012.3,,9.0
2024-10-14,17,20.4,19.9,97.0,2.0,,342.0,7.9,,1012.4,,9.0
2024-10-14,18,21.0,18.6,86.0,2.2,,0.0,0.0,,1012.1,,9.0
2024-10-14,19,20.2,19.7,97.0,1.6,,351.0,8.6,,1011.5,,9.0
2024-10-14,20,20.1,19.8,98.0,1.5,,23.0,8.6,,1010.4,,9.0
2024-10-14,21,20.4,19.2,93.0,0.7,,270.0,3.6,,1009.5,,8.0
2024-10-14,22,20.1,19.8,98.0,0.3,,25.0,8.6,,1009.3,,8.0
2024-10-14,23,19.9,19.6,98.0,0.2,,12.0,7.9,,1009.6,,7.0
2024-10-15,0,20.4,18.9,91.0,2.2,,0.0,0.0,,1009.7,,9.0
2024-10-15,1,20.0,19.7,98.0,1.5,,352.0,8.6,,1010.7,,9.0
2024-10-15,2,20.2,19.5,96.0,2.8,,348.0,7.9,,1011.4,,9.0
2024-10-15,3,21.4,18.0,81.0,1.1,,90.0,3.6,,1012.0,,9.0
2024-10-15,4,20.1,19.6,97.0,1.1,,335.0,10.8,,1012.9,,9.0
2024-10-15,5,20.2,19.9,98.0,7.4,,311.0,8.6,,1012.7,,9.0
2024-10-15,6,21.4,18.0,81.0,9.0,,230.0,3.6,,1011.9,,9.0
2024-10-15,7,20.6,20.1,97.0,10.8,,280.0,9.0,,1010.5,,9.0
2024-10-15,8,21.0,20.3,96.0,12.6,,267.0,7.9,,1009.6,,9.0
2024-10-15,9,21.0,18.0,83.0,8.8,,90.0,5.4,,1008.1,,9.0
2024-10-15,10,22.2,19.7,86.0,1.1,,104.0,14.0,,1008.4,,9.0
2024-10-15,11,21.7,19.6,88.0,0.9,,115.0,13.0,,1009.3,,8.0
2024-10-15,12,20.6,17.8,84.0,1.5,,90.0,3.6,,1009.8,,9.0
2024-10-15,13,21.1,20.1,94.0,0.5,,86.0,6.8,,1010.3,,8.0
2024-10-15,14,20.8,20.3,97.0,1.1,,96.0,3.6,,1011.7,,9.0
2024-10-15,15,20.6,18.4,87.0,0.8,,0.0,0.0,,1013.0,,8.0
2024-10-15,16,19.8,19.5,98.0,1.1,,61.0,8.3,,1013.5,,9.0
2024-10-15,17,19.7,19.2,97.0,0.7,,50.0,6.8,,1012.9,,8.0
2024-10-15,18,20.4,18.9,91.0,0.1,,0.0,0.0,,1012.6,,7.0
2024-10-15,19,19.6,19.1,97.0,0.3,,74.0,5.4,,1011.9,,8.0
2024-10-15,20,19.4,19.1,98.0,0.8,,51.0,4.7,,1010.9,,8.0
2024-10-15,21,20.0,18.8,93.0,0.9,,0.0,0.0,,1010.2,,8.0
2024-10-15,22,19.4,19.1,98.0,1.2,,276.0,4.3,,1010.2,,9.0
2024-10-15,23,19.3,19.0,98.0,1.0,,323.0,6.1,,1010.1,,9.0
2024-10-16,0,20.0,18.8,93.0,1.1,,0.0,0.0,,1010.5,,9.0
2024-10-16,1,19.6,19.4,99.0,0.1,,281.0,5.8,,1011.2,,7.0
2024-10-16,2,20.4,19.6,95.0,0.0,,303.0,8.6,,1012.0,,3.0
2024-10-16,3,20.6,19.1,91.0,0.0,,320.0,3.6,,1012.5,,3.0
2024-10-16,4,22.8,19.4,81.0,0.0,,345.0,10.1,,1012.8,,3.0
2024-10-16,5,23.2,19.4,79.0,0.5,,322.0,11.2,,1011.8,,8.0
2024-10-16,6,20.6,19.9,96.0,0.0,,360.0,3.6,,1011.0,,3.0
2024-10-16,7,24.0,19.5,76.0,0.1,,331.0,12.2,,1009.6,,7.0
2024-10-16,8,24.0,19.5,76.0,0.2,,331.0,12.6,,1008.2,,7.0
2024-10-16,9,21.6,20.4,93.0,0.0,,230.0,3.6,,1007.3,,3.0
2024-10-16,10,22.7,19.7,83.0,0.0,,300.0,8.6,,1007.6,,3.0
2024-10-16,11,23.0,19.8,82.0,0.1,,308.0,6.8,,1008.0,,7.0
2024-10-16,12,21.4,20.7,96.0,1.4,,0.0,0.0,,1008.5,,9.0
2024-10-16,13,21.2,20.2,94.0,0.5,,254.0,6.5,,1009.3,,8.0
2024-10-16,14,20.8,20.0,95.0,0.7,,261.0,6.8,,1010.4,,8.0
2024-10-16,15,21.6,20.9,96.0,0.3,,230.0,3.6,,1011.5,,8.0
2024-10-16,16,20.5,19.5,94.0,0.0,,269.0,4.7,,1011.8,,3.0
2024-10-16,17,20.0,19.5,97.0,0.0,,270.0,5.0,,1011.5,,3.0
2024-10-16,18,21.4,20.7,96.0,0.0,,230.0,3.6,,1011.3,,3.0
2024-10-16,19,18.9,18.6,98.0,0.0,,249.0,5.4,,1011.0,,3.0
2024-10-16,20,20.2,19.9,98.0,0.0,,344.0,5.4,,1010.0,,3.0
2024-10-16,21,21.2,20.5,96.0,0.0,,0.0,0.0,,1009.3,,3.0
2024-10-16,22,20.2,19.7,97.0,0.0,,240.0,7.6,,1008.7,,3.0
2024-10-16,23,19.8,19.6,99.0,0.0,,249.0,8.6,,1008.9,,3.0
2024-10-17,0,21.0,20.3,96.0,0.0,,0.0,0.0,,1009.5,,3.0
2024-10-17,1,19.9,19.7,99.0,0.1,,238.0,8.6,,1010.4,,7.0
2024-10-17,2,20.5,19.8,96.0,0.0,,250.0,10.1,,1011.4,,5.0
2024-10-17,3,22.8,20.7,88.0,0.1,,270.0,11.2,,1012.1,,7.0
2024-10-17,4,22.0,19.9,88.0,0.0,,236.0,11.5,,1012.5,,3.0
2024-10-17,5,22.7,20.0,85.0,0.2,,239.0,12.6,,1012.4,,7.0
2024-10-17,6,23.0,21.3,90.0,0.2,,230.0,3.6,,1010.8,,17.0
2024-10-17,7,26.3,19.4,66.0,0.0,,245.0,14.4,,1009.4,,3.0
2024-10-17,8,26.9,19.0,62.0,0.0,,252.0,12.2,,1007.8,,3.0
2024-10-17,9,26.2,20.3,70.0,0.1,,230.0,5.4,,1006.7,,7.0
2024-10-17,10,27.0,18.8,61.0,0.0,,292.0,9.4,,1006.3,,3.0
2024-10-17,11,26.7,18.8,62.0,0.0,,230.0,8.6,,1006.5,,3.0
2024-10-17,12,26.0,17.4,59.0,0.0,,230.0,5.4,,1007.5,,3.0
2024-10-17,13,23.7,19.4,77.0,0.0,,212.0,12.2,,1008.5,,3.0
2024-10-17,14,22.9,19.5,81.0,0.0,,222.0,12.6,,1009.8,,3.0
2024-10-17,15,23.0,19.4,80.0,0.0,,230.0,3.6,,1011.0,,3.0
2024-10-17,16,20.8,20.3,97.0,0.0,,231.0,6.8,,1012.3,,3.0
2024-10-17,17,20.7,20.2,97.0,0.0,,237.0,9.4,,1012.1,,3.0
2024-10-17,18,22.0,19.4,85.0,0.0,,230.0,3.6,,1012.1,,3.0
2024-10-17,19,20.2,19.7,97.0,0.0,,248.0,10.1,,1011.7,,3.0
2024-10-17,20,19.9,19.6,98.0,0.0,,242.0,9.4,,1010.8,,3.0
2024-10-17,21,21.8,19.2,85.0,0.0,,250.0,3.6,,1009.5,,3.0
2024-10-17,22,19.6,19.4,99.0,0.0,,251.0,9.4,,1009.2,,3.0
2024-10-17,23,19.5,19.3,99.0,0.0,,244.0,8.3,,1009.2,,3.0
2024-10-18,0,20.8,18.4,86.0,0.0,,250.0,3.6,,1009.8,,3.0
2024-10-18,1,19.8,19.6,99.0,0.0,,264.0,9.4,,1010.9,,3.0
2024-10-18,2,20.5,19.7,95.0,0.0,,259.0,10.1,,1011.8,,5.0
2024-10-18,3,23.0,19.8,82.0,0.0,,50.0,7.6,,1012.6,,3.0
2024-10-18,4,23.7,20.0,80.0,0.1,,292.0,7.6,,1013.1,,7.0
2024-10-18,5,25.1,20.6,76.0,0.0,,285.0,7.2,,1012.8,,3.0
2024-10-18,6,26.6,21.1,72.0,0.0,,270.0,11.2,,1011.6,,3.0
2024-10-18,7,26.8,19.9,66.0,0.0,,274.0,10.4,,1009.6,,3.0
2024-10-18,8,27.3,19.4,62.0,0.0,,280.0,8.6,,1008.4,,3.0
2024-10-18,9,26.8,17.6,57.0,2.4,,230.0,5.4,,1008.7,,9.0
2024-10-18,10,22.2,19.9,87.0,6.7,,63.0,17.6,,1009.1,,9.0
2024-10-18,11,22.7,20.2,86.0,0.2,,100.0,8.6,,1009.2,,7.0
2024-10-18,12,27.2,20.8,68.0,0.0,,230.0,3.6,,1009.7,,3.0
2024-10-18,13,21.4,20.6,95.0,0.0,,20.0,4.0,,1010.8,,3.0
2024-10-18,14,21.2,20.4,95.0,0.3,,156.0,3.2,,1012.1,,8.0
2024-10-18,15,24.4,21.7,85.0,0.9,,320.0,3.6,,1012.7,,8.0
2024-10-18,16,20.6,19.9,96.0,0.1,,265.0,7.9,,1013.4,,7.0
2024-10-18,17,20.8,20.0,95.0,0.7,,268.0,5.8,,1013.7,,8.0
2024-10-18,18,23.8,20.9,84.0,0.2,,0.0,0.0,,1013.7,,7.0
2024-10-18,19,20.2,19.9,98.0,0.7,,200.0,4.7,,1013.3,,8.0
2024-10-18,20,20.3,19.6,96.0,0.0,,292.0,5.0,,1012.0,,3.0
2024-10-18,21,21.8,21.0,95.0,0.0,,230.0,5.4,,1011.3,,3.0
2024-10-18,22,19.2,19.0,99.0,0.0,,224.0,4.7,,1011.3,,3.0
2024-10-18,23,19.0,19.0,100.0,0.0,,252.0,4.7,,1011.5,,3.0
2024-10-19,0,21.8,21.1,96.0,0.0,,230.0,3.6,,1012.1,,3.0
2024-10-19,1,19.4,19.4,100.0,0.0,,262.0,6.1,,1013.0,,5.0
2024-10-19,2,20.0,19.5,97.0,0.0,,310.0,7.2,,1013.9,,5.0
2024-10-19,3,23.2,21.1,88.0,0.0,,230.0,3.6,,1014.1,,3.0
2024-10-19,4,23.3,19.9,81.0,0.0,,324.0,4.7,,1014.4,,3.0
2024-10-19,5,25.0,20.3,75.0,0.0,,349.0,4.3,,1014.0,,3.0
2024-10-19,6,24.0,21.3,85.0,0.2,,230.0,3.6,,1012.7,,7.0
2024-10-19,7,25.3,19.4,70.0,0.6,,1.0,9.0,,1011.5,,8.0
2024-10-19,8,24.5,20.4,78.0,0.6,,30.0,4.0,,1011.0,,8.0
2024-10-19,9,23.4,19.8,80.0,0.2,,230.0,3.6,,1010.3,,7.0
2024-10-19,10,24.3,20.2,78.0,0.3,,28.0,7.6,,1009.5,,8.0
2024-10-19,11,23.2,19.6,80.0,3.3,,62.0,12.6,,1010.3,,9.0
2024-10-19,12,21.6,19.2,86.0,0.1,,50.0,3.6,,1011.0,,7.0
2024-10-19,13,21.3,19.9,92.0,0.0,,31.0,5.4,,1011.2,,3.0
2024-10-19,14,20.7,19.9,95.0,0.0,,28.0,6.1,,1012.5,,3.0
2024-10-19,15,21.8,19.7,88.0,0.0,,270.0,5.4,,1013.5,,3.0
2024-10-19,16,20.4,19.4,94.0,1.0,,52.0,4.7,,1014.6,,9.0
2024-10-19,17,20.0,19.3,96.0,2.3,,88.0,7.2,,1014.9,,9.0
2024-10-19,18,21.6,20.1,91.0,0.3,,0.0,0.0,,1014.3,,8.0
2024-10-19,19,19.8,19.5,98.0,0.0,,51.0,5.4,,1013.8,,3.0
2024-10-19,20,19.7,19.4,98.0,0.2,,74.0,4.0,,1013.0,,7.0
2024-10-19,21,21.6,19.9,90.0,0.0,,0.0,0.0,,1012.3,,3.0
2024-10-19,22,19.5,19.3,99.0,0.0,,348.0,5.0,,1012.2,,3.0
2024-10-19,23,19.5,19.2,98.0,0.0,,296.0,4.0,,1012.7,,3.0
2024-10-20,0,21.4,20.2,93.0,3.1,,0.0,0.0,,1013.5,,9.0
2024-10-20,1,19.5,19.0,97.0,1.5,,81.0,4.3,,1014.0,,9.0
2024-10-20,2,19.9,19.1,95.0,0.1,,23.0,5.0,,1014.8,,7.0
2024-10-20,3,22.4,21.2,93.0,0.0,,0.0,0.0,,1015.2,,3.0
2024-10-20,4,23.1,19.5,80.0,0.0,,90.0,6.8,,1015.3,,3.0
2024-10-20,5,24.4,19.9,76.0,0.1,,99.0,6.5,,1014.9,,7.0
2024-10-20,6,24.0,22.1,89.0,0.1,,230.0,3.6,,1013.6,,17.0
2024-10-20,7,26.2,19.6,67.0,0.2,,113.0,5.8,,1011.7,,7.0
2024-10-20,8,25.2,19.8,72.0,2.3,,127.0,12.2,,1010.9,,9.0
2024-10-20,9,28.0,20.8,65.0,9.4,,230.0,3.6,,1009.1,,9.0
2024-10-20,10,21.7,19.6,88.0,4.6,,90.0,14.4,,1010.6,,9.0
2024-10-20,11,22.6,19.9,85.0,0.3,,92.0,10.8,,1010.7,,8.0
2024-10-20,12,26.4,20.5,70.0,0.0,,50.0,5.4,,1011.4,,3.0
2024-10-20,13,21.7,20.2,91.0,0.0,,161.0,5.4,,1012.1,,3.0
2024-10-20,14,21.2,20.2,94.0,0.0,,79.0,4.3,,1013.5,,3.0
2024-10-20,15,23.0,21.3,90.0,2.6,,320.0,3.6,,1015.0,,9.0
2024-10-20,16,20.4,19.7,96.0,2.0,,61.0,9.0,,1015.8,,9.0
2024-10-20,17,20.2,19.7,97.0,0.4,,127.0,8.6,,1015.1,,8.0
2024-10-20,18,22.4,20.9,91.0,0.2,,230.0,3.6,,1014.5,,7.0
2024-10-20,19,19.7,19.5,99.0,0.0,,148.0,5.8,,1013.9,,3.0
2024-10-20,20,19.9,19.7,99.0,0.0,,118.0,5.4,,1013.1,,3.0
2024-10-20,21,22.4,20.9,91.0,0.0,,230.0,3.6,,1012.7,,3.0
2024-10-20,22,20.5,20.0,97.0,0.0,,93.0,9.0,,1012.8,,3.0
2024-10-20,23,20.6,19.9,96.0,0.0,,94.0,7.6,,1012.7,,3.0
2024-10-21,0,22.0,20.5,91.0,0.0,,230.0,3.6,,1013.2,,3.0
2024-10-21,1,20.1,19.8,98.0,0.0,,96.0,9.4,,1014.0,,3.0
2024-10-21,2,21.0,19.8,93.0,0.2,,133.0,9.7,,1015.2,,17.0
2024-10-21,3,21.4,20.7,96.0,0.1,,0.0,0.0,,1015.8,,17.0
2024-10-21,4,23.7,19.8,79.0,0.1,,144.0,8.3,,1015.3,,17.0
2024-10-21,5,25.6,20.4,73.0,0.0,,154.0,5.4,,1014.8,,3.0
2024-10-21,6,26.0,22.3,80.0,0.0,,50.0,5.4,,1013.4,,2.0
2024-10-21,7,27.3,20.6,67.0,0.0,,158.0,5.4,,1012.0,,2.0
2024-10-21,8,27.6,20.4,65.0,0.1,,139.0,6.1,,1010.8,,17.0
2024-10-21,9,27.6,18.0,56.0,5.5,,0.0,0.0,,1009.5,,9.0
2024-10-21,10,22.5,20.4,88.0,6.1,,232.0,12.6,,1009.7,,9.0
2024-10-21,11,22.4,19.9,86.0,1.9,,141.0,9.7,,1011.3,,9.0
2024-10-21,12,24.6,21.7,84.0,0.8,,0.0,0.0,,1012.1,,8.0
2024-10-21,13,21.2,19.7,91.0,0.6,,292.0,6.1,,1013.0,,8.0
2024-10-21,14,20.4,19.7,96.0,0.0,,290.0,3.2,,1013.6,,3.0
2024-10-21,15,23.0,20.9,88.0,0.6,,0.0,0.0,,1014.8,,8.0
2024-10-21,16,20.1,19.6,97.0,0.0,,87.0,5.4,,1014.9,,3.0
2024-10-21,17,19.8,19.5,98.0,0.0,,20.0,4.7,,1015.3,,3.0
2024-10-21,18,22.0,19.9,88.0,0.0,,320.0,5.4,,1014.8,,3.0
2024-10-21,19,19.6,19.4,99.0,0.0,,42.0,5.4,,1014.1,,3.0
2024-10-21,20,18.9,18.7,99.0,0.0,,78.0,5.0,,1013.3,,3.0
2024-10-21,21,21.4,19.3,88.0,0.0,,140.0,3.6,,1012.5,,3.0
2024-10-21,22,18.8,18.8,100.0,0.0,,87.0,5.0,,1012.3,,5.0
2024-10-21,23,18.6,18.6,100.0,0.0,,70.0,5.4,,1012.5,,5.0
2024-10-22,0,21.0,18.6,86.0,0.0,,50.0,3.6,,1012.6,,3.0
2024-10-22,1,18.4,18.4,100.0,0.0,,67.0,4.0,,1013.4,,5.0
2024-10-22,2,20.5,19.5,94.0,0.0,,75.0,5.0,,1014.0,,3.0
2024-10-22,3,23.4,21.3,88.0,0.0,,140.0,3.6,,1014.7,,3.0
2024-10-22,4,24.5,20.8,80.0,0.0,,74.0,3.2,,1014.9,,3.0
2024-10-22,5,25.7,20.7,74.0,0.0,,84.0,4.0,,1014.6,,3.0
2024-10-22,6,27.4,20.0,64.0,0.1,,0.0,0.0,,1013.7,,7.0
2024-10-22,7,25.9,19.8,69.0,0.1,,103.0,4.0,,1012.4,,7.0
2024-10-22,8,24.4,19.9,76.0,0.4,,310.0,9.0,,1011.4,,17.0
2024-10-22,9,28.0,18.1,55.0,3.1,,0.0,0.0,,1011.4,,18.0
2024-10-22,10,23.3,20.1,82.0,0.5,,64.0,6.5,,1010.9,,8.0
2024-10-22,11,22.1,19.8,87.0,0.0,,58.0,11.9,,1011.3,,3.0
2024-10-22,12,22.0,19.9,88.0,2.8,,0.0,0.0,,1012.6,,9.0
2024-10-22,13,21.1,19.7,92.0,2.9,,148.0,8.6,,1013.9,,9.0
2024-10-22,14,21.1,19.9,93.0,5.3,,193.0,8.3,,1014.7,,9.0
2024-10-22,15,21.4,19.7,90.0,0.7,,140.0,3.6,,1015.0,,8.0
2024-10-22,16,20.3,19.6,96.0,1.0,,120.0,5.0,,1015.8,,9.0
2024-10-22,17,19.9,19.4,97.0,1.6,,134.0,10.1,,1015.8,,18.0
2024-10-22,18,19.8,19.3,97.0,1.0,,344.0,6.1,,1015.6,,9.0
2024-10-22,19,19.8,19.1,96.0,1.0,,23.0,6.8,,1014.1,,9.0
2024-10-22,20,19.7,19.4,98.0,0.6,,35.0,2.9,,1012.7,,8.0
2024-10-22,21,21.4,19.7,90.0,0.2,,0.0,0.0,,1011.9,,7.0
2024-10-22,22,19.7,19.4,98.0,0.0,,40.0,4.3,,1011.8,,3.0
2024-10-22,23,19.6,19.3,98.0,0.0,,336.0,3.2,,1011.6,,3.0
2024-10-23,0,21.2,19.1,88.0,0.0,,360.0,1.8,,1012.0,,3.0
2024-10-23,1,18.7,18.7,100.0,0.0,,317.0,4.0,,1012.9,,3.0
2024-10-23,2,20.2,19.9,98.0,0.0,,358.0,4.3,,1013.9,,5.0
2024-10-23,3,21.4,21.1,98.0,0.0,,0.0,0.0,,1014.7,,3.0
2024-10-23,4,24.6,19.9,75.0,0.0,,54.0,5.0,,1014.4,,2.0
2024-10-23,5,25.9,19.3,67.0,0.0,,71.0,6.5,,1013.9,,3.0
2024-10-23,6,26.0,20.3,71.0,0.0,,79.0,3.6,,1013.0,,2.0
2024-10-23,7,27.4,19.0,60.0,0.0,,51.0,3.6,,1011.1,,2.0
2024-10-23,8,27.5,19.6,62.0,0.0,,26.0,5.4,,1009.9,,3.0
2024-10-23,9,29.0,17.5,50.0,0.0,,50.0,3.6,,1009.2,,2.0
2024-10-23,10,25.8,19.9,70.0,1.1,,80.0,9.4,,1008.4,,9.0
2024-10-23,11,24.0,19.7,77.0,1.2,,36.0,12.2,,1009.7,,18.0
2024-10-23,12,21.8,19.7,88.0,5.1,,152.0,12.2,,1011.4,,9.0
2024-10-23,13,20.7,19.7,94.0,10.2,,214.0,7.2,,1013.3,,18.0
2024-10-23,14,20.7,19.4,92.0,2.7,,174.0,3.6,,1013.8,,9.0
2024-10-23,15,22.0,19.5,86.0,0.9,,0.0,0.0,,1014.4,,17.0
2024-10-23,16,20.3,19.6,96.0,0.1,,314.0,2.9,,1014.6,,7.0
2024-10-23,17,20.2,19.4,95.0,0.2,,66.0,4.0,,1014.5,,7.0
2024-10-23,18,22.0,19.9,88.0,0.4,,203.0,3.6,,1014.4,,8.0
2024-10-23,19,19.9,19.4,97.0,0.2,,236.0,2.5,,1013.3,,7.0
2024-10-23,20,19.8,19.5,98.0,0.2,,335.0,2.2,,1012.5,,7.0
2024-10-23,21,20.6,19.4,93.0,0.3,,0.0,0.0,,1011.7,,8.0
2024-10-23,22,19.9,19.2,96.0,0.0,,129.0,5.0,,1011.4,,3.0
2024-10-23,23,19.6,18.9,96.0,0.0,,23.0,4.7,,1011.3,,3.0
2024-10-24,0,20.6,19.4,93.0,0.4,,0.0,0.0,,1012.1,,8.0
2024-10-24,1,19.5,19.2,98.0,0.4,,279.0,4.0,,1012.8,,8.0
2024-10-24,2,20.1,19.4,96.0,1.1,,136.0,6.5,,1013.9,,9.0
2024-10-24,3,20.9,20.6,98.0,0.8,,0.0,0.0,,1014.8,,8.0
2024-10-24,4,21.0,19.6,92.0,1.0,,245.0,4.7,,1014.8,,9.0
2024-10-24,5,21.8,19.9,89.0,0.7,,224.0,5.8,,1015.0,,8.0
2024-10-24,6,22.6,20.1,86.0,0.1,,230.0,3.6,,1014.0,,7.0
2024-10-24,7,23.8,20.1,80.0,0.0,,218.0,6.8,,1012.7,,3.0
2024-10-24,8,26.1,18.8,64.0,0.0,,0.0,6.5,,1010.3,,3.0
2024-10-24,9,24.6,22.1,86.0,0.0,,140.0,5.4,,1009.3,,3.0
2024-10-24,10,25.8,18.2,63.0,0.0,,14.0,7.2,,1009.1,,3.0
2024-10-24,11,25.3,18.2,65.0,0.0,,67.0,6.1,,1009.7,,3.0
2024-10-24,12,25.0,19.6,72.0,0.0,,270.0,3.6,,1010.2,,3.0
2024-10-24,13,23.1,18.2,74.0,0.0,,79.0,6.5,,1011.0,,3.0
2024-10-24,14,22.7,18.5,77.0,0.0,,124.0,7.2,,1012.0,,3.0
2024-10-24,15,22.8,21.1,90.0,0.0,,233.0,3.6,,1013.4,,3.0
2024-10-24,16,20.5,18.8,90.0,0.0,,257.0,6.5,,1014.3,,3.0
2024-10-24,17,20.2,18.7,91.0,0.0,,239.0,7.9,,1014.3,,3.0
2024-10-24,18,22.2,20.7,91.0,0.0,,0.0,0.0,,1013.9,,3.0
2024-10-24,19,18.8,18.1,96.0,0.0,,252.0,9.0,,1013.3,,3.0
2024-10-24,20,18.1,17.6,97.0,0.0,,290.0,6.5,,1012.4,,3.0
2024-10-24,21,21.4,20.2,93.0,0.0,,0.0,0.0,,1011.5,,3.0
2024-10-24,22,17.7,17.5,99.0,0.0,,313.0,6.5,,1011.1,,3.0
2024-10-24,23,17.6,17.3,98.0,0.0,,288.0,6.8,,1011.2,,3.0
2024-10-25,0,21.0,20.3,96.0,0.0,,0.0,0.0,,1011.5,,3.0
2024-10-25,1,17.7,17.2,97.0,0.0,,256.0,6.1,,1012.4,,3.0
2024-10-25,2,20.0,18.8,93.0,0.0,,259.0,6.1,,1013.5,,3.0
2024-10-25,3,22.0,20.5,91.0,0.0,,0.0,0.0,,1014.2,,3.0
2024-10-25,4,24.2,18.6,71.0,0.0,,316.0,6.1,,1014.3,,3.0
2024-10-25,5,25.4,18.1,64.0,0.0,,328.0,6.5,,1013.9,,3.0
2024-10-25,6,26.0,18.2,62.0,0.0,,90.0,3.6,,1013.0,,3.0
2024-10-25,7,26.9,16.8,54.0,0.0,,334.0,7.6,,1011.8,,3.0
2024-10-25,8,27.1,16.7,53.0,0.0,,343.0,9.0,,1010.3,,3.0
2024-10-25,9,27.6,15.3,47.0,0.0,,140.0,5.4,,1009.6,,3.0
2024-10-25,10,26.6,15.3,50.0,0.0,,347.0,7.9,,1009.0,,3.0
2024-10-25,11,26.3,16.0,53.0,0.0,,348.0,8.6,,1009.4,,3.0
2024-10-25,12,26.4,17.5,58.0,0.0,,0.0,0.0,,1010.5,,3.0
2024-10-25,13,22.2,17.1,73.0,0.0,,20.0,7.9,,1011.5,,3.0
2024-10-25,14,21.4,17.0,76.0,0.0,,12.0,7.2,,1012.9,,3.0
2024-10-25,15,23.4,17.2,68.0,0.0,,0.0,0.0,,1013.9,,3.0
2024-10-25,16,20.4,16.4,78.0,0.0,,359.0,9.4,,1014.3,,3.0
2024-10-25,17,19.8,16.6,82.0,0.0,,4.0,10.1,,1014.2,,3.0
2024-10-25,18,22.0,19.4,85.0,0.0,,0.0,0.0,,1013.5,,2.0
2024-10-25,19,18.8,16.4,86.0,0.0,,351.0,7.9,,1012.3,,1.0
2024-10-25,20,18.1,16.1,88.0,0.0,,348.0,8.6,,1011.7,,3.0
2024-10-25,21,22.0,20.3,90.0,0.0,,0.0,0.0,,1010.9,,1.0
2024-10-25,22,17.5,15.7,89.0,0.0,,336.0,8.6,,1010.8,,1.0
2024-10-25,23,17.1,15.4,90.0,0.0,,319.0,8.3,,1010.9,,2.0
2024-10-26,0,21.4,19.7,90.0,0.0,,0.0,0.0,,1011.7,,3.0
2024-10-26,1,17.1,15.3,89.0,0.0,,300.0,7.6,,1012.9,,3.0
2024-10-26,2,20.0,16.8,82.0,0.0,,290.0,8.3,,1013.8,,3.0
2024-10-26,3,22.4,19.9,86.0,0.0,,270.0,5.4,,1014.2,,1.0
2024-10-26,4,24.6,17.1,63.0,0.0,,337.0,10.8,,1014.1,,1.0
2024-10-26,5,25.4,16.0,56.0,0.0,,340.0,12.6,,1013.8,,2.0
2024-10-26,6,27.0,18.0,58.0,0.0,,320.0,5.4,,1012.8,,1.0
2024-10-26,7,26.5,15.5,51.0,0.0,,335.0,13.0,,1011.7,,2.0
2024-10-26,8,26.5,15.5,51.0,0.0,,335.0,13.3,,1010.3,,2.0
2024-10-26,9,26.8,16.4,53.0,0.0,,320.0,3.6,,1009.4,,2.0
2024-10-26,10,25.8,15.2,52.0,0.0,,341.0,14.0,,1009.0,,2.0
2024-10-26,11,25.4,15.7,55.0,0.0,,347.0,11.2,,1009.4,,2.0
2024-10-26,12,25.8,16.4,56.0,0.0,,2.0,3.6,,1010.2,,1.0
2024-10-26,13,21.6,15.9,70.0,0.0,,6.0,8.3,,1011.2,,1.0
2024-10-26,14,20.6,16.0,75.0,0.0,,4.0,8.6,,1012.3,,1.0
2024-10-26,15,22.8,17.5,72.0,0.0,,0.0,0.0,,1013.2,,1.0
2024-10-26,16,19.1,15.2,78.0,0.0,,357.0,8.6,,1013.5,,1.0
2024-10-26,17,18.4,15.1,81.0,0.0,,353.0,8.6,,1013.5,,1.0
2024-10-26,18,21.2,16.8,76.0,0.0,,0.0,0.0,,1012.9,,1.0
2024-10-26,19,17.9,14.8,82.0,0.0,,3.0,9.0,,1012.1,,1.0
2024-10-26,20,17.6,14.7,83.0,0.0,,1.0,9.0,,1011.0,,1.0
2024-10-26,21,17.1,14.6,85.0,0.0,,343.0,9.0,,1010.3,,1.0
2024-10-26,22,16.7,14.3,86.0,0.0,,290.0,8.6,,1010.2,,1.0
2024-10-26,23,15.8,14.2,90.0,0.0,,247.0,8.3,,1010.6,,1.0
2024-10-27,0,20.0,17.8,87.0,0.0,,250.0,3.6,,1011.2,,1.0
2024-10-27,1,16.2,14.2,88.0,0.0,,251.0,7.2,,1012.2,,1.0
2024-10-27,2,18.9,15.0,78.0,0.0,,246.0,7.6,,1013.0,,1.0
2024-10-27,3,22.8,18.1,75.0,0.0,,250.0,3.6,,1013.8,,1.0
2024-10-27,4,23.5,16.1,63.0,0.0,,275.0,8.3,,1013.9,,1.0
2024-10-27,5,25.0,15.9,57.0,0.0,,299.0,8.6,,1013.5,,2.0
2024-10-27,6,26.8,18.4,60.0,0.0,,320.0,3.6,,1012.2,,1.0
2024-10-27,7,26.5,15.5,51.0,0.0,,317.0,7.2,,1010.8,,2.0
2024-10-27,8,26.0,16.0,54.0,0.0,,305.0,7.2,,1009.5,,3.0
2024-10-27,9,25.6,17.3,60.0,0.0,,320.0,3.6,,1008.6,,3.0
2024-10-27,10,25.7,15.7,54.0,0.0,,314.0,10.1,,1008.2,,2.0
2024-10-27,11,24.9,16.1,58.0,0.0,,314.0,12.2,,1008.4,,2.0
2024-10-27,12,26.0,15.7,53.0,0.0,,320.0,3.6,,1009.5,,2.0
2024-10-27,13,21.9,17.3,75.0,0.0,,350.0,11.5,,1010.5,,3.0
2024-10-27,14,20.9,17.7,82.0,0.0,,348.0,11.5,,1011.7,,2.0
2024-10-27,15,22.4,16.0,67.0,0.0,,0.0,0.0,,1012.1,,3.0
2024-10-27,16,19.6,18.1,91.0,0.0,,357.0,7.2,,1012.2,,3.0
2024-10-27,17,19.1,17.6,91.0,0.0,,9.0,6.8,,1012.0,,3.0
2024-10-27,18,21.2,17.4,79.0,0.0,,0.0,0.0,,1011.3,,3.0
2024-10-27,19,18.8,17.1,90.0,0.0,,308.0,6.5,,1010.7,,3.0
2024-10-27,20,18.2,17.0,93.0,0.0,,299.0,7.2,,1009.9,,3.0
2024-10-27,21,21.4,18.4,83.0,0.0,,288.0,3.6,,1009.2,,3.0
2024-10-27,22,19.3,16.0,81.0,0.0,,272.0,7.9,,1009.2,,3.0
2024-10-27,23,17.0,15.7,92.0,0.0,,226.0,7.2,,1009.6,,3.0
2024-10-28,0,20.6,18.4,87.0,0.0,,140.0,5.4,,1010.3,,3.0
2024-10-28,1,16.6,16.0,96.0,0.0,,240.0,7.2,,1011.4,,3.0
2024-10-28,2,19.1,17.6,91.0,0.0,,251.0,7.6,,1012.4,,3.0
2024-10-28,3,22.4,19.4,83.0,0.0,,230.0,3.6,,1012.9,,3.0
2024-10-28,4,24.1,18.3,70.0,0.0,,268.0,6.1,,1012.8,,1.0
2024-10-28,5,25.4,17.1,60.0,0.0,,284.0,3.6,,1012.1,,1.0
2024-10-28,6,27.4,17.3,54.0,0.0,,230.0,3.6,,1011.1,,2.0
2024-10-28,7,26.6,16.5,54.0,0.0,,294.0,3.6,,1009.7,,2.0
2024-10-28,8,27.3,16.0,50.0,0.0,,288.0,5.8,,1008.1,,2.0
2024-10-28,9,29.4,18.2,51.0,0.0,,230.0,3.6,,1007.6,,2.0
2024-10-28,10,26.6,15.9,52.0,0.0,,260.0,8.3,,1007.5,,2.0
2024-10-28,11,25.9,16.2,55.0,0.0,,258.0,9.4,,1007.8,,2.0
2024-10-28,12,28.4,26.2,88.0,0.0,,250.0,3.6,,1008.2,,2.0
2024-10-28,13,22.2,16.9,72.0,0.0,,236.0,8.6,,1009.2,,2.0
2024-10-28,14,22.1,16.4,70.0,0.0,,237.0,9.4,,1010.5,,1.0
2024-10-28,15,23.8,19.3,76.0,0.0,,0.0,0.0,,1011.5,,1.0
2024-10-28,16,21.0,16.4,75.0,0.0,,260.0,8.3,,1011.9,,2.0
2024-10-28,17,20.6,16.6,78.0,0.0,,266.0,7.9,,1011.6,,2.0
2024-10-28,18,23.6,19.3,77.0,0.0,,230.0,7.6,,1011.6,,2.0
2024-10-28,19,19.8,16.8,83.0,0.0,,266.0,9.7,,1011.3,,2.0
2024-10-28,20,19.1,16.9,87.0,0.0,,250.0,8.6,,1010.7,,1.0
2024-10-28,21,22.0,19.9,88.0,0.0,,263.0,3.6,,1010.4,,1.0
2024-10-28,22,18.0,17.0,94.0,0.0,,261.0,8.6,,1010.4,,1.0
2024-10-28,23,17.9,17.3,96.0,0.0,,256.0,7.9,,1010.6,,1.0
2024-10-29,0,21.2,19.7,91.0,0.0,,256.0,3.6,,1011.3,,1.0
2024-10-29,1,17.6,17.3,98.0,0.0,,253.0,7.2,,1012.2,,1.0
2024-10-29,2,20.0,18.8,93.0,0.0,,256.0,6.8,,1013.1,,1.0
2024-10-29,3,24.0,19.5,76.0,0.0,,263.0,3.6,,1013.7,,1.0
2024-10-29,4,24.2,18.8,72.0,0.0,,292.0,7.2,,1013.6,,1.0
2024-10-29,5,25.5,18.2,64.0,0.1,,296.0,6.5,,1013.3,,17.0
2024-10-29,6,27.8,18.8,58.0,0.0,,270.0,5.4,,1012.3,,2.0
2024-10-29,7,26.8,17.3,56.0,0.0,,286.0,8.6,,1011.0,,2.0
2024-10-29,8,26.7,17.2,56.0,0.0,,302.0,10.1,,1010.3,,2.0
2024-10-29,9,28.2,16.2,48.0,0.2,,0.0,0.0,,1008.9,,17.0
2024-10-29,10,27.5,17.1,53.0,0.0,,312.0,10.4,,1008.3,,2.0
2024-10-29,11,26.6,17.4,57.0,0.0,,335.0,10.8,,1008.9,,2.0
2024-10-29,12,28.0,16.6,50.0,0.0,,140.0,5.4,,1009.7,,2.0
2024-10-29,13,23.0,19.2,79.0,0.0,,24.0,6.5,,1010.7,,2.0
2024-10-29,14,22.5,17.8,75.0,0.0,,33.0,7.9,,1011.6,,3.0
2024-10-29,15,25.8,18.5,64.0,0.0,,0.0,0.0,,1012.3,,2.0
2024-10-29,16,21.2,18.0,82.0,0.0,,60.0,6.8,,1012.9,,3.0
2024-10-29,17,21.0,18.4,85.0,0.0,,95.0,6.1,,1012.8,,3.0
2024-10-29,18,24.6,20.1,76.0,0.0,,0.0,0.0,,1012.5,,3.0
2024-10-29,19,20.7,18.3,86.0,0.0,,122.0,6.1,,1012.1,,3.0
2024-10-29,20,19.7,18.4,92.0,0.0,,123.0,6.8,,1011.2,,3.0
2024-10-29,21,23.4,20.3,83.0,0.0,,140.0,3.6,,1010.9,,2.0
2024-10-29,22,19.5,18.2,92.0,0.0,,136.0,7.2,,1011.0,,3.0
2024-10-29,23,19.2,18.2,94.0,0.0,,160.0,5.8,,1011.0,,3.0
2024-10-30,0,22.8,19.8,83.0,0.0,,0.0,0.0,,1011.6,,3.0
2024-10-30,1,18.1,16.9,93.0,0.0,,81.0,6.5,,1012.5,,3.0
2024-10-30,2,20.8,18.2,85.0,0.0,,84.0,5.4,,1013.6,,3.0
2024-10-30,3,23.4,20.2,82.0,0.0,,0.0,0.0,,1014.2,,3.0
2024-10-30,4,24.8,18.7,69.0,0.0,,134.0,4.7,,1014.1,,2.0
2024-10-30,5,25.9,18.3,63.0,0.0,,117.0,2.9,,1013.8,,2.0
2024-10-30,6,26.2,19.6,67.0,0.2,,0.0,0.0,,1012.8,,17.0
2024-10-30,7,26.7,18.0,59.0,0.2,,163.0,3.6,,1011.6,,17.0
2024-10-30,8,27.1,18.1,58.0,0.0,,163.0,3.2,,1010.6,,3.0
2024-10-30,9,27.0,20.8,69.0,0.0,,182.0,3.6,,1009.6,,2.0
2024-10-30,10,25.7,18.4,64.0,0.2,,195.0,4.7,,1009.6,,17.0
2024-10-30,11,25.5,18.7,66.0,0.2,,315.0,5.4,,1010.1,,17.0
2024-10-30,12,24.0,23.5,97.0,0.0,,0.0,0.0,,1011.0,,3.0
2024-10-30,13,22.4,19.2,82.0,0.0,,42.0,7.2,,1011.8,,3.0
2024-10-30,14,21.7,19.3,86.0,0.0,,64.0,7.6,,1012.5,,2.0
2024-10-30,15,23.6,19.9,80.0,0.0,,50.0,1.8,,1013.9,,2.0
2024-10-30,16,20.6,18.9,90.0,0.0,,80.0,7.2,,1014.3,,2.0
2024-10-30,17,20.2,18.9,92.0,0.0,,87.0,6.1,,1014.1,,2.0
2024-10-30,18,23.2,20.7,86.0,0.0,,140.0,1.8,,1013.8,,2.0
2024-10-30,19,20.3,18.4,89.0,0.0,,60.0,6.8,,1013.4,,2.0
2024-10-30,20,20.0,18.3,90.0,0.0,,61.0,7.6,,1013.0,,2.0
2024-10-30,21,22.6,19.4,82.0,0.0,,0.0,0.0,,1012.4,,2.0
2024-10-30,22,19.1,18.4,96.0,0.0,,56.0,5.4,,1012.1,,2.0
2024-10-30,23,19.0,18.3,96.0,0.0,,78.0,5.0,,1012.2,,2.0
2024-10-31,0,22.4,18.8,80.0,0.0,,0.0,0.0,,1012.4,,3.0
2024-10-31,1,19.3,18.8,97.0,0.0,,25.0,2.5,,1013.5,,2.0
2024-10-31,2,20.7,19.5,93.0,0.0,,321.0,1.8,,1014.2,,1.0
2024-10-31,3,22.6,21.4,93.0,0.0,,0.0,0.0,,1015.1,,1.0
2024-10-31,4,24.6,19.7,74.0,0.0,,137.0,2.9,,1015.1,,1.0
2024-10-31,5,25.8,19.9,70.0,0.0,,78.0,4.7,,1014.6,,2.0
2024-10-31,6,24.8,21.3,81.0,0.0,,0.0,0.0,,1013.5,,2.0
2024-10-31,7,27.4,19.5,62.0,0.0,,81.0,5.8,,1012.4,,2.0
2024-10-31,8,27.5,19.0,60.0,0.0,,72.0,5.8,,1011.2,,3.0
2024-10-31,9,27.4,20.0,64.0,0.0,,0.0,0.0,,1009.9,,3.0
2024-10-31,10,25.0,19.4,71.0,1.8,,122.0,9.4,,1010.0,,9.0
2024-10-31,11,24.2,19.3,74.0,0.2,,142.0,10.1,,1011.0,,7.0
2024-10-31,12,25.6,19.3,68.0,0.7,,140.0,3.6,,1011.9,,17.0
2024-10-31,13,22.2,20.3,89.0,0.0,,118.0,9.4,,1012.4,,3.0
2024-10-31,14,21.5,19.8,90.0,0.0,,112.0,6.1,,1013.5,,3.0
2024-10-31,15,23.2,19.6,80.0,0.0,,0.0,0.0,,1014.4,,3.0
2024-10-31,16,20.9,19.2,90.0,0.3,,91.0,10.4,,1014.9,,17.0
2024-10-31,17,20.6,19.6,94.0,0.0,,97.0,9.0,,1014.9,,2.0
2024-10-31,18,23.0,20.5,86.0,0.0,,0.0,0.0,,1015.1,,2.0
2024-10-31,19,19.4,19.2,99.0,0.0,,154.0,5.4,,1014.8,,2.0
2024-10-31,20,20.3,19.6,96.0,0.0,,149.0,5.8,,1014.0,,3.0
2024-10-31,21,22.0,19.9,88.0,0.0,,0.0,0.0,,1013.2,,3.0
2024-10-31,22,20.0,19.2,95.0,0.0,,209.0,3.2,,1012.8,,3.0
2024-10-31,23,19.8,19.0,95.0,0.0,,207.0,4.0,,1013.2,,3.0
2024-11-01,0,21.4,19.7,90.0,0.0,,0.0,0.0,,1013.6,,3.0
2024-11-01,1,19.1,18.9,99.0,0.0,,84.0,3.6,,1014.4,,3.0
2024-11-01,2,21.0,19.6,92.0,0.0,,120.0,5.8,,1015.3,,5.0
2024-11-01,3,23.4,20.3,83.0,0.0,,0.0,0.0,,1016.0,,3.0
2024-11-01,4,24.3,19.6,75.0,0.1,,91.0,2.9,,1016.0,,17.0
2024-11-01,5,25.4,19.5,70.0,0.1,,79.0,6.1,,1015.7,,17.0
2024-11-01,6,26.8,18.7,61.0,0.0,,140.0,3.6,,1014.7,,3.0
2024-11-01,7,27.0,19.4,63.0,0.0,,56.0,6.8,,1013.3,,2.0
2024-11-01,8,26.4,18.8,63.0,0.2,,44.0,9.7,,1011.6,,17.0
2024-11-01,9,28.6,18.7,55.0,0.3,,50.0,3.6,,1011.0,,17.0
2024-11-01,10,25.9,19.1,66.0,0.3,,70.0,11.2,,1010.5,,17.0
2024-11-01,11,25.4,18.8,67.0,0.1,,61.0,12.2,,1010.9,,17.0
2024-11-01,12,25.8,19.4,68.0,0.3,,90.0,3.6,,1013.0,,17.0
2024-11-01,13,21.7,19.8,89.0,0.0,,94.0,5.4,,1013.5,,3.0
2024-11-01,14,21.2,19.7,91.0,0.2,,151.0,9.7,,1015.2,,17.0
2024-11-01,15,23.2,21.1,88.0,1.4,,169.0,3.6,,1016.7,,18.0
2024-11-01,16,19.8,19.0,95.0,0.0,,132.0,9.4,,1017.1,,3.0
2024-11-01,17,19.5,18.8,96.0,0.0,,111.0,5.8,,1016.8,,2.0
2024-11-01,18,23.2,20.5,85.0,0.0,,91.0,3.6,,1016.3,,2.0
2024-11-01,19,18.5,18.3,99.0,0.0,,125.0,5.8,,1015.7,,1.0
2024-11-01,20,18.6,18.6,100.0,0.0,,146.0,4.3,,1014.8,,1.0
2024-11-01,21,22.4,20.7,90.0,0.0,,133.0,3.6,,1014.0,,3.0
2024-11-01,22,19.6,19.4,99.0,0.0,,100.0,6.8,,1013.9,,5.0
2024-11-01,23,19.7,19.4,98.0,0.0,,98.0,7.6,,1014.0,,5.0
2024-11-02,0,21.6,20.4,93.0,0.0,,85.0,3.6,,1014.3,,5.0
2024-11-02,1,20.1,19.1,94.0,0.0,,74.0,6.5,,1014.9,,3.0
2024-11-02,2,20.8,18.9,89.0,0.0,,80.0,8.6,,1015.9,,2.0
2024-11-02,3,24.2,20.9,82.0,0.0,,50.0,3.6,,1016.3,,2.0
2024-11-02,4,24.3,18.7,71.0,0.0,,75.0,11.2,,1016.4,,3.0
2024-11-02,5,25.4,18.6,66.0,0.0,,75.0,11.9,,1015.9,,2.0
2024-11-02,6,27.4,18.4,58.0,0.0,,50.0,3.6,,1014.9,,2.0
2024-11-02,7,27.2,17.7,56.0,0.0,,79.0,11.2,,1013.5,,2.0
2024-11-02,8,27.7,17.6,54.0,0.1,,75.0,11.5,,1011.9,,17.0
2024-11-02,9,28.4,18.2,54.0,0.2,,0.0,0.0,,1011.1,,17.0
2024-11-02,10,25.8,18.2,63.0,0.0,,107.0,16.9,,1011.2,,2.0
2024-11-02,11,23.9,19.4,76.0,0.0,,119.0,14.4,,1011.9,,3.0
2024-11-02,12,27.4,16.1,50.0,0.5,,0.0,0.0,,1013.2,,17.0
2024-11-02,13,20.3,18.6,90.0,3.3,,56.0,18.4,,1014.9,,9.0
2024-11-02,14,20.3,19.0,92.0,0.4,,102.0,9.7,,1014.8,,8.0
2024-11-02,15,24.8,20.7,78.0,0.0,,50.0,7.6,,1016.1,,3.0
2024-11-02,16,20.0,19.5,97.0,0.1,,157.0,5.8,,1016.6,,17.0
2024-11-02,17,19.9,19.2,96.0,0.3,,150.0,7.2,,1016.6,,17.0
2024-11-02,18,23.0,20.0,83.0,0.0,,50.0,5.4,,1016.3,,3.0
2024-11-02,19,18.9,18.6,98.0,0.0,,132.0,6.8,,1015.9,,3.0
2024-11-02,20,19.3,19.0,98.0,0.0,,107.0,6.5,,1014.8,,3.0
2024-11-02,21,22.4,19.4,83.0,0.0,,50.0,5.4,,1014.3,,3.0
2024-11-02,22,19.3,19.1,99.0,0.0,,93.0,7.9,,1013.8,,3.0
2024-11-02,23,19.6,19.1,97.0,0.0,,105.0,6.8,,1013.4,,3.0
2024-11-03,0,22.0,19.5,86.0,0.0,,140.0,3.6,,1013.5,,3.0
2024-11-03,1,19.1,18.8,98.0,0.0,,82.0,9.0,,1014.3,,3.0
2024-11-03,2,20.4,18.7,90.0,0.0,,82.0,13.0,,1015.2,,3.0
2024-11-03,3,23.4,19.1,77.0,0.0,,320.0,5.4,,1015.9,,3.0
2024-11-03,4,23.9,18.8,73.0,0.0,,78.0,13.0,,1016.1,,3.0
2024-11-03,5,25.1,19.5,71.0,0.0,,81.0,11.9,,1015.8,,2.0
2024-11-03,6,27.2,16.8,53.0,0.0,,50.0,5.4,,1014.7,,2.0
2024-11-03,7,26.7,19.1,63.0,0.1,,92.0,13.7,,1013.2,,17.0
2024-11-03,8,23.9,19.2,75.0,1.2,,126.0,16.6,,1012.8,,9.0
2024-11-03,9,27.2,16.2,51.0,1.4,,0.0,0.0,,1011.5,,18.0
2024-11-03,10,24.5,18.9,71.0,0.2,,94.0,15.5,,1011.1,,17.0
2024-11-03,11,24.6,19.0,71.0,0.0,,99.0,9.7,,1011.5,,3.0
2024-11-03,12,26.4,18.5,62.0,0.0,,96.0,3.6,,1012.5,,3.0
2024-11-03,13,21.4,18.6,84.0,0.0,,94.0,13.0,,1013.5,,3.0
2024-11-03,14,20.8,18.4,86.0,0.0,,67.0,11.5,,1014.7,,3.0
2024-11-03,15,20.4,18.3,88.0,0.0,,20.0,81.4,,1015.8,,2.0
2024-11-03,16,20.3,18.8,91.0,0.0,,91.0,12.2,,1016.4,,3.0
2024-11-03,17,19.9,18.9,94.0,0.0,,84.0,9.4,,1016.8,,3.0
2024-11-03,18,19.5,18.7,95.0,0.0,,20.0,55.4,,1016.4,,3.0
2024-11-03,19,19.7,18.5,93.0,0.0,,105.0,6.5,,1015.6,,3.0
2024-11-03,20,19.6,18.8,95.0,0.0,,92.0,6.5,,1014.6,,3.0
2024-11-03,21,22.4,19.4,83.0,0.0,,90.0,7.6,,1013.7,,3.0
2024-11-03,22,19.6,18.9,96.0,0.0,,104.0,8.3,,1013.2,,3.0
2024-11-03,23,19.5,19.0,97.0,0.0,,103.0,7.2,,1013.1,,3.0
2024-11-04,0,21.6,19.5,88.0,0.0,,90.0,3.6,,1013.5,,3.0
2024-11-04,1,19.6,18.9,96.0,0.0,,78.0,7.6,,1014.2,,3.0
2024-11-04,2,20.1,19.1,94.0,0.0,,83.0,10.1,,1014.9,,3.0
2024-11-04,3,22.2,19.6,85.0,0.0,,140.0,3.6,,1015.2,,3.0
2024-11-04,4,23.5,18.4,73.0,0.0,,90.0,12.2,,1015.3,,3.0
2024-11-04,5,25.1,18.1,65.0,0.0,,90.0,13.0,,1014.6,,2.0
2024-11-04,6,26.0,17.1,58.0,0.0,,70.0,3.6,,1013.4,,2.0
2024-11-04,7,26.8,17.0,55.0,0.0,,92.0,14.0,,1012.2,,2.0
2024-11-04,8,26.5,17.3,57.0,0.1,,90.0,16.6,,1011.1,,17.0
2024-11-04,9,27.6,16.6,51.0,0.2,,70.0,3.6,,1010.3,,17.0
2024-11-04,10,25.0,18.4,67.0,0.1,,93.0,14.8,,1010.2,,17.0
2024-11-04,11,23.9,18.5,72.0,0.2,,91.0,13.3,,1010.7,,17.0
2024-11-04,12,25.6,17.0,59.0,0.0,,50.0,3.6,,1011.7,,3.0
2024-11-04,13,21.8,18.0,79.0,0.0,,109.0,11.9,,1012.7,,3.0
2024-11-04,14,21.2,18.4,84.0,0.1,,48.0,8.6,,1013.7,,17.0
2024-11-04,15,22.6,19.4,82.0,0.0,,50.0,5.4,,1014.8,,3.0
2024-11-04,16,20.6,17.8,84.0,0.0,,117.0,13.7,,1015.1,,2.0
2024-11-04,17,20.2,18.3,89.0,0.0,,103.0,12.6,,1014.9,,2.0
2024-11-04,18,21.8,19.4,86.0,0.0,,140.0,5.4,,1015.1,,2.0
2024-11-04,19,19.3,18.6,96.0,0.0,,96.0,9.7,,1014.7,,1.0
2024-11-04,20,18.8,18.1,96.0,0.0,,97.0,12.2,,1013.9,,2.0
2024-11-04,21,21.0,19.5,91.0,0.0,,90.0,5.4,,1013.5,,2.0
2024-11-04,22,17.8,17.2,96.0,0.0,,91.0,11.2,,1013.2,,1.0
2024-11-04,23,17.4,16.8,96.0,0.0,,86.0,10.1,,1013.3,,1.0
2024-11-05,0,21.0,18.8,87.0,0.0,,80.0,3.6,,1014.0,,2.0
2024-11-05,1,17.1,16.5,96.0,0.0,,78.0,10.8,,1015.0,,3.0
2024-11-05,2,18.9,17.2,90.0,0.0,,78.0,10.1,,1015.7,,2.0
2024-11-05,3,21.4,18.4,83.0,0.0,,50.0,3.6,,1016.3,,2.0
2024-11-05,4,23.6,17.1,67.0,0.0,,80.0,14.8,,1016.0,,2.0
2024-11-05,5,25.2,16.1,57.0,0.0,,73.0,15.1,,1015.3,,2.0
2024-11-05,6,26.6,14.4,47.0,0.0,,50.0,5.4,,1014.2,,2.0
2024-11-05,7,27.1,14.8,47.0,0.0,,68.0,12.6,,1012.8,,3.0
2024-11-05,8,27.3,14.7,46.0,0.0,,69.0,11.5,,1011.7,,3.0
2024-11-05,9,26.6,14.4,47.0,0.0,,50.0,5.4,,1010.9,,3.0
2024-11-05,10,27.0,14.4,46.0,0.0,,56.0,12.2,,1010.3,,3.0
2024-11-05,11,26.0,14.8,50.0,0.0,,42.0,11.5,,1010.6,,3.0
2024-11-05,12,25.6,16.7,58.0,0.0,,0.0,0.0,,1011.5,,3.0
2024-11-05,13,23.0,15.1,61.0,0.0,,30.0,9.7,,1012.3,,2.0
2024-11-05,14,22.0,14.9,64.0,0.0,,45.0,9.7,,1013.4,,2.0
2024-11-05,15,22.4,14.3,60.0,0.0,,0.0,0.0,,1014.2,,2.0
2024-11-05,16,20.5,14.8,70.0,0.0,,26.0,9.4,,1015.3,,2.0
2024-11-05,17,19.6,14.8,74.0,0.0,,35.0,9.7,,1015.5,,2.0
2024-11-05,18,21.2,16.4,74.0,0.0,,0.0,0.0,,1015.7,,2.0
2024-11-05,19,18.3,15.2,82.0,0.0,,80.0,9.0,,1015.2,,2.0
2024-11-05,20,17.9,15.0,83.0,0.0,,66.0,8.3,,1014.3,,1.0
2024-11-05,21,20.4,16.8,80.0,0.0,,0.0,0.0,,1013.7,,1.0
2024-11-05,22,17.0,14.5,85.0,0.0,,64.0,9.7,,1013.4,,1.0
2024-11-05,23,16.4,14.8,90.0,0.0,,61.0,7.9,,1013.3,,1.0
2024-11-06,0,19.4,17.2,87.0,0.0,,0.0,0.0,,1013.7,,1.0
2024-11-06,1,15.9,14.4,91.0,0.0,,41.0,8.3,,1014.6,,1.0
2024-11-06,2,19.2,15.1,77.0,0.0,,32.0,10.4,,1015.5,,1.0
2024-11-06,3,23.2,16.0,64.0,0.0,,50.0,3.6,,1016.1,,1.0
2024-11-06,4,24.1,14.8,56.0,0.0,,34.0,13.7,,1016.3,,1.0
2024-11-06,5,25.4,14.2,50.0,0.0,,29.0,14.0,,1015.6,,1.0
2024-11-06,6,27.2,15.2,48.0,0.0,,32.0,3.6,,1014.7,,1.0
2024-11-06,7,27.0,14.4,46.0,0.0,,40.0,12.6,,1013.5,,1.0
2024-11-06,8,27.6,14.6,45.0,0.0,,51.0,11.2,,1012.1,,1.0
2024-11-06,9,27.6,14.3,44.0,0.0,,230.0,5.4,,1011.2,,2.0
2024-11-06,10,26.1,15.5,52.0,0.0,,54.0,14.8,,1011.1,,3.0
2024-11-06,11,25.6,15.6,54.0,0.0,,52.0,14.4,,1011.3,,3.0
2024-11-06,12,26.6,14.7,48.0,0.0,,50.0,5.4,,1012.3,,3.0
2024-11-06,13,23.3,16.1,64.0,0.0,,47.0,11.5,,1013.0,,3.0
2024-11-06,14,22.4,16.2,68.0,0.0,,45.0,10.1,,1013.6,,1.0
2024-11-06,15,24.6,16.1,59.0,0.0,,50.0,3.6,,1014.4,,2.0
2024-11-06,16,21.6,16.6,73.0,0.0,,50.0,9.4,,1014.7,,2.0
2024-11-06,17,21.3,16.5,74.0,0.0,,44.0,11.2,,1014.9,,3.0
2024-11-06,18,23.0,17.0,69.0,0.0,,50.0,3.6,,1014.4,,3.0
2024-11-06,19,21.7,16.4,72.0,0.0,,57.0,10.4,,1013.8,,3.0
2024-11-06,20,21.1,16.7,76.0,0.0,,76.0,11.5,,1013.2,,3.0
2024-11-06,21,22.4,18.8,80.0,0.0,,50.0,3.6,,1012.9,,3.0
2024-11-06,22,19.5,18.0,91.0,0.0,,55.0,10.1,,1012.7,,3.0
2024-11-06,23,19.1,17.8,92.0,0.0,,45.0,9.7,,1012.8,,3.0
2024-11-07,0,21.6,19.2,86.0,0.0,,50.0,3.6,,1013.3,,3.0
2024-11-07,1,18.7,17.5,93.0,0.0,,44.0,9.7,,1014.2,,3.0
2024-11-07,2,20.8,17.8,83.0,0.0,,43.0,11.9,,1015.2,,3.0
2024-11-07,3,22.0,19.4,85.0,0.0,,320.0,5.4,,1015.8,,3.0
2024-11-07,4,24.6,17.8,66.0,0.0,,42.0,14.8,,1015.8,,3.0
2024-11-07,5,26.1,17.2,58.0,0.0,,47.0,17.6,,1015.0,,3.0
2024-11-07,6,26.2,17.3,58.0,0.2,,54.0,5.4,,1014.1,,7.0
2024-11-07,7,26.9,17.7,57.0,0.4,,60.0,16.2,,1012.6,,17.0
2024-11-07,8,26.7,17.8,58.0,0.1,,64.0,19.8,,1011.8,,17.0
2024-11-07,9,25.4,18.1,64.0,0.7,,320.0,3.6,,1012.2,,17.0
2024-11-07,10,25.1,19.5,71.0,0.2,,52.0,13.3,,1011.6,,7.0
2024-11-07,11,25.2,19.1,69.0,0.0,,44.0,12.2,,1011.3,,3.0
2024-11-07,12,25.0,18.2,66.0,0.0,,50.0,3.6,,1012.2,,2.0
2024-11-07,13,22.6,19.2,81.0,0.0,,122.0,11.2,,1013.1,,3.0
2024-11-07,14,21.9,19.5,86.0,0.0,,117.0,6.1,,1014.1,,3.0
2024-11-07,15,23.6,19.7,79.0,0.0,,90.0,3.6,,1015.1,,3.0
2024-11-07,16,21.4,19.7,90.0,0.0,,104.0,8.3,,1015.7,,3.0
2024-11-07,17,21.0,19.8,93.0,0.0,,102.0,9.4,,1015.8,,3.0
2024-11-07,18,22.6,20.1,86.0,0.0,,50.0,3.6,,1015.5,,3.0
2024-11-07,19,20.3,19.1,93.0,0.0,,77.0,10.8,,1015.0,,3.0
2024-11-07,20,20.0,19.0,94.0,0.0,,74.0,11.2,,1014.2,,3.0
2024-11-07,21,21.2,19.5,90.0,0.0,,90.0,3.6,,1013.7,,3.0
2024-11-07,22,19.2,18.7,97.0,0.0,,65.0,10.8,,1013.3,,3.0
2024-11-07,23,18.5,18.2,98.0,0.0,,63.0,10.4,,1013.1,,3.0
2024-11-08,0,20.2,18.3,89.0,0.0,,50.0,3.6,,1013.3,,2.0
2024-11-08,1,18.0,17.4,96.0,0.0,,56.0,9.7,,1014.1,,1.0
2024-11-08,2,20.0,17.8,87.0,0.0,,52.0,12.2,,1015.0,,1.0
2024-11-08,3,23.4,18.7,75.0,0.0,,90.0,3.6,,1015.5,,3.0
2024-11-08,4,24.2,17.2,65.0,0.0,,58.0,16.2,,1015.7,,3.0
2024-11-08,5,25.8,16.9,58.0,0.0,,62.0,16.6,,1015.0,,3.0
2024-11-08,6,28.0,17.2,52.0,0.0,,90.0,5.4,,1013.9,,2.0
2024-11-08,7,28.0,16.0,48.0,0.0,,71.0,16.9,,1012.4,,3.0
2024-11-08,8,28.4,15.3,45.0,0.0,,70.0,15.5,,1011.1,,2.0
2024-11-08,9,29.6,14.2,39.0,0.0,,50.0,3.6,,1009.9,,3.0
2024-11-08,10,28.2,14.8,44.0,0.0,,63.0,15.1,,1010.1,,3.0
2024-11-08,11,27.5,14.9,46.0,0.0,,68.0,13.3,,1010.4,,3.0
2024-11-08,12,27.0,13.0,42.0,0.0,,50.0,3.6,,1011.1,,3.0
2024-11-08,13,23.3,15.4,61.0,0.0,,87.0,9.0,,1011.9,,3.0
2024-11-08,14,22.6,15.4,64.0,0.0,,101.0,13.7,,1013.6,,3.0
2024-11-08,15,24.8,16.0,58.0,0.0,,98.0,3.6,,1014.8,,3.0
2024-11-08,16,21.4,17.2,77.0,0.0,,92.0,13.3,,1015.4,,3.0
2024-11-08,17,20.6,17.6,83.0,0.0,,94.0,13.7,,1015.6,,3.0
2024-11-08,18,22.6,17.9,75.0,0.0,,50.0,5.4,,1015.5,,3.0
2024-11-08,19,19.5,18.5,94.0,0.0,,89.0,12.6,,1014.9,,3.0
2024-11-08,20,19.2,18.7,97.0,0.0,,86.0,11.5,,1014.4,,3.0
2024-11-08,21,21.6,19.2,86.0,0.0,,0.0,0.0,,1014.1,,3.0
2024-11-08,22,18.6,18.3,98.0,0.0,,72.0,13.0,,1013.4,,3.0
2024-11-08,23,18.3,18.0,98.0,0.0,,67.0,13.7,,1013.2,,3.0
2024-11-09,0,20.4,18.2,87.0,0.0,,0.0,0.0,,1013.7,,3.0
2024-11-09,1,17.8,16.8,94.0,0.0,,61.0,12.2,,1014.4,,3.0
2024-11-09,2,19.5,17.1,86.0,0.0,,54.0,13.3,,1014.9,,3.0
2024-11-09,3,22.8,16.8,69.0,0.0,,50.0,3.6,,1015.3,,3.0
2024-11-09,4,24.0,14.7,56.0,0.0,,56.0,17.6,,1015.3,,3.0
2024-11-09,5,25.5,13.4,47.0,0.0,,60.0,17.3,,1014.9,,3.0
2024-11-09,6,28.0,13.5,41.0,0.0,,90.0,3.6,,1014.0,,3.0
2024-11-09,7,27.3,13.3,42.0,0.0,,57.0,15.1,,1012.8,,3.0
2024-11-09,8,27.7,13.3,41.0,0.0,,56.0,14.8,,1011.7,,3.0
2024-11-09,9,28.6,14.1,41.0,0.0,,50.0,3.6,,1010.9,,3.0
2024-11-09,10,27.4,13.7,43.0,0.0,,54.0,13.3,,1010.9,,3.0
2024-11-09,11,27.0,13.4,43.0,0.0,,53.0,11.9,,1011.0,,3.0
2024-11-09,12,26.8,13.5,44.0,0.0,,90.0,3.6,,1011.5,,3.0
2024-11-09,13,23.2,14.2,57.0,0.0,,59.0,10.4,,1012.6,,3.0
2024-11-09,14,22.1,14.7,63.0,0.0,,71.0,10.4,,1013.6,,3.0
2024-11-09,15,24.0,14.7,56.0,0.0,,90.0,3.6,,1014.7,,1.0
2024-11-09,16,20.8,15.3,71.0,0.0,,82.0,11.5,,1015.5,,3.0
2024-11-09,17,19.9,15.7,77.0,0.0,,98.0,10.8,,1015.7,,3.0
2024-11-09,18,22.4,17.3,73.0,0.0,,90.0,3.6,,1015.5,,3.0
2024-11-09,19,18.8,16.9,89.0,0.0,,101.0,11.9,,1015.1,,3.0
2024-11-09,20,18.0,17.2,95.0,0.0,,109.0,10.1,,1014.3,,3.0
2024-11-09,21,22.0,19.4,85.0,0.0,,90.0,3.6,,1013.9,,3.0
2024-11-09,22,17.8,17.3,97.0,0.0,,84.0,9.4,,1013.6,,3.0
2024-11-09,23,17.5,17.0,97.0,0.0,,64.0,9.4,,1013.4,,3.0
2024-11-10,0,20.0,18.1,89.0,0.0,,90.0,3.6,,1014.0,,3.0
2024-11-10,1,17.3,16.5,95.0,0.0,,70.0,8.6,,1014.8,,3.0
2024-11-10,2,19.5,17.5,88.0,0.0,,62.0,10.4,,1015.3,,3.0
2024-11-10,3,22.6,18.4,77.0,0.0,,50.0,3.6,,1016.0,,2.0
2024-11-10,4,24.1,16.6,63.0,0.0,,44.0,13.0,,1015.8,,1.0
2024-11-10,5,25.6,15.6,54.0,0.0,,45.0,14.0,,1015.1,,1.0
2024-11-10,6,27.2,13.9,44.0,0.0,,42.0,5.4,,1013.8,,2.0
2024-11-10,7,27.5,14.2,44.0,0.0,,40.0,15.8,,1012.5,,2.0
2024-11-10,8,27.6,13.9,43.0,0.0,,43.0,15.8,,1011.5,,2.0
2024-11-10,9,28.6,13.3,39.0,0.0,,50.0,3.6,,1010.5,,2.0
2024-11-10,10,27.5,12.7,40.0,0.0,,48.0,16.2,,1010.1,,3.0
2024-11-10,11,25.5,14.9,52.0,0.0,,50.0,14.8,,1011.3,,3.0
2024-11-10,12,26.8,13.2,43.0,0.0,,50.0,3.6,,1012.3,,3.0
2024-11-10,13,22.4,15.7,66.0,0.0,,12.0,9.7,,1013.1,,3.0
2024-11-10,14,21.7,16.0,70.0,0.0,,30.0,8.6,,1014.2,,2.0
2024-11-10,15,24.4,16.1,60.0,0.0,,0.0,0.0,,1015.1,,2.0
2024-11-10,16,20.8,15.6,72.0,0.0,,51.0,9.4,,1015.1,,2.0
2024-11-10,17,20.0,15.6,76.0,0.0,,67.0,9.7,,1015.2,,1.0
2024-11-10,18,23.0,19.4,80.0,0.0,,0.0,0.0,,1014.7,,2.0
2024-11-10,19,18.5,15.6,83.0,0.0,,79.0,7.9,,1014.2,,1.0
2024-11-10,20,17.9,15.7,87.0,0.0,,72.0,7.9,,1013.6,,1.0
2024-11-10,21,21.4,18.4,83.0,0.0,,0.0,0.0,,1012.9,,1.0
2024-11-10,22,17.3,16.3,94.0,0.0,,85.0,7.9,,1012.8,,3.0
2024-11-10,23,17.2,16.2,94.0,0.0,,76.0,9.0,,1012.8,,1.0
2024-11-11,0,20.8,18.4,86.0,0.0,,0.0,0.0,,1013.6,,3.0
2024-11-11,1,17.2,16.2,94.0,0.0,,47.0,8.6,,1014.5,,3.0
2024-11-11,2,19.6,17.0,85.0,0.0,,48.0,10.1,,1014.8,,3.0
2024-11-11,3,22.6,19.4,82.0,0.0,,50.0,5.4,,1015.2,,1.0
2024-11-11,4,24.1,15.1,57.0,0.0,,38.0,15.1,,1014.8,,2.0
2024-11-11,5,25.6,14.4,50.0,0.0,,34.0,14.4,,1013.8,,2.0
2024-11-11,6,26.7,17.8,58.0,0.0,,40.0,3.6,,1012.8,,3.0
2024-11-11,7,27.1,13.8,44.0,0.0,,36.0,15.8,,1011.3,,3.0
2024-11-11,8,27.6,13.9,43.0,0.0,,42.0,15.5,,1010.4,,3.0
2024-11-11,9,28.0,15.3,46.0,0.0,,0.0,0.0,,1009.4,,1.0
2024-11-11,10,27.4,13.4,42.0,0.0,,49.0,15.8,,1009.4,,2.0
2024-11-11,11,26.8,13.2,43.0,0.0,,43.0,14.8,,1009.8,,3.0
2024-11-11,12,27.4,18.1,57.0,0.0,,50.0,3.6,,1010.4,,3.0
2024-11-11,13,24.3,13.5,51.0,0.0,,4.0,11.5,,1011.4,,3.0
2024-11-11,14,23.0,13.8,56.0,0.0,,17.0,9.0,,1012.1,,3.0
2024-11-11,15,23.6,16.6,65.0,0.0,,90.0,7.6,,1012.7,,3.0
2024-11-11,16,21.2,14.4,65.0,0.0,,13.0,7.9,,1012.9,,3.0
2024-11-11,17,20.6,13.8,65.0,0.0,,26.0,8.6,,1013.5,,3.0
2024-11-11,18,22.4,18.4,78.0,0.0,,50.0,3.6,,1013.2,,3.0
2024-11-11,19,20.1,13.6,66.0,0.0,,40.0,11.5,,1012.9,,2.0
2024-11-11,20,19.7,14.3,71.0,0.0,,49.0,10.8,,1012.2,,3.0
2024-11-11,21,22.4,18.2,77.0,0.0,,0.0,0.0,,1011.5,,3.0
2024-11-11,22,19.1,13.9,72.0,0.0,,27.0,9.0,,1011.4,,3.0
2024-11-11,23,19.1,15.0,77.0,0.0,,32.0,8.6,,1011.6,,2.0
2024-11-12,0,22.4,17.8,75.0,0.0,,50.0,3.6,,1012.3,,3.0
2024-11-12,1,20.0,16.6,81.0,0.0,,42.0,9.7,,1012.9,,3.0
2024-11-12,2,20.4,17.2,82.0,0.3,,24.0,9.7,,1013.5,,8.0
2024-11-12,3,22.4,19.4,83.0,0.2,,0.0,0.0,,1014.1,,7.0
2024-11-12,4,23.1,16.6,67.0,0.0,,40.0,18.0,,1014.6,,3.0
2024-11-12,5,23.5,17.3,68.0,0.0,,38.0,14.0,,1013.7,,3.0
2024-11-12,6,23.4,20.9,86.0,0.0,,50.0,3.6,,1012.0,,3.0
2024-11-12,7,27.3,17.5,55.0,0.0,,40.0,16.2,,1010.6,,3.0
2024-11-12,8,27.0,17.5,56.0,0.0,,32.0,15.5,,1009.5,,3.0
2024-11-12,9,25.0,22.5,86.0,0.1,,50.0,3.6,,1009.1,,7.0
2024-11-12,10,25.4,18.3,65.0,0.5,,50.0,16.2,,1009.2,,8.0
2024-11-12,11,24.6,19.2,72.0,0.3,,42.0,13.3,,1009.8,,8.0
2024-11-12,12,24.6,22.3,87.0,0.0,,50.0,3.6,,1010.1,,3.0
2024-11-12,13,22.7,19.3,81.0,0.1,,47.0,15.1,,1011.2,,17.0
2024-11-12,14,22.5,19.1,81.0,0.3,,42.0,11.9,,1012.1,,8.0
2024-11-12,15,23.2,21.5,90.0,0.0,,320.0,5.4,,1013.1,,3.0
2024-11-12,16,21.1,19.2,89.0,0.0,,40.0,11.2,,1013.6,,3.0
2024-11-12,17,20.6,19.6,94.0,0.0,,41.0,10.4,,1013.2,,3.0
2024-11-12,18,22.6,20.1,86.0,0.0,,230.0,5.4,,1012.7,,3.0
2024-11-12,19,20.7,19.7,94.0,0.0,,48.0,12.6,,1012.0,,3.0
2024-11-12,20,20.9,19.7,93.0,0.0,,47.0,13.3,,1011.1,,3.0
2024-11-12,21,21.6,19.5,88.0,0.0,,0.0,0.0,,1010.6,,3.0
2024-11-12,22,20.4,19.7,96.0,0.0,,50.0,11.2,,1010.2,,3.0
2024-11-12,23,20.3,19.6,96.0,0.0,,52.0,11.5,,1010.3,,3.0
2024-11-13,0,21.0,20.2,95.0,0.0,,0.0,0.0,,1011.0,,3.0
2024-11-13,1,19.9,19.4,97.0,0.0,,56.0,13.3,,1011.6,,3.0
2024-11-13,2,20.9,19.0,89.0,0.0,,61.0,15.1,,1012.3,,3.0
2024-11-13,3,22.0,19.9,88.0,0.0,,50.0,5.4,,1013.0,,3.0
2024-11-13,4,23.6,19.1,76.0,0.0,,64.0,16.6,,1013.2,,3.0
2024-11-13,5,24.3,18.9,72.0,0.2,,72.0,20.5,,1012.7,,7.0
2024-11-13,6,25.2,19.8,72.0,0.3,,90.0,3.6,,1011.6,,17.0
2024-11-13,7,25.4,18.6,66.0,0.4,,80.0,19.1,,1010.7,,8.0
2024-11-13,8,24.6,20.1,76.0,2.0,,71.0,20.2,,1009.5,,9.0
2024-11-13,9,26.0,20.1,70.0,1.2,,50.0,3.6,,1009.2,,9.0
2024-11-13,10,22.9,19.9,83.0,0.2,,101.0,15.1,,1009.2,,7.0
2024-11-13,11,23.8,19.7,78.0,0.0,,86.0,15.8,,1009.1,,3.0
2024-11-13,12,25.2,20.5,75.0,0.0,,50.0,3.6,,1009.9,,3.0
2024-11-13,13,22.5,19.7,84.0,0.0,,100.0,12.2,,1010.9,,3.0
2024-11-13,14,21.8,19.7,88.0,0.0,,92.0,12.2,,1012.1,,3.0
2024-11-13,15,24.4,22.1,87.0,0.0,,50.0,3.6,,1013.2,,3.0
2024-11-13,16,21.0,20.0,94.0,0.0,,84.0,11.9,,1013.3,,3.0
2024-11-13,17,20.8,20.0,95.0,0.0,,84.0,13.0,,1013.5,,3.0
2024-11-13,18,22.4,20.7,90.0,0.0,,50.0,3.6,,1013.0,,3.0
2024-11-13,19,20.5,19.7,95.0,0.0,,82.0,12.6,,1012.2,,3.0
2024-11-13,20,19.9,19.4,97.0,0.0,,85.0,13.7,,1011.5,,3.0
2024-11-13,21,22.0,20.3,90.0,0.0,,50.0,3.6,,1010.8,,3.0
2024-11-13,22,20.0,19.2,95.0,0.0,,85.0,11.5,,1010.8,,3.0
2024-11-13,23,20.0,19.0,94.0,0.0,,91.0,9.7,,1011.3,,3.0
2024-11-14,0,22.0,20.3,90.0,0.0,,50.0,3.6,,1012.0,,3.0
2024-11-14,1,20.0,19.3,96.0,0.0,,82.0,11.9,,1012.7,,3.0
2024-11-14,2,20.6,19.4,93.0,0.0,,83.0,16.2,,1013.7,,3.0
2024-11-14,3,22.2,20.1,88.0,0.1,,50.0,3.6,,1014.3,,7.0
2024-11-14,4,23.6,19.1,76.0,0.2,,90.0,17.3,,1014.7,,7.0
2024-11-14,5,24.9,19.7,73.0,0.1,,91.0,15.8,,1014.0,,17.0
2024-11-14,6,22.4,21.6,95.0,0.0,,0.0,0.0,,1012.8,,3.0
2024-11-14,7,25.0,19.1,70.0,0.9,,109.0,16.9,,1012.0,,8.0
2024-11-14,8,24.4,19.7,75.0,1.1,,93.0,14.8,,1011.2,,9.0
2024-11-14,9,23.4,21.3,88.0,1.0,,82.0,3.6,,1010.5,,9.0
2024-11-14,10,24.4,19.5,74.0,0.0,,100.0,15.5,,1010.1,,3.0
2024-11-14,11,23.0,20.0,83.0,0.5,,101.0,14.4,,1011.0,,17.0
2024-11-14,12,22.8,20.3,86.0,0.4,,50.0,5.4,,1012.2,,8.0
2024-11-14,13,21.1,19.7,92.0,0.3,,96.0,12.6,,1013.4,,8.0
2024-11-14,14,21.0,19.8,93.0,0.0,,93.0,9.7,,1014.6,,3.0
2024-11-14,15,22.6,20.1,86.0,0.0,,50.0,3.6,,1015.6,,3.0
2024-11-14,16,20.6,19.6,94.0,0.0,,77.0,8.6,,1016.3,,3.0
2024-11-14,17,20.2,19.5,96.0,0.0,,74.0,8.6,,1015.8,,3.0
2024-11-14,18,21.8,20.6,93.0,0.0,,0.0,0.0,,1015.2,,3.0
2024-11-14,19,20.0,19.7,98.0,0.0,,70.0,10.8,,1014.7,,3.0
2024-11-14,20,20.0,19.5,97.0,0.0,,70.0,11.5,,1013.9,,3.0
2024-11-14,21,21.4,19.9,91.0,0.0,,50.0,3.6,,1013.3,,3.0
2024-11-14,22,20.0,19.3,96.0,0.0,,72.0,10.1,,1013.2,,3.0
2024-11-14,23,19.9,19.2,96.0,0.0,,78.0,10.4,,1013.3,,3.0
2024-11-15,0,20.8,19.6,93.0,0.0,,0.0,0.0,,1013.4,,3.0
2024-11-15,1,19.8,19.1,96.0,0.0,,84.0,10.8,,1014.1,,3.0
2024-11-15,2,20.3,19.5,95.0,0.0,,76.0,15.1,,1014.6,,3.0
2024-11-15,3,22.0,19.9,88.0,0.0,,140.0,3.6,,1015.3,,3.0
2024-11-15,4,23.1,18.8,77.0,0.0,,83.0,16.6,,1015.5,,3.0
2024-11-15,5,24.6,18.8,70.0,0.1,,87.0,16.6,,1014.6,,7.0
2024-11-15,6,25.0,20.9,78.0,0.1,,140.0,3.6,,1013.6,,7.0
2024-11-15,7,26.8,19.4,64.0,0.2,,84.0,13.7,,1012.2,,7.0
2024-11-15,8,24.1,19.2,74.0,1.0,,79.0,14.8,,1011.6,,9.0
2024-11-15,9,23.2,21.1,88.0,0.6,,0.0,0.0,,1010.6,,8.0
2024-11-15,10,24.6,19.7,74.0,1.0,,70.0,15.8,,1010.7,,9.0
2024-11-15,11,22.5,19.5,83.0,5.5,,83.0,14.0,,1011.4,,9.0
2024-11-15,12,23.2,21.1,88.0,0.1,,0.0,0.0,,1012.0,,7.0
2024-11-15,13,21.5,19.8,90.0,0.0,,72.0,8.3,,1013.0,,3.0
2024-11-15,14,21.4,19.9,91.0,0.0,,82.0,9.7,,1014.0,,3.0
2024-11-15,15,22.2,20.5,90.0,0.0,,0.0,0.0,,1014.9,,3.0
2024-11-15,16,20.6,19.9,96.0,0.0,,94.0,9.4,,1015.0,,3.0
2024-11-15,17,19.6,19.3,98.0,0.0,,68.0,9.7,,1015.4,,3.0
2024-11-15,18,22.0,20.5,91.0,0.0,,0.0,0.0,,1014.9,,3.0
2024-11-15,19,20.3,19.8,97.0,0.0,,63.0,9.7,,1014.2,,3.0
2024-11-15,20,20.3,19.8,97.0,0.0,,72.0,10.1,,1013.2,,3.0
2024-11-15,21,21.4,19.9,91.0,0.0,,0.0,0.0,,1012.9,,3.0
2024-11-15,22,19.9,19.6,98.0,0.0,,77.0,7.9,,1012.6,,3.0
2024-11-15,23,19.5,19.3,99.0,0.0,,79.0,10.8,,1012.7,,3.0
2024-11-16,0,20.8,19.3,91.0,0.0,,50.0,3.6,,1013.1,,3.0
2024-11-16,1,19.7,19.2,97.0,0.0,,72.0,10.1,,1013.7,,3.0
2024-11-16,2,20.1,19.3,95.0,0.0,,74.0,15.1,,1014.2,,3.0
2024-11-16,3,22.6,20.9,90.0,0.0,,90.0,3.6,,1014.9,,3.0
2024-11-16,4,23.4,18.9,76.0,0.1,,77.0,16.6,,1014.9,,7.0
2024-11-16,5,24.2,18.8,72.0,0.2,,83.0,16.9,,1014.4,,17.0
2024-11-16,6,25.0,20.7,77.0,0.3,,90.0,3.6,,1013.5,,17.0
2024-11-16,7,26.0,19.9,69.0,0.1,,83.0,15.1,,1012.1,,17.0
2024-11-16,8,25.3,18.7,67.0,0.3,,90.0,20.9,,1011.1,,8.0
2024-11-16,9,27.4,19.5,62.0,0.5,,360.0,3.6,,1010.2,,8.0
2024-11-16,10,23.9,19.4,76.0,1.1,,93.0,17.6,,1010.4,,9.0
2024-11-16,11,22.8,19.6,82.0,0.6,,92.0,16.6,,1010.6,,8.0
2024-11-16,12,24.8,20.9,79.0,1.0,,50.0,5.4,,1011.9,,9.0
2024-11-16,13,20.8,19.6,93.0,0.3,,106.0,12.6,,1012.9,,8.0
2024-11-16,14,20.8,19.8,94.0,0.0,,96.0,10.1,,1013.9,,3.0
2024-11-16,15,20.7,19.7,94.0,0.0,,98.0,11.2,,1014.6,,3.0
2024-11-16,16,20.3,19.6,96.0,0.0,,95.0,12.2,,1014.8,,3.0
2024-11-16,17,20.0,19.5,97.0,0.0,,96.0,12.2,,1014.7,,3.0
2024-11-16,18,21.6,19.9,90.0,0.0,,0.0,0.0,,1014.4,,3.0
2024-11-16,19,19.6,19.3,98.0,0.0,,96.0,11.9,,1013.8,,3.0
2024-11-16,20,19.6,19.3,98.0,0.0,,90.0,11.5,,1013.0,,3.0
2024-11-16,21,21.0,19.5,91.0,0.0,,0.0,0.0,,1012.4,,5.0
2024-11-16,22,19.8,19.1,96.0,0.0,,83.0,12.6,,1012.1,,3.0
2024-11-16,23,19.8,19.1,96.0,0.0,,82.0,13.3,,1012.1,,3.0
2024-11-17,0,21.6,19.2,86.0,0.0,,0.0,0.0,,1012.5,,3.0
2024-11-17,1,19.8,19.1,96.0,0.0,,92.0,11.9,,1013.2,,3.0
2024-11-17,2,20.4,19.2,93.0,0.0,,87.0,16.6,,1013.6,,3.0
2024-11-17,3,22.8,20.7,88.0,0.0,,50.0,3.6,,1014.1,,3.0
2024-11-17,4,23.2,18.7,76.0,0.1,,89.0,17.3,,1014.4,,7.0
2024-11-17,5,24.5,18.4,69.0,0.0,,82.0,16.9,,1014.2,,3.0
2024-11-17,6,25.2,20.2,74.0,0.0,,50.0,3.6,,1013.4,,3.0
2024-11-17,7,26.7,17.5,57.0,0.0,,75.0,16.6,,1012.2,,3.0
2024-11-17,8,27.1,17.3,55.0,0.0,,75.0,16.9,,1010.9,,2.0
2024-11-17,9,27.2,18.5,59.0,0.0,,50.0,3.6,,1009.6,,1.0
2024-11-17,10,26.7,17.5,57.0,0.0,,68.0,18.7,,1009.3,,1.0
2024-11-17,11,25.9,17.5,60.0,0.0,,64.0,18.4,,1009.8,,2.0
2024-11-17,12,25.2,17.4,62.0,0.0,,50.0,3.6,,1010.7,,2.0
2024-11-17,13,23.4,17.8,71.0,0.0,,76.0,12.2,,1011.7,,3.0
2024-11-17,14,22.5,18.1,76.0,0.0,,86.0,13.3,,1013.1,,2.0
2024-11-17,15,24.0,20.7,82.0,0.0,,50.0,3.6,,1014.3,,2.0
2024-11-17,16,20.7,18.6,88.0,0.0,,91.0,10.4,,1014.6,,2.0
2024-11-17,17,20.1,18.8,92.0,0.0,,92.0,10.4,,1014.7,,1.0
2024-11-17,18,22.4,20.3,88.0,0.0,,50.0,3.6,,1014.7,,2.0
2024-11-17,19,19.5,19.0,97.0,0.0,,95.0,11.2,,1014.6,,3.0
2024-11-17,20,19.5,18.7,95.0,0.0,,92.0,12.2,,1013.7,,3.0
2024-11-17,21,22.0,19.9,88.0,0.0,,50.0,3.6,,1013.1,,3.0
2024-11-17,22,19.0,18.3,96.0,0.0,,89.0,10.4,,1012.8,,3.0
2024-11-17,23,19.0,18.3,96.0,0.0,,80.0,10.4,,1012.9,,3.0
2024-11-18,0,19.0,18.2,95.0,0.0,,79.0,11.9,,1013.1,,3.0
2024-11-18,1,19.0,18.5,97.0,0.0,,82.0,11.9,,1013.6,,3.0
2024-11-18,2,19.5,18.3,93.0,0.0,,84.0,13.3,,1014.6,,3.0
2024-11-18,3,21.0,18.0,83.0,0.0,,75.0,16.2,,1015.0,,3.0
2024-11-18,4,22.7,18.0,75.0,0.0,,71.0,16.9,,1015.2,,3.0
2024-11-18,5,23.5,17.9,71.0,0.1,,71.0,16.9,,1015.0,,7.0
2024-11-18,6,25.2,17.4,62.0,0.0,,74.0,16.6,,1014.3,,3.0
2024-11-18,7,26.0,16.8,57.0,0.0,,77.0,16.2,,1013.0,,3.0
2024-11-18,8,26.5,16.4,54.0,0.0,,80.0,15.5,,1011.7,,3.0
2024-11-18,9,26.7,16.3,53.0,0.0,,79.0,15.1,,1010.5,,3.0
2024-11-18,10,26.6,16.2,53.0,0.0,,76.0,15.1,,1010.1,,3.0
2024-11-18,11,26.1,16.1,54.0,0.0,,83.0,12.2,,1010.4,,3.0
2024-11-18,12,24.8,17.0,62.0,0.0,,79.0,8.6,,1011.1,,1.0
2024-11-18,13,23.4,17.6,70.0,0.0,,64.0,12.6,,1012.3,,2.0
2024-11-18,14,22.3,17.9,76.0,0.0,,70.0,12.6,,1013.7,,3.0
2024-11-18,15,21.3,18.3,83.0,0.0,,88.0,11.9,,1014.9,,2.0
2024-11-18,16,20.9,18.3,85.0,0.0,,89.0,11.5,,1016.0,,1.0
2024-11-18,17,20.0,18.8,93.0,0.0,,87.0,11.9,,1016.2,,2.0
2024-11-18,18,19.7,18.9,95.0,0.0,,86.0,12.2,,1015.9,,3.0
2024-11-18,19,19.6,18.6,94.0,0.0,,88.0,13.0,,1015.5,,3.0
2024-11-18,20,19.7,18.4,92.0,0.0,,87.0,12.6,,1014.7,,3.0
2024-11-18,21,19.2,18.5,96.0,0.0,,92.0,10.8,,1014.2,,3.0
2024-11-18,22,18.8,18.3,97.0,0.0,,92.0,11.5,,1013.7,,3.0
2024-11-18,23,18.5,18.0,97.0,0.0,,88.0,11.9,,1013.9,,3.0
2024-11-19,0,18.6,18.1,97.0,0.0,,77.0,11.2,,1014.2,,3.0
2024-11-19,1,18.4,17.9,97.0,0.0,,74.0,10.8,,1014.8,,3.0
2024-11-19,2,19.1,18.3,95.0,0.0,,65.0,13.7,,1015.5,,3.0
2024-11-19,3,20.9,17.7,82.0,0.0,,66.0,14.4,,1016.3,,3.0
2024-11-19,4,22.7,17.4,72.0,0.0,,66.0,15.1,,1016.5,,3.0
2024-11-19,5,24.4,16.9,63.0,0.0,,63.0,14.4,,1015.9,,2.0
2024-11-19,6,25.6,16.2,56.0,0.0,,67.0,12.2,,1015.0,,2.0
2024-11-19,7,26.1,16.1,54.0,0.0,,63.0,11.5,,1013.9,,3.0
2024-11-19,8,26.7,15.4,50.0,0.0,,59.0,11.2,,1012.6,,2.0
2024-11-19,9,26.7,15.1,49.0,0.0,,63.0,10.4,,1011.6,,2.0
2024-11-19,10,26.1,14.9,50.0,0.0,,62.0,11.9,,1011.1,,3.0
2024-11-19,11,25.5,14.9,52.0,0.0,,56.0,12.6,,1011.1,,3.0
2024-11-19,12,24.3,15.2,57.0,0.0,,51.0,13.0,,1011.6,,3.0
2024-11-19,13,22.5,15.8,66.0,0.0,,53.0,13.0,,1012.8,,3.0
2024-11-19,14,21.6,16.1,71.0,0.0,,44.0,12.2,,1013.9,,3.0
2024-11-19,15,20.9,16.1,74.0,0.0,,44.0,11.2,,1014.7,,3.0
2024-11-19,16,20.1,16.1,78.0,0.0,,58.0,11.2,,1015.2,,3.0
2024-11-19,17,19.5,16.0,80.0,0.0,,66.0,11.5,,1015.7,,3.0
2024-11-19,18,18.9,15.8,82.0,0.0,,77.0,11.2,,1015.5,,3.0
2024-11-19,19,18.3,15.9,86.0,0.0,,85.0,10.1,,1015.1,,3.0
2024-11-19,20,17.8,16.3,91.0,0.0,,90.0,10.8,,1014.5,,3.0
2024-11-19,21,17.3,16.5,95.0,0.0,,86.0,10.8,,1014.0,,3.0
2024-11-19,22,17.6,17.4,99.0,0.0,,84.0,13.7,,1013.6,,3.0
2024-11-19,23,17.9,17.1,95.0,0.0,,80.0,14.0,,1013.7,,5.0
2024-11-20,0,17.7,16.9,95.0,0.0,,77.0,11.2,,1014.2,,3.0
2024-11-20,1,17.0,16.7,98.0,0.0,,78.0,11.2,,1015.0,,3.0
2024-11-20,2,17.6,16.8,95.0,0.0,,77.0,13.0,,1015.9,,3.0
2024-11-20,3,19.9,16.7,82.0,0.0,,71.0,13.3,,1016.7,,3.0
2024-11-20,4,21.9,16.4,71.0,0.0,,71.0,13.3,,1016.5,,3.0
2024-11-20,5,23.6,16.4,64.0,0.0,,76.0,12.6,,1015.9,,3.0
2024-11-20,6,24.9,16.1,58.0,0.0,,88.0,11.5,,1014.7,,3.0
2024-11-20,7,26.5,15.2,50.0,0.0,,112.0,9.7,,1013.1,,3.0
2024-11-20,8,27.2,13.9,44.0,0.0,,115.0,7.2,,1011.9,,3.0
2024-11-20,9,27.5,13.4,42.0,0.0,,111.0,7.2,,1010.6,,3.0
2024-11-20,10,26.9,13.6,44.0,0.0,,109.0,7.2,,1010.3,,3.0
2024-11-20,11,26.4,13.9,46.0,0.0,,103.0,9.0,,1010.5,,3.0
2024-11-20,12,25.1,14.9,53.0,0.0,,93.0,9.0,,1010.9,,3.0
2024-11-20,13,23.6,16.4,64.0,0.0,,109.0,9.4,,1012.1,,3.0
2024-11-20,14,22.1,16.8,72.0,0.0,,115.0,10.1,,1013.3,,3.0
2024-11-20,15,21.4,16.8,75.0,0.0,,98.0,11.2,,1014.0,,3.0
2024-11-20,16,20.8,16.8,78.0,0.0,,107.0,10.8,,1014.2,,3.0
2024-11-20,17,19.9,16.7,82.0,0.0,,88.0,10.8,,1014.3,,3.0
2024-11-20,18,18.9,16.9,88.0,0.0,,71.0,10.8,,1014.2,,3.0
2024-11-20,19,18.3,17.0,92.0,0.0,,82.0,12.2,,1013.9,,3.0
2024-11-20,20,17.8,17.2,96.0,0.0,,85.0,12.2,,1013.5,,3.0
2024-11-20,21,17.4,16.9,97.0,0.0,,86.0,11.5,,1013.3,,3.0
2024-11-20,22,17.2,16.9,98.0,0.0,,84.0,10.8,,1013.1,,3.0
2024-11-20,23,17.1,16.9,99.0,0.0,,83.0,11.9,,1013.4,,3.0
2024-11-21,0,17.2,17.0,99.0,0.0,,74.0,11.5,,1013.5,,5.0
2024-11-21,1,17.0,16.8,99.0,0.0,,75.0,11.2,,1014.4,,5.0
2024-11-21,2,17.4,16.8,96.0,0.0,,80.0,10.8,,1015.8,,5.0
2024-11-21,3,19.2,16.8,86.0,0.0,,82.0,12.2,,1016.5,,3.0
2024-11-21,4,21.9,16.0,69.0,0.0,,82.0,10.8,,1016.5,,3.0
2024-11-21,5,23.6,15.6,61.0,0.0,,77.0,10.4,,1015.8,,3.0
2024-11-21,6,25.2,14.9,53.0,0.0,,82.0,9.4,,1014.9,,2.0
2024-11-21,7,26.5,14.3,47.0,0.0,,102.0,5.8,,1013.5,,1.0
2024-11-21,8,26.9,14.0,45.0,0.0,,100.0,6.1,,1011.9,,3.0
2024-11-21,9,27.0,14.1,45.0,0.0,,102.0,7.6,,1010.9,,3.0
2024-11-21,10,26.6,13.7,45.0,0.0,,74.0,7.9,,1010.4,,3.0
2024-11-21,11,25.8,14.0,48.0,0.0,,69.0,10.1,,1010.7,,3.0
2024-11-21,12,24.5,14.6,54.0,0.0,,82.0,9.0,,1011.4,,2.0
2024-11-21,13,23.3,15.4,61.0,0.0,,93.0,7.6,,1012.1,,1.0
2024-11-21,14,22.2,15.5,66.0,0.0,,58.0,10.8,,1013.4,,1.0
2024-11-21,15,21.0,14.2,65.0,0.0,,27.0,10.1,,1014.7,,1.0
2024-11-21,16,20.1,14.5,70.0,0.0,,49.0,8.6,,1015.0,,1.0
2024-11-21,17,19.3,14.1,72.0,0.0,,60.0,9.0,,1015.3,,1.0
2024-11-21,18,18.5,14.0,75.0,0.0,,76.0,9.7,,1015.1,,1.0
2024-11-21,19,17.8,13.9,78.0,0.0,,93.0,9.7,,1014.7,,3.0
2024-11-21,20,17.9,15.3,85.0,0.0,,82.0,9.0,,1014.1,,3.0
2024-11-21,21,20.4,18.5,89.0,0.0,,360.0,3.6,,1013.7,,1.0
2024-11-21,22,16.7,15.7,94.0,0.0,,85.0,10.1,,1013.1,,3.0
2024-11-21,23,16.4,15.8,96.0,0.0,,85.0,10.4,,1012.8,,1.0
2024-11-22,0,19.2,17.3,89.0,0.0,,90.0,3.6,,1013.2,,2.0
2024-11-22,1,17.2,16.4,95.0,0.0,,72.0,9.7,,1014.0,,5.0
2024-11-22,2,17.7,16.2,91.0,0.0,,68.0,9.7,,1014.9,,3.0
2024-11-22,3,20.2,17.8,86.0,0.0,,90.0,3.6,,1015.3,,2.0
2024-11-22,4,22.5,15.8,66.0,0.0,,42.0,11.5,,1015.1,,2.0
2024-11-22,5,24.3,14.7,55.0,0.0,,46.0,12.2,,1014.7,,3.0
2024-11-22,6,26.2,16.2,54.0,0.0,,50.0,3.6,,1013.8,,3.0
2024-11-22,7,26.7,13.4,44.0,0.0,,50.0,9.7,,1012.6,,3.0
2024-11-22,8,27.3,13.3,42.0,0.0,,58.0,9.7,,1011.2,,1.0
2024-11-22,9,28.6,13.3,39.0,0.0,,62.0,3.6,,1010.2,,1.0
2024-11-22,10,26.9,12.9,42.0,0.0,,58.0,10.4,,1009.9,,1.0
2024-11-22,11,26.2,13.7,46.0,0.0,,61.0,10.1,,1010.5,,3.0
2024-11-22,12,26.4,15.8,52.0,0.0,,90.0,3.6,,1011.1,,3.0
2024-11-22,13,23.5,14.8,58.0,0.0,,51.0,9.7,,1012.3,,3.0
2024-11-22,14,22.2,15.1,64.0,0.0,,59.0,10.1,,1013.4,,2.0
2024-11-22,15,23.0,16.8,68.0,0.0,,90.0,3.6,,1014.3,,3.0
2024-11-22,16,20.3,14.6,70.0,0.0,,73.0,10.8,,1015.2,,2.0
2024-11-22,17,19.4,14.4,73.0,0.0,,98.0,11.5,,1015.5,,3.0
2024-11-22,18,21.4,19.3,88.0,0.0,,90.0,5.4,,1014.9,,1.0
2024-11-22,19,18.0,14.5,80.0,0.0,,94.0,11.9,,1014.7,,1.0
2024-11-22,20,17.2,15.0,87.0,0.0,,86.0,10.8,,1014.3,,1.0
2024-11-22,21,20.0,18.1,89.0,0.0,,90.0,3.6,,1013.9,,1.0
2024-11-22,22,16.6,16.0,96.0,0.0,,70.0,9.7,,1013.4,,1.0
2024-11-22,23,16.5,15.9,96.0,0.0,,69.0,9.4,,1013.6,,3.0
2024-11-23,0,19.2,17.3,89.0,0.0,,0.0,0.0,,1014.0,,3.0
2024-11-23,1,16.2,15.4,95.0,0.0,,77.0,9.0,,1014.9,,3.0
2024-11-23,2,16.7,16.1,96.0,0.0,,66.0,10.1,,1016.0,,3.0
2024-11-23,3,20.2,17.8,86.0,0.0,,50.0,5.4,,1016.8,,5.0
2024-11-23,4,23.0,15.1,61.0,0.0,,65.0,7.9,,1016.5,,3.0
2024-11-23,5,25.1,14.6,52.0,0.0,,62.0,7.6,,1015.6,,3.0
2024-11-23,6,25.2,15.8,56.0,0.0,,50.0,5.4,,1014.4,,3.0
2024-11-23,7,27.2,14.2,45.0,0.0,,84.0,7.6,,1013.7,,3.0
2024-11-23,8,27.9,14.2,43.0,0.0,,89.0,7.9,,1012.1,,3.0
2024-11-23,9,28.0,15.3,46.0,0.0,,0.0,0.0,,1011.1,,3.0
2024-11-23,10,28.1,13.6,41.0,0.0,,99.0,9.0,,1010.9,,3.0
2024-11-23,11,27.4,13.4,42.0,0.0,,103.0,11.5,,1011.3,,3.0
2024-11-23,12,26.4,17.5,58.0,0.0,,0.0,0.0,,1011.7,,3.0
2024-11-23,13,25.0,14.8,53.0,0.0,,78.0,8.6,,1012.5,,3.0
2024-11-23,14,23.9,14.6,56.0,0.0,,76.0,9.0,,1013.8,,3.0
2024-11-23,15,22.6,18.4,77.0,0.0,,0.0,0.0,,1014.8,,3.0
2024-11-23,16,21.6,15.0,66.0,0.0,,71.0,12.2,,1015.0,,3.0
2024-11-23,17,20.6,14.7,69.0,0.0,,76.0,10.1,,1015.4,,3.0
2024-11-23,18,22.0,19.9,88.0,0.0,,50.0,3.6,,1015.3,,3.0
2024-11-23,19,18.8,15.7,82.0,0.0,,93.0,12.6,,1015.0,,3.0
2024-11-23,20,18.1,17.1,94.0,0.0,,91.0,11.9,,1014.5,,3.0
2024-11-23,21,21.0,19.3,90.0,0.0,,50.0,3.6,,1014.1,,3.0
2024-11-23,22,17.5,17.3,99.0,0.0,,78.0,10.8,,1013.4,,5.0
2024-11-23,23,17.4,17.2,99.0,0.0,,85.0,11.2,,1013.7,,5.0
2024-11-24,0,19.8,18.3,91.0,0.0,,0.0,0.0,,1014.5,,5.0
2024-11-24,1,17.4,16.6,95.0,0.0,,93.0,12.2,,1015.4,,5.0
2024-11-24,2,18.1,16.6,91.0,0.0,,85.0,10.8,,1016.0,,3.0
2024-11-24,3,21.4,19.7,90.0,0.0,,0.0,0.0,,1016.4,,3.0
2024-11-24,4,23.3,16.6,66.0,0.0,,70.0,8.3,,1016.2,,3.0
2024-11-24,5,25.3,15.3,54.0,0.0,,66.0,8.3,,1015.2,,2.0
2024-11-24,6,27.0,18.0,58.0,0.0,,0.0,0.0,,1014.1,,1.0
2024-11-24,7,27.8,14.1,43.0,0.0,,64.0,8.6,,1013.0,,3.0
2024-11-24,8,28.6,13.3,39.0,0.0,,82.0,9.4,,1011.7,,3.0
2024-11-24,9,28.2,13.7,41.0,0.0,,90.0,3.6,,1011.1,,3.0
2024-11-24,10,28.4,13.5,40.0,0.0,,75.0,11.2,,1010.6,,3.0
2024-11-24,11,27.4,13.4,42.0,0.0,,77.0,12.2,,1010.9,,3.0
2024-11-24,12,25.4,16.3,57.0,0.0,,0.0,0.0,,1011.6,,3.0
2024-11-24,13,24.7,13.6,50.0,0.0,,59.0,12.2,,1012.5,,3.0
2024-11-24,14,23.4,13.8,55.0,0.0,,75.0,11.5,,1013.6,,3.0
2024-11-24,15,22.6,16.6,69.0,0.0,,0.0,0.0,,1014.2,,3.0
2024-11-24,16,21.9,14.0,61.0,0.0,,59.0,9.4,,1014.3,,3.0
2024-11-24,17,21.1,14.0,64.0,0.0,,57.0,9.0,,1014.5,,3.0
2024-11-24,18,21.4,18.6,84.0,0.0,,82.0,3.6,,1014.6,,3.0
2024-11-24,19,19.2,14.5,74.0,0.0,,62.0,9.4,,1014.0,,3.0
2024-11-24,20,18.6,14.9,79.0,0.0,,82.0,9.7,,1013.6,,3.0
2024-11-24,21,20.0,18.1,89.0,0.0,,0.0,0.0,,1013.2,,3.0
2024-11-24,22,17.8,17.3,97.0,0.0,,70.0,11.2,,1012.8,,3.0
2024-11-24,23,17.5,17.2,98.0,0.0,,68.0,10.8,,1013.0,,3.0
2024-11-25,0,19.4,17.5,89.0,0.0,,0.0,0.0,,1013.1,,5.0
2024-11-25,1,16.8,16.6,99.0,0.0,,67.0,11.5,,1014.2,,5.0
2024-11-25,2,17.1,16.8,98.0,0.0,,60.0,14.0,,1014.8,,5.0
2024-11-25,3,19.8,17.9,89.0,0.0,,0.0,0.0,,1015.0,,5.0
2024-11-25,4,21.6,15.4,68.0,0.0,,39.0,13.0,,1015.0,,3.0
2024-11-25,5,23.4,14.1,56.0,0.0,,32.0,13.0,,1014.5,,3.0
2024-11-25,6,24.6,16.1,59.0,0.0,,50.0,3.6,,1013.6,,3.0
2024-11-25,7,26.6,11.5,39.0,0.0,,50.0,13.7,,1012.6,,3.0
2024-11-25,8,27.0,11.9,39.0,0.0,,50.0,14.0,,1011.5,,3.0
2024-11-25,9,27.2,14.9,47.0,0.0,,90.0,3.6,,1010.6,,3.0
2024-11-25,10,26.8,12.8,42.0,0.0,,68.0,12.6,,1010.1,,3.0
2024-11-25,11,26.2,13.3,45.0,0.0,,66.0,13.0,,1010.3,,3.0
2024-11-25,12,25.2,14.9,53.0,0.0,,50.0,3.6,,1010.8,,3.0
2024-11-25,13,24.0,14.1,54.0,0.0,,54.0,12.2,,1011.6,,3.0
2024-11-25,14,22.7,14.5,60.0,0.0,,63.0,11.2,,1013.2,,3.0
2024-11-25,15,23.4,18.5,74.0,0.0,,0.0,0.0,,1014.7,,3.0
2024-11-25,16,21.4,14.5,65.0,0.0,,64.0,10.1,,1014.7,,3.0
2024-11-25,17,20.4,16.2,77.0,0.0,,68.0,11.5,,1014.9,,3.0
2024-11-25,18,22.0,19.9,88.0,0.0,,50.0,3.6,,1014.5,,3.0
2024-11-25,19,19.1,17.2,89.0,0.0,,52.0,11.5,,1013.8,,3.0
2024-11-25,20,18.7,17.5,93.0,0.0,,50.0,11.2,,1012.6,,3.0
2024-11-25,21,20.4,18.5,89.0,0.0,,50.0,3.6,,1011.7,,3.0
2024-11-25,22,18.2,16.9,92.0,0.0,,44.0,11.5,,1011.4,,3.0
2024-11-25,23,17.9,16.2,90.0,0.0,,44.0,11.2,,1011.5,,3.0
2024-11-26,0,20.0,18.1,89.0,0.0,,50.0,3.6,,1012.2,,3.0
2024-11-26,1,17.8,14.5,81.0,0.0,,36.0,12.6,,1012.8,,3.0
2024-11-26,2,18.5,14.6,78.0,0.0,,42.0,12.2,,1013.9,,3.0
2024-11-26,3,20.2,18.0,87.0,0.0,,50.0,3.6,,1014.7,,3.0
2024-11-26,4,21.3,15.8,71.0,0.0,,42.0,14.4,,1014.8,,3.0
2024-11-26,5,23.8,16.3,63.0,0.0,,48.0,19.8,,1013.8,,3.0
2024-11-26,6,23.4,18.7,75.0,0.0,,50.0,5.4,,1012.9,,3.0
2024-11-26,7,25.3,16.7,59.0,0.2,,50.0,20.9,,1011.8,,7.0
2024-11-26,8,25.5,17.2,60.0,0.2,,49.0,22.0,,1010.4,,7.0
2024-11-26,9,23.2,18.3,74.0,0.0,,50.0,3.6,,1009.6,,3.0
2024-11-26,10,24.8,17.0,62.0,0.0,,41.0,20.9,,1009.3,,3.0
2024-11-26,11,24.1,17.1,65.0,0.0,,42.0,20.2,,1009.6,,3.0
2024-11-26,12,21.2,18.8,86.0,0.0,,50.0,3.6,,1010.5,,3.0
2024-11-26,13,22.2,17.3,74.0,0.0,,31.0,15.8,,1011.6,,3.0
2024-11-26,14,21.6,17.2,76.0,0.0,,38.0,17.6,,1012.8,,3.0
2024-11-26,15,20.2,18.0,87.0,0.7,,140.0,3.6,,1013.9,,8.0
2024-11-26,16,20.1,17.1,83.0,1.0,,35.0,15.5,,1014.7,,9.0
2024-11-26,17,19.8,17.0,84.0,0.0,,36.0,14.0,,1014.8,,3.0
2024-11-26,18,19.4,17.9,91.0,0.0,,50.0,3.6,,1013.9,,3.0
2024-11-26,19,19.6,17.4,87.0,0.0,,38.0,15.8,,1013.0,,3.0
2024-11-26,20,19.4,17.2,87.0,0.0,,42.0,13.3,,1012.0,,3.0
2024-11-26,21,19.1,17.6,91.0,0.0,,44.0,16.2,,1011.1,,3.0
2024-11-26,22,18.9,17.6,92.0,0.0,,44.0,16.6,,1010.9,,3.0
2024-11-26,23,18.8,17.5,92.0,0.0,,43.0,15.8,,1010.9,,3.0
2024-11-27,0,18.8,17.1,90.0,0.0,,0.0,0.0,,1011.3,,3.0
2024-11-27,1,18.8,17.1,90.0,0.0,,42.0,15.5,,1011.8,,3.0
2024-11-27,2,19.0,16.8,87.0,0.0,,44.0,16.2,,1012.7,,3.0
2024-11-27,3,19.6,17.4,87.0,0.0,,50.0,3.6,,1013.0,,3.0
2024-11-27,4,22.6,16.4,68.0,0.0,,44.0,23.8,,1013.1,,3.0
2024-11-27,5,23.5,16.3,64.0,0.0,,49.0,25.9,,1012.8,,3.0
2024-11-27,6,23.2,17.7,71.0,0.0,,50.0,3.6,,1012.0,,3.0
2024-11-27,7,25.9,15.9,54.0,0.0,,42.0,19.8,,1010.7,,3.0
2024-11-27,8,25.3,15.6,55.0,0.0,,44.0,19.8,,1009.8,,3.0
2024-11-27,9,24.0,18.0,69.0,0.0,,50.0,3.6,,1008.9,,3.0
2024-11-27,10,24.5,15.7,58.0,0.0,,31.0,17.3,,1008.4,,3.0
2024-11-27,11,24.0,15.5,59.0,0.0,,30.0,15.5,,1008.6,,3.0
2024-11-27,12,23.4,18.3,73.0,0.0,,360.0,3.6,,1009.4,,3.0
2024-11-27,13,22.6,15.9,66.0,0.0,,28.0,13.0,,1010.2,,3.0
2024-11-27,14,21.7,16.0,70.0,0.0,,34.0,11.9,,1011.5,,3.0
2024-11-27,15,21.0,17.2,79.0,0.0,,90.0,3.6,,1012.3,,3.0
2024-11-27,16,20.5,15.9,75.0,0.0,,17.0,11.2,,1012.5,,3.0
2024-11-27,17,20.3,16.1,77.0,0.0,,19.0,11.5,,1012.5,,3.0
2024-11-27,18,20.0,17.2,84.0,0.0,,50.0,3.6,,1012.0,,3.0
2024-11-27,19,19.5,16.0,80.0,0.0,,36.0,13.0,,1011.5,,3.0
2024-11-27,20,18.9,15.8,82.0,0.0,,35.0,12.6,,1010.7,,3.0
2024-11-27,21,19.6,16.4,82.0,0.0,,50.0,3.6,,1010.1,,3.0
2024-11-27,22,18.1,15.4,84.0,0.0,,20.0,13.7,,1009.9,,3.0
2024-11-27,23,17.9,15.2,84.0,0.0,,25.0,13.7,,1009.9,,3.0
2024-11-28,0,18.4,16.6,89.0,0.0,,27.0,5.4,,1010.6,,3.0
2024-11-28,1,17.4,15.0,86.0,0.0,,22.0,16.2,,1011.1,,3.0
2024-11-28,2,18.1,15.2,83.0,0.0,,28.0,15.1,,1012.3,,3.0
2024-11-28,3,20.0,14.4,70.0,0.0,,50.0,3.6,,1013.3,,3.0
2024-11-28,4,21.6,13.5,60.0,0.0,,29.0,19.8,,1013.4,,3.0
2024-11-28,5,23.2,12.2,50.0,0.0,,24.0,18.7,,1012.7,,3.0
2024-11-28,6,24.0,9.9,41.0,0.0,,50.0,5.4,,1011.8,,3.0
2024-11-28,7,25.6,12.4,44.0,0.0,,28.0,17.6,,1010.7,,3.0
2024-11-28,8,26.4,11.7,40.0,0.0,,23.0,18.7,,1009.0,,3.0
2024-11-28,9,26.8,12.1,40.0,0.0,,0.0,0.0,,1008.5,,3.0
2024-11-28,10,26.1,11.8,41.0,0.0,,26.0,17.3,,1008.1,,3.0
2024-11-28,11,25.2,11.7,43.0,0.0,,24.0,15.8,,1008.6,,3.0
2024-11-28,12,24.8,10.3,40.0,0.0,,50.0,3.6,,1009.4,,3.0
2024-11-28,13,22.4,12.6,54.0,0.0,,25.0,11.5,,1010.3,,3.0
2024-11-28,14,21.4,12.8,58.0,0.0,,20.0,11.2,,1011.3,,3.0
2024-11-28,15,20.8,12.8,60.0,0.0,,270.0,3.6,,1012.3,,3.0
2024-11-28,16,20.0,12.0,60.0,0.0,,9.0,11.2,,1012.7,,3.0
2024-11-28,17,19.6,12.1,62.0,0.0,,26.0,11.2,,1013.0,,3.0
2024-11-28,18,20.0,14.4,70.0,0.0,,0.0,0.0,,1012.4,,3.0
2024-11-28,19,18.6,12.6,68.0,0.0,,31.0,15.5,,1011.5,,3.0
2024-11-28,20,18.4,13.0,71.0,0.0,,29.0,15.5,,1010.4,,3.0
2024-11-28,21,20.0,15.4,75.0,0.0,,50.0,3.6,,1009.7,,3.0
2024-11-28,22,18.5,12.7,69.0,0.0,,33.0,15.5,,1009.7,,3.0
2024-11-28,23,18.4,13.0,71.0,0.0,,26.0,14.8,,1009.7,,3.0
2024-11-29,0,20.0,16.4,80.0,0.0,,50.0,3.6,,1010.4,,3.0
2024-11-29,1,19.0,12.7,67.0,0.0,,19.0,16.6,,1010.8,,3.0
2024-11-29,2,19.7,12.5,63.0,0.0,,19.0,16.9,,1011.5,,3.0
2024-11-29,3,20.0,15.8,77.0,0.0,,0.0,0.0,,1012.3,,3.0
2024-11-29,4,21.6,13.8,61.0,0.0,,19.0,19.8,,1012.7,,3.0
2024-11-29,5,22.7,15.3,63.0,0.0,,26.0,21.2,,1012.8,,3.0
2024-11-29,6,23.8,18.0,70.0,0.0,,50.0,3.6,,1012.1,,3.0
2024-11-29,7,23.9,15.1,58.0,0.0,,22.0,21.2,,1010.8,,3.0
2024-11-29,8,23.9,15.4,59.0,0.0,,10.0,20.5,,1009.4,,3.0
2024-11-29,9,27.2,19.0,61.0,0.0,,50.0,5.4,,1008.8,,3.0
2024-11-29,10,25.0,17.2,62.0,0.0,,28.0,18.4,,1008.4,,3.0
2024-11-29,11,23.9,16.4,63.0,0.0,,23.0,18.0,,1008.8,,3.0
2024-11-29,12,24.8,18.7,69.0,0.0,,50.0,3.6,,1009.1,,3.0
2024-11-29,13,22.4,16.0,67.0,0.0,,10.0,13.3,,1010.0,,3.0
2024-11-29,14,22.1,15.9,68.0,0.0,,3.0,12.2,,1010.7,,3.0
2024-11-29,15,22.4,18.4,78.0,0.0,,360.0,3.6,,1012.7,,3.0
2024-11-29,16,20.7,16.1,75.0,0.0,,10.0,12.2,,1012.7,,3.0
2024-11-29,17,20.5,16.3,77.0,0.0,,14.0,12.6,,1012.1,,3.0
2024-11-29,18,21.4,19.3,88.0,0.0,,360.0,3.6,,1011.7,,3.0
2024-11-29,19,20.2,17.4,84.0,0.0,,16.0,13.3,,1010.9,,3.0
2024-11-29,20,19.8,17.6,87.0,0.0,,14.0,13.7,,1009.8,,3.0
2024-11-29,21,21.2,19.5,90.0,0.0,,360.0,3.6,,1009.2,,3.0
2024-11-29,22,19.3,17.4,89.0,0.0,,9.0,14.8,,1008.8,,3.0
2024-11-29,23,19.2,17.3,89.0,0.0,,5.0,14.8,,1008.7,,3.0
2024-11-30,0,21.0,19.5,91.0,0.0,,360.0,3.6,,1009.0,,3.0
2024-11-30,1,19.1,17.4,90.0,0.0,,1.0,15.8,,1009.9,,3.0
2024-11-30,2,20.1,17.7,86.0,0.0,,2.0,16.6,,1010.6,,3.0
2024-11-30,3,21.0,19.3,90.0,0.0,,50.0,3.6,,1011.4,,3.0
2024-11-30,4,20.9,17.9,83.0,0.0,,357.0,20.5,,1011.9,,3.0
2024-11-30,5,22.3,18.3,78.0,0.0,,1.0,22.3,,1011.7,,3.0
2024-11-30,6,22.0,19.9,88.0,0.0,,320.0,3.6,,1010.5,,3.0
2024-11-30,7,22.7,18.0,75.0,0.1,,358.0,26.3,,1008.9,,7.0
2024-11-30,8,22.9,18.0,74.0,0.0,,357.0,26.3,,1007.9,,3.0
2024-11-30,9,22.2,19.7,86.0,0.0,,270.0,3.6,,1006.7,,3.0
2024-11-30,10,22.6,17.9,75.0,0.2,,354.0,24.8,,1006.5,,7.0
2024-11-30,11,22.7,17.8,74.0,0.0,,338.0,21.6,,1006.9,,3.0
2024-11-30,12,22.0,19.5,86.0,0.1,,320.0,3.6,,1007.4,,7.0
2024-11-30,13,22.2,17.8,76.0,0.0,,332.0,16.2,,1007.9,,3.0
2024-11-30,14,22.1,17.9,77.0,0.0,,348.0,17.3,,1008.7,,3.0
2024-11-30,15,21.8,20.1,90.0,0.0,,320.0,3.6,,1009.3,,3.0
2024-11-30,16,20.6,18.4,87.0,0.0,,338.0,22.3,,1010.0,,3.0
2024-11-30,17,20.5,18.4,88.0,0.0,,338.0,21.6,,1009.9,,3.0
2024-11-30,18,20.6,19.1,91.0,0.3,,320.0,3.6,,1009.4,,8.0
2024-11-30,19,19.9,18.9,94.0,1.1,,334.0,20.5,,1008.5,,9.0
2024-11-30,20,19.9,19.1,95.0,0.2,,336.0,20.2,,1007.8,,7.0
2024-11-30,21,20.2,18.7,91.0,0.6,,320.0,3.6,,1007.6,,8.0
2024-11-30,22,19.7,18.9,95.0,0.0,,330.0,20.5,,1006.6,,3.0
2024-11-30,23,19.8,18.8,94.0,0.0,,319.0,18.0,,1006.9,,3.0
2024-12-01,0,19.9,18.9,94.0,0.1,,320.0,17.3,,1007.6,,7.0
2024-12-01,1,19.8,18.8,94.0,0.0,,325.0,18.0,,1008.1,,3.0
2024-12-01,2,19.9,19.2,96.0,0.0,,335.0,22.0,,1008.8,,3.0
2024-12-01,3,20.1,19.3,95.0,0.1,,343.0,25.9,,1009.1,,7.0
2024-12-01,4,20.9,19.2,90.0,0.2,,351.0,24.5,,1009.8,,7.0
2024-12-01,5,21.2,19.3,89.0,0.4,,351.0,22.0,,1009.5,,8.0
2024-12-01,6,22.6,19.2,81.0,0.2,,357.0,26.3,,1007.8,,7.0
2024-12-01,7,23.9,19.0,74.0,0.0,,2.0,25.9,,1006.5,,3.0
2024-12-01,8,24.3,18.9,72.0,0.0,,1.0,25.2,,1005.4,,3.0
2024-12-01,9,23.9,19.0,74.0,0.1,,3.0,22.0,,1004.8,,7.0
2024-12-01,10,23.6,18.9,75.0,0.1,,355.0,23.4,,1004.3,,7.0
2024-12-01,11,22.8,19.2,80.0,0.4,,359.0,17.6,,1004.9,,8.0
2024-12-01,12,22.0,19.5,86.0,0.3,,356.0,17.6,,1005.5,,8.0
2024-12-01,13,21.3,19.8,91.0,0.4,,2.0,16.6,,1006.4,,8.0
2024-12-01,14,20.8,19.8,94.0,0.3,,11.0,17.6,,1007.3,,8.0
2024-12-01,15,20.4,19.7,96.0,2.0,,356.0,17.6,,1008.2,,9.0
2024-12-01,16,20.4,19.9,97.0,5.0,,339.0,19.4,,1007.9,,9.0
2024-12-01,17,20.2,19.9,98.0,0.5,,342.0,19.1,,1008.3,,8.0
2024-12-01,18,20.2,19.7,97.0,2.2,,349.0,20.5,,1008.0,,9.0
2024-12-01,19,19.9,19.6,98.0,1.2,,348.0,19.4,,1007.0,,9.0
2024-12-01,20,19.9,19.6,98.0,1.7,,348.0,21.2,,1005.9,,9.0
2024-12-01,21,19.9,19.6,98.0,3.7,,344.0,24.1,,1004.9,,9.0
2024-12-01,22,20.4,20.1,98.0,4.1,,358.0,24.5,,1005.1,,9.0
2024-12-01,23,20.5,20.2,98.0,1.2,,7.0,21.2,,1005.3,,9.0
2024-12-02,0,20.2,18.3,89.0,0.8,,320.0,3.6,,1005.9,,8.0
2024-12-02,1,20.4,20.1,98.0,0.5,,7.0,19.8,,1006.5,,8.0
2024-12-02,2,20.5,20.0,97.0,1.3,,17.0,19.8,,1007.6,,9.0
2024-12-02,3,21.2,19.7,91.0,2.4,,320.0,3.6,,1008.4,,9.0
2024-12-02,4,22.4,19.9,86.0,0.0,,71.0,18.0,,1008.5,,3.0
2024-12-02,5,22.4,19.4,83.0,0.3,,70.0,18.4,,1008.2,,8.0
2024-12-02,6,21.6,20.4,93.0,0.0,,50.0,7.6,,1007.9,,3.0
2024-12-02,7,23.5,19.4,78.0,0.4,,87.0,17.6,,1006.7,,8.0
2024-12-02,8,21.8,20.6,93.0,0.5,,80.0,15.1,,1006.3,,8.0
2024-12-02,9,21.8,20.6,93.0,0.6,,50.0,3.6,,1005.7,,8.0
2024-12-02,10,22.9,20.4,86.0,0.3,,86.0,15.1,,1005.1,,8.0
2024-12-02,11,23.0,20.3,85.0,0.4,,100.0,13.3,,1005.5,,8.0
2024-12-02,12,21.4,20.2,93.0,0.2,,90.0,3.6,,1006.3,,7.0
2024-12-02,13,21.0,20.2,95.0,1.9,,72.0,6.1,,1008.0,,9.0
2024-12-02,14,21.0,20.2,95.0,0.0,,114.0,10.8,,1008.8,,3.0
2024-12-02,15,21.6,19.9,90.0,0.0,,50.0,5.4,,1010.3,,3.0
2024-12-02,16,20.8,20.1,96.0,0.1,,129.0,14.0,,1010.9,,7.0
2024-12-02,17,20.6,20.3,98.0,0.1,,132.0,13.3,,1011.0,,7.0
2024-12-02,18,21.2,20.4,95.0,0.1,,50.0,5.4,,1010.8,,7.0
2024-12-02,19,20.1,19.8,98.0,0.3,,132.0,16.9,,1010.7,,8.0
2024-12-02,20,19.8,19.5,98.0,0.2,,132.0,14.0,,1010.1,,7.0
2024-12-02,21,21.0,19.3,90.0,0.2,,50.0,5.4,,1009.5,,7.0
2024-12-02,22,19.7,19.5,99.0,0.0,,132.0,14.0,,1009.2,,3.0
2024-12-02,23,20.0,19.8,99.0,0.0,,125.0,13.0,,1008.9,,3.0
2024-12-03,0,20.8,18.9,89.0,0.0,,50.0,5.4,,1009.3,,5.0
2024-12-03,1,19.8,19.6,99.0,0.0,,121.0,13.0,,1009.9,,3.0
2024-12-03,2,20.1,19.6,97.0,0.0,,128.0,16.2,,1010.8,,5.0
2024-12-03,3,21.0,19.8,93.0,0.0,,140.0,3.6,,1012.0,,3.0
2024-12-03,4,22.8,19.6,82.0,0.1,,145.0,16.9,,1012.2,,7.0
2024-12-03,5,24.2,19.7,76.0,0.2,,154.0,14.4,,1012.0,,7.0
2024-12-03,6,23.0,20.5,86.0,0.2,,50.0,3.6,,1011.5,,17.0
2024-12-03,7,26.2,19.6,67.0,0.1,,177.0,9.0,,1010.6,,17.0
2024-12-03,8,26.7,20.3,68.0,0.1,,170.0,7.2,,1009.3,,17.0
2024-12-03,9,22.4,20.3,88.0,0.0,,140.0,3.6,,1008.2,,2.0
2024-12-03,10,23.9,19.6,77.0,0.6,,133.0,11.9,,1009.1,,8.0
2024-12-03,11,24.0,19.9,78.0,0.0,,92.0,9.4,,1009.4,,3.0
2024-12-03,12,22.6,20.5,88.0,0.0,,90.0,3.6,,1010.2,,3.0
2024-12-03,13,21.6,19.7,89.0,0.0,,106.0,9.4,,1011.5,,3.0
2024-12-03,14,21.4,20.0,92.0,0.0,,113.0,11.2,,1012.2,,3.0
2024-12-03,15,23.0,20.9,88.0,0.0,,90.0,5.4,,1013.4,,3.0
2024-12-03,16,20.7,20.0,96.0,0.0,,97.0,14.4,,1013.8,,2.0
2024-12-03,17,20.6,19.9,96.0,0.0,,99.0,15.1,,1013.9,,3.0
2024-12-03,18,20.4,19.7,96.0,0.0,,104.0,15.8,,1013.7,,3.0
2024-12-03,19,20.2,19.7,97.0,0.0,,109.0,15.5,,1013.3,,3.0
2024-12-03,20,20.4,20.1,98.0,0.0,,108.0,16.2,,1012.2,,3.0
2024-12-03,21,21.4,19.7,90.0,0.0,,90.0,5.4,,1011.8,,3.0
2024-12-03,22,19.6,19.1,97.0,0.0,,113.0,11.2,,1011.5,,3.0
2024-12-03,23,19.2,18.7,97.0,0.0,,110.0,10.8,,1011.9,,2.0
2024-12-04,0,20.0,18.5,91.0,0.0,,140.0,5.4,,1012.3,,2.0
2024-12-04,1,18.7,18.4,98.0,0.0,,110.0,11.2,,1013.1,,3.0
2024-12-04,2,18.9,18.6,98.0,0.0,,111.0,13.0,,1013.9,,3.0
2024-12-04,3,20.8,18.4,86.0,0.0,,90.0,5.4,,1015.0,,3.0
2024-12-04,4,21.9,18.1,79.0,0.0,,109.0,13.7,,1015.3,,3.0
2024-12-04,5,23.5,17.5,69.0,0.0,,115.0,13.7,,1014.9,,3.0
2024-12-04,6,25.6,16.7,58.0,0.0,,140.0,5.4,,1013.9,,3.0
2024-12-04,7,25.4,17.3,61.0,0.0,,113.0,13.7,,1012.7,,2.0
2024-12-04,8,25.3,17.8,63.0,0.0,,102.0,13.0,,1011.4,,3.0
2024-12-04,9,25.4,17.3,61.0,0.0,,90.0,3.6,,1010.2,,2.0
2024-12-04,10,25.6,17.8,62.0,0.0,,96.0,10.1,,1009.7,,3.0
2024-12-04,11,25.0,18.4,67.0,0.0,,89.0,7.9,,1010.4,,3.0
2024-12-04,12,25.0,19.6,72.0,0.0,,0.0,0.0,,1011.0,,3.0
2024-12-04,13,22.7,19.3,81.0,0.0,,77.0,9.0,,1012.0,,2.0
2024-12-04,14,22.1,19.3,84.0,0.0,,80.0,9.7,,1013.1,,2.0
2024-12-04,15,23.8,21.9,89.0,0.0,,0.0,0.0,,1014.0,,2.0
2024-12-04,16,20.7,19.4,92.0,0.0,,90.0,11.5,,1015.5,,2.0
2024-12-04,17,20.3,19.5,95.0,0.0,,96.0,10.1,,1015.4,,3.0
2024-12-04,18,22.2,20.1,88.0,0.0,,50.0,3.6,,1014.8,,2.0
2024-12-04,19,19.6,19.3,98.0,0.0,,107.0,9.0,,1014.2,,2.0
2024-12-04,20,19.4,19.2,99.0,0.0,,106.0,9.4,,1013.7,,3.0
2024-12-04,21,21.2,19.7,91.0,0.0,,0.0,0.0,,1012.9,,5.0
2024-12-04,22,19.8,19.6,99.0,0.0,,104.0,10.1,,1012.6,,3.0
2024-12-04,23,20.0,19.7,98.0,0.0,,107.0,10.8,,1012.5,,5.0
2024-12-05,0,20.8,19.3,91.0,0.0,,0.0,0.0,,1012.7,,3.0
2024-12-05,1,19.5,19.3,99.0,0.0,,98.0,9.0,,1013.4,,3.0
2024-12-05,2,19.7,19.5,99.0,0.0,,102.0,10.1,,1014.3,,3.0
2024-12-05,3,21.2,19.7,91.0,0.0,,50.0,5.4,,1015.3,,5.0
2024-12-05,4,22.5,19.1,81.0,0.0,,105.0,11.2,,1015.7,,3.0
2024-12-05,5,23.8,19.1,75.0,0.0,,103.0,11.9,,1015.2,,3.0
2024-12-05,6,25.0,20.9,78.0,0.0,,50.0,5.4,,1014.2,,3.0
2024-12-05,7,25.5,19.4,69.0,0.0,,100.0,12.2,,1013.0,,2.0
2024-12-05,8,25.9,19.5,68.0,0.0,,103.0,11.5,,1011.7,,3.0
2024-12-05,9,27.4,19.0,60.0,0.0,,140.0,7.6,,1010.5,,2.0
2024-12-05,10,24.9,19.3,71.0,0.2,,109.0,12.6,,1009.9,,17.0
2024-12-05,11,24.8,19.4,72.0,0.1,,107.0,15.1,,1010.1,,17.0
2024-12-05,12,25.0,22.7,87.0,0.0,,0.0,0.0,,1011.2,,2.0
2024-12-05,13,22.2,19.9,87.0,0.0,,94.0,10.1,,1012.6,,2.0
2024-12-05,14,21.8,19.9,89.0,0.0,,96.0,9.4,,1013.6,,2.0
2024-12-05,15,22.4,19.8,85.0,0.0,,0.0,0.0,,1014.5,,2.0
2024-12-05,16,20.9,19.7,93.0,0.0,,93.0,10.1,,1015.2,,2.0
2024-12-05,17,20.6,19.4,93.0,0.0,,94.0,10.4,,1015.8,,3.0
2024-12-05,18,22.2,19.6,85.0,0.0,,90.0,3.6,,1015.4,,1.0
2024-12-05,19,19.9,19.6,98.0,0.0,,100.0,9.0,,1014.7,,3.0
2024-12-05,20,19.9,19.7,99.0,0.0,,111.0,9.7,,1014.0,,3.0
2024-12-05,21,21.8,19.4,86.0,0.0,,90.0,3.6,,1013.2,,5.0
2024-12-05,22,19.6,19.4,99.0,0.0,,125.0,6.8,,1013.1,,5.0
2024-12-05,23,19.4,19.2,99.0,0.0,,112.0,5.4,,1013.2,,5.0
2024-12-06,0,21.6,18.8,84.0,0.0,,0.0,0.0,,1013.6,,5.0
2024-12-06,1,19.5,19.0,97.0,0.0,,123.0,5.8,,1014.4,,3.0
2024-12-06,2,19.7,19.0,96.0,0.0,,116.0,7.2,,1015.2,,3.0
2024-12-06,3,22.4,20.3,88.0,0.0,,0.0,0.0,,1015.9,,3.0
2024-12-06,4,22.8,18.8,78.0,0.0,,108.0,7.9,,1016.1,,3.0
2024-12-06,5,24.1,19.0,73.0,0.0,,96.0,6.8,,1015.7,,3.0
2024-12-06,6,27.0,18.3,59.0,0.0,,140.0,5.4,,1014.7,,3.0
2024-12-06,7,26.1,18.5,63.0,0.0,,96.0,8.3,,1013.3,,1.0
2024-12-06,8,26.6,17.4,57.0,0.0,,95.0,12.2,,1011.6,,2.0
2024-12-06,9,27.6,17.2,53.0,0.0,,90.0,3.6,,1010.7,,2.0
2024-12-06,10,26.6,17.4,57.0,0.0,,97.0,12.6,,1010.2,,3.0
2024-12-06,11,26.2,17.3,58.0,0.0,,95.0,11.2,,1010.3,,3.0
2024-12-06,12,26.2,17.3,58.0,0.0,,140.0,3.6,,1010.8,,3.0
2024-12-06,13,23.3,18.6,75.0,0.0,,102.0,7.6,,1011.9,,1.0
2024-12-06,14,22.4,18.4,78.0,0.0,,104.0,8.3,,1013.1,,2.0
2024-12-06,15,23.2,18.5,75.0,0.0,,140.0,5.4,,1014.2,,1.0
2024-12-06,16,21.1,18.5,85.0,0.0,,113.0,10.4,,1015.0,,1.0
2024-12-06,17,20.4,19.1,92.0,0.0,,105.0,9.4,,1014.9,,2.0
2024-12-06,18,22.2,19.7,86.0,0.0,,140.0,5.4,,1014.5,,2.0
2024-12-06,19,19.6,19.4,99.0,0.0,,103.0,10.4,,1013.9,,3.0
2024-12-06,20,19.6,19.6,100.0,0.0,,108.0,10.1,,1013.3,,5.0
2024-12-06,21,19.6,19.4,99.0,0.0,,20.0,33.5,,1012.8,,5.0
2024-12-06,22,19.6,19.1,97.0,0.0,,109.0,9.0,,1012.5,,5.0
2024-12-06,23,19.4,19.1,98.0,0.0,,96.0,4.7,,1012.3,,3.0
2024-12-07,0,20.6,19.1,91.0,0.0,,0.0,0.0,,1012.7,,3.0
2024-12-07,1,19.0,18.7,98.0,0.0,,116.0,6.5,,1013.5,,3.0
2024-12-07,2,19.1,18.8,98.0,0.0,,123.0,7.2,,1014.5,,3.0
2024-12-07,3,22.4,20.3,88.0,0.0,,0.0,0.0,,1015.2,,3.0
2024-12-07,4,22.7,19.3,81.0,0.0,,128.0,6.1,,1015.4,,3.0
2024-12-07,5,24.6,19.2,72.0,0.0,,120.0,6.8,,1014.9,,3.0
2024-12-07,6,26.2,20.1,69.0,0.0,,140.0,3.6,,1014.1,,1.0
2024-12-07,7,26.3,18.2,61.0,0.0,,100.0,8.6,,1012.8,,2.0
2024-12-07,8,26.6,18.2,60.0,0.0,,96.0,7.9,,1011.4,,2.0
2024-12-07,9,28.2,17.1,51.0,0.0,,180.0,3.6,,1010.3,,1.0
2024-12-07,10,26.5,17.8,59.0,0.0,,92.0,7.9,,1009.6,,2.0
2024-12-07,11,26.1,17.5,59.0,0.0,,103.0,9.0,,1009.8,,1.0
2024-12-07,12,26.4,17.5,58.0,0.0,,90.0,3.6,,1010.5,,1.0
2024-12-07,13,23.3,18.4,74.0,0.0,,105.0,11.2,,1011.8,,2.0
2024-12-07,14,22.2,18.8,81.0,0.0,,107.0,11.5,,1013.1,,2.0
2024-12-07,15,24.4,21.1,82.0,0.0,,140.0,3.6,,1014.0,,2.0
2024-12-07,16,20.7,19.2,91.0,0.0,,116.0,12.6,,1014.8,,2.0
2024-12-07,17,19.9,19.1,95.0,0.0,,112.0,10.8,,1014.7,,1.0
2024-12-07,18,23.0,20.9,88.0,0.0,,140.0,3.6,,1014.2,,3.0
2024-12-07,19,19.4,19.2,99.0,0.0,,116.0,10.1,,1013.5,,3.0
2024-12-07,20,19.4,19.2,99.0,0.0,,121.0,9.7,,1012.9,,5.0
2024-12-07,21,22.4,20.3,88.0,0.0,,140.0,5.4,,1012.3,,5.0
2024-12-07,22,19.6,18.9,96.0,0.0,,124.0,8.6,,1012.0,,5.0
2024-12-07,23,19.5,19.0,97.0,0.0,,126.0,5.8,,1012.0,,3.0
2024-12-08,0,20.4,18.5,89.0,0.0,,140.0,5.4,,1012.4,,3.0
2024-12-08,1,18.9,18.6,98.0,0.0,,125.0,6.1,,1013.1,,1.0
2024-12-08,2,19.5,19.0,97.0,0.0,,138.0,9.4,,1014.2,,3.0
2024-12-08,3,22.2,19.7,86.0,0.0,,0.0,0.0,,1015.1,,3.0
2024-12-08,4,22.2,18.6,80.0,0.0,,148.0,9.0,,1015.5,,3.0
2024-12-08,5,23.6,18.5,73.0,0.0,,148.0,9.4,,1015.2,,2.0
2024-12-08,6,27.4,14.1,44.0,0.0,,140.0,3.6,,1014.3,,1.0
2024-12-08,7,25.8,17.4,60.0,0.0,,127.0,8.6,,1012.9,,1.0
2024-12-08,8,26.3,17.1,57.0,0.0,,120.0,9.4,,1011.5,,1.0
2024-12-08,9,29.6,15.0,41.0,0.0,,140.0,3.6,,1010.6,,2.0
2024-12-08,10,25.8,16.9,58.0,0.0,,121.0,12.2,,1010.2,,2.0
2024-12-08,11,25.2,16.9,60.0,0.0,,120.0,11.2,,1010.2,,1.0
2024-12-08,12,26.4,13.9,46.0,0.0,,140.0,3.6,,1010.8,,1.0
2024-12-08,13,22.5,17.4,73.0,0.0,,126.0,10.1,,1011.6,,1.0
2024-12-08,14,21.6,17.4,77.0,0.0,,133.0,9.7,,1012.7,,1.0
2024-12-08,15,23.4,17.8,71.0,0.0,,140.0,5.4,,1013.5,,2.0
2024-12-08,16,20.4,17.2,82.0,0.0,,117.0,9.7,,1014.1,,3.0
2024-12-08,17,19.6,17.4,87.0,0.0,,117.0,9.7,,1014.4,,3.0
2024-12-08,18,22.0,19.4,85.0,0.0,,140.0,3.6,,1014.4,,3.0
2024-12-08,19,18.5,17.5,94.0,0.0,,118.0,8.3,,1013.9,,3.0
2024-12-08,20,18.1,17.5,96.0,0.0,,116.0,8.6,,1013.4,,1.0
2024-12-08,21,21.0,19.3,90.0,0.0,,140.0,3.6,,1012.7,,1.0
2024-12-08,22,17.8,17.6,99.0,0.0,,113.0,10.8,,1012.5,,3.0
2024-12-08,23,17.9,17.9,100.0,0.0,,115.0,9.7,,1012.5,,5.0
2024-12-09,0,20.2,18.3,89.0,0.0,,0.0,0.0,,1013.0,,5.0
2024-12-09,1,17.9,17.9,100.0,0.0,,114.0,7.6,,1013.7,,5.0
2024-12-09,2,18.3,17.8,97.0,0.0,,118.0,7.9,,1014.5,,5.0
2024-12-09,3,21.8,18.2,80.0,0.0,,90.0,5.4,,1015.3,,5.0
2024-12-09,4,21.7,18.1,80.0,0.0,,128.0,5.0,,1015.4,,3.0
2024-12-09,5,23.4,18.3,73.0,0.0,,129.0,4.7,,1014.7,,2.0
2024-12-09,6,27.0,16.3,52.0,0.0,,118.0,3.6,,1013.7,,3.0
2024-12-09,7,25.8,17.2,59.0,0.0,,97.0,5.4,,1012.2,,3.0
2024-12-09,8,26.3,16.8,56.0,0.0,,92.0,6.8,,1010.8,,3.0
2024-12-09,9,28.0,13.9,42.0,0.0,,140.0,3.6,,1009.9,,3.0
2024-12-09,10,26.6,16.5,54.0,0.0,,86.0,7.9,,1009.6,,3.0
2024-12-09,11,26.2,16.4,55.0,0.0,,80.0,10.4,,1009.6,,3.0
2024-12-09,12,26.4,15.8,52.0,0.0,,140.0,3.6,,1010.3,,3.0
2024-12-09,13,23.4,16.9,67.0,0.0,,84.0,9.4,,1011.2,,3.0
2024-12-09,14,22.3,17.0,72.0,0.0,,90.0,9.4,,1012.5,,3.0
2024-12-09,15,23.2,18.1,73.0,0.0,,90.0,3.6,,1013.8,,3.0
2024-12-09,16,20.4,17.0,81.0,0.0,,101.0,9.7,,1014.4,,3.0
2024-12-09,17,19.7,17.3,86.0,0.0,,106.0,11.2,,1014.2,,3.0
2024-12-09,18,22.0,19.5,86.0,0.0,,140.0,3.6,,1013.8,,3.0
2024-12-09,21,21.2,18.8,86.0,,,0.0,0.0,,,,
2024-12-10,0,21.0,18.6,86.0,,,0.0,0.0,,1012.1,,
2024-12-10,3,21.8,19.7,88.0,,,140.0,3.6,,,,
2024-12-10,6,26.2,16.2,54.0,,,140.0,3.6,,1013.7,,
2024-12-10,9,28.2,15.1,45.0,,,50.0,3.6,,,,
2024-12-10,12,26.2,15.3,51.0,,,50.0,3.6,,1010.2,,
2024-12-10,15,23.4,15.5,61.0,,,90.0,5.4,,,,
2024-12-10,18,22.2,18.0,77.0,,,50.0,5.4,,1014.3,,
2024-12-10,21,21.2,17.4,79.0,,,50.0,5.4,,,,
2024-12-11,0,21.0,18.2,84.0,,,140.0,5.4,,1012.7,,
2024-12-11,3,21.2,19.1,88.0,,,50.0,3.6,,,,
2024-12-11,6,25.0,15.9,57.0,,,50.0,3.6,,1013.6,,
2024-12-11,9,25.4,16.8,59.0,,,90.0,3.6,,,,
2024-12-11,12,24.4,16.1,60.0,,,50.0,3.6,,1011.2,,
2024-12-11,15,22.4,19.2,82.0,,,50.0,3.6,,,,
2024-12-11,18,22.0,19.9,88.0,,,50.0,3.6,,1014.2,,
2024-12-11,21,21.4,19.3,88.0,,,50.0,3.6,,,,
2024-12-12,0,21.4,19.7,90.0,,,50.0,3.6,,1012.0,,
2024-12-12,1,19.2,18.4,95.0,,,53.0,14.0,,1012.3,,
2024-12-12,2,19.4,18.6,95.0,0.2,,48.0,14.8,,1013.0,,7.0
2024-12-12,3,21.4,19.0,86.0,0.2,,50.0,3.6,,1013.9,,7.0
2024-12-12,4,21.1,18.9,87.0,1.3,,62.0,20.9,,1014.3,,9.0
2024-12-12,5,21.7,19.3,86.0,0.1,,70.0,19.8,,1014.0,,7.0
2024-12-12,6,21.4,19.3,88.0,0.2,,50.0,3.6,,1013.1,,7.0
2024-12-12,7,22.2,19.0,82.0,2.6,,77.0,19.4,,1012.5,,9.0
2024-12-12,8,22.1,19.6,86.0,0.4,,64.0,13.7,,1011.5,,8.0
2024-12-12,9,21.0,18.9,88.0,1.7,,90.0,7.6,,1010.5,,9.0
2024-12-12,10,20.5,19.8,96.0,7.7,,63.0,18.0,,1010.7,,9.0
2024-12-12,11,20.5,19.7,95.0,2.2,,66.0,18.0,,1010.9,,9.0
2024-12-12,12,21.0,19.3,90.0,0.6,,50.0,5.4,,1011.5,,8.0
2024-12-12,13,20.1,19.4,96.0,0.4,,67.0,15.5,,1012.2,,8.0
2024-12-12,14,19.9,19.6,98.0,0.2,,68.0,15.5,,1013.2,,7.0
2024-12-12,15,20.8,19.3,91.0,0.2,,0.0,0.0,,1013.9,,7.0
2024-12-12,16,19.9,19.4,97.0,0.2,,67.0,15.5,,1014.2,,7.0
2024-12-12,17,19.7,19.2,97.0,0.0,,73.0,14.8,,1014.5,,3.0
2024-12-12,18,20.6,19.1,91.0,0.0,,50.0,3.6,,1014.1,,3.0
2024-12-12,19,19.6,19.1,97.0,0.0,,70.0,14.0,,1013.6,,3.0
2024-12-12,20,19.5,19.0,97.0,0.0,,66.0,13.7,,1012.8,,3.0
2024-12-12,21,20.2,18.7,91.0,0.0,,50.0,3.6,,1012.1,,3.0
2024-12-12,22,19.3,18.6,96.0,0.0,,75.0,12.6,,1011.8,,3.0
2024-12-12,23,19.0,18.5,97.0,0.0,,80.0,13.3,,1011.8,,3.0
2024-12-13,0,20.0,18.5,91.0,0.0,,0.0,0.0,,1012.3,,3.0
2024-12-13,1,18.5,18.0,97.0,0.0,,78.0,14.0,,1013.0,,3.0
2024-12-13,2,18.7,17.9,95.0,0.0,,70.0,15.8,,1013.8,,3.0
2024-12-13,3,20.4,18.5,89.0,0.0,,90.0,3.6,,1014.6,,3.0
2024-12-13,4,21.4,17.4,78.0,0.0,,76.0,21.6,,1015.1,,3.0
2024-12-13,5,22.6,17.5,73.0,0.0,,81.0,20.9,,1015.0,,3.0
2024-12-13,6,20.8,18.6,87.0,0.0,,140.0,3.6,,1014.3,,3.0
2024-12-13,7,23.4,17.8,71.0,0.0,,81.0,18.0,,1012.8,,3.0
2024-12-13,8,24.0,18.2,70.0,0.0,,79.0,17.6,,1011.4,,3.0
2024-12-13,9,22.0,19.5,86.0,0.0,,90.0,3.6,,1010.6,,3.0
2024-12-13,10,23.8,18.2,71.0,0.0,,72.0,15.8,,1010.2,,3.0
2024-12-13,11,23.6,18.0,71.0,0.0,,72.0,15.5,,1010.3,,3.0
2024-12-13,12,22.8,18.6,77.0,0.0,,90.0,3.6,,1011.1,,3.0
2024-12-13,13,21.9,18.5,81.0,0.0,,79.0,10.4,,1012.2,,3.0
2024-12-13,14,21.6,18.6,83.0,0.0,,80.0,10.8,,1013.4,,3.0
2024-12-13,15,22.4,18.4,78.0,0.0,,90.0,3.6,,1014.3,,3.0
2024-12-13,16,19.9,18.7,93.0,0.0,,78.0,13.0,,1015.8,,3.0
2024-12-13,17,19.8,19.0,95.0,0.0,,75.0,12.2,,1015.9,,3.0
2024-12-13,18,21.4,19.0,86.0,0.0,,50.0,3.6,,1015.6,,3.0
2024-12-13,19,19.5,19.0,97.0,0.0,,76.0,12.6,,1015.0,,3.0
2024-12-13,20,19.1,18.8,98.0,0.0,,82.0,11.9,,1014.2,,3.0
2024-12-13,21,20.6,18.4,87.0,0.0,,50.0,5.4,,1013.8,,3.0
2024-12-13,22,19.1,18.4,96.0,0.0,,69.0,10.8,,1013.4,,3.0
2024-12-13,23,18.9,18.4,97.0,0.0,,71.0,10.4,,1013.5,,3.0
2024-12-14,0,20.0,17.8,87.0,0.0,,90.0,3.6,,1014.0,,3.0
2024-12-14,1,17.6,16.8,95.0,0.0,,62.0,12.2,,1014.7,,2.0
2024-12-14,2,17.5,16.2,92.0,0.0,,63.0,13.0,,1015.7,,1.0
2024-12-14,3,19.8,17.6,87.0,0.0,,90.0,3.6,,1016.4,,1.0
2024-12-14,4,20.8,16.4,76.0,0.0,,68.0,15.8,,1016.7,,1.0
2024-12-14,5,22.7,15.8,65.0,0.0,,69.0,16.2,,1016.2,,1.0
2024-12-14,6,24.2,17.4,66.0,0.0,,90.0,3.6,,1015.3,,1.0
2024-12-14,7,24.8,16.0,58.0,0.0,,67.0,16.9,,1014.0,,2.0
2024-12-14,8,25.3,15.6,55.0,0.0,,68.0,16.2,,1012.6,,3.0
2024-12-14,9,26.0,18.2,62.0,0.0,,50.0,3.6,,1011.7,,2.0
2024-12-14,10,25.0,15.9,57.0,0.0,,65.0,16.9,,1011.1,,1.0
2024-12-14,11,24.0,15.8,60.0,0.0,,64.0,16.6,,1011.5,,1.0
2024-12-14,12,24.4,16.1,60.0,0.0,,90.0,3.6,,1012.3,,1.0
2024-12-14,13,21.7,16.4,72.0,0.0,,53.0,13.0,,1013.5,,2.0
2024-12-14,14,20.7,16.1,75.0,0.0,,56.0,12.2,,1014.8,,1.0
2024-12-14,15,22.0,18.4,80.0,0.0,,90.0,3.6,,1015.8,,1.0
2024-12-14,16,18.9,15.8,82.0,0.0,,81.0,11.5,,1016.6,,1.0
2024-12-14,17,17.8,15.1,84.0,0.0,,69.0,11.9,,1017.2,,1.0
2024-12-14,18,20.0,17.8,87.0,0.0,,90.0,3.6,,1016.8,,1.0
2024-12-14,19,16.3,14.8,91.0,0.0,,78.0,10.8,,1016.5,,1.0
2024-12-14,20,15.8,14.8,94.0,0.0,,77.0,9.7,,1015.8,,1.0
2024-12-14,21,19.0,16.8,87.0,0.0,,90.0,3.6,,1014.9,,1.0
2024-12-14,22,15.4,14.9,97.0,0.0,,70.0,8.3,,1014.3,,1.0
2024-12-14,23,14.9,14.6,98.0,0.0,,77.0,7.6,,1014.7,,1.0
2024-12-15,0,18.0,16.3,90.0,0.0,,90.0,3.6,,1015.3,,1.0
2024-12-15,1,14.8,14.6,99.0,0.0,,79.0,10.1,,1015.9,,3.0
2024-12-15,2,15.7,15.4,98.0,0.0,,80.0,13.7,,1016.8,,3.0
2024-12-15,3,18.2,15.8,86.0,0.0,,50.0,5.4,,1018.0,,5.0
2024-12-15,4,19.4,15.1,76.0,0.0,,79.0,14.0,,1018.3,,3.0
2024-12-15,5,21.2,14.8,67.0,0.0,,74.0,13.3,,1017.8,,2.0
2024-12-15,6,24.2,12.5,48.0,0.0,,50.0,3.6,,1017.0,,1.0
2024-12-15,7,23.4,14.7,58.0,0.0,,66.0,14.4,,1015.8,,2.0
2024-12-15,8,23.9,14.6,56.0,0.0,,67.0,15.8,,1014.4,,2.0
2024-12-15,9,25.8,13.0,45.0,0.0,,50.0,3.6,,1013.4,,1.0
2024-12-15,10,23.9,14.3,55.0,0.0,,68.0,16.2,,1013.0,,3.0
2024-12-15,11,23.1,14.4,58.0,0.0,,67.0,15.8,,1013.1,,3.0
2024-12-15,12,24.4,12.7,48.0,0.0,,50.0,3.6,,1013.6,,3.0
2024-12-15,13,20.4,14.5,69.0,0.0,,42.0,10.1,,1014.3,,1.0
2024-12-15,14,19.4,14.6,74.0,0.0,,47.0,10.4,,1015.6,,3.0
2024-12-15,15,21.0,15.3,70.0,0.0,,90.0,3.6,,1016.6,,3.0
2024-12-15,16,17.9,14.2,79.0,0.0,,59.0,8.6,,1017.1,,3.0
2024-12-15,17,17.3,14.2,82.0,0.0,,68.0,7.6,,1017.4,,3.0
2024-12-15,18,19.4,15.9,80.0,0.0,,90.0,3.6,,1017.0,,3.0
2024-12-15,19,16.1,14.8,92.0,0.0,,59.0,7.6,,1016.4,,3.0
2024-12-15,20,15.7,15.2,97.0,0.0,,54.0,7.2,,1015.4,,3.0
2024-12-15,21,18.4,16.2,87.0,0.0,,90.0,3.6,,1014.7,,3.0
2024-12-15,22,15.3,15.1,99.0,0.0,,56.0,6.5,,1014.1,,3.0
2024-12-15,23,15.6,15.4,99.0,0.0,,43.0,9.4,,1014.5,,5.0
2024-12-16,0,17.4,15.4,88.0,0.0,,90.0,3.6,,1014.9,,5.0
2024-12-16,1,14.8,14.2,96.0,0.0,,48.0,10.4,,1015.6,,5.0
2024-12-16,2,14.8,13.7,93.0,0.0,,48.0,11.9,,1016.1,,2.0
2024-12-16,3,18.0,15.1,83.0,0.0,,90.0,3.6,,1016.9,,1.0
2024-12-16,4,19.3,14.3,73.0,0.0,,53.0,13.3,,1017.1,,3.0
2024-12-16,5,21.5,13.4,60.0,0.0,,61.0,14.0,,1016.4,,1.0
2024-12-16,6,23.0,11.4,48.0,0.0,,50.0,3.6,,1015.4,,1.0
2024-12-16,7,24.3,12.9,49.0,0.0,,81.0,12.6,,1014.0,,2.0
2024-12-16,8,25.0,13.2,48.0,0.0,,81.0,10.8,,1012.7,,1.0
2024-12-16,9,27.0,10.2,35.0,0.0,,50.0,3.6,,1011.9,,3.0
2024-12-16,10,24.7,15.1,55.0,0.0,,81.0,10.1,,1011.6,,3.0
2024-12-16,11,24.2,14.9,56.0,0.0,,74.0,10.8,,1011.6,,3.0
2024-12-16,12,24.8,11.7,44.0,0.0,,0.0,0.0,,1012.0,,2.0
2024-12-16,13,21.0,15.8,72.0,0.0,,68.0,9.0,,1012.8,,2.0
2024-12-16,14,19.8,15.4,76.0,0.0,,57.0,10.1,,1014.2,,2.0
2024-12-16,15,21.2,13.1,60.0,0.0,,50.0,5.4,,1015.6,,2.0
2024-12-16,16,18.1,14.8,81.0,0.0,,50.0,9.4,,1016.0,,3.0
2024-12-16,17,17.4,14.9,85.0,0.0,,54.0,8.6,,1015.7,,3.0
2024-12-16,18,19.2,15.7,80.0,0.0,,50.0,3.6,,1015.4,,3.0
2024-12-16,19,16.2,14.6,90.0,0.0,,56.0,7.6,,1014.7,,3.0
2024-12-16,20,15.5,14.4,93.0,0.0,,60.0,6.1,,1014.0,,3.0
2024-12-16,21,17.8,16.1,90.0,0.0,,0.0,0.0,,1013.2,,3.0
2024-12-16,22,14.3,13.7,96.0,0.0,,37.0,8.3,,1012.7,,3.0
2024-12-16,23,14.2,13.6,96.0,0.0,,36.0,9.7,,1012.6,,3.0
2024-12-17,0,17.2,15.5,90.0,0.0,,0.0,0.0,,1012.8,,3.0
2024-12-17,1,14.3,13.2,93.0,0.0,,37.0,10.4,,1013.1,,3.0
2024-12-17,2,15.3,13.0,86.0,0.0,,39.0,10.8,,1014.0,,3.0
2024-12-17,3,18.4,15.8,85.0,0.0,,90.0,3.6,,1015.1,,3.0
2024-12-17,4,20.1,12.8,63.0,0.0,,29.0,8.6,,1015.4,,3.0
2024-12-17,5,22.3,13.6,58.0,0.0,,46.0,12.2,,1015.2,,3.0
2024-12-17,6,24.0,16.0,61.0,0.0,,90.0,3.6,,1014.2,,3.0
2024-12-17,7,24.4,15.3,57.0,0.0,,51.0,10.1,,1013.1,,3.0
2024-12-17,8,25.0,16.4,59.0,0.0,,57.0,9.4,,1011.7,,3.0
2024-12-17,9,27.8,17.9,55.0,0.0,,320.0,3.6,,1010.4,,3.0
2024-12-17,10,26.7,15.1,49.0,0.0,,68.0,11.5,,1009.4,,3.0
2024-12-17,11,25.9,15.6,53.0,0.0,,66.0,10.4,,1009.4,,3.0
2024-12-17,12,26.8,17.6,57.0,0.0,,320.0,3.6,,1010.2,,3.0
2024-12-17,13,23.2,18.1,73.0,0.0,,85.0,9.7,,1011.2,,3.0
2024-12-17,14,22.4,18.4,78.0,0.0,,79.0,11.2,,1012.6,,3.0
2024-12-17,15,23.4,18.7,75.0,0.0,,0.0,0.0,,1013.8,,3.0
2024-12-17,16,20.4,18.0,86.0,0.0,,77.0,10.8,,1014.6,,3.0
2024-12-17,17,19.7,17.8,89.0,0.0,,77.0,9.0,,1014.9,,3.0
2024-12-17,18,20.8,18.4,86.0,0.0,,50.0,3.6,,1014.7,,3.0
2024-12-17,19,18.6,17.1,91.0,0.0,,36.0,6.8,,1014.3,,3.0
2024-12-17,20,18.2,16.9,92.0,0.0,,39.0,7.2,,1013.3,,3.0
2024-12-17,21,20.0,17.8,87.0,0.0,,0.0,0.0,,1012.9,,3.0
2024-12-17,22,17.1,16.0,93.0,0.0,,43.0,7.6,,1012.3,,3.0
2024-12-17,23,17.0,15.7,92.0,0.0,,27.0,8.3,,1011.9,,3.0
2024-12-18,0,19.4,17.2,87.0,0.0,,0.0,0.0,,1011.8,,3.0
2024-12-18,1,17.2,15.5,90.0,0.0,,37.0,9.4,,1012.2,,3.0
2024-12-18,2,18.2,16.7,91.0,0.0,,49.0,13.3,,1013.4,,3.0
2024-12-18,3,21.4,19.3,88.0,0.0,,50.0,3.6,,1013.8,,3.0
2024-12-18,4,22.0,17.6,76.0,0.0,,52.0,10.1,,1014.0,,3.0
2024-12-18,5,24.1,17.8,68.0,0.0,,45.0,11.9,,1013.5,,3.0
2024-12-18,6,25.8,19.4,68.0,0.0,,50.0,3.6,,1012.5,,3.0
2024-12-18,7,26.4,17.2,57.0,0.2,,35.0,15.8,,1011.3,,7.0
2024-12-18,8,26.5,17.0,56.0,0.0,,28.0,14.8,,1010.2,,3.0
2024-12-18,9,26.6,17.1,56.0,0.0,,21.0,14.0,,1009.4,,3.0
2024-12-18,10,26.3,16.8,56.0,0.0,,12.0,14.0,,1008.8,,3.0
2024-12-18,11,25.8,16.9,58.0,0.0,,14.0,14.4,,1008.8,,3.0
2024-12-18,12,24.2,17.0,64.0,0.0,,22.0,11.9,,1009.9,,3.0
2024-12-18,13,22.8,17.0,70.0,0.0,,23.0,10.1,,1010.8,,3.0
2024-12-18,14,21.9,17.3,75.0,0.0,,29.0,9.7,,1012.2,,3.0
2024-12-18,15,23.0,20.0,83.0,0.0,,50.0,3.6,,1012.9,,3.0
2024-12-18,16,20.4,17.0,81.0,0.0,,27.0,10.1,,1013.1,,3.0
2024-12-18,17,19.8,17.4,86.0,0.0,,28.0,9.0,,1013.8,,3.0
2024-12-18,18,22.4,19.9,86.0,0.0,,50.0,3.6,,1013.4,,3.0
2024-12-18,19,19.4,17.4,88.0,0.0,,40.0,8.3,,1012.9,,3.0
2024-12-18,20,19.1,17.2,89.0,0.0,,34.0,9.0,,1012.3,,3.0
2024-12-18,21,21.2,19.1,88.0,0.0,,50.0,5.4,,1011.8,,3.0
2024-12-18,22,18.9,17.7,93.0,0.0,,43.0,10.8,,1011.2,,3.0
2024-12-18,23,19.0,17.8,93.0,0.0,,43.0,12.2,,1011.3,,3.0
2024-12-19,0,20.6,18.4,87.0,0.0,,0.0,0.0,,1011.4,,3.0
2024-12-19,1,18.7,17.5,93.0,0.0,,34.0,12.6,,1012.0,,3.0
2024-12-19,2,19.3,17.6,90.0,0.0,,37.0,12.2,,1012.9,,3.0
2024-12-19,3,21.4,19.3,88.0,0.0,,90.0,3.6,,1014.2,,3.0
2024-12-19,4,22.7,18.0,75.0,0.0,,38.0,15.8,,1014.3,,3.0
2024-12-19,5,25.0,17.5,63.0,0.0,,42.0,15.5,,1013.6,,3.0
2024-12-19,6,24.2,19.1,73.0,0.0,,90.0,3.6,,1012.9,,3.0
2024-12-19,7,25.8,17.4,60.0,0.0,,36.0,13.0,,1011.9,,3.0
2024-12-19,8,26.7,17.2,56.0,0.0,,27.0,10.1,,1010.6,,3.0
2024-12-19,9,26.0,19.2,66.0,0.0,,50.0,3.6,,1009.2,,3.0
2024-12-19,10,27.5,16.5,51.0,0.0,,22.0,8.6,,1008.4,,3.0
2024-12-19,11,26.8,16.7,54.0,0.0,,18.0,11.2,,1008.5,,3.0
2024-12-19,12,25.8,18.0,62.0,0.0,,0.0,0.0,,1009.3,,3.0
2024-12-19,13,24.1,18.7,72.0,0.0,,14.0,9.0,,1010.0,,3.0
2024-12-19,14,23.2,18.5,75.0,0.0,,3.0,10.4,,1011.2,,3.0
2024-12-19,15,24.4,19.9,76.0,0.0,,50.0,5.4,,1012.5,,3.0
2024-12-19,16,21.9,18.5,81.0,0.0,,20.0,10.8,,1013.0,,3.0
2024-12-19,17,21.2,18.6,85.0,0.0,,33.0,9.0,,1013.2,,3.0
2024-12-19,18,23.5,21.0,86.0,0.0,,90.0,3.6,,1012.9,,3.0
2024-12-19,19,20.3,18.8,91.0,0.0,,34.0,8.6,,1012.5,,3.0
2024-12-19,20,20.1,18.9,93.0,0.0,,28.0,7.2,,1011.7,,3.0
2024-12-19,21,22.4,20.3,88.0,0.0,,90.0,3.6,,1011.3,,3.0
2024-12-19,22,19.1,18.8,98.0,0.0,,238.0,6.1,,1011.1,,3.0
2024-12-19,23,19.0,18.3,96.0,0.0,,252.0,4.3,,1011.1,,3.0
2024-12-20,0,21.4,19.3,88.0,0.0,,90.0,3.6,,1011.4,,3.0
2024-12-20,1,18.4,17.8,96.0,0.0,,312.0,7.9,,1012.0,,1.0
2024-12-20,2,18.9,18.1,95.0,0.0,,316.0,10.1,,1012.8,,2.0
2024-12-20,3,21.4,19.0,86.0,0.0,,320.0,3.6,,1013.6,,3.0
2024-12-20,4,22.8,18.3,76.0,0.0,,343.0,12.2,,1013.9,,3.0
2024-12-20,5,24.3,18.0,68.0,0.0,,355.0,13.7,,1013.5,,3.0
2024-12-20,6,26.0,20.1,70.0,0.0,,320.0,3.6,,1012.7,,3.0
2024-12-20,7,26.4,17.5,58.0,0.0,,354.0,11.9,,1011.5,,3.0
2024-12-20,8,26.8,17.3,56.0,0.0,,348.0,10.1,,1010.1,,3.0
2024-12-20,9,27.4,16.7,52.0,0.0,,346.0,10.1,,1008.9,,3.0
2024-12-20,10,26.8,17.3,56.0,0.0,,337.0,10.1,,1008.6,,3.0
2024-12-20,11,26.5,17.3,57.0,0.0,,344.0,10.4,,1008.5,,2.0
2024-12-20,12,25.4,17.3,61.0,0.0,,346.0,3.6,,1009.1,,2.0
2024-12-20,13,23.9,18.5,72.0,0.0,,346.0,7.2,,1010.2,,2.0
2024-12-20,14,22.9,19.1,79.0,0.0,,5.0,8.3,,1011.6,,3.0
2024-12-20,15,23.4,20.3,83.0,0.0,,0.0,0.0,,1012.3,,3.0
2024-12-20,16,21.8,19.0,84.0,0.0,,46.0,6.8,,1012.9,,3.0
2024-12-20,17,21.1,19.0,88.0,0.0,,60.0,6.8,,1013.1,,3.0
2024-12-20,18,22.2,19.7,86.0,0.0,,0.0,0.0,,1012.7,,3.0
2024-12-20,19,19.9,18.9,94.0,0.0,,72.0,6.5,,1012.2,,2.0
2024-12-20,20,19.3,18.6,96.0,0.0,,62.0,5.0,,1011.6,,3.0
2024-12-20,21,20.6,18.4,87.0,0.0,,0.0,0.0,,1011.0,,3.0
2024-12-20,22,18.5,18.3,99.0,0.0,,68.0,3.6,,1010.6,,3.0
2024-12-20,23,18.1,18.1,100.0,0.0,,210.0,5.4,,1010.7,,3.0
2024-12-21,0,20.2,18.0,87.0,0.0,,0.0,0.0,,1011.0,,5.0
2024-12-21,1,18.1,18.1,100.0,0.0,,166.0,1.8,,1011.8,,5.0
2024-12-21,2,18.4,18.2,99.0,0.0,,18.0,2.9,,1012.8,,5.0
2024-12-21,3,22.4,19.4,83.0,0.0,,140.0,5.4,,1013.9,,5.0
2024-12-21,4,21.9,18.7,82.0,0.0,,326.0,4.3,,1014.1,,5.0
2024-12-21,5,24.2,18.2,69.0,0.0,,342.0,7.6,,1013.5,,3.0
2024-12-21,6,27.0,17.5,56.0,0.0,,50.0,5.4,,1012.8,,3.0
2024-12-21,7,27.0,16.9,54.0,0.0,,332.0,4.7,,1011.4,,3.0
2024-12-21,8,27.7,16.3,50.0,0.0,,302.0,4.3,,1010.2,,3.0
2024-12-21,9,29.2,15.0,42.0,0.0,,0.0,0.0,,1009.1,,3.0
2024-12-21,10,28.6,14.8,43.0,0.0,,329.0,7.2,,1008.7,,2.0
2024-12-21,11,28.2,14.4,43.0,0.0,,329.0,7.6,,1008.9,,3.0
2024-12-21,12,28.0,16.3,49.0,0.0,,320.0,3.6,,1009.4,,3.0
2024-12-21,13,25.1,16.5,59.0,0.0,,349.0,11.2,,1010.7,,2.0
2024-12-21,14,23.7,17.2,67.0,0.0,,345.0,8.3,,1012.0,,2.0
2024-12-21,15,23.6,18.5,73.0,0.0,,0.0,0.0,,1013.2,,2.0
2024-12-21,16,22.0,16.7,72.0,0.0,,68.0,8.6,,1014.0,,2.0
2024-12-21,17,21.3,16.9,76.0,0.0,,76.0,9.4,,1014.5,,2.0
2024-12-21,18,23.0,20.3,85.0,0.0,,50.0,3.6,,1014.4,,2.0
2024-12-21,19,20.3,17.7,85.0,0.0,,99.0,9.7,,1013.9,,3.0
2024-12-21,20,19.5,17.8,90.0,0.0,,107.0,6.8,,1013.2,,2.0
2024-12-21,21,21.6,19.2,86.0,0.0,,0.0,0.0,,1012.6,,1.0
2024-12-21,22,18.4,17.8,96.0,0.0,,185.0,4.3,,1012.2,,1.0
2024-12-21,23,18.3,17.8,97.0,0.0,,57.0,4.0,,1012.1,,2.0
2024-12-22,0,21.4,19.0,86.0,0.0,,0.0,0.0,,1012.6,,1.0
2024-12-22,1,17.5,17.5,100.0,0.0,,94.0,4.3,,1013.4,,1.0
2024-12-22,2,18.5,18.0,97.0,0.0,,100.0,6.5,,1014.6,,5.0
2024-12-22,3,21.4,19.3,88.0,0.0,,0.0,0.0,,1015.0,,2.0
2024-12-22,4,22.9,18.0,74.0,0.0,,124.0,5.0,,1014.7,,2.0
2024-12-22,5,24.7,17.7,65.0,0.0,,83.0,5.0,,1014.1,,3.0
2024-12-22,6,24.0,17.7,68.0,0.0,,90.0,3.6,,1013.3,,2.0
2024-12-22,7,27.1,16.4,52.0,0.0,,76.0,5.4,,1012.2,,2.0
2024-12-22,8,27.6,15.6,48.0,0.0,,68.0,5.4,,1010.7,,2.0
2024-12-22,9,27.4,16.1,50.0,0.0,,80.0,3.6,,1009.8,,2.0
2024-12-22,10,27.4,14.8,46.0,0.0,,68.0,5.0,,1009.4,,3.0
2024-12-22,11,26.8,14.5,47.0,0.0,,49.0,5.8,,1009.3,,3.0
2024-12-22,12,26.0,17.1,58.0,0.0,,0.0,0.0,,1009.6,,3.0
2024-12-22,13,25.4,16.0,56.0,0.0,,112.0,5.4,,1010.4,,3.0
2024-12-22,14,25.0,17.0,61.0,0.0,,70.0,7.9,,1011.6,,3.0
2024-12-22,15,23.2,18.5,75.0,0.0,,50.0,5.4,,1013.0,,3.0
2024-12-22,16,21.8,17.8,78.0,0.0,,112.0,13.7,,1014.0,,3.0
2024-12-22,17,20.9,17.5,81.0,0.0,,111.0,11.9,,1014.7,,2.0
2024-12-22,18,22.0,19.0,83.0,0.0,,50.0,5.4,,1014.4,,3.0
2024-12-22,19,19.7,18.4,92.0,0.0,,108.0,10.4,,1014.1,,3.0
2024-12-22,20,19.4,18.2,93.0,0.0,,108.0,10.4,,1013.3,,3.0
2024-12-22,21,21.6,19.2,86.0,0.0,,90.0,5.4,,1012.8,,3.0
2024-12-22,22,18.7,18.2,97.0,0.0,,127.0,8.3,,1012.1,,2.0
2024-12-22,23,18.5,17.8,96.0,0.0,,145.0,7.6,,1012.1,,1.0
2024-12-23,0,20.0,18.8,93.0,0.0,,0.0,0.0,,1012.8,,1.0
2024-12-23,1,18.4,17.9,97.0,0.0,,164.0,6.8,,1013.7,,3.0
2024-12-23,2,18.7,17.9,95.0,0.0,,147.0,6.5,,1014.5,,3.0
2024-12-23,3,21.0,18.9,88.0,0.0,,90.0,3.6,,1015.3,,3.0
2024-12-23,4,21.8,15.2,66.0,0.0,,125.0,5.4,,1015.4,,3.0
2024-12-23,5,23.9,14.0,54.0,0.0,,114.0,6.8,,1014.8,,1.0
2024-12-23,6,26.0,17.6,60.0,0.0,,90.0,3.6,,1014.0,,3.0
2024-12-23,7,26.4,14.2,47.0,0.0,,105.0,9.0,,1012.8,,2.0
2024-12-23,8,26.7,13.8,45.0,0.0,,97.0,8.6,,1011.2,,3.0
2024-12-23,9,26.0,17.4,59.0,0.0,,0.0,0.0,,1010.6,,3.0
2024-12-23,10,26.2,14.0,47.0,0.0,,106.0,8.3,,1010.2,,3.0
2024-12-23,11,26.3,13.8,46.0,0.0,,99.0,7.9,,1010.0,,2.0
2024-12-23,12,25.4,16.3,57.0,0.0,,0.0,0.0,,1010.4,,2.0
2024-12-23,13,23.9,16.4,63.0,0.0,,129.0,6.8,,1011.1,,2.0
2024-12-23,14,23.1,16.6,67.0,0.0,,152.0,6.1,,1012.4,,3.0
2024-12-23,15,24.0,18.9,73.0,0.0,,0.0,0.0,,1012.9,,3.0
2024-12-23,16,21.8,17.8,78.0,0.0,,56.0,5.4,,1013.2,,3.0
2024-12-23,17,21.0,17.4,80.0,0.0,,91.0,7.2,,1013.5,,3.0
2024-12-23,18,22.0,18.6,81.0,0.0,,90.0,3.6,,1013.6,,3.0
2024-12-23,19,19.4,16.2,82.0,0.0,,90.0,7.6,,1013.3,,1.0
2024-12-23,20,18.7,16.3,86.0,0.0,,75.0,6.5,,1012.6,,2.0
2024-12-23,21,20.4,18.2,87.0,0.0,,90.0,3.6,,1011.9,,1.0
2024-12-23,22,17.7,16.2,91.0,0.0,,96.0,6.8,,1011.5,,1.0
2024-12-23,23,17.4,15.9,91.0,0.0,,71.0,6.8,,1011.9,,1.0
2024-12-24,0,19.4,17.2,87.0,0.0,,0.0,0.0,,1012.3,,1.0
2024-12-24,1,17.1,15.4,90.0,0.0,,70.0,5.4,,1012.9,,1.0
2024-12-24,2,18.3,15.9,86.0,0.0,,67.0,5.4,,1013.6,,1.0
2024-12-24,3,20.4,17.6,84.0,0.0,,0.0,0.0,,1014.3,,1.0
2024-12-24,4,22.6,15.9,66.0,0.0,,60.0,4.7,,1014.6,,1.0
2024-12-24,5,24.3,15.0,56.0,0.0,,53.0,5.0,,1014.3,,1.0
2024-12-24,6,26.2,13.0,44.0,0.0,,50.0,3.6,,1013.5,,1.0
2024-12-24,7,27.0,14.4,46.0,0.0,,56.0,5.0,,1012.1,,1.0
2024-12-24,8,27.9,14.2,43.0,0.0,,87.0,6.5,,1010.6,,3.0
2024-12-24,9,27.2,15.2,48.0,0.0,,50.0,3.6,,1010.5,,3.0
2024-12-24,10,26.5,14.6,48.0,0.0,,76.0,4.7,,1010.0,,3.0
2024-12-24,11,26.3,14.4,48.0,0.0,,78.0,3.6,,1010.1,,3.0
2024-12-24,12,25.6,15.6,54.0,0.0,,0.0,0.0,,1010.6,,3.0
2024-12-24,13,24.3,16.3,61.0,0.0,,96.0,7.2,,1011.4,,3.0
2024-12-24,14,23.3,16.1,64.0,0.0,,55.0,9.7,,1012.7,,3.0
2024-12-24,15,22.4,16.7,70.0,0.0,,90.0,3.6,,1014.1,,2.0
2024-12-24,16,20.2,16.2,78.0,0.0,,45.0,11.5,,1014.7,,1.0
2024-12-24,17,19.4,16.2,82.0,0.0,,48.0,10.8,,1014.8,,1.0
2024-12-24,18,21.0,19.3,90.0,0.0,,0.0,0.0,,1014.5,,1.0
2024-12-24,19,18.4,14.9,80.0,0.0,,56.0,10.4,,1013.9,,1.0
2024-12-24,20,18.3,13.8,75.0,0.0,,51.0,9.7,,1013.5,,1.0
2024-12-24,21,20.0,18.1,89.0,0.0,,90.0,3.6,,1012.8,,1.0
2024-12-24,22,17.7,13.6,77.0,0.0,,51.0,7.9,,1012.5,,1.0
2024-12-24,23,17.4,13.9,80.0,0.0,,56.0,7.2,,1012.7,,1.0
2024-12-25,0,19.0,17.1,89.0,0.0,,0.0,0.0,,1013.5,,2.0
2024-12-25,1,16.7,14.5,87.0,0.0,,329.0,4.0,,1014.6,,2.0
2024-12-25,2,17.5,14.9,85.0,0.0,,3.0,6.5,,1015.1,,2.0
2024-12-25,3,19.6,17.4,87.0,0.0,,0.0,0.0,,1015.7,,1.0
2024-12-25,4,23.0,14.8,60.0,0.0,,350.0,5.0,,1015.7,,1.0
2024-12-25,5,24.4,15.1,56.0,0.0,,9.0,6.1,,1015.5,,1.0
2024-12-25,6,24.0,16.0,61.0,0.0,,320.0,3.6,,1014.4,,1.0
2024-12-25,7,27.7,14.3,44.0,0.0,,26.0,9.7,,1013.2,,1.0
2024-12-25,8,27.6,14.6,45.0,0.0,,29.0,8.3,,1012.1,,3.0
2024-12-25,9,26.0,17.1,58.0,0.0,,0.0,0.0,,1011.1,,3.0
2024-12-25,10,27.5,14.2,44.0,0.0,,39.0,9.7,,1010.8,,3.0
2024-12-25,11,26.8,14.5,47.0,0.0,,32.0,10.8,,1011.2,,3.0
2024-12-25,12,24.4,16.1,60.0,0.0,,50.0,3.6,,1011.8,,3.0
2024-12-25,13,24.9,16.1,58.0,0.0,,38.0,10.4,,1012.7,,3.0
2024-12-25,14,23.6,16.9,66.0,0.0,,36.0,12.6,,1014.3,,3.0
2024-12-25,15,23.0,18.1,74.0,0.0,,50.0,3.6,,1015.8,,2.0
2024-12-25,16,21.1,16.9,77.0,0.0,,41.0,10.8,,1016.7,,1.0
2024-12-25,17,20.0,17.6,86.0,0.0,,43.0,11.2,,1017.0,,1.0
2024-12-25,18,21.4,19.3,88.0,0.0,,0.0,0.0,,1016.7,,1.0
2024-12-25,19,19.0,17.7,92.0,0.0,,43.0,10.4,,1016.4,,1.0
2024-12-25,20,18.5,18.0,97.0,0.0,,38.0,10.1,,1015.3,,3.0
2024-12-25,21,21.2,19.5,90.0,0.0,,50.0,3.6,,1014.9,,2.0
2024-12-25,22,18.4,18.1,98.0,0.0,,41.0,11.2,,1014.7,,3.0
2024-12-25,23,18.8,18.3,97.0,1.3,,39.0,10.4,,1014.9,,9.0
2024-12-26,0,20.4,18.2,87.0,0.6,,50.0,3.6,,1015.2,,8.0
2024-12-26,1,19.9,19.1,95.0,0.0,,35.0,13.0,,1015.5,,3.0
2024-12-26,2,20.0,19.0,94.0,0.0,,38.0,15.8,,1016.6,,3.0
2024-12-26,3,21.6,18.2,81.0,0.0,,0.0,0.0,,1017.3,,3.0
2024-12-26,4,22.9,18.7,77.0,0.0,,48.0,18.0,,1017.8,,3.0
2024-12-26,5,23.3,18.4,74.0,0.3,,45.0,17.3,,1017.7,,8.0
2024-12-26,6,24.4,20.1,77.0,0.4,,50.0,3.6,,1017.3,,8.0
2024-12-26,7,23.8,18.9,74.0,0.1,,56.0,18.7,,1015.9,,7.0
2024-12-26,8,25.1,19.0,69.0,0.3,,65.0,19.1,,1014.5,,8.0
2024-12-26,9,23.0,20.0,83.0,0.4,,50.0,3.6,,1013.4,,17.0
2024-12-26,10,24.0,18.9,73.0,0.2,,85.0,20.2,,1012.9,,7.0
2024-12-26,11,24.3,18.9,72.0,0.3,,78.0,18.7,,1012.8,,8.0
2024-12-26,12,22.4,20.3,88.0,0.0,,50.0,3.6,,1013.4,,2.0
2024-12-26,13,22.9,19.1,79.0,0.0,,81.0,16.9,,1014.5,,3.0
2024-12-26,14,22.1,19.3,84.0,0.0,,80.0,16.6,,1015.7,,3.0
2024-12-26,15,21.2,19.1,88.0,0.0,,50.0,5.4,,1016.5,,3.0
2024-12-26,16,20.9,19.2,90.0,0.0,,85.0,16.2,,1017.0,,3.0
2024-12-26,17,20.4,19.1,92.0,0.0,,85.0,15.8,,1017.4,,3.0
2024-12-26,18,20.8,19.3,91.0,0.0,,90.0,5.4,,1017.4,,3.0
2024-12-26,19,19.9,18.9,94.0,0.0,,90.0,15.5,,1016.8,,3.0
2024-12-26,20,19.5,18.7,95.0,0.0,,90.0,15.1,,1016.5,,3.0
2024-12-26,21,20.2,18.0,87.0,0.0,,50.0,5.4,,1015.8,,3.0
2024-12-26,22,19.3,18.3,94.0,0.0,,99.0,14.4,,1015.4,,3.0
2024-12-26,23,19.4,18.6,95.0,0.0,,101.0,12.2,,1015.4,,3.0
2024-12-27,0,19.6,17.7,89.0,0.0,,140.0,5.4,,1015.7,,3.0
2024-12-27,1,19.7,19.2,97.0,0.0,,102.0,13.7,,1016.3,,3.0
2024-12-27,2,20.0,19.3,96.0,0.0,,102.0,15.1,,1017.5,,3.0
2024-12-27,3,21.2,18.8,86.0,0.0,,50.0,3.6,,1018.6,,3.0
2024-12-27,4,22.0,18.4,80.0,0.0,,112.0,19.1,,1019.1,,3.0
2024-12-27,5,23.2,18.5,75.0,0.2,,106.0,18.4,,1018.8,,7.0
2024-12-27,6,23.8,19.5,77.0,0.4,,50.0,3.6,,1018.2,,17.0
2024-12-27,7,23.8,19.1,75.0,0.1,,108.0,19.4,,1017.1,,17.0
2024-12-27,8,23.2,18.1,73.0,0.0,,107.0,20.9,,1015.8,,3.0
2024-12-27,9,23.0,20.3,85.0,0.3,,50.0,3.6,,1014.8,,8.0
2024-12-27,10,24.8,18.7,69.0,0.0,,105.0,18.7,,1014.0,,3.0
2024-12-27,11,23.1,18.8,77.0,0.3,,99.0,16.9,,1014.7,,17.0
2024-12-27,12,21.4,19.3,88.0,0.8,,94.0,3.6,,1015.7,,8.0
2024-12-27,13,20.8,18.9,89.0,0.0,,95.0,15.5,,1016.5,,3.0
2024-12-27,14,20.4,19.1,92.0,0.1,,95.0,15.8,,1017.5,,7.0
2024-12-27,15,21.0,18.9,88.0,0.0,,90.0,3.6,,1018.2,,3.0
2024-12-27,16,19.5,18.7,95.0,0.0,,97.0,15.1,,1018.6,,3.0
2024-12-27,17,19.1,18.4,96.0,0.0,,93.0,14.8,,1018.8,,3.0
2024-12-27,18,20.4,18.5,89.0,0.0,,90.0,5.4,,1018.7,,3.0
2024-12-27,19,18.3,17.5,95.0,0.0,,94.0,14.4,,1018.4,,3.0
2024-12-27,20,18.1,17.5,96.0,0.0,,94.0,14.0,,1017.7,,3.0
2024-12-27,21,20.0,18.1,89.0,0.0,,90.0,5.4,,1016.9,,3.0
2024-12-27,22,18.1,17.3,95.0,0.0,,98.0,13.0,,1016.2,,3.0
2024-12-27,23,17.6,17.0,96.0,0.0,,102.0,13.3,,1016.3,,3.0
2024-12-28,0,19.4,17.5,89.0,0.0,,90.0,7.6,,1016.8,,3.0
2024-12-28,1,17.5,17.2,98.0,0.0,,104.0,14.0,,1017.6,,3.0
2024-12-28,2,18.0,17.2,95.0,0.0,,101.0,14.0,,1018.3,,3.0
2024-12-28,3,20.0,17.8,87.0,0.0,,50.0,3.6,,1019.1,,3.0
2024-12-28,4,20.9,16.1,74.0,0.0,,95.0,18.4,,1019.1,,3.0
2024-12-28,5,22.7,15.8,65.0,0.0,,98.0,16.2,,1018.6,,3.0
2024-12-28,6,23.4,17.2,68.0,0.0,,50.0,5.4,,1017.5,,3.0
2024-12-28,7,24.9,16.1,58.0,0.0,,105.0,14.4,,1016.2,,3.0
2024-12-28,8,25.6,15.9,55.0,0.0,,106.0,14.0,,1015.0,,3.0
2024-12-28,9,26.2,15.3,51.0,0.0,,50.0,5.4,,1014.0,,2.0
2024-12-28,10,25.7,16.0,55.0,0.0,,106.0,14.4,,1013.4,,3.0
2024-12-28,11,25.0,15.6,56.0,0.0,,104.0,14.0,,1013.5,,2.0
2024-12-28,12,24.0,15.5,59.0,0.0,,90.0,5.4,,1014.2,,2.0
2024-12-28,13,22.4,15.7,66.0,0.0,,105.0,6.8,,1014.9,,2.0
2024-12-28,14,21.4,15.0,67.0,0.0,,108.0,9.7,,1016.1,,1.0
2024-12-28,15,22.0,16.7,72.0,0.0,,90.0,3.6,,1017.2,,2.0
2024-12-28,16,19.9,15.5,76.0,0.0,,96.0,10.1,,1017.9,,1.0
2024-12-28,17,19.2,16.1,82.0,0.0,,91.0,10.4,,1018.0,,1.0
2024-12-28,18,21.0,18.6,86.0,0.0,,90.0,5.4,,1017.6,,1.0
2024-12-28,19,18.3,17.7,96.0,0.0,,97.0,12.2,,1017.1,,1.0
2024-12-28,20,17.9,17.4,97.0,0.0,,92.0,11.9,,1016.6,,1.0
2024-12-28,21,20.4,18.2,87.0,0.0,,90.0,3.6,,1016.1,,1.0
2024-12-28,22,17.2,16.2,94.0,0.0,,86.0,11.9,,1015.9,,1.0
2024-12-28,23,16.9,15.9,94.0,0.0,,86.0,11.9,,1015.9,,1.0
2024-12-29,0,19.0,16.8,87.0,0.0,,90.0,3.6,,1016.5,,1.0
2024-12-29,1,16.3,15.7,96.0,0.0,,82.0,11.9,,1017.2,,1.0
2024-12-29,2,16.8,16.2,96.0,0.0,,86.0,12.6,,1018.1,,1.0
2024-12-29,3,20.0,17.6,86.0,0.0,,90.0,3.6,,1018.9,,1.0
2024-12-29,4,20.4,16.6,79.0,0.0,,91.0,14.4,,1019.1,,3.0
2024-12-29,5,22.7,16.3,67.0,0.0,,80.0,14.4,,1018.4,,3.0
2024-12-29,6,24.4,16.1,60.0,0.0,,140.0,3.6,,1017.3,,3.0
2024-12-29,7,25.3,15.6,55.0,0.0,,75.0,13.0,,1016.0,,3.0
2024-12-29,8,26.4,14.8,49.0,0.0,,73.0,13.7,,1014.6,,3.0
2024-12-29,9,27.4,10.6,35.0,0.0,,50.0,3.6,,1013.5,,3.0
2024-12-29,10,26.4,13.2,44.0,0.0,,63.0,12.6,,1013.4,,3.0
2024-12-29,11,25.9,13.1,45.0,0.0,,65.0,13.0,,1013.3,,3.0
2024-12-29,12,26.2,12.3,42.0,0.0,,0.0,0.0,,1013.9,,3.0
2024-12-29,13,22.7,14.3,59.0,0.0,,59.0,10.4,,1014.8,,3.0
2024-12-29,14,21.5,14.4,64.0,0.0,,55.0,12.2,,1016.2,,2.0
2024-12-29,15,22.6,17.1,71.0,0.0,,50.0,3.6,,1017.2,,2.0
2024-12-29,16,20.1,15.1,73.0,0.0,,66.0,12.6,,1018.0,,3.0
2024-12-29,17,19.2,15.5,79.0,0.0,,68.0,12.6,,1018.2,,3.0
2024-12-29,18,20.4,17.6,84.0,0.0,,90.0,3.6,,1017.7,,3.0
2024-12-29,19,17.9,16.1,89.0,0.0,,62.0,12.6,,1017.1,,3.0
2024-12-29,20,17.9,16.4,91.0,0.0,,64.0,12.2,,1016.8,,3.0
2024-12-29,21,19.6,17.4,87.0,0.0,,90.0,3.6,,1016.0,,1.0
2024-12-29,22,17.2,14.7,85.0,0.0,,51.0,11.2,,1015.3,,2.0
2024-12-29,23,16.8,14.3,85.0,0.0,,42.0,10.1,,1015.6,,3.0
2024-12-30,0,18.6,16.4,87.0,0.0,,50.0,3.6,,1016.2,,3.0
2024-12-30,1,16.5,14.5,88.0,0.0,,52.0,11.2,,1017.0,,3.0
2024-12-30,2,17.1,15.4,90.0,0.0,,55.0,12.6,,1017.8,,3.0
2024-12-30,3,19.8,17.4,86.0,0.0,,50.0,3.6,,1018.7,,3.0
2024-12-30,4,20.7,17.1,80.0,0.0,,68.0,18.0,,1018.8,,3.0
2024-12-30,5,23.1,16.6,67.0,0.0,,72.0,17.6,,1018.0,,3.0
2024-12-30,6,24.6,19.0,71.0,0.0,,50.0,3.6,,1017.1,,3.0
2024-12-30,7,25.4,16.3,57.0,0.0,,78.0,17.3,,1015.7,,3.0
2024-12-30,8,25.0,16.4,59.0,0.0,,78.0,16.6,,1014.8,,3.0
2024-12-30,9,25.6,17.3,60.0,0.0,,90.0,3.6,,1013.7,,3.0
2024-12-30,10,25.2,16.9,60.0,0.0,,67.0,16.2,,1013.1,,3.0
2024-12-30,11,24.8,17.0,62.0,0.0,,65.0,16.6,,1013.3,,3.0
2024-12-30,12,25.0,16.7,60.0,0.0,,90.0,7.6,,1014.1,,3.0
2024-12-30,13,23.0,17.2,70.0,0.0,,74.0,15.5,,1014.9,,3.0
2024-12-30,14,21.7,17.7,78.0,0.0,,71.0,17.6,,1016.6,,3.0
2024-12-30,15,22.4,19.2,82.0,0.0,,50.0,3.6,,1017.8,,3.0
2024-12-30,16,20.5,17.9,85.0,0.0,,73.0,14.4,,1018.1,,3.0
2024-12-30,17,19.9,17.5,86.0,0.0,,68.0,14.0,,1018.6,,3.0
2024-12-30,18,20.4,16.8,80.0,0.0,,0.0,0.0,,1018.2,,1.0
2024-12-30,19,18.3,15.2,82.0,0.0,,73.0,12.6,,1018.0,,3.0
2024-12-30,20,17.7,14.6,82.0,0.0,,68.0,13.0,,1017.2,,3.0
2024-12-30,21,18.6,15.3,81.0,0.0,,50.0,3.6,,1016.3,,3.0
2024-12-30,22,17.0,13.1,78.0,0.0,,73.0,14.0,,1016.1,,3.0
2024-12-30,23,16.8,13.5,81.0,0.0,,75.0,14.4,,1016.1,,3.0
2024-12-31,0,17.4,14.7,84.0,0.0,,0.0,0.0,,1016.3,,1.0
2024-12-31,1,16.4,13.9,85.0,0.0,,74.0,13.7,,1017.0,,3.0
2024-12-31,2,17.0,13.7,81.0,0.0,,75.0,14.4,,1018.0,,3.0
2024-12-31,3,21.0,15.5,71.0,0.0,,50.0,3.6,,1019.0,,3.0
2024-12-31,4,21.8,14.7,64.0,0.0,,74.0,16.6,,1019.3,,3.0
2024-12-31,5,23.8,13.1,51.0,0.0,,76.0,18.4,,1018.6,,3.0
2024-12-31,6,26.6,13.4,44.0,0.0,,140.0,3.6,,1017.5,,3.0
2024-12-31,7,26.4,10.9,38.0,0.0,,77.0,19.1,,1016.0,,3.0
2024-12-31,8,27.0,12.3,40.0,0.0,,83.0,18.4,,1014.6,,3.0
2024-12-31,9,28.6,14.1,41.0,0.0,,50.0,3.6,,1013.6,,3.0
2024-12-31,10,26.7,12.0,40.0,0.0,,87.0,16.9,,1013.1,,3.0
2024-12-31,11,25.8,12.3,43.0,0.0,,87.0,15.8,,1013.2,,3.0
2024-12-31,12,26.6,15.3,50.0,0.0,,90.0,7.6,,1013.8,,3.0
2024-12-31,13,22.5,14.3,60.0,0.0,,98.0,11.9,,1014.6,,3.0
2024-12-31,14,21.6,14.7,65.0,0.0,,90.0,13.0,,1015.6,,3.0
2024-12-31,15,23.0,17.5,71.0,0.0,,90.0,7.6,,1016.6,,3.0
2024-12-31,16,19.6,15.3,76.0,0.0,,81.0,12.6,,1017.5,,3.0
2024-12-31,17,18.8,15.3,80.0,0.0,,79.0,12.6,,1017.9,,3.0
2024-12-31,18,21.2,19.1,88.0,0.0,,90.0,7.6,,1018.1,,3.0
2024-12-31,19,17.8,16.0,89.0,0.0,,68.0,11.9,,1017.7,,3.0
2024-12-31,20,17.2,15.9,92.0,0.0,,64.0,11.9,,1016.8,,3.0
2024-12-31,21,20.0,18.1,89.0,0.0,,90.0,7.6,,1016.0,,3.0
2024-12-31,22,16.3,14.5,89.0,0.0,,63.0,12.2,,1015.5,,3.0
2024-12-31,23,16.0,13.7,86.0,0.0,,61.0,11.5,,1015.3,,3.0
