date,hour,temp,dwpt,rhum,prcp,snow,wdir,wspd,wpgt,pres,tsun,coco
2025-01-01,0,18.8,16.9,89.0,0.0,,90.0,5.4,,1015.7,,3.0
2025-01-01,1,15.3,13.1,87.0,0.0,,75.0,10.1,,1016.1,,2.0
2025-01-01,2,16.0,13.1,83.0,0.0,,81.0,10.8,,1016.9,,1.0
2025-01-01,3,19.2,16.2,83.0,0.0,,90.0,3.6,,1017.6,,1.0
2025-01-01,4,21.0,13.4,62.0,0.0,,80.0,15.5,,1017.5,,3.0
2025-01-01,5,22.7,13.5,56.0,0.0,,84.0,17.3,,1017.4,,3.0
2025-01-01,6,25.4,14.2,50.0,0.0,,90.0,5.4,,1016.7,,3.0
2025-01-01,7,25.0,13.9,50.0,0.0,,78.0,16.2,,1015.4,,3.0
2025-01-01,8,25.7,13.5,47.0,0.0,,79.0,15.5,,1013.9,,2.0
2025-01-01,9,26.6,11.1,38.0,0.0,,230.0,5.4,,1013.0,,3.0
2025-01-01,10,26.0,13.5,46.0,0.0,,78.0,15.8,,1012.4,,3.0
2025-01-01,11,25.5,13.4,47.0,0.0,,77.0,15.5,,1011.9,,3.0
2025-01-01,12,25.2,14.3,51.0,0.0,,80.0,3.6,,1012.4,,3.0
2025-01-01,13,22.7,14.0,58.0,0.0,,82.0,10.4,,1013.1,,2.0
2025-01-01,14,21.4,13.6,61.0,0.0,,93.0,9.7,,1014.8,,2.0
2025-01-01,15,21.8,14.9,65.0,0.0,,50.0,3.6,,1016.1,,1.0
2025-01-01,16,19.6,14.8,74.0,0.0,,76.0,9.4,,1016.8,,1.0
2025-01-01,17,18.7,15.2,80.0,0.0,,82.0,10.1,,1017.1,,1.0
2025-01-01,18,20.2,17.0,82.0,0.0,,50.0,3.6,,1016.8,,2.0
2025-01-01,19,17.3,16.2,93.0,0.0,,88.0,10.4,,1016.2,,2.0
2025-01-01,20,16.9,16.4,97.0,0.0,,83.0,10.1,,1015.6,,3.0
2025-01-01,21,18.4,16.7,90.0,0.0,,50.0,3.6,,1015.0,,3.0
2025-01-01,22,16.4,16.2,99.0,0.0,,77.0,9.4,,1014.6,,3.0
2025-01-01,23,16.2,16.0,99.0,0.0,,80.0,10.4,,1014.5,,5.0
2025-01-02,0,17.2,15.5,90.0,0.0,,50.0,3.6,,1014.9,,5.0
2025-01-02,1,16.1,15.9,99.0,0.0,,60.0,13.0,,1015.5,,5.0
2025-01-02,2,16.2,14.4,89.0,0.0,,64.0,11.2,,1016.2,,5.0
2025-01-02,3,19.0,14.5,75.0,0.0,,50.0,5.4,,1016.9,,3.0
2025-01-02,4,20.4,13.8,66.0,0.0,,76.0,14.8,,1017.1,,3.0
2025-01-02,5,22.9,12.2,51.0,0.0,,78.0,17.6,,1016.9,,3.0
2025-01-02,6,24.6,13.8,51.0,0.0,,50.0,5.4,,1016.0,,3.0
2025-01-02,7,25.2,11.7,43.0,0.0,,80.0,16.6,,1015.1,,3.0
2025-01-02,8,25.9,11.3,40.0,0.0,,81.0,16.2,,1013.7,,3.0
2025-01-02,9,27.2,10.8,36.0,0.0,,140.0,5.4,,1012.5,,3.0
2025-01-02,10,25.5,13.7,48.0,0.0,,85.0,16.2,,1012.5,,3.0
2025-01-02,11,24.6,13.8,51.0,0.0,,86.0,15.5,,1012.6,,2.0
2025-01-02,12,25.4,11.6,42.0,0.0,,90.0,5.4,,1013.3,,3.0
2025-01-02,13,22.1,13.7,59.0,0.0,,92.0,10.4,,1013.9,,3.0
2025-01-02,14,21.2,14.1,64.0,0.0,,97.0,10.4,,1015.1,,2.0
2025-01-02,15,21.4,15.0,67.0,0.0,,90.0,3.6,,1016.4,,1.0
2025-01-02,16,19.3,14.5,74.0,0.0,,125.0,8.6,,1017.3,,3.0
2025-01-02,17,18.6,14.3,76.0,0.0,,107.0,10.1,,1017.3,,3.0
2025-01-02,18,20.0,17.0,83.0,0.0,,50.0,5.4,,1017.3,,3.0
2025-01-02,19,16.9,15.2,90.0,0.0,,92.0,10.4,,1017.2,,3.0
2025-01-02,20,16.6,15.5,93.0,0.0,,90.0,9.7,,1016.4,,3.0
2025-01-02,21,19.2,17.0,87.0,0.0,,50.0,3.6,,1015.8,,3.0
2025-01-02,22,16.3,15.8,97.0,0.0,,87.0,9.4,,1015.3,,3.0
2025-01-02,23,16.6,16.0,96.0,0.0,,75.0,8.3,,1015.3,,3.0
2025-01-03,0,18.0,16.2,89.0,0.0,,50.0,3.6,,1015.4,,3.0
2025-01-03,1,16.4,15.9,97.0,0.0,,63.0,10.8,,1016.4,,3.0
2025-01-03,2,16.4,14.9,91.0,0.0,,55.0,11.2,,1017.0,,5.0
2025-01-03,3,18.4,16.2,87.0,0.0,,50.0,3.6,,1017.9,,3.0
2025-01-03,4,20.2,12.9,63.0,0.0,,65.0,14.4,,1018.2,,3.0
2025-01-03,5,22.2,11.6,51.0,0.0,,72.0,16.6,,1017.6,,3.0
2025-01-03,6,24.0,12.3,48.0,0.0,,50.0,5.4,,1016.8,,2.0
2025-01-03,7,25.2,9.9,38.0,0.0,,79.0,16.9,,1015.3,,3.0
2025-01-03,8,26.0,10.2,37.0,0.0,,82.0,17.3,,1014.2,,3.0
2025-01-03,9,27.0,12.6,41.0,0.0,,50.0,5.4,,1013.1,,3.0
2025-01-03,10,25.3,13.2,47.0,0.0,,88.0,17.3,,1012.6,,3.0
2025-01-03,11,24.3,12.6,48.0,0.0,,88.0,18.0,,1012.4,,3.0
2025-01-03,12,25.0,11.6,43.0,0.0,,90.0,5.4,,1013.1,,3.0
2025-01-03,13,21.4,13.6,61.0,0.0,,98.0,12.2,,1013.8,,1.0
2025-01-03,14,20.5,13.9,66.0,0.0,,101.0,12.2,,1014.9,,1.0
2025-01-03,15,21.0,14.2,65.0,0.0,,140.0,5.4,,1015.7,,1.0
2025-01-03,16,18.5,14.2,76.0,0.0,,106.0,9.7,,1016.3,,2.0
2025-01-03,17,17.9,14.0,78.0,0.0,,103.0,9.4,,1016.4,,1.0
2025-01-03,18,19.2,16.1,82.0,0.0,,50.0,5.4,,1016.3,,1.0
2025-01-03,19,16.3,13.8,85.0,0.0,,99.0,9.0,,1016.0,,1.0
2025-01-03,20,15.6,13.8,89.0,0.0,,100.0,9.0,,1015.3,,1.0
2025-01-03,21,17.0,14.6,86.0,0.0,,99.0,3.6,,1014.7,,1.0
2025-01-03,22,14.6,14.1,97.0,0.0,,86.0,8.6,,1013.7,,1.0
2025-01-03,23,13.8,13.3,97.0,0.0,,84.0,9.0,,1013.8,,1.0
2025-01-04,0,15.6,14.1,91.0,0.0,,0.0,0.0,,1014.3,,2.0
2025-01-04,1,13.3,12.7,96.0,0.0,,88.0,10.8,,1015.0,,5.0
2025-01-04,2,13.6,12.7,94.0,0.0,,86.0,11.9,,1015.8,,5.0
2025-01-04,3,15.6,13.3,86.0,0.0,,140.0,5.4,,1017.0,,5.0
2025-01-04,4,18.7,11.5,63.0,0.0,,95.0,9.0,,1017.1,,1.0
2025-01-04,5,21.1,10.6,51.0,0.0,,96.0,10.4,,1016.8,,2.0
2025-01-04,6,21.8,12.6,56.0,0.0,,90.0,3.6,,1015.8,,3.0
2025-01-04,7,24.6,9.3,38.0,0.0,,82.0,14.8,,1014.2,,2.0
2025-01-04,8,25.1,12.7,46.0,0.0,,93.0,15.1,,1012.9,,1.0
2025-01-04,9,26.6,11.1,38.0,0.0,,50.0,5.4,,1011.7,,1.0
2025-01-04,10,25.2,12.8,46.0,0.0,,94.0,14.8,,1011.3,,1.0
2025-01-04,11,24.5,13.4,50.0,0.0,,97.0,14.0,,1011.4,,1.0
2025-01-04,12,24.8,11.4,43.0,0.0,,50.0,5.4,,1012.1,,1.0
2025-01-04,13,21.9,14.3,62.0,0.0,,104.0,10.1,,1013.2,,1.0
2025-01-04,14,20.7,14.6,68.0,0.0,,107.0,11.2,,1014.6,,2.0
2025-01-04,15,21.0,14.2,65.0,0.0,,90.0,3.6,,1015.6,,1.0
2025-01-04,16,18.7,14.2,75.0,0.0,,104.0,9.0,,1016.0,,1.0
2025-01-04,17,17.9,14.0,78.0,0.0,,108.0,9.0,,1016.3,,1.0
2025-01-04,18,19.4,15.9,80.0,0.0,,90.0,5.4,,1016.1,,1.0
2025-01-04,19,16.9,14.0,83.0,0.0,,110.0,9.4,,1015.9,,1.0
2025-01-04,20,16.1,14.1,88.0,0.0,,107.0,10.8,,1015.5,,1.0
2025-01-04,21,18.0,16.3,90.0,0.0,,90.0,5.4,,1014.7,,1.0
2025-01-04,22,14.9,14.4,97.0,0.0,,93.0,9.7,,1014.6,,1.0
2025-01-04,23,14.9,14.4,97.0,0.0,,97.0,10.4,,1014.8,,2.0
2025-01-05,0,17.4,15.7,90.0,0.0,,90.0,3.6,,1015.3,,1.0
2025-01-05,1,14.2,14.0,99.0,0.0,,101.0,10.1,,1015.7,,1.0
2025-01-05,2,14.8,14.5,98.0,0.0,,105.0,11.5,,1016.5,,3.0
2025-01-05,3,16.2,14.2,88.0,0.0,,90.0,5.4,,1017.3,,5.0
2025-01-05,4,19.4,14.4,73.0,0.0,,96.0,9.7,,1017.3,,2.0
2025-01-05,5,21.6,14.0,62.0,0.0,,90.0,8.3,,1016.9,,2.0
2025-01-05,6,22.6,13.7,57.0,0.0,,140.0,3.6,,1015.8,,2.0
2025-01-05,7,24.8,12.1,45.0,0.0,,84.0,8.3,,1014.6,,2.0
2025-01-05,8,25.7,11.1,40.0,0.0,,90.0,8.3,,1013.1,,3.0
2025-01-05,9,26.6,10.3,36.0,0.0,,140.0,5.4,,1012.1,,3.0
2025-01-05,10,25.9,10.5,38.0,0.0,,83.0,10.8,,1011.6,,3.0
2025-01-05,11,25.2,10.6,40.0,0.0,,80.0,11.2,,1011.7,,3.0
2025-01-05,12,25.4,10.1,38.0,0.0,,80.0,3.6,,1012.3,,2.0
2025-01-05,13,22.4,11.5,50.0,0.0,,84.0,9.4,,1013.1,,1.0
2025-01-05,14,21.6,12.7,57.0,0.0,,96.0,10.4,,1014.3,,1.0
2025-01-05,15,21.6,14.0,62.0,0.0,,90.0,3.6,,1015.2,,1.0
2025-01-05,16,19.2,14.0,72.0,0.0,,111.0,11.9,,1016.1,,1.0
2025-01-05,17,18.6,13.5,72.0,0.0,,108.0,11.2,,1016.3,,2.0
2025-01-05,18,19.2,15.7,80.0,0.0,,90.0,3.6,,1015.8,,3.0
2025-01-05,19,17.2,13.5,79.0,0.0,,114.0,10.4,,1015.3,,3.0
2025-01-05,20,16.4,14.1,86.0,0.0,,103.0,10.1,,1015.0,,2.0
2025-01-05,21,17.6,15.9,90.0,0.0,,90.0,5.4,,1014.5,,1.0
2025-01-05,22,15.8,15.6,99.0,0.0,,105.0,11.9,,1014.4,,3.0
2025-01-05,23,15.8,15.6,99.0,0.0,,107.0,11.5,,1014.4,,5.0
2025-01-06,0,16.6,15.0,90.0,0.0,,90.0,3.6,,1014.7,,5.0
2025-01-06,1,15.8,15.0,95.0,0.0,,116.0,9.0,,1015.6,,5.0
2025-01-06,2,16.0,14.7,92.0,0.0,,112.0,8.3,,1016.5,,3.0
2025-01-06,3,17.0,15.3,90.0,0.0,,140.0,5.4,,1017.2,,3.0
2025-01-06,4,19.7,14.3,71.0,0.0,,104.0,6.5,,1017.2,,3.0
2025-01-06,5,22.0,13.6,59.0,0.0,,88.0,7.2,,1016.7,,2.0
2025-01-06,6,24.0,12.6,49.0,0.0,,0.0,0.0,,1015.6,,1.0
2025-01-06,7,24.9,12.2,45.0,0.0,,96.0,7.9,,1014.1,,3.0
2025-01-06,8,25.8,11.9,42.0,0.0,,99.0,7.6,,1012.7,,2.0
2025-01-06,9,27.2,12.0,39.0,0.0,,90.0,3.6,,1011.6,,1.0
2025-01-06,10,25.8,12.3,43.0,0.0,,115.0,9.0,,1011.3,,1.0
2025-01-06,11,25.3,11.8,43.0,0.0,,112.0,9.4,,1011.2,,1.0
2025-01-06,12,25.6,10.2,38.0,0.0,,140.0,5.4,,1011.6,,1.0
2025-01-06,13,22.7,13.5,56.0,0.0,,101.0,8.3,,1012.5,,1.0
2025-01-06,14,21.3,14.0,63.0,0.0,,121.0,10.1,,1014.1,,1.0
2025-01-06,15,21.2,14.4,65.0,0.0,,90.0,3.6,,1015.2,,1.0
2025-01-06,16,19.7,12.9,65.0,0.0,,120.0,11.9,,1016.0,,1.0
2025-01-06,17,18.8,12.5,67.0,0.0,,121.0,13.0,,1016.1,,1.0
2025-01-06,18,19.0,15.1,78.0,0.0,,90.0,3.6,,1015.5,,1.0
2025-01-06,19,17.7,12.6,72.0,0.0,,112.0,10.1,,1014.9,,1.0
2025-01-06,20,17.3,13.4,78.0,0.0,,125.0,8.3,,1014.5,,1.0
2025-01-06,21,16.8,13.5,81.0,0.0,,115.0,6.5,,1014.0,,1.0
2025-01-06,22,16.1,13.6,85.0,0.0,,95.0,6.8,,1013.7,,1.0
2025-01-06,23,15.6,13.4,87.0,0.0,,93.0,7.9,,1013.8,,1.0
2025-01-07,0,16.6,15.0,90.0,0.0,,0.0,0.0,,1014.5,,1.0
2025-01-07,1,15.0,15.0,100.0,0.0,,95.0,9.7,,1015.4,,1.0
2025-01-07,2,15.5,15.3,99.0,0.0,,100.0,11.9,,1016.5,,5.0
2025-01-07,3,20.0,14.4,70.0,0.0,,50.0,3.6,,1017.3,,5.0
2025-01-07,4,19.2,14.9,76.0,0.0,,95.0,8.6,,1017.3,,5.0
2025-01-07,5,22.0,14.6,63.0,0.0,,89.0,7.9,,1016.6,,3.0
2025-01-07,6,24.0,14.4,55.0,0.0,,0.0,0.0,,1015.7,,1.0
2025-01-07,7,25.2,13.4,48.0,0.0,,73.0,9.0,,1014.3,,1.0
2025-01-07,8,26.1,12.2,42.0,0.0,,71.0,9.7,,1012.5,,1.0
2025-01-07,9,26.4,9.7,35.0,0.0,,360.0,3.6,,1011.2,,1.0
2025-01-07,10,26.6,11.1,38.0,0.0,,74.0,9.0,,1010.4,,1.0
2025-01-07,11,26.4,9.7,35.0,0.0,,81.0,9.4,,1010.9,,1.0
2025-01-07,12,26.0,11.4,40.0,0.0,,50.0,3.6,,1011.3,,1.0
2025-01-07,13,23.8,10.8,44.0,0.0,,107.0,7.6,,1012.1,,1.0
2025-01-07,14,23.3,11.0,46.0,0.0,,91.0,7.6,,1012.9,,1.0
2025-01-07,15,21.2,13.9,63.0,0.0,,98.0,3.6,,1013.4,,1.0
2025-01-07,16,20.7,12.1,58.0,0.0,,78.0,10.1,,1014.5,,1.0
2025-01-07,17,19.5,12.5,64.0,0.0,,73.0,9.4,,1014.7,,1.0
2025-01-07,18,20.2,16.0,77.0,0.0,,50.0,5.4,,1014.7,,1.0
2025-01-07,19,18.4,11.2,63.0,0.0,,78.0,11.2,,1014.4,,1.0
2025-01-07,20,17.3,11.3,68.0,0.0,,105.0,12.6,,1014.2,,1.0
2025-01-07,21,16.5,13.0,80.0,0.0,,101.0,11.5,,1013.5,,1.0
2025-01-07,22,16.5,16.2,98.0,0.0,,94.0,11.9,,1013.5,,1.0
2025-01-07,23,16.4,16.1,98.0,0.0,,97.0,9.7,,1013.3,,5.0
2025-01-08,0,17.2,15.5,90.0,0.0,,0.0,0.0,,1014.0,,5.0
2025-01-08,1,16.1,15.8,98.0,0.0,,78.0,9.0,,1014.6,,5.0
2025-01-08,2,16.2,15.6,96.0,0.0,,74.0,9.0,,1015.4,,5.0
2025-01-08,3,18.8,16.2,85.0,0.0,,0.0,0.0,,1016.3,,5.0
2025-01-08,4,21.6,11.6,53.0,0.0,,63.0,10.4,,1016.5,,1.0
2025-01-08,5,23.6,8.1,37.0,0.0,,57.0,14.4,,1015.9,,1.0
2025-01-08,6,25.6,9.4,36.0,0.0,,320.0,3.6,,1015.1,,1.0
2025-01-08,7,26.2,5.2,26.0,0.0,,68.0,13.0,,1013.7,,1.0
2025-01-08,8,26.5,6.0,27.0,0.0,,70.0,12.2,,1012.4,,1.0
2025-01-08,9,28.0,9.3,31.0,0.0,,270.0,3.6,,1011.4,,1.0
2025-01-08,10,26.6,6.6,28.0,0.0,,81.0,11.9,,1011.2,,1.0
2025-01-08,11,25.9,7.0,30.0,0.0,,83.0,11.9,,1011.2,,1.0
2025-01-08,12,25.6,9.4,36.0,0.0,,50.0,3.6,,1012.1,,1.0
2025-01-08,13,23.1,8.8,40.0,0.0,,96.0,10.1,,1012.9,,1.0
2025-01-08,14,21.6,9.2,45.0,0.0,,98.0,11.5,,1014.1,,1.0
2025-01-08,15,21.4,12.5,57.0,0.0,,90.0,5.4,,1014.9,,1.0
2025-01-08,16,18.8,12.3,66.0,0.0,,104.0,14.0,,1015.4,,1.0
2025-01-08,17,18.1,13.2,73.0,0.0,,97.0,14.0,,1015.4,,1.0
2025-01-08,18,19.4,17.0,86.0,0.0,,90.0,9.4,,1015.5,,1.0
2025-01-08,19,16.2,14.0,87.0,0.0,,86.0,14.0,,1015.4,,1.0
2025-01-08,20,15.5,14.5,94.0,0.0,,89.0,13.0,,1015.1,,1.0
2025-01-08,21,17.4,15.7,90.0,0.0,,90.0,5.4,,1014.8,,3.0
2025-01-08,22,14.8,14.3,97.0,0.0,,95.0,12.6,,1014.6,,3.0
2025-01-08,23,14.6,14.1,97.0,0.0,,90.0,12.2,,1014.5,,3.0
2025-01-09,0,16.2,14.6,90.0,0.0,,90.0,5.4,,1014.8,,1.0
2025-01-09,1,14.1,13.3,95.0,0.0,,86.0,12.2,,1015.4,,1.0
2025-01-09,2,14.6,13.6,94.0,0.0,,88.0,12.6,,1016.0,,1.0
2025-01-09,3,17.2,14.3,83.0,0.0,,90.0,5.4,,1017.0,,1.0
2025-01-09,4,18.9,12.6,67.0,0.0,,91.0,17.3,,1017.1,,1.0
2025-01-09,5,21.2,12.3,57.0,0.0,,91.0,19.4,,1016.5,,1.0
2025-01-09,6,22.8,14.4,59.0,0.0,,50.0,7.6,,1015.4,,1.0
2025-01-09,7,24.4,9.9,40.0,0.0,,95.0,17.3,,1014.3,,1.0
2025-01-09,8,25.0,11.2,42.0,0.0,,100.0,16.2,,1013.1,,1.0
2025-01-09,9,25.4,13.6,48.0,0.0,,50.0,5.4,,1012.0,,1.0
2025-01-09,10,25.6,11.7,42.0,0.0,,107.0,17.6,,1011.8,,1.0
2025-01-09,11,25.3,11.8,43.0,0.0,,106.0,18.4,,1011.9,,1.0
2025-01-09,12,23.4,13.8,55.0,0.0,,140.0,7.6,,1012.9,,3.0
2025-01-09,13,22.5,13.8,58.0,0.0,,103.0,14.8,,1013.8,,3.0
2025-01-09,14,21.1,15.4,70.0,0.0,,98.0,14.8,,1015.5,,2.0
2025-01-09,15,21.6,18.0,80.0,0.0,,90.0,5.4,,1016.7,,1.0
2025-01-09,16,18.9,16.5,86.0,0.0,,105.0,14.8,,1017.9,,1.0
2025-01-09,17,18.3,16.3,88.0,0.0,,100.0,15.1,,1018.1,,1.0
2025-01-09,18,20.4,18.0,86.0,0.0,,90.0,3.6,,1017.9,,1.0
2025-01-09,19,17.9,15.5,86.0,0.0,,100.0,14.4,,1017.1,,1.0
2025-01-09,20,17.4,14.7,84.0,0.0,,96.0,14.4,,1016.3,,1.0
2025-01-09,21,16.8,13.9,83.0,0.0,,95.0,13.3,,1015.9,,1.0
2025-01-09,22,16.3,13.4,83.0,0.0,,94.0,13.3,,1015.6,,1.0
2025-01-09,23,15.9,13.6,86.0,0.0,,89.0,12.2,,1015.7,,1.0
2025-01-10,0,17.8,16.5,92.0,0.0,,90.0,3.6,,1016.0,,1.0
2025-01-10,1,15.5,14.0,91.0,0.0,,87.0,13.3,,1016.4,,1.0
2025-01-10,2,15.9,14.1,89.0,0.0,,86.0,13.7,,1017.3,,1.0
2025-01-10,3,18.6,15.1,80.0,0.0,,140.0,5.4,,1018.1,,1.0
2025-01-10,4,20.7,14.6,68.0,0.0,,87.0,16.2,,1018.2,,1.0
2025-01-10,5,23.1,14.1,57.0,0.0,,97.0,15.5,,1017.8,,1.0
2025-01-10,6,24.0,16.0,61.0,0.0,,90.0,5.4,,1016.8,,2.0
2025-01-10,7,25.6,13.8,48.0,0.0,,119.0,13.3,,1015.6,,3.0
2025-01-10,8,25.6,14.1,49.0,0.0,,113.0,14.0,,1014.4,,3.0
2025-01-10,9,24.8,16.2,59.0,0.0,,140.0,5.4,,1013.6,,3.0
2025-01-10,10,26.4,13.2,44.0,0.0,,121.0,14.8,,1013.2,,3.0
2025-01-10,11,25.2,14.6,52.0,0.0,,118.0,16.2,,1013.3,,2.0
2025-01-10,12,24.0,16.5,63.0,0.0,,90.0,5.4,,1014.4,,3.0
2025-01-10,13,22.5,15.4,64.0,0.0,,109.0,15.8,,1015.2,,2.0
2025-01-10,14,21.6,15.7,69.0,0.0,,111.0,13.7,,1016.3,,1.0
2025-01-10,15,21.0,16.8,77.0,0.0,,90.0,3.6,,1017.1,,1.0
2025-01-10,16,20.0,16.4,80.0,0.0,,105.0,13.7,,1017.4,,2.0
2025-01-10,17,18.9,16.9,88.0,0.0,,106.0,15.1,,1017.6,,3.0
2025-01-10,18,20.0,18.1,89.0,0.0,,90.0,7.6,,1017.3,,2.0
2025-01-10,19,18.2,17.6,96.0,0.0,,106.0,16.6,,1016.9,,3.0
2025-01-10,20,17.7,17.5,99.0,0.0,,106.0,15.1,,1016.2,,3.0
2025-01-10,21,19.8,17.6,87.0,0.0,,90.0,7.6,,1015.7,,5.0
2025-01-10,22,18.5,17.2,92.0,0.0,,103.0,14.4,,1015.3,,3.0
2025-01-10,23,18.6,16.9,90.0,0.0,,103.0,13.3,,1015.4,,3.0
2025-01-11,0,19.2,17.7,91.0,0.0,,90.0,5.4,,1015.7,,3.0
2025-01-11,1,18.0,16.3,90.0,0.0,,95.0,11.9,,1016.5,,3.0
2025-01-11,2,18.2,16.4,89.0,0.0,,93.0,13.0,,1017.1,,3.0
2025-01-11,3,20.0,18.1,89.0,0.0,,90.0,5.4,,1017.7,,3.0
2025-01-11,4,21.0,15.5,71.0,0.0,,102.0,12.6,,1018.2,,3.0
2025-01-11,5,22.8,15.1,62.0,0.0,,100.0,11.2,,1018.0,,3.0
2025-01-11,6,22.0,16.9,73.0,0.0,,90.0,5.4,,1017.0,,3.0
2025-01-11,7,25.8,14.6,50.0,0.0,,99.0,11.2,,1015.9,,3.0
2025-01-11,8,26.2,14.3,48.0,0.0,,94.0,10.8,,1014.7,,3.0
2025-01-11,9,24.0,16.8,64.0,0.0,,90.0,3.6,,1013.7,,3.0
2025-01-11,10,25.1,14.9,53.0,0.0,,80.0,14.8,,1013.1,,3.0
2025-01-11,11,26.2,14.0,47.0,0.0,,92.0,11.5,,1012.5,,3.0
2025-01-11,12,23.0,17.7,72.0,0.0,,90.0,5.4,,1012.9,,3.0
2025-01-11,13,24.1,14.8,56.0,0.0,,102.0,13.7,,1013.4,,3.0
2025-01-11,14,22.8,16.1,66.0,0.0,,107.0,16.6,,1014.6,,3.0
2025-01-11,15,21.4,18.0,81.0,0.0,,90.0,5.4,,1015.7,,3.0
2025-01-11,16,20.5,17.3,82.0,0.0,,84.0,11.9,,1017.0,,3.0
2025-01-11,17,19.5,17.6,89.0,0.0,,83.0,11.9,,1017.4,,2.0
2025-01-11,18,19.4,17.0,86.0,0.0,,90.0,5.4,,1017.5,,3.0
2025-01-11,19,18.4,17.9,97.0,0.0,,84.0,13.7,,1017.2,,3.0
2025-01-11,20,18.4,17.8,96.0,0.0,,88.0,14.0,,1016.1,,3.0
2025-01-11,21,18.0,16.9,93.0,0.0,,101.0,14.4,,1016.0,,3.0
2025-01-11,22,18.0,16.5,91.0,0.0,,92.0,12.2,,1015.7,,3.0
2025-01-11,23,17.8,16.1,90.0,0.0,,75.0,9.0,,1015.5,,3.0
2025-01-12,0,17.6,15.9,90.0,0.0,,90.0,5.4,,1016.0,,3.0
2025-01-12,1,16.4,16.1,98.0,0.0,,89.0,9.0,,1016.7,,3.0
2025-01-12,2,16.6,15.8,95.0,0.0,,98.0,10.8,,1017.7,,3.0
2025-01-12,3,17.6,15.9,90.0,0.0,,90.0,5.4,,1018.2,,3.0
2025-01-12,4,19.8,15.4,76.0,0.0,,93.0,12.6,,1018.6,,3.0
2025-01-12,5,22.7,15.3,63.0,0.0,,91.0,10.8,,1017.7,,3.0
2025-01-12,6,25.4,15.1,53.0,0.0,,50.0,3.6,,1016.7,,2.0
2025-01-12,7,26.7,13.8,45.0,0.0,,91.0,11.2,,1015.3,,3.0
2025-01-12,8,28.3,13.4,40.0,0.0,,88.0,11.2,,1013.3,,3.0
2025-01-12,9,28.6,15.5,45.0,0.0,,90.0,3.6,,1012.2,,3.0
2025-01-12,10,26.6,15.0,49.0,0.0,,97.0,13.3,,1012.0,,3.0
2025-01-12,11,26.6,15.3,50.0,0.0,,95.0,14.0,,1012.0,,3.0
2025-01-12,12,27.0,16.3,52.0,0.0,,50.0,3.6,,1012.9,,2.0
2025-01-12,13,23.0,17.7,72.0,0.0,,113.0,14.8,,1013.9,,3.0
2025-01-12,14,21.7,18.1,80.0,0.0,,111.0,15.5,,1015.0,,2.0
2025-01-12,15,23.0,18.3,75.0,0.0,,50.0,3.6,,1015.8,,1.0
2025-01-12,16,20.2,18.5,90.0,0.0,,101.0,15.8,,1016.2,,2.0
2025-01-12,17,19.5,18.3,93.0,0.0,,100.0,16.2,,1016.4,,3.0
2025-01-12,18,21.2,19.7,91.0,0.0,,50.0,5.4,,1016.5,,3.0
2025-01-12,19,19.1,18.1,94.0,0.0,,92.0,15.1,,1015.9,,3.0
2025-01-12,20,19.2,17.9,92.0,0.0,,91.0,14.0,,1014.7,,3.0
2025-01-12,21,20.6,19.1,91.0,0.0,,50.0,7.6,,1014.1,,3.0
2025-01-12,22,18.6,17.3,92.0,0.0,,94.0,12.6,,1013.6,,3.0
2025-01-12,23,19.3,17.6,90.0,0.0,,97.0,10.4,,1013.8,,3.0
2025-01-13,0,20.2,18.7,91.0,0.0,,50.0,3.6,,1014.3,,3.0
2025-01-13,1,18.7,17.5,93.0,0.0,,94.0,11.9,,1014.9,,3.0
2025-01-13,2,19.0,17.7,92.0,0.0,,85.0,12.6,,1015.4,,3.0
2025-01-13,3,20.6,18.2,86.0,0.0,,50.0,3.6,,1016.0,,3.0
2025-01-13,4,22.4,16.9,71.0,0.0,,81.0,15.8,,1016.1,,3.0
2025-01-13,5,24.0,16.8,64.0,0.0,,78.0,15.1,,1015.6,,3.0
2025-01-13,6,24.4,18.3,69.0,0.0,,50.0,3.6,,1014.9,,3.0
2025-01-13,7,25.9,16.5,56.0,0.1,,70.0,13.0,,1013.5,,17.0
2025-01-13,8,27.4,15.7,49.0,0.2,,73.0,13.3,,1011.9,,17.0
2025-01-13,9,25.6,17.3,60.0,0.4,,50.0,5.4,,1010.8,,17.0
2025-01-13,10,25.7,17.4,60.0,0.4,,77.0,16.2,,1010.7,,17.0
2025-01-13,11,24.9,18.1,66.0,0.1,,78.0,16.2,,1011.0,,17.0
2025-01-13,12,24.6,17.8,66.0,0.3,,50.0,5.4,,1011.7,,17.0
2025-01-13,13,22.7,18.3,76.0,0.0,,78.0,13.0,,1012.5,,3.0
2025-01-13,14,21.7,18.1,80.0,0.0,,80.0,13.3,,1014.1,,3.0
2025-01-13,15,22.2,19.6,85.0,0.3,,90.0,3.6,,1015.3,,8.0
2025-01-13,16,20.3,19.0,92.0,0.2,,91.0,17.3,,1016.0,,7.0
2025-01-13,17,20.0,18.7,92.0,0.0,,92.0,16.9,,1016.1,,3.0
2025-01-13,18,21.0,18.9,88.0,0.0,,90.0,5.4,,1015.7,,3.0
2025-01-13,19,20.0,18.7,92.0,0.0,,90.0,14.8,,1015.4,,3.0
2025-01-13,20,20.0,18.7,92.0,0.0,,90.0,13.7,,1014.7,,3.0
2025-01-13,21,20.6,18.7,89.0,0.0,,90.0,3.6,,1014.0,,3.0
2025-01-13,22,19.7,18.4,92.0,0.0,,95.0,12.6,,1013.6,,3.0
2025-01-13,23,19.6,18.3,92.0,0.0,,95.0,11.9,,1013.8,,3.0
2025-01-14,0,20.0,18.1,89.0,0.0,,90.0,5.4,,1014.1,,3.0
2025-01-14,1,19.2,18.0,93.0,0.0,,91.0,12.2,,1015.1,,3.0
2025-01-14,2,19.5,17.5,88.0,0.0,,94.0,14.8,,1016.2,,3.0
2025-01-14,3,20.2,18.0,87.0,0.0,,140.0,3.6,,1017.2,,3.0
2025-01-14,4,21.6,17.2,76.0,0.0,,93.0,18.4,,1017.7,,3.0
2025-01-14,5,22.8,16.8,69.0,0.2,,89.0,19.1,,1017.2,,7.0
2025-01-14,6,24.4,15.6,58.0,0.0,,140.0,5.4,,1016.5,,3.0
2025-01-14,7,25.3,15.9,56.0,0.0,,88.0,18.4,,1015.2,,3.0
2025-01-14,8,25.8,15.2,52.0,0.0,,85.0,16.9,,1013.8,,3.0
2025-01-14,9,26.2,16.7,56.0,0.0,,90.0,5.4,,1012.6,,3.0
2025-01-14,10,26.6,15.3,50.0,0.0,,81.0,18.7,,1011.9,,3.0
2025-01-14,11,26.1,15.5,52.0,0.0,,82.0,18.7,,1012.3,,3.0
2025-01-14,12,24.0,17.3,66.0,0.0,,90.0,3.6,,1012.9,,2.0
2025-01-14,13,23.3,15.4,61.0,0.0,,83.0,15.8,,1014.0,,3.0
2025-01-14,14,22.2,15.1,64.0,0.0,,93.0,17.6,,1015.5,,1.0
2025-01-14,15,22.2,18.0,77.0,0.0,,50.0,3.6,,1016.7,,1.0
2025-01-14,16,20.1,14.2,69.0,0.0,,93.0,17.6,,1017.5,,1.0
2025-01-14,17,19.2,13.8,71.0,0.0,,91.0,15.5,,1017.9,,3.0
2025-01-14,18,20.0,17.8,87.0,0.0,,90.0,5.4,,1017.9,,1.0
2025-01-14,19,17.5,14.6,83.0,0.0,,84.0,12.6,,1017.5,,1.0
2025-01-14,20,17.0,15.5,91.0,0.0,,88.0,14.8,,1016.7,,1.0
2025-01-14,21,18.0,16.2,89.0,0.0,,90.0,7.6,,1016.0,,3.0
2025-01-14,22,16.7,16.2,97.0,0.0,,90.0,13.0,,1015.6,,3.0
2025-01-14,23,17.3,16.3,94.0,0.0,,88.0,16.2,,1015.7,,3.0
2025-01-15,0,17.4,15.7,90.0,0.0,,50.0,7.6,,1016.1,,3.0
2025-01-15,1,17.1,16.3,95.0,0.0,,80.0,14.4,,1016.7,,3.0
2025-01-15,2,17.3,16.3,94.0,0.0,,77.0,16.6,,1017.7,,3.0
2025-01-15,3,20.2,17.8,86.0,0.0,,90.0,3.6,,1018.6,,3.0
2025-01-15,4,21.0,14.9,68.0,0.0,,85.0,19.8,,1018.9,,3.0
2025-01-15,5,22.6,14.4,60.0,0.0,,90.0,18.7,,1018.5,,3.0
2025-01-15,6,23.4,14.7,58.0,0.0,,90.0,5.4,,1017.8,,3.0
2025-01-15,7,24.3,14.1,53.0,0.0,,96.0,17.6,,1016.7,,3.0
2025-01-15,8,24.7,14.2,52.0,0.0,,89.0,17.6,,1015.1,,3.0
2025-01-15,9,23.2,14.7,59.0,0.0,,90.0,3.6,,1014.0,,3.0
2025-01-15,10,24.7,13.9,51.0,0.0,,86.0,18.4,,1013.3,,3.0
2025-01-15,11,24.9,13.5,49.0,0.0,,72.0,17.3,,1013.0,,2.0
2025-01-15,12,23.4,15.5,61.0,0.0,,90.0,3.6,,1013.7,,2.0
2025-01-15,13,22.4,14.0,59.0,0.0,,101.0,13.7,,1014.5,,1.0
2025-01-15,14,21.5,14.4,64.0,0.0,,100.0,14.8,,1016.2,,3.0
2025-01-15,15,21.6,17.0,75.0,0.0,,50.0,5.4,,1017.3,,3.0
2025-01-15,16,19.9,16.0,78.0,0.0,,95.0,14.0,,1018.0,,3.0
2025-01-15,17,19.2,15.5,79.0,0.0,,92.0,15.8,,1018.0,,3.0
2025-01-15,18,20.2,16.0,77.0,0.0,,90.0,5.4,,1017.9,,3.0
2025-01-15,19,17.8,15.1,84.0,0.0,,94.0,15.5,,1017.5,,3.0
2025-01-15,20,17.0,15.0,88.0,0.0,,90.0,15.1,,1016.8,,2.0
2025-01-15,21,18.6,16.0,85.0,0.0,,92.0,3.6,,1015.6,,2.0
2025-01-15,22,16.3,15.8,97.0,0.0,,87.0,16.9,,1015.0,,3.0
2025-01-15,23,16.3,15.7,96.0,0.0,,84.0,15.5,,1015.0,,3.0
2025-01-16,0,17.4,15.4,88.0,0.0,,90.0,5.4,,1015.4,,3.0
2025-01-16,1,15.9,15.4,97.0,0.0,,85.0,14.4,,1016.1,,3.0
2025-01-16,2,16.5,15.0,91.0,0.0,,89.0,19.1,,1017.5,,3.0
2025-01-16,3,18.0,16.2,89.0,0.0,,90.0,5.4,,1018.0,,3.0
2025-01-16,4,20.2,14.6,70.0,0.0,,88.0,16.9,,1018.1,,3.0
2025-01-16,5,22.0,14.4,62.0,0.0,,90.0,16.9,,1017.8,,3.0
2025-01-16,6,23.4,14.7,58.0,0.0,,90.0,3.6,,1017.1,,3.0
2025-01-16,7,25.0,14.2,51.0,0.0,,96.0,16.6,,1015.9,,3.0
2025-01-16,8,26.0,13.5,46.0,0.0,,95.0,16.9,,1014.1,,1.0
2025-01-16,9,26.0,14.1,48.0,0.0,,140.0,5.4,,1013.0,,2.0
2025-01-16,10,26.3,13.4,45.0,0.0,,88.0,15.1,,1012.7,,1.0
2025-01-16,11,25.9,13.4,46.0,0.0,,81.0,15.1,,1012.8,,2.0
2025-01-16,12,25.0,12.2,45.0,0.0,,90.0,5.4,,1013.4,,2.0
2025-01-16,13,23.0,14.0,57.0,0.0,,96.0,13.3,,1014.3,,2.0
2025-01-16,14,21.9,14.5,63.0,0.0,,102.0,11.9,,1015.4,,1.0
2025-01-16,15,22.0,15.6,67.0,0.0,,90.0,3.6,,1016.8,,1.0
2025-01-16,16,19.7,15.6,77.0,0.0,,94.0,13.0,,1017.5,,1.0
2025-01-16,17,18.9,15.6,81.0,0.0,,96.0,14.0,,1017.9,,1.0
2025-01-16,18,20.2,18.7,91.0,0.0,,90.0,7.6,,1018.3,,1.0
2025-01-16,19,17.3,16.2,93.0,0.0,,95.0,15.1,,1018.0,,1.0
2025-01-16,20,16.9,15.9,94.0,0.0,,97.0,15.8,,1017.3,,3.0
2025-01-16,21,19.4,17.9,91.0,0.0,,90.0,3.6,,1016.0,,3.0
2025-01-16,22,16.5,15.4,93.0,0.0,,93.0,13.0,,1015.2,,3.0
2025-01-16,23,16.9,15.8,93.0,0.0,,83.0,11.2,,1014.9,,3.0
2025-01-17,0,18.0,16.7,92.0,0.0,,90.0,3.6,,1015.1,,3.0
2025-01-17,1,16.0,15.4,96.0,0.0,,89.0,13.0,,1015.8,,3.0
2025-01-17,2,16.1,15.0,93.0,0.0,,82.0,13.3,,1016.3,,3.0
2025-01-17,3,18.8,16.9,89.0,0.0,,50.0,5.4,,1016.8,,3.0
2025-01-17,4,20.8,14.0,65.0,0.0,,75.0,14.0,,1017.0,,1.0
2025-01-17,5,23.0,13.5,55.0,0.0,,76.0,18.0,,1016.3,,1.0
2025-01-17,6,22.0,15.8,68.0,0.0,,90.0,5.4,,1015.2,,2.0
2025-01-17,7,25.9,13.1,45.0,0.0,,78.0,16.2,,1014.0,,2.0
2025-01-17,8,26.4,13.2,44.0,0.0,,82.0,15.8,,1012.6,,1.0
2025-01-17,9,24.4,15.9,59.0,0.0,,50.0,5.4,,1011.4,,1.0
2025-01-17,10,26.5,12.9,43.0,0.0,,91.0,16.2,,1011.0,,2.0
2025-01-17,11,25.8,13.0,45.0,0.0,,94.0,17.6,,1011.2,,2.0
2025-01-17,12,24.0,13.2,51.0,0.0,,140.0,5.4,,1011.7,,2.0
2025-01-17,13,22.8,13.6,56.0,0.0,,109.0,14.8,,1012.6,,1.0
2025-01-17,14,21.7,13.3,59.0,0.0,,105.0,11.9,,1014.0,,1.0
2025-01-17,15,21.0,16.6,76.0,0.0,,50.0,3.6,,1015.3,,1.0
2025-01-17,16,19.3,15.2,77.0,0.0,,97.0,13.0,,1016.3,,1.0
2025-01-17,17,18.4,16.0,86.0,0.0,,96.0,13.0,,1016.6,,3.0
2025-01-17,18,19.0,16.8,87.0,0.0,,50.0,5.4,,1016.6,,3.0
2025-01-17,19,17.2,16.4,95.0,0.0,,90.0,15.8,,1015.7,,3.0
2025-01-17,20,17.0,16.0,94.0,0.0,,87.0,14.8,,1015.2,,3.0
2025-01-17,21,17.6,15.9,90.0,0.0,,90.0,5.4,,1014.5,,3.0
2025-01-17,22,16.5,15.2,92.0,0.0,,78.0,13.0,,1013.9,,3.0
2025-01-17,23,16.1,15.1,94.0,0.0,,82.0,13.0,,1014.0,,3.0
2025-01-18,0,17.4,16.1,92.0,0.0,,90.0,5.4,,1014.3,,3.0
2025-01-18,1,15.6,14.6,94.0,0.0,,68.0,12.6,,1014.6,,3.0
2025-01-18,2,15.7,14.6,93.0,0.0,,73.0,13.7,,1015.2,,3.0
2025-01-18,3,18.6,15.1,80.0,0.0,,90.0,5.4,,1016.1,,3.0
2025-01-18,4,19.7,14.3,71.0,0.0,,82.0,13.7,,1016.4,,3.0
2025-01-18,5,21.8,14.2,62.0,0.0,,87.0,13.0,,1016.4,,3.0
2025-01-18,6,24.6,14.7,54.0,0.0,,140.0,5.4,,1015.3,,3.0
2025-01-18,7,25.4,12.9,46.0,0.0,,88.0,14.8,,1014.1,,1.0
2025-01-18,8,26.2,12.6,43.0,0.0,,90.0,16.9,,1012.6,,3.0
2025-01-18,9,26.4,14.5,48.0,0.0,,90.0,3.6,,1011.1,,3.0
2025-01-18,10,26.9,12.5,41.0,0.0,,95.0,16.6,,1011.1,,3.0
2025-01-18,11,25.9,12.7,44.0,0.0,,89.0,15.5,,1011.1,,3.0
2025-01-18,12,25.0,15.6,56.0,0.0,,90.0,3.6,,1011.4,,3.0
2025-01-18,13,24.0,14.1,54.0,0.0,,90.0,13.0,,1012.0,,3.0
2025-01-18,14,22.8,14.4,59.0,0.0,,90.0,13.0,,1013.1,,3.0
2025-01-18,15,22.4,15.3,64.0,0.0,,90.0,3.6,,1014.5,,3.0
2025-01-18,16,21.9,14.0,61.0,0.0,,61.0,15.1,,1015.1,,3.0
2025-01-18,17,20.5,14.2,67.0,0.0,,62.0,14.0,,1015.4,,3.0
2025-01-18,18,21.0,16.6,76.0,0.0,,0.0,0.0,,1015.1,,3.0
2025-01-18,19,18.8,14.3,75.0,0.0,,64.0,14.4,,1014.9,,3.0
2025-01-18,20,19.4,15.3,77.0,0.0,,62.0,13.3,,1014.5,,3.0
2025-01-18,21,19.4,16.4,83.0,0.0,,90.0,5.4,,1013.7,,3.0
2025-01-18,22,18.1,15.0,82.0,0.0,,55.0,12.6,,1013.5,,3.0
2025-01-18,23,18.2,15.1,82.0,0.0,,56.0,13.7,,1013.4,,3.0
2025-01-19,0,19.2,17.0,87.0,0.0,,50.0,3.6,,1013.8,,3.0
2025-01-19,1,18.0,14.9,82.0,0.5,,53.0,14.0,,1014.7,,8.0
2025-01-19,2,18.1,15.0,82.0,0.0,,50.0,13.3,,1015.7,,2.0
2025-01-19,3,18.4,16.6,89.0,0.0,,50.0,5.4,,1016.8,,3.0
2025-01-19,4,20.5,14.6,69.0,0.0,,56.0,16.2,,1017.2,,3.0
2025-01-19,5,20.6,15.2,71.0,0.0,,52.0,15.1,,1017.2,,3.0
2025-01-19,6,19.6,17.7,89.0,0.0,,50.0,5.4,,1016.2,,3.0
2025-01-19,7,23.2,17.4,70.0,0.3,,64.0,20.2,,1015.1,,8.0
2025-01-19,8,23.8,17.1,66.0,0.0,,66.0,19.1,,1013.8,,3.0
2025-01-19,9,20.4,18.9,91.0,0.0,,50.0,3.6,,1012.5,,3.0
2025-01-19,10,24.7,17.4,64.0,0.0,,62.0,17.3,,1011.6,,3.0
2025-01-19,11,22.7,18.3,76.0,0.1,,51.0,14.8,,1012.2,,7.0
2025-01-19,12,20.8,19.3,91.0,0.0,,50.0,3.6,,1012.4,,3.0
2025-01-19,13,21.7,18.3,81.0,0.1,,62.0,11.9,,1013.2,,7.0
2025-01-19,14,21.0,18.6,86.0,0.3,,80.0,10.4,,1014.4,,8.0
2025-01-19,15,20.2,17.8,86.0,0.0,,50.0,5.4,,1015.2,,3.0
2025-01-19,16,18.9,18.6,98.0,0.0,,63.0,7.9,,1016.5,,3.0
2025-01-19,17,18.5,18.2,98.0,0.0,,58.0,6.5,,1016.4,,3.0
2025-01-19,18,20.0,18.8,93.0,0.0,,90.0,5.4,,1016.2,,3.0
2025-01-19,19,18.2,17.9,98.0,0.0,,66.0,7.9,,1015.8,,3.0
2025-01-19,20,17.9,17.7,99.0,0.0,,76.0,7.9,,1015.1,,3.0
2025-01-19,21,19.6,18.4,93.0,0.0,,0.0,0.0,,1014.2,,3.0
2025-01-19,22,18.4,18.1,98.0,0.0,,76.0,11.5,,1013.7,,3.0
2025-01-19,23,18.5,18.0,97.0,0.0,,70.0,10.1,,1013.5,,5.0
2025-01-20,0,18.6,17.3,92.0,0.0,,0.0,0.0,,1013.6,,3.0
2025-01-20,1,17.7,17.4,98.0,0.0,,70.0,9.4,,1014.0,,3.0
2025-01-20,2,17.5,17.2,98.0,0.0,,70.0,10.1,,1015.4,,3.0
2025-01-20,3,19.2,17.7,91.0,0.0,,50.0,3.6,,1016.3,,5.0
2025-01-20,4,20.8,15.8,73.0,0.0,,63.0,9.7,,1016.5,,2.0
2025-01-20,5,22.9,14.2,58.0,0.0,,59.0,12.2,,1015.8,,1.0
2025-01-20,6,24.4,14.5,54.0,0.0,,50.0,3.6,,1015.0,,1.0
2025-01-20,7,25.7,11.5,41.0,0.0,,57.0,13.3,,1013.9,,1.0
2025-01-20,8,26.5,10.6,37.0,0.0,,53.0,13.7,,1012.4,,1.0
2025-01-20,9,27.4,12.6,40.0,0.0,,90.0,3.6,,1011.3,,1.0
2025-01-20,10,26.8,10.5,36.0,0.0,,61.0,13.7,,1010.6,,1.0
2025-01-20,11,26.3,10.0,36.0,0.0,,63.0,13.7,,1010.6,,1.0
2025-01-20,12,26.2,10.8,38.0,0.0,,50.0,3.6,,1011.1,,1.0
2025-01-20,13,22.9,11.3,48.0,0.0,,68.0,8.6,,1011.8,,1.0
2025-01-20,14,21.5,12.1,55.0,0.0,,75.0,9.7,,1013.0,,3.0
2025-01-20,15,21.8,11.8,53.0,0.0,,0.0,0.0,,1013.9,,3.0
2025-01-20,16,19.2,12.7,66.0,0.0,,78.0,9.7,,1014.6,,3.0
2025-01-20,17,18.4,13.5,73.0,0.0,,87.0,9.4,,1014.8,,3.0
2025-01-20,18,20.4,17.6,84.0,0.0,,50.0,3.6,,1015.2,,3.0
2025-01-20,19,17.2,14.3,83.0,0.0,,74.0,8.6,,1014.7,,3.0
2025-01-20,20,16.6,14.4,87.0,0.0,,72.0,7.9,,1014.0,,2.0
2025-01-20,21,18.2,16.4,89.0,0.0,,0.0,0.0,,1013.1,,1.0
2025-01-20,22,15.8,14.5,92.0,0.0,,69.0,8.6,,1012.4,,1.0
2025-01-20,23,15.6,14.5,93.0,0.0,,70.0,8.3,,1012.6,,1.0
2025-01-21,0,17.0,15.3,90.0,0.0,,0.0,0.0,,1012.9,,1.0
2025-01-21,1,15.1,14.0,93.0,0.0,,80.0,8.6,,1013.3,,1.0
2025-01-21,2,15.6,13.6,88.0,0.0,,84.0,9.4,,1014.2,,1.0
2025-01-21,3,18.4,14.5,78.0,0.0,,50.0,5.4,,1015.2,,1.0
2025-01-21,4,20.7,13.4,63.0,0.0,,69.0,9.7,,1016.1,,1.0
2025-01-21,5,22.9,12.5,52.0,0.0,,65.0,12.2,,1015.7,,2.0
2025-01-21,6,23.4,11.8,48.0,0.0,,90.0,3.6,,1014.7,,3.0
2025-01-21,7,26.2,8.7,33.0,0.0,,62.0,14.0,,1013.2,,3.0
2025-01-21,8,27.0,7.5,29.0,0.0,,64.0,13.7,,1011.6,,3.0
2025-01-21,9,27.2,10.0,34.0,0.0,,50.0,5.4,,1010.5,,3.0
2025-01-21,10,27.2,6.0,26.0,0.0,,71.0,13.7,,1010.0,,3.0
2025-01-21,11,26.5,7.5,30.0,0.0,,74.0,13.7,,1010.1,,3.0
2025-01-21,12,25.4,12.3,44.0,0.0,,50.0,5.4,,1010.6,,3.0
2025-01-21,13,23.3,8.9,40.0,0.0,,94.0,11.5,,1011.4,,2.0
2025-01-21,14,21.7,9.6,46.0,0.0,,85.0,10.4,,1012.8,,2.0
2025-01-21,15,21.0,14.4,66.0,0.0,,0.0,0.0,,1013.8,,3.0
2025-01-21,16,19.4,10.4,56.0,0.0,,80.0,10.8,,1014.7,,3.0
2025-01-21,17,18.5,10.8,61.0,0.0,,80.0,10.4,,1014.5,,3.0
2025-01-21,18,19.2,17.3,89.0,0.0,,50.0,3.6,,1014.1,,3.0
2025-01-21,19,17.1,11.1,68.0,0.0,,76.0,9.4,,1013.8,,1.0
2025-01-21,20,16.4,11.8,74.0,0.0,,69.0,9.7,,1013.1,,1.0
2025-01-21,21,17.0,15.3,90.0,0.0,,0.0,0.0,,1012.4,,1.0
2025-01-21,22,15.4,12.0,80.0,0.0,,69.0,8.6,,1012.0,,1.0
2025-01-21,23,15.1,11.5,79.0,0.0,,66.0,8.6,,1011.9,,1.0
2025-01-22,0,15.6,14.0,90.0,0.0,,0.0,0.0,,1012.2,,1.0
2025-01-22,1,14.9,11.5,80.0,0.0,,81.0,9.0,,1012.7,,1.0
2025-01-22,2,15.6,11.4,76.0,0.0,,89.0,10.8,,1013.6,,1.0
2025-01-22,3,19.0,11.3,61.0,0.0,,50.0,5.4,,1014.7,,1.0
2025-01-22,4,21.3,9.8,48.0,0.0,,102.0,10.1,,1015.2,,1.0
2025-01-22,5,24.0,9.2,39.0,0.0,,97.0,9.4,,1014.9,,1.0
2025-01-22,6,25.6,15.0,52.0,0.0,,90.0,5.4,,1014.0,,1.0
2025-01-22,7,27.4,9.7,33.0,0.0,,97.0,9.4,,1012.7,,1.0
2025-01-22,8,28.2,9.9,32.0,0.0,,99.0,10.8,,1011.0,,1.0
2025-01-22,9,28.2,17.1,51.0,0.0,,0.0,0.0,,1009.8,,1.0
2025-01-22,10,27.9,14.5,44.0,0.0,,112.0,14.8,,1009.9,,1.0
2025-01-22,11,27.2,14.6,46.0,0.0,,120.0,16.2,,1010.2,,3.0
2025-01-22,12,26.2,17.6,59.0,0.0,,90.0,3.6,,1010.8,,3.0
2025-01-22,13,25.0,14.5,52.0,0.0,,103.0,15.5,,1011.6,,2.0
2025-01-22,14,23.3,15.9,63.0,0.0,,128.0,13.0,,1013.0,,1.0
2025-01-22,15,21.6,18.6,83.0,0.0,,90.0,5.4,,1014.1,,1.0
2025-01-22,16,20.9,16.3,75.0,0.0,,115.0,13.0,,1014.7,,1.0
2025-01-22,17,20.0,16.2,79.0,0.0,,108.0,13.3,,1015.3,,1.0
2025-01-22,18,20.2,18.7,91.0,0.0,,90.0,3.6,,1015.0,,2.0
2025-01-22,19,18.5,15.9,85.0,0.0,,106.0,12.2,,1014.8,,3.0
2025-01-22,20,17.7,16.2,91.0,0.0,,108.0,12.6,,1013.6,,1.0
2025-01-22,21,19.2,17.3,89.0,0.0,,90.0,3.6,,1013.1,,3.0
2025-01-22,22,16.8,16.6,99.0,0.0,,111.0,12.6,,1012.8,,3.0
2025-01-22,23,16.6,16.6,100.0,0.0,,106.0,12.6,,1012.8,,5.0
2025-01-23,0,18.4,17.1,92.0,0.0,,50.0,3.6,,1013.1,,5.0
2025-01-23,1,17.0,16.8,99.0,0.0,,96.0,9.7,,1013.5,,5.0
2025-01-23,2,16.9,16.7,99.0,0.0,,86.0,9.4,,1014.5,,5.0
2025-01-23,3,19.2,17.3,89.0,0.0,,0.0,0.0,,1015.2,,5.0
2025-01-23,4,22.5,15.4,64.0,0.0,,106.0,7.2,,1015.4,,3.0
2025-01-23,5,25.7,13.2,46.0,0.0,,103.0,9.0,,1014.8,,3.0
2025-01-23,6,26.2,18.3,62.0,0.0,,90.0,3.6,,1014.0,,2.0
2025-01-23,7,28.8,7.9,27.0,0.0,,98.0,13.7,,1013.0,,2.0
2025-01-23,8,29.3,7.8,26.0,0.0,,94.0,13.7,,1011.7,,2.0
2025-01-23,9,29.4,7.9,26.0,0.0,,87.0,14.8,,1010.6,,3.0
2025-01-23,10,29.2,8.3,27.0,0.0,,84.0,15.5,,1009.9,,3.0
2025-01-23,11,28.1,7.9,28.0,0.0,,91.0,15.1,,1010.1,,3.0
2025-01-23,12,27.2,12.4,40.0,0.0,,110.0,5.4,,1010.4,,3.0
2025-01-23,13,25.1,10.9,41.0,0.0,,108.0,10.1,,1011.3,,3.0
2025-01-23,14,23.6,12.9,51.0,0.0,,110.0,10.8,,1012.4,,1.0
2025-01-23,15,23.0,16.3,66.0,0.0,,50.0,5.4,,1013.5,,1.0
2025-01-23,16,20.9,15.4,71.0,0.0,,113.0,11.2,,1014.2,,2.0
2025-01-23,17,19.7,15.1,75.0,0.0,,116.0,11.2,,1014.4,,3.0
2025-01-23,18,20.0,17.6,86.0,0.0,,90.0,5.4,,1014.0,,3.0
2025-01-23,19,18.2,15.3,83.0,0.0,,115.0,9.4,,1013.5,,2.0
2025-01-23,20,17.4,15.6,89.0,0.0,,110.0,9.7,,1012.6,,1.0
2025-01-23,21,16.8,16.3,97.0,0.0,,111.0,9.4,,1012.0,,1.0
2025-01-23,22,16.6,16.4,99.0,0.0,,108.0,11.2,,1011.7,,3.0
2025-01-23,23,16.7,16.2,97.0,0.0,,109.0,11.9,,1012.0,,5.0
2025-01-24,0,18.0,16.7,92.0,0.0,,92.0,3.6,,1012.5,,5.0
2025-01-24,1,16.3,15.3,94.0,0.0,,80.0,10.1,,1013.1,,3.0
2025-01-24,2,16.8,14.8,88.0,0.0,,85.0,11.2,,1013.6,,3.0
2025-01-24,3,18.0,15.6,86.0,0.0,,90.0,3.6,,1014.6,,3.0
2025-01-24,4,19.7,13.6,68.0,0.0,,86.0,10.1,,1015.3,,3.0
2025-01-24,5,22.1,12.4,54.0,0.0,,93.0,9.7,,1015.2,,3.0
2025-01-24,6,23.6,14.3,56.0,0.0,,90.0,5.4,,1014.6,,1.0
2025-01-24,7,26.1,9.4,35.0,0.0,,104.0,10.4,,1013.4,,2.0
2025-01-24,8,27.2,8.6,31.0,0.0,,105.0,11.5,,1012.0,,3.0
2025-01-24,9,27.6,13.5,42.0,0.0,,90.0,5.4,,1010.8,,2.0
2025-01-24,10,27.2,10.4,35.0,0.0,,102.0,13.7,,1010.1,,2.0
2025-01-24,11,26.5,11.4,39.0,0.0,,99.0,14.0,,1010.1,,1.0
2025-01-24,12,26.0,12.8,44.0,0.0,,90.0,3.6,,1010.9,,1.0
2025-01-24,13,23.5,12.2,49.0,0.0,,95.0,11.9,,1012.0,,1.0
2025-01-24,14,22.4,12.4,53.0,0.0,,96.0,11.2,,1013.1,,1.0
2025-01-24,15,22.2,15.5,66.0,0.0,,90.0,3.6,,1014.3,,1.0
2025-01-24,16,20.1,13.8,67.0,0.0,,105.0,9.0,,1015.0,,1.0
2025-01-24,17,19.3,14.3,73.0,0.0,,97.0,8.6,,1015.2,,1.0
2025-01-24,18,19.8,17.6,87.0,0.0,,90.0,3.6,,1015.4,,1.0
2025-01-24,19,18.0,14.1,78.0,0.0,,93.0,10.8,,1015.0,,1.0
2025-01-24,20,17.0,14.3,84.0,0.0,,92.0,11.5,,1014.1,,1.0
2025-01-24,21,18.2,16.5,90.0,0.0,,90.0,3.6,,1013.2,,1.0
2025-01-24,22,15.5,14.5,94.0,0.0,,87.0,10.4,,1012.5,,3.0
2025-01-24,23,15.2,14.6,96.0,0.0,,81.0,9.7,,1012.5,,3.0
2025-01-25,0,16.8,15.5,92.0,0.0,,90.0,5.4,,1012.7,,1.0
2025-01-25,1,14.3,13.7,96.0,0.0,,98.0,10.4,,1013.6,,2.0
2025-01-25,2,14.5,13.9,96.0,0.0,,88.0,11.5,,1014.8,,5.0
2025-01-25,3,16.8,14.8,88.0,0.0,,50.0,3.6,,1015.9,,5.0
2025-01-25,4,18.7,12.4,67.0,0.0,,88.0,10.1,,1016.7,,3.0
2025-01-25,5,22.0,11.4,51.0,0.0,,85.0,10.8,,1016.1,,1.0
2025-01-25,6,24.0,12.6,49.0,0.0,,140.0,3.6,,1015.2,,1.0
2025-01-25,7,27.0,8.9,32.0,0.0,,72.0,13.3,,1013.4,,2.0
2025-01-25,8,28.3,7.5,27.0,0.0,,71.0,15.1,,1011.8,,3.0
2025-01-25,9,29.2,11.7,34.0,0.0,,50.0,5.4,,1011.3,,3.0
2025-01-25,10,28.5,7.7,27.0,0.0,,74.0,14.4,,1010.4,,3.0
2025-01-25,11,27.8,8.1,29.0,0.0,,67.0,15.1,,1010.4,,3.0
2025-01-25,12,27.2,10.0,34.0,0.0,,50.0,5.4,,1010.8,,3.0
2025-01-25,13,24.7,10.2,40.0,0.0,,80.0,11.5,,1011.6,,3.0
2025-01-25,14,23.4,12.4,50.0,0.0,,79.0,11.2,,1013.1,,1.0
2025-01-25,15,21.6,13.8,61.0,0.0,,90.0,3.6,,1014.4,,2.0
2025-01-25,16,20.9,13.6,63.0,0.0,,96.0,10.4,,1015.1,,1.0
2025-01-25,17,19.7,14.1,70.0,0.0,,95.0,10.8,,1015.4,,1.0
2025-01-25,18,20.2,18.0,87.0,0.0,,140.0,3.6,,1015.2,,2.0
2025-01-25,19,18.2,14.7,80.0,0.0,,109.0,10.4,,1014.9,,2.0
2025-01-25,20,17.4,14.7,84.0,0.0,,108.0,10.4,,1014.2,,3.0
2025-01-25,21,18.4,16.6,89.0,0.0,,90.0,3.6,,1013.5,,2.0
2025-01-25,22,16.0,13.8,87.0,0.0,,98.0,9.4,,1013.2,,3.0
2025-01-25,23,15.6,13.3,86.0,0.0,,91.0,9.4,,1013.1,,3.0
2025-01-26,0,16.6,15.3,92.0,0.0,,0.0,0.0,,1013.4,,3.0
2025-01-26,1,15.1,10.7,75.0,0.0,,88.0,10.8,,1013.8,,3.0
2025-01-26,2,15.9,8.9,63.0,0.0,,86.0,12.6,,1014.6,,1.0
2025-01-26,3,20.8,9.7,49.0,0.0,,90.0,5.4,,1015.3,,2.0
2025-01-26,4,22.7,2.2,26.0,0.0,,87.0,13.7,,1015.9,,1.0
2025-01-26,5,25.1,1.2,21.0,0.0,,81.0,16.9,,1015.8,,1.0
2025-01-26,6,27.4,7.3,28.0,0.0,,50.0,5.4,,1015.0,,3.0
2025-01-26,7,27.9,-1.1,15.0,0.0,,78.0,20.2,,1013.6,,3.0
2025-01-26,8,28.5,-0.6,15.0,0.0,,79.0,19.1,,1012.0,,2.0
2025-01-26,9,29.8,5.8,22.0,0.0,,50.0,3.6,,1010.5,,1.0
2025-01-26,10,28.5,1.9,18.0,0.0,,78.0,17.3,,1010.3,,2.0
2025-01-26,11,27.6,1.9,19.0,0.0,,80.0,16.9,,1010.1,,3.0
2025-01-26,12,27.0,6.9,28.0,0.0,,50.0,3.6,,1010.8,,3.0
2025-01-26,13,24.4,3.7,26.0,0.0,,100.0,13.0,,1011.6,,3.0
2025-01-26,14,22.9,5.8,33.0,0.0,,109.0,14.0,,1012.7,,3.0
2025-01-26,15,22.0,13.9,60.0,0.0,,140.0,5.4,,1013.7,,1.0
2025-01-26,16,20.3,8.9,48.0,0.0,,112.0,13.0,,1014.5,,3.0
2025-01-26,17,19.6,9.8,53.0,0.0,,102.0,11.9,,1014.8,,3.0
2025-01-26,18,19.4,17.9,91.0,0.0,,90.0,3.6,,1014.4,,3.0
2025-01-26,19,17.9,11.7,67.0,0.0,,99.0,11.2,,1014.3,,2.0
2025-01-26,20,17.1,13.2,78.0,0.0,,85.0,9.4,,1013.3,,3.0
2025-01-26,21,18.2,16.9,92.0,0.0,,50.0,3.6,,1012.6,,3.0
2025-01-26,22,15.7,14.1,90.0,0.0,,88.0,7.9,,1012.4,,2.0
2025-01-26,23,15.4,13.8,90.0,0.0,,96.0,6.8,,1012.3,,3.0
2025-01-27,0,17.2,15.9,92.0,0.0,,90.0,3.6,,1012.5,,3.0
2025-01-27,1,13.9,13.1,95.0,0.0,,97.0,5.4,,1013.0,,1.0
2025-01-27,2,13.8,12.5,92.0,0.0,,98.0,6.8,,1013.9,,3.0
2025-01-27,3,19.6,15.0,75.0,0.0,,0.0,0.0,,1014.9,,3.0
2025-01-27,4,21.1,8.4,44.0,0.0,,91.0,6.5,,1015.9,,2.0
2025-01-27,5,23.9,5.7,31.0,0.0,,76.0,10.1,,1015.6,,1.0
2025-01-27,6,26.0,15.7,53.0,0.0,,50.0,3.6,,1014.8,,1.0
2025-01-27,7,27.0,4.1,23.0,0.0,,64.0,13.3,,1013.5,,1.0
2025-01-27,8,27.7,4.1,22.0,0.0,,68.0,13.0,,1012.1,,3.0
2025-01-27,9,29.0,11.1,33.0,0.0,,50.0,3.6,,1010.5,,3.0
2025-01-27,10,27.7,4.7,23.0,0.0,,76.0,12.6,,1009.6,,1.0
2025-01-27,11,26.9,6.9,28.0,0.0,,80.0,13.7,,1009.7,,1.0
2025-01-27,12,27.4,12.2,39.0,0.0,,90.0,3.6,,1010.1,,2.0
2025-01-27,13,24.1,8.9,38.0,0.0,,95.0,10.4,,1011.0,,1.0
2025-01-27,14,23.0,9.4,42.0,0.0,,97.0,11.9,,1011.8,,1.0
2025-01-27,15,22.2,14.8,63.0,0.0,,90.0,5.4,,1013.2,,1.0
2025-01-27,16,20.2,10.9,55.0,0.0,,103.0,11.9,,1014.0,,2.0
2025-01-27,17,19.6,10.3,55.0,0.0,,101.0,11.2,,1014.3,,1.0
2025-01-27,18,20.0,17.6,86.0,0.0,,50.0,5.4,,1013.9,,1.0
2025-01-27,19,18.2,12.2,68.0,0.0,,112.0,10.4,,1013.5,,1.0
2025-01-27,20,17.1,12.6,75.0,0.0,,106.0,11.2,,1013.0,,1.0
2025-01-27,21,18.0,16.7,92.0,0.0,,90.0,5.4,,1012.4,,1.0
2025-01-27,22,15.8,14.0,89.0,0.0,,118.0,10.8,,1012.0,,3.0
2025-01-27,23,15.4,14.4,94.0,0.0,,119.0,10.4,,1011.9,,2.0
2025-01-28,0,17.0,15.7,92.0,0.0,,50.0,5.4,,1012.1,,1.0
2025-01-28,1,14.9,14.4,97.0,0.0,,113.0,7.9,,1012.7,,1.0
2025-01-28,2,15.4,14.9,97.0,0.0,,100.0,7.9,,1014.0,,3.0
2025-01-28,3,19.0,15.1,78.0,0.0,,0.0,0.0,,1015.2,,5.0
2025-01-28,4,20.3,13.0,63.0,0.0,,96.0,6.1,,1016.2,,3.0
2025-01-28,5,23.4,7.9,37.0,0.0,,82.0,6.8,,1016.0,,2.0
2025-01-28,6,25.2,14.3,51.0,0.0,,0.0,0.0,,1015.1,,2.0
2025-01-28,7,26.3,6.9,29.0,0.0,,81.0,11.5,,1013.9,,2.0
2025-01-28,8,27.3,6.1,26.0,0.0,,85.0,12.2,,1012.6,,3.0
2025-01-28,9,29.0,12.4,36.0,0.0,,90.0,3.6,,1011.4,,3.0
2025-01-28,10,27.5,5.7,25.0,0.0,,79.0,12.6,,1010.6,,3.0
2025-01-28,11,26.8,7.3,29.0,0.0,,81.0,11.5,,1010.6,,3.0
2025-01-28,12,27.4,12.6,40.0,0.0,,90.0,3.6,,1011.2,,3.0
2025-01-28,13,24.2,9.4,39.0,0.0,,82.0,9.4,,1012.0,,3.0
2025-01-28,14,23.1,11.2,47.0,0.0,,93.0,10.1,,1013.2,,3.0
2025-01-28,15,22.8,15.4,63.0,0.0,,50.0,3.6,,1014.5,,3.0
2025-01-28,16,20.6,12.0,58.0,0.0,,110.0,11.5,,1015.3,,3.0
2025-01-28,17,19.9,12.2,61.0,0.0,,111.0,10.1,,1016.0,,3.0
2025-01-28,18,20.0,18.1,89.0,0.0,,50.0,3.6,,1015.9,,3.0
2025-01-28,19,18.4,13.0,71.0,0.0,,110.0,11.5,,1015.8,,3.0
2025-01-28,20,17.0,12.5,75.0,0.0,,109.0,14.0,,1015.4,,3.0
2025-01-28,21,18.4,16.7,90.0,0.0,,90.0,5.4,,1015.0,,3.0
2025-01-28,22,15.4,14.3,93.0,0.0,,108.0,13.3,,1014.3,,3.0
2025-01-28,23,15.1,14.1,94.0,0.0,,109.0,12.6,,1014.7,,3.0
2025-01-29,0,17.8,16.5,92.0,0.0,,90.0,5.4,,1014.8,,3.0
2025-01-29,1,14.6,14.3,98.0,0.0,,98.0,10.8,,1015.5,,1.0
2025-01-29,2,14.8,14.5,98.0,0.0,,90.0,11.5,,1016.3,,3.0
2025-01-29,3,18.8,15.9,83.0,0.0,,50.0,3.6,,1017.4,,5.0
2025-01-29,4,20.2,13.9,67.0,0.0,,71.0,8.3,,1017.5,,5.0
2025-01-29,5,23.7,10.0,42.0,0.0,,53.0,11.2,,1016.7,,3.0
2025-01-29,6,18.8,15.9,83.0,0.0,,50.0,3.6,,1015.8,,3.0
2025-01-29,7,27.7,5.3,24.0,0.0,,62.0,13.3,,1014.3,,3.0
2025-01-29,8,28.7,4.9,22.0,0.0,,67.0,14.0,,1012.7,,3.0
2025-01-29,9,30.4,10.4,29.0,0.0,,90.0,5.4,,1011.6,,3.0
2025-01-29,10,28.9,6.3,24.0,0.0,,68.0,15.8,,1010.6,,3.0
2025-01-29,11,28.1,7.3,27.0,0.0,,71.0,15.5,,1010.5,,3.0
2025-01-29,12,29.0,12.4,36.0,0.0,,50.0,5.4,,1011.0,,3.0
2025-01-29,13,25.1,11.6,43.0,0.0,,91.0,11.5,,1011.9,,3.0
2025-01-29,14,23.8,13.6,53.0,0.0,,104.0,12.6,,1013.9,,3.0
2025-01-29,15,23.6,18.0,71.0,0.0,,90.0,3.6,,1015.0,,2.0
2025-01-29,16,21.2,15.3,69.0,0.0,,101.0,11.5,,1015.4,,3.0
2025-01-29,17,20.2,15.6,75.0,0.0,,100.0,10.4,,1015.7,,2.0
2025-01-29,18,20.8,18.9,89.0,0.0,,90.0,3.6,,1015.5,,2.0
2025-01-29,19,18.3,15.4,83.0,0.0,,90.0,11.2,,1015.1,,2.0
2025-01-29,20,17.4,14.5,83.0,0.0,,77.0,10.1,,1014.4,,1.0
2025-01-29,21,19.2,17.7,91.0,0.0,,90.0,3.6,,1013.5,,1.0
2025-01-29,22,15.9,13.6,86.0,0.0,,80.0,10.1,,1013.0,,1.0
2025-01-29,23,15.4,13.2,87.0,0.0,,88.0,10.1,,1012.8,,1.0
2025-01-30,0,18.6,17.3,92.0,0.0,,90.0,3.6,,1013.4,,1.0
2025-01-30,1,15.4,12.7,84.0,0.0,,105.0,7.2,,1014.2,,1.0
2025-01-30,2,15.9,11.9,77.0,0.0,,95.0,7.9,,1014.9,,1.0
2025-01-30,3,19.0,17.3,90.0,0.0,,140.0,5.4,,1016.2,,1.0
2025-01-30,4,22.3,8.0,40.0,0.0,,112.0,5.0,,1016.6,,1.0
2025-01-30,5,25.0,10.5,40.0,0.0,,133.0,3.2,,1016.2,,1.0
2025-01-30,6,24.4,18.6,70.0,0.0,,140.0,5.4,,1015.2,,1.0
2025-01-30,7,28.6,8.8,29.0,0.0,,130.0,5.8,,1013.8,,1.0
2025-01-30,8,29.7,9.3,28.0,0.0,,118.0,6.5,,1011.8,,1.0
2025-01-30,9,28.0,15.3,46.0,0.0,,140.0,3.6,,1010.1,,1.0
2025-01-30,10,29.0,13.7,39.0,0.0,,117.0,9.4,,1009.9,,1.0
2025-01-30,11,28.4,13.5,40.0,0.0,,110.0,10.8,,1009.7,,3.0
2025-01-30,12,27.2,14.9,47.0,0.0,,90.0,3.6,,1010.2,,3.0
2025-01-30,13,25.7,13.9,48.0,0.0,,122.0,10.1,,1010.9,,3.0
2025-01-30,14,25.0,14.5,52.0,0.0,,127.0,10.4,,1011.6,,1.0
2025-01-30,15,23.2,16.5,66.0,0.0,,90.0,5.4,,1012.9,,1.0
2025-01-30,16,23.2,14.5,58.0,0.0,,120.0,8.6,,1013.5,,3.0
2025-01-30,17,22.0,14.6,63.0,0.0,,115.0,9.7,,1013.8,,3.0
2025-01-30,18,21.4,17.0,76.0,0.0,,90.0,3.6,,1013.7,,3.0
2025-01-30,19,20.7,15.0,70.0,0.0,,124.0,9.0,,1013.2,,3.0
2025-01-30,20,19.8,16.6,82.0,0.0,,127.0,8.6,,1012.6,,3.0
2025-01-30,21,20.2,17.8,86.0,0.0,,140.0,3.6,,1012.5,,3.0
2025-01-30,22,18.3,17.8,97.0,0.0,,127.0,10.1,,1012.2,,3.0
2025-01-30,23,18.4,18.4,100.0,0.0,,131.0,10.8,,1012.1,,3.0
2025-01-31,0,20.0,17.8,87.0,0.0,,90.0,5.4,,1012.7,,5.0
2025-01-31,1,18.5,18.3,99.0,0.0,,121.0,9.7,,1013.4,,5.0
2025-01-31,2,18.7,18.0,96.0,0.0,,112.0,9.0,,1014.6,,5.0
2025-01-31,3,19.6,17.7,89.0,0.0,,90.0,3.6,,1015.4,,3.0
2025-01-31,4,23.5,17.0,67.0,0.0,,110.0,6.8,,1015.8,,2.0
2025-01-31,5,26.3,14.7,49.0,0.0,,107.0,6.8,,1015.3,,2.0
2025-01-31,6,27.8,20.1,63.0,0.0,,140.0,3.6,,1014.3,,1.0
2025-01-31,7,29.4,12.8,36.0,0.0,,88.0,8.3,,1012.6,,1.0
2025-01-31,8,30.2,12.6,34.0,0.0,,88.0,9.0,,1011.0,,1.0
2025-01-31,9,30.6,17.0,44.0,0.0,,140.0,3.6,,1009.5,,1.0
2025-01-31,10,30.2,12.6,34.0,0.0,,87.0,12.6,,1008.5,,1.0
2025-01-31,11,29.4,13.2,37.0,0.0,,101.0,11.5,,1008.9,,2.0
2025-01-31,12,29.6,18.1,50.0,0.0,,90.0,3.6,,1009.1,,2.0
2025-01-31,13,27.2,13.9,44.0,0.0,,89.0,12.2,,1009.7,,2.0
2025-01-31,14,26.0,14.5,49.0,0.0,,93.0,10.8,,1011.0,,3.0
2025-01-31,15,25.0,19.4,71.0,0.0,,50.0,5.4,,1012.3,,2.0
2025-01-31,16,23.9,13.2,51.0,0.0,,125.0,10.1,,1013.4,,1.0
2025-01-31,17,22.8,14.9,61.0,0.0,,132.0,10.4,,1014.0,,1.0
2025-01-31,18,22.4,19.8,85.0,0.0,,50.0,5.4,,1014.0,,2.0
2025-01-31,19,20.3,17.9,86.0,0.0,,126.0,12.2,,1014.1,,1.0
2025-01-31,20,19.5,19.0,97.0,0.0,,127.0,13.7,,1013.5,,2.0
2025-01-31,21,21.2,20.4,95.0,0.0,,90.0,5.4,,1012.5,,3.0
2025-01-31,22,19.3,19.1,99.0,0.0,,125.0,11.9,,1012.1,,5.0
2025-01-31,23,19.2,18.9,98.0,0.0,,116.0,11.5,,1012.3,,5.0
2025-02-01,0,20.4,18.5,89.0,0.0,,90.0,5.4,,1013.1,,5.0
2025-02-01,1,19.4,18.2,93.0,0.0,,120.0,9.7,,1014.1,,3.0
2025-02-01,2,19.0,18.0,94.0,0.0,,116.0,9.7,,1014.8,,3.0
2025-02-01,3,22.0,20.3,90.0,0.0,,0.0,0.0,,1015.7,,3.0
2025-02-01,4,22.8,16.8,69.0,0.0,,110.0,9.4,,1016.2,,3.0
2025-02-01,5,25.3,15.6,55.0,0.0,,106.0,9.0,,1015.9,,2.0
2025-02-01,6,27.2,19.8,64.0,0.0,,0.0,0.0,,1015.2,,1.0
2025-02-01,7,29.1,12.1,35.0,0.0,,58.0,11.2,,1013.4,,1.0
2025-02-01,8,29.8,10.4,30.0,0.0,,56.0,11.9,,1012.3,,1.0
2025-02-01,9,30.4,15.3,40.0,0.0,,50.0,3.6,,1011.2,,1.0
2025-02-01,10,30.0,7.8,25.0,0.0,,61.0,12.6,,1010.4,,2.0
2025-02-01,11,29.4,7.3,25.0,0.0,,64.0,12.2,,1010.4,,2.0
2025-02-01,12,29.4,12.8,36.0,0.0,,0.0,0.0,,1010.8,,1.0
2025-02-01,13,27.0,8.4,31.0,0.0,,81.0,10.1,,1011.4,,1.0
2025-02-01,14,26.1,8.6,33.0,0.0,,99.0,9.4,,1012.4,,1.0
2025-02-01,15,24.6,17.1,63.0,0.0,,50.0,3.6,,1013.5,,1.0
2025-02-01,16,23.4,8.7,39.0,0.0,,72.0,9.4,,1014.6,,2.0
2025-02-01,17,22.6,11.0,48.0,0.0,,100.0,10.1,,1015.2,,1.0
2025-02-01,18,22.6,17.9,75.0,0.0,,50.0,3.6,,1014.9,,1.0
2025-02-01,19,20.7,12.1,58.0,0.0,,99.0,11.5,,1014.8,,2.0
2025-02-01,20,19.4,13.3,68.0,0.0,,108.0,11.2,,1014.4,,1.0
2025-02-01,21,20.8,18.6,87.0,0.0,,90.0,5.4,,1013.9,,1.0
2025-02-01,22,17.9,15.2,84.0,0.0,,107.0,11.2,,1013.4,,3.0
2025-02-01,23,17.5,16.4,93.0,0.0,,107.0,10.8,,1013.7,,3.0
2025-02-02,0,19.6,17.7,89.0,0.0,,90.0,3.6,,1014.3,,3.0
2025-02-02,1,17.1,16.9,99.0,0.0,,118.0,9.4,,1015.0,,5.0
2025-02-02,2,17.1,16.8,98.0,0.0,,120.0,8.6,,1016.0,,5.0
2025-02-02,3,19.6,17.7,89.0,0.0,,90.0,3.6,,1016.7,,5.0
2025-02-02,4,22.8,15.6,64.0,0.0,,111.0,6.8,,1016.9,,3.0
2025-02-02,5,25.8,12.3,43.0,0.0,,95.0,6.8,,1016.3,,1.0
2025-02-02,6,28.6,16.5,48.0,0.0,,50.0,3.6,,1015.0,,1.0
2025-02-02,7,29.4,5.5,22.0,0.0,,56.0,10.1,,1013.2,,1.0
2025-02-02,8,30.2,4.0,19.0,0.0,,61.0,10.8,,1011.8,,1.0
2025-02-02,9,31.8,11.0,28.0,0.0,,50.0,5.4,,1010.5,,1.0
2025-02-02,10,30.3,0.8,15.0,0.0,,64.0,12.6,,1010.0,,2.0
2025-02-02,11,29.5,1.9,17.0,0.0,,68.0,12.6,,1009.9,,2.0
2025-02-02,12,29.4,10.0,30.0,0.0,,50.0,5.4,,1010.5,,2.0
2025-02-02,13,27.0,4.7,24.0,0.0,,78.0,9.4,,1011.2,,3.0
2025-02-02,14,25.5,6.2,29.0,0.0,,79.0,9.7,,1012.2,,3.0
2025-02-02,15,23.8,11.5,46.0,0.0,,50.0,5.4,,1013.4,,3.0
2025-02-02,16,22.8,8.1,39.0,0.0,,86.0,9.7,,1014.5,,3.0
2025-02-02,17,21.7,8.9,44.0,0.0,,88.0,10.4,,1014.9,,3.0
2025-02-02,18,21.6,16.1,71.0,0.0,,50.0,3.6,,1015.1,,1.0
2025-02-02,19,19.6,11.4,59.0,0.0,,93.0,11.9,,1014.8,,1.0
2025-02-02,20,18.7,12.9,69.0,0.0,,107.0,11.9,,1014.1,,1.0
2025-02-02,21,19.8,15.2,75.0,0.0,,0.0,0.0,,1013.5,,2.0
2025-02-02,22,17.5,14.4,82.0,0.0,,104.0,9.4,,1012.9,,3.0
2025-02-02,23,17.1,14.6,85.0,0.0,,100.0,7.9,,1012.4,,3.0
2025-02-03,0,17.8,16.5,92.0,0.0,,0.0,0.0,,1012.9,,3.0
2025-02-03,1,16.1,14.5,90.0,0.0,,83.0,6.1,,1013.3,,3.0
2025-02-03,2,16.9,14.4,85.0,0.0,,88.0,8.3,,1013.9,,3.0
2025-02-03,3,21.4,16.8,75.0,0.0,,90.0,5.4,,1014.8,,3.0
2025-02-03,4,24.6,7.3,33.0,0.0,,94.0,9.0,,1015.7,,3.0
2025-02-03,5,26.7,1.2,19.0,0.0,,93.0,10.4,,1015.8,,1.0
2025-02-03,6,27.8,10.5,34.0,0.0,,50.0,5.4,,1015.0,,2.0
2025-02-03,7,29.6,-1.7,13.0,0.0,,104.0,13.3,,1013.7,,3.0
2025-02-03,8,30.1,-1.3,13.0,0.0,,106.0,13.3,,1012.5,,2.0
2025-02-03,9,31.0,10.4,28.0,0.0,,50.0,3.6,,1011.3,,1.0
2025-02-03,10,29.7,1.2,16.0,0.0,,102.0,14.8,,1011.0,,1.0
2025-02-03,11,29.1,2.4,18.0,0.0,,100.0,15.1,,1011.1,,3.0
2025-02-03,12,28.2,12.5,38.0,0.0,,140.0,3.6,,1011.5,,3.0
2025-02-03,13,26.1,2.1,21.0,0.0,,96.0,11.2,,1012.6,,1.0
2025-02-03,14,24.5,3.7,26.0,0.0,,111.0,10.1,,1014.0,,1.0
2025-02-03,15,22.8,14.4,59.0,0.0,,90.0,3.6,,1015.6,,1.0
2025-02-03,16,22.5,7.5,38.0,0.0,,111.0,10.4,,1016.2,,1.0
2025-02-03,17,21.8,9.0,44.0,0.0,,111.0,9.4,,1016.3,,1.0
2025-02-03,18,20.6,17.8,84.0,0.0,,0.0,0.0,,1016.2,,1.0
2025-02-03,19,20.2,9.4,50.0,0.0,,107.0,10.1,,1015.9,,3.0
2025-02-03,20,19.4,10.4,56.0,0.0,,100.0,10.1,,1014.9,,3.0
2025-02-03,21,18.7,10.8,60.0,0.0,,101.0,9.4,,1014.3,,3.0
2025-02-03,22,18.0,11.3,65.0,0.0,,95.0,8.3,,1013.8,,2.0
2025-02-03,23,17.4,12.1,71.0,0.0,,92.0,7.6,,1013.7,,3.0
2025-02-04,0,16.2,14.6,90.0,0.0,,0.0,0.0,,1014.2,,3.0
2025-02-04,1,16.4,12.6,78.0,0.0,,76.0,6.1,,1014.8,,3.0
2025-02-04,2,17.3,12.8,75.0,0.0,,76.0,7.6,,1015.5,,3.0
2025-02-04,3,21.8,12.4,55.0,0.0,,0.0,0.0,,1016.3,,3.0
2025-02-04,4,23.9,10.6,43.0,0.0,,93.0,8.6,,1016.6,,3.0
2025-02-04,5,26.7,6.2,27.0,0.0,,94.0,12.6,,1016.1,,3.0
2025-02-04,6,28.2,11.3,35.0,0.0,,140.0,3.6,,1015.3,,3.0
2025-02-04,7,29.5,4.9,21.0,0.0,,103.0,15.8,,1014.0,,3.0
2025-02-04,8,30.1,5.4,21.0,0.0,,101.0,16.9,,1012.7,,3.0
2025-02-04,9,31.0,13.3,34.0,0.0,,50.0,5.4,,1011.5,,3.0
2025-02-04,10,30.2,4.0,19.0,0.0,,96.0,17.6,,1010.7,,3.0
2025-02-04,11,29.5,2.7,18.0,0.0,,87.0,17.3,,1011.1,,3.0
2025-02-04,12,28.6,10.8,33.0,0.0,,50.0,3.6,,1011.6,,3.0
2025-02-04,13,26.3,5.8,27.0,0.0,,81.0,11.9,,1012.2,,3.0
2025-02-04,14,24.9,7.1,32.0,0.0,,91.0,10.8,,1013.1,,3.0
2025-02-04,15,23.8,13.6,53.0,0.0,,50.0,5.4,,1014.0,,3.0
2025-02-04,16,22.9,8.6,40.0,0.0,,112.0,10.1,,1014.6,,2.0
2025-02-04,17,22.1,9.3,44.0,0.0,,110.0,11.5,,1015.0,,3.0
2025-02-04,18,21.0,16.8,77.0,0.0,,50.0,5.4,,1014.8,,3.0
2025-02-04,19,20.6,9.2,48.0,0.0,,110.0,12.2,,1014.5,,3.0
2025-02-04,20,19.6,10.3,55.0,0.0,,105.0,10.4,,1014.0,,3.0
2025-02-04,21,19.0,15.5,80.0,0.0,,90.0,5.4,,1013.7,,3.0
2025-02-04,22,18.4,11.5,64.0,0.0,,99.0,8.6,,1013.3,,3.0
2025-02-04,23,18.1,12.1,68.0,0.0,,95.0,8.6,,1013.3,,3.0
2025-02-05,0,18.0,15.6,86.0,0.0,,96.0,3.6,,1013.5,,2.0
2025-02-05,1,17.7,11.7,68.0,0.0,,98.0,9.0,,1013.8,,2.0
2025-02-05,2,18.4,11.9,66.0,0.0,,110.0,11.2,,1014.7,,1.0
2025-02-05,3,21.6,16.1,71.0,0.0,,90.0,3.6,,1015.3,,3.0
2025-02-05,4,24.3,9.5,39.0,0.0,,104.0,13.3,,1015.7,,1.0
2025-02-05,5,26.3,9.6,35.0,0.0,,103.0,15.8,,1015.4,,2.0
2025-02-05,6,28.0,16.3,49.0,0.0,,140.0,7.6,,1014.4,,2.0
2025-02-05,7,29.0,7.6,26.0,0.0,,99.0,18.4,,1013.1,,3.0
2025-02-05,8,29.8,5.8,22.0,0.0,,97.0,18.0,,1011.9,,3.0
2025-02-05,9,30.8,13.6,35.0,0.0,,140.0,3.6,,1010.5,,3.0
2025-02-05,10,29.8,3.7,19.0,0.0,,92.0,18.0,,1010.1,,3.0
2025-02-05,11,29.0,3.8,20.0,0.0,,91.0,17.3,,1010.3,,3.0
2025-02-05,12,29.0,12.8,37.0,0.0,,90.0,3.6,,1010.6,,3.0
2025-02-05,13,26.0,7.1,30.0,0.0,,80.0,12.6,,1011.5,,3.0
2025-02-05,14,24.9,8.4,35.0,0.0,,84.0,12.6,,1012.3,,1.0
2025-02-05,15,24.0,16.0,61.0,0.0,,90.0,7.6,,1013.1,,1.0
2025-02-05,16,22.8,8.9,41.0,0.0,,95.0,10.8,,1013.9,,1.0
2025-02-05,17,21.9,9.4,45.0,0.0,,97.0,13.7,,1014.8,,1.0
2025-02-05,18,21.2,16.4,74.0,0.0,,140.0,5.4,,1014.5,,1.0
2025-02-05,19,19.9,9.5,51.0,0.0,,104.0,11.2,,1014.2,,1.0
2025-02-05,20,19.0,9.5,54.0,0.0,,101.0,10.4,,1013.6,,1.0
2025-02-05,21,19.4,15.3,77.0,0.0,,90.0,3.6,,1013.1,,1.0
2025-02-05,22,17.8,9.4,58.0,0.0,,87.0,9.7,,1012.7,,1.0
2025-02-05,23,17.3,9.2,59.0,0.0,,80.0,10.8,,1012.6,,1.0
2025-02-06,0,18.0,15.4,85.0,0.0,,0.0,0.0,,1012.9,,1.0
2025-02-06,1,17.0,7.9,55.0,0.0,,101.0,11.9,,1013.5,,1.0
2025-02-06,2,17.7,7.4,51.0,0.0,,99.0,12.2,,1014.3,,1.0
2025-02-06,3,21.4,11.4,53.0,0.0,,0.0,0.0,,1015.1,,1.0
2025-02-06,4,23.7,4.6,29.0,0.0,,107.0,11.5,,1015.7,,1.0
2025-02-06,5,26.2,2.1,21.0,0.0,,106.0,13.3,,1015.4,,1.0
2025-02-06,6,27.4,7.8,29.0,0.0,,90.0,5.4,,1014.7,,1.0
2025-02-06,7,28.7,2.0,18.0,0.0,,107.0,17.3,,1013.4,,1.0
2025-02-06,8,29.3,2.5,18.0,0.0,,107.0,17.3,,1011.8,,1.0
2025-02-06,9,30.2,13.1,35.0,0.0,,50.0,5.4,,1010.7,,1.0
2025-02-06,10,29.4,2.6,18.0,0.0,,100.0,17.3,,1010.1,,1.0
2025-02-06,11,28.7,3.5,20.0,0.0,,95.0,17.3,,1009.9,,1.0
2025-02-06,12,28.0,13.9,42.0,0.0,,90.0,5.4,,1010.4,,1.0
2025-02-06,13,25.9,6.5,29.0,0.0,,90.0,13.0,,1011.0,,1.0
2025-02-06,14,24.4,7.9,35.0,0.0,,87.0,13.0,,1012.5,,1.0
2025-02-06,15,24.0,16.0,61.0,0.0,,140.0,5.4,,1013.7,,1.0
2025-02-06,16,22.5,11.6,50.0,0.0,,103.0,9.7,,1014.2,,1.0
2025-02-06,17,21.8,12.1,54.0,0.0,,94.0,10.1,,1014.5,,1.0
2025-02-06,18,21.0,16.2,74.0,0.0,,140.0,5.4,,1014.8,,1.0
2025-02-06,19,19.8,13.3,66.0,0.0,,109.0,9.0,,1014.7,,1.0
2025-02-06,20,19.1,13.5,70.0,0.0,,106.0,7.9,,1014.0,,1.0
2025-02-06,21,19.0,15.1,78.0,0.0,,0.0,0.0,,1013.6,,1.0
2025-02-06,22,17.7,14.0,79.0,0.0,,103.0,6.5,,1013.3,,2.0
2025-02-06,23,17.0,14.3,84.0,0.0,,91.0,6.8,,1013.3,,3.0
2025-02-07,0,17.4,15.0,86.0,0.0,,0.0,0.0,,1014.0,,3.0
2025-02-07,1,16.5,13.2,81.0,0.0,,101.0,7.2,,1014.7,,3.0
2025-02-07,2,17.5,12.8,74.0,0.0,,102.0,8.6,,1015.5,,3.0
2025-02-07,3,22.0,14.9,64.0,0.0,,140.0,5.4,,1016.6,,3.0
2025-02-07,4,24.0,6.3,32.0,0.0,,112.0,9.7,,1017.2,,2.0
2025-02-07,5,26.2,2.1,21.0,0.0,,110.0,15.1,,1017.2,,1.0
2025-02-07,6,28.2,11.7,36.0,0.0,,50.0,5.4,,1016.3,,1.0
2025-02-07,7,28.7,2.0,18.0,0.0,,110.0,16.6,,1015.2,,1.0
2025-02-07,8,29.5,2.7,18.0,0.0,,106.0,16.6,,1013.6,,1.0
2025-02-07,9,30.4,12.3,33.0,0.0,,90.0,7.6,,1012.2,,1.0
2025-02-07,10,29.7,1.2,16.0,0.0,,93.0,16.9,,1011.8,,1.0
2025-02-07,11,29.0,1.5,17.0,0.0,,83.0,18.0,,1011.8,,1.0
2025-02-07,12,29.0,9.2,29.0,0.0,,90.0,5.4,,1012.3,,3.0
2025-02-07,13,25.7,4.2,25.0,0.0,,75.0,13.3,,1013.3,,3.0
2025-02-07,14,24.4,7.1,33.0,0.0,,95.0,12.6,,1014.2,,3.0
2025-02-07,15,23.8,14.5,56.0,0.0,,90.0,5.4,,1015.2,,3.0
2025-02-07,16,22.5,10.3,46.0,0.0,,96.0,13.7,,1015.9,,1.0
2025-02-07,17,21.8,10.6,49.0,0.0,,98.0,14.4,,1016.3,,1.0
2025-02-07,18,21.0,16.6,76.0,0.0,,90.0,3.6,,1016.1,,1.0
2025-02-07,19,20.2,11.9,59.0,0.0,,104.0,11.5,,1015.5,,1.0
2025-02-07,20,19.2,11.7,62.0,0.0,,104.0,9.7,,1014.7,,1.0
2025-02-07,21,18.4,11.7,65.0,0.0,,104.0,9.7,,1014.1,,1.0
2025-02-07,22,17.8,11.8,68.0,0.0,,106.0,9.4,,1013.8,,1.0
2025-02-07,23,17.5,12.0,70.0,0.0,,105.0,8.6,,1013.8,,1.0
2025-02-08,0,18.0,16.2,89.0,0.0,,0.0,0.0,,1014.4,,1.0
2025-02-08,1,17.0,11.5,70.0,0.0,,92.0,6.8,,1015.0,,1.0
2025-02-08,2,17.9,11.0,64.0,0.0,,90.0,8.6,,1015.9,,1.0
2025-02-08,3,21.4,19.7,90.0,0.0,,90.0,5.4,,1016.4,,1.0
2025-02-08,4,24.3,6.1,31.0,0.0,,103.0,11.9,,1016.8,,1.0
2025-02-08,5,26.2,7.3,30.0,0.0,,101.0,15.8,,1016.8,,1.0
2025-02-08,6,27.4,15.1,47.0,0.0,,90.0,5.4,,1015.9,,1.0
2025-02-08,7,28.8,7.4,26.0,0.0,,86.0,19.1,,1014.7,,1.0
2025-02-08,8,29.3,7.2,25.0,0.0,,84.0,19.1,,1013.1,,1.0
2025-02-08,9,30.0,16.1,43.0,0.0,,50.0,3.6,,1012.0,,1.0
2025-02-08,10,29.1,8.2,27.0,0.0,,91.0,18.0,,1011.2,,1.0
2025-02-08,11,28.6,8.8,29.0,0.0,,92.0,17.3,,1011.2,,1.0
2025-02-08,12,28.4,17.0,50.0,0.0,,50.0,3.6,,1011.7,,1.0
2025-02-08,13,26.1,10.3,37.0,0.0,,106.0,14.0,,1012.6,,1.0
2025-02-08,14,25.2,10.6,40.0,0.0,,106.0,13.0,,1013.8,,2.0
2025-02-08,15,24.0,17.3,66.0,0.0,,140.0,5.4,,1014.7,,3.0
2025-02-08,16,22.9,11.0,47.0,0.0,,103.0,11.9,,1015.9,,3.0
2025-02-08,17,22.0,11.4,51.0,0.0,,102.0,11.9,,1016.1,,3.0
2025-02-08,18,21.6,17.2,76.0,0.0,,0.0,0.0,,1016.1,,3.0
2025-02-08,19,20.2,13.4,65.0,0.0,,104.0,11.2,,1016.0,,1.0
2025-02-08,20,19.3,13.7,70.0,0.0,,107.0,9.4,,1015.3,,3.0
2025-02-08,21,20.2,17.4,84.0,0.0,,0.0,0.0,,1014.6,,3.0
2025-02-08,22,18.2,13.5,74.0,0.0,,109.0,8.6,,1014.1,,3.0
2025-02-08,23,17.9,13.6,76.0,0.0,,105.0,9.0,,1013.7,,3.0
2025-02-09,0,18.8,16.6,87.0,0.0,,0.0,0.0,,1013.9,,3.0
2025-02-09,1,17.7,12.8,73.0,0.0,,105.0,7.9,,1014.2,,3.0
2025-02-09,2,18.4,13.0,71.0,0.0,,105.0,8.6,,1015.1,,3.0
2025-02-09,3,21.4,17.0,76.0,0.0,,90.0,3.6,,1015.6,,3.0
2025-02-09,4,24.4,9.9,40.0,0.0,,95.0,11.5,,1015.9,,3.0
2025-02-09,5,26.4,10.1,36.0,0.0,,88.0,16.6,,1015.9,,3.0
2025-02-09,6,27.4,17.6,55.0,0.0,,50.0,3.6,,1014.9,,3.0
2025-02-09,7,28.8,7.9,27.0,0.0,,83.0,19.1,,1013.7,,3.0
2025-02-09,8,29.2,8.3,27.0,0.0,,86.0,19.4,,1012.3,,3.0
2025-02-09,9,29.2,16.7,47.0,0.0,,50.0,3.6,,1011.1,,3.0
2025-02-09,10,29.1,9.8,30.0,0.0,,91.0,17.3,,1010.5,,3.0
2025-02-09,11,28.4,10.1,32.0,0.0,,92.0,16.9,,1010.6,,3.0
2025-02-09,12,28.0,14.6,44.0,0.0,,50.0,3.6,,1011.3,,3.0
2025-02-09,13,25.7,11.1,40.0,0.0,,103.0,13.3,,1012.3,,2.0
2025-02-09,14,25.2,11.0,41.0,0.0,,105.0,9.7,,1013.1,,1.0
2025-02-09,15,23.8,19.1,75.0,0.0,,90.0,7.6,,1014.3,,1.0
2025-02-09,16,22.6,12.5,53.0,0.0,,97.0,13.3,,1015.2,,1.0
2025-02-09,17,21.6,13.8,61.0,0.0,,96.0,13.7,,1015.9,,1.0
2025-02-09,18,21.8,17.4,76.0,0.0,,90.0,7.6,,1015.9,,1.0
2025-02-09,19,19.5,15.2,76.0,0.0,,101.0,13.0,,1015.7,,1.0
2025-02-09,20,18.6,15.5,82.0,0.0,,108.0,11.9,,1015.0,,1.0
2025-02-09,21,17.8,15.8,88.0,0.0,,112.0,10.4,,1014.5,,1.0
2025-02-09,22,17.5,15.7,89.0,0.0,,112.0,9.7,,1014.4,,1.0
2025-02-09,23,17.1,15.6,91.0,0.0,,107.0,9.4,,1014.2,,1.0
2025-02-10,0,18.8,16.6,87.0,0.0,,90.0,3.6,,1014.7,,1.0
2025-02-10,1,16.4,15.1,92.0,0.0,,107.0,8.3,,1015.5,,1.0
2025-02-10,2,17.0,15.2,89.0,0.0,,110.0,9.7,,1016.5,,1.0
2025-02-10,3,19.0,17.1,89.0,0.0,,90.0,3.6,,1017.5,,1.0
2025-02-10,4,22.3,13.9,59.0,0.0,,103.0,11.2,,1017.7,,1.0
2025-02-10,5,24.5,12.1,46.0,0.0,,97.0,12.6,,1017.7,,3.0
2025-02-10,6,25.0,18.2,66.0,0.0,,90.0,5.4,,1016.7,,3.0
2025-02-10,7,27.8,8.1,29.0,0.0,,83.0,15.1,,1015.2,,3.0
2025-02-10,8,28.2,7.4,27.0,0.0,,80.0,15.8,,1014.0,,3.0
2025-02-10,9,29.0,15.2,43.0,0.0,,140.0,5.4,,1012.9,,1.0
2025-02-10,10,28.3,8.1,28.0,0.0,,78.0,16.6,,1012.5,,3.0
2025-02-10,11,27.5,8.9,31.0,0.0,,80.0,15.8,,1012.3,,3.0
2025-02-10,12,28.0,16.3,49.0,0.0,,50.0,5.4,,1012.9,,2.0
2025-02-10,13,25.4,10.4,39.0,0.0,,94.0,9.7,,1013.6,,1.0
2025-02-10,14,24.5,11.1,43.0,0.0,,74.0,8.6,,1014.4,,1.0
2025-02-10,15,24.0,16.0,61.0,0.0,,50.0,3.6,,1015.9,,1.0
2025-02-10,16,22.6,12.0,51.0,0.0,,90.0,8.3,,1016.6,,3.0
2025-02-10,17,21.7,12.5,56.0,0.0,,89.0,9.4,,1016.9,,3.0
2025-02-10,18,21.6,17.2,76.0,0.0,,50.0,3.6,,1017.0,,3.0
2025-02-10,19,19.8,13.9,69.0,0.0,,94.0,10.1,,1016.3,,2.0
2025-02-10,20,19.1,14.4,74.0,0.0,,97.0,9.4,,1015.4,,2.0
2025-02-10,21,18.3,14.8,80.0,0.0,,90.0,9.0,,1015.0,,1.0
2025-02-10,22,17.6,15.0,85.0,0.0,,90.0,8.3,,1014.6,,1.0
2025-02-10,23,17.0,15.3,90.0,0.0,,94.0,8.3,,1014.8,,1.0
2025-02-11,0,18.2,16.9,92.0,0.0,,90.0,5.4,,1015.3,,1.0
2025-02-11,1,15.9,15.3,96.0,0.0,,106.0,8.6,,1016.2,,3.0
2025-02-11,2,16.0,15.4,96.0,0.0,,111.0,9.4,,1017.1,,3.0
2025-02-11,3,20.6,14.5,68.0,0.0,,50.0,5.4,,1018.1,,5.0
2025-02-11,4,21.1,12.5,58.0,0.0,,108.0,6.8,,1018.1,,3.0
2025-02-11,5,25.0,7.2,32.0,0.0,,105.0,8.6,,1017.8,,1.0
2025-02-11,6,27.6,11.2,36.0,0.0,,50.0,5.4,,1016.8,,1.0
2025-02-11,7,28.7,4.2,21.0,0.0,,92.0,10.4,,1015.5,,1.0
2025-02-11,8,29.6,4.3,20.0,0.0,,85.0,11.5,,1014.1,,1.0
2025-02-11,9,30.4,4.9,20.0,0.0,,90.0,3.6,,1012.8,,2.0
2025-02-11,10,30.1,3.2,18.0,0.0,,67.0,14.8,,1012.1,,3.0
2025-02-11,11,29.3,3.3,19.0,0.0,,67.0,14.4,,1012.1,,3.0
2025-02-11,12,30.0,6.0,22.0,0.0,,90.0,5.4,,1012.7,,3.0
2025-02-11,13,26.7,5.6,26.0,0.0,,78.0,10.1,,1013.3,,3.0
2025-02-11,14,25.5,7.6,32.0,0.0,,94.0,10.4,,1014.3,,3.0
2025-02-11,15,24.0,12.3,48.0,0.0,,140.0,3.6,,1015.6,,3.0
2025-02-11,16,22.7,8.8,41.0,0.0,,100.0,10.4,,1016.4,,3.0
2025-02-11,17,21.8,9.0,44.0,0.0,,100.0,10.1,,1016.5,,3.0
2025-02-11,18,21.0,9.6,48.0,0.0,,103.0,10.8,,1016.3,,3.0
2025-02-11,19,20.0,10.1,53.0,0.0,,100.0,10.1,,1016.0,,3.0
2025-02-11,20,19.2,10.5,57.0,0.0,,98.0,10.1,,1015.0,,3.0
2025-02-11,21,18.6,10.7,60.0,0.0,,94.0,10.1,,1014.4,,3.0
2025-02-11,22,17.9,10.5,62.0,0.0,,96.0,8.3,,1014.0,,3.0
2025-02-11,23,17.1,10.9,67.0,0.0,,97.0,7.2,,1014.0,,3.0
2025-02-12,0,17.0,15.0,88.0,0.0,,0.0,0.0,,1014.6,,3.0
2025-02-12,1,15.5,13.3,87.0,0.0,,90.0,6.8,,1015.1,,3.0
2025-02-12,2,16.2,13.7,85.0,0.0,,86.0,10.1,,1016.1,,3.0
2025-02-12,3,21.0,16.8,77.0,0.0,,90.0,3.6,,1017.0,,3.0
2025-02-12,4,23.4,9.4,41.0,0.0,,82.0,9.7,,1017.7,,3.0
2025-02-12,5,27.0,2.1,20.0,0.0,,74.0,11.9,,1017.4,,3.0
2025-02-12,6,29.0,7.0,25.0,0.0,,90.0,3.6,,1016.4,,3.0
2025-02-12,7,30.5,-3.3,11.0,0.0,,68.0,15.8,,1014.9,,3.0
2025-02-12,8,31.2,-4.0,10.0,0.0,,68.0,15.8,,1013.5,,3.0
2025-02-12,9,32.0,3.0,16.0,0.0,,90.0,3.6,,1012.1,,3.0
2025-02-12,10,31.2,-1.6,12.0,0.0,,71.0,14.8,,1011.2,,3.0
2025-02-12,11,30.6,-1.0,13.0,0.0,,77.0,14.0,,1011.8,,3.0
2025-02-12,12,30.4,-1.1,13.0,0.0,,90.0,3.6,,1012.3,,1.0
2025-02-12,13,27.7,0.4,17.0,0.0,,94.0,11.2,,1012.9,,1.0
2025-02-12,14,26.2,0.8,19.0,0.0,,107.0,11.9,,1013.9,,1.0
2025-02-12,15,25.2,11.0,41.0,0.0,,90.0,5.4,,1014.9,,1.0
2025-02-12,16,23.6,4.5,29.0,0.0,,99.0,10.1,,1015.9,,1.0
2025-02-12,17,22.4,4.9,32.0,0.0,,98.0,9.7,,1016.3,,1.0
2025-02-12,18,22.4,14.3,60.0,0.0,,50.0,5.4,,1016.2,,1.0
2025-02-12,19,20.6,5.0,36.0,0.0,,96.0,10.1,,1015.5,,1.0
2025-02-12,20,19.7,6.8,43.0,0.0,,93.0,9.4,,1014.7,,1.0
2025-02-12,21,20.0,16.4,80.0,0.0,,0.0,0.0,,1013.8,,3.0
2025-02-12,22,18.1,8.6,54.0,0.0,,98.0,7.6,,1013.3,,3.0
2025-02-12,23,17.5,9.1,58.0,0.0,,100.0,7.2,,1013.4,,3.0
2025-02-13,0,18.0,14.7,81.0,0.0,,0.0,0.0,,1013.9,,3.0
2025-02-13,1,17.1,9.3,60.0,0.0,,100.0,7.6,,1014.6,,1.0
2025-02-13,2,18.0,11.1,64.0,0.0,,106.0,7.6,,1015.6,,1.0
2025-02-13,3,22.4,16.0,67.0,0.0,,90.0,3.6,,1016.1,,2.0
2025-02-13,4,25.8,4.3,25.0,0.0,,89.0,7.9,,1016.6,,1.0
2025-02-13,5,28.4,2.6,19.0,0.0,,79.0,13.7,,1016.5,,1.0
2025-02-13,6,29.6,13.0,36.0,0.0,,140.0,5.4,,1015.5,,1.0
2025-02-13,7,30.8,3.7,18.0,0.0,,66.0,15.5,,1014.1,,1.0
2025-02-13,8,31.4,3.4,17.0,0.0,,66.0,15.5,,1013.0,,3.0
2025-02-13,9,22.4,16.2,68.0,0.0,,90.0,3.6,,1011.9,,3.0
2025-02-13,10,31.3,3.3,17.0,0.0,,73.0,14.4,,1011.1,,3.0
2025-02-13,11,30.7,3.7,18.0,0.0,,82.0,13.3,,1011.2,,3.0
2025-02-13,12,30.2,11.2,31.0,0.0,,140.0,7.6,,1011.7,,3.0
2025-02-13,13,27.9,3.6,21.0,0.0,,105.0,10.8,,1012.5,,3.0
2025-02-13,14,26.7,4.5,24.0,0.0,,97.0,11.9,,1013.4,,3.0
2025-02-13,15,25.8,14.0,48.0,0.0,,90.0,3.6,,1014.5,,1.0
2025-02-13,16,24.0,4.4,28.0,0.0,,106.0,10.4,,1015.3,,1.0
2025-02-13,17,23.1,5.0,31.0,0.0,,106.0,11.9,,1015.9,,2.0
2025-02-13,18,23.0,15.3,62.0,0.0,,90.0,3.6,,1015.9,,3.0
2025-02-13,19,20.9,7.5,42.0,0.0,,109.0,12.2,,1015.4,,3.0
2025-02-13,20,20.2,8.2,46.0,0.0,,111.0,10.1,,1014.2,,1.0
2025-02-13,21,21.0,17.2,79.0,0.0,,0.0,0.0,,1013.8,,1.0
2025-02-13,22,19.5,7.3,45.0,0.0,,121.0,9.4,,1013.1,,2.0
2025-02-13,23,19.1,7.8,48.0,0.0,,124.0,7.9,,1013.2,,1.0
2025-02-14,0,19.0,15.5,80.0,0.0,,0.0,0.0,,1013.7,,1.0
2025-02-14,1,18.1,8.6,54.0,0.0,,152.0,5.8,,1014.6,,1.0
2025-02-14,2,19.3,8.9,51.0,0.0,,156.0,5.8,,1015.5,,1.0
2025-02-14,3,22.2,16.2,69.0,0.0,,90.0,3.6,,1016.4,,1.0
2025-02-14,4,26.3,5.3,26.0,0.0,,127.0,5.0,,1016.7,,1.0
2025-02-14,5,28.6,3.4,20.0,0.0,,95.0,8.3,,1016.4,,1.0
2025-02-14,6,30.0,14.9,40.0,0.0,,50.0,7.6,,1015.4,,1.0
2025-02-14,7,30.8,4.5,19.0,0.0,,70.0,13.0,,1014.1,,1.0
2025-02-14,8,31.6,2.7,16.0,0.0,,65.0,13.0,,1012.7,,1.0
2025-02-14,9,32.2,12.4,30.0,0.0,,50.0,7.6,,1011.5,,3.0
2025-02-14,10,31.3,4.2,18.0,0.0,,60.0,12.2,,1010.7,,3.0
2025-02-14,11,30.7,4.4,19.0,0.0,,62.0,12.2,,1010.6,,3.0
2025-02-14,12,30.6,12.0,32.0,0.0,,90.0,3.6,,1010.9,,3.0
2025-02-14,13,28.2,5.7,24.0,0.0,,99.0,10.1,,1011.6,,3.0
2025-02-14,14,27.2,6.0,26.0,0.0,,91.0,10.4,,1012.7,,1.0
2025-02-14,15,26.0,12.8,44.0,0.0,,90.0,3.6,,1014.0,,1.0
2025-02-14,16,24.1,7.7,35.0,0.0,,102.0,9.7,,1014.7,,1.0
2025-02-14,17,23.5,7.6,36.0,0.0,,110.0,9.7,,1015.0,,1.0
2025-02-14,18,23.0,17.7,72.0,0.0,,90.0,3.6,,1014.9,,1.0
2025-02-14,19,21.6,7.1,39.0,0.0,,99.0,11.2,,1015.1,,1.0
2025-02-14,20,20.6,7.6,43.0,0.0,,104.0,8.3,,1014.3,,1.0
2025-02-14,21,21.0,16.8,77.0,0.0,,90.0,3.6,,1013.5,,1.0
2025-02-14,22,19.2,8.2,49.0,0.0,,147.0,6.8,,1013.1,,1.0
2025-02-14,23,18.8,7.6,48.0,0.0,,142.0,6.8,,1012.9,,1.0
2025-02-15,0,18.8,15.3,80.0,0.0,,0.0,0.0,,1013.0,,3.0
2025-02-15,1,18.8,8.2,50.0,0.0,,150.0,6.8,,1013.7,,1.0
2025-02-15,2,19.9,8.6,48.0,0.0,,154.0,6.5,,1014.6,,1.0
2025-02-15,3,21.6,17.0,75.0,0.0,,177.0,3.6,,1015.5,,1.0
2025-02-15,4,25.8,7.4,31.0,0.0,,171.0,5.0,,1015.6,,1.0
2025-02-15,5,27.9,7.7,28.0,0.0,,97.0,5.4,,1015.7,,1.0
2025-02-15,6,29.4,16.2,45.0,0.0,,140.0,5.4,,1014.4,,1.0
2025-02-15,7,30.3,7.5,24.0,0.0,,48.0,13.0,,1012.9,,1.0
2025-02-15,8,30.8,7.9,24.0,0.0,,46.0,13.7,,1011.6,,1.0
2025-02-15,9,32.0,12.8,31.0,0.0,,90.0,3.6,,1010.3,,1.0
2025-02-15,10,30.8,7.9,24.0,0.0,,48.0,15.5,,1009.7,,1.0
2025-02-15,11,30.6,7.7,24.0,0.0,,46.0,14.8,,1009.7,,3.0
2025-02-15,12,31.0,13.3,34.0,0.0,,0.0,0.0,,1010.0,,2.0
2025-02-15,13,28.1,7.9,28.0,0.0,,37.0,11.2,,1010.6,,3.0
2025-02-15,14,27.2,8.1,30.0,0.0,,30.0,10.4,,1011.5,,2.0
2025-02-15,15,26.0,14.1,48.0,0.0,,90.0,5.4,,1012.8,,1.0
2025-02-15,16,24.3,9.1,38.0,0.0,,82.0,10.1,,1013.8,,1.0
2025-02-15,17,23.6,9.6,41.0,0.0,,94.0,9.7,,1014.1,,1.0
2025-02-15,18,22.4,16.7,70.0,0.0,,90.0,5.4,,1013.8,,1.0
2025-02-15,19,21.7,11.1,51.0,0.0,,104.0,13.7,,1014.0,,1.0
2025-02-15,20,20.4,11.1,55.0,0.0,,111.0,11.5,,1013.5,,1.0
2025-02-15,21,21.2,15.7,71.0,0.0,,50.0,3.6,,1013.1,,1.0
2025-02-15,22,19.0,11.3,61.0,0.0,,104.0,9.0,,1012.9,,1.0
2025-02-15,23,18.8,11.6,63.0,0.0,,115.0,7.9,,1012.9,,1.0
2025-02-16,0,19.8,15.9,78.0,0.0,,140.0,3.6,,1013.3,,1.0
2025-02-16,1,18.3,11.4,64.0,0.0,,124.0,6.5,,1014.1,,1.0
2025-02-16,2,19.1,11.4,61.0,0.0,,129.0,6.8,,1014.8,,1.0
2025-02-16,3,22.0,17.4,75.0,0.0,,0.0,0.0,,1015.9,,3.0
2025-02-16,4,25.1,10.9,41.0,0.0,,123.0,7.6,,1016.1,,3.0
2025-02-16,5,27.4,8.8,31.0,0.0,,101.0,8.3,,1015.6,,3.0
2025-02-16,6,28.0,16.0,48.0,0.0,,90.0,3.6,,1014.8,,3.0
2025-02-16,7,30.2,6.1,22.0,0.0,,72.0,13.3,,1013.3,,3.0
2025-02-16,8,31.1,4.0,18.0,0.0,,65.0,14.8,,1011.9,,1.0
2025-02-16,9,32.0,13.2,32.0,0.0,,50.0,3.6,,1010.8,,1.0
2025-02-16,10,31.0,5.4,20.0,0.0,,60.0,15.1,,1010.2,,3.0
2025-02-16,11,30.4,6.3,22.0,0.0,,63.0,13.3,,1010.7,,3.0
2025-02-16,12,30.0,12.0,33.0,0.0,,90.0,5.4,,1011.3,,3.0
2025-02-16,13,28.1,7.3,27.0,0.0,,92.0,11.2,,1012.0,,3.0
2025-02-16,14,26.7,8.2,31.0,0.0,,85.0,11.2,,1013.1,,3.0
2025-02-16,15,26.0,14.8,50.0,0.0,,50.0,5.4,,1014.2,,3.0
2025-02-16,16,24.1,10.0,41.0,0.0,,101.0,10.8,,1015.3,,3.0
2025-02-16,17,23.4,10.1,43.0,0.0,,106.0,12.6,,1015.9,,1.0
2025-02-16,18,22.8,17.9,74.0,0.0,,90.0,5.4,,1016.2,,1.0
2025-02-16,19,20.8,12.8,60.0,0.0,,108.0,12.6,,1016.0,,1.0
2025-02-16,20,19.9,13.4,66.0,0.0,,100.0,12.2,,1015.3,,1.0
2025-02-16,21,21.0,17.6,81.0,0.0,,140.0,5.4,,1015.0,,1.0
2025-02-16,22,18.7,13.5,72.0,0.0,,104.0,10.8,,1014.5,,1.0
2025-02-16,23,18.3,13.4,73.0,0.0,,103.0,10.4,,1014.4,,1.0
2025-02-17,0,19.4,17.2,87.0,0.0,,90.0,5.4,,1014.6,,1.0
2025-02-17,1,17.8,13.1,74.0,0.0,,110.0,9.4,,1015.2,,1.0
2025-02-17,2,18.3,13.2,72.0,0.0,,109.0,10.1,,1016.4,,1.0
2025-02-17,3,22.0,16.9,73.0,0.0,,90.0,3.6,,1017.3,,1.0
2025-02-17,4,24.3,11.3,44.0,0.0,,115.0,9.7,,1017.5,,1.0
2025-02-17,5,26.8,8.3,31.0,0.0,,111.0,11.9,,1017.4,,1.0
2025-02-17,6,28.2,14.4,43.0,0.0,,90.0,3.6,,1016.3,,1.0
2025-02-17,7,29.9,5.9,22.0,0.0,,91.0,12.6,,1015.0,,1.0
2025-02-17,8,30.9,5.3,20.0,0.0,,82.0,13.0,,1013.7,,1.0
2025-02-17,9,31.4,13.2,33.0,0.0,,140.0,3.6,,1012.6,,2.0
2025-02-17,10,31.1,4.0,18.0,0.0,,66.0,15.1,,1011.8,,2.0
2025-02-17,11,30.2,5.5,21.0,0.0,,66.0,16.2,,1012.0,,2.0
2025-02-17,12,30.0,12.0,33.0,0.0,,50.0,3.6,,1012.6,,1.0
2025-02-17,13,27.6,6.9,27.0,0.0,,100.0,12.2,,1013.1,,1.0
2025-02-17,14,26.4,6.9,29.0,0.0,,106.0,11.5,,1014.1,,1.0
2025-02-17,15,25.0,18.9,69.0,0.0,,0.0,0.0,,1015.3,,1.0
2025-02-17,16,23.9,10.6,43.0,0.0,,117.0,11.2,,1015.9,,1.0
2025-02-17,17,23.2,10.9,46.0,0.0,,114.0,10.1,,1016.3,,1.0
2025-02-17,18,22.2,17.6,75.0,0.0,,90.0,7.6,,1016.4,,1.0
2025-02-17,19,21.3,11.6,54.0,0.0,,117.0,10.8,,1015.8,,1.0
2025-02-17,20,20.2,12.9,63.0,0.0,,118.0,10.4,,1015.2,,1.0
2025-02-17,21,19.4,14.0,71.0,0.0,,116.0,10.1,,1014.8,,1.0
2025-02-17,22,19.0,14.5,75.0,0.0,,116.0,8.3,,1014.4,,1.0
2025-02-17,23,18.5,14.8,79.0,0.0,,114.0,7.6,,1014.0,,1.0
2025-02-18,0,19.4,15.9,80.0,0.0,,0.0,0.0,,1014.4,,1.0
2025-02-18,1,17.9,15.5,86.0,0.0,,115.0,7.6,,1015.2,,1.0
2025-02-18,2,18.8,15.7,82.0,0.0,,113.0,9.4,,1016.0,,1.0
2025-02-18,3,22.2,16.5,70.0,0.0,,0.0,0.0,,1016.8,,1.0
2025-02-18,4,25.1,9.4,37.0,0.0,,124.0,7.9,,1017.3,,1.0
2025-02-18,5,27.7,4.1,22.0,0.0,,111.0,10.1,,1017.4,,1.0
2025-02-18,6,28.8,13.9,40.0,0.0,,50.0,5.4,,1016.5,,3.0
2025-02-18,7,30.2,4.0,19.0,0.0,,94.0,13.3,,1015.3,,3.0
2025-02-18,8,31.1,3.2,17.0,0.0,,91.0,13.3,,1013.8,,3.0
2025-02-18,9,31.8,11.6,29.0,0.0,,90.0,5.4,,1012.5,,3.0
2025-02-18,10,31.2,4.1,18.0,0.0,,78.0,15.1,,1011.8,,3.0
2025-02-18,11,30.4,4.2,19.0,0.0,,72.0,14.4,,1012.0,,3.0
2025-02-18,12,30.0,13.7,37.0,0.0,,50.0,5.4,,1012.5,,3.0
2025-02-18,13,27.6,4.6,23.0,0.0,,83.0,10.8,,1013.1,,1.0
2025-02-18,14,26.2,6.3,28.0,0.0,,103.0,10.4,,1014.0,,1.0
2025-02-18,15,25.4,15.1,53.0,0.0,,90.0,5.4,,1015.1,,1.0
2025-02-18,16,23.8,10.8,44.0,0.0,,129.0,11.5,,1016.0,,1.0
2025-02-18,17,23.2,11.6,48.0,0.0,,130.0,11.5,,1016.2,,1.0
2025-02-18,18,22.4,16.7,70.0,0.0,,0.0,0.0,,1016.0,,1.0
2025-02-18,19,21.9,12.7,56.0,0.0,,120.0,10.4,,1015.2,,1.0
2025-02-18,20,21.1,12.5,58.0,0.0,,116.0,10.4,,1014.3,,1.0
2025-02-18,21,21.2,17.4,79.0,0.0,,0.0,0.0,,1013.5,,1.0
2025-02-18,22,19.8,13.7,68.0,0.0,,119.0,10.4,,1012.9,,1.0
2025-02-18,23,19.4,13.8,70.0,0.0,,121.0,9.7,,1012.8,,1.0
2025-02-19,0,19.2,15.7,80.0,0.0,,0.0,0.0,,1013.2,,1.0
2025-02-19,1,18.4,14.1,76.0,0.0,,134.0,7.2,,1013.9,,1.0
2025-02-19,2,19.4,14.0,71.0,0.0,,142.0,8.6,,1014.7,,2.0
2025-02-19,3,23.4,14.9,59.0,0.0,,90.0,5.4,,1015.3,,1.0
2025-02-19,4,26.2,10.4,37.0,0.0,,128.0,8.3,,1015.4,,1.0
2025-02-19,5,28.9,6.3,24.0,0.0,,107.0,9.4,,1015.2,,2.0
2025-02-19,6,31.0,13.8,35.0,0.0,,50.0,5.4,,1014.1,,1.0
2025-02-19,7,31.4,6.5,21.0,0.0,,79.0,11.5,,1012.6,,1.0
2025-02-19,8,32.2,5.7,19.0,0.0,,75.0,11.9,,1011.1,,3.0
2025-02-19,9,33.2,10.5,25.0,0.0,,90.0,5.4,,1009.9,,3.0
2025-02-19,10,31.9,6.2,20.0,0.0,,71.0,15.8,,1009.6,,3.0
2025-02-19,11,31.2,7.0,22.0,0.0,,78.0,14.8,,1009.6,,1.0
2025-02-19,12,32.2,11.4,28.0,0.0,,0.0,0.0,,1010.1,,1.0
2025-02-19,13,28.8,7.9,27.0,0.0,,101.0,11.5,,1010.9,,1.0
2025-02-19,14,28.1,8.4,29.0,0.0,,108.0,11.9,,1011.8,,1.0
2025-02-19,15,26.4,15.5,51.0,0.0,,90.0,3.6,,1013.0,,1.0
2025-02-19,16,25.2,9.5,37.0,0.0,,116.0,12.2,,1014.0,,1.0
2025-02-19,17,24.3,9.8,40.0,0.0,,108.0,12.6,,1014.1,,1.0
2025-02-19,18,23.4,18.3,73.0,0.0,,90.0,5.4,,1014.2,,1.0
2025-02-19,19,21.9,12.5,55.0,0.0,,114.0,10.8,,1014.2,,1.0
2025-02-19,20,20.8,14.7,68.0,0.0,,128.0,9.0,,1013.8,,1.0
2025-02-19,21,21.4,17.0,76.0,0.0,,90.0,3.6,,1013.4,,1.0
2025-02-19,22,19.7,15.6,77.0,0.0,,142.0,7.9,,1013.0,,1.0
2025-02-19,23,19.5,15.4,77.0,0.0,,144.0,8.6,,1012.9,,1.0
2025-02-20,0,20.2,17.0,82.0,0.0,,0.0,0.0,,1013.2,,1.0
2025-02-20,1,19.1,14.8,76.0,0.0,,144.0,6.8,,1013.8,,1.0
2025-02-20,2,20.1,14.7,71.0,0.0,,150.0,8.3,,1014.6,,1.0
2025-02-20,3,23.2,17.0,68.0,0.0,,90.0,5.4,,1015.4,,1.0
2025-02-20,4,25.9,12.7,44.0,0.0,,148.0,9.0,,1015.7,,1.0
2025-02-20,5,28.4,10.6,33.0,0.0,,128.0,10.8,,1015.4,,1.0
2025-02-20,6,29.2,15.7,44.0,0.0,,90.0,7.2,,1014.4,,1.0
2025-02-20,7,31.0,9.3,26.0,0.0,,93.0,12.6,,1013.2,,1.0
2025-02-20,8,31.7,8.7,24.0,0.0,,85.0,13.7,,1012.2,,1.0
2025-02-20,9,32.0,14.6,35.0,0.0,,90.0,5.4,,1010.8,,1.0
2025-02-20,10,31.9,7.5,22.0,0.0,,73.0,16.2,,1010.2,,1.0
2025-02-20,11,31.2,7.6,23.0,0.0,,72.0,16.6,,1010.8,,1.0
2025-02-20,12,31.2,13.0,33.0,0.0,,90.0,3.6,,1011.4,,1.0
2025-02-20,13,28.7,8.4,28.0,0.0,,93.0,13.7,,1012.3,,1.0
2025-02-20,14,27.3,10.1,34.0,0.0,,103.0,14.4,,1013.4,,1.0
2025-02-20,15,26.0,14.5,49.0,0.0,,90.0,5.4,,1014.4,,1.0
2025-02-20,16,24.7,12.3,46.0,0.0,,118.0,13.7,,1015.4,,1.0
2025-02-20,17,24.1,12.4,48.0,0.0,,111.0,12.6,,1015.8,,1.0
2025-02-20,18,23.1,12.7,52.0,0.0,,113.0,11.9,,1015.7,,1.0
2025-02-20,19,21.9,13.0,57.0,0.0,,115.0,11.2,,1015.4,,1.0
2025-02-20,20,20.9,13.3,62.0,0.0,,112.0,10.8,,1015.0,,1.0
2025-02-20,21,19.9,13.8,68.0,0.0,,111.0,9.0,,1014.7,,1.0
2025-02-20,22,19.2,14.0,72.0,0.0,,116.0,8.6,,1014.3,,1.0
2025-02-20,23,18.6,14.3,76.0,0.0,,122.0,8.6,,1014.6,,1.0
2025-02-21,0,19.8,16.6,82.0,0.0,,0.0,0.0,,1015.0,,1.0
2025-02-21,1,17.8,14.7,82.0,0.0,,124.0,6.8,,1015.7,,1.0
2025-02-21,2,18.6,14.9,79.0,0.0,,113.0,8.6,,1016.7,,1.0
2025-02-21,3,23.0,15.8,64.0,0.0,,50.0,5.4,,1017.3,,1.0
2025-02-21,4,25.4,11.6,42.0,0.0,,112.0,9.7,,1017.4,,1.0
2025-02-21,5,28.1,8.4,29.0,0.0,,104.0,11.9,,1017.0,,1.0
2025-02-21,6,29.8,14.4,39.0,0.0,,90.0,3.6,,1016.0,,1.0
2025-02-21,7,31.0,6.1,21.0,0.0,,80.0,14.8,,1015.3,,1.0
2025-02-21,8,31.8,4.6,18.0,0.0,,73.0,15.1,,1014.2,,1.0
2025-02-21,9,32.4,14.5,34.0,0.0,,50.0,3.6,,1013.0,,1.0
2025-02-21,10,31.5,5.8,20.0,0.0,,69.0,15.1,,1012.3,,1.0
2025-02-21,11,30.7,5.9,21.0,0.0,,72.0,14.4,,1012.2,,1.0
2025-02-21,12,30.4,12.8,34.0,0.0,,140.0,5.4,,1012.6,,1.0
2025-02-21,13,28.1,8.9,30.0,0.0,,84.0,11.9,,1013.4,,1.0
2025-02-21,14,27.0,10.2,35.0,0.0,,102.0,13.7,,1014.5,,1.0
2025-02-21,15,26.2,16.7,56.0,0.0,,90.0,3.6,,1015.3,,1.0
2025-02-21,16,25.0,11.6,43.0,0.0,,107.0,11.9,,1015.9,,1.0
2025-02-21,17,23.8,12.4,49.0,0.0,,101.0,12.6,,1016.6,,1.0
2025-02-21,18,23.6,18.0,71.0,0.0,,90.0,7.6,,1016.3,,1.0
2025-02-21,19,21.9,13.0,57.0,0.0,,92.0,12.6,,1016.3,,1.0
2025-02-21,20,21.0,13.9,64.0,0.0,,96.0,11.5,,1015.9,,1.0
2025-02-21,21,22.0,18.6,81.0,0.0,,90.0,3.6,,1015.3,,1.0
2025-02-21,22,19.5,16.3,82.0,0.0,,112.0,8.3,,1015.5,,1.0
2025-02-21,23,18.9,16.5,86.0,0.0,,111.0,7.6,,1015.4,,1.0
2025-02-22,0,21.0,18.0,83.0,0.0,,90.0,5.4,,1015.8,,1.0
2025-02-22,1,17.9,16.8,93.0,0.0,,110.0,7.6,,1016.4,,3.0
2025-02-22,2,18.3,16.5,89.0,0.0,,106.0,7.9,,1017.2,,3.0
2025-02-22,3,21.2,17.8,81.0,0.0,,90.0,3.6,,1018.1,,3.0
2025-02-22,4,24.9,12.8,47.0,0.0,,97.0,8.3,,1018.2,,1.0
2025-02-22,5,27.9,9.7,32.0,0.0,,89.0,13.0,,1017.8,,2.0
2025-02-22,6,29.0,16.6,47.0,0.0,,50.0,5.4,,1016.7,,1.0
2025-02-22,7,31.2,7.0,22.0,0.0,,65.0,16.2,,1015.3,,2.0
2025-02-22,8,31.8,6.8,21.0,0.0,,49.0,17.6,,1014.1,,1.0
2025-02-22,9,32.2,13.4,32.0,0.0,,90.0,5.4,,1013.0,,3.0
2025-02-22,10,31.9,6.2,20.0,0.0,,49.0,16.6,,1012.1,,3.0
2025-02-22,11,31.4,5.0,19.0,0.0,,43.0,18.7,,1012.0,,3.0
2025-02-22,12,31.2,12.6,32.0,0.0,,38.0,3.6,,1012.5,,3.0
2025-02-22,13,28.5,6.6,25.0,0.0,,32.0,14.8,,1013.8,,3.0
2025-02-22,14,27.6,7.5,28.0,0.0,,35.0,11.2,,1014.9,,1.0
2025-02-22,15,27.0,14.1,45.0,0.0,,90.0,5.4,,1015.8,,1.0
2025-02-22,16,25.5,8.9,35.0,0.0,,95.0,11.2,,1017.0,,1.0
2025-02-22,17,24.2,10.8,43.0,0.0,,102.0,13.3,,1017.6,,1.0
2025-02-22,18,23.8,18.0,70.0,0.0,,90.0,3.6,,1017.6,,1.0
2025-02-22,19,22.0,12.5,55.0,0.0,,113.0,10.8,,1017.0,,1.0
2025-02-22,20,21.1,13.3,61.0,0.0,,113.0,9.0,,1016.4,,1.0
2025-02-22,21,22.2,18.6,80.0,0.0,,90.0,3.6,,1015.8,,1.0
2025-02-22,22,20.1,14.0,68.0,0.0,,109.0,6.5,,1015.4,,1.0
2025-02-22,23,19.9,14.7,72.0,0.0,,102.0,8.3,,1015.5,,1.0
2025-02-23,0,20.8,18.0,84.0,0.0,,0.0,0.0,,1015.6,,1.0
2025-02-23,1,19.3,14.8,75.0,0.0,,103.0,6.8,,1016.3,,1.0
2025-02-23,2,20.1,14.9,72.0,0.0,,106.0,9.0,,1017.2,,1.0
2025-02-23,3,25.0,17.7,64.0,0.0,,90.0,5.4,,1017.8,,1.0
2025-02-23,4,26.3,9.6,35.0,0.0,,102.0,9.4,,1017.7,,1.0
2025-02-23,5,28.3,8.6,29.0,0.0,,78.0,16.2,,1017.7,,1.0
2025-02-23,6,30.0,16.4,44.0,0.0,,90.0,5.4,,1016.7,,1.0
2025-02-23,7,30.8,4.5,19.0,0.0,,57.0,21.6,,1015.1,,1.0
2025-02-23,8,30.9,6.0,21.0,0.0,,60.0,20.5,,1014.1,,1.0
2025-02-23,9,30.0,6.0,22.0,0.0,,50.0,5.4,,1012.6,,1.0
2025-02-23,10,31.5,4.3,18.0,0.0,,58.0,22.7,,1012.4,,1.0
2025-02-23,11,30.8,3.7,18.0,0.0,,44.0,21.6,,1012.5,,2.0
2025-02-23,12,30.0,6.0,22.0,0.0,,50.0,5.4,,1012.8,,2.0
2025-02-23,13,28.6,4.1,21.0,0.0,,62.0,16.9,,1013.6,,2.0
2025-02-23,14,27.3,7.2,28.0,0.0,,84.0,11.9,,1014.8,,3.0
2025-02-23,15,26.2,10.8,38.0,0.0,,50.0,3.6,,1016.2,,3.0
2025-02-23,16,24.2,8.2,36.0,0.0,,88.0,19.8,,1017.2,,1.0
2025-02-23,17,23.1,9.5,42.0,0.0,,92.0,16.6,,1017.5,,1.0
2025-02-23,18,23.2,18.1,73.0,0.0,,90.0,3.6,,1017.2,,1.0
2025-02-23,19,21.3,11.0,52.0,0.0,,110.0,13.7,,1016.6,,1.0
2025-02-23,20,20.4,11.3,56.0,0.0,,103.0,13.0,,1016.0,,1.0
2025-02-23,21,21.4,17.4,78.0,0.0,,90.0,3.6,,1015.4,,1.0
2025-02-23,22,19.4,11.9,62.0,0.0,,101.0,12.6,,1015.0,,1.0
2025-02-23,23,19.0,11.8,63.0,0.0,,96.0,11.9,,1015.0,,1.0
2025-02-24,0,20.2,17.4,84.0,0.0,,90.0,3.6,,1015.4,,1.0
2025-02-24,1,18.5,10.8,61.0,0.0,,101.0,12.6,,1016.4,,1.0
2025-02-24,2,19.4,10.4,56.0,0.0,,101.0,13.0,,1017.5,,1.0
2025-02-24,3,22.8,16.8,69.0,0.0,,90.0,5.4,,1018.3,,1.0
2025-02-24,4,25.4,8.0,33.0,0.0,,95.0,15.1,,1018.3,,1.0
2025-02-24,5,27.8,5.4,24.0,0.0,,86.0,19.8,,1017.9,,1.0
2025-02-24,6,29.2,10.8,32.0,0.0,,90.0,7.6,,1017.2,,1.0
2025-02-24,7,29.7,2.0,17.0,0.0,,72.0,21.6,,1015.8,,1.0
2025-02-24,8,30.2,2.5,17.0,0.0,,72.0,20.2,,1014.3,,1.0
2025-02-24,9,31.0,11.9,31.0,0.0,,90.0,3.6,,1012.9,,1.0
2025-02-24,10,29.9,3.0,18.0,0.0,,80.0,19.1,,1012.0,,1.0
2025-02-24,11,29.3,4.0,20.0,0.0,,84.0,18.4,,1012.4,,1.0
2025-02-24,12,29.8,9.9,29.0,0.0,,50.0,5.4,,1012.8,,1.0
2025-02-24,13,26.8,5.7,26.0,0.0,,95.0,14.4,,1013.6,,1.0
2025-02-24,14,25.9,7.5,31.0,0.0,,100.0,12.2,,1014.7,,1.0
2025-02-24,15,25.0,12.6,46.0,0.0,,50.0,5.4,,1016.1,,1.0
2025-02-24,16,23.3,10.0,43.0,0.0,,93.0,16.2,,1017.3,,1.0
2025-02-24,17,22.1,10.9,49.0,0.0,,84.0,17.3,,1018.0,,1.0
2025-02-24,18,22.6,18.4,77.0,0.0,,90.0,5.4,,1018.2,,1.0
2025-02-24,19,20.4,9.9,51.0,0.0,,85.0,14.8,,1017.8,,1.0
2025-02-24,20,19.5,11.0,58.0,0.0,,91.0,13.0,,1017.4,,1.0
2025-02-24,21,20.6,18.4,87.0,0.0,,90.0,5.4,,1017.0,,1.0
2025-02-24,22,18.0,14.3,79.0,0.0,,104.0,13.3,,1016.7,,1.0
2025-02-24,23,17.5,14.4,82.0,0.0,,103.0,13.3,,1016.6,,1.0
2025-02-25,0,19.0,16.8,87.0,0.0,,50.0,5.4,,1017.0,,3.0
2025-02-25,1,16.8,13.5,81.0,0.0,,96.0,11.9,,1017.7,,3.0
2025-02-25,2,17.9,13.4,75.0,0.0,,86.0,13.0,,1018.7,,3.0
2025-02-25,3,22.0,15.6,67.0,0.0,,90.0,5.4,,1019.1,,3.0
2025-02-25,4,23.6,12.0,48.0,0.0,,93.0,15.1,,1019.1,,3.0
2025-02-25,5,26.2,8.7,33.0,0.0,,89.0,18.4,,1018.9,,1.0
2025-02-25,6,28.0,15.3,46.0,0.0,,50.0,3.6,,1018.0,,3.0
2025-02-25,7,28.9,8.0,27.0,0.0,,91.0,16.2,,1016.6,,3.0
2025-02-25,8,29.7,8.2,26.0,0.0,,89.0,15.8,,1015.5,,3.0
2025-02-25,9,31.0,13.3,34.0,0.0,,50.0,3.6,,1014.4,,3.0
2025-02-25,10,29.7,9.3,28.0,0.0,,93.0,17.3,,1013.7,,3.0
2025-02-25,11,28.9,9.6,30.0,0.0,,94.0,17.6,,1013.6,,3.0
2025-02-25,12,29.4,13.6,38.0,0.0,,50.0,7.6,,1014.2,,3.0
2025-02-25,13,26.9,9.7,34.0,0.0,,85.0,13.7,,1015.1,,3.0
2025-02-25,14,26.2,10.0,36.0,0.0,,66.0,12.6,,1016.1,,2.0
2025-02-25,15,25.0,15.6,56.0,0.0,,90.0,11.2,,1017.5,,3.0
2025-02-25,16,23.3,11.4,47.0,0.0,,98.0,16.6,,1018.4,,2.0
2025-02-25,17,22.0,13.4,58.0,0.0,,95.0,19.4,,1019.0,,3.0
2025-02-25,18,22.8,16.1,66.0,0.0,,90.0,11.2,,1019.2,,3.0
2025-02-25,19,20.2,13.4,65.0,0.0,,89.0,16.9,,1018.9,,3.0
2025-02-25,20,19.7,13.4,67.0,0.0,,80.0,15.5,,1018.4,,3.0
2025-02-25,21,21.2,16.4,74.0,0.0,,90.0,9.4,,1017.6,,3.0
2025-02-25,22,18.8,12.3,66.0,0.0,,78.0,13.7,,1017.0,,3.0
2025-02-25,23,18.6,11.4,63.0,0.0,,80.0,14.0,,1016.8,,3.0
2025-02-26,0,20.4,16.8,80.0,0.0,,90.0,7.6,,1017.2,,3.0
2025-02-26,1,18.2,9.8,58.0,0.0,,75.0,14.0,,1017.9,,3.0
2025-02-26,2,18.9,9.7,55.0,0.0,,76.0,14.4,,1018.5,,2.0
2025-02-26,3,22.4,15.3,64.0,0.0,,90.0,7.6,,1018.8,,2.0
2025-02-26,4,25.1,7.2,32.0,0.0,,79.0,16.9,,1018.9,,3.0
2025-02-26,5,27.2,8.1,30.0,0.0,,79.0,20.5,,1018.7,,3.0
2025-02-26,6,28.0,14.3,43.0,0.0,,140.0,7.6,,1017.9,,2.0
2025-02-26,7,29.5,8.5,27.0,0.0,,78.0,19.4,,1016.3,,1.0
2025-02-26,8,30.2,8.6,26.0,0.0,,81.0,19.8,,1014.8,,1.0
2025-02-26,9,31.0,14.2,36.0,0.0,,140.0,9.4,,1013.6,,1.0
2025-02-26,10,30.1,9.1,27.0,0.0,,80.0,19.4,,1012.9,,1.0
2025-02-26,11,29.3,9.4,29.0,0.0,,80.0,19.4,,1012.8,,1.0
2025-02-26,12,29.0,14.4,41.0,0.0,,90.0,5.4,,1013.4,,1.0
2025-02-26,13,27.1,10.3,35.0,0.0,,75.0,16.2,,1014.0,,1.0
2025-02-26,14,25.6,12.1,43.0,0.0,,90.0,17.3,,1015.3,,1.0
2025-02-26,15,25.6,17.0,59.0,0.0,,90.0,5.4,,1016.6,,1.0
2025-02-26,16,23.3,12.3,50.0,0.0,,86.0,19.1,,1017.6,,1.0
2025-02-26,17,22.2,11.9,52.0,0.0,,86.0,19.1,,1018.1,,1.0
2025-02-26,18,22.5,17.2,72.0,0.0,,90.0,7.6,,1018.0,,1.0
2025-02-26,19,20.7,9.3,48.0,0.0,,85.0,18.0,,1017.6,,1.0
2025-02-26,20,20.1,7.5,44.0,0.0,,86.0,16.9,,1017.1,,2.0
2025-02-26,21,21.2,16.8,76.0,0.0,,90.0,5.4,,1016.4,,2.0
2025-02-26,22,18.9,6.7,45.0,0.0,,78.0,16.2,,1015.9,,3.0
2025-02-26,23,18.3,9.9,58.0,0.0,,84.0,15.5,,1015.9,,3.0
2025-02-27,0,19.2,14.9,76.0,0.0,,90.0,3.6,,1015.9,,3.0
2025-02-27,1,17.6,9.5,59.0,0.0,,85.0,13.3,,1016.2,,3.0
2025-02-27,2,18.5,9.3,55.0,0.0,,85.0,13.7,,1017.0,,3.0
2025-02-27,3,23.0,12.9,53.0,0.0,,50.0,5.4,,1017.7,,3.0
2025-02-27,4,24.8,8.3,35.0,0.0,,79.0,17.6,,1017.7,,3.0
2025-02-27,5,27.1,7.5,29.0,0.0,,78.0,22.7,,1017.3,,3.0
2025-02-27,6,27.6,11.2,36.0,0.0,,90.0,9.4,,1016.0,,3.0
2025-02-27,7,29.8,4.4,20.0,0.0,,80.0,21.6,,1014.6,,3.0
2025-02-27,8,30.5,4.3,19.0,0.0,,82.0,20.5,,1013.2,,3.0
2025-02-27,9,31.0,10.4,28.0,0.0,,90.0,5.4,,1012.1,,3.0
2025-02-27,10,30.3,4.8,20.0,0.0,,84.0,19.1,,1011.2,,3.0
2025-02-27,11,29.5,5.6,22.0,0.0,,85.0,18.0,,1011.3,,3.0
2025-02-27,12,30.0,10.5,30.0,0.0,,90.0,5.4,,1011.5,,3.0
2025-02-27,13,26.7,8.6,32.0,0.0,,80.0,12.2,,1012.3,,3.0
2025-02-27,14,25.7,9.9,37.0,0.0,,90.0,11.5,,1013.7,,3.0
2025-02-27,15,25.2,16.9,60.0,0.0,,90.0,5.4,,1015.2,,3.0
2025-02-27,16,23.5,12.5,50.0,0.0,,99.0,13.7,,1016.2,,3.0
2025-02-27,17,22.5,12.4,53.0,0.0,,98.0,15.5,,1016.8,,3.0
2025-02-27,18,22.2,17.1,73.0,0.0,,90.0,5.4,,1016.8,,3.0
2025-02-27,19,20.5,13.7,65.0,0.0,,93.0,13.7,,1016.3,,3.0
2025-02-27,20,19.6,12.6,64.0,0.0,,88.0,12.2,,1015.6,,3.0
2025-02-27,21,20.6,16.0,75.0,0.0,,90.0,7.6,,1014.8,,3.0
2025-02-27,22,18.0,12.0,68.0,0.0,,78.0,10.8,,1014.0,,3.0
2025-02-27,23,17.5,11.5,68.0,0.0,,77.0,10.8,,1013.9,,3.0
2025-02-28,0,19.2,14.9,76.0,0.0,,90.0,3.6,,1014.2,,3.0
2025-02-28,1,17.1,10.9,67.0,0.0,,75.0,10.8,,1014.8,,3.0
2025-02-28,2,18.0,10.9,63.0,0.0,,79.0,13.0,,1015.7,,3.0
2025-02-28,3,22.4,15.3,64.0,0.0,,50.0,5.4,,1016.6,,3.0
2025-02-28,4,24.7,9.0,37.0,0.0,,90.0,16.6,,1016.9,,3.0
2025-02-28,5,27.2,8.6,31.0,0.0,,92.0,18.0,,1016.6,,3.0
2025-02-28,6,22.4,15.3,64.0,0.0,,50.0,5.4,,1015.9,,3.0
2025-02-28,7,29.9,8.3,26.0,0.0,,92.0,14.8,,1014.3,,3.0
2025-02-28,8,30.8,7.3,23.0,0.0,,84.0,15.1,,1012.5,,3.0
2025-02-28,9,31.4,14.1,35.0,0.0,,50.0,3.6,,1010.9,,3.0
2025-02-28,10,30.9,7.4,23.0,0.0,,85.0,15.8,,1009.7,,3.0
2025-02-28,11,30.1,9.6,28.0,0.0,,93.0,16.2,,1009.7,,3.0
2025-02-28,12,29.0,10.6,32.0,0.0,,102.0,15.1,,1010.3,,3.0
2025-02-28,13,27.5,11.1,36.0,0.0,,96.0,12.6,,1011.3,,3.0
2025-02-28,14,26.5,12.2,41.0,0.0,,77.0,12.2,,1012.6,,1.0
2025-02-28,15,25.6,13.1,46.0,0.0,,95.0,12.2,,1014.1,,1.0
2025-02-28,16,24.3,13.8,52.0,0.0,,114.0,14.0,,1015.2,,1.0
2025-02-28,17,23.0,14.6,59.0,0.0,,108.0,16.6,,1015.8,,1.0
2025-02-28,18,21.8,14.7,64.0,0.0,,102.0,15.1,,1015.9,,1.0
2025-02-28,19,20.7,15.3,71.0,0.0,,104.0,16.2,,1015.8,,1.0
2025-02-28,20,19.6,16.1,80.0,0.0,,97.0,14.8,,1015.2,,2.0
2025-02-28,21,21.0,16.6,76.0,0.0,,50.0,5.4,,1014.6,,3.0
2025-02-28,22,18.6,17.9,96.0,0.0,,92.0,12.2,,1014.2,,3.0
2025-02-28,23,18.5,18.0,97.0,0.0,,94.0,12.2,,1014.0,,3.0
2025-03-01,0,20.0,18.5,91.0,0.0,,50.0,7.6,,1014.1,,3.0
2025-03-01,1,18.6,17.4,93.0,0.0,,85.0,11.9,,1014.8,,3.0
2025-03-01,2,19.2,17.5,90.0,0.0,,97.0,12.6,,1015.7,,3.0
2025-03-01,3,23.0,16.8,68.0,0.0,,90.0,5.4,,1016.3,,3.0
2025-03-01,4,24.3,17.1,64.0,0.0,,101.0,14.8,,1016.1,,2.0
2025-03-01,5,27.1,15.8,50.0,0.0,,96.0,16.9,,1016.0,,2.0
2025-03-01,6,27.8,19.1,59.0,0.0,,90.0,5.4,,1014.5,,2.0
2025-03-01,7,30.1,14.6,39.0,0.0,,114.0,16.6,,1012.8,,2.0
2025-03-01,8,30.7,14.3,37.0,0.0,,115.0,14.4,,1011.0,,1.0
2025-03-01,9,30.2,17.3,46.0,0.0,,90.0,3.6,,1009.7,,2.0
2025-03-01,10,31.3,13.6,34.0,0.0,,106.0,13.7,,1008.8,,3.0
2025-03-01,11,30.9,13.7,35.0,0.0,,98.0,14.4,,1008.9,,3.0
2025-03-01,12,30.0,16.4,44.0,0.0,,90.0,5.4,,1009.4,,3.0
2025-03-01,13,28.7,13.8,40.0,0.0,,84.0,16.9,,1010.2,,3.0
2025-03-01,14,27.2,15.2,48.0,0.0,,98.0,15.1,,1011.6,,3.0
2025-03-01,15,26.4,19.3,65.0,0.0,,90.0,5.4,,1012.8,,3.0
2025-03-01,16,24.4,17.4,65.0,0.0,,113.0,15.5,,1013.9,,2.0
2025-03-01,17,23.3,17.7,71.0,0.0,,122.0,15.8,,1014.2,,1.0
2025-03-01,18,24.2,18.6,71.0,0.0,,90.0,7.6,,1014.6,,1.0
2025-03-01,19,21.2,18.6,85.0,0.0,,107.0,14.8,,1014.1,,2.0
2025-03-01,20,20.6,18.7,89.0,0.0,,104.0,13.0,,1013.4,,1.0
2025-03-01,21,22.0,18.0,78.0,0.0,,90.0,3.6,,1012.7,,2.0
2025-03-01,22,20.0,19.0,94.0,0.0,,105.0,12.2,,1012.0,,3.0
2025-03-01,23,19.5,18.8,96.0,0.0,,102.0,13.0,,1011.9,,3.0
2025-03-02,0,21.4,17.4,78.0,0.0,,90.0,7.6,,1012.1,,3.0
2025-03-02,1,19.1,18.4,96.0,0.0,,93.0,11.5,,1012.7,,3.0
2025-03-02,2,19.6,18.1,91.0,0.0,,98.0,12.2,,1013.6,,3.0
2025-03-02,3,22.4,17.1,72.0,0.0,,90.0,3.6,,1014.5,,3.0
2025-03-02,4,24.3,16.3,61.0,0.0,,120.0,10.8,,1015.2,,2.0
2025-03-02,5,26.9,14.3,46.0,0.0,,115.0,11.2,,1014.9,,3.0
2025-03-02,6,22.4,17.1,72.0,0.0,,90.0,3.6,,1013.7,,3.0
2025-03-02,7,30.4,10.4,29.0,0.0,,105.0,10.8,,1012.1,,3.0
2025-03-02,8,31.3,9.5,26.0,0.0,,100.0,10.4,,1010.7,,3.0
2025-03-02,9,31.6,16.7,41.0,0.0,,90.0,5.4,,1009.2,,2.0
2025-03-02,10,31.7,11.0,28.0,0.0,,99.0,11.2,,1008.4,,3.0
2025-03-02,11,31.4,11.2,29.0,0.0,,91.0,11.9,,1008.1,,2.0
2025-03-02,12,31.0,15.0,38.0,0.0,,90.0,5.4,,1008.5,,3.0
2025-03-02,13,29.2,10.8,32.0,0.0,,74.0,13.0,,1009.3,,3.0
2025-03-02,14,28.2,11.3,35.0,0.0,,82.0,13.7,,1011.0,,3.0
2025-03-02,15,27.2,18.5,59.0,0.0,,90.0,3.6,,1012.2,,3.0
2025-03-02,16,25.8,11.6,41.0,0.0,,116.0,9.4,,1013.1,,3.0
2025-03-02,17,25.1,12.3,45.0,0.0,,120.0,9.7,,1013.3,,3.0
2025-03-02,18,24.4,19.9,76.0,0.0,,90.0,3.6,,1013.4,,3.0
2025-03-02,19,23.3,14.3,57.0,0.0,,122.0,11.5,,1013.7,,3.0
2025-03-02,20,22.0,16.7,72.0,0.0,,122.0,12.2,,1013.1,,3.0
2025-03-02,21,23.0,18.3,75.0,0.0,,90.0,3.6,,1012.7,,3.0
2025-03-02,22,20.3,19.1,93.0,0.0,,161.0,7.2,,1012.7,,3.0
2025-03-02,23,20.1,18.8,92.0,0.0,,157.0,7.2,,1012.9,,3.0
2025-03-03,0,22.0,19.0,83.0,0.0,,90.0,5.4,,1013.2,,2.0
2025-03-03,1,20.1,17.9,87.0,0.0,,139.0,7.2,,1013.8,,1.0
2025-03-03,2,20.9,17.5,81.0,0.0,,142.0,6.5,,1014.3,,1.0
2025-03-03,3,24.0,20.1,79.0,0.0,,50.0,5.4,,1015.0,,1.0
2025-03-03,4,26.3,16.5,55.0,0.0,,165.0,4.3,,1015.3,,1.0
2025-03-03,5,28.6,14.8,43.0,0.0,,91.0,5.8,,1015.5,,1.0
2025-03-03,6,28.8,18.0,52.0,0.0,,90.0,5.4,,1013.9,,3.0
2025-03-03,7,32.1,8.4,23.0,0.0,,46.0,14.4,,1012.2,,3.0
2025-03-03,8,32.9,6.2,19.0,0.0,,45.0,16.6,,1010.5,,3.0
2025-03-03,9,32.4,11.0,27.0,0.0,,90.0,5.4,,1009.3,,3.0
2025-03-03,10,32.6,5.2,18.0,0.0,,48.0,18.4,,1008.6,,3.0
2025-03-03,11,32.1,5.6,19.0,0.0,,47.0,18.4,,1008.5,,3.0
2025-03-03,12,32.2,5.7,19.0,0.0,,90.0,3.6,,1009.0,,3.0
2025-03-03,13,30.1,5.4,21.0,0.0,,54.0,10.8,,1010.0,,3.0
2025-03-03,14,28.9,5.7,23.0,0.0,,49.0,11.2,,1011.1,,3.0
2025-03-03,15,27.0,8.0,30.0,0.0,,0.0,0.0,,1012.5,,1.0
2025-03-03,16,26.3,9.6,35.0,0.0,,87.0,11.2,,1013.3,,3.0
2025-03-03,17,25.4,10.1,38.0,0.0,,96.0,13.7,,1013.9,,3.0
2025-03-03,18,25.0,18.9,69.0,0.0,,90.0,3.6,,1014.0,,3.0
2025-03-03,19,23.1,11.5,48.0,0.0,,110.0,12.2,,1013.6,,3.0
2025-03-03,20,22.8,12.4,52.0,0.0,,110.0,10.4,,1012.9,,3.0
2025-03-03,21,23.4,17.8,71.0,0.0,,90.0,5.4,,1012.0,,3.0
2025-03-03,22,21.9,13.5,59.0,0.0,,110.0,8.6,,1011.7,,3.0
2025-03-03,23,21.5,13.7,61.0,0.0,,116.0,8.3,,1011.6,,3.0
2025-03-04,0,22.0,18.0,78.0,0.0,,0.0,0.0,,1012.0,,3.0
2025-03-04,1,20.7,14.8,69.0,0.0,,103.0,6.8,,1012.6,,3.0
2025-03-04,2,22.0,14.4,62.0,0.0,,103.0,7.6,,1013.5,,3.0
2025-03-04,3,23.4,18.3,73.0,0.0,,0.0,0.0,,1014.1,,3.0
2025-03-04,4,28.2,9.5,31.0,0.0,,89.0,10.1,,1014.5,,3.0
2025-03-04,5,29.5,8.5,27.0,0.0,,78.0,18.0,,1014.4,,3.0
2025-03-04,6,31.4,10.7,28.0,0.0,,90.0,5.4,,1013.4,,3.0
2025-03-04,7,31.9,7.5,22.0,0.0,,67.0,20.5,,1012.2,,3.0
2025-03-04,8,32.4,8.0,22.0,0.0,,71.0,19.4,,1011.0,,3.0
2025-03-04,9,32.4,9.9,25.0,0.0,,90.0,3.6,,1009.7,,3.0
2025-03-04,10,32.3,7.2,21.0,0.0,,77.0,18.0,,1008.9,,3.0
2025-03-04,11,31.7,7.4,22.0,0.0,,94.0,18.0,,1009.4,,3.0
2025-03-04,12,31.4,10.2,27.0,0.0,,90.0,7.6,,1009.6,,3.0
2025-03-04,13,29.7,8.2,26.0,0.0,,110.0,14.4,,1010.3,,3.0
2025-03-04,14,28.4,8.1,28.0,0.0,,96.0,14.0,,1011.4,,3.0
2025-03-04,15,27.2,11.2,37.0,0.0,,50.0,5.4,,1012.6,,3.0
2025-03-04,16,26.3,8.3,32.0,0.0,,103.0,13.3,,1014.0,,3.0
2025-03-04,17,25.2,9.1,36.0,0.0,,106.0,13.7,,1014.4,,3.0
2025-03-04,18,24.4,16.9,63.0,0.0,,90.0,5.4,,1014.4,,3.0
2025-03-04,19,23.4,10.8,45.0,0.0,,118.0,11.5,,1014.0,,3.0
2025-03-04,20,22.7,11.1,48.0,0.0,,125.0,8.6,,1013.2,,3.0
2025-03-04,21,22.2,18.0,77.0,0.0,,0.0,0.0,,1012.3,,3.0
2025-03-04,22,22.4,8.9,42.0,0.0,,122.0,6.8,,1011.6,,3.0
2025-03-04,23,22.3,8.8,42.0,0.0,,125.0,7.6,,1011.6,,3.0
2025-03-05,0,21.0,16.6,76.0,0.0,,0.0,0.0,,1011.7,,3.0
2025-03-05,1,21.5,9.4,46.0,0.0,,130.0,6.8,,1012.2,,3.0
2025-03-05,2,22.5,9.6,44.0,0.0,,137.0,7.6,,1013.2,,3.0
2025-03-05,3,24.0,17.7,68.0,0.0,,90.0,3.6,,1013.7,,3.0
2025-03-05,4,28.6,7.8,27.0,0.0,,134.0,10.1,,1013.8,,3.0
2025-03-05,5,30.4,6.9,23.0,0.0,,107.0,11.2,,1013.6,,3.0
2025-03-05,6,30.0,14.1,38.0,0.0,,90.0,3.6,,1012.9,,3.0
2025-03-05,7,32.6,6.0,19.0,0.0,,79.0,15.8,,1011.6,,3.0
2025-03-05,8,33.2,5.7,18.0,0.0,,62.0,16.9,,1010.2,,3.0
2025-03-05,9,33.0,12.1,28.0,0.0,,90.0,5.4,,1009.6,,3.0
2025-03-05,10,32.6,7.4,21.0,0.0,,70.0,15.8,,1008.8,,3.0
2025-03-05,11,32.1,7.7,22.0,0.0,,83.0,12.6,,1008.5,,3.0
2025-03-05,12,32.0,11.2,28.0,0.0,,50.0,3.6,,1009.4,,3.0
2025-03-05,13,30.2,8.0,25.0,0.0,,90.0,13.3,,1010.3,,3.0
2025-03-05,14,28.9,8.6,28.0,0.0,,96.0,11.2,,1011.5,,3.0
2025-03-05,15,27.0,14.1,45.0,0.0,,90.0,3.6,,1012.2,,3.0
2025-03-05,16,27.4,8.8,31.0,0.0,,107.0,8.6,,1013.0,,1.0
2025-03-05,17,26.3,8.7,33.0,0.0,,124.0,10.4,,1014.0,,1.0
2025-03-05,18,25.2,15.8,56.0,0.0,,90.0,3.6,,1014.4,,1.0
2025-03-05,19,24.3,9.5,39.0,0.0,,122.0,10.1,,1014.2,,1.0
2025-03-05,20,23.5,9.8,42.0,0.0,,116.0,9.7,,1013.6,,2.0
2025-03-05,21,23.4,19.1,77.0,0.0,,90.0,3.6,,1012.8,,3.0
2025-03-05,22,22.4,11.2,49.0,0.0,,160.0,7.9,,1012.6,,3.0
2025-03-05,23,22.2,11.0,49.0,0.0,,166.0,7.9,,1012.6,,3.0
2025-03-06,0,22.2,18.6,80.0,0.0,,90.0,5.4,,1013.0,,3.0
2025-03-06,1,21.4,10.8,51.0,0.0,,214.0,6.5,,1013.9,,3.0
2025-03-06,2,22.5,10.9,48.0,0.0,,224.0,9.0,,1014.8,,2.0
2025-03-06,3,24.6,18.5,69.0,0.0,,180.0,5.4,,1015.7,,1.0
2025-03-06,4,27.6,11.6,37.0,0.0,,222.0,7.6,,1015.9,,1.0
2025-03-06,5,29.8,10.4,30.0,0.0,,223.0,6.1,,1015.7,,1.0
2025-03-06,6,30.0,16.4,44.0,0.0,,50.0,5.4,,1014.4,,1.0
2025-03-06,7,32.3,8.5,23.0,0.0,,34.0,9.4,,1013.0,,1.0
2025-03-06,8,32.8,8.3,22.0,0.0,,33.0,11.2,,1012.0,,1.0
2025-03-06,9,32.4,15.8,37.0,0.0,,50.0,5.4,,1011.0,,1.0
2025-03-06,10,33.0,7.8,21.0,0.0,,50.0,14.4,,1010.1,,1.0
2025-03-06,11,32.4,5.8,19.0,0.0,,49.0,17.3,,1009.8,,3.0
2025-03-06,12,31.0,13.8,35.0,0.0,,90.0,5.4,,1010.0,,3.0
2025-03-06,13,29.9,7.1,24.0,0.0,,48.0,12.2,,1010.7,,3.0
2025-03-06,14,28.8,7.9,27.0,0.0,,69.0,10.8,,1012.0,,3.0
2025-03-06,15,27.0,14.1,45.0,0.0,,0.0,0.0,,1013.0,,3.0
2025-03-06,16,26.3,8.3,32.0,0.0,,15.0,7.6,,1013.6,,3.0
2025-03-06,17,25.2,8.7,35.0,0.0,,8.0,7.2,,1013.3,,3.0
2025-03-06,18,24.2,12.8,49.0,0.0,,0.0,0.0,,1012.8,,3.0
2025-03-06,19,23.5,8.0,37.0,0.0,,102.0,10.1,,1013.1,,3.0
2025-03-06,20,22.4,8.5,41.0,0.0,,113.0,10.4,,1012.5,,3.0
2025-03-06,21,23.0,17.5,71.0,0.0,,0.0,0.0,,1012.2,,3.0
2025-03-06,22,20.8,11.7,56.0,0.0,,114.0,9.7,,1011.6,,3.0
2025-03-06,23,20.3,12.0,59.0,0.0,,105.0,9.4,,1011.4,,3.0
2025-03-07,0,21.0,16.2,74.0,0.0,,0.0,0.0,,1011.8,,3.0
2025-03-07,1,19.4,12.9,66.0,0.0,,124.0,7.6,,1012.9,,3.0
2025-03-07,2,20.4,13.4,64.0,0.0,,136.0,9.7,,1013.6,,3.0
2025-03-07,3,24.0,13.5,52.0,0.0,,147.0,3.6,,1014.3,,3.0
2025-03-07,4,27.0,11.1,37.0,0.0,,148.0,7.2,,1014.4,,3.0
2025-03-07,5,29.1,8.7,28.0,0.0,,125.0,6.8,,1014.1,,3.0
2025-03-07,6,24.0,13.5,52.0,0.0,,95.0,3.6,,1013.1,,3.0
2025-03-07,7,32.3,4.1,17.0,0.0,,54.0,6.5,,1011.7,,3.0
2025-03-07,8,33.2,3.1,15.0,0.0,,37.0,9.7,,1010.2,,3.0
2025-03-07,9,33.8,6.2,18.0,0.0,,90.0,3.6,,1008.6,,3.0
2025-03-07,10,33.7,-2.1,10.0,0.0,,35.0,11.2,,1008.2,,3.0
2025-03-07,11,33.2,-2.5,10.0,0.0,,43.0,14.0,,1008.0,,3.0
2025-03-07,12,32.6,4.4,17.0,0.0,,50.0,3.6,,1008.5,,3.0
2025-03-07,13,30.0,-1.4,13.0,0.0,,50.0,11.9,,1009.4,,2.0
2025-03-07,14,28.4,-0.7,15.0,0.0,,53.0,11.5,,1010.4,,1.0
2025-03-07,15,26.0,8.0,32.0,0.0,,0.0,0.0,,1011.7,,1.0
2025-03-07,16,25.5,0.9,20.0,0.0,,4.0,8.3,,1012.7,,1.0
2025-03-07,17,24.7,0.9,21.0,0.0,,64.0,7.6,,1012.7,,1.0
2025-03-07,18,24.0,11.7,46.0,0.0,,90.0,3.6,,1012.4,,1.0
2025-03-07,19,22.6,4.1,30.0,0.0,,106.0,11.5,,1012.5,,1.0
2025-03-07,20,21.5,4.5,33.0,0.0,,116.0,11.2,,1011.9,,1.0
2025-03-07,21,22.0,13.1,57.0,0.0,,90.0,3.6,,1011.5,,1.0
2025-03-07,22,19.9,8.3,47.0,0.0,,131.0,9.0,,1011.0,,1.0
2025-03-07,23,19.6,9.2,51.0,0.0,,141.0,9.0,,1010.8,,1.0
2025-03-08,0,20.4,15.2,72.0,0.0,,180.0,3.6,,1011.0,,1.0
2025-03-08,1,18.8,9.8,56.0,0.0,,151.0,7.6,,1011.8,,1.0
2025-03-08,2,20.3,9.8,51.0,0.0,,174.0,8.3,,1012.7,,1.0
2025-03-08,3,24.0,19.3,75.0,0.0,,90.0,3.6,,1013.5,,1.0
2025-03-08,4,25.2,15.5,55.0,0.0,,211.0,8.6,,1013.7,,1.0
2025-03-08,5,27.9,13.1,40.0,0.0,,225.0,7.6,,1013.0,,1.0
2025-03-08,6,29.4,17.2,48.0,0.0,,90.0,3.6,,1012.1,,1.0
2025-03-08,7,32.0,5.5,19.0,0.0,,48.0,5.8,,1010.5,,1.0
2025-03-08,8,33.1,3.9,16.0,0.0,,38.0,7.9,,1008.9,,1.0
2025-03-08,9,33.0,9.1,23.0,0.0,,0.0,0.0,,1007.2,,1.0
2025-03-08,10,33.3,2.2,14.0,0.0,,38.0,11.2,,1006.2,,1.0
2025-03-08,11,33.3,2.2,14.0,0.0,,44.0,13.7,,1006.3,,1.0
2025-03-08,12,32.4,9.9,25.0,0.0,,0.0,0.0,,1006.8,,1.0
2025-03-08,13,30.4,0.9,15.0,0.0,,49.0,11.5,,1007.7,,1.0
2025-03-08,14,29.4,1.8,17.0,0.0,,54.0,11.5,,1008.6,,1.0
2025-03-08,15,26.6,12.6,42.0,0.0,,230.0,5.4,,1009.6,,1.0
2025-03-08,16,26.5,7.0,29.0,0.0,,111.0,10.8,,1010.9,,1.0
2025-03-08,17,25.9,7.5,31.0,0.0,,112.0,11.9,,1011.1,,1.0
2025-03-08,18,24.0,17.3,66.0,0.0,,140.0,5.4,,1011.8,,1.0
2025-03-08,19,22.6,8.7,41.0,0.0,,88.0,11.5,,1012.1,,1.0
2025-03-08,20,21.3,10.5,50.0,0.0,,103.0,10.4,,1011.6,,1.0
2025-03-08,21,22.0,16.9,73.0,0.0,,0.0,0.0,,1010.8,,1.0
2025-03-08,22,20.5,10.6,53.0,0.0,,132.0,11.5,,1010.5,,1.0
2025-03-08,23,20.0,11.7,59.0,0.0,,124.0,11.9,,1010.4,,1.0
2025-03-09,0,20.6,17.4,82.0,0.0,,0.0,0.0,,1010.6,,1.0
2025-03-09,1,19.3,11.8,62.0,0.0,,120.0,9.4,,1011.3,,3.0
2025-03-09,2,20.5,12.5,60.0,0.0,,110.0,10.1,,1012.3,,3.0
2025-03-09,3,24.2,15.9,60.0,0.0,,90.0,3.6,,1013.0,,3.0
2025-03-09,4,27.2,9.1,32.0,0.0,,108.0,10.1,,1013.1,,3.0
2025-03-09,5,29.9,7.1,24.0,0.0,,96.0,14.0,,1012.4,,3.0
2025-03-09,6,30.6,13.8,36.0,0.0,,90.0,3.6,,1011.8,,3.0
2025-03-09,7,32.9,2.9,15.0,0.0,,77.0,17.3,,1010.4,,2.0
2025-03-09,8,33.3,2.2,14.0,0.0,,74.0,18.7,,1009.3,,3.0
2025-03-09,9,33.6,8.3,21.0,0.0,,50.0,5.4,,1008.5,,3.0
2025-03-09,10,32.7,2.7,15.0,0.0,,81.0,18.0,,1008.2,,3.0
2025-03-09,11,31.9,3.0,16.0,0.0,,84.0,18.0,,1008.5,,3.0
2025-03-09,12,31.0,8.7,25.0,0.0,,90.0,5.4,,1009.2,,3.0
2025-03-09,13,28.8,5.6,23.0,0.0,,87.0,14.0,,1010.5,,3.0
2025-03-09,14,27.9,6.1,25.0,0.0,,90.0,14.0,,1011.6,,3.0
2025-03-09,15,26.4,18.0,60.0,0.0,,90.0,9.4,,1012.5,,1.0
2025-03-09,16,25.5,10.1,38.0,0.0,,101.0,19.8,,1013.8,,1.0
2025-03-09,17,23.8,14.2,55.0,0.0,,105.0,18.0,,1014.9,,1.0
2025-03-09,18,23.2,19.6,80.0,0.0,,90.0,7.6,,1015.3,,1.0
2025-03-09,19,21.1,16.5,75.0,0.0,,108.0,13.0,,1015.0,,1.0
2025-03-09,20,19.9,16.5,81.0,0.0,,109.0,11.9,,1014.4,,1.0
2025-03-09,21,20.4,16.8,80.0,0.0,,90.0,9.4,,1013.9,,1.0
2025-03-09,22,18.1,17.5,96.0,0.0,,106.0,14.0,,1013.3,,1.0
2025-03-09,23,17.9,16.9,94.0,0.0,,104.0,13.7,,1013.6,,3.0
2025-03-10,0,19.0,15.9,82.0,0.0,,90.0,9.4,,1014.1,,3.0
2025-03-10,1,17.1,16.3,95.0,0.0,,102.0,12.2,,1014.7,,3.0
2025-03-10,2,18.0,16.2,89.0,0.0,,103.0,13.0,,1015.8,,3.0
2025-03-10,3,20.8,16.4,76.0,0.0,,90.0,5.4,,1016.2,,2.0
2025-03-10,4,24.3,12.9,49.0,0.0,,91.0,10.8,,1015.8,,1.0
2025-03-10,5,27.6,10.3,34.0,0.0,,89.0,13.3,,1015.3,,1.0
2025-03-10,6,27.2,17.1,54.0,0.0,,50.0,7.6,,1014.5,,1.0
2025-03-10,7,30.8,5.3,20.0,0.0,,85.0,20.5,,1013.1,,1.0
2025-03-10,8,31.2,7.0,22.0,0.0,,85.0,19.8,,1012.2,,1.0
2025-03-10,9,30.0,15.7,42.0,0.0,,90.0,5.4,,1010.9,,1.0
2025-03-10,10,31.0,8.7,25.0,0.0,,83.0,20.9,,1010.1,,3.0
2025-03-10,11,30.4,8.7,26.0,0.0,,76.0,20.9,,1009.9,,3.0
2025-03-10,12,29.6,12.5,35.0,0.0,,50.0,5.4,,1010.7,,2.0
2025-03-10,13,27.3,9.6,33.0,0.0,,72.0,14.8,,1012.1,,1.0
2025-03-10,14,26.4,10.5,37.0,0.0,,91.0,14.4,,1013.5,,1.0
2025-03-10,15,26.2,14.6,49.0,0.0,,90.0,7.6,,1014.5,,1.0
2025-03-10,16,24.8,11.7,44.0,0.0,,94.0,13.7,,1015.6,,1.0
2025-03-10,17,23.7,12.0,48.0,0.0,,92.0,15.1,,1016.0,,3.0
2025-03-10,18,23.2,18.9,77.0,0.0,,90.0,7.6,,1015.8,,1.0
2025-03-10,19,20.9,13.8,64.0,0.0,,82.0,11.9,,1015.7,,3.0
2025-03-10,20,19.6,14.8,74.0,0.0,,78.0,11.5,,1014.9,,3.0
2025-03-10,21,21.0,18.0,83.0,0.0,,90.0,3.6,,1014.2,,3.0
2025-03-10,22,18.1,15.7,86.0,0.0,,71.0,11.5,,1013.6,,3.0
2025-03-10,23,18.1,14.8,81.0,0.0,,68.0,11.5,,1013.1,,3.0
2025-03-11,0,20.0,16.8,82.0,0.0,,90.0,5.4,,1013.5,,3.0
2025-03-11,1,17.2,13.1,77.0,0.0,,76.0,12.2,,1014.5,,3.0
2025-03-11,2,18.3,13.0,71.0,0.0,,79.0,11.9,,1015.5,,1.0
2025-03-11,3,22.0,16.7,72.0,0.0,,90.0,5.4,,1016.3,,1.0
2025-03-11,4,24.5,13.1,49.0,0.0,,86.0,15.5,,1016.2,,3.0
2025-03-11,5,27.9,9.2,31.0,0.0,,82.0,18.4,,1015.4,,1.0
2025-03-11,6,22.0,16.7,72.0,0.0,,90.0,5.4,,1014.6,,2.0
2025-03-11,7,30.5,9.4,27.0,0.0,,91.0,22.0,,1013.5,,2.0
2025-03-11,8,31.1,9.9,27.0,0.0,,86.0,22.0,,1012.1,,2.0
2025-03-11,9,31.2,19.5,50.0,0.0,,90.0,3.6,,1011.4,,3.0
2025-03-11,10,28.8,16.4,47.0,0.4,,89.0,24.8,,1011.0,,8.0
2025-03-11,11,26.9,17.9,58.0,0.7,,93.0,22.3,,1011.6,,17.0
2025-03-11,12,28.8,21.8,66.0,0.0,,90.0,3.6,,1012.2,,3.0
2025-03-11,13,25.0,18.2,66.0,0.0,,103.0,23.8,,1013.8,,3.0
2025-03-11,14,21.6,18.2,81.0,0.2,,112.0,22.7,,1016.0,,7.0
2025-03-11,15,24.0,21.1,84.0,0.0,,90.0,5.4,,1016.4,,3.0
2025-03-11,16,21.2,19.1,88.0,0.0,,110.0,13.3,,1016.9,,3.0
2025-03-11,17,20.8,19.3,91.0,0.0,,105.0,11.9,,1017.1,,3.0
2025-03-11,18,23.4,21.3,88.0,0.0,,90.0,7.6,,1016.6,,3.0
2025-03-11,19,20.3,19.3,94.0,0.0,,99.0,10.1,,1015.1,,3.0
2025-03-11,20,20.2,19.4,95.0,0.0,,105.0,10.8,,1014.1,,3.0
2025-03-11,21,22.4,19.4,83.0,0.0,,90.0,7.6,,1013.5,,3.0
2025-03-11,22,20.1,19.1,94.0,0.0,,96.0,9.4,,1012.9,,3.0
2025-03-11,23,19.9,19.1,95.0,0.0,,102.0,8.6,,1013.2,,3.0
2025-03-12,0,21.4,19.0,86.0,0.0,,90.0,3.6,,1013.4,,3.0
2025-03-12,1,19.7,18.7,94.0,0.0,,108.0,5.8,,1014.0,,3.0
2025-03-12,2,20.6,18.7,89.0,0.0,,108.0,6.8,,1014.8,,2.0
2025-03-12,3,24.8,20.5,77.0,0.0,,90.0,3.6,,1015.6,,3.0
2025-03-12,4,25.3,18.2,65.0,0.0,,109.0,9.7,,1015.9,,1.0
2025-03-12,5,27.9,16.8,51.0,0.0,,84.0,14.8,,1014.7,,1.0
2025-03-12,6,29.0,23.7,73.0,0.0,,90.0,9.4,,1013.2,,2.0
2025-03-12,7,30.4,14.9,39.0,0.0,,89.0,19.1,,1011.8,,1.0
2025-03-12,8,31.0,14.6,37.0,0.0,,90.0,19.4,,1010.6,,2.0
2025-03-12,9,31.6,20.5,52.0,0.0,,90.0,7.6,,1009.3,,3.0
2025-03-12,10,31.1,13.4,34.0,0.0,,86.0,18.4,,1008.4,,3.0
2025-03-12,11,30.4,13.2,35.0,0.0,,92.0,17.6,,1008.3,,3.0
2025-03-12,12,30.2,18.6,50.0,0.0,,90.0,5.4,,1009.2,,3.0
2025-03-12,13,27.5,15.2,47.0,0.0,,115.0,19.1,,1010.6,,3.0
2025-03-12,14,23.8,18.4,72.0,0.0,,137.0,19.8,,1013.0,,3.0
2025-03-12,15,23.6,19.7,79.0,0.0,,90.0,9.4,,1014.2,,3.0
2025-03-12,16,22.0,19.0,83.0,0.0,,133.0,12.6,,1015.3,,3.0
2025-03-12,17,21.2,18.8,86.0,0.0,,144.0,10.4,,1015.7,,3.0
2025-03-12,18,22.4,19.9,86.0,0.0,,50.0,7.6,,1015.0,,3.0
2025-03-12,19,20.6,18.7,89.0,0.0,,147.0,6.8,,1013.9,,3.0
2025-03-12,20,20.4,18.9,91.0,0.0,,165.0,5.4,,1013.1,,3.0
2025-03-12,21,20.0,19.0,94.0,0.0,,226.0,3.6,,1012.4,,3.0
2025-03-12,22,19.6,18.9,96.0,0.0,,217.0,2.9,,1012.0,,3.0
2025-03-12,23,19.2,18.7,97.0,0.0,,122.0,1.8,,1011.9,,3.0
2025-03-13,0,20.8,18.9,89.0,0.0,,0.0,0.0,,1012.5,,3.0
2025-03-13,1,18.3,18.3,100.0,0.0,,78.0,5.0,,1013.3,,3.0
2025-03-13,2,19.0,18.5,97.0,0.0,,80.0,7.2,,1014.1,,5.0
2025-03-13,3,25.4,19.1,68.0,0.0,,0.0,0.0,,1014.8,,5.0
2025-03-13,4,26.2,14.6,49.0,0.0,,101.0,7.2,,1015.0,,3.0
2025-03-13,5,29.3,8.9,28.0,0.0,,89.0,10.4,,1014.3,,3.0
2025-03-13,6,30.2,14.3,38.0,0.0,,90.0,3.6,,1013.1,,3.0
2025-03-13,7,32.9,2.9,15.0,0.0,,80.0,16.2,,1011.5,,3.0
2025-03-13,8,33.5,2.4,14.0,0.0,,82.0,19.1,,1009.8,,3.0
2025-03-13,9,33.8,8.4,21.0,0.0,,90.0,5.4,,1008.7,,3.0
2025-03-13,10,33.3,4.1,16.0,0.0,,88.0,19.1,,1008.1,,3.0
2025-03-13,11,32.5,5.1,18.0,0.0,,89.0,18.7,,1008.2,,3.0
2025-03-13,12,32.6,7.4,21.0,0.0,,90.0,3.6,,1008.7,,3.0
2025-03-13,13,30.0,3.9,19.0,0.0,,106.0,15.1,,1009.8,,2.0
2025-03-13,14,28.6,5.4,23.0,0.0,,103.0,13.0,,1010.8,,1.0
2025-03-13,15,27.4,20.2,65.0,0.0,,90.0,5.4,,1012.0,,1.0
2025-03-13,16,26.1,10.7,38.0,0.0,,136.0,11.2,,1012.9,,1.0
2025-03-13,17,25.2,12.1,44.0,0.0,,127.0,10.4,,1013.2,,1.0
2025-03-13,18,25.0,21.3,80.0,0.0,,140.0,5.4,,1013.1,,2.0
2025-03-13,19,23.9,13.2,51.0,0.0,,123.0,9.7,,1012.6,,3.0
2025-03-13,20,23.1,13.8,56.0,0.0,,135.0,7.2,,1011.9,,1.0
2025-03-13,21,23.0,19.4,80.0,0.0,,0.0,0.0,,1011.2,,2.0
2025-03-13,22,21.6,14.7,65.0,0.0,,182.0,5.8,,1011.1,,3.0
2025-03-13,23,21.1,15.0,68.0,0.0,,182.0,5.8,,1011.3,,2.0
2025-03-14,0,21.0,17.6,81.0,0.0,,0.0,0.0,,1011.9,,1.0
2025-03-14,1,20.3,15.7,75.0,0.0,,207.0,6.5,,1012.8,,1.0
2025-03-14,2,21.5,16.0,71.0,0.0,,203.0,7.9,,1014.0,,2.0
2025-03-14,3,25.2,19.8,72.0,0.0,,0.0,0.0,,1014.8,,2.0
2025-03-14,4,27.7,13.3,41.0,0.0,,171.0,6.8,,1014.8,,1.0
2025-03-14,5,30.6,8.3,25.0,0.0,,124.0,10.8,,1014.2,,1.0
2025-03-14,6,32.4,11.0,27.0,0.0,,90.0,3.6,,1013.1,,2.0
2025-03-14,7,33.4,3.2,15.0,0.0,,88.0,15.1,,1011.6,,2.0
2025-03-14,8,34.3,3.0,14.0,0.0,,84.0,17.3,,1010.1,,2.0
2025-03-14,9,34.8,9.3,21.0,0.0,,90.0,5.4,,1009.0,,3.0
2025-03-14,10,33.8,4.5,16.0,0.0,,74.0,18.7,,1008.5,,2.0
2025-03-14,11,33.3,5.8,18.0,0.0,,81.0,16.6,,1008.4,,2.0
2025-03-14,12,32.8,8.3,22.0,0.0,,50.0,5.4,,1008.9,,1.0
2025-03-14,13,30.9,6.7,22.0,0.0,,93.0,11.9,,1009.7,,1.0
2025-03-14,14,29.7,6.4,23.0,0.0,,120.0,12.2,,1010.7,,1.0
2025-03-14,15,27.8,16.4,50.0,0.0,,90.0,3.6,,1012.0,,1.0
2025-03-14,16,26.7,10.4,36.0,0.0,,129.0,16.2,,1013.3,,1.0
2025-03-14,17,25.8,12.6,44.0,0.0,,132.0,14.8,,1013.6,,1.0
2025-03-14,18,25.0,20.9,78.0,0.0,,90.0,3.6,,1013.3,,1.0
2025-03-14,21,22.4,18.8,80.0,,,0.0,0.0,,,,
2025-03-15,0,20.2,16.6,80.0,,,0.0,0.0,,1012.0,,
2025-03-15,3,25.0,13.9,50.0,,,,5.4,,,,
2025-03-15,6,31.6,8.6,24.0,,,0.0,0.0,,1013.2,,
2025-03-15,9,33.8,7.0,19.0,,,90.0,5.4,,,,
2025-03-15,12,32.4,5.0,18.0,,,90.0,5.4,,1009.7,,
2025-03-15,15,32.4,5.0,18.0,,,90.0,5.4,,,,
2025-03-15,18,24.0,19.5,76.0,,,90.0,3.6,,1014.2,,
2025-03-15,21,22.4,19.4,83.0,,,0.0,0.0,,,,
2025-03-16,0,20.4,17.6,84.0,,,0.0,0.0,,1013.2,,
2025-03-16,3,24.4,18.6,70.0,,,90.0,3.6,,,,
2025-03-16,6,30.8,20.7,55.0,,,0.0,0.0,,1013.3,,
2025-03-16,9,33.2,16.1,36.0,,,90.0,5.4,,,,
2025-03-16,12,32.0,14.6,35.0,,,0.0,0.0,,1009.2,,
2025-03-16,15,27.8,19.1,59.0,,,90.0,5.4,,,,
2025-03-16,18,25.2,20.9,77.0,,,50.0,7.6,,1013.5,,
2025-03-16,21,24.6,20.1,76.0,,,90.0,5.4,,,,
2025-03-17,0,24.0,19.7,77.0,,,50.0,5.4,,1012.2,,
2025-03-17,3,25.2,20.5,75.0,,,0.0,0.0,,,,
2025-03-17,6,31.4,24.0,65.0,,,90.0,3.6,,1012.9,,
2025-03-17,9,25.2,20.5,75.0,,,0.0,0.0,,,,
2025-03-17,12,33.0,15.1,34.0,,,90.0,5.4,,1008.4,,
2025-03-17,15,28.4,20.4,62.0,,,140.0,5.4,,,,
2025-03-17,18,26.0,20.3,71.0,,,0.0,0.0,,1013.0,,
2025-03-17,21,24.0,20.1,79.0,,,140.0,3.6,,,,
2025-03-18,0,23.0,19.4,80.0,,,0.0,0.0,,1012.4,,
2025-03-18,3,25.4,19.3,69.0,,,90.0,3.6,,,,
2025-03-18,6,31.4,21.3,55.0,,,90.0,3.6,,1013.1,,
2025-03-18,9,34.4,16.3,34.0,,,90.0,5.4,,,,
2025-03-18,12,32.6,11.2,27.0,,,50.0,5.4,,1009.1,,
2025-03-18,15,27.0,18.0,58.0,,,90.0,3.6,,,,
2025-03-18,18,25.0,20.7,77.0,,,90.0,5.4,,1014.3,,
2025-03-18,21,24.2,20.7,81.0,,,90.0,3.6,,,,
2025-03-19,0,23.8,20.1,80.0,,,90.0,3.6,,1013.5,,
2025-03-19,3,25.4,19.8,71.0,,,90.0,5.4,,,,
2025-03-19,6,25.4,19.8,71.0,,,90.0,5.4,,1014.6,,
2025-03-19,9,33.4,16.7,37.0,,,90.0,3.6,,,,
2025-03-19,12,31.0,14.6,37.0,,,90.0,5.4,,1010.8,,
2025-03-19,15,26.8,21.3,72.0,,,140.0,7.6,,,,
2025-03-19,18,24.4,20.1,77.0,,,140.0,9.4,,1015.9,,
2025-03-19,21,22.8,19.2,80.0,,,90.0,7.6,,,,
2025-03-20,0,22.0,18.4,80.0,,,140.0,5.4,,1015.4,,
2025-03-20,3,24.8,19.2,71.0,,,90.0,3.6,,,,
2025-03-20,6,29.0,20.2,59.0,,,90.0,5.4,,1016.0,,
2025-03-20,9,33.6,13.6,30.0,,,140.0,5.4,,,,
2025-03-20,12,31.0,11.4,30.0,,,140.0,3.6,,1011.6,,
2025-03-20,15,27.0,15.1,48.0,,,90.0,5.4,,,,
2025-03-20,18,25.0,18.0,65.0,,,50.0,7.6,,1016.3,,
2025-03-20,21,23.2,18.9,77.0,,,90.0,5.4,,,,
2025-03-21,0,22.2,19.2,83.0,,,50.0,5.4,,1015.4,,
2025-03-21,3,24.8,19.6,73.0,,,140.0,5.4,,,,
2025-03-21,6,30.0,23.0,66.0,,,140.0,3.6,,1016.2,,
2025-03-21,9,31.4,17.0,42.0,,,140.0,3.6,,,,
2025-03-21,12,30.8,15.6,40.0,,,90.0,3.6,,1011.3,,
2025-03-21,14,28.1,15.1,45.0,,,137.0,14.8,,1014.0,,
2025-03-21,15,27.0,18.6,60.0,0.0,,140.0,5.4,,1015.0,,2.0
2025-03-21,16,26.5,15.8,52.0,0.0,,146.0,12.2,,1015.5,,1.0
2025-03-21,17,26.0,15.7,53.0,0.0,,148.0,13.7,,1015.7,,2.0
2025-03-21,18,25.4,21.3,78.0,0.0,,140.0,5.4,,1015.6,,3.0
2025-03-21,19,23.4,18.1,72.0,0.0,,143.0,14.4,,1015.4,,1.0
2025-03-21,20,22.5,18.7,79.0,0.0,,151.0,13.0,,1015.0,,1.0
2025-03-21,21,24.0,20.1,79.0,0.0,,140.0,3.6,,1014.5,,1.0
2025-03-21,22,21.8,19.0,84.0,0.0,,173.0,9.0,,1014.0,,1.0
2025-03-21,23,21.8,19.0,84.0,0.0,,193.0,9.0,,1014.2,,1.0
2025-03-22,0,23.4,19.8,80.0,0.0,,140.0,3.6,,1014.9,,1.0
2025-03-22,1,21.2,19.3,89.0,0.0,,200.0,6.8,,1015.5,,1.0
2025-03-22,2,22.2,19.2,83.0,0.0,,209.0,8.3,,1016.3,,1.0
2025-03-22,3,25.4,19.3,69.0,0.0,,140.0,3.6,,1016.7,,1.0
2025-03-22,4,26.7,18.3,60.0,0.0,,204.0,9.4,,1016.8,,3.0
2025-03-22,5,28.8,17.7,51.0,0.0,,190.0,5.4,,1016.3,,2.0
2025-03-22,6,29.8,23.0,67.0,0.0,,140.0,3.6,,1015.2,,2.0
2025-03-22,7,31.6,16.0,39.0,0.0,,79.0,7.2,,1013.8,,2.0
2025-03-22,8,32.0,15.5,37.0,0.0,,67.0,9.7,,1012.5,,3.0
2025-03-22,9,32.6,19.8,47.0,1.1,,140.0,5.4,,1011.9,,9.0
2025-03-22,10,24.0,18.9,73.0,8.8,,161.0,25.6,,1012.2,,9.0
2025-03-22,11,23.4,19.8,80.0,6.3,,9.0,13.7,,1012.3,,9.0
2025-03-22,12,23.0,20.9,88.0,2.3,,140.0,5.4,,1012.8,,18.0
2025-03-22,13,20.9,19.2,90.0,13.1,,261.0,16.2,,1015.7,,18.0
2025-03-22,14,21.4,19.3,88.0,1.2,,78.0,7.2,,1015.5,,9.0
2025-03-22,15,21.0,19.5,91.0,0.6,,140.0,5.4,,1017.0,,17.0
2025-03-22,16,20.7,19.4,92.0,0.6,,146.0,16.2,,1017.8,,17.0
2025-03-22,17,20.8,19.1,90.0,0.0,,143.0,14.0,,1017.6,,3.0
2025-03-22,18,20.4,18.9,91.0,0.0,,140.0,5.4,,1016.9,,3.0
2025-03-22,19,21.0,19.5,91.0,0.0,,136.0,8.3,,1016.0,,3.0
2025-03-22,20,20.8,19.3,91.0,0.0,,144.0,9.7,,1014.9,,3.0
2025-03-22,21,20.0,18.5,91.0,0.0,,140.0,3.6,,1014.2,,3.0
2025-03-22,22,20.5,19.2,92.0,0.0,,152.0,6.8,,1013.8,,3.0
2025-03-22,23,20.3,19.1,93.0,0.0,,156.0,6.1,,1013.9,,2.0
2025-03-23,0,20.0,18.5,91.0,0.0,,0.0,0.0,,1014.5,,1.0
2025-03-23,1,20.2,19.7,97.0,0.0,,146.0,7.9,,1015.9,,1.0
2025-03-23,2,21.1,19.9,93.0,0.0,,141.0,13.0,,1016.8,,3.0
2025-03-23,3,22.4,19.4,83.0,0.0,,147.0,3.6,,1017.3,,3.0
2025-03-23,4,25.0,19.4,71.0,0.0,,144.0,10.1,,1017.5,,3.0
2025-03-23,5,26.5,19.1,64.0,0.0,,135.0,9.4,,1017.2,,2.0
2025-03-23,6,26.6,20.7,70.0,0.0,,90.0,5.4,,1016.0,,1.0
2025-03-23,7,28.6,17.5,51.0,0.0,,119.0,10.1,,1014.6,,2.0
2025-03-23,8,29.3,17.2,48.0,0.0,,124.0,11.2,,1013.3,,2.0
2025-03-23,9,30.2,21.3,59.0,0.0,,90.0,3.6,,1012.1,,2.0
2025-03-23,10,27.1,17.3,55.0,0.2,,116.0,14.0,,1012.1,,17.0
2025-03-23,11,27.3,16.9,53.0,0.0,,113.0,14.8,,1011.7,,3.0
2025-03-23,12,29.2,20.9,61.0,0.0,,0.0,0.0,,1012.5,,3.0
2025-03-23,13,24.6,18.8,70.0,0.0,,139.0,11.9,,1013.8,,3.0
2025-03-23,14,22.3,18.7,80.0,2.6,,237.0,13.3,,1015.8,,18.0
2025-03-23,15,26.4,20.3,69.0,0.4,,90.0,3.6,,1016.2,,8.0
2025-03-23,16,21.2,18.4,84.0,0.7,,152.0,8.3,,1017.3,,17.0
2025-03-23,17,21.1,18.5,85.0,0.0,,142.0,8.6,,1017.3,,2.0
2025-03-23,18,24.4,20.5,79.0,0.0,,90.0,9.4,,1017.1,,2.0
2025-03-23,19,20.5,18.4,88.0,0.0,,150.0,11.2,,1016.3,,1.0
2025-03-23,20,20.1,18.6,91.0,0.0,,144.0,9.4,,1015.2,,1.0
2025-03-23,21,23.6,19.9,80.0,0.0,,90.0,5.4,,1014.4,,1.0
2025-03-23,22,20.2,19.4,95.0,0.0,,178.0,5.8,,1014.3,,2.0
2025-03-23,23,19.9,19.4,97.0,0.0,,168.0,5.8,,1014.6,,3.0
2025-03-24,0,23.0,19.4,80.0,0.0,,140.0,3.6,,1015.2,,1.0
2025-03-24,1,19.9,19.6,98.0,0.0,,79.0,4.3,,1015.8,,2.0
2025-03-24,2,21.2,19.7,91.0,0.0,,110.0,5.0,,1016.6,,3.0
2025-03-24,3,24.2,19.5,75.0,0.0,,0.0,0.0,,1017.3,,2.0
2025-03-24,4,25.0,19.6,72.0,0.0,,122.0,4.7,,1017.2,,1.0
2025-03-24,5,26.7,18.8,62.0,0.0,,91.0,6.5,,1016.3,,1.0
2025-03-24,6,28.8,21.8,66.0,0.0,,90.0,5.4,,1015.1,,2.0
2025-03-24,7,29.5,16.3,45.0,0.0,,93.0,10.8,,1013.5,,2.0
2025-03-24,8,30.7,14.8,38.0,0.0,,93.0,14.8,,1011.9,,2.0
2025-03-24,9,31.4,15.0,37.0,0.0,,90.0,5.4,,1010.9,,2.0
2025-03-24,10,31.1,13.8,35.0,0.0,,88.0,15.1,,1010.1,,2.0
2025-03-24,11,30.5,13.7,36.0,0.0,,95.0,13.3,,1010.0,,2.0
2025-03-24,12,30.8,15.6,40.0,0.0,,0.0,0.0,,1010.3,,2.0
2025-03-24,13,27.4,14.8,46.0,0.0,,112.0,8.6,,1011.2,,2.0
2025-03-24,14,26.3,14.7,49.0,0.0,,107.0,9.7,,1012.3,,2.0
2025-03-24,15,27.2,19.0,61.0,0.0,,50.0,5.4,,1013.3,,2.0
2025-03-24,16,24.3,15.0,56.0,0.0,,127.0,14.0,,1014.4,,2.0
2025-03-24,17,23.2,17.0,68.0,0.0,,131.0,11.9,,1015.1,,1.0
2025-03-24,18,24.8,19.6,73.0,0.0,,90.0,9.4,,1014.7,,1.0
2025-03-24,19,21.6,17.8,79.0,0.0,,120.0,11.2,,1014.0,,1.0
2025-03-24,20,21.0,18.8,87.0,0.0,,117.0,10.1,,1013.3,,1.0
2025-03-24,21,23.0,20.3,85.0,0.0,,90.0,5.4,,1012.6,,1.0
2025-03-24,22,20.1,19.6,97.0,0.0,,124.0,7.6,,1012.2,,1.0
2025-03-24,23,20.1,19.8,98.0,0.0,,128.0,8.3,,1012.4,,3.0
2025-03-25,0,21.8,20.6,93.0,0.0,,0.0,0.0,,1012.7,,3.0
2025-03-25,1,20.0,19.7,98.0,0.0,,149.0,7.2,,1013.3,,5.0
2025-03-25,2,20.7,19.5,93.0,0.0,,147.0,7.2,,1014.0,,3.0
2025-03-25,3,24.4,19.2,73.0,0.0,,0.0,0.0,,1014.6,,2.0
2025-03-25,4,25.6,18.3,64.0,0.0,,179.0,5.0,,1014.7,,1.0
2025-03-25,5,27.8,16.1,49.0,0.0,,135.0,3.6,,1013.9,,1.0
2025-03-25,6,30.2,15.9,42.0,0.0,,0.0,0.0,,1012.8,,1.0
2025-03-25,7,30.2,12.6,34.0,0.0,,102.0,8.6,,1011.4,,2.0
2025-03-25,8,31.3,12.6,32.0,0.0,,112.0,9.0,,1009.7,,1.0
2025-03-25,9,32.2,16.1,38.0,0.0,,90.0,3.6,,1008.5,,2.0
2025-03-25,10,31.7,11.0,28.0,0.0,,100.0,11.5,,1007.5,,2.0
2025-03-25,11,31.6,9.8,26.0,0.0,,102.0,11.2,,1007.3,,2.0
2025-03-25,12,31.0,13.3,34.0,0.0,,90.0,3.6,,1007.7,,2.0
2025-03-25,13,29.0,10.6,32.0,0.0,,123.0,11.2,,1008.5,,3.0
2025-03-25,14,27.1,11.6,38.0,0.0,,143.0,8.6,,1009.8,,3.0
2025-03-25,15,27.0,18.0,58.0,0.0,,90.0,3.6,,1010.7,,2.0
2025-03-25,16,25.1,12.7,46.0,0.0,,143.0,14.4,,1012.0,,1.0
2025-03-25,17,24.3,12.9,49.0,0.0,,142.0,11.9,,1012.3,,1.0
2025-03-25,18,25.0,19.6,72.0,0.0,,140.0,7.6,,1012.3,,2.0
2025-03-25,19,21.9,14.5,63.0,0.0,,125.0,9.7,,1011.5,,1.0
2025-03-25,20,21.2,15.5,70.0,0.0,,131.0,7.6,,1011.2,,1.0
2025-03-25,21,23.8,20.1,80.0,0.0,,0.0,0.0,,1010.5,,1.0
2025-03-25,22,20.2,16.8,81.0,0.0,,156.0,5.4,,1010.1,,1.0
2025-03-25,23,20.0,16.6,81.0,0.0,,146.0,6.8,,1010.2,,1.0
2025-03-26,0,23.2,19.6,80.0,0.0,,0.0,0.0,,1010.7,,1.0
2025-03-26,1,19.8,16.1,79.0,0.0,,161.0,5.4,,1011.3,,1.0
2025-03-26,2,21.8,15.9,69.0,0.0,,174.0,7.2,,1012.3,,1.0
2025-03-26,3,25.2,20.2,74.0,0.0,,90.0,3.6,,1013.0,,1.0
2025-03-26,4,26.5,16.4,54.0,0.0,,212.0,8.6,,1013.0,,1.0
2025-03-26,5,28.6,14.1,41.0,0.0,,175.0,5.4,,1012.4,,1.0
2025-03-26,6,30.0,19.1,52.0,0.0,,90.0,7.6,,1011.5,,2.0
2025-03-26,7,31.5,11.3,29.0,0.0,,86.0,7.2,,1010.1,,3.0
2025-03-26,8,32.5,9.9,25.0,0.0,,100.0,9.4,,1008.5,,1.0
2025-03-26,9,32.4,15.0,35.0,0.0,,140.0,5.4,,1007.1,,2.0
2025-03-26,10,33.4,8.1,21.0,0.0,,87.0,11.5,,1006.5,,3.0
2025-03-26,11,32.8,7.6,21.0,0.0,,83.0,11.2,,1006.2,,2.0
2025-03-26,12,31.6,11.9,30.0,0.0,,50.0,5.4,,1006.6,,3.0
2025-03-26,13,30.5,8.3,25.0,0.0,,137.0,16.9,,1007.4,,2.0
2025-03-26,14,29.2,7.7,26.0,0.0,,128.0,11.2,,1008.3,,2.0
2025-03-26,15,28.2,12.5,38.0,0.0,,90.0,7.6,,1009.6,,1.0
2025-03-26,16,26.3,8.7,33.0,0.0,,129.0,10.4,,1011.0,,3.0
2025-03-26,17,25.3,10.7,40.0,0.0,,155.0,12.6,,1011.5,,2.0
2025-03-26,18,25.4,14.8,52.0,0.0,,90.0,7.6,,1012.7,,1.0
2025-03-26,19,23.0,14.6,59.0,0.0,,135.0,12.2,,1012.7,,3.0
2025-03-26,20,22.2,13.3,57.0,0.0,,132.0,6.5,,1011.4,,1.0
2025-03-26,21,24.2,17.7,67.0,0.0,,0.0,0.0,,1010.7,,1.0
2025-03-26,22,21.9,14.8,64.0,0.0,,225.0,6.5,,1010.4,,1.0
2025-03-26,23,21.5,16.0,71.0,0.0,,223.0,6.5,,1010.4,,1.0
2025-03-27,0,23.6,19.7,79.0,0.0,,0.0,0.0,,1010.8,,1.0
2025-03-27,1,21.0,16.4,75.0,0.0,,269.0,5.0,,1011.5,,1.0
2025-03-27,2,22.5,16.8,70.0,0.0,,288.0,7.2,,1012.2,,1.0
2025-03-27,3,25.8,19.4,68.0,0.0,,0.0,0.0,,1012.8,,1.0
2025-03-27,4,27.6,15.3,47.0,0.0,,268.0,9.7,,1012.7,,1.0
2025-03-27,5,29.8,13.6,37.0,0.0,,274.0,6.8,,1012.0,,1.0
2025-03-27,6,30.4,19.4,52.0,0.0,,230.0,5.4,,1011.2,,2.0
2025-03-27,7,32.7,9.5,24.0,0.0,,343.0,7.6,,1009.7,,2.0
2025-03-27,8,33.5,9.5,23.0,0.0,,352.0,9.4,,1008.2,,2.0
2025-03-27,9,32.0,16.7,40.0,0.0,,230.0,3.6,,1007.0,,1.0
2025-03-27,10,33.1,8.5,22.0,0.0,,13.0,10.4,,1006.3,,2.0
2025-03-27,11,32.8,5.4,18.0,0.0,,358.0,15.8,,1006.2,,3.0
2025-03-27,12,31.4,16.2,40.0,0.0,,0.0,0.0,,1006.0,,2.0
2025-03-27,13,31.4,6.5,21.0,0.0,,22.0,12.6,,1006.7,,2.0
2025-03-27,14,29.9,7.1,24.0,0.0,,6.0,9.7,,1007.8,,1.0
2025-03-27,15,27.4,15.7,49.0,0.0,,0.0,0.0,,1009.0,,1.0
2025-03-27,16,26.7,11.2,38.0,0.0,,23.0,6.5,,1009.9,,2.0
2025-03-27,17,26.1,11.1,39.0,0.0,,50.0,9.0,,1010.2,,1.0
2025-03-27,18,25.8,19.9,70.0,0.0,,90.0,5.4,,1010.7,,1.0
2025-03-27,19,24.2,11.9,46.0,0.0,,122.0,14.4,,1010.9,,1.0
2025-03-27,20,23.3,12.9,52.0,0.0,,126.0,12.6,,1010.3,,1.0
2025-03-27,21,24.6,19.2,72.0,0.0,,140.0,3.6,,1009.5,,1.0
2025-03-27,22,22.8,12.7,53.0,0.0,,171.0,10.4,,1009.2,,1.0
2025-03-27,23,22.4,13.2,56.0,0.0,,192.0,9.4,,1009.5,,1.0
2025-03-28,0,24.0,20.1,79.0,0.0,,180.0,5.4,,1010.3,,1.0
2025-03-28,1,21.3,16.5,74.0,0.0,,224.0,7.9,,1011.1,,1.0
2025-03-28,2,22.4,17.5,74.0,0.0,,238.0,6.5,,1012.2,,1.0
2025-03-28,3,25.6,20.4,73.0,0.0,,230.0,3.6,,1012.7,,1.0
2025-03-28,4,27.4,17.0,53.0,0.0,,221.0,8.6,,1012.9,,1.0
2025-03-28,5,29.7,14.3,39.0,0.0,,207.0,7.6,,1012.3,,1.0
2025-03-28,6,30.8,22.4,61.0,0.0,,230.0,3.6,,1011.2,,2.0
2025-03-28,7,32.5,10.5,26.0,0.0,,32.0,3.2,,1009.8,,2.0
2025-03-28,8,33.9,9.2,22.0,0.0,,63.0,13.0,,1007.8,,2.0
2025-03-28,9,33.0,15.5,35.0,0.0,,50.0,7.6,,1006.1,,2.0
2025-03-28,10,34.4,7.5,19.0,0.0,,61.0,16.6,,1005.4,,3.0
2025-03-28,11,33.3,8.0,21.0,0.0,,80.0,16.6,,1005.4,,3.0
2025-03-28,12,32.0,13.7,33.0,0.0,,90.0,3.6,,1005.8,,3.0
2025-03-28,13,31.0,9.3,26.0,0.0,,113.0,14.4,,1006.7,,3.0
2025-03-28,14,30.1,10.1,29.0,0.0,,118.0,11.5,,1007.6,,1.0
2025-03-28,15,28.6,14.1,41.0,0.0,,50.0,9.4,,1008.5,,1.0
2025-03-28,16,27.9,9.7,32.0,0.0,,108.0,14.4,,1009.9,,1.0
2025-03-28,17,26.6,11.1,38.0,0.0,,128.0,14.0,,1010.5,,1.0
2025-03-28,18,26.4,13.9,46.0,0.0,,90.0,5.4,,1011.4,,1.0
2025-03-28,19,24.3,13.8,52.0,0.0,,131.0,10.1,,1011.0,,1.0
2025-03-28,20,23.7,13.8,54.0,0.0,,146.0,10.1,,1010.2,,1.0
2025-03-28,21,23.8,15.8,61.0,0.0,,50.0,5.4,,1009.1,,1.0
2025-03-28,22,23.2,13.4,54.0,0.0,,172.0,8.6,,1008.7,,1.0
2025-03-28,23,23.1,12.4,51.0,0.0,,190.0,7.9,,1009.0,,1.0
2025-03-29,0,22.6,17.1,71.0,0.0,,0.0,0.0,,1009.7,,1.0
2025-03-29,1,21.8,12.9,57.0,0.0,,247.0,5.8,,1010.7,,1.0
2025-03-29,2,23.4,13.6,54.0,0.0,,246.0,7.2,,1011.4,,1.0
2025-03-29,3,26.4,20.3,69.0,0.0,,180.0,3.6,,1012.1,,1.0
2025-03-29,4,28.7,12.2,36.0,0.0,,204.0,8.6,,1012.2,,1.0
2025-03-29,5,30.6,10.5,29.0,0.0,,171.0,8.6,,1011.7,,2.0
2025-03-29,6,31.6,12.9,32.0,0.0,,90.0,7.6,,1010.8,,2.0
2025-03-29,7,33.6,7.6,20.0,0.0,,104.0,9.7,,1009.3,,3.0
2025-03-29,8,34.2,6.5,18.0,0.0,,86.0,12.2,,1008.0,,2.0
2025-03-29,9,34.0,11.2,25.0,0.0,,90.0,5.4,,1007.0,,2.0
2025-03-29,10,34.4,4.0,15.0,0.0,,79.0,16.2,,1006.3,,2.0
2025-03-29,11,33.6,4.3,16.0,0.0,,85.0,16.2,,1006.0,,2.0
2025-03-29,12,32.6,7.4,21.0,0.0,,90.0,3.6,,1006.4,,1.0
2025-03-29,13,31.4,5.0,19.0,0.0,,98.0,13.3,,1007.1,,1.0
2025-03-29,14,29.8,5.1,21.0,0.0,,119.0,11.5,,1008.4,,1.0
2025-03-29,15,28.6,12.1,36.0,0.0,,90.0,5.4,,1009.0,,1.0
2025-03-29,16,27.5,6.8,27.0,0.0,,143.0,16.9,,1010.6,,1.0
2025-03-29,17,26.4,8.4,32.0,0.0,,132.0,14.8,,1011.6,,1.0
2025-03-29,18,26.0,14.1,48.0,0.0,,90.0,3.6,,1011.8,,1.0
2025-03-29,19,24.7,9.0,37.0,0.0,,129.0,10.4,,1010.9,,1.0
2025-03-29,20,23.9,9.1,39.0,0.0,,128.0,10.1,,1010.4,,1.0
2025-03-29,21,23.6,13.5,53.0,0.0,,90.0,3.6,,1010.1,,1.0
2025-03-29,22,22.7,8.8,41.0,0.0,,132.0,9.7,,1009.8,,1.0
2025-03-29,23,22.4,7.8,39.0,0.0,,137.0,10.4,,1009.8,,1.0
2025-03-30,0,22.2,13.5,58.0,0.0,,90.0,3.6,,1010.4,,1.0
2025-03-30,1,21.6,4.6,33.0,0.0,,156.0,9.0,,1011.3,,1.0
2025-03-30,2,23.1,4.6,30.0,0.0,,164.0,10.1,,1012.1,,1.0
2025-03-30,3,25.8,18.5,64.0,0.0,,140.0,3.6,,1012.7,,1.0
2025-03-30,4,28.7,3.5,20.0,0.0,,180.0,9.7,,1012.6,,1.0
2025-03-30,5,31.0,4.7,19.0,0.0,,153.0,9.4,,1012.5,,1.0
2025-03-30,6,31.4,11.7,30.0,0.0,,230.0,3.6,,1011.4,,1.0
2025-03-30,7,33.8,2.6,14.0,0.0,,100.0,13.3,,1010.3,,1.0
2025-03-30,8,34.1,3.8,15.0,0.0,,92.0,16.6,,1009.2,,1.0
2025-03-30,9,34.0,8.6,21.0,0.0,,140.0,5.4,,1008.1,,2.0
2025-03-30,10,33.9,4.6,16.0,0.0,,91.0,18.4,,1007.6,,3.0
2025-03-30,11,33.5,5.1,17.0,0.0,,84.0,18.4,,1007.2,,1.0
2025-03-30,12,31.2,7.6,23.0,0.0,,140.0,7.6,,1007.7,,1.0
2025-03-30,13,30.8,5.3,20.0,0.0,,87.0,14.0,,1008.6,,1.0
2025-03-30,14,29.4,6.7,24.0,0.0,,118.0,16.2,,1009.7,,2.0
2025-03-30,15,27.4,7.8,29.0,0.0,,90.0,3.6,,1011.2,,2.0
2025-03-30,16,26.4,8.8,33.0,0.0,,135.0,15.1,,1012.2,,1.0
2025-03-30,17,25.6,9.4,36.0,0.0,,131.0,14.0,,1012.9,,1.0
2025-03-30,18,25.0,9.3,37.0,0.0,,90.0,3.6,,1012.7,,1.0
2025-03-30,19,24.2,10.1,41.0,0.0,,128.0,11.5,,1012.2,,1.0
2025-03-30,20,23.9,8.7,38.0,0.0,,126.0,11.5,,1011.4,,1.0
2025-03-30,21,23.4,12.7,51.0,0.0,,90.0,3.6,,1010.6,,1.0
2025-03-30,22,22.8,9.6,43.0,0.0,,127.0,10.8,,1010.2,,1.0
2025-03-30,23,22.4,9.5,44.0,0.0,,132.0,8.6,,1010.3,,1.0
2025-03-31,0,21.6,13.8,61.0,0.0,,0.0,0.0,,1010.7,,1.0
2025-03-31,1,21.4,10.8,51.0,0.0,,155.0,5.8,,1011.3,,1.0
2025-03-31,2,23.0,10.8,46.0,0.0,,252.0,5.4,,1012.7,,1.0
2025-03-31,3,26.2,11.9,41.0,0.0,,0.0,0.0,,1013.1,,1.0
2025-03-31,4,28.5,8.7,29.0,0.0,,216.0,4.7,,1012.9,,1.0
2025-03-31,5,30.7,6.5,22.0,0.0,,156.0,5.0,,1012.3,,1.0
2025-03-31,6,32.0,10.7,27.0,0.0,,101.0,3.6,,1011.5,,1.0
2025-03-31,7,33.2,6.5,19.0,0.0,,84.0,11.9,,1010.3,,1.0
2025-03-31,8,32.9,7.7,21.0,0.0,,79.0,19.4,,1009.3,,2.0
2025-03-31,9,32.8,11.9,28.0,0.0,,140.0,3.6,,1008.0,,2.0
2025-03-31,10,33.7,6.9,19.0,0.0,,66.0,16.9,,1006.8,,3.0
2025-03-31,11,33.3,5.8,18.0,0.0,,78.0,20.2,,1006.6,,3.0
2025-03-31,12,31.6,11.9,30.0,0.0,,140.0,3.6,,1007.1,,3.0
2025-03-31,13,30.2,9.1,27.0,0.0,,102.0,15.5,,1007.9,,2.0
2025-03-31,14,28.7,9.9,31.0,0.0,,103.0,16.6,,1009.2,,2.0
2025-03-31,15,28.0,12.8,39.0,0.0,,90.0,5.4,,1010.1,,1.0
2025-03-31,16,26.6,12.6,42.0,0.0,,107.0,14.4,,1011.5,,1.0
2025-03-31,17,25.3,13.2,47.0,0.0,,115.0,14.0,,1011.9,,1.0
2025-03-31,18,25.4,20.6,75.0,0.0,,90.0,3.6,,1011.8,,1.0
2025-03-31,19,23.3,14.0,56.0,0.0,,109.0,13.7,,1011.5,,2.0
2025-03-31,20,22.1,15.0,64.0,0.0,,107.0,13.0,,1011.0,,3.0
2025-03-31,21,24.0,19.5,76.0,0.0,,140.0,3.6,,1010.1,,1.0
2025-03-31,22,20.2,17.6,85.0,0.0,,135.0,10.4,,1010.2,,1.0
2025-03-31,23,19.7,18.0,90.0,0.0,,154.0,9.4,,1010.9,,1.0
2025-04-01,0,22.8,19.2,80.0,0.0,,140.0,5.4,,1011.1,,1.0
2025-04-01,1,19.5,17.1,86.0,0.0,,144.0,8.3,,1011.4,,1.0
2025-04-01,2,21.1,17.3,79.0,0.0,,150.0,9.0,,1011.9,,1.0
2025-04-01,3,22.4,18.8,80.0,0.0,,90.0,5.4,,1012.2,,1.0
2025-04-01,4,26.5,16.1,53.0,0.0,,179.0,6.1,,1012.5,,1.0
2025-04-01,5,29.0,13.7,39.0,0.0,,74.0,4.0,,1011.8,,1.0
2025-04-01,6,28.2,22.2,70.0,0.0,,140.0,3.6,,1011.2,,1.0
2025-04-01,7,32.0,9.5,25.0,0.0,,34.0,11.2,,1009.7,,1.0
2025-04-01,8,32.5,9.3,24.0,0.0,,42.0,13.0,,1008.3,,3.0
2025-04-01,9,31.8,16.9,41.0,0.0,,50.0,3.6,,1007.1,,3.0
2025-04-01,10,32.3,8.5,23.0,0.0,,73.0,15.8,,1006.5,,2.0
2025-04-01,11,31.6,7.9,23.0,0.0,,71.0,14.4,,1006.0,,2.0
2025-04-01,12,30.0,14.1,38.0,0.0,,90.0,3.6,,1006.3,,2.0
2025-04-01,13,28.4,10.6,33.0,0.0,,110.0,15.1,,1007.7,,1.0
2025-04-01,14,27.5,11.1,36.0,0.0,,97.0,15.5,,1008.7,,1.0
2025-04-01,15,26.6,15.3,50.0,0.0,,140.0,7.6,,1009.7,,1.0
2025-04-01,16,26.0,12.5,43.0,0.0,,117.0,14.4,,1010.2,,1.0
2025-04-01,17,24.8,13.4,49.0,0.0,,132.0,18.7,,1011.5,,1.0
2025-04-01,18,24.2,18.6,71.0,0.0,,50.0,5.4,,1011.8,,1.0
2025-04-01,19,21.8,17.0,74.0,0.0,,130.0,15.5,,1011.7,,1.0
2025-04-01,20,21.1,17.5,80.0,0.0,,144.0,13.7,,1011.4,,3.0
2025-04-01,21,22.2,20.1,88.0,0.0,,90.0,7.6,,1011.0,,3.0
2025-04-01,22,20.4,18.9,91.0,0.0,,129.0,9.4,,1010.4,,3.0
2025-04-01,23,20.2,19.0,93.0,0.0,,142.0,10.1,,1010.5,,3.0
2025-04-02,0,21.4,19.0,86.0,0.0,,50.0,5.4,,1011.0,,2.0
2025-04-02,1,20.3,18.8,91.0,0.0,,152.0,9.7,,1011.8,,3.0
2025-04-02,2,21.6,18.4,82.0,0.0,,162.0,12.2,,1012.5,,1.0
2025-04-02,3,25.0,18.9,69.0,0.0,,140.0,5.4,,1012.9,,2.0
2025-04-02,4,26.2,17.0,57.0,0.0,,160.0,12.2,,1013.0,,2.0
2025-04-02,5,28.2,16.2,48.0,0.0,,155.0,11.5,,1012.6,,2.0
2025-04-02,6,30.0,21.4,60.0,0.0,,140.0,5.4,,1011.8,,2.0
2025-04-02,7,31.2,13.9,35.0,0.0,,143.0,11.2,,1010.9,,2.0
2025-04-02,8,32.2,13.4,32.0,0.2,,134.0,11.9,,1009.2,,17.0
2025-04-02,9,31.8,18.4,45.0,0.0,,90.0,5.4,,1008.0,,2.0
2025-04-02,10,32.0,13.7,33.0,0.0,,115.0,11.9,,1007.4,,2.0
2025-04-02,11,31.2,13.5,34.0,0.0,,114.0,12.2,,1007.1,,2.0
2025-04-02,12,29.8,17.6,48.0,0.0,,90.0,3.6,,1007.8,,2.0
2025-04-02,13,28.7,14.2,41.0,0.0,,130.0,12.6,,1009.6,,2.0
2025-04-02,14,27.9,14.9,45.0,0.0,,134.0,11.5,,1010.5,,2.0
2025-04-02,15,27.0,18.6,60.0,0.0,,140.0,5.4,,1011.4,,3.0
2025-04-02,16,25.5,16.4,57.0,0.0,,138.0,13.7,,1012.8,,3.0
2025-04-02,17,24.4,17.4,65.0,0.0,,152.0,15.1,,1013.9,,2.0
2025-04-02,18,25.2,21.1,78.0,0.0,,90.0,3.6,,1014.1,,2.0
2025-04-02,19,23.2,18.1,73.0,0.0,,155.0,11.5,,1013.7,,2.0
2025-04-02,20,22.6,18.6,78.0,0.0,,146.0,13.3,,1013.4,,2.0
2025-04-02,21,23.6,19.9,80.0,0.0,,140.0,7.6,,1012.7,,3.0
2025-04-02,22,21.5,18.7,84.0,0.0,,152.0,7.2,,1012.1,,2.0
2025-04-02,23,21.2,18.9,87.0,0.0,,113.0,9.0,,1012.7,,2.0
2025-04-03,0,23.2,20.2,83.0,0.8,,140.0,5.4,,1013.3,,8.0
2025-04-03,1,19.4,18.6,95.0,0.8,,93.0,11.2,,1014.5,,17.0
2025-04-03,2,19.9,18.6,92.0,1.6,,172.0,7.6,,1015.8,,18.0
2025-04-03,3,24.4,20.9,81.0,0.0,,140.0,3.6,,1016.2,,3.0
2025-04-03,4,24.3,18.9,72.0,0.0,,132.0,6.1,,1016.2,,3.0
2025-04-03,5,27.2,18.5,59.0,0.0,,136.0,8.3,,1015.4,,3.0
2025-04-03,6,28.0,22.3,71.0,0.0,,140.0,3.6,,1014.6,,3.0
2025-04-03,7,29.2,16.4,46.0,0.0,,116.0,10.1,,1013.2,,3.0
2025-04-03,8,29.3,15.4,43.0,0.0,,113.0,10.4,,1011.3,,3.0
2025-04-03,9,22.0,20.5,91.0,0.1,,140.0,5.4,,1010.1,,17.0
2025-04-03,10,29.1,16.0,45.0,0.2,,135.0,12.6,,1009.4,,17.0
2025-04-03,11,29.3,15.8,44.0,0.2,,140.0,11.9,,1009.1,,17.0
2025-04-03,12,24.2,21.3,84.0,2.4,,140.0,5.4,,1010.9,,18.0
2025-04-03,13,24.2,18.4,70.0,1.1,,10.0,6.5,,1012.0,,9.0
2025-04-03,14,23.5,18.8,75.0,0.0,,30.0,7.6,,1013.4,,3.0
2025-04-03,15,22.4,19.2,82.0,2.0,,0.0,0.0,,1014.9,,9.0
2025-04-03,16,20.1,19.3,95.0,4.8,,351.0,11.9,,1017.3,,9.0
2025-04-03,17,20.2,19.2,94.0,1.0,,50.0,5.0,,1017.0,,9.0
2025-04-03,18,22.2,19.2,83.0,0.4,,0.0,0.0,,1016.9,,8.0
2025-04-03,19,20.3,19.3,94.0,0.2,,352.0,4.3,,1016.0,,7.0
2025-04-03,20,21.6,19.7,89.0,0.0,,334.0,4.0,,1014.5,,3.0
2025-04-03,21,22.4,18.8,80.0,0.0,,0.0,0.0,,1014.1,,3.0
2025-04-03,22,20.7,19.7,94.0,0.0,,331.0,7.6,,1013.7,,3.0
2025-04-03,23,20.3,19.3,94.0,0.0,,324.0,9.4,,1013.8,,3.0
2025-04-04,0,22.4,19.4,83.0,0.0,,0.0,0.0,,1014.2,,2.0
2025-04-04,1,19.5,18.5,94.0,0.0,,327.0,7.6,,1014.7,,1.0
2025-04-04,2,20.7,18.3,86.0,0.0,,324.0,8.3,,1015.4,,1.0
2025-04-04,3,24.2,20.7,81.0,0.0,,327.0,3.6,,1015.7,,1.0
2025-04-04,4,26.0,17.9,61.0,0.0,,320.0,4.7,,1015.4,,1.0
2025-04-04,5,28.2,16.8,50.0,0.0,,3.0,2.2,,1014.7,,3.0
2025-04-04,6,24.2,20.7,81.0,0.0,,54.0,3.6,,1013.9,,3.0
2025-04-04,7,30.7,15.9,41.0,0.0,,89.0,5.4,,1012.7,,2.0
2025-04-04,8,31.0,15.4,39.0,0.0,,96.0,6.8,,1011.4,,3.0
2025-04-04,9,32.0,17.9,43.0,0.0,,50.0,3.6,,1009.6,,3.0
2025-04-04,10,30.5,15.0,39.0,0.0,,75.0,7.9,,1007.9,,3.0
2025-04-04,11,28.2,16.5,49.0,0.6,,96.0,10.4,,1009.2,,8.0
2025-04-04,12,29.8,18.3,50.0,0.0,,90.0,5.4,,1009.5,,3.0
2025-04-04,13,23.9,19.0,74.0,0.0,,114.0,20.9,,1011.3,,3.0
2025-04-04,14,22.1,19.1,83.0,0.1,,69.0,14.0,,1013.6,,7.0
2025-04-04,15,25.8,19.9,70.0,2.8,,140.0,5.4,,1015.3,,9.0
2025-04-04,16,21.1,19.6,91.0,3.3,,134.0,9.7,,1015.2,,9.0
2025-04-04,17,21.1,19.6,91.0,0.0,,235.0,5.4,,1015.8,,3.0
2025-04-04,18,23.6,19.9,80.0,0.0,,90.0,11.2,,1015.4,,3.0
2025-04-04,19,21.0,19.6,92.0,0.0,,180.0,5.4,,1014.7,,3.0
2025-04-04,20,20.6,19.6,94.0,0.0,,191.0,2.9,,1013.9,,3.0
2025-04-04,21,22.4,19.4,83.0,0.0,,90.0,5.4,,1013.0,,3.0
2025-04-04,22,19.8,18.8,94.0,0.0,,168.0,4.0,,1012.9,,2.0
2025-04-04,23,19.6,18.9,96.0,0.0,,213.0,3.6,,1013.0,,2.0
2025-04-05,0,22.0,19.4,85.0,0.0,,140.0,3.6,,1013.0,,2.0
2025-04-05,1,19.5,18.8,96.0,0.0,,204.0,3.6,,1013.5,,3.0
2025-04-05,2,20.9,19.6,92.0,0.0,,140.0,2.2,,1013.9,,3.0
2025-04-05,3,24.4,19.9,76.0,0.0,,230.0,3.6,,1014.6,,3.0
2025-04-05,4,25.2,18.9,68.0,0.0,,139.0,5.4,,1014.7,,2.0
2025-04-05,5,26.7,18.0,59.0,0.0,,98.0,5.4,,1014.3,,3.0
2025-04-05,6,30.0,21.4,60.0,0.0,,50.0,3.6,,1013.6,,3.0
2025-04-05,7,29.4,16.9,47.0,0.0,,85.0,7.6,,1012.0,,2.0
2025-04-05,8,30.2,17.0,45.0,0.0,,80.0,8.3,,1010.5,,3.0
2025-04-05,9,32.4,17.1,40.0,0.0,,230.0,3.6,,1009.0,,3.0
2025-04-05,10,31.0,16.2,41.0,0.0,,61.0,10.1,,1007.9,,3.0
2025-04-05,11,30.4,16.1,42.0,0.0,,62.0,8.3,,1007.9,,3.0
2025-04-05,12,31.4,17.0,42.0,0.0,,0.0,0.0,,1008.1,,3.0
2025-04-05,13,27.5,18.2,57.0,0.0,,133.0,8.3,,1009.1,,3.0
2025-04-05,14,25.0,17.7,64.0,0.7,,121.0,18.0,,1012.1,,8.0
2025-04-05,15,29.0,18.8,54.0,0.6,,140.0,9.4,,1013.1,,8.0
2025-04-05,16,22.5,18.9,80.0,0.0,,272.0,8.3,,1014.3,,3.0
2025-04-05,17,23.0,18.5,76.0,0.0,,313.0,5.0,,1014.6,,3.0
2025-04-05,18,26.0,21.0,74.0,0.0,,140.0,5.4,,1014.0,,3.0
2025-04-05,19,22.0,18.8,82.0,0.0,,149.0,9.0,,1013.4,,3.0
2025-04-05,20,21.8,19.2,85.0,0.0,,156.0,5.8,,1012.5,,3.0
2025-04-05,21,22.6,20.3,87.0,0.0,,121.0,3.6,,1011.8,,3.0
2025-04-05,22,21.2,19.1,88.0,0.0,,107.0,3.2,,1010.9,,3.0
2025-04-05,23,20.9,19.0,89.0,0.0,,117.0,5.0,,1011.0,,2.0
2025-04-06,0,23.8,21.5,87.0,0.0,,0.0,0.0,,1011.3,,2.0
2025-04-06,1,20.5,18.8,90.0,0.0,,136.0,5.0,,1011.9,,1.0
2025-04-06,2,22.0,19.2,84.0,0.0,,169.0,6.8,,1012.8,,1.0
2025-04-06,3,25.6,20.4,73.0,0.0,,140.0,3.6,,1013.8,,2.0
2025-04-06,4,25.7,18.4,64.0,0.0,,334.0,1.8,,1013.9,,3.0
2025-04-06,5,27.2,17.9,57.0,0.0,,228.0,4.0,,1013.4,,3.0
2025-04-06,6,25.6,20.4,73.0,0.0,,140.0,3.6,,1012.7,,3.0
2025-04-06,7,30.3,17.4,46.0,0.0,,2.0,5.4,,1011.2,,2.0
2025-04-06,8,31.9,15.4,37.0,0.0,,24.0,9.4,,1009.2,,3.0
2025-04-06,9,32.4,19.6,47.0,0.0,,50.0,5.4,,1007.6,,3.0
2025-04-06,10,32.5,13.7,32.0,0.0,,39.0,16.6,,1006.6,,3.0
2025-04-06,11,32.3,12.5,30.0,0.0,,38.0,17.3,,1006.4,,2.0
2025-04-06,12,31.4,16.2,40.0,0.0,,50.0,3.6,,1007.1,,3.0
2025-04-06,13,29.5,12.4,35.0,0.0,,61.0,12.2,,1008.6,,2.0
2025-04-06,14,28.3,13.4,40.0,0.0,,71.0,15.5,,1010.4,,2.0
2025-04-06,15,29.0,16.6,47.0,0.0,,90.0,5.4,,1012.2,,3.0
2025-04-06,16,24.9,16.1,58.0,0.0,,209.0,10.8,,1013.1,,3.0
2025-04-06,17,24.2,16.7,63.0,0.0,,174.0,7.6,,1013.5,,2.0
2025-04-06,18,26.6,20.7,70.0,0.0,,90.0,3.6,,1013.7,,2.0
2025-04-06,19,23.1,17.6,71.0,0.0,,149.0,6.1,,1013.5,,1.0
2025-04-06,20,22.5,17.8,75.0,0.0,,145.0,4.7,,1012.8,,1.0
2025-04-06,21,24.2,20.7,81.0,0.0,,140.0,7.6,,1012.0,,1.0
2025-04-06,22,21.4,18.6,84.0,0.0,,114.0,3.2,,1011.6,,2.0
2025-04-06,23,21.1,19.9,93.0,0.0,,134.0,7.2,,1011.7,,3.0
2025-04-07,0,23.2,21.1,88.0,0.0,,0.0,0.0,,1012.1,,3.0
2025-04-07,1,20.6,19.8,95.0,0.0,,143.0,6.8,,1012.4,,3.0
2025-04-07,2,22.4,19.8,85.0,0.0,,137.0,4.0,,1012.8,,1.0
2025-04-07,3,25.8,21.7,78.0,0.0,,0.0,0.0,,1013.2,,1.0
2025-04-07,4,27.6,16.2,50.0,0.0,,158.0,4.3,,1013.5,,1.0
2025-04-07,5,30.0,13.7,37.0,0.0,,101.0,4.7,,1012.6,,1.0
2025-04-07,6,25.8,21.7,78.0,0.0,,0.0,0.0,,1011.7,,1.0
2025-04-07,7,33.1,9.2,23.0,0.0,,65.0,13.0,,1010.7,,1.0
2025-04-07,8,33.9,7.8,20.0,0.0,,51.0,15.1,,1009.2,,1.0
2025-04-07,9,33.8,13.8,30.0,0.0,,140.0,5.4,,1007.7,,1.0
2025-04-07,10,34.5,7.5,19.0,0.0,,65.0,17.3,,1006.9,,1.0
2025-04-07,11,34.0,7.1,19.0,0.0,,69.0,19.4,,1006.7,,1.0
2025-04-07,12,32.6,13.3,31.0,0.0,,50.0,5.4,,1007.2,,2.0
2025-04-07,13,31.4,8.4,24.0,0.0,,76.0,14.0,,1008.3,,3.0
2025-04-07,14,29.4,10.0,30.0,0.0,,91.0,12.6,,1009.7,,3.0
2025-04-07,15,29.0,14.4,41.0,0.0,,140.0,3.6,,1011.3,,3.0
2025-04-07,16,26.8,12.8,42.0,0.0,,104.0,16.6,,1012.4,,3.0
2025-04-07,17,25.9,14.4,49.0,0.0,,113.0,16.2,,1013.4,,3.0
2025-04-07,18,26.4,21.6,75.0,0.0,,140.0,3.6,,1013.5,,3.0
2025-04-07,19,23.4,14.4,57.0,0.0,,121.0,9.4,,1013.0,,3.0
2025-04-07,20,22.4,16.0,67.0,0.0,,108.0,9.0,,1012.7,,3.0
2025-04-07,21,24.4,20.9,81.0,0.0,,0.0,0.0,,1012.3,,3.0
2025-04-07,22,20.9,17.7,82.0,0.0,,112.0,6.5,,1011.9,,3.0
2025-04-07,23,20.4,18.2,87.0,0.0,,117.0,6.5,,1012.0,,3.0
2025-04-08,0,23.0,20.0,83.0,0.0,,0.0,0.0,,1012.2,,3.0
2025-04-08,1,20.0,18.5,91.0,0.0,,159.0,5.8,,1012.8,,3.0
2025-04-08,2,22.0,18.6,81.0,0.0,,188.0,6.1,,1013.3,,3.0
2025-04-08,3,26.4,21.2,73.0,0.0,,0.0,0.0,,1014.0,,3.0
2025-04-08,4,28.4,14.6,43.0,0.0,,180.0,6.5,,1013.7,,3.0
2025-04-08,5,30.8,11.7,31.0,0.0,,115.0,6.1,,1012.7,,3.0
2025-04-08,6,31.0,17.7,45.0,0.0,,73.0,3.6,,1011.9,,2.0
2025-04-08,7,33.6,8.3,21.0,0.0,,60.0,13.7,,1010.8,,2.0
2025-04-08,8,34.3,7.4,19.0,0.0,,58.0,15.5,,1009.6,,2.0
2025-04-08,9,34.0,13.5,29.0,0.0,,50.0,3.6,,1008.5,,3.0
2025-04-08,10,34.2,6.5,18.0,0.0,,64.0,16.9,,1008.1,,2.0
2025-04-08,11,33.8,6.2,18.0,0.0,,73.0,20.9,,1007.6,,3.0
2025-04-08,12,32.4,12.1,29.0,0.0,,50.0,3.6,,1009.1,,3.0
2025-04-08,13,30.2,9.1,27.0,0.0,,79.0,18.4,,1010.0,,3.0
2025-04-08,14,28.7,10.4,32.0,0.0,,82.0,14.0,,1011.5,,3.0
2025-04-08,15,29.0,16.6,47.0,0.0,,90.0,5.4,,1013.3,,2.0
2025-04-08,16,26.7,12.7,42.0,0.0,,86.0,11.9,,1013.7,,3.0
2025-04-08,17,26.1,12.9,44.0,0.0,,90.0,13.3,,1014.2,,1.0
2025-04-08,18,26.2,21.6,76.0,0.0,,90.0,3.6,,1014.6,,1.0
2025-04-08,19,23.6,14.3,56.0,0.0,,102.0,11.9,,1013.9,,1.0
2025-04-08,20,22.5,14.3,60.0,0.0,,97.0,9.7,,1013.0,,3.0
2025-04-08,21,24.2,19.9,77.0,0.0,,90.0,3.6,,1012.3,,1.0
2025-04-08,22,20.8,16.0,74.0,0.0,,90.0,7.2,,1012.0,,1.0
2025-04-08,23,20.4,16.4,78.0,0.0,,53.0,5.4,,1011.7,,1.0
2025-04-09,0,22.2,19.6,85.0,0.0,,0.0,0.0,,1011.6,,1.0
2025-04-09,1,20.0,16.4,80.0,0.0,,6.0,2.9,,1012.1,,1.0
2025-04-09,2,22.1,17.5,75.0,0.0,,114.0,4.0,,1013.1,,1.0
2025-04-09,3,26.4,18.3,61.0,0.0,,0.0,0.0,,1013.7,,1.0
2025-04-09,4,27.7,13.6,42.0,0.0,,119.0,7.2,,1013.6,,1.0
2025-04-09,5,30.0,12.9,35.0,0.0,,97.0,9.0,,1013.1,,1.0
2025-04-09,6,30.8,17.5,45.0,0.0,,50.0,3.6,,1012.1,,1.0
2025-04-09,7,32.2,10.8,27.0,0.0,,33.0,13.0,,1011.1,,2.0
2025-04-09,8,32.9,10.3,25.0,0.0,,28.0,13.3,,1009.6,,1.0
2025-04-09,9,33.2,13.8,31.0,0.0,,50.0,3.6,,1008.1,,2.0
2025-04-09,10,32.5,9.9,25.0,0.0,,33.0,14.0,,1007.2,,3.0
2025-04-09,11,31.7,10.4,27.0,0.0,,41.0,13.7,,1007.2,,3.0
2025-04-09,12,32.0,12.8,31.0,0.0,,140.0,3.6,,1007.9,,2.0
2025-04-09,13,30.2,9.7,28.0,0.0,,35.0,11.5,,1008.8,,2.0
2025-04-09,14,29.3,10.4,31.0,0.0,,38.0,11.5,,1009.7,,1.0
2025-04-09,15,28.8,15.3,44.0,0.0,,0.0,0.0,,1010.5,,2.0
2025-04-09,16,28.0,11.5,36.0,0.0,,60.0,8.6,,1011.3,,3.0
2025-04-09,17,25.4,13.3,47.0,0.0,,117.0,8.6,,1012.5,,2.0
2025-04-09,18,26.8,21.1,71.0,0.0,,133.0,3.6,,1012.4,,1.0
2025-04-09,19,24.0,14.1,54.0,0.0,,148.0,8.3,,1011.7,,2.0
2025-04-09,20,23.3,14.8,59.0,0.0,,155.0,7.6,,1011.1,,3.0
2025-04-09,21,25.0,20.9,78.0,0.0,,230.0,5.4,,1010.5,,3.0
2025-04-09,22,22.3,15.2,64.0,0.0,,186.0,9.0,,1010.0,,3.0
2025-04-09,23,21.7,14.8,65.0,0.0,,202.0,9.7,,1010.4,,3.0
2025-04-10,0,23.6,20.3,82.0,0.0,,230.0,5.4,,1010.9,,3.0
2025-04-10,1,20.6,18.7,89.0,0.0,,219.0,11.5,,1011.3,,3.0
2025-04-10,2,21.8,19.0,84.0,0.0,,233.0,12.6,,1012.1,,3.0
2025-04-10,3,25.0,20.7,77.0,0.0,,50.0,5.4,,1012.5,,3.0
2025-04-10,4,27.4,17.0,53.0,0.0,,243.0,13.0,,1012.1,,3.0
2025-04-10,5,29.8,14.8,40.0,0.0,,264.0,11.2,,1011.5,,3.0
2025-04-10,6,30.4,22.8,64.0,0.0,,50.0,5.4,,1010.8,,3.0
2025-04-10,7,31.7,12.0,30.0,0.0,,330.0,10.1,,1010.0,,3.0
2025-04-10,8,33.0,11.0,26.0,0.0,,336.0,8.6,,1007.5,,3.0
2025-04-10,9,32.4,18.9,45.0,0.0,,230.0,5.4,,1006.5,,3.0
2025-04-10,10,32.2,10.3,26.0,0.0,,4.0,12.6,,1005.5,,3.0
2025-04-10,11,32.2,9.7,25.0,0.0,,7.0,11.2,,1004.8,,2.0
2025-04-10,12,31.0,19.4,50.0,0.0,,90.0,5.4,,1005.0,,3.0
2025-04-10,13,30.5,10.5,29.0,0.0,,328.0,9.4,,1005.9,,2.0
2025-04-10,14,29.8,10.9,31.0,0.0,,309.0,18.0,,1007.4,,2.0
2025-04-10,15,28.8,19.4,57.0,0.0,,230.0,5.4,,1009.9,,3.0
2025-04-10,16,24.3,16.3,61.0,0.0,,307.0,15.1,,1011.0,,3.0
2025-04-10,17,23.6,16.9,66.0,0.0,,283.0,9.4,,1011.7,,3.0
2025-04-10,18,26.2,21.6,76.0,0.0,,230.0,5.4,,1011.8,,3.0
2025-04-10,19,23.1,16.6,67.0,0.0,,326.0,11.5,,1011.4,,3.0
2025-04-10,20,22.6,16.9,70.0,0.0,,321.0,9.4,,1010.7,,3.0
2025-04-10,21,24.4,21.1,82.0,0.0,,270.0,7.6,,1009.9,,3.0
2025-04-10,22,21.8,17.2,75.0,0.0,,247.0,6.1,,1009.5,,2.0
2025-04-10,23,21.5,18.3,82.0,0.0,,238.0,10.1,,1009.3,,1.0
2025-04-11,0,23.4,20.2,82.0,0.0,,270.0,5.4,,1009.8,,3.0
2025-04-11,1,20.5,18.6,89.0,0.0,,236.0,11.2,,1010.2,,1.0
2025-04-11,2,21.9,19.1,84.0,0.0,,253.0,10.8,,1010.9,,1.0
2025-04-11,3,25.0,18.9,69.0,0.0,,50.0,3.6,,1011.6,,1.0
2025-04-11,4,27.1,17.3,55.0,0.0,,290.0,12.6,,1011.7,,1.0
2025-04-11,5,29.3,16.1,45.0,0.0,,290.0,11.9,,1010.8,,1.0
2025-04-11,6,29.6,24.2,73.0,0.0,,140.0,7.6,,1009.7,,1.0
2025-04-11,7,32.3,14.9,35.0,0.0,,300.0,9.7,,1008.8,,2.0
2025-04-11,8,32.5,14.6,34.0,0.0,,301.0,8.6,,1007.4,,2.0
2025-04-11,9,31.6,19.9,50.0,0.0,,230.0,5.4,,1006.0,,3.0
2025-04-11,10,33.3,12.3,28.0,0.0,,4.0,9.7,,1005.2,,3.0
2025-04-11,11,31.7,12.5,31.0,0.0,,340.0,15.8,,1005.0,,3.0
2025-04-11,12,30.4,17.5,46.0,1.5,,50.0,5.4,,1007.3,,18.0
2025-04-11,13,26.8,15.2,49.0,0.4,,294.0,10.8,,1007.7,,8.0
2025-04-11,14,24.8,15.1,55.0,0.2,,237.0,16.6,,1009.9,,17.0
2025-04-11,15,24.0,20.3,80.0,0.0,,140.0,7.6,,1011.0,,3.0
2025-04-11,16,23.7,16.0,62.0,0.0,,236.0,11.5,,1011.9,,3.0
2025-04-11,17,22.9,16.7,68.0,0.0,,232.0,11.5,,1012.3,,3.0
2025-04-11,18,23.4,20.2,82.0,0.0,,140.0,3.6,,1012.5,,3.0
2025-04-11,19,23.6,15.6,61.0,0.0,,276.0,10.4,,1010.1,,2.0
2025-04-11,20,23.0,15.8,64.0,0.0,,261.0,7.9,,1009.9,,2.0
2025-04-11,21,22.6,19.4,82.0,0.0,,140.0,3.6,,1009.4,,3.0
2025-04-11,22,22.0,16.5,71.0,0.0,,236.0,9.7,,1009.5,,3.0
2025-04-11,23,21.6,16.8,74.0,0.0,,246.0,9.7,,1009.7,,3.0
2025-04-12,0,21.4,17.6,79.0,0.0,,20.0,33.5,,1010.3,,3.0
2025-04-12,1,21.0,18.0,83.0,0.0,,251.0,8.6,,1011.0,,2.0
2025-04-12,2,22.2,18.6,80.0,0.0,,244.0,9.0,,1011.9,,1.0
2025-04-12,3,24.0,20.3,80.0,0.0,,270.0,5.4,,1012.7,,1.0
2025-04-12,4,27.2,17.9,57.0,0.0,,272.0,10.1,,1012.6,,1.0
2025-04-12,5,27.6,17.7,55.0,0.0,,284.0,9.7,,1012.2,,1.0
2025-04-12,6,29.4,22.9,68.0,0.0,,230.0,5.4,,1011.4,,3.0
2025-04-12,7,31.3,15.7,39.0,0.0,,326.0,7.9,,1010.2,,1.0
2025-04-12,8,32.2,14.8,35.0,0.0,,359.0,8.6,,1008.4,,2.0
2025-04-12,9,32.6,18.8,44.0,0.0,,50.0,3.6,,1006.8,,2.0
2025-04-12,10,31.5,13.3,33.0,0.3,,342.0,17.3,,1006.6,,17.0
2025-04-12,11,29.1,13.7,39.0,0.3,,20.0,16.2,,1007.7,,17.0
2025-04-12,12,30.2,18.6,50.0,0.4,,230.0,3.6,,1009.1,,8.0
2025-04-12,13,25.0,16.2,58.0,0.0,,279.0,12.2,,1010.6,,3.0
2025-04-12,14,24.0,16.8,64.0,0.0,,290.0,12.2,,1012.2,,3.0
2025-04-12,15,26.2,20.1,69.0,0.0,,90.0,5.4,,1013.6,,3.0
2025-04-12,16,22.5,16.5,69.0,0.0,,310.0,6.5,,1014.0,,3.0
2025-04-12,17,22.5,16.8,70.0,0.0,,50.0,4.7,,1014.4,,3.0
2025-04-12,18,20.6,19.1,91.0,0.0,,90.0,5.4,,1013.6,,3.0
2025-04-12,19,22.2,16.9,72.0,0.0,,140.0,4.0,,1012.8,,3.0
2025-04-12,20,23.6,17.1,67.0,0.0,,278.0,7.9,,1010.9,,3.0
2025-04-12,21,21.4,19.0,86.0,0.0,,50.0,5.4,,1010.7,,3.0
2025-04-12,22,22.2,16.7,71.0,0.0,,308.0,7.9,,1010.3,,3.0
2025-04-12,23,21.7,16.9,74.0,0.0,,278.0,6.8,,1010.6,,3.0
2025-04-13,0,21.0,18.6,86.0,0.0,,90.0,3.6,,1011.1,,3.0
2025-04-13,1,20.7,17.1,80.0,0.0,,43.0,6.5,,1011.8,,3.0
2025-04-13,2,21.8,17.4,76.0,0.0,,340.0,7.9,,1012.4,,3.0
2025-04-13,3,23.4,17.6,70.0,0.0,,320.0,3.6,,1013.4,,3.0
2025-04-13,4,25.7,16.3,56.0,0.0,,315.0,7.2,,1013.8,,3.0
2025-04-13,5,28.3,15.2,45.0,0.0,,337.0,5.4,,1013.3,,3.0
2025-04-13,6,31.2,16.0,40.0,0.0,,50.0,3.6,,1012.3,,2.0
2025-04-13,7,31.5,13.3,33.0,0.0,,49.0,8.3,,1011.1,,1.0
2025-04-13,8,32.3,12.5,30.0,0.0,,57.0,8.6,,1009.6,,2.0
2025-04-13,9,33.0,15.9,36.0,0.0,,50.0,3.6,,1008.2,,2.0
2025-04-13,10,32.6,11.2,27.0,0.0,,59.0,9.0,,1007.4,,2.0
2025-04-13,11,31.4,12.2,31.0,0.0,,62.0,11.9,,1007.2,,2.0
2025-04-13,12,31.0,15.8,40.0,0.0,,50.0,3.6,,1007.9,,2.0
2025-04-13,13,27.7,14.7,45.0,0.5,,92.0,9.0,,1009.9,,17.0
2025-04-13,14,26.0,16.3,55.0,0.0,,22.0,12.6,,1011.3,,3.0
2025-04-13,15,25.4,19.3,69.0,0.0,,140.0,5.4,,1011.8,,3.0
2025-04-13,16,25.0,14.8,53.0,0.0,,74.0,10.4,,1012.3,,3.0
2025-04-13,17,24.2,14.6,55.0,0.0,,92.0,9.0,,1012.6,,1.0
2025-04-13,18,25.2,18.2,65.0,0.0,,0.0,0.0,,1012.3,,1.0
2025-04-13,19,23.1,14.9,60.0,0.0,,87.0,8.3,,1011.3,,1.0
2025-04-13,20,22.7,15.0,62.0,0.0,,102.0,5.8,,1010.6,,1.0
2025-04-13,21,24.2,17.4,66.0,0.0,,90.0,5.4,,1009.9,,1.0
2025-04-13,22,22.1,15.2,65.0,0.0,,124.0,5.8,,1009.6,,1.0
2025-04-13,23,21.9,14.5,63.0,0.0,,116.0,9.0,,1010.2,,1.0
2025-04-14,0,23.4,20.3,83.0,0.0,,0.0,0.0,,1010.9,,3.0
2025-04-14,1,20.9,15.2,70.0,0.0,,145.0,6.1,,1011.4,,1.0
2025-04-14,2,23.3,16.4,65.0,0.0,,130.0,9.4,,1012.6,,1.0
2025-04-14,3,26.8,21.1,71.0,0.0,,0.0,0.0,,1013.3,,1.0
2025-04-14,4,28.1,17.6,53.0,0.0,,151.0,9.4,,1013.2,,1.0
2025-04-14,5,29.8,16.6,45.0,0.0,,139.0,6.8,,1012.5,,1.0
2025-04-14,6,31.3,15.3,38.0,0.0,,30.0,18.4,,1011.5,,1.0
2025-04-14,7,32.7,12.3,29.0,0.0,,44.0,11.9,,1010.0,,1.0
2025-04-14,8,32.9,12.0,28.0,0.0,,49.0,10.8,,1008.8,,2.0
2025-04-14,9,32.6,17.6,41.0,0.0,,50.0,3.6,,1007.4,,2.0
2025-04-14,10,33.4,11.9,27.0,0.0,,34.0,11.2,,1006.6,,2.0
2025-04-14,11,31.6,11.4,29.0,0.0,,82.0,15.1,,1007.0,,2.0
2025-04-14,12,22.2,19.6,85.0,0.0,,90.0,5.4,,1008.1,,3.0
2025-04-14,13,28.0,13.5,41.0,0.0,,182.0,13.0,,1008.9,,2.0
2025-04-14,14,27.9,13.4,41.0,0.0,,112.0,11.2,,1010.2,,2.0
2025-04-14,15,21.4,18.4,83.0,0.0,,90.0,5.4,,1011.1,,2.0
2025-04-14,16,25.6,15.6,54.0,0.0,,127.0,8.3,,1012.1,,2.0
2025-04-14,17,23.9,14.9,57.0,0.0,,132.0,9.4,,1012.8,,2.0
2025-04-14,18,22.2,19.2,83.0,0.0,,180.0,3.6,,1013.1,,1.0
2025-04-14,19,22.6,16.4,68.0,0.0,,262.0,4.7,,1012.6,,1.0
2025-04-14,20,22.3,16.8,71.0,0.0,,47.0,3.6,,1011.7,,1.0
2025-04-14,21,22.6,19.6,83.0,0.0,,180.0,5.4,,1011.0,,1.0
2025-04-14,22,21.4,17.6,79.0,0.0,,169.0,4.3,,1010.7,,1.0
2025-04-14,23,20.8,17.6,82.0,0.0,,169.0,5.8,,1010.8,,1.0
2025-04-15,0,22.4,19.8,85.0,0.0,,230.0,5.4,,1010.9,,1.0
2025-04-15,1,20.7,16.9,79.0,0.0,,181.0,5.8,,1011.4,,1.0
2025-04-15,2,22.7,17.2,71.0,0.0,,203.0,5.4,,1012.0,,1.0
2025-04-15,3,24.8,19.4,72.0,0.0,,50.0,3.6,,1012.8,,1.0
2025-04-15,4,27.4,16.7,52.0,0.0,,215.0,6.8,,1013.0,,1.0
2025-04-15,5,29.3,16.1,45.0,0.0,,224.0,4.7,,1012.4,,1.0
2025-04-15,6,29.8,17.9,49.0,0.0,,230.0,3.6,,1011.6,,1.0
2025-04-15,7,31.9,14.1,34.0,0.0,,69.0,6.8,,1010.8,,1.0
2025-04-15,8,32.0,14.2,34.0,0.0,,68.0,9.0,,1009.4,,2.0
2025-04-15,9,32.0,17.1,41.0,0.0,,180.0,1.8,,1049.6,,2.0
2025-04-15,10,32.4,13.6,32.0,0.0,,61.0,9.7,,1007.0,,2.0
2025-04-15,11,31.8,13.1,32.0,0.0,,72.0,9.0,,1006.8,,3.0
2025-04-15,12,31.0,15.8,40.0,0.0,,140.0,3.6,,1007.1,,2.0
2025-04-15,13,29.7,13.9,38.0,0.0,,91.0,12.2,,1008.3,,2.0
2025-04-15,14,28.0,13.9,42.0,0.0,,170.0,9.4,,1010.0,,3.0
2025-04-15,15,28.0,23.2,75.0,0.0,,140.0,3.6,,1010.9,,3.0
2025-04-15,16,26.1,15.8,53.0,0.0,,155.0,11.5,,1011.7,,2.0
2025-04-15,17,25.5,16.9,59.0,0.0,,144.0,9.0,,1012.4,,1.0
2025-04-15,18,24.0,20.3,80.0,0.0,,140.0,7.6,,1012.2,,2.0
2025-04-15,19,24.3,17.3,65.0,0.0,,158.0,6.1,,1011.5,,1.0
2025-04-15,20,23.7,17.2,67.0,0.0,,146.0,7.2,,1011.1,,1.0
2025-04-15,21,21.0,17.6,81.0,0.0,,90.0,5.4,,1010.8,,1.0
2025-04-15,22,22.4,18.0,76.0,0.0,,199.0,4.0,,1010.9,,1.0
2025-04-15,23,22.0,17.4,75.0,0.0,,130.0,5.0,,1010.9,,1.0
2025-04-16,0,22.4,19.2,82.0,0.0,,180.0,3.6,,1011.5,,1.0
2025-04-16,1,21.3,17.7,80.0,0.0,,151.0,10.1,,1012.2,,1.0
2025-04-16,2,22.9,18.4,76.0,0.0,,165.0,8.3,,1012.9,,1.0
2025-04-16,3,24.0,20.3,80.0,0.0,,180.0,3.6,,1013.6,,1.0
2025-04-16,4,27.7,17.8,55.0,0.0,,211.0,10.8,,1013.5,,1.0
2025-04-16,5,29.7,17.2,47.0,0.0,,220.0,10.8,,1012.8,,1.0
2025-04-16,6,28.4,22.6,71.0,0.0,,180.0,3.6,,1011.6,,1.0
2025-04-16,7,32.7,14.3,33.0,0.0,,245.0,6.5,,1010.6,,1.0
2025-04-16,8,33.1,13.7,31.0,0.0,,359.0,5.4,,1009.4,,3.0
2025-04-16,9,32.4,19.6,47.0,0.0,,230.0,3.6,,1008.0,,2.0
2025-04-16,10,33.2,13.3,30.0,0.0,,29.0,6.8,,1007.2,,2.0
2025-04-16,11,32.6,13.3,31.0,0.0,,34.0,9.0,,1006.8,,3.0
2025-04-16,12,24.4,20.1,77.0,0.0,,50.0,11.2,,1007.8,,3.0
2025-04-16,13,29.2,16.4,46.0,0.0,,96.0,9.0,,1008.9,,3.0
2025-04-16,14,27.2,15.2,48.0,0.0,,214.0,18.0,,1010.4,,2.0
2025-04-16,15,20.6,18.2,86.0,0.0,,270.0,3.6,,1012.5,,3.0
2025-04-16,16,25.3,16.7,59.0,0.0,,264.0,9.4,,1012.8,,3.0
2025-04-16,17,24.8,17.3,63.0,0.0,,242.0,4.3,,1013.0,,2.0
2025-04-16,18,20.8,18.0,84.0,0.0,,230.0,3.6,,1012.4,,1.0
2025-04-16,19,24.2,16.7,63.0,0.0,,247.0,5.0,,1011.7,,1.0
2025-04-16,20,23.8,16.6,64.0,0.0,,248.0,5.8,,1011.0,,1.0
2025-04-16,21,20.6,17.8,84.0,0.0,,230.0,3.6,,1010.6,,1.0
2025-04-16,22,22.6,16.6,69.0,0.0,,237.0,7.6,,1010.4,,1.0
2025-04-16,23,22.1,17.0,73.0,0.0,,231.0,7.2,,1010.7,,1.0
2025-04-17,0,20.8,17.6,82.0,0.0,,180.0,3.6,,1011.3,,1.0
2025-04-17,1,21.4,18.2,82.0,0.0,,222.0,8.3,,1012.2,,1.0
2025-04-17,2,22.9,18.9,78.0,0.0,,229.0,7.9,,1013.0,,1.0
2025-04-17,3,24.2,20.9,82.0,0.0,,0.0,0.0,,1013.6,,1.0
2025-04-17,4,27.8,17.9,55.0,0.0,,264.0,8.3,,1013.5,,1.0
2025-04-17,5,30.1,16.9,45.0,0.0,,259.0,7.6,,1012.5,,1.0
2025-04-17,6,28.8,22.8,70.0,0.0,,270.0,5.4,,1011.2,,1.0
2025-04-17,7,33.4,15.4,34.0,0.0,,294.0,6.5,,1009.9,,1.0
2025-04-17,8,33.5,14.6,32.0,0.0,,334.0,5.8,,1008.5,,3.0
2025-04-17,9,32.0,20.0,49.0,0.0,,270.0,3.6,,1007.0,,3.0
2025-04-17,10,33.6,13.6,30.0,0.0,,29.0,7.9,,1006.4,,3.0
2025-04-17,11,32.6,13.3,31.0,0.0,,27.0,8.6,,1006.2,,3.0
2025-04-17,12,30.4,19.4,52.0,0.0,,270.0,3.6,,1006.2,,2.0
2025-04-17,15,28.2,22.4,71.0,,,140.0,3.6,,,,
2025-04-17,18,25.6,21.5,78.0,,,50.0,3.6,,1011.1,,
2025-04-17,21,25.0,21.5,81.0,,,140.0,1.8,,,,
2025-04-18,0,25.0,21.5,81.0,,,230.0,5.4,,1049.4,,
2025-04-18,3,25.4,21.9,81.0,,,230.0,7.6,,,,
2025-04-18,6,28.0,23.8,78.0,,,230.0,3.6,,1010.2,,
2025-04-18,9,31.0,22.9,62.0,,,180.0,3.6,,,,
2025-04-18,12,27.0,22.4,76.0,,,320.0,7.6,,1005.7,,
2025-04-18,15,25.0,21.3,80.0,,,0.0,0.0,,,,
2025-04-18,18,24.0,20.3,80.0,,,230.0,3.6,,1011.0,,
2025-04-18,21,24.0,20.3,80.0,,,270.0,5.4,,,,
2025-04-19,0,23.4,20.2,82.0,,,270.0,5.4,,1009.7,,
2025-04-19,3,24.8,21.3,81.0,,,270.0,5.4,,,,
2025-04-19,6,29.8,18.7,48.0,,,230.0,3.6,,1009.5,,
2025-04-19,9,31.0,19.4,50.0,,,180.0,1.8,,1048.7,,
2025-04-19,12,29.0,20.5,60.0,,,180.0,3.6,,1005.3,,
2025-04-19,15,27.4,20.2,65.0,,,0.0,0.0,,,,
2025-04-19,18,26.0,20.3,71.0,,,0.0,0.0,,1010.6,,
2025-04-19,21,24.8,20.9,79.0,,,180.0,3.6,,,,
2025-04-20,0,23.8,20.7,83.0,,,270.0,5.4,,1009.9,,
2025-04-20,3,24.8,21.3,81.0,,,180.0,5.4,,,,
2025-04-20,6,30.0,23.9,70.0,,,180.0,3.6,,1010.4,,
2025-04-20,9,33.0,20.2,47.0,,,180.0,3.6,,,,
2025-04-20,12,25.0,21.7,82.0,,,140.0,3.6,,1006.3,,
2025-04-20,15,24.4,21.1,82.0,,,0.0,0.0,,,,
2025-04-20,18,24.6,21.3,82.0,,,230.0,5.4,,1012.6,,
2025-04-20,21,22.2,18.8,81.0,,,320.0,5.4,,,,
2025-04-21,0,21.2,18.4,84.0,,,0.0,0.0,,1011.3,,
2025-04-21,3,25.2,20.9,77.0,,,0.0,0.0,,,,
2025-04-21,6,31.0,19.4,50.0,,,140.0,3.6,,1011.7,,
2025-04-21,9,32.8,18.9,44.0,,,230.0,5.4,,,,
2025-04-21,12,31.4,14.1,35.0,,,140.0,5.4,,1007.9,,
2025-04-21,15,27.8,18.2,56.0,,,0.0,0.0,,,,
2025-04-21,18,25.2,19.1,69.0,,,0.0,0.0,,1012.7,,
2025-04-21,21,23.2,19.6,80.0,,,0.0,0.0,,,,
2025-04-22,0,22.2,18.8,81.0,,,180.0,1.8,,1012.6,,
2025-04-22,3,27.4,19.7,63.0,,,,3.6,,,,
2025-04-22,6,30.6,16.6,43.0,,,0.0,0.0,,1012.7,,
2025-04-22,9,33.0,14.6,33.0,,,140.0,5.4,,1009.4,,
2025-04-22,10,34.1,10.0,23.0,0.0,,74.0,15.5,,1008.7,,2.0
2025-04-22,11,33.4,10.1,24.0,0.0,,82.0,15.5,,1008.6,,3.0
2025-04-22,12,32.0,12.3,30.0,0.0,,90.0,3.6,,1009.1,,3.0
2025-04-22,13,31.0,10.4,28.0,0.0,,117.0,11.2,,1010.1,,3.0
2025-04-22,14,28.9,11.9,35.0,0.0,,114.0,11.9,,1011.5,,3.0
2025-04-22,15,28.0,15.3,46.0,0.0,,140.0,3.6,,1012.8,,1.0
2025-04-22,16,26.0,14.8,50.0,0.0,,142.0,10.4,,1013.5,,1.0
2025-04-22,17,25.4,15.1,53.0,0.0,,134.0,10.4,,1014.0,,1.0
2025-04-22,18,26.8,21.6,73.0,0.0,,140.0,3.6,,1013.4,,1.0
2025-04-22,19,24.6,14.7,54.0,0.0,,125.0,9.4,,1012.2,,1.0
2025-04-22,20,24.2,14.9,56.0,0.0,,124.0,9.7,,1011.6,,1.0
2025-04-22,21,26.4,21.8,76.0,0.0,,140.0,3.6,,1011.1,,2.0
2025-04-22,22,23.3,15.9,63.0,0.0,,142.0,9.0,,1010.9,,2.0
2025-04-22,23,22.2,16.5,70.0,0.0,,209.0,7.2,,1011.5,,1.0
2025-04-23,0,24.4,20.5,79.0,0.0,,180.0,5.4,,1012.1,,1.0
2025-04-23,1,22.0,16.3,70.0,0.0,,171.0,5.0,,1012.6,,1.0
2025-04-23,2,23.9,15.7,60.0,0.0,,207.0,6.1,,1013.2,,1.0
2025-04-23,3,26.0,22.3,80.0,0.0,,230.0,3.6,,1013.6,,1.0
2025-04-23,4,28.8,14.2,41.0,0.0,,238.0,7.6,,1013.3,,1.0
2025-04-23,5,31.1,13.8,35.0,0.0,,261.0,5.8,,1012.7,,1.0
2025-04-23,6,31.0,19.4,50.0,0.0,,140.0,3.6,,1011.5,,1.0
2025-04-23,7,34.3,10.2,23.0,0.0,,60.0,9.7,,1010.0,,1.0
2025-04-23,8,34.6,9.8,22.0,0.0,,65.0,13.0,,1008.7,,2.0
2025-04-23,9,34.2,14.2,30.0,0.0,,140.0,5.4,,1007.6,,3.0
2025-04-23,10,34.4,11.5,25.0,0.0,,64.0,14.4,,1006.6,,1.0
2025-04-23,11,33.5,11.9,27.0,0.0,,65.0,14.0,,1006.5,,2.0
2025-04-23,12,32.8,12.4,29.0,0.0,,180.0,1.8,,1006.9,,1.0
2025-04-23,13,31.9,12.2,30.0,0.0,,115.0,9.0,,1007.8,,2.0
2025-04-23,14,31.3,12.2,31.0,0.0,,120.0,10.1,,1008.8,,2.0
2025-04-23,15,29.6,15.3,42.0,0.0,,140.0,5.4,,1010.0,,2.0
2025-04-23,16,28.0,15.6,47.0,0.0,,133.0,13.0,,1010.8,,1.0
2025-04-23,17,27.2,15.2,48.0,0.0,,136.0,13.3,,1011.3,,2.0
2025-04-23,18,27.8,20.6,65.0,0.0,,140.0,5.4,,1010.9,,2.0
2025-04-23,19,25.8,14.6,50.0,0.0,,182.0,9.4,,1010.4,,2.0
2025-04-23,20,24.9,15.0,54.0,0.0,,202.0,9.0,,1009.9,,1.0
2025-04-23,21,25.4,21.7,80.0,0.0,,0.0,0.0,,1009.4,,1.0
2025-04-23,22,22.6,18.6,78.0,0.0,,210.0,8.3,,1009.4,,1.0
2025-04-23,23,21.9,19.1,84.0,0.0,,223.0,7.9,,1009.8,,1.0
2025-04-24,0,24.2,21.5,85.0,0.0,,230.0,5.4,,1010.4,,1.0
2025-04-24,1,21.8,19.0,84.0,0.0,,256.0,8.6,,1011.0,,1.0
2025-04-24,2,23.4,18.7,75.0,0.0,,275.0,9.7,,1012.0,,1.0
2025-04-24,3,24.8,21.5,82.0,0.0,,180.0,3.6,,1012.6,,1.0
2025-04-24,4,28.5,18.9,56.0,0.0,,302.0,9.4,,1012.5,,1.0
2025-04-24,5,31.1,16.7,42.0,0.0,,318.0,7.9,,1011.7,,2.0
2025-04-24,6,31.0,22.1,59.0,0.0,,180.0,3.6,,1010.9,,1.0
2025-04-24,7,34.6,11.1,24.0,0.0,,52.0,9.7,,1009.5,,2.0
2025-04-24,8,35.2,9.6,21.0,0.0,,68.0,11.9,,1007.8,,1.0
2025-04-24,9,35.0,16.8,34.0,0.0,,230.0,3.6,,1006.4,,1.0
2025-04-24,10,35.1,8.0,19.0,0.0,,77.0,14.4,,1005.6,,1.0
2025-04-24,11,34.4,7.5,19.0,0.0,,78.0,15.8,,1005.4,,1.0
2025-04-24,12,33.4,12.9,29.0,0.0,,0.0,0.0,,1005.8,,1.0
2025-04-24,13,32.2,9.7,25.0,0.0,,102.0,9.4,,1006.8,,2.0
2025-04-24,14,31.5,10.2,27.0,0.0,,108.0,7.2,,1008.0,,2.0
2025-04-24,15,29.2,15.7,44.0,0.0,,90.0,3.6,,1009.0,,2.0
2025-04-24,16,28.9,12.8,37.0,0.0,,109.0,13.7,,1010.2,,1.0
2025-04-24,17,27.9,13.8,42.0,0.0,,116.0,11.2,,1010.5,,1.0
2025-04-24,18,27.2,19.8,64.0,0.0,,140.0,3.6,,1010.4,,1.0
2025-04-24,19,26.2,15.9,53.0,0.0,,139.0,11.2,,1010.0,,1.0
2025-04-24,20,25.1,17.8,64.0,0.0,,148.0,10.4,,1009.7,,1.0
2025-04-24,21,25.6,20.4,73.0,0.0,,140.0,3.6,,1009.6,,1.0
2025-04-24,22,23.0,20.2,84.0,0.0,,177.0,9.4,,1009.4,,1.0
2025-04-24,23,22.5,19.5,83.0,0.0,,195.0,7.6,,1009.9,,1.0
2025-04-25,0,25.0,21.7,82.0,0.0,,180.0,5.4,,1010.6,,1.0
2025-04-25,1,21.8,20.4,92.0,0.0,,182.0,7.9,,1011.2,,2.0
2025-04-25,2,22.9,20.2,85.0,0.0,,204.0,8.3,,1012.0,,2.0
2025-04-25,3,25.6,21.9,80.0,0.0,,230.0,3.6,,1012.5,,2.0
2025-04-25,4,28.6,19.0,56.0,0.0,,227.0,6.8,,1012.4,,1.0
2025-04-25,5,30.7,17.8,46.0,0.0,,232.0,6.1,,1011.9,,1.0
2025-04-25,6,30.6,23.5,66.0,0.0,,230.0,3.6,,1010.9,,1.0
2025-04-25,7,34.1,11.9,26.0,0.0,,83.0,9.4,,1009.4,,2.0
2025-04-25,8,34.7,10.5,23.0,0.0,,78.0,13.7,,1008.1,,2.0
2025-04-25,9,34.0,18.1,39.0,0.0,,140.0,5.4,,1007.3,,2.0
2025-04-25,10,33.8,12.2,27.0,0.0,,77.0,18.4,,1006.9,,2.0
2025-04-25,11,33.2,12.2,28.0,0.0,,72.0,15.5,,1006.4,,3.0
2025-04-25,12,32.8,13.5,31.0,0.0,,90.0,5.4,,1006.5,,2.0
2025-04-25,13,31.5,11.8,30.0,0.0,,80.0,10.8,,1007.5,,2.0
2025-04-25,14,30.6,12.5,33.0,0.0,,66.0,10.8,,1008.9,,1.0
2025-04-25,15,29.0,18.2,52.0,0.0,,180.0,1.8,,1009.9,,1.0
2025-04-25,16,28.4,16.0,47.0,0.0,,144.0,13.3,,1010.4,,1.0
2025-04-25,17,27.7,16.0,49.0,0.0,,140.0,13.0,,1010.7,,1.0
2025-04-25,18,25.2,16.9,60.0,0.0,,180.0,3.6,,1010.6,,1.0
2025-04-25,19,26.2,16.2,54.0,0.0,,129.0,13.0,,1010.1,,1.0
2025-04-25,20,24.6,18.3,68.0,0.0,,152.0,11.5,,1009.9,,1.0
2025-04-25,21,26.2,20.3,70.0,0.0,,0.0,0.0,,1009.6,,1.0
2025-04-25,22,23.1,18.4,75.0,0.0,,177.0,5.8,,1009.4,,1.0
2025-04-25,23,22.4,18.4,78.0,0.0,,72.0,5.4,,1009.5,,1.0
2025-04-26,0,25.4,22.3,83.0,0.0,,180.0,3.6,,1009.6,,3.0
2025-04-26,1,21.9,18.9,83.0,0.0,,99.0,5.0,,1010.4,,3.0
2025-04-26,2,23.5,19.0,76.0,0.0,,147.0,5.8,,1011.2,,3.0
2025-04-26,3,26.8,22.2,76.0,0.0,,140.0,5.4,,1011.8,,3.0
2025-04-26,4,28.9,18.1,52.0,0.0,,148.0,5.0,,1011.8,,3.0
2025-04-26,5,30.9,16.5,42.0,0.0,,121.0,6.8,,1011.1,,1.0
2025-04-26,6,30.6,20.8,56.0,0.0,,50.0,5.4,,1010.4,,2.0
2025-04-26,7,33.2,12.2,28.0,0.0,,96.0,13.0,,1009.5,,2.0
2025-04-26,8,33.4,12.4,28.0,0.0,,89.0,16.2,,1008.4,,3.0
2025-04-26,9,32.6,18.8,44.0,0.0,,140.0,3.6,,1007.5,,3.0
2025-04-26,10,32.9,12.5,29.0,0.0,,96.0,15.5,,1007.0,,3.0
2025-04-26,11,32.8,11.9,28.0,0.0,,87.0,14.4,,1006.8,,3.0
2025-04-26,12,31.0,16.6,42.0,0.0,,90.0,5.4,,1006.7,,3.0
2025-04-26,13,31.4,12.2,31.0,0.0,,100.0,11.9,,1007.4,,3.0
2025-04-26,14,29.9,14.0,38.0,0.0,,117.0,10.1,,1009.1,,3.0
2025-04-26,15,28.4,18.2,54.0,0.0,,140.0,3.6,,1010.7,,3.0
2025-04-26,16,28.2,14.8,44.0,0.0,,141.0,11.5,,1011.5,,3.0
2025-04-26,17,27.5,14.9,46.0,0.0,,141.0,12.6,,1011.6,,3.0
2025-04-26,18,27.2,20.1,65.0,0.0,,140.0,5.4,,1011.7,,2.0
2025-04-26,19,25.2,16.6,59.0,0.0,,136.0,13.7,,1010.9,,1.0
2025-04-26,20,23.6,18.7,74.0,0.0,,136.0,13.0,,1010.6,,3.0
2025-04-26,21,25.4,21.7,80.0,0.0,,140.0,5.4,,1010.2,,3.0
2025-04-26,22,22.5,19.7,84.0,0.0,,150.0,9.0,,1009.9,,2.0
2025-04-26,23,22.3,19.5,84.0,0.0,,169.0,7.6,,1010.2,,2.0
2025-04-27,0,24.6,21.1,81.0,0.0,,140.0,5.4,,1011.4,,1.0
2025-04-27,1,22.2,19.2,83.0,0.0,,157.0,5.0,,1011.8,,2.0
2025-04-27,2,23.8,19.1,75.0,0.0,,194.0,4.3,,1012.6,,1.0
2025-04-27,3,26.4,11.7,40.0,0.0,,140.0,3.6,,1013.0,,1.0
2025-04-27,4,28.2,17.7,53.0,0.0,,184.0,6.8,,1012.8,,1.0
2025-04-27,5,30.3,16.0,42.0,0.0,,122.0,5.0,,1012.0,,3.0
2025-04-27,6,30.0,23.0,66.0,0.0,,230.0,3.6,,1011.4,,2.0
2025-04-27,7,33.1,12.7,29.0,0.0,,77.0,11.2,,1010.4,,2.0
2025-04-27,8,33.5,11.4,26.0,0.0,,74.0,13.0,,1008.9,,3.0
2025-04-27,9,32.4,17.8,42.0,0.0,,320.0,1.8,,1007.5,,3.0
2025-04-27,10,33.1,10.4,25.0,0.0,,79.0,13.3,,1007.2,,3.0
2025-04-27,11,32.5,11.1,27.0,0.0,,80.0,13.7,,1006.9,,2.0
2025-04-27,12,31.8,13.1,32.0,0.0,,140.0,3.6,,1007.2,,2.0
2025-04-27,13,30.7,12.1,32.0,0.0,,73.0,13.7,,1008.4,,3.0
2025-04-27,14,30.0,12.4,34.0,0.0,,79.0,9.7,,1009.6,,3.0
2025-04-27,15,28.8,13.5,39.0,0.0,,20.0,11.9,,1010.8,,3.0
2025-04-27,16,27.4,14.1,44.0,0.0,,110.0,15.8,,1011.8,,2.0
2025-04-27,17,25.0,18.4,67.0,0.0,,132.0,19.1,,1012.4,,3.0
2025-04-27,18,27.0,22.4,76.0,0.0,,140.0,7.6,,1012.1,,3.0
2025-04-27,19,23.2,19.8,81.0,0.0,,130.0,12.6,,1011.8,,3.0
2025-04-27,20,22.8,20.0,84.0,0.0,,139.0,11.2,,1011.2,,3.0
2025-04-27,21,24.0,20.3,80.0,0.0,,90.0,5.4,,1010.6,,1.0
2025-04-27,22,22.1,19.8,87.0,0.0,,149.0,7.9,,1010.1,,1.0
2025-04-27,23,21.9,20.0,89.0,0.0,,169.0,6.1,,1010.1,,1.0
2025-04-28,0,23.6,20.5,83.0,0.0,,0.0,0.0,,1010.7,,1.0
2025-04-28,1,21.7,19.6,88.0,0.0,,164.0,4.3,,1011.3,,1.0
2025-04-28,2,23.3,19.5,79.0,0.0,,177.0,5.8,,1012.0,,1.0
2025-04-28,3,25.6,22.1,81.0,0.0,,180.0,3.6,,1012.4,,3.0
2025-04-28,4,28.0,17.8,54.0,0.0,,156.0,7.9,,1012.2,,3.0
2025-04-28,5,30.2,16.2,43.0,0.0,,122.0,6.8,,1011.3,,3.0
2025-04-28,6,30.2,23.9,69.0,0.0,,90.0,3.6,,1010.5,,3.0
2025-04-28,7,32.4,13.6,32.0,0.0,,74.0,10.8,,1009.4,,2.0
2025-04-28,8,32.5,13.7,32.0,0.0,,66.0,12.6,,1008.2,,2.0
2025-04-28,9,33.4,20.6,47.0,0.0,,90.0,3.6,,1007.0,,2.0
2025-04-28,10,32.6,13.3,31.0,0.0,,59.0,11.9,,1006.0,,2.0
2025-04-28,11,32.0,13.7,33.0,0.0,,68.0,10.8,,1005.9,,1.0
2025-04-28,12,31.0,16.6,42.0,0.0,,90.0,3.6,,1006.1,,2.0
2025-04-28,13,30.3,13.6,36.0,0.0,,85.0,9.4,,1006.9,,2.0
2025-04-28,14,29.8,14.0,38.0,0.0,,120.0,9.4,,1007.8,,2.0
2025-04-28,15,28.6,20.1,60.0,0.0,,0.0,0.0,,1008.6,,2.0
2025-04-28,16,28.1,14.3,43.0,0.0,,136.0,15.5,,1009.6,,3.0
2025-04-28,17,25.4,17.8,63.0,0.0,,138.0,16.6,,1011.0,,3.0
2025-04-28,18,27.0,18.6,60.0,0.0,,90.0,3.6,,1011.0,,3.0
2025-04-28,19,23.7,19.4,77.0,0.0,,137.0,11.2,,1010.7,,3.0
2025-04-28,20,23.2,19.8,81.0,0.0,,152.0,8.6,,1010.2,,3.0
2025-04-28,21,25.6,21.3,77.0,0.0,,140.0,7.6,,1009.7,,1.0
2025-04-28,22,22.5,19.5,83.0,0.0,,143.0,6.8,,1009.3,,1.0
2025-04-28,23,22.1,19.5,85.0,0.0,,154.0,7.2,,1009.2,,1.0
2025-04-29,0,24.6,21.1,81.0,0.0,,230.0,5.4,,1009.5,,1.0
2025-04-29,1,21.9,19.8,88.0,0.0,,169.0,8.6,,1010.0,,3.0
2025-04-29,2,23.7,19.8,79.0,0.0,,170.0,9.4,,1011.1,,3.0
2025-04-29,3,26.8,23.1,80.0,0.0,,0.0,0.0,,1011.6,,3.0
2025-04-29,4,28.5,18.3,54.0,0.0,,204.0,7.2,,1011.2,,3.0
2025-04-29,5,30.9,15.7,40.0,0.0,,101.0,5.0,,1010.6,,3.0
2025-04-29,6,30.4,24.1,69.0,0.0,,180.0,3.6,,1009.8,,3.0
2025-04-29,7,33.5,12.5,28.0,0.0,,58.0,16.2,,1008.6,,2.0
2025-04-29,8,33.8,11.6,26.0,0.0,,54.0,15.5,,1007.5,,3.0
2025-04-29,9,32.8,17.8,41.0,0.0,,180.0,3.6,,1006.3,,3.0
2025-04-29,10,33.2,12.2,28.0,0.0,,60.0,17.3,,1005.7,,2.0
2025-04-29,11,32.5,12.7,30.0,0.0,,58.0,18.0,,1005.5,,2.0
2025-04-29,12,31.4,16.2,40.0,0.0,,140.0,3.6,,1006.0,,2.0
2025-04-29,13,30.8,14.0,36.0,0.0,,96.0,10.8,,1007.1,,1.0
2025-04-29,14,30.0,14.5,39.0,0.0,,112.0,10.4,,1008.2,,1.0
2025-04-29,15,29.6,19.0,53.0,0.0,,140.0,5.4,,1008.9,,2.0
2025-04-29,16,28.6,14.4,42.0,0.0,,129.0,10.4,,1009.6,,1.0
2025-04-29,17,26.9,16.8,54.0,0.0,,141.0,8.3,,1010.6,,1.0
2025-04-29,18,27.7,19.0,59.0,0.0,,147.0,3.6,,1010.1,,1.0
2025-04-29,19,26.2,17.0,57.0,0.0,,156.0,8.6,,1009.7,,1.0
2025-04-29,20,25.4,17.6,62.0,0.0,,146.0,8.6,,1009.5,,1.0
2025-04-29,21,26.0,19.4,67.0,0.0,,0.0,0.0,,1009.4,,1.0
2025-04-29,22,23.5,17.3,68.0,0.0,,162.0,10.8,,1009.3,,1.0
2025-04-29,23,22.9,17.6,72.0,0.0,,161.0,9.0,,1009.6,,3.0
2025-04-30,0,25.4,20.2,73.0,0.0,,0.0,0.0,,1010.1,,3.0
2025-04-30,1,22.2,18.6,80.0,0.0,,188.0,4.7,,1010.9,,3.0
2025-04-30,2,23.8,19.1,75.0,0.0,,201.0,5.0,,1011.8,,3.0
2025-04-30,3,26.2,20.1,69.0,0.0,,230.0,3.6,,1012.1,,3.0
2025-04-30,4,28.8,18.0,52.0,0.0,,296.0,5.0,,1012.0,,3.0
2025-04-30,5,31.2,16.0,40.0,0.0,,346.0,4.0,,1011.3,,3.0
2025-04-30,6,31.0,19.7,51.0,0.0,,230.0,3.6,,1010.6,,3.0
2025-04-30,7,33.9,12.8,28.0,0.0,,64.0,11.9,,1009.6,,3.0
2025-04-30,8,34.0,11.8,26.0,0.0,,52.0,11.2,,1008.4,,3.0
2025-04-30,9,33.2,20.4,47.0,0.0,,230.0,3.6,,1007.3,,3.0
2025-04-30,10,33.3,11.8,27.0,0.2,,46.0,13.3,,1006.8,,17.0
2025-04-30,11,32.6,12.3,29.0,0.4,,56.0,11.5,,1006.6,,17.0
2025-04-30,12,24.0,20.3,80.0,0.2,,230.0,3.6,,1007.2,,17.0
2025-04-30,13,30.6,13.4,35.0,0.0,,103.0,7.6,,1008.3,,2.0
2025-04-30,14,29.6,14.6,40.0,0.0,,116.0,9.4,,1009.6,,2.0
2025-04-30,15,25.0,21.5,81.0,0.0,,0.0,0.0,,1010.4,,2.0
2025-04-30,16,28.8,15.0,43.0,0.0,,116.0,7.9,,1011.4,,2.0
2025-04-30,17,27.9,14.5,44.0,0.0,,119.0,10.4,,1012.0,,3.0
2025-04-30,18,23.2,20.0,82.0,0.0,,152.0,3.6,,1011.1,,3.0
2025-04-30,19,27.2,14.6,46.0,0.0,,152.0,3.2,,1010.5,,3.0
2025-04-30,20,26.9,14.0,45.0,0.0,,142.0,11.2,,1010.3,,2.0
2025-04-30,21,22.2,19.2,83.0,0.0,,230.0,3.6,,1010.7,,2.0
2025-04-30,22,24.0,17.7,68.0,0.0,,143.0,10.8,,1010.6,,2.0
2025-04-30,23,23.6,15.6,61.0,0.0,,159.0,12.2,,1010.0,,2.0
2025-05-01,0,22.2,19.2,83.0,0.0,,182.0,3.6,,1011.0,,1.0
2025-05-01,1,23.1,16.6,67.0,0.0,,205.0,7.9,,1011.7,,1.0
2025-05-01,2,24.5,17.5,65.0,0.0,,237.0,7.9,,1012.2,,3.0
2025-05-01,3,25.2,21.1,78.0,0.0,,230.0,3.6,,1012.7,,3.0
2025-05-01,4,28.5,18.3,54.0,0.0,,256.0,10.1,,1012.6,,3.0
2025-05-01,5,30.7,16.7,43.0,0.0,,246.0,7.6,,1011.8,,3.0
2025-05-01,6,29.6,18.4,51.0,0.0,,270.0,3.6,,1011.0,,3.0
2025-05-01,7,33.1,16.5,37.0,0.0,,255.0,7.6,,1010.0,,3.0
2025-05-01,8,33.2,15.7,35.0,0.0,,346.0,7.6,,1009.0,,3.0
2025-05-01,9,32.6,18.8,44.0,0.0,,230.0,5.4,,1008.1,,3.0
2025-05-01,10,33.6,12.6,28.0,0.0,,38.0,10.4,,1007.3,,3.0
2025-05-01,11,32.9,13.0,30.0,0.3,,39.0,10.4,,1007.2,,8.0
2025-05-01,12,32.4,19.6,47.0,0.2,,140.0,5.4,,1007.6,,7.0
2025-05-01,13,31.2,15.2,38.0,0.0,,91.0,13.0,,1008.3,,3.0
2025-05-01,14,29.4,16.2,45.0,0.0,,139.0,11.5,,1009.9,,3.0
2025-05-01,15,21.0,18.0,83.0,0.0,,320.0,5.4,,1011.9,,3.0
2025-05-01,16,25.8,18.0,62.0,0.0,,226.0,11.2,,1012.8,,3.0
2025-05-01,17,25.2,18.2,65.0,0.0,,225.0,9.0,,1013.2,,3.0
2025-05-01,18,21.2,18.2,83.0,0.0,,320.0,3.6,,1012.8,,3.0
2025-05-01,19,24.3,17.8,67.0,0.0,,239.0,8.3,,1012.1,,3.0
2025-05-01,20,23.5,18.4,73.0,0.0,,235.0,10.1,,1011.3,,3.0
2025-05-01,21,22.0,18.6,81.0,0.0,,230.0,3.6,,1010.5,,3.0
2025-05-01,22,23.0,18.5,76.0,0.0,,224.0,6.5,,1010.3,,3.0
2025-05-01,23,23.0,18.1,74.0,0.0,,207.0,8.6,,1010.4,,3.0
2025-05-02,0,22.6,19.4,82.0,0.0,,230.0,5.4,,1010.9,,3.0
2025-05-02,1,22.4,18.4,78.0,0.0,,295.0,6.8,,1012.0,,3.0
2025-05-02,2,24.0,18.6,72.0,0.0,,294.0,7.6,,1012.7,,3.0
2025-05-02,3,24.6,21.3,82.0,0.0,,230.0,5.4,,1013.1,,3.0
2025-05-02,4,28.6,18.1,53.0,0.0,,338.0,8.3,,1012.8,,1.0
2025-05-02,5,30.6,17.7,46.0,0.0,,9.0,6.5,,1012.2,,1.0
2025-05-02,6,29.6,23.8,71.0,0.0,,320.0,5.4,,1011.8,,1.0
2025-05-02,7,32.1,16.0,38.0,0.0,,57.0,9.7,,1010.9,,2.0
2025-05-02,8,32.8,15.8,36.0,0.0,,59.0,9.7,,1009.7,,2.0
2025-05-02,9,32.4,21.6,53.0,0.0,,230.0,3.6,,1008.6,,2.0
2025-05-02,10,32.8,15.3,35.0,0.0,,77.0,9.0,,1007.5,,3.0
2025-05-02,11,32.9,15.4,35.0,0.0,,40.0,7.9,,1007.0,,2.0
2025-05-02,12,26.8,22.9,79.0,0.0,,230.0,3.6,,1007.3,,3.0
2025-05-02,13,25.1,19.0,69.0,3.6,,354.0,14.0,,1010.4,,18.0
2025-05-02,14,23.8,19.9,79.0,1.5,,194.0,9.7,,1010.1,,9.0
2025-05-02,15,20.6,17.8,84.0,7.0,,140.0,9.4,,1013.4,,18.0
2025-05-02,16,23.2,18.9,77.0,2.3,,234.0,14.4,,1013.0,,9.0
2025-05-02,17,23.1,19.7,81.0,0.0,,254.0,10.4,,1013.2,,3.0
2025-05-02,18,20.4,16.6,79.0,0.0,,230.0,3.6,,1012.6,,3.0
2025-05-02,19,22.6,19.4,82.0,0.0,,226.0,8.6,,1012.0,,2.0
2025-05-02,20,22.2,19.0,82.0,0.0,,222.0,9.0,,1011.4,,1.0
2025-05-02,21,20.4,17.2,82.0,0.0,,270.0,7.6,,1010.8,,1.0
2025-05-02,22,22.0,19.2,84.0,0.0,,230.0,9.7,,1010.4,,3.0
2025-05-02,23,21.7,19.6,88.0,0.0,,233.0,11.2,,1010.7,,3.0
2025-05-03,0,20.8,17.6,82.0,0.0,,230.0,5.4,,1011.0,,3.0
2025-05-03,1,21.5,20.3,93.0,0.0,,261.0,11.9,,1011.9,,3.0
2025-05-03,2,22.5,19.9,85.0,0.0,,265.0,10.4,,1012.7,,3.0
2025-05-03,3,24.4,18.6,70.0,0.0,,0.0,0.0,,1012.9,,1.0
2025-05-03,4,27.3,19.1,61.0,0.0,,278.0,10.4,,1012.8,,1.0
2025-05-03,5,29.4,18.5,52.0,0.0,,271.0,9.7,,1012.0,,1.0
2025-05-03,6,29.0,20.2,59.0,0.0,,230.0,3.6,,1011.2,,2.0
2025-05-03,7,33.5,16.8,37.0,0.0,,302.0,7.6,,1009.9,,2.0
2025-05-03,8,34.3,16.6,35.0,0.0,,318.0,9.4,,1008.6,,3.0
2025-05-03,9,31.0,19.4,50.0,3.0,,0.0,0.0,,1008.1,,18.0
2025-05-03,10,25.2,19.8,72.0,4.7,,169.0,17.3,,1008.8,,9.0
2025-05-03,11,27.6,19.1,60.0,0.0,,256.0,11.2,,1007.7,,3.0
2025-05-03,12,30.2,19.6,53.0,0.0,,230.0,3.6,,1007.9,,3.0
2025-05-03,13,26.5,19.6,66.0,0.0,,292.0,14.0,,1009.2,,3.0
2025-05-03,14,24.3,19.4,74.0,0.7,,260.0,13.3,,1010.9,,8.0
2025-05-03,15,28.0,20.8,65.0,0.0,,0.0,0.0,,1011.3,,3.0
2025-05-03,16,24.0,20.5,81.0,0.0,,281.0,6.5,,1011.4,,3.0
2025-05-03,17,27.0,16.0,51.0,0.0,,249.0,8.3,,1010.9,,3.0
2025-05-03,18,25.2,21.5,80.0,0.0,,291.0,3.6,,1011.1,,3.0
2025-05-03,19,24.6,17.1,63.0,0.0,,300.0,10.4,,1010.7,,3.0
2025-05-03,20,24.0,17.7,68.0,0.0,,269.0,7.9,,1010.3,,3.0
2025-05-03,21,24.0,18.1,71.0,0.0,,140.0,5.4,,1010.0,,3.0
2025-05-03,22,22.5,19.5,83.0,0.0,,239.0,9.7,,1009.6,,3.0
2025-05-03,23,22.0,19.7,87.0,0.0,,234.0,10.1,,1010.1,,2.0
2025-05-04,0,22.6,20.5,88.0,0.0,,140.0,5.4,,1010.8,,3.0
2025-05-04,1,21.7,20.2,91.0,0.0,,260.0,11.2,,1011.7,,3.0
2025-05-04,2,22.9,20.2,85.0,0.0,,280.0,13.7,,1012.3,,3.0
2025-05-04,3,24.8,21.3,81.0,0.0,,230.0,3.6,,1012.6,,3.0
2025-05-04,4,27.0,19.4,63.0,0.0,,290.0,12.6,,1012.3,,2.0
2025-05-04,5,29.2,18.6,53.0,0.0,,293.0,13.3,,1011.8,,2.0
2025-05-04,6,31.0,18.0,46.0,0.0,,303.0,13.7,,1010.7,,2.0
2025-05-04,7,31.8,17.7,43.0,0.0,,314.0,12.6,,1009.7,,2.0
2025-05-04,8,33.3,15.3,34.0,0.0,,311.0,11.5,,1008.3,,3.0
2025-05-04,9,32.4,20.3,49.0,0.0,,230.0,3.6,,1007.3,,2.0
2025-05-04,10,33.4,14.0,31.0,0.0,,358.0,11.5,,1006.1,,3.0
2025-05-04,11,29.7,15.8,43.0,0.5,,320.0,18.4,,1006.8,,17.0
2025-05-04,12,31.0,19.4,50.0,0.3,,230.0,5.4,,1007.1,,17.0
2025-05-04,13,30.8,13.6,35.0,0.0,,345.0,6.5,,1007.9,,2.0
2025-05-04,14,29.9,14.5,39.0,0.0,,307.0,4.3,,1008.7,,3.0
2025-05-04,15,27.0,18.3,59.0,0.0,,0.0,0.0,,1009.5,,3.0
2025-05-04,16,27.9,16.2,49.0,0.0,,205.0,9.0,,1010.3,,3.0
2025-05-04,17,26.4,16.9,56.0,0.0,,222.0,10.4,,1011.1,,3.0
2025-05-04,18,25.2,19.6,71.0,0.0,,230.0,5.4,,1011.2,,3.0
2025-05-04,19,24.5,17.2,64.0,0.0,,149.0,10.4,,1010.8,,3.0
2025-05-04,20,24.2,17.2,65.0,0.0,,177.0,7.6,,1010.0,,3.0
2025-05-04,21,23.4,19.5,79.0,0.0,,230.0,3.6,,1009.4,,3.0
2025-05-04,22,23.3,17.3,69.0,0.0,,215.0,4.3,,1009.3,,3.0
2025-05-04,23,22.1,19.8,87.0,0.0,,146.0,8.3,,1009.8,,1.0
2025-05-05,0,23.0,19.4,80.0,0.0,,230.0,3.6,,1009.7,,1.0
2025-05-05,1,22.0,19.2,84.0,0.0,,198.0,4.3,,1010.2,,1.0
2025-05-05,2,24.2,18.4,70.0,0.0,,225.0,5.4,,1010.7,,1.0
2025-05-05,3,25.4,21.7,80.0,0.0,,230.0,3.6,,1010.8,,1.0
2025-05-05,4,27.9,16.5,50.0,0.0,,240.0,7.6,,1011.0,,2.0
2025-05-05,5,29.9,15.6,42.0,0.0,,263.0,6.8,,1010.6,,3.0
2025-05-05,6,30.0,21.9,62.0,0.0,,230.0,5.4,,1009.8,,3.0
2025-05-05,7,32.5,12.2,29.0,0.0,,328.0,7.6,,1009.0,,3.0
2025-05-05,8,33.2,11.1,26.0,0.0,,347.0,9.4,,1007.6,,3.0
2025-05-05,9,34.7,9.2,21.0,0.0,,18.0,11.5,,1006.1,,3.0
2025-05-05,10,34.5,9.0,21.0,0.0,,20.0,10.8,,1005.8,,3.0
2025-05-05,11,33.8,8.4,21.0,0.0,,26.0,10.8,,1005.5,,3.0
2025-05-05,12,31.2,19.5,50.0,0.0,,26.0,3.6,,1005.9,,2.0
2025-05-05,13,32.1,9.0,24.0,0.0,,314.0,10.8,,1006.7,,2.0
2025-05-05,14,29.2,13.4,38.0,0.0,,236.0,11.2,,1008.3,,3.0
2025-05-05,15,29.0,21.8,65.0,0.0,,140.0,3.6,,1009.2,,2.0
2025-05-05,16,27.5,13.1,41.0,0.0,,253.0,7.6,,1009.9,,2.0
2025-05-05,17,26.7,13.1,43.0,0.0,,275.0,8.3,,1010.1,,1.0
2025-05-05,18,27.0,19.6,64.0,0.0,,0.0,0.0,,1010.6,,1.0
2025-05-05,19,24.4,17.2,64.0,0.0,,220.0,11.2,,1010.7,,2.0
2025-05-05,20,23.7,16.2,63.0,0.0,,197.0,7.9,,1009.8,,2.0
2025-05-05,21,25.0,21.3,80.0,0.0,,230.0,5.4,,1009.9,,1.0
2025-05-05,22,21.8,19.2,85.0,0.0,,220.0,10.1,,1009.9,,1.0
2025-05-05,23,21.4,19.9,91.0,0.0,,250.0,10.4,,1010.7,,1.0
2025-05-06,0,23.0,20.0,83.0,0.0,,230.0,3.6,,1011.3,,2.0
2025-05-06,1,20.9,20.1,95.0,0.0,,296.0,7.6,,1012.1,,3.0
2025-05-06,2,22.4,19.2,82.0,0.0,,304.0,7.2,,1012.8,,3.0
2025-05-06,3,25.4,19.8,71.0,0.0,,230.0,5.4,,1012.7,,1.0
2025-05-06,4,27.8,17.3,53.0,0.0,,298.0,10.1,,1012.3,,1.0
2025-05-06,5,29.7,16.9,46.0,0.0,,308.0,10.1,,1011.2,,1.0
2025-05-06,6,30.0,17.5,47.0,0.0,,230.0,5.4,,1010.6,,2.0
2025-05-06,7,31.8,14.5,35.0,0.1,,311.0,9.0,,1010.2,,17.0
2025-05-06,8,32.4,14.1,33.0,0.0,,314.0,7.9,,1008.9,,2.0
2025-05-06,9,33.8,13.8,30.0,0.0,,270.0,3.6,,1007.3,,1.0
2025-05-06,10,33.8,10.4,24.0,0.0,,320.0,11.9,,1006.5,,2.0
2025-05-06,11,33.1,11.0,26.0,0.0,,333.0,11.5,,1006.1,,2.0
2025-05-06,12,32.0,13.2,32.0,0.0,,270.0,5.4,,1006.5,,2.0
2025-05-06,13,31.0,11.4,30.0,0.0,,220.0,10.4,,1007.2,,2.0
2025-05-06,14,29.8,12.7,35.0,0.0,,228.0,9.4,,1008.3,,3.0
2025-05-06,15,28.6,19.3,57.0,0.0,,0.0,0.0,,1009.3,,3.0
2025-05-06,16,27.1,13.8,44.0,0.0,,234.0,9.4,,1010.4,,1.0
2025-05-06,17,26.0,14.5,49.0,0.0,,214.0,9.7,,1011.1,,1.0
2025-05-06,18,25.8,16.9,58.0,0.0,,0.0,0.0,,1010.8,,1.0
2025-05-06,19,24.4,15.1,56.0,0.0,,231.0,10.1,,1010.6,,1.0
2025-05-06,20,23.6,14.6,57.0,0.0,,143.0,10.1,,1010.3,,1.0
2025-05-06,21,25.4,21.3,78.0,0.0,,230.0,3.6,,1009.8,,2.0
2025-05-06,22,22.4,15.7,66.0,0.0,,218.0,8.3,,1009.8,,1.0
2025-05-06,23,21.5,16.5,73.0,0.0,,225.0,9.0,,1010.2,,1.0
2025-05-07,0,24.2,20.9,82.0,0.0,,230.0,5.4,,1011.0,,1.0
2025-05-07,1,21.6,17.4,77.0,0.0,,274.0,11.5,,1011.2,,1.0
2025-05-07,2,23.3,16.4,65.0,0.0,,301.0,9.0,,1011.8,,3.0
2025-05-07,3,26.2,21.6,76.0,0.0,,270.0,3.6,,1012.0,,3.0
2025-05-07,4,28.1,16.4,49.0,0.0,,310.0,13.7,,1011.6,,3.0
2025-05-07,5,29.9,14.8,40.0,0.0,,311.0,14.0,,1010.8,,3.0
2025-05-07,6,30.4,20.3,55.0,0.0,,320.0,3.6,,1010.1,,3.0
2025-05-07,7,32.3,12.0,29.0,0.0,,294.0,9.0,,1009.1,,3.0
2025-05-07,8,32.8,11.4,27.0,0.0,,285.0,8.3,,1007.6,,3.0
2025-05-07,9,32.2,16.9,40.0,0.0,,230.0,3.6,,1006.2,,3.0
2025-05-07,10,33.2,11.1,26.0,0.0,,281.0,12.2,,1005.4,,2.0
2025-05-07,11,32.4,11.0,27.0,0.0,,275.0,11.5,,1005.3,,2.0
2025-05-07,12,30.8,16.4,42.0,0.0,,230.0,3.6,,1006.2,,2.0
2025-05-07,13,30.1,13.0,35.0,0.0,,274.0,9.4,,1007.2,,3.0
2025-05-07,14,29.2,13.0,37.0,0.0,,268.0,10.1,,1008.4,,2.0
2025-05-07,15,29.0,16.9,48.0,0.0,,230.0,5.4,,1009.5,,1.0
2025-05-07,16,28.0,13.5,41.0,0.0,,243.0,5.4,,1009.9,,1.0
2025-05-07,17,26.6,14.0,46.0,0.0,,267.0,7.6,,1010.8,,1.0
2025-05-07,18,25.0,18.7,68.0,0.0,,140.0,5.4,,1011.2,,3.0
2025-05-07,19,24.2,14.9,56.0,0.0,,224.0,11.2,,1011.1,,3.0
2025-05-07,20,23.4,15.7,62.0,0.0,,240.0,7.2,,1010.3,,3.0
2025-05-07,21,24.2,19.9,77.0,0.0,,0.0,0.0,,1009.5,,2.0
2025-05-07,22,23.0,16.1,65.0,0.0,,264.0,8.3,,1009.0,,1.0
2025-05-07,23,22.6,16.4,68.0,0.0,,263.0,8.6,,1009.3,,3.0
2025-05-08,0,23.4,20.7,85.0,0.0,,270.0,5.4,,1010.0,,3.0
2025-05-08,1,21.9,16.8,73.0,0.0,,281.0,9.4,,1010.6,,1.0
2025-05-08,2,23.4,16.9,67.0,0.0,,302.0,9.7,,1011.5,,1.0
2025-05-08,3,25.8,20.1,71.0,0.0,,230.0,5.4,,1012.0,,2.0
2025-05-08,4,27.1,17.3,55.0,0.0,,294.0,11.2,,1011.7,,2.0
2025-05-08,5,28.8,16.4,47.0,0.0,,298.0,9.7,,1011.2,,2.0
2025-05-08,6,29.0,18.5,53.0,0.0,,230.0,3.6,,1010.3,,2.0
2025-05-08,7,30.9,15.3,39.0,0.0,,286.0,7.2,,1009.6,,1.0
2025-05-08,8,32.6,12.3,29.0,0.2,,287.0,9.7,,1008.2,,17.0
2025-05-08,9,31.8,17.3,42.0,0.0,,230.0,5.4,,1007.3,,2.0
2025-05-08,10,32.1,11.8,29.0,0.0,,269.0,11.2,,1006.9,,2.0
2025-05-08,11,31.4,12.2,31.0,0.0,,266.0,11.2,,1007.0,,2.0
2025-05-08,12,30.8,17.8,46.0,0.0,,230.0,3.6,,1007.4,,2.0
2025-05-08,13,29.4,12.8,36.0,0.0,,277.0,10.1,,1008.4,,2.0
2025-05-08,14,28.7,13.0,38.0,0.0,,304.0,10.1,,1009.4,,1.0
2025-05-08,15,28.0,17.2,52.0,0.0,,90.0,3.6,,1010.1,,1.0
2025-05-08,16,27.6,12.8,40.0,0.0,,311.0,5.0,,1010.8,,1.0
2025-05-08,17,26.5,12.9,43.0,0.0,,272.0,11.2,,1011.4,,1.0
2025-05-08,18,26.0,18.4,63.0,0.0,,90.0,3.6,,1012.3,,1.0
2025-05-08,19,23.2,15.3,61.0,0.0,,266.0,9.7,,1011.9,,1.0
2025-05-08,20,22.4,15.7,66.0,0.0,,260.0,9.0,,1011.7,,1.0
2025-05-08,21,24.4,17.4,65.0,0.0,,90.0,3.6,,1011.1,,1.0
2025-05-08,22,21.3,16.3,73.0,0.0,,258.0,8.3,,1010.9,,1.0
2025-05-08,23,21.3,16.7,75.0,0.0,,259.0,7.6,,1010.7,,1.0
2025-05-09,0,23.2,18.1,73.0,0.0,,270.0,3.6,,1011.2,,1.0
2025-05-09,1,20.8,17.0,79.0,0.0,,274.0,6.8,,1011.9,,1.0
2025-05-09,2,22.4,17.1,72.0,0.0,,291.0,8.3,,1012.6,,1.0
2025-05-09,3,25.6,17.5,61.0,0.0,,230.0,5.4,,1012.8,,1.0
2025-05-09,4,27.2,15.2,48.0,0.0,,322.0,9.0,,1012.8,,1.0
2025-05-09,5,29.2,14.6,41.0,0.0,,332.0,5.8,,1011.8,,1.0
2025-05-09,6,30.0,18.4,50.0,0.0,,320.0,3.6,,1011.0,,2.0
2025-05-09,7,31.4,13.7,34.0,0.0,,135.0,7.2,,1010.1,,2.0
2025-05-09,8,31.7,13.5,33.0,0.1,,156.0,7.2,,1009.1,,17.0
2025-05-09,9,31.8,18.0,44.0,0.0,,194.0,3.6,,1008.3,,2.0
2025-05-09,10,31.8,13.1,32.0,0.0,,222.0,7.9,,1007.6,,3.0
2025-05-09,11,31.2,13.0,33.0,0.0,,237.0,7.2,,1007.3,,2.0
2025-05-09,12,30.8,18.2,47.0,0.0,,230.0,5.4,,1007.7,,2.0
2025-05-09,13,29.3,13.9,39.0,0.0,,221.0,8.6,,1008.5,,2.0
2025-05-09,14,28.2,15.8,47.0,0.0,,225.0,8.3,,1009.8,,2.0
2025-05-09,15,27.0,18.0,58.0,0.0,,140.0,3.6,,1011.0,,2.0
2025-05-09,16,26.9,15.9,51.0,0.0,,276.0,5.8,,1011.7,,2.0
2025-05-09,17,26.6,17.1,56.0,0.0,,260.0,3.2,,1011.8,,1.0
2025-05-09,18,25.0,17.2,62.0,0.0,,50.0,3.6,,1011.4,,1.0
2025-05-09,19,23.7,17.7,69.0,0.0,,267.0,9.4,,1011.8,,1.0
2025-05-09,20,23.4,16.9,67.0,0.0,,313.0,7.6,,1011.2,,3.0
2025-05-09,21,24.0,17.7,68.0,0.0,,0.0,0.0,,1010.6,,3.0
2025-05-09,22,22.7,16.7,69.0,0.0,,227.0,5.4,,1010.3,,3.0
2025-05-09,23,22.1,16.8,72.0,0.0,,215.0,5.4,,1010.4,,3.0
2025-05-10,0,23.8,18.7,73.0,0.0,,230.0,3.6,,1010.8,,3.0
2025-05-10,1,21.6,17.0,75.0,0.0,,229.0,7.2,,1011.4,,3.0
2025-05-10,2,23.1,16.9,68.0,0.0,,245.0,7.2,,1012.5,,3.0
2025-05-10,3,25.6,20.6,74.0,0.0,,249.0,3.6,,1012.8,,3.0
2025-05-10,4,27.6,16.6,51.0,0.0,,255.0,6.8,,1012.5,,2.0
2025-05-10,5,29.0,15.9,45.0,0.0,,294.0,6.1,,1012.5,,1.0
2025-05-10,6,30.0,20.6,57.0,0.0,,270.0,5.4,,1011.9,,2.0
2025-05-10,7,30.8,14.8,38.0,0.0,,203.0,6.8,,1011.0,,2.0
2025-05-10,8,31.1,14.7,37.0,0.1,,195.0,7.9,,1009.8,,17.0
2025-05-10,9,32.2,17.7,42.0,0.2,,270.0,5.4,,1008.7,,17.0
2025-05-10,10,31.4,14.1,35.0,0.2,,250.0,10.4,,1008.1,,17.0
2025-05-10,11,30.5,14.6,38.0,0.1,,257.0,9.4,,1008.0,,17.0
2025-05-10,12,30.4,17.5,46.0,0.2,,50.0,5.4,,1008.2,,17.0
2025-05-10,13,28.7,14.2,41.0,0.1,,247.0,6.5,,1009.2,,17.0
2025-05-10,14,28.1,15.4,46.0,0.0,,313.0,4.3,,1009.9,,2.0
2025-05-10,15,26.8,19.9,66.0,0.0,,50.0,3.6,,1011.1,,2.0
2025-05-10,16,26.0,17.9,61.0,0.0,,30.0,3.6,,1011.6,,3.0
2025-05-10,17,25.5,18.7,66.0,0.0,,36.0,3.6,,1011.8,,3.0
2025-05-10,18,26.6,20.4,69.0,0.0,,140.0,3.6,,1012.0,,3.0
2025-05-10,19,23.3,17.3,69.0,0.0,,264.0,10.1,,1011.8,,3.0
2025-05-10,20,22.9,16.2,66.0,0.0,,284.0,9.4,,1010.5,,1.0
2025-05-10,21,25.2,19.1,69.0,0.0,,270.0,3.6,,1010.3,,3.0
2025-05-10,22,21.9,16.8,73.0,0.0,,258.0,9.4,,1010.2,,3.0
2025-05-10,23,21.4,17.0,76.0,0.0,,253.0,10.1,,1010.5,,1.0
2025-05-11,0,23.4,19.1,77.0,0.0,,230.0,3.6,,1010.7,,1.0
2025-05-11,1,21.5,17.9,80.0,0.0,,249.0,9.7,,1011.5,,1.0
2025-05-11,2,22.9,18.0,74.0,0.0,,259.0,8.6,,1012.2,,1.0
2025-05-11,3,25.2,18.9,68.0,0.0,,230.0,3.6,,1012.4,,2.0
2025-05-11,4,27.6,16.2,50.0,0.0,,263.0,9.0,,1012.1,,2.0
2025-05-11,5,29.4,15.9,44.0,0.0,,269.0,8.3,,1011.6,,1.0
2025-05-11,6,29.8,19.2,53.0,0.2,,270.0,5.4,,1010.7,,17.0
2025-05-11,7,31.5,15.1,37.0,0.3,,152.0,5.8,,1009.6,,17.0
2025-05-11,8,32.0,15.1,36.0,0.3,,240.0,7.2,,1008.3,,17.0
2025-05-11,9,33.0,18.4,42.0,0.3,,320.0,3.6,,1007.3,,17.0
2025-05-11,10,31.3,15.7,39.0,0.0,,253.0,6.5,,1006.5,,3.0
2025-05-11,11,25.9,18.6,64.0,0.0,,204.0,13.0,,1007.6,,3.0
2025-05-11,12,29.0,19.3,56.0,0.4,,320.0,5.4,,1007.0,,17.0
2025-05-11,13,24.1,19.2,74.0,1.7,,324.0,14.8,,1008.7,,18.0
2025-05-11,14,24.7,20.0,75.0,0.1,,18.0,5.0,,1008.6,,17.0
2025-05-11,15,27.6,21.2,68.0,0.0,,0.0,0.0,,1009.5,,3.0
2025-05-11,16,26.8,19.9,66.0,0.0,,163.0,2.5,,1010.0,,3.0
2025-05-11,17,25.8,19.0,66.0,0.0,,246.0,9.7,,1010.9,,2.0
2025-05-11,18,26.8,21.1,71.0,0.0,,264.0,3.6,,1011.5,,3.0
2025-05-11,19,23.3,18.6,75.0,0.0,,260.0,10.8,,1011.3,,2.0
2025-05-11,20,22.6,19.0,80.0,0.0,,257.0,11.2,,1010.7,,2.0
2025-05-11,21,24.6,21.7,84.0,0.0,,230.0,5.4,,1009.6,,1.0
2025-05-11,22,21.7,19.3,86.0,0.0,,262.0,11.5,,1009.2,,1.0
2025-05-11,23,21.3,19.4,89.0,0.0,,260.0,10.8,,1009.3,,1.0
2025-05-12,0,23.2,19.4,79.0,0.0,,230.0,5.4,,1009.4,,1.0
2025-05-12,1,21.1,19.6,91.0,0.0,,268.0,10.4,,1009.8,,1.0
2025-05-12,2,22.7,19.7,83.0,0.0,,269.0,12.2,,1010.7,,1.0
2025-05-12,3,25.6,20.4,73.0,0.0,,230.0,3.6,,1010.9,,1.0
2025-05-12,4,27.1,18.7,60.0,0.0,,272.0,11.5,,1010.6,,1.0
2025-05-12,5,29.0,18.2,52.0,0.0,,284.0,11.2,,1009.8,,1.0
2025-05-12,6,30.4,18.5,49.0,0.0,,320.0,5.4,,1009.1,,2.0
2025-05-12,7,31.1,17.4,44.0,0.2,,305.0,8.3,,1008.5,,17.0
2025-05-12,8,31.4,17.3,43.0,0.2,,311.0,6.8,,1007.4,,17.0
2025-05-12,9,32.4,18.9,45.0,0.0,,270.0,3.6,,1005.9,,3.0
2025-05-12,10,31.2,17.1,43.0,0.0,,300.0,5.8,,1005.0,,3.0
2025-05-12,11,30.8,17.1,44.0,0.0,,286.0,7.6,,1004.8,,2.0
2025-05-12,12,31.6,17.9,44.0,0.2,,230.0,9.4,,1005.3,,17.0
2025-05-12,13,28.1,17.9,54.0,0.0,,246.0,11.5,,1006.5,,3.0
2025-05-12,14,25.3,18.2,65.0,0.0,,242.0,19.8,,1008.6,,3.0
2025-05-12,15,26.0,22.1,79.0,0.0,,230.0,3.6,,1009.7,,3.0
2025-05-12,16,24.7,18.4,68.0,0.0,,335.0,2.5,,1010.4,,2.0
2025-05-12,17,23.7,19.4,77.0,0.0,,241.0,7.6,,1010.9,,2.0
2025-05-12,18,23.4,19.5,79.0,0.0,,131.0,7.9,,1011.0,,2.0
2025-05-12,19,23.0,19.6,81.0,0.0,,12.0,5.4,,1010.9,,2.0
2025-05-12,20,22.8,19.8,83.0,0.0,,334.0,4.7,,1010.3,,2.0
2025-05-12,21,21.6,20.9,96.0,0.0,,230.0,7.6,,1009.5,,2.0
2025-05-12,22,20.9,19.9,94.0,0.0,,264.0,8.6,,1008.7,,1.0
2025-05-12,23,20.9,19.7,93.0,0.0,,268.0,8.3,,1008.9,,3.0
2025-05-13,0,21.4,20.7,96.0,0.0,,0.0,0.0,,1008.8,,2.0
2025-05-13,1,20.9,19.7,93.0,0.0,,290.0,10.1,,1009.4,,3.0
2025-05-13,2,22.4,19.8,85.0,0.0,,297.0,9.0,,1010.2,,3.0
2025-05-13,3,24.8,20.7,78.0,0.0,,0.0,0.0,,1010.8,,3.0
2025-05-13,4,27.7,18.1,56.0,0.0,,282.0,9.4,,1010.7,,2.0
2025-05-13,5,29.7,18.2,50.0,0.0,,278.0,6.8,,1010.0,,3.0
2025-05-13,6,29.6,21.8,63.0,0.0,,230.0,3.6,,1009.4,,3.0
2025-05-13,7,32.6,16.9,39.0,0.0,,285.0,7.6,,1008.5,,3.0
2025-05-13,8,33.2,17.4,39.0,0.0,,340.0,9.4,,1006.7,,3.0
2025-05-13,9,31.6,18.2,45.0,2.4,,230.0,5.4,,1006.0,,18.0
2025-05-13,10,27.3,19.6,63.0,3.1,,229.0,13.7,,1006.0,,9.0
2025-05-13,11,28.2,19.2,58.0,0.0,,177.0,8.3,,1005.0,,2.0
2025-05-13,12,22.2,21.4,95.0,0.0,,320.0,5.4,,1005.2,,2.0
2025-05-13,13,26.6,18.5,61.0,2.8,,232.0,16.6,,1007.1,,18.0
2025-05-13,14,22.6,18.6,78.0,1.3,,273.0,15.8,,1009.6,,18.0
2025-05-13,15,23.4,22.7,96.0,0.0,,0.0,0.0,,1010.8,,3.0
2025-05-13,16,22.4,19.6,84.0,0.0,,321.0,8.6,,1011.1,,2.0
2025-05-13,17,22.4,19.4,83.0,0.0,,333.0,5.0,,1011.2,,2.0
2025-05-13,18,21.2,20.7,97.0,0.0,,320.0,9.4,,1010.5,,2.0
2025-05-13,19,22.2,19.7,86.0,0.0,,311.0,6.5,,1009.9,,3.0
2025-05-13,20,22.0,20.3,90.0,0.0,,298.0,6.1,,1009.6,,2.0
2025-05-13,21,20.4,20.1,98.0,0.0,,0.0,0.0,,1009.2,,1.0
2025-05-13,22,21.5,19.8,90.0,0.0,,301.0,6.8,,1009.0,,2.0
2025-05-13,23,21.1,19.2,89.0,0.0,,290.0,9.0,,1009.6,,1.0
2025-05-14,0,20.4,20.1,98.0,0.0,,0.0,0.0,,1010.3,,3.0
2025-05-14,1,21.0,19.6,92.0,0.0,,275.0,9.7,,1010.9,,3.0
2025-05-14,2,22.5,19.9,85.0,0.0,,309.0,9.7,,1011.5,,3.0
2025-05-14,3,23.4,20.7,85.0,0.0,,0.0,0.0,,1011.3,,3.0
2025-05-14,4,26.9,19.3,63.0,0.0,,341.0,9.4,,1011.2,,3.0
2025-05-14,5,28.9,18.7,54.0,0.0,,13.0,9.7,,1010.8,,3.0
2025-05-14,6,28.4,22.4,70.0,0.0,,50.0,5.4,,1010.2,,3.0
2025-05-14,7,30.9,17.6,45.0,0.0,,40.0,7.9,,1009.2,,3.0
2025-05-14,8,31.7,17.6,43.0,0.0,,40.0,7.9,,1008.1,,3.0
2025-05-14,9,30.8,21.6,58.0,0.0,,50.0,3.6,,1006.6,,3.0
2025-05-14,10,31.9,17.4,42.0,0.0,,32.0,10.1,,1005.8,,3.0
2025-05-14,11,31.5,17.0,42.0,0.0,,33.0,7.9,,1005.3,,3.0
2025-05-14,12,30.0,20.6,57.0,0.9,,50.0,3.6,,1006.0,,8.0
2025-05-14,13,26.5,18.9,63.0,0.3,,276.0,14.8,,1007.8,,17.0
2025-05-14,14,27.2,18.8,60.0,0.0,,280.0,8.6,,1008.4,,3.0
2025-05-14,15,26.4,20.5,70.0,0.7,,0.0,0.0,,1011.6,,17.0
2025-05-14,16,22.9,19.5,81.0,0.2,,289.0,6.8,,1011.7,,7.0
2025-05-14,17,22.8,19.6,82.0,0.0,,93.0,4.0,,1012.3,,3.0
2025-05-14,18,23.8,19.9,79.0,0.0,,230.0,5.4,,1011.7,,3.0
2025-05-14,19,22.5,19.9,85.0,0.0,,350.0,4.0,,1011.3,,3.0
2025-05-14,20,22.6,20.7,89.0,0.0,,238.0,8.6,,1010.0,,3.0
2025-05-14,21,20.2,19.5,96.0,0.0,,320.0,5.4,,1009.4,,3.0
2025-05-14,22,22.0,21.0,94.0,0.0,,246.0,8.3,,1009.0,,3.0
2025-05-14,23,21.9,20.9,94.0,0.0,,248.0,6.1,,1009.1,,3.0
2025-05-15,0,20.0,19.3,96.0,0.0,,0.0,0.0,,1009.6,,3.0
2025-05-15,1,21.6,20.8,95.0,0.0,,276.0,8.6,,1010.3,,3.0
2025-05-15,2,23.0,20.5,86.0,0.0,,300.0,7.6,,1011.0,,1.0
2025-05-15,3,22.4,21.7,96.0,0.0,,320.0,3.6,,1010.9,,1.0
2025-05-15,4,27.8,19.1,59.0,0.0,,314.0,8.3,,1010.9,,1.0
2025-05-15,5,29.5,18.6,52.0,0.0,,339.0,7.9,,1010.3,,1.0
2025-05-15,6,28.4,21.4,66.0,0.0,,270.0,5.4,,1009.6,,2.0
2025-05-15,7,32.0,17.5,42.0,0.0,,300.0,6.1,,1008.7,,3.0
2025-05-15,8,32.9,16.7,38.0,0.0,,321.0,7.6,,1007.6,,3.0
2025-05-15,9,31.0,22.1,59.0,0.0,,270.0,5.4,,1006.8,,2.0
2025-05-15,10,31.4,17.0,42.0,0.6,,349.0,5.0,,1006.1,,17.0
2025-05-15,11,29.1,18.8,54.0,1.0,,202.0,8.3,,1006.4,,18.0
2025-05-15,12,29.4,21.1,61.0,0.4,,230.0,3.6,,1007.1,,17.0
2025-05-15,13,23.6,19.1,76.0,0.9,,220.0,18.0,,1009.2,,8.0
2025-05-15,14,23.2,20.2,83.0,1.1,,302.0,16.6,,1010.0,,18.0
2025-05-15,15,27.6,22.1,72.0,0.0,,0.0,0.0,,1011.2,,3.0
2025-05-15,16,22.7,19.9,84.0,0.0,,333.0,7.9,,1012.4,,3.0
2025-05-15,17,22.5,20.2,87.0,0.0,,36.0,8.6,,1012.7,,3.0
2025-05-15,18,22.0,21.7,98.0,0.0,,26.0,3.6,,1012.1,,3.0
2025-05-15,19,22.0,20.3,90.0,0.0,,51.0,6.1,,1011.2,,3.0
2025-05-15,20,21.9,20.4,91.0,0.0,,336.0,2.5,,1009.9,,3.0
2025-05-15,21,22.4,19.8,85.0,0.0,,249.0,6.8,,1009.7,,3.0
2025-05-15,22,22.0,19.7,87.0,0.0,,253.0,8.3,,1009.4,,3.0
2025-05-15,23,21.6,19.9,90.0,0.0,,258.0,8.3,,1009.5,,3.0
2025-05-16,0,21.2,19.5,90.0,0.0,,256.0,3.6,,1009.5,,3.0
2025-05-16,1,21.5,20.1,92.0,0.0,,264.0,9.0,,1010.1,,3.0
2025-05-16,2,22.3,19.3,83.0,0.0,,270.0,10.1,,1011.4,,3.0
2025-05-16,3,24.4,22.5,89.0,0.0,,0.0,0.0,,1011.3,,3.0
2025-05-16,4,27.2,18.8,60.0,0.0,,283.0,10.1,,1011.0,,3.0
2025-05-16,5,28.9,18.4,53.0,0.0,,296.0,9.7,,1010.6,,1.0
2025-05-16,6,28.4,22.2,69.0,0.0,,230.0,3.6,,1010.1,,2.0
2025-05-16,7,31.1,18.5,47.0,0.0,,302.0,8.3,,1009.2,,3.0
2025-05-16,8,32.2,18.4,44.0,0.0,,307.0,9.7,,1007.9,,3.0
2025-05-16,9,28.0,21.5,68.0,0.0,,140.0,5.4,,1006.7,,2.0
2025-05-16,10,32.0,17.9,43.0,0.0,,278.0,10.1,,1005.7,,3.0
2025-05-16,11,30.4,17.8,47.0,0.0,,270.0,11.5,,1005.2,,3.0
2025-05-16,12,27.2,20.8,68.0,1.1,,180.0,3.6,,1007.1,,9.0
2025-05-16,13,25.7,20.0,71.0,0.2,,247.0,17.6,,1007.6,,17.0
2025-05-16,14,23.3,20.4,84.0,4.7,,195.0,10.4,,1009.2,,9.0
2025-05-16,15,26.4,20.5,70.0,0.2,,0.0,0.0,,1010.8,,7.0
2025-05-16,16,23.0,20.9,88.0,0.2,,16.0,6.1,,1011.0,,7.0
2025-05-16,17,23.4,20.3,83.0,0.0,,17.0,8.3,,1012.0,,3.0
2025-05-16,18,24.8,22.5,87.0,0.1,,270.0,5.4,,1012.0,,7.0
2025-05-16,19,22.7,20.2,86.0,0.2,,336.0,2.9,,1011.4,,7.0
2025-05-16,20,22.6,20.3,87.0,0.0,,312.0,5.0,,1010.2,,3.0
2025-05-16,21,22.6,21.9,96.0,0.0,,230.0,5.4,,1010.1,,3.0
2025-05-16,22,21.6,20.4,93.0,0.4,,279.0,7.6,,1009.9,,8.0
2025-05-16,23,21.5,20.5,94.0,0.0,,243.0,8.6,,1009.4,,3.0
2025-05-17,0,22.0,21.7,98.0,0.0,,270.0,3.6,,1009.6,,3.0
2025-05-17,1,21.4,20.4,94.0,0.0,,278.0,10.8,,1009.3,,3.0
2025-05-17,2,22.4,20.7,90.0,0.0,,289.0,11.5,,1010.1,,3.0
2025-05-17,3,22.6,19.4,82.0,0.0,,180.0,3.6,,1011.0,,3.0
2025-05-17,4,24.8,20.9,79.0,0.0,,287.0,13.3,,1010.8,,3.0
2025-05-17,5,27.1,19.7,64.0,0.0,,292.0,13.0,,1010.3,,3.0
2025-05-17,6,27.8,23.6,78.0,0.0,,270.0,5.4,,1009.6,,2.0
2025-05-17,7,29.6,19.9,56.0,0.0,,306.0,10.4,,1008.9,,2.0
2025-05-17,8,29.2,19.2,55.0,0.0,,293.0,13.3,,1007.1,,3.0
2025-05-17,9,28.6,21.6,66.0,3.0,,199.0,3.6,,1006.4,,9.0
2025-05-17,10,23.1,21.0,88.0,3.5,,199.0,14.0,,1006.9,,9.0
2025-05-17,11,24.9,21.0,79.0,0.2,,304.0,11.5,,1006.5,,7.0
2025-05-17,12,27.0,21.5,72.0,3.2,,230.0,5.4,,1008.0,,9.0
2025-05-17,13,22.6,20.1,86.0,1.0,,271.0,13.0,,1009.3,,9.0
2025-05-17,14,21.8,20.4,92.0,5.7,,252.0,6.8,,1010.3,,9.0
2025-05-17,15,21.6,20.8,95.0,2.7,,270.0,3.6,,1010.8,,9.0
2025-05-17,16,21.5,20.8,96.0,1.3,,230.0,5.0,,1011.5,,9.0
2025-05-17,17,21.3,20.5,95.0,1.1,,320.0,5.0,,1011.6,,9.0
2025-05-17,18,21.4,20.7,96.0,0.8,,0.0,0.0,,1011.6,,8.0
2025-05-17,19,21.1,20.6,97.0,1.7,,31.0,4.0,,1010.8,,9.0
2025-05-17,20,21.0,20.7,98.0,1.2,,253.0,5.8,,1009.7,,9.0
2025-05-17,21,21.4,20.7,96.0,0.3,,230.0,3.6,,1009.3,,8.0
2025-05-17,22,20.8,20.1,96.0,0.0,,273.0,11.2,,1008.9,,3.0
2025-05-17,23,20.6,19.9,96.0,0.0,,278.0,11.5,,1008.7,,3.0
2025-05-18,0,21.4,21.1,98.0,0.0,,230.0,3.6,,1008.9,,3.0
2025-05-18,1,21.0,20.2,95.0,0.0,,289.0,10.8,,1009.1,,3.0
2025-05-18,2,21.8,20.6,93.0,0.0,,295.0,11.2,,1009.7,,3.0
2025-05-18,3,22.6,20.9,90.0,0.0,,230.0,5.4,,1010.1,,3.0
2025-05-18,4,25.4,20.2,73.0,0.0,,287.0,13.7,,1010.1,,3.0
2025-05-18,5,26.8,19.9,66.0,0.0,,291.0,13.7,,1009.4,,3.0
2025-05-18,6,27.2,21.9,73.0,0.0,,50.0,5.4,,1008.7,,3.0
2025-05-18,7,28.4,20.2,61.0,0.0,,297.0,11.5,,1007.9,,3.0
2025-05-18,8,28.5,19.7,59.0,0.0,,310.0,9.7,,1006.7,,3.0
2025-05-18,9,28.6,21.1,64.0,0.0,,320.0,3.6,,1005.1,,3.0
2025-05-18,10,27.4,20.0,64.0,0.3,,337.0,11.9,,1004.5,,8.0
2025-05-18,11,26.2,20.3,70.0,0.1,,38.0,9.4,,1004.6,,7.0
2025-05-18,12,27.2,21.5,71.0,0.0,,320.0,3.6,,1005.1,,3.0
2025-05-18,13,23.8,20.5,82.0,1.4,,100.0,6.5,,1006.5,,9.0
2025-05-18,14,23.0,20.7,87.0,1.3,,190.0,10.1,,1007.8,,9.0
2025-05-18,15,23.2,19.6,80.0,1.5,,270.0,3.6,,1009.1,,9.0
2025-05-18,16,21.8,20.4,92.0,0.2,,272.0,9.7,,1009.6,,7.0
2025-05-18,17,21.8,20.8,94.0,0.3,,295.0,6.1,,1009.9,,8.0
2025-05-18,18,21.6,20.4,93.0,0.4,,262.0,8.6,,1009.7,,8.0
2025-05-18,19,21.9,21.1,95.0,0.0,,204.0,6.8,,1008.1,,3.0
2025-05-18,20,21.6,21.1,97.0,0.5,,252.0,7.6,,1007.0,,8.0
2025-05-18,21,22.0,18.4,80.0,1.3,,0.0,0.0,,1007.1,,9.0
2025-05-18,22,21.4,20.9,97.0,0.4,,256.0,8.3,,1006.7,,8.0
2025-05-18,23,21.2,20.7,97.0,0.0,,255.0,7.6,,1006.9,,3.0
2025-05-19,0,21.2,17.8,81.0,0.1,,0.0,0.0,,1007.1,,7.0
2025-05-19,1,21.4,20.6,95.0,0.1,,321.0,9.7,,1007.5,,7.0
2025-05-19,2,22.1,20.7,92.0,0.0,,309.0,13.3,,1007.7,,3.0
2025-05-19,3,21.8,21.1,96.0,0.0,,320.0,3.6,,1008.0,,3.0
2025-05-19,4,24.2,20.7,81.0,0.0,,320.0,12.2,,1008.1,,3.0
2025-05-19,5,25.6,20.4,73.0,0.0,,295.0,7.6,,1008.3,,3.0
2025-05-19,6,24.4,22.7,90.0,0.0,,320.0,3.6,,1007.7,,3.0
2025-05-19,7,26.0,19.9,69.0,0.0,,304.0,8.3,,1007.3,,3.0
2025-05-19,8,26.5,19.9,67.0,0.0,,329.0,8.6,,1006.2,,3.0
2025-05-19,9,26.0,22.9,83.0,0.2,,320.0,3.6,,1004.6,,7.0
2025-05-19,10,25.2,21.5,80.0,0.2,,183.0,10.4,,1004.3,,7.0
2025-05-19,11,24.1,21.4,85.0,2.1,,175.0,7.9,,1004.3,,9.0
2025-05-19,12,23.0,22.7,98.0,0.2,,230.0,3.6,,1004.4,,7.0
2025-05-19,13,23.7,21.4,87.0,0.0,,207.0,7.9,,1005.3,,3.0
2025-05-19,14,22.7,21.3,92.0,1.9,,250.0,9.4,,1006.7,,9.0
2025-05-19,15,23.0,22.2,95.0,0.6,,224.0,3.6,,1007.0,,8.0
2025-05-19,16,23.1,21.5,91.0,0.0,,243.0,6.1,,1007.7,,3.0
2025-05-19,17,22.6,21.2,92.0,0.0,,233.0,6.8,,1007.8,,3.0
2025-05-19,18,22.4,21.2,93.0,0.0,,0.0,0.0,,1008.2,,3.0
2025-05-19,19,21.4,20.6,95.0,0.6,,248.0,9.7,,1007.9,,8.0
2025-05-19,20,21.4,20.0,92.0,0.2,,257.0,8.3,,1006.9,,7.0
2025-05-19,21,22.4,21.6,95.0,1.0,,0.0,0.0,,1005.9,,9.0
2025-05-19,22,21.1,20.6,97.0,0.0,,230.0,6.5,,1005.3,,3.0
2025-05-19,23,21.0,20.5,97.0,0.0,,238.0,7.9,,1005.8,,3.0
2025-05-20,0,22.0,21.3,96.0,0.0,,230.0,5.4,,1006.5,,3.0
2025-05-20,1,21.1,20.3,95.0,0.0,,236.0,7.9,,1006.7,,3.0
2025-05-20,2,21.5,20.5,94.0,0.1,,229.0,9.4,,1007.3,,7.0
2025-05-20,3,22.0,21.3,96.0,0.0,,230.0,3.6,,1007.7,,3.0
2025-05-20,4,24.0,21.5,86.0,0.1,,239.0,11.9,,1008.2,,7.0
2025-05-20,5,24.2,21.3,84.0,0.3,,242.0,10.8,,1007.7,,8.0
2025-05-20,6,23.0,22.7,98.0,0.3,,230.0,3.6,,1007.1,,8.0
2025-05-20,7,26.3,21.5,75.0,0.1,,246.0,15.1,,1006.2,,7.0
2025-05-20,8,23.8,20.7,83.0,9.1,,249.0,16.2,,1006.2,,9.0
2025-05-20,9,23.8,20.5,82.0,0.4,,230.0,3.6,,1005.2,,8.0
2025-05-20,10,23.9,21.2,85.0,0.4,,240.0,15.1,,1004.4,,8.0
2025-05-20,11,23.0,20.9,88.0,0.1,,244.0,13.3,,1004.8,,7.0
2025-05-20,12,22.8,19.6,82.0,0.0,,0.0,0.0,,1004.9,,3.0
2025-05-20,13,23.4,20.7,85.0,0.0,,236.0,9.7,,1005.4,,3.0
2025-05-20,14,23.0,20.7,87.0,0.0,,236.0,11.2,,1006.2,,3.0
2025-05-20,15,22.8,19.6,82.0,0.0,,0.0,0.0,,1007.3,,3.0
2025-05-20,16,22.5,20.2,87.0,0.0,,232.0,14.4,,1008.0,,3.0
2025-05-20,17,22.0,20.1,89.0,0.0,,235.0,14.8,,1008.4,,3.0
2025-05-20,18,21.8,21.0,95.0,0.0,,270.0,3.6,,1008.7,,3.0
2025-05-20,19,21.2,19.8,92.0,0.0,,244.0,14.8,,1008.3,,3.0
2025-05-20,20,20.9,19.9,94.0,0.0,,243.0,15.5,,1007.2,,3.0
2025-05-20,21,20.8,20.0,95.0,0.0,,246.0,13.7,,1006.6,,3.0
2025-05-20,22,20.6,19.9,96.0,0.0,,242.0,14.4,,1006.7,,3.0
2025-05-20,23,20.5,20.0,97.0,0.0,,244.0,16.2,,1007.0,,3.0
2025-05-21,0,21.2,20.5,96.0,0.0,,270.0,3.6,,1007.4,,3.0
2025-05-21,1,20.9,19.9,94.0,0.0,,241.0,16.9,,1008.2,,3.0
2025-05-21,2,21.6,19.9,90.0,0.0,,242.0,20.2,,1008.6,,3.0
2025-05-21,3,21.2,17.8,81.0,0.0,,270.0,3.6,,1009.1,,3.0
2025-05-21,4,24.1,20.0,78.0,0.1,,258.0,19.8,,1009.8,,7.0
2025-05-21,5,25.5,20.5,74.0,0.2,,258.0,19.8,,1009.5,,7.0
2025-05-21,6,23.8,20.7,83.0,0.0,,270.0,5.4,,1009.1,,3.0
2025-05-21,7,26.7,20.1,67.0,0.0,,256.0,19.4,,1008.3,,3.0
2025-05-21,8,25.9,19.8,69.0,0.0,,249.0,19.4,,1007.8,,3.0
2025-05-21,9,26.1,20.0,69.0,1.2,,248.0,25.6,,1006.8,,9.0
2025-05-21,10,24.5,21.2,82.0,3.6,,268.0,15.1,,1006.6,,9.0
2025-05-21,11,25.4,20.9,76.0,0.0,,252.0,16.2,,1006.1,,3.0
2025-05-21,12,23.6,19.9,80.0,0.0,,270.0,5.4,,1006.2,,3.0
2025-05-21,13,24.1,19.2,74.0,0.0,,249.0,17.3,,1007.3,,3.0
2025-05-21,14,23.3,19.5,79.0,0.0,,256.0,16.9,,1008.4,,3.0
2025-05-21,15,23.0,18.1,74.0,0.0,,230.0,3.6,,1009.3,,3.0
2025-05-21,16,22.5,19.3,82.0,0.0,,263.0,15.1,,1010.0,,3.0
2025-05-21,17,22.0,19.2,84.0,0.0,,263.0,14.4,,1010.2,,3.0
2025-05-21,18,22.0,18.6,81.0,0.0,,230.0,5.4,,1010.4,,3.0
2025-05-21,19,20.9,17.9,83.0,0.0,,255.0,16.2,,1009.8,,3.0
2025-05-21,20,20.5,18.1,86.0,0.0,,253.0,15.5,,1009.1,,3.0
2025-05-21,21,21.6,18.8,84.0,0.0,,230.0,3.6,,1008.7,,3.0
2025-05-21,22,19.5,18.7,95.0,0.0,,246.0,13.0,,1008.6,,3.0
2025-05-21,23,19.9,18.4,91.0,0.0,,246.0,15.5,,1008.7,,3.0
2025-05-22,0,21.0,19.5,91.0,0.0,,230.0,7.6,,1008.8,,3.0
2025-05-22,1,19.5,18.8,96.0,0.0,,245.0,14.4,,1009.4,,3.0
2025-05-22,2,20.6,19.3,92.0,0.0,,247.0,16.9,,1010.1,,3.0
2025-05-22,3,22.2,21.0,93.0,0.0,,140.0,5.4,,1010.3,,3.0
2025-05-22,4,24.1,18.7,72.0,0.0,,258.0,22.3,,1010.1,,3.0
2025-05-22,5,25.5,18.7,66.0,0.0,,261.0,23.0,,1009.9,,3.0
2025-05-22,6,26.2,20.5,71.0,0.0,,230.0,5.4,,1009.4,,3.0
2025-05-22,7,27.3,18.6,59.0,0.0,,256.0,22.3,,1008.1,,3.0
2025-05-22,8,27.5,18.5,58.0,0.0,,255.0,21.2,,1007.2,,3.0
2025-05-22,9,28.8,20.5,61.0,0.1,,270.0,3.6,,1006.3,,7.0
2025-05-22,10,28.6,17.8,52.0,0.0,,254.0,22.3,,1005.5,,3.0
2025-05-22,11,28.2,17.7,53.0,0.0,,247.0,22.0,,1005.0,,2.0
2025-05-22,12,27.2,18.8,60.0,0.0,,270.0,3.6,,1005.2,,3.0
2025-05-22,13,25.4,19.1,68.0,0.0,,240.0,13.7,,1006.2,,2.0
2025-05-22,14,24.5,19.3,73.0,0.0,,256.0,15.5,,1007.6,,1.0
2025-05-22,15,25.0,20.3,75.0,0.0,,0.0,0.0,,1008.8,,3.0
2025-05-22,16,23.0,19.2,79.0,0.0,,246.0,14.8,,1009.3,,3.0
2025-05-22,17,22.3,19.5,84.0,0.0,,240.0,13.0,,1009.8,,3.0
2025-05-22,18,23.4,19.5,79.0,0.0,,230.0,7.6,,1009.8,,3.0
2025-05-22,19,21.2,19.3,89.0,0.0,,236.0,12.2,,1009.3,,3.0
2025-05-22,20,20.8,19.5,92.0,0.0,,237.0,13.3,,1008.5,,3.0
2025-05-22,21,22.0,18.6,81.0,0.0,,180.0,3.6,,1007.8,,3.0
2025-05-22,22,20.5,19.7,95.0,0.0,,241.0,13.0,,1007.5,,3.0
2025-05-22,23,20.6,19.8,95.0,0.0,,238.0,13.0,,1007.4,,3.0
2025-05-23,0,21.2,17.8,81.0,0.0,,230.0,3.6,,1007.6,,3.0
2025-05-23,1,20.7,19.9,95.0,0.0,,236.0,15.8,,1007.7,,3.0
2025-05-23,2,21.6,19.7,89.0,0.0,,237.0,18.7,,1008.3,,3.0
2025-05-23,3,23.6,21.9,90.0,0.0,,230.0,3.6,,1008.3,,3.0
2025-05-23,4,24.2,19.7,76.0,0.0,,233.0,23.4,,1008.3,,3.0
2025-05-23,5,25.3,19.7,71.0,0.1,,233.0,23.4,,1007.9,,7.0
2025-05-23,6,27.4,20.7,67.0,0.0,,230.0,3.6,,1006.9,,3.0
2025-05-23,7,27.7,19.5,61.0,0.2,,236.0,24.8,,1005.8,,7.0
2025-05-23,8,28.1,20.1,62.0,0.1,,232.0,27.0,,1004.4,,7.0
2025-05-23,9,26.4,22.0,77.0,0.2,,230.0,5.4,,1003.3,,17.0
2025-05-23,10,27.4,20.7,67.0,0.5,,234.0,25.6,,1002.9,,17.0
2025-05-23,11,25.9,20.9,74.0,1.0,,237.0,22.0,,1002.9,,18.0
2025-05-23,12,25.0,21.3,80.0,0.3,,230.0,5.4,,1003.2,,8.0
2025-05-23,13,25.0,20.3,75.0,0.0,,235.0,19.1,,1004.1,,3.0
2025-05-23,14,24.1,20.0,78.0,0.0,,235.0,19.8,,1005.6,,3.0
2025-05-23,15,24.2,21.5,85.0,0.0,,270.0,5.4,,1007.2,,3.0
2025-05-23,16,22.4,20.1,87.0,0.0,,230.0,18.4,,1007.4,,3.0
2025-05-23,17,22.1,20.2,89.0,0.0,,228.0,19.8,,1008.0,,3.0
2025-05-23,18,22.6,20.9,90.0,0.0,,230.0,9.4,,1007.4,,3.0
2025-05-23,19,21.6,20.1,91.0,0.0,,226.0,20.5,,1006.8,,3.0
2025-05-23,20,21.4,20.0,92.0,0.0,,226.0,20.9,,1006.6,,3.0
2025-05-23,21,22.2,21.4,95.0,0.0,,230.0,5.4,,1005.0,,3.0
2025-05-23,22,21.1,19.6,91.0,0.0,,228.0,19.8,,1004.8,,3.0
2025-05-23,23,20.9,19.6,92.0,0.0,,222.0,19.8,,1004.9,,3.0
2025-05-24,0,22.0,20.5,91.0,0.0,,230.0,9.4,,1005.5,,3.0
2025-05-24,1,21.3,19.8,91.0,0.0,,229.0,20.9,,1005.7,,3.0
2025-05-24,2,20.9,19.9,94.0,0.0,,224.0,23.8,,1006.9,,3.0
2025-05-24,3,22.6,20.1,86.0,0.1,,230.0,7.6,,1007.3,,7.0
2025-05-24,4,23.5,19.8,80.0,0.1,,232.0,29.2,,1007.0,,7.0
2025-05-24,5,24.2,20.1,78.0,0.1,,235.0,32.4,,1006.9,,7.0
2025-05-24,6,25.2,20.2,74.0,0.3,,230.0,11.2,,1006.6,,8.0
2025-05-24,7,24.3,20.6,80.0,0.4,,232.0,29.5,,1006.0,,8.0
2025-05-24,8,24.5,20.6,79.0,0.3,,236.0,29.9,,1004.8,,8.0
2025-05-24,9,25.2,21.7,81.0,0.3,,230.0,11.2,,1003.7,,8.0
2025-05-24,10,24.9,20.6,77.0,0.0,,238.0,29.5,,1002.7,,3.0
2025-05-24,11,25.2,20.5,75.0,0.0,,242.0,30.2,,1002.4,,3.0
2025-05-24,12,25.4,21.7,80.0,0.0,,230.0,11.2,,1003.3,,3.0
2025-05-24,13,23.7,20.2,81.0,0.0,,239.0,24.1,,1004.4,,3.0
2025-05-24,14,23.0,20.5,86.0,0.0,,238.0,24.1,,1005.6,,3.0
2025-05-24,15,23.0,20.9,88.0,0.0,,230.0,3.6,,1006.4,,3.0
2025-05-24,16,22.4,20.3,88.0,0.0,,230.0,22.7,,1007.3,,3.0
2025-05-24,17,22.0,19.9,88.0,0.0,,227.0,20.9,,1007.9,,3.0
2025-05-24,18,22.2,21.0,93.0,0.0,,230.0,5.4,,1007.8,,3.0
2025-05-24,19,21.5,20.1,92.0,0.0,,227.0,23.0,,1007.3,,3.0
2025-05-24,20,21.1,20.1,94.0,0.1,,228.0,20.5,,1006.1,,7.0
2025-05-24,21,21.6,20.8,95.0,0.3,,230.0,3.6,,1005.5,,8.0
2025-05-24,22,20.6,19.6,94.0,0.5,,227.0,24.5,,1005.1,,8.0
2025-05-24,23,20.5,19.7,95.0,0.2,,230.0,25.2,,1004.9,,7.0
2025-05-25,0,21.4,20.7,96.0,0.5,,230.0,3.6,,1005.6,,8.0
2025-05-25,1,20.8,19.8,94.0,0.0,,230.0,28.1,,1006.1,,3.0
2025-05-25,2,21.7,20.0,90.0,0.0,,230.0,27.0,,1006.9,,3.0
2025-05-25,3,22.4,19.2,82.0,0.0,,270.0,9.4,,1007.1,,3.0
2025-05-25,4,23.4,19.8,80.0,0.0,,232.0,30.6,,1008.1,,3.0
2025-05-25,5,24.9,20.2,75.0,0.2,,234.0,31.3,,1007.9,,7.0
2025-05-25,6,25.2,22.1,83.0,0.4,,230.0,11.2,,1007.4,,8.0
2025-05-25,7,26.1,20.4,71.0,0.3,,242.0,31.0,,1006.5,,8.0
2025-05-25,8,26.3,20.4,70.0,0.3,,240.0,33.8,,1005.3,,8.0
2025-05-25,9,26.0,20.8,73.0,0.2,,230.0,7.6,,1004.3,,7.0
2025-05-25,10,24.2,20.9,82.0,0.8,,244.0,31.7,,1004.2,,8.0
2025-05-25,11,24.2,21.1,83.0,0.2,,242.0,27.7,,1003.6,,7.0
2025-05-25,12,22.8,21.6,93.0,0.2,,230.0,11.2,,1004.6,,7.0
2025-05-25,13,23.4,20.7,85.0,0.1,,243.0,23.4,,1005.3,,7.0
2025-05-25,14,21.5,20.7,95.0,0.0,,237.0,24.1,,1007.7,,3.0
2025-05-25,15,21.0,19.5,91.0,0.5,,230.0,11.2,,1008.3,,8.0
2025-05-25,16,21.0,20.5,97.0,0.6,,231.0,22.0,,1008.7,,8.0
2025-05-25,17,20.8,20.5,98.0,0.4,,234.0,24.1,,1008.8,,8.0
2025-05-25,18,21.0,19.8,93.0,0.4,,230.0,7.6,,1007.9,,8.0
2025-05-25,19,20.9,20.4,97.0,0.0,,236.0,21.6,,1007.5,,3.0
2025-05-25,20,20.8,20.5,98.0,0.0,,239.0,21.2,,1007.2,,3.0
2025-05-25,21,21.0,20.2,95.0,0.1,,230.0,3.6,,1006.3,,7.0
2025-05-25,22,20.6,19.8,95.0,0.2,,245.0,19.8,,1005.6,,7.0
2025-05-25,23,20.5,19.7,95.0,0.2,,250.0,20.2,,1005.5,,7.0
2025-05-26,0,21.0,20.3,96.0,0.0,,230.0,3.6,,1006.2,,3.0
2025-05-26,1,20.4,19.6,95.0,0.0,,249.0,22.0,,1006.9,,3.0
2025-05-26,2,20.8,19.8,94.0,0.1,,248.0,21.2,,1007.8,,7.0
2025-05-26,3,22.0,20.5,91.0,0.1,,230.0,5.4,,1007.8,,7.0
2025-05-26,4,22.2,19.6,85.0,0.0,,250.0,27.4,,1008.1,,3.0
2025-05-26,5,24.4,19.7,75.0,0.2,,249.0,28.8,,1007.2,,7.0
2025-05-26,6,25.5,20.3,73.0,0.8,,250.0,29.5,,1006.8,,8.0
2025-05-26,7,25.7,20.0,71.0,0.3,,254.0,27.4,,1006.4,,8.0
2025-05-26,8,25.0,20.0,74.0,0.4,,251.0,28.1,,1005.9,,8.0
2025-05-26,9,26.0,20.8,73.0,0.2,,270.0,3.6,,1004.4,,7.0
2025-05-26,10,22.9,20.8,88.0,0.1,,261.0,25.9,,1004.8,,7.0
2025-05-26,11,22.0,20.1,89.0,1.0,,254.0,24.1,,1004.6,,9.0
2025-05-26,12,25.4,20.6,75.0,0.7,,270.0,7.6,,1005.0,,8.0
2025-05-26,13,20.7,19.7,94.0,1.2,,260.0,25.2,,1005.5,,9.0
2025-05-26,14,21.0,20.0,94.0,0.4,,256.0,25.2,,1006.1,,8.0
2025-05-26,15,22.0,20.5,91.0,0.3,,230.0,7.6,,1007.1,,8.0
2025-05-26,16,21.1,19.9,93.0,0.3,,250.0,21.6,,1007.7,,8.0
2025-05-26,17,21.0,20.0,94.0,0.4,,251.0,21.2,,1008.1,,8.0
2025-05-26,18,21.0,19.5,91.0,0.4,,230.0,7.6,,1008.0,,8.0
2025-05-26,19,20.6,19.6,94.0,0.0,,256.0,23.8,,1007.3,,3.0
2025-05-26,20,20.5,19.3,93.0,0.0,,262.0,21.6,,1005.8,,3.0
2025-05-26,21,21.0,19.8,93.0,0.0,,230.0,7.6,,1005.4,,3.0
2025-05-26,22,20.7,19.4,92.0,0.0,,252.0,21.6,,1004.8,,3.0
2025-05-26,23,20.8,19.6,93.0,0.0,,248.0,20.2,,1005.0,,3.0
2025-05-27,0,20.6,19.8,95.0,0.0,,230.0,7.6,,1005.2,,3.0
2025-05-27,1,21.0,19.5,91.0,0.0,,257.0,23.0,,1005.6,,3.0
2025-05-27,2,21.8,19.7,88.0,0.0,,260.0,21.6,,1006.4,,3.0
2025-05-27,3,22.2,21.0,93.0,0.2,,270.0,5.4,,1006.7,,7.0
2025-05-27,4,24.0,19.5,76.0,0.0,,262.0,34.2,,1006.5,,3.0
2025-05-27,5,24.3,19.6,75.0,0.2,,261.0,31.7,,1006.6,,7.0
2025-05-27,6,25.5,19.6,70.0,0.1,,262.0,32.4,,1006.3,,7.0
2025-05-27,7,25.2,19.8,72.0,0.0,,265.0,34.9,,1006.0,,3.0
2025-05-27,8,25.6,19.3,68.0,0.1,,266.0,33.1,,1005.0,,7.0
2025-05-27,9,26.8,21.3,72.0,0.1,,270.0,9.4,,1004.3,,7.0
2025-05-27,10,24.6,19.7,74.0,0.2,,261.0,26.6,,1003.3,,7.0
2025-05-27,11,25.2,19.3,70.0,0.1,,266.0,30.6,,1003.5,,7.0
2025-05-27,12,26.6,20.7,70.0,0.2,,270.0,11.2,,1004.2,,7.0
2025-05-27,13,23.0,19.2,79.0,0.2,,264.0,24.8,,1005.2,,7.0
2025-05-27,14,22.7,19.5,82.0,0.0,,262.0,23.8,,1006.1,,3.0
2025-05-27,15,24.4,21.1,82.0,0.0,,230.0,5.4,,1006.9,,3.0
2025-05-27,16,21.6,19.0,85.0,0.0,,260.0,20.5,,1007.9,,3.0
2025-05-27,17,21.4,19.0,86.0,0.0,,258.0,18.0,,1008.3,,3.0
2025-05-27,18,22.6,20.5,88.0,0.0,,230.0,5.4,,1008.3,,3.0
2025-05-27,19,21.0,18.9,88.0,0.0,,253.0,18.0,,1007.7,,3.0
2025-05-27,20,20.9,18.8,88.0,0.0,,258.0,18.7,,1007.1,,3.0
2025-05-27,21,22.0,19.4,85.0,0.0,,230.0,7.6,,1005.5,,3.0
2025-05-27,22,21.0,18.8,87.0,0.0,,260.0,22.0,,1005.1,,3.0
2025-05-27,23,20.9,18.8,88.0,0.0,,258.0,22.7,,1004.9,,3.0
2025-05-28,0,21.8,19.4,86.0,0.0,,270.0,9.4,,1005.2,,3.0
2025-05-28,1,21.1,18.9,87.0,0.0,,256.0,20.9,,1005.6,,3.0
2025-05-28,2,22.0,19.4,85.0,0.0,,253.0,19.4,,1006.8,,3.0
2025-05-28,3,22.6,21.1,91.0,0.0,,270.0,7.6,,1007.0,,3.0
2025-05-28,4,24.0,19.3,75.0,0.0,,267.0,31.0,,1007.2,,3.0
2025-05-28,5,24.7,19.3,72.0,0.2,,266.0,29.9,,1007.0,,7.0
2025-05-28,6,24.8,21.3,81.0,0.4,,270.0,9.4,,1006.5,,8.0
2025-05-28,7,26.2,19.6,67.0,0.7,,275.0,32.8,,1005.6,,8.0
2025-05-28,8,26.4,19.3,65.0,0.3,,277.0,31.7,,1004.9,,8.0
2025-05-28,9,27.0,20.1,66.0,0.0,,270.0,7.6,,1003.7,,3.0
2025-05-28,10,25.9,20.0,70.0,0.6,,266.0,29.2,,1003.3,,8.0
2025-05-28,11,24.2,20.1,78.0,0.6,,276.0,24.8,,1004.0,,8.0
2025-05-28,12,22.2,21.0,93.0,0.1,,230.0,7.6,,1004.3,,7.0
2025-05-28,13,23.3,19.7,80.0,0.1,,265.0,23.4,,1004.8,,7.0
2025-05-28,14,23.1,19.7,81.0,0.0,,259.0,21.2,,1005.8,,3.0
2025-05-28,15,22.2,20.5,90.0,0.0,,270.0,9.4,,1006.8,,3.0
2025-05-28,16,22.2,19.7,86.0,0.0,,259.0,22.0,,1007.1,,3.0
2025-05-28,17,21.6,19.5,88.0,0.0,,256.0,20.5,,1007.8,,3.0
2025-05-28,18,21.8,20.1,90.0,0.0,,270.0,11.2,,1007.8,,3.0
2025-05-28,19,20.9,19.4,91.0,0.0,,256.0,20.9,,1006.9,,3.0
2025-05-28,20,20.8,19.6,93.0,0.0,,253.0,20.9,,1005.9,,3.0
2025-05-28,21,20.7,19.7,94.0,0.0,,251.0,21.2,,1005.3,,3.0
2025-05-28,22,21.1,19.2,89.0,0.1,,252.0,20.9,,1004.5,,7.0
2025-05-28,23,21.1,19.4,90.0,0.0,,248.0,22.3,,1004.4,,3.0
2025-05-29,0,21.2,20.4,95.0,0.0,,270.0,11.2,,1004.8,,3.0
2025-05-29,1,20.8,19.6,93.0,0.1,,256.0,22.3,,1005.2,,7.0
2025-05-29,2,21.7,20.0,90.0,0.0,,255.0,24.8,,1005.6,,3.0
2025-05-29,3,22.4,20.3,88.0,0.1,,270.0,7.6,,1007.0,,7.0
2025-05-29,4,22.0,20.6,92.0,0.7,,262.0,22.7,,1007.2,,8.0
2025-05-29,5,22.8,20.5,87.0,0.7,,257.0,24.1,,1006.9,,8.0
2025-05-29,6,23.2,22.0,93.0,0.9,,230.0,7.6,,1006.2,,8.0
2025-05-29,7,23.5,20.8,85.0,0.7,,256.0,22.7,,1005.6,,8.0
2025-05-29,8,25.8,19.7,69.0,0.4,,271.0,25.2,,1004.5,,8.0
2025-05-29,9,25.2,21.5,80.0,0.2,,230.0,7.6,,1003.7,,7.0
2025-05-29,10,23.4,19.8,80.0,0.4,,254.0,25.6,,1003.9,,8.0
2025-05-29,11,22.4,20.5,89.0,1.3,,249.0,18.0,,1004.2,,9.0
2025-05-29,12,24.6,21.7,84.0,3.0,,230.0,5.4,,1004.7,,9.0
2025-05-29,13,22.6,19.9,85.0,0.2,,248.0,18.0,,1005.2,,7.0
2025-05-29,14,22.1,19.8,87.0,0.0,,245.0,17.3,,1006.1,,3.0
2025-05-29,15,23.4,21.3,88.0,0.0,,230.0,3.6,,1007.1,,3.0
2025-05-29,16,21.7,20.2,91.0,0.0,,252.0,17.6,,1007.3,,3.0
2025-05-29,17,21.4,20.0,92.0,0.0,,245.0,16.6,,1007.5,,3.0
2025-05-29,18,22.2,20.5,90.0,0.0,,230.0,3.6,,1007.5,,3.0
2025-05-29,19,20.8,20.0,95.0,0.0,,249.0,18.7,,1007.0,,3.0
2025-05-29,20,20.6,19.8,95.0,0.0,,256.0,20.5,,1006.4,,3.0
2025-05-29,21,22.0,20.5,91.0,0.0,,270.0,7.6,,1005.6,,3.0
2025-05-29,22,20.5,19.5,94.0,0.4,,256.0,18.4,,1005.1,,8.0
2025-05-29,23,20.7,19.9,95.0,0.2,,257.0,16.6,,1005.0,,7.0
2025-05-30,0,21.8,20.6,93.0,0.3,,270.0,7.6,,1005.0,,8.0
2025-05-30,1,20.8,20.0,95.0,0.2,,261.0,18.0,,1005.8,,7.0
2025-05-30,2,21.3,20.1,93.0,0.2,,261.0,17.6,,1006.5,,7.0
2025-05-30,3,22.0,20.5,91.0,0.4,,230.0,5.4,,1007.0,,8.0
2025-05-30,4,22.7,19.9,84.0,0.4,,265.0,23.8,,1008.0,,8.0
2025-05-30,5,22.9,19.9,83.0,0.0,,262.0,21.2,,1008.3,,3.0
2025-05-30,6,23.2,21.1,88.0,0.0,,230.0,5.4,,1007.9,,3.0
2025-05-30,7,24.6,20.1,76.0,0.0,,263.0,21.6,,1007.2,,3.0
2025-05-30,8,24.2,20.1,78.0,0.0,,267.0,22.0,,1006.6,,3.0
2025-05-30,9,26.0,22.3,80.0,0.0,,270.0,7.6,,1006.0,,3.0
2025-05-30,10,23.9,20.2,80.0,0.2,,255.0,23.4,,1005.6,,7.0
2025-05-30,11,23.8,20.1,80.0,0.0,,256.0,19.8,,1005.4,,3.0
2025-05-30,12,25.4,22.5,84.0,0.0,,230.0,9.4,,1005.6,,3.0
2025-05-30,13,23.4,19.8,80.0,0.0,,256.0,20.5,,1006.2,,3.0
2025-05-30,14,22.8,20.0,84.0,0.0,,256.0,19.4,,1007.7,,3.0
2025-05-30,15,22.4,21.7,96.0,0.0,,230.0,5.4,,1008.7,,3.0
2025-05-30,16,22.3,19.8,86.0,0.0,,261.0,22.0,,1009.2,,3.0
2025-05-30,17,22.0,19.7,87.0,0.0,,265.0,21.2,,1009.8,,3.0
2025-05-30,18,22.0,20.5,91.0,0.0,,230.0,5.4,,1009.7,,3.0
2025-05-30,19,21.7,20.0,90.0,0.0,,260.0,21.6,,1009.5,,3.0
2025-05-30,20,21.6,19.9,90.0,0.0,,257.0,22.3,,1009.0,,3.0
2025-05-30,21,21.6,20.8,95.0,0.0,,230.0,3.6,,1008.5,,3.0
2025-05-30,22,21.3,19.6,90.0,0.0,,259.0,22.3,,1008.7,,3.0
2025-05-30,23,21.3,19.8,91.0,0.0,,261.0,20.9,,1009.0,,3.0
2025-05-31,0,21.0,20.3,96.0,0.0,,230.0,5.4,,1009.3,,3.0
2025-05-31,1,21.2,19.5,90.0,0.0,,264.0,21.2,,1009.9,,3.0
2025-05-31,2,21.5,19.4,88.0,0.0,,270.0,23.8,,1010.5,,3.0
2025-05-31,3,22.8,21.3,91.0,0.0,,270.0,7.6,,1010.8,,3.0
2025-05-31,4,24.0,19.1,74.0,0.0,,274.0,27.7,,1010.9,,3.0
2025-05-31,5,25.4,19.3,69.0,0.0,,272.0,25.2,,1011.0,,3.0
2025-05-31,6,26.2,20.8,72.0,0.0,,270.0,7.6,,1010.3,,3.0
2025-05-31,7,27.9,18.6,57.0,0.0,,267.0,21.6,,1009.5,,3.0
2025-05-31,8,28.8,18.6,54.0,0.0,,270.0,22.0,,1008.6,,3.0
2025-05-31,9,29.0,18.2,52.0,0.0,,275.0,22.0,,1007.7,,3.0
2025-05-31,10,29.4,16.9,47.0,0.0,,278.0,19.1,,1007.0,,3.0
2025-05-31,11,28.9,17.4,50.0,0.0,,273.0,17.6,,1006.7,,3.0
2025-05-31,12,28.2,21.2,66.0,0.0,,230.0,3.6,,1006.8,,3.0
2025-05-31,13,26.1,18.5,63.0,0.0,,270.0,16.6,,1007.6,,3.0
2025-05-31,14,24.9,19.3,71.0,0.0,,255.0,15.8,,1008.5,,3.0
2025-05-31,15,25.2,21.1,78.0,0.0,,270.0,5.4,,1010.3,,2.0
2025-05-31,16,22.7,19.3,81.0,0.0,,255.0,15.1,,1011.5,,3.0
2025-05-31,17,22.0,19.4,85.0,0.0,,261.0,15.8,,1011.8,,3.0
2025-05-31,18,23.6,20.5,83.0,0.0,,230.0,5.4,,1011.9,,3.0
2025-05-31,19,20.7,19.5,93.0,0.0,,253.0,16.6,,1011.9,,3.0
2025-05-31,20,20.2,19.2,94.0,0.0,,261.0,15.8,,1011.1,,3.0
2025-05-31,21,22.2,21.4,95.0,0.0,,270.0,5.4,,1010.9,,3.0
2025-05-31,22,19.9,19.6,98.0,0.0,,261.0,16.6,,1010.9,,3.0
2025-05-31,23,20.2,19.5,96.0,0.0,,262.0,17.3,,1010.9,,3.0
2025-06-01,0,22.0,20.8,93.0,0.0,,230.0,5.4,,1011.2,,3.0
2025-06-01,1,20.2,19.9,98.0,0.0,,258.0,15.5,,1011.9,,3.0
2025-06-01,2,21.5,19.4,88.0,0.0,,258.0,20.9,,1012.3,,3.0
2025-06-01,3,23.0,21.5,91.0,0.0,,230.0,7.6,,1012.4,,3.0
2025-06-01,4,24.7,19.3,72.0,0.0,,262.0,21.6,,1012.2,,3.0
2025-06-01,5,26.3,18.9,64.0,0.0,,263.0,21.6,,1012.0,,3.0
2025-06-01,6,23.0,21.5,91.0,0.0,,230.0,7.6,,1011.1,,3.0
2025-06-01,7,28.7,18.8,55.0,0.0,,264.0,21.2,,1010.3,,3.0
2025-06-01,8,29.1,18.8,54.0,0.0,,260.0,21.6,,1009.5,,3.0
2025-06-01,9,29.8,20.1,56.0,0.5,,270.0,7.6,,1008.7,,17.0
2025-06-01,10,29.2,19.2,55.0,0.0,,263.0,20.2,,1007.7,,3.0
2025-06-01,11,28.8,18.3,53.0,0.2,,258.0,19.8,,1007.7,,17.0
2025-06-01,12,28.6,19.5,58.0,0.0,,230.0,7.6,,1008.4,,3.0
2025-06-01,13,25.8,19.2,67.0,0.0,,251.0,15.8,,1009.1,,3.0
2025-06-01,14,24.7,19.1,71.0,0.0,,263.0,16.6,,1010.1,,3.0
2025-06-01,15,26.2,20.3,70.0,0.0,,270.0,7.6,,1011.2,,3.0
2025-06-01,16,23.3,18.6,75.0,0.0,,260.0,16.2,,1011.8,,3.0
2025-06-01,17,22.3,18.5,79.0,0.0,,258.0,17.3,,1012.3,,3.0
2025-06-01,18,23.6,19.7,79.0,0.0,,270.0,7.6,,1012.1,,3.0
2025-06-01,19,20.9,19.0,89.0,0.0,,251.0,15.5,,1011.7,,3.0
2025-06-01,20,20.5,19.2,92.0,0.0,,247.0,15.5,,1011.0,,3.0
2025-06-01,21,22.2,20.5,90.0,0.0,,270.0,9.4,,1010.9,,3.0
2025-06-01,22,19.7,19.2,97.0,0.0,,244.0,14.8,,1010.7,,3.0
2025-06-01,23,19.6,19.3,98.0,0.0,,244.0,15.1,,1010.7,,3.0
2025-06-02,0,22.0,20.5,91.0,0.0,,270.0,9.4,,1011.0,,3.0
2025-06-02,1,19.9,19.4,97.0,0.0,,257.0,17.6,,1011.5,,3.0
2025-06-02,2,20.8,19.5,92.0,0.0,,249.0,19.4,,1012.0,,3.0
2025-06-02,3,23.8,20.5,82.0,0.0,,230.0,7.6,,1011.7,,3.0
2025-06-02,4,24.7,18.9,70.0,0.0,,253.0,21.6,,1011.5,,3.0
2025-06-02,5,25.9,18.8,65.0,0.0,,260.0,23.4,,1011.0,,3.0
2025-06-02,6,27.8,19.9,62.0,0.0,,230.0,14.8,,1010.5,,3.0
2025-06-02,7,27.5,18.8,59.0,0.1,,251.0,22.7,,1009.4,,7.0
2025-06-02,8,28.7,19.3,57.0,0.0,,247.0,20.2,,1008.3,,3.0
2025-06-02,9,28.8,20.3,60.0,0.0,,230.0,5.4,,1007.6,,3.0
2025-06-02,10,28.9,19.2,56.0,0.2,,244.0,21.2,,1007.2,,17.0
2025-06-02,11,27.4,18.4,58.0,0.7,,253.0,22.7,,1007.9,,17.0
2025-06-02,12,27.8,18.5,57.0,0.2,,270.0,7.6,,1008.6,,7.0
2025-06-02,13,24.9,19.5,72.0,0.0,,238.0,14.0,,1009.2,,3.0
2025-06-02,14,24.2,19.7,76.0,0.0,,238.0,14.0,,1009.9,,3.0
2025-06-02,15,24.2,19.5,75.0,0.0,,230.0,5.4,,1010.9,,3.0
2025-06-02,16,22.9,19.5,81.0,0.0,,241.0,15.8,,1011.3,,3.0
2025-06-02,17,22.3,19.5,84.0,0.0,,240.0,16.2,,1011.9,,3.0
2025-06-02,18,23.0,20.5,86.0,0.0,,230.0,5.4,,1011.8,,3.0
2025-06-02,19,21.1,19.4,90.0,0.0,,243.0,15.5,,1011.4,,3.0
2025-06-02,20,20.7,19.4,92.0,0.0,,245.0,16.6,,1010.8,,3.0
2025-06-02,21,20.4,19.4,94.0,0.0,,243.0,16.9,,1010.3,,3.0
2025-06-02,22,20.1,19.3,95.0,0.0,,248.0,16.6,,1010.1,,3.0
2025-06-02,23,20.0,19.2,95.0,0.0,,249.0,17.3,,1010.3,,3.0
2025-06-03,0,21.4,20.6,95.0,0.0,,230.0,5.4,,1010.9,,3.0
2025-06-03,1,20.2,19.2,94.0,0.0,,248.0,16.6,,1011.5,,3.0
2025-06-03,2,21.3,19.2,88.0,0.0,,246.0,21.6,,1012.1,,3.0
2025-06-03,3,23.2,19.6,80.0,0.0,,230.0,5.4,,1011.8,,3.0
2025-06-03,4,24.6,19.2,72.0,0.0,,253.0,23.4,,1011.7,,3.0
2025-06-03,5,25.6,19.0,67.0,0.0,,257.0,22.7,,1011.4,,3.0
2025-06-03,6,26.4,21.4,74.0,0.0,,270.0,5.4,,1010.7,,3.0
2025-06-03,7,27.9,19.7,61.0,0.2,,258.0,20.9,,1010.0,,7.0
2025-06-03,8,27.9,19.1,59.0,0.0,,258.0,22.7,,1008.7,,3.0
2025-06-03,9,26.6,21.1,72.0,0.0,,270.0,11.2,,1007.5,,3.0
2025-06-03,10,26.2,19.3,66.0,0.7,,264.0,20.9,,1007.7,,8.0
2025-06-03,11,26.7,19.3,64.0,0.0,,252.0,19.4,,1007.1,,3.0
2025-06-03,12,26.8,22.4,77.0,0.1,,230.0,9.4,,1007.8,,7.0
2025-06-03,13,25.2,18.9,68.0,0.0,,247.0,15.5,,1008.9,,3.0
2025-06-03,14,23.9,19.4,76.0,0.0,,245.0,14.4,,1010.3,,3.0
2025-06-03,15,24.0,21.3,85.0,0.0,,230.0,7.6,,1011.3,,3.0
2025-06-03,16,22.6,19.6,83.0,0.0,,243.0,13.3,,1011.9,,3.0
2025-06-03,17,22.1,19.6,86.0,0.0,,243.0,13.7,,1012.2,,3.0
2025-06-03,18,23.2,20.7,86.0,0.0,,230.0,9.4,,1012.4,,3.0
2025-06-03,19,20.9,19.7,93.0,0.0,,237.0,13.3,,1011.9,,3.0
2025-06-03,20,20.4,19.7,96.0,0.0,,243.0,14.4,,1011.1,,3.0
2025-06-03,21,22.0,20.3,90.0,0.0,,230.0,7.6,,1010.9,,3.0
2025-06-03,22,20.1,19.8,98.0,0.0,,246.0,14.4,,1010.4,,3.0
2025-06-03,23,19.7,19.2,97.0,0.0,,243.0,12.6,,1010.9,,3.0
2025-06-04,0,21.2,19.7,91.0,0.0,,230.0,5.4,,1011.5,,3.0
2025-06-04,1,19.6,19.3,98.0,0.0,,237.0,13.0,,1012.3,,3.0
2025-06-04,2,20.7,19.4,92.0,0.0,,244.0,16.2,,1012.7,,3.0
2025-06-04,3,23.4,21.7,90.0,0.0,,230.0,9.4,,1012.7,,3.0
2025-06-04,4,24.9,19.5,72.0,0.0,,252.0,15.1,,1012.6,,3.0
2025-06-04,5,26.6,19.0,63.0,0.0,,260.0,15.5,,1012.3,,3.0
2025-06-04,6,28.4,20.2,61.0,0.0,,270.0,11.2,,1011.5,,3.0
2025-06-04,7,28.3,18.7,56.0,0.0,,268.0,17.6,,1010.9,,3.0
2025-06-04,8,29.3,19.0,54.0,0.0,,271.0,16.2,,1009.5,,2.0
2025-06-04,9,30.4,19.4,52.0,0.0,,270.0,5.4,,1008.3,,2.0
2025-06-04,10,29.3,17.8,50.0,0.3,,275.0,17.6,,1007.6,,17.0
2025-06-04,11,28.8,17.7,51.0,0.0,,269.0,16.2,,1007.3,,2.0
2025-06-04,12,27.0,21.7,73.0,0.2,,230.0,3.6,,1008.0,,17.0
2025-06-04,13,26.4,18.3,61.0,0.0,,259.0,13.7,,1008.9,,3.0
2025-06-04,14,25.4,19.1,68.0,0.0,,261.0,11.2,,1009.9,,3.0
2025-06-04,15,25.6,18.0,63.0,0.0,,230.0,5.4,,1011.3,,3.0
2025-06-04,16,23.6,19.1,76.0,0.0,,261.0,11.5,,1011.9,,2.0
2025-06-04,17,22.6,19.0,80.0,0.0,,258.0,12.2,,1012.5,,2.0
2025-06-04,18,24.2,20.7,81.0,0.0,,230.0,5.4,,1012.7,,2.0
2025-06-04,19,21.1,19.0,88.0,0.0,,259.0,11.9,,1012.3,,1.0
2025-06-04,20,20.5,19.2,92.0,0.0,,258.0,12.2,,1011.6,,3.0
2025-06-04,21,22.4,20.7,90.0,0.0,,270.0,5.4,,1011.4,,3.0
2025-06-04,22,19.7,19.0,96.0,0.0,,266.0,11.2,,1011.4,,3.0
2025-06-04,23,19.5,19.2,98.0,0.0,,270.0,10.8,,1011.7,,3.0
2025-06-05,0,21.4,20.7,96.0,0.0,,230.0,11.2,,1012.1,,3.0
2025-06-05,1,19.4,19.1,98.0,0.0,,262.0,11.5,,1012.6,,3.0
2025-06-05,2,20.4,19.1,92.0,0.0,,266.0,13.7,,1013.0,,3.0
2025-06-05,3,23.6,20.3,82.0,0.0,,270.0,3.6,,1012.8,,3.0
2025-06-05,4,24.9,18.1,66.0,0.0,,281.0,13.0,,1012.4,,3.0
2025-06-05,5,26.8,17.6,57.0,0.0,,288.0,15.1,,1011.8,,3.0
2025-06-05,6,29.0,19.6,57.0,0.0,,270.0,11.2,,1011.4,,3.0
2025-06-05,7,29.1,17.0,48.0,0.0,,294.0,14.0,,1010.6,,3.0
2025-06-05,8,29.6,16.4,45.0,0.0,,290.0,12.6,,1009.5,,3.0
2025-06-05,9,30.0,18.8,51.0,0.0,,230.0,11.2,,1008.7,,3.0
2025-06-05,10,29.4,15.9,44.0,0.0,,285.0,14.0,,1008.2,,3.0
2025-06-05,11,29.2,16.1,45.0,0.0,,290.0,12.6,,1007.9,,3.0
2025-06-05,12,29.2,18.0,51.0,0.0,,270.0,5.4,,1008.4,,3.0
2025-06-05,13,27.4,16.4,51.0,0.0,,278.0,8.6,,1009.1,,3.0
2025-06-05,14,26.3,17.7,59.0,0.0,,287.0,7.9,,1010.0,,3.0
2025-06-05,15,26.4,19.3,65.0,0.0,,270.0,7.6,,1010.9,,3.0
2025-06-05,16,25.0,17.0,61.0,0.0,,233.0,10.1,,1012.3,,3.0
2025-06-05,17,24.2,17.4,66.0,0.0,,250.0,12.2,,1012.8,,3.0
2025-06-05,18,26.2,19.3,66.0,0.0,,270.0,3.6,,1012.8,,1.0
2025-06-05,19,22.4,18.0,76.0,0.0,,266.0,9.7,,1012.5,,1.0
2025-06-05,20,21.6,18.4,82.0,0.0,,266.0,10.4,,1012.2,,3.0
2025-06-05,21,24.0,20.1,79.0,0.0,,230.0,5.4,,1011.9,,3.0
2025-06-05,22,20.7,18.3,86.0,0.0,,268.0,10.1,,1011.8,,1.0
2025-06-05,23,20.4,18.5,89.0,0.0,,272.0,9.7,,1011.8,,1.0
2025-06-06,0,23.2,20.5,85.0,0.0,,270.0,5.4,,1012.2,,2.0
2025-06-06,1,20.2,18.5,90.0,0.0,,283.0,11.2,,1013.0,,2.0
2025-06-06,2,22.0,19.4,85.0,0.0,,297.0,9.4,,1013.3,,2.0
2025-06-06,3,24.8,19.2,71.0,0.1,,270.0,5.4,,1013.1,,7.0
2025-06-06,4,25.4,18.6,66.0,0.0,,301.0,14.0,,1012.9,,3.0
2025-06-06,5,27.3,17.5,55.0,0.0,,294.0,14.4,,1012.2,,2.0
2025-06-06,6,28.8,20.0,59.0,0.0,,270.0,5.4,,1011.5,,2.0
2025-06-06,7,29.7,16.9,46.0,0.0,,280.0,11.5,,1010.6,,3.0
2025-06-06,8,30.3,16.7,44.0,0.0,,277.0,11.2,,1009.5,,3.0
2025-06-06,9,30.4,15.3,40.0,0.0,,230.0,3.6,,1008.6,,2.0
2025-06-06,10,30.5,16.1,42.0,0.0,,279.0,13.3,,1007.9,,2.0
2025-06-06,11,30.2,15.9,42.0,0.0,,288.0,13.0,,1007.7,,2.0
2025-06-06,12,30.2,18.9,51.0,0.2,,230.0,5.4,,1008.3,,17.0
2025-06-06,13,28.8,15.7,45.0,0.0,,266.0,12.2,,1009.0,,2.0
2025-06-06,14,27.3,16.9,53.0,0.0,,220.0,10.1,,1010.1,,3.0
2025-06-06,15,27.2,19.5,63.0,0.0,,0.0,0.0,,1011.1,,3.0
2025-06-06,16,26.2,17.0,57.0,0.0,,230.0,7.6,,1011.6,,3.0
2025-06-06,17,25.4,17.8,63.0,0.0,,251.0,11.2,,1012.4,,3.0
2025-06-06,18,26.6,19.7,66.0,0.0,,0.0,0.0,,1012.8,,3.0
2025-06-06,19,23.1,18.4,75.0,0.0,,277.0,10.1,,1012.5,,3.0
2025-06-06,20,22.5,18.7,79.0,0.0,,268.0,9.0,,1012.2,,3.0
2025-06-06,21,25.6,20.8,75.0,0.0,,270.0,3.6,,1011.8,,3.0
2025-06-06,22,21.2,19.1,88.0,0.0,,250.0,9.0,,1011.7,,3.0
2025-06-06,23,20.7,19.2,91.0,0.0,,243.0,10.4,,1011.9,,2.0
2025-06-07,0,22.6,20.1,86.0,0.0,,230.0,3.6,,1012.3,,3.0
2025-06-07,1,20.2,19.0,93.0,0.0,,261.0,10.1,,1013.1,,3.0
2025-06-07,2,21.7,18.9,84.0,0.0,,262.0,11.5,,1013.9,,2.0
2025-06-07,3,24.4,20.9,81.0,0.0,,230.0,3.6,,1013.8,,3.0
2025-06-07,4,26.2,17.8,60.0,0.0,,284.0,13.3,,1013.4,,3.0
2025-06-07,5,28.2,16.2,48.0,0.0,,281.0,13.7,,1012.9,,1.0
2025-06-07,6,28.8,21.1,63.0,0.0,,230.0,7.6,,1012.0,,2.0
2025-06-07,7,30.5,14.6,38.0,0.0,,269.0,14.4,,1011.0,,3.0
2025-06-07,8,30.8,15.3,39.0,0.0,,262.0,12.6,,1009.8,,1.0
2025-06-07,9,31.0,20.0,52.0,0.0,,270.0,7.6,,1008.7,,3.0
2025-06-07,10,30.7,15.2,39.0,0.0,,255.0,14.4,,1008.0,,3.0
2025-06-07,11,29.9,15.6,42.0,0.0,,263.0,14.8,,1007.9,,3.0
2025-06-07,12,29.4,18.2,51.0,0.0,,230.0,5.4,,1008.1,,2.0
2025-06-07,13,28.4,15.7,46.0,0.0,,269.0,11.2,,1009.0,,2.0
2025-06-07,14,27.4,16.1,50.0,0.0,,258.0,9.0,,1009.9,,2.0
2025-06-07,15,27.0,19.1,62.0,0.0,,230.0,3.6,,1011.0,,1.0
2025-06-07,16,25.0,18.0,65.0,0.0,,265.0,14.4,,1012.0,,2.0
2025-06-07,17,23.7,18.8,74.0,0.0,,258.0,14.0,,1012.6,,2.0
2025-06-07,18,24.8,20.1,75.0,0.0,,230.0,5.4,,1012.7,,1.0
2025-06-07,19,22.7,18.7,78.0,0.0,,286.0,11.5,,1012.3,,2.0
2025-06-07,20,22.1,19.1,83.0,0.0,,286.0,11.9,,1011.7,,2.0
2025-06-07,21,21.5,19.1,86.0,0.0,,284.0,11.9,,1011.1,,2.0
2025-06-07,22,21.1,19.0,88.0,0.0,,285.0,11.5,,1010.8,,3.0
2025-06-07,23,20.7,18.6,88.0,0.0,,274.0,11.2,,1011.2,,3.0
2025-06-08,0,22.0,20.3,90.0,0.0,,270.0,7.6,,1011.6,,3.0
2025-06-08,1,20.3,18.6,90.0,0.0,,262.0,11.9,,1012.0,,3.0
2025-06-08,2,21.7,18.5,82.0,0.0,,268.0,12.6,,1012.7,,3.0
2025-06-08,3,24.4,20.5,79.0,0.0,,270.0,5.4,,1012.6,,2.0
2025-06-08,4,26.3,18.2,61.0,0.0,,285.0,14.0,,1012.4,,2.0
2025-06-08,5,28.3,17.5,52.0,0.0,,294.0,14.4,,1011.8,,2.0
2025-06-08,6,29.8,20.9,59.0,0.0,,270.0,3.6,,1010.8,,2.0
2025-06-08,7,30.9,16.9,43.0,0.0,,298.0,15.1,,1009.9,,3.0
2025-06-08,8,30.9,16.5,42.0,0.2,,298.0,14.0,,1009.0,,17.0
2025-06-08,9,30.8,20.1,53.0,0.0,,230.0,3.6,,1007.3,,3.0
2025-06-08,10,31.4,17.0,42.0,0.0,,303.0,12.2,,1006.5,,3.0
2025-06-08,11,30.6,16.6,43.0,0.0,,302.0,15.8,,1006.3,,3.0
2025-06-08,12,27.8,17.6,54.0,0.3,,313.0,13.3,,1007.8,,8.0
2025-06-08,13,27.7,17.6,54.0,0.2,,264.0,8.3,,1008.1,,7.0
2025-06-08,14,26.2,18.3,62.0,4.2,,233.0,9.0,,1009.7,,9.0
2025-06-08,15,24.9,19.1,70.0,0.1,,278.0,14.0,,1011.3,,7.0
2025-06-08,16,24.1,19.0,73.0,0.0,,322.0,13.7,,1012.2,,3.0
2025-06-08,17,21.9,19.1,84.0,1.8,,342.0,7.6,,1013.1,,9.0
2025-06-08,18,24.4,20.5,79.0,0.3,,230.0,9.4,,1012.9,,8.0
2025-06-08,19,21.0,19.8,93.0,0.2,,253.0,10.4,,1012.3,,7.0
2025-06-08,20,20.6,19.9,96.0,5.5,,248.0,7.2,,1011.9,,9.0
2025-06-08,21,23.6,20.3,82.0,0.3,,230.0,3.6,,1011.0,,8.0
2025-06-08,22,20.3,20.0,98.0,0.0,,245.0,13.0,,1010.1,,3.0
2025-06-08,23,20.4,20.1,98.0,0.0,,257.0,13.3,,1010.1,,3.0
2025-06-09,0,22.0,18.6,81.0,0.0,,230.0,7.6,,1010.1,,3.0
2025-06-09,1,20.9,20.1,95.0,0.0,,271.0,13.3,,1010.6,,3.0
2025-06-09,2,21.8,19.7,88.0,0.0,,277.0,17.3,,1011.1,,3.0
2025-06-09,3,22.6,21.8,95.0,0.0,,230.0,7.6,,1011.3,,3.0
2025-06-09,4,24.8,19.4,72.0,0.0,,291.0,20.5,,1011.2,,3.0
2025-06-09,5,24.5,18.9,71.0,0.0,,289.0,20.2,,1011.5,,3.0
2025-06-09,6,26.4,21.6,75.0,0.0,,270.0,5.4,,1010.9,,3.0
2025-06-09,7,28.0,19.0,58.0,0.0,,287.0,19.4,,1009.3,,3.0
2025-06-09,8,28.1,18.2,55.0,0.2,,300.0,20.2,,1008.1,,7.0
2025-06-09,9,29.2,21.2,62.0,0.5,,270.0,5.4,,1007.5,,8.0
2025-06-09,10,26.0,19.2,66.0,0.8,,342.0,14.4,,1006.1,,8.0
2025-06-09,11,26.8,19.2,63.0,0.6,,295.0,15.1,,1006.1,,8.0
2025-06-09,12,24.0,22.6,92.0,0.3,,270.0,3.6,,1006.9,,8.0
2025-06-09,13,24.0,19.5,76.0,0.1,,289.0,14.8,,1007.9,,7.0
2025-06-09,14,23.5,19.2,77.0,0.0,,290.0,11.5,,1008.8,,3.0
2025-06-09,15,24.0,20.3,80.0,0.0,,270.0,5.4,,1010.2,,3.0
2025-06-09,16,22.0,19.4,85.0,0.0,,294.0,14.0,,1010.4,,3.0
2025-06-09,17,21.7,19.6,88.0,0.0,,283.0,12.2,,1010.5,,3.0
2025-06-09,18,23.6,21.3,87.0,0.0,,270.0,7.6,,1010.3,,3.0
2025-06-09,19,21.2,19.7,91.0,0.0,,286.0,14.4,,1009.5,,3.0
2025-06-09,20,21.0,19.8,93.0,0.0,,289.0,15.1,,1008.8,,3.0
2025-06-09,21,22.4,20.9,91.0,0.0,,270.0,3.6,,1008.0,,3.0
2025-06-09,22,20.6,19.4,93.0,0.0,,278.0,14.8,,1007.6,,2.0
2025-06-09,23,20.2,19.0,93.0,0.0,,276.0,14.0,,1007.5,,3.0
2025-06-10,0,21.4,19.9,91.0,0.0,,270.0,3.6,,1007.4,,1.0
2025-06-10,1,20.6,18.4,87.0,0.0,,286.0,15.5,,1007.9,,2.0
2025-06-10,2,21.7,18.9,84.0,0.0,,276.0,15.1,,1008.5,,3.0
2025-06-10,3,23.4,20.2,82.0,0.0,,230.0,5.4,,1008.6,,3.0
2025-06-10,4,25.1,19.7,72.0,0.0,,288.0,18.0,,1008.4,,1.0
2025-06-10,5,26.8,19.2,63.0,0.0,,310.0,19.8,,1008.0,,3.0
2025-06-10,6,27.8,21.8,70.0,0.2,,270.0,5.4,,1007.4,,7.0
2025-06-10,7,27.5,19.6,62.0,0.2,,316.0,19.4,,1006.5,,17.0
2025-06-10,8,28.7,19.9,59.0,0.0,,326.0,14.8,,1005.0,,3.0
2025-06-10,9,30.0,21.4,60.0,0.0,,230.0,3.6,,1003.7,,2.0
2025-06-10,10,27.2,18.8,60.0,0.2,,297.0,16.2,,1003.5,,17.0
2025-06-10,11,26.0,19.4,67.0,0.5,,298.0,20.9,,1003.6,,17.0
2025-06-10,12,29.2,20.1,58.0,4.1,,230.0,7.6,,1005.3,,9.0
2025-06-10,13,22.4,20.3,88.0,0.3,,266.0,19.1,,1006.1,,8.0
2025-06-10,14,21.8,20.1,90.0,0.1,,276.0,14.8,,1006.6,,7.0
2025-06-10,15,25.2,22.1,83.0,0.0,,230.0,3.6,,1007.6,,3.0
2025-06-10,16,21.9,20.0,89.0,0.0,,260.0,14.4,,1008.0,,3.0
2025-06-10,17,21.7,20.0,90.0,0.0,,267.0,15.5,,1008.5,,3.0
2025-06-10,18,21.4,20.7,96.0,0.0,,270.0,7.6,,1008.3,,3.0
2025-06-10,19,20.9,19.9,94.0,0.0,,255.0,14.8,,1008.2,,3.0
2025-06-10,20,20.7,19.9,95.0,0.0,,264.0,15.8,,1007.3,,3.0
2025-06-10,21,21.4,20.7,96.0,0.0,,270.0,9.4,,1005.8,,3.0
2025-06-10,22,20.6,19.6,94.0,0.0,,266.0,14.4,,1006.1,,3.0
2025-06-10,23,20.7,19.7,94.0,0.0,,264.0,14.8,,1006.3,,3.0
2025-06-11,0,21.4,21.1,98.0,0.0,,270.0,7.6,,1006.2,,3.0
2025-06-11,1,20.7,19.5,93.0,0.0,,274.0,14.8,,1006.6,,3.0
2025-06-11,2,22.1,20.0,88.0,0.0,,292.0,17.3,,1007.6,,3.0
2025-06-11,3,23.9,20.0,79.0,0.0,,298.0,21.2,,1007.7,,3.0
2025-06-11,4,25.3,19.9,72.0,0.0,,304.0,20.9,,1007.6,,3.0
2025-06-11,5,26.4,20.3,69.0,0.0,,296.0,17.3,,1007.0,,3.0
2025-06-11,6,26.8,22.9,79.0,0.0,,230.0,5.4,,1006.1,,3.0
2025-06-11,7,28.0,19.8,61.0,0.0,,291.0,19.1,,1005.6,,3.0
2025-06-11,8,27.8,19.6,61.0,0.0,,297.0,20.2,,1004.1,,3.0
2025-06-11,9,28.8,21.6,65.0,0.1,,270.0,5.4,,1002.6,,7.0
2025-06-11,10,26.8,19.2,63.0,0.7,,280.0,19.1,,1002.6,,8.0
2025-06-11,11,24.8,20.1,75.0,0.9,,248.0,16.6,,1003.4,,8.0
2025-06-11,12,26.0,22.9,83.0,1.4,,320.0,5.4,,1003.5,,9.0
2025-06-11,13,22.0,20.1,89.0,3.2,,295.0,14.4,,1005.1,,9.0
2025-06-11,14,21.4,20.0,92.0,1.2,,278.0,13.3,,1006.2,,9.0
2025-06-11,15,21.6,20.1,91.0,0.4,,230.0,11.2,,1007.3,,8.0
2025-06-11,16,20.4,20.2,99.0,7.4,,256.0,11.2,,1007.7,,9.0
2025-06-11,17,20.9,19.9,94.0,2.0,,274.0,15.5,,1007.7,,9.0
2025-06-11,18,20.6,19.8,95.0,0.0,,280.0,15.8,,1007.6,,3.0
2025-06-11,19,20.3,19.3,94.0,0.3,,268.0,13.3,,1007.4,,8.0
2025-06-11,20,20.2,19.4,95.0,0.1,,248.0,13.7,,1006.5,,7.0
2025-06-11,21,20.2,19.7,97.0,0.0,,246.0,14.0,,1005.5,,3.0
2025-06-11,22,20.4,19.9,97.0,0.0,,251.0,16.9,,1004.8,,3.0
2025-06-11,23,20.4,19.7,96.0,0.0,,251.0,17.6,,1004.5,,3.0
2025-06-12,0,20.5,19.7,95.0,0.0,,254.0,17.3,,1004.7,,3.0
2025-06-12,1,20.7,19.9,95.0,0.0,,251.0,17.3,,1005.5,,3.0
2025-06-12,2,21.3,19.9,92.0,0.0,,252.0,18.4,,1005.7,,3.0
2025-06-12,3,22.4,21.6,95.0,0.0,,270.0,7.6,,1005.8,,3.0
2025-06-12,4,22.9,19.9,83.0,0.2,,271.0,22.7,,1006.4,,7.0
2025-06-12,5,23.6,19.7,79.0,0.3,,279.0,21.6,,1006.2,,17.0
2025-06-12,6,26.0,21.7,77.0,0.1,,270.0,5.4,,1005.6,,17.0
2025-06-12,7,25.6,20.4,73.0,0.1,,278.0,19.1,,1004.8,,17.0
2025-06-12,8,26.5,18.9,63.0,0.1,,259.0,18.0,,1003.4,,17.0
2025-06-12,9,27.4,21.9,72.0,0.1,,230.0,7.6,,1002.4,,17.0
2025-06-12,10,27.8,18.8,58.0,0.0,,252.0,20.9,,1001.4,,3.0
2025-06-12,11,25.0,20.0,74.0,0.1,,251.0,21.6,,1002.2,,17.0
2025-06-12,12,26.2,19.8,68.0,0.4,,230.0,7.6,,1002.8,,8.0
2025-06-12,13,23.9,20.8,83.0,0.0,,250.0,12.6,,1003.7,,3.0
2025-06-12,14,23.6,19.5,78.0,0.0,,250.0,18.0,,1004.8,,3.0
2025-06-12,15,24.0,20.1,79.0,0.0,,230.0,5.4,,1006.1,,3.0
2025-06-12,16,21.8,19.7,88.0,0.0,,236.0,16.2,,1006.8,,3.0
2025-06-12,17,21.4,19.9,91.0,0.0,,241.0,15.5,,1006.9,,3.0
2025-06-12,18,23.0,19.4,80.0,0.0,,230.0,7.6,,1007.0,,3.0
2025-06-12,19,20.9,20.1,95.0,0.0,,242.0,16.9,,1006.7,,3.0
2025-06-12,20,20.7,20.0,96.0,0.0,,240.0,17.6,,1006.2,,2.0
2025-06-12,21,21.6,18.2,81.0,0.0,,180.0,7.6,,1005.3,,3.0
2025-06-12,22,20.5,19.7,95.0,0.0,,240.0,17.3,,1004.9,,3.0
2025-06-12,23,20.6,19.6,94.0,0.0,,235.0,16.9,,1004.6,,3.0
2025-06-13,0,21.6,18.2,81.0,0.0,,230.0,11.2,,1004.9,,3.0
2025-06-13,1,20.8,19.6,93.0,0.0,,236.0,16.2,,1005.8,,3.0
2025-06-13,2,21.2,19.7,91.0,0.0,,238.0,21.2,,1006.4,,3.0
2025-06-13,3,22.2,21.0,93.0,0.0,,270.0,5.4,,1006.8,,3.0
2025-06-13,4,24.2,19.9,77.0,0.0,,252.0,21.6,,1006.6,,3.0
2025-06-13,5,25.5,20.3,73.0,0.2,,249.0,21.2,,1006.7,,7.0
2025-06-13,6,26.0,21.7,77.0,0.1,,270.0,7.6,,1006.2,,7.0
2025-06-13,7,26.9,20.3,67.0,0.8,,245.0,19.1,,1005.3,,8.0
2025-06-13,8,26.7,20.5,69.0,1.4,,242.0,23.0,,1004.6,,9.0
2025-06-13,9,26.0,21.2,75.0,1.3,,230.0,7.6,,1004.2,,9.0
2025-06-13,10,24.2,21.5,85.0,0.4,,237.0,20.5,,1003.5,,8.0
2025-06-13,11,24.2,20.9,82.0,0.8,,244.0,20.9,,1003.7,,17.0
2025-06-13,12,26.0,22.3,80.0,0.0,,230.0,5.4,,1003.8,,3.0
2025-06-13,13,23.3,20.6,85.0,0.0,,235.0,19.4,,1004.9,,3.0
2025-06-13,14,23.0,20.0,83.0,0.0,,234.0,19.8,,1006.2,,3.0
2025-06-13,15,23.0,22.3,96.0,0.0,,230.0,7.6,,1007.1,,3.0
2025-06-13,16,21.9,19.8,88.0,0.0,,232.0,18.0,,1007.9,,3.0
2025-06-13,17,21.5,20.0,91.0,0.0,,232.0,18.4,,1007.9,,3.0
2025-06-13,18,22.4,21.7,96.0,0.0,,230.0,7.6,,1008.1,,3.0
2025-06-13,19,20.7,19.9,95.0,0.0,,242.0,16.9,,1007.4,,3.0
2025-06-13,20,20.6,19.9,96.0,0.0,,246.0,18.7,,1006.5,,3.0
2025-06-13,21,22.0,21.7,98.0,0.0,,230.0,5.4,,1006.0,,3.0
2025-06-13,22,20.3,19.5,95.0,0.0,,245.0,18.4,,1005.6,,3.0
2025-06-13,23,20.2,19.5,96.0,0.0,,240.0,19.1,,1006.0,,3.0
2025-06-14,0,21.6,21.3,98.0,0.0,,230.0,7.6,,1006.2,,3.0
2025-06-14,1,20.0,19.3,96.0,0.0,,236.0,18.4,,1006.9,,3.0
2025-06-14,2,20.7,19.2,91.0,0.0,,236.0,21.2,,1007.7,,3.0
2025-06-14,3,22.4,20.9,91.0,0.0,,230.0,7.6,,1008.1,,3.0
2025-06-14,4,22.9,19.1,79.0,0.0,,243.0,24.1,,1008.4,,3.0
2025-06-14,5,24.7,19.1,71.0,0.0,,243.0,24.8,,1007.9,,3.0
2025-06-14,6,25.0,21.5,81.0,0.0,,230.0,11.2,,1007.4,,3.0
2025-06-14,7,26.4,19.3,65.0,0.0,,239.0,23.4,,1006.4,,3.0
2025-06-14,8,27.2,19.3,62.0,0.0,,235.0,25.6,,1005.0,,3.0
2025-06-14,9,25.0,22.7,87.0,0.4,,230.0,5.4,,1004.7,,8.0
2025-06-14,10,24.8,20.9,79.0,0.8,,230.0,24.1,,1004.5,,8.0
2025-06-14,11,23.7,20.2,81.0,1.8,,238.0,27.7,,1005.3,,9.0
2025-06-14,12,24.6,20.7,79.0,0.2,,230.0,9.4,,1005.4,,7.0
2025-06-14,13,22.3,20.4,89.0,0.2,,247.0,24.5,,1006.2,,7.0
2025-06-14,14,21.9,20.2,90.0,0.2,,243.0,22.7,,1007.1,,7.0
2025-06-14,15,21.0,17.6,81.0,0.0,,230.0,13.0,,1007.8,,3.0
2025-06-14,16,21.9,20.0,89.0,0.0,,243.0,25.2,,1008.2,,3.0
2025-06-14,17,21.7,19.8,89.0,0.0,,244.0,25.9,,1008.4,,3.0
2025-06-14,18,20.2,17.0,82.0,0.0,,230.0,14.8,,1008.2,,3.0
2025-06-14,19,21.6,19.5,88.0,0.0,,247.0,24.8,,1007.2,,3.0
2025-06-14,20,21.0,18.9,88.0,0.0,,246.0,22.0,,1006.8,,3.0
2025-06-14,21,20.2,17.0,82.0,0.0,,230.0,14.8,,1006.1,,3.0
2025-06-14,22,20.6,19.1,91.0,0.2,,245.0,22.0,,1005.8,,7.0
2025-06-14,23,20.7,19.2,91.0,0.0,,246.0,21.6,,1005.6,,3.0
2025-06-15,0,20.6,17.4,82.0,0.0,,230.0,14.8,,1005.5,,3.0
2025-06-15,1,20.8,19.3,91.0,0.0,,234.0,23.4,,1006.0,,3.0
2025-06-15,2,21.4,19.5,89.0,0.0,,233.0,27.4,,1006.6,,3.0
2025-06-15,3,22.2,21.5,96.0,0.0,,230.0,5.4,,1006.9,,3.0
2025-06-15,4,23.6,19.5,78.0,0.0,,238.0,33.1,,1007.0,,3.0
2025-06-15,5,24.1,19.6,76.0,0.2,,245.0,31.3,,1006.9,,7.0
2025-06-15,6,24.4,21.7,85.0,0.6,,230.0,7.6,,1007.0,,8.0
2025-06-15,7,24.9,19.9,74.0,0.3,,250.0,30.6,,1006.5,,8.0
2025-06-15,8,24.1,20.2,79.0,0.4,,248.0,31.7,,1005.9,,8.0
2025-06-15,9,26.2,21.0,73.0,0.4,,270.0,14.8,,1005.4,,8.0
2025-06-15,10,23.4,20.0,81.0,0.4,,246.0,29.2,,1005.0,,8.0
2025-06-15,11,23.1,19.7,81.0,0.2,,250.0,31.0,,1004.9,,17.0
2025-06-15,12,24.4,21.1,82.0,0.1,,270.0,24.1,,1005.7,,7.0
2025-06-15,13,21.8,20.1,90.0,0.2,,242.0,23.8,,1006.0,,7.0
2025-06-15,14,21.4,20.0,92.0,0.3,,241.0,25.9,,1006.6,,8.0
2025-06-15,15,22.0,19.4,85.0,0.4,,230.0,14.8,,1007.2,,8.0
2025-06-15,16,21.2,19.8,92.0,0.2,,237.0,23.4,,1008.2,,7.0
2025-06-15,17,21.2,19.8,92.0,0.0,,234.0,24.5,,1008.8,,3.0
2025-06-15,18,21.0,18.6,86.0,0.2,,230.0,16.6,,1008.7,,7.0
2025-06-15,19,20.8,19.8,94.0,0.0,,240.0,24.5,,1008.0,,3.0
2025-06-15,20,20.6,19.8,95.0,0.1,,236.0,25.2,,1007.4,,7.0
2025-06-15,21,20.6,19.1,91.0,0.2,,230.0,20.5,,1006.6,,7.0
2025-06-15,22,20.3,19.3,94.0,0.0,,246.0,26.6,,1006.0,,3.0
2025-06-15,23,20.2,19.2,94.0,0.0,,247.0,25.6,,1006.2,,3.0
2025-06-16,0,20.2,19.2,94.0,0.0,,246.0,24.8,,1006.4,,3.0
2025-06-16,1,20.4,19.1,92.0,0.0,,250.0,25.2,,1006.8,,3.0
2025-06-16,2,20.8,19.1,90.0,0.0,,251.0,23.4,,1007.3,,3.0
2025-06-16,3,23.1,19.3,79.0,0.0,,249.0,31.0,,1007.2,,3.0
2025-06-16,4,23.0,19.6,81.0,0.1,,247.0,32.4,,1007.9,,7.0
2025-06-16,5,22.5,20.0,86.0,0.3,,246.0,29.2,,1008.3,,8.0
2025-06-16,6,23.3,19.7,80.0,0.3,,254.0,31.0,,1008.1,,8.0
2025-06-16,7,23.6,20.1,81.0,0.8,,256.0,27.7,,1008.1,,8.0
2025-06-16,8,26.0,18.4,63.0,1.2,,262.0,34.2,,1006.4,,9.0
2025-06-16,9,24.6,19.0,71.0,0.3,,260.0,33.8,,1006.1,,8.0
2025-06-16,10,23.8,19.5,77.0,2.3,,259.0,29.5,,1005.9,,9.0
2025-06-16,11,23.0,20.0,83.0,1.3,,255.0,25.6,,1006.1,,9.0
2025-06-16,12,22.5,19.7,84.0,0.5,,248.0,25.2,,1006.4,,8.0
2025-06-16,13,21.9,19.6,87.0,0.3,,247.0,24.8,,1006.9,,8.0
2025-06-16,14,21.4,19.3,88.0,0.1,,247.0,24.1,,1007.8,,7.0
2025-06-16,15,21.4,19.3,88.0,0.0,,249.0,22.0,,1008.7,,3.0
2025-06-16,16,21.3,19.2,88.0,0.0,,251.0,20.2,,1009.4,,3.0
2025-06-16,17,21.3,19.2,88.0,0.0,,250.0,19.8,,1010.0,,3.0
2025-06-16,18,21.0,19.1,89.0,0.0,,250.0,20.2,,1010.2,,3.0
2025-06-16,19,21.1,19.0,88.0,0.0,,248.0,20.2,,1009.8,,3.0
2025-06-16,20,20.9,19.0,89.0,0.0,,248.0,20.9,,1009.2,,3.0
2025-06-16,21,20.6,18.9,90.0,0.0,,246.0,19.8,,1008.9,,3.0
2025-06-16,22,20.5,19.0,91.0,0.0,,244.0,20.2,,1008.6,,3.0
2025-06-16,23,20.1,18.9,93.0,0.0,,239.0,23.0,,1008.7,,3.0
2025-06-17,0,20.2,19.0,93.0,0.0,,241.0,24.1,,1008.8,,3.0
2025-06-17,1,20.1,18.9,93.0,0.0,,241.0,23.0,,1009.2,,3.0
2025-06-17,2,21.1,19.0,88.0,0.0,,241.0,27.0,,1009.9,,3.0
2025-06-17,3,22.4,19.0,81.0,0.0,,244.0,29.5,,1010.0,,3.0
2025-06-17,4,23.7,19.6,78.0,0.0,,247.0,24.8,,1010.9,,3.0
2025-06-17,5,24.8,19.6,73.0,0.1,,247.0,25.9,,1010.5,,7.0
2025-06-17,6,25.1,19.7,72.0,0.6,,248.0,27.0,,1010.0,,8.0
2025-06-17,7,25.8,19.9,70.0,0.2,,252.0,27.7,,1009.5,,7.0
2025-06-17,8,26.6,19.5,65.0,0.0,,257.0,27.0,,1008.4,,3.0
2025-06-17,9,26.0,18.9,65.0,0.2,,262.0,26.6,,1008.0,,7.0
2025-06-17,10,25.5,18.9,67.0,0.2,,264.0,27.0,,1007.7,,7.0
2025-06-17,11,24.6,19.2,72.0,0.1,,260.0,23.8,,1007.6,,7.0
2025-06-17,12,24.0,19.7,77.0,0.0,,252.0,22.0,,1008.3,,3.0
2025-06-17,13,23.2,19.6,80.0,0.0,,249.0,17.3,,1008.8,,3.0
2025-06-17,14,22.5,19.5,83.0,0.0,,260.0,18.0,,1010.1,,3.0
2025-06-17,15,22.1,19.3,84.0,0.0,,258.0,18.0,,1011.3,,3.0
2025-06-17,16,21.8,19.4,86.0,0.0,,255.0,16.9,,1011.7,,3.0
2025-06-17,17,21.4,19.3,88.0,0.0,,252.0,17.6,,1011.9,,3.0
2025-06-17,18,21.0,19.3,90.0,0.0,,254.0,18.0,,1011.8,,3.0
2025-06-17,19,20.6,19.3,92.0,0.0,,258.0,18.0,,1011.5,,3.0
2025-06-17,20,20.2,19.0,93.0,0.0,,256.0,18.0,,1010.9,,3.0
2025-06-17,21,20.0,19.2,95.0,0.0,,254.0,17.6,,1010.3,,3.0
2025-06-17,22,19.8,19.1,96.0,0.0,,256.0,19.1,,1010.0,,3.0
2025-06-17,23,20.0,19.2,95.0,0.0,,251.0,19.4,,1009.8,,3.0
2025-06-18,0,20.0,19.3,96.0,0.0,,246.0,18.4,,1010.0,,3.0
2025-06-18,1,19.9,19.4,97.0,0.0,,243.0,18.4,,1010.8,,3.0
2025-06-18,2,20.5,19.3,93.0,0.0,,245.0,23.4,,1011.1,,3.0
2025-06-18,3,21.8,19.0,84.0,0.0,,250.0,24.8,,1011.4,,3.0
2025-06-18,4,23.3,19.2,78.0,0.0,,254.0,25.6,,1011.3,,3.0
2025-06-18,5,24.7,19.5,73.0,0.0,,260.0,24.8,,1011.2,,3.0
2025-06-18,6,26.1,19.0,65.0,0.0,,262.0,26.3,,1010.6,,3.0
2025-06-18,7,26.8,18.9,62.0,0.0,,263.0,25.6,,1009.7,,3.0
2025-06-18,8,27.8,18.8,58.0,0.0,,260.0,24.5,,1008.4,,3.0
2025-06-18,9,27.9,18.9,58.0,0.0,,258.0,23.8,,1007.4,,3.0
2025-06-18,10,27.4,19.2,61.0,0.0,,254.0,21.6,,1006.8,,3.0
2025-06-18,11,27.2,18.8,60.0,0.0,,262.0,23.0,,1006.7,,3.0
2025-06-18,12,25.6,19.3,68.0,0.0,,254.0,20.2,,1007.5,,3.0
2025-06-18,13,25.0,19.4,71.0,0.0,,250.0,18.4,,1008.1,,3.0
2025-06-18,14,24.0,19.3,75.0,0.0,,253.0,17.3,,1009.4,,3.0
2025-06-18,15,22.9,19.7,82.0,0.0,,255.0,16.2,,1010.5,,3.0
2025-06-18,16,22.3,19.5,84.0,0.0,,258.0,18.7,,1011.1,,3.0
2025-06-18,17,21.8,19.5,87.0,0.0,,256.0,17.6,,1011.3,,3.0
2025-06-18,18,21.4,19.5,89.0,0.0,,248.0,17.6,,1011.2,,3.0
2025-06-18,19,20.8,19.6,93.0,0.0,,246.0,18.7,,1010.5,,3.0
2025-06-18,20,20.5,19.8,96.0,0.0,,248.0,15.5,,1009.8,,3.0
2025-06-18,21,20.2,19.7,97.0,0.0,,250.0,16.9,,1009.4,,3.0
2025-06-18,22,20.2,19.5,96.0,0.0,,250.0,17.6,,1009.1,,3.0
2025-06-18,23,20.1,19.4,96.0,0.0,,253.0,18.0,,1009.6,,3.0
2025-06-19,0,20.0,19.3,96.0,0.0,,254.0,19.4,,1009.6,,3.0
2025-06-19,1,20.3,19.5,95.0,0.0,,254.0,19.4,,1010.4,,3.0
2025-06-19,2,21.0,19.1,89.0,0.0,,255.0,23.8,,1010.9,,3.0
2025-06-19,3,22.5,18.9,80.0,0.0,,253.0,26.6,,1011.0,,3.0
2025-06-19,4,24.2,18.8,72.0,0.0,,255.0,28.1,,1010.9,,3.0
2025-06-19,5,25.7,18.6,65.0,0.0,,256.0,28.4,,1010.5,,3.0
2025-06-19,6,26.5,18.4,61.0,0.0,,254.0,28.8,,1009.7,,3.0
2025-06-19,7,27.9,18.3,56.0,0.0,,258.0,28.4,,1009.1,,3.0
2025-06-19,8,28.3,18.1,54.0,0.0,,263.0,26.3,,1008.1,,3.0
2025-06-19,9,28.3,17.8,53.0,0.0,,263.0,25.9,,1007.5,,3.0
2025-06-19,10,28.5,18.3,54.0,0.0,,259.0,22.3,,1006.8,,3.0
2025-06-19,11,27.9,17.7,54.0,0.1,,259.0,24.5,,1006.2,,17.0
2025-06-19,12,26.8,18.7,61.0,0.0,,254.0,23.0,,1007.0,,3.0
2025-06-19,13,25.1,19.0,69.0,0.0,,258.0,20.5,,1008.2,,3.0
2025-06-19,14,24.1,19.0,73.0,0.0,,261.0,18.7,,1009.6,,3.0
2025-06-19,15,23.4,18.9,76.0,0.0,,260.0,18.0,,1010.7,,3.0
2025-06-19,16,22.1,18.9,82.0,0.0,,256.0,17.3,,1011.9,,3.0
2025-06-19,17,21.4,19.0,86.0,0.0,,261.0,16.2,,1012.8,,3.0
2025-06-19,18,21.0,19.1,89.0,0.0,,259.0,16.9,,1012.9,,3.0
2025-06-19,19,20.6,19.3,92.0,0.0,,258.0,16.9,,1012.0,,3.0
2025-06-19,20,20.3,19.3,94.0,0.0,,254.0,16.9,,1011.4,,3.0
2025-06-19,21,20.2,19.2,94.0,0.0,,247.0,16.9,,1010.5,,3.0
2025-06-19,22,20.0,19.2,95.0,0.0,,251.0,17.3,,1010.6,,3.0
2025-06-19,23,19.8,19.3,97.0,0.0,,250.0,18.0,,1010.6,,3.0
2025-06-20,0,19.8,19.3,97.0,0.0,,250.0,19.1,,1010.8,,3.0
2025-06-20,1,19.9,19.4,97.0,0.0,,250.0,19.1,,1011.3,,3.0
2025-06-20,2,20.9,19.4,91.0,0.0,,254.0,22.0,,1012.0,,3.0
2025-06-20,3,22.7,18.9,79.0,0.0,,261.0,24.5,,1012.0,,3.0
2025-06-20,4,24.2,18.6,71.0,0.0,,264.0,25.9,,1011.8,,3.0
2025-06-20,5,25.7,18.6,65.0,0.0,,268.0,28.4,,1011.3,,3.0
2025-06-20,6,26.4,18.5,62.0,0.0,,264.0,26.6,,1010.7,,3.0
2025-06-20,7,27.3,17.8,56.0,0.0,,270.0,26.6,,1009.9,,3.0
2025-06-20,8,28.0,18.1,55.0,0.0,,267.0,23.0,,1008.7,,3.0
2025-06-20,9,28.3,18.4,55.0,0.0,,266.0,22.3,,1007.9,,3.0
2025-06-20,10,28.6,18.1,53.0,0.0,,261.0,22.0,,1007.2,,3.0
2025-06-20,11,26.5,18.9,63.0,0.2,,260.0,22.3,,1008.0,,17.0
2025-06-20,12,25.9,19.3,67.0,0.0,,257.0,19.8,,1008.5,,3.0
2025-06-20,13,24.9,19.3,71.0,0.0,,265.0,18.7,,1009.2,,3.0
2025-06-20,14,24.2,19.5,75.0,0.0,,263.0,15.8,,1010.0,,3.0
2025-06-20,15,23.4,19.1,77.0,0.0,,262.0,18.0,,1011.0,,3.0
2025-06-20,16,22.7,19.3,81.0,0.0,,264.0,18.0,,1011.7,,3.0
2025-06-20,17,21.7,18.9,84.0,0.0,,260.0,17.3,,1012.7,,3.0
2025-06-20,18,21.1,19.0,88.0,0.0,,260.0,17.3,,1012.9,,3.0
2025-06-20,19,20.7,19.0,90.0,0.0,,259.0,16.6,,1012.3,,3.0
2025-06-20,20,20.4,19.1,92.0,0.0,,263.0,16.6,,1011.8,,3.0
2025-06-20,21,20.3,19.1,93.0,0.0,,264.0,16.9,,1011.3,,3.0
2025-06-20,22,19.7,19.0,96.0,0.0,,260.0,17.3,,1010.7,,3.0
2025-06-20,23,19.8,19.0,95.0,0.0,,259.0,17.3,,1010.6,,3.0
2025-06-21,0,19.7,18.9,95.0,0.0,,260.0,16.9,,1010.8,,3.0
2025-06-21,1,19.9,18.9,94.0,0.0,,260.0,18.0,,1011.4,,3.0
2025-06-21,2,20.9,18.7,87.0,0.0,,261.0,25.6,,1012.1,,3.0
2025-06-21,3,22.6,18.6,78.0,0.0,,268.0,25.2,,1011.8,,3.0
2025-06-21,4,23.9,18.5,72.0,0.0,,268.0,26.3,,1011.9,,3.0
2025-06-21,5,25.6,18.3,64.0,0.0,,267.0,26.6,,1011.6,,3.0
2025-06-21,6,26.3,18.2,61.0,0.0,,265.0,25.9,,1011.0,,3.0
2025-06-21,7,27.4,19.0,60.0,0.2,,264.0,23.8,,1010.2,,7.0
2025-06-21,8,28.0,18.4,56.0,0.0,,269.0,22.0,,1008.7,,3.0
2025-06-21,9,27.1,18.4,59.0,0.0,,258.0,23.8,,1008.2,,3.0
2025-06-21,10,27.4,18.7,59.0,0.0,,270.0,20.2,,1007.5,,3.0
2025-06-21,11,26.3,18.2,61.0,0.0,,269.0,23.8,,1007.7,,3.0
2025-06-21,12,24.9,19.5,72.0,0.0,,266.0,16.6,,1008.6,,3.0
2025-06-21,13,25.4,18.3,65.0,0.0,,266.0,18.0,,1008.7,,3.0
2025-06-21,14,24.4,18.8,71.0,0.0,,258.0,16.9,,1009.6,,3.0
2025-06-21,15,23.5,18.6,74.0,0.0,,259.0,18.0,,1010.8,,3.0
2025-06-21,16,22.4,18.8,80.0,0.0,,260.0,18.4,,1011.9,,3.0
2025-06-21,17,21.7,18.9,84.0,0.0,,260.0,17.6,,1012.5,,3.0
2025-06-21,18,21.2,18.9,87.0,0.0,,260.0,17.6,,1012.7,,3.0
2025-06-21,19,20.8,18.9,89.0,0.0,,261.0,18.4,,1012.0,,3.0
2025-06-21,20,20.4,19.1,92.0,0.0,,264.0,18.0,,1011.6,,3.0
2025-06-21,21,20.1,18.9,93.0,0.0,,264.0,19.1,,1010.7,,3.0
2025-06-21,22,19.9,18.6,92.0,0.0,,262.0,18.7,,1010.2,,3.0
2025-06-21,23,20.1,18.9,93.0,0.0,,258.0,18.7,,1010.0,,3.0
2025-06-22,0,20.1,18.9,93.0,0.0,,260.0,18.4,,1010.4,,3.0
2025-06-22,1,20.0,18.7,92.0,0.0,,260.0,18.7,,1010.8,,3.0
2025-06-22,2,20.9,18.7,87.0,0.0,,263.0,24.1,,1011.2,,3.0
2025-06-22,3,22.6,18.2,76.0,0.0,,267.0,24.1,,1011.2,,3.0
2025-06-22,4,24.6,18.1,67.0,0.0,,269.0,25.9,,1010.8,,3.0
2025-06-22,5,26.4,17.5,58.0,0.0,,268.0,27.0,,1010.4,,3.0
2025-06-22,6,27.0,17.5,56.0,0.0,,268.0,28.4,,1009.9,,3.0
2025-06-22,7,27.6,17.7,55.0,0.0,,271.0,26.6,,1009.2,,3.0
2025-06-22,8,28.6,18.4,54.0,0.0,,268.0,22.3,,1008.1,,3.0
2025-06-22,9,28.7,17.9,52.0,0.0,,264.0,24.1,,1006.9,,3.0
2025-06-22,10,26.8,18.4,60.0,0.3,,272.0,21.6,,1007.4,,8.0
2025-06-22,11,24.1,19.0,73.0,0.3,,252.0,22.0,,1008.3,,8.0
2025-06-22,12,23.4,19.3,78.0,0.2,,277.0,17.6,,1008.9,,7.0
2025-06-22,13,22.6,19.6,83.0,0.4,,271.0,16.2,,1009.4,,8.0
2025-06-22,14,20.9,19.4,91.0,0.4,,252.0,16.9,,1010.7,,8.0
2025-06-22,15,20.8,19.6,93.0,0.2,,256.0,16.2,,1011.4,,7.0
2025-06-22,16,20.9,19.7,93.0,0.0,,250.0,17.6,,1011.8,,3.0
2025-06-22,17,20.7,19.7,94.0,0.1,,249.0,19.8,,1012.0,,7.0
2025-06-22,18,20.5,19.8,96.0,0.0,,247.0,19.4,,1011.8,,3.0
2025-06-22,19,20.6,19.8,95.0,0.0,,250.0,19.1,,1010.8,,3.0
2025-06-22,20,20.4,19.7,96.0,0.4,,252.0,20.2,,1009.6,,8.0
2025-06-22,21,20.1,19.4,96.0,0.0,,254.0,20.9,,1009.3,,3.0
2025-06-22,22,20.0,19.2,95.0,0.0,,257.0,21.6,,1008.8,,3.0
2025-06-22,23,20.0,19.2,95.0,0.0,,250.0,20.5,,1009.2,,3.0
2025-06-23,0,20.0,19.0,94.0,0.0,,253.0,20.5,,1009.7,,3.0
2025-06-23,1,20.2,18.9,92.0,0.0,,252.0,20.2,,1010.0,,3.0
2025-06-23,2,20.9,18.8,88.0,0.0,,252.0,20.9,,1010.6,,3.0
2025-06-23,3,21.6,18.6,83.0,0.0,,253.0,26.3,,1010.7,,3.0
2025-06-23,4,22.5,18.5,78.0,0.0,,257.0,27.7,,1010.7,,3.0
2025-06-23,5,23.2,18.3,74.0,0.0,,259.0,28.4,,1010.9,,3.0
2025-06-23,6,24.3,18.2,69.0,0.2,,264.0,27.7,,1010.5,,7.0
2025-06-23,7,25.4,18.1,64.0,0.0,,266.0,30.6,,1009.5,,3.0
2025-06-23,8,26.6,17.7,58.0,0.1,,264.0,30.2,,1008.3,,7.0
2025-06-23,9,26.9,17.1,55.0,0.0,,265.0,31.7,,1007.0,,3.0
2025-06-23,10,26.0,18.2,62.0,0.2,,265.0,28.1,,1006.6,,7.0
2025-06-23,11,25.6,17.5,61.0,0.0,,265.0,29.2,,1006.5,,3.0
2025-06-23,12,24.9,17.9,65.0,0.0,,265.0,25.2,,1007.0,,3.0
2025-06-23,13,23.7,18.1,71.0,0.0,,263.0,22.0,,1007.8,,3.0
2025-06-23,14,22.8,18.3,76.0,0.0,,259.0,22.0,,1008.8,,3.0
2025-06-23,15,22.4,18.4,78.0,0.0,,264.0,22.7,,1010.4,,3.0
2025-06-23,16,21.9,18.3,80.0,0.0,,261.0,22.3,,1010.6,,3.0
2025-06-23,17,21.4,18.2,82.0,0.0,,261.0,22.7,,1010.7,,3.0
2025-06-23,18,21.1,18.1,83.0,0.0,,259.0,22.7,,1010.2,,3.0
2025-06-23,19,20.9,18.3,85.0,0.0,,257.0,22.7,,1009.4,,3.0
2025-06-23,20,20.6,18.2,86.0,0.0,,257.0,22.3,,1008.5,,3.0
2025-06-23,21,20.6,18.0,85.0,0.0,,260.0,22.3,,1007.7,,3.0
2025-06-23,22,20.5,18.1,86.0,0.0,,260.0,22.0,,1007.5,,3.0
2025-06-23,23,20.5,18.4,88.0,0.0,,259.0,21.6,,1007.7,,3.0
2025-06-24,0,20.6,18.5,88.0,0.0,,258.0,23.0,,1007.8,,3.0
2025-06-24,1,21.0,18.8,87.0,0.0,,261.0,22.7,,1008.5,,3.0
2025-06-24,2,21.6,19.0,85.0,0.0,,254.0,20.9,,1009.1,,3.0
2025-06-24,3,22.8,18.8,78.0,0.0,,258.0,30.2,,1009.3,,3.0
2025-06-24,4,24.2,18.2,69.0,0.0,,258.0,31.7,,1009.2,,3.0
2025-06-24,5,24.9,18.1,66.0,0.0,,260.0,32.8,,1009.1,,3.0
2025-06-24,6,26.5,17.6,58.0,0.0,,265.0,32.0,,1008.5,,3.0
2025-06-24,7,27.0,17.5,56.0,0.2,,268.0,33.5,,1007.7,,7.0
2025-06-24,8,27.5,17.1,53.0,0.1,,268.0,33.1,,1006.8,,7.0
2025-06-24,9,27.4,17.3,54.0,0.0,,271.0,33.5,,1006.3,,3.0
2025-06-24,10,26.6,17.4,57.0,0.0,,270.0,29.2,,1005.7,,3.0
2025-06-24,11,25.8,17.7,61.0,0.0,,275.0,29.5,,1005.9,,3.0
2025-06-24,12,25.0,18.0,65.0,0.0,,270.0,27.7,,1006.3,,3.0
2025-06-24,13,23.8,18.0,70.0,0.0,,268.0,23.8,,1006.9,,3.0
2025-06-24,14,23.1,18.6,76.0,0.0,,270.0,22.3,,1007.8,,3.0
2025-06-24,15,22.6,19.0,80.0,0.0,,266.0,23.8,,1009.1,,3.0
2025-06-24,16,21.9,18.3,80.0,0.0,,266.0,25.2,,1009.6,,3.0
2025-06-24,17,21.4,18.4,83.0,0.0,,263.0,24.5,,1009.8,,3.0
2025-06-24,18,21.0,18.2,84.0,0.0,,263.0,23.0,,1009.6,,3.0
2025-06-24,19,20.9,18.5,86.0,0.0,,265.0,24.1,,1008.8,,3.0
2025-06-24,20,20.8,18.6,87.0,0.0,,264.0,24.1,,1008.2,,3.0
2025-06-24,21,20.6,18.5,88.0,0.0,,264.0,23.8,,1007.8,,3.0
2025-06-24,22,20.3,18.4,89.0,0.0,,261.0,23.0,,1007.3,,3.0
2025-06-24,23,20.1,18.6,91.0,0.0,,259.0,22.3,,1007.4,,3.0
2025-06-25,0,20.2,18.5,90.0,0.0,,260.0,22.3,,1007.8,,3.0
2025-06-25,1,20.5,18.4,88.0,0.0,,260.0,22.0,,1008.3,,3.0
2025-06-25,2,21.4,18.6,84.0,0.0,,259.0,22.3,,1008.9,,3.0
2025-06-25,3,23.5,18.4,73.0,0.0,,264.0,30.6,,1009.0,,3.0
2025-06-25,4,25.0,18.2,66.0,0.0,,268.0,29.9,,1009.0,,3.0
2025-06-25,5,26.3,18.2,61.0,0.0,,269.0,32.8,,1008.7,,3.0
2025-06-25,6,26.8,17.8,58.0,0.2,,269.0,26.6,,1008.7,,7.0
2025-06-25,7,26.9,19.3,63.0,0.7,,260.0,25.2,,1008.1,,8.0
2025-06-25,8,25.9,19.8,69.0,3.3,,270.0,25.9,,1007.4,,9.0
2025-06-25,9,24.9,19.5,72.0,0.3,,267.0,25.9,,1006.7,,8.0
2025-06-25,10,26.3,19.7,67.0,0.2,,270.0,26.6,,1005.9,,17.0
2025-06-25,11,24.7,19.3,72.0,0.1,,267.0,23.4,,1005.9,,7.0
2025-06-25,12,24.6,19.2,72.0,0.1,,264.0,22.3,,1006.2,,7.0
2025-06-25,13,24.0,18.6,72.0,0.0,,263.0,20.5,,1006.8,,3.0
2025-06-25,14,23.0,18.5,76.0,0.0,,261.0,22.3,,1007.7,,3.0
2025-06-25,15,22.3,18.5,79.0,0.0,,262.0,23.0,,1008.7,,3.0
2025-06-25,16,21.9,18.7,82.0,0.0,,262.0,21.6,,1009.4,,3.0
2025-06-25,17,21.5,18.9,85.0,0.0,,259.0,21.6,,1009.6,,3.0
2025-06-25,18,21.2,18.8,86.0,0.0,,262.0,20.9,,1009.6,,3.0
2025-06-25,19,20.9,18.7,87.0,0.0,,260.0,20.2,,1009.1,,3.0
2025-06-25,20,20.7,18.6,88.0,0.0,,260.0,21.2,,1008.8,,3.0
2025-06-25,21,20.6,18.7,89.0,0.0,,256.0,22.0,,1008.1,,3.0
2025-06-25,22,20.7,18.6,88.0,0.0,,254.0,22.0,,1008.0,,3.0
2025-06-25,23,20.9,18.8,88.0,0.0,,257.0,22.3,,1007.4,,3.0
2025-06-26,0,20.8,18.9,89.0,0.0,,253.0,20.2,,1007.9,,3.0
2025-06-26,1,21.0,19.1,89.0,0.0,,251.0,19.4,,1008.7,,3.0
2025-06-26,2,21.4,19.3,88.0,0.0,,246.0,21.2,,1009.6,,3.0
2025-06-26,3,22.4,19.2,82.0,0.0,,259.0,25.2,,1009.6,,3.0
2025-06-26,4,24.5,18.9,71.0,0.0,,265.0,28.1,,1009.8,,3.0
2025-06-26,5,25.5,18.9,67.0,0.1,,265.0,28.4,,1009.6,,7.0
2025-06-26,6,26.2,18.6,63.0,0.2,,265.0,28.4,,1009.4,,7.0
2025-06-26,7,26.5,19.1,64.0,0.2,,259.0,28.4,,1008.7,,7.0
2025-06-26,8,26.4,18.8,63.0,0.2,,262.0,28.1,,1007.9,,7.0
2025-06-26,9,26.0,18.7,64.0,0.0,,266.0,28.1,,1007.0,,3.0
2025-06-26,10,26.1,18.5,63.0,0.0,,267.0,25.9,,1006.3,,3.0
2025-06-26,11,25.8,18.5,64.0,0.0,,268.0,24.5,,1006.1,,3.0
2025-06-26,12,24.5,19.1,72.0,0.0,,263.0,22.3,,1006.8,,3.0
2025-06-26,13,24.3,18.9,72.0,0.0,,258.0,19.1,,1007.2,,3.0
2025-06-26,14,23.5,19.0,76.0,0.0,,255.0,17.6,,1008.0,,3.0
2025-06-26,15,22.7,19.1,80.0,0.0,,256.0,20.2,,1009.1,,3.0
2025-06-26,16,22.0,19.0,83.0,0.0,,257.0,19.4,,1010.0,,3.0
2025-06-26,17,21.5,18.9,85.0,0.0,,261.0,19.8,,1010.6,,3.0
2025-06-26,18,21.1,18.9,87.0,0.0,,264.0,19.8,,1010.4,,3.0
2025-06-26,19,20.8,18.9,89.0,0.0,,263.0,16.9,,1010.0,,3.0
2025-06-26,20,20.6,18.7,89.0,0.0,,256.0,17.3,,1009.4,,3.0
2025-06-26,21,20.3,18.6,90.0,0.0,,253.0,16.9,,1009.0,,3.0
2025-06-26,22,20.0,18.5,91.0,0.0,,256.0,17.6,,1008.8,,3.0
2025-06-26,23,19.6,18.4,93.0,0.0,,250.0,18.4,,1008.9,,3.0
2025-06-27,0,19.6,18.1,91.0,0.0,,258.0,18.0,,1009.1,,3.0
2025-06-27,1,19.6,18.3,92.0,0.0,,254.0,18.7,,1009.4,,3.0
2025-06-27,2,20.5,18.4,88.0,0.0,,253.0,21.6,,1009.9,,3.0
2025-06-27,3,22.2,18.4,79.0,0.0,,257.0,27.0,,1010.0,,3.0
2025-06-27,4,23.4,18.1,72.0,0.0,,252.0,26.3,,1010.5,,3.0
2025-06-27,5,24.6,18.8,70.0,0.0,,249.0,24.1,,1010.6,,3.0
2025-06-27,6,26.1,18.3,62.0,0.0,,251.0,25.9,,1010.3,,3.0
2025-06-27,7,27.0,18.0,58.0,0.0,,253.0,24.1,,1009.5,,3.0
2025-06-27,8,27.9,18.3,56.0,0.1,,252.0,24.5,,1008.4,,7.0
2025-06-27,9,27.1,18.4,59.0,0.2,,255.0,26.6,,1007.7,,7.0
2025-06-27,10,27.1,17.9,57.0,0.0,,258.0,24.1,,1007.2,,3.0
2025-06-27,11,27.2,17.4,55.0,0.0,,264.0,24.5,,1006.7,,3.0
2025-06-27,12,26.2,18.1,61.0,0.0,,261.0,21.6,,1007.0,,3.0
2025-06-27,13,25.3,18.5,66.0,0.0,,262.0,18.7,,1007.7,,3.0
2025-06-27,14,24.0,18.4,71.0,0.0,,257.0,19.4,,1008.8,,3.0
2025-06-27,15,23.0,19.0,78.0,0.0,,250.0,16.6,,1010.9,,3.0
2025-06-27,16,22.4,19.0,81.0,0.0,,255.0,17.3,,1011.5,,3.0
2025-06-27,17,21.9,18.9,83.0,0.0,,260.0,16.9,,1012.0,,3.0
2025-06-27,18,21.6,18.8,84.0,0.0,,256.0,16.2,,1012.0,,3.0
2025-06-27,19,21.2,18.8,86.0,0.0,,256.0,15.1,,1011.3,,3.0
2025-06-27,20,20.7,18.8,89.0,0.0,,262.0,18.0,,1011.0,,3.0
2025-06-27,21,20.6,18.7,89.0,0.0,,259.0,16.9,,1010.3,,3.0
2025-06-27,22,20.7,18.8,89.0,0.0,,258.0,15.5,,1009.7,,3.0
2025-06-27,23,20.6,18.9,90.0,0.0,,255.0,16.6,,1009.6,,3.0
2025-06-28,0,20.3,18.8,91.0,0.0,,253.0,16.6,,1009.8,,3.0
2025-06-28,1,20.4,18.7,90.0,0.0,,254.0,17.3,,1010.2,,3.0
2025-06-28,2,21.3,18.5,84.0,0.0,,262.0,23.0,,1010.5,,3.0
2025-06-28,3,22.7,18.3,76.0,0.0,,265.0,25.6,,1010.9,,3.0
2025-06-28,4,23.6,18.5,73.0,0.1,,264.0,23.4,,1010.8,,7.0
2025-06-28,5,25.3,18.2,65.0,0.0,,261.0,24.8,,1010.4,,3.0
2025-06-28,6,27.0,17.5,56.0,0.0,,264.0,24.8,,1010.1,,3.0
2025-06-28,7,27.7,17.3,53.0,0.0,,267.0,24.1,,1009.3,,3.0
2025-06-28,8,28.6,17.5,51.0,0.2,,265.0,23.8,,1008.4,,17.0
2025-06-28,9,27.8,17.6,54.0,0.4,,260.0,25.2,,1007.6,,17.0
2025-06-28,10,27.0,18.8,61.0,0.4,,257.0,18.4,,1006.9,,17.0
2025-06-28,11,25.3,18.7,67.0,1.5,,246.0,23.4,,1007.8,,18.0
2025-06-28,12,25.0,18.4,67.0,0.0,,256.0,19.8,,1007.9,,3.0
2025-06-28,13,22.9,19.3,80.0,0.3,,268.0,20.2,,1009.4,,8.0
2025-06-28,14,22.1,19.3,84.0,0.0,,255.0,17.3,,1010.1,,3.0
2025-06-28,15,21.8,19.0,84.0,0.0,,259.0,17.6,,1010.5,,3.0
2025-06-28,16,21.6,19.5,88.0,0.0,,254.0,16.6,,1011.2,,3.0
2025-06-28,17,21.3,19.2,88.0,0.0,,252.0,17.6,,1011.4,,3.0
2025-06-28,18,21.0,19.3,90.0,0.0,,253.0,17.3,,1011.5,,3.0
2025-06-28,19,20.6,19.3,92.0,0.0,,250.0,17.3,,1011.1,,3.0
2025-06-28,20,20.3,19.3,94.0,0.0,,250.0,18.0,,1010.9,,3.0
2025-06-28,21,20.3,19.1,93.0,0.0,,250.0,19.1,,1010.3,,3.0
2025-06-28,22,20.2,19.0,93.0,0.0,,251.0,18.7,,1010.1,,3.0
2025-06-28,23,20.4,19.1,92.0,0.0,,255.0,18.7,,1009.9,,3.0
2025-06-29,0,20.1,19.1,94.0,0.0,,260.0,18.0,,1009.8,,3.0
2025-06-29,1,20.2,19.0,93.0,0.0,,262.0,18.0,,1009.8,,3.0
2025-06-29,2,20.9,18.8,88.0,0.0,,254.0,20.9,,1010.6,,3.0
2025-06-29,3,22.1,18.5,80.0,0.0,,260.0,23.8,,1010.7,,3.0
2025-06-29,4,23.4,17.8,71.0,0.0,,263.0,26.3,,1010.7,,3.0
2025-06-29,5,24.4,17.9,67.0,0.0,,264.0,27.7,,1010.5,,3.0
2025-06-29,6,26.0,17.4,59.0,0.0,,264.0,29.2,,1009.7,,3.0
2025-06-29,7,28.1,16.1,48.0,0.0,,269.0,31.0,,1007.9,,3.0
2025-06-29,8,28.6,15.9,46.0,0.0,,272.0,31.0,,1007.1,,3.0
2025-06-29,9,29.2,15.3,43.0,0.0,,272.0,27.7,,1006.0,,3.0
2025-06-29,10,28.4,16.3,48.0,0.0,,271.0,27.0,,1005.8,,3.0
2025-06-29,11,27.9,16.5,50.0,0.0,,267.0,24.1,,1005.9,,3.0
2025-06-29,12,26.8,16.7,54.0,0.0,,270.0,21.2,,1006.6,,3.0
2025-06-29,13,25.8,17.2,59.0,0.0,,264.0,19.1,,1007.4,,3.0
2025-06-29,14,24.6,17.6,65.0,0.0,,262.0,19.8,,1007.9,,3.0
2025-06-29,15,23.5,17.9,71.0,0.0,,256.0,20.5,,1009.1,,3.0
2025-06-29,16,22.5,18.1,76.0,0.0,,260.0,18.4,,1010.3,,3.0
2025-06-29,17,21.7,18.3,81.0,0.0,,262.0,17.3,,1011.5,,3.0
2025-06-29,18,21.2,18.6,85.0,0.0,,262.0,16.6,,1011.4,,3.0
2025-06-29,19,20.7,18.6,88.0,0.0,,262.0,15.8,,1010.6,,3.0
2025-06-29,20,20.3,18.8,91.0,0.0,,265.0,15.1,,1009.8,,3.0
2025-06-29,21,19.8,18.6,93.0,0.0,,261.0,15.5,,1009.5,,3.0
2025-06-29,22,19.5,18.5,94.0,0.0,,260.0,15.8,,1008.9,,3.0
2025-06-29,23,19.1,18.4,96.0,0.0,,259.0,16.9,,1009.0,,3.0
2025-06-30,0,19.4,18.6,95.0,0.0,,260.0,16.6,,1009.1,,3.0
2025-06-30,1,19.8,18.6,93.0,0.0,,256.0,18.4,,1009.6,,3.0
2025-06-30,2,20.7,18.6,88.0,0.0,,255.0,23.4,,1010.0,,3.0
2025-06-30,3,22.0,18.4,80.0,0.0,,261.0,22.7,,1010.2,,3.0
2025-06-30,4,23.8,17.8,69.0,0.0,,268.0,24.8,,1010.3,,3.0
2025-06-30,5,26.0,17.4,59.0,0.0,,268.0,27.7,,1009.9,,3.0
2025-06-30,6,26.5,17.3,57.0,0.0,,267.0,28.4,,1009.6,,3.0
2025-06-30,7,27.5,17.1,53.0,0.0,,268.0,25.9,,1008.9,,3.0
2025-06-30,8,28.8,17.3,50.0,0.0,,271.0,26.6,,1007.7,,3.0
2025-06-30,9,29.1,17.0,48.0,0.0,,271.0,26.6,,1006.4,,3.0
2025-06-30,10,28.0,17.2,52.0,0.2,,275.0,23.8,,1005.8,,7.0
2025-06-30,11,27.4,17.3,54.0,0.1,,274.0,23.4,,1005.9,,7.0
2025-06-30,12,25.9,18.1,62.0,0.0,,269.0,21.6,,1006.3,,3.0
2025-06-30,13,25.1,18.5,67.0,0.0,,270.0,19.8,,1007.5,,3.0
2025-06-30,14,23.8,18.4,72.0,0.0,,263.0,18.7,,1008.7,,3.0
2025-06-30,15,23.3,18.8,76.0,0.0,,261.0,19.1,,1009.7,,3.0
2025-06-30,16,22.5,18.7,79.0,0.0,,261.0,18.7,,1010.3,,3.0
2025-06-30,17,21.9,18.7,82.0,0.0,,263.0,18.0,,1011.0,,3.0
2025-06-30,18,21.4,18.8,85.0,0.0,,266.0,16.9,,1011.3,,3.0
2025-06-30,19,21.0,18.6,86.0,0.0,,269.0,16.9,,1011.0,,3.0
2025-06-30,20,20.6,18.4,87.0,0.0,,266.0,16.9,,1010.3,,3.0
2025-06-30,21,20.2,18.3,89.0,0.0,,260.0,16.6,,1009.8,,3.0
2025-06-30,22,20.0,18.5,91.0,0.0,,258.0,17.3,,1009.2,,3.0
2025-06-30,23,20.1,18.4,90.0,0.0,,263.0,16.6,,1009.1,,3.0
2025-07-01,0,20.1,18.4,90.0,0.0,,258.0,17.6,,1009.1,,3.0
2025-07-01,1,20.0,18.5,91.0,0.0,,257.0,18.7,,1009.8,,3.0
2025-07-01,2,21.0,18.2,84.0,0.0,,261.0,21.2,,1010.4,,3.0
2025-07-01,3,22.3,17.9,76.0,0.0,,268.0,26.6,,1010.5,,3.0
2025-07-01,4,23.6,17.6,69.0,0.0,,270.0,25.9,,1010.8,,3.0
2025-07-01,5,24.5,17.5,65.0,0.0,,268.0,27.0,,1010.7,,3.0
2025-07-01,6,25.6,17.3,60.0,0.0,,268.0,25.2,,1010.2,,3.0
2025-07-01,7,26.0,16.8,57.0,0.0,,269.0,27.0,,1009.2,,3.0
2025-07-01,8,26.7,16.6,54.0,0.0,,269.0,24.8,,1008.2,,3.0
2025-07-01,9,28.2,17.1,51.0,0.0,,274.0,23.8,,1006.7,,3.0
2025-07-01,10,28.2,16.8,50.0,0.0,,276.0,24.1,,1006.1,,3.0
2025-07-01,11,27.1,17.0,54.0,0.0,,272.0,23.0,,1005.9,,3.0
2025-07-01,12,26.3,17.7,59.0,0.0,,268.0,23.0,,1006.2,,3.0
2025-07-01,13,25.0,18.4,67.0,0.0,,260.0,19.8,,1007.0,,3.0
2025-07-01,14,23.8,18.4,72.0,0.0,,256.0,18.0,,1008.9,,3.0
2025-07-01,15,23.2,18.3,74.0,0.0,,261.0,18.7,,1009.8,,3.0
2025-07-01,16,22.4,18.6,79.0,0.0,,262.0,18.0,,1010.3,,3.0
2025-07-01,17,21.9,18.7,82.0,0.0,,260.0,16.9,,1011.1,,3.0
2025-07-01,18,21.5,18.9,85.0,0.0,,255.0,15.8,,1011.2,,3.0
2025-07-01,19,21.0,19.1,89.0,0.0,,255.0,16.9,,1010.1,,3.0
2025-07-01,20,20.6,19.1,91.0,0.0,,256.0,17.3,,1009.3,,3.0
2025-07-01,21,20.5,19.0,91.0,0.0,,259.0,17.6,,1009.0,,3.0
2025-07-01,22,20.2,19.0,93.0,0.0,,261.0,17.6,,1008.6,,3.0
2025-07-01,23,20.1,18.9,93.0,0.0,,258.0,16.2,,1008.6,,3.0
2025-07-02,0,20.0,18.8,93.0,0.0,,258.0,16.6,,1009.0,,3.0
2025-07-02,1,20.2,18.7,91.0,0.0,,256.0,16.9,,1009.6,,3.0
2025-07-02,2,21.2,18.6,85.0,0.0,,261.0,21.2,,1010.2,,3.0
2025-07-02,3,22.7,18.3,76.0,0.0,,268.0,26.3,,1010.2,,3.0
2025-07-02,4,24.0,18.2,70.0,0.0,,272.0,25.9,,1010.0,,3.0
2025-07-02,5,25.0,18.2,66.0,0.0,,266.0,25.9,,1009.8,,3.0
2025-07-02,6,26.2,18.1,61.0,0.0,,264.0,23.8,,1009.5,,3.0
2025-07-02,7,28.1,17.9,54.0,0.0,,269.0,23.4,,1008.6,,3.0
2025-07-02,8,28.5,18.3,54.0,0.0,,277.0,22.3,,1007.6,,3.0
2025-07-02,9,26.6,18.5,61.0,0.4,,266.0,23.4,,1007.1,,8.0
2025-07-02,10,25.0,18.7,68.0,0.2,,263.0,23.4,,1006.9,,7.0
2025-07-02,11,24.0,19.1,74.0,1.0,,262.0,24.1,,1007.3,,9.0
2025-07-02,12,23.5,19.4,78.0,0.0,,262.0,14.4,,1007.5,,3.0
2025-07-02,13,23.1,19.5,80.0,0.1,,263.0,18.0,,1008.0,,7.0
2025-07-02,14,22.8,19.0,79.0,0.0,,268.0,19.8,,1008.9,,3.0
2025-07-02,15,21.7,19.3,86.0,0.0,,256.0,17.6,,1009.8,,3.0
2025-07-02,16,21.5,19.2,87.0,0.0,,258.0,18.0,,1010.3,,3.0
2025-07-02,17,21.3,19.2,88.0,0.0,,258.0,18.0,,1010.9,,3.0
2025-07-02,18,21.0,19.1,89.0,0.0,,257.0,17.6,,1010.7,,3.0
2025-07-02,19,20.7,18.8,89.0,0.0,,258.0,18.7,,1010.2,,3.0
2025-07-02,20,20.6,18.7,89.0,0.0,,258.0,19.1,,1009.7,,3.0
2025-07-02,21,20.4,18.7,90.0,0.0,,257.0,18.7,,1009.4,,3.0
2025-07-02,22,20.3,18.8,91.0,0.0,,257.0,19.8,,1009.0,,3.0
2025-07-02,23,20.3,18.8,91.0,0.0,,260.0,19.8,,1009.0,,3.0
2025-07-03,0,20.3,18.8,91.0,0.0,,261.0,20.2,,1009.3,,3.0
2025-07-03,1,19.8,19.3,97.0,0.0,,262.0,19.1,,1010.2,,3.0
2025-07-03,2,19.9,19.1,95.0,1.0,,261.0,20.2,,1010.7,,9.0
2025-07-03,3,20.6,19.3,92.0,0.3,,260.0,21.2,,1010.9,,8.0
2025-07-03,4,21.9,18.9,83.0,0.1,,258.0,25.2,,1011.1,,7.0
2025-07-03,5,24.3,18.7,71.0,0.0,,265.0,28.1,,1010.6,,3.0
2025-07-03,6,26.0,17.9,61.0,0.0,,264.0,30.2,,1009.8,,3.0
2025-07-03,7,26.3,17.9,60.0,0.0,,261.0,29.2,,1009.5,,3.0
2025-07-03,8,26.6,17.9,59.0,0.1,,267.0,27.7,,1008.4,,7.0
2025-07-03,9,27.2,17.9,57.0,0.0,,269.0,27.4,,1007.5,,3.0
2025-07-03,10,26.5,17.8,59.0,0.0,,266.0,26.3,,1007.3,,3.0
2025-07-03,11,22.8,20.3,86.0,0.1,,243.0,18.0,,1007.7,,7.0
2025-07-03,12,23.3,20.6,85.0,0.1,,242.0,21.6,,1007.8,,7.0
2025-07-03,13,23.3,18.8,76.0,0.0,,257.0,19.1,,1008.5,,3.0
2025-07-03,14,22.5,18.5,78.0,0.0,,257.0,20.2,,1009.9,,3.0
2025-07-03,15,22.0,18.4,80.0,0.0,,259.0,19.8,,1010.8,,3.0
2025-07-03,16,21.6,18.4,82.0,0.0,,257.0,18.4,,1012.3,,3.0
2025-07-03,17,21.2,18.6,85.0,0.0,,251.0,19.4,,1012.6,,3.0
2025-07-03,18,20.8,18.2,85.0,0.0,,256.0,19.4,,1012.4,,3.0
2025-07-03,19,20.4,18.2,87.0,0.0,,255.0,18.0,,1011.6,,3.0
2025-07-03,20,20.2,18.0,87.0,0.0,,256.0,18.0,,1011.1,,3.0
2025-07-03,21,20.2,18.5,90.0,0.0,,254.0,19.8,,1010.3,,3.0
2025-07-03,22,20.1,18.4,90.0,0.0,,255.0,19.4,,1010.3,,3.0
2025-07-03,23,20.0,18.3,90.0,0.0,,257.0,20.9,,1010.3,,3.0
2025-07-04,0,20.0,18.5,91.0,0.0,,255.0,21.2,,1010.5,,3.0
2025-07-04,1,20.1,18.4,90.0,0.0,,254.0,20.5,,1011.0,,3.0
2025-07-04,2,21.3,18.9,86.0,0.0,,255.0,19.4,,1011.7,,3.0
2025-07-04,3,22.7,18.3,76.0,0.0,,261.0,25.9,,1011.8,,3.0
2025-07-04,4,24.1,17.6,67.0,0.0,,269.0,29.9,,1012.0,,3.0
2025-07-04,5,25.0,18.0,65.0,0.0,,266.0,29.5,,1011.9,,3.0
2025-07-04,6,25.8,17.7,61.0,0.0,,268.0,28.1,,1011.6,,3.0
2025-07-04,7,27.9,18.6,57.0,0.0,,267.0,26.3,,1009.9,,3.0
2025-07-04,8,28.0,18.1,55.0,0.2,,271.0,25.9,,1009.1,,7.0
2025-07-04,9,27.9,18.6,57.0,0.4,,273.0,25.2,,1008.1,,8.0
2025-07-04,10,27.5,18.2,57.0,0.1,,274.0,24.8,,1007.5,,7.0
2025-07-04,11,26.7,18.3,60.0,0.0,,269.0,25.2,,1007.8,,3.0
2025-07-04,12,26.1,18.8,64.0,0.0,,267.0,25.2,,1007.9,,3.0
2025-07-04,13,24.9,18.6,68.0,0.0,,271.0,21.6,,1009.0,,3.0
2025-07-04,14,23.8,18.7,73.0,0.0,,266.0,19.1,,1010.1,,3.0
2025-07-04,15,22.8,19.0,79.0,0.0,,264.0,19.4,,1011.2,,3.0
2025-07-04,16,22.1,18.7,81.0,0.0,,260.0,18.7,,1012.1,,3.0
2025-07-04,17,21.0,18.6,86.0,0.0,,260.0,18.0,,1012.7,,3.0
2025-07-04,18,20.8,18.7,88.0,0.0,,261.0,18.0,,1012.6,,3.0
2025-07-04,19,20.8,18.9,89.0,0.0,,258.0,17.6,,1012.0,,3.0
2025-07-04,20,20.6,18.7,89.0,0.0,,259.0,19.8,,1011.3,,3.0
2025-07-04,21,20.5,18.8,90.0,0.0,,261.0,21.2,,1010.7,,3.0
2025-07-04,22,20.6,18.7,89.0,0.0,,261.0,19.4,,1010.5,,3.0
2025-07-04,23,20.5,18.6,89.0,0.0,,259.0,19.8,,1010.4,,3.0
2025-07-05,0,20.4,18.7,90.0,0.0,,259.0,19.4,,1010.6,,3.0
2025-07-05,1,20.4,18.9,91.0,0.0,,257.0,19.8,,1011.0,,3.0
2025-07-05,2,21.1,18.9,87.0,0.0,,256.0,22.0,,1011.3,,3.0
2025-07-05,3,22.9,18.7,77.0,0.0,,258.0,30.6,,1011.4,,3.0
2025-07-05,4,24.3,18.5,70.0,0.0,,261.0,29.9,,1011.5,,3.0
2025-07-05,5,25.5,18.2,64.0,0.0,,263.0,31.7,,1011.4,,3.0
2025-07-05,6,25.6,18.3,64.0,0.0,,266.0,32.4,,1011.2,,3.0
2025-07-05,7,26.7,18.0,59.0,0.1,,263.0,30.6,,1010.1,,7.0
2025-07-05,8,27.7,17.8,55.0,0.2,,268.0,30.6,,1008.8,,7.0
2025-07-05,9,28.3,17.5,52.0,0.1,,265.0,31.7,,1007.2,,7.0
2025-07-05,10,26.7,18.3,60.0,0.5,,264.0,30.2,,1007.2,,8.0
2025-07-05,11,26.6,17.7,58.0,0.0,,261.0,31.3,,1007.1,,3.0
2025-07-05,12,24.7,18.9,70.0,0.1,,256.0,25.9,,1007.8,,7.0
2025-07-05,13,24.0,18.9,73.0,0.0,,258.0,24.1,,1008.6,,3.0
2025-07-05,14,23.2,18.7,76.0,0.0,,260.0,21.2,,1009.7,,3.0
2025-07-05,15,22.6,19.0,80.0,0.0,,262.0,21.2,,1010.9,,3.0
2025-07-05,16,22.1,18.9,82.0,0.0,,262.0,22.0,,1011.7,,3.0
2025-07-05,17,21.6,19.0,85.0,0.0,,260.0,20.5,,1012.0,,3.0
2025-07-05,18,21.2,18.9,87.0,0.0,,258.0,19.1,,1012.0,,3.0
2025-07-05,19,20.9,18.8,88.0,0.0,,254.0,18.7,,1011.3,,3.0
2025-07-05,20,20.6,18.9,90.0,0.0,,254.0,18.7,,1010.7,,3.0
2025-07-05,21,20.5,19.0,91.0,0.0,,252.0,19.8,,1009.7,,3.0
2025-07-05,22,20.6,19.1,91.0,0.0,,252.0,21.2,,1009.4,,3.0
2025-07-05,23,20.7,19.0,90.0,0.0,,255.0,21.2,,1009.3,,3.0
2025-07-06,0,20.3,18.8,91.0,0.0,,252.0,19.4,,1009.5,,3.0
2025-07-06,1,20.3,18.8,91.0,0.0,,251.0,20.5,,1009.9,,3.0
2025-07-06,2,21.1,19.0,88.0,0.0,,250.0,25.2,,1010.3,,3.0
2025-07-06,3,22.1,18.7,81.0,0.0,,254.0,28.1,,1010.4,,3.0
2025-07-06,4,24.2,18.8,72.0,0.0,,259.0,29.9,,1010.4,,3.0
2025-07-06,5,24.0,18.4,71.0,0.2,,262.0,29.9,,1010.6,,7.0
2025-07-06,6,26.0,18.2,62.0,0.0,,266.0,32.8,,1009.8,,3.0
2025-07-06,7,27.7,17.8,55.0,0.0,,267.0,33.1,,1008.4,,3.0
2025-07-06,8,27.6,17.7,55.0,0.3,,264.0,33.1,,1007.6,,8.0
2025-07-06,9,27.5,18.5,58.0,0.6,,272.0,31.3,,1006.8,,8.0
2025-07-06,10,25.4,19.3,69.0,0.5,,276.0,26.3,,1007.0,,8.0
2025-07-06,11,25.5,18.4,65.0,0.2,,274.0,28.4,,1007.2,,17.0
2025-07-06,12,24.9,19.1,70.0,0.0,,263.0,22.3,,1007.3,,3.0
2025-07-06,13,24.5,18.7,70.0,0.0,,263.0,23.0,,1008.1,,3.0
2025-07-06,14,23.3,18.8,76.0,0.0,,260.0,23.4,,1009.2,,3.0
2025-07-06,15,22.3,18.9,81.0,0.0,,262.0,22.7,,1010.7,,3.0
2025-07-06,16,21.9,18.9,83.0,0.0,,263.0,22.3,,1011.1,,3.0
2025-07-06,17,21.4,18.8,85.0,0.0,,264.0,22.3,,1011.0,,3.0
2025-07-06,18,21.2,18.9,87.0,0.0,,259.0,21.6,,1010.8,,3.0
2025-07-06,19,20.9,18.7,87.0,0.0,,260.0,21.6,,1010.5,,3.0
2025-07-06,20,20.7,18.8,89.0,0.0,,259.0,22.3,,1009.4,,3.0
2025-07-06,21,20.5,18.8,90.0,0.0,,259.0,22.3,,1008.9,,3.0
2025-07-06,22,20.6,18.7,89.0,0.0,,259.0,22.0,,1008.8,,3.0
2025-07-06,23,20.5,18.6,89.0,0.0,,260.0,23.0,,1008.9,,3.0
2025-07-07,0,20.3,18.6,90.0,0.0,,259.0,23.4,,1009.0,,3.0
2025-07-07,1,20.5,18.4,88.0,0.0,,259.0,23.8,,1009.3,,3.0
2025-07-07,2,21.3,18.7,85.0,0.0,,260.0,28.4,,1010.0,,3.0
2025-07-07,3,22.8,18.3,76.0,0.1,,264.0,32.8,,1010.1,,7.0
2025-07-07,4,24.0,18.0,69.0,0.0,,263.0,33.1,,1010.0,,3.0
2025-07-07,5,25.4,17.6,62.0,0.0,,266.0,34.2,,1009.8,,3.0
2025-07-07,6,26.9,17.7,57.0,0.0,,268.0,32.8,,1009.4,,3.0
2025-07-07,7,27.3,17.5,55.0,0.0,,269.0,30.6,,1008.8,,3.0
2025-07-07,8,27.6,17.2,53.0,0.0,,268.0,31.3,,1008.1,,3.0
2025-07-07,9,27.8,17.0,52.0,0.1,,270.0,31.7,,1007.2,,7.0
2025-07-07,10,27.4,17.3,54.0,0.1,,269.0,29.2,,1006.6,,7.0
2025-07-07,11,27.2,17.7,56.0,0.0,,274.0,29.2,,1006.8,,3.0
2025-07-07,12,26.4,17.7,59.0,0.0,,271.0,25.2,,1007.2,,3.0
2025-07-07,13,25.1,18.1,65.0,0.0,,262.0,21.2,,1008.0,,3.0
2025-07-07,14,23.8,18.4,72.0,0.0,,260.0,20.9,,1009.0,,3.0
2025-07-07,15,23.0,18.8,77.0,0.0,,259.0,19.1,,1010.2,,3.0
2025-07-07,16,22.1,18.9,82.0,0.0,,258.0,17.6,,1011.1,,3.0
2025-07-07,17,21.6,18.8,84.0,0.0,,260.0,17.3,,1011.9,,3.0
2025-07-07,18,21.2,18.8,86.0,0.0,,257.0,18.0,,1011.8,,3.0
2025-07-07,19,20.8,18.9,89.0,0.0,,258.0,17.6,,1011.3,,3.0
2025-07-07,20,20.5,19.0,91.0,0.0,,258.0,18.0,,1010.4,,3.0
2025-07-07,21,20.4,19.1,92.0,0.0,,257.0,17.6,,1009.7,,3.0
2025-07-07,22,20.0,18.8,93.0,0.0,,257.0,18.4,,1009.6,,3.0
2025-07-07,23,19.9,18.7,93.0,0.0,,259.0,19.1,,1009.5,,3.0
2025-07-08,0,20.2,18.9,92.0,0.0,,260.0,19.4,,1009.8,,3.0
2025-07-08,1,20.5,18.8,90.0,0.0,,262.0,20.9,,1010.1,,3.0
2025-07-08,2,21.5,18.9,85.0,0.0,,261.0,27.7,,1010.7,,3.0
2025-07-08,3,23.2,18.3,74.0,0.0,,266.0,28.1,,1010.6,,3.0
2025-07-08,4,24.8,18.0,66.0,0.0,,268.0,29.9,,1010.6,,3.0
2025-07-08,5,26.0,17.4,59.0,0.0,,264.0,31.3,,1010.4,,3.0
2025-07-08,6,27.4,17.0,53.0,0.0,,268.0,30.2,,1009.9,,3.0
2025-07-08,7,29.3,17.8,50.0,0.0,,270.0,26.6,,1008.7,,3.0
2025-07-08,8,30.0,17.5,47.0,0.0,,274.0,28.1,,1007.8,,3.0
2025-07-08,9,29.8,17.6,48.0,0.0,,278.0,28.4,,1006.8,,3.0
2025-07-08,10,29.6,17.1,47.0,0.0,,275.0,27.7,,1006.3,,3.0
2025-07-08,11,28.3,16.9,50.0,0.0,,271.0,28.4,,1006.3,,3.0
2025-07-08,12,26.5,17.8,59.0,0.1,,268.0,25.6,,1007.2,,7.0
2025-07-08,13,24.7,18.4,68.0,0.3,,266.0,22.3,,1008.5,,8.0
2025-07-08,14,24.3,18.7,71.0,0.0,,267.0,19.1,,1009.5,,3.0
2025-07-08,15,23.6,18.3,72.0,0.0,,263.0,18.4,,1010.8,,3.0
2025-07-08,16,22.8,18.6,77.0,0.0,,262.0,17.3,,1011.7,,1.0
2025-07-08,17,22.1,18.7,81.0,0.0,,261.0,16.6,,1012.4,,2.0
2025-07-08,18,21.6,18.6,83.0,0.0,,259.0,16.9,,1012.4,,3.0
2025-07-08,19,21.2,18.8,86.0,0.0,,251.0,16.9,,1012.0,,3.0
2025-07-08,20,20.8,18.6,87.0,0.0,,250.0,18.0,,1011.1,,3.0
2025-07-08,21,20.4,18.3,88.0,0.0,,252.0,17.6,,1010.7,,3.0
2025-07-08,22,20.2,18.7,91.0,0.0,,254.0,16.6,,1010.4,,3.0
2025-07-08,23,19.8,18.5,92.0,0.0,,252.0,16.6,,1010.4,,3.0
2025-07-09,0,19.7,18.4,92.0,0.0,,253.0,16.9,,1010.7,,3.0
2025-07-09,1,19.9,18.4,91.0,0.0,,257.0,17.6,,1011.3,,3.0
2025-07-09,2,21.0,18.6,86.0,0.0,,258.0,23.0,,1011.6,,3.0
2025-07-09,3,23.0,18.1,74.0,0.0,,261.0,24.5,,1011.7,,3.0
2025-07-09,4,24.9,18.4,67.0,0.0,,265.0,25.6,,1011.5,,3.0
2025-07-09,5,26.0,17.6,60.0,0.0,,266.0,25.2,,1011.2,,3.0
2025-07-09,6,27.6,17.7,55.0,0.0,,265.0,24.8,,1010.5,,3.0
2025-07-09,7,28.8,18.0,52.0,0.1,,267.0,25.2,,1009.2,,7.0
2025-07-09,8,29.0,17.5,50.0,0.0,,277.0,24.5,,1008.3,,3.0
2025-07-09,9,29.0,17.5,50.0,0.0,,277.0,24.5,,1007.4,,3.0
2025-07-09,10,27.8,17.6,54.0,0.6,,276.0,25.2,,1007.1,,8.0
2025-07-09,11,26.8,18.4,60.0,0.1,,276.0,24.1,,1007.2,,7.0
2025-07-09,12,25.6,18.5,65.0,0.0,,274.0,22.0,,1007.5,,3.0
2025-07-09,13,25.2,18.6,67.0,0.0,,276.0,19.1,,1008.4,,3.0
2025-07-09,14,24.2,18.6,71.0,0.0,,268.0,17.3,,1009.3,,2.0
2025-07-09,15,23.3,18.4,74.0,0.0,,265.0,17.6,,1010.1,,2.0
2025-07-09,16,22.4,18.6,79.0,0.0,,263.0,17.6,,1011.1,,2.0
2025-07-09,17,21.9,18.7,82.0,0.0,,264.0,17.3,,1011.5,,2.0
2025-07-09,18,21.5,18.7,84.0,0.0,,261.0,17.3,,1011.4,,3.0
2025-07-09,19,21.2,18.6,85.0,0.0,,262.0,16.6,,1010.9,,3.0
2025-07-09,20,20.9,18.7,87.0,0.0,,262.0,17.3,,1010.2,,3.0
2025-07-09,21,20.6,18.7,89.0,0.0,,261.0,17.3,,1010.1,,3.0
2025-07-09,22,20.3,18.6,90.0,0.0,,263.0,17.6,,1009.9,,3.0
2025-07-09,23,20.1,18.6,91.0,0.0,,266.0,16.9,,1009.9,,3.0
2025-07-10,0,20.1,18.8,92.0,0.0,,268.0,17.3,,1010.2,,3.0
2025-07-10,1,20.2,18.7,91.0,0.0,,268.0,17.6,,1010.7,,3.0
2025-07-10,2,21.3,18.5,84.0,0.0,,274.0,22.7,,1010.8,,3.0
2025-07-10,3,22.8,18.1,75.0,0.0,,278.0,24.8,,1010.8,,3.0
2025-07-10,4,24.7,17.9,66.0,0.0,,282.0,24.8,,1010.8,,3.0
2025-07-10,5,25.3,18.0,64.0,0.0,,280.0,23.8,,1010.5,,3.0
2025-07-10,6,27.3,17.2,54.0,0.0,,282.0,24.1,,1009.9,,3.0
2025-07-10,7,28.1,17.6,53.0,0.0,,282.0,21.6,,1009.0,,3.0
2025-07-10,8,29.0,17.5,50.0,0.1,,284.0,20.9,,1007.9,,7.0
2025-07-10,9,29.5,18.3,51.0,0.0,,286.0,20.2,,1006.3,,3.0
2025-07-10,10,26.9,18.7,61.0,1.2,,279.0,21.2,,1006.5,,9.0
2025-07-10,11,26.7,18.8,62.0,0.6,,278.0,17.6,,1006.0,,8.0
2025-07-10,12,25.9,19.1,66.0,1.5,,276.0,19.1,,1006.4,,9.0
2025-07-10,13,23.6,19.7,79.0,0.8,,274.0,14.8,,1007.2,,8.0
2025-07-10,14,22.4,20.5,89.0,0.0,,262.0,13.3,,1008.5,,3.0
2025-07-10,15,22.5,20.0,86.0,0.0,,262.0,14.4,,1009.3,,3.0
2025-07-10,16,22.3,19.7,85.0,0.0,,264.0,14.0,,1009.7,,3.0
2025-07-10,17,21.9,19.5,86.0,0.0,,263.0,14.0,,1010.4,,3.0
2025-07-10,18,21.3,19.4,89.0,0.0,,264.0,13.7,,1010.6,,3.0
2025-07-10,19,20.9,20.1,95.0,0.0,,260.0,12.2,,1010.2,,3.0
2025-07-10,20,20.6,19.9,96.0,0.0,,262.0,13.3,,1009.5,,2.0
2025-07-10,21,20.3,19.6,96.0,0.0,,256.0,14.4,,1008.9,,3.0
2025-07-10,22,20.1,19.6,97.0,0.0,,258.0,15.1,,1008.4,,3.0
2025-07-10,23,19.9,19.4,97.0,0.0,,261.0,15.8,,1008.6,,3.0
2025-07-11,0,20.0,19.3,96.0,0.0,,261.0,15.5,,1008.9,,3.0
2025-07-11,1,20.1,19.3,95.0,0.0,,261.0,16.9,,1009.7,,3.0
2025-07-11,2,20.8,19.1,90.0,0.0,,267.0,19.4,,1010.0,,3.0
2025-07-11,3,22.4,18.8,80.0,0.0,,273.0,20.9,,1010.1,,3.0
2025-07-11,4,23.8,18.7,73.0,0.0,,274.0,21.6,,1010.2,,3.0
2025-07-11,5,25.5,18.7,66.0,0.1,,276.0,20.2,,1009.8,,7.0
2025-07-11,6,26.3,18.4,62.0,0.0,,277.0,18.7,,1009.4,,3.0
2025-07-11,7,28.0,18.1,55.0,0.2,,275.0,18.7,,1008.4,,17.0
2025-07-11,8,28.6,18.1,53.0,0.3,,275.0,19.4,,1007.3,,17.0
2025-07-11,9,28.3,18.4,55.0,0.3,,279.0,19.4,,1006.5,,17.0
2025-07-11,10,25.3,19.7,71.0,0.5,,290.0,20.2,,1006.5,,17.0
2025-07-11,11,24.9,19.9,74.0,1.2,,249.0,20.5,,1006.6,,9.0
2025-07-11,12,23.6,19.9,80.0,0.9,,254.0,16.6,,1007.2,,8.0
2025-07-11,13,21.9,19.6,87.0,0.7,,267.0,18.7,,1008.5,,8.0
2025-07-11,14,21.6,19.9,90.0,0.0,,277.0,14.8,,1008.8,,3.0
2025-07-11,15,21.6,19.7,89.0,0.0,,272.0,16.6,,1009.8,,3.0
2025-07-11,16,21.5,19.6,89.0,0.0,,264.0,17.3,,1010.1,,2.0
2025-07-11,17,21.4,19.5,89.0,0.0,,264.0,18.0,,1010.8,,2.0
2025-07-11,18,20.9,19.4,91.0,0.0,,264.0,16.9,,1011.4,,3.0
2025-07-11,19,20.6,19.3,92.0,0.0,,265.0,18.0,,1011.3,,3.0
2025-07-11,20,20.5,19.5,94.0,0.0,,265.0,16.2,,1010.0,,3.0
2025-07-11,21,20.2,19.4,95.0,0.0,,268.0,15.8,,1009.8,,3.0
2025-07-11,22,20.1,19.3,95.0,0.0,,264.0,15.8,,1009.3,,3.0
2025-07-11,23,20.2,19.2,94.0,0.0,,263.0,16.9,,1009.5,,3.0
2025-07-12,0,20.1,19.3,95.0,0.0,,270.0,15.1,,1009.8,,3.0
2025-07-12,1,20.1,19.3,95.0,0.0,,264.0,15.5,,1010.3,,3.0
2025-07-12,2,21.0,19.1,89.0,0.0,,273.0,21.2,,1011.0,,3.0
2025-07-12,3,22.7,18.9,79.0,0.0,,283.0,22.3,,1011.0,,3.0
2025-07-12,4,23.9,19.0,74.0,0.0,,283.0,23.4,,1011.0,,3.0
2025-07-12,5,24.6,19.0,71.0,0.1,,284.0,22.7,,1011.1,,7.0
2025-07-12,6,26.3,18.9,64.0,0.2,,286.0,23.8,,1010.4,,17.0
2025-07-12,7,27.1,18.9,61.0,0.3,,288.0,23.4,,1009.4,,17.0
2025-07-12,8,27.9,19.1,59.0,0.0,,287.0,21.6,,1008.5,,3.0
2025-07-12,9,28.5,19.4,58.0,0.0,,288.0,20.2,,1007.3,,3.0
2025-07-12,10,27.7,19.0,59.0,0.7,,293.0,18.7,,1006.2,,17.0
2025-07-12,11,26.3,18.7,63.0,0.8,,278.0,23.0,,1006.7,,8.0
2025-07-12,12,25.9,18.3,63.0,0.0,,283.0,21.6,,1006.9,,3.0
2025-07-12,13,24.8,18.7,69.0,0.0,,281.0,16.9,,1007.9,,3.0
2025-07-12,14,24.1,18.5,71.0,0.0,,280.0,16.2,,1008.5,,3.0
2025-07-12,15,23.4,18.7,75.0,0.0,,278.0,14.4,,1009.6,,3.0
2025-07-12,16,22.2,18.6,80.0,0.0,,260.0,12.6,,1011.3,,3.0
2025-07-12,17,21.7,18.7,83.0,0.0,,259.0,13.0,,1011.8,,3.0
2025-07-12,18,21.2,18.8,86.0,0.0,,261.0,13.7,,1012.1,,3.0
2025-07-12,19,20.8,18.9,89.0,0.0,,259.0,14.4,,1011.5,,3.0
2025-07-12,20,20.3,19.0,92.0,0.0,,256.0,14.8,,1010.9,,3.0
2025-07-12,21,20.7,19.4,92.0,0.0,,270.0,15.1,,1009.4,,3.0
2025-07-12,22,20.2,19.2,94.0,0.0,,273.0,15.1,,1009.2,,3.0
2025-07-12,23,20.0,19.2,95.0,0.0,,264.0,16.6,,1009.5,,3.0
2025-07-13,0,19.7,19.2,97.0,0.0,,256.0,18.4,,1010.3,,3.0
2025-07-13,1,20.1,19.3,95.0,0.0,,261.0,18.0,,1010.9,,3.0
2025-07-13,2,20.9,19.2,90.0,0.0,,267.0,22.0,,1011.3,,3.0
2025-07-13,3,22.8,19.0,79.0,0.0,,275.0,23.8,,1011.5,,3.0
2025-07-13,4,23.7,18.8,74.0,0.0,,274.0,24.1,,1011.3,,3.0
2025-07-13,5,25.3,19.0,68.0,0.0,,275.0,23.8,,1010.8,,3.0
2025-07-13,6,26.6,19.2,64.0,0.0,,277.0,22.7,,1010.3,,3.0
2025-07-13,7,28.3,19.2,58.0,0.0,,276.0,21.6,,1009.2,,3.0
2025-07-13,8,27.1,18.9,61.0,0.4,,280.0,20.9,,1007.8,,8.0
2025-07-13,9,25.4,19.3,69.0,0.6,,283.0,19.8,,1008.0,,8.0
2025-07-13,10,24.5,19.8,75.0,1.7,,293.0,20.9,,1007.6,,9.0
2025-07-13,11,24.8,19.9,74.0,0.6,,275.0,17.6,,1007.3,,8.0
2025-07-13,12,23.6,20.1,81.0,1.0,,257.0,16.9,,1008.0,,9.0
2025-07-13,13,23.1,19.5,80.0,0.0,,266.0,15.8,,1008.6,,3.0
2025-07-13,14,22.6,19.4,82.0,0.0,,272.0,15.5,,1009.5,,3.0
2025-07-13,15,22.3,19.5,84.0,0.0,,265.0,15.5,,1010.3,,3.0
2025-07-13,16,22.0,19.5,86.0,0.0,,258.0,15.5,,1010.7,,3.0
2025-07-13,17,21.1,19.4,90.0,0.0,,262.0,16.6,,1011.8,,3.0
2025-07-13,18,20.8,19.3,91.0,0.0,,261.0,17.6,,1011.9,,3.0
2025-07-13,19,20.4,19.2,93.0,0.0,,264.0,16.9,,1011.4,,3.0
2025-07-13,20,20.0,19.2,95.0,0.0,,262.0,17.3,,1010.6,,3.0
2025-07-13,21,19.9,19.1,95.0,0.0,,259.0,18.0,,1010.0,,3.0
2025-07-13,22,19.9,19.1,95.0,0.0,,254.0,16.2,,1009.6,,3.0
2025-07-13,23,19.7,18.9,95.0,0.0,,253.0,15.8,,1009.7,,3.0
2025-07-14,0,19.8,19.0,95.0,0.0,,253.0,15.8,,1009.6,,3.0
2025-07-14,1,20.2,19.0,93.0,0.0,,254.0,16.6,,1010.3,,3.0
2025-07-14,2,20.9,19.2,90.0,0.0,,253.0,23.4,,1010.9,,3.0
2025-07-14,3,22.6,19.0,80.0,0.1,,256.0,24.1,,1011.2,,7.0
2025-07-14,4,24.1,18.7,72.0,0.0,,262.0,25.6,,1011.0,,3.0
2025-07-14,5,25.1,18.8,68.0,0.0,,264.0,24.5,,1010.7,,3.0
2025-07-14,6,27.0,18.6,60.0,0.1,,266.0,26.6,,1009.7,,7.0
2025-07-14,7,27.7,18.4,57.0,0.0,,268.0,25.9,,1009.0,,3.0
2025-07-14,8,24.9,19.7,73.0,0.3,,274.0,28.1,,1008.8,,17.0
2025-07-14,9,26.9,19.5,64.0,0.1,,265.0,27.0,,1007.3,,7.0
2025-07-14,10,25.4,19.5,70.0,1.0,,267.0,23.0,,1006.9,,9.0
2025-07-14,11,24.0,19.3,75.0,1.5,,269.0,27.0,,1007.6,,9.0
2025-07-14,12,23.9,19.6,77.0,0.0,,264.0,20.2,,1007.4,,3.0
2025-07-14,13,24.0,18.2,70.0,0.0,,262.0,22.3,,1008.0,,3.0
2025-07-14,14,23.0,18.3,75.0,0.0,,262.0,20.5,,1009.4,,3.0
2025-07-14,15,22.3,18.3,78.0,0.0,,262.0,20.5,,1010.6,,3.0
2025-07-14,16,21.8,18.4,81.0,0.0,,263.0,21.2,,1011.2,,3.0
2025-07-14,17,21.4,18.6,84.0,0.0,,263.0,21.6,,1011.6,,3.0
2025-07-14,18,21.1,18.7,86.0,0.0,,262.0,20.2,,1011.6,,3.0
2025-07-14,19,20.9,18.8,88.0,0.0,,260.0,20.5,,1010.9,,3.0
2025-07-14,20,20.8,18.7,88.0,0.0,,261.0,20.2,,1010.1,,3.0
2025-07-14,21,20.8,18.7,88.0,0.0,,264.0,20.2,,1009.5,,3.0
2025-07-14,22,20.5,18.6,89.0,0.0,,266.0,20.5,,1009.2,,3.0
2025-07-14,23,20.4,18.7,90.0,0.0,,264.0,20.5,,1009.2,,3.0
2025-07-15,0,20.2,18.9,92.0,0.0,,258.0,20.2,,1009.5,,3.0
2025-07-15,1,20.3,18.8,91.0,0.0,,261.0,20.9,,1009.6,,3.0
2025-07-15,2,21.2,18.8,86.0,0.0,,263.0,26.6,,1010.0,,3.0
2025-07-15,3,22.8,18.3,76.0,0.0,,266.0,29.2,,1010.2,,3.0
2025-07-15,4,24.0,18.4,71.0,0.0,,270.0,29.5,,1010.3,,3.0
2025-07-15,5,25.4,18.3,65.0,0.0,,270.0,29.2,,1010.0,,3.0
2025-07-15,6,26.0,18.4,63.0,0.0,,275.0,28.4,,1009.4,,3.0
2025-07-15,7,27.2,18.2,58.0,0.2,,278.0,27.0,,1008.2,,7.0
2025-07-15,8,27.7,18.7,58.0,0.1,,276.0,25.9,,1007.3,,7.0
2025-07-15,9,26.6,18.7,62.0,0.4,,274.0,25.2,,1006.7,,8.0
2025-07-15,10,26.7,18.8,62.0,0.0,,277.0,26.6,,1005.6,,3.0
2025-07-15,11,26.0,18.7,64.0,0.0,,269.0,25.6,,1005.5,,3.0
2025-07-15,12,25.1,18.5,67.0,0.0,,276.0,24.1,,1006.2,,3.0
2025-07-15,13,24.4,18.6,70.0,0.0,,269.0,19.4,,1006.8,,3.0
2025-07-15,14,23.7,18.6,73.0,0.0,,265.0,18.7,,1007.9,,3.0
2025-07-15,15,22.7,18.9,79.0,0.0,,260.0,16.2,,1009.3,,3.0
2025-07-15,16,22.0,18.6,81.0,0.0,,260.0,16.9,,1010.2,,3.0
2025-07-15,17,21.5,18.5,83.0,0.0,,258.0,16.6,,1010.7,,3.0
2025-07-15,18,21.1,18.9,87.0,0.0,,259.0,16.6,,1010.4,,3.0
2025-07-15,19,20.6,18.9,90.0,0.0,,264.0,16.9,,1009.8,,3.0
2025-07-15,20,20.0,18.8,93.0,0.0,,252.0,13.7,,1009.1,,3.0
2025-07-15,21,19.9,19.1,95.0,0.0,,254.0,14.4,,1008.8,,3.0
2025-07-15,22,19.7,19.0,96.0,0.0,,253.0,15.5,,1008.4,,3.0
2025-07-15,23,20.0,19.2,95.0,0.0,,253.0,15.8,,1008.4,,3.0
2025-07-16,0,20.0,19.2,95.0,0.0,,258.0,16.2,,1008.5,,3.0
2025-07-16,1,20.0,19.0,94.0,0.0,,262.0,16.2,,1008.6,,3.0
2025-07-16,2,21.5,19.1,86.0,0.0,,266.0,22.0,,1008.8,,3.0
2025-07-16,3,22.9,19.1,79.0,0.0,,274.0,22.3,,1009.2,,3.0
2025-07-16,4,24.3,18.9,72.0,0.0,,281.0,22.7,,1009.5,,3.0
2025-07-16,5,25.5,19.4,69.0,0.0,,282.0,19.8,,1009.2,,3.0
2025-07-16,6,26.8,19.4,64.0,0.0,,283.0,18.4,,1008.4,,3.0
2025-07-16,7,25.0,18.9,69.0,0.5,,272.0,18.4,,1008.2,,8.0
2025-07-16,8,26.6,20.0,67.0,0.4,,290.0,16.6,,1006.9,,8.0
2025-07-16,9,27.6,19.4,61.0,0.9,,291.0,19.4,,1005.6,,17.0
2025-07-16,10,23.2,20.2,83.0,6.6,,257.0,19.4,,1005.9,,9.0
2025-07-16,11,24.0,20.5,81.0,0.4,,286.0,16.2,,1005.3,,8.0
2025-07-16,12,23.6,20.1,81.0,0.2,,264.0,17.3,,1006.0,,7.0
2025-07-16,13,21.3,19.6,90.0,2.2,,270.0,17.3,,1007.6,,9.0
2025-07-16,14,20.9,19.7,93.0,0.2,,258.0,16.2,,1008.6,,7.0
2025-07-16,15,20.5,19.7,95.0,0.5,,253.0,17.3,,1009.0,,8.0
2025-07-16,16,20.8,20.0,95.0,0.0,,254.0,15.8,,1009.7,,3.0
2025-07-16,17,20.6,19.8,95.0,0.0,,254.0,15.1,,1010.1,,3.0
2025-07-16,18,20.4,19.9,97.0,0.0,,253.0,16.6,,1010.1,,3.0
2025-07-16,19,20.2,19.7,97.0,0.0,,259.0,15.8,,1009.4,,3.0
2025-07-16,20,20.1,19.6,97.0,0.0,,258.0,16.2,,1008.9,,3.0
2025-07-16,21,20.3,19.8,97.0,0.0,,262.0,15.5,,1008.0,,3.0
2025-07-16,22,20.2,19.7,97.0,0.3,,261.0,14.0,,1008.1,,8.0
2025-07-16,23,20.2,19.7,97.0,0.2,,253.0,14.8,,1008.2,,7.0
2025-07-17,0,20.2,19.7,97.0,0.1,,257.0,14.8,,1008.4,,7.0
2025-07-17,1,20.2,19.7,97.0,0.0,,260.0,15.5,,1008.7,,3.0
2025-07-17,2,20.1,19.4,96.0,0.2,,257.0,22.0,,1008.8,,7.0
2025-07-17,3,21.2,19.3,89.0,0.1,,260.0,23.4,,1009.7,,7.0
2025-07-17,4,22.9,19.5,81.0,0.2,,268.0,23.8,,1009.8,,7.0
2025-07-17,5,24.1,19.4,75.0,0.1,,274.0,24.1,,1009.1,,7.0
2025-07-17,6,25.5,19.6,70.0,0.2,,278.0,25.9,,1008.4,,7.0
2025-07-17,7,26.3,19.9,68.0,0.2,,276.0,23.8,,1007.8,,7.0
2025-07-17,8,27.0,19.9,65.0,0.0,,274.0,22.3,,1006.6,,3.0
2025-07-17,9,27.5,19.6,62.0,0.0,,270.0,23.4,,1005.5,,3.0
2025-07-17,10,24.3,19.8,76.0,1.7,,273.0,20.5,,1005.7,,9.0
2025-07-17,11,24.6,20.1,76.0,0.0,,250.0,22.3,,1005.6,,3.0
2025-07-17,12,22.6,19.9,85.0,2.7,,251.0,18.7,,1006.7,,9.0
2025-07-17,13,21.8,20.1,90.0,0.1,,254.0,15.5,,1007.6,,7.0
2025-07-17,14,21.4,19.7,90.0,0.0,,267.0,14.0,,1008.3,,3.0
2025-07-17,15,21.4,20.0,92.0,0.0,,263.0,14.0,,1009.0,,3.0
2025-07-17,16,21.3,20.1,93.0,0.0,,261.0,16.2,,1009.3,,3.0
2025-07-17,17,20.9,19.9,94.0,0.0,,251.0,15.5,,1010.1,,3.0
2025-07-17,18,20.5,19.7,95.0,0.0,,256.0,16.2,,1010.4,,3.0
2025-07-17,19,20.3,19.5,95.0,0.0,,260.0,16.6,,1009.9,,3.0
2025-07-17,20,20.0,19.3,96.0,0.2,,264.0,16.2,,1009.4,,7.0
2025-07-17,21,19.9,19.2,96.0,0.0,,266.0,16.6,,1009.0,,3.0
2025-07-17,22,19.8,19.5,98.0,0.2,,269.0,15.1,,1008.4,,7.0
2025-07-17,23,19.8,19.5,98.0,0.4,,272.0,15.1,,1008.3,,8.0
2025-07-18,0,19.8,19.5,98.0,0.2,,275.0,15.8,,1008.4,,7.0
2025-07-18,1,19.9,19.6,98.0,0.2,,274.0,14.8,,1008.8,,7.0
2025-07-18,2,20.6,19.6,94.0,0.3,,276.0,18.4,,1009.3,,8.0
2025-07-18,3,21.3,19.6,90.0,0.1,,270.0,20.2,,1009.4,,7.0
2025-07-18,4,21.7,19.6,88.0,0.4,,277.0,18.4,,1009.6,,8.0
2025-07-18,5,22.3,19.3,83.0,0.3,,275.0,19.4,,1009.9,,8.0
2025-07-18,6,23.8,19.5,77.0,0.4,,283.0,19.1,,1009.6,,8.0
2025-07-18,7,24.8,19.6,73.0,0.2,,286.0,18.4,,1008.8,,7.0
2025-07-18,8,27.2,19.0,61.0,0.0,,283.0,16.6,,1006.6,,3.0
2025-07-18,9,27.6,19.4,61.0,0.0,,278.0,15.1,,1005.4,,3.0
2025-07-18,10,27.3,18.9,60.0,0.2,,274.0,15.8,,1004.7,,7.0
2025-07-18,11,26.5,19.1,64.0,0.2,,272.0,14.4,,1004.3,,7.0
2025-07-18,12,22.9,19.5,81.0,4.9,,246.0,20.9,,1006.1,,9.0
2025-07-18,13,21.3,19.9,92.0,2.1,,285.0,14.4,,1007.2,,9.0
2025-07-18,14,21.3,20.1,93.0,0.6,,282.0,13.7,,1008.1,,8.0
2025-07-18,15,21.4,20.0,92.0,0.2,,278.0,13.7,,1008.7,,7.0
2025-07-18,16,21.1,20.1,94.0,0.1,,268.0,13.0,,1009.3,,7.0
2025-07-18,17,20.9,20.1,95.0,0.0,,272.0,14.8,,1009.5,,3.0
2025-07-18,18,20.7,19.7,94.0,0.0,,281.0,17.6,,1009.2,,3.0
2025-07-18,19,20.4,19.7,96.0,0.0,,279.0,19.1,,1008.4,,3.0
2025-07-18,20,20.5,19.7,95.0,0.0,,284.0,20.2,,1007.5,,3.0
2025-07-18,21,20.4,19.6,95.0,0.0,,281.0,19.4,,1007.0,,3.0
2025-07-18,22,20.4,19.6,95.0,0.1,,281.0,19.1,,1006.6,,7.0
2025-07-18,23,20.1,18.9,93.0,0.1,,278.0,18.0,,1006.4,,7.0
2025-07-19,0,20.0,19.0,94.0,0.0,,271.0,16.9,,1006.8,,3.0
2025-07-19,1,20.0,19.0,94.0,0.0,,272.0,18.0,,1007.1,,3.0
2025-07-19,2,20.6,19.1,91.0,0.0,,284.0,22.7,,1007.4,,3.0
2025-07-19,3,21.7,19.1,85.0,0.0,,287.0,24.1,,1007.6,,3.0
2025-07-19,4,23.2,19.4,79.0,0.0,,294.0,20.9,,1008.0,,3.0
2025-07-19,5,23.9,19.2,75.0,0.1,,296.0,19.1,,1007.8,,7.0
2025-07-19,6,25.1,19.5,71.0,0.2,,292.0,18.7,,1007.1,,7.0
2025-07-19,7,26.6,19.5,65.0,0.1,,291.0,18.0,,1005.6,,7.0
2025-07-19,8,23.2,19.8,81.0,8.2,,306.0,17.6,,1005.7,,9.0
2025-07-19,9,23.1,19.7,81.0,0.4,,251.0,16.2,,1004.7,,8.0
2025-07-19,10,22.9,20.6,87.0,3.6,,241.0,17.3,,1004.3,,9.0
2025-07-19,11,21.4,19.5,89.0,5.8,,264.0,20.2,,1004.5,,9.0
2025-07-19,12,21.6,20.1,91.0,0.6,,267.0,16.9,,1004.6,,8.0
2025-07-19,13,21.3,19.8,91.0,0.7,,272.0,16.6,,1005.5,,8.0
2025-07-19,14,21.1,19.6,91.0,0.2,,273.0,15.1,,1006.6,,7.0
2025-07-19,15,20.8,20.0,95.0,1.9,,272.0,16.9,,1007.3,,9.0
2025-07-19,16,20.9,19.7,93.0,0.6,,273.0,17.6,,1007.9,,8.0
2025-07-19,17,20.7,19.7,94.0,0.0,,272.0,18.0,,1008.3,,3.0
2025-07-19,18,20.4,19.7,96.0,0.0,,268.0,18.0,,1008.1,,3.0
2025-07-19,19,20.1,19.1,94.0,0.0,,274.0,18.4,,1007.5,,3.0
2025-07-19,20,20.0,19.0,94.0,0.2,,274.0,18.4,,1006.7,,7.0
2025-07-19,21,19.6,18.9,96.0,0.0,,271.0,18.7,,1006.2,,3.0
2025-07-19,22,19.6,18.9,96.0,0.0,,273.0,18.4,,1005.8,,3.0
2025-07-19,23,19.6,18.9,96.0,0.0,,274.0,18.0,,1006.0,,3.0
2025-07-20,0,19.7,19.0,96.0,0.0,,277.0,18.4,,1006.3,,3.0
2025-07-20,1,19.9,19.1,95.0,0.0,,278.0,18.4,,1006.4,,3.0
2025-07-20,2,20.4,19.2,93.0,0.0,,276.0,18.4,,1007.3,,3.0
2025-07-20,3,21.5,19.1,86.0,0.1,,280.0,22.0,,1007.8,,7.0
2025-07-20,4,22.8,19.2,80.0,0.4,,282.0,23.8,,1007.8,,8.0
2025-07-20,5,22.4,19.4,83.0,0.3,,284.0,19.8,,1008.3,,8.0
2025-07-20,6,23.4,19.5,79.0,0.1,,283.0,19.4,,1008.0,,7.0
2025-07-20,7,24.7,19.5,73.0,0.7,,287.0,21.6,,1006.7,,8.0
2025-07-20,8,25.8,19.4,68.0,0.2,,287.0,22.7,,1005.2,,7.0
2025-07-20,9,23.7,20.0,80.0,3.7,,253.0,16.9,,1004.9,,9.0
2025-07-20,10,25.5,18.9,67.0,0.5,,281.0,16.9,,1003.1,,8.0
2025-07-20,11,22.8,20.1,85.0,4.4,,236.0,17.6,,1004.4,,9.0
2025-07-20,12,21.6,19.5,88.0,3.4,,265.0,18.4,,1004.8,,9.0
2025-07-20,13,20.9,19.7,93.0,0.7,,260.0,18.4,,1005.7,,8.0
2025-07-20,14,21.1,19.9,93.0,0.5,,268.0,17.6,,1006.5,,8.0
2025-07-20,15,20.7,19.7,94.0,0.7,,256.0,18.0,,1007.7,,8.0
2025-07-20,16,20.6,19.8,95.0,0.2,,260.0,16.9,,1008.0,,7.0
2025-07-20,17,20.5,19.7,95.0,0.1,,262.0,15.5,,1008.4,,7.0
2025-07-20,18,20.4,19.7,96.0,0.0,,261.0,15.5,,1008.1,,3.0
2025-07-20,19,20.2,19.7,97.0,0.1,,260.0,16.9,,1007.6,,7.0
2025-07-20,20,19.8,19.3,97.0,0.2,,256.0,15.8,,1007.1,,7.0
2025-07-20,21,19.7,19.2,97.0,0.0,,260.0,16.2,,1006.5,,3.0
2025-07-20,22,19.7,19.2,97.0,0.0,,264.0,15.8,,1006.2,,3.0
2025-07-20,23,19.5,19.2,98.0,0.0,,262.0,16.9,,1006.4,,3.0
2025-07-21,0,19.7,19.2,97.0,0.1,,268.0,16.9,,1006.8,,7.0
2025-07-21,1,19.6,19.3,98.0,0.4,,272.0,16.9,,1007.4,,8.0
2025-07-21,2,20.0,19.5,97.0,0.4,,274.0,19.4,,1008.2,,8.0
2025-07-21,3,20.6,19.3,92.0,0.4,,272.0,18.7,,1008.5,,8.0
2025-07-21,4,21.5,19.2,87.0,0.2,,273.0,18.7,,1008.9,,7.0
2025-07-21,5,23.3,19.2,78.0,0.1,,276.0,19.4,,1008.4,,7.0
2025-07-21,6,24.2,19.1,73.0,0.1,,278.0,19.4,,1007.7,,7.0
2025-07-21,7,24.6,19.2,72.0,0.0,,280.0,18.7,,1006.9,,3.0
2025-07-21,8,25.3,19.4,70.0,0.0,,283.0,15.8,,1005.5,,3.0
2025-07-21,9,23.8,19.9,79.0,3.7,,264.0,18.4,,1005.7,,9.0
2025-07-21,10,23.4,19.8,80.0,0.5,,275.0,16.6,,1005.0,,8.0
2025-07-21,11,22.2,21.2,94.0,4.1,,268.0,16.9,,1005.3,,9.0
2025-07-21,12,21.7,20.0,90.0,3.4,,274.0,18.4,,1006.4,,9.0
2025-07-21,13,20.8,20.0,95.0,1.5,,270.0,17.3,,1007.0,,9.0
2025-07-21,14,20.8,20.0,95.0,1.4,,264.0,16.9,,1007.9,,9.0
2025-07-21,15,20.7,20.0,96.0,0.9,,264.0,19.4,,1008.4,,8.0
2025-07-21,16,20.6,19.8,95.0,0.6,,264.0,19.1,,1009.2,,8.0
2025-07-21,17,20.4,19.6,95.0,0.3,,262.0,18.7,,1009.7,,8.0
2025-07-21,18,20.2,19.5,96.0,0.2,,261.0,19.1,,1009.3,,7.0
2025-07-21,19,20.0,19.3,96.0,0.2,,263.0,20.5,,1008.8,,7.0
2025-07-21,20,19.9,19.2,96.0,0.3,,262.0,21.2,,1008.4,,8.0
2025-07-21,21,19.8,19.1,96.0,0.5,,268.0,20.2,,1007.5,,8.0
2025-07-21,22,19.8,19.1,96.0,0.2,,270.0,18.4,,1007.4,,7.0
2025-07-21,23,19.8,19.3,97.0,0.2,,265.0,18.0,,1007.8,,7.0
2025-07-22,0,19.7,19.0,96.0,0.3,,263.0,17.6,,1008.4,,8.0
2025-07-22,1,19.7,19.0,96.0,0.4,,262.0,18.7,,1008.7,,8.0
2025-07-22,2,20.3,19.3,94.0,0.4,,264.0,18.7,,1009.0,,8.0
2025-07-22,3,21.4,19.1,87.0,0.1,,267.0,23.4,,1009.2,,7.0
2025-07-22,4,22.6,19.0,80.0,0.2,,268.0,25.9,,1009.2,,7.0
2025-07-22,5,24.3,19.4,74.0,0.0,,269.0,24.8,,1009.0,,3.0
2025-07-22,6,25.4,19.5,70.0,0.0,,270.0,22.7,,1008.5,,3.0
2025-07-22,7,25.2,19.1,69.0,1.7,,263.0,24.5,,1007.4,,9.0
2025-07-22,8,23.2,19.4,79.0,1.3,,257.0,23.8,,1007.2,,9.0
2025-07-22,9,23.9,20.4,81.0,0.3,,259.0,20.2,,1006.0,,8.0
2025-07-22,10,25.2,19.3,70.0,0.3,,256.0,24.1,,1004.6,,17.0
2025-07-22,11,24.0,19.9,78.0,2.6,,261.0,21.2,,1005.1,,9.0
2025-07-22,12,23.5,19.2,77.0,0.4,,255.0,21.6,,1005.9,,8.0
2025-07-22,13,22.2,19.4,84.0,0.2,,261.0,19.8,,1006.8,,17.0
2025-07-22,14,21.9,19.6,87.0,0.3,,264.0,19.1,,1007.7,,8.0
2025-07-22,15,21.5,19.4,88.0,0.4,,266.0,20.2,,1008.5,,8.0
2025-07-22,16,21.0,19.6,92.0,0.8,,265.0,22.0,,1008.9,,8.0
2025-07-22,17,20.5,19.2,92.0,0.4,,267.0,20.9,,1010.0,,8.0
2025-07-22,18,20.4,19.4,94.0,0.0,,264.0,20.5,,1009.6,,3.0
2025-07-22,19,20.4,19.4,94.0,0.0,,262.0,20.5,,1008.8,,3.0
2025-07-22,20,20.3,19.3,94.0,0.0,,262.0,21.2,,1008.2,,3.0
2025-07-22,21,20.2,19.2,94.0,0.0,,261.0,20.9,,1007.7,,3.0
2025-07-22,22,19.8,18.5,92.0,0.0,,269.0,23.0,,1007.2,,3.0
2025-07-22,23,19.9,18.7,93.0,0.0,,265.0,22.3,,1007.3,,3.0
2025-07-23,0,19.8,19.0,95.0,0.3,,264.0,22.0,,1007.5,,8.0
2025-07-23,1,19.8,19.0,95.0,0.1,,264.0,20.9,,1007.8,,7.0
2025-07-23,2,20.3,19.1,93.0,0.0,,263.0,21.2,,1007.9,,3.0
2025-07-23,3,22.5,18.9,80.0,0.5,,265.0,28.4,,1008.4,,8.0
2025-07-23,4,23.7,18.8,74.0,0.2,,268.0,28.8,,1008.4,,7.0
2025-07-23,5,23.8,18.7,73.0,0.1,,270.0,28.8,,1008.3,,7.0
2025-07-23,6,23.7,18.6,73.0,0.0,,272.0,26.3,,1008.0,,3.0
2025-07-23,7,25.2,18.6,67.0,0.0,,273.0,26.3,,1007.0,,3.0
2025-07-23,8,24.8,18.7,69.0,0.1,,267.0,27.4,,1005.8,,7.0
2025-07-23,9,25.5,18.4,65.0,0.1,,265.0,27.4,,1004.8,,7.0
2025-07-23,10,24.2,19.5,75.0,0.8,,271.0,25.9,,1004.7,,8.0
2025-07-23,11,24.0,18.9,73.0,0.6,,267.0,24.5,,1004.9,,8.0
2025-07-23,12,22.4,19.0,81.0,0.7,,261.0,24.8,,1005.7,,8.0
2025-07-23,13,22.4,18.8,80.0,0.8,,260.0,23.0,,1006.2,,8.0
2025-07-23,14,21.7,19.1,85.0,0.0,,265.0,23.0,,1007.0,,3.0
2025-07-23,15,21.1,19.0,88.0,0.2,,267.0,23.0,,1007.9,,7.0
2025-07-23,16,20.9,19.2,90.0,0.3,,265.0,23.0,,1008.7,,8.0
2025-07-23,17,20.6,19.4,93.0,0.3,,266.0,20.9,,1009.3,,8.0
2025-07-23,18,20.5,19.3,93.0,0.1,,265.0,21.2,,1009.1,,7.0
2025-07-23,19,20.5,19.3,93.0,0.1,,265.0,20.9,,1008.3,,7.0
2025-07-23,20,20.2,19.0,93.0,0.2,,265.0,21.2,,1007.7,,7.0
2025-07-23,21,20.0,19.0,94.0,0.3,,266.0,22.0,,1007.0,,8.0
2025-07-23,22,19.8,19.0,95.0,0.3,,265.0,22.7,,1006.5,,8.0
2025-07-23,23,20.0,19.0,94.0,0.2,,262.0,22.0,,1006.0,,7.0
2025-07-24,0,19.9,18.9,94.0,0.0,,263.0,20.5,,1006.5,,3.0
2025-07-24,1,20.1,19.1,94.0,0.0,,262.0,20.2,,1007.1,,3.0
2025-07-24,2,20.3,19.1,93.0,0.5,,262.0,21.2,,1007.6,,8.0
2025-07-24,3,20.5,19.2,92.0,0.6,,261.0,23.4,,1008.0,,8.0
2025-07-24,4,21.3,19.0,87.0,0.6,,266.0,25.6,,1008.2,,8.0
2025-07-24,5,21.5,19.2,87.0,0.6,,267.0,27.0,,1008.5,,8.0
2025-07-24,6,21.2,19.5,90.0,1.3,,265.0,23.0,,1008.7,,9.0
2025-07-24,7,21.2,19.7,91.0,1.0,,261.0,23.0,,1008.1,,9.0
2025-07-24,8,21.7,19.6,88.0,0.7,,269.0,22.7,,1007.1,,8.0
2025-07-24,9,23.6,18.7,74.0,0.6,,276.0,31.0,,1005.7,,8.0
2025-07-24,10,22.9,18.9,78.0,0.2,,274.0,25.9,,1005.2,,7.0
2025-07-24,11,22.2,19.2,83.0,0.3,,272.0,24.8,,1005.2,,8.0
2025-07-24,12,21.9,19.5,86.0,0.5,,268.0,21.2,,1005.9,,8.0
2025-07-24,13,21.1,19.6,91.0,0.7,,260.0,20.9,,1006.4,,8.0
2025-07-24,14,21.1,19.6,91.0,0.7,,258.0,20.2,,1007.1,,8.0
2025-07-24,15,20.8,19.3,91.0,0.1,,262.0,20.2,,1007.9,,7.0
2025-07-24,16,20.6,19.3,92.0,0.0,,261.0,20.5,,1008.7,,3.0
2025-07-24,17,20.5,19.2,92.0,0.0,,259.0,20.9,,1009.1,,3.0
2025-07-24,18,20.5,19.0,91.0,0.0,,260.0,23.0,,1008.9,,3.0
2025-07-24,19,20.2,19.4,95.0,0.0,,257.0,21.6,,1007.8,,3.0
2025-07-24,20,20.2,19.4,95.0,0.4,,258.0,23.4,,1006.7,,8.0
2025-07-24,21,19.9,19.4,97.0,2.5,,259.0,24.5,,1006.4,,9.0
2025-07-24,22,19.9,19.2,96.0,0.9,,266.0,25.6,,1006.1,,8.0
2025-07-24,23,19.8,19.3,97.0,0.7,,266.0,23.0,,1006.2,,8.0
2025-07-25,0,19.9,19.1,95.0,0.5,,262.0,22.7,,1006.4,,8.0
2025-07-25,1,19.9,18.9,94.0,0.2,,264.0,22.7,,1007.3,,7.0
2025-07-25,2,20.3,19.1,93.0,0.3,,263.0,23.0,,1008.0,,8.0
2025-07-25,3,21.0,18.9,88.0,0.2,,263.0,25.2,,1008.2,,7.0
2025-07-25,4,22.4,18.4,78.0,0.2,,268.0,31.0,,1008.5,,7.0
2025-07-25,5,23.7,18.1,71.0,0.1,,266.0,37.4,,1008.3,,7.0
2025-07-25,6,23.7,18.4,72.0,0.0,,265.0,33.1,,1008.3,,3.0
2025-07-25,7,25.2,17.9,64.0,0.0,,268.0,35.6,,1007.4,,3.0
2025-07-25,8,25.4,17.8,63.0,0.0,,265.0,35.6,,1006.6,,3.0
2025-07-25,9,25.9,17.8,61.0,0.0,,267.0,37.4,,1005.5,,3.0
2025-07-25,10,25.6,17.8,62.0,0.0,,269.0,33.1,,1004.8,,3.0
2025-07-25,11,24.2,18.2,69.0,0.0,,264.0,32.8,,1005.2,,3.0
2025-07-25,12,22.9,18.4,76.0,0.0,,262.0,31.0,,1005.8,,3.0
2025-07-25,13,21.7,18.3,81.0,0.2,,263.0,29.5,,1006.9,,7.0
2025-07-25,14,21.4,17.8,80.0,0.1,,262.0,27.0,,1007.8,,7.0
2025-07-25,15,21.0,17.8,82.0,0.0,,263.0,27.4,,1008.5,,3.0
2025-07-25,16,20.7,18.8,89.0,0.0,,262.0,25.6,,1009.5,,3.0
2025-07-25,17,20.8,18.7,88.0,0.0,,262.0,26.6,,1009.8,,3.0
2025-07-25,18,20.7,18.1,85.0,0.0,,265.0,28.1,,1009.5,,3.0
2025-07-25,19,20.4,18.0,86.0,0.0,,264.0,29.2,,1009.0,,3.0
2025-07-25,20,20.4,17.2,82.0,0.0,,266.0,29.5,,1008.1,,3.0
2025-07-25,21,20.1,17.3,84.0,0.0,,263.0,29.5,,1007.6,,3.0
2025-07-25,22,20.3,17.3,83.0,0.0,,264.0,28.8,,1007.1,,3.0
2025-07-25,23,20.2,17.8,86.0,0.0,,261.0,28.4,,1007.2,,3.0
2025-07-26,0,20.1,17.5,85.0,0.0,,265.0,27.0,,1007.5,,3.0
2025-07-26,1,20.0,17.4,85.0,0.0,,265.0,25.2,,1007.9,,3.0
2025-07-26,2,21.3,18.1,82.0,0.0,,266.0,23.8,,1008.8,,3.0
2025-07-26,3,22.4,18.2,77.0,0.0,,268.0,34.6,,1009.0,,3.0
2025-07-26,4,23.2,18.5,75.0,0.0,,263.0,33.5,,1009.4,,3.0
2025-07-26,5,24.2,18.6,71.0,0.0,,271.0,35.6,,1009.3,,3.0
2025-07-26,6,24.9,18.4,67.0,0.0,,271.0,36.0,,1008.9,,3.0
2025-07-26,7,25.7,17.6,61.0,0.0,,274.0,33.8,,1008.3,,3.0
2025-07-26,8,25.8,17.7,61.0,0.3,,274.0,34.2,,1007.3,,8.0
2025-07-26,9,24.3,19.2,73.0,0.3,,270.0,32.8,,1007.3,,8.0
2025-07-26,10,25.0,18.2,66.0,0.0,,276.0,30.6,,1006.2,,3.0
2025-07-26,11,23.3,18.6,75.0,1.2,,271.0,29.9,,1007.0,,9.0
2025-07-26,12,22.1,18.9,82.0,0.4,,262.0,27.0,,1007.9,,8.0
2025-07-26,13,21.3,19.0,87.0,0.3,,264.0,26.6,,1008.6,,8.0
2025-07-26,14,21.1,18.9,87.0,0.1,,262.0,24.1,,1009.5,,7.0
2025-07-26,15,20.9,18.5,86.0,0.0,,264.0,23.8,,1010.1,,3.0
2025-07-26,16,20.7,18.1,85.0,0.0,,266.0,24.1,,1010.6,,3.0
2025-07-26,17,20.5,18.3,87.0,0.0,,261.0,22.0,,1011.5,,3.0
2025-07-26,18,20.3,18.6,90.0,0.7,,262.0,22.0,,1011.4,,8.0
2025-07-26,19,20.1,18.4,90.0,0.7,,261.0,24.1,,1011.1,,8.0
2025-07-26,20,20.0,18.5,91.0,0.2,,260.0,23.8,,1010.2,,7.0
2025-07-26,21,19.9,17.7,87.0,0.3,,263.0,24.5,,1009.7,,8.0
2025-07-26,22,19.8,18.5,92.0,0.0,,266.0,22.0,,1009.4,,3.0
2025-07-26,23,20.0,18.5,91.0,0.0,,262.0,22.3,,1009.5,,3.0
2025-07-27,0,20.0,18.1,89.0,0.0,,262.0,24.5,,1009.8,,3.0
2025-07-27,1,20.2,18.1,88.0,0.0,,262.0,24.5,,1009.9,,3.0
2025-07-27,2,20.7,18.3,86.0,0.0,,264.0,24.1,,1010.8,,3.0
2025-07-27,3,21.4,18.2,82.0,0.0,,260.0,22.7,,1011.0,,3.0
2025-07-27,4,22.0,17.8,77.0,0.0,,266.0,27.7,,1011.5,,3.0
2025-07-27,5,22.8,17.7,73.0,0.0,,264.0,30.6,,1011.4,,3.0
2025-07-27,6,23.4,17.2,68.0,0.0,,266.0,30.6,,1010.8,,3.0
2025-07-27,7,25.2,17.1,61.0,0.0,,272.0,33.1,,1010.0,,3.0
2025-07-27,8,25.7,17.9,62.0,0.0,,274.0,31.7,,1008.7,,3.0
2025-07-27,9,25.4,17.6,62.0,0.1,,277.0,34.6,,1008.4,,7.0
2025-07-27,10,25.2,17.7,63.0,0.0,,277.0,31.0,,1007.9,,3.0
2025-07-27,11,25.3,17.2,61.0,0.0,,277.0,29.9,,1007.4,,3.0
2025-07-27,12,24.6,17.3,64.0,0.0,,278.0,25.9,,1007.8,,3.0
2025-07-27,13,23.7,17.2,67.0,0.0,,277.0,22.7,,1008.4,,3.0
2025-07-27,14,22.5,17.2,72.0,0.0,,272.0,22.7,,1009.2,,3.0
2025-07-27,15,21.8,17.2,75.0,0.0,,274.0,23.0,,1010.3,,3.0
2025-07-27,16,21.1,16.9,77.0,0.0,,269.0,22.7,,1010.7,,3.0
2025-07-27,17,20.6,17.0,80.0,0.0,,268.0,21.6,,1011.5,,3.0
2025-07-27,18,20.5,17.3,82.0,0.0,,267.0,20.2,,1011.9,,3.0
2025-07-27,19,19.9,17.3,85.0,0.0,,263.0,20.2,,1011.8,,3.0
2025-07-27,20,19.6,17.7,89.0,0.0,,262.0,20.9,,1011.0,,3.0
2025-07-27,21,19.7,17.7,88.0,0.0,,262.0,23.4,,1010.5,,3.0
2025-07-27,22,19.4,17.4,88.0,0.0,,264.0,24.1,,1010.1,,1.0
2025-07-27,23,18.9,17.2,90.0,0.0,,261.0,22.7,,1009.8,,3.0
2025-07-28,0,18.9,17.4,91.0,0.0,,263.0,23.0,,1010.2,,3.0
2025-07-28,1,19.2,17.7,91.0,0.0,,265.0,24.1,,1010.6,,3.0
2025-07-28,2,20.2,18.1,88.0,0.0,,265.0,22.3,,1011.0,,3.0
2025-07-28,3,21.6,17.8,79.0,0.0,,274.0,32.8,,1011.0,,3.0
2025-07-28,4,22.8,18.3,76.0,0.0,,278.0,29.5,,1010.7,,3.0
2025-07-28,5,23.7,18.1,71.0,0.0,,280.0,33.5,,1010.8,,3.0
2025-07-28,6,24.9,18.4,67.0,0.0,,283.0,31.3,,1010.2,,3.0
2025-07-28,7,26.0,18.2,62.0,0.0,,282.0,34.9,,1009.5,,3.0
2025-07-28,8,26.1,17.7,60.0,0.0,,283.0,32.0,,1008.6,,3.0
2025-07-28,9,26.3,18.7,63.0,0.0,,286.0,28.8,,1007.6,,3.0
2025-07-28,10,26.4,18.5,62.0,0.2,,286.0,31.3,,1007.2,,17.0
2025-07-28,11,25.8,18.5,64.0,0.1,,286.0,28.4,,1007.0,,17.0
2025-07-28,12,25.4,17.8,63.0,0.0,,284.0,27.0,,1007.5,,2.0
2025-07-28,13,24.2,17.7,67.0,0.0,,281.0,22.0,,1008.3,,3.0
2025-07-28,14,22.9,17.4,71.0,0.0,,280.0,19.4,,1010.0,,2.0
2025-07-28,15,22.2,17.1,73.0,0.0,,277.0,19.4,,1010.8,,1.0
2025-07-28,16,21.4,17.0,76.0,0.0,,274.0,19.1,,1011.8,,1.0
2025-07-28,17,20.7,16.9,79.0,0.0,,272.0,17.3,,1012.6,,2.0
2025-07-28,18,20.2,17.0,82.0,0.0,,270.0,17.6,,1012.5,,3.0
2025-07-28,19,19.8,16.6,82.0,0.0,,265.0,16.9,,1012.0,,1.0
2025-07-28,20,19.5,16.7,84.0,0.0,,262.0,18.0,,1011.4,,3.0
2025-07-28,21,19.3,16.9,86.0,0.0,,258.0,19.1,,1011.2,,3.0
2025-07-28,22,19.0,17.3,90.0,0.0,,256.0,19.8,,1010.7,,3.0
2025-07-28,23,18.8,17.5,92.0,0.0,,257.0,20.2,,1010.8,,2.0
2025-07-29,0,18.7,17.4,92.0,0.0,,258.0,20.5,,1011.1,,2.0
2025-07-29,1,18.7,17.2,91.0,0.0,,261.0,20.5,,1011.4,,2.0
2025-07-29,2,19.7,17.7,88.0,0.0,,263.0,20.2,,1011.8,,3.0
2025-07-29,3,21.4,17.2,77.0,0.0,,272.0,29.5,,1011.6,,2.0
2025-07-29,4,22.3,17.4,74.0,0.0,,274.0,29.9,,1011.5,,3.0
2025-07-29,5,23.5,18.4,73.0,0.0,,277.0,30.6,,1011.6,,3.0
2025-07-29,6,25.2,18.2,65.0,0.0,,280.0,32.8,,1010.9,,3.0
2025-07-29,7,25.8,17.7,61.0,0.0,,282.0,33.8,,1010.1,,3.0
2025-07-29,8,26.5,17.6,58.0,0.0,,284.0,30.2,,1008.8,,3.0
2025-07-29,9,26.5,18.1,60.0,0.2,,287.0,35.6,,1008.3,,17.0
2025-07-29,10,26.7,18.3,60.0,0.1,,289.0,31.3,,1007.6,,7.0
2025-07-29,11,26.0,17.6,60.0,0.0,,287.0,30.6,,1007.5,,3.0
2025-07-29,12,25.1,17.8,64.0,0.0,,286.0,29.2,,1008.1,,2.0
2025-07-29,13,23.8,17.5,68.0,0.0,,284.0,25.6,,1008.8,,3.0
2025-07-29,14,22.9,17.4,71.0,0.0,,284.0,23.8,,1009.7,,3.0
2025-07-29,15,22.4,18.0,76.0,0.0,,286.0,23.8,,1011.2,,1.0
2025-07-29,16,21.7,18.1,80.0,0.0,,289.0,24.5,,1011.9,,3.0
2025-07-29,17,21.2,18.2,83.0,0.0,,286.0,24.5,,1012.7,,3.0
2025-07-29,18,20.8,18.2,85.0,0.0,,282.0,23.4,,1012.5,,3.0
2025-07-29,19,20.5,18.3,87.0,0.0,,277.0,22.0,,1012.1,,3.0
2025-07-29,20,20.1,18.2,89.0,0.0,,273.0,19.1,,1010.6,,3.0
2025-07-29,21,19.9,18.2,90.0,0.0,,271.0,19.1,,1010.1,,3.0
2025-07-29,22,19.5,18.0,91.0,0.0,,269.0,17.6,,1009.8,,3.0
2025-07-29,23,19.3,17.8,91.0,0.0,,271.0,18.0,,1009.6,,3.0
2025-07-30,0,19.2,17.9,92.0,0.0,,270.0,18.0,,1010.1,,3.0
2025-07-30,1,19.6,18.1,91.0,0.0,,272.0,18.4,,1010.4,,3.0
2025-07-30,2,20.7,18.5,87.0,0.0,,273.0,19.1,,1010.6,,3.0
2025-07-30,3,22.3,18.1,77.0,0.0,,277.0,28.8,,1010.5,,3.0
2025-07-30,4,23.1,18.4,75.0,0.0,,277.0,27.4,,1010.7,,3.0
2025-07-30,5,24.7,18.2,67.0,0.0,,277.0,30.2,,1010.5,,3.0
2025-07-30,6,25.3,18.0,64.0,0.0,,277.0,28.8,,1010.2,,3.0
2025-07-30,7,26.3,18.2,61.0,0.0,,275.0,28.8,,1009.6,,3.0
2025-07-30,8,26.5,18.1,60.0,0.0,,275.0,27.4,,1008.4,,3.0
2025-07-30,9,27.5,17.9,56.0,0.0,,277.0,27.7,,1007.4,,3.0
2025-07-30,10,27.3,17.8,56.0,0.0,,275.0,25.9,,1006.9,,3.0
2025-07-30,11,27.3,17.8,56.0,0.0,,272.0,24.5,,1006.7,,3.0
2025-07-30,12,25.9,18.3,63.0,0.0,,260.0,22.3,,1007.1,,3.0
2025-07-30,13,24.6,18.5,69.0,0.0,,265.0,19.4,,1007.7,,3.0
2025-07-30,14,23.4,18.5,74.0,0.0,,254.0,19.1,,1009.0,,3.0
2025-07-30,15,22.4,18.4,78.0,0.0,,257.0,20.2,,1010.1,,3.0
2025-07-30,16,21.5,18.3,82.0,0.0,,257.0,17.3,,1011.4,,3.0
2025-07-30,17,20.8,18.4,86.0,0.0,,259.0,16.6,,1012.2,,3.0
2025-07-30,18,20.4,18.3,88.0,0.0,,258.0,16.9,,1012.3,,3.0
2025-07-30,19,20.1,18.6,91.0,0.0,,258.0,16.6,,1011.8,,3.0
2025-07-30,20,19.9,18.7,93.0,0.0,,258.0,17.6,,1011.0,,3.0
2025-07-30,21,19.8,19.0,95.0,0.0,,256.0,17.3,,1010.1,,3.0
2025-07-30,22,19.7,18.9,95.0,0.0,,251.0,16.6,,1009.8,,3.0
2025-07-30,23,19.5,18.7,95.0,0.0,,251.0,17.3,,1010.0,,3.0
2025-07-31,0,19.4,18.4,94.0,0.0,,258.0,18.4,,1010.1,,3.0
2025-07-31,1,19.7,18.7,94.0,0.0,,258.0,18.0,,1010.5,,3.0
2025-07-31,2,20.6,19.1,91.0,0.0,,261.0,21.2,,1010.9,,3.0
2025-07-31,3,22.0,18.8,82.0,0.0,,266.0,22.7,,1011.0,,3.0
2025-07-31,4,23.5,18.6,74.0,0.0,,272.0,23.4,,1011.0,,3.0
2025-07-31,5,24.4,18.8,71.0,0.0,,272.0,21.2,,1010.9,,3.0
2025-07-31,6,25.3,18.7,67.0,0.2,,275.0,21.2,,1010.3,,7.0
2025-07-31,7,26.1,18.8,64.0,0.4,,279.0,21.2,,1009.7,,8.0
2025-07-31,8,27.1,19.5,63.0,0.1,,276.0,19.1,,1008.7,,7.0
2025-07-31,9,27.6,19.1,60.0,0.0,,285.0,18.7,,1007.6,,3.0
2025-07-31,10,25.7,19.4,68.0,0.3,,284.0,16.6,,1007.3,,8.0
2025-07-31,11,25.9,19.3,67.0,0.2,,284.0,16.2,,1007.0,,7.0
2025-07-31,12,25.1,19.5,71.0,1.7,,278.0,15.8,,1007.5,,9.0
2025-07-31,13,23.8,19.3,76.0,0.0,,278.0,16.9,,1008.5,,3.0
2025-07-31,14,22.1,19.3,84.0,0.0,,262.0,14.0,,1009.5,,3.0
2025-07-31,15,21.8,19.5,87.0,0.0,,255.0,13.3,,1009.9,,3.0
2025-07-31,16,21.6,19.7,89.0,0.0,,255.0,13.7,,1010.6,,3.0
2025-07-31,17,21.2,19.7,91.0,0.0,,258.0,13.7,,1011.4,,3.0
2025-07-31,18,20.8,19.6,93.0,0.0,,262.0,14.8,,1011.5,,3.0
2025-07-31,19,20.4,19.4,94.0,0.0,,269.0,12.6,,1011.1,,3.0
2025-07-31,20,20.0,19.2,95.0,0.0,,274.0,12.6,,1010.7,,3.0
2025-07-31,21,19.7,19.0,96.0,0.0,,269.0,13.3,,1010.2,,3.0
2025-07-31,22,19.5,19.0,97.0,0.0,,270.0,14.4,,1010.0,,3.0
2025-07-31,23,19.6,18.9,96.0,0.0,,279.0,14.8,,1010.0,,3.0
2025-08-01,0,19.8,19.0,95.0,0.0,,280.0,15.1,,1009.9,,3.0
2025-08-01,1,20.2,19.0,93.0,0.0,,277.0,15.1,,1010.4,,3.0
2025-08-01,2,21.1,19.0,88.0,0.0,,278.0,16.2,,1010.9,,3.0
2025-08-01,3,22.1,19.1,83.0,0.0,,276.0,19.1,,1011.2,,3.0
2025-08-01,4,23.6,18.7,74.0,0.0,,280.0,19.1,,1011.3,,3.0
2025-08-01,5,24.6,18.8,70.0,0.0,,281.0,18.7,,1011.1,,3.0
2025-08-01,6,25.6,18.8,66.0,0.0,,281.0,18.0,,1010.3,,3.0
2025-08-01,7,26.0,18.9,65.0,0.0,,280.0,18.4,,1009.6,,3.0
2025-08-01,8,27.6,18.6,58.0,0.2,,280.0,16.6,,1007.9,,7.0
2025-08-01,9,28.0,18.7,57.0,0.1,,280.0,15.1,,1007.2,,7.0
2025-08-01,10,27.3,18.9,60.0,0.2,,279.0,18.0,,1006.7,,7.0
2025-08-01,11,26.1,19.5,67.0,0.2,,288.0,16.9,,1006.9,,7.0
2025-08-01,12,25.6,19.7,70.0,0.0,,279.0,16.2,,1007.2,,3.0
2025-08-01,13,23.9,19.8,78.0,0.0,,280.0,12.2,,1008.7,,3.0
2025-08-01,14,23.2,20.0,82.0,0.0,,263.0,10.1,,1009.5,,3.0
2025-08-01,15,22.3,19.8,86.0,0.0,,263.0,12.6,,1010.8,,3.0
2025-08-01,16,21.7,19.8,89.0,0.0,,261.0,12.6,,1010.9,,3.0
2025-08-01,17,21.2,19.7,91.0,0.0,,268.0,11.2,,1011.3,,3.0
2025-08-01,18,20.8,19.6,93.0,0.0,,268.0,10.4,,1011.5,,3.0
2025-08-01,19,20.5,19.7,95.0,0.0,,263.0,11.5,,1010.7,,3.0
2025-08-01,20,20.3,19.8,97.0,0.0,,272.0,12.6,,1010.1,,3.0
2025-08-01,21,20.1,19.8,98.0,0.0,,280.0,11.5,,1009.8,,3.0
2025-08-01,22,20.0,19.7,98.0,0.0,,283.0,11.9,,1009.7,,3.0
2025-08-01,23,19.8,19.3,97.0,0.0,,280.0,11.5,,1009.7,,3.0
2025-08-02,0,19.6,19.3,98.0,0.0,,275.0,11.9,,1010.0,,3.0
2025-08-02,1,19.6,19.3,98.0,0.0,,277.0,14.4,,1010.4,,3.0
2025-08-02,2,20.3,19.3,94.0,0.0,,286.0,18.4,,1011.1,,3.0
2025-08-02,3,22.0,19.0,83.0,0.0,,290.0,19.4,,1011.3,,3.0
2025-08-02,4,23.7,18.8,74.0,0.0,,297.0,15.5,,1011.2,,3.0
2025-08-02,5,24.9,18.8,69.0,0.0,,301.0,14.4,,1011.0,,3.0
2025-08-02,6,26.6,18.5,61.0,0.0,,301.0,13.0,,1010.4,,3.0
2025-08-02,7,27.4,18.1,57.0,0.2,,300.0,12.2,,1009.2,,7.0
2025-08-02,8,26.5,18.9,63.0,0.5,,300.0,13.0,,1008.5,,8.0
2025-08-02,9,28.0,18.4,56.0,0.0,,312.0,9.4,,1006.5,,3.0
2025-08-02,10,27.8,19.1,59.0,0.1,,311.0,7.2,,1005.6,,7.0
2025-08-02,11,28.1,19.3,59.0,0.0,,302.0,8.3,,1005.2,,3.0
2025-08-02,12,26.0,19.2,66.0,0.3,,271.0,14.4,,1006.2,,17.0
2025-08-02,13,23.4,19.5,79.0,0.4,,266.0,15.5,,1008.1,,17.0
2025-08-02,14,22.0,20.1,89.0,0.5,,269.0,14.4,,1009.6,,17.0
2025-08-02,15,22.0,19.4,85.0,0.1,,273.0,15.8,,1010.2,,17.0
2025-08-02,16,21.4,19.5,89.0,0.0,,270.0,12.2,,1010.9,,3.0
2025-08-02,17,21.0,19.6,92.0,0.0,,274.0,12.2,,1012.0,,3.0
2025-08-02,18,20.7,19.5,93.0,0.0,,272.0,10.8,,1011.9,,3.0
2025-08-02,19,20.4,19.6,95.0,0.0,,283.0,11.2,,1011.4,,3.0
2025-08-02,20,19.8,19.3,97.0,0.0,,281.0,13.0,,1010.7,,3.0
2025-08-02,21,19.7,19.2,97.0,0.0,,286.0,11.2,,1010.1,,3.0
2025-08-02,22,19.5,19.0,97.0,0.0,,282.0,11.9,,1009.6,,3.0
2025-08-02,23,19.5,19.0,97.0,0.0,,276.0,10.8,,1009.8,,3.0
2025-08-03,0,19.8,19.1,96.0,0.0,,281.0,11.9,,1010.1,,3.0
2025-08-03,1,20.2,19.4,95.0,0.0,,291.0,11.9,,1010.6,,3.0
2025-08-03,2,20.7,19.2,91.0,0.0,,301.0,16.2,,1011.2,,3.0
2025-08-03,3,22.3,18.9,81.0,0.0,,309.0,16.6,,1011.6,,3.0
2025-08-03,4,24.1,19.0,73.0,0.0,,316.0,16.6,,1011.5,,3.0
2025-08-03,5,24.4,19.0,72.0,0.0,,310.0,14.8,,1011.2,,3.0
2025-08-03,6,25.4,19.3,69.0,0.0,,292.0,6.5,,1011.3,,3.0
2025-08-03,7,26.4,19.5,66.0,0.0,,288.0,5.4,,1010.4,,3.0
2025-08-03,8,27.7,19.0,59.0,0.0,,301.0,6.8,,1008.6,,3.0
2025-08-03,9,25.5,19.2,68.0,0.9,,291.0,14.4,,1008.3,,8.0
2025-08-03,10,25.2,19.6,71.0,1.5,,357.0,11.9,,1007.8,,9.0
2025-08-03,11,24.5,19.8,75.0,0.0,,275.0,12.6,,1007.4,,3.0
2025-08-03,12,23.4,20.0,81.0,1.3,,203.0,10.1,,1008.2,,9.0
2025-08-03,13,21.8,19.2,85.0,2.7,,239.0,14.8,,1010.1,,9.0
2025-08-03,14,20.8,19.8,94.0,0.9,,216.0,10.8,,1010.9,,8.0
2025-08-03,15,20.5,20.0,97.0,0.9,,210.0,11.5,,1012.0,,8.0
2025-08-03,16,19.9,19.4,97.0,1.2,,237.0,12.2,,1013.0,,9.0
2025-08-03,17,20.1,19.4,96.0,0.1,,260.0,12.6,,1013.0,,7.0
2025-08-03,18,19.9,19.4,97.0,0.0,,271.0,10.4,,1012.6,,3.0
2025-08-03,19,19.6,19.1,97.0,0.0,,287.0,9.7,,1012.1,,3.0
2025-08-03,20,19.3,18.8,97.0,0.0,,299.0,9.0,,1011.3,,3.0
2025-08-03,21,19.7,19.0,96.0,0.0,,256.0,11.2,,1011.0,,3.0
2025-08-03,22,19.7,19.2,97.0,0.0,,264.0,11.5,,1010.5,,3.0
2025-08-03,23,19.7,19.4,98.0,0.0,,279.0,10.4,,1010.2,,3.0
2025-08-04,0,19.7,19.4,98.0,0.0,,302.0,8.3,,1010.5,,3.0
2025-08-04,1,19.6,19.3,98.0,0.0,,306.0,10.4,,1011.1,,3.0
2025-08-04,2,20.7,19.5,93.0,0.0,,275.0,13.0,,1012.1,,3.0
2025-08-04,3,21.2,19.5,90.0,0.0,,294.0,15.8,,1012.1,,3.0
2025-08-04,4,23.3,19.5,79.0,0.0,,309.0,14.0,,1011.6,,3.0
2025-08-04,5,24.6,19.7,74.0,0.0,,314.0,11.9,,1011.4,,3.0
2025-08-04,6,25.8,19.9,70.0,0.0,,320.0,9.7,,1010.9,,3.0
2025-08-04,7,26.6,20.4,69.0,0.0,,319.0,9.4,,1010.2,,3.0
2025-08-04,8,26.7,20.3,68.0,0.2,,333.0,8.3,,1009.4,,7.0
2025-08-04,9,25.3,20.1,73.0,2.3,,348.0,7.6,,1008.4,,9.0
2025-08-04,10,23.0,20.5,86.0,5.1,,87.0,11.9,,1008.0,,9.0
2025-08-04,11,23.4,20.7,85.0,0.2,,279.0,6.8,,1007.5,,7.0
2025-08-04,12,25.4,20.0,72.0,0.0,,318.0,7.9,,1007.5,,3.0
2025-08-04,13,24.2,20.1,78.0,0.8,,132.0,8.3,,1008.4,,8.0
2025-08-04,14,21.9,20.5,92.0,2.7,,254.0,11.9,,1010.1,,9.0
2025-08-04,15,21.2,19.8,92.0,4.5,,184.0,9.4,,1010.9,,9.0
2025-08-04,16,21.0,20.0,94.0,0.1,,220.0,9.0,,1011.3,,7.0
2025-08-04,17,20.8,20.1,96.0,0.1,,141.0,6.8,,1012.2,,7.0
2025-08-04,18,20.7,20.0,96.0,0.3,,268.0,4.0,,1012.0,,8.0
2025-08-04,19,20.2,19.9,98.0,2.3,,233.0,5.8,,1011.3,,9.0
2025-08-04,20,20.2,19.9,98.0,0.1,,225.0,5.8,,1010.7,,7.0
2025-08-04,21,20.0,19.8,99.0,0.4,,313.0,5.8,,1010.5,,8.0
2025-08-04,22,20.2,19.9,98.0,0.2,,34.0,8.3,,1010.1,,7.0
2025-08-04,23,20.3,20.0,98.0,1.0,,70.0,4.3,,1009.5,,9.0
2025-08-05,0,20.0,19.8,99.0,0.2,,319.0,5.4,,1009.9,,7.0
2025-08-05,1,20.2,19.9,98.0,0.1,,321.0,6.5,,1010.2,,7.0
2025-08-05,2,21.2,19.8,92.0,0.0,,325.0,10.1,,1010.9,,3.0
2025-08-05,3,22.8,20.7,88.0,0.0,,335.0,5.0,,1010.8,,3.0
2025-08-05,4,24.5,20.8,80.0,0.0,,310.0,3.6,,1011.0,,3.0
2025-08-05,5,26.0,20.6,72.0,0.0,,354.0,2.2,,1010.3,,3.0
2025-08-05,6,27.0,20.8,69.0,0.0,,90.0,2.5,,1009.7,,3.0
2025-08-05,7,27.7,20.8,66.0,0.0,,122.0,3.6,,1008.9,,3.0
2025-08-05,8,26.7,20.5,69.0,0.0,,106.0,4.0,,1007.6,,3.0
2025-08-05,9,25.3,19.9,72.0,3.0,,140.0,15.5,,1007.3,,9.0
2025-08-05,10,25.5,20.7,75.0,0.4,,146.0,6.5,,1006.9,,8.0
2025-08-05,11,25.5,20.3,73.0,0.6,,267.0,5.4,,1006.7,,17.0
2025-08-05,12,24.3,20.4,79.0,0.5,,170.0,9.0,,1007.3,,8.0
2025-08-05,13,21.8,20.1,90.0,6.5,,205.0,12.6,,1008.9,,9.0
2025-08-05,14,20.9,19.9,94.0,2.2,,234.0,12.6,,1009.6,,9.0
2025-08-05,15,20.9,19.9,94.0,0.0,,246.0,9.0,,1010.4,,3.0
2025-08-05,16,20.7,20.0,96.0,0.0,,218.0,7.9,,1011.3,,3.0
2025-08-05,17,20.4,19.7,96.0,0.3,,249.0,9.4,,1011.6,,8.0
2025-08-05,18,20.4,19.7,96.0,0.0,,260.0,9.4,,1010.9,,3.0
2025-08-05,19,20.3,19.8,97.0,0.0,,255.0,9.7,,1010.1,,3.0
2025-08-05,20,20.2,19.7,97.0,0.0,,262.0,9.7,,1009.8,,3.0
2025-08-05,21,20.1,19.8,98.0,0.0,,269.0,10.1,,1009.4,,3.0
2025-08-05,22,20.0,19.7,98.0,0.0,,278.0,10.4,,1009.3,,3.0
2025-08-05,23,19.9,19.4,97.0,0.0,,256.0,13.3,,1009.6,,3.0
2025-08-06,0,19.7,19.2,97.0,0.0,,257.0,13.3,,1009.8,,3.0
2025-08-06,1,19.5,19.0,97.0,0.0,,252.0,14.0,,1010.2,,3.0
2025-08-06,2,20.2,19.0,93.0,0.0,,258.0,19.1,,1010.9,,3.0
2025-08-06,3,21.7,18.7,83.0,0.0,,264.0,19.8,,1011.3,,3.0
2025-08-06,4,22.8,18.6,77.0,0.0,,273.0,18.4,,1011.4,,3.0
2025-08-06,5,24.0,18.9,73.0,0.0,,275.0,17.6,,1010.9,,3.0
2025-08-06,6,25.3,19.0,68.0,0.0,,274.0,16.6,,1010.2,,3.0
2025-08-06,7,26.4,18.8,63.0,0.2,,270.0,15.1,,1009.2,,7.0
2025-08-06,8,27.3,18.6,59.0,0.3,,270.0,16.2,,1007.9,,8.0
2025-08-06,9,27.8,20.4,64.0,0.6,,279.0,9.4,,1007.0,,17.0
2025-08-06,10,27.6,19.7,62.0,0.0,,280.0,10.1,,1006.1,,3.0
2025-08-06,11,25.9,20.2,71.0,0.4,,231.0,10.8,,1006.2,,17.0
2025-08-06,12,25.7,20.7,74.0,0.0,,258.0,8.6,,1006.4,,3.0
2025-08-06,13,24.9,20.8,78.0,0.0,,252.0,8.3,,1006.9,,3.0
2025-08-06,14,23.9,20.6,82.0,0.0,,272.0,7.2,,1008.2,,3.0
2025-08-06,15,23.4,20.5,84.0,0.0,,294.0,11.9,,1009.4,,3.0
2025-08-06,16,22.9,20.2,85.0,0.0,,282.0,9.0,,1009.9,,3.0
2025-08-06,17,22.5,20.0,86.0,0.0,,289.0,7.9,,1010.4,,3.0
2025-08-06,18,22.0,19.9,88.0,0.0,,284.0,6.8,,1010.4,,3.0
2025-08-06,19,21.2,20.0,93.0,0.0,,261.0,11.5,,1009.8,,3.0
2025-08-06,20,20.7,19.7,94.0,0.0,,261.0,11.5,,1009.2,,3.0
2025-08-06,21,20.4,19.6,95.0,0.0,,253.0,9.4,,1009.3,,3.0
2025-08-06,22,20.1,19.6,97.0,0.0,,251.0,11.9,,1009.1,,3.0
2025-08-06,23,20.0,19.7,98.0,0.0,,251.0,10.1,,1009.3,,3.0
2025-08-07,0,19.9,19.6,98.0,0.0,,276.0,9.0,,1009.5,,3.0
2025-08-07,1,20.0,19.7,98.0,0.0,,283.0,10.1,,1010.0,,3.0
2025-08-07,2,20.5,19.7,95.0,0.0,,285.0,11.2,,1010.7,,3.0
2025-08-07,3,21.8,19.5,87.0,0.0,,289.0,13.0,,1010.9,,3.0
2025-08-07,4,23.4,19.5,79.0,0.0,,289.0,11.5,,1010.9,,3.0
2025-08-07,5,25.1,19.7,72.0,0.0,,304.0,11.9,,1010.2,,3.0
2025-08-07,6,26.2,19.6,67.0,0.0,,305.0,8.6,,1009.8,,3.0
2025-08-07,7,27.5,19.6,62.0,0.2,,310.0,7.9,,1008.7,,7.0
2025-08-07,8,27.7,20.0,63.0,0.1,,292.0,6.1,,1008.0,,17.0
2025-08-07,9,28.0,20.0,62.0,0.0,,226.0,6.1,,1006.9,,3.0
2025-08-07,10,27.9,20.7,65.0,1.0,,252.0,8.6,,1005.8,,9.0
2025-08-07,11,27.7,20.0,63.0,0.0,,248.0,8.6,,1005.0,,2.0
2025-08-07,12,27.3,20.1,65.0,0.0,,248.0,8.3,,1005.4,,2.0
2025-08-07,13,23.5,20.6,84.0,1.5,,265.0,8.3,,1007.6,,18.0
2025-08-07,14,22.8,20.9,89.0,0.0,,272.0,6.5,,1008.3,,3.0
2025-08-07,15,21.4,20.2,93.0,0.0,,218.0,7.2,,1009.6,,3.0
2025-08-07,16,20.9,19.9,94.0,0.3,,241.0,10.4,,1011.3,,17.0
2025-08-07,17,20.9,19.6,92.0,0.4,,270.0,7.6,,1011.7,,8.0
2025-08-07,18,20.7,19.7,94.0,0.0,,282.0,9.0,,1011.4,,3.0
2025-08-07,19,20.4,19.7,96.0,0.0,,286.0,9.7,,1010.7,,3.0
2025-08-07,20,21.1,19.7,92.0,0.0,,282.0,6.5,,1009.4,,3.0
2025-08-07,21,20.9,19.9,94.0,0.0,,259.0,4.7,,1009.0,,3.0
2025-08-07,22,20.7,20.0,96.0,0.0,,265.0,7.9,,1008.8,,3.0
2025-08-07,23,20.5,20.0,97.0,0.0,,259.0,7.6,,1009.0,,3.0
2025-08-08,0,20.5,19.8,96.0,0.0,,272.0,9.0,,1009.6,,3.0
2025-08-08,1,20.2,19.9,98.0,0.0,,271.0,9.0,,1009.5,,3.0
2025-08-08,2,21.1,19.9,93.0,0.0,,281.0,13.7,,1010.1,,3.0
2025-08-08,3,22.4,19.8,85.0,0.0,,276.0,11.9,,1010.7,,3.0
2025-08-08,4,23.7,19.6,78.0,0.0,,279.0,10.8,,1011.1,,3.0
2025-08-08,5,24.9,19.9,74.0,0.0,,291.0,8.3,,1011.1,,3.0
2025-08-08,6,25.7,19.8,70.0,0.0,,296.0,7.6,,1010.8,,3.0
2025-08-08,7,26.6,20.0,67.0,0.0,,298.0,6.1,,1010.3,,3.0
2025-08-08,8,26.9,20.3,67.0,0.0,,298.0,5.0,,1009.2,,3.0
2025-08-08,9,27.5,20.3,65.0,0.0,,279.0,4.7,,1007.5,,3.0
2025-08-08,10,27.4,20.0,64.0,0.0,,258.0,4.3,,1006.4,,3.0
2025-08-08,11,24.6,20.1,76.0,0.0,,344.0,7.2,,1008.1,,3.0
2025-08-08,12,24.3,20.2,78.0,0.1,,293.0,6.5,,1008.3,,7.0
2025-08-08,13,22.6,19.6,83.0,3.1,,210.0,16.9,,1010.3,,9.0
2025-08-08,14,21.1,19.7,92.0,2.6,,228.0,7.9,,1011.6,,9.0
2025-08-08,15,20.8,19.8,94.0,0.2,,255.0,8.6,,1012.5,,7.0
2025-08-08,16,20.7,19.9,95.0,2.2,,261.0,4.3,,1013.2,,9.0
2025-08-08,17,20.5,19.7,95.0,0.0,,250.0,6.5,,1013.9,,3.0
2025-08-08,18,20.4,19.7,96.0,0.0,,262.0,7.2,,1013.9,,3.0
2025-08-08,19,20.4,19.9,97.0,0.0,,281.0,7.2,,1013.2,,3.0
2025-08-08,20,20.4,19.9,97.0,0.0,,292.0,6.8,,1012.5,,3.0
2025-08-08,21,20.2,19.7,97.0,0.1,,297.0,5.8,,1011.2,,7.0
2025-08-08,22,20.1,19.8,98.0,0.2,,290.0,4.3,,1010.9,,7.0
2025-08-08,23,20.1,19.8,98.0,0.1,,290.0,6.5,,1011.4,,7.0
2025-08-09,0,20.0,19.7,98.0,0.1,,268.0,6.8,,1012.3,,7.0
2025-08-09,1,20.0,19.8,99.0,0.2,,266.0,8.6,,1012.6,,7.0
2025-08-09,2,20.6,19.4,93.0,0.2,,286.0,11.5,,1013.3,,7.0
2025-08-09,3,21.9,19.5,86.0,0.0,,301.0,11.2,,1013.9,,3.0
2025-08-09,4,23.0,19.6,81.0,0.0,,293.0,10.4,,1014.0,,3.0
2025-08-09,5,24.2,19.5,75.0,0.0,,296.0,9.4,,1013.7,,3.0
2025-08-09,6,25.3,19.9,72.0,0.0,,284.0,9.4,,1013.2,,3.0
2025-08-09,7,25.4,19.8,71.0,0.0,,263.0,9.0,,1011.9,,3.0
2025-08-09,8,26.3,19.9,68.0,0.0,,264.0,8.6,,1011.0,,3.0
2025-08-09,9,26.5,19.6,66.0,0.0,,225.0,9.4,,1008.9,,3.0
2025-08-09,10,26.1,19.7,68.0,0.2,,292.0,14.0,,1008.7,,7.0
2025-08-09,11,22.9,19.7,82.0,2.4,,306.0,10.8,,1009.7,,9.0
2025-08-09,12,22.2,19.6,85.0,0.6,,262.0,11.5,,1010.6,,8.0
2025-08-09,13,21.5,19.4,88.0,2.4,,89.0,4.3,,1011.2,,9.0
2025-08-09,14,21.2,20.0,93.0,0.6,,227.0,8.6,,1011.9,,8.0
2025-08-09,15,20.9,20.1,95.0,0.4,,230.0,7.9,,1012.5,,8.0
2025-08-09,16,20.6,19.9,96.0,0.0,,241.0,7.9,,1012.9,,3.0
2025-08-09,17,20.5,20.0,97.0,0.0,,250.0,9.7,,1014.2,,3.0
2025-08-09,18,20.4,20.1,98.0,0.8,,269.0,10.1,,1013.8,,8.0
2025-08-09,19,20.3,20.0,98.0,0.5,,286.0,9.4,,1012.9,,8.0
2025-08-09,20,20.2,19.9,98.0,0.2,,278.0,9.4,,1012.4,,7.0
2025-08-09,21,20.0,19.7,98.0,0.0,,273.0,10.8,,1011.8,,3.0
2025-08-09,22,20.3,20.0,98.0,0.2,,262.0,11.2,,1011.5,,7.0
2025-08-09,23,20.2,19.9,98.0,0.8,,270.0,11.9,,1011.2,,8.0
2025-08-10,0,20.2,19.9,98.0,0.5,,271.0,10.8,,1011.3,,8.0
2025-08-10,1,20.2,19.9,98.0,0.1,,273.0,10.8,,1011.8,,7.0
2025-08-10,2,20.5,19.8,96.0,0.0,,266.0,14.0,,1012.5,,3.0
2025-08-10,3,21.2,19.5,90.0,0.0,,260.0,13.3,,1013.0,,3.0
2025-08-10,4,22.9,19.5,81.0,0.0,,272.0,14.4,,1013.4,,3.0
2025-08-10,5,23.9,19.4,76.0,0.0,,270.0,11.5,,1013.4,,3.0
2025-08-10,6,24.9,19.9,74.0,0.0,,263.0,11.2,,1012.9,,3.0
2025-08-10,7,25.1,19.9,73.0,0.0,,258.0,11.9,,1011.7,,3.0
2025-08-10,8,26.3,19.2,65.0,0.0,,258.0,11.2,,1010.7,,3.0
2025-08-10,9,26.3,18.4,62.0,0.0,,263.0,13.7,,1009.0,,3.0
2025-08-10,10,24.4,19.0,72.0,0.6,,295.0,16.9,,1008.5,,8.0
2025-08-10,11,22.8,19.2,80.0,1.0,,253.0,12.2,,1009.1,,9.0
2025-08-10,12,22.8,19.4,81.0,0.4,,260.0,9.0,,1009.7,,8.0
2025-08-10,13,21.3,20.1,93.0,0.2,,231.0,6.5,,1010.5,,7.0
2025-08-10,14,20.7,19.9,95.0,0.1,,273.0,11.5,,1011.7,,7.0
2025-08-10,15,20.4,19.7,96.0,0.8,,273.0,11.2,,1012.5,,8.0
2025-08-10,16,20.3,19.8,97.0,0.8,,266.0,10.4,,1013.3,,8.0
2025-08-10,17,20.2,19.7,97.0,0.3,,266.0,11.5,,1013.1,,8.0
2025-08-10,18,20.0,19.5,97.0,0.3,,269.0,10.4,,1013.2,,8.0
2025-08-10,19,20.0,19.7,98.0,0.2,,274.0,13.0,,1012.0,,7.0
2025-08-10,20,19.8,19.5,98.0,0.0,,263.0,12.2,,1011.8,,3.0
2025-08-10,21,19.8,19.5,98.0,0.0,,263.0,14.8,,1011.1,,3.0
2025-08-10,22,19.6,19.3,98.0,0.0,,262.0,13.7,,1010.7,,3.0
2025-08-10,23,19.3,19.1,99.0,0.0,,254.0,11.2,,1011.0,,3.0
2025-08-11,0,19.3,19.1,99.0,0.1,,243.0,11.2,,1011.6,,7.0
2025-08-11,1,19.3,19.0,98.0,0.2,,254.0,14.0,,1012.1,,7.0
2025-08-11,2,19.6,19.1,97.0,0.9,,257.0,14.4,,1013.1,,8.0
2025-08-11,3,20.2,19.2,94.0,0.5,,259.0,15.5,,1013.6,,8.0
2025-08-11,4,22.0,19.2,84.0,0.0,,273.0,16.9,,1013.4,,3.0
2025-08-11,5,23.7,19.4,77.0,0.0,,282.0,16.9,,1013.0,,3.0
2025-08-11,6,24.8,19.9,74.0,0.0,,281.0,16.6,,1012.3,,3.0
2025-08-11,7,25.4,19.8,71.0,0.0,,281.0,17.6,,1011.7,,3.0
2025-08-11,8,25.2,19.3,70.0,0.0,,280.0,19.4,,1010.7,,3.0
2025-08-11,9,24.0,19.5,76.0,0.0,,295.0,16.6,,1009.8,,3.0
2025-08-11,10,24.7,18.9,70.0,0.0,,265.0,16.9,,1008.4,,3.0
2025-08-11,11,24.7,18.4,68.0,0.0,,266.0,18.4,,1008.1,,3.0
2025-08-11,12,24.3,18.5,70.0,0.0,,265.0,19.1,,1008.3,,3.0
2025-08-11,13,23.3,18.6,75.0,0.0,,274.0,14.0,,1009.0,,3.0
2025-08-11,14,20.8,18.7,88.0,0.0,,274.0,13.7,,1011.1,,3.0
2025-08-11,15,20.8,18.7,88.0,0.0,,279.0,13.7,,1011.9,,3.0
2025-08-11,16,21.0,18.9,88.0,0.0,,274.0,13.3,,1012.2,,3.0
2025-08-11,17,20.8,19.1,90.0,0.0,,278.0,13.0,,1012.7,,3.0
2025-08-11,18,20.5,19.2,92.0,0.0,,269.0,13.3,,1012.7,,3.0
2025-08-11,19,20.3,19.6,96.0,0.0,,270.0,12.6,,1012.0,,3.0
2025-08-11,20,20.0,19.5,97.0,0.0,,270.0,14.4,,1011.1,,3.0
2025-08-11,21,19.7,19.2,97.0,0.0,,274.0,15.8,,1010.2,,3.0
2025-08-11,22,19.3,18.8,97.0,0.0,,265.0,15.1,,1009.8,,3.0
2025-08-11,23,19.2,18.7,97.0,0.0,,264.0,15.5,,1010.0,,3.0
2025-08-12,0,19.2,18.7,97.0,0.0,,267.0,14.8,,1010.2,,3.0
2025-08-12,1,19.2,18.7,97.0,0.0,,268.0,14.8,,1010.8,,3.0
2025-08-12,2,19.4,18.6,95.0,0.0,,273.0,16.6,,1011.5,,3.0
2025-08-12,3,20.6,18.5,88.0,0.0,,279.0,19.4,,1011.9,,3.0
2025-08-12,4,22.0,18.2,79.0,0.0,,287.0,21.6,,1011.7,,3.0
2025-08-12,5,24.1,17.8,68.0,0.0,,288.0,22.7,,1011.2,,3.0
2025-08-12,6,25.1,17.8,64.0,0.0,,289.0,21.2,,1010.8,,3.0
2025-08-12,7,25.3,17.5,62.0,0.0,,293.0,19.8,,1010.1,,3.0
2025-08-12,8,24.8,17.8,65.0,0.0,,293.0,18.4,,1009.2,,3.0
2025-08-12,9,25.6,17.8,62.0,0.0,,292.0,16.9,,1007.7,,3.0
2025-08-12,10,24.8,19.2,71.0,0.2,,282.0,18.0,,1006.7,,7.0
2025-08-12,11,23.7,19.0,75.0,1.7,,270.0,20.5,,1007.0,,9.0
2025-08-12,12,23.1,19.7,81.0,0.0,,271.0,14.4,,1007.0,,3.0
2025-08-12,13,22.4,19.2,82.0,0.0,,273.0,16.6,,1008.0,,3.0
2025-08-12,14,20.6,19.1,91.0,2.6,,270.0,16.2,,1009.9,,9.0
2025-08-12,15,20.0,18.8,93.0,0.5,,272.0,13.7,,1011.2,,8.0
2025-08-12,16,19.8,18.6,93.0,0.5,,265.0,15.1,,1012.0,,8.0
2025-08-12,17,19.7,19.0,96.0,1.1,,269.0,15.1,,1012.1,,9.0
2025-08-12,18,19.6,19.1,97.0,1.4,,267.0,16.2,,1011.3,,9.0
2025-08-12,19,19.5,19.2,98.0,1.0,,268.0,18.7,,1010.3,,9.0
2025-08-12,20,19.4,19.1,98.0,1.0,,261.0,16.6,,1009.3,,9.0
2025-08-12,21,19.5,19.2,98.0,0.4,,262.0,17.6,,1008.6,,8.0
2025-08-12,22,19.3,19.0,98.0,1.2,,261.0,18.4,,1008.2,,9.0
2025-08-12,23,19.2,18.9,98.0,1.5,,268.0,17.3,,1008.3,,9.0
2025-08-13,0,19.2,18.7,97.0,0.3,,269.0,17.6,,1008.6,,8.0
2025-08-13,1,19.4,18.9,97.0,0.8,,263.0,18.4,,1009.2,,8.0
2025-08-13,2,19.7,19.2,97.0,0.3,,267.0,18.0,,1009.5,,8.0
2025-08-13,3,19.9,19.4,97.0,0.8,,273.0,16.6,,1010.1,,8.0
2025-08-13,4,20.4,19.4,94.0,1.4,,267.0,17.6,,1010.2,,9.0
2025-08-13,5,20.4,19.6,95.0,2.9,,263.0,19.4,,1010.3,,9.0
2025-08-13,6,20.8,19.6,93.0,1.3,,263.0,19.4,,1010.2,,9.0
2025-08-13,7,20.6,19.9,96.0,1.7,,264.0,18.0,,1009.4,,9.0
2025-08-13,8,21.4,19.5,89.0,1.0,,269.0,19.8,,1008.5,,9.0
2025-08-13,9,21.4,19.5,89.0,0.6,,263.0,20.2,,1007.7,,8.0
2025-08-13,10,21.1,19.6,91.0,0.5,,260.0,18.4,,1007.1,,8.0
2025-08-13,11,22.1,19.1,83.0,0.4,,254.0,20.2,,1006.5,,8.0
2025-08-13,12,21.3,19.4,89.0,0.6,,264.0,20.2,,1007.2,,8.0
2025-08-13,13,20.6,19.3,92.0,0.8,,265.0,17.3,,1007.8,,8.0
2025-08-13,14,20.5,19.7,95.0,0.4,,256.0,16.9,,1008.3,,8.0
2025-08-13,15,20.4,19.4,94.0,0.3,,254.0,16.6,,1009.0,,8.0
2025-08-13,16,20.3,19.5,95.0,0.2,,262.0,15.8,,1010.2,,7.0
2025-08-13,17,20.1,19.3,95.0,0.0,,257.0,16.2,,1010.5,,3.0
2025-08-13,18,19.6,18.8,95.0,0.0,,253.0,17.3,,1010.3,,3.0
2025-08-13,19,19.3,18.5,95.0,0.0,,254.0,16.2,,1010.3,,3.0
2025-08-13,20,19.1,18.3,95.0,0.2,,255.0,16.6,,1009.8,,7.0
2025-08-13,21,18.9,18.2,96.0,0.4,,257.0,17.3,,1009.0,,8.0
2025-08-13,22,19.1,18.4,96.0,0.5,,251.0,18.0,,1008.3,,8.0
2025-08-13,23,19.0,18.3,96.0,0.0,,251.0,18.0,,1008.9,,3.0
2025-08-14,0,18.9,18.4,97.0,0.0,,255.0,18.4,,1009.3,,3.0
2025-08-14,1,18.9,18.4,97.0,0.0,,251.0,19.4,,1009.2,,3.0
2025-08-14,2,19.3,18.6,96.0,0.0,,250.0,22.0,,1009.9,,3.0
2025-08-14,3,20.8,18.6,87.0,0.1,,258.0,24.1,,1010.1,,7.0
2025-08-14,4,22.0,18.6,81.0,0.0,,259.0,24.1,,1010.4,,3.0
2025-08-14,5,23.3,18.4,74.0,0.0,,263.0,23.4,,1010.1,,3.0
2025-08-14,6,24.5,19.1,72.0,0.0,,265.0,23.0,,1009.9,,3.0
2025-08-14,7,23.3,19.5,79.0,2.3,,267.0,23.4,,1009.4,,9.0
2025-08-14,8,24.0,19.3,75.0,0.1,,257.0,22.0,,1008.0,,7.0
2025-08-14,9,24.8,19.6,73.0,0.2,,252.0,24.8,,1006.7,,7.0
2025-08-14,10,22.9,19.5,81.0,0.9,,269.0,25.9,,1006.7,,8.0
2025-08-14,11,22.4,18.8,80.0,0.8,,271.0,21.2,,1006.6,,8.0
2025-08-14,12,22.2,19.6,85.0,0.2,,268.0,14.8,,1007.0,,7.0
2025-08-14,13,22.3,18.9,81.0,0.0,,266.0,16.6,,1007.2,,3.0
2025-08-14,14,21.6,18.4,82.0,0.0,,259.0,18.4,,1007.9,,3.0
2025-08-14,15,21.1,18.3,84.0,0.0,,257.0,19.4,,1008.7,,3.0
2025-08-14,16,20.7,18.3,86.0,0.0,,259.0,18.4,,1009.6,,3.0
2025-08-14,17,20.3,18.4,89.0,0.0,,260.0,18.7,,1010.2,,3.0
2025-08-14,18,19.4,18.6,95.0,0.0,,260.0,18.0,,1010.4,,3.0
2025-08-14,19,19.2,18.4,95.0,0.0,,258.0,17.6,,1010.0,,3.0
2025-08-14,20,19.0,18.3,96.0,0.0,,258.0,17.6,,1009.2,,3.0
2025-08-14,21,19.1,18.4,96.0,0.0,,256.0,17.6,,1008.8,,3.0
2025-08-14,22,19.2,18.5,96.0,0.0,,255.0,18.0,,1008.4,,3.0
2025-08-14,23,19.2,18.2,94.0,0.0,,259.0,19.1,,1008.2,,3.0
2025-08-15,0,19.5,18.3,93.0,0.0,,261.0,18.0,,1008.4,,3.0
2025-08-15,1,19.3,18.1,93.0,0.0,,260.0,17.3,,1008.6,,3.0
2025-08-15,2,20.0,18.5,91.0,0.0,,259.0,18.0,,1009.6,,3.0
2025-08-15,3,21.2,18.2,83.0,0.0,,264.0,25.9,,1010.1,,3.0
2025-08-15,4,22.5,18.3,77.0,0.0,,270.0,24.5,,1010.4,,3.0
2025-08-15,5,23.0,18.3,75.0,0.0,,274.0,25.9,,1010.2,,3.0
2025-08-15,6,24.1,18.5,71.0,0.0,,274.0,26.3,,1009.4,,3.0
2025-08-15,7,25.3,18.5,66.0,0.1,,278.0,23.8,,1008.4,,7.0
2025-08-15,8,26.1,19.0,65.0,0.0,,274.0,21.6,,1006.9,,3.0
2025-08-15,9,25.3,19.4,70.0,0.0,,262.0,22.7,,1005.5,,3.0
2025-08-15,10,23.6,19.1,76.0,1.3,,270.0,22.7,,1005.3,,9.0
2025-08-15,11,23.5,20.2,82.0,0.8,,243.0,18.4,,1005.1,,8.0
2025-08-15,12,21.7,19.3,86.0,2.1,,269.0,23.8,,1006.0,,18.0
2025-08-15,13,21.8,19.4,86.0,0.2,,262.0,19.1,,1006.4,,7.0
2025-08-15,14,21.7,18.7,83.0,0.0,,265.0,18.0,,1007.5,,3.0
2025-08-15,15,21.1,18.7,86.0,1.2,,267.0,19.1,,1008.8,,18.0
2025-08-15,16,20.6,18.7,89.0,1.5,,262.0,19.4,,1009.7,,9.0
2025-08-15,17,20.3,18.6,90.0,0.2,,262.0,21.2,,1009.8,,7.0
2025-08-15,18,20.0,18.5,91.0,0.2,,260.0,20.5,,1009.3,,7.0
2025-08-15,19,19.8,18.5,92.0,0.0,,257.0,20.5,,1008.7,,3.0
2025-08-15,20,19.7,18.2,91.0,0.0,,264.0,22.0,,1007.7,,3.0
2025-08-15,21,19.4,18.1,92.0,0.0,,263.0,20.2,,1007.3,,3.0
2025-08-15,22,19.1,17.9,93.0,0.0,,261.0,22.0,,1006.7,,3.0
2025-08-15,23,19.0,17.8,93.0,0.0,,262.0,22.3,,1006.9,,3.0
2025-08-16,0,19.7,18.7,94.0,0.0,,263.0,19.8,,1006.8,,3.0
2025-08-16,1,20.0,18.7,92.0,0.0,,265.0,21.2,,1007.3,,3.0
2025-08-16,2,20.4,18.9,91.0,0.0,,266.0,19.1,,1008.1,,3.0
2025-08-16,3,21.5,18.5,83.0,0.0,,274.0,26.6,,1008.3,,3.0
2025-08-16,4,23.2,18.1,73.0,0.0,,277.0,29.2,,1008.2,,3.0
2025-08-16,5,24.0,18.4,71.0,0.0,,274.0,27.4,,1007.6,,3.0
2025-08-16,6,24.9,18.1,66.0,0.2,,277.0,26.3,,1007.1,,7.0
2025-08-16,7,24.3,18.7,71.0,1.2,,278.0,26.3,,1006.9,,9.0
2025-08-16,8,25.9,19.3,67.0,0.0,,276.0,22.7,,1005.1,,3.0
2025-08-16,9,26.4,19.3,65.0,0.1,,279.0,22.3,,1004.0,,17.0
2025-08-16,10,23.7,19.6,78.0,0.7,,272.0,25.9,,1004.2,,8.0
2025-08-16,11,23.0,19.6,81.0,1.3,,268.0,19.1,,1004.1,,9.0
2025-08-16,12,22.2,19.9,87.0,0.2,,262.0,17.6,,1004.9,,7.0
2025-08-16,13,22.0,19.4,85.0,0.4,,268.0,15.1,,1005.5,,8.0
2025-08-16,14,21.2,19.1,88.0,0.1,,265.0,18.0,,1006.8,,7.0
2025-08-16,15,21.2,19.5,90.0,0.0,,263.0,16.6,,1007.3,,3.0
2025-08-16,16,20.8,19.3,91.0,0.0,,260.0,18.4,,1007.8,,3.0
2025-08-16,17,20.5,19.2,92.0,0.0,,258.0,19.4,,1008.3,,3.0
2025-08-16,18,20.4,19.2,93.0,0.0,,258.0,18.7,,1008.0,,3.0
2025-08-16,19,20.1,18.9,93.0,0.0,,259.0,18.7,,1007.5,,3.0
2025-08-16,20,20.0,19.3,96.0,0.0,,259.0,19.4,,1006.9,,3.0
2025-08-16,21,19.9,19.1,95.0,0.0,,261.0,20.2,,1006.2,,3.0
2025-08-16,22,19.8,18.8,94.0,0.0,,263.0,19.8,,1005.9,,3.0
2025-08-16,23,19.7,18.7,94.0,0.0,,262.0,19.1,,1006.3,,3.0
2025-08-17,0,19.8,18.8,94.0,0.0,,259.0,18.7,,1006.2,,3.0
2025-08-17,1,19.8,18.8,94.0,0.0,,256.0,19.8,,1007.0,,3.0
2025-08-17,2,20.3,19.0,92.0,0.0,,256.0,20.2,,1007.6,,3.0
2025-08-17,3,21.1,18.7,86.0,0.0,,260.0,28.1,,1008.0,,3.0
2025-08-17,4,22.8,18.6,77.0,0.0,,261.0,28.8,,1007.9,,3.0
2025-08-17,5,23.6,18.5,73.0,0.0,,263.0,27.4,,1007.7,,3.0
2025-08-17,6,23.8,19.1,75.0,0.0,,258.0,25.2,,1007.6,,3.0
2025-08-17,7,25.3,19.4,70.0,0.2,,259.0,25.6,,1006.5,,7.0
2025-08-17,8,25.4,19.3,69.0,0.2,,262.0,24.5,,1005.1,,7.0
2025-08-17,9,24.7,19.8,74.0,0.8,,254.0,25.2,,1005.0,,8.0
2025-08-17,10,22.2,19.7,86.0,6.5,,273.0,21.6,,1005.2,,9.0
2025-08-17,11,22.0,19.9,88.0,1.9,,259.0,20.9,,1005.3,,9.0
2025-08-17,12,21.3,19.4,89.0,0.7,,254.0,24.1,,1005.9,,8.0
2025-08-17,13,21.0,19.5,91.0,1.0,,256.0,22.7,,1006.5,,9.0
2025-08-17,14,20.2,19.5,96.0,1.5,,257.0,21.2,,1007.6,,9.0
2025-08-17,15,20.2,19.5,96.0,1.0,,253.0,20.2,,1008.5,,9.0
2025-08-17,16,20.1,19.3,95.0,0.4,,253.0,19.4,,1009.5,,8.0
2025-08-17,17,19.9,19.1,95.0,0.8,,259.0,20.9,,1009.8,,8.0
2025-08-17,18,19.5,18.8,96.0,1.1,,260.0,20.5,,1009.6,,9.0
2025-08-17,19,19.5,19.0,97.0,1.1,,262.0,20.9,,1009.2,,9.0
2025-08-17,20,19.5,19.0,97.0,0.9,,265.0,22.3,,1008.5,,8.0
2025-08-17,21,19.7,18.7,94.0,0.9,,257.0,22.0,,1008.1,,8.0
2025-08-17,22,19.6,18.6,94.0,0.1,,258.0,21.6,,1008.0,,7.0
2025-08-17,23,19.5,18.3,93.0,0.0,,258.0,20.9,,1008.2,,3.0
2025-08-18,0,19.4,18.2,93.0,0.0,,255.0,21.2,,1008.6,,3.0
2025-08-18,1,19.4,18.1,92.0,0.0,,255.0,20.2,,1009.0,,3.0
2025-08-18,2,19.6,18.3,92.0,0.0,,253.0,24.1,,1009.8,,3.0
2025-08-18,3,20.2,18.7,91.0,0.4,,252.0,24.5,,1010.4,,8.0
2025-08-18,4,21.0,18.6,86.0,0.3,,250.0,27.0,,1010.3,,8.0
2025-08-18,5,21.6,18.4,82.0,0.2,,252.0,28.1,,1010.6,,7.0
2025-08-18,6,22.0,18.8,82.0,0.4,,255.0,28.4,,1010.5,,8.0
2025-08-18,7,22.1,19.6,86.0,0.3,,253.0,23.0,,1009.8,,8.0
2025-08-18,8,22.4,19.8,85.0,0.5,,270.0,25.2,,1009.2,,8.0
2025-08-18,9,21.9,19.5,86.0,1.1,,266.0,21.6,,1008.6,,9.0
2025-08-18,10,21.9,18.9,83.0,0.9,,271.0,25.2,,1008.3,,8.0
2025-08-18,11,21.8,19.4,86.0,0.2,,261.0,22.0,,1007.9,,7.0
2025-08-18,12,21.8,18.6,82.0,0.3,,261.0,23.4,,1007.9,,8.0
2025-08-18,13,21.6,18.4,82.0,0.0,,261.0,22.7,,1008.4,,3.0
2025-08-18,14,21.3,18.1,82.0,0.0,,258.0,23.8,,1009.4,,3.0
2025-08-18,15,20.8,17.8,83.0,0.0,,266.0,24.5,,1010.0,,3.0
2025-08-18,16,20.5,17.9,85.0,0.0,,269.0,26.3,,1010.6,,3.0
2025-08-18,17,20.2,18.0,87.0,0.0,,263.0,22.3,,1011.7,,3.0
2025-08-18,18,20.0,18.0,88.0,0.0,,263.0,23.8,,1011.2,,3.0
2025-08-18,19,19.9,17.9,88.0,0.0,,263.0,25.2,,1010.3,,3.0
2025-08-18,20,19.7,17.8,89.0,0.0,,262.0,25.2,,1009.6,,3.0
2025-08-18,21,19.4,17.0,86.0,0.0,,263.0,25.2,,1009.4,,3.0
2025-08-18,22,19.3,17.1,87.0,0.0,,263.0,24.5,,1008.6,,3.0
2025-08-18,23,19.1,17.2,89.0,0.0,,263.0,22.7,,1008.9,,3.0
2025-08-19,0,19.0,17.1,89.0,0.0,,258.0,22.7,,1009.1,,3.0
2025-08-19,1,19.2,17.2,88.0,0.0,,256.0,22.7,,1009.7,,3.0
2025-08-19,2,19.8,17.8,88.0,0.0,,251.0,20.5,,1010.4,,3.0
2025-08-19,3,21.3,17.7,80.0,0.0,,256.0,31.0,,1010.7,,3.0
2025-08-19,4,22.4,17.8,75.0,0.1,,257.0,33.5,,1010.8,,7.0
2025-08-19,5,23.1,18.4,75.0,0.2,,251.0,31.7,,1011.0,,7.0
2025-08-19,6,23.7,17.9,70.0,0.0,,255.0,33.5,,1010.8,,3.0
2025-08-19,7,25.1,17.6,63.0,0.0,,263.0,32.0,,1009.8,,3.0
2025-08-19,8,24.5,18.2,68.0,0.0,,263.0,31.0,,1008.7,,3.0
2025-08-19,9,24.9,17.9,65.0,0.0,,266.0,28.1,,1007.6,,3.0
2025-08-19,10,24.4,18.1,68.0,0.0,,263.0,26.3,,1007.3,,3.0
2025-08-19,11,24.7,17.9,66.0,0.0,,262.0,28.8,,1006.9,,3.0
2025-08-19,12,23.7,18.1,71.0,0.0,,261.0,26.3,,1007.1,,3.0
2025-08-19,13,21.8,18.2,80.0,0.0,,262.0,25.9,,1008.2,,3.0
2025-08-19,14,21.3,18.3,83.0,0.0,,259.0,23.8,,1009.1,,3.0
2025-08-19,15,20.9,18.3,85.0,0.0,,262.0,24.1,,1010.1,,3.0
2025-08-19,16,20.5,18.4,88.0,0.0,,258.0,23.8,,1010.5,,3.0
2025-08-19,17,20.2,18.5,90.0,0.0,,261.0,23.0,,1011.1,,3.0
2025-08-19,18,19.7,18.2,91.0,0.0,,266.0,22.0,,1011.2,,3.0
2025-08-19,19,19.6,18.3,92.0,0.0,,265.0,20.2,,1010.9,,3.0
2025-08-19,20,19.4,17.7,90.0,0.0,,261.0,20.9,,1010.3,,3.0
2025-08-19,21,19.1,17.4,90.0,0.0,,260.0,19.8,,1009.7,,3.0
2025-08-19,22,18.8,17.3,91.0,0.0,,261.0,19.8,,1009.5,,2.0
2025-08-19,23,19.5,18.2,92.0,0.0,,261.0,19.4,,1009.6,,3.0
2025-08-20,0,19.1,17.9,93.0,0.0,,258.0,19.8,,1010.1,,3.0
2025-08-20,1,19.1,17.9,93.0,0.0,,256.0,19.8,,1010.7,,3.0
2025-08-20,2,20.0,18.3,90.0,0.0,,254.0,23.4,,1011.2,,3.0
2025-08-20,3,21.2,18.0,82.0,0.0,,253.0,26.6,,1011.5,,3.0
2025-08-20,4,23.0,17.5,71.0,0.0,,260.0,27.7,,1011.7,,3.0
2025-08-20,5,24.2,17.2,65.0,0.0,,260.0,28.1,,1011.5,,3.0
2025-08-20,6,24.9,17.4,63.0,0.0,,265.0,25.9,,1011.3,,3.0
2025-08-20,7,25.3,17.5,62.0,0.0,,264.0,25.6,,1010.7,,3.0
2025-08-20,8,26.6,17.1,56.0,0.0,,264.0,24.5,,1009.2,,3.0
2025-08-20,9,26.7,17.8,58.0,0.0,,259.0,23.8,,1007.8,,3.0
2025-08-20,10,26.3,17.7,59.0,0.0,,255.0,22.7,,1007.4,,3.0
2025-08-20,11,25.0,18.4,67.0,0.2,,256.0,23.8,,1007.6,,7.0
2025-08-20,12,23.9,18.8,73.0,0.0,,263.0,21.2,,1008.3,,3.0
2025-08-20,13,22.9,19.3,80.0,0.0,,266.0,16.6,,1009.2,,3.0
2025-08-20,14,22.6,18.8,79.0,0.0,,264.0,16.6,,1010.8,,3.0
2025-08-20,15,22.0,18.4,80.0,0.0,,259.0,16.6,,1011.9,,3.0
2025-08-20,16,21.3,18.1,82.0,0.0,,261.0,16.9,,1012.9,,2.0
2025-08-20,17,20.7,18.3,86.0,0.0,,265.0,16.6,,1013.6,,2.0
2025-08-20,18,20.1,18.2,89.0,0.0,,265.0,15.5,,1013.5,,2.0
2025-08-20,19,19.4,17.9,91.0,0.0,,254.0,11.9,,1012.6,,1.0
2025-08-20,20,19.0,17.8,93.0,0.0,,255.0,12.2,,1012.4,,3.0
2025-08-20,21,18.7,17.7,94.0,0.0,,256.0,12.6,,1012.0,,2.0
2025-08-20,22,18.6,17.9,96.0,0.0,,253.0,13.3,,1011.8,,3.0
2025-08-20,23,18.5,17.8,96.0,0.0,,253.0,14.0,,1012.0,,3.0
2025-08-21,0,18.3,17.8,97.0,0.0,,255.0,14.4,,1012.1,,3.0
2025-08-21,1,18.6,18.1,97.0,0.0,,256.0,14.8,,1012.5,,3.0
2025-08-21,2,19.9,18.6,92.0,0.0,,262.0,20.5,,1013.4,,3.0
2025-08-21,3,21.7,18.3,81.0,0.0,,272.0,21.2,,1013.8,,3.0
2025-08-21,4,23.1,18.4,75.0,0.0,,278.0,21.2,,1013.8,,3.0
2025-08-21,5,23.6,18.7,74.0,0.0,,281.0,18.7,,1013.9,,3.0
2025-08-21,6,24.6,19.0,71.0,0.0,,275.0,16.9,,1013.3,,3.0
2025-08-21,7,25.2,18.9,68.0,0.0,,275.0,16.2,,1012.3,,3.0
2025-08-21,8,26.0,18.9,65.0,0.0,,279.0,13.3,,1010.9,,3.0
2025-08-21,9,26.6,18.7,62.0,0.2,,279.0,13.7,,1009.7,,7.0
2025-08-21,10,26.8,19.4,64.0,0.0,,293.0,12.6,,1008.8,,3.0
2025-08-21,11,26.3,19.4,66.0,0.0,,296.0,11.5,,1008.4,,3.0
2025-08-21,12,26.0,19.6,68.0,0.0,,266.0,10.8,,1008.5,,3.0
2025-08-21,13,24.1,19.6,76.0,0.0,,260.0,10.4,,1009.2,,3.0
2025-08-21,14,22.9,19.7,82.0,0.0,,257.0,9.7,,1010.5,,3.0
2025-08-21,15,22.4,19.8,85.0,0.0,,269.0,7.6,,1012.2,,3.0
2025-08-21,16,21.8,19.5,87.0,0.1,,262.0,10.1,,1013.6,,7.0
2025-08-21,17,21.0,19.5,91.0,0.3,,241.0,11.2,,1014.3,,8.0
2025-08-21,18,20.3,19.3,94.0,0.0,,256.0,10.8,,1014.2,,3.0
2025-08-21,19,20.1,19.3,95.0,0.0,,281.0,10.8,,1013.5,,3.0
2025-08-21,20,20.4,19.4,94.0,0.0,,306.0,11.2,,1012.9,,3.0
2025-08-21,21,20.0,19.2,95.0,0.0,,297.0,11.2,,1012.4,,3.0
2025-08-21,22,19.6,18.9,96.0,0.0,,288.0,10.4,,1011.9,,3.0
2025-08-21,23,19.4,18.9,97.0,0.0,,276.0,9.4,,1012.0,,3.0
2025-08-22,0,19.2,18.9,98.0,0.0,,275.0,9.7,,1012.3,,3.0
2025-08-22,1,19.6,19.3,98.0,0.0,,282.0,11.2,,1012.5,,3.0
2025-08-22,2,20.3,19.5,95.0,0.0,,273.0,13.3,,1013.6,,3.0
2025-08-22,3,21.7,19.3,86.0,0.0,,263.0,15.1,,1014.0,,3.0
2025-08-22,4,23.1,19.1,78.0,0.0,,263.0,14.4,,1013.8,,3.0
2025-08-22,5,24.5,19.6,74.0,0.0,,262.0,13.3,,1013.7,,3.0
2025-08-22,6,25.7,19.8,70.0,0.0,,261.0,12.6,,1012.8,,3.0
2025-08-22,7,26.6,20.0,67.0,0.0,,258.0,13.3,,1011.7,,3.0
2025-08-22,8,26.9,19.8,65.0,0.0,,274.0,13.7,,1010.3,,3.0
2025-08-22,9,27.3,19.1,61.0,0.0,,281.0,11.9,,1008.9,,3.0
2025-08-22,10,25.2,19.1,69.0,0.3,,275.0,13.0,,1008.5,,8.0
2025-08-22,11,24.4,19.5,74.0,0.5,,272.0,15.1,,1009.0,,8.0
2025-08-22,12,23.1,19.7,81.0,0.1,,271.0,11.9,,1009.5,,7.0
2025-08-22,13,22.6,19.8,84.0,0.0,,280.0,9.0,,1009.7,,3.0
2025-08-22,14,22.2,19.9,87.0,0.0,,272.0,6.5,,1010.3,,3.0
2025-08-22,15,22.0,19.9,88.0,0.0,,243.0,4.0,,1011.5,,3.0
2025-08-22,16,22.0,19.7,87.0,0.0,,245.0,5.4,,1012.6,,3.0
2025-08-22,17,21.8,19.5,87.0,0.0,,261.0,9.7,,1013.3,,3.0
2025-08-22,18,21.3,19.4,89.0,0.0,,257.0,9.4,,1013.0,,3.0
2025-08-22,19,20.9,19.2,90.0,0.0,,278.0,9.0,,1012.3,,3.0
2025-08-22,20,20.5,19.2,92.0,0.0,,274.0,10.1,,1011.7,,3.0
2025-08-22,21,20.0,19.3,96.0,0.0,,278.0,8.6,,1010.9,,3.0
2025-08-22,22,19.8,19.3,97.0,0.0,,251.0,8.6,,1010.8,,3.0
2025-08-22,23,19.7,19.4,98.0,0.0,,250.0,7.9,,1010.9,,3.0
2025-08-23,0,19.7,19.4,98.0,0.0,,244.0,9.4,,1011.2,,3.0
2025-08-23,1,19.7,19.2,97.0,0.0,,251.0,10.8,,1011.8,,3.0
2025-08-23,2,20.2,19.5,96.0,0.0,,258.0,13.3,,1012.4,,3.0
2025-08-23,3,21.5,19.1,86.0,0.0,,272.0,13.3,,1012.9,,3.0
2025-08-23,4,22.9,18.7,77.0,0.0,,282.0,14.0,,1012.6,,3.0
2025-08-23,5,24.6,18.5,69.0,0.0,,283.0,13.7,,1012.5,,3.0
2025-08-23,6,26.0,18.2,62.0,0.0,,280.0,14.4,,1011.7,,3.0
2025-08-23,7,26.4,18.8,63.0,0.0,,275.0,14.8,,1010.9,,3.0
2025-08-23,8,27.2,18.2,58.0,0.0,,275.0,14.0,,1009.5,,3.0
2025-08-23,9,27.2,18.2,58.0,0.0,,270.0,13.7,,1008.5,,3.0
2025-08-23,10,27.0,18.6,60.0,0.0,,272.0,14.8,,1008.1,,3.0
2025-08-23,11,26.5,18.4,61.0,0.0,,274.0,14.8,,1007.7,,3.0
2025-08-23,12,25.6,18.3,64.0,0.0,,271.0,15.8,,1008.1,,3.0
2025-08-23,13,23.9,18.5,72.0,0.0,,272.0,13.7,,1009.3,,3.0
2025-08-23,14,23.2,19.2,78.0,0.0,,254.0,11.9,,1010.4,,3.0
2025-08-23,15,22.0,19.0,83.0,0.3,,246.0,13.3,,1011.9,,8.0
2025-08-23,16,21.0,19.3,90.0,0.3,,234.0,13.7,,1013.0,,8.0
2025-08-23,17,21.4,19.0,86.0,0.1,,247.0,12.6,,1013.8,,7.0
2025-08-23,18,20.8,18.7,88.0,0.0,,255.0,14.4,,1013.7,,3.0
2025-08-23,19,20.2,18.7,91.0,0.0,,259.0,13.7,,1013.1,,3.0
2025-08-23,20,19.7,18.5,93.0,0.0,,263.0,13.7,,1012.5,,3.0
2025-08-23,21,19.2,18.5,96.0,0.0,,263.0,13.7,,1011.8,,3.0
2025-08-23,22,19.1,18.6,97.0,0.0,,259.0,12.2,,1011.5,,3.0
2025-08-23,23,19.0,18.5,97.0,0.0,,262.0,12.6,,1011.6,,3.0
2025-08-24,0,18.8,18.3,97.0,0.0,,260.0,13.3,,1011.8,,3.0
2025-08-24,1,18.7,18.4,98.0,0.0,,260.0,13.7,,1012.3,,3.0
2025-08-24,2,19.7,18.5,93.0,0.0,,262.0,18.4,,1012.8,,3.0
2025-08-24,3,21.5,18.1,81.0,0.0,,274.0,18.4,,1013.6,,3.0
2025-08-24,4,23.5,17.9,71.0,0.0,,278.0,18.7,,1013.4,,3.0
2025-08-24,5,24.6,18.3,68.0,0.0,,272.0,16.6,,1013.2,,3.0
2025-08-24,6,26.0,18.4,63.0,0.0,,275.0,17.6,,1012.7,,3.0
2025-08-24,7,26.9,18.5,60.0,0.0,,279.0,18.0,,1011.9,,3.0
2025-08-24,8,27.6,18.0,56.0,0.0,,279.0,17.3,,1010.5,,3.0
2025-08-24,9,27.7,18.1,56.0,0.0,,283.0,16.9,,1009.5,,3.0
2025-08-24,10,27.8,18.2,56.0,0.0,,288.0,16.9,,1008.9,,3.0
2025-08-24,11,26.7,17.8,58.0,0.0,,290.0,16.6,,1008.6,,3.0
2025-08-24,12,26.1,18.0,61.0,0.0,,286.0,13.7,,1008.9,,3.0
2025-08-24,13,24.5,17.5,65.0,0.0,,276.0,7.9,,1009.9,,3.0
2025-08-24,14,23.6,17.6,69.0,0.0,,297.0,9.4,,1010.9,,3.0
2025-08-24,15,22.9,17.8,73.0,0.0,,291.0,10.4,,1012.2,,3.0
2025-08-24,16,22.3,17.9,76.0,0.0,,273.0,10.1,,1013.4,,3.0
2025-08-24,17,21.5,17.9,80.0,0.0,,265.0,10.1,,1014.3,,3.0
2025-08-24,18,20.7,18.1,85.0,0.0,,266.0,10.4,,1014.1,,3.0
2025-08-24,19,20.1,18.4,90.0,0.0,,267.0,11.2,,1013.7,,3.0
2025-08-24,20,19.4,18.2,93.0,0.0,,267.0,11.9,,1013.2,,3.0
2025-08-24,21,18.8,18.1,96.0,0.0,,262.0,11.9,,1012.6,,3.0
2025-08-24,22,18.3,17.8,97.0,0.0,,259.0,12.2,,1012.1,,3.0
2025-08-24,23,18.1,17.6,97.0,0.0,,259.0,9.7,,1012.2,,3.0
2025-08-25,0,17.8,17.3,97.0,0.0,,254.0,10.1,,1012.4,,3.0
2025-08-25,1,17.7,17.2,97.0,0.0,,254.0,11.2,,1012.7,,3.0
2025-08-25,2,18.9,17.6,92.0,0.0,,257.0,14.0,,1013.3,,3.0
2025-08-25,3,20.7,18.1,85.0,0.0,,254.0,14.8,,1013.3,,3.0
2025-08-25,4,23.3,18.4,74.0,0.0,,271.0,15.8,,1013.1,,3.0
2025-08-25,5,25.1,17.8,64.0,0.0,,278.0,17.3,,1012.7,,3.0
2025-08-25,6,26.3,17.9,60.0,0.0,,284.0,18.7,,1012.1,,3.0
2025-08-25,7,26.9,17.7,57.0,0.0,,289.0,20.5,,1011.0,,3.0
2025-08-25,8,26.9,17.4,56.0,0.0,,292.0,20.5,,1009.7,,3.0
2025-08-25,9,26.9,16.8,54.0,0.0,,292.0,19.1,,1008.6,,3.0
2025-08-25,10,26.7,16.3,53.0,0.0,,291.0,17.6,,1007.8,,3.0
2025-08-25,11,26.4,16.1,53.0,0.0,,281.0,14.8,,1007.5,,3.0
2025-08-25,12,25.8,16.6,57.0,0.0,,274.0,10.1,,1007.4,,3.0
2025-08-25,13,24.5,17.5,65.0,0.0,,292.0,7.9,,1007.9,,3.0
2025-08-25,14,23.5,17.7,70.0,0.0,,301.0,6.5,,1009.2,,3.0
2025-08-25,15,22.8,17.7,73.0,0.0,,309.0,7.2,,1010.3,,3.0
2025-08-25,16,22.5,17.6,74.0,0.0,,310.0,9.0,,1011.3,,3.0
2025-08-25,17,22.0,17.8,77.0,0.0,,298.0,9.7,,1011.9,,3.0
2025-08-25,18,21.4,17.8,80.0,0.0,,287.0,10.4,,1012.2,,3.0
2025-08-25,19,20.8,18.2,85.0,0.0,,277.0,10.4,,1011.4,,3.0
2025-08-25,20,20.1,18.4,90.0,0.0,,274.0,9.7,,1010.8,,3.0
2025-08-25,21,19.5,18.2,92.0,0.0,,262.0,8.3,,1010.7,,3.0
2025-08-25,22,19.1,18.3,95.0,0.0,,274.0,9.0,,1010.6,,3.0
2025-08-25,23,18.8,18.1,96.0,0.0,,278.0,8.6,,1011.0,,3.0
2025-08-26,0,18.5,17.8,96.0,0.0,,276.0,8.6,,1011.5,,3.0
2025-08-26,1,18.3,17.7,96.0,0.0,,273.0,9.7,,1011.8,,3.0
2025-08-26,2,19.6,18.1,91.0,0.0,,259.0,10.4,,1012.3,,3.0
2025-08-26,3,21.4,18.4,83.0,0.0,,250.0,12.6,,1013.0,,3.0
2025-08-26,4,23.6,17.6,69.0,0.0,,261.0,17.6,,1013.0,,3.0
2025-08-26,5,24.9,18.1,66.0,0.0,,260.0,17.6,,1012.7,,3.0
2025-08-26,6,25.7,18.1,63.0,0.0,,267.0,19.4,,1011.6,,3.0
2025-08-26,7,26.0,18.2,62.0,0.2,,268.0,19.8,,1010.8,,17.0
2025-08-26,8,27.1,18.1,58.0,0.0,,272.0,19.1,,1009.4,,3.0
2025-08-26,9,27.1,17.3,55.0,0.0,,278.0,18.7,,1008.1,,3.0
2025-08-26,10,27.2,17.1,54.0,0.0,,273.0,18.4,,1007.2,,3.0
2025-08-26,11,26.4,17.2,57.0,0.3,,268.0,20.2,,1007.1,,17.0
2025-08-26,12,24.5,18.2,68.0,0.1,,264.0,22.3,,1008.0,,7.0
2025-08-26,13,23.2,18.3,74.0,0.3,,272.0,17.6,,1009.0,,17.0
2025-08-26,14,21.0,18.9,88.0,2.2,,306.0,15.1,,1011.0,,9.0
2025-08-26,15,21.5,19.1,86.0,0.0,,266.0,16.9,,1010.9,,3.0
2025-08-26,16,21.4,18.4,83.0,0.0,,262.0,19.1,,1011.9,,3.0
2025-08-26,17,20.9,18.5,86.0,0.0,,265.0,18.4,,1012.5,,3.0
2025-08-26,18,20.5,18.4,88.0,0.0,,267.0,17.3,,1012.0,,3.0
2025-08-26,19,20.2,18.7,91.0,0.0,,265.0,17.6,,1011.2,,3.0
2025-08-26,20,20.0,18.7,92.0,0.0,,261.0,18.0,,1010.3,,3.0
2025-08-26,21,19.5,18.8,96.0,0.0,,272.0,15.5,,1009.8,,3.0
2025-08-26,22,19.7,19.0,96.0,0.1,,264.0,16.6,,1009.6,,7.0
2025-08-26,23,19.5,19.0,97.0,0.0,,266.0,15.8,,1009.5,,3.0
2025-08-27,0,19.3,18.8,97.0,0.0,,262.0,15.1,,1009.8,,3.0
2025-08-27,1,19.6,19.1,97.0,0.0,,260.0,15.8,,1010.3,,3.0
2025-08-27,2,20.4,18.7,90.0,0.0,,265.0,19.8,,1010.6,,3.0
2025-08-27,3,22.2,18.2,78.0,0.0,,268.0,20.9,,1011.0,,3.0
2025-08-27,4,22.8,18.3,76.0,0.0,,264.0,23.8,,1011.4,,3.0
2025-08-27,5,23.7,18.4,72.0,0.0,,266.0,23.4,,1011.3,,3.0
2025-08-27,6,24.2,18.2,69.0,0.0,,268.0,22.0,,1010.7,,3.0
2025-08-27,7,26.5,18.9,63.0,0.0,,266.0,21.2,,1008.2,,3.0
2025-08-27,8,27.0,18.6,60.0,0.3,,258.0,23.0,,1006.8,,8.0
2025-08-27,9,24.2,20.3,79.0,5.4,,260.0,20.2,,1007.0,,9.0
2025-08-27,10,22.8,19.6,82.0,6.0,,270.0,23.4,,1006.9,,9.0
2025-08-27,11,22.2,19.7,86.0,0.8,,261.0,22.7,,1007.3,,8.0
2025-08-27,12,21.6,19.7,89.0,0.5,,256.0,16.9,,1007.9,,8.0
2025-08-27,13,21.5,19.8,90.0,0.8,,259.0,16.6,,1008.6,,8.0
2025-08-27,14,21.2,19.7,91.0,0.3,,258.0,18.7,,1009.0,,8.0
2025-08-27,15,20.9,19.6,92.0,0.0,,255.0,19.1,,1009.6,,3.0
2025-08-27,16,20.7,19.4,92.0,0.0,,257.0,19.4,,1010.3,,3.0
2025-08-27,17,20.5,19.7,95.0,0.0,,251.0,17.6,,1010.9,,3.0
2025-08-27,18,20.4,19.6,95.0,0.4,,257.0,18.0,,1011.0,,8.0
2025-08-27,19,20.1,19.6,97.0,0.3,,256.0,18.0,,1010.3,,8.0
2025-08-27,20,20.1,19.6,97.0,0.3,,256.0,19.1,,1009.8,,8.0
2025-08-27,21,19.9,19.4,97.0,0.0,,253.0,17.6,,1008.9,,3.0
2025-08-27,22,19.8,19.3,97.0,0.0,,252.0,19.4,,1008.6,,3.0
2025-08-27,23,19.6,19.3,98.0,0.0,,253.0,18.0,,1008.6,,3.0
2025-08-28,0,19.8,19.3,97.0,0.0,,244.0,18.4,,1009.2,,3.0
2025-08-28,1,19.8,19.3,97.0,0.0,,240.0,19.1,,1009.8,,3.0
2025-08-28,2,20.0,19.3,96.0,0.0,,242.0,21.2,,1010.3,,3.0
2025-08-28,3,20.9,19.2,90.0,0.0,,246.0,22.0,,1010.6,,3.0
2025-08-28,4,22.8,19.0,79.0,0.1,,256.0,25.2,,1010.6,,7.0
2025-08-28,5,23.5,19.0,76.0,0.1,,260.0,24.1,,1010.5,,7.0
2025-08-28,6,24.6,19.4,73.0,0.0,,260.0,23.4,,1009.9,,3.0
2025-08-28,7,23.7,19.6,78.0,1.0,,250.0,24.5,,1009.7,,9.0
2025-08-28,8,22.6,19.6,83.0,0.9,,234.0,23.0,,1007.8,,8.0
2025-08-28,9,24.0,19.5,76.0,0.0,,249.0,21.2,,1006.4,,3.0
2025-08-28,10,24.4,20.5,79.0,0.0,,248.0,21.2,,1006.0,,3.0
2025-08-28,11,22.7,19.5,82.0,1.5,,248.0,22.3,,1006.9,,9.0
2025-08-28,12,21.9,20.0,89.0,0.3,,245.0,15.1,,1006.9,,8.0
2025-08-28,13,21.1,19.9,93.0,0.3,,258.0,18.0,,1007.7,,8.0
2025-08-28,14,20.8,19.8,94.0,0.0,,253.0,15.5,,1008.7,,3.0
2025-08-28,15,20.7,19.7,94.0,0.0,,256.0,15.8,,1009.8,,3.0
2025-08-28,16,20.5,19.5,94.0,0.0,,252.0,17.3,,1010.7,,3.0
2025-08-28,17,20.5,19.5,94.0,0.0,,253.0,16.9,,1010.7,,3.0
2025-08-28,18,20.3,19.6,96.0,0.0,,249.0,18.7,,1010.6,,3.0
2025-08-28,19,20.0,19.7,98.0,0.0,,247.0,18.4,,1010.1,,3.0
2025-08-28,20,19.9,19.4,97.0,0.0,,247.0,18.7,,1009.5,,3.0
2025-08-28,21,19.8,19.3,97.0,0.0,,248.0,17.3,,1008.7,,3.0
2025-08-28,22,19.5,19.0,97.0,0.0,,247.0,17.3,,1008.6,,3.0
2025-08-28,23,19.6,18.9,96.0,0.0,,256.0,19.8,,1008.8,,3.0
2025-08-29,0,19.8,19.1,96.0,0.0,,258.0,19.4,,1009.4,,3.0
2025-08-29,1,19.9,19.2,96.0,0.0,,257.0,19.4,,1009.7,,3.0
2025-08-29,2,20.1,19.3,95.0,0.0,,252.0,19.4,,1010.1,,3.0
2025-08-29,3,20.9,19.2,90.0,0.0,,252.0,22.0,,1010.5,,3.0
2025-08-29,4,22.1,18.9,82.0,0.0,,259.0,24.5,,1009.9,,3.0
2025-08-29,5,24.3,18.9,72.0,0.0,,264.0,26.3,,1010.1,,3.0
2025-08-29,6,25.1,19.0,69.0,0.0,,268.0,24.8,,1009.8,,3.0
2025-08-29,7,26.7,18.8,62.0,0.0,,269.0,22.0,,1008.5,,3.0
2025-08-29,8,26.9,18.5,60.0,0.0,,264.0,21.2,,1007.4,,3.0
2025-08-29,9,25.3,18.2,65.0,0.0,,262.0,23.0,,1007.6,,3.0
2025-08-29,10,25.0,18.2,66.0,0.0,,255.0,19.8,,1007.1,,3.0
2025-08-29,11,25.0,18.4,67.0,0.0,,256.0,21.6,,1006.9,,3.0
2025-08-29,12,24.3,18.9,72.0,0.0,,245.0,19.1,,1007.5,,3.0
2025-08-29,13,23.1,19.1,78.0,0.0,,252.0,15.1,,1008.3,,3.0
2025-08-29,14,21.7,19.1,85.0,0.0,,246.0,15.5,,1010.1,,3.0
2025-08-29,15,21.2,19.1,88.0,0.0,,248.0,16.6,,1011.1,,3.0
2025-08-29,16,20.8,19.5,92.0,0.0,,248.0,15.8,,1012.1,,3.0
2025-08-29,17,20.5,19.5,94.0,0.0,,248.0,15.5,,1012.8,,2.0
2025-08-29,18,20.1,19.4,96.0,0.0,,246.0,14.4,,1012.3,,3.0
2025-08-29,19,20.7,19.4,92.0,0.0,,249.0,12.6,,1011.5,,3.0
2025-08-29,20,20.3,19.5,95.0,0.0,,248.0,14.0,,1010.6,,3.0
2025-08-29,21,20.1,19.6,97.0,0.0,,247.0,14.0,,1010.2,,3.0
2025-08-29,22,19.9,19.4,97.0,0.0,,249.0,14.0,,1010.1,,3.0
2025-08-29,23,19.8,19.3,97.0,0.0,,246.0,14.0,,1010.6,,3.0
2025-08-30,0,19.7,19.2,97.0,0.0,,242.0,14.8,,1011.2,,3.0
2025-08-30,1,19.7,19.2,97.0,0.0,,235.0,14.0,,1011.7,,3.0
2025-08-30,2,19.8,19.1,96.0,0.0,,241.0,16.6,,1011.9,,3.0
2025-08-30,3,21.3,19.0,87.0,0.0,,251.0,20.9,,1012.5,,3.0
2025-08-30,4,22.8,19.0,79.0,0.2,,253.0,22.3,,1012.5,,7.0
2025-08-30,5,24.1,19.4,75.0,0.0,,260.0,23.8,,1012.1,,3.0
2025-08-30,6,25.4,19.3,69.0,0.1,,263.0,22.3,,1011.5,,7.0
2025-08-30,7,26.9,19.3,63.0,0.3,,264.0,23.0,,1010.7,,8.0
2025-08-30,8,27.4,19.0,60.0,0.0,,264.0,21.2,,1009.3,,3.0
2025-08-30,9,27.5,19.0,60.0,0.1,,262.0,23.0,,1008.3,,17.0
2025-08-30,10,26.7,19.8,66.0,0.3,,270.0,19.1,,1007.8,,8.0
2025-08-30,11,26.2,19.8,68.0,0.2,,269.0,17.6,,1007.8,,17.0
2025-08-30,12,24.6,19.9,75.0,0.4,,283.0,16.9,,1008.7,,17.0
2025-08-30,13,23.6,19.9,80.0,0.2,,262.0,13.7,,1009.6,,17.0
2025-08-30,14,22.8,19.8,83.0,0.2,,275.0,17.6,,1010.8,,17.0
2025-08-30,15,21.2,19.8,92.0,0.0,,268.0,13.0,,1012.1,,3.0
2025-08-30,16,21.2,19.5,90.0,0.0,,258.0,16.6,,1012.8,,3.0
2025-08-30,17,20.7,19.2,91.0,0.0,,258.0,17.6,,1013.4,,3.0
2025-08-30,18,20.5,19.0,91.0,0.0,,261.0,18.4,,1013.0,,3.0
2025-08-30,19,20.3,19.0,92.0,0.0,,265.0,17.3,,1012.6,,3.0
2025-08-30,20,20.1,19.1,94.0,0.0,,267.0,16.9,,1011.8,,3.0
2025-08-30,21,19.9,19.1,95.0,0.0,,265.0,17.6,,1011.1,,3.0
2025-08-30,22,19.8,19.0,95.0,0.0,,263.0,16.6,,1010.7,,3.0
2025-08-30,23,19.7,18.9,95.0,0.0,,260.0,16.2,,1011.0,,3.0
2025-08-31,0,19.6,18.8,95.0,0.0,,262.0,16.6,,1011.3,,3.0
2025-08-31,1,19.9,18.7,93.0,0.0,,268.0,15.5,,1011.5,,3.0
2025-08-31,2,20.7,19.0,90.0,0.0,,268.0,16.9,,1011.9,,3.0
2025-08-31,3,22.1,18.9,82.0,0.0,,273.0,22.3,,1012.1,,3.0
2025-08-31,4,23.2,18.7,76.0,0.0,,280.0,21.2,,1012.0,,3.0
2025-08-31,5,24.2,19.1,73.0,0.1,,279.0,20.9,,1012.2,,7.0
2025-08-31,6,24.8,19.2,71.0,0.0,,276.0,20.9,,1012.0,,3.0
2025-08-31,7,25.7,19.1,67.0,0.2,,276.0,20.9,,1010.9,,7.0
2025-08-31,8,26.0,19.9,69.0,0.5,,277.0,19.1,,1009.5,,8.0
2025-08-31,9,27.0,19.6,64.0,0.0,,275.0,16.2,,1007.7,,3.0
2025-08-31,10,23.6,19.7,79.0,1.0,,276.0,19.8,,1007.8,,9.0
2025-08-31,11,22.5,20.0,86.0,2.5,,281.0,18.0,,1008.5,,9.0
2025-08-31,12,22.4,20.1,87.0,0.3,,282.0,16.6,,1008.5,,8.0
2025-08-31,13,21.5,19.8,90.0,0.3,,273.0,15.5,,1008.9,,8.0
2025-08-31,14,21.2,19.5,90.0,0.0,,271.0,15.8,,1009.3,,3.0
2025-08-31,15,21.2,19.5,90.0,0.0,,271.0,16.6,,1010.0,,3.0
2025-08-31,16,21.6,19.7,89.0,0.0,,263.0,15.1,,1011.4,,3.0
2025-08-31,17,21.4,19.5,89.0,0.0,,270.0,15.1,,1012.1,,3.0
2025-08-31,18,21.0,19.3,90.0,0.0,,270.0,14.4,,1011.9,,3.0
2025-08-31,19,20.5,19.2,92.0,0.0,,268.0,14.8,,1011.0,,3.0
2025-08-31,20,20.1,18.9,93.0,0.0,,273.0,15.8,,1010.1,,3.0
2025-08-31,21,19.9,19.1,95.0,0.0,,281.0,18.0,,1009.0,,3.0
2025-08-31,22,19.8,18.8,94.0,0.0,,282.0,19.8,,1008.7,,3.0
2025-08-31,23,20.0,18.8,93.0,0.0,,278.0,20.2,,1009.0,,3.0
2025-09-01,0,19.9,18.7,93.0,0.0,,276.0,20.2,,1009.4,,3.0
2025-09-01,1,20.0,18.7,92.0,0.0,,278.0,19.4,,1009.7,,3.0
2025-09-01,2,20.2,19.0,93.0,0.0,,286.0,18.0,,1010.5,,3.0
2025-09-01,3,21.4,18.6,84.0,0.0,,292.0,25.2,,1010.9,,3.0
2025-09-01,4,23.0,18.3,75.0,0.0,,289.0,24.5,,1010.8,,3.0
2025-09-01,5,24.1,18.5,71.0,0.1,,287.0,25.9,,1010.7,,7.0
2025-09-01,6,24.9,18.6,68.0,0.0,,284.0,25.2,,1010.2,,3.0
2025-09-01,7,26.4,18.8,63.0,0.1,,290.0,24.1,,1008.4,,7.0
2025-09-01,8,26.7,19.3,64.0,0.0,,283.0,23.0,,1007.1,,3.0
2025-09-01,9,26.4,19.0,64.0,0.0,,292.0,23.8,,1005.7,,3.0
2025-09-01,10,24.4,19.9,76.0,2.1,,258.0,22.3,,1006.4,,9.0
2025-09-01,11,22.7,19.1,80.0,1.1,,253.0,19.4,,1006.8,,9.0
2025-09-01,12,22.6,19.4,82.0,0.0,,259.0,14.8,,1006.6,,3.0
2025-09-01,13,22.4,19.8,85.0,0.0,,260.0,15.1,,1007.1,,3.0
2025-09-01,14,22.3,19.3,83.0,0.0,,266.0,15.1,,1008.0,,3.0
2025-09-01,15,21.9,19.1,84.0,0.0,,269.0,16.9,,1009.0,,3.0
2025-09-01,16,21.7,18.7,83.0,0.0,,278.0,16.6,,1009.8,,3.0
2025-09-01,17,21.1,18.1,83.0,0.0,,278.0,17.3,,1010.5,,3.0
2025-09-01,18,20.6,18.2,86.0,0.0,,276.0,18.0,,1010.5,,3.0
2025-09-01,19,20.1,18.0,88.0,0.0,,272.0,17.3,,1009.8,,3.0
2025-09-01,20,19.7,18.2,91.0,0.0,,271.0,17.6,,1009.0,,3.0
2025-09-01,21,19.4,18.2,93.0,0.0,,270.0,18.0,,1008.3,,3.0
2025-09-01,22,19.2,17.9,92.0,0.0,,276.0,16.9,,1008.0,,3.0
2025-09-01,23,19.0,17.8,93.0,0.0,,271.0,17.3,,1008.3,,3.0
2025-09-02,0,18.8,17.8,94.0,0.0,,268.0,17.3,,1008.4,,3.0
2025-09-02,1,19.0,18.0,94.0,0.0,,267.0,16.9,,1008.7,,3.0
2025-09-02,2,19.9,18.2,90.0,0.0,,277.0,22.0,,1009.6,,3.0
2025-09-02,3,21.8,18.0,79.0,0.0,,281.0,25.2,,1010.5,,3.0
2025-09-02,4,22.5,18.1,76.0,0.0,,278.0,27.0,,1010.6,,3.0
2025-09-02,5,23.9,18.3,71.0,0.0,,280.0,27.0,,1010.5,,3.0
2025-09-02,6,25.0,18.4,67.0,0.0,,282.0,27.0,,1009.6,,3.0
2025-09-02,7,26.4,18.3,61.0,0.2,,282.0,25.2,,1008.5,,7.0
2025-09-02,8,26.9,19.0,62.0,0.0,,280.0,24.8,,1006.2,,3.0
2025-09-02,9,26.6,18.5,61.0,0.2,,275.0,24.5,,1005.2,,7.0
2025-09-02,10,23.6,19.7,79.0,1.8,,249.0,18.7,,1006.1,,9.0
2025-09-02,11,24.4,19.7,75.0,0.2,,273.0,20.5,,1005.8,,7.0
2025-09-02,12,22.0,19.4,85.0,0.9,,267.0,19.8,,1006.9,,8.0
2025-09-02,13,21.3,19.4,89.0,0.1,,280.0,16.6,,1008.5,,7.0
2025-09-02,14,21.1,19.2,89.0,0.0,,278.0,17.3,,1009.1,,3.0
2025-09-02,15,21.2,19.3,89.0,0.0,,272.0,16.2,,1009.5,,3.0
2025-09-02,16,20.9,19.0,89.0,0.0,,265.0,16.2,,1010.2,,3.0
2025-09-02,17,20.6,18.7,89.0,0.0,,261.0,17.3,,1010.7,,3.0
2025-09-02,18,20.1,18.6,91.0,0.0,,261.0,18.0,,1010.5,,3.0
2025-09-02,19,19.8,18.6,93.0,0.0,,267.0,18.7,,1009.8,,3.0
2025-09-02,20,19.4,18.4,94.0,0.0,,270.0,18.7,,1008.9,,3.0
2025-09-02,21,19.3,18.5,95.0,0.0,,265.0,18.7,,1008.3,,3.0
2025-09-02,22,19.4,18.6,95.0,0.0,,264.0,19.1,,1007.9,,3.0
2025-09-02,23,19.6,18.4,93.0,0.0,,264.0,19.4,,1008.1,,3.0
2025-09-03,0,19.6,18.6,94.0,0.0,,267.0,20.2,,1008.2,,3.0
2025-09-03,1,19.8,18.6,93.0,0.0,,271.0,19.4,,1008.7,,3.0
2025-09-03,2,20.6,18.9,90.0,0.0,,270.0,21.2,,1009.4,,3.0
2025-09-03,3,22.0,18.6,81.0,0.1,,280.0,27.4,,1010.1,,7.0
2025-09-03,4,23.0,18.5,76.0,0.0,,284.0,26.3,,1010.3,,3.0
2025-09-03,5,24.0,18.6,72.0,0.1,,287.0,24.1,,1010.0,,7.0
2025-09-03,6,25.5,18.7,66.0,0.3,,289.0,24.8,,1009.2,,8.0
2025-09-03,7,26.0,19.4,67.0,0.2,,286.0,24.1,,1008.6,,7.0
2025-09-03,8,26.7,19.3,64.0,0.0,,284.0,22.7,,1007.1,,3.0
2025-09-03,9,26.6,19.0,63.0,0.0,,282.0,20.5,,1005.9,,3.0
2025-09-03,10,24.0,20.1,79.0,0.8,,260.0,19.1,,1005.8,,8.0
2025-09-03,11,24.0,19.9,78.0,0.8,,264.0,19.1,,1005.9,,8.0
2025-09-03,12,22.8,19.8,83.0,1.2,,261.0,18.0,,1006.7,,9.0
2025-09-03,13,22.0,19.4,85.0,0.0,,263.0,14.8,,1007.2,,3.0
2025-09-03,14,21.7,19.4,87.0,0.0,,256.0,14.8,,1008.3,,3.0
2025-09-03,15,21.2,19.7,91.0,0.0,,259.0,15.5,,1009.7,,3.0
2025-09-03,16,20.9,19.4,91.0,0.0,,252.0,16.6,,1010.3,,3.0
2025-09-03,17,20.5,19.2,92.0,0.0,,254.0,15.5,,1011.2,,3.0
2025-09-03,18,20.1,19.1,94.0,0.0,,254.0,15.8,,1011.2,,3.0
2025-09-03,19,19.7,18.9,95.0,0.0,,256.0,18.4,,1010.6,,3.0
2025-09-03,20,19.5,19.0,97.0,0.0,,257.0,14.8,,1009.9,,3.0
2025-09-03,21,19.6,19.1,97.0,0.0,,258.0,14.4,,1009.1,,3.0
2025-09-03,22,19.7,19.0,96.0,0.0,,257.0,16.2,,1009.1,,3.0
2025-09-03,23,19.6,18.9,96.0,0.0,,259.0,14.8,,1009.4,,3.0
2025-09-04,0,19.4,18.9,97.0,0.0,,258.0,15.1,,1009.6,,3.0
2025-09-04,1,19.4,18.7,96.0,0.0,,262.0,15.1,,1010.0,,3.0
2025-09-04,2,20.2,18.9,92.0,0.0,,266.0,18.7,,1010.2,,3.0
2025-09-04,3,22.2,18.6,80.0,0.0,,273.0,20.9,,1010.6,,3.0
2025-09-04,4,23.4,18.7,75.0,0.1,,278.0,21.2,,1010.9,,7.0
2025-09-04,5,24.6,18.8,70.0,0.3,,277.0,22.7,,1010.5,,8.0
2025-09-04,6,25.0,18.9,69.0,0.3,,274.0,23.0,,1010.3,,8.0
2025-09-04,7,26.0,19.4,67.0,0.1,,271.0,22.3,,1009.1,,17.0
2025-09-04,8,26.2,19.1,65.0,0.0,,275.0,21.2,,1007.8,,3.0
2025-09-04,9,26.6,19.5,65.0,0.1,,273.0,21.6,,1006.7,,7.0
2025-09-04,10,26.5,19.1,64.0,0.0,,274.0,19.8,,1006.1,,3.0
2025-09-04,11,25.0,19.1,70.0,0.2,,268.0,21.2,,1006.6,,7.0
2025-09-04,12,24.7,19.5,73.0,0.0,,263.0,16.6,,1006.7,,3.0
2025-09-04,13,23.5,19.0,76.0,0.0,,258.0,14.8,,1007.6,,3.0
2025-09-04,14,22.7,19.1,80.0,0.0,,255.0,13.7,,1008.7,,3.0
2025-09-04,15,22.1,19.1,83.0,0.0,,252.0,14.8,,1009.8,,3.0
2025-09-04,16,21.6,19.0,85.0,0.0,,254.0,14.4,,1010.9,,3.0
2025-09-04,17,21.0,18.9,88.0,0.0,,258.0,13.3,,1011.9,,3.0
2025-09-04,18,20.4,18.9,91.0,0.0,,257.0,13.7,,1012.1,,3.0
2025-09-04,19,19.8,18.8,94.0,0.0,,256.0,13.7,,1011.8,,3.0
2025-09-04,20,19.4,18.7,96.0,0.0,,258.0,14.0,,1011.4,,3.0
2025-09-04,21,19.5,19.0,97.0,0.0,,258.0,12.6,,1010.5,,3.0
2025-09-04,22,19.2,18.9,98.0,0.0,,258.0,12.6,,1010.4,,3.0
2025-09-04,23,19.3,18.8,97.0,0.0,,258.0,13.7,,1010.5,,3.0
2025-09-05,0,19.1,18.6,97.0,0.0,,254.0,12.6,,1010.9,,3.0
2025-09-05,1,19.5,18.8,96.0,0.0,,254.0,12.6,,1011.4,,3.0
2025-09-05,2,20.4,19.2,93.0,0.0,,261.0,16.2,,1012.3,,3.0
2025-09-05,3,22.1,19.1,83.0,0.0,,270.0,18.7,,1012.7,,3.0
2025-09-05,4,23.6,18.7,74.0,0.0,,277.0,18.4,,1012.3,,3.0
2025-09-05,5,24.3,19.2,73.0,0.0,,276.0,16.9,,1012.1,,3.0
2025-09-05,6,25.8,19.0,66.0,0.2,,278.0,17.3,,1011.3,,7.0
2025-09-05,7,26.9,18.7,61.0,0.2,,275.0,17.3,,1009.9,,17.0
2025-09-05,8,27.3,18.6,59.0,0.2,,271.0,17.6,,1008.3,,17.0
2025-09-05,9,27.1,18.7,60.0,0.2,,274.0,18.4,,1007.4,,17.0
2025-09-05,10,26.9,19.3,63.0,0.2,,271.0,16.6,,1006.7,,17.0
2025-09-05,11,26.3,18.9,64.0,0.0,,266.0,15.5,,1006.5,,2.0
2025-09-05,12,26.1,19.0,65.0,0.0,,268.0,14.4,,1006.8,,3.0
2025-09-05,13,24.6,19.0,71.0,0.0,,260.0,12.6,,1007.7,,2.0
2025-09-05,14,23.7,19.2,76.0,0.0,,261.0,13.3,,1009.2,,2.0
2025-09-05,15,22.8,19.4,81.0,0.0,,256.0,14.0,,1010.5,,2.0
2025-09-05,16,22.1,19.1,83.0,0.0,,264.0,15.1,,1011.8,,2.0
2025-09-05,17,21.4,19.1,87.0,0.0,,264.0,14.8,,1012.4,,2.0
2025-09-05,18,20.7,19.0,90.0,0.0,,264.0,14.8,,1012.5,,1.0
2025-09-05,19,20.0,19.0,94.0,0.0,,258.0,13.7,,1012.2,,1.0
2025-09-05,20,19.6,18.9,96.0,0.0,,257.0,13.7,,1011.6,,1.0
2025-09-05,21,19.3,18.8,97.0,0.0,,259.0,13.7,,1011.0,,2.0
2025-09-05,22,19.3,19.0,98.0,0.0,,255.0,12.2,,1010.3,,3.0
2025-09-05,23,19.3,19.0,98.0,0.0,,257.0,11.5,,1011.1,,3.0
2025-09-06,0,19.4,18.9,97.0,0.0,,261.0,12.2,,1011.9,,3.0
2025-09-06,1,19.4,18.9,97.0,0.0,,268.0,12.2,,1012.5,,3.0
2025-09-06,2,20.2,19.0,93.0,0.0,,275.0,15.1,,1013.0,,3.0
2025-09-06,3,21.8,18.8,83.0,0.0,,278.0,14.8,,1013.2,,3.0
2025-09-06,4,23.5,19.0,76.0,0.0,,276.0,14.0,,1013.4,,3.0
2025-09-06,5,24.4,19.0,72.0,0.0,,274.0,13.3,,1012.9,,3.0
2025-09-06,6,25.9,19.1,66.0,0.2,,272.0,12.6,,1012.4,,17.0
2025-09-06,7,26.9,19.8,65.0,0.0,,269.0,12.2,,1011.1,,3.0
2025-09-06,8,27.1,19.7,64.0,0.0,,268.0,14.0,,1010.0,,2.0
2025-09-06,9,26.7,19.1,63.0,0.0,,268.0,14.0,,1008.7,,3.0
2025-09-06,10,27.1,18.9,61.0,0.0,,273.0,14.4,,1007.8,,2.0
2025-09-06,11,26.5,19.1,64.0,0.2,,274.0,13.7,,1007.4,,17.0
2025-09-06,12,24.9,19.7,73.0,0.4,,273.0,14.4,,1008.3,,17.0
2025-09-06,13,22.8,20.0,84.0,0.0,,257.0,11.2,,1009.7,,3.0
2025-09-06,14,22.3,20.2,88.0,0.0,,258.0,9.7,,1010.9,,3.0
2025-09-06,15,22.0,20.1,89.0,0.0,,258.0,10.8,,1012.4,,2.0
2025-09-06,16,21.6,20.1,91.0,0.2,,258.0,11.9,,1013.2,,17.0
2025-09-06,17,21.4,20.0,92.0,0.0,,267.0,10.8,,1013.2,,3.0
2025-09-06,18,21.1,19.9,93.0,0.0,,267.0,12.6,,1013.0,,3.0
2025-09-06,19,20.7,19.9,95.0,0.0,,259.0,11.9,,1012.6,,3.0
2025-09-06,20,20.4,19.7,96.0,0.0,,264.0,13.7,,1011.9,,3.0
2025-09-06,21,19.9,19.6,98.0,0.0,,271.0,13.3,,1011.0,,3.0
2025-09-06,22,19.6,19.3,98.0,0.0,,269.0,11.9,,1010.7,,3.0
2025-09-06,23,19.6,19.4,99.0,0.0,,272.0,10.8,,1011.2,,3.0
2025-09-07,0,19.7,19.4,98.0,0.0,,279.0,11.2,,1011.6,,3.0
2025-09-07,1,19.8,19.3,97.0,0.0,,271.0,11.2,,1012.2,,3.0
2025-09-07,2,20.3,19.1,93.0,0.0,,273.0,14.4,,1013.2,,3.0
2025-09-07,3,21.9,19.1,84.0,0.0,,275.0,14.4,,1013.7,,3.0
2025-09-07,4,23.7,19.0,75.0,0.0,,278.0,15.1,,1013.4,,3.0
2025-09-07,5,24.5,18.9,71.0,0.0,,278.0,15.5,,1013.0,,3.0
2025-09-07,6,25.7,18.6,65.0,0.2,,280.0,15.8,,1012.1,,17.0
2025-09-07,7,26.8,18.4,60.0,0.2,,281.0,16.2,,1010.8,,17.0
2025-09-07,8,27.3,18.3,58.0,0.3,,281.0,16.9,,1009.2,,17.0
2025-09-07,9,27.6,18.3,57.0,0.4,,281.0,17.3,,1007.9,,17.0
2025-09-07,10,27.4,18.1,57.0,0.3,,281.0,16.9,,1007.2,,8.0
2025-09-07,11,26.1,19.0,65.0,0.4,,267.0,16.6,,1007.5,,17.0
2025-09-07,12,24.9,19.3,71.0,0.3,,272.0,13.3,,1008.2,,17.0
2025-09-07,13,23.6,19.5,78.0,0.0,,258.0,13.0,,1009.0,,3.0
2025-09-07,14,22.1,18.9,82.0,0.0,,295.0,14.4,,1010.7,,3.0
2025-09-07,15,21.6,19.0,85.0,0.3,,291.0,10.4,,1011.5,,17.0
2025-09-07,16,21.5,19.2,87.0,0.5,,290.0,11.2,,1012.5,,17.0
2025-09-07,17,21.3,19.4,89.0,0.0,,284.0,10.4,,1012.6,,3.0
2025-09-07,18,21.1,19.4,90.0,0.0,,287.0,11.5,,1012.7,,3.0
2025-09-07,19,20.8,19.1,90.0,0.0,,288.0,11.9,,1011.8,,3.0
2025-09-07,20,20.3,19.1,93.0,0.0,,290.0,10.8,,1011.2,,3.0
2025-09-07,21,19.8,19.1,96.0,0.0,,285.0,9.4,,1010.7,,3.0
2025-09-07,22,19.4,18.9,97.0,0.0,,278.0,9.7,,1010.4,,3.0
2025-09-07,23,19.1,18.6,97.0,0.0,,273.0,9.0,,1010.5,,3.0
2025-09-08,0,18.8,18.5,98.0,0.0,,269.0,8.6,,1011.1,,3.0
2025-09-08,1,18.7,18.5,99.0,0.0,,263.0,9.7,,1011.8,,3.0
2025-09-08,2,19.5,18.7,95.0,0.0,,264.0,11.9,,1012.4,,5.0
2025-09-08,3,21.5,18.7,84.0,0.0,,274.0,11.2,,1012.8,,3.0
2025-09-08,4,23.5,19.0,76.0,0.0,,271.0,11.5,,1012.7,,3.0
2025-09-08,5,25.2,18.6,67.0,0.0,,276.0,10.8,,1012.2,,1.0
2025-09-08,6,26.5,17.6,58.0,0.0,,286.0,12.2,,1011.2,,1.0
2025-09-08,7,27.5,17.4,54.0,0.1,,288.0,12.6,,1009.9,,17.0
2025-09-08,8,28.1,17.0,51.0,0.2,,286.0,13.0,,1008.4,,17.0
2025-09-08,9,27.8,17.3,53.0,0.2,,298.0,15.5,,1007.4,,17.0
2025-09-08,10,28.0,17.8,54.0,0.2,,285.0,12.2,,1006.7,,17.0
2025-09-08,11,27.5,17.7,55.0,0.1,,286.0,11.5,,1006.6,,17.0
2025-09-08,12,26.8,18.1,59.0,0.0,,288.0,9.4,,1007.0,,3.0
2025-09-08,13,25.3,19.2,69.0,0.0,,284.0,5.8,,1007.8,,2.0
2025-09-08,14,24.7,19.5,73.0,0.0,,291.0,6.5,,1008.8,,2.0
2025-09-08,15,23.9,19.2,75.0,0.0,,289.0,6.1,,1010.2,,2.0
2025-09-08,16,23.3,18.8,76.0,0.0,,282.0,8.3,,1011.3,,3.0
2025-09-08,17,22.5,18.7,79.0,0.0,,301.0,8.6,,1012.2,,2.0
2025-09-08,18,22.0,18.6,81.0,0.0,,312.0,9.7,,1012.3,,2.0
2025-09-08,19,21.2,18.8,86.0,0.0,,308.0,9.4,,1012.3,,2.0
2025-09-08,20,20.5,18.6,89.0,0.0,,309.0,10.4,,1011.1,,1.0
2025-09-08,21,20.0,18.8,93.0,0.0,,308.0,10.1,,1011.1,,1.0
2025-09-08,22,19.6,18.8,95.0,0.0,,314.0,10.4,,1010.7,,1.0
2025-09-08,23,19.3,18.6,96.0,0.0,,306.0,7.9,,1011.5,,1.0
2025-09-09,0,19.0,18.3,96.0,0.0,,306.0,7.6,,1011.6,,1.0
2025-09-09,1,19.1,18.6,97.0,0.0,,300.0,6.5,,1011.6,,2.0
2025-09-09,2,20.4,19.1,92.0,0.0,,302.0,8.3,,1012.4,,1.0
2025-09-09,3,22.3,19.3,83.0,0.0,,296.0,6.8,,1012.8,,2.0
2025-09-09,4,24.3,19.4,74.0,0.0,,305.0,6.5,,1012.8,,1.0
2025-09-09,5,26.1,19.0,65.0,0.0,,293.0,4.7,,1012.1,,3.0
2025-09-09,6,26.9,18.5,60.0,0.0,,275.0,4.3,,1011.5,,3.0
2025-09-09,7,27.7,18.1,56.0,0.0,,264.0,6.5,,1010.3,,3.0
2025-09-09,8,28.5,18.0,53.0,0.0,,274.0,7.6,,1008.9,,3.0
2025-09-09,9,28.7,17.6,51.0,0.0,,277.0,8.6,,1007.9,,3.0
2025-09-09,10,28.6,17.5,51.0,0.1,,275.0,8.3,,1007.3,,17.0
2025-09-09,11,27.3,18.9,60.0,0.0,,286.0,7.6,,1007.5,,3.0
2025-09-09,12,26.2,19.1,65.0,0.0,,273.0,7.6,,1008.0,,3.0
2025-09-09,13,24.2,19.7,76.0,0.0,,186.0,6.5,,1009.2,,3.0
2025-09-09,14,23.7,20.2,81.0,0.0,,131.0,8.3,,1009.8,,3.0
2025-09-09,15,23.5,21.0,86.0,0.0,,112.0,10.1,,1010.6,,3.0
2025-09-09,16,22.2,19.4,84.0,0.0,,79.0,10.4,,1012.5,,3.0
2025-09-09,17,21.4,19.5,89.0,0.3,,123.0,7.9,,1013.2,,8.0
2025-09-09,18,21.3,19.8,91.0,0.2,,200.0,9.4,,1013.2,,17.0
2025-09-09,19,20.7,19.9,95.0,0.1,,191.0,7.9,,1013.0,,17.0
2025-09-09,20,20.4,19.7,96.0,0.1,,162.0,4.7,,1012.2,,17.0
2025-09-09,21,21.2,19.5,90.0,0.0,,244.0,4.3,,1011.0,,3.0
2025-09-09,22,21.0,18.9,88.0,0.0,,292.0,5.8,,1010.8,,3.0
2025-09-09,23,20.6,18.7,89.0,0.0,,290.0,6.8,,1011.1,,3.0
2025-09-10,0,20.3,18.8,91.0,0.0,,291.0,9.7,,1011.6,,2.0
2025-09-10,1,20.0,19.2,95.0,0.0,,290.0,9.4,,1012.2,,2.0
2025-09-10,2,21.3,19.4,89.0,0.0,,274.0,13.0,,1013.0,,3.0
2025-09-10,3,22.4,19.6,84.0,0.0,,280.0,10.4,,1013.5,,3.0
2025-09-10,4,24.1,20.0,78.0,0.0,,295.0,9.7,,1013.6,,3.0
2025-09-10,5,25.6,20.0,71.0,0.0,,303.0,7.6,,1013.4,,3.0
2025-09-10,6,26.8,19.7,65.0,0.0,,305.0,5.8,,1012.5,,3.0
2025-09-10,7,27.6,20.2,64.0,0.0,,307.0,5.4,,1010.9,,3.0
2025-09-10,8,27.5,19.6,62.0,0.0,,315.0,6.1,,1009.4,,3.0
2025-09-10,9,25.9,19.8,69.0,0.5,,302.0,7.9,,1008.6,,8.0
2025-09-10,10,25.8,19.4,68.0,0.4,,285.0,10.4,,1008.3,,17.0
2025-09-10,11,25.7,19.6,69.0,0.2,,286.0,9.4,,1007.9,,17.0
2025-09-10,12,25.3,19.7,71.0,0.0,,284.0,7.9,,1008.1,,3.0
2025-09-10,13,23.6,19.9,80.0,0.0,,271.0,9.7,,1009.4,,2.0
2025-09-10,14,22.6,20.1,86.0,0.0,,261.0,10.1,,1010.8,,3.0
2025-09-10,15,21.4,19.7,90.0,1.7,,287.0,11.2,,1011.8,,18.0
2025-09-10,16,20.9,19.6,92.0,0.1,,266.0,11.2,,1012.8,,17.0
2025-09-10,17,19.8,19.3,97.0,0.0,,229.0,10.4,,1014.2,,3.0
2025-09-10,18,20.0,19.5,97.0,0.0,,242.0,12.2,,1013.7,,3.0
2025-09-10,19,19.8,19.5,98.0,0.0,,240.0,10.1,,1012.9,,3.0
2025-09-10,20,19.6,19.4,99.0,0.0,,265.0,11.5,,1012.2,,3.0
2025-09-10,21,19.6,19.3,98.0,0.0,,274.0,11.9,,1011.0,,3.0
2025-09-10,22,19.5,19.2,98.0,0.0,,303.0,13.3,,1011.6,,3.0
2025-09-10,23,19.4,19.1,98.0,0.3,,288.0,12.6,,1011.2,,8.0
2025-09-11,0,19.3,19.0,98.0,0.0,,295.0,10.8,,1011.5,,3.0
2025-09-11,1,19.2,18.9,98.0,0.0,,306.0,10.8,,1011.7,,3.0
2025-09-11,2,20.4,18.9,91.0,0.0,,301.0,12.2,,1012.1,,3.0
2025-09-11,3,19.7,18.9,95.0,0.0,,312.0,13.3,,1013.1,,3.0
2025-09-11,4,20.2,19.0,93.0,1.0,,313.0,11.2,,1013.5,,9.0
2025-09-11,5,21.2,18.8,86.0,0.4,,319.0,12.2,,1013.4,,8.0
2025-09-11,6,21.8,18.8,83.0,0.0,,308.0,11.5,,1012.9,,3.0
2025-09-11,7,22.4,18.6,79.0,0.0,,303.0,12.2,,1011.9,,3.0
2025-09-11,8,25.2,18.2,65.0,0.0,,307.0,15.5,,1009.9,,3.0
2025-09-11,9,25.8,18.0,62.0,0.0,,298.0,16.2,,1008.8,,3.0
2025-09-11,10,26.0,17.6,60.0,0.0,,303.0,15.8,,1007.9,,3.0
2025-09-11,11,25.8,17.2,59.0,0.0,,307.0,16.6,,1007.5,,3.0
2025-09-11,12,24.4,17.9,67.0,0.0,,317.0,13.0,,1008.4,,3.0
2025-09-11,13,22.8,17.9,74.0,0.0,,341.0,8.6,,1009.9,,3.0
2025-09-11,14,22.2,17.6,75.0,0.0,,349.0,11.2,,1011.2,,3.0
2025-09-11,15,21.6,17.8,79.0,0.0,,342.0,9.4,,1012.2,,3.0
2025-09-11,16,21.5,17.9,80.0,0.0,,324.0,7.9,,1012.8,,3.0
2025-09-11,17,21.3,17.9,81.0,0.0,,304.0,6.8,,1013.1,,3.0
2025-09-11,18,21.1,17.9,82.0,0.0,,291.0,8.3,,1012.7,,3.0
2025-09-11,19,20.8,18.0,84.0,0.0,,283.0,10.1,,1012.0,,3.0
2025-09-11,20,20.6,18.0,85.0,0.0,,280.0,12.2,,1011.2,,3.0
2025-09-11,21,20.5,18.3,87.0,0.0,,285.0,11.5,,1010.8,,3.0
2025-09-11,22,20.1,18.4,90.0,0.0,,289.0,11.9,,1010.5,,3.0
2025-09-11,23,19.9,18.7,93.0,0.0,,302.0,12.6,,1010.1,,3.0
2025-09-12,0,19.6,18.6,94.0,0.0,,303.0,11.9,,1010.4,,3.0
2025-09-12,1,19.4,18.4,94.0,0.0,,305.0,12.2,,1010.9,,3.0
2025-09-12,2,20.2,18.7,91.0,0.0,,304.0,12.2,,1011.4,,3.0
2025-09-12,3,21.6,18.8,84.0,0.0,,307.0,13.3,,1011.7,,3.0
2025-09-12,4,23.6,18.5,73.0,0.0,,319.0,19.4,,1012.2,,3.0
2025-09-12,5,24.5,18.9,71.0,0.0,,315.0,16.2,,1012.2,,3.0
2025-09-12,6,24.8,18.7,69.0,0.2,,315.0,15.8,,1011.8,,7.0
2025-09-12,7,25.9,18.6,64.0,0.2,,313.0,13.7,,1010.9,,7.0
2025-09-12,8,26.1,18.8,64.0,0.4,,318.0,14.4,,1009.5,,8.0
2025-09-12,9,27.0,18.0,58.0,0.0,,296.0,14.0,,1007.8,,3.0
2025-09-12,10,27.0,17.8,57.0,0.0,,298.0,14.0,,1007.2,,3.0
2025-09-12,11,26.5,17.8,59.0,0.0,,297.0,13.7,,1007.2,,3.0
2025-09-12,12,25.6,18.0,63.0,0.0,,296.0,10.8,,1007.8,,3.0
2025-09-12,13,24.2,18.6,71.0,0.0,,295.0,7.6,,1008.4,,3.0
2025-09-12,14,23.2,18.3,74.0,0.0,,287.0,7.2,,1009.9,,3.0
2025-09-12,15,22.6,18.6,78.0,0.0,,332.0,6.8,,1010.6,,3.0
2025-09-12,16,22.1,18.5,80.0,0.0,,3.0,7.2,,1011.4,,3.0
2025-09-12,17,21.6,18.4,82.0,0.0,,356.0,9.4,,1011.6,,3.0
2025-09-12,18,21.3,18.5,84.0,0.0,,349.0,8.6,,1011.5,,3.0
2025-09-12,19,20.8,17.4,81.0,0.0,,344.0,10.1,,1010.8,,3.0
2025-09-12,20,20.3,17.7,85.0,0.0,,342.0,8.6,,1010.3,,3.0
2025-09-12,21,20.0,18.0,88.0,0.0,,320.0,8.3,,1010.2,,3.0
2025-09-12,22,19.6,18.1,91.0,0.0,,285.0,8.6,,1010.2,,3.0
2025-09-12,23,19.2,18.0,93.0,0.0,,261.0,7.9,,1010.5,,3.0
2025-09-13,0,18.9,18.2,96.0,0.0,,270.0,9.0,,1010.7,,3.0
2025-09-13,1,18.9,18.6,98.0,0.0,,270.0,9.4,,1011.3,,3.0
2025-09-13,2,20.0,19.2,95.0,0.0,,269.0,13.7,,1011.9,,3.0
2025-09-13,3,21.6,19.0,85.0,0.0,,270.0,14.0,,1012.4,,3.0
2025-09-13,4,23.4,18.7,75.0,0.0,,272.0,14.0,,1012.2,,3.0
2025-09-13,5,24.8,18.7,69.0,0.0,,275.0,13.3,,1011.9,,3.0
2025-09-13,6,25.6,18.5,65.0,0.0,,274.0,13.0,,1011.3,,3.0
2025-09-13,7,26.2,18.3,62.0,0.0,,266.0,11.9,,1010.4,,3.0
2025-09-13,8,26.4,18.0,60.0,0.0,,259.0,11.9,,1009.1,,3.0
2025-09-13,9,26.5,17.8,59.0,0.0,,254.0,13.0,,1007.9,,3.0
2025-09-13,10,27.2,17.7,56.0,0.0,,264.0,13.7,,1006.9,,3.0
2025-09-13,11,27.0,17.2,55.0,0.0,,259.0,14.4,,1007.0,,3.0
2025-09-13,12,26.1,17.5,59.0,0.0,,256.0,11.9,,1007.5,,3.0
2025-09-13,13,24.7,18.4,68.0,0.0,,272.0,9.0,,1008.3,,3.0
2025-09-13,14,23.8,18.4,72.0,0.0,,296.0,9.7,,1009.0,,3.0
2025-09-13,15,23.4,18.3,73.0,0.0,,286.0,6.8,,1010.1,,3.0
2025-09-13,16,22.7,18.0,75.0,0.0,,262.0,12.6,,1011.4,,3.0
2025-09-13,17,21.8,18.4,81.0,0.0,,271.0,11.9,,1012.2,,3.0
2025-09-13,18,21.1,18.7,86.0,0.0,,260.0,10.8,,1012.4,,3.0
2025-09-13,19,20.5,18.6,89.0,0.0,,262.0,10.1,,1012.2,,3.0
2025-09-13,20,20.3,19.0,92.0,0.0,,250.0,10.4,,1011.6,,3.0
2025-09-13,21,19.8,18.8,94.0,0.0,,247.0,10.1,,1011.2,,3.0
2025-09-13,22,19.4,18.6,95.0,0.0,,250.0,9.4,,1011.2,,3.0
2025-09-13,23,19.0,18.3,96.0,0.0,,257.0,9.4,,1011.2,,3.0
2025-09-14,0,18.8,18.3,97.0,0.0,,253.0,10.1,,1011.4,,3.0
2025-09-14,1,19.1,18.1,94.0,0.0,,256.0,10.4,,1011.8,,3.0
2025-09-14,2,19.7,18.0,90.0,0.0,,264.0,10.4,,1012.4,,3.0
2025-09-14,3,21.3,18.1,82.0,0.0,,270.0,12.6,,1013.1,,3.0
2025-09-14,4,23.3,18.2,73.0,0.0,,275.0,14.0,,1012.9,,3.0
2025-09-14,5,25.3,17.5,62.0,0.0,,280.0,14.8,,1012.1,,3.0
2025-09-14,6,26.6,16.8,55.0,0.0,,279.0,15.1,,1011.5,,3.0
2025-09-14,7,27.3,16.6,52.0,0.0,,277.0,14.4,,1010.5,,3.0
2025-09-14,8,27.5,16.8,52.0,0.0,,278.0,14.0,,1009.4,,3.0
2025-09-14,9,28.1,16.7,50.0,0.0,,280.0,12.2,,1008.2,,3.0
2025-09-14,10,28.8,16.0,46.0,0.0,,286.0,9.4,,1007.2,,2.0
2025-09-14,11,26.6,16.8,55.0,0.0,,284.0,8.6,,1007.7,,3.0
2025-09-14,12,26.4,18.0,60.0,0.0,,231.0,7.6,,1008.1,,3.0
2025-09-14,13,24.9,18.8,69.0,0.0,,199.0,5.4,,1008.8,,3.0
2025-09-14,14,24.2,18.4,70.0,0.0,,211.0,6.8,,1009.8,,3.0
2025-09-14,15,23.5,17.9,71.0,0.0,,239.0,14.4,,1011.2,,2.0
2025-09-14,16,22.6,18.4,77.0,0.0,,263.0,13.3,,1012.7,,2.0
2025-09-14,17,21.9,18.7,82.0,0.0,,255.0,12.6,,1013.4,,1.0
2025-09-14,18,21.4,19.0,86.0,0.0,,259.0,14.8,,1013.3,,2.0
2025-09-14,19,20.7,18.8,89.0,0.0,,262.0,14.0,,1012.8,,3.0
2025-09-14,20,20.1,18.8,92.0,0.0,,253.0,13.0,,1012.1,,3.0
2025-09-14,21,19.9,18.9,94.0,0.0,,258.0,13.0,,1011.4,,3.0
2025-09-14,22,19.5,18.7,95.0,0.0,,257.0,12.6,,1011.3,,3.0
2025-09-14,23,19.3,18.5,95.0,0.0,,256.0,12.6,,1011.0,,3.0
2025-09-15,0,19.1,18.4,96.0,0.0,,266.0,11.2,,1011.4,,3.0
2025-09-15,1,19.1,18.4,96.0,0.0,,270.0,11.2,,1011.6,,3.0
2025-09-15,2,20.2,18.3,89.0,0.0,,260.0,11.5,,1012.8,,3.0
2025-09-15,3,22.1,18.1,78.0,0.0,,264.0,15.5,,1013.1,,3.0
2025-09-15,4,24.0,18.0,69.0,0.0,,269.0,16.2,,1012.9,,3.0
2025-09-15,5,25.1,18.1,65.0,0.0,,270.0,16.2,,1012.2,,3.0
2025-09-15,6,25.8,18.0,62.0,0.0,,274.0,15.8,,1011.5,,3.0
2025-09-15,7,27.5,17.7,55.0,0.0,,278.0,14.8,,1009.8,,3.0
2025-09-15,8,28.1,17.9,54.0,0.4,,274.0,14.8,,1008.0,,8.0
2025-09-15,9,28.2,18.0,54.0,0.6,,272.0,14.4,,1007.1,,8.0
2025-09-15,10,27.8,17.9,55.0,0.2,,268.0,15.5,,1006.5,,7.0
2025-09-15,11,27.2,17.9,57.0,0.0,,255.0,18.0,,1006.5,,3.0
2025-09-15,12,25.4,19.1,68.0,0.0,,265.0,15.8,,1006.9,,3.0
2025-09-15,13,24.0,19.5,76.0,0.0,,273.0,14.0,,1008.4,,2.0
2025-09-15,14,23.2,19.6,80.0,0.0,,293.0,12.6,,1010.1,,2.0
2025-09-15,15,22.5,19.5,83.0,0.0,,284.0,11.9,,1010.9,,3.0
2025-09-15,16,21.9,19.3,85.0,0.2,,293.0,11.5,,1012.1,,7.0
2025-09-15,17,21.0,19.3,90.0,2.7,,301.0,7.9,,1012.8,,9.0
2025-09-15,18,20.9,19.2,90.0,0.0,,292.0,10.1,,1012.5,,3.0
2025-09-15,19,20.7,19.4,92.0,0.0,,280.0,10.4,,1011.9,,3.0
2025-09-15,20,20.2,19.4,95.0,0.0,,260.0,7.9,,1011.2,,3.0
2025-09-15,21,20.0,19.5,97.0,0.0,,270.0,10.4,,1010.7,,3.0
2025-09-15,22,19.9,19.6,98.0,0.0,,272.0,13.3,,1010.8,,3.0
2025-09-15,23,20.0,19.5,97.0,0.1,,276.0,10.4,,1010.4,,7.0
2025-09-16,0,19.7,19.2,97.0,0.0,,276.0,11.9,,1010.7,,3.0
2025-09-16,1,19.6,19.1,97.0,0.0,,246.0,11.5,,1011.1,,3.0
2025-09-16,2,20.2,19.0,93.0,0.0,,265.0,14.4,,1011.7,,3.0
2025-09-16,3,21.0,19.3,90.0,0.0,,252.0,17.6,,1013.1,,3.0
2025-09-16,4,23.3,19.0,77.0,0.1,,267.0,16.9,,1012.8,,7.0
2025-09-16,5,24.2,19.1,73.0,0.0,,277.0,14.0,,1012.3,,3.0
2025-09-16,6,25.3,19.2,69.0,0.0,,281.0,14.0,,1011.3,,3.0
2025-09-16,7,26.2,19.1,65.0,0.2,,277.0,13.0,,1010.0,,7.0
2025-09-16,8,26.9,19.3,63.0,0.5,,262.0,12.6,,1008.1,,8.0
2025-09-16,9,27.4,19.2,61.0,0.0,,254.0,13.7,,1006.7,,3.0
2025-09-16,10,26.6,19.0,63.0,0.2,,272.0,12.2,,1006.4,,7.0
2025-09-16,11,23.5,19.0,76.0,1.5,,250.0,17.3,,1007.5,,18.0
2025-09-16,12,22.0,19.4,85.0,0.9,,287.0,10.4,,1008.0,,8.0
2025-09-16,13,22.1,20.0,88.0,0.0,,279.0,8.6,,1009.4,,3.0
2025-09-16,14,21.7,19.4,87.0,0.6,,268.0,13.0,,1011.0,,8.0
2025-09-16,15,20.8,19.5,92.0,0.8,,304.0,11.9,,1012.0,,8.0
2025-09-16,16,20.7,19.7,94.0,0.0,,274.0,9.0,,1012.6,,3.0
2025-09-16,17,20.7,19.7,94.0,0.0,,290.0,7.2,,1012.8,,3.0
2025-09-16,18,20.6,19.6,94.0,0.0,,279.0,9.7,,1012.6,,3.0
2025-09-16,19,20.6,19.6,94.0,0.0,,270.0,10.1,,1011.5,,3.0
2025-09-16,20,20.1,19.6,97.0,0.0,,267.0,10.4,,1010.8,,3.0
2025-09-16,21,19.9,19.6,98.0,0.0,,266.0,10.4,,1010.2,,3.0
2025-09-16,22,20.0,19.5,97.0,0.0,,267.0,10.8,,1010.0,,3.0
2025-09-16,23,20.1,19.8,98.0,0.0,,281.0,9.0,,1010.1,,3.0
2025-09-17,0,19.8,19.5,98.0,0.0,,272.0,9.4,,1010.6,,3.0
2025-09-17,1,19.8,19.5,98.0,0.0,,274.0,9.7,,1011.4,,3.0
2025-09-17,2,20.3,19.5,95.0,0.0,,281.0,14.0,,1012.4,,3.0
2025-09-17,3,21.7,19.1,85.0,0.0,,288.0,13.7,,1012.8,,3.0
2025-09-17,4,23.3,19.5,79.0,0.1,,290.0,11.9,,1012.9,,7.0
2025-09-17,5,24.7,19.8,74.0,0.0,,292.0,10.1,,1012.5,,3.0
2025-09-17,6,26.0,19.9,69.0,0.0,,281.0,9.0,,1011.9,,3.0
2025-09-17,7,25.9,19.5,68.0,0.0,,286.0,7.6,,1010.4,,3.0
2025-09-17,8,26.2,19.8,68.0,0.2,,294.0,7.9,,1008.8,,7.0
2025-09-17,9,25.6,19.5,69.0,0.0,,285.0,9.0,,1007.5,,3.0
2025-09-17,10,25.4,19.5,70.0,0.5,,270.0,8.6,,1006.8,,8.0
2025-09-17,11,25.3,20.1,73.0,0.5,,264.0,11.9,,1006.8,,8.0
2025-09-17,12,22.2,19.7,86.0,4.5,,219.0,12.2,,1008.7,,18.0
2025-09-17,13,21.6,20.2,92.0,1.2,,249.0,9.7,,1009.4,,9.0
2025-09-17,14,20.9,19.9,94.0,3.1,,252.0,12.2,,1011.2,,9.0
2025-09-17,15,20.6,19.8,95.0,0.3,,245.0,7.9,,1012.0,,8.0
2025-09-17,16,20.6,19.8,95.0,0.2,,248.0,7.6,,1013.0,,7.0
2025-09-17,17,20.4,19.9,97.0,0.2,,248.0,8.3,,1013.1,,7.0
2025-09-17,18,20.4,19.9,97.0,0.0,,256.0,10.8,,1012.7,,3.0
2025-09-17,19,20.2,20.0,99.0,0.6,,241.0,9.7,,1011.7,,8.0
2025-09-17,20,20.1,19.9,99.0,0.0,,273.0,11.5,,1010.8,,3.0
2025-09-17,21,20.2,19.7,97.0,0.0,,274.0,14.0,,1010.2,,3.0
2025-09-17,22,20.1,19.8,98.0,0.0,,276.0,11.5,,1010.0,,3.0
2025-09-17,23,19.8,19.5,98.0,0.0,,271.0,11.2,,1010.3,,3.0
2025-09-18,0,19.8,19.5,98.0,0.0,,279.0,11.5,,1010.4,,3.0
2025-09-18,1,20.0,19.5,97.0,0.0,,277.0,10.4,,1010.9,,3.0
2025-09-18,2,20.7,19.5,93.0,0.1,,276.0,14.4,,1011.4,,7.0
2025-09-18,3,22.1,19.5,85.0,0.0,,274.0,15.5,,1011.8,,3.0
2025-09-18,4,23.7,19.4,77.0,0.1,,271.0,15.5,,1011.7,,7.0
2025-09-18,5,24.7,20.4,77.0,0.2,,271.0,14.0,,1012.1,,7.0
2025-09-18,6,25.7,20.0,71.0,0.2,,274.0,15.5,,1011.2,,7.0
2025-09-18,7,25.2,20.2,74.0,1.1,,271.0,13.7,,1010.0,,9.0
2025-09-18,8,24.9,19.7,73.0,0.3,,307.0,13.7,,1008.5,,8.0
2025-09-18,9,25.3,19.9,72.0,0.9,,292.0,13.7,,1007.5,,8.0
2025-09-18,10,24.8,19.4,72.0,1.0,,288.0,16.6,,1007.2,,9.0
2025-09-18,11,22.3,20.0,87.0,2.6,,254.0,15.1,,1007.9,,9.0
2025-09-18,12,22.6,20.7,89.0,0.2,,276.0,10.1,,1008.5,,7.0
2025-09-18,13,21.3,20.5,95.0,6.0,,262.0,13.7,,1010.1,,9.0
2025-09-18,14,20.9,20.1,95.0,5.2,,256.0,13.0,,1011.3,,9.0
2025-09-18,15,20.8,19.8,94.0,2.2,,238.0,10.4,,1012.6,,9.0
2025-09-18,16,20.5,19.7,95.0,1.1,,252.0,8.3,,1013.6,,9.0
2025-09-18,17,20.4,19.7,96.0,0.6,,250.0,8.3,,1013.6,,8.0
2025-09-18,18,20.2,19.7,97.0,0.4,,260.0,10.8,,1013.0,,8.0
2025-09-18,19,20.1,19.6,97.0,0.4,,267.0,13.3,,1012.3,,8.0
2025-09-18,20,19.8,19.1,96.0,0.3,,264.0,15.8,,1011.8,,8.0
2025-09-18,21,19.6,18.9,96.0,0.0,,277.0,14.8,,1010.8,,3.0
2025-09-18,22,19.4,18.9,97.0,0.0,,280.0,11.9,,1010.7,,3.0
2025-09-18,23,19.2,18.9,98.0,0.2,,282.0,10.8,,1011.3,,7.0
2025-09-19,0,19.3,19.0,98.0,0.0,,273.0,11.2,,1011.5,,3.0
2025-09-19,1,19.6,19.3,98.0,0.0,,261.0,8.6,,1012.2,,3.0
2025-09-19,2,19.6,19.3,98.0,2.1,,266.0,11.9,,1013.3,,9.0
2025-09-19,3,19.8,19.5,98.0,2.2,,269.0,12.6,,1013.8,,9.0
2025-09-19,4,20.1,19.4,96.0,1.8,,256.0,13.3,,1013.8,,9.0
2025-09-19,5,20.9,19.4,91.0,1.2,,258.0,15.5,,1013.7,,9.0
2025-09-19,6,21.8,19.2,85.0,0.6,,257.0,15.8,,1012.9,,8.0
2025-09-19,7,22.2,19.6,85.0,0.3,,260.0,14.0,,1012.0,,8.0
2025-09-19,8,22.4,19.8,85.0,0.4,,255.0,14.0,,1010.6,,8.0
2025-09-19,9,23.0,19.8,82.0,0.1,,249.0,14.8,,1009.4,,7.0
2025-09-19,10,24.0,19.7,77.0,0.1,,258.0,15.1,,1008.3,,7.0
2025-09-19,11,23.6,19.9,80.0,0.2,,248.0,11.5,,1008.5,,7.0
2025-09-19,12,23.0,20.2,84.0,0.5,,253.0,11.2,,1009.3,,8.0
2025-09-19,13,21.2,19.5,90.0,0.9,,267.0,13.7,,1010.7,,8.0
2025-09-19,14,20.7,19.4,92.0,0.1,,269.0,11.5,,1011.5,,7.0
2025-09-19,15,20.6,19.4,93.0,0.0,,262.0,10.4,,1012.1,,3.0
2025-09-19,16,20.4,19.6,95.0,0.0,,270.0,10.1,,1013.4,,3.0
2025-09-19,17,20.1,19.3,95.0,0.0,,278.0,11.2,,1013.8,,3.0
2025-09-19,18,20.0,19.3,96.0,0.0,,273.0,13.3,,1013.4,,3.0
2025-09-19,19,19.6,19.3,98.0,0.0,,280.0,13.3,,1012.7,,3.0
2025-09-19,20,19.5,19.2,98.0,0.0,,277.0,12.6,,1011.9,,3.0
2025-09-19,21,19.5,19.0,97.0,0.0,,278.0,13.0,,1011.0,,3.0
2025-09-19,22,19.3,18.8,97.0,0.0,,282.0,12.6,,1010.6,,3.0
2025-09-19,23,19.3,19.0,98.0,0.0,,294.0,14.0,,1011.1,,3.0
2025-09-20,0,19.4,18.9,97.0,0.0,,290.0,14.4,,1011.2,,3.0
2025-09-20,1,19.5,18.8,96.0,0.0,,292.0,14.0,,1011.8,,3.0
2025-09-20,2,20.0,19.3,96.0,0.0,,276.0,11.9,,1012.8,,3.0
2025-09-20,3,21.3,19.2,88.0,0.0,,278.0,18.0,,1013.3,,3.0
2025-09-20,4,23.2,18.9,77.0,0.0,,285.0,19.1,,1013.0,,3.0
2025-09-20,5,24.1,18.7,72.0,0.0,,292.0,17.6,,1012.9,,3.0
2025-09-20,6,25.6,18.5,65.0,0.1,,296.0,16.9,,1012.0,,17.0
2025-09-20,7,26.0,19.9,69.0,0.0,,283.0,16.6,,1010.4,,3.0
2025-09-20,8,26.6,19.5,65.0,0.1,,295.0,16.9,,1008.8,,7.0
2025-09-20,9,23.4,20.0,81.0,3.1,,269.0,13.0,,1008.6,,9.0
2025-09-20,10,24.3,20.0,77.0,1.2,,305.0,10.8,,1008.1,,9.0
2025-09-20,11,25.1,19.9,73.0,0.0,,283.0,10.4,,1007.5,,3.0
2025-09-20,12,23.2,19.8,81.0,7.9,,250.0,18.4,,1009.1,,18.0
2025-09-20,13,21.0,19.5,91.0,2.5,,278.0,11.5,,1010.2,,9.0
2025-09-20,14,20.6,19.6,94.0,0.0,,276.0,11.5,,1011.1,,3.0
2025-09-20,15,20.3,19.5,95.0,0.0,,272.0,9.7,,1011.8,,3.0
2025-09-20,16,20.3,19.6,96.0,0.0,,272.0,10.1,,1012.2,,3.0
2025-09-20,17,20.2,19.5,96.0,0.0,,273.0,12.2,,1012.9,,3.0
2025-09-20,18,20.1,19.6,97.0,0.0,,280.0,12.2,,1012.3,,3.0
2025-09-20,19,20.0,19.7,98.0,0.0,,293.0,14.0,,1011.7,,3.0
2025-09-20,20,20.0,19.5,97.0,0.0,,298.0,15.8,,1011.1,,3.0
2025-09-20,21,19.7,19.0,96.0,0.0,,298.0,15.8,,1010.3,,3.0
2025-09-20,22,19.5,18.7,95.0,0.0,,288.0,13.3,,1010.3,,3.0
2025-09-20,23,19.3,18.5,95.0,0.0,,284.0,13.3,,1010.4,,3.0
2025-09-21,0,18.9,18.2,96.0,0.0,,278.0,12.2,,1010.6,,3.0
2025-09-21,1,18.7,18.0,96.0,0.0,,276.0,12.6,,1011.1,,3.0
2025-09-21,2,19.9,18.6,92.0,0.0,,276.0,16.2,,1011.8,,3.0
2025-09-21,3,21.7,18.7,83.0,0.0,,289.0,18.7,,1012.2,,3.0
2025-09-21,4,23.0,18.5,76.0,0.0,,294.0,19.1,,1012.3,,3.0
2025-09-21,5,24.4,19.2,73.0,0.0,,298.0,17.6,,1011.9,,3.0
2025-09-21,6,25.2,19.1,69.0,0.0,,295.0,15.1,,1011.2,,3.0
2025-09-21,7,26.6,18.7,62.0,0.1,,297.0,15.5,,1009.7,,7.0
2025-09-21,8,26.9,19.0,62.0,0.2,,299.0,13.7,,1008.0,,7.0
2025-09-21,9,26.9,18.7,61.0,0.2,,305.0,12.6,,1007.1,,7.0
2025-09-21,10,26.9,18.7,61.0,0.2,,303.0,11.9,,1006.5,,7.0
2025-09-21,11,26.2,18.6,63.0,0.2,,282.0,10.8,,1006.4,,7.0
2025-09-21,12,25.2,19.3,70.0,0.0,,246.0,12.2,,1007.0,,3.0
2025-09-21,13,21.9,19.3,85.0,0.2,,274.0,15.8,,1009.7,,7.0
2025-09-21,14,21.6,19.7,89.0,0.1,,256.0,9.7,,1010.7,,7.0
2025-09-21,15,21.4,20.0,92.0,0.0,,248.0,9.4,,1011.6,,3.0
2025-09-21,16,21.2,19.8,92.0,0.0,,276.0,11.5,,1012.3,,3.0
2025-09-21,17,20.6,19.6,94.0,0.8,,297.0,11.9,,1012.7,,8.0
2025-09-21,18,20.2,19.4,95.0,0.1,,292.0,11.2,,1012.5,,7.0
2025-09-21,19,19.9,19.2,96.0,0.0,,290.0,13.0,,1012.1,,3.0
2025-09-21,20,19.7,19.2,97.0,0.0,,292.0,14.8,,1011.3,,3.0
2025-09-21,21,19.6,19.1,97.0,0.0,,292.0,15.1,,1010.5,,3.0
2025-09-21,22,19.4,18.9,97.0,0.0,,284.0,14.0,,1010.3,,3.0
2025-09-21,23,19.5,19.2,98.0,0.0,,279.0,14.4,,1010.3,,3.0
2025-09-22,0,19.2,18.9,98.0,0.0,,267.0,13.3,,1011.2,,3.0
2025-09-22,1,19.2,18.9,98.0,0.0,,262.0,13.3,,1011.9,,3.0
2025-09-22,2,19.9,19.1,95.0,0.0,,262.0,18.0,,1012.5,,3.0
2025-09-22,3,21.5,18.5,83.0,0.0,,273.0,18.0,,1012.8,,3.0
2025-09-22,4,23.1,18.6,76.0,0.0,,282.0,18.4,,1012.6,,3.0
2025-09-22,5,24.6,19.0,71.0,0.0,,287.0,17.3,,1012.2,,3.0
2025-09-22,6,25.2,18.9,68.0,0.0,,290.0,16.2,,1012.0,,3.0
2025-09-22,7,26.0,19.2,66.0,0.0,,286.0,15.1,,1010.5,,3.0
2025-09-22,8,26.7,19.6,65.0,0.0,,283.0,15.8,,1009.1,,3.0
2025-09-22,9,27.1,18.4,59.0,0.0,,285.0,15.5,,1007.9,,3.0
2025-09-22,10,26.6,18.5,61.0,0.0,,284.0,15.5,,1007.6,,3.0
2025-09-22,11,26.1,19.3,66.0,0.1,,271.0,14.4,,1007.7,,7.0
2025-09-22,12,22.6,19.4,82.0,0.7,,257.0,17.3,,1009.8,,8.0
2025-09-22,13,22.0,19.7,87.0,0.2,,262.0,13.0,,1010.6,,7.0
2025-09-22,14,22.3,19.7,85.0,0.3,,280.0,14.0,,1011.6,,8.0
2025-09-22,15,21.6,19.3,87.0,0.0,,273.0,13.7,,1012.9,,3.0
2025-09-22,16,21.0,19.3,90.0,0.0,,269.0,12.2,,1013.8,,3.0
2025-09-22,17,20.5,19.3,93.0,0.0,,272.0,11.9,,1013.9,,3.0
2025-09-22,18,20.4,19.4,94.0,0.0,,270.0,11.5,,1013.5,,3.0
2025-09-22,19,20.2,19.0,93.0,0.0,,261.0,14.8,,1013.0,,3.0
2025-09-22,20,20.0,19.0,94.0,0.0,,261.0,14.8,,1012.3,,3.0
2025-09-22,21,19.8,19.0,95.0,0.0,,265.0,15.1,,1011.8,,3.0
2025-09-22,22,19.8,19.0,95.0,0.0,,265.0,15.1,,1011.5,,3.0
2025-09-22,23,19.8,19.1,96.0,0.0,,262.0,15.1,,1011.5,,3.0
2025-09-23,0,19.8,19.0,95.0,0.0,,263.0,14.8,,1011.6,,3.0
2025-09-23,1,19.9,19.1,95.0,0.0,,260.0,14.4,,1012.7,,3.0
2025-09-23,2,20.3,19.1,93.0,0.0,,262.0,18.4,,1013.3,,3.0
2025-09-23,3,21.7,18.9,84.0,0.0,,268.0,20.2,,1013.8,,3.0
2025-09-23,4,22.6,18.8,79.0,0.0,,275.0,20.5,,1013.9,,3.0
2025-09-23,5,23.4,18.7,75.0,0.0,,276.0,20.2,,1013.6,,3.0
2025-09-23,6,23.6,19.3,77.0,0.4,,270.0,20.9,,1013.1,,8.0
2025-09-23,7,24.0,19.5,76.0,0.3,,270.0,20.2,,1011.8,,8.0
2025-09-23,8,24.3,19.2,73.0,0.2,,274.0,19.8,,1010.3,,7.0
2025-09-23,9,22.9,19.5,81.0,1.0,,263.0,20.2,,1009.8,,9.0
2025-09-23,10,24.4,19.0,72.0,0.3,,284.0,22.3,,1008.9,,8.0
2025-09-23,11,23.8,18.7,73.0,0.2,,281.0,19.4,,1009.1,,7.0
2025-09-23,12,22.3,19.5,84.0,0.3,,279.0,16.2,,1010.0,,8.0
2025-09-23,13,21.8,19.5,87.0,0.0,,277.0,14.8,,1010.5,,3.0
2025-09-23,14,21.6,19.7,89.0,0.0,,279.0,15.8,,1011.3,,3.0
2025-09-23,15,21.4,19.1,87.0,0.0,,282.0,14.4,,1012.5,,3.0
2025-09-23,16,21.3,19.4,89.0,0.0,,291.0,14.0,,1013.1,,3.0
2025-09-23,17,20.8,19.1,90.0,0.0,,290.0,15.5,,1013.2,,3.0
2025-09-23,18,20.3,19.1,93.0,0.0,,286.0,15.8,,1012.9,,3.0
2025-09-23,19,20.1,19.1,94.0,0.0,,281.0,15.8,,1012.3,,3.0
2025-09-23,20,19.9,19.1,95.0,0.0,,282.0,16.6,,1011.3,,3.0
2025-09-23,21,19.6,18.9,96.0,0.0,,276.0,16.9,,1010.9,,3.0
2025-09-23,22,19.4,18.7,96.0,0.0,,275.0,15.5,,1010.7,,3.0
2025-09-23,23,19.2,18.5,96.0,0.0,,271.0,14.0,,1010.8,,3.0
2025-09-24,0,18.9,18.4,97.0,0.0,,265.0,14.4,,1011.3,,3.0
2025-09-24,1,19.4,18.9,97.0,0.0,,270.0,15.5,,1011.4,,3.0
2025-09-24,2,19.9,18.7,93.0,0.0,,268.0,16.6,,1012.4,,3.0
2025-09-24,3,21.4,18.2,82.0,0.0,,276.0,19.4,,1013.2,,3.0
2025-09-24,4,22.7,17.8,74.0,0.0,,280.0,18.4,,1013.3,,3.0
2025-09-24,5,24.5,17.2,64.0,0.0,,287.0,22.7,,1012.7,,3.0
2025-09-24,6,25.5,16.9,59.0,0.0,,290.0,23.8,,1011.7,,3.0
2025-09-24,7,26.1,16.6,56.0,0.1,,289.0,22.3,,1010.3,,7.0
2025-09-24,8,26.8,16.4,53.0,0.2,,290.0,22.3,,1008.8,,17.0
2025-09-24,9,27.0,16.3,52.0,0.2,,291.0,23.8,,1007.4,,17.0
2025-09-24,10,26.4,16.6,55.0,0.3,,292.0,23.4,,1006.8,,17.0
2025-09-24,11,23.0,19.8,82.0,0.0,,279.0,16.9,,1007.7,,3.0
2025-09-24,12,23.0,20.2,84.0,0.0,,269.0,15.1,,1007.8,,3.0
2025-09-24,13,19.8,19.1,96.0,5.2,,281.0,18.4,,1009.6,,9.0
2025-09-24,14,20.3,19.1,93.0,0.7,,267.0,15.5,,1010.5,,8.0
2025-09-24,15,20.4,19.1,92.0,0.3,,279.0,15.5,,1010.9,,8.0
2025-09-24,16,21.4,17.8,80.0,0.0,,285.0,16.6,,1011.1,,3.0
2025-09-24,17,20.5,18.1,86.0,0.0,,269.0,14.4,,1011.2,,3.0
2025-09-24,18,19.9,18.4,91.0,0.0,,262.0,11.9,,1011.2,,2.0
2025-09-24,19,19.5,18.5,94.0,0.0,,261.0,14.8,,1010.8,,3.0
2025-09-24,20,19.4,18.4,94.0,0.0,,264.0,15.8,,1009.9,,3.0
2025-09-24,21,19.2,18.5,96.0,0.0,,266.0,14.4,,1009.2,,3.0
2025-09-24,22,19.0,18.5,97.0,0.0,,260.0,14.8,,1009.3,,3.0
2025-09-24,23,18.9,18.6,98.0,0.0,,262.0,13.7,,1009.3,,3.0
2025-09-25,0,19.0,18.5,97.0,0.0,,265.0,14.4,,1009.7,,3.0
2025-09-25,1,19.2,18.5,96.0,0.0,,269.0,15.8,,1010.3,,3.0
2025-09-25,2,20.3,18.6,90.0,0.0,,267.0,19.8,,1010.5,,3.0
2025-09-25,3,22.0,18.6,81.0,0.0,,273.0,21.6,,1010.8,,3.0
2025-09-25,4,23.6,18.7,74.0,0.0,,281.0,20.5,,1011.1,,3.0
2025-09-25,5,24.3,18.7,71.0,0.0,,284.0,19.4,,1011.0,,3.0
2025-09-25,6,25.9,18.8,65.0,0.2,,291.0,19.8,,1010.1,,7.0
2025-09-25,7,26.5,19.6,66.0,0.7,,284.0,21.2,,1008.7,,17.0
2025-09-25,8,26.9,19.0,62.0,0.0,,290.0,20.9,,1007.3,,3.0
2025-09-25,9,24.9,19.7,73.0,0.5,,293.0,18.0,,1006.8,,8.0
2025-09-25,10,23.6,19.3,77.0,3.9,,306.0,20.5,,1006.7,,18.0
2025-09-25,11,23.6,19.7,79.0,1.5,,276.0,18.0,,1006.6,,9.0
2025-09-25,12,22.4,19.6,84.0,0.6,,285.0,17.6,,1007.3,,17.0
2025-09-25,13,21.5,19.4,88.0,0.2,,285.0,14.8,,1008.5,,17.0
2025-09-25,14,21.2,19.7,91.0,0.0,,287.0,14.8,,1009.4,,2.0
2025-09-25,15,20.5,19.2,92.0,0.2,,284.0,13.7,,1010.5,,17.0
2025-09-25,16,20.2,19.0,93.0,0.0,,279.0,13.3,,1011.4,,3.0
2025-09-25,17,20.0,19.0,94.0,0.0,,272.0,13.7,,1011.6,,3.0
2025-09-25,18,19.9,19.2,96.0,0.0,,270.0,14.4,,1011.0,,3.0
2025-09-25,19,19.8,19.1,96.0,0.0,,267.0,16.6,,1010.3,,3.0
2025-09-25,20,19.6,18.9,96.0,0.0,,270.0,17.3,,1009.4,,3.0
2025-09-25,21,19.3,18.6,96.0,0.0,,270.0,18.0,,1009.2,,3.0
2025-09-25,22,19.5,18.2,92.0,0.0,,279.0,17.3,,1008.6,,3.0
2025-09-25,23,19.2,18.0,93.0,0.0,,276.0,16.9,,1008.9,,3.0
2025-09-26,0,18.9,17.9,94.0,0.0,,274.0,16.6,,1009.3,,3.0
2025-09-26,1,18.7,17.9,95.0,0.0,,273.0,16.9,,1009.7,,3.0
2025-09-26,2,20.0,18.1,89.0,0.0,,272.0,17.3,,1010.3,,3.0
2025-09-26,3,21.6,18.2,81.0,0.0,,273.0,19.1,,1010.5,,3.0
2025-09-26,4,23.2,18.3,74.0,0.0,,275.0,22.0,,1010.6,,3.0
2025-09-26,5,24.9,17.9,65.0,0.0,,286.0,27.0,,1010.4,,3.0
2025-09-26,6,25.7,17.4,60.0,0.0,,290.0,27.0,,1009.5,,3.0
2025-09-26,7,26.0,17.4,59.0,0.0,,287.0,24.5,,1008.5,,3.0
2025-09-26,8,26.6,17.1,56.0,0.2,,284.0,25.2,,1006.5,,7.0
2025-09-26,9,26.5,17.3,57.0,0.1,,283.0,24.1,,1005.8,,7.0
2025-09-26,10,26.7,17.5,57.0,0.2,,278.0,23.0,,1005.3,,7.0
2025-09-26,11,24.9,17.9,65.0,0.4,,282.0,20.2,,1005.8,,8.0
2025-09-26,12,23.3,18.4,74.0,0.2,,284.0,18.0,,1007.0,,7.0
2025-09-26,13,22.9,18.0,74.0,0.0,,282.0,18.0,,1008.0,,3.0
2025-09-26,14,22.1,18.1,78.0,0.0,,277.0,16.9,,1009.2,,3.0
2025-09-26,15,21.5,18.3,82.0,0.0,,270.0,14.4,,1010.7,,3.0
2025-09-26,16,21.1,18.7,86.0,0.0,,263.0,14.8,,1011.6,,3.0
2025-09-26,17,20.7,18.6,88.0,0.0,,261.0,16.2,,1012.0,,3.0
2025-09-26,18,20.1,18.6,91.0,0.0,,261.0,16.6,,1012.0,,3.0
2025-09-26,19,19.7,18.5,93.0,0.0,,258.0,17.6,,1011.3,,3.0
2025-09-26,20,19.4,18.4,94.0,0.0,,261.0,18.7,,1010.2,,3.0
2025-09-26,21,19.3,18.3,94.0,0.0,,260.0,19.1,,1009.4,,3.0
2025-09-26,22,19.3,18.3,94.0,0.0,,256.0,19.1,,1009.1,,3.0
2025-09-26,23,19.4,18.2,93.0,0.0,,260.0,20.9,,1008.7,,3.0
2025-09-27,0,19.6,18.3,92.0,0.0,,263.0,20.9,,1009.3,,3.0
2025-09-27,1,19.7,18.4,92.0,0.0,,264.0,21.2,,1010.3,,3.0
2025-09-27,2,20.5,18.4,88.0,0.0,,265.0,23.4,,1010.8,,3.0
2025-09-27,3,21.9,18.1,79.0,0.0,,267.0,28.8,,1011.2,,3.0
2025-09-27,4,23.0,18.1,74.0,0.0,,266.0,27.0,,1011.2,,3.0
2025-09-27,5,24.4,18.1,68.0,0.0,,272.0,28.1,,1010.9,,3.0
2025-09-27,6,25.4,17.8,63.0,0.1,,271.0,28.4,,1010.5,,7.0
2025-09-27,7,26.6,17.4,57.0,0.1,,273.0,27.0,,1009.0,,7.0
2025-09-27,8,26.3,18.9,64.0,0.3,,265.0,26.6,,1007.8,,8.0
2025-09-27,9,24.6,18.8,70.0,0.5,,278.0,28.8,,1008.0,,8.0
2025-09-27,10,23.4,18.7,75.0,0.7,,280.0,23.4,,1008.1,,8.0
2025-09-27,11,24.0,19.7,77.0,0.2,,276.0,23.4,,1007.7,,7.0
2025-09-27,12,23.3,18.6,75.0,0.3,,266.0,22.3,,1008.3,,8.0
2025-09-27,13,22.0,18.6,81.0,0.0,,260.0,20.5,,1008.8,,3.0
2025-09-27,14,22.1,18.3,79.0,0.0,,263.0,20.2,,1009.9,,3.0
2025-09-27,15,21.4,18.2,82.0,0.0,,262.0,19.1,,1011.1,,3.0
2025-09-27,16,20.9,18.3,85.0,0.0,,261.0,17.6,,1012.2,,3.0
2025-09-27,17,20.6,18.5,88.0,0.0,,260.0,16.2,,1012.6,,3.0
2025-09-27,18,20.2,18.7,91.0,0.0,,259.0,15.8,,1012.3,,3.0
2025-09-27,19,20.0,18.7,92.0,0.0,,256.0,15.8,,1011.3,,3.0
2025-09-27,20,19.6,18.4,93.0,0.0,,254.0,16.9,,1010.6,,3.0
2025-09-27,21,19.3,18.3,94.0,0.0,,254.0,17.6,,1009.9,,3.0
2025-09-27,22,19.2,18.2,94.0,0.0,,252.0,18.4,,1009.5,,3.0
2025-09-27,23,19.4,18.4,94.0,0.0,,252.0,18.4,,1009.5,,3.0
2025-09-28,0,19.4,18.4,94.0,0.0,,254.0,18.4,,1009.9,,3.0
2025-09-28,1,19.7,18.7,94.0,0.0,,250.0,18.0,,1010.5,,3.0
2025-09-28,2,20.4,18.9,91.0,0.0,,246.0,23.4,,1010.9,,3.0
2025-09-28,3,21.9,18.5,81.0,0.0,,248.0,25.2,,1011.2,,3.0
2025-09-28,4,23.3,18.4,74.0,0.1,,252.0,25.6,,1011.6,,7.0
2025-09-28,5,24.2,18.4,70.0,0.1,,255.0,26.6,,1011.0,,7.0
2025-09-28,6,26.0,18.2,62.0,0.0,,259.0,27.0,,1010.0,,3.0
2025-09-28,7,27.2,17.9,57.0,0.1,,261.0,27.7,,1008.9,,17.0
2025-09-28,8,27.8,17.3,53.0,0.0,,262.0,27.0,,1007.5,,3.0
2025-09-28,9,27.9,17.1,52.0,0.0,,263.0,27.4,,1006.5,,3.0
2025-09-28,10,27.6,17.2,53.0,0.0,,261.0,25.6,,1006.0,,3.0
2025-09-28,11,27.0,17.2,55.0,0.2,,261.0,27.7,,1006.3,,17.0
2025-09-28,12,24.5,18.2,68.0,0.2,,262.0,23.0,,1007.8,,17.0
2025-09-28,13,23.4,18.9,76.0,0.0,,261.0,18.4,,1008.6,,3.0
2025-09-28,14,22.9,18.9,78.0,0.0,,259.0,19.4,,1009.6,,3.0
2025-09-28,15,22.1,18.5,80.0,0.0,,264.0,19.8,,1010.7,,3.0
2025-09-28,16,21.6,19.0,85.0,0.0,,260.0,16.6,,1011.4,,3.0
2025-09-28,17,21.1,19.0,88.0,0.0,,256.0,16.6,,1011.7,,2.0
2025-09-28,18,20.9,19.2,90.0,0.0,,250.0,15.8,,1011.7,,3.0
2025-09-28,19,20.3,19.3,94.0,0.0,,249.0,15.5,,1011.0,,2.0
2025-09-28,20,20.0,19.2,95.0,0.0,,251.0,15.5,,1010.3,,3.0
2025-09-28,21,19.8,19.1,96.0,0.0,,255.0,15.1,,1009.7,,3.0
2025-09-28,22,19.5,18.8,96.0,0.0,,254.0,16.9,,1009.4,,3.0
2025-09-28,23,19.4,18.7,96.0,0.0,,252.0,16.6,,1009.4,,3.0
2025-09-29,0,19.3,18.6,96.0,0.0,,246.0,16.6,,1009.8,,3.0
2025-09-29,1,19.4,18.7,96.0,0.0,,247.0,15.5,,1010.6,,3.0
2025-09-29,2,20.5,18.8,90.0,0.0,,252.0,22.0,,1010.7,,3.0
2025-09-29,3,22.2,18.4,79.0,0.0,,259.0,25.2,,1011.4,,3.0
2025-09-29,4,23.8,18.0,70.0,0.0,,259.0,25.9,,1011.5,,3.0
2025-09-29,5,25.5,17.4,61.0,0.0,,260.0,27.7,,1011.3,,3.0
2025-09-29,6,26.5,17.0,56.0,0.0,,262.0,27.7,,1010.5,,3.0
2025-09-29,7,27.6,16.6,51.0,0.0,,264.0,27.7,,1009.1,,3.0
2025-09-29,8,28.2,15.8,47.0,0.0,,269.0,28.1,,1007.7,,3.0
2025-09-29,9,28.0,16.0,48.0,0.0,,267.0,27.0,,1006.6,,3.0
2025-09-29,10,27.3,16.9,53.0,0.0,,264.0,24.5,,1006.2,,3.0
2025-09-29,11,26.6,17.1,56.0,0.0,,267.0,26.3,,1006.5,,2.0
2025-09-29,12,25.7,17.6,61.0,0.0,,263.0,22.3,,1007.4,,3.0
2025-09-29,13,23.9,18.1,70.0,0.0,,264.0,20.5,,1008.9,,2.0
2025-09-29,14,23.0,18.1,74.0,0.0,,265.0,18.7,,1010.1,,2.0
2025-09-29,15,22.0,18.0,78.0,0.0,,263.0,18.0,,1011.2,,3.0
2025-09-29,16,21.2,17.6,80.0,0.0,,262.0,16.6,,1011.9,,3.0
2025-09-29,17,20.6,18.2,86.0,0.0,,263.0,14.8,,1012.3,,3.0
2025-09-29,18,19.9,18.0,89.0,0.0,,265.0,14.8,,1011.9,,3.0
2025-09-29,19,19.3,18.0,92.0,0.0,,266.0,15.5,,1010.8,,3.0
2025-09-29,20,18.8,18.0,95.0,0.0,,268.0,15.8,,1010.3,,3.0
2025-09-29,21,18.5,18.0,97.0,0.0,,266.0,15.1,,1009.7,,3.0
2025-09-29,22,18.2,17.4,95.0,0.0,,274.0,15.8,,1009.2,,3.0
2025-09-29,23,18.0,17.2,95.0,0.0,,270.0,16.9,,1009.1,,3.0
2025-09-30,0,17.9,17.3,96.0,0.0,,268.0,16.9,,1009.1,,3.0
2025-09-30,1,17.9,17.3,96.0,0.0,,268.0,17.3,,1009.8,,3.0
2025-09-30,2,19.4,17.7,90.0,0.0,,270.0,19.8,,1010.4,,3.0
2025-09-30,3,21.6,17.4,77.0,0.0,,270.0,18.0,,1010.8,,3.0
2025-09-30,4,23.8,17.5,68.0,0.0,,272.0,21.2,,1010.9,,3.0
2025-09-30,5,25.8,16.6,57.0,0.0,,273.0,25.6,,1010.2,,3.0
2025-09-30,6,27.3,16.0,50.0,0.0,,273.0,25.6,,1009.6,,3.0
2025-09-30,7,28.3,15.2,45.0,0.0,,274.0,25.9,,1008.5,,3.0
2025-09-30,8,28.0,16.0,48.0,0.0,,284.0,24.5,,1007.3,,3.0
2025-09-30,9,28.0,16.0,48.0,0.0,,284.0,22.3,,1006.7,,3.0
2025-09-30,10,28.0,15.6,47.0,0.0,,287.0,19.8,,1006.4,,3.0
2025-09-30,11,27.8,15.5,47.0,0.0,,282.0,17.6,,1006.1,,3.0
2025-09-30,12,26.8,15.5,50.0,0.0,,271.0,14.0,,1006.5,,3.0
2025-09-30,13,25.4,16.8,59.0,0.0,,259.0,14.0,,1007.6,,3.0
2025-09-30,14,24.3,17.5,66.0,0.0,,267.0,16.2,,1009.0,,3.0
2025-09-30,15,23.2,18.1,73.0,0.0,,269.0,16.9,,1010.2,,3.0
2025-09-30,16,22.2,18.2,78.0,0.0,,270.0,16.2,,1011.0,,3.0
2025-09-30,17,21.5,18.3,82.0,0.0,,273.0,15.5,,1011.4,,3.0
2025-09-30,18,21.0,18.2,84.0,0.0,,274.0,14.8,,1010.9,,3.0
2025-09-30,19,20.5,18.3,87.0,0.0,,274.0,13.7,,1010.1,,3.0
2025-09-30,20,20.1,18.2,89.0,0.0,,270.0,14.0,,1009.4,,3.0
2025-09-30,21,19.7,18.2,91.0,0.0,,269.0,12.6,,1009.1,,3.0
2025-09-30,22,19.4,18.2,93.0,0.0,,266.0,13.7,,1008.7,,3.0
2025-09-30,23,19.0,18.2,95.0,0.0,,263.0,14.4,,1008.7,,3.0
2025-10-01,0,18.7,18.2,97.0,0.0,,262.0,15.1,,1009.0,,3.0
2025-10-01,1,18.6,18.1,97.0,0.0,,260.0,15.1,,1009.9,,3.0
2025-10-01,2,19.4,18.1,92.0,0.0,,264.0,19.4,,1010.9,,3.0
2025-10-01,3,21.2,17.6,80.0,0.0,,267.0,19.8,,1011.3,,3.0
2025-10-01,4,23.3,17.1,68.0,0.0,,269.0,19.1,,1010.8,,3.0
2025-10-01,5,26.2,16.4,55.0,0.0,,276.0,21.2,,1010.2,,3.0
2025-10-01,6,27.3,16.0,50.0,0.0,,280.0,23.0,,1009.2,,3.0
2025-10-01,7,27.0,16.6,53.0,0.0,,283.0,21.2,,1008.3,,3.0
2025-10-01,8,27.4,16.7,52.0,0.2,,280.0,17.6,,1007.5,,7.0
2025-10-01,9,27.9,17.1,52.0,0.3,,274.0,18.4,,1006.1,,8.0
2025-10-01,10,28.0,17.2,52.0,0.2,,274.0,20.5,,1005.3,,7.0
2025-10-01,11,27.8,17.0,52.0,0.0,,275.0,19.4,,1005.8,,3.0
2025-10-01,12,26.7,17.2,56.0,0.0,,277.0,14.8,,1007.1,,3.0
2025-10-01,13,25.4,18.3,65.0,0.0,,272.0,15.5,,1007.8,,3.0
2025-10-01,14,23.6,18.9,75.0,0.0,,262.0,11.5,,1009.3,,3.0
2025-10-01,15,22.8,18.6,77.0,0.2,,263.0,13.3,,1010.5,,17.0
2025-10-01,16,22.6,19.2,81.0,0.0,,265.0,15.1,,1011.2,,3.0
2025-10-01,17,21.9,18.7,82.0,0.0,,269.0,15.1,,1011.5,,3.0
2025-10-01,18,21.3,18.7,85.0,0.0,,268.0,15.1,,1011.3,,3.0
2025-10-01,19,20.7,18.6,88.0,0.0,,265.0,14.8,,1010.8,,3.0
2025-10-01,20,20.2,18.7,91.0,0.0,,264.0,15.1,,1010.2,,3.0
2025-10-01,21,19.9,18.7,93.0,0.0,,266.0,15.1,,1009.8,,3.0
2025-10-01,22,19.7,18.5,93.0,0.0,,264.0,15.5,,1009.6,,3.0
2025-10-01,23,19.5,18.3,93.0,0.0,,258.0,14.8,,1009.9,,3.0
2025-10-02,0,19.5,18.7,95.0,0.0,,257.0,15.5,,1010.6,,3.0
2025-10-02,1,19.5,18.7,95.0,0.0,,254.0,15.8,,1011.4,,3.0
2025-10-02,2,20.6,18.7,89.0,0.0,,256.0,20.5,,1012.3,,3.0
2025-10-02,3,22.1,18.5,80.0,0.0,,265.0,22.0,,1012.7,,3.0
2025-10-02,4,23.7,18.1,71.0,0.0,,272.0,22.7,,1012.7,,3.0
2025-10-02,5,26.2,17.6,59.0,0.0,,276.0,23.0,,1012.1,,3.0
2025-10-02,6,26.6,17.4,57.0,0.0,,271.0,20.9,,1011.7,,3.0
2025-10-02,7,26.9,18.5,60.0,0.3,,271.0,20.5,,1010.4,,8.0
2025-10-02,8,27.8,18.8,58.0,0.0,,278.0,17.3,,1009.2,,3.0
2025-10-02,9,27.8,18.8,58.0,0.0,,286.0,17.6,,1008.4,,3.0
2025-10-02,10,28.4,17.9,53.0,0.3,,284.0,18.0,,1007.4,,8.0
2025-10-02,11,25.9,19.3,67.0,0.8,,280.0,16.9,,1008.5,,8.0
2025-10-02,12,23.1,18.8,77.0,0.5,,268.0,17.3,,1010.0,,8.0
2025-10-02,13,22.8,19.6,82.0,0.0,,281.0,11.2,,1010.9,,3.0
2025-10-02,14,22.5,19.5,83.0,0.0,,279.0,8.6,,1011.8,,3.0
2025-10-02,15,21.7,19.6,88.0,0.0,,272.0,9.4,,1012.6,,3.0
2025-10-02,16,21.4,19.5,89.0,0.0,,267.0,10.1,,1012.9,,3.0
2025-10-02,17,21.1,19.6,91.0,0.0,,260.0,10.4,,1013.2,,3.0
2025-10-02,18,20.9,19.4,91.0,0.0,,268.0,11.5,,1013.4,,3.0
2025-10-02,19,20.5,19.2,92.0,0.0,,273.0,11.9,,1012.9,,3.0
2025-10-02,20,20.0,19.0,94.0,0.0,,273.0,11.2,,1012.6,,3.0
2025-10-02,21,19.6,18.8,95.0,0.0,,275.0,9.7,,1012.3,,3.0
2025-10-02,22,19.3,18.6,96.0,0.0,,270.0,9.4,,1012.2,,3.0
2025-10-02,23,19.0,18.5,97.0,0.0,,265.0,10.4,,1012.5,,3.0
2025-10-03,0,18.8,18.3,97.0,0.0,,258.0,10.4,,1013.1,,3.0
2025-10-03,1,18.8,18.3,97.0,0.0,,256.0,11.5,,1014.0,,2.0
2025-10-03,2,20.3,18.6,90.0,0.0,,262.0,12.2,,1014.6,,3.0
2025-10-03,3,22.3,18.7,80.0,0.0,,275.0,12.6,,1014.9,,3.0
2025-10-03,4,24.5,18.9,71.0,0.0,,274.0,13.7,,1014.8,,3.0
2025-10-03,5,26.7,18.0,59.0,0.0,,279.0,16.2,,1014.0,,3.0
2025-10-03,6,27.7,18.7,58.0,0.0,,275.0,13.3,,1013.2,,3.0
2025-10-03,7,29.0,18.8,54.0,0.0,,273.0,11.5,,1012.1,,3.0
2025-10-03,8,29.5,18.3,51.0,0.0,,272.0,12.6,,1010.7,,3.0
2025-10-03,9,29.3,18.4,52.0,0.0,,279.0,13.3,,1009.6,,3.0
2025-10-03,10,28.1,18.5,56.0,0.1,,299.0,11.9,,1009.2,,7.0
2025-10-03,11,25.7,18.9,66.0,0.5,,281.0,9.4,,1010.8,,8.0
2025-10-03,12,25.3,19.4,70.0,0.0,,316.0,9.4,,1010.9,,3.0
2025-10-03,13,23.8,19.3,76.0,0.9,,236.0,13.3,,1012.2,,17.0
2025-10-03,14,22.3,19.5,84.0,0.5,,221.0,8.3,,1013.0,,8.0
2025-10-03,15,22.2,19.9,87.0,0.0,,243.0,7.2,,1013.8,,3.0
2025-10-03,16,22.7,19.3,81.0,0.0,,261.0,7.9,,1014.6,,3.0
2025-10-03,17,22.5,19.5,83.0,0.0,,261.0,7.6,,1014.9,,3.0
2025-10-03,18,22.3,19.7,85.0,0.0,,270.0,7.2,,1014.6,,3.0
2025-10-03,19,21.8,19.7,88.0,0.0,,269.0,7.6,,1014.2,,3.0
2025-10-03,20,21.5,19.8,90.0,0.0,,278.0,7.2,,1014.1,,3.0
2025-10-03,21,20.2,19.2,94.0,0.0,,279.0,8.6,,1013.2,,3.0
2025-10-03,22,20.1,19.4,96.0,0.0,,258.0,6.5,,1013.6,,3.0
2025-10-03,23,20.2,19.5,96.0,0.0,,278.0,5.8,,1013.7,,3.0
2025-10-04,0,20.0,19.5,97.0,0.0,,282.0,6.5,,1014.3,,3.0
2025-10-04,1,20.0,19.7,98.0,0.0,,292.0,5.4,,1014.9,,3.0
2025-10-04,2,21.0,19.8,93.0,0.0,,309.0,7.9,,1015.8,,3.0
2025-10-04,3,22.2,19.7,86.0,0.0,,316.0,6.5,,1016.5,,3.0
2025-10-04,4,23.7,19.6,78.0,0.0,,311.0,7.6,,1016.3,,3.0
2025-10-04,5,24.4,19.5,74.0,0.0,,285.0,10.1,,1016.1,,3.0
2025-10-04,6,24.0,19.1,74.0,0.0,,256.0,11.5,,1015.3,,3.0
2025-10-04,7,24.4,19.2,73.0,0.0,,249.0,10.4,,1014.2,,3.0
2025-10-04,8,24.7,19.5,73.0,0.0,,250.0,9.4,,1012.5,,3.0
2025-10-04,9,25.2,19.1,69.0,0.0,,257.0,10.1,,1011.2,,3.0
2025-10-04,10,25.8,19.2,67.0,0.0,,258.0,11.2,,1010.2,,3.0
2025-10-04,11,25.3,19.2,69.0,0.0,,258.0,13.3,,1010.1,,3.0
2025-10-04,12,23.9,19.6,77.0,0.0,,272.0,7.2,,1010.3,,3.0
2025-10-04,13,22.8,19.8,83.0,0.0,,326.0,5.4,,1011.7,,3.0
2025-10-04,14,22.6,19.8,84.0,0.0,,333.0,5.4,,1012.4,,3.0
2025-10-04,15,22.5,19.9,85.0,0.0,,177.0,9.7,,1013.6,,3.0
2025-10-04,16,20.3,18.8,91.0,1.6,,156.0,14.0,,1015.6,,18.0
2025-10-04,17,21.7,19.8,89.0,1.2,,242.0,6.8,,1015.1,,9.0
2025-10-04,18,21.7,19.8,89.0,0.0,,245.0,5.0,,1014.8,,3.0
2025-10-04,19,21.5,19.8,90.0,0.0,,241.0,4.0,,1014.3,,3.0
2025-10-04,20,21.1,19.6,91.0,0.0,,244.0,5.4,,1013.5,,3.0
2025-10-04,21,20.6,19.6,94.0,0.0,,264.0,5.8,,1013.2,,3.0
2025-10-04,22,18.9,18.4,97.0,0.0,,291.0,4.7,,1013.6,,3.0
2025-10-04,23,18.3,17.8,97.0,0.0,,306.0,4.3,,1013.5,,3.0
2025-10-05,0,18.4,17.9,97.0,0.0,,299.0,6.1,,1013.6,,3.0
2025-10-05,1,18.6,18.3,98.0,0.0,,301.0,8.6,,1014.6,,2.0
2025-10-05,2,20.3,19.1,93.0,0.0,,304.0,9.7,,1015.1,,3.0
2025-10-05,3,22.2,18.8,81.0,0.0,,308.0,12.2,,1015.3,,3.0
2025-10-05,4,24.1,18.5,71.0,0.0,,301.0,11.2,,1015.3,,3.0
2025-10-05,5,25.7,17.9,62.0,0.0,,293.0,11.9,,1015.0,,2.0
2025-10-05,6,27.1,16.7,53.0,0.0,,290.0,13.3,,1013.9,,1.0
2025-10-05,7,27.9,15.6,47.0,0.0,,289.0,14.8,,1012.5,,2.0
2025-10-05,8,28.3,16.2,48.0,0.2,,285.0,11.5,,1011.1,,17.0
2025-10-05,9,28.5,16.4,48.0,0.0,,286.0,12.6,,1010.3,,2.0
2025-10-05,10,28.2,17.1,51.0,0.0,,283.0,12.6,,1009.5,,3.0
2025-10-05,11,27.7,17.0,52.0,0.0,,280.0,11.5,,1009.3,,3.0
2025-10-05,12,26.7,16.9,55.0,0.0,,279.0,9.4,,1009.9,,2.0
2025-10-05,13,25.6,18.0,63.0,0.0,,278.0,8.3,,1011.0,,3.0
2025-10-05,14,24.6,18.5,69.0,0.0,,280.0,10.4,,1012.5,,2.0
2025-10-05,15,23.6,18.5,73.0,0.0,,266.0,9.0,,1013.8,,2.0
2025-10-05,16,23.1,18.2,74.0,0.0,,277.0,9.0,,1014.3,,2.0
2025-10-05,17,22.1,18.1,78.0,0.0,,258.0,8.3,,1014.7,,2.0
2025-10-05,18,21.3,18.9,86.0,5.4,,294.0,5.8,,1015.4,,9.0
2025-10-05,19,20.6,18.7,89.0,0.0,,296.0,6.5,,1014.7,,3.0
2025-10-05,20,20.2,18.9,92.0,0.0,,331.0,6.8,,1014.1,,3.0
2025-10-05,21,19.8,18.6,93.0,0.0,,322.0,8.6,,1013.4,,3.0
2025-10-05,22,19.6,18.4,93.0,0.0,,313.0,9.0,,1013.0,,3.0
2025-10-05,23,19.5,18.5,94.0,0.0,,323.0,11.2,,1013.5,,3.0
2025-10-06,0,19.4,18.4,94.0,0.0,,309.0,9.0,,1013.9,,3.0
2025-10-06,1,19.4,18.1,92.0,0.0,,289.0,9.7,,1014.3,,3.0
2025-10-06,2,20.4,18.0,86.0,0.0,,290.0,10.4,,1014.9,,3.0
2025-10-06,3,22.2,17.1,73.0,0.0,,301.0,12.2,,1015.4,,3.0
2025-10-06,4,23.8,16.6,64.0,0.0,,313.0,13.7,,1016.0,,2.0
2025-10-06,5,25.3,16.2,57.0,0.0,,309.0,13.0,,1015.5,,2.0
2025-10-06,6,26.3,16.0,53.0,0.0,,304.0,11.2,,1014.4,,3.0
2025-10-06,7,27.1,15.8,50.0,0.0,,298.0,10.1,,1013.1,,3.0
2025-10-06,8,27.5,15.8,49.0,0.0,,299.0,9.7,,1011.8,,3.0
2025-10-06,9,27.3,16.0,50.0,0.0,,313.0,10.8,,1011.2,,3.0
2025-10-06,10,27.1,15.8,50.0,0.0,,302.0,11.2,,1010.4,,2.0
2025-10-06,11,26.5,15.5,51.0,0.0,,292.0,10.8,,1010.5,,3.0
2025-10-06,12,25.6,16.2,56.0,0.0,,292.0,7.6,,1011.1,,2.0
2025-10-06,13,24.1,18.1,69.0,0.0,,319.0,5.4,,1011.7,,3.0
2025-10-06,14,23.9,18.8,73.0,0.0,,70.0,2.2,,1012.7,,3.0
2025-10-06,15,23.1,18.4,75.0,0.0,,353.0,5.8,,1013.8,,3.0
2025-10-06,16,22.2,18.0,77.0,0.0,,0.0,7.2,,1014.4,,3.0
2025-10-06,17,21.8,17.6,77.0,0.0,,356.0,6.8,,1014.2,,3.0
2025-10-06,18,21.4,17.0,76.0,0.0,,348.0,7.2,,1014.0,,3.0
2025-10-06,19,20.9,16.5,76.0,0.0,,350.0,6.1,,1013.5,,2.0
2025-10-06,20,20.4,16.6,79.0,0.0,,300.0,6.5,,1013.3,,1.0
2025-10-06,21,19.6,16.6,83.0,0.0,,283.0,7.6,,1013.1,,1.0
2025-10-06,22,19.2,16.2,83.0,0.0,,304.0,6.1,,1013.0,,1.0
2025-10-06,23,18.7,16.5,87.0,0.0,,324.0,6.5,,1013.3,,1.0
2025-10-07,0,18.9,17.7,93.0,0.0,,316.0,6.1,,1013.9,,1.0
2025-10-07,1,18.8,18.0,95.0,0.0,,316.0,7.6,,1014.5,,3.0
2025-10-07,2,20.0,18.5,91.0,0.0,,317.0,7.2,,1015.4,,3.0
2025-10-07,3,22.1,18.7,81.0,0.0,,332.0,9.0,,1015.9,,3.0
2025-10-07,4,24.3,18.5,70.0,0.0,,345.0,11.9,,1015.7,,3.0
2025-10-07,5,25.9,17.3,59.0,0.0,,329.0,7.9,,1015.0,,3.0
2025-10-07,6,27.0,16.6,53.0,0.0,,310.0,7.6,,1014.0,,3.0
2025-10-07,7,27.6,15.9,49.0,0.1,,309.0,8.6,,1012.7,,7.0
2025-10-07,8,28.1,15.7,47.0,0.3,,312.0,9.0,,1011.5,,17.0
2025-10-07,9,28.1,15.7,47.0,0.4,,310.0,10.1,,1010.4,,17.0
2025-10-07,10,27.6,16.2,50.0,0.3,,300.0,7.6,,1010.0,,8.0
2025-10-07,11,27.4,16.1,50.0,0.1,,311.0,8.3,,1009.9,,7.0
2025-10-07,12,26.1,16.6,56.0,0.0,,308.0,8.6,,1010.7,,3.0
2025-10-07,13,24.8,18.3,67.0,0.0,,316.0,6.1,,1011.8,,3.0
2025-10-07,14,24.4,18.8,71.0,0.0,,339.0,5.4,,1012.7,,3.0
2025-10-07,15,23.7,18.4,72.0,0.0,,4.0,7.6,,1013.6,,3.0
2025-10-07,16,23.2,17.9,72.0,0.0,,24.0,8.3,,1014.1,,2.0
2025-10-07,17,22.6,17.7,74.0,0.0,,52.0,7.9,,1014.5,,3.0
2025-10-07,18,22.4,17.8,75.0,0.0,,54.0,7.9,,1014.4,,3.0
2025-10-07,19,22.2,17.8,76.0,0.0,,43.0,8.6,,1013.8,,3.0
2025-10-07,20,21.2,18.2,83.0,0.0,,56.0,4.7,,1013.0,,3.0
2025-10-07,21,20.9,18.3,85.0,0.0,,40.0,5.0,,1012.4,,2.0
2025-10-07,22,20.8,18.4,86.0,0.0,,104.0,4.0,,1012.2,,2.0
2025-10-07,23,20.3,18.4,89.0,0.0,,109.0,2.9,,1012.7,,2.0
2025-10-08,0,20.1,18.2,89.0,0.0,,301.0,3.2,,1013.1,,2.0
2025-10-08,1,20.1,18.2,89.0,0.0,,314.0,4.0,,1013.7,,1.0
2025-10-08,2,21.7,18.1,80.0,0.0,,332.0,4.3,,1014.3,,2.0
2025-10-08,3,23.6,18.0,71.0,0.0,,346.0,3.2,,1014.7,,2.0
2025-10-08,4,25.5,18.2,64.0,0.0,,25.0,2.9,,1014.9,,2.0
2025-10-08,5,26.9,18.2,59.0,0.0,,6.0,2.5,,1014.7,,3.0
2025-10-08,6,28.2,18.0,54.0,0.0,,5.0,3.6,,1013.3,,2.0
2025-10-08,7,28.9,17.8,51.0,0.0,,3.0,5.0,,1011.8,,3.0
2025-10-08,8,26.7,18.3,60.0,1.3,,238.0,8.3,,1010.3,,9.0
2025-10-08,9,23.1,19.5,80.0,5.1,,188.0,11.5,,1011.0,,9.0
2025-10-08,10,23.0,19.0,78.0,1.1,,128.0,8.3,,1010.6,,9.0
2025-10-08,11,23.1,18.6,76.0,0.2,,88.0,6.8,,1010.3,,7.0
2025-10-08,12,22.6,18.8,79.0,0.1,,134.0,6.8,,1011.5,,17.0
2025-10-08,13,22.0,19.2,84.0,0.0,,97.0,4.0,,1012.0,,3.0
2025-10-08,14,21.9,19.6,87.0,0.0,,235.0,3.2,,1013.1,,3.0
2025-10-08,15,21.5,19.6,89.0,0.3,,233.0,7.9,,1014.6,,17.0
2025-10-08,16,20.6,19.6,94.0,2.4,,176.0,11.5,,1015.8,,18.0
2025-10-08,17,20.2,18.9,92.0,0.4,,246.0,8.6,,1016.1,,8.0
2025-10-08,18,19.9,19.4,97.0,0.5,,300.0,3.6,,1015.0,,8.0
2025-10-08,19,19.5,19.3,99.0,0.0,,232.0,6.5,,1014.9,,3.0
2025-10-08,20,19.3,19.1,99.0,0.0,,279.0,5.0,,1014.0,,3.0
2025-10-08,21,19.3,19.1,99.0,0.0,,303.0,5.8,,1013.5,,3.0
2025-10-08,22,19.2,19.0,99.0,0.0,,309.0,7.6,,1013.2,,3.0
2025-10-08,23,19.1,18.9,99.0,0.0,,303.0,5.4,,1013.2,,3.0
2025-10-09,0,18.8,18.6,99.0,0.0,,305.0,5.8,,1013.4,,5.0
2025-10-09,1,18.7,18.5,99.0,0.0,,320.0,6.5,,1014.0,,3.0
2025-10-09,2,20.3,19.3,94.0,0.0,,308.0,6.8,,1014.7,,2.0
2025-10-09,3,22.1,19.5,85.0,0.0,,316.0,9.7,,1015.3,,1.0
2025-10-09,4,24.0,19.1,74.0,0.0,,334.0,10.8,,1015.2,,2.0
2025-10-09,5,25.3,19.2,69.0,0.2,,338.0,10.8,,1014.6,,17.0
2025-10-09,6,26.2,19.8,68.0,0.0,,332.0,8.3,,1013.5,,2.0
2025-10-09,7,26.9,20.0,66.0,0.0,,331.0,7.2,,1012.1,,3.0
2025-10-09,8,26.5,19.6,66.0,0.0,,337.0,7.2,,1010.8,,3.0
2025-10-09,9,26.4,19.3,65.0,0.0,,343.0,9.7,,1009.4,,3.0
2025-10-09,10,24.1,19.0,73.0,0.6,,76.0,9.4,,1010.1,,8.0
2025-10-09,11,23.2,19.2,78.0,0.4,,140.0,8.3,,1010.2,,8.0
2025-10-09,12,23.1,19.7,81.0,0.0,,64.0,7.9,,1011.1,,3.0
2025-10-09,13,22.4,19.9,86.0,0.0,,246.0,7.6,,1012.4,,3.0
2025-10-09,14,21.6,20.2,92.0,0.7,,256.0,7.2,,1013.7,,8.0
2025-10-09,15,20.8,19.6,93.0,1.5,,322.0,4.0,,1014.8,,9.0
2025-10-09,16,20.8,19.8,94.0,0.1,,178.0,4.0,,1015.0,,7.0
2025-10-09,17,20.6,19.9,96.0,0.0,,271.0,3.6,,1015.1,,3.0
2025-10-09,18,20.2,19.9,98.0,0.0,,227.0,4.3,,1014.7,,3.0
2025-10-09,19,19.8,19.6,99.0,0.0,,220.0,3.2,,1014.0,,3.0
2025-10-09,20,19.6,19.6,100.0,0.0,,290.0,4.3,,1013.3,,3.0
2025-10-09,21,19.5,19.5,100.0,0.0,,292.0,5.0,,1012.5,,3.0
2025-10-09,22,19.5,19.3,99.0,0.0,,304.0,5.8,,1012.5,,5.0
2025-10-09,23,19.4,19.1,98.0,0.0,,313.0,6.1,,1012.5,,5.0
2025-10-10,0,19.2,18.9,98.0,0.0,,318.0,7.2,,1012.8,,5.0
2025-10-10,1,19.2,18.9,98.0,0.0,,304.0,5.8,,1013.2,,5.0
2025-10-10,2,20.0,19.0,94.0,0.0,,323.0,7.6,,1014.2,,5.0
2025-10-10,3,21.6,19.3,87.0,0.0,,317.0,6.8,,1014.5,,3.0
2025-10-10,4,23.3,19.5,79.0,0.0,,325.0,5.8,,1014.7,,3.0
2025-10-10,5,24.6,19.4,73.0,0.2,,313.0,5.0,,1013.9,,7.0
2025-10-10,6,26.3,19.9,68.0,0.0,,302.0,5.0,,1012.5,,3.0
2025-10-10,7,27.1,20.2,66.0,0.0,,309.0,4.0,,1010.9,,3.0
2025-10-10,8,27.6,20.2,64.0,0.0,,7.0,4.0,,1009.7,,3.0
2025-10-10,9,27.2,19.8,64.0,0.0,,359.0,6.1,,1008.6,,3.0
2025-10-10,10,25.1,19.7,72.0,5.9,,79.0,6.5,,1008.3,,9.0
2025-10-10,11,22.4,19.8,85.0,8.6,,130.0,9.0,,1009.7,,9.0
2025-10-10,12,22.0,19.7,87.0,0.2,,196.0,6.1,,1010.4,,7.0
2025-10-10,18,19.7,19.5,99.0,,,20.0,1.8,,1013.9,,
2025-10-11,0,19.1,18.9,99.0,,,313.0,5.8,,1012.2,,
2025-10-11,6,24.8,19.4,72.0,,,3.0,5.8,,1012.1,,
2025-10-11,10,26.1,19.3,66.0,,,18.0,13.3,,1008.4,,
2025-10-11,11,24.6,18.8,70.0,0.4,,23.0,10.1,,1008.9,,17.0
2025-10-11,12,23.0,19.6,81.0,1.6,,301.0,8.6,,1010.5,,9.0
2025-10-11,13,21.6,20.1,91.0,3.0,,93.0,9.0,,1011.5,,9.0
2025-10-11,14,20.8,19.5,92.0,1.5,,50.0,7.2,,1012.8,,9.0
2025-10-11,15,21.4,19.5,89.0,1.7,,144.0,5.4,,1013.2,,9.0
2025-10-11,16,21.0,19.5,91.0,0.0,,113.0,6.5,,1013.2,,3.0
2025-10-11,17,20.6,19.4,93.0,0.0,,129.0,4.7,,1013.1,,3.0
2025-10-11,18,20.2,19.2,94.0,0.0,,133.0,3.6,,1012.7,,3.0
2025-10-11,19,19.9,18.7,93.0,0.0,,67.0,4.0,,1012.0,,2.0
2025-10-11,20,19.4,14.9,75.0,0.0,,67.0,6.5,,1011.5,,1.0
2025-10-11,21,19.1,14.8,76.0,0.0,,68.0,6.8,,1011.0,,2.0
2025-10-11,22,18.9,14.8,77.0,0.0,,66.0,6.5,,1010.8,,3.0
2025-10-11,23,18.4,14.7,79.0,0.0,,78.0,5.8,,1010.9,,2.0
2025-10-12,0,18.1,14.6,80.0,0.0,,88.0,5.8,,1011.1,,1.0
2025-10-12,1,18.0,15.8,87.0,0.0,,65.0,4.7,,1011.7,,1.0
2025-10-12,2,20.0,17.6,86.0,0.0,,46.0,6.1,,1012.2,,1.0
2025-10-12,3,22.6,18.6,78.0,0.0,,53.0,6.5,,1012.9,,1.0
2025-10-12,4,24.3,18.0,68.0,0.0,,57.0,10.8,,1013.2,,1.0
2025-10-12,5,25.5,18.2,64.0,0.0,,56.0,11.9,,1012.7,,1.0
2025-10-12,6,26.5,17.8,59.0,0.0,,51.0,11.5,,1011.5,,1.0
2025-10-12,7,27.2,17.7,56.0,0.0,,47.0,10.4,,1010.6,,2.0
2025-10-12,8,27.6,17.2,53.0,0.0,,44.0,9.7,,1009.5,,1.0
2025-10-12,9,27.6,16.9,52.0,0.0,,44.0,9.4,,1008.3,,1.0
2025-10-12,10,27.4,16.1,50.0,0.0,,42.0,8.3,,1007.7,,2.0
2025-10-12,11,26.9,16.8,54.0,0.0,,46.0,10.4,,1007.8,,1.0
2025-10-12,12,25.6,18.3,64.0,0.0,,54.0,7.2,,1008.7,,2.0
2025-10-12,13,24.1,18.3,70.0,0.0,,65.0,7.6,,1009.5,,1.0
2025-10-12,14,23.3,17.5,70.0,0.0,,41.0,7.6,,1010.2,,1.0
2025-10-12,15,22.6,17.1,71.0,0.0,,26.0,7.9,,1011.1,,3.0
2025-10-12,16,21.5,16.7,74.0,0.0,,32.0,9.0,,1012.4,,3.0
2025-10-12,17,21.1,16.7,76.0,0.0,,52.0,7.9,,1012.4,,3.0
2025-10-12,18,20.2,17.0,82.0,0.0,,106.0,9.4,,1013.1,,3.0
2025-10-12,19,20.0,18.3,90.0,0.0,,122.0,8.6,,1012.6,,3.0
2025-10-12,20,19.7,19.0,96.0,0.0,,128.0,7.6,,1011.9,,3.0
2025-10-12,21,19.4,16.8,85.0,0.0,,136.0,5.8,,1010.9,,3.0
2025-10-12,22,18.8,17.3,91.0,0.0,,139.0,4.0,,1010.5,,3.0
2025-10-12,23,18.7,17.4,92.0,0.0,,102.0,3.2,,1010.3,,3.0
2025-10-13,0,18.6,17.3,92.0,0.0,,46.0,2.9,,1010.9,,3.0
2025-10-13,1,18.5,17.3,93.0,0.0,,10.0,2.5,,1012.1,,3.0
2025-10-13,2,20.4,19.1,92.0,0.0,,316.0,3.2,,1013.1,,3.0
2025-10-13,3,22.6,19.0,80.0,0.0,,329.0,4.0,,1013.3,,3.0
2025-10-13,4,24.2,17.9,68.0,0.0,,352.0,7.6,,1013.2,,3.0
2025-10-13,5,25.6,17.5,61.0,0.0,,357.0,10.1,,1012.8,,3.0
2025-10-13,6,26.7,17.5,57.0,0.0,,359.0,10.8,,1011.9,,3.0
2025-10-13,7,27.2,17.4,55.0,0.0,,352.0,11.9,,1010.3,,3.0
2025-10-13,8,27.7,17.3,53.0,0.0,,2.0,11.9,,1009.3,,3.0
2025-10-13,9,28.2,16.8,50.0,0.0,,5.0,10.8,,1008.1,,3.0
2025-10-13,10,27.8,16.1,49.0,0.0,,3.0,11.9,,1007.4,,3.0
2025-10-13,11,27.0,16.9,54.0,0.0,,4.0,13.0,,1007.6,,3.0
2025-10-13,12,25.3,18.2,65.0,0.0,,10.0,14.0,,1008.8,,2.0
2025-10-13,13,23.4,18.9,76.0,0.0,,12.0,13.7,,1010.1,,3.0
2025-10-13,14,22.3,19.3,83.0,0.0,,21.0,13.3,,1011.4,,3.0
2025-10-13,15,21.7,19.3,86.0,0.0,,33.0,13.0,,1012.3,,3.0
2025-10-13,16,20.7,19.2,91.0,0.8,,48.0,13.3,,1013.1,,8.0
2025-10-13,17,21.0,19.3,90.0,0.2,,31.0,11.9,,1012.6,,7.0
2025-10-13,18,20.7,19.4,92.0,0.0,,38.0,10.8,,1012.3,,3.0
2025-10-13,19,20.2,19.4,95.0,0.0,,48.0,9.7,,1011.3,,3.0
2025-10-13,20,20.0,19.5,97.0,0.0,,49.0,9.4,,1010.9,,3.0
2025-10-13,21,19.8,19.5,98.0,0.0,,62.0,9.4,,1010.1,,3.0
2025-10-13,22,19.8,19.6,99.0,0.0,,59.0,8.3,,1009.7,,3.0
2025-10-13,23,19.7,19.5,99.0,0.0,,67.0,9.4,,1009.9,,3.0
2025-10-14,0,19.6,19.4,99.0,0.0,,68.0,9.7,,1010.2,,3.0
2025-10-14,1,19.6,19.4,99.0,0.0,,74.0,9.7,,1010.9,,5.0
2025-10-14,2,19.9,19.6,98.0,0.0,,80.0,11.5,,1011.8,,5.0
2025-10-14,3,22.0,19.2,84.0,0.0,,81.0,12.2,,1011.4,,5.0
2025-10-14,4,23.5,18.8,75.0,0.0,,86.0,13.3,,1011.6,,3.0
2025-10-14,5,24.8,19.0,70.0,0.0,,88.0,13.3,,1011.0,,3.0
2025-10-14,6,25.8,18.7,65.0,0.0,,87.0,13.3,,1010.2,,3.0
2025-10-14,7,26.9,18.7,61.0,0.1,,92.0,12.6,,1009.0,,17.0
2025-10-14,8,27.6,18.3,57.0,0.0,,88.0,13.0,,1007.2,,2.0
2025-10-14,9,28.2,18.3,55.0,0.1,,98.0,12.6,,1005.9,,17.0
2025-10-14,10,27.4,18.4,58.0,0.1,,92.0,14.0,,1005.8,,17.0
2025-10-14,11,26.1,18.8,64.0,0.2,,110.0,17.3,,1006.5,,17.0
2025-10-14,12,23.4,19.8,80.0,0.8,,115.0,14.0,,1008.0,,17.0
2025-10-14,13,21.3,19.4,89.0,0.3,,121.0,12.2,,1009.4,,8.0
2025-10-14,14,21.1,19.6,91.0,0.4,,90.0,10.1,,1010.1,,8.0
2025-10-14,15,20.9,19.7,93.0,0.0,,99.0,8.3,,1011.0,,3.0
2025-10-14,16,20.8,19.8,94.0,0.0,,137.0,10.4,,1011.4,,3.0
2025-10-14,17,20.6,19.6,94.0,0.0,,133.0,6.5,,1011.4,,3.0
2025-10-14,18,20.3,19.6,96.0,0.0,,134.0,6.5,,1011.0,,3.0
2025-10-14,19,20.3,19.8,97.0,0.0,,142.0,6.8,,1010.5,,3.0
2025-10-14,20,20.3,19.6,96.0,0.0,,137.0,7.2,,1009.6,,3.0
2025-10-14,21,20.1,19.6,97.0,0.0,,142.0,7.2,,1009.0,,3.0
2025-10-14,22,20.3,19.5,95.0,0.0,,119.0,5.4,,1009.0,,3.0
2025-10-14,23,20.4,19.7,96.0,0.0,,88.0,6.8,,1009.1,,3.0
2025-10-15,0,19.9,19.6,98.0,0.0,,89.0,5.0,,1009.4,,3.0
2025-10-15,1,19.9,19.7,99.0,0.0,,77.0,7.6,,1010.2,,3.0
2025-10-15,2,21.0,19.5,91.0,0.0,,78.0,10.4,,1010.9,,3.0
2025-10-15,3,22.4,19.4,83.0,0.0,,71.0,11.2,,1011.3,,3.0
2025-10-15,4,23.9,19.4,76.0,0.0,,82.0,11.9,,1011.8,,3.0
2025-10-15,5,25.0,20.0,74.0,0.0,,78.0,12.6,,1011.2,,3.0
2025-10-15,6,25.8,19.4,68.0,0.0,,76.0,13.7,,1010.0,,3.0
2025-10-15,7,24.5,19.1,72.0,0.5,,83.0,14.8,,1008.7,,8.0
2025-10-15,8,23.7,19.2,76.0,0.5,,79.0,18.4,,1008.3,,8.0
2025-10-15,9,24.4,19.9,76.0,0.0,,66.0,18.7,,1006.9,,3.0
2025-10-15,10,23.3,19.9,81.0,0.4,,74.0,16.6,,1007.2,,8.0
2025-10-15,11,23.3,19.7,80.0,0.2,,69.0,13.7,,1007.3,,7.0
2025-10-15,12,23.2,19.8,81.0,0.0,,66.0,15.5,,1007.7,,3.0
2025-10-15,13,22.3,19.7,85.0,0.0,,70.0,11.2,,1008.8,,3.0
2025-10-15,14,22.1,19.5,85.0,0.2,,72.0,10.4,,1010.1,,7.0
2025-10-15,15,21.4,19.5,89.0,0.0,,79.0,9.4,,1011.2,,3.0
2025-10-15,16,21.1,19.6,91.0,0.0,,80.0,9.0,,1011.6,,3.0
2025-10-15,17,20.6,19.6,94.0,0.0,,78.0,8.6,,1011.7,,3.0
2025-10-15,18,20.3,19.6,96.0,0.0,,70.0,7.6,,1011.6,,3.0
2025-10-15,19,20.2,19.9,98.0,0.0,,72.0,9.4,,1010.4,,3.0
2025-10-15,20,20.3,19.8,97.0,0.0,,66.0,10.4,,1009.9,,3.0
2025-10-15,21,20.3,19.6,96.0,0.0,,67.0,11.2,,1009.6,,3.0
2025-10-15,22,20.0,19.7,98.0,0.0,,66.0,10.8,,1009.5,,3.0
2025-10-15,23,20.1,19.6,97.0,0.0,,65.0,12.6,,1009.3,,3.0
2025-10-16,0,20.3,19.6,96.0,0.0,,73.0,10.8,,1009.6,,3.0
2025-10-16,1,20.2,19.7,97.0,0.0,,74.0,13.7,,1010.5,,3.0
2025-10-16,2,21.1,19.6,91.0,0.0,,75.0,18.7,,1010.8,,3.0
2025-10-16,3,22.5,19.5,83.0,0.0,,78.0,20.5,,1010.9,,3.0
2025-10-16,4,23.7,19.4,77.0,0.1,,85.0,19.4,,1010.9,,7.0
2025-10-16,5,24.4,19.7,75.0,0.0,,88.0,20.5,,1011.0,,3.0
2025-10-16,6,25.8,19.7,69.0,0.2,,90.0,20.5,,1009.8,,7.0
2025-10-16,7,26.2,19.3,66.0,0.2,,90.0,19.1,,1008.3,,7.0
2025-10-16,8,25.9,19.3,67.0,0.6,,82.0,19.8,,1006.8,,8.0
2025-10-16,9,25.7,20.5,73.0,0.3,,85.0,16.9,,1005.8,,8.0
2025-10-16,10,25.4,19.5,70.0,2.3,,82.0,18.7,,1006.6,,9.0
2025-10-16,11,24.4,20.3,78.0,0.7,,94.0,15.5,,1006.9,,17.0
2025-10-16,12,23.1,19.5,80.0,0.2,,81.0,15.1,,1008.2,,17.0
2025-10-16,13,21.5,19.4,88.0,0.2,,83.0,14.0,,1009.6,,17.0
2025-10-16,14,21.4,19.9,91.0,0.0,,90.0,11.9,,1010.5,,3.0
2025-10-16,15,21.2,20.2,94.0,0.0,,97.0,11.5,,1012.1,,3.0
2025-10-16,16,21.2,20.4,95.0,0.0,,89.0,10.8,,1012.4,,3.0
2025-10-16,17,20.8,20.3,97.0,0.0,,95.0,9.4,,1012.4,,3.0
2025-10-16,18,20.6,20.1,97.0,0.0,,92.0,9.4,,1012.4,,3.0
2025-10-16,19,20.5,20.0,97.0,0.0,,89.0,8.6,,1011.7,,3.0
2025-10-16,20,20.4,20.2,99.0,0.0,,50.0,7.2,,1010.8,,3.0
2025-10-16,21,20.6,20.1,97.0,0.4,,66.0,11.2,,1010.4,,8.0
2025-10-16,22,20.5,20.2,98.0,0.7,,42.0,10.4,,1009.9,,8.0
2025-10-16,23,20.5,20.2,98.0,0.2,,70.0,10.1,,1010.3,,7.0
2025-10-17,0,20.5,20.0,97.0,0.0,,67.0,12.2,,1010.5,,3.0
2025-10-17,1,20.6,20.3,98.0,0.0,,67.0,11.5,,1010.9,,3.0
2025-10-17,2,21.3,20.1,93.0,0.0,,64.0,14.8,,1012.4,,3.0
2025-10-17,3,22.8,19.8,83.0,0.0,,62.0,15.5,,1012.9,,3.0
2025-10-17,4,24.3,19.6,75.0,0.1,,74.0,15.8,,1013.0,,7.0
2025-10-17,5,25.5,20.1,72.0,0.0,,75.0,14.4,,1012.3,,3.0
2025-10-17,6,26.4,20.3,69.0,0.0,,76.0,14.8,,1011.2,,3.0
2025-10-17,7,27.4,19.7,63.0,0.0,,79.0,16.6,,1009.7,,3.0
2025-10-17,8,23.3,20.4,84.0,5.7,,89.0,19.1,,1010.0,,9.0
2025-10-17,9,22.9,20.1,84.0,4.0,,88.0,18.0,,1009.7,,9.0
2025-10-17,10,22.9,19.7,82.0,0.1,,80.0,15.8,,1008.7,,7.0
2025-10-17,11,24.8,19.9,74.0,0.1,,76.0,18.0,,1008.4,,7.0
2025-10-17,12,23.4,20.5,84.0,1.0,,87.0,14.8,,1009.5,,18.0
2025-10-17,13,22.4,19.8,85.0,0.6,,94.0,15.8,,1011.0,,8.0
2025-10-17,14,21.4,19.9,91.0,1.7,,101.0,13.7,,1013.0,,9.0
2025-10-17,15,21.2,20.2,94.0,0.5,,86.0,13.7,,1013.3,,8.0
2025-10-17,16,20.5,19.8,96.0,0.0,,77.0,9.7,,1014.1,,3.0
2025-10-17,17,20.4,19.9,97.0,0.0,,80.0,11.9,,1014.1,,3.0
2025-10-17,18,20.3,20.0,98.0,0.0,,77.0,12.6,,1013.1,,3.0
2025-10-17,19,20.4,19.9,97.0,0.0,,83.0,10.8,,1012.2,,3.0
2025-10-17,20,20.3,19.8,97.0,0.0,,89.0,11.9,,1011.3,,3.0
2025-10-17,21,20.3,19.8,97.0,0.0,,101.0,10.4,,1010.9,,3.0
2025-10-17,22,20.4,19.7,96.0,0.0,,91.0,11.5,,1010.5,,3.0
2025-10-17,23,20.4,19.7,96.0,0.0,,90.0,10.4,,1010.3,,3.0
2025-10-18,0,20.3,19.8,97.0,0.0,,84.0,10.4,,1010.7,,3.0
2025-10-18,1,20.4,19.9,97.0,0.0,,79.0,10.8,,1011.4,,3.0
2025-10-18,2,21.2,19.7,91.0,0.0,,80.0,14.8,,1012.4,,3.0
2025-10-18,3,22.5,19.7,84.0,0.0,,79.0,15.5,,1012.7,,3.0
2025-10-18,4,24.1,19.6,76.0,0.1,,86.0,15.8,,1012.7,,7.0
2025-10-18,5,24.9,19.7,73.0,0.2,,94.0,14.0,,1012.7,,7.0
2025-10-18,6,26.0,19.6,68.0,0.2,,98.0,13.3,,1011.9,,7.0
2025-10-18,7,25.0,20.3,75.0,0.3,,77.0,14.4,,1010.2,,8.0
2025-10-18,8,25.1,20.4,75.0,0.3,,74.0,14.4,,1009.4,,8.0
2025-10-18,9,23.9,20.0,79.0,1.2,,58.0,11.9,,1008.7,,9.0
2025-10-18,10,24.0,20.1,79.0,0.0,,62.0,11.9,,1007.8,,3.0
2025-10-18,11,23.7,19.8,79.0,0.0,,61.0,13.7,,1008.1,,3.0
2025-10-18,12,22.3,19.8,86.0,0.5,,57.0,10.4,,1008.4,,8.0
2025-10-18,13,21.9,20.2,90.0,0.0,,37.0,7.9,,1009.5,,3.0
2025-10-18,14,21.5,20.1,92.0,0.3,,62.0,9.7,,1010.9,,8.0
2025-10-18,15,21.0,20.0,94.0,2.3,,82.0,10.4,,1012.0,,9.0
2025-10-18,16,20.8,20.1,96.0,0.0,,80.0,9.7,,1012.2,,3.0
2025-10-18,17,20.1,19.6,97.0,0.0,,83.0,8.6,,1012.5,,3.0
2025-10-18,18,20.1,19.6,97.0,0.0,,83.0,7.2,,1012.0,,3.0
2025-10-18,19,20.0,19.5,97.0,0.0,,97.0,7.2,,1011.6,,3.0
2025-10-18,20,20.2,19.5,96.0,0.0,,94.0,8.3,,1010.6,,3.0
2025-10-18,21,20.3,19.5,95.0,0.0,,111.0,6.1,,1010.1,,3.0
2025-10-18,22,20.1,19.8,98.0,0.0,,68.0,7.9,,1009.6,,3.0
2025-10-18,23,19.8,19.5,98.0,0.0,,76.0,10.4,,1010.0,,3.0
2025-10-19,0,19.7,19.2,97.0,0.0,,93.0,7.6,,1010.6,,3.0
2025-10-19,1,19.3,19.0,98.0,0.0,,70.0,6.5,,1011.0,,3.0
2025-10-19,2,20.3,19.3,94.0,0.0,,74.0,8.3,,1011.5,,3.0
2025-10-19,3,21.8,19.5,87.0,0.0,,84.0,11.5,,1012.1,,3.0
2025-10-19,4,23.8,19.5,77.0,0.0,,99.0,13.0,,1012.1,,3.0
2025-10-19,5,25.0,19.4,71.0,0.0,,103.0,13.7,,1011.8,,3.0
2025-10-19,6,25.8,19.9,70.0,0.0,,109.0,12.6,,1010.9,,3.0
2025-10-19,7,26.5,20.4,69.0,0.0,,109.0,11.5,,1009.6,,3.0
2025-10-19,8,24.6,19.7,74.0,0.0,,100.0,11.5,,1008.2,,3.0
2025-10-19,9,25.0,20.0,74.0,0.1,,80.0,10.1,,1007.4,,7.0
2025-10-19,10,25.7,20.3,72.0,0.0,,56.0,11.5,,1007.3,,3.0
2025-10-19,11,23.9,19.8,78.0,1.7,,86.0,9.0,,1007.1,,9.0
2025-10-19,12,22.7,19.7,83.0,0.0,,107.0,8.6,,1008.3,,3.0
2025-10-19,13,22.2,20.3,89.0,0.0,,123.0,7.6,,1009.1,,3.0
2025-10-19,14,21.8,20.4,92.0,0.0,,90.0,7.9,,1010.1,,3.0
2025-10-19,15,21.6,20.6,94.0,0.0,,105.0,7.2,,1011.3,,3.0
2025-10-19,16,21.4,20.6,95.0,0.0,,132.0,7.6,,1011.6,,3.0
2025-10-19,17,21.0,20.5,97.0,0.0,,120.0,7.9,,1011.7,,3.0
2025-10-19,18,20.8,20.5,98.0,0.0,,116.0,11.9,,1011.0,,3.0
2025-10-19,19,20.7,20.0,96.0,0.0,,122.0,10.4,,1010.5,,3.0
2025-10-19,20,20.4,20.1,98.0,0.0,,123.0,7.2,,1010.0,,3.0
2025-10-19,21,20.1,19.9,99.0,0.0,,124.0,7.9,,1008.9,,3.0
2025-10-19,22,20.1,19.8,98.0,0.0,,119.0,6.8,,1008.6,,3.0
2025-10-19,23,19.9,19.6,98.0,0.0,,114.0,9.7,,1009.1,,3.0
2025-10-20,0,19.8,19.5,98.0,0.0,,103.0,8.6,,1009.4,,3.0
2025-10-20,1,20.0,19.7,98.0,0.0,,94.0,8.3,,1010.1,,3.0
2025-10-20,2,20.6,19.4,93.0,0.0,,102.0,10.1,,1010.6,,3.0
2025-10-20,3,22.1,19.3,84.0,0.0,,107.0,11.5,,1011.3,,3.0
2025-10-20,4,23.5,19.0,76.0,0.0,,107.0,11.2,,1011.4,,3.0
2025-10-20,5,24.9,18.8,69.0,0.0,,105.0,13.0,,1011.2,,3.0
2025-10-20,6,25.7,18.6,65.0,0.0,,105.0,12.6,,1010.0,,3.0
2025-10-20,7,26.4,19.0,64.0,0.0,,109.0,13.0,,1008.7,,3.0
2025-10-20,8,25.1,19.2,70.0,0.6,,102.0,15.8,,1007.5,,8.0
2025-10-20,9,22.7,20.0,85.0,0.6,,85.0,16.9,,1007.2,,8.0
2025-10-20,10,23.8,19.9,79.0,0.0,,81.0,13.0,,1006.5,,3.0
2025-10-20,11,23.7,20.0,80.0,0.0,,88.0,15.5,,1006.5,,3.0
2025-10-20,12,22.0,19.5,86.0,0.6,,94.0,14.8,,1008.1,,8.0
2025-10-20,13,21.1,19.6,91.0,0.0,,84.0,13.0,,1009.0,,3.0
2025-10-20,14,21.7,19.6,88.0,0.0,,95.0,11.5,,1010.3,,3.0
2025-10-20,15,21.2,19.8,92.0,0.0,,102.0,10.4,,1011.6,,3.0
2025-10-20,16,20.7,19.9,95.0,0.0,,98.0,9.0,,1012.1,,3.0
2025-10-20,17,20.5,19.8,96.0,0.0,,83.0,11.2,,1011.9,,3.0
2025-10-20,18,20.3,19.8,97.0,0.0,,79.0,10.8,,1011.1,,3.0
2025-10-20,19,20.3,19.6,96.0,0.0,,77.0,10.8,,1010.4,,3.0
2025-10-20,20,20.0,19.5,97.0,0.0,,78.0,9.4,,1009.9,,3.0
2025-10-20,21,19.8,19.5,98.0,0.0,,83.0,8.6,,1009.4,,3.0
2025-10-20,22,19.8,19.5,98.0,0.0,,72.0,11.5,,1008.8,,3.0
2025-10-20,23,20.0,19.5,97.0,0.0,,66.0,10.1,,1008.7,,3.0
2025-10-21,0,19.9,19.4,97.0,0.0,,57.0,9.7,,1009.3,,3.0
2025-10-21,1,19.8,19.3,97.0,0.0,,58.0,10.8,,1010.1,,3.0
2025-10-21,2,20.5,19.3,93.0,0.0,,61.0,14.4,,1011.1,,3.0
2025-10-21,3,21.5,19.2,87.0,0.0,,59.0,16.2,,1011.6,,3.0
2025-10-21,4,22.8,19.8,83.0,0.0,,68.0,14.0,,1011.8,,3.0
2025-10-21,5,24.3,20.4,79.0,0.0,,61.0,14.8,,1011.3,,3.0
2025-10-21,6,25.9,19.5,68.0,0.2,,71.0,19.1,,1009.4,,7.0
2025-10-21,7,23.4,19.8,80.0,4.1,,71.0,16.9,,1009.1,,9.0
2025-10-21,8,22.5,19.3,82.0,5.5,,74.0,19.8,,1008.6,,9.0
2025-10-21,9,23.9,20.2,80.0,0.0,,70.0,16.9,,1007.1,,3.0
2025-10-21,10,23.8,19.9,79.0,4.5,,75.0,15.1,,1007.0,,9.0
2025-10-21,11,23.4,19.5,79.0,0.0,,78.0,15.5,,1007.4,,3.0
2025-10-21,12,22.1,19.5,85.0,0.2,,75.0,15.8,,1008.6,,7.0
2025-10-21,13,21.1,19.2,89.0,0.2,,74.0,12.2,,1009.4,,7.0
2025-10-21,14,21.0,19.3,90.0,0.0,,63.0,10.4,,1010.3,,3.0
2025-10-21,15,20.7,19.9,95.0,0.0,,62.0,9.7,,1011.5,,3.0
2025-10-21,16,20.5,19.8,96.0,0.0,,57.0,10.4,,1011.6,,3.0
2025-10-21,17,20.3,19.8,97.0,0.0,,46.0,10.1,,1011.5,,3.0
2025-10-21,18,20.2,19.7,97.0,0.0,,43.0,11.5,,1011.2,,3.0
2025-10-21,19,20.3,19.8,97.0,0.0,,49.0,10.4,,1010.7,,3.0
2025-10-21,20,20.0,19.7,98.0,0.0,,46.0,11.2,,1010.2,,3.0
2025-10-21,21,20.2,19.7,97.0,0.0,,46.0,10.1,,1009.4,,3.0
2025-10-21,22,20.1,19.6,97.0,0.0,,44.0,13.3,,1009.2,,3.0
2025-10-21,23,19.9,19.6,98.0,0.0,,50.0,11.9,,1009.5,,3.0
2025-10-22,0,20.1,19.6,97.0,0.0,,49.0,11.5,,1009.9,,3.0
2025-10-22,1,20.3,20.0,98.0,0.0,,40.0,18.0,,1009.3,,3.0
2025-10-22,2,20.3,19.8,97.0,1.9,,41.0,19.1,,1009.8,,9.0
2025-10-22,3,20.7,20.0,96.0,2.3,,48.0,17.6,,1010.7,,9.0
2025-10-22,4,21.9,20.2,90.0,0.5,,57.0,17.3,,1011.5,,8.0
2025-10-22,5,22.4,20.3,88.0,0.4,,54.0,17.6,,1011.3,,8.0
2025-10-22,6,23.1,20.6,86.0,0.3,,58.0,20.2,,1010.1,,8.0
2025-10-22,7,23.9,20.2,80.0,0.2,,58.0,22.0,,1008.4,,7.0
2025-10-22,8,24.6,20.3,77.0,0.2,,62.0,24.5,,1006.8,,7.0
2025-10-22,9,23.9,19.8,78.0,2.4,,75.0,22.0,,1006.2,,9.0
2025-10-22,10,22.8,20.1,85.0,1.9,,88.0,19.1,,1006.1,,9.0
2025-10-22,11,21.7,19.8,89.0,1.4,,96.0,13.3,,1007.8,,9.0
2025-10-22,12,21.6,20.1,91.0,0.2,,111.0,10.1,,1008.4,,7.0
2025-10-22,13,21.1,19.7,92.0,0.3,,114.0,9.7,,1009.2,,8.0
2025-10-22,14,20.6,19.8,95.0,1.1,,113.0,11.2,,1010.5,,9.0
2025-10-22,15,20.5,19.5,94.0,1.2,,109.0,8.6,,1011.2,,9.0
2025-10-22,16,20.4,19.9,97.0,2.2,,127.0,10.1,,1011.9,,9.0
2025-10-22,17,20.4,20.1,98.0,0.0,,126.0,9.4,,1011.9,,3.0
2025-10-22,18,20.0,19.7,98.0,0.8,,140.0,9.0,,1011.7,,8.0
2025-10-22,19,19.6,19.3,98.0,0.3,,128.0,7.9,,1011.2,,8.0
2025-10-22,20,19.3,19.1,99.0,0.0,,146.0,4.0,,1010.1,,3.0
2025-10-22,21,20.3,20.0,98.0,0.0,,157.0,7.2,,1009.1,,3.0
2025-10-22,22,20.1,19.8,98.0,0.0,,154.0,7.6,,1009.3,,3.0
2025-10-22,23,20.0,19.8,99.0,0.0,,151.0,6.8,,1009.5,,3.0
2025-10-23,0,19.9,19.7,99.0,0.0,,130.0,6.8,,1009.7,,3.0
2025-10-23,1,19.8,19.6,99.0,0.0,,163.0,6.5,,1010.5,,3.0
2025-10-23,2,20.4,19.4,94.0,0.0,,196.0,7.9,,1011.0,,3.0
2025-10-23,3,21.6,19.3,87.0,0.0,,203.0,11.9,,1011.7,,3.0
2025-10-23,4,22.8,19.4,81.0,0.0,,188.0,9.0,,1012.3,,3.0
2025-10-23,5,24.2,19.5,75.0,0.0,,199.0,7.2,,1012.2,,3.0
2025-10-23,6,24.8,19.6,73.0,0.0,,220.0,10.4,,1011.5,,3.0
2025-10-23,7,25.4,20.0,72.0,0.0,,232.0,11.2,,1009.1,,3.0
2025-10-23,8,23.3,20.1,82.0,3.0,,226.0,14.4,,1008.7,,9.0
2025-10-23,9,24.5,20.4,78.0,0.2,,238.0,13.3,,1007.7,,7.0
2025-10-23,10,23.9,20.0,79.0,0.3,,212.0,11.2,,1007.8,,8.0
2025-10-23,11,23.7,20.0,80.0,0.1,,183.0,8.3,,1008.3,,7.0
2025-10-23,12,23.2,20.2,83.0,0.2,,173.0,5.8,,1009.0,,7.0
2025-10-23,13,22.3,20.2,88.0,0.0,,173.0,5.4,,1010.1,,3.0
2025-10-23,14,22.0,20.5,91.0,0.0,,188.0,6.1,,1011.0,,3.0
2025-10-23,15,21.3,19.9,92.0,1.5,,208.0,8.3,,1012.2,,9.0
2025-10-23,16,20.6,19.8,95.0,1.2,,215.0,10.1,,1012.4,,9.0
2025-10-23,17,21.3,19.0,87.0,0.0,,217.0,8.6,,1012.7,,3.0
2025-10-23,18,20.7,19.0,90.0,0.0,,235.0,8.3,,1012.1,,3.0
2025-10-23,19,20.5,19.2,92.0,0.0,,272.0,4.3,,1011.1,,3.0
2025-10-23,20,20.6,19.1,91.0,0.0,,275.0,6.5,,1010.5,,3.0
2025-10-23,21,20.5,18.8,90.0,0.0,,264.0,9.0,,1010.0,,3.0
2025-10-23,22,19.9,18.7,93.0,0.0,,249.0,10.8,,1010.3,,3.0
2025-10-23,23,20.0,18.8,93.0,0.0,,249.0,10.4,,1010.4,,3.0
2025-10-24,0,20.0,18.7,92.0,0.0,,257.0,9.7,,1010.7,,3.0
2025-10-24,1,20.1,18.6,91.0,0.0,,254.0,7.6,,1011.8,,3.0
2025-10-24,2,20.4,18.7,90.0,0.0,,256.0,8.6,,1012.7,,3.0
2025-10-24,3,21.9,18.7,82.0,0.0,,253.0,8.3,,1013.1,,3.0
2025-10-24,4,23.5,19.0,76.0,0.0,,234.0,14.8,,1013.5,,3.0
2025-10-24,5,24.2,19.1,73.0,0.1,,234.0,18.0,,1013.2,,7.0
2025-10-24,6,24.8,19.2,71.0,0.1,,237.0,16.9,,1012.3,,7.0
2025-10-24,7,25.4,19.5,70.0,0.0,,234.0,15.8,,1011.3,,3.0
2025-10-24,8,24.3,19.4,74.0,0.5,,244.0,14.0,,1010.3,,8.0
2025-10-24,9,24.2,19.3,74.0,0.1,,238.0,16.6,,1009.2,,7.0
2025-10-24,10,22.3,19.3,83.0,1.4,,222.0,16.9,,1009.4,,9.0
2025-10-24,11,22.0,19.5,86.0,0.3,,229.0,12.6,,1009.8,,8.0
2025-10-24,12,21.5,19.4,88.0,0.0,,232.0,9.0,,1010.3,,3.0
2025-10-24,13,22.5,18.7,79.0,0.0,,236.0,10.8,,1011.1,,3.0
2025-10-24,14,21.8,18.8,83.0,0.0,,243.0,9.0,,1012.0,,3.0
2025-10-24,15,21.4,19.0,86.0,0.0,,250.0,7.2,,1013.0,,3.0
2025-10-24,16,21.2,18.9,87.0,0.2,,253.0,8.3,,1013.8,,7.0
2025-10-24,17,20.7,19.0,90.0,0.4,,254.0,7.6,,1013.8,,8.0
2025-10-24,18,20.4,19.1,92.0,0.4,,258.0,7.2,,1013.4,,8.0
2025-10-24,19,20.1,19.1,94.0,0.2,,265.0,6.8,,1012.7,,7.0
2025-10-24,20,19.7,18.9,95.0,0.0,,259.0,7.9,,1011.6,,3.0
2025-10-24,21,19.5,18.7,95.0,0.0,,254.0,7.6,,1011.0,,3.0
2025-10-24,22,19.6,18.8,95.0,0.0,,257.0,10.1,,1011.0,,3.0
2025-10-24,23,19.8,19.3,97.0,0.0,,250.0,7.9,,1011.1,,3.0
2025-10-25,0,19.5,19.2,98.0,0.0,,256.0,6.5,,1011.4,,3.0
2025-10-25,1,19.3,19.0,98.0,0.0,,253.0,8.6,,1012.1,,3.0
2025-10-25,2,20.3,19.3,94.0,0.0,,259.0,11.2,,1012.7,,3.0
2025-10-25,3,21.7,19.4,87.0,0.0,,259.0,12.2,,1013.2,,3.0
2025-10-25,4,23.9,19.4,76.0,0.0,,254.0,11.5,,1013.2,,3.0
2025-10-25,5,25.2,18.6,67.0,0.0,,247.0,12.6,,1012.8,,3.0
2025-10-25,6,26.2,17.6,59.0,0.0,,244.0,11.9,,1011.9,,3.0
2025-10-25,7,26.7,17.2,56.0,0.0,,242.0,11.9,,1010.5,,1.0
2025-10-25,8,27.0,17.2,55.0,0.0,,241.0,13.0,,1009.0,,1.0
2025-10-25,9,26.7,18.3,60.0,0.0,,232.0,11.9,,1008.7,,2.0
2025-10-25,10,26.3,18.4,62.0,0.0,,233.0,10.8,,1008.2,,3.0
2025-10-25,11,25.8,18.5,64.0,0.0,,236.0,10.1,,1008.7,,3.0
2025-10-25,12,23.6,18.9,75.0,0.3,,248.0,9.7,,1010.2,,8.0
2025-10-25,13,22.5,18.9,80.0,0.3,,254.0,11.2,,1011.1,,8.0
2025-10-25,14,22.1,19.3,84.0,0.0,,277.0,7.2,,1012.0,,3.0
2025-10-25,15,21.1,19.2,89.0,0.4,,86.0,6.5,,1013.1,,8.0
2025-10-25,16,20.8,19.3,91.0,0.1,,241.0,7.9,,1014.3,,7.0
2025-10-25,17,20.5,19.0,91.0,0.0,,236.0,3.2,,1013.7,,3.0
2025-10-25,18,20.0,18.7,92.0,0.0,,259.0,2.9,,1012.7,,3.0
2025-10-25,19,20.2,18.7,91.0,0.0,,184.0,3.2,,1011.8,,3.0
2025-10-25,20,19.9,18.6,92.0,0.0,,220.0,3.6,,1011.0,,3.0
2025-10-25,21,19.8,18.5,92.0,0.0,,217.0,5.0,,1010.7,,3.0
2025-10-25,22,19.3,18.3,94.0,0.0,,226.0,4.7,,1010.9,,3.0
2025-10-25,23,19.0,18.3,96.0,0.0,,236.0,6.1,,1011.2,,3.0
2025-10-26,0,19.0,18.3,96.0,0.0,,241.0,7.6,,1011.4,,3.0
2025-10-26,1,19.0,18.5,97.0,0.0,,240.0,7.2,,1012.4,,3.0
2025-10-26,2,19.9,19.1,95.0,0.0,,247.0,12.6,,1013.1,,3.0
2025-10-26,3,21.4,19.0,86.0,0.0,,243.0,10.8,,1013.6,,3.0
2025-10-26,4,23.3,19.2,78.0,0.0,,236.0,10.1,,1013.4,,3.0
2025-10-26,5,25.2,18.4,66.0,0.0,,229.0,10.1,,1012.9,,3.0
2025-10-26,6,26.3,17.9,60.0,0.0,,229.0,10.4,,1012.0,,3.0
2025-10-26,7,26.9,17.7,57.0,0.0,,244.0,10.1,,1010.8,,3.0
2025-10-26,8,27.4,17.3,54.0,0.0,,249.0,10.1,,1009.4,,3.0
2025-10-26,9,27.6,16.9,52.0,0.0,,252.0,8.6,,1008.5,,3.0
2025-10-26,10,26.6,17.9,59.0,0.2,,244.0,10.4,,1008.4,,7.0
2025-10-26,11,25.7,18.6,65.0,0.0,,238.0,7.9,,1008.8,,3.0
2025-10-26,12,25.0,19.4,71.0,0.0,,238.0,14.4,,1009.6,,3.0
2025-10-26,13,21.1,18.7,86.0,0.6,,275.0,16.6,,1011.1,,8.0
2025-10-26,14,20.7,19.0,90.0,0.2,,249.0,9.0,,1011.8,,7.0
2025-10-26,15,21.5,19.6,89.0,0.0,,346.0,5.4,,1011.8,,3.0
2025-10-26,16,21.3,19.4,89.0,0.0,,332.0,5.8,,1012.2,,3.0
2025-10-26,17,21.0,19.5,91.0,0.0,,318.0,3.2,,1012.3,,3.0
2025-10-26,18,21.2,19.1,88.0,0.0,,296.0,5.4,,1011.6,,3.0
2025-10-26,19,21.0,19.1,89.0,0.0,,284.0,6.1,,1011.7,,3.0
2025-10-26,20,20.6,19.1,91.0,0.0,,256.0,7.9,,1011.3,,3.0
2025-10-26,21,20.2,19.0,93.0,0.0,,254.0,6.8,,1010.4,,3.0
2025-10-26,22,19.9,18.9,94.0,0.0,,260.0,6.8,,1010.6,,3.0
2025-10-26,23,19.6,18.8,95.0,0.0,,270.0,8.3,,1010.9,,3.0
2025-10-27,0,19.3,18.6,96.0,0.0,,283.0,9.0,,1011.2,,3.0
2025-10-27,1,19.5,19.0,97.0,0.0,,277.0,8.6,,1011.7,,3.0
2025-10-27,2,20.0,19.0,94.0,0.0,,292.0,7.6,,1013.1,,3.0
2025-10-27,3,21.0,18.9,88.0,0.0,,282.0,7.9,,1013.6,,3.0
2025-10-27,4,22.2,19.0,82.0,0.0,,277.0,10.1,,1014.0,,3.0
2025-10-27,5,23.7,19.4,77.0,0.0,,269.0,11.9,,1013.2,,3.0
2025-10-27,6,24.1,19.4,75.0,0.0,,270.0,14.4,,1012.5,,3.0
2025-10-27,7,24.2,19.3,74.0,0.0,,260.0,16.2,,1011.3,,3.0
2025-10-27,8,24.3,19.4,74.0,0.0,,270.0,15.1,,1010.0,,3.0
2025-10-27,9,24.5,19.1,72.0,0.0,,268.0,15.5,,1009.0,,3.0
2025-10-27,10,24.2,19.1,73.0,0.1,,267.0,15.1,,1008.5,,7.0
2025-10-27,11,21.5,19.4,88.0,0.6,,263.0,13.7,,1009.8,,8.0
2025-10-27,12,21.1,19.6,91.0,0.2,,260.0,13.3,,1010.0,,17.0
2025-10-27,13,20.7,19.5,93.0,0.0,,260.0,13.0,,1010.7,,3.0
2025-10-27,14,20.6,19.8,95.0,0.0,,262.0,13.3,,1011.4,,3.0
2025-10-27,15,20.5,19.8,96.0,0.1,,271.0,14.4,,1012.3,,7.0
2025-10-27,16,20.4,19.4,94.0,0.3,,275.0,17.3,,1013.1,,8.0
2025-10-27,17,20.2,19.4,95.0,0.5,,276.0,16.6,,1012.8,,8.0
2025-10-27,18,20.0,19.2,95.0,0.4,,277.0,17.6,,1012.3,,8.0
2025-10-27,19,19.9,19.2,96.0,0.4,,271.0,18.4,,1011.6,,8.0
2025-10-27,20,19.8,19.1,96.0,0.5,,270.0,19.8,,1010.3,,8.0
2025-10-27,21,19.7,19.2,97.0,0.5,,272.0,17.3,,1008.7,,8.0
2025-10-27,22,19.7,19.2,97.0,0.0,,274.0,17.3,,1008.7,,3.0
2025-10-27,23,19.8,19.3,97.0,0.0,,268.0,16.6,,1008.9,,3.0
2025-10-28,0,19.8,19.3,97.0,0.1,,269.0,16.2,,1009.4,,7.0
2025-10-28,1,19.8,19.3,97.0,0.0,,269.0,17.3,,1010.1,,3.0
2025-10-28,2,19.9,19.2,96.0,0.0,,263.0,17.3,,1010.9,,3.0
2025-10-28,3,20.2,19.4,95.0,0.1,,267.0,18.4,,1011.5,,7.0
2025-10-28,4,20.9,19.0,89.0,0.0,,272.0,20.5,,1011.9,,3.0
2025-10-28,5,22.1,18.7,81.0,0.0,,276.0,20.9,,1011.5,,3.0
2025-10-28,6,22.8,18.6,77.0,0.1,,275.0,22.0,,1011.0,,7.0
2025-10-28,7,23.2,19.2,78.0,0.1,,276.0,21.2,,1009.8,,7.0
2025-10-28,8,22.3,18.9,81.0,0.5,,272.0,20.5,,1008.7,,8.0
2025-10-28,9,22.6,19.6,83.0,0.4,,271.0,16.9,,1007.8,,8.0
2025-10-28,10,23.3,19.7,80.0,0.0,,274.0,17.3,,1007.5,,3.0
2025-10-28,11,22.9,18.9,78.0,0.0,,265.0,20.2,,1007.2,,3.0
2025-10-28,12,22.4,18.4,78.0,0.0,,268.0,21.2,,1007.1,,3.0
2025-10-28,13,21.6,17.8,79.0,0.0,,268.0,18.7,,1009.0,,3.0
2025-10-28,14,21.2,17.8,81.0,0.0,,269.0,20.2,,1010.0,,3.0
2025-10-28,15,20.9,17.9,83.0,0.0,,269.0,22.7,,1010.2,,3.0
2025-10-28,16,20.4,17.8,85.0,0.0,,266.0,21.6,,1010.8,,3.0
2025-10-28,17,20.4,18.2,87.0,0.0,,265.0,20.2,,1011.0,,3.0
2025-10-28,18,20.0,18.1,89.0,0.0,,263.0,19.1,,1010.7,,3.0
2025-10-28,19,19.7,18.4,92.0,0.0,,262.0,18.4,,1010.1,,3.0
2025-10-28,20,19.7,18.5,93.0,0.0,,262.0,19.1,,1009.3,,3.0
2025-10-28,21,19.7,18.7,94.0,0.0,,264.0,18.0,,1008.8,,3.0
2025-10-28,22,19.9,18.7,93.0,0.0,,256.0,18.7,,1008.6,,3.0
2025-10-28,23,19.8,18.8,94.0,0.0,,248.0,19.8,,1009.1,,3.0
2025-10-29,0,19.7,18.9,95.0,0.0,,247.0,17.6,,1009.5,,3.0
2025-10-29,1,19.4,18.6,95.0,0.0,,253.0,17.6,,1010.3,,3.0
2025-10-29,2,20.2,18.9,92.0,0.0,,248.0,19.4,,1010.9,,3.0
2025-10-29,3,21.9,18.7,82.0,0.0,,253.0,23.8,,1011.4,,3.0
2025-10-29,4,23.2,18.1,73.0,0.0,,254.0,26.3,,1011.6,,3.0
2025-10-29,5,24.6,18.3,68.0,0.0,,251.0,28.1,,1011.1,,3.0
2025-10-29,6,25.6,17.8,62.0,0.0,,254.0,29.2,,1010.4,,3.0
2025-10-29,7,25.6,18.0,63.0,0.4,,256.0,28.1,,1009.6,,8.0
2025-10-29,8,26.6,17.9,59.0,0.0,,254.0,27.7,,1008.2,,3.0
2025-10-29,9,26.6,17.4,57.0,0.0,,255.0,28.4,,1007.6,,3.0
2025-10-29,10,25.9,17.3,59.0,0.0,,249.0,23.0,,1007.3,,3.0
2025-10-29,11,25.3,17.5,62.0,0.0,,247.0,20.5,,1007.6,,3.0
2025-10-29,12,23.9,17.6,68.0,0.0,,240.0,18.7,,1008.4,,3.0
2025-10-29,13,22.5,17.8,75.0,0.0,,234.0,17.6,,1008.7,,3.0
2025-10-29,14,21.6,17.6,78.0,0.0,,236.0,18.7,,1010.1,,3.0
2025-10-29,15,20.9,17.7,82.0,0.0,,236.0,16.9,,1011.2,,3.0
2025-10-29,16,20.2,17.8,86.0,0.0,,241.0,17.3,,1012.5,,3.0
2025-10-29,17,19.6,17.9,90.0,0.0,,240.0,16.2,,1012.9,,3.0
2025-10-29,18,19.3,18.0,92.0,0.0,,238.0,15.8,,1012.8,,3.0
2025-10-29,19,18.9,18.1,95.0,0.0,,238.0,15.8,,1012.5,,3.0
2025-10-29,20,18.9,18.2,96.0,0.0,,239.0,14.8,,1012.1,,3.0
2025-10-29,21,18.9,18.4,97.0,0.0,,240.0,14.8,,1011.3,,3.0
2025-10-29,22,18.8,18.3,97.0,0.0,,240.0,14.0,,1011.0,,3.0
2025-10-29,23,17.9,17.4,97.0,0.0,,241.0,14.4,,1010.8,,3.0
2025-10-30,0,17.8,17.3,97.0,0.0,,241.0,14.0,,1011.4,,3.0
2025-10-30,1,17.7,17.2,97.0,0.0,,240.0,13.0,,1012.6,,3.0
2025-10-30,2,19.0,18.0,94.0,0.0,,238.0,13.7,,1013.4,,3.0
2025-10-30,3,21.0,18.6,86.0,0.0,,238.0,13.7,,1014.0,,3.0
2025-10-30,4,22.7,18.3,76.0,0.0,,236.0,18.4,,1013.7,,3.0
2025-10-30,5,24.5,18.2,68.0,0.0,,240.0,23.8,,1013.5,,3.0
2025-10-30,6,25.6,17.5,61.0,0.0,,245.0,25.6,,1012.8,,3.0
2025-10-30,7,26.1,17.2,58.0,0.0,,245.0,23.4,,1011.8,,3.0
2025-10-30,8,26.7,16.9,55.0,0.0,,246.0,22.0,,1010.8,,3.0
2025-10-30,9,26.7,16.9,55.0,0.0,,249.0,20.5,,1010.0,,2.0
2025-10-30,10,26.8,16.4,53.0,0.0,,248.0,18.4,,1009.6,,3.0
2025-10-30,11,26.4,16.6,55.0,0.0,,244.0,13.3,,1009.9,,3.0
2025-10-30,12,25.1,17.6,63.0,0.0,,230.0,9.0,,1010.3,,2.0
2025-10-30,13,23.7,17.4,68.0,0.0,,222.0,10.8,,1011.1,,1.0
2025-10-30,14,22.6,17.5,73.0,0.0,,231.0,8.6,,1012.3,,2.0
2025-10-30,15,21.7,17.3,76.0,0.0,,237.0,8.6,,1013.9,,3.0
2025-10-30,16,21.0,17.2,79.0,0.0,,244.0,9.7,,1014.7,,2.0
2025-10-30,17,20.4,17.0,81.0,0.0,,242.0,10.8,,1015.1,,3.0
2025-10-30,18,19.9,17.1,84.0,0.0,,238.0,9.7,,1014.9,,3.0
2025-10-30,19,19.2,17.0,87.0,0.0,,228.0,8.6,,1014.2,,2.0
2025-10-30,20,18.7,16.8,89.0,0.0,,231.0,7.9,,1013.8,,1.0
2025-10-30,21,18.3,16.6,90.0,0.0,,234.0,8.6,,1013.5,,1.0
2025-10-30,22,18.1,16.8,92.0,0.0,,237.0,9.4,,1013.5,,1.0
2025-10-30,23,17.9,16.6,92.0,0.0,,239.0,9.4,,1013.7,,1.0
2025-10-31,0,17.8,16.1,90.0,0.0,,236.0,8.3,,1014.1,,1.0
2025-10-31,1,17.8,15.8,88.0,0.0,,234.0,7.9,,1014.7,,1.0
2025-10-31,2,19.5,16.7,84.0,0.0,,240.0,9.7,,1015.3,,1.0
2025-10-31,3,21.8,17.0,74.0,0.0,,240.0,9.4,,1015.7,,1.0
2025-10-31,4,23.8,16.8,65.0,0.0,,235.0,12.6,,1015.9,,1.0
2025-10-31,5,24.8,17.0,62.0,0.0,,236.0,16.6,,1015.6,,1.0
2025-10-31,6,25.9,16.2,55.0,0.0,,238.0,15.5,,1014.5,,1.0
2025-10-31,7,26.7,15.4,50.0,0.0,,241.0,15.1,,1013.3,,1.0
2025-10-31,8,27.0,15.7,50.0,0.0,,246.0,16.2,,1012.2,,1.0
2025-10-31,9,26.9,15.6,50.0,0.0,,246.0,15.8,,1011.3,,1.0
2025-10-31,10,27.3,15.3,48.0,0.0,,248.0,15.8,,1010.6,,1.0
2025-10-31,11,26.9,15.3,49.0,0.0,,253.0,11.9,,1010.8,,1.0
2025-10-31,12,25.3,17.0,60.0,0.0,,259.0,6.1,,1011.3,,1.0
2025-10-31,13,23.7,17.7,69.0,0.0,,235.0,5.8,,1011.9,,1.0
2025-10-31,14,23.2,17.0,68.0,0.0,,219.0,7.2,,1012.7,,1.0
2025-10-31,15,22.4,16.9,71.0,0.0,,243.0,6.8,,1013.9,,1.0
2025-10-31,16,21.7,16.6,73.0,0.0,,267.0,7.9,,1014.6,,1.0
2025-10-31,17,21.0,16.8,77.0,0.0,,252.0,8.3,,1014.8,,1.0
2025-10-31,18,20.0,17.0,83.0,0.0,,230.0,8.6,,1014.9,,1.0
2025-10-31,19,19.1,16.9,87.0,0.0,,228.0,8.6,,1014.5,,1.0
2025-10-31,20,18.8,16.6,87.0,0.0,,237.0,8.6,,1013.7,,2.0
2025-10-31,21,18.2,16.4,89.0,0.0,,242.0,7.9,,1013.3,,3.0
2025-10-31,22,17.9,16.4,91.0,0.0,,248.0,7.6,,1013.2,,3.0
2025-10-31,23,17.6,16.5,93.0,0.0,,258.0,7.2,,1013.4,,3.0
2025-11-01,0,17.3,16.3,94.0,0.0,,262.0,7.6,,1013.7,,3.0
2025-11-01,1,17.7,17.2,97.0,0.0,,231.0,9.0,,1014.8,,3.0
2025-11-01,2,19.0,17.8,93.0,0.0,,241.0,9.4,,1015.6,,3.0
2025-11-01,3,20.9,17.7,82.0,0.0,,253.0,8.6,,1016.2,,3.0
2025-11-01,4,23.3,17.1,68.0,0.0,,247.0,7.9,,1016.0,,3.0
2025-11-01,5,25.2,16.4,58.0,0.0,,235.0,7.6,,1015.2,,2.0
2025-11-01,6,26.5,15.5,51.0,0.0,,226.0,7.6,,1014.3,,2.0
2025-11-01,7,27.4,14.8,46.0,0.0,,220.0,7.6,,1013.0,,2.0
2025-11-01,8,27.9,14.5,44.0,0.0,,225.0,7.6,,1011.8,,1.0
2025-11-01,9,28.1,14.0,42.0,0.0,,232.0,8.6,,1011.0,,1.0
2025-11-01,10,27.9,13.4,41.0,0.0,,239.0,8.6,,1010.4,,2.0
2025-11-01,11,27.5,13.4,42.0,0.0,,245.0,9.4,,1010.7,,2.0
2025-11-01,12,25.8,14.9,51.0,0.0,,257.0,6.1,,1011.5,,2.0
2025-11-01,13,24.0,16.5,63.0,0.0,,261.0,6.8,,1012.4,,2.0
2025-11-01,14,23.2,16.5,66.0,0.0,,269.0,6.5,,1013.3,,3.0
2025-11-01,15,22.4,16.2,68.0,0.0,,273.0,6.5,,1014.1,,3.0
2025-11-01,16,22.1,15.7,67.0,0.0,,254.0,6.8,,1014.8,,3.0
2025-11-01,17,21.6,15.4,68.0,0.0,,279.0,3.6,,1014.7,,3.0
2025-11-01,18,21.2,15.3,69.0,0.0,,326.0,3.6,,1014.3,,3.0
2025-11-01,19,20.1,15.5,75.0,0.0,,63.0,2.9,,1013.8,,3.0
2025-11-01,20,19.1,15.4,79.0,0.0,,196.0,4.7,,1013.7,,3.0
2025-11-01,21,19.7,16.9,84.0,0.0,,199.0,8.3,,1013.3,,3.0
2025-11-01,22,19.0,16.4,85.0,0.0,,226.0,6.8,,1013.6,,3.0
2025-11-01,23,18.2,16.4,89.0,0.0,,226.0,7.9,,1013.8,,3.0
2025-11-02,0,17.7,16.4,92.0,0.0,,246.0,6.5,,1014.4,,3.0
2025-11-02,1,17.6,16.3,92.0,0.0,,273.0,7.6,,1015.7,,3.0
2025-11-02,2,19.5,17.3,87.0,0.0,,287.0,8.6,,1016.4,,3.0
2025-11-02,3,21.6,18.2,81.0,0.0,,301.0,9.4,,1017.0,,3.0
2025-11-02,4,24.1,18.5,71.0,0.0,,298.0,9.4,,1016.7,,3.0
2025-11-02,5,25.6,18.0,63.0,0.0,,291.0,7.9,,1016.1,,3.0
2025-11-02,6,26.8,17.3,56.0,0.0,,292.0,9.0,,1015.2,,3.0
2025-11-02,7,28.3,16.9,50.0,0.0,,305.0,9.7,,1013.2,,3.0
2025-11-02,8,28.8,16.4,47.0,0.0,,302.0,10.4,,1012.2,,3.0
2025-11-02,9,28.5,16.4,48.0,0.0,,297.0,11.9,,1011.6,,3.0
2025-11-02,10,28.0,16.6,50.0,0.0,,289.0,11.9,,1011.4,,3.0
2025-11-02,11,27.2,16.8,53.0,0.0,,276.0,11.5,,1011.5,,3.0
2025-11-02,12,26.1,17.5,59.0,0.0,,280.0,10.1,,1012.2,,3.0
2025-11-02,13,24.6,17.8,66.0,0.0,,276.0,8.3,,1013.2,,3.0
2025-11-02,14,23.9,17.6,68.0,0.0,,282.0,8.3,,1013.9,,3.0
2025-11-02,15,23.2,18.3,74.0,0.0,,310.0,6.5,,1015.0,,3.0
2025-11-02,16,22.7,18.5,77.0,0.0,,329.0,5.8,,1015.3,,3.0
2025-11-02,17,21.9,18.3,80.0,0.0,,338.0,5.8,,1015.7,,3.0
2025-11-02,18,21.4,18.2,82.0,0.0,,1.0,6.1,,1015.2,,3.0
2025-11-02,19,21.1,17.9,82.0,0.0,,18.0,5.0,,1014.5,,3.0
2025-11-02,20,20.5,18.1,86.0,0.0,,312.0,5.4,,1013.8,,3.0
2025-11-02,21,19.8,17.8,88.0,0.0,,297.0,9.0,,1013.7,,3.0
2025-11-02,22,19.6,17.0,85.0,0.0,,301.0,7.6,,1013.4,,3.0
2025-11-02,23,19.0,16.8,87.0,0.0,,314.0,9.4,,1013.7,,3.0
2025-11-03,0,18.5,17.2,92.0,0.0,,324.0,9.4,,1014.0,,3.0
2025-11-03,1,18.3,17.5,95.0,0.0,,335.0,9.0,,1015.1,,3.0
2025-11-03,2,19.8,18.3,91.0,0.0,,335.0,11.2,,1016.1,,3.0
2025-11-03,3,21.2,18.4,84.0,0.0,,321.0,13.0,,1016.7,,3.0
2025-11-03,4,24.0,18.2,70.0,0.0,,325.0,13.0,,1016.6,,3.0
2025-11-03,5,26.0,17.4,59.0,0.0,,329.0,13.0,,1015.9,,3.0
2025-11-03,6,27.2,17.1,54.0,0.0,,322.0,12.2,,1014.6,,3.0
2025-11-03,7,27.7,16.6,51.0,0.0,,321.0,11.5,,1013.4,,3.0
2025-11-03,8,27.7,17.3,53.0,0.0,,323.0,11.2,,1012.1,,3.0
2025-11-03,9,27.9,16.5,50.0,0.0,,319.0,10.4,,1011.2,,3.0
2025-11-03,10,27.8,16.1,49.0,0.0,,310.0,10.8,,1010.9,,3.0
2025-11-03,11,27.1,16.4,52.0,0.0,,298.0,10.8,,1011.0,,3.0
2025-11-03,12,25.9,16.7,57.0,0.0,,297.0,10.1,,1011.9,,3.0
2025-11-03,13,24.4,16.9,63.0,0.0,,277.0,6.5,,1012.8,,3.0
2025-11-03,14,23.5,17.7,70.0,0.0,,291.0,5.4,,1013.7,,3.0
2025-11-03,15,22.8,18.6,77.0,0.0,,310.0,4.0,,1014.8,,3.0
2025-11-03,16,22.4,18.2,77.0,0.0,,353.0,5.0,,1015.3,,3.0
2025-11-03,17,21.9,17.9,78.0,0.0,,336.0,4.7,,1015.0,,3.0
2025-11-03,18,21.6,17.6,78.0,0.0,,328.0,4.7,,1014.7,,2.0
2025-11-03,19,21.0,17.4,80.0,0.0,,266.0,4.0,,1014.2,,2.0
2025-11-03,20,20.1,17.1,83.0,0.0,,271.0,9.0,,1014.0,,3.0
2025-11-03,21,19.2,16.4,84.0,0.0,,291.0,11.5,,1013.8,,3.0
2025-11-03,22,18.5,16.5,88.0,0.0,,300.0,12.6,,1013.7,,3.0
2025-11-03,23,18.7,16.1,85.0,0.0,,306.0,11.2,,1013.2,,3.0
2025-11-04,0,18.3,16.5,89.0,0.0,,308.0,10.4,,1013.9,,2.0
2025-11-04,1,17.9,16.8,93.0,0.0,,312.0,10.4,,1015.0,,3.0
2025-11-04,2,18.8,17.8,94.0,0.0,,313.0,14.0,,1016.2,,3.0
2025-11-04,3,20.5,17.7,84.0,0.0,,312.0,13.0,,1016.6,,3.0
2025-11-04,4,22.8,17.7,73.0,0.0,,309.0,13.3,,1016.6,,3.0
2025-11-04,5,24.8,18.0,66.0,0.0,,313.0,14.0,,1016.1,,3.0
2025-11-04,6,26.5,17.0,56.0,0.0,,320.0,15.1,,1014.5,,3.0
2025-11-04,7,27.5,16.2,50.0,0.0,,323.0,13.3,,1012.8,,3.0
2025-11-04,8,27.0,16.6,53.0,0.0,,324.0,14.8,,1011.7,,3.0
2025-11-04,9,26.5,16.7,55.0,0.0,,323.0,14.0,,1010.8,,3.0
2025-11-04,10,26.0,16.8,57.0,0.0,,326.0,13.3,,1010.7,,3.0
2025-11-04,11,25.4,17.1,60.0,0.0,,329.0,11.5,,1010.9,,3.0
2025-11-04,12,24.5,17.2,64.0,0.0,,334.0,7.9,,1011.4,,3.0
2025-11-04,13,23.5,17.9,71.0,0.0,,346.0,5.8,,1012.1,,3.0
2025-11-04,14,22.6,18.6,78.0,0.0,,360.0,8.6,,1013.2,,3.0
2025-11-04,15,22.3,18.7,80.0,0.0,,2.0,8.3,,1013.9,,3.0
2025-11-04,16,22.0,18.8,82.0,0.0,,2.0,8.6,,1014.4,,3.0
2025-11-04,17,21.7,18.7,83.0,0.0,,1.0,7.6,,1014.2,,3.0
2025-11-04,18,21.1,18.7,86.0,0.0,,9.0,7.6,,1013.8,,3.0
2025-11-04,19,20.7,18.6,88.0,0.0,,350.0,7.2,,1013.3,,3.0
2025-11-04,20,20.3,18.6,90.0,0.0,,330.0,7.9,,1012.8,,2.0
2025-11-04,21,19.8,18.5,92.0,0.0,,327.0,8.3,,1012.2,,1.0
2025-11-04,22,19.4,18.4,94.0,0.0,,330.0,8.3,,1011.9,,1.0
2025-11-04,23,19.2,18.4,95.0,0.0,,326.0,7.9,,1011.8,,1.0
2025-11-05,0,19.0,18.5,97.0,0.0,,327.0,8.6,,1012.3,,2.0
2025-11-05,1,18.9,18.2,96.0,0.0,,325.0,8.3,,1013.0,,3.0
2025-11-05,2,20.2,18.7,91.0,0.0,,323.0,7.9,,1013.6,,3.0
2025-11-05,3,22.6,19.0,80.0,0.0,,328.0,8.3,,1014.0,,1.0
2025-11-05,4,24.8,19.0,70.0,0.1,,346.0,9.7,,1013.9,,17.0
2025-11-05,5,26.2,18.9,64.0,0.3,,335.0,10.4,,1013.9,,17.0
2025-11-05,6,27.4,17.8,56.0,0.1,,340.0,11.2,,1012.4,,17.0
2025-11-05,7,25.8,17.7,61.0,0.6,,311.0,14.8,,1011.0,,8.0
2025-11-05,8,25.3,19.0,68.0,0.5,,257.0,11.2,,1010.2,,17.0
2025-11-05,9,26.0,19.2,66.0,0.3,,172.0,12.2,,1009.3,,17.0
2025-11-05,10,24.7,19.3,72.0,1.4,,319.0,10.8,,1009.3,,18.0
2025-11-05,11,25.3,19.0,68.0,0.0,,322.0,9.7,,1009.0,,3.0
2025-11-05,12,24.1,19.2,74.0,0.3,,333.0,6.8,,1010.0,,17.0
2025-11-05,13,22.0,19.0,83.0,0.1,,20.0,14.4,,1011.5,,7.0
2025-11-05,14,22.4,20.1,87.0,2.4,,17.0,9.4,,1012.0,,9.0
2025-11-05,15,21.7,19.4,87.0,0.0,,67.0,6.8,,1013.0,,3.0
2025-11-05,16,21.0,18.9,88.0,0.0,,61.0,9.0,,1013.7,,3.0
2025-11-05,17,20.4,18.9,91.0,0.0,,54.0,8.3,,1014.1,,3.0
2025-11-05,18,19.9,18.9,94.0,0.0,,230.0,6.1,,1013.8,,3.0
2025-11-05,19,19.8,19.0,95.0,0.0,,250.0,4.3,,1012.9,,2.0
2025-11-05,20,19.7,18.9,95.0,0.0,,307.0,6.1,,1012.5,,3.0
2025-11-05,21,19.4,18.6,95.0,0.0,,318.0,6.1,,1011.8,,3.0
2025-11-05,22,19.1,18.4,96.0,0.0,,310.0,6.5,,1011.8,,3.0
2025-11-05,23,18.8,18.1,96.0,0.0,,309.0,9.0,,1012.2,,2.0
2025-11-06,0,18.5,18.0,97.0,0.0,,319.0,10.1,,1012.8,,2.0
2025-11-06,1,18.3,18.0,98.0,0.0,,324.0,12.2,,1013.9,,2.0
2025-11-06,2,19.4,18.2,93.0,0.0,,334.0,14.8,,1014.7,,3.0
2025-11-06,3,21.6,18.2,81.0,0.0,,340.0,14.0,,1015.0,,3.0
2025-11-06,4,23.1,18.4,75.0,0.0,,346.0,11.5,,1015.2,,3.0
2025-11-06,5,21.2,18.8,86.0,0.0,,341.0,10.1,,1015.8,,2.0
2025-11-06,6,21.1,18.9,87.0,0.8,,346.0,10.8,,1014.9,,8.0
2025-11-06,7,21.2,19.1,88.0,1.4,,335.0,11.2,,1013.5,,9.0
2025-11-06,8,21.6,19.5,88.0,1.2,,318.0,11.9,,1012.0,,9.0
2025-11-06,9,21.6,19.5,88.0,0.2,,322.0,10.8,,1010.8,,7.0
2025-11-06,10,24.1,18.7,72.0,0.0,,156.0,8.3,,1010.3,,3.0
2025-11-06,11,23.2,18.5,75.0,1.1,,3.0,7.9,,1010.8,,18.0
2025-11-06,12,22.7,18.9,79.0,0.0,,64.0,7.9,,1011.4,,3.0
2025-11-06,13,21.9,18.9,83.0,0.0,,9.0,11.2,,1012.3,,3.0
2025-11-06,14,21.4,19.0,86.0,0.0,,65.0,10.4,,1013.2,,3.0
2025-11-06,15,21.7,18.5,82.0,0.0,,52.0,12.2,,1014.0,,3.0
2025-11-06,16,20.9,18.5,86.0,0.0,,60.0,11.5,,1014.6,,3.0
2025-11-06,17,20.0,18.5,91.0,0.0,,69.0,11.5,,1014.8,,3.0
2025-11-06,18,19.6,18.4,93.0,0.0,,74.0,11.5,,1014.9,,3.0
2025-11-06,19,19.4,18.2,93.0,0.0,,71.0,9.4,,1014.2,,3.0
2025-11-06,20,19.5,18.7,95.0,0.0,,65.0,8.3,,1013.5,,3.0
2025-11-06,21,19.2,18.5,96.0,0.0,,63.0,4.7,,1013.1,,2.0
2025-11-06,22,19.1,18.4,96.0,0.0,,26.0,4.0,,1012.8,,3.0
2025-11-06,23,19.0,18.3,96.0,0.0,,12.0,4.3,,1012.9,,2.0
2025-11-07,0,18.9,18.2,96.0,0.0,,29.0,4.7,,1013.3,,1.0
2025-11-07,1,19.0,17.1,89.0,0.0,,37.0,5.0,,1013.6,,1.0
2025-11-07,2,20.7,17.9,84.0,0.0,,41.0,6.1,,1014.5,,3.0
2025-11-07,3,22.2,18.0,77.0,0.0,,41.0,6.5,,1015.3,,3.0
2025-11-07,4,24.0,16.8,64.0,0.0,,53.0,9.7,,1015.6,,3.0
2025-11-07,5,25.5,15.8,55.0,0.0,,68.0,12.2,,1015.0,,3.0
2025-11-07,6,26.8,15.5,50.0,0.0,,71.0,11.9,,1013.8,,3.0
2025-11-07,7,26.8,15.2,49.0,0.0,,66.0,10.4,,1012.6,,3.0
2025-11-07,8,26.9,15.3,49.0,0.0,,62.0,9.4,,1011.5,,3.0
2025-11-07,9,27.4,15.7,49.0,0.0,,55.0,9.0,,1010.5,,3.0
2025-11-07,10,26.9,15.3,49.0,0.0,,53.0,10.1,,1010.0,,3.0
2025-11-07,11,26.3,15.7,52.0,0.0,,53.0,9.4,,1010.9,,3.0
2025-11-07,12,25.0,17.2,62.0,0.0,,57.0,7.2,,1011.7,,3.0
2025-11-07,13,23.9,17.6,68.0,0.0,,49.0,9.0,,1012.7,,3.0
2025-11-07,14,23.1,17.3,70.0,0.0,,53.0,9.4,,1013.8,,3.0
2025-11-07,15,22.2,17.1,73.0,0.0,,43.0,10.1,,1014.9,,3.0
2025-11-07,16,21.0,17.6,81.0,0.0,,46.0,9.4,,1016.0,,3.0
2025-11-07,17,20.6,17.8,84.0,0.0,,50.0,9.4,,1015.8,,3.0
2025-11-07,18,20.4,18.0,86.0,0.0,,61.0,7.9,,1015.6,,3.0
2025-11-07,19,20.3,18.2,88.0,0.0,,64.0,6.8,,1015.1,,3.0
2025-11-07,20,20.1,18.2,89.0,0.0,,62.0,6.1,,1014.3,,3.0
2025-11-07,21,18.7,17.5,93.0,0.0,,81.0,5.0,,1014.0,,3.0
2025-11-07,22,18.3,17.3,94.0,0.0,,82.0,4.3,,1013.9,,3.0
2025-11-07,23,18.2,17.2,94.0,0.0,,72.0,5.0,,1014.0,,3.0
2025-11-08,0,18.0,17.0,94.0,0.0,,79.0,4.7,,1014.3,,2.0
2025-11-08,1,17.9,16.9,94.0,0.0,,58.0,3.6,,1015.2,,1.0
2025-11-08,2,19.9,18.4,91.0,0.0,,44.0,4.0,,1016.0,,1.0
2025-11-08,3,22.2,18.0,77.0,0.0,,49.0,4.7,,1016.6,,2.0
2025-11-08,4,24.0,16.3,62.0,0.0,,44.0,12.2,,1016.7,,3.0
2025-11-08,5,24.9,15.8,57.0,0.0,,33.0,13.0,,1016.3,,3.0
2025-11-08,6,25.7,15.1,52.0,0.0,,33.0,12.6,,1015.4,,3.0
2025-11-08,7,26.1,14.9,50.0,0.0,,26.0,13.3,,1013.9,,3.0
2025-11-08,8,26.6,14.7,48.0,0.0,,25.0,13.0,,1013.0,,3.0
2025-11-08,9,26.3,14.7,49.0,0.0,,19.0,12.6,,1012.3,,3.0
2025-11-08,10,26.3,14.4,48.0,0.0,,12.0,13.3,,1011.8,,3.0
2025-11-08,11,25.7,14.5,50.0,0.0,,11.0,13.7,,1012.0,,3.0
2025-11-08,12,24.4,14.8,55.0,0.0,,21.0,10.1,,1012.4,,3.0
2025-11-08,13,23.0,14.8,60.0,0.0,,29.0,10.1,,1013.1,,3.0
2025-11-08,14,22.2,14.6,62.0,0.0,,28.0,12.2,,1014.1,,1.0
2025-11-08,15,21.2,13.9,63.0,0.0,,25.0,12.6,,1015.1,,1.0
2025-11-08,16,20.3,13.7,66.0,0.0,,34.0,11.2,,1015.5,,1.0
2025-11-08,17,19.5,13.2,67.0,0.0,,33.0,11.2,,1016.0,,1.0
2025-11-08,18,18.7,12.9,69.0,0.0,,39.0,9.7,,1015.5,,1.0
2025-11-08,19,18.1,12.5,70.0,0.0,,38.0,9.7,,1015.0,,1.0
2025-11-08,20,17.6,12.5,72.0,0.0,,44.0,9.4,,1014.3,,1.0
2025-11-08,21,17.1,12.0,72.0,0.0,,41.0,9.0,,1013.6,,1.0
2025-11-08,22,16.8,11.3,70.0,0.0,,28.0,9.4,,1013.0,,1.0
2025-11-08,23,16.5,10.8,69.0,0.0,,24.0,9.4,,1013.1,,1.0
2025-11-09,0,16.4,10.3,67.0,0.0,,17.0,8.3,,1013.6,,1.0
2025-11-09,1,16.3,9.9,66.0,0.0,,17.0,7.6,,1014.4,,1.0
2025-11-09,2,18.6,10.7,60.0,0.0,,21.0,8.6,,1015.5,,1.0
2025-11-09,3,21.4,10.8,51.0,0.0,,28.0,8.6,,1015.8,,1.0
2025-11-09,4,23.5,9.1,40.0,0.0,,29.0,13.7,,1016.1,,1.0
2025-11-09,5,24.6,8.5,36.0,0.0,,30.0,14.0,,1015.7,,1.0
2025-11-09,6,25.5,8.5,34.0,0.0,,28.0,13.7,,1014.6,,1.0
2025-11-09,7,26.1,8.6,33.0,0.0,,32.0,12.2,,1013.4,,1.0
2025-11-09,8,26.4,9.3,34.0,0.0,,32.0,10.1,,1012.3,,1.0
2025-11-09,9,26.5,9.4,34.0,0.0,,34.0,9.4,,1011.5,,1.0
2025-11-09,10,26.2,9.5,35.0,0.0,,35.0,9.0,,1011.1,,1.0
2025-11-09,11,25.5,9.7,37.0,0.0,,28.0,9.0,,1011.3,,1.0
2025-11-09,12,24.0,11.7,46.0,0.0,,5.0,7.6,,1011.6,,1.0
2025-11-09,13,21.9,11.0,50.0,0.0,,349.0,8.6,,1012.3,,1.0
2025-11-09,14,20.8,11.2,54.0,0.0,,356.0,7.6,,1013.2,,1.0
2025-11-09,15,19.9,11.7,59.0,0.0,,351.0,8.6,,1014.3,,1.0
2025-11-09,16,19.1,11.4,61.0,0.0,,3.0,9.0,,1015.0,,1.0
2025-11-09,17,18.4,11.2,63.0,0.0,,26.0,10.4,,1015.1,,1.0
2025-11-09,18,18.1,10.7,62.0,0.0,,44.0,9.4,,1014.6,,1.0
2025-11-09,19,17.7,10.8,64.0,0.0,,48.0,9.0,,1014.2,,1.0
2025-11-09,20,17.3,10.9,66.0,0.0,,52.0,9.0,,1013.5,,1.0
2025-11-09,21,16.9,11.4,70.0,0.0,,72.0,8.3,,1013.1,,1.0
2025-11-09,22,16.6,11.7,73.0,0.0,,80.0,7.6,,1013.1,,1.0
2025-11-09,23,16.5,13.0,80.0,0.0,,65.0,6.5,,1013.1,,1.0
2025-11-10,0,16.4,12.9,80.0,0.0,,48.0,6.5,,1013.4,,3.0
2025-11-10,1,16.3,13.0,81.0,0.0,,50.0,6.1,,1014.0,,3.0
2025-11-10,2,18.5,13.8,74.0,0.0,,43.0,6.8,,1014.9,,3.0
2025-11-10,3,21.3,14.2,64.0,0.0,,50.0,5.8,,1015.6,,3.0
2025-11-10,4,23.1,13.8,56.0,0.0,,58.0,6.1,,1016.1,,3.0
2025-11-10,5,24.6,13.5,50.0,0.0,,52.0,5.4,,1015.5,,1.0
2025-11-10,6,25.7,13.2,46.0,0.0,,44.0,5.0,,1014.7,,3.0
2025-11-10,7,26.6,13.0,43.0,0.0,,34.0,5.4,,1013.2,,3.0
2025-11-10,8,27.2,12.8,41.0,0.0,,31.0,6.5,,1011.9,,3.0
2025-11-10,9,28.0,11.5,36.0,0.0,,90.0,6.1,,1010.6,,3.0
2025-11-10,10,27.7,10.9,35.0,0.0,,104.0,8.3,,1010.5,,2.0
2025-11-10,11,27.1,11.2,37.0,0.0,,114.0,7.9,,1010.8,,3.0
2025-11-10,12,25.6,12.8,45.0,0.0,,40.0,7.9,,1011.3,,3.0
2025-11-10,13,23.7,14.4,56.0,0.0,,60.0,6.8,,1012.1,,1.0
2025-11-10,14,22.6,14.2,59.0,0.0,,15.0,6.1,,1013.1,,2.0
2025-11-10,15,21.7,13.9,61.0,0.0,,23.0,9.4,,1014.2,,3.0
2025-11-10,16,20.8,13.5,63.0,0.0,,50.0,7.9,,1015.0,,3.0
2025-11-10,17,20.3,13.5,65.0,0.0,,64.0,9.0,,1015.2,,3.0
2025-11-10,18,19.7,13.6,68.0,0.0,,66.0,9.0,,1014.8,,3.0
2025-11-10,19,19.1,13.9,72.0,0.0,,86.0,9.7,,1014.6,,3.0
2025-11-10,20,18.5,14.4,77.0,0.0,,84.0,9.0,,1013.8,,3.0
2025-11-10,21,18.0,14.7,81.0,0.0,,88.0,8.6,,1013.2,,3.0
2025-11-10,22,17.7,15.0,84.0,0.0,,80.0,7.2,,1013.2,,2.0
2025-11-10,23,17.3,15.1,87.0,0.0,,102.0,5.8,,1013.4,,1.0
2025-11-11,0,17.2,15.4,89.0,0.0,,104.0,6.8,,1013.9,,1.0
2025-11-11,1,17.3,15.3,88.0,0.0,,104.0,6.5,,1014.9,,1.0
2025-11-11,2,19.2,16.2,83.0,0.0,,92.0,6.8,,1015.7,,1.0
2025-11-11,3,21.9,16.2,70.0,0.0,,82.0,5.8,,1016.4,,3.0
2025-11-11,4,23.7,15.5,60.0,0.0,,82.0,6.5,,1016.4,,3.0
2025-11-11,5,25.2,16.1,57.0,0.0,,69.0,5.8,,1016.0,,3.0
2025-11-11,6,26.4,15.1,50.0,0.0,,72.0,5.8,,1014.9,,3.0
2025-11-11,7,27.2,14.6,46.0,0.0,,78.0,6.1,,1013.5,,3.0
2025-11-11,8,27.7,14.3,44.0,0.0,,80.0,6.8,,1012.1,,3.0
2025-11-11,9,27.7,14.0,43.0,0.0,,70.0,7.6,,1011.0,,3.0
2025-11-11,10,27.4,14.4,45.0,0.0,,36.0,7.6,,1011.0,,3.0
2025-11-11,11,26.9,14.3,46.0,0.0,,38.0,8.3,,1011.2,,3.0
2025-11-11,12,26.0,14.8,50.0,0.0,,49.0,7.2,,1011.7,,3.0
2025-11-11,13,24.7,15.6,57.0,0.0,,51.0,7.6,,1012.7,,3.0
2025-11-11,14,24.3,15.5,58.0,0.0,,56.0,9.0,,1013.7,,3.0
2025-11-11,15,23.0,15.3,62.0,0.0,,52.0,9.7,,1015.0,,3.0
2025-11-11,16,22.4,15.3,64.0,0.0,,53.0,10.4,,1015.4,,3.0
2025-11-11,17,21.5,14.9,66.0,0.0,,54.0,10.1,,1015.3,,3.0
2025-11-11,18,20.8,15.1,70.0,0.0,,88.0,11.5,,1015.5,,3.0
2025-11-11,19,20.0,15.6,76.0,0.0,,93.0,10.1,,1014.7,,3.0
2025-11-11,20,19.6,16.1,80.0,0.0,,85.0,9.0,,1014.1,,3.0
2025-11-11,21,19.0,16.2,84.0,0.0,,89.0,9.7,,1013.5,,3.0
2025-11-11,22,18.8,16.8,88.0,0.0,,86.0,9.7,,1013.2,,3.0
2025-11-11,23,18.6,16.9,90.0,0.0,,89.0,10.1,,1013.5,,2.0
2025-11-12,0,18.5,17.0,91.0,0.0,,85.0,10.4,,1014.1,,1.0
2025-11-12,1,18.3,17.1,93.0,0.0,,85.0,9.7,,1015.0,,2.0
2025-11-12,2,19.6,18.1,91.0,0.0,,89.0,11.9,,1015.7,,3.0
2025-11-12,3,21.5,18.3,82.0,0.0,,92.0,12.6,,1016.2,,3.0
2025-11-12,4,23.7,17.9,70.0,0.0,,89.0,13.3,,1015.9,,2.0
2025-11-12,5,25.5,17.4,61.0,0.0,,85.0,13.0,,1015.6,,1.0
2025-11-12,6,26.6,17.1,56.0,0.0,,86.0,12.2,,1014.5,,2.0
2025-11-12,7,26.9,16.5,53.0,0.0,,80.0,12.2,,1013.3,,2.0
2025-11-12,8,27.6,16.6,51.0,0.4,,78.0,13.3,,1011.9,,17.0
2025-11-12,9,27.0,16.6,53.0,0.6,,91.0,11.9,,1011.2,,17.0
2025-11-12,10,28.0,16.3,49.0,0.8,,68.0,11.9,,1011.2,,17.0
2025-11-12,11,27.4,15.7,49.0,0.0,,64.0,16.6,,1011.5,,2.0
2025-11-12,12,25.4,16.8,59.0,0.0,,78.0,14.8,,1012.6,,2.0
2025-11-12,13,23.7,17.9,70.0,0.1,,55.0,14.0,,1014.0,,17.0
2025-11-12,14,22.7,18.5,77.0,0.0,,60.0,11.2,,1015.3,,3.0
2025-11-12,15,22.2,18.0,77.0,0.0,,75.0,10.4,,1016.4,,3.0
2025-11-12,16,21.5,18.3,82.0,0.0,,88.0,9.7,,1016.7,,2.0
2025-11-12,17,21.2,18.6,85.0,0.0,,96.0,9.0,,1016.8,,2.0
2025-11-12,18,20.7,18.5,87.0,0.0,,107.0,9.7,,1016.4,,3.0
2025-11-12,19,20.4,18.9,91.0,0.0,,98.0,10.1,,1016.0,,3.0
2025-11-12,20,19.7,18.7,94.0,0.0,,95.0,11.5,,1015.3,,3.0
2025-11-12,21,19.2,18.7,97.0,0.0,,93.0,11.2,,1014.7,,1.0
2025-11-12,22,19.2,19.0,99.0,0.0,,93.0,11.9,,1014.6,,3.0
2025-11-12,23,19.3,19.0,98.0,0.0,,90.0,9.4,,1014.7,,3.0
2025-11-13,0,19.3,18.8,97.0,0.0,,86.0,7.9,,1015.3,,3.0
2025-11-13,1,19.3,19.0,98.0,0.0,,74.0,9.4,,1016.0,,3.0
2025-11-13,2,19.8,19.0,95.0,0.0,,78.0,11.2,,1017.0,,3.0
2025-11-13,3,21.6,18.4,82.0,0.0,,76.0,11.2,,1017.5,,3.0
2025-11-13,4,23.8,17.8,69.0,0.0,,74.0,13.3,,1017.6,,2.0
2025-11-13,5,25.5,17.2,60.0,0.0,,71.0,14.0,,1017.1,,2.0
2025-11-13,6,26.6,16.8,55.0,0.0,,69.0,13.3,,1016.0,,3.0
2025-11-13,7,27.2,16.5,52.0,0.0,,66.0,13.0,,1014.6,,3.0
2025-11-13,8,27.7,16.3,50.0,0.0,,63.0,12.6,,1013.1,,2.0
2025-11-13,9,27.9,15.9,48.0,0.0,,60.0,12.6,,1011.7,,2.0
2025-11-13,10,28.0,15.6,47.0,0.0,,59.0,13.0,,1011.0,,2.0
2025-11-13,11,27.6,15.3,47.0,0.0,,65.0,14.4,,1011.4,,2.0
2025-11-13,12,26.5,15.5,51.0,0.0,,71.0,11.2,,1012.0,,2.0
2025-11-13,13,24.9,16.3,59.0,0.0,,72.0,10.4,,1012.9,,2.0
2025-11-13,14,24.1,16.1,61.0,0.0,,53.0,10.8,,1014.3,,3.0
2025-11-13,15,23.0,16.3,66.0,0.0,,76.0,14.0,,1015.7,,3.0
2025-11-13,16,21.9,17.7,77.0,0.0,,79.0,11.9,,1016.3,,3.0
2025-11-13,17,21.0,18.0,83.0,0.0,,99.0,11.5,,1016.6,,3.0
2025-11-13,18,20.0,18.7,92.0,0.0,,91.0,11.2,,1016.4,,2.0
2025-11-13,19,19.6,18.8,95.0,0.0,,83.0,11.9,,1015.8,,3.0
2025-11-13,20,19.6,18.8,95.0,0.0,,83.0,12.2,,1015.0,,3.0
2025-11-13,21,19.2,18.5,96.0,0.0,,82.0,13.0,,1014.6,,3.0
2025-11-13,22,19.1,18.3,95.0,0.0,,83.0,13.3,,1014.4,,3.0
2025-11-13,23,18.8,18.0,95.0,0.0,,75.0,13.3,,1014.5,,3.0
2025-11-14,0,18.9,17.9,94.0,0.0,,76.0,13.0,,1014.9,,3.0
2025-11-14,1,18.6,17.6,94.0,0.0,,76.0,12.6,,1015.6,,3.0
2025-11-14,2,19.3,17.6,90.0,0.0,,70.0,12.2,,1016.2,,3.0
2025-11-14,3,20.8,17.0,79.0,0.0,,69.0,13.7,,1016.6,,3.0
2025-11-14,4,22.6,16.2,67.0,0.0,,67.0,13.7,,1016.9,,2.0
2025-11-14,5,24.4,15.6,58.0,0.0,,60.0,13.3,,1016.5,,2.0
2025-11-14,6,25.7,14.8,51.0,0.0,,56.0,11.9,,1015.4,,2.0
2025-11-14,7,27.1,14.8,47.0,0.0,,44.0,12.2,,1013.7,,3.0
2025-11-14,8,27.6,13.9,43.0,0.0,,43.0,12.6,,1012.4,,2.0
2025-11-14,9,27.7,13.6,42.0,0.0,,42.0,14.4,,1011.5,,2.0
2025-11-14,10,27.3,13.3,42.0,0.0,,40.0,13.7,,1011.3,,2.0
2025-11-14,11,26.5,12.9,43.0,0.0,,44.0,12.6,,1011.7,,2.0
2025-11-14,12,25.6,12.8,45.0,0.0,,44.0,11.2,,1012.3,,1.0
2025-11-14,13,23.8,13.6,53.0,0.0,,69.0,13.3,,1013.5,,1.0
2025-11-14,14,22.6,14.4,60.0,0.0,,64.0,11.2,,1014.6,,1.0
2025-11-14,15,21.8,14.4,63.0,0.0,,59.0,10.4,,1015.3,,1.0
2025-11-14,16,20.9,14.5,67.0,0.0,,66.0,9.0,,1015.5,,1.0
2025-11-14,17,19.6,14.2,71.0,0.0,,52.0,8.6,,1016.1,,1.0
2025-11-14,18,18.8,14.3,75.0,0.0,,72.0,10.1,,1016.0,,1.0
2025-11-14,19,17.9,14.2,79.0,0.0,,81.0,9.7,,1015.7,,1.0
2025-11-14,20,17.1,14.2,83.0,0.0,,77.0,9.4,,1015.1,,1.0
2025-11-14,21,16.5,14.3,87.0,0.0,,81.0,9.0,,1014.7,,1.0
2025-11-14,22,16.2,14.0,87.0,0.0,,68.0,8.6,,1014.9,,1.0
2025-11-14,23,15.8,13.8,88.0,0.0,,70.0,9.4,,1015.1,,1.0
2025-11-15,0,15.6,14.0,90.0,0.0,,71.0,10.1,,1015.7,,1.0
2025-11-15,1,15.4,13.6,89.0,0.0,,70.0,11.2,,1016.6,,1.0
2025-11-15,2,16.8,13.7,82.0,0.0,,64.0,11.2,,1017.4,,1.0
2025-11-15,3,19.2,13.4,69.0,0.0,,58.0,13.0,,1017.6,,1.0
2025-11-15,4,21.4,13.3,60.0,0.0,,68.0,14.0,,1018.0,,3.0
2025-11-15,5,23.0,13.5,55.0,0.0,,76.0,13.3,,1017.6,,3.0
2025-11-15,6,24.3,13.2,50.0,0.0,,77.0,12.2,,1016.6,,2.0
2025-11-15,7,25.2,13.1,47.0,0.0,,79.0,11.5,,1015.3,,3.0
2025-11-15,8,26.3,11.2,39.0,0.0,,64.0,10.4,,1013.8,,3.0
2025-11-15,9,26.6,11.5,39.0,0.0,,71.0,11.9,,1013.1,,3.0
2025-11-15,10,26.2,11.9,41.0,0.0,,78.0,13.0,,1012.8,,3.0
2025-11-15,11,25.5,12.0,43.0,0.0,,83.0,13.0,,1013.2,,3.0
2025-11-15,12,24.3,12.9,49.0,0.0,,82.0,10.4,,1013.8,,3.0
2025-11-15,13,22.5,13.3,56.0,0.0,,48.0,9.0,,1014.5,,2.0
2025-11-15,14,21.9,13.3,58.0,0.0,,71.0,7.9,,1015.5,,1.0
2025-11-15,15,21.0,13.4,62.0,0.0,,79.0,11.5,,1016.6,,2.0
2025-11-15,16,20.1,14.5,70.0,0.0,,64.0,11.9,,1017.1,,3.0
2025-11-15,17,19.5,14.7,74.0,0.0,,63.0,10.8,,1016.9,,3.0
2025-11-15,18,18.9,15.2,79.0,0.0,,59.0,11.5,,1016.4,,3.0
2025-11-15,19,18.2,16.0,87.0,0.0,,62.0,11.5,,1016.2,,3.0
2025-11-15,20,17.6,16.6,94.0,0.0,,63.0,12.6,,1015.7,,3.0
2025-11-15,21,17.2,16.6,96.0,0.0,,61.0,12.6,,1015.2,,3.0
2025-11-15,22,16.9,16.6,98.0,0.0,,58.0,12.6,,1015.1,,3.0
2025-11-15,23,17.1,16.8,98.0,0.0,,56.0,10.8,,1015.7,,3.0
2025-11-16,0,16.9,16.6,98.0,0.0,,57.0,11.2,,1016.4,,3.0
2025-11-16,1,16.7,16.2,97.0,0.0,,56.0,11.9,,1017.3,,3.0
2025-11-16,2,17.4,16.3,93.0,0.0,,59.0,15.8,,1018.2,,3.0
2025-11-16,3,19.6,16.1,80.0,0.0,,63.0,15.8,,1018.7,,3.0
2025-11-16,4,21.9,15.7,68.0,0.0,,58.0,14.4,,1018.5,,3.0
2025-11-16,5,23.6,15.6,61.0,0.0,,63.0,13.7,,1018.1,,3.0
2025-11-16,6,25.2,15.2,54.0,0.0,,69.0,11.9,,1017.0,,2.0
2025-11-16,7,26.8,14.5,47.0,0.0,,78.0,10.4,,1015.5,,1.0
2025-11-16,8,26.4,14.5,48.0,0.0,,81.0,11.9,,1014.2,,3.0
2025-11-16,9,26.5,14.9,49.0,0.0,,64.0,12.6,,1013.5,,3.0
2025-11-16,10,26.3,15.1,50.0,0.0,,56.0,13.7,,1013.3,,3.0
2025-11-16,11,25.2,15.2,54.0,0.0,,53.0,13.7,,1013.7,,3.0
2025-11-16,12,24.7,15.1,55.0,0.0,,57.0,11.9,,1014.2,,3.0
2025-11-16,13,23.6,15.1,59.0,0.0,,55.0,13.0,,1014.9,,2.0
2025-11-16,14,21.7,15.3,67.0,0.0,,40.0,10.4,,1016.3,,3.0
2025-11-16,15,21.1,15.2,69.0,0.0,,39.0,11.2,,1016.9,,3.0
2025-11-16,16,20.5,15.1,71.0,0.0,,48.0,12.6,,1017.2,,3.0
2025-11-16,17,19.8,14.6,72.0,0.0,,59.0,13.3,,1017.4,,3.0
2025-11-16,18,18.8,14.1,74.0,0.0,,60.0,12.6,,1016.9,,3.0
2025-11-16,19,18.1,13.4,74.0,0.0,,61.0,12.6,,1016.5,,1.0
2025-11-16,20,17.6,12.9,74.0,0.0,,54.0,13.0,,1015.7,,1.0
2025-11-16,21,17.3,12.4,73.0,0.0,,51.0,12.6,,1015.1,,1.0
2025-11-16,22,17.0,12.1,73.0,0.0,,49.0,13.7,,1014.8,,1.0
2025-11-16,23,16.7,11.8,73.0,0.0,,47.0,14.0,,1014.9,,1.0
2025-11-17,0,16.5,13.4,82.0,0.0,,50.0,13.3,,1015.5,,1.0
2025-11-17,1,16.3,13.2,82.0,0.0,,46.0,13.0,,1016.2,,1.0
2025-11-17,2,17.7,13.4,76.0,0.0,,50.0,11.5,,1017.0,,3.0
2025-11-17,3,19.9,14.0,69.0,0.0,,57.0,13.7,,1017.4,,3.0
2025-11-17,4,21.0,13.4,62.0,0.0,,62.0,14.4,,1017.7,,3.0
2025-11-17,5,23.7,13.6,53.0,0.0,,69.0,13.3,,1016.9,,3.0
2025-11-17,6,25.2,14.3,51.0,0.0,,78.0,12.2,,1015.8,,3.0
2025-11-17,7,26.5,15.2,50.0,0.0,,95.0,12.6,,1014.3,,3.0
2025-11-17,8,26.1,15.2,51.0,0.0,,87.0,11.9,,1013.3,,3.0
2025-11-17,9,25.2,16.1,57.0,0.0,,71.0,10.4,,1012.8,,3.0
2025-11-17,10,25.4,16.0,56.0,0.0,,67.0,12.6,,1012.7,,3.0
2025-11-17,11,24.9,15.8,57.0,0.0,,64.0,12.6,,1012.9,,3.0
2025-11-17,12,24.0,15.8,60.0,0.0,,68.0,9.7,,1013.4,,3.0
2025-11-17,13,23.2,16.3,65.0,0.0,,85.0,11.9,,1014.2,,3.0
2025-11-17,14,21.9,16.2,70.0,0.0,,48.0,12.6,,1015.3,,3.0
2025-11-17,15,21.2,16.4,74.0,0.0,,56.0,12.2,,1016.4,,3.0
2025-11-17,16,20.3,16.5,79.0,0.0,,57.0,11.5,,1016.8,,3.0
2025-11-17,17,19.8,16.4,81.0,0.0,,56.0,11.5,,1016.6,,3.0
2025-11-17,18,19.4,16.2,82.0,0.0,,57.0,11.9,,1016.0,,3.0
2025-11-17,19,19.1,16.1,83.0,0.0,,52.0,12.2,,1015.5,,3.0
2025-11-17,20,18.9,15.8,82.0,0.0,,56.0,13.0,,1014.9,,3.0
2025-11-17,21,18.3,15.2,82.0,0.0,,49.0,14.0,,1014.2,,3.0
2025-11-17,22,18.3,14.6,79.0,0.0,,44.0,13.7,,1013.4,,3.0
2025-11-17,23,18.2,14.1,77.0,0.0,,47.0,14.8,,1013.4,,3.0
2025-11-18,0,17.9,13.6,76.0,0.0,,47.0,13.7,,1014.0,,3.0
2025-11-18,1,17.9,13.6,76.0,0.0,,45.0,15.8,,1014.9,,2.0
2025-11-18,2,18.3,14.0,76.0,0.1,,51.0,15.5,,1015.6,,17.0
2025-11-18,3,18.4,15.3,82.0,0.6,,45.0,16.6,,1016.2,,8.0
2025-11-18,4,20.6,16.2,76.0,0.0,,52.0,15.5,,1016.5,,3.0
2025-11-18,5,22.4,16.4,69.0,0.0,,60.0,19.4,,1015.7,,3.0
2025-11-18,6,23.7,17.0,66.0,0.0,,75.0,20.2,,1014.7,,3.0
2025-11-18,7,24.1,17.1,65.0,0.1,,71.0,18.4,,1013.1,,7.0
2025-11-18,8,24.5,17.5,65.0,0.4,,61.0,18.4,,1011.9,,17.0
2025-11-18,9,24.7,17.7,65.0,0.2,,58.0,18.7,,1011.0,,17.0
2025-11-18,10,23.6,17.8,70.0,0.0,,47.0,16.2,,1011.1,,3.0
2025-11-18,11,23.2,17.7,71.0,0.0,,48.0,16.6,,1011.5,,3.0
2025-11-18,12,22.2,18.0,77.0,0.0,,48.0,16.6,,1012.2,,3.0
2025-11-18,13,21.2,18.4,84.0,0.3,,52.0,15.5,,1013.4,,8.0
2025-11-18,14,20.7,18.5,87.0,0.2,,59.0,14.4,,1014.4,,7.0
2025-11-18,15,20.3,18.1,87.0,0.2,,52.0,14.0,,1015.6,,7.0
2025-11-18,16,19.9,18.0,89.0,0.0,,61.0,12.2,,1016.2,,3.0
2025-11-18,17,19.7,18.2,91.0,0.0,,70.0,10.4,,1016.0,,3.0
2025-11-18,18,19.3,18.1,93.0,0.0,,76.0,10.1,,1015.3,,3.0
2025-11-18,19,19.4,18.2,93.0,0.0,,85.0,10.4,,1014.8,,3.0
2025-11-18,20,18.3,18.0,98.0,0.0,,83.0,10.4,,1013.9,,3.0
2025-11-18,21,18.1,17.8,98.0,0.0,,78.0,10.1,,1013.4,,3.0
2025-11-18,22,18.0,17.7,98.0,0.0,,78.0,10.4,,1013.3,,3.0
2025-11-18,23,17.9,17.6,98.0,0.0,,81.0,10.8,,1013.4,,2.0
2025-11-19,0,18.1,17.9,99.0,0.0,,87.0,12.2,,1014.0,,3.0
2025-11-19,1,18.0,17.7,98.0,0.0,,90.0,10.8,,1015.0,,3.0
2025-11-19,2,18.6,17.8,95.0,0.0,,90.0,14.0,,1016.1,,3.0
2025-11-19,3,20.0,18.0,88.0,0.0,,90.0,16.9,,1016.8,,3.0
2025-11-19,4,21.4,17.6,79.0,0.0,,85.0,15.1,,1016.7,,3.0
2025-11-19,5,22.7,17.4,72.0,0.1,,89.0,14.4,,1016.2,,7.0
2025-11-19,6,24.4,17.4,65.0,0.0,,91.0,12.6,,1015.0,,3.0
2025-11-19,7,25.4,17.1,60.0,0.0,,92.0,11.5,,1013.6,,3.0
2025-11-19,8,25.8,16.6,57.0,0.0,,89.0,11.2,,1012.5,,3.0
2025-11-19,9,26.0,16.5,56.0,0.0,,80.0,10.4,,1011.4,,3.0
2025-11-19,10,26.2,16.4,55.0,0.0,,79.0,10.8,,1010.7,,2.0
2025-11-19,11,25.8,14.9,51.0,0.0,,84.0,10.1,,1011.1,,2.0
2025-11-19,12,24.2,16.2,61.0,0.0,,106.0,10.1,,1011.4,,3.0
2025-11-19,13,22.8,16.1,66.0,0.0,,96.0,9.7,,1012.3,,1.0
2025-11-19,14,21.8,16.1,70.0,0.0,,77.0,11.5,,1013.7,,1.0
2025-11-19,15,20.8,16.6,77.0,0.0,,76.0,11.2,,1014.9,,2.0
2025-11-19,16,19.9,15.3,75.0,0.0,,89.0,10.1,,1015.5,,2.0
2025-11-19,17,19.0,16.0,83.0,0.0,,87.0,10.8,,1015.8,,1.0
2025-11-19,18,18.5,17.0,91.0,0.0,,94.0,10.8,,1015.8,,1.0
2025-11-19,19,18.1,17.3,95.0,0.0,,92.0,10.4,,1015.4,,1.0
2025-11-19,20,17.8,17.3,97.0,0.0,,90.0,10.4,,1015.1,,1.0
2025-11-19,21,18.0,17.5,97.0,0.0,,82.0,9.7,,1014.4,,3.0
2025-11-19,22,17.9,17.6,98.0,0.0,,80.0,10.8,,1014.3,,3.0
2025-11-19,23,17.8,17.6,99.0,0.0,,73.0,10.8,,1014.6,,3.0
2025-11-20,0,17.7,17.5,99.0,0.0,,74.0,10.8,,1015.1,,3.0
2025-11-20,1,17.6,17.4,99.0,0.0,,75.0,11.5,,1015.9,,5.0
2025-11-20,2,18.4,17.2,93.0,0.0,,59.0,11.2,,1016.5,,5.0
2025-11-20,3,20.2,17.2,83.0,0.0,,61.0,11.5,,1017.0,,2.0
2025-11-20,4,22.2,16.7,71.0,0.0,,59.0,12.6,,1017.1,,1.0
2025-11-20,5,24.1,16.6,63.0,0.0,,60.0,11.9,,1016.4,,1.0
2025-11-20,6,25.5,16.4,57.0,0.0,,65.0,10.8,,1015.4,,1.0
2025-11-20,7,26.7,16.0,52.0,0.0,,76.0,10.8,,1013.7,,2.0
2025-11-20,8,27.4,16.1,50.0,0.0,,84.0,11.2,,1012.4,,2.0
2025-11-20,9,26.7,15.7,51.0,0.0,,90.0,11.9,,1011.6,,3.0
2025-11-20,10,26.9,15.6,50.0,0.0,,90.0,13.0,,1011.3,,3.0
2025-11-20,11,26.4,15.8,52.0,0.0,,89.0,12.2,,1011.4,,2.0
2025-11-20,12,25.4,16.5,58.0,0.0,,101.0,12.2,,1012.2,,1.0
2025-11-20,13,23.6,16.6,65.0,0.0,,98.0,13.7,,1013.5,,3.0
2025-11-20,14,22.5,16.5,69.0,0.0,,74.0,11.5,,1014.5,,3.0
2025-11-20,15,21.4,16.6,74.0,0.0,,95.0,11.2,,1015.7,,3.0
2025-11-20,16,20.3,16.5,79.0,0.0,,96.0,10.1,,1016.5,,3.0
2025-11-20,17,19.7,16.2,80.0,0.0,,92.0,10.4,,1016.8,,3.0
2025-11-20,18,19.2,16.2,83.0,0.0,,89.0,11.2,,1016.4,,3.0
2025-11-20,19,18.7,16.3,86.0,0.0,,87.0,10.4,,1016.1,,3.0
2025-11-20,20,18.2,16.4,89.0,0.0,,84.0,10.1,,1015.5,,3.0
2025-11-20,21,17.9,16.2,90.0,0.0,,74.0,10.8,,1014.9,,3.0
2025-11-20,22,18.0,16.5,91.0,0.0,,66.0,10.1,,1014.6,,3.0
2025-11-20,23,17.9,16.6,92.0,0.0,,69.0,10.8,,1015.3,,2.0
2025-11-21,0,17.6,16.5,93.0,0.0,,68.0,9.4,,1015.5,,3.0
2025-11-21,1,17.5,16.4,93.0,0.0,,72.0,9.4,,1016.5,,3.0
2025-11-21,2,18.9,17.0,89.0,0.0,,70.0,9.0,,1017.1,,3.0
2025-11-21,3,21.1,17.9,82.0,0.0,,70.0,8.3,,1018.3,,3.0
2025-11-21,4,23.3,18.6,75.0,0.0,,77.0,15.8,,1018.1,,3.0
2025-11-21,5,24.3,18.5,70.0,0.0,,84.0,14.8,,1017.2,,3.0
2025-11-21,6,26.2,18.9,64.0,0.0,,83.0,15.5,,1016.2,,3.0
2025-11-21,7,27.2,18.5,59.0,0.0,,90.0,15.1,,1014.4,,3.0
2025-11-21,8,27.5,19.0,60.0,0.4,,85.0,16.2,,1013.0,,8.0
2025-11-21,9,26.9,18.5,60.0,0.3,,83.0,16.6,,1012.2,,17.0
2025-11-21,10,26.3,18.4,62.0,0.2,,74.0,17.3,,1012.1,,7.0
2025-11-21,11,25.5,18.7,66.0,0.3,,64.0,14.8,,1012.9,,17.0
2025-11-21,12,24.5,18.7,70.0,0.0,,78.0,15.8,,1013.6,,3.0
2025-11-21,13,22.9,19.1,79.0,0.0,,91.0,13.0,,1014.7,,3.0
2025-11-21,14,22.0,19.4,85.0,0.0,,89.0,12.6,,1015.8,,3.0
2025-11-21,15,21.4,19.3,88.0,0.0,,79.0,11.9,,1016.5,,3.0
2025-11-21,16,20.7,19.5,93.0,0.0,,75.0,10.8,,1016.8,,3.0
2025-11-21,17,20.1,19.3,95.0,0.0,,65.0,9.7,,1017.4,,3.0
2025-11-21,18,19.6,19.1,97.0,0.0,,66.0,9.7,,1017.2,,3.0
2025-11-21,19,19.4,19.1,98.0,0.0,,56.0,10.4,,1016.4,,3.0
2025-11-21,20,19.6,19.1,97.0,0.0,,57.0,10.8,,1015.8,,3.0
2025-11-21,21,19.8,19.1,96.0,0.0,,55.0,11.5,,1015.2,,3.0
2025-11-21,22,19.8,19.1,96.0,0.0,,62.0,10.8,,1015.3,,3.0
2025-11-21,23,19.6,19.1,97.0,0.0,,62.0,10.4,,1015.5,,3.0
2025-11-22,0,19.6,18.9,96.0,0.0,,63.0,10.8,,1015.9,,3.0
2025-11-22,1,19.5,19.0,97.0,0.0,,67.0,10.8,,1016.5,,3.0
2025-11-22,2,20.1,19.1,94.0,0.0,,65.0,16.2,,1016.8,,3.0
2025-11-22,3,21.6,18.4,82.0,0.0,,77.0,17.6,,1017.1,,3.0
2025-11-22,4,23.1,18.2,74.0,0.0,,80.0,20.2,,1017.4,,3.0
2025-11-22,5,24.2,18.2,69.0,0.0,,82.0,18.7,,1017.0,,3.0
2025-11-22,6,25.7,17.9,62.0,0.2,,87.0,18.7,,1015.9,,17.0
2025-11-22,7,26.1,18.0,61.0,0.3,,89.0,19.4,,1014.6,,8.0
2025-11-22,8,26.2,18.3,62.0,0.3,,82.0,18.7,,1012.6,,8.0
2025-11-22,9,26.5,18.1,60.0,0.2,,83.0,19.8,,1011.8,,17.0
2025-11-22,10,26.1,17.7,60.0,0.1,,81.0,18.7,,1011.8,,7.0
2025-11-22,11,25.7,17.6,61.0,0.0,,81.0,18.0,,1012.1,,3.0
2025-11-22,12,24.5,18.0,67.0,0.0,,84.0,14.0,,1012.8,,3.0
2025-11-22,13,22.5,18.7,79.0,0.0,,80.0,11.9,,1014.4,,3.0
2025-11-22,14,21.9,18.7,82.0,0.0,,85.0,10.8,,1015.6,,3.0
2025-11-22,15,21.1,18.9,87.0,0.0,,96.0,11.2,,1016.4,,3.0
2025-11-22,16,20.5,19.2,92.0,0.0,,97.0,11.2,,1016.9,,3.0
2025-11-22,17,20.2,19.4,95.0,0.0,,91.0,10.8,,1017.0,,3.0
2025-11-22,18,20.0,19.3,96.0,0.0,,87.0,11.5,,1016.9,,3.0
2025-11-22,19,20.0,19.3,96.0,0.0,,82.0,11.2,,1016.4,,3.0
2025-11-22,20,20.0,19.2,95.0,0.0,,77.0,10.1,,1015.7,,3.0
2025-11-22,21,19.7,19.0,96.0,0.0,,66.0,10.1,,1015.2,,3.0
2025-11-22,22,19.6,18.9,96.0,0.0,,65.0,10.4,,1014.6,,3.0
2025-11-22,23,19.5,18.8,96.0,0.0,,70.0,8.6,,1015.1,,3.0
2025-11-23,0,19.4,18.7,96.0,0.0,,56.0,9.0,,1015.5,,3.0
2025-11-23,1,19.1,18.6,97.0,0.0,,69.0,10.1,,1016.3,,3.0
2025-11-23,2,19.9,18.7,93.0,0.0,,70.0,15.1,,1017.2,,3.0
2025-11-23,3,21.6,18.4,82.0,0.0,,75.0,16.2,,1017.4,,3.0
2025-11-23,4,22.8,18.1,75.0,0.0,,75.0,18.0,,1017.6,,3.0
2025-11-23,5,24.4,18.3,69.0,0.0,,80.0,18.4,,1017.1,,3.0
2025-11-23,6,25.5,18.4,65.0,0.0,,79.0,17.3,,1016.1,,3.0
2025-11-23,7,25.6,17.8,62.0,0.5,,79.0,17.3,,1015.0,,8.0
2025-11-23,8,26.0,18.4,63.0,0.2,,81.0,16.2,,1013.5,,7.0
2025-11-23,9,24.5,18.2,68.0,0.3,,84.0,19.1,,1012.2,,8.0
2025-11-23,10,24.0,18.2,70.0,0.0,,81.0,18.0,,1012.3,,3.0
2025-11-23,11,24.0,18.6,72.0,0.0,,78.0,15.5,,1012.6,,3.0
2025-11-23,12,22.7,18.7,78.0,0.3,,86.0,13.0,,1013.6,,17.0
2025-11-23,13,21.7,18.9,84.0,0.0,,88.0,12.6,,1014.7,,3.0
2025-11-23,14,21.7,18.5,82.0,0.0,,90.0,11.5,,1015.5,,3.0
2025-11-23,15,21.1,18.9,87.0,0.0,,98.0,12.2,,1016.4,,3.0
2025-11-23,16,20.5,19.3,93.0,0.0,,98.0,11.9,,1017.0,,3.0
2025-11-23,17,19.9,19.4,97.0,0.0,,93.0,11.2,,1017.3,,3.0
2025-11-23,18,19.8,19.3,97.0,0.0,,92.0,11.5,,1017.0,,3.0
2025-11-23,19,19.6,19.1,97.0,0.0,,82.0,11.2,,1016.3,,3.0
2025-11-23,20,19.5,19.0,97.0,0.0,,82.0,13.3,,1015.8,,3.0
2025-11-23,21,19.4,19.1,98.0,0.0,,75.0,14.0,,1015.4,,3.0
2025-11-23,22,19.6,19.1,97.0,0.0,,73.0,12.6,,1015.3,,3.0
2025-11-23,23,19.7,19.0,96.0,0.0,,70.0,11.2,,1015.4,,3.0
2025-11-24,0,19.5,18.7,95.0,0.0,,73.0,11.9,,1015.9,,3.0
2025-11-24,1,19.4,18.7,96.0,0.0,,77.0,13.3,,1016.4,,3.0
2025-11-24,2,19.8,18.6,93.0,0.0,,80.0,15.8,,1016.9,,3.0
2025-11-24,3,21.0,18.4,85.0,0.0,,85.0,18.7,,1017.3,,3.0
2025-11-24,4,22.4,18.0,76.0,0.0,,90.0,18.0,,1017.2,,3.0
2025-11-24,5,24.0,18.0,69.0,0.0,,83.0,17.6,,1016.8,,3.0
2025-11-24,6,25.1,17.6,63.0,0.0,,85.0,16.9,,1015.7,,3.0
2025-11-24,7,25.3,17.2,61.0,0.0,,87.0,17.6,,1014.6,,3.0
2025-11-24,8,25.1,17.1,61.0,0.0,,90.0,18.0,,1013.5,,3.0
2025-11-24,9,24.7,16.9,62.0,0.0,,86.0,16.2,,1012.7,,3.0
2025-11-24,10,25.4,15.7,55.0,0.0,,95.0,17.3,,1012.6,,3.0
2025-11-24,11,24.3,16.0,60.0,0.0,,98.0,17.3,,1013.1,,3.0
2025-11-24,12,23.3,16.6,66.0,0.0,,101.0,14.0,,1013.9,,3.0
2025-11-24,13,22.3,16.8,71.0,0.0,,93.0,12.2,,1014.7,,3.0
2025-11-24,14,21.4,17.4,78.0,0.0,,98.0,13.3,,1015.9,,3.0
2025-11-24,15,20.5,18.3,87.0,0.0,,102.0,13.3,,1017.0,,3.0
2025-11-24,16,19.7,18.5,93.0,0.0,,95.0,13.0,,1017.8,,3.0
2025-11-24,17,19.5,18.7,95.0,0.0,,84.0,11.9,,1017.6,,3.0
2025-11-24,18,19.2,18.4,95.0,0.0,,79.0,11.9,,1017.4,,3.0
2025-11-24,19,18.8,18.1,96.0,0.0,,76.0,11.9,,1017.0,,3.0
2025-11-24,20,18.6,18.1,97.0,0.0,,71.0,13.3,,1015.9,,3.0
2025-11-24,21,18.7,17.9,95.0,0.0,,69.0,13.0,,1015.5,,3.0
2025-11-24,22,18.2,17.7,97.0,0.0,,74.0,12.2,,1015.2,,3.0
2025-11-24,23,18.1,17.5,96.0,0.0,,76.0,12.2,,1015.1,,3.0
2025-11-25,0,17.8,17.3,97.0,0.0,,72.0,12.6,,1015.6,,3.0
2025-11-25,1,17.3,17.0,98.0,0.0,,66.0,13.3,,1016.1,,3.0
2025-11-25,2,17.7,16.7,94.0,0.0,,64.0,16.2,,1016.7,,3.0
2025-11-25,3,19.6,16.6,83.0,0.0,,64.0,16.2,,1017.4,,3.0
2025-11-25,4,21.4,15.0,67.0,0.0,,63.0,18.0,,1017.3,,3.0
2025-11-25,5,23.2,14.5,58.0,0.0,,72.0,19.8,,1016.6,,3.0
2025-11-25,6,24.8,15.4,56.0,0.0,,76.0,18.4,,1015.9,,3.0
2025-11-25,7,25.7,15.4,53.0,0.0,,79.0,18.4,,1014.2,,3.0
2025-11-25,8,26.6,14.7,48.0,0.0,,85.0,17.6,,1012.9,,1.0
2025-11-25,9,27.0,14.4,46.0,0.0,,96.0,16.9,,1011.6,,2.0
2025-11-25,10,26.4,14.2,47.0,0.0,,99.0,16.6,,1011.2,,3.0
2025-11-25,11,25.4,15.1,53.0,0.0,,85.0,15.1,,1012.2,,2.0
2025-11-25,12,24.4,15.6,58.0,0.0,,87.0,10.8,,1012.6,,2.0
2025-11-25,13,23.0,16.1,65.0,0.0,,81.0,11.5,,1013.6,,2.0
2025-11-25,14,22.2,16.0,68.0,0.0,,67.0,12.2,,1014.8,,2.0
2025-11-25,15,21.3,16.3,73.0,0.0,,90.0,12.2,,1015.6,,3.0
2025-11-25,16,20.2,16.2,78.0,0.0,,75.0,12.2,,1016.2,,2.0
2025-11-25,17,19.5,16.7,84.0,0.0,,81.0,12.6,,1016.3,,3.0
2025-11-25,18,18.7,16.8,89.0,0.0,,87.0,13.3,,1015.9,,3.0
2025-11-25,19,18.0,16.9,93.0,0.0,,88.0,11.9,,1015.3,,3.0
2025-11-25,20,17.4,16.3,93.0,0.0,,77.0,10.4,,1014.9,,3.0
2025-11-25,21,17.1,16.3,95.0,0.0,,70.0,10.4,,1014.4,,2.0
2025-11-25,22,16.9,16.4,97.0,0.0,,59.0,11.5,,1014.0,,1.0
2025-11-25,23,16.7,16.2,97.0,0.0,,58.0,12.2,,1014.1,,2.0
2025-11-26,0,16.5,15.9,96.0,0.0,,60.0,11.5,,1014.8,,1.0
2025-11-26,1,16.6,16.0,96.0,0.0,,56.0,10.4,,1015.8,,1.0
2025-11-26,2,17.4,16.1,92.0,0.0,,52.0,13.0,,1016.6,,2.0
2025-11-26,3,19.1,16.0,82.0,0.0,,59.0,15.5,,1017.5,,2.0
2025-11-26,4,20.9,15.4,71.0,0.0,,60.0,16.2,,1017.6,,2.0
2025-11-26,5,22.8,14.1,58.0,0.0,,66.0,15.8,,1017.0,,1.0
2025-11-26,6,24.4,13.6,51.0,0.0,,71.0,15.1,,1016.1,,2.0
2025-11-26,7,25.6,13.1,46.0,0.0,,68.0,15.5,,1014.7,,3.0
2025-11-26,8,26.4,12.1,41.0,0.0,,71.0,15.5,,1013.5,,3.0
2025-11-26,9,26.5,11.4,39.0,0.0,,76.0,15.8,,1012.5,,3.0
2025-11-26,10,26.1,12.2,42.0,0.0,,77.0,16.6,,1012.2,,3.0
2025-11-26,11,25.5,12.4,44.0,0.0,,70.0,16.9,,1012.7,,3.0
2025-11-26,12,23.9,13.2,51.0,0.0,,72.0,13.0,,1013.6,,3.0
2025-11-26,13,22.4,13.7,58.0,0.0,,66.0,12.2,,1014.6,,3.0
2025-11-26,14,21.4,14.1,63.0,0.0,,63.0,13.3,,1015.5,,3.0
2025-11-26,15,20.4,13.8,66.0,0.0,,68.0,13.0,,1016.3,,3.0
2025-11-26,16,19.3,13.7,70.0,0.0,,62.0,14.8,,1017.4,,3.0
2025-11-26,17,18.3,14.0,76.0,0.0,,68.0,14.8,,1017.8,,3.0
2025-11-26,18,17.4,14.7,84.0,0.0,,70.0,13.7,,1017.5,,3.0
2025-11-26,19,16.7,15.1,90.0,0.0,,73.0,13.0,,1017.0,,3.0
2025-11-26,20,16.2,15.2,94.0,0.0,,74.0,13.0,,1016.5,,3.0
2025-11-26,21,16.1,15.3,95.0,0.0,,61.0,12.2,,1015.3,,3.0
2025-11-26,22,16.0,15.5,97.0,0.0,,62.0,13.0,,1015.0,,3.0
2025-11-26,23,16.3,16.1,99.0,0.0,,65.0,16.2,,1015.1,,3.0
2025-11-27,0,16.7,15.9,95.0,0.0,,72.0,15.8,,1015.6,,3.0
2025-11-27,1,16.6,16.0,96.0,0.0,,73.0,15.1,,1016.2,,3.0
2025-11-27,2,17.7,16.2,91.0,0.0,,76.0,18.0,,1016.6,,3.0
2025-11-27,3,18.9,15.6,81.0,0.0,,77.0,17.6,,1017.2,,3.0
2025-11-27,4,20.8,14.7,68.0,0.0,,76.0,19.4,,1017.7,,3.0
2025-11-27,5,22.4,14.3,60.0,0.0,,80.0,20.5,,1017.2,,3.0
2025-11-27,6,23.6,14.0,55.0,0.0,,70.0,18.4,,1015.9,,3.0
2025-11-27,7,24.7,14.2,52.0,0.0,,59.0,16.2,,1014.1,,3.0
2025-11-27,8,25.0,14.2,51.0,0.0,,58.0,17.3,,1012.9,,3.0
2025-11-27,9,25.0,13.9,50.0,0.0,,57.0,18.4,,1012.4,,3.0
2025-11-27,10,24.9,13.8,50.0,0.0,,59.0,19.4,,1012.6,,3.0
2025-11-27,11,24.0,13.5,52.0,0.0,,60.0,18.7,,1012.9,,3.0
2025-11-27,12,22.9,13.7,56.0,0.0,,66.0,13.7,,1013.5,,3.0
2025-11-27,13,21.6,13.8,61.0,0.0,,65.0,11.2,,1014.3,,3.0
2025-11-27,14,20.8,13.7,64.0,0.0,,62.0,12.2,,1015.5,,3.0
2025-11-27,15,20.0,13.9,68.0,0.0,,47.0,11.5,,1015.9,,3.0
2025-11-27,16,19.2,13.8,71.0,0.0,,58.0,12.6,,1016.6,,3.0
2025-11-27,17,18.4,14.5,78.0,0.0,,59.0,13.7,,1016.7,,3.0
2025-11-27,18,17.8,14.9,83.0,0.0,,68.0,12.6,,1016.7,,3.0
2025-11-27,19,17.1,15.1,88.0,0.0,,53.0,12.2,,1015.9,,3.0
2025-11-27,20,16.3,15.2,93.0,0.0,,56.0,11.2,,1015.8,,3.0
2025-11-27,21,15.9,14.9,94.0,0.0,,54.0,11.5,,1015.2,,3.0
2025-11-27,22,15.9,14.6,92.0,0.0,,66.0,12.6,,1014.9,,3.0
2025-11-27,23,15.6,14.5,93.0,0.0,,62.0,13.0,,1014.7,,3.0
2025-11-28,0,15.4,14.6,95.0,0.0,,58.0,13.0,,1014.9,,3.0
2025-11-28,1,15.3,14.7,96.0,0.0,,68.0,12.2,,1015.9,,3.0
2025-11-28,2,16.1,15.1,94.0,0.0,,66.0,15.1,,1016.7,,3.0
2025-11-28,3,17.8,15.1,84.0,0.0,,43.0,22.3,,1016.4,,3.0
2025-11-28,4,19.7,14.3,71.0,0.0,,48.0,23.4,,1016.6,,3.0
2025-11-28,5,21.0,13.7,63.0,0.0,,53.0,20.9,,1016.2,,3.0
2025-11-28,6,22.8,13.3,55.0,0.0,,52.0,19.4,,1015.1,,3.0
2025-11-28,7,23.9,13.4,52.0,0.0,,49.0,19.1,,1013.3,,3.0
2025-11-28,8,25.0,13.5,49.0,0.0,,46.0,17.6,,1011.6,,3.0
2025-11-28,9,25.2,13.4,48.0,0.0,,46.0,18.7,,1011.0,,3.0
2025-11-28,10,24.5,13.4,50.0,0.0,,45.0,17.3,,1011.0,,3.0
2025-11-28,11,23.9,13.4,52.0,0.0,,38.0,16.6,,1011.1,,3.0
2025-11-28,12,22.7,13.5,56.0,0.0,,30.0,15.1,,1011.7,,3.0
2025-11-28,13,21.3,13.7,62.0,0.0,,32.0,12.6,,1012.5,,3.0
2025-11-28,14,20.4,13.8,66.0,0.0,,29.0,10.8,,1013.7,,3.0
2025-11-28,15,20.0,13.9,68.0,0.0,,41.0,11.2,,1014.5,,3.0
2025-11-28,16,19.2,14.7,75.0,0.0,,59.0,12.6,,1014.7,,3.0
2025-11-28,17,18.5,15.4,82.0,0.0,,60.0,12.2,,1014.9,,3.0
2025-11-28,18,17.7,15.0,84.0,0.0,,56.0,11.5,,1014.5,,3.0
2025-11-28,19,17.1,14.6,85.0,0.0,,39.0,11.5,,1013.6,,3.0
2025-11-28,20,16.5,14.0,85.0,0.0,,38.0,10.8,,1013.1,,3.0
2025-11-28,21,16.0,13.5,85.0,0.0,,47.0,10.8,,1012.9,,3.0
2025-11-28,22,15.8,12.9,83.0,0.0,,27.0,12.6,,1012.5,,3.0
2025-11-28,23,15.7,13.4,86.0,0.0,,30.0,14.0,,1012.1,,3.0
2025-11-29,0,15.3,13.1,87.0,0.0,,45.0,13.3,,1012.7,,3.0
2025-11-29,1,15.3,12.8,85.0,0.0,,41.0,14.4,,1013.3,,3.0
2025-11-29,2,16.2,13.1,82.0,0.0,,44.0,15.5,,1014.2,,3.0
2025-11-29,3,17.8,13.7,77.0,0.0,,44.0,13.3,,1014.9,,3.0
2025-11-29,4,18.7,14.2,75.0,0.0,,44.0,15.5,,1015.4,,3.0
2025-11-29,5,19.1,14.6,75.0,0.0,,24.0,15.5,,1014.7,,3.0
2025-11-29,6,20.2,14.6,70.0,0.0,,33.0,18.0,,1013.9,,3.0
2025-11-29,7,22.3,14.9,63.0,0.0,,55.0,19.1,,1012.5,,3.0
2025-11-29,8,22.1,15.0,64.0,0.0,,53.0,18.0,,1011.3,,3.0
2025-11-29,9,22.4,15.5,65.0,0.0,,48.0,15.5,,1010.7,,3.0
2025-11-29,10,22.8,15.4,63.0,0.0,,46.0,15.5,,1010.5,,3.0
2025-11-29,11,22.1,15.5,66.0,0.0,,34.0,15.1,,1010.6,,3.0
2025-11-29,12,21.5,15.8,70.0,0.0,,36.0,14.4,,1011.0,,3.0
2025-11-29,13,21.1,15.9,72.0,0.0,,36.0,14.8,,1011.4,,3.0
2025-11-29,14,20.2,15.6,75.0,0.0,,37.0,13.0,,1012.8,,3.0
2025-11-29,15,20.1,16.3,79.0,0.0,,29.0,13.0,,1013.1,,3.0
2025-11-29,16,19.7,16.7,83.0,0.0,,34.0,11.5,,1013.5,,3.0
2025-11-29,17,19.5,17.3,87.0,0.0,,40.0,13.0,,1013.7,,3.0
2025-11-29,18,19.1,17.6,91.0,0.1,,37.0,14.8,,1013.2,,7.0
2025-11-29,19,18.8,17.5,92.0,0.7,,37.0,15.8,,1012.6,,8.0
2025-11-29,20,18.7,17.5,93.0,0.2,,36.0,15.1,,1011.9,,7.0
2025-11-29,21,18.6,17.4,93.0,0.0,,35.0,16.6,,1011.1,,3.0
2025-11-29,22,18.7,17.5,93.0,0.0,,31.0,17.3,,1010.6,,3.0
2025-11-29,23,18.4,17.4,94.0,0.9,,22.0,15.1,,1010.8,,8.0
2025-11-30,0,18.3,17.8,97.0,1.0,,24.0,13.3,,1011.3,,9.0
2025-11-30,1,18.4,18.1,98.0,1.1,,23.0,13.7,,1011.8,,9.0
2025-11-30,2,18.7,18.2,97.0,1.1,,34.0,16.2,,1012.6,,9.0
2025-11-30,3,19.5,18.5,94.0,0.9,,36.0,18.0,,1013.2,,8.0
2025-11-30,4,20.5,18.8,90.0,1.7,,25.0,17.6,,1013.4,,9.0
2025-11-30,5,20.5,19.0,91.0,1.3,,41.0,18.7,,1013.4,,9.0
2025-11-30,6,20.9,19.0,89.0,1.6,,32.0,18.7,,1012.9,,9.0
2025-11-30,7,20.6,19.1,91.0,1.6,,33.0,19.4,,1012.1,,9.0
2025-11-30,8,20.4,19.2,93.0,1.4,,26.0,17.6,,1011.2,,9.0
2025-11-30,9,20.9,18.7,87.0,2.4,,6.0,17.3,,1010.6,,9.0
2025-11-30,10,20.4,18.5,89.0,0.2,,353.0,15.1,,1010.9,,7.0
2025-11-30,11,20.0,18.8,93.0,0.1,,354.0,14.8,,1011.4,,7.0
2025-11-30,12,19.9,18.7,93.0,0.0,,1.0,14.0,,1011.9,,3.0
2025-11-30,13,19.7,18.7,94.0,0.2,,11.0,13.0,,1012.6,,7.0
2025-11-30,14,19.6,18.6,94.0,0.2,,359.0,11.5,,1013.4,,7.0
2025-11-30,15,19.5,18.8,96.0,0.1,,6.0,13.0,,1014.3,,7.0
2025-11-30,16,19.4,18.7,96.0,0.3,,16.0,16.9,,1014.6,,8.0
2025-11-30,17,19.3,18.5,95.0,0.0,,29.0,16.6,,1014.7,,3.0
2025-11-30,18,19.0,18.0,94.0,0.0,,19.0,13.7,,1013.7,,3.0
2025-11-30,19,19.1,18.4,96.0,0.1,,10.0,12.2,,1013.2,,7.0
2025-11-30,20,19.0,18.2,95.0,0.1,,20.0,13.7,,1012.8,,7.0
2025-11-30,21,18.7,17.9,95.0,0.0,,1.0,13.3,,1012.4,,3.0
2025-11-30,22,18.5,17.7,95.0,0.0,,358.0,15.1,,1012.0,,3.0
2025-11-30,23,18.4,17.4,94.0,0.0,,360.0,16.6,,1012.1,,3.0
2025-12-01,0,18.4,17.4,94.0,0.0,,9.0,15.8,,1012.7,,3.0
2025-12-01,1,18.5,17.3,93.0,0.0,,24.0,14.0,,1013.0,,3.0
2025-12-01,2,18.8,17.5,92.0,0.0,,21.0,16.6,,1013.5,,3.0
2025-12-01,3,20.1,17.5,85.0,0.0,,18.0,20.9,,1014.3,,2.0
2025-12-01,4,21.5,17.5,78.0,0.0,,16.0,20.9,,1014.6,,3.0
2025-12-01,5,22.4,17.3,73.0,0.0,,22.0,19.4,,1013.8,,3.0
2025-12-01,6,23.2,17.7,71.0,0.0,,20.0,18.4,,1013.2,,3.0
2025-12-01,7,23.3,17.5,70.0,0.0,,23.0,17.6,,1012.2,,3.0
2025-12-01,8,23.2,17.7,71.0,0.0,,23.0,16.9,,1011.4,,3.0
2025-12-01,9,23.3,17.5,70.0,0.1,,22.0,16.6,,1010.6,,17.0
2025-12-01,10,24.2,17.2,65.0,0.0,,17.0,14.8,,1009.5,,3.0
2025-12-01,11,24.0,17.0,65.0,0.0,,10.0,14.0,,1009.7,,3.0
2025-12-01,12,23.0,17.2,70.0,0.0,,25.0,15.5,,1010.6,,3.0
2025-12-01,13,21.0,18.0,83.0,0.0,,46.0,13.7,,1012.3,,3.0
2025-12-01,14,20.4,18.3,88.0,0.0,,40.0,11.9,,1013.4,,3.0
2025-12-01,15,20.2,18.1,88.0,0.0,,29.0,11.5,,1014.4,,3.0
2025-12-01,16,19.7,17.8,89.0,0.0,,30.0,11.2,,1015.2,,2.0
2025-12-01,17,19.2,17.5,90.0,0.0,,29.0,11.2,,1014.9,,3.0
2025-12-01,18,18.6,17.3,92.0,0.0,,30.0,13.0,,1014.4,,3.0
2025-12-01,19,18.3,17.1,93.0,0.0,,34.0,14.0,,1013.8,,3.0
2025-12-01,20,18.0,17.0,94.0,0.0,,21.0,13.0,,1013.5,,3.0
2025-12-01,21,17.9,17.1,95.0,0.0,,21.0,12.2,,1012.9,,2.0
2025-12-01,22,18.0,17.2,95.0,0.0,,22.0,12.2,,1012.6,,3.0
2025-12-01,23,18.2,17.4,95.0,0.0,,27.0,13.7,,1012.5,,3.0
2025-12-02,0,18.3,17.5,95.0,0.0,,29.0,13.3,,1012.8,,2.0
2025-12-02,1,18.3,17.5,95.0,0.0,,27.0,12.6,,1013.0,,1.0
2025-12-02,2,18.9,17.6,92.0,0.0,,28.0,13.7,,1013.8,,3.0
2025-12-02,3,20.5,17.9,85.0,0.0,,16.0,13.3,,1014.3,,2.0
2025-12-02,4,22.5,18.1,76.0,0.0,,16.0,14.8,,1014.3,,2.0
2025-12-02,5,24.3,18.2,69.0,0.0,,25.0,18.4,,1013.9,,1.0
2025-12-02,6,25.8,17.4,60.0,0.0,,32.0,17.6,,1012.9,,2.0
2025-12-02,7,25.8,17.7,61.0,0.0,,31.0,17.6,,1011.6,,3.0
2025-12-02,8,25.5,17.9,63.0,0.0,,24.0,16.6,,1010.4,,3.0
2025-12-02,9,25.3,18.0,64.0,0.1,,16.0,16.2,,1009.6,,17.0
2025-12-02,10,24.6,18.3,68.0,0.1,,15.0,19.1,,1009.3,,17.0
2025-12-02,11,25.0,17.5,63.0,0.3,,12.0,15.1,,1009.3,,8.0
2025-12-02,12,23.7,17.7,69.0,0.0,,15.0,14.4,,1010.4,,3.0
2025-12-02,13,22.7,17.6,73.0,0.0,,20.0,15.8,,1011.2,,3.0
2025-12-02,14,21.8,17.4,76.0,0.0,,27.0,14.4,,1012.2,,3.0
2025-12-02,15,20.9,17.9,83.0,0.0,,34.0,15.1,,1013.3,,3.0
2025-12-02,16,20.2,18.9,92.0,0.0,,34.0,14.0,,1014.5,,3.0
2025-12-02,17,19.8,18.8,94.0,0.0,,33.0,13.3,,1014.5,,3.0
2025-12-02,18,19.4,18.6,95.0,0.0,,42.0,13.0,,1014.1,,2.0
2025-12-02,19,19.2,18.4,95.0,0.0,,40.0,11.9,,1013.4,,3.0
2025-12-02,20,19.3,18.5,95.0,0.0,,37.0,10.8,,1012.9,,3.0
2025-12-02,21,18.9,18.4,97.0,0.0,,28.0,14.8,,1012.3,,3.0
2025-12-02,22,18.9,18.4,97.0,0.0,,24.0,13.7,,1011.8,,3.0
2025-12-02,23,19.0,18.5,97.0,0.0,,24.0,14.4,,1011.8,,3.0
2025-12-03,0,19.3,18.5,95.0,0.0,,25.0,14.8,,1012.2,,3.0
2025-12-03,1,18.7,17.9,95.0,0.0,,27.0,14.4,,1013.3,,3.0
2025-12-03,2,19.0,17.8,93.0,0.0,,30.0,16.6,,1014.4,,3.0
2025-12-03,3,20.3,18.6,90.0,0.0,,40.0,20.5,,1015.5,,3.0
2025-12-03,4,21.0,18.8,87.0,0.0,,48.0,21.2,,1016.0,,3.0
2025-12-03,5,23.1,19.1,78.0,0.2,,55.0,21.2,,1015.6,,7.0
2025-12-03,6,23.6,18.9,75.0,0.1,,61.0,21.2,,1014.7,,7.0
2025-12-03,7,24.9,19.3,71.0,0.2,,64.0,19.8,,1013.2,,17.0
2025-12-03,8,23.8,19.1,75.0,0.7,,66.0,19.1,,1012.5,,8.0
2025-12-03,9,23.1,18.8,77.0,0.7,,65.0,18.0,,1011.4,,8.0
2025-12-03,10,23.7,19.0,75.0,0.2,,64.0,17.3,,1010.7,,7.0
2025-12-03,11,21.7,18.5,82.0,0.4,,64.0,16.2,,1011.7,,17.0
2025-12-03,12,21.3,19.0,87.0,0.3,,59.0,16.6,,1012.5,,8.0
2025-12-03,13,21.0,19.5,91.0,0.0,,65.0,14.0,,1013.7,,3.0
2025-12-03,14,20.6,19.4,93.0,0.2,,78.0,15.8,,1015.0,,7.0
2025-12-03,15,20.1,19.3,95.0,0.3,,83.0,14.4,,1015.4,,8.0
2025-12-03,16,19.8,19.1,96.0,0.0,,66.0,14.8,,1015.7,,3.0
2025-12-03,17,19.9,19.1,95.0,0.0,,72.0,13.7,,1016.0,,3.0
2025-12-03,18,19.6,18.9,96.0,0.0,,76.0,13.3,,1015.6,,3.0
2025-12-03,19,19.8,19.0,95.0,0.0,,73.0,12.6,,1015.0,,3.0
2025-12-03,20,19.7,19.0,96.0,0.0,,81.0,11.5,,1014.4,,3.0
2025-12-03,21,19.6,18.9,96.0,0.1,,83.0,11.2,,1013.8,,7.0
2025-12-03,22,19.3,18.8,97.0,0.0,,73.0,13.3,,1013.5,,3.0
2025-12-03,23,19.4,18.7,96.0,0.0,,80.0,13.7,,1013.7,,3.0
2025-12-04,0,19.1,18.6,97.0,0.0,,85.0,12.6,,1014.2,,3.0
2025-12-04,1,19.2,18.5,96.0,0.0,,86.0,12.2,,1015.0,,3.0
2025-12-04,2,19.4,18.7,96.0,0.0,,81.0,16.6,,1015.8,,3.0
2025-12-04,3,20.5,18.6,89.0,0.0,,83.0,16.2,,1016.8,,3.0
2025-12-04,4,22.4,18.4,78.0,0.0,,89.0,15.8,,1017.1,,3.0
2025-12-04,5,23.8,18.4,72.0,0.0,,88.0,14.8,,1016.8,,3.0
2025-12-04,6,24.9,19.1,70.0,0.0,,86.0,13.7,,1016.1,,3.0
2025-12-04,7,24.0,18.4,71.0,0.0,,96.0,12.6,,1014.9,,3.0
2025-12-04,8,25.3,18.7,67.0,0.0,,90.0,15.5,,1013.3,,3.0
2025-12-04,9,24.8,18.3,67.0,0.1,,84.0,13.7,,1012.5,,17.0
2025-12-04,10,24.4,18.3,69.0,0.3,,73.0,15.5,,1012.5,,17.0
2025-12-04,11,21.3,18.3,83.0,3.0,,103.0,18.7,,1014.3,,18.0
2025-12-04,12,20.3,18.8,91.0,0.6,,77.0,11.5,,1014.9,,8.0
2025-12-04,13,20.0,18.8,93.0,0.0,,76.0,14.0,,1015.8,,3.0
2025-12-04,14,19.8,19.0,95.0,0.0,,84.0,13.3,,1016.6,,3.0
2025-12-04,15,19.5,18.8,96.0,0.0,,88.0,14.0,,1017.3,,3.0
2025-12-04,16,19.6,18.8,95.0,0.0,,87.0,15.5,,1017.6,,3.0
2025-12-04,17,19.7,19.0,96.0,0.0,,84.0,14.8,,1017.8,,3.0
2025-12-04,18,19.4,18.7,96.0,0.0,,82.0,14.8,,1017.8,,3.0
2025-12-04,19,19.4,18.6,95.0,0.0,,82.0,14.0,,1017.3,,3.0
2025-12-04,20,19.3,18.5,95.0,0.0,,81.0,12.6,,1016.6,,3.0
2025-12-04,21,19.2,18.4,95.0,0.0,,81.0,12.2,,1015.9,,3.0
2025-12-04,22,19.0,18.5,97.0,0.0,,68.0,14.4,,1015.5,,3.0
2025-12-04,23,19.3,18.5,95.0,0.0,,75.0,13.3,,1015.6,,3.0
2025-12-05,0,19.3,18.5,95.0,0.0,,77.0,13.7,,1016.0,,3.0
2025-12-05,1,19.1,18.4,96.0,0.0,,80.0,13.0,,1016.7,,3.0
2025-12-05,2,19.5,18.3,93.0,0.0,,87.0,16.9,,1017.4,,3.0
2025-12-05,3,20.7,18.3,86.0,0.0,,78.0,21.6,,1017.6,,3.0
2025-12-05,4,21.8,18.0,79.0,0.1,,79.0,20.9,,1018.0,,7.0
2025-12-05,5,22.4,18.2,77.0,0.1,,77.0,19.1,,1017.8,,7.0
2025-12-05,6,23.0,17.9,73.0,0.3,,73.0,19.1,,1017.2,,8.0
2025-12-05,7,24.2,18.8,72.0,0.4,,71.0,19.1,,1015.8,,17.0
2025-12-05,8,24.9,17.9,65.0,0.0,,61.0,19.4,,1014.3,,3.0
2025-12-05,9,25.4,17.6,62.0,0.2,,65.0,19.4,,1013.3,,17.0
2025-12-05,10,25.2,17.1,61.0,0.0,,70.0,19.1,,1012.9,,3.0
2025-12-05,11,24.8,17.0,62.0,0.0,,71.0,19.4,,1013.2,,3.0
2025-12-05,12,23.1,17.1,69.0,0.0,,77.0,17.3,,1014.3,,3.0
2025-12-05,13,21.2,18.0,82.0,0.0,,67.0,14.0,,1015.4,,3.0
2025-12-05,14,20.8,18.0,84.0,0.0,,70.0,14.4,,1016.5,,3.0
2025-12-05,15,20.2,18.3,89.0,0.0,,67.0,14.8,,1017.6,,3.0
2025-12-05,16,20.1,18.6,91.0,0.0,,66.0,14.0,,1017.9,,3.0
2025-12-05,17,19.8,18.5,92.0,0.0,,58.0,14.8,,1017.8,,3.0
2025-12-05,18,19.6,18.3,92.0,0.0,,54.0,15.8,,1017.8,,3.0
2025-12-05,19,19.2,17.7,91.0,0.0,,56.0,15.1,,1017.8,,3.0
2025-12-05,20,18.5,17.2,92.0,0.0,,60.0,14.8,,1017.5,,3.0
2025-12-05,21,17.4,16.8,96.0,0.0,,59.0,12.6,,1017.0,,2.0
2025-12-05,22,16.9,16.1,95.0,0.0,,58.0,12.6,,1016.3,,3.0
2025-12-05,23,17.2,16.2,94.0,0.0,,62.0,13.0,,1016.5,,3.0
2025-12-06,0,16.8,15.8,94.0,0.0,,66.0,11.9,,1016.8,,2.0
2025-12-06,1,16.5,15.5,94.0,0.0,,63.0,12.2,,1017.2,,2.0
2025-12-06,2,17.5,15.1,86.0,0.0,,62.0,16.9,,1017.7,,3.0
2025-12-06,3,19.0,15.3,79.0,0.0,,63.0,15.1,,1018.5,,3.0
2025-12-06,4,20.8,15.3,71.0,0.0,,66.0,16.2,,1018.8,,3.0
2025-12-06,5,22.5,14.6,61.0,0.0,,69.0,16.6,,1018.3,,3.0
2025-12-06,6,23.8,14.2,55.0,0.0,,74.0,16.6,,1017.3,,3.0
2025-12-06,7,24.8,13.4,49.0,0.0,,78.0,16.6,,1015.9,,3.0
2025-12-06,8,25.2,13.4,48.0,0.0,,84.0,16.2,,1015.0,,3.0
2025-12-06,9,26.3,14.1,47.0,0.0,,93.0,16.9,,1013.4,,3.0
2025-12-06,10,26.2,13.7,46.0,0.0,,88.0,15.8,,1013.3,,3.0
2025-12-06,11,25.3,13.8,49.0,0.0,,88.0,14.4,,1013.8,,3.0
2025-12-06,12,23.4,15.2,60.0,0.0,,95.0,12.2,,1014.4,,3.0
2025-12-06,13,21.9,15.7,68.0,0.0,,91.0,9.7,,1015.2,,1.0
2025-12-06,14,21.3,15.6,70.0,0.0,,73.0,10.8,,1016.8,,2.0
2025-12-06,15,20.3,16.3,78.0,0.0,,64.0,11.9,,1017.9,,3.0
2025-12-06,16,19.5,16.9,85.0,0.0,,62.0,12.6,,1018.3,,3.0
2025-12-06,17,18.7,17.2,91.0,0.0,,63.0,13.0,,1018.5,,1.0
2025-12-06,18,18.1,17.3,95.0,0.0,,68.0,12.2,,1018.2,,1.0
2025-12-06,19,17.8,17.3,97.0,0.0,,73.0,12.2,,1017.5,,1.0
2025-12-06,20,17.5,17.2,98.0,0.0,,77.0,13.0,,1016.9,,3.0
2025-12-06,21,17.2,17.2,100.0,0.0,,77.0,13.7,,1016.7,,3.0
2025-12-06,22,17.1,16.9,99.0,0.0,,77.0,13.3,,1016.5,,5.0
2025-12-06,23,16.9,16.7,99.0,0.0,,79.0,13.0,,1016.7,,5.0
2025-12-07,0,17.0,16.7,98.0,0.0,,80.0,13.3,,1017.1,,5.0
2025-12-07,1,17.1,16.3,95.0,0.0,,84.0,11.2,,1017.6,,3.0
2025-12-07,2,17.1,16.1,94.0,0.0,,81.0,11.2,,1018.3,,3.0
2025-12-07,3,18.8,16.2,85.0,0.0,,80.0,9.7,,1019.1,,3.0
2025-12-07,4,20.8,16.2,75.0,0.0,,78.0,10.1,,1019.2,,3.0
2025-12-07,5,22.7,15.3,63.0,0.0,,70.0,11.9,,1018.4,,3.0
2025-12-07,6,24.1,14.8,56.0,0.0,,73.0,12.2,,1017.6,,3.0
2025-12-07,7,24.9,15.0,54.0,0.0,,75.0,12.2,,1016.3,,3.0
2025-12-07,8,25.5,14.9,52.0,0.0,,78.0,12.6,,1014.9,,3.0
2025-12-07,9,25.7,14.8,51.0,0.0,,80.0,12.2,,1013.9,,3.0
2025-12-07,10,25.5,14.6,51.0,0.0,,72.0,13.0,,1014.0,,3.0
2025-12-07,11,24.8,14.3,52.0,0.0,,72.0,12.2,,1014.1,,3.0
2025-12-07,12,23.6,14.6,57.0,0.0,,73.0,9.7,,1014.5,,3.0
2025-12-07,13,22.0,14.9,64.0,0.0,,68.0,9.7,,1015.3,,1.0
2025-12-07,14,21.0,14.9,68.0,0.0,,68.0,10.8,,1016.4,,3.0
2025-12-07,15,20.0,14.6,71.0,0.0,,71.0,11.5,,1017.4,,2.0
2025-12-07,16,19.1,15.4,79.0,0.0,,68.0,11.9,,1017.8,,2.0
2025-12-07,17,18.4,15.8,85.0,0.0,,68.0,12.2,,1017.9,,3.0
2025-12-07,18,17.7,16.0,90.0,0.0,,71.0,11.9,,1017.9,,2.0
2025-12-07,19,17.0,16.2,95.0,0.0,,75.0,11.9,,1017.7,,3.0
2025-12-07,20,16.8,16.5,98.0,0.0,,65.0,10.1,,1016.7,,3.0
2025-12-07,21,16.5,16.3,99.0,0.0,,63.0,9.7,,1016.1,,3.0
2025-12-07,22,16.4,16.4,100.0,0.0,,60.0,8.6,,1015.5,,3.0
2025-12-07,23,16.1,16.1,100.0,0.0,,54.0,9.7,,1015.6,,5.0
2025-12-08,0,15.8,15.8,100.0,0.0,,58.0,10.1,,1015.9,,5.0
2025-12-08,1,15.4,15.2,99.0,0.0,,58.0,9.7,,1017.0,,5.0
2025-12-08,2,15.5,15.0,97.0,0.0,,62.0,7.9,,1018.1,,5.0
2025-12-08,3,17.2,15.0,87.0,0.0,,69.0,5.8,,1018.7,,3.0
2025-12-08,4,20.5,14.4,68.0,0.0,,70.0,7.6,,1018.6,,1.0
2025-12-08,5,23.3,11.7,48.0,0.0,,53.0,11.5,,1017.9,,1.0
2025-12-08,6,25.0,9.3,37.0,0.0,,54.0,13.0,,1016.7,,3.0
2025-12-08,7,26.0,8.5,33.0,0.0,,51.0,13.0,,1015.4,,3.0
2025-12-08,8,26.4,8.4,32.0,0.0,,48.0,13.7,,1013.9,,3.0
2025-12-08,9,26.4,8.4,32.0,0.0,,45.0,14.8,,1012.8,,2.0
2025-12-08,10,26.2,8.2,32.0,0.0,,45.0,15.1,,1013.1,,1.0
2025-12-08,11,25.1,9.4,37.0,0.0,,46.0,14.8,,1013.6,,1.0
2025-12-08,12,23.1,11.2,47.0,0.0,,43.0,12.2,,1014.4,,1.0
2025-12-08,13,21.4,12.0,55.0,0.0,,44.0,13.0,,1015.5,,1.0
2025-12-08,14,20.3,13.5,65.0,0.0,,50.0,12.6,,1016.4,,1.0
2025-12-08,15,19.3,14.1,72.0,0.0,,58.0,12.6,,1017.7,,1.0
2025-12-08,16,18.4,14.1,76.0,0.0,,63.0,11.9,,1018.2,,1.0
2025-12-08,17,17.5,14.0,80.0,0.0,,62.0,12.2,,1018.0,,1.0
2025-12-08,18,16.8,14.1,84.0,0.0,,57.0,11.9,,1017.5,,1.0
2025-12-08,19,16.1,14.1,88.0,0.0,,57.0,11.9,,1016.8,,1.0
2025-12-08,20,15.6,14.5,93.0,0.0,,58.0,11.2,,1016.0,,1.0
2025-12-08,21,15.4,14.6,95.0,0.0,,55.0,11.5,,1015.1,,1.0
2025-12-08,22,15.2,14.4,95.0,0.0,,55.0,11.2,,1014.7,,1.0
2025-12-08,23,15.1,14.1,94.0,0.0,,55.0,11.5,,1014.7,,1.0
2025-12-09,0,14.9,13.9,94.0,0.0,,57.0,11.5,,1015.2,,1.0
2025-12-09,1,14.8,14.0,95.0,0.0,,68.0,12.2,,1015.8,,1.0
2025-12-09,2,15.8,14.3,91.0,0.0,,74.0,13.3,,1016.7,,3.0
2025-12-09,3,18.1,15.2,83.0,0.0,,72.0,12.2,,1017.1,,1.0
2025-12-09,4,20.7,15.7,73.0,0.0,,74.0,14.4,,1017.1,,1.0
2025-12-09,5,22.8,15.6,64.0,0.0,,83.0,16.2,,1016.3,,1.0
2025-12-09,6,24.7,15.1,55.0,0.0,,98.0,19.4,,1015.6,,1.0
2025-12-09,7,25.8,14.3,49.0,0.0,,100.0,18.4,,1014.2,,3.0
2025-12-09,8,26.5,13.6,45.0,0.0,,104.0,18.0,,1012.9,,3.0
2025-12-09,9,25.7,14.8,51.0,0.0,,100.0,18.4,,1012.3,,3.0
2025-12-09,10,25.2,14.6,52.0,0.0,,92.0,18.0,,1012.3,,3.0
2025-12-09,11,25.8,12.6,44.0,0.0,,89.0,16.9,,1012.4,,2.0
2025-12-09,12,23.7,14.4,56.0,0.0,,92.0,16.9,,1013.6,,3.0
2025-12-09,13,22.0,14.6,63.0,0.0,,85.0,15.5,,1014.7,,2.0
2025-12-09,14,20.9,14.8,68.0,0.0,,93.0,12.6,,1015.9,,1.0
2025-12-09,15,20.0,15.4,75.0,0.0,,95.0,13.3,,1016.7,,1.0
2025-12-09,16,19.3,15.6,79.0,0.0,,80.0,13.0,,1017.8,,1.0
2025-12-09,17,18.4,15.5,83.0,0.0,,70.0,13.0,,1017.8,,1.0
2025-12-09,18,17.8,15.4,86.0,0.0,,67.0,12.6,,1017.6,,1.0
2025-12-09,19,17.3,15.3,88.0,0.0,,65.0,12.6,,1017.3,,1.0
2025-12-09,20,16.9,15.1,89.0,0.0,,61.0,11.9,,1016.7,,1.0
2025-12-09,21,16.6,15.3,92.0,0.0,,58.0,11.2,,1016.1,,1.0
2025-12-09,22,16.4,14.4,88.0,0.0,,55.0,10.8,,1015.7,,1.0
2025-12-09,23,16.2,12.0,76.0,0.0,,56.0,11.9,,1015.5,,1.0
2025-12-10,0,16.0,9.4,65.0,0.0,,54.0,13.0,,1015.7,,1.0
2025-12-10,1,15.8,8.3,61.0,0.0,,54.0,13.7,,1016.4,,3.0
2025-12-10,2,17.0,8.2,56.0,0.0,,55.0,14.8,,1017.3,,1.0
2025-12-10,3,19.4,8.1,48.0,0.0,,62.0,14.0,,1018.0,,1.0
2025-12-10,4,22.1,6.7,37.0,0.0,,66.0,16.6,,1018.1,,1.0
2025-12-10,5,24.0,5.8,31.0,0.0,,71.0,18.4,,1017.5,,1.0
2025-12-10,6,25.3,6.0,29.0,0.0,,70.0,18.4,,1016.4,,2.0
2025-12-10,7,26.2,6.8,29.0,0.0,,72.0,17.3,,1014.9,,1.0
2025-12-10,8,26.6,6.6,28.0,0.0,,73.0,17.6,,1013.5,,3.0
2025-12-10,9,26.7,6.7,28.0,0.0,,73.0,16.9,,1012.6,,2.0
2025-12-10,10,26.3,6.3,28.0,0.0,,74.0,16.6,,1012.4,,2.0
2025-12-10,11,25.4,7.5,32.0,0.0,,72.0,15.8,,1012.6,,1.0
2025-12-10,12,23.8,8.2,37.0,0.0,,60.0,13.0,,1013.8,,2.0
2025-12-10,13,21.8,10.3,48.0,0.0,,58.0,13.0,,1014.8,,3.0
2025-12-10,14,20.5,12.7,61.0,0.0,,55.0,13.7,,1016.0,,3.0
2025-12-10,15,19.5,14.1,71.0,0.0,,53.0,12.6,,1016.6,,3.0
2025-12-10,16,18.5,13.6,73.0,0.0,,48.0,12.6,,1017.5,,3.0
2025-12-10,17,17.7,13.8,78.0,0.0,,51.0,13.0,,1017.8,,3.0
2025-12-10,18,16.9,13.6,81.0,0.0,,50.0,13.3,,1017.7,,3.0
2025-12-10,19,16.2,13.9,86.0,0.0,,54.0,13.0,,1017.1,,3.0
2025-12-10,20,15.5,14.0,91.0,0.0,,54.0,13.0,,1016.4,,3.0
2025-12-10,21,15.3,14.3,94.0,0.0,,57.0,12.2,,1016.0,,2.0
2025-12-10,22,14.9,13.6,92.0,0.0,,57.0,12.2,,1015.7,,1.0
2025-12-10,23,14.6,12.6,88.0,0.0,,56.0,12.6,,1015.8,,1.0
2025-12-11,0,14.3,11.6,84.0,0.0,,55.0,12.2,,1016.3,,1.0
2025-12-11,1,14.1,11.4,84.0,0.0,,58.0,11.9,,1016.9,,1.0
2025-12-11,2,15.2,12.0,81.0,0.0,,60.0,14.0,,1017.7,,1.0
2025-12-11,3,17.7,12.4,71.0,0.0,,60.0,13.0,,1018.1,,1.0
2025-12-11,4,20.3,11.0,55.0,0.0,,64.0,16.9,,1017.9,,1.0
2025-12-11,5,22.5,9.3,43.0,0.0,,62.0,18.0,,1017.4,,1.0
2025-12-11,6,24.1,9.7,40.0,0.0,,62.0,18.4,,1016.3,,1.0
2025-12-11,7,25.5,8.5,34.0,0.0,,68.0,18.0,,1015.2,,1.0
2025-12-11,8,26.1,8.1,32.0,0.0,,73.0,18.0,,1013.7,,1.0
2025-12-11,9,26.1,9.0,34.0,0.0,,73.0,18.0,,1012.9,,1.0
2025-12-11,10,25.7,9.1,35.0,0.0,,75.0,17.6,,1012.6,,2.0
2025-12-11,11,24.8,9.9,39.0,0.0,,72.0,16.9,,1012.7,,1.0
2025-12-11,12,23.3,11.0,46.0,0.0,,70.0,13.0,,1013.1,,1.0
2025-12-11,13,21.6,11.9,54.0,0.0,,69.0,11.2,,1013.8,,1.0
2025-12-11,14,20.5,12.5,60.0,0.0,,67.0,11.2,,1015.0,,1.0
2025-12-11,15,19.3,13.0,67.0,0.0,,76.0,10.8,,1015.8,,1.0
2025-12-11,16,18.2,13.3,73.0,0.0,,88.0,9.7,,1016.2,,1.0
2025-12-11,17,17.6,13.5,77.0,0.0,,77.0,9.0,,1016.5,,1.0
2025-12-11,18,16.6,13.5,82.0,0.0,,69.0,8.3,,1016.3,,1.0
2025-12-11,19,15.9,13.7,87.0,0.0,,64.0,9.0,,1016.1,,1.0
2025-12-11,20,15.2,13.9,92.0,0.0,,62.0,9.4,,1015.4,,1.0
2025-12-11,21,14.7,14.1,96.0,0.0,,66.0,9.0,,1014.8,,1.0
2025-12-11,22,14.4,13.8,96.0,0.0,,64.0,9.4,,1014.6,,1.0
2025-12-11,23,14.0,13.4,96.0,0.0,,59.0,10.1,,1014.7,,1.0
2025-12-12,0,13.7,12.8,94.0,0.0,,56.0,10.1,,1015.1,,1.0
2025-12-12,1,13.3,12.2,93.0,0.0,,62.0,9.4,,1015.9,,1.0
2025-12-12,2,14.4,12.3,87.0,0.0,,65.0,11.2,,1016.9,,1.0
2025-12-12,3,17.0,12.7,76.0,0.0,,61.0,9.0,,1017.8,,1.0
2025-12-12,4,19.6,12.1,62.0,0.0,,65.0,13.0,,1017.6,,3.0
2025-12-12,5,21.9,11.3,51.0,0.0,,70.0,12.6,,1016.9,,3.0
2025-12-12,6,23.9,9.5,40.0,0.0,,69.0,12.2,,1015.9,,3.0
2025-12-12,7,25.3,8.3,34.0,0.0,,72.0,11.9,,1014.5,,3.0
2025-12-12,8,26.5,7.5,30.0,0.0,,73.0,12.6,,1012.9,,3.0
2025-12-12,9,26.8,7.3,29.0,0.0,,78.0,12.6,,1012.2,,3.0
2025-12-12,10,26.6,7.6,30.0,0.0,,83.0,12.2,,1011.8,,3.0
2025-12-12,11,25.8,7.9,32.0,0.0,,88.0,11.5,,1012.0,,3.0
2025-12-12,12,24.3,8.7,37.0,0.0,,92.0,9.0,,1012.6,,3.0
2025-12-12,13,22.5,9.6,44.0,0.0,,94.0,9.7,,1013.5,,1.0
2025-12-12,14,21.1,10.9,52.0,0.0,,80.0,10.1,,1014.7,,1.0
2025-12-12,15,19.7,12.0,61.0,0.0,,88.0,11.5,,1015.5,,1.0
2025-12-12,16,18.4,12.6,69.0,0.0,,97.0,12.6,,1016.2,,1.0
2025-12-12,17,17.0,12.1,73.0,0.0,,95.0,11.2,,1017.0,,1.0
2025-12-12,18,16.3,13.0,81.0,0.0,,90.0,12.2,,1016.7,,1.0
2025-12-12,19,15.6,13.4,87.0,0.0,,95.0,12.2,,1016.4,,2.0
2025-12-12,20,15.0,13.7,92.0,0.0,,91.0,12.2,,1015.8,,3.0
2025-12-12,21,14.4,13.6,95.0,0.0,,87.0,12.2,,1015.4,,2.0
2025-12-12,22,14.3,13.8,97.0,0.0,,76.0,10.8,,1014.9,,1.0
2025-12-12,23,13.6,13.3,98.0,0.0,,76.0,10.4,,1014.8,,1.0
2025-12-13,0,13.1,12.8,98.0,0.0,,73.0,9.7,,1015.0,,2.0
2025-12-13,1,12.7,12.4,98.0,0.0,,63.0,9.0,,1015.5,,5.0
2025-12-13,2,13.8,12.9,94.0,0.0,,59.0,11.2,,1016.2,,5.0
2025-12-13,3,15.5,13.0,85.0,0.0,,60.0,7.9,,1017.2,,5.0
2025-12-13,4,19.4,9.3,52.0,0.0,,62.0,8.6,,1017.5,,1.0
2025-12-13,5,22.1,5.5,34.0,0.0,,62.0,10.8,,1016.9,,1.0
2025-12-13,6,24.0,3.8,27.0,0.0,,60.0,10.1,,1015.8,,1.0
2025-12-13,7,25.4,2.8,23.0,0.0,,65.0,9.0,,1014.0,,1.0
2025-12-13,8,26.4,2.3,21.0,0.0,,62.0,9.0,,1012.4,,1.0
2025-12-13,9,26.8,2.0,20.0,0.0,,58.0,8.6,,1011.3,,1.0
2025-12-13,10,26.7,1.9,20.0,0.0,,58.0,9.0,,1010.6,,1.0
2025-12-13,11,26.1,2.7,22.0,0.0,,62.0,9.7,,1010.9,,1.0
2025-12-13,12,24.2,5.0,29.0,0.0,,65.0,7.6,,1011.6,,1.0
2025-12-13,13,22.1,5.9,35.0,0.0,,47.0,10.1,,1013.0,,1.0
2025-12-13,14,20.6,7.6,43.0,0.0,,57.0,11.9,,1014.5,,1.0
2025-12-13,15,19.4,8.1,48.0,0.0,,64.0,11.5,,1015.5,,1.0
2025-12-13,16,18.0,8.6,54.0,0.0,,93.0,11.5,,1016.4,,1.0
2025-12-13,17,16.9,9.3,61.0,0.0,,99.0,14.4,,1017.4,,1.0
2025-12-13,18,16.1,11.3,73.0,0.0,,92.0,14.4,,1017.3,,2.0
2025-12-13,19,15.3,12.8,85.0,0.0,,93.0,14.0,,1016.9,,2.0
2025-12-13,20,14.6,13.5,93.0,0.0,,91.0,13.3,,1016.5,,1.0
2025-12-13,21,14.2,13.7,97.0,0.0,,86.0,12.2,,1016.1,,1.0
2025-12-13,22,14.2,14.0,99.0,0.0,,78.0,13.0,,1015.8,,1.0
2025-12-13,23,14.0,13.8,99.0,0.0,,70.0,12.2,,1016.1,,5.0
2025-12-14,0,13.5,13.3,99.0,0.0,,68.0,11.9,,1016.4,,5.0
2025-12-14,1,13.0,12.7,98.0,0.0,,63.0,11.9,,1017.0,,5.0
2025-12-14,2,13.6,12.0,90.0,0.0,,64.0,12.2,,1017.5,,5.0
2025-12-14,3,16.6,11.3,71.0,0.0,,69.0,9.0,,1018.7,,2.0
2025-12-14,4,19.6,9.8,53.0,0.0,,71.0,11.9,,1018.5,,1.0
2025-12-14,5,22.1,8.6,42.0,0.0,,69.0,13.3,,1017.7,,1.0
2025-12-14,6,24.2,6.5,32.0,0.0,,67.0,14.0,,1016.5,,1.0
2025-12-14,7,25.4,5.6,28.0,0.0,,72.0,13.7,,1014.8,,1.0
2025-12-14,8,26.2,5.2,26.0,0.0,,77.0,12.6,,1012.9,,1.0
2025-12-14,9,26.5,5.4,26.0,0.0,,84.0,11.9,,1012.1,,1.0
2025-12-14,10,26.3,5.8,27.0,0.0,,87.0,11.5,,1011.8,,1.0
2025-12-14,11,25.5,7.1,31.0,0.0,,88.0,11.2,,1011.9,,1.0
2025-12-14,12,24.1,8.5,37.0,0.0,,90.0,9.0,,1012.5,,1.0
2025-12-14,13,22.4,10.2,46.0,0.0,,92.0,9.7,,1013.4,,1.0
2025-12-14,14,21.1,12.0,56.0,0.0,,88.0,11.9,,1014.6,,1.0
2025-12-14,15,19.8,12.8,64.0,0.0,,83.0,11.2,,1015.6,,1.0
2025-12-14,16,18.5,13.1,71.0,0.0,,83.0,11.9,,1016.5,,1.0
2025-12-14,17,17.4,13.3,77.0,0.0,,76.0,11.2,,1017.1,,1.0
2025-12-14,18,16.7,13.2,80.0,0.0,,80.0,11.2,,1016.9,,1.0
2025-12-14,19,16.0,13.3,84.0,0.0,,84.0,11.9,,1016.6,,1.0
2025-12-14,20,15.2,13.4,89.0,0.0,,84.0,11.9,,1016.1,,1.0
2025-12-14,21,14.7,13.4,92.0,0.0,,80.0,11.2,,1015.5,,1.0
2025-12-14,22,14.4,13.8,96.0,0.0,,82.0,11.9,,1015.5,,1.0
2025-12-14,23,14.1,13.8,98.0,0.0,,72.0,10.4,,1015.7,,1.0
2025-12-15,0,13.8,13.6,99.0,0.0,,71.0,10.4,,1016.2,,2.0
2025-12-15,1,13.5,13.5,100.0,0.0,,73.0,10.4,,1017.2,,5.0
2025-12-15,2,13.4,12.9,97.0,0.0,,72.0,11.5,,1017.6,,5.0
2025-12-15,3,16.0,12.7,81.0,0.0,,74.0,10.1,,1018.6,,5.0
2025-12-15,4,18.4,11.7,65.0,0.0,,74.0,13.3,,1018.2,,2.0
2025-12-15,5,21.1,9.0,46.0,0.0,,70.0,14.4,,1017.3,,1.0
2025-12-15,6,23.3,6.1,33.0,0.0,,72.0,15.1,,1016.3,,1.0
2025-12-15,7,25.2,4.9,27.0,0.0,,74.0,13.0,,1014.6,,1.0
2025-12-15,8,26.1,4.5,25.0,0.0,,84.0,12.6,,1013.2,,1.0
2025-12-15,9,26.4,4.8,25.0,0.0,,92.0,12.6,,1012.4,,1.0
2025-12-15,10,26.0,6.1,28.0,0.0,,92.0,13.3,,1012.0,,1.0
2025-12-15,11,25.1,7.2,32.0,0.0,,90.0,13.7,,1012.2,,1.0
2025-12-15,12,23.7,8.1,37.0,0.0,,84.0,10.4,,1012.8,,1.0
2025-12-15,13,22.0,9.5,45.0,0.0,,76.0,11.9,,1013.8,,1.0
2025-12-15,14,20.7,10.5,52.0,0.0,,80.0,13.0,,1015.1,,1.0
2025-12-15,15,19.4,11.4,60.0,0.0,,91.0,13.3,,1016.0,,1.0
2025-12-15,16,18.2,12.4,69.0,0.0,,90.0,14.4,,1016.5,,1.0
2025-12-15,17,17.0,11.7,71.0,0.0,,81.0,13.3,,1016.8,,1.0
2025-12-15,18,16.2,12.6,79.0,0.0,,81.0,12.2,,1016.7,,1.0
2025-12-15,19,15.6,13.1,85.0,0.0,,82.0,12.2,,1016.2,,3.0
2025-12-15,20,15.2,13.6,90.0,0.0,,81.0,11.9,,1015.5,,3.0
2025-12-15,21,15.0,13.9,93.0,0.0,,82.0,12.6,,1014.9,,3.0
2025-12-15,22,15.4,14.6,95.0,0.0,,77.0,12.2,,1014.6,,3.0
2025-12-15,23,15.5,14.5,94.0,0.0,,82.0,11.5,,1014.8,,3.0
2025-12-16,0,15.5,14.2,92.0,0.0,,82.0,10.8,,1014.9,,3.0
2025-12-16,1,15.7,13.7,88.0,0.0,,79.0,10.4,,1015.4,,3.0
2025-12-16,2,16.6,13.5,82.0,0.0,,85.0,13.3,,1016.1,,3.0
2025-12-16,3,19.3,13.0,67.0,0.0,,86.0,13.3,,1016.7,,3.0
2025-12-16,4,21.9,12.7,56.0,0.0,,86.0,17.6,,1016.5,,3.0
2025-12-16,5,23.8,13.9,54.0,0.0,,91.0,20.9,,1016.1,,3.0
2025-12-16,6,25.0,14.5,52.0,0.0,,93.0,22.0,,1015.6,,3.0
2025-12-16,7,25.5,16.6,58.0,0.0,,100.0,23.4,,1014.1,,3.0
2025-12-16,8,24.9,17.1,62.0,0.0,,95.0,22.7,,1013.0,,3.0
2025-12-16,9,25.1,17.1,61.0,0.0,,94.0,21.6,,1012.3,,3.0
2025-12-16,10,25.3,17.0,60.0,0.4,,97.0,22.0,,1012.1,,17.0
2025-12-16,11,24.0,17.5,67.0,0.2,,87.0,22.3,,1012.6,,17.0
2025-12-16,12,23.1,17.3,70.0,0.0,,79.0,19.1,,1013.2,,3.0
2025-12-16,13,21.9,17.7,77.0,0.0,,80.0,15.8,,1014.2,,3.0
2025-12-16,14,21.4,17.8,80.0,0.0,,81.0,15.1,,1015.1,,3.0
2025-12-16,15,21.0,18.0,83.0,0.0,,83.0,14.8,,1015.8,,3.0
2025-12-16,16,20.3,18.1,87.0,0.0,,78.0,14.0,,1015.9,,3.0
2025-12-16,17,20.1,18.0,88.0,0.0,,85.0,14.4,,1016.0,,3.0
2025-12-16,18,19.8,18.1,90.0,0.0,,87.0,14.8,,1015.5,,3.0
2025-12-16,19,19.5,17.8,90.0,0.0,,86.0,15.5,,1015.3,,3.0
2025-12-16,20,19.3,17.8,91.0,0.0,,85.0,15.5,,1015.1,,3.0
2025-12-16,21,18.7,17.7,94.0,0.0,,73.0,15.1,,1015.2,,3.0
2025-12-16,22,18.7,17.5,93.0,0.0,,69.0,16.9,,1015.0,,3.0
2025-12-16,23,18.6,17.1,91.0,0.0,,69.0,16.2,,1015.1,,3.0
2025-12-17,0,18.3,17.3,94.0,0.0,,72.0,15.1,,1015.6,,3.0
2025-12-17,1,18.3,17.1,93.0,0.0,,82.0,13.7,,1016.7,,3.0
2025-12-17,2,18.2,17.0,93.0,0.0,,69.0,16.2,,1017.7,,3.0
2025-12-17,3,19.0,17.1,89.0,0.0,,69.0,18.7,,1018.4,,3.0
2025-12-17,4,20.4,16.8,80.0,0.0,,73.0,19.8,,1018.6,,3.0
2025-12-17,5,22.9,15.7,64.0,0.0,,79.0,18.7,,1018.4,,3.0
2025-12-17,6,24.6,15.5,57.0,0.0,,78.0,16.6,,1017.5,,2.0
2025-12-17,7,26.8,12.1,40.0,0.0,,73.0,17.3,,1015.6,,1.0
2025-12-17,8,27.3,12.1,39.0,0.0,,75.0,16.2,,1014.4,,3.0
2025-12-17,9,27.4,11.8,38.0,0.0,,76.0,15.8,,1013.7,,3.0
2025-12-17,10,27.1,12.0,39.0,0.0,,74.0,16.2,,1013.2,,3.0
2025-12-17,11,26.2,12.3,42.0,0.0,,69.0,16.6,,1013.4,,3.0
2025-12-17,12,24.8,13.4,49.0,0.0,,66.0,13.0,,1014.1,,3.0
2025-12-17,13,23.2,13.7,55.0,0.0,,57.0,11.5,,1014.9,,1.0
2025-12-17,14,22.0,13.9,60.0,0.0,,50.0,13.7,,1016.2,,1.0
2025-12-17,15,20.7,14.1,66.0,0.0,,55.0,13.3,,1016.9,,1.0
2025-12-17,16,19.3,14.1,72.0,0.0,,55.0,10.8,,1018.0,,1.0
2025-12-17,17,18.3,14.0,76.0,0.0,,59.0,9.7,,1018.0,,3.0
2025-12-17,18,17.3,14.0,81.0,0.0,,63.0,9.7,,1017.8,,3.0
2025-12-17,19,16.5,14.1,86.0,0.0,,64.0,9.7,,1017.4,,2.0
2025-12-17,20,15.7,14.1,90.0,0.0,,65.0,9.4,,1016.8,,3.0
2025-12-17,21,15.2,13.7,91.0,0.0,,68.0,10.4,,1016.2,,3.0
2025-12-17,22,14.9,12.6,86.0,0.0,,64.0,10.8,,1015.8,,3.0
2025-12-17,23,14.6,11.2,80.0,0.0,,62.0,11.2,,1016.0,,3.0
2025-12-18,0,14.4,10.4,77.0,0.0,,63.0,11.9,,1016.2,,3.0
2025-12-18,1,14.2,10.2,77.0,0.0,,67.0,12.2,,1017.1,,3.0
2025-12-18,2,15.1,11.1,77.0,0.0,,64.0,14.0,,1017.8,,3.0
2025-12-18,3,17.5,12.0,70.0,0.0,,66.0,12.6,,1018.5,,3.0
2025-12-18,4,20.3,12.0,59.0,0.0,,68.0,14.4,,1018.6,,3.0
2025-12-18,5,22.7,10.2,45.0,0.0,,68.0,15.5,,1018.2,,3.0
2025-12-18,6,24.8,8.7,36.0,0.0,,72.0,16.6,,1017.1,,3.0
2025-12-18,7,26.0,7.6,31.0,0.0,,75.0,16.2,,1015.7,,3.0
2025-12-18,8,26.7,6.2,27.0,0.0,,76.0,16.2,,1014.1,,3.0
2025-12-18,9,26.9,5.2,25.0,0.0,,76.0,15.5,,1013.1,,3.0
2025-12-18,10,26.6,6.1,27.0,0.0,,75.0,15.1,,1012.5,,3.0
2025-12-18,11,25.9,7.9,32.0,0.0,,68.0,14.4,,1013.2,,3.0
2025-12-18,12,24.3,9.5,39.0,0.0,,64.0,11.2,,1013.6,,1.0
2025-12-18,13,22.1,10.9,49.0,0.0,,64.0,11.5,,1014.7,,2.0
2025-12-18,14,20.8,12.5,59.0,0.0,,60.0,11.5,,1016.1,,3.0
2025-12-18,15,19.7,13.2,66.0,0.0,,66.0,10.8,,1016.8,,3.0
2025-12-18,16,18.6,13.0,70.0,0.0,,68.0,9.4,,1017.6,,3.0
2025-12-18,17,17.8,13.1,74.0,0.0,,67.0,7.2,,1017.5,,3.0
2025-12-18,18,17.1,13.2,78.0,0.0,,68.0,7.6,,1017.5,,3.0
2025-12-18,19,16.6,13.3,81.0,0.0,,69.0,7.9,,1016.8,,3.0
2025-12-18,20,15.9,13.4,85.0,0.0,,69.0,7.2,,1015.9,,3.0
2025-12-18,21,15.5,13.9,90.0,0.0,,64.0,8.3,,1015.2,,3.0
2025-12-18,22,15.0,13.9,93.0,0.0,,61.0,8.6,,1014.9,,3.0
2025-12-18,23,14.6,13.6,94.0,0.0,,57.0,8.6,,1014.9,,3.0
2025-12-19,0,14.4,13.4,94.0,0.0,,59.0,8.6,,1015.3,,3.0
2025-12-19,1,14.2,12.9,92.0,0.0,,56.0,10.4,,1015.9,,3.0
2025-12-19,2,14.6,13.0,90.0,0.0,,54.0,12.2,,1017.1,,3.0
2025-12-19,3,17.1,12.4,74.0,0.0,,58.0,10.8,,1017.7,,3.0
2025-12-19,4,20.0,11.0,56.0,0.0,,58.0,15.1,,1017.6,,3.0
2025-12-19,5,22.3,8.8,42.0,0.0,,65.0,15.1,,1017.2,,3.0
2025-12-19,6,24.1,7.3,34.0,0.0,,74.0,14.0,,1016.0,,3.0
2025-12-19,7,25.3,7.0,31.0,0.0,,82.0,12.6,,1014.5,,3.0
2025-12-19,8,26.0,7.1,30.0,0.0,,88.0,12.6,,1012.9,,2.0
2025-12-19,9,26.4,6.4,28.0,0.0,,87.0,11.2,,1011.7,,2.0
2025-12-19,10,26.2,6.3,28.0,0.0,,83.0,10.4,,1010.9,,2.0
2025-12-19,11,25.7,6.8,30.0,0.0,,84.0,11.2,,1011.2,,1.0
2025-12-19,12,24.2,7.8,35.0,0.0,,92.0,8.3,,1011.7,,1.0
2025-12-19,13,22.5,8.9,42.0,0.0,,95.0,7.6,,1012.3,,2.0
2025-12-19,14,21.5,9.4,46.0,0.0,,84.0,8.6,,1013.1,,3.0
2025-12-19,15,20.3,9.8,51.0,0.0,,86.0,7.9,,1013.8,,3.0
2025-12-19,16,18.3,10.4,60.0,0.0,,80.0,8.6,,1014.9,,3.0
2025-12-19,17,17.3,11.1,67.0,0.0,,102.0,7.9,,1015.1,,3.0
2025-12-19,18,16.7,11.6,72.0,0.0,,109.0,8.6,,1014.9,,3.0
2025-12-19,19,16.1,12.1,77.0,0.0,,111.0,9.0,,1014.6,,3.0
2025-12-19,20,15.6,12.2,80.0,0.0,,108.0,9.0,,1013.7,,3.0
2025-12-19,21,15.1,12.0,82.0,0.0,,97.0,8.6,,1013.0,,3.0
2025-12-19,22,14.4,12.1,86.0,0.0,,93.0,8.6,,1012.7,,3.0
2025-12-19,23,14.1,12.7,91.0,0.0,,86.0,9.7,,1012.5,,1.0
2025-12-20,0,13.7,13.1,96.0,0.0,,80.0,9.0,,1012.7,,1.0
2025-12-20,1,13.5,13.3,99.0,0.0,,82.0,8.6,,1013.7,,2.0
2025-12-20,2,14.0,13.8,99.0,0.0,,79.0,10.4,,1014.9,,5.0
2025-12-20,3,14.5,14.0,97.0,0.0,,74.0,9.4,,1015.9,,5.0
2025-12-20,4,17.2,13.7,80.0,0.0,,75.0,7.6,,1016.5,,5.0
2025-12-20,5,20.3,12.3,60.0,0.0,,67.0,9.7,,1015.8,,2.0
2025-12-20,6,22.3,10.8,48.0,0.0,,60.0,10.4,,1014.7,,2.0
2025-12-20,7,23.7,10.0,42.0,0.0,,64.0,10.1,,1013.2,,2.0
2025-12-20,8,24.6,9.7,39.0,0.0,,68.0,10.1,,1011.7,,3.0
2025-12-20,9,25.2,10.3,39.0,0.0,,82.0,9.4,,1010.8,,3.0
2025-12-20,10,25.2,10.6,40.0,0.0,,96.0,10.1,,1010.7,,3.0
2025-12-20,11,24.5,10.4,41.0,0.0,,101.0,10.4,,1011.0,,1.0
2025-12-20,12,23.3,10.7,45.0,0.0,,101.0,8.6,,1011.5,,1.0
2025-12-20,13,21.8,10.6,49.0,0.0,,95.0,8.3,,1012.4,,1.0
2025-12-20,14,20.8,10.6,52.0,0.0,,68.0,7.6,,1013.3,,2.0
2025-12-20,15,19.6,11.1,58.0,0.0,,99.0,9.0,,1014.4,,3.0
2025-12-20,16,18.6,12.1,66.0,0.0,,105.0,10.4,,1015.0,,3.0
2025-12-20,17,17.6,12.1,70.0,0.0,,118.0,10.8,,1015.2,,2.0
2025-12-20,18,16.9,11.8,72.0,0.0,,109.0,10.1,,1015.1,,2.0
2025-12-20,19,16.3,11.7,74.0,0.0,,97.0,11.5,,1014.8,,1.0
2025-12-20,20,15.6,12.2,80.0,0.0,,87.0,13.7,,1014.4,,1.0
2025-12-20,21,14.8,12.8,88.0,0.0,,85.0,14.0,,1013.9,,1.0
2025-12-20,22,14.3,13.3,94.0,0.0,,88.0,13.7,,1013.6,,1.0
2025-12-20,23,14.1,13.6,97.0,0.0,,95.0,13.3,,1013.7,,1.0
2025-12-21,0,13.8,13.5,98.0,0.0,,100.0,11.9,,1014.0,,3.0
2025-12-21,1,13.7,13.7,100.0,0.0,,100.0,10.4,,1015.0,,3.0
2025-12-21,2,14.1,13.8,98.0,0.0,,99.0,12.6,,1016.1,,5.0
2025-12-21,3,14.7,13.7,94.0,0.0,,99.0,10.8,,1017.1,,5.0
2025-12-21,4,18.0,13.3,74.0,0.0,,99.0,9.7,,1017.2,,3.0
2025-12-21,5,20.6,11.5,56.0,0.0,,85.0,10.4,,1016.3,,1.0
2025-12-21,6,22.6,10.1,45.0,0.0,,83.0,10.8,,1015.5,,1.0
2025-12-21,7,23.9,9.8,41.0,0.0,,90.0,11.5,,1014.1,,1.0
2025-12-21,8,24.9,9.2,37.0,0.0,,96.0,11.5,,1012.8,,2.0
2025-12-21,9,25.3,8.7,35.0,0.0,,98.0,11.5,,1011.4,,3.0
2025-12-21,10,25.3,8.7,35.0,0.0,,98.0,11.5,,1010.9,,3.0
2025-12-21,11,24.7,9.4,38.0,0.0,,90.0,11.2,,1010.9,,1.0
2025-12-21,12,23.6,10.6,44.0,0.0,,83.0,8.6,,1011.5,,1.0
2025-12-21,13,21.9,10.7,49.0,0.0,,68.0,9.7,,1012.4,,1.0
2025-12-21,14,20.7,10.2,51.0,0.0,,69.0,10.4,,1013.6,,1.0
2025-12-21,15,19.4,10.9,58.0,0.0,,84.0,10.4,,1014.7,,1.0
2025-12-21,16,18.3,11.8,66.0,0.0,,89.0,10.8,,1015.3,,1.0
2025-12-21,17,17.4,12.3,72.0,0.0,,86.0,10.4,,1015.6,,1.0
2025-12-21,18,16.3,12.5,78.0,0.0,,80.0,11.2,,1015.9,,1.0
2025-12-21,19,15.5,12.8,84.0,0.0,,85.0,13.0,,1015.8,,1.0
2025-12-21,20,15.0,13.2,89.0,0.0,,83.0,13.3,,1015.2,,1.0
2025-12-21,21,14.5,13.0,91.0,0.0,,73.0,13.0,,1014.8,,1.0
2025-12-21,22,14.0,12.9,93.0,0.0,,69.0,13.0,,1014.7,,2.0
2025-12-21,23,13.7,12.8,94.0,0.0,,68.0,12.6,,1014.8,,2.0
2025-12-22,0,13.4,12.6,95.0,0.0,,64.0,11.2,,1015.0,,3.0
2025-12-22,1,12.9,12.3,96.0,0.0,,62.0,10.1,,1015.6,,3.0
2025-12-22,2,13.5,12.7,95.0,0.0,,69.0,11.2,,1016.4,,1.0
2025-12-22,3,15.9,12.8,82.0,0.0,,79.0,10.1,,1017.2,,2.0
2025-12-22,4,18.5,11.1,62.0,0.0,,82.0,16.2,,1017.0,,1.0
2025-12-22,5,20.5,10.9,54.0,0.0,,85.0,16.2,,1016.4,,1.0
2025-12-22,6,22.0,11.4,51.0,0.0,,83.0,14.8,,1015.6,,2.0
2025-12-22,7,23.2,11.6,48.0,0.0,,80.0,14.0,,1014.0,,3.0
2025-12-22,8,24.2,11.5,45.0,0.0,,80.0,13.7,,1012.5,,3.0
2025-12-22,9,24.7,11.6,44.0,0.0,,83.0,13.3,,1011.5,,3.0
2025-12-22,10,24.7,11.6,44.0,0.0,,83.0,13.0,,1011.0,,3.0
2025-12-22,11,24.1,11.8,46.0,0.0,,83.0,12.6,,1011.2,,3.0
2025-12-22,12,23.0,12.0,50.0,0.0,,84.0,10.1,,1011.8,,3.0
2025-12-22,13,21.7,12.3,55.0,0.0,,82.0,9.4,,1012.4,,3.0
2025-12-22,14,20.8,12.5,59.0,0.0,,79.0,10.1,,1013.4,,3.0
2025-12-22,15,19.7,12.5,63.0,0.0,,68.0,9.4,,1014.3,,1.0
2025-12-22,16,18.7,12.9,69.0,0.0,,92.0,8.6,,1015.6,,2.0
2025-12-22,17,17.9,13.8,77.0,0.0,,95.0,9.7,,1015.7,,3.0
2025-12-22,18,16.9,14.7,87.0,0.0,,94.0,9.7,,1015.7,,3.0
2025-12-22,19,16.2,15.2,94.0,0.0,,95.0,10.4,,1015.5,,2.0
2025-12-22,20,15.9,15.4,97.0,0.0,,88.0,10.4,,1014.8,,1.0
2025-12-22,21,15.5,15.2,98.0,0.0,,86.0,10.1,,1014.3,,3.0
2025-12-22,22,15.1,14.8,98.0,0.0,,83.0,9.7,,1014.0,,3.0
2025-12-22,23,14.6,14.3,98.0,0.0,,76.0,9.7,,1013.8,,3.0
2025-12-23,0,14.1,13.6,97.0,0.0,,72.0,8.6,,1014.0,,3.0
2025-12-23,1,14.4,14.4,100.0,0.0,,66.0,7.6,,1014.7,,3.0
2025-12-23,2,14.6,14.3,98.0,0.0,,70.0,7.9,,1015.7,,5.0
2025-12-23,3,15.5,14.0,91.0,0.0,,73.0,7.9,,1016.7,,5.0
2025-12-23,4,18.5,13.4,72.0,0.0,,80.0,8.6,,1016.8,,3.0
2025-12-23,5,21.0,12.2,57.0,0.0,,71.0,15.1,,1016.2,,2.0
2025-12-23,6,22.6,11.7,50.0,0.0,,67.0,13.3,,1015.4,,3.0
2025-12-23,7,24.0,11.0,44.0,0.0,,68.0,12.6,,1013.9,,3.0
2025-12-23,8,24.9,10.4,40.0,0.0,,71.0,12.2,,1012.4,,3.0
2025-12-23,9,25.2,9.9,38.0,0.0,,77.0,11.9,,1011.4,,3.0
2025-12-23,10,25.1,9.8,38.0,0.0,,85.0,11.9,,1011.0,,3.0
2025-12-23,11,24.7,9.4,38.0,0.0,,92.0,10.8,,1011.6,,3.0
2025-12-23,12,23.6,9.6,41.0,0.0,,89.0,8.6,,1011.9,,3.0
2025-12-23,13,22.3,10.1,46.0,0.0,,71.0,9.4,,1012.4,,3.0
2025-12-23,14,21.6,10.1,48.0,0.0,,66.0,8.6,,1013.0,,3.0
2025-12-23,15,20.3,11.5,57.0,0.0,,59.0,8.6,,1014.0,,2.0
2025-12-23,16,19.1,11.6,62.0,0.0,,61.0,10.1,,1014.8,,2.0
2025-12-23,17,18.1,11.9,67.0,0.0,,72.0,9.7,,1015.1,,2.0
2025-12-23,18,17.6,11.8,69.0,0.0,,71.0,9.0,,1014.5,,2.0
2025-12-23,19,16.8,11.9,73.0,0.0,,81.0,9.0,,1014.3,,3.0
2025-12-23,20,16.1,12.3,78.0,0.0,,84.0,9.0,,1013.9,,2.0
2025-12-23,21,15.4,12.5,83.0,0.0,,80.0,9.7,,1013.4,,1.0
2025-12-23,22,14.7,12.9,89.0,0.0,,95.0,10.8,,1013.7,,1.0
2025-12-23,23,14.2,13.4,95.0,0.0,,94.0,10.8,,1014.0,,1.0
2025-12-24,0,14.1,13.9,99.0,0.0,,94.0,11.5,,1014.5,,3.0
2025-12-24,1,14.1,13.9,99.0,0.0,,94.0,11.2,,1015.2,,3.0
2025-12-24,2,14.1,13.8,98.0,0.0,,96.0,11.5,,1016.3,,5.0
2025-12-24,3,15.5,13.7,89.0,0.0,,91.0,10.1,,1017.1,,5.0
2025-12-24,4,19.0,13.0,68.0,0.0,,82.0,9.0,,1017.2,,2.0
2025-12-24,5,21.4,9.0,45.0,0.0,,85.0,12.2,,1016.4,,1.0
2025-12-24,6,22.6,9.7,44.0,0.0,,87.0,10.1,,1015.4,,1.0
2025-12-24,7,23.9,9.8,41.0,0.0,,92.0,10.1,,1013.9,,3.0
2025-12-24,8,24.8,9.9,39.0,0.0,,92.0,10.1,,1012.3,,3.0
2025-12-24,9,25.3,10.0,38.0,0.0,,89.0,10.1,,1011.0,,3.0
2025-12-24,10,25.5,8.9,35.0,0.0,,87.0,9.7,,1011.0,,3.0
2025-12-24,11,24.9,9.2,37.0,0.0,,79.0,9.7,,1010.9,,3.0
2025-12-24,12,23.9,9.1,39.0,0.0,,75.0,8.6,,1011.3,,3.0
2025-12-24,13,22.6,9.7,44.0,0.0,,77.0,6.8,,1012.1,,3.0
2025-12-24,14,21.9,10.7,49.0,0.0,,52.0,6.8,,1013.0,,3.0
2025-12-24,15,20.7,11.1,54.0,0.0,,79.0,6.8,,1014.2,,3.0
2025-12-24,16,19.9,11.4,58.0,0.0,,68.0,9.0,,1014.7,,3.0
2025-12-24,17,18.4,11.9,66.0,0.0,,77.0,10.1,,1015.0,,3.0
2025-12-24,18,17.4,12.7,74.0,0.0,,94.0,9.7,,1014.8,,2.0
2025-12-24,19,16.7,13.4,81.0,0.0,,90.0,8.6,,1014.6,,1.0
2025-12-24,20,16.1,13.8,86.0,0.0,,79.0,10.1,,1014.3,,1.0
2025-12-24,21,15.5,13.9,90.0,0.0,,75.0,10.4,,1014.0,,1.0
2025-12-24,22,14.9,13.8,93.0,0.0,,79.0,11.2,,1014.1,,1.0
2025-12-24,23,14.6,13.8,95.0,0.0,,81.0,11.2,,1014.4,,1.0
2025-12-25,0,14.4,13.8,96.0,0.0,,80.0,10.8,,1014.8,,1.0
2025-12-25,1,14.2,13.6,96.0,0.0,,79.0,10.8,,1015.4,,1.0
2025-12-25,2,14.8,13.7,93.0,0.0,,80.0,12.6,,1016.4,,1.0
2025-12-25,3,17.4,13.3,77.0,0.0,,84.0,10.8,,1017.3,,1.0
2025-12-25,4,20.3,11.2,56.0,0.0,,90.0,13.0,,1017.2,,1.0
2025-12-25,5,22.0,10.2,47.0,0.0,,94.0,11.5,,1016.7,,1.0
2025-12-25,6,23.6,9.2,40.0,0.0,,88.0,9.4,,1015.5,,2.0
2025-12-25,7,24.9,8.4,35.0,0.0,,81.0,9.4,,1014.1,,2.0
2025-12-25,8,25.8,7.4,31.0,0.0,,87.0,9.7,,1012.8,,2.0
2025-12-25,9,26.3,5.8,27.0,0.0,,99.0,10.8,,1011.9,,3.0
2025-12-25,10,26.7,3.9,23.0,0.0,,110.0,11.2,,1011.5,,3.0
2025-12-25,11,26.2,5.7,27.0,0.0,,110.0,11.9,,1011.7,,3.0
2025-12-25,12,25.3,7.9,33.0,0.0,,108.0,9.4,,1012.2,,3.0
2025-12-25,13,23.2,9.2,41.0,0.0,,115.0,10.8,,1013.2,,3.0
2025-12-25,14,21.9,10.7,49.0,0.0,,114.0,9.7,,1014.5,,3.0
2025-12-25,15,20.7,11.6,56.0,0.0,,88.0,7.6,,1015.5,,3.0
2025-12-25,16,19.8,11.8,60.0,0.0,,97.0,11.5,,1016.0,,3.0
2025-12-25,17,18.9,13.7,72.0,0.0,,109.0,13.0,,1016.4,,3.0
2025-12-25,18,18.2,15.6,85.0,0.0,,100.0,13.3,,1016.3,,3.0
2025-12-25,19,17.7,16.6,93.0,0.0,,98.0,13.7,,1016.0,,3.0
2025-12-25,20,17.7,16.6,93.0,0.0,,97.0,14.0,,1015.4,,3.0
2025-12-25,21,17.8,16.1,90.0,0.0,,96.0,13.7,,1014.8,,3.0
2025-12-25,22,17.5,16.0,91.0,0.0,,98.0,13.7,,1014.7,,3.0
2025-12-25,23,17.3,16.0,92.0,0.0,,99.0,11.9,,1014.9,,3.0
2025-12-26,0,17.1,16.0,93.0,0.0,,92.0,10.8,,1015.0,,3.0
2025-12-26,1,16.8,15.8,94.0,0.0,,86.0,11.5,,1015.3,,3.0
2025-12-26,2,16.9,15.6,92.0,0.0,,84.0,11.9,,1016.1,,3.0
2025-12-26,3,18.4,15.3,82.0,0.0,,86.0,13.0,,1016.8,,3.0
2025-12-26,4,20.7,14.4,67.0,0.0,,87.0,13.3,,1016.5,,2.0
2025-12-26,5,23.0,13.5,55.0,0.0,,81.0,13.3,,1015.8,,1.0
2025-12-26,6,24.7,12.6,47.0,0.0,,81.0,13.0,,1014.9,,1.0
2025-12-26,7,25.9,11.3,40.0,0.0,,86.0,13.3,,1013.5,,2.0
2025-12-26,8,26.4,10.9,38.0,0.0,,89.0,12.6,,1012.0,,3.0
2025-12-26,9,26.6,10.7,37.0,0.0,,90.0,12.6,,1010.9,,3.0
2025-12-26,10,26.2,10.8,38.0,0.0,,98.0,13.3,,1011.2,,2.0
2025-12-26,11,26.0,10.2,37.0,0.0,,90.0,13.0,,1011.2,,2.0
2025-12-26,12,25.0,10.5,40.0,0.0,,80.0,11.5,,1011.7,,2.0
2025-12-26,13,23.7,10.7,44.0,0.0,,80.0,9.4,,1012.5,,3.0
2025-12-26,14,22.6,12.0,51.0,0.0,,101.0,10.8,,1013.6,,2.0
2025-12-26,15,21.4,11.7,54.0,0.0,,106.0,9.7,,1014.6,,3.0
2025-12-26,16,20.0,12.5,62.0,0.0,,100.0,9.7,,1015.3,,1.0
2025-12-26,17,18.8,13.0,69.0,0.0,,100.0,13.0,,1015.5,,2.0
2025-12-26,18,17.5,14.0,80.0,0.0,,93.0,15.1,,1015.9,,3.0
2025-12-26,19,16.9,14.2,84.0,0.0,,103.0,13.7,,1015.8,,2.0
2025-12-26,20,16.2,15.1,93.0,0.0,,105.0,14.0,,1015.6,,3.0
2025-12-26,21,16.3,15.3,94.0,0.0,,101.0,15.1,,1015.2,,3.0
2025-12-26,22,16.4,15.1,92.0,0.0,,94.0,14.4,,1014.9,,3.0
2025-12-26,23,16.2,14.7,91.0,0.0,,89.0,13.3,,1015.0,,3.0
2025-12-27,0,15.7,14.6,93.0,0.0,,89.0,12.2,,1015.2,,3.0
2025-12-27,1,15.0,14.2,95.0,0.0,,90.0,13.0,,1015.8,,1.0
2025-12-27,2,15.3,13.7,90.0,0.0,,88.0,13.7,,1016.6,,3.0
2025-12-27,3,17.4,12.9,75.0,0.0,,78.0,11.9,,1017.1,,1.0
2025-12-27,4,20.1,11.8,59.0,0.0,,71.0,13.7,,1016.9,,1.0
2025-12-27,5,22.0,10.2,47.0,0.0,,64.0,14.0,,1016.6,,1.0
2025-12-27,6,23.6,8.1,37.0,0.0,,64.0,13.3,,1015.6,,1.0
2025-12-27,7,24.8,7.0,32.0,0.0,,71.0,12.6,,1014.2,,1.0
2025-12-27,8,25.6,6.2,29.0,0.0,,76.0,12.2,,1012.9,,1.0
2025-12-27,9,25.9,6.5,29.0,0.0,,80.0,12.6,,1011.7,,1.0
2025-12-27,10,25.8,6.4,29.0,0.0,,90.0,13.3,,1011.3,,1.0
2025-12-27,11,24.9,8.4,35.0,0.0,,96.0,14.4,,1011.6,,3.0
2025-12-27,12,23.7,9.7,41.0,0.0,,91.0,12.2,,1012.1,,3.0
2025-12-27,13,22.6,10.1,45.0,0.0,,75.0,10.4,,1012.9,,1.0
2025-12-27,14,21.4,10.2,49.0,0.0,,77.0,10.1,,1014.2,,1.0
2025-12-27,15,20.1,10.8,55.0,0.0,,87.0,9.7,,1015.3,,1.0
2025-12-27,16,19.2,10.7,58.0,0.0,,91.0,8.6,,1015.8,,1.0
2025-12-27,17,18.5,10.8,61.0,0.0,,97.0,10.1,,1015.7,,1.0
2025-12-27,18,17.7,11.5,67.0,0.0,,92.0,12.2,,1016.0,,1.0
2025-12-27,19,17.1,12.8,76.0,0.0,,91.0,12.6,,1016.1,,1.0
2025-12-27,20,16.1,13.2,83.0,0.0,,84.0,11.9,,1015.8,,1.0
2025-12-27,21,15.3,13.5,89.0,0.0,,94.0,11.9,,1015.4,,1.0
2025-12-27,22,14.8,13.3,91.0,0.0,,97.0,12.6,,1015.7,,1.0
2025-12-27,23,14.3,13.2,93.0,0.0,,97.0,12.2,,1015.8,,1.0
2025-12-28,0,14.1,13.0,93.0,0.0,,97.0,11.9,,1016.1,,1.0
2025-12-28,1,14.0,12.9,93.0,0.0,,98.0,11.9,,1016.6,,1.0
2025-12-28,2,14.7,12.9,89.0,0.0,,94.0,12.2,,1017.2,,1.0
2025-12-28,3,17.1,12.6,75.0,0.0,,96.0,10.1,,1017.9,,1.0
2025-12-28,4,19.9,11.9,60.0,0.0,,94.0,10.1,,1017.6,,1.0
2025-12-28,5,22.0,11.1,50.0,0.0,,86.0,8.6,,1017.3,,1.0
2025-12-28,6,23.8,10.8,44.0,0.0,,84.0,8.3,,1016.6,,1.0
2025-12-28,7,25.1,10.9,41.0,0.0,,85.0,8.3,,1015.2,,3.0
2025-12-28,8,25.9,11.3,40.0,0.0,,98.0,8.3,,1013.6,,3.0
2025-12-28,9,26.7,10.8,37.0,0.0,,105.0,8.6,,1012.2,,3.0
2025-12-28,10,26.5,11.0,38.0,0.0,,108.0,10.8,,1011.9,,3.0
2025-12-28,11,25.8,11.9,42.0,0.0,,95.0,11.9,,1012.2,,1.0
2025-12-28,12,25.3,11.8,43.0,0.0,,72.0,9.4,,1012.5,,2.0
2025-12-28,13,24.1,12.1,47.0,0.0,,77.0,10.1,,1013.2,,2.0
2025-12-28,14,22.8,12.1,51.0,0.0,,76.0,8.3,,1014.0,,2.0
2025-12-28,15,21.7,12.5,56.0,0.0,,83.0,9.0,,1015.0,,1.0
2025-12-28,16,20.4,12.6,61.0,0.0,,65.0,10.4,,1015.6,,1.0
2025-12-28,17,19.3,12.6,65.0,0.0,,72.0,10.4,,1016.0,,1.0
2025-12-28,18,18.4,12.6,69.0,0.0,,86.0,11.9,,1015.7,,2.0
2025-12-28,19,17.5,13.4,77.0,0.0,,90.0,13.3,,1015.4,,3.0
2025-12-28,20,16.5,13.6,83.0,0.0,,92.0,13.3,,1015.2,,3.0
2025-12-28,21,15.6,13.8,89.0,0.0,,90.0,12.2,,1014.7,,3.0
2025-12-28,22,15.0,14.0,94.0,0.0,,83.0,11.9,,1014.7,,3.0
2025-12-28,23,14.7,14.1,96.0,0.0,,84.0,11.5,,1015.0,,3.0
2025-12-29,0,14.5,14.2,98.0,0.0,,83.0,11.2,,1015.3,,3.0
2025-12-29,1,14.3,14.0,98.0,0.0,,80.0,10.8,,1016.0,,3.0
2025-12-29,2,14.6,13.8,95.0,0.0,,80.0,11.2,,1016.8,,5.0
2025-12-29,3,16.8,13.5,81.0,0.0,,82.0,9.4,,1017.5,,3.0
2025-12-29,4,20.1,12.8,63.0,0.0,,78.0,9.7,,1017.5,,3.0
2025-12-29,5,22.6,12.0,51.0,0.0,,76.0,10.4,,1016.7,,3.0
2025-12-29,6,24.5,11.5,44.0,0.0,,83.0,10.1,,1015.6,,3.0
2025-12-29,7,25.9,11.3,40.0,0.0,,91.0,9.0,,1014.1,,2.0
2025-12-29,8,26.8,11.3,38.0,0.0,,97.0,8.3,,1012.7,,3.0
2025-12-29,9,27.4,11.8,38.0,0.0,,103.0,7.9,,1011.8,,3.0
2025-12-29,10,27.3,11.3,37.0,0.0,,108.0,8.6,,1011.6,,3.0
2025-12-29,11,26.7,11.6,39.0,0.0,,105.0,9.7,,1011.5,,3.0
2025-12-29,12,25.7,11.8,42.0,0.0,,93.0,9.4,,1012.1,,3.0
2025-12-29,13,24.6,12.2,46.0,0.0,,78.0,8.6,,1012.8,,3.0
2025-12-29,14,23.6,12.3,49.0,0.0,,82.0,8.6,,1013.8,,2.0
2025-12-29,15,22.4,12.6,54.0,0.0,,108.0,8.6,,1015.1,,2.0
2025-12-29,16,21.4,13.1,59.0,0.0,,86.0,8.6,,1015.6,,3.0
2025-12-29,17,20.2,13.4,65.0,0.0,,62.0,10.1,,1016.0,,2.0
2025-12-29,18,19.3,13.5,69.0,0.0,,94.0,10.4,,1016.0,,2.0
2025-12-29,19,18.2,13.7,75.0,0.0,,94.0,12.2,,1015.8,,3.0
2025-12-29,20,17.0,14.1,83.0,0.0,,80.0,10.8,,1015.3,,3.0
2025-12-29,21,16.2,14.4,89.0,0.0,,85.0,10.1,,1014.8,,3.0
2025-12-29,22,15.6,14.5,93.0,0.0,,87.0,9.4,,1014.3,,3.0
2025-12-29,23,15.4,15.1,98.0,0.0,,79.0,9.7,,1014.9,,3.0
2025-12-30,0,15.2,15.0,99.0,0.0,,79.0,8.6,,1015.6,,5.0
2025-12-30,1,15.1,14.9,99.0,0.0,,80.0,8.6,,1016.2,,5.0
2025-12-30,2,15.2,14.7,97.0,0.0,,87.0,8.6,,1016.9,,5.0
2025-12-30,3,17.5,14.4,82.0,0.0,,92.0,5.0,,1017.3,,5.0
2025-12-30,4,21.4,13.6,61.0,0.0,,84.0,5.4,,1017.4,,3.0
2025-12-30,5,23.6,12.9,51.0,0.0,,57.0,5.0,,1016.8,,3.0
2025-12-30,6,25.2,12.8,46.0,0.0,,39.0,5.0,,1015.6,,3.0
2025-12-30,7,26.5,12.2,41.0,0.0,,38.0,4.7,,1013.8,,3.0
2025-12-30,8,27.5,11.1,36.0,0.0,,41.0,5.4,,1012.1,,3.0
2025-12-30,9,28.1,11.2,35.0,0.0,,28.0,6.5,,1011.1,,3.0
2025-12-30,10,28.2,10.9,34.0,0.0,,40.0,9.0,,1010.5,,3.0
2025-12-30,11,27.6,10.3,34.0,0.0,,58.0,9.4,,1010.6,,3.0
2025-12-30,12,26.9,9.7,34.0,0.0,,68.0,8.6,,1010.9,,3.0
2025-12-30,13,25.4,10.4,39.0,0.0,,76.0,7.9,,1011.9,,3.0
2025-12-30,14,24.6,11.2,43.0,0.0,,30.0,6.8,,1013.2,,3.0
2025-12-30,15,23.5,11.9,48.0,0.0,,352.0,8.3,,1014.0,,3.0
2025-12-30,16,21.9,12.7,56.0,0.0,,45.0,10.4,,1014.9,,2.0
2025-12-30,17,20.8,12.0,57.0,0.0,,39.0,9.0,,1014.9,,1.0
2025-12-30,18,19.9,11.1,57.0,0.0,,65.0,10.1,,1014.6,,1.0
2025-12-30,19,19.2,11.2,60.0,0.0,,74.0,10.4,,1014.3,,1.0
2025-12-30,20,18.6,11.7,64.0,0.0,,94.0,9.0,,1013.6,,1.0
2025-12-30,21,18.0,13.1,73.0,0.0,,108.0,9.0,,1013.1,,1.0
2025-12-30,22,17.2,14.7,85.0,0.0,,116.0,9.4,,1013.1,,1.0
2025-12-30,23,16.6,16.3,98.0,0.0,,113.0,8.3,,1012.9,,1.0
2025-12-31,0,16.4,16.2,99.0,0.0,,110.0,9.0,,1013.3,,5.0
2025-12-31,1,16.5,16.3,99.0,0.0,,109.0,9.4,,1014.0,,5.0
2025-12-31,2,16.6,16.4,99.0,0.0,,105.0,8.6,,1014.8,,5.0
2025-12-31,3,18.0,16.5,91.0,0.0,,100.0,6.1,,1015.5,,5.0
2025-12-31,4,21.4,16.1,72.0,0.0,,89.0,4.0,,1015.4,,2.0
2025-12-31,5,23.9,15.9,61.0,0.0,,107.0,2.9,,1014.7,,1.0
2025-12-31,6,26.1,14.9,50.0,0.0,,109.0,2.9,,1013.6,,1.0
2025-12-31,7,27.5,13.4,42.0,0.0,,143.0,5.4,,1011.9,,2.0
2025-12-31,8,28.2,13.3,40.0,0.0,,150.0,8.6,,1010.2,,3.0
2025-12-31,9,27.8,13.3,41.0,0.0,,179.0,10.1,,1009.5,,3.0
2025-12-31,10,28.1,13.6,41.0,0.0,,191.0,8.6,,1009.1,,3.0
2025-12-31,11,27.5,13.4,42.0,0.0,,205.0,6.5,,1009.1,,3.0
2025-12-31,12,26.6,13.7,45.0,0.0,,214.0,6.1,,1009.5,,3.0
2025-12-31,13,25.3,14.4,51.0,0.0,,332.0,9.0,,1010.2,,3.0
2025-12-31,14,24.6,14.1,52.0,0.0,,346.0,7.9,,1011.2,,3.0
2025-12-31,15,23.7,14.7,57.0,0.0,,46.0,5.0,,1012.0,,3.0
2025-12-31,16,23.1,14.4,58.0,0.0,,111.0,5.4,,1012.8,,3.0
2025-12-31,17,22.7,14.5,60.0,0.0,,105.0,11.5,,1013.1,,3.0
2025-12-31,18,21.3,15.6,70.0,0.0,,127.0,11.9,,1013.5,,3.0
2025-12-31,19,19.9,17.3,85.0,0.0,,115.0,10.1,,1013.4,,3.0
2025-12-31,20,19.1,17.6,91.0,0.0,,113.0,9.4,,1013.0,,3.0
2025-12-31,21,19.0,17.8,93.0,0.0,,122.0,8.6,,1012.4,,3.0
2025-12-31,22,18.6,17.9,96.0,0.0,,122.0,7.2,,1012.1,,3.0
2025-12-31,23,18.3,17.3,94.0,0.0,,108.0,5.0,,1012.0,,3.0
