date,hour,temp,dwpt,rhum,prcp,snow,wdir,wspd,wpgt,pres,tsun,coco
2024-01-01,0,17.2,15.5,90.0,0.0,,0.0,0.0,,1015.9,,1.0
2024-01-01,1,15.0,14.0,94.0,0.0,,125.0,1.8,,1019.0,,5.0
2024-01-01,2,15.0,15.0,100.0,0.0,,0.0,0.0,,1020.0,,5.0
2024-01-01,3,20.4,15.8,75.0,0.0,,110.0,3.6,,1017.3,,5.0
2024-01-01,4,23.0,15.1,61.0,0.0,,140.0,9.4,,1020.0,,5.0
2024-01-01,5,24.0,15.0,57.0,0.0,,140.0,5.4,,1020.0,,5.0
2024-01-01,6,25.4,13.9,49.0,0.0,,110.0,7.6,,1016.4,,5.0
2024-01-01,7,27.0,13.0,42.0,0.0,,140.0,11.2,,1018.0,,5.0
2024-01-01,8,28.0,13.1,40.0,0.0,,120.0,9.4,,1016.0,,5.0
2024-01-01,9,28.0,8.3,29.0,0.0,,110.0,9.4,,1012.6,,5.0
2024-01-01,10,27.0,11.9,39.0,0.0,,100.0,7.6,,1016.0,,5.0
2024-01-01,11,27.0,11.9,39.0,0.0,,70.0,11.2,,1016.0,,5.0
2024-01-01,12,25.6,8.6,34.0,0.0,,80.0,11.2,,1012.8,,5.0
2024-01-01,13,24.0,14.1,54.0,0.0,,100.0,9.4,,1017.0,,5.0
2024-01-01,14,23.0,15.1,61.0,0.0,,110.0,11.2,,1018.0,,5.0
2024-01-01,15,23.4,13.6,54.0,0.0,,110.0,5.4,,1014.8,,5.0
2024-01-01,16,22.0,15.1,65.0,0.0,,120.0,11.2,,1019.0,,5.0
2024-01-01,17,22.0,14.6,63.0,0.0,,104.0,1.8,,1015.3,,1.0
2024-01-01,18,21.0,15.3,70.0,0.0,,104.0,3.6,,1015.9,,1.0
2024-01-01,19,20.7,15.3,71.0,0.0,,108.0,1.8,,1015.2,,1.0
2024-01-01,20,20.1,15.3,74.0,0.0,,113.0,1.8,,1014.9,,1.0
2024-01-01,21,19.0,15.5,80.0,0.0,,0.0,0.0,,1014.7,,1.0
2024-01-01,22,18.7,15.6,82.0,0.0,,137.0,0.0,,1014.8,,1.0
2024-01-01,23,18.4,15.6,84.0,0.0,,130.0,0.0,,1014.8,,1.0
2024-01-02,0,18.4,15.8,85.0,0.0,,0.0,0.0,,1014.2,,1.0
2024-01-02,1,16.0,15.0,94.0,0.0,,141.0,4.0,,1018.0,,5.0
2024-01-02,2,16.0,15.0,94.0,0.0,,140.0,3.6,,1019.0,,5.0
2024-01-02,3,20.0,16.4,80.0,0.0,,120.0,1.8,,1016.1,,5.0
2024-01-02,4,22.0,16.1,69.0,0.0,,120.0,7.6,,1020.0,,5.0
2024-01-02,5,20.0,16.0,78.0,0.0,,90.0,16.6,,1019.0,,5.0
2024-01-02,6,23.2,14.5,58.0,0.0,,50.0,7.6,,1015.7,,5.0
2024-01-02,7,25.0,15.0,54.0,0.0,,80.0,11.2,,1017.0,,5.0
2024-01-02,8,27.0,15.1,48.0,0.0,,120.0,9.4,,1016.0,,5.0
2024-01-02,9,26.8,14.9,48.0,0.0,,50.0,7.6,,1011.9,,5.0
2024-01-02,10,26.0,14.1,48.0,0.0,,90.0,5.4,,1015.0,,5.0
2024-01-02,11,26.0,13.2,45.0,0.0,,60.0,11.2,,1015.0,,5.0
2024-01-02,12,25.6,13.8,48.0,0.0,,50.0,11.2,,1012.8,,5.0
2024-01-02,13,23.0,15.1,61.0,0.0,,90.0,11.2,,1017.0,,5.0
2024-01-02,14,22.0,15.1,65.0,0.0,,90.0,9.4,,1018.0,,5.0
2024-01-02,15,22.4,16.4,69.0,0.0,,110.0,7.6,,1014.9,,5.0
2024-01-02,16,22.0,16.1,69.0,0.0,,90.0,7.6,,1019.0,,5.0
2024-01-02,17,21.0,16.0,73.0,0.0,,110.0,7.6,,1018.0,,5.0
2024-01-02,18,21.2,16.4,74.0,0.0,,110.0,5.4,,1014.9,,1.0
2024-01-02,19,21.1,16.9,77.0,0.0,,130.0,1.8,,1014.5,,1.0
2024-01-02,20,20.7,16.9,79.0,0.0,,136.0,1.8,,1014.2,,1.0
2024-01-02,21,19.8,16.2,80.0,0.0,,110.0,5.4,,1014.0,,1.0
2024-01-02,22,19.5,16.7,84.0,0.0,,127.0,3.7,,1014.3,,2.0
2024-01-02,23,19.2,16.8,86.0,0.0,,131.0,3.7,,1014.2,,2.0
2024-01-03,0,19.0,16.4,85.0,0.0,,90.0,3.6,,1014.1,,2.0
2024-01-03,1,17.0,16.0,94.0,0.0,,134.0,4.0,,1018.0,,5.0
2024-01-03,2,18.0,16.0,88.0,0.0,,90.0,3.6,,1018.0,,5.0
2024-01-03,3,19.4,15.9,80.0,0.0,,140.0,5.4,,1016.4,,5.0
2024-01-03,4,22.0,16.1,69.0,0.0,,150.0,13.0,,1019.0,,5.0
2024-01-03,5,24.0,15.0,57.0,0.0,,160.0,9.4,,1019.0,,5.0
2024-01-03,6,24.0,13.8,53.0,0.0,,140.0,5.4,,1014.8,,5.0
2024-01-03,7,26.0,14.1,48.0,0.0,,140.0,9.4,,1016.0,,5.0
2024-01-03,8,27.0,14.1,45.0,0.0,,100.0,7.6,,1015.0,,5.0
2024-01-03,9,27.0,11.9,39.0,0.0,,50.0,7.6,,1010.7,,5.0
2024-01-03,10,27.0,11.9,39.0,0.0,,100.0,13.0,,1014.0,,5.0
2024-01-03,11,26.0,15.1,51.0,0.0,,90.0,9.4,,1015.0,,5.0
2024-01-03,12,25.0,15.9,57.0,0.0,,50.0,9.4,,1011.2,,5.0
2024-01-03,13,24.0,14.1,54.0,0.0,,100.0,7.6,,1016.0,,5.0
2024-01-03,14,23.0,14.0,57.0,0.0,,110.0,11.2,,1016.0,,5.0
2024-01-03,15,23.0,15.6,63.0,0.0,,110.0,7.6,,1012.8,,5.0
2024-01-03,16,22.0,14.1,61.0,0.0,,100.0,7.6,,1017.0,,5.0
2024-01-03,17,21.9,16.4,71.0,0.0,,116.0,5.5,,1013.6,,1.0
2024-01-03,18,21.0,16.2,74.0,0.0,,160.0,1.8,,1013.6,,1.0
2024-01-03,19,21.1,16.9,77.0,0.0,,122.0,5.5,,1013.7,,1.0
2024-01-03,20,20.7,16.7,78.0,0.0,,122.0,3.7,,1013.5,,1.0
2024-01-03,21,19.6,15.7,78.0,0.0,,50.0,3.6,,1013.2,,1.0
2024-01-03,22,19.5,16.0,80.0,0.0,,67.0,3.7,,1013.2,,2.0
2024-01-03,23,19.4,16.2,82.0,0.0,,90.0,3.7,,1013.2,,2.0
2024-01-04,0,19.5,15.8,79.0,0.0,,70.0,3.6,,1013.6,,2.0
2024-01-04,1,19.0,17.0,88.0,0.0,,100.0,7.0,,1018.0,,5.0
2024-01-04,2,19.0,18.0,94.0,0.0,,110.0,7.6,,1018.0,,5.0
2024-01-04,3,20.2,17.8,86.0,0.0,,140.0,9.4,,1016.1,,5.0
2024-01-04,4,21.0,17.0,78.0,0.0,,110.0,11.2,,1020.0,,5.0
2024-01-04,5,23.0,16.1,65.0,0.0,,130.0,13.0,,1019.0,,5.0
2024-01-04,6,24.2,17.9,68.0,0.0,,140.0,7.6,,1014.8,,5.0
2024-01-04,7,27.0,16.0,51.0,0.0,,140.0,11.2,,1017.0,,5.0
2024-01-04,8,27.0,13.0,42.0,0.0,,100.0,9.0,,1015.0,,5.0
2024-01-04,9,27.8,16.4,50.0,0.0,,140.0,7.6,,1010.3,,5.0
2024-01-04,10,28.0,13.1,40.0,0.0,,100.0,11.2,,1014.0,,5.0
2024-01-04,11,27.0,11.9,39.0,0.0,,100.0,7.6,,1014.0,,5.0
2024-01-04,12,26.0,16.3,55.0,0.0,,110.0,7.6,,1010.5,,5.0
2024-01-04,13,24.0,14.1,54.0,0.0,,80.0,7.6,,1015.0,,5.0
2024-01-04,14,23.0,15.1,61.0,0.0,,100.0,7.6,,1017.0,,5.0
2024-01-04,15,23.2,17.7,71.0,0.0,,90.0,9.4,,1013.1,,5.0
2024-01-04,16,22.0,16.1,69.0,0.0,,110.0,9.4,,1017.0,,5.0
2024-01-04,17,22.2,18.0,77.0,0.0,,148.0,3.7,,1013.5,,2.0
2024-01-04,18,21.6,17.0,75.0,0.0,,148.0,1.8,,1013.8,,2.0
2024-01-04,19,21.2,18.0,82.0,0.0,,147.0,3.7,,1013.5,,2.0
2024-01-04,20,20.7,17.9,84.0,0.0,,146.0,3.7,,1013.3,,2.0
2024-01-04,21,19.8,16.2,80.0,0.0,,0.0,0.0,,1013.7,,2.0
2024-01-04,22,20.1,17.3,84.0,0.0,,130.0,1.8,,1013.0,,2.0
2024-01-04,23,19.6,17.4,87.0,0.0,,126.0,1.8,,1013.1,,2.0
2024-01-05,0,19.0,15.9,82.0,0.0,,124.0,3.6,,1014.1,,2.0
2024-01-05,1,18.0,15.1,83.0,0.0,,140.0,7.0,,1017.0,,5.0
2024-01-05,2,18.0,16.0,88.0,0.0,,120.0,7.6,,1018.0,,5.0
2024-01-05,3,19.4,16.8,85.0,0.0,,140.0,9.4,,1017.1,,5.0
2024-01-05,4,21.0,16.0,73.0,0.0,,130.0,11.2,,1019.0,,5.0
2024-01-05,5,24.0,16.0,61.0,0.0,,130.0,9.4,,1018.0,,5.0
2024-01-05,6,25.2,13.4,48.0,0.0,,140.0,9.4,,1015.0,,5.0
2024-01-05,7,27.0,13.0,42.0,0.0,,130.0,11.2,,1016.0,,5.0
2024-01-05,8,28.0,12.0,37.0,0.0,,140.0,13.0,,1015.0,,5.0
2024-01-05,9,28.2,10.4,33.0,0.0,,140.0,5.4,,1010.7,,5.0
2024-01-05,10,28.0,11.1,35.0,0.0,,110.0,9.4,,1014.0,,5.0
2024-01-05,11,27.0,9.8,34.0,0.0,,120.0,9.4,,1015.0,,5.0
2024-01-05,12,26.2,9.1,34.0,0.0,,90.0,7.6,,1011.2,,5.0
2024-01-05,13,24.0,11.0,44.0,0.0,,90.0,7.6,,1016.0,,5.0
2024-01-05,14,23.0,11.1,47.0,0.0,,110.0,9.4,,1017.0,,5.0
2024-01-05,15,23.2,12.8,52.0,0.0,,100.0,5.4,,1014.1,,5.0
2024-01-05,16,22.0,12.0,53.0,0.0,,100.0,5.4,,1018.0,,5.0
2024-01-05,17,21.9,15.5,67.0,0.0,,129.0,3.7,,1014.2,,2.0
2024-01-05,18,21.6,12.4,56.0,0.0,,131.0,3.6,,1014.8,,2.0
2024-01-05,19,20.9,16.1,74.0,0.0,,130.0,3.7,,1014.2,,2.0
2024-01-05,20,20.5,16.3,77.0,0.0,,129.0,3.7,,1014.0,,2.0
2024-01-05,21,20.8,13.5,63.0,0.0,,140.0,5.4,,1014.3,,2.0
2024-01-05,22,20.0,14.4,70.0,0.0,,128.0,1.8,,1014.0,,2.0
2024-01-05,23,19.5,14.7,74.0,0.0,,129.0,1.8,,1014.0,,2.0
2024-01-06,0,19.1,15.4,79.0,0.0,,130.0,3.6,,1014.0,,2.0
2024-01-06,1,18.0,16.0,88.0,0.0,,120.0,11.0,,1017.0,,5.0
2024-01-06,2,18.0,16.0,88.0,0.0,,130.0,5.4,,1018.0,,5.0
2024-01-06,3,19.4,16.4,83.0,0.0,,110.0,9.4,,1016.1,,5.0
2024-01-06,4,21.0,15.1,69.0,0.0,,120.0,13.0,,1019.0,,5.0
2024-01-06,5,24.0,14.1,54.0,0.0,,120.0,11.2,,1018.0,,5.0
2024-01-06,6,25.4,13.6,48.0,0.0,,110.0,7.6,,1014.1,,5.0
2024-01-06,7,26.0,12.1,42.0,0.0,,120.0,9.4,,1017.0,,5.0
2024-01-06,8,29.0,12.0,35.0,0.0,,170.0,9.4,,1016.0,,5.0
2024-01-06,9,28.0,10.2,33.0,0.0,,90.0,5.4,,1011.3,,5.0
2024-01-06,10,27.5,10.7,35.0,0.0,,99.0,5.5,,1011.3,,1.0
2024-01-06,11,27.0,11.1,37.0,0.0,,80.0,13.0,,1015.0,,5.0
2024-01-06,12,26.2,10.4,37.0,0.0,,90.0,5.4,,1011.7,,5.0
2024-01-06,13,24.0,12.0,47.0,0.0,,80.0,11.2,,1017.0,,5.0
2024-01-06,14,23.0,14.0,57.0,0.0,,80.0,11.2,,1018.0,,5.0
2024-01-06,15,23.4,13.8,55.0,0.0,,110.0,9.4,,1015.7,,5.0
2024-01-06,16,22.0,14.1,61.0,0.0,,80.0,7.6,,1019.0,,5.0
2024-01-06,17,22.1,15.0,64.0,0.0,,114.0,3.7,,1014.8,,1.0
2024-01-06,18,21.6,14.7,65.0,0.0,,110.0,5.4,,1016.1,,1.0
2024-01-06,19,21.1,15.6,71.0,0.0,,118.0,3.7,,1014.8,,1.0
2024-01-06,20,20.7,15.9,74.0,0.0,,123.0,1.8,,1014.5,,1.0
2024-01-06,21,20.4,15.8,75.0,0.0,,110.0,3.6,,1014.7,,1.0
2024-01-06,22,20.1,16.3,79.0,0.0,,123.0,3.7,,1014.8,,2.0
2024-01-06,23,19.7,16.3,81.0,0.0,,123.0,3.7,,1014.9,,2.0
2024-01-07,0,20.4,15.8,75.0,0.0,,110.0,3.6,,1014.7,,2.0
2024-01-07,1,19.0,17.0,88.0,0.0,,110.0,11.0,,1018.0,,5.0
2024-01-07,2,19.0,16.0,83.0,0.0,,100.0,11.2,,1019.0,,5.0
2024-01-07,3,20.0,17.2,84.0,0.0,,140.0,5.4,,1017.3,,5.0
2024-01-07,4,21.0,16.0,73.0,0.0,,110.0,11.2,,1020.0,,5.0
2024-01-07,5,23.0,16.1,65.0,0.0,,120.0,9.4,,1020.0,,5.0
2024-01-07,6,24.2,15.9,60.0,0.0,,140.0,7.6,,1016.5,,5.0
2024-01-07,7,25.0,12.9,47.0,0.0,,100.0,14.8,,1018.0,,5.0
2024-01-07,8,26.0,14.1,48.0,0.0,,80.0,14.8,,1016.0,,5.0
2024-01-07,9,26.8,16.1,52.0,0.0,,90.0,7.6,,1012.4,,5.0
2024-01-07,10,27.0,14.1,45.0,0.0,,100.0,16.6,,1016.0,,5.0
2024-01-07,11,26.0,14.1,48.0,0.0,,70.0,18.4,,1016.0,,5.0
2024-01-07,12,25.0,16.2,58.0,0.0,,90.0,9.4,,1012.4,,5.0
2024-01-07,13,24.0,14.1,54.0,0.0,,90.0,9.4,,1017.0,,5.0
2024-01-07,14,23.0,15.1,61.0,0.0,,80.0,9.4,,1018.0,,5.0
2024-01-07,15,23.0,17.0,69.0,0.0,,90.0,9.4,,1014.5,,5.0
2024-01-07,16,22.0,16.1,69.0,0.0,,123.0,4.0,,1019.0,,5.0
2024-01-07,17,21.9,15.0,65.0,0.0,,122.0,5.5,,1015.3,,2.0
2024-01-07,18,22.6,18.4,77.0,0.0,,90.0,7.6,,1014.9,,2.0
2024-01-07,19,21.0,15.1,69.0,0.0,,121.0,3.7,,1015.2,,2.0
2024-01-07,20,20.7,15.3,71.0,0.0,,119.0,3.7,,1015.0,,2.0
2024-01-07,21,21.6,18.2,81.0,0.0,,90.0,5.4,,1013.9,,2.0
2024-01-07,22,20.8,18.0,84.0,0.0,,107.0,3.7,,1014.4,,3.0
2024-01-07,23,20.2,17.4,84.0,0.0,,111.0,3.7,,1014.7,,2.0
2024-01-08,0,20.0,16.8,82.0,0.0,,90.0,5.4,,1014.5,,2.0
2024-01-08,1,18.0,16.0,88.0,0.0,,100.0,6.0,,1019.0,,5.0
2024-01-08,2,19.0,16.0,83.0,0.0,,100.0,9.4,,1020.0,,5.0
2024-01-08,3,20.4,16.4,78.0,0.0,,90.0,5.4,,1017.8,,5.0
2024-01-08,4,22.0,16.1,69.0,0.0,,90.0,14.8,,1021.0,,5.0
2024-01-08,5,22.0,16.9,73.0,0.0,,110.0,13.0,,1021.0,,5.0
2024-01-08,6,25.6,16.2,56.0,0.0,,140.0,11.2,,1017.1,,5.0
2024-01-08,7,27.0,13.0,42.0,0.0,,100.0,14.8,,1019.0,,5.0
2024-01-08,8,28.0,10.2,33.0,0.0,,130.0,11.2,,1018.0,,5.0
2024-01-08,9,27.8,10.9,35.0,0.0,,110.0,14.8,,1013.9,,5.0
2024-01-08,10,27.0,11.1,37.0,0.0,,80.0,13.0,,1017.0,,5.0
2024-01-08,11,26.0,10.2,37.0,0.0,,90.0,11.2,,1017.0,,5.0
2024-01-08,12,25.8,11.2,40.0,0.0,,110.0,9.4,,1013.6,,5.0
2024-01-08,13,24.0,12.0,47.0,0.0,,90.0,9.4,,1018.0,,5.0
2024-01-08,14,23.0,14.0,57.0,0.0,,110.0,9.4,,1018.0,,5.0
2024-01-08,15,23.2,14.7,59.0,0.0,,140.0,7.6,,1015.6,,5.0
2024-01-08,16,22.0,14.1,61.0,0.0,,120.0,7.6,,1019.0,,5.0
2024-01-08,17,22.3,14.4,61.0,0.0,,113.0,5.5,,1015.8,,2.0
2024-01-08,18,21.6,15.2,67.0,0.0,,112.0,3.6,,1016.4,,2.0
2024-01-08,19,21.4,15.3,68.0,0.0,,112.0,3.7,,1015.7,,2.0
2024-01-08,20,21.1,15.6,71.0,0.0,,112.0,3.7,,1015.2,,2.0
2024-01-08,21,20.6,16.4,77.0,0.0,,0.0,0.0,,1014.9,,2.0
2024-01-08,22,20.1,16.1,78.0,0.0,,125.0,1.8,,1015.1,,2.0
2024-01-08,23,19.6,16.1,80.0,0.0,,116.0,1.8,,1015.2,,2.0
2024-01-09,0,21.3,16.0,72.0,0.0,,140.0,5.4,,1014.0,,2.0
2024-01-09,1,20.0,16.0,78.0,0.0,,90.0,6.0,,1019.0,,5.0
2024-01-09,2,20.0,16.0,78.0,0.0,,100.0,7.6,,1020.0,,5.0
2024-01-09,3,21.0,16.2,74.0,0.0,,110.0,11.2,,1017.9,,5.0
2024-01-09,4,22.0,16.1,69.0,0.0,,140.0,9.4,,1021.0,,5.0
2024-01-09,5,24.0,16.0,61.0,0.0,,120.0,13.0,,1021.0,,5.0
2024-01-09,6,25.4,13.9,49.0,0.0,,140.0,14.8,,1016.9,,5.0
2024-01-09,7,26.0,12.1,42.0,0.0,,100.0,14.8,,1019.0,,5.0
2024-01-09,8,27.0,13.0,42.0,0.0,,100.0,9.4,,1018.0,,5.0
2024-01-09,9,27.0,12.3,40.0,0.0,,140.0,9.4,,1013.8,,5.0
2024-01-09,10,26.0,13.2,45.0,0.0,,90.0,11.2,,1017.0,,5.0
2024-01-09,11,26.0,13.2,45.0,0.0,,110.0,11.2,,1018.0,,5.0
2024-01-09,12,25.2,15.8,56.0,0.0,,110.0,7.6,,1014.2,,5.0
2024-01-09,13,24.0,16.0,61.0,0.0,,100.0,7.6,,1018.0,,5.0
2024-01-09,14,24.0,16.0,61.0,0.0,,100.0,9.4,,1019.0,,5.0
2024-01-09,15,23.8,16.6,64.0,0.0,,140.0,11.2,,1015.7,,5.0
2024-01-09,16,23.0,16.1,65.0,0.0,,90.0,5.4,,1019.0,,5.0
2024-01-09,17,22.6,16.6,69.0,0.0,,138.0,7.4,,1015.8,,3.0
2024-01-09,18,22.6,17.5,73.0,0.0,,135.0,3.6,,1015.8,,3.0
2024-01-09,19,21.6,16.6,73.0,0.0,,135.0,3.7,,1015.5,,3.0
2024-01-09,20,21.2,16.6,75.0,0.0,,134.0,3.7,,1015.1,,3.0
2024-01-09,21,21.4,18.0,81.0,0.0,,0.0,0.0,,1015.2,,3.0
2024-01-09,22,20.8,17.6,82.0,0.0,,130.0,1.8,,1014.6,,2.0
2024-01-09,23,20.3,17.5,84.0,0.0,,134.0,1.8,,1014.4,,2.0
2024-01-10,0,20.2,18.7,91.0,0.0,,0.0,0.0,,1014.7,,2.0
2024-01-10,1,20.0,18.0,88.0,0.0,,127.0,4.0,,1018.0,,5.0
2024-01-10,2,20.0,18.0,88.0,0.0,,110.0,3.6,,1019.0,,5.0
2024-01-10,3,21.4,18.4,83.0,0.0,,110.0,7.6,,1016.5,,5.0
2024-01-10,4,22.0,18.0,78.0,0.0,,110.0,11.2,,1020.0,,5.0
2024-01-10,5,23.0,17.0,69.0,0.0,,130.0,3.6,,1021.0,,5.0
2024-01-10,6,25.2,16.1,57.0,0.0,,110.0,7.6,,1015.7,,5.0
2024-01-10,7,29.0,12.8,37.0,0.0,,160.0,7.6,,1017.0,,5.0
2024-01-10,8,27.0,11.1,37.0,0.0,,90.0,5.4,,1017.0,,5.0
2024-01-10,9,27.8,11.8,37.0,0.0,,90.0,5.4,,1012.3,,5.0
2024-01-10,10,27.0,11.1,37.0,0.0,,90.0,11.2,,1016.0,,5.0
2024-01-10,11,26.0,13.2,45.0,0.0,,70.0,11.2,,1016.0,,5.0
2024-01-10,12,26.0,13.5,46.0,0.0,,110.0,5.4,,1012.9,,5.0
2024-01-10,13,24.0,14.1,54.0,0.0,,80.0,6.0,,1018.0,,5.0
2024-01-10,14,24.0,14.1,54.0,0.0,,100.0,7.6,,1018.0,,5.0
2024-01-10,15,24.4,14.2,53.0,0.0,,90.0,5.4,,1015.9,,5.0
2024-01-10,16,24.0,14.1,54.0,0.0,,80.0,7.6,,1019.0,,5.0
2024-01-10,17,23.1,15.4,62.0,0.0,,98.0,3.7,,1016.1,,3.0
2024-01-10,18,22.4,14.5,61.0,0.0,,110.0,3.6,,1016.2,,3.0
2024-01-10,19,22.0,15.8,68.0,0.0,,113.0,1.8,,1015.9,,3.0
2024-01-10,20,21.4,16.1,72.0,0.0,,119.0,1.8,,1015.5,,3.0
2024-01-10,21,20.8,15.6,72.0,0.0,,0.0,0.0,,1015.6,,2.0
2024-01-10,22,20.6,15.6,73.0,0.0,,214.0,1.8,,1015.2,,2.0
2024-01-10,23,20.0,15.6,76.0,0.0,,164.0,0.0,,1015.3,,2.0
2024-01-11,0,19.4,15.9,80.0,0.0,,0.0,0.0,,1015.8,,2.0
2024-01-11,1,18.0,16.0,88.0,0.0,,146.0,0.0,,1020.0,,5.0
2024-01-11,2,19.0,16.0,83.0,0.0,,0.0,0.0,,1020.0,,5.0
2024-01-11,3,22.6,18.6,78.0,0.0,,0.0,0.0,,1017.3,,5.0
2024-01-11,4,24.0,15.0,57.0,0.0,,90.0,7.6,,1021.0,,5.0
2024-01-11,5,26.0,15.1,51.0,0.0,,110.0,7.6,,1020.0,,5.0
2024-01-11,6,27.0,16.3,52.0,0.0,,90.0,7.6,,1016.3,,5.0
2024-01-11,7,29.0,14.0,40.0,0.0,,110.0,14.8,,1018.0,,5.0
2024-01-11,8,29.0,14.0,40.0,0.0,,60.0,9.4,,1017.0,,5.0
2024-01-11,9,29.6,15.0,41.0,0.0,,90.0,5.4,,1013.0,,5.0
2024-01-11,10,30.0,12.9,35.0,0.0,,100.0,7.6,,1016.0,,5.0
2024-01-11,11,29.0,12.8,37.0,0.0,,90.0,7.6,,1016.0,,5.0
2024-01-11,12,28.2,15.5,46.0,0.0,,90.0,7.6,,1012.6,,5.0
2024-01-11,13,26.0,13.2,45.0,0.0,,80.0,7.6,,1017.0,,5.0
2024-01-11,14,26.0,14.1,48.0,0.0,,100.0,7.6,,1018.0,,5.0
2024-01-11,15,25.2,14.9,53.0,0.0,,90.0,5.4,,1014.5,,5.0
2024-01-11,16,24.0,14.1,54.0,0.0,,110.0,7.6,,1019.0,,5.0
2024-01-11,17,23.6,15.6,61.0,0.0,,97.0,3.7,,1015.1,,2.0
2024-01-11,18,22.8,16.6,68.0,0.0,,118.0,3.6,,1015.0,,2.0
2024-01-11,19,22.3,16.1,68.0,0.0,,122.0,1.8,,1015.1,,2.0
2024-01-11,20,21.8,16.3,71.0,0.0,,129.0,1.8,,1014.7,,2.0
2024-01-11,21,21.6,16.8,74.0,0.0,,127.0,3.6,,1014.3,,2.0
2024-01-11,22,20.9,16.7,77.0,0.0,,228.0,1.8,,1014.3,,2.0
2024-01-11,23,20.3,16.7,80.0,0.0,,228.0,1.8,,1014.3,,2.0
2024-01-12,0,19.2,16.6,85.0,0.0,,0.0,0.0,,1014.7,,2.0
2024-01-12,1,17.0,15.0,88.0,0.0,,120.0,0.0,,1019.0,,5.0
2024-01-12,2,18.0,15.1,83.0,0.0,,0.0,0.0,,1019.0,,5.0
2024-01-12,3,22.0,17.4,75.0,0.0,,0.0,0.0,,1016.6,,5.0
2024-01-12,4,26.0,15.1,51.0,0.0,,140.0,5.4,,1020.0,,5.0
2024-01-12,5,27.0,16.0,51.0,0.0,,100.0,9.4,,1020.0,,5.0
2024-01-12,6,27.8,16.7,51.0,0.0,,100.0,9.4,,1014.9,,5.0
2024-01-12,7,28.0,16.9,51.0,0.0,,100.0,9.4,,1018.0,,5.0
2024-01-12,8,28.0,16.9,51.0,0.0,,110.0,9.4,,1018.0,,5.0
2024-01-12,9,30.2,13.1,35.0,0.0,,90.0,7.6,,1012.1,,5.0
2024-01-12,10,29.0,12.8,37.0,0.0,,50.0,9.4,,1016.0,,5.0
2024-01-12,11,29.0,14.0,40.0,0.0,,90.0,5.4,,1016.0,,5.0
2024-01-12,12,28.2,14.8,44.0,0.0,,70.0,9.4,,1012.2,,5.0
2024-01-12,13,27.0,14.1,45.0,0.0,,100.0,7.6,,1017.0,,5.0
2024-01-12,14,26.0,17.1,58.0,0.0,,90.0,7.6,,1018.0,,5.0
2024-01-12,15,25.6,17.0,59.0,0.0,,140.0,5.4,,1014.1,,5.0
2024-01-12,16,24.0,17.0,65.0,0.0,,100.0,7.6,,1018.0,,5.0
2024-01-12,17,23.9,17.4,67.0,0.0,,142.0,3.7,,1014.8,,2.0
2024-01-12,18,24.0,17.3,66.0,0.0,,146.0,3.6,,1014.8,,2.0
2024-01-12,19,22.6,17.7,74.0,0.0,,146.0,1.8,,1014.9,,2.0
2024-01-12,20,22.1,17.9,77.0,0.0,,146.0,1.8,,1014.6,,2.0
2024-01-12,21,22.0,17.4,75.0,0.0,,0.0,0.0,,1013.9,,1.0
2024-01-12,22,21.0,17.6,81.0,0.0,,165.0,0.0,,1014.5,,1.0
2024-01-12,23,20.5,17.5,83.0,0.0,,292.0,0.0,,1014.7,,1.0
2024-01-13,0,20.8,17.6,82.0,0.0,,0.0,0.0,,1015.2,,1.0
2024-01-13,1,18.0,17.0,94.0,0.0,,294.0,0.0,,1019.0,,5.0
2024-01-13,2,18.0,17.0,94.0,0.0,,0.0,0.0,,1020.0,,5.0
2024-01-13,3,22.4,17.8,75.0,0.0,,112.0,1.8,,1016.6,,5.0
2024-01-13,4,26.0,17.9,61.0,0.0,,180.0,5.4,,1020.0,,5.0
2024-01-13,5,28.0,16.9,51.0,0.0,,140.0,3.6,,1020.0,,5.0
2024-01-13,6,28.6,20.1,60.0,0.0,,110.0,5.4,,1014.7,,5.0
2024-01-13,7,29.0,14.0,40.0,0.0,,40.0,3.6,,1017.0,,5.0
2024-01-13,8,29.0,14.0,40.0,0.0,,350.0,3.6,,1017.0,,5.0
2024-01-13,9,31.0,15.8,40.0,0.0,,360.0,3.6,,1011.3,,5.0
2024-01-13,10,30.0,12.9,35.0,0.0,,20.0,9.4,,1016.0,,5.0
2024-01-13,11,30.0,12.9,35.0,0.0,,320.0,9.4,,1016.0,,5.0
2024-01-13,12,29.0,15.9,45.0,0.0,,20.0,9.4,,1011.8,,5.0
2024-01-13,13,26.0,16.0,54.0,0.0,,75.0,5.4,,1017.0,,5.0
2024-01-13,14,25.0,15.9,57.0,0.0,,66.0,5.4,,1018.0,,5.0
2024-01-13,15,25.5,18.4,65.0,0.0,,360.0,3.6,,1014.3,,5.0
2024-01-13,16,24.0,16.0,61.0,0.0,,110.0,9.4,,1019.0,,5.0
2024-01-13,17,23.0,16.1,65.0,0.0,,277.0,3.6,,1019.0,,5.0
2024-01-13,18,22.8,18.1,75.0,0.0,,0.0,0.0,,1015.0,,1.0
2024-01-13,19,22.2,18.2,78.0,0.0,,280.0,1.8,,1014.8,,1.0
2024-01-13,20,21.7,18.1,80.0,0.0,,238.0,0.0,,1014.5,,1.0
2024-01-13,21,21.8,17.8,78.0,0.0,,0.0,0.0,,1013.0,,1.0
2024-01-13,22,21.0,17.6,81.0,0.0,,,0.0,,1013.4,,1.0
2024-01-13,23,20.3,17.7,85.0,0.0,,305.0,0.0,,1013.7,,1.0
2024-01-14,0,19.4,16.8,85.0,0.0,,0.0,0.0,,1013.9,,1.0
2024-01-14,1,18.0,16.0,88.0,0.0,,294.0,0.0,,1019.0,,5.0
2024-01-14,2,18.0,16.0,88.0,0.0,,0.0,0.0,,1019.0,,5.0
2024-01-14,3,21.2,18.8,86.0,0.0,,0.0,0.0,,1016.6,,5.0
2024-01-14,4,27.0,16.0,51.0,0.0,,307.0,4.0,,1020.0,,5.0
2024-01-14,5,28.0,16.0,48.0,0.0,,150.0,7.6,,1020.0,,5.0
2024-01-14,6,28.8,19.2,56.0,0.0,,30.0,7.6,,1014.7,,5.0
2024-01-14,7,30.0,10.0,29.0,0.0,,350.0,3.6,,1017.0,,5.0
2024-01-14,8,31.0,8.1,24.0,0.0,,10.0,9.4,,1016.0,,5.0
2024-01-14,9,32.2,14.8,35.0,0.0,,328.0,3.6,,1010.2,,5.0
2024-01-14,10,33.0,11.0,26.0,0.0,,335.0,3.6,,1015.0,,5.0
2024-01-14,11,33.0,12.1,28.0,0.0,,335.0,3.6,,1015.0,,5.0
2024-01-14,12,30.8,15.6,40.0,0.0,,335.0,3.6,,1010.3,,5.0
2024-01-14,13,28.0,12.0,37.0,0.0,,355.0,1.8,,1017.0,,5.0
2024-01-14,14,26.0,14.1,48.0,0.0,,14.0,1.8,,1018.0,,5.0
2024-01-14,15,24.8,17.8,65.0,0.0,,30.0,1.8,,1013.8,,5.0
2024-01-14,16,24.0,14.1,54.0,0.0,,265.0,1.8,,1018.0,,5.0
2024-01-14,17,23.0,17.5,71.0,0.0,,265.0,1.8,,1014.3,,1.0
2024-01-14,18,22.4,17.1,72.0,0.0,,0.0,0.0,,1013.8,,1.0
2024-01-14,19,21.6,17.2,76.0,0.0,,353.0,0.0,,1014.2,,1.0
2024-01-14,20,21.1,17.1,78.0,0.0,,351.0,0.0,,1013.8,,1.0
2024-01-14,21,20.6,15.8,74.0,0.0,,0.0,0.0,,1013.5,,1.0
2024-01-14,22,20.2,15.8,76.0,0.0,,268.0,0.0,,1013.5,,1.0
2024-01-14,23,19.7,15.8,78.0,0.0,,316.0,0.0,,1013.5,,1.0
2024-01-15,0,19.4,16.2,82.0,0.0,,316.0,1.8,,1014.1,,1.0
2024-01-15,1,18.0,15.1,83.0,0.0,,323.0,0.0,,1018.0,,5.0
2024-01-15,2,18.0,16.0,88.0,0.0,,0.0,0.0,,1018.0,,5.0
2024-01-15,3,21.0,17.6,81.0,0.0,,0.0,0.0,,1016.0,,5.0
2024-01-15,4,26.0,16.0,54.0,0.0,,190.0,7.6,,1019.0,,5.0
2024-01-15,5,28.0,16.0,48.0,0.0,,200.0,5.4,,1019.0,,5.0
2024-01-15,6,28.0,18.7,57.0,0.0,,331.0,3.6,,1014.1,,5.0
2024-01-15,7,30.0,12.9,35.0,0.0,,321.0,1.8,,1016.0,,5.0
2024-01-15,8,29.0,12.8,37.0,0.0,,250.0,7.6,,1015.0,,5.0
2024-01-15,9,31.2,13.9,35.0,0.0,,320.0,5.4,,1009.7,,5.0
2024-01-15,10,30.0,12.0,33.0,0.0,,0.0,0.0,,1014.0,,5.0
2024-01-15,11,30.0,12.0,33.0,0.0,,290.0,5.4,,1014.0,,5.0
2024-01-15,12,29.6,14.6,40.0,0.0,,0.0,0.0,,1009.5,,5.0
2024-01-15,13,28.0,13.1,40.0,0.0,,322.0,1.8,,1015.0,,5.0
2024-01-15,14,26.0,16.0,54.0,0.0,,80.0,13.0,,1016.0,,5.0
2024-01-15,15,25.6,19.0,67.0,0.0,,90.0,7.6,,1012.3,,5.0
2024-01-15,16,24.0,18.0,69.0,0.0,,110.0,7.6,,1017.0,,5.0
2024-01-15,17,23.6,18.5,73.0,0.0,,99.0,3.7,,1012.9,,2.0
2024-01-15,18,23.6,18.9,75.0,0.0,,120.0,5.4,,1012.6,,2.0
2024-01-15,19,21.9,18.3,80.0,0.0,,121.0,1.8,,1012.8,,2.0
2024-01-15,20,21.4,18.2,82.0,0.0,,122.0,1.8,,1012.4,,2.0
2024-01-15,21,22.4,19.0,81.0,0.0,,112.0,3.6,,1012.0,,2.0
2024-01-15,22,21.7,18.7,83.0,0.0,,282.0,1.8,,1011.9,,2.0
2024-01-15,23,21.0,18.4,85.0,0.0,,282.0,1.8,,1011.8,,2.0
2024-01-16,0,21.2,18.8,86.0,0.0,,0.0,0.0,,1011.7,,2.0
2024-01-16,1,18.0,17.0,94.0,0.0,,119.0,4.0,,1016.0,,5.0
2024-01-16,2,20.0,18.0,88.0,0.0,,90.0,5.4,,1017.0,,5.0
2024-01-16,3,22.0,18.4,80.0,0.0,,120.0,7.6,,1013.9,,5.0
2024-01-16,4,24.0,17.0,65.0,0.0,,120.0,11.2,,1018.0,,5.0
2024-01-16,5,28.0,16.9,51.0,0.0,,150.0,9.0,,1017.0,,5.0
2024-01-16,6,28.2,17.4,52.0,0.0,,160.0,7.6,,1012.1,,5.0
2024-01-16,7,30.0,14.9,40.0,0.0,,130.0,11.2,,1015.0,,5.0
2024-01-16,8,31.0,14.2,36.0,0.0,,60.0,9.4,,1014.0,,5.0
2024-01-16,9,30.0,17.5,47.0,0.0,,90.0,1.8,,1007.9,,5.0
2024-01-16,10,30.0,12.9,35.0,0.0,,107.0,5.4,,1012.0,,5.0
2024-01-16,11,28.0,15.0,45.0,0.0,,50.0,11.2,,1013.0,,5.0
2024-01-16,12,28.2,15.5,46.0,0.0,,140.0,11.2,,1008.3,,5.0
2024-01-16,13,26.0,15.1,51.0,0.0,,90.0,11.2,,1014.0,,5.0
2024-01-16,14,25.0,17.0,61.0,0.0,,90.0,9.4,,1015.0,,5.0
2024-01-16,15,25.0,17.7,64.0,0.0,,140.0,5.4,,1011.5,,5.0
2024-01-16,16,24.0,17.0,65.0,0.0,,110.0,9.4,,1015.0,,5.0
2024-01-16,17,23.9,18.3,71.0,0.0,,142.0,3.7,,1011.7,,2.0
2024-01-16,18,23.0,18.1,74.0,0.0,,145.0,3.6,,1011.9,,2.0
2024-01-16,19,22.9,18.4,76.0,0.0,,145.0,3.7,,1011.4,,2.0
2024-01-16,20,22.5,18.7,79.0,0.0,,145.0,1.8,,1011.1,,2.0
2024-01-16,21,21.4,18.0,81.0,0.0,,145.0,3.6,,1010.8,,2.0
2024-01-16,22,21.3,18.3,83.0,0.0,,143.0,1.8,,1011.0,,2.0
2024-01-16,23,20.8,18.0,84.0,0.0,,138.0,1.8,,1011.0,,2.0
2024-01-17,0,20.8,18.0,84.0,0.0,,0.0,0.0,,1011.0,,2.0
2024-01-17,1,19.0,15.1,78.0,0.0,,100.0,4.0,,1015.0,,5.0
2024-01-17,2,20.0,15.0,73.0,0.0,,100.0,3.6,,1012.5,,2.0
2024-01-17,3,21.6,15.2,67.0,0.0,,120.0,7.6,,1012.1,,2.0
2024-01-17,4,24.0,15.0,57.0,0.0,,140.0,11.2,,1012.7,,2.0
2024-01-17,5,26.0,15.1,51.0,0.0,,140.0,7.6,,1016.0,,5.0
2024-01-17,6,26.8,14.2,46.0,0.0,,140.0,13.0,,1010.4,,2.0
2024-01-17,7,30.0,14.1,38.0,0.0,,140.0,9.4,,1014.0,,5.0
2024-01-17,8,31.0,14.2,36.0,0.0,,160.0,5.4,,1012.0,,5.0
2024-01-17,9,30.4,14.1,37.0,0.0,,140.0,7.6,,1006.4,,5.0
2024-01-17,10,30.0,12.0,33.0,0.0,,130.0,5.4,,1012.0,,5.0
2024-01-17,11,29.0,14.0,40.0,0.0,,80.0,9.4,,1012.0,,5.0
2024-01-17,12,27.8,14.4,44.0,0.0,,140.0,7.6,,1007.4,,5.0
2024-01-17,13,26.0,14.1,48.0,0.0,,90.0,11.2,,1014.0,,5.0
2024-01-17,14,25.0,15.0,54.0,0.0,,100.0,13.0,,1015.0,,5.0
2024-01-17,15,24.6,16.1,59.0,0.0,,90.0,5.4,,1011.9,,5.0
2024-01-17,16,23.0,16.1,65.0,0.0,,110.0,11.2,,1016.0,,5.0
2024-01-17,17,23.0,16.1,65.0,0.0,,130.0,9.4,,1016.0,,5.0
2024-01-17,18,22.8,14.9,61.0,0.0,,140.0,5.4,,1011.5,,5.0
2024-01-17,19,22.0,15.1,65.0,0.0,,110.0,7.6,,1015.0,,5.0
2024-01-17,20,21.0,15.1,69.0,0.0,,80.0,9.4,,1014.0,,5.0
2024-01-17,21,22.0,14.9,64.0,0.0,,90.0,5.4,,1011.0,,5.0
2024-01-17,22,20.0,15.0,73.0,0.0,,90.0,5.4,,1014.0,,5.0
2024-01-17,23,20.0,13.9,68.0,0.0,,100.0,7.6,,1014.0,,5.0
2024-01-18,0,20.2,13.9,67.0,0.0,,140.0,5.4,,1011.4,,5.0
2024-01-18,1,19.0,14.1,73.0,0.0,,200.0,1.8,,1016.0,,5.0
2024-01-18,2,20.0,13.0,64.0,0.0,,190.0,5.4,,1017.0,,5.0
2024-01-18,3,21.0,14.9,68.0,0.0,,210.0,9.4,,1013.4,,5.0
2024-01-18,4,22.0,13.1,57.0,0.0,,180.0,5.4,,1018.0,,5.0
2024-01-18,5,25.0,12.9,47.0,0.0,,160.0,5.4,,1018.0,,5.0
2024-01-18,6,25.8,14.0,48.0,0.0,,140.0,5.4,,1012.4,,5.0
2024-01-18,7,29.0,12.8,37.0,0.0,,150.0,9.4,,1015.0,,5.0
2024-01-18,8,30.0,14.1,38.0,0.0,,180.0,7.6,,1014.0,,5.0
2024-01-18,9,30.4,13.2,35.0,0.0,,180.0,9.4,,1009.2,,5.0
2024-01-18,10,31.0,12.9,33.0,0.0,,180.0,9.4,,1014.0,,5.0
2024-01-18,11,30.0,14.1,38.0,0.0,,180.0,9.4,,1014.0,,5.0
2024-01-18,12,28.0,13.5,41.0,0.0,,90.0,9.4,,1009.5,,5.0
2024-01-18,13,26.0,15.1,51.0,0.0,,90.0,11.2,,1015.0,,5.0
2024-01-18,14,25.0,15.0,54.0,0.0,,90.0,11.2,,1016.0,,5.0
2024-01-18,15,24.8,14.9,54.0,0.0,,110.0,11.2,,1012.4,,5.0
2024-01-18,16,23.0,16.1,65.0,0.0,,90.0,5.4,,1017.0,,5.0
2024-01-18,17,23.0,15.1,61.0,0.0,,80.0,3.6,,1017.0,,5.0
2024-01-18,18,22.4,16.7,70.0,0.0,,110.0,3.6,,1013.3,,5.0
2024-01-18,19,21.0,16.0,73.0,0.0,,129.0,3.6,,1016.0,,5.0
2024-01-18,20,21.0,16.0,73.0,0.0,,128.0,3.6,,1015.0,,5.0
2024-01-18,21,21.8,17.2,75.0,0.0,,0.0,0.0,,1011.5,,5.0
2024-01-18,22,18.0,16.0,88.0,0.0,,131.0,1.8,,1014.0,,5.0
2024-01-18,23,18.0,16.0,88.0,0.0,,120.0,1.8,,1015.0,,5.0
2024-01-19,0,19.6,16.1,80.0,0.0,,0.0,0.0,,1012.6,,5.0
2024-01-19,1,17.0,15.0,88.0,0.0,,133.0,1.8,,1015.0,,5.0
2024-01-19,2,19.0,17.0,88.0,0.0,,90.0,9.4,,1017.0,,5.0
2024-01-19,3,21.6,18.2,81.0,0.0,,148.0,3.6,,1015.3,,5.0
2024-01-19,4,24.0,17.0,65.0,0.0,,150.0,3.6,,1019.0,,5.0
2024-01-19,5,27.0,16.0,51.0,0.0,,180.0,3.6,,1018.0,,5.0
2024-01-19,6,27.4,16.1,50.0,0.0,,180.0,1.8,,1013.7,,5.0
2024-01-19,7,30.0,14.1,38.0,0.0,,170.0,5.4,,1015.0,,5.0
2024-01-19,8,31.0,14.2,36.0,0.0,,210.0,5.4,,1015.0,,5.0
2024-01-19,9,30.2,13.1,35.0,0.0,,193.0,3.6,,1009.7,,5.0
2024-01-19,10,30.0,12.0,33.0,0.0,,110.0,11.2,,1013.0,,5.0
2024-01-19,11,29.0,12.0,35.0,0.0,,100.0,11.2,,1014.0,,5.0
2024-01-19,12,28.0,13.5,41.0,0.0,,110.0,7.6,,1009.9,,5.0
2024-01-19,13,27.0,13.0,42.0,0.0,,90.0,11.2,,1015.0,,5.0
2024-01-19,14,26.0,13.2,45.0,0.0,,90.0,9.4,,1016.0,,5.0
2024-01-19,15,25.2,16.9,60.0,0.0,,140.0,5.4,,1012.4,,5.0
2024-01-19,16,24.0,17.0,65.0,0.0,,110.0,5.4,,1017.0,,5.0
2024-01-19,17,23.0,17.0,69.0,0.0,,110.0,5.4,,1017.0,,5.0
2024-01-19,18,23.6,16.6,65.0,0.0,,140.0,5.4,,1013.1,,5.0
2024-01-19,19,22.0,16.1,69.0,0.0,,90.0,5.4,,1016.0,,5.0
2024-01-19,20,22.0,16.1,69.0,0.0,,90.0,7.0,,1016.0,,5.0
2024-01-19,21,22.0,16.7,72.0,0.0,,125.0,1.8,,1012.4,,5.0
2024-01-19,22,21.0,16.0,73.0,0.0,,129.0,3.6,,1015.0,,5.0
2024-01-19,23,20.0,15.0,73.0,0.0,,129.0,3.6,,1015.0,,5.0
2024-01-20,0,20.8,16.0,74.0,0.0,,129.0,1.8,,1012.0,,5.0
2024-01-20,1,20.0,16.0,78.0,0.0,,138.0,5.4,,1017.0,,5.0
2024-01-20,2,21.0,13.9,64.0,0.0,,110.0,11.2,,1017.0,,5.0
2024-01-20,3,20.4,15.2,72.0,0.0,,70.0,5.4,,1016.1,,5.0
2024-01-20,4,22.0,14.1,61.0,0.0,,90.0,9.4,,1020.0,,5.0
2024-01-20,5,24.0,15.0,57.0,0.0,,110.0,9.4,,1019.0,,5.0
2024-01-20,6,24.6,15.8,58.0,0.0,,110.0,3.6,,1014.5,,5.0
2024-01-20,7,28.0,13.1,40.0,0.0,,110.0,13.0,,1017.0,,5.0
2024-01-20,8,30.0,12.9,35.0,0.0,,130.0,13.0,,1016.0,,5.0
2024-01-20,9,29.2,13.8,39.0,0.0,,140.0,5.4,,1011.3,,5.0
2024-01-20,10,30.0,14.1,38.0,0.0,,120.0,11.0,,1015.0,,5.0
2024-01-20,11,29.0,15.9,45.0,0.0,,140.0,11.2,,1015.0,,5.0
2024-01-20,12,27.2,17.4,55.0,0.0,,110.0,7.6,,1011.7,,5.0
2024-01-20,13,26.0,17.1,58.0,0.0,,100.0,11.2,,1016.0,,5.0
2024-01-20,14,25.0,17.0,61.0,0.0,,100.0,9.4,,1017.0,,5.0
2024-01-20,15,24.8,18.0,66.0,0.0,,140.0,5.4,,1014.1,,5.0
2024-01-20,16,24.0,17.0,65.0,0.0,,100.0,11.2,,1018.0,,5.0
2024-01-20,17,23.0,17.0,69.0,0.0,,100.0,7.6,,1018.0,,5.0
2024-01-20,18,23.6,18.7,74.0,0.0,,100.0,9.4,,1013.9,,5.0
2024-01-20,19,22.0,16.9,73.0,0.0,,110.0,7.6,,1017.0,,5.0
2024-01-20,20,22.0,16.1,69.0,0.0,,100.0,3.6,,1016.0,,5.0
2024-01-20,21,22.0,17.8,77.0,0.0,,110.0,5.4,,1013.3,,5.0
2024-01-20,22,21.0,17.0,78.0,0.0,,100.0,3.6,,1015.0,,5.0
2024-01-20,23,20.0,17.0,83.0,0.0,,100.0,5.4,,1015.0,,5.0
2024-01-21,0,20.8,17.4,81.0,0.0,,90.0,7.6,,1013.2,,5.0
2024-01-21,1,20.0,17.0,83.0,0.0,,100.0,5.4,,1018.0,,5.0
2024-01-21,2,19.0,17.0,88.0,0.0,,195.0,3.6,,1019.0,,5.0
2024-01-21,3,22.0,18.0,78.0,0.0,,220.0,1.8,,1016.2,,5.0
2024-01-21,4,24.0,16.0,61.0,0.0,,220.0,7.6,,1019.0,,5.0
2024-01-21,5,26.0,16.0,54.0,0.0,,220.0,1.8,,1019.0,,5.0
2024-01-21,6,27.4,17.0,53.0,0.0,,210.0,9.4,,1014.5,,5.0
2024-01-21,7,29.0,16.9,48.0,0.0,,228.0,4.0,,1017.0,,5.0
2024-01-21,8,30.0,14.1,38.0,0.0,,160.0,5.4,,1015.0,,5.0
2024-01-21,9,31.0,13.8,35.0,0.0,,140.0,7.6,,1010.0,,5.0
2024-01-21,10,31.0,11.9,31.0,0.0,,140.0,7.6,,1014.0,,5.0
2024-01-21,11,30.0,14.9,40.0,0.0,,140.0,11.2,,1014.0,,2.0
2024-01-21,12,28.8,16.0,46.0,0.0,,100.0,11.2,,1010.4,,2.0
2024-01-21,13,27.0,16.0,51.0,0.0,,100.0,11.2,,1016.0,,2.0
2024-01-21,14,26.0,15.1,51.0,0.0,,120.0,9.4,,1017.0,,2.0
2024-01-21,15,25.8,16.4,56.0,0.0,,110.0,9.4,,1012.9,,2.0
2024-01-21,16,24.0,17.0,65.0,0.0,,110.0,9.4,,1018.0,,5.0
2024-01-21,17,24.0,17.0,65.0,0.0,,100.0,7.6,,1017.0,,5.0
2024-01-21,18,23.8,18.2,71.0,0.0,,70.0,3.6,,1013.6,,5.0
2024-01-21,19,22.0,16.9,73.0,0.0,,80.0,7.6,,1017.0,,5.0
2024-01-21,20,22.0,18.0,78.0,0.0,,80.0,7.6,,1017.0,,5.0
2024-01-21,21,22.2,18.6,80.0,0.0,,110.0,5.4,,1012.9,,5.0
2024-01-21,22,20.0,17.0,83.0,0.0,,120.0,5.4,,1016.0,,5.0
2024-01-21,23,20.0,18.0,88.0,0.0,,97.0,5.4,,1016.0,,5.0
2024-01-22,0,21.6,18.8,84.0,0.0,,140.0,3.6,,1013.5,,5.0
2024-01-22,1,20.0,18.0,88.0,0.0,,122.0,5.4,,1018.0,,5.0
2024-01-22,2,20.0,18.0,88.0,0.0,,70.0,9.4,,1019.0,,5.0
2024-01-22,3,22.0,18.6,81.0,0.0,,140.0,3.6,,1016.9,,5.0
2024-01-22,4,25.0,18.0,65.0,0.0,,240.0,3.6,,1020.0,,5.0
2024-01-22,5,27.0,18.0,58.0,0.0,,150.0,5.4,,1020.0,,5.0
2024-01-22,6,28.0,17.2,52.0,0.0,,140.0,3.6,,1015.7,,5.0
2024-01-22,7,31.0,14.2,36.0,0.0,,170.0,11.2,,1017.0,,5.0
2024-01-22,8,31.0,14.2,36.0,0.0,,200.0,5.4,,1016.0,,5.0
2024-01-22,9,30.6,15.1,39.0,0.0,,180.0,5.4,,1011.6,,5.0
2024-01-22,10,30.0,16.1,43.0,0.0,,160.0,5.4,,1015.0,,2.0
2024-01-22,11,29.0,16.9,48.0,0.0,,110.0,13.0,,1015.0,,2.0
2024-01-22,12,28.4,17.0,50.0,0.0,,110.0,9.4,,1011.6,,2.0
2024-01-22,13,27.0,16.9,54.0,0.0,,100.0,9.4,,1017.0,,5.0
2024-01-22,14,26.0,17.1,58.0,0.0,,110.0,7.6,,1018.0,,5.0
2024-01-22,15,25.4,17.6,62.0,0.0,,140.0,7.6,,1014.0,,5.0
2024-01-22,16,24.0,18.0,69.0,0.0,,110.0,9.4,,1018.0,,5.0
2024-01-22,17,24.0,18.0,69.0,0.0,,110.0,9.4,,1018.0,,5.0
2024-01-22,18,23.8,18.7,73.0,0.0,,110.0,5.4,,1014.4,,2.0
2024-01-22,19,23.7,19.0,75.0,0.0,,134.0,5.5,,1014.1,,2.0
2024-01-22,20,23.3,19.0,77.0,0.0,,130.0,3.7,,1013.8,,2.0
2024-01-22,21,22.4,19.8,85.0,0.0,,110.0,3.6,,1013.6,,2.0
2024-01-22,22,22.0,19.5,86.0,0.0,,115.0,3.7,,1013.6,,1.0
2024-01-22,23,21.6,19.5,88.0,0.0,,120.0,3.7,,1013.7,,1.0
2024-01-23,0,21.0,18.6,86.0,0.0,,127.0,3.6,,1014.7,,1.0
2024-01-23,1,20.0,18.0,88.0,0.0,,139.0,4.0,,1018.0,,5.0
2024-01-23,2,21.0,18.0,83.0,0.0,,151.0,3.6,,1018.0,,5.0
2024-01-23,3,22.4,18.0,76.0,0.0,,150.0,3.6,,1015.3,,5.0
2024-01-23,4,25.0,17.0,61.0,0.0,,150.0,7.6,,1019.0,,5.0
2024-01-23,5,28.0,15.0,45.0,0.0,,170.0,16.6,,1018.0,,5.0
2024-01-23,6,27.5,17.7,55.0,0.0,,250.0,7.6,,1014.1,,5.0
2024-01-23,7,30.0,12.9,35.0,0.0,,220.0,16.6,,1016.0,,5.0
2024-01-23,8,31.0,12.9,33.0,0.0,,180.0,13.0,,1015.0,,5.0
2024-01-23,9,30.8,14.0,36.0,0.0,,140.0,5.4,,1010.1,,5.0
2024-01-23,10,30.0,12.0,33.0,0.0,,200.0,13.0,,1014.0,,5.0
2024-01-23,11,30.0,12.9,35.0,0.0,,180.0,14.8,,1014.0,,5.0
2024-01-23,12,29.6,15.3,42.0,0.0,,140.0,7.6,,1009.7,,5.0
2024-01-23,13,27.0,14.1,45.0,0.0,,180.0,3.6,,1015.0,,5.0
2024-01-23,14,26.0,15.1,51.0,0.0,,126.0,3.6,,1015.0,,5.0
2024-01-23,15,26.2,17.3,58.0,0.0,,110.0,5.4,,1011.6,,5.0
2024-01-23,16,25.0,17.0,61.0,0.0,,130.0,9.4,,1017.0,,5.0
2024-01-23,17,24.9,18.1,66.0,0.0,,118.0,1.8,,1012.2,,2.0
2024-01-23,18,24.0,18.2,70.0,0.0,,140.0,5.4,,1012.5,,2.0
2024-01-23,19,23.7,18.6,73.0,0.0,,115.0,3.7,,1012.4,,2.0
2024-01-23,20,23.2,18.5,75.0,0.0,,112.0,1.8,,1012.2,,2.0
2024-01-23,21,22.6,19.2,81.0,0.0,,106.0,1.8,,1011.9,,2.0
2024-01-23,22,22.1,19.1,83.0,0.0,,127.0,1.8,,1012.1,,2.0
2024-01-23,23,21.7,19.1,85.0,0.0,,127.0,1.8,,1012.3,,2.0
2024-01-24,0,22.2,19.4,84.0,0.0,,0.0,0.0,,1012.7,,2.0
2024-01-24,1,21.6,19.2,86.0,0.0,,144.0,1.8,,1013.6,,2.0
2024-01-24,2,22.0,18.0,78.0,0.0,,157.0,3.6,,1019.0,,5.0
2024-01-24,3,22.2,18.8,81.0,0.0,,167.0,3.6,,1015.7,,5.0
2024-01-24,4,23.0,18.1,74.0,0.0,,280.0,5.4,,1019.0,,5.0
2024-01-24,5,27.0,16.0,51.0,0.0,,180.0,7.6,,1019.0,,5.0
2024-01-24,6,27.8,17.0,52.0,0.0,,210.0,7.6,,1014.1,,5.0
2024-01-24,7,31.0,14.2,36.0,0.0,,200.0,13.0,,1016.0,,5.0
2024-01-24,8,30.0,16.1,43.0,0.0,,140.0,9.4,,1015.0,,5.0
2024-01-24,9,30.0,16.4,44.0,0.0,,140.0,3.6,,1010.8,,5.0
2024-01-24,10,30.0,14.1,38.0,0.0,,140.0,9.4,,1014.0,,5.0
2024-01-24,11,29.0,15.2,43.0,0.0,,110.0,11.0,,1014.0,,5.0
2024-01-24,12,28.4,16.0,47.0,0.0,,90.0,9.4,,1010.2,,5.0
2024-01-24,13,27.0,16.0,51.0,0.0,,30.0,9.4,,1016.0,,5.0
2024-01-24,14,26.0,16.0,54.0,0.0,,50.0,11.2,,1017.0,,5.0
2024-01-24,15,25.6,19.7,70.0,0.0,,50.0,11.2,,1013.8,,5.0
2024-01-24,16,24.0,19.1,74.0,0.0,,50.0,11.2,,1018.0,,5.0
2024-01-24,17,23.8,16.1,62.0,0.0,,80.0,3.7,,1014.0,,2.0
2024-01-24,18,23.2,19.2,78.0,0.0,,70.0,5.4,,1014.9,,2.0
2024-01-24,19,22.5,16.1,67.0,0.0,,85.0,3.7,,1014.3,,2.0
2024-01-24,20,22.1,16.1,69.0,0.0,,83.0,1.8,,1014.2,,2.0
2024-01-24,21,22.0,19.0,83.0,0.0,,82.0,3.6,,1014.4,,2.0
2024-01-24,22,21.5,18.5,83.0,0.0,,75.0,3.7,,1014.5,,3.0
2024-01-24,23,20.9,17.9,83.0,0.0,,75.0,3.7,,1014.7,,3.0
2024-01-25,0,20.6,16.0,75.0,0.0,,75.0,1.8,,1015.1,,3.0
2024-01-25,1,20.0,15.0,73.0,0.0,,78.0,4.0,,1019.0,,5.0
2024-01-25,2,20.0,15.0,73.0,0.0,,50.0,7.6,,1020.0,,5.0
2024-01-25,3,21.6,17.6,78.0,0.0,,90.0,7.6,,1017.7,,5.0
2024-01-25,4,23.0,14.0,57.0,0.0,,50.0,11.2,,1021.0,,5.0
2024-01-25,5,24.0,12.9,50.0,0.0,,70.0,18.4,,1021.0,,5.0
2024-01-25,6,25.6,14.7,51.0,0.0,,60.0,7.6,,1016.7,,5.0
2024-01-25,7,27.0,14.1,45.0,0.0,,110.0,9.4,,1019.0,,5.0
2024-01-25,8,27.0,14.1,45.0,0.0,,85.0,3.6,,1018.0,,5.0
2024-01-25,9,28.8,13.9,40.0,0.0,,80.0,7.6,,1013.4,,5.0
2024-01-25,10,28.0,13.1,40.0,0.0,,89.0,3.6,,1017.0,,5.0
2024-01-25,11,27.0,14.1,45.0,0.0,,90.0,11.2,,1017.0,,5.0
2024-01-25,12,27.6,15.3,47.0,0.0,,90.0,7.6,,1013.5,,5.0
2024-01-25,13,26.0,15.1,51.0,0.0,,80.0,9.4,,1018.0,,5.0
2024-01-25,14,24.0,16.0,61.0,0.0,,80.0,11.2,,1019.0,,5.0
2024-01-25,15,24.8,17.0,62.0,0.0,,60.0,9.4,,1015.8,,5.0
2024-01-25,16,23.0,14.0,57.0,0.0,,50.0,7.6,,1020.0,,5.0
2024-01-25,17,23.2,16.7,67.0,0.0,,77.0,3.7,,1016.4,,2.0
2024-01-25,18,22.0,15.1,65.0,0.0,,77.0,1.8,,1017.1,,2.0
2024-01-25,19,22.0,16.7,72.0,0.0,,78.0,1.8,,1016.6,,2.0
2024-01-25,20,21.5,16.7,74.0,0.0,,81.0,1.8,,1016.5,,2.0
2024-01-25,21,19.8,14.6,72.0,0.0,,84.0,1.8,,1017.0,,2.0
2024-01-25,22,19.6,14.6,73.0,0.0,,106.0,1.8,,1017.0,,2.0
2024-01-25,23,19.4,14.9,75.0,0.0,,106.0,1.8,,1017.0,,2.0
2024-01-26,0,20.2,11.9,59.0,0.0,,50.0,3.6,,1016.6,,2.0
2024-01-26,1,17.0,11.9,72.0,0.0,,112.0,2.0,,1021.0,,5.0
2024-01-26,2,18.0,11.1,64.0,0.0,,80.0,1.8,,1021.0,,5.0
2024-01-26,3,21.4,14.5,65.0,0.0,,90.0,13.0,,1018.7,,5.0
2024-01-26,4,22.0,16.1,69.0,0.0,,100.0,9.4,,1023.0,,5.0
2024-01-26,5,24.0,16.0,61.0,0.0,,90.0,9.4,,1023.0,,5.0
2024-01-26,6,25.4,18.1,64.0,0.0,,90.0,5.4,,1018.9,,5.0
2024-01-26,7,28.0,16.9,51.0,0.0,,130.0,9.4,,1020.0,,2.0
2024-01-26,8,28.0,16.0,48.0,0.0,,50.0,11.2,,1020.0,,2.0
2024-01-26,9,29.4,15.9,44.0,0.0,,110.0,9.4,,1014.7,,2.0
2024-01-26,10,29.0,15.2,43.0,0.0,,90.0,9.4,,1018.0,,5.0
2024-01-26,11,28.0,15.0,45.0,0.0,,70.0,9.4,,1019.0,,5.0
2024-01-26,12,28.2,16.2,48.0,0.0,,100.0,9.4,,1014.5,,5.0
2024-01-26,13,26.0,15.1,51.0,0.0,,80.0,9.4,,1019.0,,5.0
2024-01-26,14,25.0,15.9,57.0,0.0,,90.0,5.4,,1021.0,,5.0
2024-01-26,15,25.0,16.4,59.0,0.0,,90.0,3.6,,1017.1,,5.0
2024-01-26,16,24.0,16.0,61.0,0.0,,90.0,7.6,,1021.0,,5.0
2024-01-26,17,23.5,16.5,65.0,0.0,,93.0,3.7,,1017.8,,2.0
2024-01-26,18,23.0,17.7,72.0,0.0,,90.0,3.6,,1018.6,,2.0
2024-01-26,19,22.2,16.5,70.0,0.0,,94.0,1.8,,1017.9,,2.0
2024-01-26,20,21.7,16.4,72.0,0.0,,89.0,1.8,,1017.8,,2.0
2024-01-26,21,21.6,16.8,74.0,0.0,,0.0,0.0,,1017.8,,2.0
2024-01-26,22,21.1,16.9,77.0,0.0,,86.0,0.0,,1017.8,,2.0
2024-01-26,23,20.5,17.1,81.0,0.0,,101.0,1.8,,1017.7,,2.0
2024-01-27,0,21.0,17.8,82.0,0.0,,0.0,0.0,,1017.4,,2.0
2024-01-27,1,20.0,18.0,88.0,0.0,,130.0,9.0,,1021.0,,5.0
2024-01-27,2,20.0,18.0,88.0,0.0,,120.0,3.6,,1022.0,,5.0
2024-01-27,3,21.8,19.0,84.0,0.0,,140.0,5.4,,1019.8,,5.0
2024-01-27,4,22.0,18.0,78.0,0.0,,120.0,9.4,,1023.0,,5.0
2024-01-27,5,24.0,17.0,65.0,0.0,,100.0,7.6,,1023.0,,5.0
2024-01-27,6,26.0,17.4,59.0,0.0,,90.0,5.4,,1018.7,,5.0
2024-01-27,7,27.0,16.0,51.0,0.0,,80.0,3.6,,1021.0,,5.0
2024-01-27,8,27.0,16.0,51.0,0.0,,40.0,7.6,,1019.0,,5.0
2024-01-27,9,28.4,15.7,46.0,0.0,,20.0,9.4,,1014.7,,5.0
2024-01-27,10,28.0,16.0,48.0,0.0,,50.0,7.0,,1018.0,,5.0
2024-01-27,11,27.0,16.0,51.0,0.0,,110.0,11.2,,1018.0,,5.0
2024-01-27,12,27.6,16.6,51.0,0.0,,140.0,5.4,,1014.5,,5.0
2024-01-27,13,26.0,15.1,51.0,0.0,,90.0,3.6,,1020.0,,5.0
2024-01-27,14,24.0,16.0,61.0,0.0,,98.0,5.4,,1020.0,,5.0
2024-01-27,15,24.2,17.0,64.0,0.0,,90.0,5.4,,1017.3,,5.0
2024-01-27,16,22.0,16.1,69.0,0.0,,90.0,9.4,,1021.0,,5.0
2024-01-27,17,22.6,16.6,69.0,0.0,,94.0,3.7,,1017.8,,1.0
2024-01-27,18,22.4,16.7,70.0,0.0,,100.0,1.8,,1017.4,,1.0
2024-01-27,19,21.2,16.4,74.0,0.0,,102.0,1.8,,1017.8,,1.0
2024-01-27,20,20.6,16.2,76.0,0.0,,106.0,1.8,,1017.5,,1.0
2024-01-27,21,20.0,16.8,82.0,0.0,,0.0,0.0,,1017.3,,1.0
2024-01-27,22,19.5,16.5,83.0,0.0,,107.0,0.0,,1017.2,,1.0
2024-01-27,23,18.9,16.5,86.0,0.0,,127.0,0.0,,1017.1,,1.0
2024-01-28,0,18.8,16.2,85.0,0.0,,0.0,0.0,,1017.5,,1.0
2024-01-28,1,16.0,14.0,88.0,0.0,,131.0,4.0,,1021.0,,5.0
2024-01-28,2,16.0,15.0,94.0,0.0,,110.0,3.6,,1021.0,,5.0
2024-01-28,3,21.2,16.4,74.0,0.0,,120.0,7.6,,1018.2,,5.0
2024-01-28,4,24.0,16.0,61.0,0.0,,130.0,9.4,,1023.0,,5.0
2024-01-28,5,25.0,15.0,54.0,0.0,,130.0,9.4,,1022.0,,5.0
2024-01-28,6,26.6,12.3,41.0,0.0,,140.0,5.4,,1017.9,,5.0
2024-01-28,7,28.0,12.0,37.0,0.0,,70.0,9.4,,1020.0,,5.0
2024-01-28,8,28.0,10.2,33.0,0.0,,110.0,9.4,,1020.0,,5.0
2024-01-28,9,29.2,6.6,24.0,0.0,,110.0,5.4,,1014.5,,5.0
2024-01-28,10,28.0,7.3,27.0,0.0,,60.0,13.0,,1018.0,,5.0
2024-01-28,11,28.0,6.1,25.0,0.0,,70.0,7.6,,1018.0,,5.0
2024-01-28,12,27.6,6.4,26.0,0.0,,90.0,5.4,,1014.3,,5.0
2024-01-28,13,26.0,8.0,32.0,0.0,,100.0,5.4,,1019.0,,5.0
2024-01-28,14,24.0,12.0,47.0,0.0,,100.0,7.6,,1020.0,,5.0
2024-01-28,15,24.6,15.0,55.0,0.0,,90.0,3.6,,1016.8,,5.0
2024-01-28,16,23.0,12.0,50.0,0.0,,90.0,7.6,,1021.0,,5.0
2024-01-28,17,23.0,14.8,60.0,0.0,,98.0,3.7,,1017.4,,2.0
2024-01-28,18,22.2,13.3,57.0,0.0,,90.0,5.4,,1016.9,,2.0
2024-01-28,19,21.5,15.1,67.0,0.0,,108.0,1.8,,1017.4,,2.0
2024-01-28,20,20.8,15.1,70.0,0.0,,113.0,1.8,,1017.1,,1.0
2024-01-28,21,20.2,16.6,80.0,0.0,,121.0,3.6,,1017.2,,1.0
2024-01-28,22,19.6,14.4,72.0,0.0,,100.0,1.8,,1016.6,,1.0
2024-01-28,23,19.1,14.8,76.0,0.0,,103.0,1.8,,1016.4,,1.0
2024-01-29,0,18.6,15.3,81.0,0.0,,107.0,1.8,,1016.2,,1.0
2024-01-29,1,16.0,14.0,88.0,0.0,,122.0,2.0,,1020.0,,5.0
2024-01-29,2,17.0,15.0,88.0,0.0,,133.0,1.8,,1021.0,,5.0
2024-01-29,3,21.0,16.6,76.0,0.0,,140.0,3.6,,1018.2,,5.0
2024-01-29,4,23.0,17.0,69.0,0.0,,150.0,13.0,,1022.0,,5.0
2024-01-29,5,24.0,17.0,65.0,0.0,,130.0,7.6,,1022.0,,5.0
2024-01-29,6,24.6,16.8,62.0,0.0,,140.0,7.6,,1017.4,,5.0
2024-01-29,7,27.0,15.1,48.0,0.0,,120.0,11.2,,1019.0,,5.0
2024-01-29,8,27.0,14.1,45.0,0.0,,100.0,5.4,,1018.0,,5.0
2024-01-29,9,28.6,14.1,41.0,0.0,,110.0,9.4,,1013.2,,5.0
2024-01-29,10,28.0,13.9,42.0,0.0,,110.0,9.4,,1017.0,,5.0
2024-01-29,11,28.0,12.0,37.0,0.0,,50.0,11.2,,1017.0,,5.0
2024-01-29,12,26.8,13.9,45.0,0.0,,140.0,7.6,,1013.0,,5.0
2024-01-29,13,26.0,14.1,48.0,0.0,,90.0,11.2,,1018.0,,5.0
2024-01-29,14,24.0,14.1,54.0,0.0,,90.0,5.4,,1019.0,,5.0
2024-01-29,15,24.2,14.6,55.0,0.0,,90.0,9.4,,1015.4,,5.0
2024-01-29,16,23.0,14.0,57.0,0.0,,90.0,9.4,,1020.0,,5.0
2024-01-29,17,23.0,15.1,61.0,0.0,,116.0,3.7,,1016.1,,2.0
2024-01-29,18,22.2,14.3,61.0,0.0,,114.0,3.6,,1016.2,,2.0
2024-01-29,19,21.7,15.3,67.0,0.0,,114.0,1.8,,1016.0,,2.0
2024-01-29,20,21.1,15.4,70.0,0.0,,115.0,1.8,,1015.6,,1.0
2024-01-29,21,21.2,15.1,68.0,0.0,,0.0,0.0,,1014.3,,1.0
2024-01-29,22,20.5,15.3,72.0,0.0,,123.0,0.0,,1014.5,,1.0
2024-01-29,23,19.9,15.5,76.0,0.0,,130.0,0.0,,1014.7,,1.0
2024-01-30,0,18.2,14.9,81.0,0.0,,0.0,0.0,,1014.5,,1.0
2024-01-30,1,16.0,14.0,88.0,0.0,,142.0,4.0,,1019.0,,5.0
2024-01-30,2,17.0,15.0,88.0,0.0,,147.0,1.8,,1020.0,,5.0
2024-01-30,3,21.0,15.3,70.0,0.0,,140.0,7.6,,1017.0,,5.0
2024-01-30,4,23.0,14.0,57.0,0.0,,120.0,9.4,,1020.0,,5.0
2024-01-30,5,26.0,13.2,45.0,0.0,,150.0,5.4,,1020.0,,5.0
2024-01-30,6,27.0,12.3,40.0,0.0,,190.0,7.6,,1014.9,,5.0
2024-01-30,7,28.0,12.0,37.0,0.0,,170.0,3.6,,1017.0,,5.0
2024-01-30,8,29.0,11.1,33.0,0.0,,40.0,11.2,,1017.0,,5.0
2024-01-30,9,30.0,11.5,32.0,0.0,,143.0,3.6,,1011.7,,5.0
2024-01-30,10,28.0,10.2,33.0,0.0,,50.0,11.2,,1015.0,,5.0
2024-01-30,11,28.0,10.2,33.0,0.0,,90.0,9.4,,1016.0,,5.0
2024-01-30,12,28.0,11.1,35.0,0.0,,90.0,5.4,,1011.9,,5.0
2024-01-30,13,26.0,10.2,37.0,0.0,,90.0,11.2,,1017.0,,5.0
2024-01-30,14,25.0,14.2,51.0,0.0,,90.0,9.4,,1018.0,,5.0
2024-01-30,15,24.4,14.2,53.0,0.0,,110.0,9.4,,1014.8,,5.0
2024-01-30,16,23.0,15.1,61.0,0.0,,115.0,5.4,,1020.0,,5.0
2024-01-30,17,23.1,14.4,58.0,0.0,,123.0,5.5,,1015.2,,2.0
2024-01-30,18,22.6,14.7,61.0,0.0,,110.0,3.6,,1015.2,,2.0
2024-01-30,19,21.9,14.8,64.0,0.0,,141.0,3.7,,1015.1,,2.0
2024-01-30,20,21.4,14.8,66.0,0.0,,140.0,1.8,,1014.8,,2.0
2024-01-30,21,20.6,14.7,69.0,0.0,,0.0,0.0,,1014.0,,1.0
2024-01-30,22,20.1,14.7,71.0,0.0,,137.0,0.0,,1014.1,,1.0
2024-01-30,23,19.7,14.7,73.0,0.0,,136.0,0.0,,1014.2,,1.0
2024-01-31,0,19.6,15.0,75.0,0.0,,0.0,0.0,,1014.7,,1.0
2024-01-31,1,19.0,14.1,73.0,0.0,,110.0,9.0,,1018.0,,5.0
2024-01-31,2,19.0,14.1,73.0,0.0,,141.0,3.6,,1019.0,,5.0
2024-01-31,3,21.6,16.6,73.0,0.0,,110.0,7.6,,1016.5,,5.0
2024-01-31,4,24.0,7.2,34.0,0.0,,170.0,13.0,,1020.0,,5.0
2024-01-31,5,26.0,8.0,32.0,0.0,,110.0,13.0,,1020.0,,2.0
2024-01-31,6,27.6,10.8,35.0,0.0,,140.0,7.6,,1015.3,,1.0
2024-01-31,7,31.0,6.8,22.0,0.0,,170.0,7.6,,1017.0,,2.0
2024-01-31,8,31.0,6.8,22.0,0.0,,120.0,9.4,,1016.0,,2.0
2024-01-31,9,31.4,7.8,23.0,0.0,,140.0,5.4,,1011.0,,2.0
2024-01-31,10,31.0,6.1,21.0,0.0,,220.0,3.6,,1015.0,,1.0
2024-01-31,11,30.0,9.0,27.0,0.0,,110.0,5.4,,1015.0,,1.0
2024-01-31,12,29.8,10.4,30.0,0.0,,140.0,5.4,,1010.2,,5.0
2024-01-31,13,26.0,11.0,39.0,0.0,,90.0,9.4,,1016.0,,5.0
2024-01-31,14,25.0,11.9,44.0,0.0,,110.0,9.4,,1016.0,,5.0
2024-01-31,15,25.0,14.8,53.0,0.0,,140.0,5.4,,1012.6,,5.0
2024-01-31,16,24.0,12.9,50.0,0.0,,144.0,3.6,,1018.0,,5.0
2024-01-31,17,23.9,15.4,59.0,0.0,,148.0,5.5,,1013.6,,1.0
2024-01-31,18,23.2,16.3,65.0,0.0,,153.0,3.6,,1013.8,,1.0
2024-01-31,19,22.8,15.9,65.0,0.0,,151.0,3.7,,1013.9,,1.0
2024-01-31,20,22.3,16.1,68.0,0.0,,148.0,3.7,,1013.7,,1.0
2024-01-31,21,21.2,17.4,79.0,0.0,,141.0,1.8,,1013.1,,1.0
2024-01-31,22,21.5,17.1,76.0,0.0,,134.0,1.8,,1013.4,,2.0
2024-01-31,23,20.9,17.1,79.0,0.0,,129.0,1.8,,1013.5,,2.0
2024-02-01,0,19.6,18.1,91.0,0.0,,126.0,1.8,,1013.5,,2.0
2024-02-01,1,19.0,17.0,88.0,0.0,,153.0,4.0,,1018.0,,5.0
2024-02-01,2,19.0,17.0,88.0,0.0,,60.0,3.6,,1019.0,,5.0
2024-02-01,3,21.6,18.6,83.0,0.0,,0.0,0.0,,1016.5,,5.0
2024-02-01,4,25.0,17.0,61.0,0.0,,150.0,9.4,,1020.0,,5.0
2024-02-01,5,27.0,16.9,54.0,0.0,,170.0,11.2,,1019.0,,5.0
2024-02-01,6,28.4,16.7,49.0,0.0,,150.0,7.6,,1014.4,,5.0
2024-02-01,7,31.0,12.9,33.0,0.0,,200.0,14.8,,1017.0,,5.0
2024-02-01,8,31.0,9.8,27.0,0.0,,200.0,13.0,,1016.0,,5.0
2024-02-01,9,31.4,11.2,29.0,0.0,,140.0,3.6,,1010.7,,5.0
2024-02-01,10,32.0,8.3,23.0,0.0,,220.0,11.2,,1015.0,,5.0
2024-02-01,11,31.0,8.1,24.0,0.0,,180.0,11.2,,1015.0,,5.0
2024-02-01,12,30.2,8.6,26.0,0.0,,180.0,5.4,,1010.6,,5.0
2024-02-01,13,27.0,5.3,25.0,0.0,,138.0,3.6,,1016.0,,5.0
2024-02-01,14,23.0,7.9,38.0,0.0,,115.0,1.8,,1017.0,,5.0
2024-02-01,15,24.6,11.2,43.0,0.0,,0.0,0.0,,1013.4,,5.0
2024-02-01,16,20.0,10.1,53.0,0.0,,0.0,0.0,,1017.0,,5.0
2024-02-01,17,23.3,13.2,53.0,0.0,,117.0,0.0,,1014.1,,1.0
2024-02-01,18,22.8,11.8,50.0,0.0,,0.0,0.0,,1014.2,,1.0
2024-02-01,19,22.1,14.5,62.0,0.0,,155.0,0.0,,1014.2,,1.0
2024-02-01,20,21.5,15.1,67.0,0.0,,168.0,0.0,,1014.0,,1.0
2024-02-01,21,21.8,18.4,81.0,0.0,,356.0,3.6,,1013.5,,1.0
2024-02-01,22,20.6,14.0,66.0,0.0,,354.0,0.0,,1013.8,,1.0
2024-02-01,23,20.2,14.8,71.0,0.0,,353.0,0.0,,1013.9,,1.0
2024-02-02,0,21.2,18.9,87.0,0.0,,140.0,5.4,,1013.3,,1.0
2024-02-02,1,19.0,18.0,94.0,0.0,,146.0,2.0,,1018.0,,5.0
2024-02-02,2,19.0,18.0,94.0,0.0,,198.0,1.8,,1019.0,,5.0
2024-02-02,3,22.4,19.0,81.0,0.0,,207.0,1.8,,1015.9,,5.0
2024-02-02,4,26.0,17.9,61.0,0.0,,170.0,1.8,,1020.0,,5.0
2024-02-02,5,27.0,18.0,58.0,0.0,,160.0,5.4,,1020.0,,5.0
2024-02-02,6,28.2,17.7,53.0,0.0,,160.0,3.6,,1014.9,,5.0
2024-02-02,7,29.0,16.9,48.0,0.0,,90.0,5.4,,1017.0,,5.0
2024-02-02,8,30.0,14.9,40.0,0.0,,247.0,3.6,,1016.0,,5.0
2024-02-02,9,31.4,12.2,31.0,0.0,,180.0,9.4,,1011.3,,5.0
2024-02-02,10,32.0,14.2,34.0,0.0,,110.0,9.4,,1015.0,,5.0
2024-02-02,11,31.0,12.9,33.0,0.0,,200.0,3.6,,1015.0,,5.0
2024-02-02,12,31.0,10.4,28.0,0.0,,269.0,3.6,,1011.0,,2.0
2024-02-02,13,28.0,16.9,51.0,0.0,,100.0,9.0,,1016.0,,2.0
2024-02-02,14,27.0,16.9,54.0,0.0,,120.0,7.6,,1017.0,,2.0
2024-02-02,15,27.0,17.8,57.0,0.0,,70.0,9.4,,1013.6,,2.0
2024-02-02,16,25.0,18.9,69.0,0.0,,80.0,9.4,,1018.0,,3.0
2024-02-02,17,25.2,17.9,64.0,0.0,,88.0,1.8,,1014.2,,3.0
2024-02-02,18,25.4,18.3,65.0,0.0,,88.0,3.6,,1014.1,,2.0
2024-02-02,19,23.7,17.9,70.0,0.0,,81.0,1.8,,1014.4,,2.0
2024-02-02,20,23.1,18.0,73.0,0.0,,68.0,1.8,,1014.3,,2.0
2024-02-02,21,24.0,19.1,74.0,0.0,,0.0,0.0,,1013.9,,2.0
2024-02-02,22,23.4,19.1,77.0,0.0,,60.0,0.0,,1014.0,,2.0
2024-02-02,23,22.8,19.2,80.0,0.0,,102.0,0.0,,1014.1,,2.0
2024-02-03,0,22.4,20.3,88.0,0.0,,0.0,0.0,,1014.7,,2.0
2024-02-03,1,22.0,19.9,88.0,0.0,,80.0,11.0,,1019.0,,5.0
2024-02-03,2,22.0,19.0,83.0,0.0,,80.0,14.8,,1019.0,,5.0
2024-02-03,3,22.8,19.2,80.0,0.0,,90.0,9.4,,1017.4,,5.0
2024-02-03,4,24.0,19.1,74.0,0.0,,80.0,16.6,,1021.0,,5.0
2024-02-03,5,25.0,18.0,65.0,0.0,,80.0,16.6,,1021.0,,5.0
2024-02-03,6,27.0,17.2,55.0,0.0,,90.0,5.4,,1017.1,,5.0
2024-02-03,7,28.0,16.9,51.0,0.0,,80.0,16.6,,1019.0,,5.0
2024-02-03,8,29.0,16.9,48.0,0.0,,60.0,11.2,,1017.0,,5.0
2024-02-03,9,29.4,17.6,49.0,0.0,,50.0,11.2,,1013.2,,5.0
2024-02-03,10,30.0,16.1,43.0,0.0,,110.0,11.2,,1017.0,,5.0
2024-02-03,11,30.0,17.1,46.0,0.0,,70.0,11.2,,1017.0,,5.0
2024-02-03,12,29.0,17.5,50.0,0.0,,140.0,3.6,,1012.3,,5.0
2024-02-03,13,27.0,16.9,54.0,0.0,,90.0,9.4,,1018.0,,5.0
2024-02-03,14,26.0,17.1,58.0,0.0,,100.0,11.2,,1019.0,,5.0
2024-02-03,15,26.2,17.3,58.0,0.0,,90.0,7.6,,1015.1,,5.0
2024-02-03,16,25.0,17.0,61.0,0.0,,80.0,9.4,,1020.0,,5.0
2024-02-03,17,24.8,17.8,65.0,0.0,,92.0,3.7,,1015.8,,2.0
2024-02-03,18,24.6,17.1,63.0,0.0,,90.0,3.6,,1016.4,,2.0
2024-02-03,19,23.6,18.0,71.0,0.0,,94.0,1.8,,1016.0,,2.0
2024-02-03,20,23.1,18.2,74.0,0.0,,92.0,1.8,,1015.9,,2.0
2024-02-03,21,22.4,18.0,76.0,0.0,,0.0,0.0,,1015.5,,2.0
2024-02-03,22,22.1,18.1,78.0,0.0,,184.0,0.0,,1015.9,,2.0
2024-02-03,23,21.6,18.0,80.0,0.0,,166.0,0.0,,1016.0,,2.0
2024-02-04,0,21.0,18.6,86.0,0.0,,0.0,0.0,,1016.3,,2.0
2024-02-04,1,19.0,18.0,94.0,0.0,,126.0,2.0,,1020.0,,5.0
2024-02-04,2,20.0,18.0,88.0,0.0,,0.0,0.0,,1021.0,,5.0
2024-02-04,3,23.4,19.1,77.0,0.0,,110.0,3.6,,1018.1,,5.0
2024-02-04,4,26.0,17.9,61.0,0.0,,110.0,9.4,,1022.0,,5.0
2024-02-04,5,27.0,16.9,54.0,0.0,,80.0,14.8,,1022.0,,5.0
2024-02-04,6,29.0,17.8,51.0,0.0,,50.0,5.4,,1017.6,,5.0
2024-02-04,7,30.0,16.1,43.0,0.0,,120.0,7.6,,1020.0,,5.0
2024-02-04,8,30.0,14.1,38.0,0.0,,30.0,7.6,,1019.0,,5.0
2024-02-04,9,31.2,16.4,41.0,0.0,,40.0,7.6,,1013.8,,5.0
2024-02-04,10,30.0,14.1,38.0,0.0,,80.0,13.0,,1018.0,,5.0
2024-02-04,11,30.0,14.1,38.0,0.0,,70.0,13.0,,1018.0,,5.0
2024-02-04,12,29.8,15.9,43.0,0.0,,90.0,5.4,,1013.5,,5.0
2024-02-04,13,28.0,16.9,51.0,0.0,,110.0,11.2,,1019.0,,5.0
2024-02-04,14,26.0,17.1,58.0,0.0,,100.0,13.0,,1019.0,,5.0
2024-02-04,15,26.4,19.3,65.0,0.0,,90.0,5.4,,1015.8,,5.0
2024-02-04,16,25.0,17.0,61.0,0.0,,100.0,7.6,,1021.0,,5.0
2024-02-04,17,25.1,19.2,70.0,0.0,,98.0,3.7,,1016.4,,2.0
2024-02-04,18,24.8,19.6,73.0,0.0,,110.0,5.4,,1016.6,,2.0
2024-02-04,19,24.0,19.5,76.0,0.0,,109.0,1.8,,1016.4,,2.0
2024-02-04,20,23.4,19.3,78.0,0.0,,113.0,1.8,,1016.1,,1.0
2024-02-04,21,23.0,20.0,83.0,0.0,,110.0,5.4,,1015.7,,1.0
2024-02-04,22,22.5,19.3,82.0,0.0,,124.0,1.8,,1015.8,,1.0
2024-02-04,23,22.0,19.2,84.0,0.0,,128.0,1.8,,1015.9,,1.0
2024-02-05,0,22.0,19.5,86.0,0.0,,0.0,0.0,,1016.1,,1.0
2024-02-05,1,22.3,18.9,81.0,0.0,,151.0,1.8,,1016.6,,1.0
2024-02-05,2,22.0,18.0,78.0,0.0,,170.0,5.4,,1017.3,,1.0
2024-02-05,3,24.0,18.4,71.0,0.0,,140.0,5.4,,1017.4,,1.0
2024-02-05,4,27.0,18.0,58.0,0.0,,150.0,5.4,,1017.2,,1.0
2024-02-05,5,29.0,16.9,48.0,0.0,,150.0,7.6,,1016.9,,1.0
2024-02-05,6,29.2,17.4,49.0,0.0,,160.0,5.4,,1016.6,,5.0
2024-02-05,7,32.0,15.1,36.0,0.0,,150.0,5.4,,1019.0,,5.0
2024-02-05,8,32.0,15.1,36.0,0.0,,170.0,3.6,,1018.0,,5.0
2024-02-05,9,33.6,15.1,33.0,0.0,,140.0,3.6,,1012.3,,5.0
2024-02-05,10,33.0,14.1,32.0,0.0,,230.0,5.4,,1017.0,,2.0
2024-02-05,11,33.0,14.1,32.0,0.0,,90.0,1.8,,1017.0,,2.0
2024-02-05,12,31.0,15.0,38.0,0.0,,70.0,9.4,,1012.2,,2.0
2024-02-05,13,29.0,15.9,45.0,0.0,,100.0,11.2,,1018.0,,2.0
2024-02-05,14,28.0,16.9,51.0,0.0,,100.0,7.6,,1019.0,,2.0
2024-02-05,15,27.6,16.6,51.0,0.0,,90.0,5.4,,1014.9,,2.0
2024-02-05,16,26.0,17.1,58.0,0.0,,110.0,5.4,,1020.0,,2.0
2024-02-05,17,26.6,17.7,58.0,0.0,,131.0,3.7,,1015.8,,1.0
2024-02-05,18,25.6,17.3,60.0,0.0,,134.0,3.6,,1015.9,,1.0
2024-02-05,19,25.2,18.2,65.0,0.0,,134.0,1.8,,1015.8,,1.0
2024-02-05,20,24.7,18.4,68.0,0.0,,134.0,1.8,,1015.4,,1.0
2024-02-05,21,24.2,18.4,70.0,0.0,,134.0,3.6,,1014.7,,1.0
2024-02-05,22,23.6,17.8,70.0,0.0,,146.0,0.0,,1015.1,,1.0
2024-02-05,23,23.1,18.0,73.0,0.0,,141.0,0.0,,1015.2,,1.0
2024-02-06,0,23.2,18.9,77.0,0.0,,144.0,3.6,,1014.7,,1.0
2024-02-06,1,21.0,18.9,88.0,0.0,,60.0,7.0,,1020.0,,5.0
2024-02-06,2,22.0,19.0,83.0,0.0,,177.0,3.6,,1020.0,,5.0
2024-02-06,3,24.4,19.7,75.0,0.0,,110.0,3.6,,1017.1,,5.0
2024-02-06,4,28.0,18.1,55.0,0.0,,150.0,9.4,,1022.0,,5.0
2024-02-06,5,30.0,18.1,49.0,0.0,,160.0,5.4,,1021.0,,5.0
2024-02-06,6,30.6,17.0,44.0,0.0,,140.0,7.6,,1016.4,,5.0
2024-02-06,7,33.0,15.9,36.0,0.0,,140.0,9.4,,1020.0,,5.0
2024-02-06,8,33.0,15.1,34.0,0.0,,140.0,5.4,,1018.0,,5.0
2024-02-06,9,34.0,12.4,27.0,0.0,,110.0,1.8,,1012.3,,5.0
2024-02-06,10,33.0,14.1,32.0,0.0,,110.0,5.4,,1016.0,,5.0
2024-02-06,11,34.0,11.8,26.0,0.0,,160.0,9.4,,1016.0,,5.0
2024-02-06,12,33.8,11.0,25.0,0.0,,0.0,0.0,,1010.9,,5.0
2024-02-06,13,31.0,14.2,36.0,0.0,,90.0,11.2,,1017.0,,5.0
2024-02-06,14,29.0,15.9,45.0,0.0,,70.0,14.8,,1019.0,,5.0
2024-02-06,15,28.6,17.5,51.0,0.0,,110.0,14.8,,1014.4,,5.0
2024-02-06,16,27.0,18.0,58.0,0.0,,146.0,5.4,,1020.0,,5.0
2024-02-06,17,27.1,18.4,59.0,0.0,,146.0,1.8,,1015.1,,2.0
2024-02-06,18,26.2,18.9,64.0,0.0,,146.0,3.6,,1015.1,,2.0
2024-02-06,19,25.6,18.8,66.0,0.0,,147.0,1.8,,1015.2,,2.0
2024-02-06,20,24.9,18.8,69.0,0.0,,150.0,1.8,,1014.9,,2.0
2024-02-06,21,24.6,19.4,73.0,0.0,,0.0,0.0,,1014.1,,2.0
2024-02-06,22,24.0,19.5,76.0,0.0,,52.0,0.0,,1014.3,,1.0
2024-02-06,23,23.4,19.3,78.0,0.0,,263.0,0.0,,1014.5,,1.0
2024-02-07,0,22.6,19.0,80.0,0.0,,0.0,0.0,,1014.9,,1.0
2024-02-07,1,20.0,18.0,88.0,0.0,,275.0,2.0,,1020.0,,5.0
2024-02-07,2,20.0,18.0,88.0,0.0,,249.0,1.8,,1016.6,,1.0
2024-02-07,3,25.0,19.8,73.0,0.0,,0.0,0.0,,1016.9,,1.0
2024-02-07,4,30.0,16.1,43.0,0.0,,150.0,6.0,,1021.0,,5.0
2024-02-07,5,31.0,15.8,40.0,0.0,,150.0,5.4,,1021.0,,5.0
2024-02-07,6,33.0,15.5,35.0,0.0,,170.0,7.6,,1015.9,,5.0
2024-02-07,7,32.0,14.2,34.0,0.0,,250.0,3.6,,1020.0,,5.0
2024-02-07,8,33.0,14.1,32.0,0.0,,250.0,7.6,,1018.0,,5.0
2024-02-07,9,35.4,15.2,30.0,0.0,,270.0,1.8,,1012.0,,5.0
2024-02-07,10,35.0,12.0,25.0,0.0,,150.0,5.4,,1016.0,,5.0
2024-02-07,11,34.0,11.8,26.0,0.0,,344.0,5.4,,1016.0,,5.0
2024-02-07,12,34.2,15.2,32.0,0.0,,336.0,1.8,,1011.0,,5.0
2024-02-07,13,31.0,15.0,38.0,0.0,,90.0,11.2,,1017.0,,5.0
2024-02-07,14,30.0,16.1,43.0,0.0,,90.0,11.2,,1018.0,,5.0
2024-02-07,15,29.2,18.0,51.0,0.0,,140.0,7.6,,1013.6,,5.0
2024-02-07,16,28.0,16.9,51.0,0.0,,110.0,11.2,,1019.0,,5.0
2024-02-07,17,27.1,18.1,58.0,0.0,,146.0,3.7,,1014.5,,2.0
2024-02-07,18,27.2,18.5,59.0,0.0,,140.0,3.6,,1013.9,,2.0
2024-02-07,19,25.3,18.5,66.0,0.0,,156.0,1.8,,1014.7,,2.0
2024-02-07,20,24.6,18.5,69.0,0.0,,154.0,1.8,,1014.5,,2.0
2024-02-07,21,25.0,19.6,72.0,0.0,,0.0,0.0,,1013.2,,2.0
2024-02-07,22,24.3,19.2,73.0,0.0,,130.0,0.0,,1013.4,,2.0
2024-02-07,23,23.6,18.7,74.0,0.0,,168.0,0.0,,1013.6,,2.0
2024-02-08,0,23.2,19.6,80.0,0.0,,0.0,0.0,,1013.9,,2.0
2024-02-08,1,22.0,18.0,78.0,0.0,,315.0,0.0,,1019.0,,5.0
2024-02-08,2,22.0,18.0,78.0,0.0,,0.0,0.0,,1020.0,,5.0
2024-02-08,3,24.8,19.6,73.0,0.0,,0.0,0.0,,1016.7,,5.0
2024-02-08,4,28.0,16.0,48.0,0.0,,30.0,5.4,,1021.0,,5.0
2024-02-08,5,31.0,15.8,40.0,0.0,,130.0,5.4,,1021.0,,5.0
2024-02-08,6,31.8,16.9,41.0,0.0,,0.0,0.0,,1015.3,,5.0
2024-02-08,7,33.0,15.9,36.0,0.0,,220.0,7.6,,1018.0,,5.0
2024-02-08,8,34.0,15.9,34.0,0.0,,200.0,9.4,,1017.0,,5.0
2024-02-08,9,34.5,17.3,36.0,0.0,,320.0,7.6,,1011.0,,5.0
2024-02-08,10,32.0,17.9,43.0,0.0,,340.0,11.2,,1016.0,,5.0
2024-02-08,11,32.0,17.9,43.0,0.0,,340.0,11.2,,1015.0,,5.0
2024-02-08,12,32.1,16.4,39.0,0.0,,50.0,5.4,,1010.1,,5.0
2024-02-08,13,29.0,16.9,48.0,0.0,,50.0,14.8,,1016.0,,5.0
2024-02-08,14,28.0,16.0,48.0,0.0,,30.0,9.4,,1018.0,,5.0
2024-02-08,15,27.2,14.6,46.0,0.0,,30.0,14.8,,1013.4,,5.0
2024-02-08,16,26.0,16.0,54.0,0.0,,50.0,11.2,,1019.0,,5.0
2024-02-08,17,26.1,15.8,53.0,0.0,,94.0,1.8,,1014.2,,2.0
2024-02-08,18,25.4,14.8,52.0,0.0,,94.0,3.6,,1015.1,,2.0
2024-02-08,19,25.0,16.4,59.0,0.0,,91.0,1.8,,1014.3,,2.0
2024-02-08,20,24.4,16.4,61.0,0.0,,85.0,1.8,,1014.0,,2.0
2024-02-08,21,23.6,15.9,62.0,0.0,,207.0,3.6,,1014.3,,2.0
2024-02-08,22,23.0,15.8,64.0,0.0,,350.0,1.8,,1014.4,,1.0
2024-02-08,23,22.4,15.7,66.0,0.0,,350.0,1.8,,1014.5,,2.0
2024-02-09,0,22.2,15.1,64.0,0.0,,0.0,0.0,,1014.0,,2.0
2024-02-09,1,19.0,13.0,68.0,0.0,,86.0,1.8,,1019.0,,5.0
2024-02-09,2,20.0,13.9,68.0,0.0,,91.0,1.8,,1019.0,,5.0
2024-02-09,3,24.1,13.3,51.0,0.0,,110.0,1.8,,1015.9,,5.0
2024-02-09,4,26.0,12.1,42.0,0.0,,90.0,9.4,,1021.0,,5.0
2024-02-09,5,27.0,14.1,45.0,0.0,,70.0,11.2,,1020.0,,5.0
2024-02-09,6,29.4,16.6,46.0,0.0,,70.0,5.4,,1014.7,,5.0
2024-02-09,7,30.0,14.9,40.0,0.0,,110.0,7.6,,1019.0,,5.0
2024-02-09,8,33.0,15.1,34.0,0.0,,180.0,5.4,,1017.0,,5.0
2024-02-09,9,33.0,14.1,32.0,0.0,,140.0,5.4,,1011.2,,5.0
2024-02-09,10,33.0,14.1,32.0,0.0,,80.0,7.6,,1017.0,,5.0
2024-02-09,11,32.0,15.1,36.0,0.0,,110.0,11.2,,1016.0,,5.0
2024-02-09,12,29.8,15.9,43.0,0.0,,90.0,9.4,,1010.8,,5.0
2024-02-09,13,27.0,18.0,58.0,0.0,,90.0,15.0,,1017.0,,5.0
2024-02-09,14,27.0,19.1,62.0,0.0,,90.0,18.4,,1018.0,,5.0
2024-02-09,15,26.4,20.3,69.0,0.0,,140.0,9.4,,1014.0,,5.0
2024-02-09,16,25.0,20.0,74.0,0.0,,110.0,9.4,,1020.0,,5.0
2024-02-09,17,25.0,20.0,74.0,0.0,,110.0,11.2,,1020.0,,5.0
2024-02-09,18,25.2,19.8,72.0,0.0,,140.0,7.6,,1015.0,,1.0
2024-02-09,19,25.3,20.1,73.0,0.0,,137.0,5.5,,1015.0,,1.0
2024-02-09,20,24.8,20.1,75.0,0.0,,134.0,5.5,,1014.8,,1.0
2024-02-09,21,23.6,19.9,80.0,0.0,,140.0,5.4,,1014.5,,1.0
2024-02-09,22,23.2,20.0,82.0,0.0,,138.0,5.5,,1014.6,,1.0
2024-02-09,23,22.9,20.1,84.0,0.0,,136.0,5.5,,1014.8,,1.0
2024-02-10,0,22.4,19.8,85.0,0.0,,140.0,7.6,,1014.9,,1.0
2024-02-10,1,22.0,19.0,83.0,0.0,,130.0,9.0,,1020.0,,5.0
2024-02-10,2,22.0,19.0,83.0,0.0,,100.0,13.0,,1021.0,,5.0
2024-02-10,3,23.0,19.4,80.0,0.0,,140.0,11.2,,1018.1,,5.0
2024-02-10,4,25.0,18.0,65.0,0.0,,140.0,11.2,,1022.0,,5.0
2024-02-10,5,26.0,17.9,61.0,0.0,,150.0,13.0,,1022.0,,5.0
2024-02-10,6,27.4,19.0,60.0,0.0,,140.0,5.4,,1017.6,,5.0
2024-02-10,7,29.0,18.2,52.0,0.0,,110.0,7.6,,1020.0,,5.0
2024-02-10,8,31.0,18.0,46.0,0.0,,140.0,13.0,,1019.0,,5.0
2024-02-10,9,31.0,17.0,43.0,0.0,,0.0,0.0,,1013.9,,5.0
2024-02-10,10,32.0,17.1,41.0,0.0,,130.0,9.4,,1017.0,,5.0
2024-02-10,11,30.5,16.5,43.0,0.0,,120.0,3.7,,1013.1,,2.0
2024-02-10,12,29.4,17.9,50.0,0.0,,90.0,9.4,,1012.2,,2.0
2024-02-10,13,29.2,17.1,48.0,0.0,,120.0,7.4,,1013.5,,2.0
2024-02-10,14,27.0,19.1,62.0,0.0,,110.0,27.7,,1019.0,,5.0
2024-02-10,15,27.0,20.1,66.0,0.0,,140.0,9.4,,1015.1,,2.0
2024-02-10,16,26.6,18.7,62.0,0.0,,124.0,7.4,,1015.5,,2.0
2024-02-10,17,26.1,19.3,66.0,0.0,,128.0,7.4,,1015.8,,2.0
2024-02-10,18,25.8,19.4,68.0,0.0,,110.0,3.6,,1015.3,,2.0
2024-02-10,19,25.0,19.6,72.0,0.0,,133.0,5.5,,1015.8,,2.0
2024-02-10,20,24.5,19.8,75.0,0.0,,133.0,5.5,,1015.6,,2.0
2024-02-10,21,24.1,19.2,74.0,0.0,,90.0,5.4,,1014.6,,2.0
2024-02-10,22,23.6,19.1,76.0,0.0,,96.0,5.5,,1014.8,,1.0
2024-02-10,23,23.2,19.4,79.0,0.0,,104.0,5.5,,1014.9,,1.0
2024-02-11,0,22.0,20.3,90.0,0.0,,140.0,5.4,,1015.9,,1.0
2024-02-11,1,22.9,19.7,82.0,0.0,,120.0,5.5,,1016.1,,1.0
2024-02-11,2,22.0,19.0,83.0,0.0,,140.0,14.8,,1020.0,,5.0
2024-02-11,3,23.0,19.2,79.0,0.0,,140.0,5.4,,1017.6,,5.0
2024-02-11,4,25.0,18.9,69.0,0.0,,120.0,7.6,,1022.0,,5.0
2024-02-11,5,27.0,18.0,58.0,0.0,,150.0,7.6,,1022.0,,5.0
2024-02-11,6,28.0,17.2,52.0,0.0,,150.0,3.6,,1017.8,,2.0
2024-02-11,7,29.4,16.9,47.0,0.0,,150.0,7.4,,1016.0,,2.0
2024-02-11,8,30.3,16.3,43.0,0.0,,150.0,5.5,,1014.8,,2.0
2024-02-11,9,31.0,15.4,39.0,0.0,,149.0,3.6,,1013.9,,2.0
2024-02-11,10,30.0,17.1,46.0,0.0,,90.0,11.2,,1017.0,,5.0
2024-02-11,11,30.3,15.2,40.0,0.0,,118.0,5.5,,1013.5,,2.0
2024-02-11,12,29.2,16.1,45.0,0.0,,140.0,7.6,,1013.6,,5.0
2024-02-11,13,27.0,18.0,58.0,0.0,,90.0,13.0,,1019.0,,5.0
2024-02-11,14,26.0,17.9,61.0,0.0,,90.0,11.0,,1020.0,,5.0
2024-02-11,15,26.4,18.8,63.0,0.0,,110.0,7.6,,1016.3,,5.0
2024-02-11,16,25.0,18.0,65.0,0.0,,100.0,14.8,,1021.0,,5.0
2024-02-11,17,25.2,17.7,63.0,0.0,,129.0,7.4,,1016.5,,1.0
2024-02-11,18,24.4,18.3,69.0,0.0,,110.0,9.4,,1016.9,,1.0
2024-02-11,19,23.9,18.3,71.0,0.0,,127.0,7.4,,1016.6,,1.0
2024-02-11,20,23.4,18.3,73.0,0.0,,126.0,5.5,,1016.3,,1.0
2024-02-11,21,22.2,17.6,75.0,0.0,,110.0,5.4,,1015.7,,1.0
2024-02-11,22,22.3,18.5,79.0,0.0,,126.0,3.7,,1016.2,,2.0
2024-02-11,23,21.7,18.3,81.0,0.0,,127.0,3.7,,1016.1,,2.0
2024-02-12,0,20.6,18.7,89.0,0.0,,140.0,9.4,,1016.1,,2.0
2024-02-12,1,20.0,18.0,88.0,0.0,,120.0,7.0,,1019.0,,5.0
2024-02-12,2,20.0,18.0,88.0,0.0,,120.0,9.4,,1017.7,,2.0
2024-02-12,3,21.0,18.0,83.0,0.0,,140.0,5.4,,1018.8,,2.0
2024-02-12,4,23.0,17.0,69.0,0.0,,140.0,13.0,,1022.0,,5.0
2024-02-12,5,27.0,16.0,51.0,0.0,,120.0,9.0,,1022.0,,5.0
2024-02-12,6,27.4,16.1,50.0,0.0,,140.0,16.6,,1017.5,,5.0
2024-02-12,7,30.0,14.9,40.0,0.0,,130.0,13.0,,1020.0,,5.0
2024-02-12,8,31.0,11.9,31.0,0.0,,130.0,11.2,,1019.0,,5.0
2024-02-12,9,31.4,12.2,31.0,0.0,,140.0,7.6,,1013.2,,2.0
2024-02-12,10,30.9,12.3,32.0,0.0,,134.0,7.4,,1013.1,,2.0
2024-02-12,11,30.3,12.2,33.0,0.0,,129.0,9.3,,1013.0,,2.0
2024-02-12,12,29.0,15.5,44.0,0.0,,110.0,7.6,,1013.1,,2.0
2024-02-12,13,27.0,15.1,48.0,0.0,,80.0,13.0,,1018.0,,5.0
2024-02-12,14,26.0,15.1,51.0,0.0,,100.0,11.2,,1019.0,,5.0
2024-02-12,15,25.8,17.4,60.0,0.0,,90.0,11.2,,1015.9,,2.0
2024-02-12,16,25.0,15.9,57.0,0.0,,100.0,11.2,,1020.0,,5.0
2024-02-12,17,24.4,18.1,68.0,0.0,,105.0,9.3,,1016.4,,2.0
2024-02-12,18,24.0,17.7,68.0,0.0,,110.0,7.6,,1016.8,,2.0
2024-02-12,19,23.2,18.3,74.0,0.0,,116.0,7.4,,1016.4,,2.0
2024-02-12,20,22.6,18.4,77.0,0.0,,117.0,7.4,,1016.2,,2.0
2024-02-12,21,22.6,17.9,75.0,0.0,,110.0,5.4,,1015.9,,2.0
2024-02-12,22,21.9,17.9,78.0,0.0,,114.0,5.5,,1015.9,,1.0
2024-02-12,23,21.2,17.8,81.0,0.0,,118.0,5.5,,1015.9,,1.0
2024-02-13,0,20.6,16.8,79.0,0.0,,110.0,7.6,,1015.5,,1.0
2024-02-13,1,19.0,17.0,88.0,0.0,,130.0,11.0,,1020.0,,5.0
2024-02-13,2,19.0,17.0,88.0,0.0,,130.0,11.2,,1017.5,,2.0
2024-02-13,3,21.0,17.2,79.0,0.0,,143.0,3.6,,1018.0,,2.0
2024-02-13,4,23.7,17.2,67.0,0.0,,147.0,5.5,,1017.8,,2.0
2024-02-13,5,27.0,14.1,45.0,0.0,,200.0,9.0,,1021.0,,2.0
2024-02-13,6,27.6,15.3,47.0,0.0,,150.0,3.6,,1016.7,,2.0
2024-02-13,7,30.0,12.0,33.0,0.0,,150.0,9.4,,1019.0,,2.0
2024-02-13,8,32.0,8.3,23.0,0.0,,140.0,9.4,,1018.0,,2.0
2024-02-13,9,32.2,7.1,21.0,0.0,,140.0,5.4,,1012.6,,2.0
2024-02-13,10,33.0,7.1,20.0,0.0,,150.0,7.6,,1017.0,,2.0
2024-02-13,11,30.0,12.0,33.0,0.0,,80.0,15.0,,1017.0,,2.0
2024-02-13,12,30.2,13.5,36.0,0.0,,140.0,7.6,,1012.1,,2.0
2024-02-13,13,28.0,15.0,45.0,0.0,,80.0,14.8,,1018.0,,5.0
2024-02-13,14,27.0,15.1,48.0,0.0,,90.0,13.0,,1019.0,,5.0
2024-02-13,15,26.6,17.1,56.0,0.0,,90.0,7.6,,1015.1,,5.0
2024-02-13,16,25.0,17.0,61.0,0.0,,100.0,11.2,,1019.0,,5.0
2024-02-13,17,25.1,17.3,62.0,0.0,,105.0,5.5,,1015.6,,2.0
2024-02-13,18,24.6,19.2,72.0,0.0,,140.0,5.4,,1015.2,,2.0
2024-02-13,19,23.7,17.4,68.0,0.0,,117.0,5.5,,1015.6,,2.0
2024-02-13,20,23.2,17.7,71.0,0.0,,118.0,3.7,,1015.4,,2.0
2024-02-13,21,22.6,18.6,78.0,0.0,,140.0,5.4,,1015.3,,2.0
2024-02-13,22,22.3,19.1,82.0,0.0,,140.0,3.7,,1014.9,,2.0
2024-02-13,23,21.7,18.7,83.0,0.0,,139.0,3.7,,1014.9,,2.0
2024-02-14,0,21.0,18.2,84.0,0.0,,138.0,3.6,,1015.6,,2.0
2024-02-14,1,20.0,17.0,83.0,0.0,,144.0,4.0,,1019.0,,5.0
2024-02-14,2,21.0,17.0,78.0,0.0,,120.0,5.4,,1016.7,,2.0
2024-02-14,3,22.2,17.8,76.0,0.0,,140.0,5.4,,1016.7,,5.0
2024-02-14,4,25.0,17.0,61.0,0.0,,130.0,7.6,,1021.0,,5.0
2024-02-14,5,29.0,15.2,43.0,0.0,,120.0,11.0,,1020.0,,5.0
2024-02-14,6,29.4,15.9,44.0,0.0,,160.0,5.4,,1015.1,,2.0
2024-02-14,7,31.0,10.9,29.0,0.0,,159.0,3.6,,1018.0,,2.0
2024-02-14,8,32.0,12.3,30.0,0.0,,190.0,9.4,,1017.0,,2.0
2024-02-14,9,32.4,13.6,32.0,0.0,,170.0,7.6,,1011.5,,2.0
2024-02-14,10,32.0,14.2,34.0,0.0,,80.0,13.0,,1016.0,,3.0
2024-02-14,11,31.0,14.2,36.0,0.0,,100.0,13.0,,1016.0,,3.0
2024-02-14,12,29.6,14.6,40.0,0.0,,110.0,7.6,,1011.5,,3.0
2024-02-14,13,28.0,13.9,42.0,0.0,,90.0,16.6,,1017.0,,2.0
2024-02-14,14,27.0,13.0,42.0,0.0,,100.0,11.2,,1018.0,,2.0
2024-02-14,15,26.8,17.6,57.0,0.0,,110.0,5.4,,1013.9,,2.0
2024-02-14,16,25.0,18.0,65.0,0.0,,90.0,14.8,,1019.0,,1.0
2024-02-14,17,25.5,17.7,62.0,0.0,,121.0,5.5,,1014.5,,1.0
2024-02-14,18,24.8,18.0,66.0,0.0,,128.0,3.6,,1014.7,,1.0
2024-02-14,19,24.3,18.0,68.0,0.0,,126.0,3.7,,1014.5,,1.0
2024-02-14,20,23.7,17.9,70.0,0.0,,125.0,3.7,,1014.2,,1.0
2024-02-14,21,23.6,18.9,75.0,0.0,,121.0,3.6,,1014.2,,1.0
2024-02-14,22,22.8,18.3,76.0,0.0,,146.0,1.8,,1014.2,,1.0
2024-02-14,23,22.0,17.8,77.0,0.0,,146.0,1.8,,1014.3,,1.0
2024-02-15,0,21.8,18.2,80.0,0.0,,140.0,5.4,,1014.4,,1.0
2024-02-15,1,19.0,14.1,73.0,0.0,,131.0,4.0,,1018.0,,5.0
2024-02-15,2,21.0,16.0,73.0,0.0,,120.0,3.6,,1015.9,,1.0
2024-02-15,3,23.6,17.3,68.0,0.0,,110.0,5.4,,1016.3,,2.0
2024-02-15,4,25.3,15.9,56.0,0.0,,117.0,5.5,,1016.1,,3.0
2024-02-15,5,27.0,14.1,45.0,0.0,,130.0,7.6,,1020.0,,5.0
2024-02-15,6,27.4,16.4,51.0,0.0,,110.0,7.6,,1016.0,,5.0
2024-02-15,7,30.0,12.0,33.0,0.0,,100.0,11.2,,1019.0,,2.0
2024-02-15,8,30.0,12.9,35.0,0.0,,80.0,13.0,,1018.0,,2.0
2024-02-15,9,31.0,14.6,37.0,0.0,,110.0,5.4,,1012.9,,2.0
2024-02-15,10,30.0,12.0,33.0,0.0,,80.0,16.6,,1017.0,,2.0
2024-02-15,11,30.0,11.0,31.0,0.0,,90.0,14.8,,1016.0,,2.0
2024-02-15,12,29.4,14.4,40.0,0.0,,140.0,7.6,,1012.4,,2.0
2024-02-15,13,27.0,14.1,45.0,0.0,,90.0,14.8,,1018.0,,2.0
2024-02-15,14,27.0,15.1,48.0,0.0,,90.0,14.8,,1018.0,,2.0
2024-02-15,15,25.8,16.9,58.0,0.0,,90.0,7.6,,1014.7,,2.0
2024-02-15,16,25.0,15.9,57.0,0.0,,90.0,11.2,,1019.0,,2.0
2024-02-15,17,24.5,16.7,62.0,0.0,,104.0,5.5,,1015.4,,2.0
2024-02-15,18,24.2,16.7,63.0,0.0,,140.0,5.4,,1015.4,,2.0
2024-02-15,19,23.3,16.6,66.0,0.0,,120.0,3.7,,1015.6,,2.0
2024-02-15,20,22.7,16.5,68.0,0.0,,120.0,1.8,,1015.3,,2.0
2024-02-15,21,22.0,12.8,56.0,0.0,,140.0,3.6,,1015.6,,2.0
2024-02-15,22,21.8,16.7,73.0,0.0,,146.0,1.8,,1015.0,,2.0
2024-02-15,23,21.0,16.2,74.0,0.0,,146.0,1.8,,1015.3,,2.0
2024-02-16,0,19.0,11.8,63.0,0.0,,146.0,3.6,,1016.0,,2.0
2024-02-16,1,15.0,11.0,77.0,0.0,,60.0,6.0,,1019.0,,5.0
2024-02-16,2,19.0,12.0,64.0,0.0,,90.0,3.6,,1019.0,,5.0
2024-02-16,3,23.6,17.1,67.0,0.0,,140.0,5.4,,1017.5,,5.0
2024-02-16,4,26.0,7.1,30.0,0.0,,120.0,14.8,,1022.0,,5.0
2024-02-16,5,28.0,7.8,28.0,0.0,,150.0,11.2,,1021.0,,1.0
2024-02-16,6,29.2,13.0,37.0,0.0,,140.0,14.8,,1016.6,,1.0
2024-02-16,7,31.0,3.1,17.0,0.0,,100.0,13.0,,1019.0,,1.0
2024-02-16,8,30.0,6.0,22.0,0.0,,90.0,14.8,,1018.0,,1.0
2024-02-16,9,31.4,9.0,25.0,0.0,,140.0,7.6,,1012.8,,1.0
2024-02-16,10,31.0,6.1,21.0,0.0,,80.0,14.8,,1017.0,,2.0
2024-02-16,11,30.0,5.3,21.0,0.0,,90.0,9.4,,1017.0,,2.0
2024-02-16,12,30.0,10.0,29.0,0.0,,140.0,9.4,,1013.1,,1.0
2024-02-16,13,28.0,7.3,27.0,0.0,,90.0,11.2,,1018.0,,1.0
2024-02-16,14,26.0,8.9,34.0,0.0,,90.0,11.2,,1019.0,,1.0
2024-02-16,15,26.0,14.5,49.0,0.0,,110.0,7.6,,1015.3,,1.0
2024-02-16,16,25.1,14.3,51.0,0.0,,115.0,5.5,,1015.7,,1.0
2024-02-16,17,24.1,14.2,54.0,0.0,,122.0,5.5,,1016.1,,1.0
2024-02-16,18,23.0,15.3,62.0,0.0,,110.0,5.4,,1016.2,,1.0
2024-02-16,19,22.6,14.2,59.0,0.0,,134.0,3.7,,1016.0,,1.0
2024-02-16,20,21.9,14.3,62.0,0.0,,134.0,1.8,,1015.6,,1.0
2024-02-16,21,21.7,15.8,69.0,0.0,,134.0,3.6,,1015.6,,1.0
2024-02-16,22,20.9,15.0,69.0,0.0,,157.0,1.8,,1015.5,,1.0
2024-02-16,23,20.1,14.5,70.0,0.0,,157.0,1.8,,1015.3,,1.0
2024-02-17,0,19.6,13.3,67.0,0.0,,147.0,3.6,,1014.9,,1.0
2024-02-17,1,15.0,11.0,77.0,0.0,,144.0,0.0,,1018.0,,5.0
2024-02-17,2,18.0,12.0,68.0,0.0,,0.0,0.0,,1019.0,,5.0
2024-02-17,3,24.6,10.5,41.0,0.0,,170.0,5.4,,1015.5,,5.0
2024-02-17,4,28.0,8.8,30.0,0.0,,150.0,7.6,,1020.0,,5.0
2024-02-17,5,29.0,3.8,20.0,0.0,,120.0,13.0,,1020.0,,1.0
2024-02-17,6,31.0,3.1,17.0,0.0,,140.0,7.6,,1014.3,,1.0
2024-02-17,7,33.0,2.9,15.0,0.0,,170.0,5.4,,1018.0,,1.0
2024-02-17,8,34.0,0.6,12.0,0.0,,190.0,9.4,,1016.0,,1.0
2024-02-17,9,34.0,0.6,12.0,0.0,,90.0,3.6,,1010.4,,1.0
2024-02-17,10,33.0,0.9,13.0,0.0,,150.0,5.4,,1015.0,,2.0
2024-02-17,11,32.0,3.0,16.0,0.0,,90.0,11.2,,1015.0,,2.0
2024-02-17,12,31.0,3.9,18.0,0.0,,110.0,7.6,,1010.5,,2.0
2024-02-17,13,28.0,4.9,23.0,0.0,,90.0,11.2,,1016.0,,1.0
2024-02-17,14,27.0,5.9,26.0,0.0,,90.0,11.2,,1017.0,,1.0
2024-02-17,15,26.6,10.3,36.0,0.0,,90.0,5.4,,1012.8,,1.0
2024-02-17,16,25.6,10.6,39.0,0.0,,94.0,5.5,,1013.2,,1.0
2024-02-17,17,24.6,10.8,42.0,0.0,,101.0,3.7,,1013.6,,1.0
2024-02-17,18,24.0,11.3,45.0,0.0,,112.0,3.6,,1013.6,,1.0
2024-02-17,19,22.9,11.6,49.0,0.0,,113.0,1.8,,1013.5,,1.0
2024-02-17,20,22.3,12.0,52.0,0.0,,115.0,1.8,,1013.1,,1.0
2024-02-17,21,22.4,12.6,54.0,0.0,,120.0,1.8,,1012.8,,1.0
2024-02-17,22,21.2,12.3,57.0,0.0,,137.0,0.0,,1012.5,,1.0
2024-02-17,23,20.6,12.3,59.0,0.0,,142.0,0.0,,1012.4,,1.0
2024-02-18,0,19.0,14.3,74.0,0.0,,0.0,0.0,,1012.4,,1.0
2024-02-18,1,16.0,11.0,72.0,0.0,,163.0,0.0,,1017.0,,5.0
2024-02-18,2,18.0,12.0,68.0,0.0,,0.0,0.0,,1017.0,,5.0
2024-02-18,3,24.2,12.8,49.0,0.0,,140.0,5.4,,1013.8,,5.0
2024-02-18,4,29.0,9.2,29.0,0.0,,150.0,7.6,,1019.0,,5.0
2024-02-18,5,32.0,6.2,20.0,0.0,,150.0,6.0,,1018.0,,1.0
2024-02-18,6,31.2,6.3,21.0,0.0,,180.0,3.6,,1012.8,,1.0
2024-02-18,7,34.0,2.7,14.0,0.0,,150.0,5.4,,1016.0,,1.0
2024-02-18,8,34.0,0.6,12.0,0.0,,120.0,5.4,,1015.0,,1.0
2024-02-18,9,34.2,1.9,13.0,0.0,,110.0,3.6,,1008.7,,1.0
2024-02-18,10,32.0,3.9,17.0,0.0,,80.0,17.0,,1013.0,,1.0
2024-02-18,11,32.0,3.0,16.0,0.0,,110.0,11.2,,1014.0,,1.0
2024-02-18,12,31.4,6.5,21.0,0.0,,110.0,9.4,,1008.7,,1.0
2024-02-18,13,29.0,5.8,23.0,0.0,,90.0,7.6,,1015.0,,1.0
2024-02-18,14,28.0,8.8,30.0,0.0,,80.0,11.2,,1015.0,,1.0
2024-02-18,15,27.2,10.8,36.0,0.0,,140.0,5.4,,1011.8,,1.0
2024-02-18,16,26.0,11.0,39.0,0.0,,100.0,5.4,,1017.0,,1.0
2024-02-18,17,25.4,11.6,42.0,0.0,,142.0,5.5,,1012.6,,1.0
2024-02-18,18,25.2,14.0,50.0,0.0,,0.0,0.0,,1012.4,,1.0
2024-02-18,19,23.8,12.4,49.0,0.0,,142.0,3.7,,1012.7,,1.0
2024-02-18,20,23.2,12.8,52.0,0.0,,142.0,1.8,,1012.4,,1.0
2024-02-18,21,21.6,14.7,65.0,0.0,,0.0,0.0,,1012.6,,1.0
2024-02-18,22,22.4,14.5,61.0,0.0,,144.0,0.0,,1012.1,,1.0
2024-02-18,23,21.7,14.1,62.0,0.0,,143.0,0.0,,1012.1,,1.0
2024-02-19,0,19.8,14.8,73.0,0.0,,0.0,0.0,,1012.1,,1.0
2024-02-19,1,20.0,13.9,68.0,0.0,,120.0,6.0,,1016.0,,5.0
2024-02-19,2,21.0,15.1,69.0,0.0,,110.0,7.6,,1013.6,,1.0
2024-02-19,3,23.6,16.4,64.0,0.0,,189.0,3.6,,1014.3,,5.0
2024-02-19,4,27.0,13.0,42.0,0.0,,160.0,7.6,,1019.0,,5.0
2024-02-19,5,30.0,11.0,31.0,0.0,,190.0,7.6,,1018.0,,1.0
2024-02-19,6,30.6,11.1,30.0,0.0,,183.0,3.6,,1013.3,,1.0
2024-02-19,7,32.0,6.9,21.0,0.0,,150.0,3.6,,1016.0,,1.0
2024-02-19,8,33.0,4.7,17.0,0.0,,160.0,9.4,,1015.0,,2.0
2024-02-19,9,34.0,10.0,23.0,0.0,,140.0,5.4,,1009.3,,2.0
2024-02-19,10,34.0,6.3,18.0,0.0,,110.0,3.6,,1014.0,,2.0
2024-02-19,11,32.0,8.3,23.0,0.0,,70.0,20.5,,1014.0,,2.0
2024-02-19,12,31.2,10.5,28.0,0.0,,110.0,11.2,,1009.3,,2.0
2024-02-19,13,29.0,9.2,29.0,0.0,,80.0,11.2,,1016.0,,2.0
2024-02-19,14,28.0,12.0,37.0,0.0,,90.0,9.4,,1016.0,,2.0
2024-02-19,15,27.6,14.3,44.0,0.0,,110.0,7.6,,1012.0,,1.0
2024-02-19,16,26.0,14.1,48.0,0.0,,90.0,9.4,,1017.0,,2.0
2024-02-19,17,26.2,14.6,49.0,0.0,,121.0,5.5,,1012.6,,2.0
2024-02-19,18,25.6,17.5,61.0,0.0,,110.0,7.6,,1013.0,,2.0
2024-02-19,19,25.0,15.3,55.0,0.0,,130.0,3.7,,1012.5,,2.0
2024-02-19,20,24.3,15.5,58.0,0.0,,130.0,3.7,,1012.1,,2.0
2024-02-19,21,23.6,16.6,65.0,0.0,,140.0,3.6,,1011.8,,2.0
2024-02-19,22,23.0,16.3,66.0,0.0,,142.0,3.7,,1011.9,,1.0
2024-02-19,23,22.4,16.2,68.0,0.0,,146.0,1.8,,1012.1,,1.0
2024-02-20,0,21.8,15.6,68.0,0.0,,0.0,0.0,,1011.5,,1.0
2024-02-20,1,18.0,14.1,78.0,0.0,,172.0,6.0,,1016.0,,5.0
2024-02-20,2,20.0,15.0,73.0,0.0,,205.0,3.6,,1017.0,,5.0
2024-02-20,3,24.4,15.6,58.0,0.0,,240.0,9.4,,1014.2,,5.0
2024-02-20,4,26.0,12.1,42.0,0.0,,230.0,14.8,,1019.0,,5.0
2024-02-20,5,28.0,13.1,40.0,0.0,,230.0,11.2,,1019.0,,5.0
2024-02-20,6,31.0,15.8,40.0,0.0,,230.0,9.4,,1013.0,,5.0
2024-02-20,7,32.0,12.3,30.0,0.0,,190.0,5.4,,1016.0,,2.0
2024-02-20,8,32.0,12.3,30.0,0.0,,230.0,9.4,,1015.0,,2.0
2024-02-20,9,34.2,13.1,28.0,0.0,,275.0,3.6,,1008.4,,2.0
2024-02-20,10,32.0,10.1,26.0,0.0,,230.0,7.6,,1013.0,,2.0
2024-02-20,11,32.0,10.1,26.0,0.0,,239.0,3.6,,1013.0,,2.0
2024-02-20,12,32.2,12.9,31.0,0.0,,152.0,3.6,,1007.9,,2.0
2024-02-20,13,30.0,11.0,31.0,0.0,,0.0,0.0,,1014.0,,2.0
2024-02-20,14,29.0,12.0,35.0,0.0,,90.0,11.2,,1015.0,,2.0
2024-02-20,15,28.4,15.7,46.0,0.0,,90.0,7.6,,1010.8,,2.0
2024-02-20,16,27.0,13.0,42.0,0.0,,100.0,5.4,,1016.0,,2.0
2024-02-20,17,27.0,13.0,42.0,0.0,,100.0,7.6,,1016.0,,2.0
2024-02-20,18,26.6,17.1,56.0,0.0,,110.0,5.4,,1011.4,,2.0
2024-02-20,19,25.2,15.2,54.0,0.0,,124.0,1.8,,1011.3,,2.0
2024-02-20,20,24.5,15.1,56.0,0.0,,118.0,1.8,,1010.9,,2.0
2024-02-20,21,24.6,17.8,66.0,0.0,,110.0,5.4,,1010.7,,1.0
2024-02-20,22,24.0,17.5,67.0,0.0,,111.0,3.7,,1010.8,,2.0
2024-02-20,23,23.3,16.8,67.0,0.0,,114.0,3.7,,1010.9,,2.0
2024-02-21,0,22.2,16.9,72.0,0.0,,0.0,0.0,,1010.4,,2.0
2024-02-21,1,26.0,14.1,48.0,0.0,,141.0,4.0,,1015.0,,5.0
2024-02-21,2,26.0,14.1,48.0,0.0,,286.0,3.6,,1015.0,,5.0
2024-02-21,3,24.8,14.9,54.0,0.0,,230.0,1.8,,1012.6,,5.0
2024-02-21,4,27.0,14.1,45.0,0.0,,230.0,9.4,,1017.0,,5.0
2024-02-21,5,30.0,14.1,38.0,0.0,,180.0,11.2,,1017.0,,5.0
2024-02-21,6,32.4,17.1,40.0,0.0,,140.0,5.4,,1011.1,,1.0
2024-02-21,7,32.0,13.2,32.0,0.0,,250.0,16.6,,1014.0,,1.0
2024-02-21,8,34.0,11.8,26.0,0.0,,200.0,14.8,,1013.0,,2.0
2024-02-21,9,34.2,15.2,32.0,0.0,,180.0,3.6,,1006.8,,2.0
2024-02-21,10,35.0,10.8,23.0,0.0,,200.0,5.4,,1011.0,,3.0
2024-02-21,11,33.0,9.8,24.0,0.0,,280.0,9.4,,1011.0,,2.0
2024-02-21,12,32.4,12.6,30.0,0.0,,300.0,5.4,,1006.6,,2.0
2024-02-21,13,28.0,11.1,35.0,0.0,,276.0,1.8,,1013.0,,2.0
2024-02-21,14,28.0,12.0,37.0,0.0,,80.0,7.6,,1014.0,,5.0
2024-02-21,15,28.4,14.3,42.0,0.0,,90.0,9.4,,1009.6,,5.0
2024-02-21,16,27.0,14.1,45.0,0.0,,80.0,5.4,,1015.0,,5.0
2024-02-21,17,26.4,15.1,50.0,0.0,,93.0,1.8,,1010.4,,2.0
2024-02-21,18,26.2,16.2,54.0,0.0,,108.0,3.6,,1010.3,,2.0
2024-02-21,19,24.8,15.7,57.0,0.0,,112.0,0.0,,1010.5,,2.0
2024-02-21,20,24.1,15.9,60.0,0.0,,120.0,0.0,,1010.2,,2.0
2024-02-21,21,23.4,16.4,65.0,0.0,,0.0,0.0,,1009.8,,2.0
2024-02-21,22,22.8,16.1,66.0,0.0,,183.0,0.0,,1010.0,,1.0
2024-02-21,23,22.2,15.8,67.0,0.0,,254.0,0.0,,1010.3,,1.0
2024-02-22,0,21.4,16.4,73.0,0.0,,0.0,0.0,,1009.8,,1.0
2024-02-22,1,21.0,15.1,69.0,0.0,,310.0,6.0,,1016.0,,5.0
2024-02-22,2,21.0,15.1,69.0,0.0,,311.0,1.8,,1017.0,,5.0
2024-02-22,3,24.8,16.0,58.0,0.0,,360.0,1.8,,1013.3,,5.0
2024-02-22,4,27.0,11.1,37.0,0.0,,350.0,11.2,,1017.0,,5.0
2024-02-22,5,29.0,10.2,31.0,0.0,,350.0,11.2,,1017.0,,5.0
2024-02-22,6,31.6,13.4,33.0,0.0,,340.0,11.2,,1011.7,,1.0
2024-02-22,7,31.0,9.8,27.0,0.0,,326.0,5.4,,1014.0,,1.0
2024-02-22,8,32.0,8.9,24.0,0.0,,300.0,9.4,,1013.0,,2.0
2024-02-22,9,33.2,9.9,24.0,0.0,,270.0,9.4,,1008.4,,2.0
2024-02-22,10,34.0,7.9,20.0,0.0,,220.0,16.6,,1012.0,,1.0
2024-02-22,11,33.0,7.8,21.0,0.0,,30.0,3.6,,1012.0,,1.0
2024-02-22,12,32.6,9.4,24.0,0.0,,340.0,3.6,,1007.5,,1.0
2024-02-22,13,30.0,9.0,27.0,0.0,,296.0,5.4,,1013.0,,1.0
2024-02-22,14,30.0,9.0,27.0,0.0,,322.0,3.6,,1013.0,,5.0
2024-02-22,15,28.0,12.4,38.0,0.0,,50.0,9.4,,1010.4,,5.0
2024-02-22,16,28.0,10.2,33.0,0.0,,70.0,9.4,,1015.0,,5.0
2024-02-22,17,26.0,13.2,45.0,0.0,,8.0,0.0,,1011.3,,1.0
2024-02-22,18,25.4,14.8,52.0,0.0,,0.0,0.0,,1011.5,,1.0
2024-02-22,19,24.3,13.8,52.0,0.0,,152.0,0.0,,1011.5,,1.0
2024-02-22,20,23.5,14.2,56.0,0.0,,127.0,0.0,,1011.2,,1.0
2024-02-22,21,24.0,16.5,63.0,0.0,,0.0,0.0,,1010.9,,1.0
2024-02-22,22,22.4,14.5,61.0,0.0,,195.0,0.0,,1011.1,,1.0
2024-02-22,23,21.9,14.5,63.0,0.0,,308.0,1.8,,1011.2,,1.0
2024-02-23,0,21.8,16.1,70.0,0.0,,0.0,0.0,,1011.1,,1.0
2024-02-23,1,21.0,18.0,83.0,0.0,,330.0,6.0,,1017.0,,5.0
2024-02-23,2,22.0,16.9,73.0,0.0,,331.0,3.6,,1017.0,,5.0
2024-02-23,3,24.8,14.0,51.0,0.0,,10.0,9.4,,1014.0,,5.0
2024-02-23,4,26.0,8.9,34.0,0.0,,40.0,14.8,,1018.0,,5.0
2024-02-23,5,28.0,10.2,33.0,0.0,,10.0,11.0,,1017.0,,1.0
2024-02-23,6,29.6,11.2,32.0,0.0,,360.0,11.2,,1012.8,,1.0
2024-02-23,7,30.0,10.0,29.0,0.0,,330.0,18.4,,1015.0,,1.0
2024-02-23,8,31.0,10.9,29.0,0.0,,350.0,7.6,,1014.0,,2.0
2024-02-23,9,31.8,11.6,29.0,0.0,,280.0,9.4,,1008.1,,2.0
2024-02-23,10,33.0,9.8,24.0,0.0,,190.0,7.6,,1012.0,,2.0
2024-02-23,11,32.0,8.9,24.0,0.0,,6.0,3.6,,1012.0,,2.0
2024-02-23,12,32.0,11.2,28.0,0.0,,20.0,3.6,,1007.7,,2.0
2024-02-23,13,29.0,11.1,33.0,0.0,,20.0,9.4,,1014.0,,2.0
2024-02-23,14,28.0,11.1,35.0,0.0,,50.0,11.2,,1015.0,,1.0
2024-02-23,15,28.0,16.0,48.0,0.0,,50.0,9.4,,1011.0,,1.0
2024-02-23,16,26.0,12.1,42.0,0.0,,70.0,11.2,,1015.0,,1.0
2024-02-23,17,26.5,16.4,54.0,0.0,,77.0,1.8,,1011.4,,1.0
2024-02-23,18,26.8,17.3,56.0,0.0,,90.0,5.4,,1011.5,,1.0
2024-02-23,19,25.2,16.9,60.0,0.0,,90.0,1.8,,1011.2,,1.0
2024-02-23,20,24.5,17.0,63.0,0.0,,105.0,1.8,,1010.8,,1.0
2024-02-23,21,24.6,17.8,66.0,0.0,,122.0,3.6,,1011.2,,1.0
2024-02-23,22,23.9,18.1,70.0,0.0,,110.0,3.7,,1011.1,,1.0
2024-02-23,23,23.3,18.2,73.0,0.0,,110.0,1.8,,1011.0,,1.0
2024-02-24,0,23.8,19.9,79.0,0.0,,90.0,5.4,,1009.9,,1.0
2024-02-24,1,23.0,21.1,89.0,0.0,,100.0,6.0,,1015.0,,5.0
2024-02-24,2,23.0,21.1,89.0,0.0,,110.0,9.4,,1016.0,,5.0
2024-02-24,3,24.0,20.1,79.0,0.0,,120.0,11.2,,1012.9,,5.0
2024-02-24,4,27.0,20.1,66.0,0.0,,140.0,5.4,,1017.0,,5.0
2024-02-24,5,29.0,19.9,58.0,0.0,,140.0,9.4,,1017.0,,5.0
2024-02-24,6,30.0,19.7,54.0,0.0,,140.0,5.4,,1011.8,,5.0
2024-02-24,7,31.0,17.3,44.0,0.0,,158.0,3.7,,1010.5,,2.0
2024-02-24,8,32.0,17.9,43.0,0.0,,190.0,11.2,,1013.0,,5.0
2024-02-24,9,32.8,16.2,37.0,0.0,,140.0,7.6,,1007.8,,5.0
2024-02-24,10,32.0,17.9,43.0,0.0,,90.0,11.2,,1012.0,,5.0
2024-02-24,11,31.0,19.0,49.0,0.0,,90.0,11.2,,1012.0,,5.0
2024-02-24,12,30.4,19.4,52.0,0.0,,90.0,14.8,,1007.5,,5.0
2024-02-24,13,29.0,19.9,58.0,0.0,,90.0,14.8,,1013.0,,5.0
2024-02-24,14,29.1,17.6,50.0,0.0,,116.0,7.4,,1009.5,,3.0
2024-02-24,15,27.4,20.7,67.0,0.0,,110.0,11.2,,1010.0,,3.0
2024-02-24,16,26.0,21.0,74.0,0.0,,110.0,14.8,,1015.0,,5.0
2024-02-24,17,26.9,20.5,68.0,0.0,,118.0,7.4,,1011.1,,2.0
2024-02-24,18,24.8,20.3,76.0,0.0,,110.0,9.4,,1010.9,,2.0
2024-02-24,19,25.9,20.7,73.0,0.0,,117.0,5.5,,1011.1,,2.0
2024-02-24,20,25.4,20.6,75.0,0.0,,116.0,5.5,,1010.7,,2.0
2024-02-24,21,23.6,19.7,79.0,0.0,,110.0,7.6,,1010.3,,2.0
2024-02-24,22,23.7,20.6,83.0,0.0,,123.0,3.7,,1010.1,,2.0
2024-02-24,23,23.3,20.6,85.0,0.0,,120.0,3.7,,1010.4,,2.0
2024-02-25,0,23.4,20.7,85.0,0.0,,140.0,5.4,,1009.6,,2.0
2024-02-25,1,23.0,20.0,83.0,0.0,,122.0,6.0,,1015.0,,5.0
2024-02-25,2,23.0,20.0,83.0,0.0,,110.0,3.6,,1016.0,,5.0
2024-02-25,3,23.4,20.3,83.0,0.0,,120.0,9.4,,1012.6,,5.0
2024-02-25,4,26.0,20.1,70.0,0.0,,100.0,9.4,,1017.0,,5.0
2024-02-25,5,29.0,19.0,55.0,0.0,,140.0,7.6,,1017.0,,5.0
2024-02-25,6,29.6,19.3,54.0,0.1,,160.0,7.6,,1011.3,,5.0
2024-02-25,7,32.0,17.9,43.0,0.2,,140.0,9.4,,1015.0,,5.0
2024-02-25,8,32.0,15.9,38.0,0.0,,160.0,7.6,,1014.0,,5.0
2024-02-25,9,31.8,19.8,49.0,0.0,,160.0,5.4,,1008.2,,3.0
2024-02-25,10,32.0,15.9,38.0,0.0,,190.0,7.6,,1012.0,,3.0
2024-02-25,11,31.0,18.0,46.0,0.0,,120.0,16.6,,1012.0,,3.0
2024-02-25,12,29.8,19.2,53.0,0.0,,140.0,9.4,,1008.5,,18.0
2024-02-25,13,28.0,19.0,58.0,0.0,,80.0,14.8,,1014.0,,7.0
2024-02-25,14,27.0,19.1,62.0,0.0,,100.0,14.8,,1014.0,,7.0
2024-02-25,15,26.8,19.9,66.0,0.0,,140.0,9.4,,1011.1,,7.0
2024-02-25,16,26.0,17.9,61.0,0.0,,110.0,14.8,,1016.0,,2.0
2024-02-25,17,26.0,20.1,70.0,0.0,,124.0,7.4,,1011.7,,2.0
2024-02-25,18,25.0,19.4,71.0,0.0,,110.0,9.4,,1012.3,,2.0
2024-02-25,19,25.0,20.3,75.0,0.0,,126.0,7.4,,1011.7,,2.0
2024-02-25,20,24.6,20.3,77.0,0.0,,126.0,7.4,,1011.4,,2.0
2024-02-25,21,23.4,19.1,77.0,0.0,,110.0,7.6,,1011.5,,2.0
2024-02-25,22,23.4,19.8,80.0,0.0,,121.0,5.5,,1011.4,,2.0
2024-02-25,23,23.1,20.1,83.0,0.0,,120.0,5.5,,1011.5,,2.0
2024-02-26,0,22.0,19.2,84.0,0.0,,140.0,7.6,,1011.6,,2.0
2024-02-26,1,22.0,18.0,78.0,0.0,,100.0,13.0,,1017.0,,5.0
2024-02-26,2,22.0,18.0,78.0,0.0,,120.0,13.0,,1017.0,,5.0
2024-02-26,3,23.4,18.7,75.0,0.0,,160.0,11.2,,1014.3,,5.0
2024-02-26,4,25.0,18.0,65.0,0.0,,110.0,18.4,,1018.0,,5.0
2024-02-26,5,27.0,18.0,58.0,0.0,,100.0,14.8,,1018.0,,5.0
2024-02-26,6,27.8,18.5,57.0,0.0,,140.0,9.4,,1014.2,,2.0
2024-02-26,7,29.0,18.2,52.0,0.0,,120.0,18.4,,1017.0,,2.0
2024-02-26,8,30.0,18.1,49.0,0.0,,120.0,13.0,,1016.0,,2.0
2024-02-26,9,30.0,17.8,48.0,0.0,,110.0,14.8,,1011.3,,2.0
2024-02-26,10,30.0,17.1,46.0,0.0,,90.0,11.2,,1014.0,,2.0
2024-02-26,11,30.0,17.1,46.0,0.0,,120.0,11.2,,1014.0,,2.0
2024-02-26,12,29.6,18.7,52.0,0.0,,110.0,11.2,,1010.2,,2.0
2024-02-26,13,27.0,18.0,58.0,0.0,,90.0,14.8,,1016.0,,2.0
2024-02-26,14,27.0,18.0,58.0,0.0,,90.0,11.2,,1016.0,,2.0
2024-02-26,15,26.6,18.7,62.0,0.0,,90.0,11.2,,1012.5,,2.0
2024-02-26,16,26.0,17.1,58.0,0.0,,110.0,9.4,,1017.0,,2.0
2024-02-26,17,25.4,18.8,67.0,0.0,,102.0,7.4,,1013.2,,2.0
2024-02-26,18,24.8,19.4,72.0,0.0,,110.0,9.4,,1013.4,,2.0
2024-02-26,19,24.4,19.0,72.0,0.0,,115.0,5.5,,1013.2,,2.0
2024-02-26,20,23.9,19.0,74.0,0.0,,118.0,5.5,,1013.0,,2.0
2024-02-26,21,23.6,18.9,75.0,0.0,,90.0,7.6,,1012.6,,2.0
2024-02-26,22,23.1,19.1,78.0,0.0,,95.0,7.4,,1012.8,,2.0
2024-02-26,23,22.7,19.1,80.0,0.0,,101.0,7.4,,1013.1,,2.0
2024-02-27,0,21.2,18.2,83.0,0.0,,108.0,3.6,,1013.6,,2.0
2024-02-27,1,21.0,18.0,83.0,0.0,,120.0,13.0,,1018.0,,5.0
2024-02-27,2,22.0,18.0,78.0,0.0,,120.0,9.4,,1019.0,,5.0
2024-02-27,3,23.2,18.1,73.0,0.0,,140.0,7.6,,1015.6,,5.0
2024-02-27,4,26.0,17.1,58.0,0.0,,120.0,11.2,,1019.0,,5.0
2024-02-27,5,29.0,15.9,45.0,0.0,,130.0,14.8,,1019.0,,1.0
2024-02-27,6,29.4,15.9,44.0,0.0,,140.0,7.6,,1014.3,,1.0
2024-02-27,7,32.0,13.2,32.0,0.0,,140.0,14.8,,1017.0,,2.0
2024-02-27,8,31.0,11.9,31.0,0.0,,160.0,5.4,,1016.0,,2.0
2024-02-27,9,33.0,12.1,28.0,0.0,,170.0,9.4,,1015.0,,2.0
2024-02-27,10,34.0,11.8,26.0,0.0,,110.0,3.6,,1014.0,,2.0
2024-02-27,11,32.0,14.2,34.0,0.0,,140.0,9.4,,1014.0,,2.0
2024-02-27,12,31.4,17.3,43.0,0.0,,90.0,5.4,,1009.0,,2.0
2024-02-27,13,29.0,15.2,43.0,0.0,,90.0,11.2,,1014.0,,2.0
2024-02-27,14,28.0,15.0,45.0,0.0,,90.0,11.2,,1015.0,,2.0
2024-02-27,15,27.6,18.3,57.0,0.0,,110.0,9.4,,1011.6,,2.0
2024-02-27,16,26.0,17.1,58.0,0.0,,110.0,11.2,,1017.0,,1.0
2024-02-27,17,26.2,18.1,61.0,0.0,,114.0,7.4,,1012.5,,1.0
2024-02-27,18,25.8,20.1,71.0,0.0,,140.0,5.4,,1012.7,,1.0
2024-02-27,19,24.9,18.1,66.0,0.0,,118.0,3.7,,1012.7,,1.0
2024-02-27,20,24.4,18.1,68.0,0.0,,118.0,3.7,,1012.4,,1.0
2024-02-27,21,24.2,19.7,76.0,0.0,,140.0,5.4,,1012.0,,1.0
2024-02-27,22,23.4,19.8,80.0,0.0,,139.0,1.8,,1012.1,,1.0
2024-02-27,23,22.8,19.4,81.0,0.0,,137.0,1.8,,1012.2,,1.0
2024-02-28,0,23.0,18.8,77.0,0.0,,0.0,0.0,,1012.9,,1.0
2024-02-28,1,21.0,18.0,83.0,0.0,,70.0,7.0,,1017.0,,5.0
2024-02-28,2,22.0,18.0,78.0,0.0,,133.0,3.6,,1017.0,,5.0
2024-02-28,3,25.0,18.2,66.0,0.0,,80.0,9.4,,1014.4,,5.0
2024-02-28,4,26.0,17.1,58.0,0.0,,120.0,5.4,,1018.0,,5.0
2024-02-28,5,29.0,15.2,43.0,0.0,,120.0,7.6,,1018.0,,1.0
2024-02-28,6,30.6,15.1,39.0,0.0,,134.0,5.4,,1013.1,,1.0
2024-02-28,7,31.0,10.9,29.0,0.0,,130.0,11.2,,1017.0,,1.0
2024-02-28,8,32.0,11.2,28.0,0.0,,120.0,9.4,,1015.0,,2.0
2024-02-28,9,33.0,12.6,29.0,0.0,,120.0,3.6,,1009.1,,2.0
2024-02-28,10,33.0,6.3,19.0,0.0,,130.0,5.4,,1013.0,,1.0
2024-02-28,11,32.0,4.7,18.0,0.0,,110.0,7.6,,1013.0,,1.0
2024-02-28,12,31.8,11.6,29.0,0.0,,80.0,9.4,,1008.6,,1.0
2024-02-28,13,30.3,13.1,35.0,0.0,,109.0,5.5,,1009.6,,1.0
2024-02-28,14,29.1,14.1,40.0,0.0,,111.0,5.5,,1010.5,,1.0
2024-02-28,15,28.2,12.9,39.0,0.0,,113.0,3.6,,1010.8,,1.0
2024-02-28,16,27.3,14.7,46.0,0.0,,124.0,3.7,,1011.7,,1.0
2024-02-28,17,26.5,15.2,50.0,0.0,,124.0,3.7,,1012.0,,1.0
2024-02-28,18,26.2,15.3,51.0,0.0,,90.0,5.4,,1011.6,,1.0
2024-02-28,19,25.1,16.0,57.0,0.0,,123.0,1.8,,1012.1,,1.0
2024-02-28,20,24.6,16.3,60.0,0.0,,124.0,1.8,,1011.9,,1.0
2024-02-28,21,24.6,16.8,62.0,0.0,,90.0,5.4,,1010.9,,1.0
2024-02-28,22,23.6,15.6,61.0,0.0,,153.0,0.0,,1011.4,,2.0
2024-02-28,23,23.0,15.6,63.0,0.0,,126.0,0.0,,1011.6,,2.0
2024-02-29,0,22.8,16.8,69.0,0.0,,0.0,0.0,,1011.5,,2.0
2024-02-29,1,23.3,15.9,63.0,0.0,,138.0,1.8,,1012.6,,2.0
2024-02-29,2,22.0,16.9,73.0,0.0,,132.0,3.6,,1013.4,,2.0
2024-02-29,3,26.2,16.4,55.0,0.0,,160.0,7.6,,1013.7,,1.0
2024-02-29,4,30.0,12.0,33.0,0.0,,160.0,7.6,,1019.0,,1.0
2024-02-29,5,31.0,10.9,29.0,0.0,,150.0,7.6,,1018.0,,1.0
2024-02-29,6,32.2,13.4,32.0,0.0,,140.0,5.4,,1013.1,,1.0
2024-02-29,7,32.0,14.2,34.0,0.0,,100.0,16.6,,1016.0,,1.0
2024-02-29,8,33.0,13.1,30.0,0.0,,110.0,14.8,,1016.0,,2.0
2024-02-29,9,33.0,14.6,33.0,0.0,,110.0,7.6,,1010.0,,2.0
2024-02-29,10,33.0,13.1,30.0,0.0,,120.0,11.2,,1014.0,,2.0
2024-02-29,11,32.0,13.2,32.0,0.0,,90.0,11.2,,1014.0,,2.0
2024-02-29,12,31.6,14.3,35.0,0.0,,110.0,3.6,,1009.4,,2.0
2024-02-29,13,30.0,14.9,40.0,0.0,,110.0,13.0,,1015.0,,2.0
2024-02-29,14,29.0,14.0,40.0,0.0,,90.0,13.0,,1017.0,,2.0
2024-02-29,15,29.0,15.9,45.0,0.0,,140.0,5.4,,1012.4,,2.0
2024-02-29,16,28.0,15.0,45.0,0.0,,138.0,5.4,,1018.0,,2.0
2024-02-29,17,27.5,16.5,51.0,0.0,,134.0,3.7,,1013.0,,2.0
2024-02-29,18,27.0,16.9,54.0,0.0,,129.0,1.8,,1013.5,,2.0
2024-02-29,19,26.1,16.6,56.0,0.0,,129.0,3.7,,1012.9,,2.0
2024-02-29,20,25.5,16.9,59.0,0.0,,131.0,1.8,,1012.6,,2.0
2024-02-29,21,25.4,17.3,61.0,0.0,,0.0,0.0,,1012.6,,2.0
2024-02-29,22,24.5,17.0,63.0,0.0,,137.0,0.0,,1012.4,,1.0
2024-02-29,23,23.9,16.9,65.0,0.0,,142.0,0.0,,1012.6,,1.0
2024-03-01,0,23.8,16.6,64.0,0.0,,0.0,0.0,,1012.8,,1.0
2024-03-01,1,24.2,16.7,63.0,0.0,,152.0,1.8,,1013.5,,1.0
2024-03-01,2,25.2,16.6,59.0,0.0,,150.0,1.8,,1014.2,,1.0
2024-03-01,3,27.6,15.3,47.0,0.0,,110.0,5.4,,1014.4,,2.0
2024-03-01,4,30.0,12.9,35.0,0.0,,120.0,9.4,,1020.0,,2.0
2024-03-01,5,32.0,14.2,34.0,0.0,,120.0,11.0,,1019.0,,1.0
2024-03-01,6,32.6,14.7,34.0,0.0,,140.0,5.4,,1013.5,,1.0
2024-03-01,7,33.0,12.1,28.0,0.0,,100.0,16.6,,1017.0,,1.0
2024-03-01,8,34.0,11.8,26.0,0.0,,110.0,14.8,,1016.0,,2.0
2024-03-01,9,34.2,12.5,27.0,0.0,,50.0,7.6,,1009.9,,2.0
2024-03-01,10,34.0,10.0,23.0,0.0,,100.0,11.2,,1014.0,,2.0
2024-03-01,11,33.0,7.8,21.0,0.0,,90.0,14.8,,1015.0,,2.0
2024-03-01,12,33.1,8.5,22.0,0.0,,90.0,7.6,,1009.4,,2.0
2024-03-01,13,31.0,10.9,29.0,0.0,,100.0,13.0,,1010.5,,2.0
2024-03-01,14,30.0,12.9,35.0,0.0,,100.0,7.6,,1016.0,,2.0
2024-03-01,15,29.2,13.0,37.0,0.0,,110.0,5.4,,1011.7,,2.0
2024-03-01,16,28.0,13.9,42.0,0.0,,120.0,7.6,,1017.0,,1.0
2024-03-01,17,27.8,14.8,45.0,0.0,,124.0,5.5,,1012.4,,1.0
2024-03-01,18,27.4,15.7,49.0,0.0,,140.0,5.4,,1012.6,,1.0
2024-03-01,19,26.4,16.1,53.0,0.0,,135.0,3.7,,1012.4,,1.0
2024-03-01,20,25.8,16.4,56.0,0.0,,138.0,3.7,,1012.0,,1.0
2024-03-01,21,25.1,16.8,60.0,0.0,,144.0,1.8,,1011.6,,1.0
2024-03-01,22,24.9,16.6,60.0,0.0,,151.0,1.8,,1011.5,,1.0
2024-03-01,23,24.3,16.6,62.0,0.0,,150.0,1.8,,1011.8,,1.0
2024-03-02,0,24.2,14.0,53.0,0.0,,149.0,3.6,,1011.9,,1.0
2024-03-02,1,28.0,13.9,42.0,0.0,,140.0,9.0,,1017.0,,5.0
2024-03-02,2,26.0,11.0,39.0,0.0,,151.0,3.6,,1017.0,,5.0
2024-03-02,3,27.1,12.7,41.0,0.0,,180.0,11.2,,1012.8,,5.0
2024-03-02,4,30.0,9.0,27.0,0.0,,180.0,11.2,,1018.0,,1.0
2024-03-02,5,30.9,13.7,35.0,0.0,,167.0,3.7,,1013.3,,1.0
2024-03-02,6,33.2,11.1,26.0,0.0,,270.0,3.6,,1012.7,,1.0
2024-03-02,7,35.0,7.9,19.0,0.0,,180.0,9.4,,1016.0,,1.0
2024-03-02,8,35.0,7.2,18.0,0.0,,200.0,11.2,,1015.0,,2.0
2024-03-02,9,35.8,10.1,21.0,0.0,,170.0,11.2,,1008.0,,2.0
2024-03-02,10,37.0,7.9,17.0,0.0,,200.0,9.4,,1013.0,,2.0
2024-03-02,11,35.0,7.9,19.0,0.0,,170.0,7.6,,1013.0,,3.0
2024-03-02,12,34.2,11.4,25.0,0.0,,140.0,5.4,,1007.4,,3.0
2024-03-02,13,32.0,11.2,28.0,0.0,,110.0,7.6,,1014.0,,3.0
2024-03-02,14,30.0,12.9,35.0,0.0,,100.0,11.2,,1015.0,,2.0
2024-03-02,15,29.8,14.4,39.0,0.0,,140.0,7.6,,1010.7,,2.0
2024-03-02,16,28.0,13.9,42.0,0.0,,120.0,9.4,,1016.0,,1.0
2024-03-02,17,28.2,15.1,45.0,0.0,,139.0,5.5,,1011.2,,1.0
2024-03-02,18,27.6,16.9,52.0,0.0,,110.0,5.4,,1011.3,,1.0
2024-03-02,19,26.7,16.0,52.0,0.0,,137.0,3.7,,1011.1,,1.0
2024-03-02,20,26.1,16.1,54.0,0.0,,135.0,3.7,,1010.7,,1.0
2024-03-02,21,25.7,18.1,63.0,0.0,,132.0,3.6,,1011.1,,1.0
2024-03-02,22,25.1,18.1,65.0,0.0,,2.0,3.7,,1011.2,,1.0
2024-03-02,23,24.5,18.0,67.0,0.0,,2.0,1.8,,1011.2,,1.0
2024-03-03,0,24.4,19.2,73.0,0.0,,140.0,5.4,,1010.6,,1.0
2024-03-03,1,24.8,17.8,65.0,0.0,,262.0,1.8,,1012.0,,1.0
2024-03-03,2,26.0,15.1,51.0,0.0,,252.0,3.6,,1012.7,,1.0
2024-03-03,3,26.4,16.1,53.0,0.0,,220.0,11.2,,1012.8,,5.0
2024-03-03,4,30.0,14.1,38.0,0.0,,190.0,11.2,,1017.0,,5.0
2024-03-03,5,30.0,14.1,38.0,0.0,,240.0,9.4,,1017.0,,2.0
2024-03-03,6,31.8,15.3,37.0,0.0,,90.0,7.6,,1011.9,,2.0
2024-03-03,7,33.0,13.1,30.0,0.0,,220.0,7.6,,1015.0,,2.0
2024-03-03,8,33.0,12.1,28.0,0.0,,190.0,7.6,,1014.0,,2.0
2024-03-03,9,34.8,13.6,28.0,0.0,,280.0,13.0,,1007.4,,2.0
2024-03-03,10,33.0,12.1,28.0,0.0,,225.0,3.6,,1012.0,,2.0
2024-03-03,11,33.0,12.1,28.0,0.0,,225.0,5.4,,1012.0,,2.0
2024-03-03,12,33.8,12.8,28.0,0.0,,0.0,0.0,,1007.0,,2.0
2024-03-03,13,31.0,12.9,33.0,0.0,,100.0,1.8,,1013.0,,2.0
2024-03-03,14,30.0,14.9,40.0,0.0,,80.0,14.8,,1014.0,,2.0
2024-03-03,15,29.5,16.7,46.0,0.0,,90.0,3.6,,1010.3,,2.0
2024-03-03,16,28.0,15.0,45.0,0.0,,90.0,9.4,,1015.0,,2.0
2024-03-03,17,27.9,16.5,50.0,0.0,,117.0,3.7,,1010.1,,2.0
2024-03-03,18,27.1,17.3,55.0,0.0,,50.0,7.6,,1010.6,,2.0
2024-03-03,19,26.7,17.2,56.0,0.0,,116.0,3.7,,1010.1,,2.0
2024-03-03,20,26.1,17.5,59.0,0.0,,108.0,1.8,,1009.8,,2.0
2024-03-03,21,24.6,18.1,67.0,0.0,,140.0,3.6,,1010.3,,2.0
2024-03-03,22,24.2,18.2,69.0,0.0,,137.0,3.7,,1010.4,,1.0
2024-03-03,23,23.7,18.1,71.0,0.0,,131.0,1.8,,1010.5,,1.0
2024-03-04,0,23.6,17.1,67.0,0.0,,113.0,3.6,,1010.3,,1.0
2024-03-04,1,21.0,16.0,73.0,0.0,,103.0,4.0,,1016.0,,5.0
2024-03-04,2,23.0,16.1,65.0,0.0,,90.0,3.6,,1012.2,,2.0
2024-03-04,3,25.8,17.2,59.0,0.0,,0.0,0.0,,1012.8,,2.0
2024-03-04,4,29.0,15.9,45.0,0.0,,150.0,7.6,,1017.0,,1.0
2024-03-04,5,32.0,15.9,38.0,0.0,,170.0,7.6,,1017.0,,1.0
2024-03-04,6,33.0,15.9,36.0,0.0,,180.0,5.4,,1011.3,,1.0
2024-03-04,7,34.0,14.0,30.0,0.0,,190.0,7.6,,1015.0,,2.0
2024-03-04,8,35.0,13.2,27.0,0.0,,230.0,11.2,,1014.0,,2.0
2024-03-04,9,35.0,14.3,29.0,0.0,,220.0,7.6,,1008.3,,2.0
2024-03-04,10,33.0,15.1,34.0,0.0,,110.0,11.2,,1012.0,,3.0
2024-03-04,11,32.0,14.2,34.0,0.0,,100.0,13.0,,1013.0,,3.0
2024-03-04,12,31.4,14.5,36.0,0.0,,90.0,11.2,,1008.3,,3.0
2024-03-04,13,30.0,12.9,35.0,0.0,,100.0,13.0,,1014.0,,3.0
2024-03-04,14,29.0,15.2,43.0,0.0,,90.0,13.0,,1015.0,,3.0
2024-03-04,15,28.6,15.9,46.0,0.0,,110.0,9.4,,1011.0,,2.0
2024-03-04,16,27.0,16.0,51.0,0.0,,90.0,9.4,,1016.0,,3.0
2024-03-04,17,27.5,16.5,51.0,0.0,,112.0,5.5,,1011.7,,2.0
2024-03-04,18,27.0,16.3,52.0,0.0,,110.0,5.4,,1012.0,,2.0
2024-03-04,19,26.3,17.1,57.0,0.0,,112.0,3.7,,1011.7,,2.0
2024-03-04,20,25.6,17.0,59.0,0.0,,107.0,1.8,,1011.3,,2.0
2024-03-04,21,25.0,17.7,64.0,0.0,,99.0,3.6,,1011.2,,2.0
2024-03-04,22,24.7,16.9,62.0,0.0,,111.0,1.8,,1011.1,,2.0
2024-03-04,23,24.1,17.1,65.0,0.0,,106.0,1.8,,1011.4,,2.0
2024-03-05,0,23.6,17.8,70.0,0.0,,99.0,3.6,,1011.5,,2.0
2024-03-05,1,23.0,15.1,61.0,0.0,,90.0,9.0,,1016.0,,5.0
2024-03-05,2,24.0,14.1,54.0,0.0,,140.0,9.4,,1017.0,,5.0
2024-03-05,3,25.5,17.7,62.0,0.0,,140.0,5.4,,1012.3,,5.0
2024-03-05,4,28.0,15.0,45.0,0.0,,120.0,11.2,,1018.0,,5.0
2024-03-05,5,30.0,14.9,40.0,0.0,,144.0,5.4,,1018.0,,5.0
2024-03-05,6,31.9,12.7,31.0,0.0,,90.0,3.6,,1012.9,,1.0
2024-03-05,7,34.0,12.9,28.0,0.0,,180.0,5.4,,1015.0,,1.0
2024-03-05,8,34.0,12.9,28.0,0.0,,180.0,9.0,,1015.0,,2.0
2024-03-05,9,35.2,12.8,26.0,0.0,,180.0,9.4,,1007.9,,2.0
2024-03-05,10,33.0,14.1,32.0,0.0,,80.0,13.0,,1012.0,,3.0
2024-03-05,11,33.0,13.1,30.0,0.0,,110.0,13.0,,1013.0,,3.0
2024-03-05,12,32.2,11.4,28.0,0.0,,90.0,9.4,,1007.8,,3.0
2024-03-05,13,30.0,12.0,33.0,0.0,,90.0,11.2,,1014.0,,2.0
2024-03-05,14,29.0,14.0,40.0,0.0,,100.0,11.2,,1014.0,,2.0
2024-03-05,15,29.2,13.4,38.0,0.0,,90.0,7.6,,1010.2,,2.0
2024-03-05,16,27.0,15.1,48.0,0.0,,100.0,9.4,,1016.0,,2.0
2024-03-05,17,27.0,16.0,51.0,0.0,,90.0,7.6,,1016.0,,2.0
2024-03-05,18,27.0,17.8,57.0,0.0,,90.0,5.4,,1011.6,,2.0
2024-03-05,19,27.0,16.6,53.0,0.0,,112.0,3.7,,1010.8,,2.0
2024-03-05,20,26.4,17.2,57.0,0.0,,110.0,3.7,,1010.4,,2.0
2024-03-05,21,26.0,18.7,64.0,0.0,,140.0,5.4,,1010.3,,2.0
2024-03-05,22,25.4,18.6,66.0,0.0,,136.0,3.7,,1010.5,,2.0
2024-03-05,23,24.8,18.7,69.0,0.0,,130.0,3.7,,1010.6,,2.0
2024-03-06,0,25.2,18.4,66.0,0.0,,116.0,1.8,,1011.3,,2.0
2024-03-06,1,24.8,18.7,69.0,0.0,,116.0,1.8,,1011.7,,2.0
2024-03-06,2,25.0,18.0,65.0,0.0,,150.0,3.6,,1012.6,,2.0
2024-03-06,3,26.2,19.3,66.0,0.0,,210.0,7.6,,1013.4,,2.0
2024-03-06,4,30.0,16.1,43.0,0.0,,170.0,7.6,,1012.9,,2.0
2024-03-06,5,32.0,14.2,34.0,0.0,,200.0,7.6,,1012.5,,2.0
2024-03-06,6,33.2,13.8,31.0,0.0,,160.0,5.4,,1012.1,,2.0
2024-03-06,7,36.0,8.8,19.0,0.0,,190.0,14.8,,1010.4,,2.0
2024-03-06,8,37.0,10.3,20.0,0.0,,210.0,13.0,,1013.0,,2.0
2024-03-06,9,36.6,11.4,22.0,0.0,,140.0,5.4,,1007.2,,2.0
2024-03-06,10,36.0,7.1,17.0,0.0,,180.0,5.4,,1012.0,,2.0
2024-03-06,11,36.0,8.8,19.0,0.0,,180.0,9.0,,1011.0,,2.0
2024-03-06,12,35.4,12.4,25.0,0.0,,140.0,3.6,,1006.3,,2.0
2024-03-06,13,32.0,14.2,34.0,0.0,,90.0,9.4,,1013.0,,2.0
2024-03-06,14,31.0,12.9,33.0,0.0,,110.0,11.2,,1014.0,,2.0
2024-03-06,15,30.6,15.1,39.0,0.0,,50.0,7.6,,1009.1,,2.0
2024-03-06,16,29.0,15.2,43.0,0.0,,110.0,11.2,,1015.0,,2.0
2024-03-06,17,28.8,16.0,46.0,0.0,,75.0,5.5,,1009.8,,2.0
2024-03-06,18,28.6,16.2,47.0,0.0,,0.0,0.0,,1010.7,,2.0
2024-03-06,19,27.3,16.9,53.0,0.0,,101.0,3.7,,1009.8,,2.0
2024-03-06,20,26.7,17.2,56.0,0.0,,100.0,3.7,,1009.5,,2.0
2024-03-06,21,27.4,16.4,51.0,0.0,,0.0,0.0,,1008.5,,2.0
2024-03-06,22,25.6,17.5,61.0,0.0,,105.0,1.8,,1009.3,,2.0
2024-03-06,23,25.0,17.5,63.0,0.0,,118.0,1.8,,1009.4,,2.0
2024-03-07,0,25.2,18.4,66.0,0.0,,0.0,0.0,,1009.4,,2.0
2024-03-07,1,25.2,17.4,62.0,0.0,,232.0,1.8,,1010.4,,2.0
2024-03-07,2,24.0,16.0,61.0,0.0,,263.0,1.8,,1011.2,,2.0
2024-03-07,3,27.2,16.8,53.0,0.0,,0.0,0.0,,1011.5,,2.0
2024-03-07,4,31.0,14.2,36.0,0.0,,160.0,7.6,,1011.6,,2.0
2024-03-07,5,32.0,13.2,32.0,0.0,,130.0,7.6,,1011.2,,2.0
2024-03-07,6,33.2,14.3,32.0,0.0,,140.0,5.4,,1010.5,,2.0
2024-03-07,7,36.0,10.9,22.0,0.0,,190.0,5.4,,1009.5,,2.0
2024-03-07,8,34.0,11.2,25.0,0.0,,233.0,3.6,,1008.3,,2.0
2024-03-07,9,36.2,13.7,26.0,0.0,,0.0,0.0,,1006.3,,2.0
2024-03-07,10,35.0,12.0,25.0,0.0,,350.0,7.6,,1006.8,,2.0
2024-03-07,11,35.0,10.1,22.0,0.0,,330.0,7.6,,1011.0,,2.0
2024-03-07,12,35.0,12.0,25.0,0.0,,310.0,5.4,,1006.1,,2.0
2024-03-07,13,32.0,15.9,38.0,0.0,,80.0,11.2,,1013.0,,2.0
2024-03-07,14,31.0,17.0,43.0,0.0,,50.0,5.4,,1014.0,,2.0
2024-03-07,15,30.8,18.2,47.0,0.0,,50.0,5.4,,1009.9,,2.0
2024-03-07,16,30.0,18.1,49.0,0.0,,50.0,9.4,,1015.0,,2.0
2024-03-07,17,29.2,18.0,51.0,0.0,,55.0,3.7,,1010.5,,2.0
2024-03-07,18,29.8,18.3,50.0,0.0,,90.0,5.4,,1011.1,,2.0
2024-03-07,19,27.7,17.6,54.0,0.0,,58.0,1.8,,1010.4,,2.0
2024-03-07,20,26.9,17.4,56.0,0.0,,51.0,1.8,,1010.1,,2.0
2024-03-07,21,26.1,17.2,58.0,0.0,,58.0,0.0,,1009.8,,2.0
2024-03-07,22,26.8,17.8,58.0,0.0,,75.0,1.8,,1010.1,,2.0
2024-03-07,23,25.9,17.5,60.0,0.0,,66.0,1.8,,1010.3,,2.0
2024-03-08,0,24.2,19.1,73.0,0.0,,0.0,0.0,,1010.5,,2.0
2024-03-08,1,25.8,16.9,58.0,0.0,,52.0,1.8,,1011.2,,2.0
2024-03-08,2,24.0,18.0,69.0,0.0,,50.0,1.8,,1012.0,,2.0
2024-03-08,3,28.2,18.3,55.0,0.0,,49.0,1.8,,1012.3,,2.0
2024-03-08,4,29.0,16.9,48.0,0.0,,50.0,1.8,,1012.3,,2.0
2024-03-08,5,31.0,14.2,36.0,0.0,,52.0,3.6,,1011.8,,1.0
2024-03-08,6,33.8,14.8,32.0,0.0,,53.0,1.8,,1011.1,,1.0
2024-03-08,7,35.0,10.8,23.0,0.0,,130.0,7.6,,1010.1,,1.0
2024-03-08,8,34.9,13.7,28.0,0.0,,45.0,3.7,,1008.8,,2.0
2024-03-08,9,36.2,10.4,21.0,0.0,,140.0,11.2,,1007.6,,2.0
2024-03-08,10,35.0,13.8,28.0,0.0,,70.0,11.2,,1007.5,,2.0
2024-03-08,11,34.0,15.0,32.0,0.0,,80.0,7.6,,1007.4,,2.0
2024-03-08,12,33.0,15.9,36.0,0.0,,90.0,5.4,,1007.9,,2.0
2024-03-08,13,31.0,18.0,46.0,0.0,,80.0,14.8,,1008.2,,2.0
2024-03-08,14,30.0,18.1,49.0,0.0,,80.0,14.8,,1009.2,,2.0
2024-03-08,15,29.8,17.6,48.0,0.0,,140.0,7.6,,1010.3,,2.0
2024-03-08,16,29.0,18.2,52.0,0.0,,100.0,9.4,,1010.6,,2.0
2024-03-08,17,28.3,15.9,47.0,0.0,,85.0,1.8,,1011.0,,2.0
2024-03-08,18,28.2,18.3,55.0,0.0,,78.0,3.6,,1010.8,,2.0
2024-03-08,19,26.8,16.4,53.0,0.0,,77.0,1.8,,1011.2,,2.0
2024-03-08,20,26.2,16.4,55.0,0.0,,86.0,0.0,,1011.0,,2.0
2024-03-08,21,27.0,18.8,61.0,0.0,,91.0,3.6,,1010.3,,2.0
2024-03-08,22,25.9,18.1,62.0,0.0,,84.0,0.0,,1010.2,,1.0
2024-03-08,23,25.1,17.8,64.0,0.0,,80.0,0.0,,1010.5,,1.0
2024-03-09,0,24.0,18.4,71.0,0.0,,0.0,0.0,,1011.1,,1.0
2024-03-09,1,23.0,19.0,78.0,0.0,,74.0,2.0,,1016.0,,5.0
2024-03-09,2,24.0,19.1,74.0,0.0,,75.0,1.8,,1012.4,,2.0
2024-03-09,3,28.2,20.0,61.0,0.0,,75.0,1.8,,1012.6,,2.0
2024-03-09,4,31.0,19.0,49.0,0.0,,75.0,1.8,,1012.7,,2.0
2024-03-09,5,32.0,13.2,32.0,0.0,,90.0,9.4,,1012.3,,1.0
2024-03-09,6,33.8,13.3,29.0,0.0,,50.0,1.8,,1011.4,,1.0
2024-03-09,7,34.0,11.8,26.0,0.0,,120.0,9.4,,1010.5,,1.0
2024-03-09,8,35.0,12.0,25.0,0.0,,100.0,13.0,,1009.2,,2.0
2024-03-09,9,34.4,13.3,28.0,0.0,,110.0,13.0,,1008.1,,2.0
2024-03-09,10,33.0,14.1,32.0,0.0,,60.0,11.2,,1007.9,,2.0
2024-03-09,11,33.0,14.1,32.0,0.0,,100.0,7.6,,1007.9,,2.0
2024-03-09,12,32.6,14.2,33.0,0.0,,50.0,5.4,,1008.4,,2.0
2024-03-09,13,31.0,15.0,38.0,0.0,,90.0,9.4,,1014.0,,2.0
2024-03-09,14,30.0,16.1,43.0,0.0,,80.0,11.2,,1015.0,,2.0
2024-03-09,15,30.0,16.8,45.0,0.0,,110.0,5.4,,1011.0,,2.0
2024-03-09,16,29.0,18.2,52.0,0.0,,80.0,9.4,,1016.0,,2.0
2024-03-09,17,28.4,17.0,50.0,0.0,,103.0,3.7,,1011.2,,2.0
2024-03-09,18,28.8,18.6,54.0,0.0,,107.0,3.6,,1011.8,,2.0
2024-03-09,19,27.2,17.4,55.0,0.0,,104.0,1.8,,1011.2,,2.0
2024-03-09,20,26.6,17.7,58.0,0.0,,102.0,1.8,,1011.0,,2.0
2024-03-09,21,27.0,20.6,68.0,0.0,,140.0,5.4,,1010.7,,2.0
2024-03-09,22,25.3,18.2,65.0,0.0,,96.0,1.8,,1011.0,,2.0
2024-03-09,23,24.7,18.9,70.0,0.0,,97.0,1.8,,1011.1,,2.0
2024-03-10,0,24.4,20.5,79.0,0.0,,140.0,5.4,,1012.1,,2.0
2024-03-10,1,25.0,19.6,72.0,0.0,,105.0,1.8,,1012.2,,2.0
2024-03-10,2,23.0,21.1,89.0,0.0,,100.0,9.4,,1013.0,,2.0
2024-03-10,3,24.6,21.3,82.0,0.0,,140.0,7.6,,1014.7,,2.0
2024-03-10,4,28.5,20.0,60.0,0.0,,123.0,3.7,,1013.6,,2.0
2024-03-10,5,29.0,19.9,58.0,0.0,,120.0,11.2,,1013.3,,2.0
2024-03-10,6,30.6,19.9,53.0,0.0,,140.0,7.6,,1013.8,,2.0
2024-03-10,7,32.0,17.1,41.0,0.0,,120.0,13.0,,1017.0,,2.0
2024-03-10,8,34.0,16.8,36.0,0.0,,120.0,13.0,,1016.0,,2.0
2024-03-10,9,34.0,18.1,39.0,0.0,,140.0,7.6,,1010.6,,2.0
2024-03-10,10,35.0,14.8,30.0,0.0,,160.0,9.4,,1009.5,,2.0
2024-03-10,11,33.0,15.9,36.0,0.0,,100.0,13.0,,1009.4,,2.0
2024-03-10,12,32.2,17.3,41.0,0.0,,140.0,5.4,,1010.4,,2.0
2024-03-10,13,30.0,18.1,49.0,0.0,,100.0,16.6,,1010.3,,2.0
2024-03-10,14,29.0,19.0,55.0,0.0,,100.0,13.0,,1011.3,,2.0
2024-03-10,15,28.6,19.3,57.0,0.0,,50.0,7.6,,1013.1,,2.0
2024-03-10,16,29.1,18.5,53.0,0.0,,123.0,7.4,,1013.0,,2.0
2024-03-10,17,28.5,18.6,55.0,0.0,,126.0,5.5,,1013.4,,2.0
2024-03-10,18,27.2,18.5,59.0,0.0,,140.0,5.4,,1014.2,,2.0
2024-03-10,19,27.4,19.2,61.0,0.0,,128.0,3.7,,1013.4,,2.0
2024-03-10,20,26.7,19.3,64.0,0.0,,125.0,3.7,,1013.0,,2.0
2024-03-10,21,26.0,18.4,63.0,0.0,,121.0,3.6,,1013.4,,2.0
2024-03-10,22,25.6,18.5,65.0,0.0,,123.0,3.7,,1013.4,,1.0
2024-03-10,23,25.2,18.6,67.0,0.0,,123.0,1.8,,1013.4,,1.0
2024-03-11,0,25.0,16.4,59.0,0.0,,123.0,1.8,,1013.8,,1.0
2024-03-11,1,25.3,19.2,69.0,0.0,,133.0,1.8,,1014.2,,1.0
2024-03-11,2,25.0,15.0,54.0,0.0,,141.0,3.6,,1015.1,,2.0
2024-03-11,3,26.0,16.3,55.0,0.0,,190.0,7.6,,1016.5,,2.0
2024-03-11,4,29.0,14.0,40.0,0.0,,190.0,5.4,,1015.5,,2.0
2024-03-11,5,30.0,14.9,40.0,0.0,,220.0,11.2,,1015.1,,2.0
2024-03-11,6,31.2,16.8,42.0,0.0,,140.0,5.4,,1015.4,,2.0
2024-03-11,7,33.0,14.1,32.0,0.0,,130.0,7.6,,1013.3,,2.0
2024-03-11,8,35.0,13.2,27.0,0.0,,149.0,3.6,,1011.9,,2.0
2024-03-11,9,34.4,13.8,29.0,0.0,,139.0,3.6,,1011.0,,3.0
2024-03-11,10,34.0,11.8,26.0,0.0,,111.0,5.4,,1010.7,,2.0
2024-03-11,11,33.5,14.6,32.0,0.0,,111.0,5.5,,1010.5,,2.0
2024-03-11,12,32.8,16.2,37.0,0.0,,140.0,7.6,,1010.5,,2.0
2024-03-11,13,31.0,15.0,38.0,0.0,,90.0,11.2,,1011.0,,2.0
2024-03-11,14,29.0,15.9,45.0,0.0,,100.0,9.4,,1011.8,,2.0
2024-03-11,15,29.8,18.6,51.0,0.0,,90.0,5.4,,1012.9,,2.0
2024-03-11,16,28.0,18.1,55.0,0.0,,100.0,5.4,,1012.8,,2.0
2024-03-11,17,28.7,17.9,52.0,0.0,,122.0,5.5,,1013.1,,2.0
2024-03-11,18,27.8,19.3,60.0,0.0,,0.0,0.0,,1013.6,,2.0
2024-03-11,19,27.5,18.5,58.0,0.0,,124.0,1.8,,1012.9,,2.0
2024-03-11,20,26.9,19.0,62.0,0.0,,121.0,1.8,,1012.5,,2.0
2024-03-11,21,26.6,20.0,67.0,0.0,,0.0,0.0,,1012.2,,2.0
2024-03-11,22,25.7,19.1,67.0,0.0,,121.0,1.8,,1012.1,,2.0
2024-03-11,23,25.2,19.1,69.0,0.0,,129.0,1.8,,1012.2,,2.0
2024-03-12,0,24.8,20.1,75.0,0.0,,0.0,0.0,,1012.0,,2.0
2024-03-12,1,25.6,19.7,70.0,0.0,,144.0,1.8,,1013.0,,2.0
2024-03-12,2,24.0,19.1,74.0,0.0,,0.0,0.0,,1013.7,,2.0
2024-03-12,3,27.8,21.4,68.0,0.0,,200.0,5.4,,1014.9,,2.0
2024-03-12,4,30.0,18.1,49.0,0.0,,230.0,7.6,,1013.9,,2.0
2024-03-12,5,31.6,18.9,47.0,0.0,,192.0,1.8,,1013.4,,2.0
2024-03-12,6,34.2,17.4,37.0,0.0,,220.0,9.4,,1013.2,,2.0
2024-03-12,7,36.0,15.2,29.0,0.0,,180.0,7.6,,1011.5,,2.0
2024-03-12,8,37.0,14.9,27.0,0.0,,170.0,7.6,,1016.0,,2.0
2024-03-12,9,36.0,14.6,28.0,0.0,,150.0,9.4,,1010.0,,3.0
2024-03-12,10,35.0,13.8,28.0,0.0,,110.0,5.4,,1014.0,,3.0
2024-03-12,11,34.0,14.0,30.0,0.0,,110.0,9.4,,1015.0,,3.0
2024-03-12,12,35.6,15.4,30.0,0.0,,180.0,9.4,,1008.6,,3.0
2024-03-12,13,34.0,14.0,30.0,0.0,,90.0,11.2,,1015.0,,5.0
2024-03-12,14,31.0,18.0,46.0,0.0,,110.0,9.4,,1015.0,,5.0
2024-03-12,15,31.2,18.2,46.0,0.0,,140.0,7.6,,1010.6,,5.0
2024-03-12,16,30.0,18.1,49.0,0.0,,110.0,9.4,,1016.0,,5.0
2024-03-12,17,30.0,18.8,51.0,0.0,,142.0,5.5,,1011.1,,2.0
2024-03-12,18,29.4,18.5,52.0,0.0,,140.0,5.4,,1010.6,,2.0
2024-03-12,19,28.5,18.9,56.0,0.0,,144.0,3.7,,1010.9,,2.0
2024-03-12,20,27.7,19.2,60.0,0.0,,144.0,1.8,,1010.5,,2.0
2024-03-12,21,27.7,18.7,58.0,0.0,,360.0,3.6,,1009.5,,2.0
2024-03-12,22,26.9,19.5,64.0,0.0,,148.0,1.8,,1009.7,,1.0
2024-03-12,23,26.4,19.0,64.0,0.0,,150.0,1.8,,1009.8,,2.0
2024-03-13,0,26.0,20.1,70.0,0.0,,0.0,0.0,,1010.3,,2.0
2024-03-13,1,26.9,18.7,61.0,0.0,,201.0,1.8,,1010.7,,2.0
2024-03-13,2,28.0,16.0,48.0,0.0,,200.0,7.6,,1016.0,,5.0
2024-03-13,3,29.0,16.6,47.0,0.0,,220.0,11.2,,1012.4,,2.0
2024-03-13,4,31.0,15.8,40.0,0.0,,170.0,9.4,,1011.7,,2.0
2024-03-13,5,33.0,15.1,34.0,0.0,,190.0,7.6,,1011.2,,2.0
2024-03-13,6,35.6,14.8,29.0,0.0,,270.0,5.4,,1010.7,,2.0
2024-03-13,7,37.0,13.7,25.0,0.0,,180.0,11.2,,1009.3,,2.0
2024-03-13,8,36.7,15.2,28.0,0.0,,243.0,5.5,,1007.9,,2.0
2024-03-13,9,37.4,14.7,26.0,0.0,,250.0,3.6,,1007.0,,3.0
2024-03-13,10,37.0,14.9,27.0,0.0,,200.0,11.2,,1006.4,,3.0
2024-03-13,11,37.0,14.9,27.0,0.0,,180.0,9.4,,1006.4,,3.0
2024-03-13,12,36.0,15.2,29.0,0.0,,250.0,5.4,,1006.5,,3.0
2024-03-13,13,34.0,15.0,32.0,0.0,,340.0,9.4,,1013.0,,5.0
2024-03-13,14,32.0,15.1,36.0,0.0,,129.0,5.4,,1014.0,,5.0
2024-03-13,15,32.6,17.3,40.0,0.0,,90.0,9.4,,1009.5,,5.0
2024-03-13,16,31.0,17.0,43.0,0.0,,90.0,11.2,,1015.0,,5.0
2024-03-13,17,31.1,17.8,45.0,0.0,,114.0,1.8,,1010.4,,2.0
2024-03-13,18,29.8,20.4,57.0,0.0,,90.0,7.6,,1011.3,,2.0
2024-03-13,19,29.5,18.6,52.0,0.0,,108.0,1.8,,1010.5,,2.0
2024-03-13,20,28.7,18.8,55.0,0.0,,99.0,1.8,,1010.2,,2.0
2024-03-13,21,27.0,20.6,68.0,0.0,,102.0,3.6,,1010.6,,2.0
2024-03-13,22,26.5,20.1,68.0,0.0,,39.0,3.7,,1010.8,,2.0
2024-03-13,23,26.0,19.6,68.0,0.0,,39.0,1.8,,1010.9,,2.0
2024-03-14,0,25.4,20.6,75.0,0.0,,140.0,5.4,,1011.0,,2.0
2024-03-14,1,25.0,20.0,74.0,0.0,,55.0,4.0,,1016.0,,5.0
2024-03-14,2,26.0,20.1,70.0,0.0,,10.0,9.4,,1017.0,,5.0
2024-03-14,3,27.2,21.0,69.0,0.0,,180.0,5.4,,1013.1,,5.0
2024-03-14,4,30.0,20.0,55.0,0.0,,310.0,5.4,,1017.0,,5.0
2024-03-14,5,33.0,17.2,39.0,0.0,,183.0,4.0,,1017.0,,1.0
2024-03-14,6,33.4,18.4,41.0,0.0,,250.0,5.4,,1011.8,,1.0
2024-03-14,7,34.0,15.0,32.0,0.0,,30.0,5.4,,1015.0,,1.0
2024-03-14,8,35.0,14.8,30.0,0.0,,20.0,11.2,,1014.0,,2.0
2024-03-14,9,36.6,16.7,31.0,0.0,,20.0,5.4,,1007.5,,2.0
2024-03-14,10,36.0,15.2,29.0,0.0,,50.0,11.2,,1012.0,,2.0
2024-03-14,11,35.0,14.8,30.0,0.0,,50.0,9.4,,1012.0,,2.0
2024-03-14,12,33.4,18.7,42.0,0.0,,140.0,5.4,,1007.2,,2.0
2024-03-14,13,32.0,14.2,34.0,0.0,,30.0,9.4,,1014.0,,2.0
2024-03-14,14,31.0,15.0,38.0,0.0,,50.0,11.2,,1014.0,,2.0
2024-03-14,15,31.2,17.5,44.0,0.0,,50.0,7.6,,1009.4,,2.0
2024-03-14,16,30.0,17.1,46.0,0.0,,90.0,11.2,,1015.0,,2.0
2024-03-14,17,29.9,18.7,51.0,0.0,,117.0,3.7,,1010.1,,2.0
2024-03-14,18,28.4,19.6,59.0,0.0,,117.0,3.6,,1010.8,,2.0
2024-03-14,19,28.5,19.2,57.0,0.0,,110.0,1.8,,1010.1,,2.0
2024-03-14,20,27.7,19.2,60.0,0.0,,101.0,1.8,,1009.7,,2.0
2024-03-14,21,27.2,20.1,65.0,0.0,,0.0,0.0,,1008.9,,2.0
2024-03-14,22,26.3,19.2,65.0,0.0,,95.0,1.8,,1009.4,,2.0
2024-03-14,23,25.7,19.1,67.0,0.0,,99.0,1.8,,1009.5,,2.0
2024-03-15,0,25.4,18.8,67.0,0.0,,103.0,3.6,,1009.4,,2.0
2024-03-15,1,25.8,19.0,66.0,0.0,,101.0,1.8,,1010.4,,2.0
2024-03-15,2,24.0,18.0,69.0,0.0,,70.0,7.6,,1011.2,,2.0
2024-03-15,3,26.0,19.4,67.0,0.0,,110.0,7.6,,1012.3,,2.0
2024-03-15,4,28.0,18.1,55.0,0.0,,90.0,7.6,,1011.5,,2.0
2024-03-15,5,31.2,17.9,45.0,0.0,,146.0,3.7,,1011.0,,2.0
2024-03-15,6,32.2,19.1,46.0,0.0,,120.0,5.4,,1010.5,,1.0
2024-03-15,7,34.0,15.9,34.0,0.0,,180.0,5.4,,1009.2,,2.0
2024-03-15,8,34.0,16.8,36.0,0.0,,160.0,3.6,,1007.9,,2.0
2024-03-15,9,35.2,18.3,37.0,0.0,,90.0,5.4,,1007.3,,2.0
2024-03-15,10,33.0,18.0,41.0,0.0,,90.0,14.8,,1007.1,,2.0
2024-03-15,11,33.0,17.2,39.0,0.0,,90.0,14.8,,1006.8,,2.0
2024-03-15,12,31.8,16.9,41.0,0.0,,90.0,11.2,,1007.3,,2.0
2024-03-15,13,30.0,18.1,49.0,0.0,,90.0,14.8,,1007.5,,2.0
2024-03-15,14,30.0,18.1,49.0,0.0,,90.0,14.8,,1008.4,,2.0
2024-03-15,15,29.6,18.7,52.0,0.0,,140.0,9.4,,1010.1,,2.0
2024-03-15,16,28.0,18.1,55.0,0.0,,80.0,13.0,,1010.4,,3.0
2024-03-15,17,28.9,19.2,56.0,0.0,,137.0,7.4,,1010.6,,3.0
2024-03-15,18,27.6,19.1,60.0,0.0,,140.0,7.6,,1011.0,,2.0
2024-03-15,19,27.9,19.4,60.0,0.0,,132.0,5.5,,1010.5,,2.0
2024-03-15,20,27.3,19.6,63.0,0.0,,128.0,3.7,,1010.1,,2.0
2024-03-15,21,25.0,19.8,73.0,0.0,,140.0,5.4,,1009.9,,2.0
2024-03-15,22,26.2,20.1,69.0,0.0,,121.0,3.7,,1009.8,,2.0
2024-03-15,23,25.8,20.4,72.0,0.0,,117.0,3.7,,1009.9,,2.0
2024-03-16,0,24.2,20.3,79.0,0.0,,140.0,5.4,,1010.3,,2.0
2024-03-16,1,25.4,21.1,77.0,0.0,,113.0,3.7,,1011.0,,2.0
2024-03-16,2,23.0,20.0,83.0,0.0,,100.0,7.6,,1011.9,,2.0
2024-03-16,3,25.0,21.1,79.0,0.0,,140.0,9.4,,1012.9,,2.0
2024-03-16,4,26.9,20.7,69.0,0.0,,140.0,7.4,,1012.5,,1.0
2024-03-16,5,29.0,19.9,58.0,0.0,,150.0,11.2,,1012.1,,1.0
2024-03-16,6,31.0,21.8,58.0,0.0,,70.0,7.6,,1011.8,,1.0
2024-03-16,7,32.0,17.9,43.0,0.0,,90.0,9.4,,1010.4,,2.0
2024-03-16,8,34.0,18.1,39.0,0.2,,210.0,7.6,,1013.0,,18.0
2024-03-16,9,33.6,20.0,45.0,0.0,,140.0,7.6,,1008.0,,18.0
2024-03-16,10,34.0,18.9,41.0,0.0,,110.0,14.8,,1012.0,,18.0
2024-03-16,11,32.0,18.9,46.0,0.0,,90.0,18.4,,1012.0,,18.0
2024-03-16,12,31.8,20.1,50.0,0.2,,90.0,9.4,,1007.3,,18.0
2024-03-16,13,30.0,19.1,52.0,0.0,,90.0,16.6,,1013.0,,5.0
2024-03-16,14,29.0,18.2,52.0,0.0,,100.0,16.6,,1014.0,,5.0
2024-03-16,15,29.6,19.0,53.0,0.0,,140.0,9.4,,1009.5,,5.0
2024-03-16,16,29.0,19.0,55.0,0.0,,90.0,14.8,,1015.0,,5.0
2024-03-16,17,27.8,19.3,60.0,0.0,,136.0,9.3,,1010.5,,3.0
2024-03-16,18,26.9,19.5,64.0,0.0,,134.0,9.3,,1011.0,,3.0
2024-03-16,19,26.2,19.6,67.0,0.0,,134.0,9.3,,1010.7,,3.0
2024-03-16,20,25.5,19.6,70.0,0.0,,133.0,7.4,,1010.4,,2.0
2024-03-16,21,25.4,19.8,71.0,0.0,,140.0,5.4,,1010.9,,2.0
2024-03-16,22,25.7,19.1,67.0,0.0,,120.0,5.5,,1010.4,,2.0
2024-03-16,23,25.2,19.6,71.0,0.0,,120.0,3.7,,1010.6,,3.0
2024-03-17,0,24.6,20.7,79.0,0.0,,140.0,9.4,,1011.3,,3.0
2024-03-17,1,24.0,20.9,83.0,0.0,,100.0,13.0,,1016.0,,5.0
2024-03-17,2,24.0,20.9,83.0,0.0,,100.0,14.8,,1016.0,,5.0
2024-03-17,3,24.8,21.1,80.0,0.0,,140.0,9.4,,1013.0,,5.0
2024-03-17,4,27.0,21.1,70.0,0.0,,100.0,11.2,,1017.0,,5.0
2024-03-17,5,28.0,21.1,66.0,0.0,,100.0,13.0,,1017.0,,5.0
2024-03-17,6,29.8,21.5,61.0,0.0,,140.0,3.6,,1012.7,,3.0
2024-03-17,7,30.0,20.0,55.0,0.0,,120.0,3.6,,1015.0,,3.0
2024-03-17,8,32.0,20.0,49.0,0.0,,60.0,9.0,,1014.0,,3.0
2024-03-17,9,32.6,20.5,49.0,1.2,,50.0,7.6,,1008.9,,3.0
2024-03-17,10,33.0,18.0,41.0,5.6,,80.0,16.6,,1008.8,,18.0
2024-03-17,11,32.0,17.9,43.0,0.0,,80.0,17.0,,1013.0,,18.0
2024-03-17,12,31.4,18.0,45.0,0.0,,90.0,7.6,,1008.0,,25.0
2024-03-17,13,30.0,17.1,46.0,0.0,,90.0,16.6,,1014.0,,25.0
2024-03-17,14,29.0,19.0,55.0,0.0,,100.0,16.6,,1014.0,,25.0
2024-03-17,15,29.0,19.6,57.0,0.0,,140.0,9.4,,1010.7,,2.0
2024-03-17,16,28.0,19.0,58.0,0.0,,90.0,13.0,,1016.0,,2.0
2024-03-17,17,26.0,20.1,70.0,0.0,,120.0,5.5,,1011.4,,2.0
2024-03-17,18,27.4,19.7,63.0,0.0,,140.0,5.4,,1011.9,,2.0
2024-03-17,19,25.2,19.8,72.0,0.0,,116.0,5.5,,1011.2,,2.0
2024-03-17,20,24.9,19.7,73.0,0.0,,111.0,3.7,,1010.8,,2.0
2024-03-17,21,26.0,19.6,68.0,0.0,,107.0,3.6,,1010.1,,2.0
2024-03-17,22,25.5,19.6,70.0,0.0,,95.0,3.7,,1010.3,,2.0
2024-03-17,23,25.1,19.5,71.0,0.0,,95.0,1.8,,1010.4,,2.0
2024-03-18,0,25.0,18.9,69.0,0.0,,95.0,3.6,,1010.9,,2.0
2024-03-18,1,25.1,19.5,71.0,0.0,,108.0,1.8,,1011.4,,2.0
2024-03-18,2,24.0,18.0,69.0,0.0,,70.0,7.6,,1017.0,,5.0
2024-03-18,3,25.6,20.0,71.0,0.0,,0.0,0.0,,1013.1,,3.0
2024-03-18,4,29.0,19.0,55.0,0.0,,190.0,7.6,,1017.0,,2.0
2024-03-18,5,31.0,19.0,49.0,0.0,,130.0,7.6,,1017.0,,2.0
2024-03-18,6,31.0,19.7,51.0,0.0,,140.0,5.4,,1012.4,,2.0
2024-03-18,7,34.0,18.1,39.0,0.0,,150.0,7.6,,1014.0,,2.0
2024-03-18,8,34.0,18.9,41.0,0.0,,130.0,7.6,,1014.0,,3.0
2024-03-18,9,33.4,19.5,44.0,0.0,,140.0,5.4,,1007.3,,3.0
2024-03-18,10,33.0,18.0,41.0,0.0,,120.0,9.4,,1012.0,,2.0
2024-03-18,11,32.0,17.9,43.0,0.0,,90.0,7.6,,1012.0,,2.0
2024-03-18,12,31.8,18.8,46.0,0.0,,140.0,5.4,,1006.7,,2.0
2024-03-18,13,30.0,19.1,52.0,0.1,,90.0,16.6,,1013.0,,2.0
2024-03-18,14,30.0,19.1,52.0,0.0,,110.0,14.8,,1014.0,,2.0
2024-03-18,15,29.6,19.3,54.0,0.0,,50.0,11.2,,1008.7,,2.0
2024-03-18,16,28.0,18.1,55.0,0.0,,50.0,13.0,,1015.0,,3.0
2024-03-18,17,28.2,19.4,59.0,0.0,,125.0,3.7,,1009.7,,3.0
2024-03-18,18,28.4,18.8,56.0,0.0,,140.0,3.6,,1010.5,,3.0
2024-03-18,19,26.8,19.7,65.0,0.0,,121.0,3.7,,1010.0,,2.0
2024-03-18,20,26.1,19.7,68.0,0.0,,117.0,3.7,,1009.7,,2.0
2024-03-18,21,27.0,17.8,57.0,0.0,,0.0,0.0,,1009.1,,2.0
2024-03-18,22,26.4,18.0,60.0,0.0,,113.0,0.0,,1009.3,,3.0
2024-03-18,23,25.9,17.8,61.0,0.0,,116.0,0.0,,1009.6,,3.0
2024-03-19,0,25.8,18.5,64.0,0.0,,0.0,0.0,,1009.2,,3.0
2024-03-19,1,25.9,18.3,63.0,0.0,,81.0,1.8,,1010.5,,2.0
2024-03-19,2,26.0,16.0,54.0,0.0,,80.0,6.0,,1016.0,,5.0
2024-03-19,3,26.2,17.8,60.0,0.0,,90.0,3.6,,1012.4,,5.0
2024-03-19,4,28.0,16.9,51.0,0.0,,70.0,9.4,,1017.0,,5.0
2024-03-19,5,30.0,17.1,46.0,0.0,,110.0,7.6,,1016.0,,3.0
2024-03-19,6,31.0,17.7,45.0,0.0,,140.0,5.4,,1011.2,,3.0
2024-03-19,7,33.0,15.9,36.0,0.0,,150.0,13.0,,1014.0,,2.0
2024-03-19,8,34.0,11.8,26.0,0.0,,150.0,14.8,,1013.0,,2.0
2024-03-19,9,34.0,12.4,27.0,0.0,,180.0,5.4,,1007.3,,2.0
2024-03-19,10,34.0,11.8,26.0,0.0,,210.0,9.4,,1011.0,,3.0
2024-03-19,11,31.0,19.0,49.0,0.0,,100.0,13.0,,1012.0,,3.0
2024-03-19,12,30.4,19.7,53.0,0.0,,90.0,11.2,,1007.4,,3.0
2024-03-19,13,29.0,18.2,52.0,0.0,,20.0,13.0,,1013.0,,3.0
2024-03-19,14,29.0,18.2,52.0,0.0,,100.0,14.8,,1014.0,,3.0
2024-03-19,15,28.2,19.7,60.0,0.0,,110.0,7.6,,1009.4,,5.0
2024-03-19,16,27.0,20.1,66.0,0.0,,110.0,11.2,,1010.2,,3.0
2024-03-19,17,26.7,19.6,65.0,0.0,,119.0,5.5,,1010.5,,2.0
2024-03-19,18,26.8,20.4,68.0,0.0,,90.0,5.4,,1010.2,,2.0
2024-03-19,19,25.9,19.3,67.0,0.0,,116.0,5.5,,1010.3,,2.0
2024-03-19,20,25.4,19.1,68.0,0.0,,105.0,5.5,,1010.0,,2.0
2024-03-19,21,25.6,20.2,72.0,0.0,,90.0,3.6,,1009.5,,2.0
2024-03-19,22,24.5,18.7,70.0,0.0,,97.0,3.7,,1010.0,,2.0
2024-03-19,23,24.2,18.6,71.0,0.0,,97.0,3.7,,1010.3,,2.0
2024-03-20,0,23.4,18.7,75.0,0.0,,50.0,7.6,,1011.3,,2.0
2024-03-20,1,23.0,19.0,78.0,0.0,,60.0,11.0,,1016.0,,5.0
2024-03-20,2,23.0,20.0,83.0,0.0,,80.0,13.0,,1017.0,,5.0
2024-03-20,3,24.0,20.1,79.0,0.0,,90.0,5.4,,1014.5,,5.0
2024-03-20,4,25.0,20.0,74.0,0.0,,100.0,11.2,,1018.0,,5.0
2024-03-20,5,26.0,20.1,70.0,0.0,,100.0,11.2,,1018.0,,5.0
2024-03-20,6,28.0,20.0,62.0,0.0,,70.0,5.4,,1013.5,,2.0
2024-03-20,7,29.0,19.0,55.0,0.0,,80.0,9.4,,1016.0,,2.0
2024-03-20,8,30.0,17.1,46.0,0.0,,90.0,14.8,,1014.0,,2.0
2024-03-20,9,31.4,14.1,35.0,0.0,,90.0,7.6,,1009.1,,3.0
2024-03-20,10,31.0,12.9,33.0,0.0,,80.0,18.4,,1013.0,,3.0
2024-03-20,11,30.0,14.1,38.0,0.0,,90.0,11.0,,1013.0,,3.0
2024-03-20,12,30.2,16.2,43.0,0.0,,90.0,5.4,,1008.4,,3.0
2024-03-20,13,28.0,16.0,48.0,0.0,,90.0,11.2,,1014.0,,3.0
2024-03-20,14,28.0,16.0,48.0,0.0,,90.0,7.6,,1016.0,,3.0
2024-03-20,15,27.6,16.9,52.0,0.0,,90.0,7.6,,1011.4,,2.0
2024-03-20,16,27.0,16.9,54.0,0.0,,90.0,11.2,,1016.0,,2.0
2024-03-20,17,26.3,17.7,59.0,0.0,,101.0,5.5,,1012.1,,2.0
2024-03-20,18,25.8,18.5,64.0,0.0,,90.0,7.6,,1012.4,,2.0
2024-03-20,19,24.8,18.3,67.0,0.0,,105.0,3.7,,1012.1,,2.0
2024-03-20,20,24.0,18.4,71.0,0.0,,101.0,5.5,,1011.8,,2.0
2024-03-20,21,23.8,18.2,71.0,0.0,,110.0,7.6,,1012.2,,2.0
2024-03-20,22,23.8,18.4,72.0,0.0,,107.0,5.5,,1011.6,,2.0
2024-03-20,23,23.3,18.6,75.0,0.0,,108.0,5.5,,1011.7,,2.0
2024-03-21,0,23.2,19.2,78.0,0.0,,110.0,7.6,,1012.1,,2.0
2024-03-21,1,22.0,19.0,83.0,0.0,,120.0,11.2,,1012.6,,2.0
2024-03-21,2,23.0,19.0,78.0,0.0,,110.0,14.8,,1013.3,,2.0
2024-03-21,3,24.0,19.5,76.0,0.0,,130.0,11.2,,1013.4,,2.0
2024-03-21,4,27.0,19.1,62.0,0.0,,110.0,11.2,,1013.6,,2.0
2024-03-21,5,30.0,18.1,49.0,0.0,,150.0,13.0,,1013.0,,2.0
2024-03-21,6,30.6,18.0,47.0,0.0,,140.0,5.4,,1011.9,,2.0
2024-03-21,7,32.0,15.1,36.0,0.0,,160.0,9.4,,1015.0,,2.0
2024-03-21,8,33.0,9.1,23.0,0.0,,160.0,5.4,,1014.0,,2.0
2024-03-21,9,34.0,11.2,25.0,0.0,,140.0,5.4,,1008.0,,2.0
2024-03-21,10,33.0,6.3,19.0,0.0,,30.0,3.6,,1012.0,,3.0
2024-03-21,11,33.0,6.3,19.0,0.0,,122.0,3.6,,1012.0,,3.0
2024-03-21,12,32.8,10.8,26.0,0.0,,122.0,3.6,,1007.5,,3.0
2024-03-21,13,31.0,8.1,24.0,0.0,,121.0,3.6,,1014.0,,3.0
2024-03-21,14,29.0,10.2,31.0,0.0,,70.0,7.6,,1014.0,,2.0
2024-03-21,15,28.4,13.5,40.0,0.0,,0.0,0.0,,1010.4,,2.0
2024-03-21,16,26.7,14.5,47.0,0.0,,109.0,3.7,,1010.3,,2.0
2024-03-21,17,26.0,15.1,51.0,0.0,,111.0,3.7,,1010.6,,2.0
2024-03-21,18,27.0,13.0,42.0,0.0,,112.0,1.8,,1011.2,,2.0
2024-03-21,19,24.6,15.8,58.0,0.0,,114.0,1.8,,1010.4,,2.0
2024-03-21,20,23.9,16.2,62.0,0.0,,116.0,1.8,,1010.0,,2.0
2024-03-21,21,25.2,18.2,65.0,0.0,,0.0,0.0,,1009.4,,2.0
2024-03-21,22,24.5,18.0,67.0,0.0,,121.0,0.0,,1009.5,,1.0
2024-03-21,23,23.9,18.1,70.0,0.0,,124.0,1.8,,1009.6,,1.0
2024-03-22,0,23.6,18.0,71.0,0.0,,124.0,1.8,,1009.7,,1.0
2024-03-22,1,22.0,16.9,73.0,0.0,,130.0,1.8,,1010.2,,1.0
2024-03-22,2,24.0,17.0,65.0,0.0,,80.0,7.6,,1015.0,,5.0
2024-03-22,3,27.0,17.5,56.0,0.0,,100.0,7.6,,1011.3,,5.0
2024-03-22,4,28.0,16.9,51.0,0.0,,110.0,13.0,,1016.0,,5.0
2024-03-22,5,31.0,18.0,46.0,0.0,,200.0,11.2,,1015.0,,1.0
2024-03-22,6,32.2,16.9,40.0,0.0,,130.0,7.6,,1010.0,,1.0
2024-03-22,7,33.0,11.0,26.0,0.0,,80.0,9.4,,1012.0,,1.0
2024-03-22,8,36.0,10.2,21.0,0.0,,167.0,4.0,,1011.0,,1.0
2024-03-22,9,35.6,12.6,25.0,0.0,,250.0,3.6,,1005.6,,2.0
2024-03-22,10,35.0,8.7,20.0,0.0,,40.0,9.4,,1010.0,,2.0
2024-03-22,11,35.0,8.7,20.0,0.0,,40.0,5.4,,1010.0,,2.0
2024-03-22,12,34.4,13.3,28.0,0.0,,110.0,11.2,,1004.9,,2.0
2024-03-22,13,32.0,12.3,30.0,0.0,,80.0,11.2,,1011.0,,2.0
2024-03-22,14,31.0,11.9,31.0,0.0,,80.0,9.4,,1012.0,,2.0
2024-03-22,15,30.8,14.0,36.0,0.0,,100.0,7.6,,1006.9,,2.0
2024-03-22,16,29.0,12.8,37.0,0.0,,100.0,7.6,,1013.0,,1.0
2024-03-22,17,28.9,15.1,43.0,0.0,,127.0,1.8,,1007.7,,1.0
2024-03-22,18,28.4,14.6,43.0,0.0,,140.0,5.4,,1007.9,,1.0
2024-03-22,19,27.0,16.0,51.0,0.0,,124.0,1.8,,1007.9,,1.0
2024-03-22,20,26.2,16.4,55.0,0.0,,120.0,1.8,,1007.6,,1.0
2024-03-22,21,26.4,18.5,62.0,0.0,,0.0,0.0,,1007.1,,1.0
2024-03-22,22,25.7,18.4,64.0,0.0,,121.0,0.0,,1007.3,,1.0
2024-03-22,23,25.0,18.2,66.0,0.0,,126.0,0.0,,1007.5,,1.0
2024-03-23,0,25.2,19.1,69.0,0.0,,0.0,0.0,,1007.3,,1.0
2024-03-23,1,23.0,17.0,69.0,0.0,,135.0,3.6,,1013.0,,5.0
2024-03-23,2,23.0,17.0,69.0,0.0,,135.0,3.6,,1014.0,,5.0
2024-03-23,3,26.8,18.7,61.0,0.0,,134.0,1.8,,1011.1,,5.0
2024-03-23,4,31.0,15.0,38.0,0.0,,180.0,11.2,,1015.0,,5.0
2024-03-23,5,34.0,14.0,30.0,0.0,,180.0,11.2,,1015.0,,5.0
2024-03-23,6,34.4,16.7,35.0,0.0,,180.0,9.4,,1008.8,,2.0
2024-03-23,7,36.0,14.1,27.0,0.0,,180.0,11.2,,1012.0,,2.0
2024-03-23,8,37.0,11.8,22.0,0.0,,180.0,7.6,,1011.0,,2.0
2024-03-23,9,37.2,14.5,26.0,0.0,,80.0,9.4,,1005.0,,2.0
2024-03-23,10,35.0,10.1,22.0,0.0,,170.0,5.4,,1010.0,,2.0
2024-03-23,11,35.0,12.0,25.0,0.0,,60.0,7.6,,1010.0,,2.0
2024-03-23,12,35.0,12.6,26.0,0.0,,140.0,7.6,,1004.7,,2.0
2024-03-23,13,33.0,9.1,23.0,0.0,,100.0,11.2,,1011.0,,2.0
2024-03-23,14,32.0,13.2,32.0,0.0,,100.0,13.0,,1012.0,,2.0
2024-03-23,15,31.0,15.8,40.0,0.0,,90.0,14.8,,1007.2,,2.0
2024-03-23,16,30.0,14.9,40.0,0.0,,100.0,9.4,,1013.0,,1.0
2024-03-23,17,29.7,16.9,46.0,0.0,,122.0,3.7,,1008.1,,1.0
2024-03-23,18,29.6,18.1,50.0,0.0,,122.0,3.6,,1008.5,,1.0
2024-03-23,19,28.2,17.7,53.0,0.0,,123.0,1.8,,1008.4,,1.0
2024-03-23,20,27.4,17.8,56.0,0.0,,124.0,1.8,,1008.2,,1.0
2024-03-23,21,28.4,16.7,49.0,0.0,,0.0,0.0,,1008.0,,1.0
2024-03-23,22,27.6,16.9,52.0,0.0,,132.0,0.0,,1008.3,,2.0
2024-03-23,23,26.9,17.1,55.0,0.0,,141.0,1.8,,1008.6,,2.0
2024-03-24,0,27.4,17.8,56.0,0.0,,141.0,1.8,,1008.9,,2.0
2024-03-24,1,26.6,17.7,58.0,0.0,,143.0,1.8,,1009.8,,2.0
2024-03-24,2,27.0,16.9,54.0,0.0,,145.0,5.4,,1010.8,,2.0
2024-03-24,3,27.2,19.0,61.0,0.0,,120.0,7.6,,1012.4,,2.0
2024-03-24,4,30.0,18.1,49.0,0.0,,140.0,5.4,,1017.0,,5.0
2024-03-24,5,33.0,15.1,34.0,0.0,,180.0,11.2,,1017.0,,3.0
2024-03-24,6,34.4,14.8,31.0,0.0,,180.0,7.6,,1010.9,,2.0
2024-03-24,7,36.0,12.3,24.0,0.0,,150.0,9.4,,1014.0,,2.0
2024-03-24,8,37.0,11.8,22.0,0.0,,180.0,11.2,,1014.0,,2.0
2024-03-24,9,36.4,13.8,26.0,0.0,,140.0,5.4,,1007.2,,2.0
2024-03-24,10,36.0,12.3,24.0,0.0,,110.0,9.4,,1012.0,,1.0
2024-03-24,11,36.0,10.9,22.0,0.0,,140.0,5.4,,1013.0,,2.0
2024-03-24,12,34.4,13.3,28.0,0.0,,110.0,5.4,,1007.4,,2.0
2024-03-24,13,32.0,12.3,30.0,0.0,,100.0,11.2,,1014.0,,2.0
2024-03-24,14,31.0,14.2,36.0,0.0,,100.0,11.2,,1014.0,,2.0
2024-03-24,15,31.2,15.6,39.0,0.0,,140.0,7.6,,1009.3,,2.0
2024-03-24,16,30.0,14.9,40.0,0.0,,90.0,11.2,,1016.0,,1.0
2024-03-24,17,30.1,16.9,45.0,0.0,,141.0,5.5,,1010.3,,1.0
2024-03-24,18,29.0,18.2,52.0,0.0,,140.0,5.4,,1011.0,,1.0
2024-03-24,19,28.6,17.5,51.0,0.0,,141.0,3.7,,1010.4,,1.0
2024-03-24,20,27.7,17.6,54.0,0.0,,139.0,3.7,,1010.1,,1.0
2024-03-24,21,27.4,17.8,56.0,0.0,,140.0,5.4,,1010.2,,1.0
2024-03-24,22,26.3,17.9,60.0,0.0,,135.0,1.8,,1010.0,,1.0
2024-03-24,23,25.8,18.0,62.0,0.0,,135.0,1.8,,1010.1,,2.0
2024-03-25,0,26.0,18.4,63.0,0.0,,0.0,0.0,,1010.3,,2.0
2024-03-25,1,25.8,18.2,63.0,0.0,,132.0,3.7,,1011.0,,2.0
2024-03-25,2,26.0,17.9,61.0,0.0,,129.0,3.6,,1011.8,,2.0
2024-03-25,3,26.8,18.7,61.0,0.0,,125.0,3.6,,1013.0,,2.0
2024-03-25,4,29.0,18.2,52.0,0.0,,145.0,5.4,,1012.1,,2.0
2024-03-25,5,30.0,16.1,43.0,0.0,,159.0,3.6,,1011.6,,2.0
2024-03-25,6,32.0,16.7,40.0,0.0,,170.0,3.6,,1012.0,,1.0
2024-03-25,7,35.0,10.1,22.0,0.0,,190.0,11.2,,1015.0,,1.0
2024-03-25,8,35.0,7.2,18.0,0.0,,140.0,9.4,,1014.0,,2.0
2024-03-25,9,36.2,12.4,24.0,0.0,,90.0,5.4,,1008.0,,2.0
2024-03-25,10,37.0,7.9,17.0,0.0,,140.0,9.4,,1013.0,,3.0
2024-03-25,11,35.0,10.1,22.0,0.0,,90.0,11.2,,1013.0,,3.0
2024-03-25,12,34.2,13.6,29.0,0.0,,110.0,7.6,,1007.8,,4.0
2024-03-25,13,32.0,12.3,30.0,0.0,,90.0,11.2,,1014.0,,3.0
2024-03-25,14,31.0,11.9,31.0,0.0,,110.0,9.4,,1015.0,,3.0
2024-03-25,15,30.8,15.6,40.0,0.0,,140.0,5.4,,1010.6,,2.0
2024-03-25,16,30.0,14.1,38.0,0.0,,110.0,9.4,,1015.0,,1.0
2024-03-25,17,29.7,16.2,44.0,0.0,,140.0,5.5,,1010.9,,1.0
2024-03-25,18,29.0,16.2,46.0,0.0,,141.0,1.8,,1011.4,,1.0
2024-03-25,19,28.3,16.9,50.0,0.0,,139.0,3.7,,1010.6,,1.0
2024-03-25,20,27.4,17.0,53.0,0.0,,136.0,3.7,,1010.2,,1.0
2024-03-25,21,27.2,17.4,55.0,0.0,,0.0,0.0,,1009.8,,1.0
2024-03-25,22,26.1,17.2,58.0,0.0,,134.0,1.8,,1009.9,,1.0
2024-03-25,23,25.6,17.0,59.0,0.0,,135.0,1.8,,1010.1,,1.0
2024-03-26,0,25.6,15.9,55.0,0.0,,0.0,0.0,,1010.6,,1.0
2024-03-26,1,26.0,16.8,57.0,0.0,,134.0,1.8,,1011.0,,1.0
2024-03-26,2,27.0,13.0,42.0,0.0,,0.0,0.0,,1011.7,,2.0
2024-03-26,3,28.6,14.4,42.0,0.0,,128.0,3.6,,1012.8,,2.0
2024-03-26,4,32.0,10.1,26.0,0.0,,180.0,7.6,,1012.0,,2.0
2024-03-26,5,33.0,11.0,26.0,0.0,,147.0,5.4,,1011.6,,2.0
2024-03-26,6,34.0,13.5,29.0,0.0,,140.0,9.4,,1012.0,,2.0
2024-03-26,7,36.0,12.3,24.0,0.0,,140.0,5.4,,1009.8,,2.0
2024-03-26,8,37.0,10.3,20.0,0.0,,200.0,9.4,,1008.4,,2.0
2024-03-26,9,37.6,13.6,24.0,0.0,,180.0,1.8,,1008.2,,2.0
2024-03-26,10,37.0,10.3,20.0,0.0,,90.0,11.2,,1013.0,,2.0
2024-03-26,11,36.0,12.3,24.0,0.0,,110.0,11.2,,1013.0,,2.0
2024-03-26,12,34.2,14.2,30.0,0.0,,90.0,5.4,,1008.2,,2.0
2024-03-26,13,32.0,13.2,32.0,0.0,,110.0,15.0,,1015.0,,2.0
2024-03-26,14,31.0,15.0,38.0,0.0,,90.0,11.0,,1016.0,,2.0
2024-03-26,15,31.0,16.2,41.0,0.0,,90.0,5.4,,1010.9,,2.0
2024-03-26,16,30.0,16.1,43.0,0.0,,110.0,11.2,,1017.0,,1.0
2024-03-26,17,29.3,16.5,46.0,0.0,,133.0,5.5,,1011.5,,1.0
2024-03-26,18,29.1,17.6,50.0,0.0,,138.0,3.6,,1011.6,,1.0
2024-03-26,19,28.0,16.9,51.0,0.0,,138.0,3.7,,1011.6,,1.0
2024-03-26,20,27.4,17.3,54.0,0.0,,138.0,1.8,,1011.3,,1.0
2024-03-26,21,26.8,17.3,56.0,0.0,,137.0,1.8,,1011.0,,1.0
2024-03-26,22,26.1,18.3,62.0,0.0,,138.0,0.0,,1011.8,,1.0
2024-03-26,23,25.5,17.7,62.0,0.0,,140.0,0.0,,1012.0,,1.0
2024-03-27,0,25.0,17.2,62.0,0.0,,131.0,1.8,,1012.1,,1.0
2024-03-27,1,25.8,16.9,58.0,0.0,,138.0,1.8,,1013.0,,1.0
2024-03-27,2,26.7,16.3,53.0,0.0,,148.0,1.8,,1013.9,,1.0
2024-03-27,3,26.5,15.8,52.0,0.0,,360.0,3.6,,1014.8,,1.0
2024-03-27,4,30.0,12.0,33.0,0.0,,159.0,5.4,,1019.0,,5.0
2024-03-27,5,33.0,7.8,21.0,0.0,,160.0,7.6,,1019.0,,2.0
2024-03-27,6,33.8,11.6,26.0,0.0,,150.0,3.6,,1013.0,,2.0
2024-03-27,7,36.0,7.1,17.0,0.0,,100.0,9.4,,1016.0,,1.0
2024-03-27,8,38.0,7.8,16.0,0.0,,130.0,11.2,,1016.0,,1.0
2024-03-27,9,37.0,12.5,23.0,0.0,,140.0,13.0,,1009.3,,2.0
2024-03-27,10,36.0,12.3,24.0,0.0,,100.0,9.0,,1014.0,,2.0
2024-03-27,11,35.0,12.0,25.0,0.0,,80.0,14.8,,1014.0,,3.0
2024-03-27,12,34.8,14.2,29.0,0.0,,110.0,7.6,,1008.8,,3.0
2024-03-27,13,33.0,15.1,34.0,0.0,,90.0,13.0,,1015.0,,2.0
2024-03-27,14,32.0,15.9,38.0,0.0,,90.0,11.2,,1016.0,,1.0
2024-03-27,15,31.2,17.5,44.0,0.0,,90.0,5.4,,1011.9,,1.0
2024-03-27,16,30.0,17.1,46.0,0.0,,90.0,9.4,,1017.0,,2.0
2024-03-27,17,29.9,17.0,46.0,0.0,,135.0,5.5,,1011.9,,2.0
2024-03-27,18,28.0,16.9,51.0,0.0,,100.0,6.0,,1017.0,,1.0
2024-03-27,19,28.0,16.0,48.0,0.0,,120.0,7.0,,1016.0,,1.0
2024-03-27,20,27.8,18.2,56.0,0.0,,141.0,3.7,,1011.6,,1.0
2024-03-27,21,27.1,18.4,59.0,0.0,,142.0,1.8,,1011.2,,1.0
2024-03-27,22,26.2,19.1,65.0,0.0,,142.0,0.0,,1012.4,,1.0
2024-03-27,23,25.7,19.1,67.0,0.0,,117.0,1.8,,1012.1,,1.0
2024-03-28,0,25.1,19.2,70.0,0.0,,117.0,1.8,,1011.8,,1.0
2024-03-28,1,24.0,17.0,65.0,0.0,,131.0,2.0,,1016.0,,5.0
2024-03-28,2,28.0,16.9,51.0,0.0,,150.0,7.0,,1017.0,,5.0
2024-03-28,3,31.0,15.8,40.0,0.0,,150.0,7.0,,1017.0,,2.0
2024-03-28,4,33.0,13.1,30.0,0.0,,140.0,7.0,,1017.0,,1.0
2024-03-28,5,34.0,11.8,26.0,0.0,,174.0,4.0,,1017.0,,5.0
2024-03-28,6,37.0,10.3,20.0,0.0,,160.0,9.0,,1016.0,,5.0
2024-03-28,7,39.0,10.4,18.0,0.0,,160.0,11.0,,1014.0,,1.0
2024-03-28,8,39.0,10.4,18.0,0.0,,150.0,11.0,,1014.0,,1.0
2024-03-28,9,39.0,10.4,18.0,0.0,,166.0,6.0,,1012.0,,2.0
2024-03-28,10,38.0,10.4,19.0,0.0,,140.0,9.0,,1012.0,,2.0
2024-03-28,11,37.0,10.3,20.0,0.0,,110.0,4.0,,1012.0,,2.0
2024-03-28,12,35.0,10.8,23.0,0.0,,100.0,6.0,,1012.0,,2.0
2024-03-28,13,34.0,11.8,26.0,0.0,,100.0,9.0,,1013.0,,2.0
2024-03-28,14,33.0,13.1,30.0,0.0,,100.0,7.0,,1014.0,,2.0
2024-03-28,15,32.0,14.2,34.0,0.0,,80.0,9.0,,1015.0,,2.0
2024-03-28,16,31.0,14.2,36.0,0.0,,90.0,6.0,,1015.0,,2.0
2024-03-28,17,31.0,15.8,40.0,0.0,,137.0,3.7,,1009.7,,2.0
2024-03-28,18,30.0,16.1,43.0,0.0,,137.0,1.8,,1010.0,,2.0
2024-03-28,19,29.3,16.5,46.0,0.0,,141.0,1.8,,1009.5,,2.0
2024-03-28,20,28.5,17.1,50.0,0.0,,147.0,1.8,,1009.1,,2.0
2024-03-28,21,27.8,17.3,53.0,0.0,,157.0,1.8,,1008.6,,2.0
2024-03-28,22,27.4,18.1,57.0,0.0,,161.0,0.0,,1008.4,,1.0
2024-03-28,23,26.8,18.1,59.0,0.0,,167.0,0.0,,1008.5,,1.0
2024-03-29,0,26.2,18.3,62.0,0.0,,174.0,0.0,,1008.6,,1.0
2024-03-29,1,28.0,18.1,55.0,0.0,,161.0,4.0,,1014.0,,5.0
2024-03-29,2,30.0,18.1,49.0,0.0,,190.0,7.0,,1014.0,,5.0
2024-03-29,3,33.0,17.2,39.0,0.0,,200.0,7.0,,1015.0,,2.0
2024-03-29,4,36.0,14.1,27.0,0.0,,160.0,11.0,,1015.0,,1.0
2024-03-29,5,35.2,16.5,33.0,0.0,,188.0,3.7,,1009.1,,1.0
2024-03-29,6,39.0,12.7,21.0,0.0,,140.0,13.0,,1014.0,,1.0
2024-03-29,7,40.0,12.0,19.0,0.0,,180.0,11.0,,1014.0,,2.0
2024-03-29,8,40.0,11.2,18.0,0.0,,200.0,9.0,,1012.0,,2.0
2024-03-29,9,39.0,12.0,20.0,0.0,,140.0,13.0,,1011.0,,2.0
2024-03-29,10,38.0,11.9,21.0,0.0,,80.0,13.0,,1011.0,,2.0
2024-03-29,11,37.0,13.1,24.0,0.0,,100.0,15.0,,1011.0,,2.0
2024-03-29,12,35.0,13.8,28.0,0.0,,100.0,11.0,,1011.0,,2.0
2024-03-29,13,34.0,15.9,34.0,0.0,,80.0,15.0,,1012.0,,2.0
2024-03-29,14,33.0,17.2,39.0,0.0,,90.0,9.0,,1013.0,,2.0
2024-03-29,15,33.0,17.2,39.0,0.0,,100.0,9.0,,1013.0,,2.0
2024-03-29,16,31.0,17.0,43.0,0.0,,100.0,11.0,,1015.0,,1.0
2024-03-29,17,31.8,17.7,43.0,0.0,,126.0,7.4,,1009.4,,1.0
2024-03-29,18,31.2,17.5,44.0,0.0,,142.0,5.5,,1009.7,,1.0
2024-03-29,19,30.3,17.7,47.0,0.0,,141.0,3.7,,1009.4,,1.0
2024-03-29,20,29.4,17.9,50.0,0.0,,139.0,3.7,,1009.1,,1.0
2024-03-29,21,28.5,18.0,53.0,0.0,,136.0,1.8,,1008.8,,1.0
2024-03-29,22,28.1,17.9,54.0,0.0,,124.0,1.8,,1009.8,,1.0
2024-03-29,23,27.3,18.0,57.0,0.0,,124.0,1.8,,1009.9,,1.0
2024-03-30,0,26.6,18.2,60.0,0.0,,124.0,1.8,,1010.1,,1.0
2024-03-30,1,28.0,18.1,55.0,0.0,,150.0,2.0,,1015.0,,5.0
2024-03-30,2,30.0,16.1,43.0,0.0,,200.0,13.0,,1016.0,,5.0
2024-03-30,3,32.0,15.9,38.0,0.0,,220.0,15.0,,1017.0,,5.0
2024-03-30,4,35.0,15.9,32.0,0.0,,160.0,15.0,,1017.0,,3.0
2024-03-30,5,37.0,13.1,24.0,0.0,,170.0,11.0,,1017.0,,2.0
2024-03-30,6,38.0,10.4,19.0,0.0,,200.0,15.0,,1016.0,,2.0
2024-03-30,7,38.0,10.4,19.0,0.0,,140.0,7.0,,1015.0,,2.0
2024-03-30,8,39.0,10.4,18.0,0.0,,160.0,7.0,,1014.0,,2.0
2024-03-30,9,39.0,10.4,18.0,0.0,,180.0,11.0,,1013.0,,2.0
2024-03-30,10,39.0,10.4,18.0,0.0,,140.0,9.0,,1012.0,,1.0
2024-03-30,11,39.0,10.4,18.0,0.0,,180.0,9.0,,1012.0,,1.0
2024-03-30,12,35.0,10.1,22.0,0.0,,80.0,11.0,,1013.0,,1.0
2024-03-30,13,34.0,10.0,23.0,0.0,,100.0,7.0,,1014.0,,1.0
2024-03-30,14,33.0,11.0,26.0,0.0,,100.0,7.0,,1014.0,,1.0
2024-03-30,15,33.0,11.0,26.0,0.0,,100.0,6.0,,1015.0,,2.0
2024-03-30,16,31.0,11.9,31.0,0.0,,80.0,7.0,,1016.0,,1.0
2024-03-30,17,31.4,15.8,39.0,0.0,,131.0,5.5,,1011.0,,1.0
2024-03-30,18,30.8,16.4,42.0,0.0,,137.0,3.7,,1011.5,,1.0
2024-03-30,19,30.0,16.4,44.0,0.0,,134.0,3.7,,1011.2,,1.0
2024-03-30,20,29.1,16.3,46.0,0.0,,129.0,1.8,,1010.9,,1.0
2024-03-30,21,28.2,16.5,49.0,0.0,,120.0,1.8,,1010.6,,1.0
2024-03-30,22,27.6,16.6,51.0,0.0,,125.0,1.8,,1010.8,,1.0
2024-03-30,23,27.1,16.7,53.0,0.0,,131.0,1.8,,1011.0,,1.0
2024-03-31,0,26.5,17.0,56.0,0.0,,137.0,1.8,,1011.2,,2.0
2024-03-31,1,26.0,15.1,51.0,0.0,,50.0,7.0,,1017.0,,5.0
2024-03-31,2,28.0,16.0,48.0,0.0,,50.0,6.0,,1018.0,,5.0
2024-03-31,3,31.0,15.0,38.0,0.0,,107.0,6.0,,1019.0,,1.0
2024-03-31,4,34.0,14.0,30.0,0.0,,182.0,6.0,,1019.0,,1.0
2024-03-31,5,35.0,12.0,25.0,0.0,,210.0,6.0,,1018.0,,1.0
2024-03-31,6,37.0,11.8,22.0,0.0,,190.0,9.0,,1017.0,,1.0
2024-03-31,7,36.0,12.3,24.0,0.0,,140.0,9.0,,1016.0,,1.0
2024-03-31,8,37.0,11.1,21.0,0.0,,250.0,11.0,,1015.0,,1.0
2024-03-31,9,36.0,12.3,24.0,0.0,,90.0,4.0,,1014.0,,1.0
2024-03-31,10,37.0,10.3,20.0,0.0,,110.0,17.0,,1013.0,,1.0
2024-03-31,11,36.0,8.8,19.0,0.0,,110.0,13.0,,1013.0,,1.0
2024-03-31,12,34.0,10.0,23.0,0.0,,100.0,11.0,,1014.0,,1.0
2024-03-31,13,33.0,11.0,26.0,0.0,,100.0,11.0,,1014.0,,1.0
2024-03-31,14,32.0,12.3,30.0,0.0,,90.0,7.0,,1015.0,,1.0
2024-03-31,15,31.0,12.9,33.0,0.0,,100.0,7.0,,1015.0,,1.0
2024-03-31,16,31.0,12.9,33.0,0.0,,90.0,7.0,,1016.0,,1.0
2024-03-31,17,30.6,16.6,43.0,0.0,,109.0,3.7,,1010.7,,1.0
2024-03-31,18,29.9,16.7,45.0,0.0,,128.0,3.7,,1010.8,,1.0
2024-03-31,19,29.1,17.0,48.0,0.0,,124.0,1.8,,1010.3,,1.0
2024-03-31,20,28.3,16.9,50.0,0.0,,115.0,1.8,,1009.9,,1.0
2024-03-31,21,27.5,17.1,53.0,0.0,,96.0,0.0,,1009.4,,1.0
2024-03-31,22,27.0,16.0,51.0,0.0,,76.0,0.0,,1009.6,,1.0
2024-03-31,23,26.3,16.3,54.0,0.0,,33.0,0.0,,1009.8,,1.0
2024-04-01,0,25.7,16.8,58.0,0.0,,115.0,0.0,,1009.9,,1.0
2024-04-01,1,25.0,14.2,51.0,0.0,,97.0,4.0,,1014.0,,5.0
2024-04-01,2,29.0,14.0,40.0,0.0,,102.0,4.0,,1015.0,,5.0
2024-04-01,3,32.0,12.3,30.0,0.0,,150.0,6.0,,1016.0,,5.0
2024-04-01,4,35.0,12.0,25.0,0.0,,229.0,7.0,,1015.0,,1.0
2024-04-01,5,36.0,7.1,17.0,0.0,,200.0,11.0,,1015.0,,1.0
2024-04-01,6,38.0,1.1,10.0,0.0,,200.0,9.0,,1015.0,,1.0
2024-04-01,7,38.0,11.2,20.0,0.0,,160.0,15.0,,1013.0,,1.0
2024-04-01,8,40.0,10.3,17.0,0.0,,160.0,11.0,,1011.0,,2.0
2024-04-01,9,39.0,10.4,18.0,0.0,,140.0,9.0,,1010.0,,2.0
2024-04-01,10,39.0,10.4,18.0,0.0,,140.0,9.0,,1010.0,,1.0
2024-04-01,11,38.0,10.4,19.0,0.0,,110.0,9.0,,1010.0,,1.0
2024-04-01,12,36.0,12.9,25.0,0.0,,100.0,11.0,,1010.0,,1.0
2024-04-01,13,34.0,14.0,30.0,0.0,,80.0,9.0,,1011.0,,1.0
2024-04-01,14,33.0,15.1,34.0,0.0,,90.0,7.0,,1012.0,,1.0
2024-04-01,15,33.0,15.9,36.0,0.0,,110.0,9.0,,1012.0,,1.0
2024-04-01,16,32.0,15.9,38.0,0.0,,120.0,9.0,,1013.0,,1.0
2024-04-01,17,31.8,18.0,44.0,0.0,,129.0,1.8,,1007.0,,1.0
2024-04-01,18,31.6,19.3,48.0,0.0,,129.0,3.6,,1007.3,,1.0
2024-04-01,19,30.0,18.1,49.0,0.0,,122.0,1.8,,1007.0,,1.0
2024-04-01,20,29.2,18.3,52.0,0.0,,111.0,1.8,,1006.6,,1.0
2024-04-01,21,29.4,19.1,54.0,0.0,,0.0,0.0,,1006.2,,1.0
2024-04-01,22,28.4,18.8,56.0,0.0,,357.0,1.8,,1006.5,,1.0
2024-04-01,23,27.7,18.7,58.0,0.0,,353.0,1.8,,1006.7,,1.0
2024-04-02,0,27.2,19.8,64.0,0.0,,0.0,0.0,,1006.7,,1.0
2024-04-02,1,26.0,18.9,65.0,0.0,,339.0,6.0,,1012.0,,5.0
2024-04-02,2,30.0,16.1,43.0,0.0,,330.0,5.4,,1012.0,,5.0
2024-04-02,3,32.2,17.3,41.0,0.0,,140.0,3.6,,1006.8,,5.0
2024-04-02,4,34.0,12.9,28.0,0.0,,220.0,14.8,,1014.0,,1.0
2024-04-02,5,36.0,12.3,24.0,0.0,,250.0,11.0,,1013.0,,1.0
2024-04-02,6,36.0,10.9,22.0,0.0,,260.0,6.0,,1012.0,,1.0
2024-04-02,7,38.0,11.9,21.0,0.0,,170.0,11.0,,1012.0,,1.0
2024-04-02,8,38.0,11.9,21.0,0.0,,120.0,6.0,,1010.0,,2.0
2024-04-02,9,38.0,11.2,20.0,0.0,,220.0,9.0,,1009.0,,2.0
2024-04-02,10,38.0,11.2,20.0,0.0,,114.0,6.0,,1009.0,,2.0
2024-04-02,11,38.0,11.2,20.0,0.0,,114.0,6.0,,1008.0,,2.0
2024-04-02,12,36.0,15.2,29.0,0.0,,100.0,13.0,,1009.0,,2.0
2024-04-02,13,34.0,15.9,34.0,0.0,,100.0,7.0,,1010.0,,2.0
2024-04-02,14,34.0,15.9,34.0,0.0,,100.0,7.0,,1010.0,,2.0
2024-04-02,15,33.0,17.2,39.0,0.0,,90.0,7.0,,1012.0,,2.0
2024-04-02,16,32.0,17.1,41.0,0.0,,110.0,11.0,,1012.0,,2.0
2024-04-02,17,31.5,17.4,43.0,0.0,,124.0,3.7,,1006.6,,2.0
2024-04-02,18,30.9,17.9,46.0,0.0,,128.0,3.7,,1007.1,,2.0
2024-04-02,19,30.3,18.1,48.0,0.0,,122.0,3.7,,1006.8,,2.0
2024-04-02,20,29.6,18.4,51.0,0.0,,114.0,1.8,,1006.5,,2.0
2024-04-02,21,29.8,19.2,53.0,0.0,,0.0,0.0,,1006.5,,2.0
2024-04-02,22,29.1,19.1,55.0,0.0,,99.0,0.0,,1006.7,,2.0
2024-04-02,23,28.4,19.1,57.0,0.0,,100.0,0.0,,1006.8,,2.0
2024-04-03,0,28.4,19.6,59.0,0.0,,0.0,0.0,,1007.0,,2.0
2024-04-03,1,27.0,16.9,54.0,0.0,,80.0,7.0,,1012.0,,5.0
2024-04-03,2,28.0,16.9,51.0,0.0,,100.0,9.4,,1013.0,,5.0
2024-04-03,3,29.4,18.8,53.0,0.0,,0.0,0.0,,1010.2,,5.0
2024-04-03,4,33.0,18.0,41.0,0.0,,180.0,5.4,,1014.0,,3.0
2024-04-03,5,35.0,14.8,30.0,0.0,,210.0,5.4,,1014.0,,2.0
2024-04-03,6,37.0,18.1,33.0,0.0,,180.0,3.6,,1008.3,,2.0
2024-04-03,7,39.0,12.7,21.0,0.0,,150.0,11.2,,1012.0,,2.0
2024-04-03,8,39.0,12.0,20.0,0.0,,200.0,11.2,,1011.0,,2.0
2024-04-03,9,38.4,17.2,29.0,0.0,,180.0,9.4,,1004.8,,3.0
2024-04-03,10,39.0,12.0,20.0,0.0,,140.0,11.2,,1010.0,,3.0
2024-04-03,11,39.0,12.7,21.0,0.0,,180.0,9.4,,1010.0,,3.0
2024-04-03,12,36.8,15.3,28.0,0.0,,100.0,13.0,,1004.3,,3.0
2024-04-03,13,35.0,13.8,28.0,0.0,,90.0,9.4,,1011.0,,3.0
2024-04-03,14,34.0,12.9,28.0,0.0,,100.0,9.4,,1012.0,,2.0
2024-04-03,15,34.0,17.3,37.0,0.0,,90.0,7.6,,1006.4,,2.0
2024-04-03,16,32.0,17.9,43.0,0.0,,100.0,11.2,,1013.0,,1.0
2024-04-03,17,32.4,17.8,42.0,0.0,,103.0,5.5,,1007.3,,1.0
2024-04-03,18,31.4,19.4,49.0,0.0,,90.0,3.6,,1007.7,,1.0
2024-04-03,19,30.6,19.0,50.0,0.0,,114.0,3.7,,1007.5,,1.0
2024-04-03,20,29.6,19.3,54.0,0.0,,111.0,1.8,,1007.2,,1.0
2024-04-03,21,29.0,19.9,58.0,0.0,,0.0,0.0,,1006.9,,1.0
2024-04-03,22,28.5,19.7,59.0,0.0,,109.0,0.0,,1007.1,,1.0
2024-04-03,23,27.9,19.9,62.0,0.0,,58.0,1.8,,1007.3,,1.0
2024-04-04,0,28.0,19.8,61.0,0.0,,0.0,0.0,,1007.1,,1.0
2024-04-04,1,27.0,20.1,66.0,0.0,,37.0,4.0,,1013.0,,5.0
2024-04-04,2,27.0,20.1,66.0,0.0,,350.0,3.6,,1014.0,,5.0
2024-04-04,3,30.6,20.5,55.0,0.0,,220.0,1.8,,1009.6,,2.0
2024-04-04,4,34.0,14.0,30.0,0.0,,210.0,9.4,,1015.0,,2.0
2024-04-04,5,35.0,13.2,27.0,0.0,,200.0,11.2,,1014.0,,2.0
2024-04-04,6,36.8,14.2,26.0,0.0,,190.0,11.2,,1008.0,,2.0
2024-04-04,7,39.0,11.2,19.0,0.0,,180.0,11.2,,1013.0,,2.0
2024-04-04,8,40.0,9.4,16.0,0.0,,180.0,11.2,,1012.0,,2.0
2024-04-04,9,39.6,11.7,19.0,0.0,,160.0,11.2,,1004.9,,2.0
2024-04-04,10,40.0,10.3,17.0,0.0,,140.0,3.6,,1010.0,,2.0
2024-04-04,11,39.0,10.4,18.0,0.0,,121.0,3.6,,1010.0,,2.0
2024-04-04,12,38.0,11.9,21.0,0.0,,0.0,0.0,,1004.5,,2.0
2024-04-04,13,35.0,13.8,28.0,0.0,,90.0,9.4,,1011.0,,2.0
2024-04-04,14,35.0,13.8,28.0,0.0,,90.0,9.4,,1012.0,,2.0
2024-04-04,15,34.4,16.7,35.0,0.0,,110.0,5.4,,1007.1,,2.0
2024-04-04,16,33.0,17.2,39.0,0.0,,110.0,9.4,,1013.0,,1.0
2024-04-04,17,32.8,17.4,40.0,0.0,,118.0,5.5,,1007.7,,1.0
2024-04-04,18,32.0,18.6,45.0,0.0,,140.0,5.4,,1008.3,,1.0
2024-04-04,19,31.2,18.2,46.0,0.0,,118.0,3.7,,1007.6,,1.0
2024-04-04,20,30.3,18.4,49.0,0.0,,112.0,1.8,,1007.2,,1.0
2024-04-04,21,29.5,20.6,59.0,0.0,,0.0,0.0,,1007.3,,1.0
2024-04-04,22,28.9,20.1,59.0,0.0,,105.0,0.0,,1007.4,,1.0
2024-04-04,23,28.4,19.6,59.0,0.0,,358.0,1.8,,1007.5,,1.0
2024-04-05,0,28.0,21.1,66.0,0.0,,0.0,0.0,,1008.3,,1.0
2024-04-05,1,29.1,18.8,54.0,0.0,,337.0,1.8,,1008.2,,1.0
2024-04-05,2,28.0,19.0,58.0,0.0,,311.0,3.6,,1014.0,,2.0
2024-04-05,3,31.0,20.3,53.0,0.0,,0.0,0.0,,1010.0,,2.0
2024-04-05,4,35.0,10.8,23.0,0.0,,210.0,11.2,,1015.0,,5.0
2024-04-05,5,37.0,11.1,21.0,0.0,,190.0,11.2,,1014.0,,2.0
2024-04-05,6,38.0,13.3,23.0,0.0,,0.0,0.0,,1007.7,,1.0
2024-04-05,7,40.0,9.4,16.0,0.0,,190.0,7.0,,1011.0,,1.0
2024-04-05,8,40.0,10.3,17.0,0.0,,120.0,5.4,,1010.0,,2.0
2024-04-05,9,40.0,12.8,20.0,0.0,,160.0,3.6,,1003.5,,2.0
2024-04-05,10,39.0,8.6,16.0,0.0,,180.0,3.6,,1009.0,,2.0
2024-04-05,11,39.0,7.7,15.0,0.0,,105.0,5.4,,1009.0,,2.0
2024-04-05,12,39.0,12.0,20.0,0.0,,0.0,0.0,,1002.9,,2.0
2024-04-05,13,36.0,10.9,22.0,0.0,,90.0,5.4,,1010.0,,2.0
2024-04-05,14,34.0,11.8,26.0,0.0,,100.0,5.4,,1011.0,,2.0
2024-04-05,15,34.6,14.5,30.0,0.0,,80.0,7.6,,1005.7,,2.0
2024-04-05,16,32.0,14.2,34.0,0.0,,128.0,3.6,,1012.0,,2.0
2024-04-05,17,33.2,15.7,35.0,0.0,,128.0,1.8,,1006.2,,2.0
2024-04-05,18,31.8,16.5,40.0,0.0,,128.0,1.8,,1006.5,,2.0
2024-04-05,19,31.5,16.7,41.0,0.0,,120.0,1.8,,1006.1,,2.0
2024-04-05,20,30.6,17.3,45.0,0.0,,106.0,1.8,,1005.8,,2.0
2024-04-05,21,29.0,17.8,51.0,0.0,,0.0,0.0,,1005.9,,2.0
2024-04-05,22,29.6,17.1,47.0,0.0,,85.0,0.0,,1005.6,,1.0
2024-04-05,23,29.0,16.6,47.0,0.0,,355.0,1.8,,1005.9,,1.0
2024-04-06,0,27.0,18.6,60.0,0.0,,0.0,0.0,,1007.1,,1.0
2024-04-06,1,28.0,16.0,48.0,0.0,,333.0,2.0,,1012.0,,5.0
2024-04-06,2,30.0,14.9,40.0,0.0,,290.0,3.6,,1013.0,,5.0
2024-04-06,3,33.0,18.8,43.0,0.0,,320.0,7.6,,1008.4,,5.0
2024-04-06,4,34.0,12.9,28.0,0.0,,270.0,14.8,,1014.0,,2.0
2024-04-06,5,35.0,12.0,25.0,0.0,,270.0,13.0,,1013.0,,2.0
2024-04-06,6,37.6,14.8,26.0,0.0,,230.0,7.6,,1006.5,,2.0
2024-04-06,7,38.0,10.4,19.0,0.0,,90.0,3.6,,1011.0,,2.0
2024-04-06,8,39.0,8.6,16.0,0.0,,140.0,7.6,,1010.0,,2.0
2024-04-06,9,40.2,11.4,18.0,0.0,,120.0,9.4,,1002.7,,2.0
2024-04-06,10,41.0,9.3,15.0,0.0,,170.0,13.0,,1008.0,,3.0
2024-04-06,11,39.0,10.4,18.0,0.0,,110.0,9.4,,1008.0,,3.0
2024-04-06,12,38.6,13.1,22.0,0.0,,150.0,7.6,,1001.5,,3.0
2024-04-06,13,37.0,11.1,21.0,0.0,,80.0,7.6,,1009.0,,2.0
2024-04-06,14,35.0,12.0,25.0,0.0,,130.0,3.6,,1010.0,,2.0
2024-04-06,15,34.6,16.0,33.0,0.0,,110.0,5.4,,1004.6,,2.0
2024-04-06,16,33.0,14.1,32.0,0.0,,110.0,5.4,,1011.0,,2.0
2024-04-06,17,33.0,13.1,30.0,0.0,,90.0,3.6,,1011.0,,2.0
2024-04-06,18,32.8,15.3,35.0,0.0,,121.0,1.8,,1005.6,,2.0
2024-04-06,19,30.9,17.2,44.0,0.0,,118.0,1.8,,1005.2,,2.0
2024-04-06,20,30.0,17.5,47.0,0.0,,115.0,1.8,,1004.8,,2.0
2024-04-06,21,31.0,15.8,40.0,0.0,,0.0,0.0,,1004.3,,2.0
2024-04-06,22,30.2,15.9,42.0,0.0,,110.0,0.0,,1004.6,,1.0
2024-04-06,23,29.4,16.2,45.0,0.0,,108.0,0.0,,1004.9,,2.0
2024-04-07,0,28.4,16.0,47.0,0.0,,0.0,0.0,,1005.2,,2.0
2024-04-07,1,30.0,12.9,35.0,0.0,,260.0,7.0,,1011.0,,5.0
2024-04-07,2,30.0,12.9,35.0,0.0,,270.0,3.6,,1012.0,,5.0
2024-04-07,3,33.2,17.0,38.0,0.0,,230.0,5.4,,1006.7,,2.0
2024-04-07,4,37.0,11.1,21.0,0.0,,210.0,7.6,,1012.0,,1.0
2024-04-07,5,37.0,11.1,21.0,0.0,,200.0,11.2,,1012.0,,1.0
2024-04-07,6,38.8,15.2,25.0,0.0,,230.0,5.4,,1005.4,,1.0
2024-04-07,7,40.0,9.4,16.0,0.0,,200.0,14.8,,1010.0,,1.0
2024-04-07,8,40.0,10.3,17.0,0.0,,190.0,14.8,,1009.0,,2.0
2024-04-07,9,39.8,14.1,22.0,0.0,,200.0,5.4,,1002.0,,2.0
2024-04-07,10,40.0,10.3,17.0,0.0,,200.0,13.0,,1008.0,,3.0
2024-04-07,11,39.0,11.2,19.0,0.0,,160.0,13.0,,1007.0,,3.0
2024-04-07,12,38.2,14.1,24.0,0.0,,210.0,5.4,,1001.2,,3.0
2024-04-07,13,36.9,13.6,25.0,0.0,,128.0,5.5,,1002.3,,3.0
2024-04-07,14,35.1,14.9,30.0,0.0,,121.0,5.5,,1003.2,,3.0
2024-04-07,15,34.4,16.7,35.0,0.0,,117.0,1.8,,1004.0,,3.0
2024-04-07,16,32.7,16.1,37.0,0.0,,120.0,5.5,,1004.7,,2.0
2024-04-07,17,32.1,16.0,38.0,0.0,,124.0,5.5,,1005.3,,2.0
2024-04-07,18,33.0,15.5,35.0,0.0,,128.0,3.6,,1004.7,,2.0
2024-04-07,19,31.0,16.6,42.0,0.0,,119.0,3.7,,1005.6,,2.0
2024-04-07,20,30.5,16.5,43.0,0.0,,109.0,3.7,,1005.3,,2.0
2024-04-07,21,31.6,16.4,40.0,0.0,,98.0,3.6,,1004.7,,2.0
2024-04-07,22,30.4,16.8,44.0,0.0,,78.0,3.7,,1004.9,,2.0
2024-04-07,23,29.8,16.9,46.0,0.0,,81.0,3.7,,1005.5,,2.0
2024-04-08,0,28.0,15.3,46.0,0.0,,85.0,3.6,,1007.0,,2.0
2024-04-08,1,29.3,17.2,48.0,0.0,,94.0,3.7,,1007.0,,2.0
2024-04-08,2,29.4,17.6,49.0,0.0,,101.0,5.5,,1007.9,,2.0
2024-04-08,3,28.6,18.7,55.0,0.0,,110.0,7.6,,1009.5,,2.0
2024-04-08,4,30.5,18.3,48.0,0.0,,112.0,7.4,,1009.1,,3.0
2024-04-08,5,32.5,17.9,42.0,0.0,,114.0,5.5,,1008.7,,3.0
2024-04-08,6,31.8,21.3,54.0,0.0,,140.0,11.2,,1009.2,,3.0
2024-04-08,7,35.3,17.1,34.0,0.0,,127.0,7.4,,1007.1,,2.0
2024-04-08,8,36.2,15.9,30.0,0.0,,135.0,7.4,,1006.0,,2.0
2024-04-08,9,35.6,18.2,36.0,0.0,,140.0,14.8,,1005.6,,2.0
2024-04-08,10,36.0,17.2,33.0,0.0,,140.0,13.0,,1010.0,,2.0
2024-04-08,11,36.0,16.2,31.0,0.0,,130.0,14.8,,1010.0,,2.0
2024-04-08,12,35.4,17.6,35.0,0.0,,140.0,14.8,,1004.6,,2.0
2024-04-08,13,33.0,17.2,39.0,0.0,,100.0,16.6,,1011.0,,2.0
2024-04-08,14,32.0,17.9,43.0,0.0,,110.0,22.3,,1012.0,,2.0
2024-04-08,15,31.6,19.3,48.0,0.0,,140.0,11.2,,1007.0,,2.0
2024-04-08,16,31.0,19.4,50.0,0.0,,141.0,11.1,,1007.6,,1.0
2024-04-08,17,30.5,19.8,53.0,0.0,,141.0,11.1,,1008.2,,1.0
2024-04-08,18,27.8,20.6,65.0,0.0,,140.0,11.2,,1009.5,,1.0
2024-04-08,19,29.2,19.8,57.0,0.0,,141.0,9.3,,1008.6,,1.0
2024-04-08,20,28.4,19.9,60.0,0.0,,140.0,9.3,,1008.4,,1.0
2024-04-08,21,26.2,20.3,70.0,0.0,,140.0,11.2,,1008.0,,1.0
2024-04-08,22,26.1,20.4,71.0,0.0,,139.0,9.3,,1008.4,,2.0
2024-04-08,23,25.9,20.7,73.0,0.0,,137.0,9.3,,1008.7,,2.0
2024-04-09,0,25.6,20.2,72.0,0.0,,140.0,5.4,,1008.3,,2.0
2024-04-09,1,26.2,21.0,73.0,0.0,,133.0,7.4,,1010.0,,2.0
2024-04-09,2,26.0,20.1,70.0,0.0,,130.0,17.0,,1016.0,,5.0
2024-04-09,3,27.2,20.1,65.0,0.0,,140.0,7.6,,1012.1,,5.0
2024-04-09,4,28.0,20.0,62.0,0.0,,120.0,13.0,,1017.0,,2.0
2024-04-09,5,30.0,18.1,49.0,0.0,,100.0,11.2,,1016.0,,2.0
2024-04-09,6,32.2,17.3,41.0,0.0,,140.0,11.2,,1011.1,,2.0
2024-04-09,7,33.0,15.9,36.0,0.0,,130.0,14.8,,1014.0,,2.0
2024-04-09,8,34.0,16.8,36.0,0.0,,110.0,13.0,,1014.0,,2.0
2024-04-09,9,35.0,17.3,35.0,0.0,,140.0,7.6,,1007.7,,2.0
2024-04-09,10,35.0,15.9,32.0,0.0,,160.0,7.6,,1012.0,,2.0
2024-04-09,11,33.0,15.9,36.0,0.0,,100.0,13.0,,1011.0,,2.0
2024-04-09,12,33.6,16.0,35.0,0.0,,140.0,7.6,,1005.9,,2.0
2024-04-09,13,32.0,15.9,38.0,0.0,,100.0,13.0,,1012.0,,2.0
2024-04-09,14,32.0,15.9,38.0,0.0,,100.0,11.2,,1013.0,,2.0
2024-04-09,15,31.8,17.3,42.0,0.0,,140.0,9.4,,1008.0,,2.0
2024-04-09,16,31.0,18.0,46.0,0.0,,110.0,20.5,,1014.0,,2.0
2024-04-09,17,30.5,18.3,48.0,0.0,,139.0,9.3,,1009.1,,2.0
2024-04-09,18,29.2,20.1,58.0,0.0,,140.0,11.2,,1009.7,,2.0
2024-04-09,19,29.0,18.8,54.0,0.0,,137.0,7.4,,1009.3,,2.0
2024-04-09,20,28.2,18.9,57.0,0.0,,134.0,5.5,,1009.0,,2.0
2024-04-09,21,27.8,15.5,47.0,0.0,,140.0,9.4,,1008.9,,2.0
2024-04-09,22,27.0,20.1,66.0,0.0,,123.0,3.7,,1008.8,,2.0
2024-04-09,23,26.5,19.9,67.0,0.0,,123.0,3.7,,1009.1,,2.0
2024-04-10,0,25.6,18.0,63.0,0.0,,140.0,5.4,,1010.7,,2.0
2024-04-10,1,26.7,20.1,67.0,0.0,,126.0,5.5,,1010.0,,2.0
2024-04-10,2,27.3,20.1,65.0,0.0,,128.0,5.5,,1010.7,,2.0
2024-04-10,3,26.8,20.6,69.0,0.0,,140.0,5.4,,1011.5,,2.0
2024-04-10,4,29.7,19.7,55.0,0.0,,137.0,7.4,,1010.9,,2.0
2024-04-10,5,31.5,19.2,48.0,0.0,,142.0,7.4,,1010.5,,2.0
2024-04-10,6,33.4,14.9,33.0,0.0,,140.0,9.4,,1009.4,,2.0
2024-04-10,7,34.2,17.4,37.0,0.0,,147.0,7.4,,1008.9,,2.0
2024-04-10,8,35.1,16.4,33.0,0.0,,149.0,7.4,,1007.6,,2.0
2024-04-10,9,36.0,15.2,29.0,0.0,,150.0,3.6,,1006.5,,2.0
2024-04-10,10,35.5,15.3,30.0,0.0,,128.0,5.5,,1006.2,,1.0
2024-04-10,11,35.0,15.4,31.0,0.0,,128.0,5.5,,1005.8,,1.0
2024-04-10,12,35.0,15.4,31.0,0.0,,140.0,7.6,,1005.4,,1.0
2024-04-10,13,33.2,16.1,36.0,0.0,,124.0,7.4,,1006.3,,2.0
2024-04-10,14,32.0,16.7,40.0,0.0,,121.0,7.4,,1007.2,,2.0
2024-04-10,15,32.2,16.5,39.0,0.0,,110.0,9.4,,1007.1,,2.0
2024-04-10,16,31.6,17.1,42.0,0.0,,112.0,9.3,,1007.7,,1.0
2024-04-10,17,30.9,17.6,45.0,0.0,,115.0,9.3,,1008.3,,1.0
2024-04-10,18,30.0,14.9,40.0,0.0,,140.0,9.4,,1008.7,,1.0
2024-04-10,19,29.4,17.9,50.0,0.0,,122.0,7.4,,1008.7,,1.0
2024-04-10,20,28.5,18.0,53.0,0.0,,125.0,5.5,,1008.5,,1.0
2024-04-10,21,27.8,12.2,38.0,0.0,,127.0,3.6,,1008.4,,1.0
2024-04-10,22,27.3,16.3,51.0,0.0,,132.0,3.7,,1008.5,,1.0
2024-04-10,23,26.8,16.7,54.0,0.0,,132.0,3.7,,1009.0,,1.0
2024-04-11,0,26.4,13.2,44.0,0.0,,140.0,7.6,,1009.5,,1.0
2024-04-11,1,25.0,15.9,57.0,0.0,,100.0,11.0,,1016.0,,5.0
2024-04-11,2,25.0,15.9,57.0,0.0,,110.0,7.6,,1016.0,,5.0
2024-04-11,3,27.4,17.8,56.0,0.0,,90.0,5.4,,1012.0,,5.0
2024-04-11,4,30.0,17.1,46.0,0.0,,90.0,13.0,,1017.0,,2.0
2024-04-11,5,30.0,17.1,46.0,0.0,,100.0,11.2,,1017.0,,2.0
2024-04-11,6,31.8,18.8,46.0,0.0,,140.0,5.4,,1011.4,,2.0
2024-04-11,7,34.0,15.0,32.0,0.0,,120.0,11.2,,1015.0,,2.0
2024-04-11,8,34.0,16.8,36.0,0.0,,110.0,18.4,,1014.0,,2.0
2024-04-11,9,34.2,17.0,36.0,0.0,,140.0,7.6,,1008.1,,2.0
2024-04-11,10,33.7,17.0,37.0,0.0,,135.0,7.4,,1007.8,,3.0
2024-04-11,11,33.0,15.1,34.0,0.0,,90.0,14.8,,1012.0,,3.0
2024-04-11,12,33.2,17.0,38.0,0.0,,140.0,9.4,,1006.8,,3.0
2024-04-11,13,32.0,15.1,36.0,0.0,,80.0,16.6,,1013.0,,3.0
2024-04-11,14,31.0,15.8,40.0,0.0,,90.0,13.0,,1014.0,,3.0
2024-04-11,15,30.4,16.8,44.0,0.0,,140.0,7.6,,1008.9,,2.0
2024-04-11,16,30.0,16.1,43.0,0.0,,100.0,14.8,,1015.0,,2.0
2024-04-11,17,29.5,17.3,48.0,0.0,,132.0,7.4,,1009.6,,2.0
2024-04-11,18,29.4,15.5,43.0,0.0,,110.0,14.8,,1009.6,,2.0
2024-04-11,19,28.4,17.6,52.0,0.0,,126.0,7.4,,1009.7,,2.0
2024-04-11,20,27.7,17.6,54.0,0.0,,126.0,5.5,,1009.3,,2.0
2024-04-11,21,27.2,20.1,65.0,0.0,,90.0,3.6,,1009.3,,2.0
2024-04-11,22,27.2,17.1,54.0,0.0,,115.0,5.5,,1009.1,,2.0
2024-04-11,23,26.7,17.5,57.0,0.0,,117.0,5.5,,1009.5,,3.0
2024-04-12,0,26.2,18.6,63.0,0.0,,119.0,3.6,,1009.5,,3.0
2024-04-12,1,26.3,18.7,63.0,0.0,,115.0,5.5,,1010.8,,3.0
2024-04-12,2,26.5,19.4,65.0,0.0,,112.0,5.5,,1011.7,,3.0
2024-04-12,3,26.6,21.4,73.0,0.0,,140.0,11.2,,1012.7,,2.0
2024-04-12,4,28.1,20.4,63.0,0.0,,112.0,7.4,,1012.1,,3.0
2024-04-12,5,29.4,20.3,58.0,0.0,,117.0,7.4,,1011.8,,3.0
2024-04-12,6,31.8,20.4,51.0,0.0,,140.0,5.4,,1011.6,,3.0
2024-04-12,7,31.4,19.4,49.0,0.0,,127.0,5.5,,1010.4,,3.0
2024-04-12,8,34.0,18.9,41.0,0.0,,110.0,7.0,,1014.0,,5.0
2024-04-12,9,34.2,19.5,42.0,0.0,,140.0,5.4,,1007.7,,5.0
2024-04-12,10,34.0,18.1,39.0,1.2,,110.0,14.8,,1012.0,,18.0
2024-04-12,11,34.0,18.1,39.0,1.7,,90.0,9.4,,1011.0,,25.0
2024-04-12,12,33.4,18.4,41.0,0.0,,140.0,7.6,,1006.1,,25.0
2024-04-12,13,32.0,17.9,43.0,0.0,,100.0,13.0,,1013.0,,3.0
2024-04-12,14,31.0,19.0,49.0,0.0,,100.0,14.8,,1013.0,,3.0
2024-04-12,15,30.0,18.8,51.0,0.0,,140.0,7.6,,1008.7,,3.0
2024-04-12,16,29.0,19.0,55.0,0.0,,110.0,14.8,,1014.0,,2.0
2024-04-12,17,29.0,19.6,57.0,0.0,,134.0,7.4,,1009.6,,2.0
2024-04-12,18,28.6,19.8,59.0,0.0,,110.0,7.6,,1010.0,,2.0
2024-04-12,19,27.7,20.0,63.0,0.1,,134.0,5.5,,1009.7,,2.0
2024-04-12,20,26.9,20.0,66.0,0.0,,139.0,3.7,,1009.3,,2.0
2024-04-12,21,27.2,19.0,61.0,0.0,,145.0,3.6,,1008.9,,2.0
2024-04-12,22,25.8,19.7,69.0,0.0,,140.0,3.7,,1009.3,,2.0
2024-04-12,23,25.4,19.3,69.0,0.0,,133.0,3.7,,1009.5,,2.0
2024-04-13,0,26.6,18.7,62.0,0.0,,140.0,7.6,,1009.2,,2.0
2024-04-13,1,26.0,17.9,61.0,0.0,,150.0,19.0,,1015.0,,5.0
2024-04-13,2,27.0,18.0,58.0,0.0,,160.0,14.8,,1016.0,,5.0
2024-04-13,3,27.8,19.9,62.0,0.1,,150.0,11.2,,1012.3,,5.0
2024-04-13,4,28.0,19.0,58.0,0.0,,270.0,5.4,,1017.0,,5.0
2024-04-13,5,29.0,18.2,52.0,0.0,,143.0,7.0,,1017.0,,5.0
2024-04-13,6,31.4,20.4,52.0,0.0,,80.0,1.8,,1012.0,,5.0
2024-04-13,7,31.0,19.0,49.0,0.0,,340.0,7.6,,1015.0,,5.0
2024-04-13,8,31.0,19.0,49.0,0.0,,20.0,11.0,,1015.0,,5.0
2024-04-13,9,33.4,18.7,42.0,0.0,,320.0,9.4,,1008.2,,5.0
2024-04-13,10,32.0,17.9,43.0,0.0,,90.0,9.4,,1012.0,,5.0
2024-04-13,11,32.0,22.1,56.0,0.0,,20.0,13.0,,1012.0,,5.0
2024-04-13,12,32.0,20.3,50.0,0.0,,20.0,9.4,,1006.5,,5.0
2024-04-13,13,30.0,19.1,52.0,0.0,,40.0,11.2,,1012.0,,5.0
2024-04-13,14,29.0,19.9,58.0,0.0,,50.0,7.6,,1014.0,,5.0
2024-04-13,15,29.6,20.7,59.0,0.0,,60.0,5.4,,1009.4,,5.0
2024-04-13,16,28.0,20.0,62.0,0.0,,90.0,1.8,,1014.0,,5.0
2024-04-13,17,28.0,20.0,62.0,0.0,,110.0,9.4,,1014.0,,2.0
2024-04-13,18,28.8,21.3,64.0,0.0,,120.0,3.6,,1009.9,,2.0
2024-04-13,19,27.8,20.1,63.0,0.0,,116.0,3.7,,1010.0,,2.0
2024-04-13,20,27.2,19.8,64.0,0.0,,109.0,1.8,,1009.7,,2.0
2024-04-13,21,26.6,20.0,67.0,0.0,,100.0,1.8,,1009.3,,2.0
2024-04-13,22,26.8,20.6,69.0,0.0,,94.0,1.8,,1009.3,,1.0
2024-04-13,23,26.4,20.5,70.0,0.0,,103.0,1.8,,1009.6,,1.0
2024-04-14,0,27.2,18.8,60.0,0.0,,115.0,3.6,,1008.9,,2.0
2024-04-14,1,27.0,18.0,58.0,0.0,,60.0,9.0,,1016.0,,5.0
2024-04-14,2,28.0,18.1,55.0,0.0,,90.0,9.4,,1016.0,,5.0
2024-04-14,3,29.8,18.6,51.0,0.0,,120.0,3.6,,1011.6,,2.0
2024-04-14,4,32.0,17.9,43.0,0.0,,80.0,7.6,,1017.0,,1.0
2024-04-14,5,34.0,16.8,36.0,0.0,,150.0,11.2,,1016.0,,1.0
2024-04-14,6,34.4,18.5,39.0,0.0,,130.0,7.6,,1010.3,,1.0
2024-04-14,7,37.0,16.0,29.0,0.0,,170.0,7.6,,1015.0,,1.0
2024-04-14,8,36.0,15.2,29.0,0.0,,150.0,5.4,,1013.0,,2.0
2024-04-14,9,37.4,16.4,29.0,0.0,,180.0,5.4,,1006.5,,2.0
2024-04-14,10,37.0,14.9,27.0,0.0,,180.0,5.4,,1011.0,,2.0
2024-04-14,11,36.0,14.1,27.0,0.0,,90.0,14.8,,1011.0,,2.0
2024-04-14,12,36.2,15.9,30.0,0.0,,110.0,5.4,,1005.8,,2.0
2024-04-14,13,34.0,15.0,32.0,0.0,,90.0,14.8,,1012.0,,2.0
2024-04-14,14,33.0,15.9,36.0,0.0,,90.0,15.0,,1013.0,,2.0
2024-04-14,15,33.0,16.4,37.0,0.0,,90.0,5.4,,1008.8,,2.0
2024-04-14,16,32.0,15.1,36.0,0.0,,130.0,13.0,,1015.0,,1.0
2024-04-14,17,31.4,17.7,44.0,0.0,,113.0,5.5,,1009.7,,1.0
2024-04-14,18,30.5,15.4,40.0,0.0,,110.0,7.6,,1010.3,,1.0
2024-04-14,19,29.7,18.5,51.0,0.0,,131.0,3.7,,1009.8,,1.0
2024-04-14,20,28.9,18.7,54.0,0.0,,136.0,3.7,,1009.6,,1.0
2024-04-14,21,28.4,14.6,43.0,0.0,,0.0,0.0,,1009.6,,1.0
2024-04-14,22,28.1,17.0,51.0,0.0,,103.0,3.7,,1009.6,,1.0
2024-04-14,23,27.5,17.4,54.0,0.0,,106.0,3.7,,1009.9,,1.0
2024-04-15,0,27.0,15.7,50.0,0.0,,0.0,0.0,,1010.6,,1.0
2024-04-15,1,28.0,13.1,40.0,0.0,,122.0,6.0,,1015.0,,5.0
2024-04-15,2,29.0,12.8,37.0,0.0,,130.0,5.4,,1016.0,,5.0
2024-04-15,3,31.2,16.0,40.0,0.0,,140.0,3.6,,1011.9,,5.0
2024-04-15,4,35.0,12.0,25.0,0.0,,130.0,11.2,,1017.0,,1.0
2024-04-15,5,37.0,11.1,21.0,0.0,,160.0,14.8,,1017.0,,1.0
2024-04-15,6,36.6,13.4,25.0,0.0,,140.0,5.4,,1011.2,,1.0
2024-04-15,7,39.0,11.2,19.0,0.0,,150.0,9.4,,1015.0,,1.0
2024-04-15,8,38.0,10.4,19.0,0.0,,90.0,9.4,,1013.0,,1.0
2024-04-15,9,38.2,13.5,23.0,0.0,,140.0,5.4,,1006.9,,2.0
2024-04-15,10,38.0,11.9,21.0,0.0,,80.0,11.2,,1012.0,,2.0
2024-04-15,11,37.0,11.8,22.0,0.0,,80.0,9.4,,1012.0,,2.0
2024-04-15,12,37.0,13.1,24.0,0.0,,140.0,5.4,,1006.1,,2.0
2024-04-15,13,35.0,13.2,27.0,0.0,,90.0,11.2,,1013.0,,2.0
2024-04-15,14,34.0,12.9,28.0,0.0,,100.0,9.4,,1014.0,,2.0
2024-04-15,15,34.0,14.5,31.0,0.0,,100.0,3.6,,1008.5,,2.0
2024-04-15,16,32.0,13.2,32.0,0.0,,90.0,7.6,,1015.0,,1.0
2024-04-15,17,32.3,15.8,37.0,0.0,,114.0,1.8,,1009.2,,1.0
2024-04-15,18,31.6,14.3,35.0,0.0,,140.0,3.6,,1009.6,,1.0
2024-04-15,19,30.5,16.9,44.0,0.0,,116.0,1.8,,1009.2,,1.0
2024-04-15,20,29.5,17.0,47.0,0.0,,120.0,1.8,,1008.9,,1.0
2024-04-15,21,29.4,13.6,38.0,0.0,,0.0,0.0,,1009.0,,1.0
2024-04-15,22,28.7,14.2,41.0,0.0,,140.0,0.0,,1009.1,,1.0
2024-04-15,23,28.0,15.0,45.0,0.0,,154.0,0.0,,1009.2,,1.0
2024-04-16,0,27.3,15.7,49.0,0.0,,169.0,0.0,,1009.3,,1.0
2024-04-16,1,29.0,14.0,40.0,0.0,,150.0,6.0,,1014.0,,5.0
2024-04-16,2,30.0,14.1,38.0,0.0,,165.0,5.4,,1014.0,,5.0
2024-04-16,3,32.0,13.2,32.0,0.0,,177.0,5.4,,1015.0,,5.0
2024-04-16,4,35.0,12.0,25.0,0.0,,200.0,11.2,,1015.0,,2.0
2024-04-16,5,37.0,11.8,22.0,0.0,,210.0,7.6,,1014.0,,2.0
2024-04-16,6,38.0,11.9,21.0,0.0,,200.0,9.4,,1014.0,,2.0
2024-04-16,7,39.0,12.7,21.0,0.0,,140.0,14.8,,1012.0,,2.0
2024-04-16,8,39.0,12.7,21.0,0.0,,120.0,9.4,,1011.0,,2.0
2024-04-16,9,39.0,14.1,23.0,0.0,,70.0,9.4,,1010.0,,2.0
2024-04-16,10,39.0,14.1,23.0,0.0,,40.0,11.2,,1010.0,,3.0
2024-04-16,11,38.0,13.9,24.0,0.0,,100.0,13.0,,1010.0,,3.0
2024-04-16,12,37.0,13.1,24.0,0.0,,100.0,9.4,,1011.0,,3.0
2024-04-16,13,36.0,14.1,27.0,0.0,,90.0,7.6,,1012.0,,3.0
2024-04-16,14,36.0,14.1,27.0,0.0,,80.0,9.4,,1012.0,,3.0
2024-04-16,15,34.0,14.0,30.0,0.0,,90.0,9.4,,1013.0,,2.0
2024-04-16,16,34.0,14.0,30.0,0.0,,90.0,7.6,,1013.0,,2.0
2024-04-16,17,31.9,16.2,39.0,0.0,,110.0,3.7,,1007.7,,2.0
2024-04-16,18,31.4,17.0,42.0,0.0,,103.0,1.8,,1008.0,,2.0
2024-04-16,19,30.7,17.1,44.0,0.0,,90.0,1.8,,1007.6,,2.0
2024-04-16,20,30.0,17.1,46.0,0.0,,65.0,1.8,,1007.3,,2.0
2024-04-16,21,29.3,17.2,48.0,0.0,,72.0,0.0,,1006.9,,2.0
2024-04-16,22,29.2,18.3,52.0,0.0,,71.0,1.8,,1006.9,,2.0
2024-04-16,23,28.5,18.6,55.0,0.0,,68.0,1.8,,1007.2,,2.0
2024-04-17,0,27.7,18.7,58.0,0.0,,66.0,1.8,,1007.5,,2.0
2024-04-17,1,29.0,15.9,45.0,0.0,,73.0,2.0,,1012.0,,5.0
2024-04-17,2,32.0,15.1,36.0,0.0,,200.0,5.4,,1013.0,,5.0
2024-04-17,3,34.0,15.0,32.0,0.0,,200.0,5.4,,1013.0,,2.0
2024-04-17,4,36.0,16.2,31.0,0.0,,180.0,7.6,,1014.0,,2.0
2024-04-17,5,38.0,15.2,26.0,0.0,,160.0,9.4,,1013.0,,2.0
2024-04-17,6,39.0,14.8,24.0,0.0,,180.0,11.2,,1013.0,,2.0
2024-04-17,7,39.0,14.8,24.0,0.2,,170.0,3.6,,1012.0,,2.0
2024-04-17,8,38.0,13.9,24.0,0.0,,253.0,3.6,,1005.0,,2.0
2024-04-17,9,37.0,13.7,25.0,0.0,,50.0,9.4,,1010.0,,3.0
2024-04-17,10,39.0,14.1,23.0,0.0,,93.0,3.6,,1010.0,,3.0
2024-04-17,11,38.0,13.9,24.0,0.0,,40.0,11.2,,1010.0,,4.0
2024-04-17,12,38.0,13.9,24.0,0.0,,180.0,5.4,,1010.0,,4.0
2024-04-17,13,34.0,15.9,34.0,0.0,,180.0,9.4,,1011.0,,5.0
2024-04-17,14,34.0,16.8,36.0,0.0,,83.0,5.4,,1012.0,,5.0
2024-04-17,15,32.0,17.1,41.0,0.0,,65.0,5.4,,1012.0,,5.0
2024-04-17,16,30.0,18.1,49.0,0.0,,320.0,9.4,,1013.0,,5.0
2024-04-17,17,31.6,16.7,41.0,0.0,,91.0,1.8,,1006.8,,2.0
2024-04-17,18,30.6,17.0,44.0,0.0,,95.0,1.8,,1007.2,,2.0
2024-04-17,19,30.1,17.2,46.0,0.0,,78.0,1.8,,1006.7,,2.0
2024-04-17,20,29.6,17.8,49.0,0.0,,63.0,1.8,,1006.3,,2.0
2024-04-17,21,29.1,18.2,52.0,0.0,,93.0,0.0,,1005.8,,2.0
2024-04-17,22,29.0,18.5,53.0,0.0,,306.0,1.8,,1006.0,,2.0
2024-04-17,23,28.4,18.2,54.0,0.0,,338.0,1.8,,1006.3,,2.0
2024-04-18,0,27.9,18.3,56.0,0.0,,9.0,1.8,,1006.6,,2.0
2024-04-18,1,27.0,20.1,66.0,0.0,,348.0,4.0,,1013.0,,5.0
2024-04-18,2,28.0,21.1,66.0,0.0,,326.0,5.4,,1013.0,,5.0
2024-04-18,3,33.0,18.0,41.0,0.0,,308.0,3.6,,1014.0,,5.0
2024-04-18,4,34.0,18.1,39.0,0.0,,330.0,1.8,,1013.0,,5.0
2024-04-18,5,36.0,17.2,33.0,0.0,,340.0,7.6,,1013.0,,2.0
2024-04-18,6,37.0,16.0,29.0,0.0,,290.0,7.6,,1012.0,,2.0
2024-04-18,7,38.0,15.8,27.0,0.0,,40.0,7.6,,1011.0,,2.0
2024-04-18,8,39.0,16.0,26.0,0.0,,10.0,5.4,,1010.0,,2.0
2024-04-18,9,40.3,14.5,22.0,0.0,,15.0,3.7,,1002.9,,2.0
2024-04-18,10,38.0,15.8,27.0,0.0,,120.0,9.4,,1009.0,,3.0
2024-04-18,11,38.0,15.2,26.0,0.0,,110.0,9.4,,1008.0,,5.0
2024-04-18,12,37.0,16.0,29.0,0.0,,69.0,4.0,,1008.0,,3.0
2024-04-18,13,33.0,15.9,36.0,0.0,,70.0,24.1,,1009.0,,3.0
2024-04-18,14,33.0,17.2,39.0,0.0,,100.0,22.3,,1010.0,,5.0
2024-04-18,15,32.0,18.9,46.0,0.0,,250.0,11.2,,1011.0,,3.0
2024-04-18,16,30.0,20.0,55.0,0.0,,0.0,0.0,,1011.0,,2.0
2024-04-18,17,32.0,16.7,40.0,0.0,,197.0,1.8,,1005.1,,2.0
2024-04-18,18,31.4,17.0,42.0,0.0,,243.0,1.8,,1005.3,,2.0
2024-04-18,19,30.7,17.4,45.0,0.0,,273.0,1.8,,1004.9,,2.0
2024-04-18,20,30.0,17.8,48.0,0.0,,304.0,1.8,,1004.6,,2.0
2024-04-18,21,29.2,18.0,51.0,0.0,,324.0,1.8,,1004.2,,2.0
2024-04-18,22,28.8,18.0,52.0,0.0,,311.0,1.8,,1004.2,,2.0
2024-04-18,23,28.4,18.2,54.0,0.0,,302.0,1.8,,1004.3,,2.0
2024-04-19,0,28.8,21.3,64.0,0.0,,0.0,0.0,,1004.9,,2.0
2024-04-19,1,29.4,18.8,53.0,0.0,,303.0,1.8,,1005.1,,2.0
2024-04-19,2,31.0,18.0,46.0,0.0,,300.0,7.6,,1011.0,,5.0
2024-04-19,3,32.4,17.8,42.0,0.0,,340.0,9.4,,1006.5,,2.0
2024-04-19,4,34.0,18.9,41.0,0.0,,310.0,11.2,,1012.0,,5.0
2024-04-19,5,37.0,18.1,33.0,0.0,,220.0,9.4,,1011.0,,2.0
2024-04-19,6,38.2,18.6,32.0,0.0,,250.0,5.4,,1005.3,,2.0
2024-04-19,7,38.0,16.9,29.0,0.1,,240.0,9.0,,1009.0,,2.0
2024-04-19,8,39.0,16.0,26.0,0.0,,160.0,13.0,,1008.0,,2.0
2024-04-19,9,39.8,16.7,26.0,0.2,,180.0,5.4,,1001.5,,3.0
2024-04-19,10,37.0,14.9,27.0,0.0,,110.0,14.8,,1007.0,,3.0
2024-04-19,11,36.0,15.2,29.0,0.0,,50.0,14.8,,1007.0,,4.0
2024-04-19,12,37.5,17.0,30.0,0.0,,360.0,7.6,,1001.2,,4.0
2024-04-19,13,34.0,15.0,32.0,0.0,,90.0,14.8,,1009.0,,4.0
2024-04-19,14,31.0,18.0,46.0,0.0,,180.0,14.8,,1010.0,,3.0
2024-04-19,15,31.6,17.1,42.0,0.0,,230.0,5.4,,1005.2,,3.0
2024-04-19,16,31.0,15.0,38.0,0.0,,200.0,7.6,,1011.0,,3.0
2024-04-19,17,30.8,17.5,45.0,0.0,,237.0,3.7,,1005.2,,3.0
2024-04-19,18,30.6,18.7,49.0,0.0,,0.0,0.0,,1005.0,,3.0
2024-04-19,19,30.0,18.1,49.0,0.0,,283.0,3.7,,1004.8,,3.0
2024-04-19,20,29.6,18.4,51.0,0.0,,292.0,1.8,,1004.4,,3.0
2024-04-19,21,29.0,17.8,51.0,0.0,,0.0,0.0,,1003.8,,2.0
2024-04-19,22,28.8,18.0,52.0,0.0,,305.0,1.8,,1004.1,,2.0
2024-04-19,23,28.5,18.0,53.0,0.0,,305.0,1.8,,1004.4,,2.0
2024-04-20,0,29.2,19.8,57.0,0.2,,0.0,0.0,,1003.6,,2.0
2024-04-20,1,30.0,19.1,52.0,0.0,,330.0,7.0,,1010.0,,5.0
2024-04-20,2,31.0,18.0,46.0,0.0,,350.0,5.4,,1012.0,,5.0
2024-04-20,3,31.6,21.2,54.0,0.0,,150.0,5.4,,1008.2,,5.0
2024-04-20,4,26.0,21.0,74.0,0.0,,318.0,1.8,,1013.0,,2.0
2024-04-20,5,28.0,22.0,70.0,0.0,,80.0,1.8,,1012.0,,5.0
2024-04-20,6,30.8,22.9,63.0,0.0,,140.0,3.6,,1007.5,,3.0
2024-04-20,7,32.0,20.0,49.0,0.2,,90.0,13.0,,1011.0,,3.0
2024-04-20,8,33.0,19.1,44.0,0.3,,50.0,7.6,,1009.0,,3.0
2024-04-20,9,35.0,20.2,42.0,0.0,,0.0,0.0,,1003.7,,3.0
2024-04-20,10,34.0,18.9,41.0,0.0,,180.0,9.4,,1009.0,,3.0
2024-04-20,11,33.0,19.1,44.0,0.0,,190.0,11.2,,1008.0,,3.0
2024-04-20,12,33.0,20.9,49.0,0.0,,0.0,0.0,,1003.5,,3.0
2024-04-20,13,32.0,20.0,49.0,0.0,,250.0,14.8,,1010.0,,3.0
2024-04-20,14,32.0,20.0,49.0,0.0,,290.0,7.6,,1011.0,,3.0
2024-04-20,15,31.0,20.3,53.0,0.0,,270.0,5.4,,1006.8,,3.0
2024-04-20,16,30.0,18.1,49.0,0.0,,280.0,14.8,,1012.0,,3.0
2024-04-20,17,30.0,20.0,55.0,0.0,,275.0,3.7,,1006.7,,3.0
2024-04-20,18,29.4,18.5,52.0,0.0,,0.0,0.0,,1007.1,,3.0
2024-04-20,19,29.0,19.9,58.0,0.0,,294.0,1.8,,1006.2,,3.0
2024-04-20,20,28.6,19.8,59.0,0.0,,299.0,1.8,,1005.7,,3.0
2024-04-20,21,28.6,19.0,56.0,0.0,,0.0,0.0,,1005.0,,3.0
2024-04-20,22,28.3,19.2,58.0,0.0,,312.0,1.8,,1005.3,,3.0
2024-04-20,23,27.9,19.1,59.0,0.0,,312.0,1.8,,1005.5,,3.0
2024-04-21,0,27.0,19.9,65.0,0.0,,312.0,3.6,,1006.2,,3.0
2024-04-21,1,28.0,18.1,55.0,0.0,,308.0,3.7,,1012.0,,5.0
2024-04-21,2,28.0,16.0,48.0,0.0,,0.0,0.0,,1012.0,,5.0
2024-04-21,3,31.8,18.4,45.0,0.0,,340.0,9.4,,1007.4,,5.0
2024-04-21,4,33.0,17.2,39.0,0.0,,10.0,11.2,,1013.0,,2.0
2024-04-21,5,35.0,15.9,32.0,0.0,,340.0,13.0,,1012.0,,2.0
2024-04-21,6,36.8,16.4,30.0,0.0,,320.0,5.4,,1006.1,,2.0
2024-04-21,7,37.0,16.0,29.0,0.0,,350.0,5.4,,1010.0,,3.0
2024-04-21,8,37.0,16.0,29.0,0.0,,340.0,11.2,,1009.0,,18.0
2024-04-21,9,37.6,16.5,29.0,0.0,,40.0,5.4,,1003.1,,18.0
2024-04-21,10,38.0,15.8,27.0,0.0,,330.0,3.6,,1008.0,,18.0
2024-04-21,11,37.0,14.9,27.0,0.0,,310.0,5.4,,1008.0,,18.0
2024-04-21,12,37.4,15.3,27.0,1.1,,0.0,0.0,,1002.1,,18.0
2024-04-21,13,35.0,15.9,32.0,0.5,,310.0,5.4,,1009.0,,25.0
2024-04-21,14,33.0,17.2,39.0,0.2,,81.0,3.6,,1010.0,,3.0
2024-04-21,15,34.8,17.1,35.0,5.5,,0.0,0.0,,1005.0,,3.0
2024-04-21,16,34.0,16.8,36.0,0.3,,100.0,5.4,,1011.0,,18.0
2024-04-21,17,32.3,17.8,42.0,0.0,,19.0,1.8,,1006.2,,18.0
2024-04-21,18,28.4,21.2,65.0,0.0,,140.0,9.4,,1007.4,,18.0
2024-04-21,19,30.1,17.9,48.0,0.0,,9.0,3.7,,1006.7,,18.0
2024-04-21,20,29.2,18.0,51.0,0.0,,4.0,3.7,,1006.6,,18.0
2024-04-21,21,29.6,19.3,54.0,0.0,,270.0,3.6,,1005.5,,7.0
2024-04-21,22,26.6,20.4,69.0,0.0,,94.0,5.5,,1007.3,,3.0
2024-04-21,23,26.4,20.3,69.0,0.0,,76.0,3.7,,1007.4,,3.0
2024-04-22,0,28.0,18.1,55.0,0.0,,0.0,0.0,,1006.0,,3.0
2024-04-22,1,29.0,18.2,52.0,0.0,,100.0,9.0,,1012.0,,5.0
2024-04-22,2,29.0,19.0,55.0,0.0,,90.0,9.4,,1013.0,,5.0
2024-04-22,3,31.2,18.9,48.0,0.0,,130.0,5.4,,1008.9,,5.0
2024-04-22,4,34.0,18.1,39.0,0.0,,160.0,7.6,,1013.0,,1.0
2024-04-22,5,34.0,16.8,36.0,0.0,,250.0,5.4,,1013.0,,1.0
2024-04-22,6,36.6,18.7,35.0,0.0,,180.0,5.4,,1007.9,,1.0
2024-04-22,7,39.0,17.2,28.0,0.0,,140.0,13.0,,1012.0,,2.0
2024-04-22,8,39.0,16.0,26.0,0.0,,210.0,9.4,,1010.0,,2.0
2024-04-22,9,38.4,17.2,29.0,0.0,,210.0,9.4,,1004.6,,2.0
2024-04-22,10,39.0,14.8,24.0,0.0,,120.0,1.8,,1008.0,,2.0
2024-04-22,11,39.0,14.1,23.0,0.0,,170.0,5.4,,1008.0,,2.0
2024-04-22,12,38.0,13.3,23.0,0.0,,90.0,9.4,,1002.3,,2.0
2024-04-22,13,36.0,12.3,24.0,0.0,,80.0,11.2,,1009.0,,2.0
2024-04-22,14,32.0,17.1,41.0,0.0,,300.0,16.6,,1012.0,,2.0
2024-04-22,15,31.6,17.5,43.0,0.0,,320.0,11.2,,1007.2,,2.0
2024-04-22,16,29.0,16.9,48.0,0.0,,330.0,11.2,,1013.0,,18.0
2024-04-22,17,30.1,17.6,47.0,0.0,,330.0,5.5,,1007.8,,18.0
2024-04-22,18,29.4,18.2,51.0,0.0,,9.0,1.8,,1009.2,,18.0
2024-04-22,19,29.0,17.8,51.0,0.0,,17.0,3.7,,1007.7,,18.0
2024-04-22,20,28.6,18.1,53.0,0.0,,24.0,1.8,,1007.3,,2.0
2024-04-22,21,28.2,18.3,55.0,0.0,,340.0,11.2,,1007.7,,2.0
2024-04-22,22,28.1,18.2,55.0,0.0,,344.0,9.3,,1007.7,,3.0
2024-04-22,23,27.9,18.3,56.0,0.0,,352.0,7.4,,1007.7,,3.0
2024-04-23,0,27.4,17.8,56.0,0.0,,110.0,7.6,,1007.0,,3.0
2024-04-23,1,27.0,18.0,58.0,0.0,,110.0,9.0,,1012.0,,3.0
2024-04-23,2,27.0,18.0,58.0,0.0,,90.0,9.4,,1013.0,,2.0
2024-04-23,3,29.8,17.9,49.0,0.0,,230.0,5.4,,1008.8,,2.0
2024-04-23,4,32.0,15.9,38.0,0.0,,80.0,11.2,,1013.0,,2.0
2024-04-23,5,34.0,14.0,30.0,0.0,,110.0,13.0,,1013.0,,2.0
2024-04-23,6,36.4,13.2,25.0,0.0,,100.0,9.4,,1007.2,,2.0
2024-04-23,7,38.0,10.4,19.0,0.0,,220.0,9.4,,1011.0,,2.0
2024-04-23,8,38.0,8.7,17.0,0.0,,140.0,5.4,,1010.0,,2.0
2024-04-23,9,39.6,10.0,17.0,0.0,,140.0,5.4,,1003.9,,2.0
2024-04-23,10,39.0,6.7,14.0,0.0,,110.0,9.4,,1008.0,,1.0
2024-04-23,11,38.0,7.8,16.0,0.0,,160.0,7.6,,1008.0,,1.0
2024-04-23,12,39.2,10.5,18.0,0.0,,140.0,5.4,,1002.2,,1.0
2024-04-23,13,36.0,6.2,16.0,0.0,,90.0,11.2,,1008.0,,2.0
2024-04-23,14,35.0,6.3,17.0,0.0,,80.0,9.4,,1009.0,,2.0
2024-04-23,15,34.6,9.1,21.0,0.0,,100.0,5.4,,1003.9,,2.0
2024-04-23,16,31.0,8.1,24.0,0.0,,141.0,3.6,,1010.0,,1.0
2024-04-23,17,32.3,12.0,29.0,0.0,,141.0,1.8,,1005.1,,1.0
2024-04-23,18,32.6,13.8,32.0,0.0,,140.0,3.6,,1005.3,,1.0
2024-04-23,19,30.3,13.6,36.0,0.0,,131.0,1.8,,1005.4,,1.0
2024-04-23,20,29.5,14.1,39.0,0.0,,117.0,1.8,,1005.1,,1.0
2024-04-23,21,30.2,14.3,38.0,0.0,,0.0,0.0,,1005.1,,1.0
2024-04-23,22,28.2,15.1,45.0,0.0,,93.0,1.8,,1005.1,,1.0
2024-04-23,23,27.6,15.6,48.0,0.0,,86.0,1.8,,1005.3,,1.0
2024-04-24,0,27.8,15.8,48.0,0.0,,77.0,1.8,,1005.7,,2.0
2024-04-24,1,28.0,15.0,45.0,0.0,,82.0,4.0,,1012.0,,2.0
2024-04-24,2,28.0,16.0,48.0,0.0,,260.0,18.4,,1013.0,,2.0
2024-04-24,3,30.2,17.3,46.0,0.0,,90.0,1.8,,1008.3,,2.0
2024-04-24,4,32.0,15.1,36.0,0.0,,185.0,3.6,,1013.0,,1.0
2024-04-24,5,35.0,13.2,27.0,0.0,,230.0,5.4,,1012.0,,1.0
2024-04-24,6,37.2,15.1,27.0,0.0,,140.0,3.6,,1007.1,,1.0
2024-04-24,7,37.0,10.3,20.0,0.0,,230.0,16.6,,1011.0,,1.0
2024-04-24,8,40.0,8.5,15.0,0.0,,190.0,14.8,,1010.0,,1.0
2024-04-24,9,39.4,10.7,18.0,0.0,,190.0,11.2,,1003.0,,2.0
2024-04-24,10,39.0,7.7,15.0,0.0,,130.0,7.6,,1008.0,,1.0
2024-04-24,11,39.0,7.7,15.0,0.0,,170.0,7.6,,1008.0,,2.0
2024-04-24,12,38.0,11.2,20.0,0.0,,150.0,9.4,,1003.3,,2.0
2024-04-24,13,36.0,8.0,18.0,0.0,,160.0,5.4,,1009.0,,2.0
2024-04-24,14,34.0,10.0,23.0,0.0,,100.0,7.6,,1010.0,,2.0
2024-04-24,15,34.6,12.9,27.0,0.0,,140.0,5.4,,1005.2,,2.0
2024-04-24,16,31.0,9.8,27.0,0.0,,142.0,1.8,,1011.0,,1.0
2024-04-24,17,32.9,13.5,31.0,0.0,,146.0,3.7,,1005.9,,1.0
2024-04-24,18,30.2,13.5,36.0,0.0,,0.0,0.0,,1006.9,,1.0
2024-04-24,19,31.0,14.6,37.0,0.0,,145.0,1.8,,1005.9,,1.0
2024-04-24,20,30.0,14.5,39.0,0.0,,133.0,1.8,,1005.5,,1.0
2024-04-24,21,29.2,16.4,46.0,0.0,,0.0,0.0,,1005.4,,1.0
2024-04-24,22,28.7,16.3,47.0,0.0,,90.0,0.0,,1005.6,,2.0
2024-04-24,23,28.2,16.5,49.0,0.0,,347.0,0.0,,1005.8,,2.0
2024-04-25,0,27.2,17.4,55.0,0.0,,0.0,0.0,,1006.2,,2.0
2024-04-25,1,30.0,14.9,40.0,0.0,,355.0,4.0,,1012.0,,2.0
2024-04-25,2,30.0,14.1,38.0,0.0,,248.0,1.8,,1012.0,,2.0
2024-04-25,3,33.4,14.9,33.0,0.0,,0.0,0.0,,1007.1,,2.0
2024-04-25,4,35.0,13.8,28.0,0.0,,200.0,7.6,,1012.0,,1.0
2024-04-25,5,38.0,11.9,21.0,0.0,,190.0,11.2,,1012.0,,1.0
2024-04-25,6,38.2,12.8,22.0,0.0,,230.0,7.6,,1005.7,,1.0
2024-04-25,7,40.0,11.2,18.0,0.0,,190.0,9.4,,1011.0,,1.0
2024-04-25,8,10.0,10.0,100.0,0.0,,170.0,9.4,,1010.0,,2.0
2024-04-25,9,40.6,12.5,19.0,0.0,,110.0,7.6,,1002.6,,2.0
2024-04-25,10,39.0,8.6,16.0,0.0,,100.0,11.2,,1008.0,,2.0
2024-04-25,11,39.0,7.7,15.0,0.0,,100.0,13.0,,1008.0,,2.0
2024-04-25,12,38.8,8.5,16.0,0.0,,80.0,13.0,,1002.0,,2.0
2024-04-25,13,36.0,8.0,18.0,0.0,,80.0,9.4,,1009.0,,2.0
2024-04-25,14,35.0,7.9,19.0,0.0,,90.0,9.4,,1010.0,,2.0
2024-04-25,15,36.0,11.6,23.0,0.0,,20.0,3.6,,1004.3,,2.0
2024-04-25,16,34.0,10.0,23.0,0.0,,90.0,5.4,,1011.0,,2.0
2024-04-25,17,33.0,11.0,26.0,0.0,,110.0,5.4,,1011.0,,2.0
2024-04-25,18,33.4,11.3,26.0,0.0,,140.0,3.6,,1005.2,,2.0
2024-04-25,19,30.9,15.3,39.0,0.0,,130.0,3.7,,1005.1,,2.0
2024-04-25,20,30.1,15.8,42.0,0.0,,128.0,1.8,,1004.8,,2.0
2024-04-25,21,30.6,12.5,33.0,0.0,,180.0,1.8,,1004.0,,2.0
2024-04-25,22,29.8,13.1,36.0,0.0,,172.0,1.8,,1004.4,,1.0
2024-04-25,23,29.0,14.0,40.0,0.0,,158.0,1.8,,1004.8,,1.0
2024-04-26,0,28.0,16.0,48.0,0.0,,0.0,0.0,,1005.1,,1.0
2024-04-26,1,31.0,11.9,31.0,0.0,,180.0,6.0,,1011.0,,1.0
2024-04-26,2,32.0,12.3,30.0,0.0,,180.0,7.6,,1011.0,,2.0
2024-04-26,3,33.8,14.3,31.0,0.0,,160.0,3.6,,1006.3,,2.0
2024-04-26,4,38.0,11.2,20.0,0.0,,160.0,9.4,,1011.0,,1.0
2024-04-26,5,40.0,11.2,18.0,0.0,,180.0,13.0,,1011.0,,1.0
2024-04-26,6,40.0,10.3,17.0,0.0,,140.0,9.4,,1005.0,,1.0
2024-04-26,7,42.0,9.0,14.0,0.0,,160.0,9.4,,1010.0,,2.0
2024-04-26,8,42.0,9.0,14.0,0.0,,140.0,13.0,,1010.0,,2.0
2024-04-26,9,41.6,11.6,17.0,0.0,,0.0,0.0,,1001.9,,2.0
2024-04-26,10,42.0,9.0,14.0,0.0,,180.0,11.2,,1007.0,,3.0
2024-04-26,11,39.0,10.4,18.0,0.0,,90.0,18.4,,1007.0,,3.0
2024-04-26,12,39.0,11.2,19.0,0.0,,140.0,5.4,,1001.4,,3.0
2024-04-26,13,37.0,11.8,22.0,0.0,,90.0,7.6,,1009.0,,3.0
2024-04-26,14,36.0,12.3,24.0,0.0,,100.0,9.4,,1009.0,,3.0
2024-04-26,15,36.0,15.2,29.0,0.0,,100.0,5.4,,1003.8,,2.0
2024-04-26,16,34.0,11.8,26.0,0.0,,90.0,5.4,,1010.0,,2.0
2024-04-26,17,32.4,15.0,35.0,0.0,,137.0,3.7,,1004.9,,2.0
2024-04-26,18,33.4,16.7,37.0,0.0,,140.0,5.4,,1005.2,,2.0
2024-04-26,19,31.1,15.9,40.0,0.0,,139.0,3.7,,1005.1,,2.0
2024-04-26,20,30.5,16.1,42.0,0.0,,130.0,1.8,,1004.9,,2.0
2024-04-26,21,32.2,16.9,40.0,0.0,,0.0,0.0,,1003.6,,2.0
2024-04-26,22,31.2,17.1,43.0,0.0,,120.0,0.0,,1004.1,,1.0
2024-04-26,23,30.2,17.3,46.0,0.0,,68.0,1.8,,1004.7,,1.0
2024-04-27,0,29.4,18.5,52.0,0.0,,0.0,0.0,,1004.9,,1.0
2024-04-27,1,29.0,15.9,45.0,0.0,,82.0,4.0,,1012.0,,2.0
2024-04-27,2,30.0,16.1,43.0,0.0,,94.0,1.8,,1013.0,,2.0
2024-04-27,3,32.4,17.5,41.0,0.0,,70.0,5.4,,1007.5,,2.0
2024-04-27,4,35.0,14.8,30.0,0.0,,10.0,7.0,,1013.0,,2.0
2024-04-27,5,36.0,15.2,29.0,0.0,,144.0,4.0,,1012.0,,2.0
2024-04-27,6,38.0,16.9,29.0,0.0,,210.0,7.6,,1006.2,,2.0
2024-04-27,7,40.0,14.9,23.0,0.0,,200.0,7.6,,1011.0,,2.0
2024-04-27,8,41.0,14.4,21.0,0.0,,170.0,7.6,,1010.0,,2.0
2024-04-27,9,40.6,16.1,24.0,0.0,,160.0,5.4,,1002.7,,2.0
2024-04-27,10,40.0,12.8,20.0,0.0,,70.0,3.6,,1009.0,,2.0
2024-04-27,11,39.0,12.7,21.0,0.0,,110.0,13.0,,1008.0,,2.0
2024-04-27,12,38.6,14.4,24.0,0.0,,50.0,5.4,,1002.4,,2.0
2024-04-27,13,36.0,16.2,31.0,0.0,,100.0,11.2,,1009.0,,2.0
2024-04-27,14,36.0,15.2,29.0,0.0,,100.0,9.4,,1010.0,,2.0
2024-04-27,15,35.6,16.9,33.0,0.0,,140.0,5.4,,1004.5,,2.0
2024-04-27,16,34.0,15.9,34.0,0.0,,100.0,7.6,,1011.0,,1.0
2024-04-27,17,34.1,17.8,38.0,0.0,,134.0,5.5,,1005.2,,1.0
2024-04-27,18,33.6,16.9,37.0,0.0,,129.0,1.8,,1005.7,,1.0
2024-04-27,19,32.4,18.6,44.0,0.0,,126.0,3.7,,1005.2,,1.0
2024-04-27,20,31.5,18.8,47.0,0.0,,121.0,3.7,,1004.9,,1.0
2024-04-27,21,31.6,16.4,40.0,0.0,,0.0,0.0,,1004.9,,1.0
2024-04-27,22,30.8,16.4,42.0,0.0,,115.0,0.0,,1005.2,,1.0
2024-04-27,23,30.1,16.9,45.0,0.0,,94.0,1.8,,1005.4,,1.0
2024-04-28,0,29.6,17.8,49.0,0.0,,0.0,0.0,,1004.9,,1.0
2024-04-28,1,32.0,17.1,41.0,0.0,,107.0,2.0,,1011.0,,2.0
2024-04-28,2,33.0,17.2,39.0,0.0,,150.0,3.6,,1011.0,,2.0
2024-04-28,3,34.6,17.8,37.0,0.0,,160.0,7.6,,1006.1,,2.0
2024-04-28,4,36.0,16.2,31.0,0.0,,140.0,9.4,,1012.0,,1.0
2024-04-28,5,39.0,14.8,24.0,0.0,,160.0,9.4,,1012.0,,2.0
2024-04-28,6,39.0,15.4,25.0,0.0,,340.0,7.6,,1005.7,,2.0
2024-04-28,7,40.0,12.8,20.0,0.0,,130.0,9.4,,1011.0,,2.0
2024-04-28,8,42.0,12.8,18.0,0.0,,180.0,11.2,,1010.0,,2.0
2024-04-28,9,41.6,14.9,21.0,0.0,,270.0,5.4,,1002.5,,2.0
2024-04-28,10,40.0,12.0,19.0,0.0,,272.0,4.0,,1008.0,,3.0
2024-04-28,11,40.0,12.8,20.0,0.0,,110.0,11.2,,1008.0,,3.0
2024-04-28,12,39.6,15.3,24.0,0.0,,70.0,5.4,,1001.8,,3.0
2024-04-28,13,38.0,11.9,21.0,0.0,,100.0,11.2,,1009.0,,3.0
2024-04-28,14,36.0,12.3,24.0,0.0,,110.0,9.4,,1010.0,,2.0
2024-04-28,15,36.0,15.2,29.0,0.0,,140.0,5.4,,1005.2,,2.0
2024-04-28,16,35.0,13.8,28.0,0.0,,100.0,7.6,,1011.0,,2.0
2024-04-28,17,34.6,16.5,34.0,0.0,,141.0,5.5,,1005.9,,2.0
2024-04-28,18,32.8,16.6,38.0,0.0,,140.0,7.6,,1006.6,,2.0
2024-04-28,19,32.7,17.3,40.0,0.0,,137.0,3.7,,1006.1,,2.0
2024-04-28,20,31.6,17.9,44.0,0.0,,128.0,3.7,,1005.8,,2.0
2024-04-28,21,30.8,14.8,38.0,0.0,,0.0,0.0,,1005.3,,2.0
2024-04-28,22,30.2,15.5,41.0,0.0,,112.0,0.0,,1005.8,,1.0
2024-04-28,23,29.6,16.1,44.0,0.0,,96.0,1.8,,1006.3,,1.0
2024-04-29,0,30.2,14.3,38.0,0.0,,0.0,0.0,,1006.7,,2.0
2024-04-29,1,30.0,12.9,35.0,0.0,,80.0,6.0,,1013.0,,2.0
2024-04-29,2,30.0,12.9,35.0,0.0,,108.0,3.6,,1008.0,,2.0
2024-04-29,3,32.4,15.8,37.0,0.0,,230.0,9.4,,1009.0,,2.0
2024-04-29,4,36.0,16.2,31.0,0.0,,190.0,9.4,,1014.0,,2.0
2024-04-29,5,38.0,15.2,26.0,0.0,,170.0,9.4,,1014.0,,2.0
2024-04-29,6,38.2,15.9,27.0,0.0,,250.0,7.6,,1007.4,,2.0
2024-04-29,7,40.0,14.3,22.0,0.0,,140.0,14.8,,1012.0,,2.0
2024-04-29,8,41.0,15.1,22.0,0.0,,180.0,11.2,,1011.0,,2.0
2024-04-29,9,41.2,16.6,24.0,0.0,,180.0,1.8,,1003.6,,2.0
2024-04-29,10,40.0,14.3,22.0,0.0,,180.0,11.2,,1009.0,,2.0
2024-04-29,11,39.0,14.1,23.0,0.0,,113.0,1.8,,1009.0,,2.0
2024-04-29,12,40.0,15.6,24.0,0.0,,0.0,0.0,,1002.8,,2.0
2024-04-29,13,38.0,13.3,23.0,0.0,,80.0,11.2,,1010.0,,2.0
2024-04-29,14,37.0,13.1,24.0,0.0,,90.0,5.4,,1011.0,,2.0
2024-04-29,15,36.6,14.6,27.0,0.0,,140.0,5.4,,1005.3,,2.0
2024-04-29,16,35.0,13.8,28.0,0.0,,100.0,7.6,,1012.0,,2.0
2024-04-29,17,33.4,17.2,38.0,0.0,,132.0,3.7,,1006.1,,2.0
2024-04-29,18,33.9,16.7,36.0,0.0,,140.0,5.4,,1006.6,,2.0
2024-04-29,19,32.0,17.9,43.0,0.0,,130.0,1.8,,1006.0,,2.0
2024-04-29,20,31.2,17.9,45.0,0.0,,120.0,1.8,,1005.6,,2.0
2024-04-29,21,31.6,17.5,43.0,0.0,,140.0,5.4,,1005.2,,2.0
2024-04-29,22,31.0,17.7,45.0,0.0,,137.0,3.7,,1005.4,,1.0
2024-04-29,23,30.3,18.1,48.0,0.0,,131.0,3.7,,1005.6,,1.0
2024-04-30,0,29.5,19.5,55.0,0.0,,0.0,0.0,,1005.6,,1.0
2024-04-30,1,31.0,18.0,46.0,0.0,,230.0,6.0,,1011.0,,2.0
2024-04-30,2,32.0,17.9,43.0,0.0,,121.0,3.6,,1012.0,,2.0
2024-04-30,3,33.6,18.5,41.0,0.0,,0.0,0.0,,1007.8,,2.0
2024-04-30,4,34.0,16.8,36.0,0.0,,250.0,13.0,,1012.0,,1.0
2024-04-30,5,37.0,16.0,29.0,0.0,,220.0,14.8,,1012.0,,1.0
2024-04-30,6,39.2,15.6,25.0,0.0,,230.0,7.6,,1005.2,,1.0
2024-04-30,7,40.0,12.8,20.0,0.0,,150.0,7.6,,1010.0,,1.0
2024-04-30,8,40.0,12.0,19.0,0.0,,350.0,9.0,,1008.0,,2.0
2024-04-30,9,41.4,15.4,22.0,0.0,,160.0,16.6,,1002.1,,2.0
2024-04-30,10,42.0,12.8,18.0,0.0,,140.0,9.4,,1007.0,,2.0
2024-04-30,11,41.0,12.0,18.0,0.0,,130.0,6.0,,1007.0,,2.0
2024-04-30,12,40.8,16.3,24.0,0.0,,250.0,3.6,,1000.6,,2.0
2024-04-30,13,39.0,12.0,20.0,0.0,,119.0,3.6,,1007.0,,2.0
2024-04-30,14,39.0,12.0,20.0,0.0,,114.0,3.6,,1008.0,,2.0
2024-04-30,15,37.0,14.9,27.0,0.0,,70.0,5.4,,1002.7,,2.0
2024-04-30,16,36.0,14.1,27.0,0.0,,110.0,9.4,,1009.0,,2.0
2024-04-30,17,35.0,15.9,32.0,0.0,,110.0,11.2,,1009.0,,2.0
2024-04-30,18,34.2,17.9,38.0,0.0,,110.0,5.4,,1003.4,,2.0
2024-04-30,19,33.3,17.5,39.0,0.0,,125.0,1.8,,1003.2,,2.0
2024-04-30,20,32.3,17.8,42.0,0.0,,122.0,1.8,,1002.8,,2.0
2024-04-30,21,31.8,19.1,47.0,0.0,,0.0,0.0,,1002.3,,2.0
2024-04-30,22,31.2,18.9,48.0,0.0,,134.0,0.0,,1002.5,,1.0
2024-04-30,23,30.7,18.8,49.0,0.0,,164.0,0.0,,1002.7,,2.0
2024-05-01,0,30.1,18.5,50.0,0.0,,292.0,1.8,,1002.9,,2.0
2024-05-01,1,33.0,15.1,34.0,0.0,,284.0,6.0,,1008.0,,5.0
2024-05-01,2,34.0,14.0,30.0,0.0,,210.0,11.0,,1009.0,,5.0
2024-05-01,3,35.0,15.9,32.0,0.0,,290.0,15.0,,1009.0,,5.0
2024-05-01,4,37.0,16.0,29.0,0.0,,200.0,11.0,,1009.0,,2.0
2024-05-01,5,37.0,14.9,27.0,0.0,,230.0,13.0,,1009.0,,2.0
2024-05-01,6,40.0,14.9,23.0,0.0,,220.0,13.0,,1008.0,,2.0
2024-05-01,7,40.0,12.0,19.0,0.0,,260.0,15.0,,1007.0,,2.0
2024-05-01,8,40.0,11.2,18.0,0.0,,270.0,13.0,,1006.0,,2.0
2024-05-01,9,40.0,11.2,18.0,0.0,,270.0,15.0,,1006.0,,2.0
2024-05-01,10,40.0,10.3,17.0,0.0,,270.0,9.0,,1005.0,,2.0
2024-05-01,11,40.0,11.2,18.0,0.0,,330.0,6.0,,1005.0,,3.0
2024-05-01,12,39.0,8.6,16.0,0.0,,340.0,7.0,,1005.0,,3.0
2024-05-01,13,37.0,8.8,18.0,0.0,,340.0,6.0,,1006.0,,3.0
2024-05-01,14,36.0,8.8,19.0,0.0,,321.0,4.0,,1007.0,,3.0
2024-05-01,15,32.0,11.2,28.0,0.0,,343.0,4.0,,1007.0,,2.0
2024-05-01,16,32.0,12.3,30.0,0.0,,350.0,4.0,,1008.0,,2.0
2024-05-01,17,32.0,11.2,28.0,0.0,,310.0,4.0,,1008.0,,2.0
2024-05-01,18,32.0,15.5,37.0,0.0,,44.0,1.8,,1002.4,,2.0
2024-05-01,19,31.5,15.9,39.0,0.0,,357.0,0.0,,1002.2,,2.0
2024-05-01,20,30.9,16.1,41.0,0.0,,48.0,0.0,,1002.0,,2.0
2024-05-01,21,30.3,16.3,43.0,0.0,,113.0,0.0,,1001.7,,2.0
2024-05-01,22,30.7,15.9,41.0,0.0,,357.0,1.8,,1002.4,,1.0
2024-05-01,23,30.2,15.5,41.0,0.0,,349.0,1.8,,1002.6,,1.0
2024-05-02,0,30.2,13.9,37.0,0.0,,0.0,0.0,,1003.2,,2.0
2024-05-02,1,31.0,8.1,24.0,0.0,,310.0,7.0,,1009.0,,5.0
2024-05-02,2,32.0,8.3,23.0,0.0,,300.0,9.4,,1009.0,,5.0
2024-05-02,3,34.0,8.6,21.0,0.0,,340.0,5.4,,1004.2,,2.0
2024-05-02,4,36.0,4.3,14.0,0.0,,320.0,11.2,,1010.0,,1.0
2024-05-02,5,37.0,4.0,13.0,0.0,,340.0,11.2,,1010.0,,1.0
2024-05-02,6,39.6,8.2,15.0,0.0,,320.0,7.6,,1002.9,,1.0
2024-05-02,7,39.0,5.6,13.0,0.0,,330.0,7.6,,1008.0,,1.0
2024-05-02,8,40.0,4.0,11.0,0.0,,290.0,13.0,,1007.0,,1.0
2024-05-02,9,42.0,6.8,12.0,0.0,,340.0,5.4,,1000.1,,2.0
2024-05-02,10,40.0,5.2,12.0,0.0,,290.0,18.4,,1006.0,,1.0
2024-05-02,11,40.0,6.4,13.0,0.0,,320.0,11.2,,1006.0,,3.0
2024-05-02,12,40.4,10.7,17.0,0.0,,0.0,0.0,,999.3,,3.0
2024-05-02,13,38.0,5.9,14.0,0.0,,320.0,3.6,,1007.0,,3.0
2024-05-02,14,32.0,10.1,26.0,0.0,,10.0,1.8,,1008.0,,2.0
2024-05-02,15,35.0,12.6,26.0,0.0,,350.0,3.6,,1002.7,,2.0
2024-05-02,16,33.0,7.8,21.0,0.0,,338.0,3.6,,1009.0,,1.0
2024-05-02,17,31.0,8.1,24.0,0.0,,300.0,1.8,,1009.0,,1.0
2024-05-02,18,31.4,14.1,35.0,0.0,,0.0,0.0,,1003.8,,1.0
2024-05-02,19,30.0,10.0,29.0,0.0,,24.0,3.6,,1009.0,,1.0
2024-05-02,20,30.1,15.0,40.0,0.0,,42.0,0.0,,1002.9,,1.0
2024-05-02,21,29.4,14.8,41.0,0.0,,0.0,0.0,,1002.9,,1.0
2024-05-02,22,28.9,14.7,42.0,0.0,,58.0,0.0,,1003.3,,1.0
2024-05-02,23,28.4,14.6,43.0,0.0,,352.0,1.8,,1003.6,,1.0
2024-05-03,0,27.8,21.8,70.0,0.0,,0.0,0.0,,1003.5,,1.0
2024-05-03,1,30.0,23.0,66.0,0.0,,352.0,6.0,,948.0,,1.0
2024-05-03,2,30.0,23.0,66.0,0.0,,351.0,5.4,,1010.0,,1.0
2024-05-03,3,34.0,19.7,43.0,0.0,,350.0,7.6,,1005.4,,1.0
2024-05-03,4,37.0,8.8,18.0,0.0,,350.0,7.6,,1011.0,,1.0
2024-05-03,5,39.0,5.6,13.0,0.0,,300.0,5.4,,1010.0,,1.0
2024-05-03,6,41.4,7.5,13.0,0.0,,5.0,1.8,,1003.3,,1.0
2024-05-03,7,42.0,4.1,10.0,0.0,,200.0,11.2,,1009.0,,1.0
2024-05-03,8,42.0,2.6,9.0,0.0,,220.0,18.4,,1008.0,,1.0
2024-05-03,9,43.4,9.0,13.0,0.0,,270.0,5.4,,1000.9,,2.0
2024-05-03,10,41.0,1.9,9.0,0.0,,200.0,9.4,,1006.0,,1.0
2024-05-03,11,41.0,1.9,9.0,0.0,,300.0,3.6,,1006.0,,1.0
2024-05-03,12,41.4,8.6,14.0,0.0,,320.0,5.4,,1000.7,,1.0
2024-05-03,13,38.0,2.4,11.0,0.0,,310.0,5.4,,1008.0,,1.0
2024-05-03,14,34.0,7.1,19.0,0.0,,312.0,3.6,,1009.0,,1.0
2024-05-03,15,34.8,12.5,26.0,0.0,,330.0,1.8,,1003.5,,1.0
2024-05-03,16,30.0,7.8,25.0,0.0,,299.0,1.8,,1010.0,,1.0
2024-05-03,17,33.0,7.1,20.0,0.0,,90.0,5.4,,1010.0,,1.0
2024-05-03,18,33.6,18.1,40.0,0.0,,195.0,1.8,,1004.3,,1.0
2024-05-03,19,31.8,14.9,36.0,0.0,,175.0,0.0,,1004.4,,1.0
2024-05-03,20,30.9,15.7,40.0,0.0,,140.0,0.0,,1004.1,,1.0
2024-05-03,21,30.8,19.2,50.0,0.0,,105.0,1.8,,1003.6,,1.0
2024-05-03,22,31.1,20.1,52.0,0.0,,87.0,1.8,,1003.9,,1.0
2024-05-03,23,30.3,20.3,55.0,0.0,,86.0,1.8,,1004.3,,1.0
2024-05-04,0,29.2,24.5,76.0,0.0,,85.0,3.6,,1004.9,,1.0
2024-05-04,1,29.0,24.1,75.0,0.0,,80.0,4.0,,1010.0,,2.0
2024-05-04,2,30.0,25.1,75.0,0.0,,100.0,3.6,,1012.0,,1.0
2024-05-04,3,32.0,24.9,66.0,0.0,,140.0,3.6,,1007.9,,1.0
2024-05-04,4,35.0,23.0,50.0,0.0,,180.0,5.4,,1012.0,,1.0
2024-05-04,5,36.0,21.8,44.0,0.0,,19.0,4.0,,1011.0,,1.0
2024-05-04,6,37.8,22.7,42.0,0.0,,20.0,3.6,,1005.9,,1.0
2024-05-04,7,42.0,15.9,22.0,0.0,,150.0,5.4,,1009.0,,1.0
2024-05-04,8,41.0,15.8,23.0,0.0,,150.0,9.4,,1008.0,,1.0
2024-05-04,9,42.0,15.2,21.0,0.0,,305.0,1.8,,1001.2,,2.0
2024-05-04,10,42.0,6.8,12.0,0.0,,270.0,9.4,,1006.0,,2.0
2024-05-04,11,42.0,7.9,13.0,0.0,,280.0,14.8,,1006.0,,2.0
2024-05-04,12,41.8,9.9,15.0,0.0,,320.0,3.6,,1000.3,,2.0
2024-05-04,13,39.0,5.6,13.0,0.0,,350.0,5.4,,1008.0,,2.0
2024-05-04,14,36.0,8.0,18.0,0.0,,8.0,3.6,,1009.0,,2.0
2024-05-04,15,35.2,14.5,29.0,0.0,,54.0,1.8,,1003.4,,2.0
2024-05-04,16,33.0,13.1,30.0,0.0,,88.0,1.8,,1010.0,,1.0
2024-05-04,17,33.6,15.6,34.0,0.0,,88.0,1.8,,1004.1,,1.0
2024-05-04,18,34.4,22.8,51.0,0.0,,108.0,3.6,,1003.8,,1.0
2024-05-04,19,32.0,17.1,41.0,0.0,,107.0,0.0,,1003.9,,1.0
2024-05-04,20,31.2,17.9,45.0,0.0,,87.0,1.8,,1003.5,,1.0
2024-05-04,21,31.8,24.9,67.0,0.0,,87.0,3.6,,1002.5,,1.0
2024-05-04,22,31.5,23.1,61.0,0.0,,93.0,1.8,,1003.0,,1.0
2024-05-04,23,30.7,23.1,64.0,0.0,,89.0,1.8,,1003.2,,1.0
2024-05-05,0,30.2,24.6,72.0,0.0,,0.0,0.0,,1003.0,,1.0
2024-05-05,1,30.0,23.0,66.0,0.0,,91.0,2.0,,1009.0,,2.0
2024-05-05,2,31.0,23.1,63.0,0.0,,103.0,1.8,,1009.0,,2.0
2024-05-05,3,34.0,24.0,56.0,0.0,,124.0,3.6,,1010.0,,2.0
2024-05-05,4,35.0,22.0,47.0,0.0,,280.0,5.4,,1009.0,,1.0
2024-05-05,5,37.0,19.9,37.0,0.0,,200.0,3.6,,1009.0,,2.0
2024-05-05,6,39.2,20.5,34.0,0.0,,110.0,9.4,,1002.8,,2.0
2024-05-05,7,41.0,18.9,28.0,0.0,,170.0,9.4,,1007.0,,2.0
2024-05-05,8,40.0,16.2,25.0,0.0,,320.0,7.0,,1007.0,,2.0
2024-05-05,9,41.6,15.6,22.0,0.0,,150.0,9.4,,999.4,,2.0
2024-05-05,10,42.0,11.0,16.0,0.0,,290.0,9.0,,1005.0,,3.0
2024-05-05,11,42.0,11.0,16.0,0.0,,320.0,9.4,,1005.0,,3.0
2024-05-05,12,41.2,10.4,16.0,0.0,,90.0,5.4,,998.7,,3.0
2024-05-05,13,38.0,6.9,15.0,0.0,,320.0,5.4,,1007.0,,3.0
2024-05-05,14,33.0,19.1,44.0,0.0,,90.0,24.1,,1009.0,,3.0
2024-05-05,15,31.6,19.9,50.0,0.0,,140.0,5.4,,1005.0,,2.0
2024-05-05,16,28.0,20.0,62.0,0.0,,90.0,9.4,,1010.0,,1.0
2024-05-05,17,31.7,20.3,51.0,0.0,,128.0,3.7,,1004.7,,1.0
2024-05-05,18,29.8,20.7,58.0,0.0,,0.0,0.0,,1005.0,,1.0
2024-05-05,19,31.3,21.2,55.0,0.0,,110.0,3.7,,1003.9,,1.0
2024-05-05,20,31.0,21.8,58.0,0.0,,104.0,3.7,,1003.4,,1.0
2024-05-05,21,29.6,19.6,55.0,0.0,,0.0,0.0,,1003.8,,1.0
2024-05-05,22,29.3,19.9,57.0,0.0,,102.0,0.0,,1004.0,,1.0
2024-05-05,23,29.1,20.5,60.0,0.0,,75.0,1.8,,1004.2,,1.0
2024-05-06,0,28.8,18.0,52.0,0.0,,0.0,0.0,,1005.0,,1.0
2024-05-06,1,30.0,18.1,49.0,0.0,,62.0,2.0,,1010.0,,1.0
2024-05-06,2,31.0,18.0,46.0,0.0,,43.0,1.8,,1010.0,,2.0
2024-05-06,3,33.4,18.7,42.0,0.0,,19.0,1.8,,1005.4,,2.0
2024-05-06,4,35.0,19.0,39.0,0.0,,300.0,5.4,,1011.0,,1.0
2024-05-06,5,37.0,19.9,37.0,0.0,,280.0,5.4,,1010.0,,1.0
2024-05-06,6,38.6,20.4,35.0,0.0,,150.0,9.4,,1004.0,,1.0
2024-05-06,7,41.0,18.9,28.0,0.0,,160.0,7.6,,1009.0,,2.0
2024-05-06,8,41.0,17.1,25.0,0.0,,190.0,11.2,,1008.0,,2.0
2024-05-06,9,41.4,17.4,25.0,0.0,,334.0,3.6,,1000.9,,2.0
2024-05-06,10,40.0,16.2,25.0,0.0,,110.0,7.6,,1006.0,,2.0
2024-05-06,11,40.0,14.9,23.0,0.0,,20.0,7.6,,1006.0,,2.0
2024-05-06,12,40.0,16.9,26.0,0.0,,50.0,5.4,,999.8,,2.0
2024-05-06,13,37.0,19.0,35.0,0.0,,110.0,14.8,,1008.0,,2.0
2024-05-06,14,36.0,19.0,37.0,0.0,,110.0,11.2,,1008.0,,2.0
2024-05-06,15,36.4,19.8,38.0,0.0,,140.0,5.4,,1002.8,,2.0
2024-05-06,16,34.0,20.0,44.0,0.0,,110.0,13.0,,1009.0,,2.0
2024-05-06,17,33.0,19.8,46.0,0.0,,113.0,5.5,,1004.0,,2.0
2024-05-06,18,33.6,23.3,55.0,0.0,,140.0,7.6,,1003.8,,2.0
2024-05-06,19,31.6,20.5,52.0,0.0,,110.0,5.5,,1004.5,,2.0
2024-05-06,20,31.0,20.6,54.0,0.0,,108.0,5.5,,1004.4,,2.0
2024-05-06,21,30.2,24.4,71.0,0.0,,106.0,3.6,,1004.3,,2.0
2024-05-06,22,29.9,24.3,72.0,0.0,,103.0,3.7,,1004.8,,3.0
2024-05-06,23,29.6,24.2,73.0,0.0,,103.0,3.7,,1005.2,,3.0
2024-05-07,0,29.8,19.8,55.0,0.0,,140.0,5.4,,1005.8,,3.0
2024-05-07,1,30.0,18.1,49.0,0.0,,106.0,4.0,,1012.0,,3.0
2024-05-07,2,31.0,18.0,46.0,0.0,,190.0,5.4,,1012.0,,2.0
2024-05-07,3,31.6,18.6,46.0,0.0,,180.0,5.4,,1007.2,,2.0
2024-05-07,4,35.0,19.0,39.0,0.0,,180.0,7.6,,1012.0,,18.0
2024-05-07,5,35.0,19.0,39.0,0.0,,210.0,9.4,,1012.0,,18.0
2024-05-07,6,37.0,20.3,38.0,0.0,,160.0,5.4,,1005.6,,18.0
2024-05-07,7,38.0,18.9,33.0,0.0,,200.0,9.4,,1010.0,,18.0
2024-05-07,8,39.0,18.8,31.0,0.0,,190.0,7.6,,1009.0,,7.0
2024-05-07,9,39.8,19.0,30.0,0.0,,0.0,0.0,,1002.7,,7.0
2024-05-07,10,40.0,16.9,26.0,0.0,,210.0,14.8,,1007.0,,18.0
2024-05-07,11,37.0,19.0,35.0,0.0,,170.0,14.8,,1007.0,,3.0
2024-05-07,12,33.8,23.5,55.0,0.0,,180.0,5.4,,1003.3,,3.0
2024-05-07,13,23.0,22.0,94.0,0.0,,40.0,18.4,,1010.0,,3.0
2024-05-07,14,23.0,21.1,89.0,0.0,,90.0,9.4,,1012.0,,3.0
2024-05-07,15,23.0,21.5,91.0,0.0,,140.0,11.2,,1010.0,,5.0
2024-05-07,16,23.0,21.1,89.0,0.0,,110.0,16.6,,1013.0,,25.0
2024-05-07,17,23.0,21.1,89.0,0.0,,100.0,15.0,,1013.0,,5.0
2024-05-07,18,23.4,20.3,83.0,0.0,,140.0,7.6,,1009.0,,2.0
2024-05-07,19,29.6,22.1,64.0,0.0,,130.0,7.4,,1006.6,,2.0
2024-05-07,20,29.0,22.5,68.0,0.0,,133.0,5.5,,1006.3,,2.0
2024-05-07,21,23.4,20.7,85.0,0.0,,140.0,7.6,,1009.1,,2.0
2024-05-07,22,23.8,21.1,85.0,0.0,,138.0,7.4,,1008.9,,3.0
2024-05-07,23,24.3,21.6,85.0,0.0,,136.0,5.5,,1008.8,,3.0
2024-05-08,0,24.2,20.3,79.0,0.0,,180.0,3.6,,1008.8,,5.0
2024-05-08,1,25.0,20.0,74.0,0.0,,200.0,7.6,,1013.0,,5.0
2024-05-08,2,26.0,20.1,70.0,0.0,,220.0,9.4,,1013.0,,5.0
2024-05-08,3,28.0,20.0,62.0,0.0,,230.0,5.4,,1009.5,,5.0
2024-05-08,4,30.0,20.0,55.0,0.0,,220.0,18.4,,1013.0,,2.0
2024-05-08,5,32.0,20.0,49.0,0.0,,210.0,14.8,,1013.0,,2.0
2024-05-08,6,33.0,20.9,49.0,0.0,,250.0,5.4,,1008.4,,2.0
2024-05-08,7,33.0,19.8,46.0,0.0,,220.0,7.6,,1011.0,,2.0
2024-05-08,8,35.0,20.2,42.0,0.0,,150.0,7.6,,1010.0,,2.0
2024-05-08,9,37.0,19.9,37.0,0.0,,180.0,9.0,,1009.0,,3.0
2024-05-08,10,36.0,19.0,37.0,0.0,,160.0,11.2,,1008.0,,3.0
2024-05-08,11,36.0,19.0,37.0,0.0,,170.0,5.4,,1008.0,,3.0
2024-05-08,12,34.8,21.8,47.0,0.0,,180.0,5.4,,1002.7,,3.0
2024-05-08,13,32.0,22.1,56.0,0.0,,110.0,14.8,,1009.0,,3.0
2024-05-08,14,31.0,22.1,59.0,0.0,,120.0,11.2,,1001.0,,3.0
2024-05-08,15,30.0,21.9,62.0,0.0,,100.0,11.0,,1010.0,,3.0
2024-05-08,16,29.0,21.0,62.0,0.0,,100.0,15.0,,1010.0,,1.0
2024-05-08,17,28.0,22.0,70.0,0.0,,120.0,14.8,,1011.0,,2.0
2024-05-08,18,29.4,21.4,62.0,0.0,,140.0,7.6,,1006.9,,2.0
2024-05-08,19,28.5,21.5,66.0,0.0,,130.0,5.5,,1006.1,,2.0
2024-05-08,20,28.0,21.8,69.0,0.0,,128.0,3.7,,1005.7,,2.0
2024-05-08,21,28.0,20.3,63.0,0.0,,180.0,3.6,,1006.3,,2.0
2024-05-08,22,27.6,20.9,67.0,0.0,,172.0,3.7,,1006.3,,1.0
2024-05-08,23,27.2,21.3,70.0,0.0,,161.0,3.7,,1006.4,,1.0
2024-05-09,0,28.0,22.0,70.0,0.0,,146.0,1.8,,1006.9,,1.0
2024-05-09,1,27.0,16.9,54.0,0.0,,240.0,6.0,,1012.0,,2.0
2024-05-09,2,28.0,18.1,55.0,0.0,,160.0,3.6,,1012.0,,2.0
2024-05-09,3,28.8,18.9,55.0,0.0,,159.0,1.8,,1007.6,,2.0
2024-05-09,4,30.0,19.1,52.0,0.0,,250.0,7.6,,1012.0,,2.0
2024-05-09,5,32.0,17.9,43.0,0.0,,150.0,5.4,,1012.0,,2.0
2024-05-09,6,32.2,19.1,46.0,0.0,,200.0,3.6,,1006.8,,2.0
2024-05-09,7,34.0,18.1,39.0,0.0,,200.0,9.4,,1011.0,,2.0
2024-05-09,8,35.0,18.1,37.0,0.0,,184.0,5.4,,1010.0,,2.0
2024-05-09,9,36.0,17.7,34.0,0.0,,196.0,3.6,,1003.8,,2.0
2024-05-09,10,34.0,20.0,44.0,0.1,,130.0,3.6,,1009.0,,3.0
2024-05-09,11,34.0,20.0,44.0,0.0,,110.0,5.4,,1008.0,,4.0
2024-05-09,12,34.2,20.9,46.0,0.0,,90.0,7.6,,1002.8,,25.0
2024-05-09,13,32.0,20.0,49.0,0.0,,110.0,13.0,,1009.0,,25.0
2024-05-09,14,32.0,20.0,49.0,0.0,,90.0,13.0,,1010.0,,3.0
2024-05-09,15,32.0,20.3,50.0,0.0,,140.0,5.4,,1005.6,,3.0
2024-05-09,16,30.0,20.0,55.0,0.0,,70.0,20.5,,1012.0,,1.0
2024-05-09,17,29.0,19.9,58.0,0.0,,100.0,13.0,,1012.0,,2.0
2024-05-09,18,29.0,21.5,64.0,0.0,,140.0,5.4,,1007.6,,2.0
2024-05-09,19,28.9,20.6,61.0,0.0,,125.0,5.5,,1006.7,,2.0
2024-05-09,20,28.1,20.9,65.0,0.0,,126.0,3.7,,1006.4,,2.0
2024-05-09,21,28.0,22.5,72.0,0.0,,0.0,0.0,,1006.3,,2.0
2024-05-09,22,27.6,22.1,72.0,0.0,,126.0,3.7,,1006.8,,3.0
2024-05-09,23,27.3,22.3,74.0,0.0,,127.0,3.7,,1007.0,,3.0
2024-05-10,0,27.2,22.4,75.0,0.0,,140.0,3.6,,1008.0,,3.0
2024-05-10,1,26.0,22.1,79.0,0.0,,130.0,4.0,,1013.0,,3.0
2024-05-10,2,27.0,22.0,74.0,0.0,,132.0,3.6,,1013.0,,3.0
2024-05-10,3,29.8,22.5,65.0,0.0,,150.0,3.6,,1009.2,,2.0
2024-05-10,4,31.0,22.1,59.0,0.0,,200.0,11.2,,1014.0,,2.0
2024-05-10,5,34.0,21.1,47.0,0.0,,190.0,9.4,,1013.0,,2.0
2024-05-10,6,34.4,21.8,48.0,0.0,,180.0,5.4,,1008.0,,2.0
2024-05-10,7,35.0,19.0,39.0,0.0,,180.0,3.6,,1012.0,,2.0
2024-05-10,8,36.0,19.0,37.0,0.0,,250.0,11.2,,1011.0,,3.0
2024-05-10,9,36.6,19.6,37.0,0.0,,110.0,5.4,,1004.2,,3.0
2024-05-10,10,34.0,18.9,41.0,0.0,,90.0,9.4,,1009.0,,3.0
2024-05-10,11,34.0,20.0,44.0,0.0,,90.0,9.4,,1009.0,,3.0
2024-05-10,12,34.0,21.8,49.0,0.0,,200.0,7.6,,1004.1,,3.0
2024-05-10,13,26.0,22.1,79.0,0.0,,40.0,16.6,,1011.0,,3.0
2024-05-10,14,27.0,24.1,84.0,0.0,,10.0,7.6,,1011.0,,5.0
2024-05-10,15,27.4,21.0,68.0,0.0,,0.0,0.0,,1007.1,,5.0
2024-05-10,16,28.0,24.0,79.0,0.0,,130.0,3.6,,1013.0,,5.0
2024-05-10,17,29.0,22.0,66.0,0.0,,130.0,9.0,,1013.0,,3.0
2024-05-10,18,29.2,22.2,66.0,0.0,,180.0,7.6,,1008.1,,3.0
2024-05-10,19,28.3,21.1,65.0,0.0,,123.0,1.8,,1007.3,,3.0
2024-05-10,20,28.3,21.6,67.0,0.0,,128.0,1.8,,1007.0,,2.0
2024-05-10,21,28.8,23.0,71.0,0.0,,140.0,5.4,,1007.6,,2.0
2024-05-10,22,27.7,22.9,75.0,0.0,,152.0,3.7,,1007.3,,2.0
2024-05-10,23,27.4,22.8,76.0,0.0,,147.0,3.7,,1007.7,,2.0
2024-05-11,0,27.6,22.3,73.0,0.0,,141.0,3.6,,1008.5,,2.0
2024-05-11,1,27.0,23.0,79.0,0.0,,140.0,6.0,,1014.0,,2.0
2024-05-11,2,28.0,22.9,74.0,0.0,,100.0,7.6,,1014.0,,2.0
2024-05-11,3,30.0,23.2,67.0,0.0,,0.0,0.0,,1010.0,,2.0
2024-05-11,4,31.0,23.1,63.0,0.0,,138.0,3.6,,1015.0,,2.0
2024-05-11,5,33.0,23.1,56.0,0.0,,142.0,3.6,,1014.0,,2.0
2024-05-11,6,34.0,21.8,49.0,0.0,,0.0,0.0,,1008.4,,2.0
2024-05-11,7,35.0,20.9,44.0,0.0,,100.0,7.6,,1013.0,,2.0
2024-05-11,8,35.0,20.9,44.0,0.0,,100.0,9.4,,1012.0,,2.0
2024-05-11,9,36.2,20.5,40.0,0.0,,120.0,13.0,,1005.4,,3.0
2024-05-11,10,36.0,19.9,39.0,0.0,,90.0,11.2,,1012.0,,3.0
2024-05-11,11,36.0,19.9,39.0,0.0,,90.0,13.0,,1010.0,,3.0
2024-05-11,12,35.6,18.2,36.0,0.0,,140.0,5.4,,1003.9,,3.0
2024-05-11,13,34.0,18.9,41.0,0.0,,100.0,11.2,,1011.0,,3.0
2024-05-11,14,33.0,19.8,46.0,0.0,,90.0,9.4,,1012.0,,2.0
2024-05-11,15,33.0,19.5,45.0,0.0,,140.0,5.4,,1007.2,,2.0
2024-05-11,16,31.0,20.0,52.0,0.0,,110.0,9.4,,1014.0,,2.0
2024-05-11,17,31.0,20.9,55.0,0.0,,130.0,7.6,,1014.0,,2.0
2024-05-11,18,31.2,19.5,50.0,0.0,,157.0,3.6,,1008.1,,2.0
2024-05-11,19,30.7,20.3,54.0,0.0,,146.0,3.7,,1007.9,,2.0
2024-05-11,20,30.1,20.6,57.0,0.0,,127.0,1.8,,1007.5,,2.0
2024-05-11,21,29.8,21.7,62.0,0.0,,98.0,3.6,,1007.4,,2.0
2024-05-11,22,29.0,21.0,62.0,0.0,,106.0,1.8,,1007.4,,2.0
2024-05-11,23,28.5,21.0,64.0,0.0,,115.0,1.8,,1007.7,,2.0
2024-05-12,0,28.2,22.0,69.0,0.0,,124.0,1.8,,1007.7,,2.0
2024-05-12,1,27.0,22.0,74.0,0.0,,230.0,11.0,,1014.0,,2.0
2024-05-12,2,28.0,21.1,66.0,0.0,,220.0,9.4,,1014.0,,2.0
2024-05-12,3,31.2,22.0,58.0,0.0,,210.0,7.6,,1009.4,,2.0
2024-05-12,4,32.0,20.9,52.0,0.0,,240.0,9.4,,1016.0,,2.0
2024-05-12,5,33.0,20.9,49.0,0.0,,250.0,9.4,,1015.0,,2.0
2024-05-12,6,35.0,20.9,44.0,0.0,,260.0,11.2,,1008.7,,2.0
2024-05-12,7,36.0,21.1,42.0,0.0,,200.0,11.2,,1014.0,,3.0
2024-05-12,8,36.0,19.9,39.0,0.0,,140.0,11.2,,1013.0,,3.0
2024-05-12,9,37.0,18.1,33.0,0.0,,140.0,5.4,,1004.4,,3.0
2024-05-12,10,37.0,19.0,35.0,0.0,,110.0,9.4,,1010.0,,3.0
2024-05-12,11,36.0,18.1,35.0,0.0,,127.0,5.4,,1010.0,,3.0
2024-05-12,12,32.8,18.6,43.0,0.0,,360.0,5.4,,1004.8,,3.0
2024-05-12,13,32.0,20.0,49.0,0.0,,119.0,1.8,,1011.0,,3.0
2024-05-12,14,30.0,20.0,55.0,0.0,,330.0,3.6,,1012.0,,3.0
2024-05-12,15,30.0,18.1,49.0,0.0,,340.0,5.4,,1007.9,,3.0
2024-05-12,16,30.0,19.1,52.0,0.0,,100.0,7.6,,1014.0,,2.0
2024-05-12,17,29.5,18.9,53.0,0.0,,23.0,5.5,,1008.3,,2.0
2024-05-12,18,27.4,20.2,65.0,0.0,,90.0,16.6,,1011.4,,2.0
2024-05-12,19,29.0,19.3,56.0,0.0,,93.0,3.7,,1008.2,,2.0
2024-05-12,20,28.9,19.5,57.0,0.0,,85.0,3.7,,1007.9,,2.0
2024-05-12,21,24.4,20.7,80.0,0.0,,360.0,7.6,,1010.9,,2.0
2024-05-12,22,26.4,20.7,71.0,0.0,,87.0,3.7,,1009.5,,3.0
2024-05-12,23,26.4,20.9,72.0,0.0,,96.0,3.7,,1009.3,,3.0
2024-05-13,0,25.6,19.3,68.0,0.0,,360.0,7.6,,1008.8,,5.0
2024-05-13,1,25.0,20.0,74.0,0.0,,150.0,9.4,,1014.0,,5.0
2024-05-13,2,26.0,20.1,70.0,0.0,,180.0,9.4,,1014.0,,5.0
2024-05-13,3,28.2,20.2,62.0,0.0,,200.0,11.2,,1010.2,,5.0
2024-05-13,4,29.0,19.0,55.0,0.0,,220.0,9.4,,1015.0,,5.0
2024-05-13,5,30.0,19.1,52.0,0.0,,250.0,9.4,,1015.0,,3.0
2024-05-13,6,32.8,21.0,50.0,0.0,,200.0,5.4,,1009.1,,3.0
2024-05-13,7,34.0,20.0,44.0,0.0,,250.0,7.6,,1014.0,,3.0
2024-05-13,8,35.0,20.2,42.0,0.0,,114.0,7.6,,1013.0,,3.0
2024-05-13,9,35.0,19.8,41.0,0.3,,109.0,3.6,,1005.8,,3.0
2024-05-13,10,35.0,19.0,39.0,0.1,,96.0,9.4,,1011.0,,18.0
2024-05-13,11,35.0,20.9,44.0,0.0,,96.0,7.6,,1005.1,,3.0
2024-05-13,12,34.8,18.4,38.0,0.0,,60.0,3.6,,1004.0,,3.0
2024-05-13,13,32.0,18.9,46.0,0.0,,60.0,7.6,,1011.0,,3.0
2024-05-13,14,31.0,20.0,52.0,0.0,,90.0,3.6,,1012.0,,3.0
2024-05-13,15,31.6,20.2,51.0,0.0,,100.0,9.4,,1006.6,,2.0
2024-05-13,16,30.8,20.1,53.0,0.0,,90.0,3.7,,1007.1,,2.0
2024-05-13,17,30.1,19.8,54.0,0.0,,90.0,3.7,,1007.5,,2.0
2024-05-13,18,30.0,20.0,55.0,1.0,,140.0,5.4,,1007.1,,7.0
2024-05-13,19,28.6,19.5,58.0,0.0,,59.0,1.8,,1007.8,,7.0
2024-05-13,20,27.9,19.4,60.0,0.0,,38.0,1.8,,1007.6,,7.0
2024-05-13,21,29.0,19.9,58.0,0.0,,140.0,5.4,,1007.1,,7.0
2024-05-13,22,28.4,20.2,61.0,0.0,,139.0,5.5,,1007.4,,1.0
2024-05-13,23,27.8,20.4,64.0,0.0,,137.0,3.7,,1007.6,,2.0
2024-05-14,0,27.8,21.4,68.0,0.0,,0.0,0.0,,1007.4,,2.0
2024-05-14,1,28.0,20.0,62.0,0.0,,132.0,6.0,,1013.0,,2.0
2024-05-14,2,29.0,19.9,58.0,0.0,,130.0,5.4,,1013.0,,2.0
2024-05-14,3,30.6,21.7,59.0,0.0,,129.0,3.6,,1009.2,,2.0
2024-05-14,4,31.0,22.1,59.0,0.0,,100.0,9.4,,1015.0,,2.0
2024-05-14,5,33.0,22.2,53.0,0.0,,100.0,5.4,,1014.0,,2.0
2024-05-14,6,34.2,20.6,45.0,0.0,,100.0,3.6,,1008.2,,2.0
2024-05-14,7,35.0,20.9,44.0,0.0,,120.0,9.4,,1013.0,,2.0
2024-05-14,8,36.0,19.9,39.0,0.0,,100.0,11.2,,1013.0,,3.0
2024-05-14,9,36.4,18.5,35.0,0.0,,70.0,9.4,,1005.0,,3.0
2024-05-14,10,36.0,18.1,35.0,0.0,,110.0,9.4,,1010.0,,3.0
2024-05-14,11,36.0,17.2,33.0,0.0,,100.0,11.2,,1009.0,,3.0
2024-05-14,12,36.0,17.2,33.0,0.0,,90.0,5.4,,1003.2,,3.0
2024-05-14,13,34.0,18.9,41.0,0.0,,120.0,11.2,,1011.0,,25.0
2024-05-14,14,30.0,21.1,59.0,0.0,,90.0,13.0,,1012.0,,25.0
2024-05-14,15,30.6,21.1,57.0,0.0,,140.0,14.8,,1007.9,,18.0
2024-05-14,16,29.0,21.0,62.0,0.6,,120.0,7.6,,1013.0,,18.0
2024-05-14,17,29.5,20.4,58.0,0.1,,116.0,3.7,,1008.1,,18.0
2024-05-14,18,29.6,21.3,61.0,0.0,,116.0,3.6,,1008.1,,18.0
2024-05-14,19,28.6,20.6,62.0,0.0,,113.0,3.7,,1008.2,,2.0
2024-05-14,20,28.1,20.9,65.0,0.0,,108.0,3.7,,1008.0,,2.0
2024-05-14,21,28.6,19.5,58.0,0.0,,0.0,0.0,,1008.2,,2.0
2024-05-14,22,27.3,20.9,68.0,0.0,,101.0,1.8,,1008.1,,2.0
2024-05-14,23,27.0,20.8,69.0,0.0,,108.0,1.8,,1008.4,,2.0
2024-05-15,0,25.2,19.8,72.0,0.0,,230.0,5.4,,1009.8,,2.0
2024-05-15,1,26.0,20.1,70.0,0.0,,141.0,7.0,,1015.0,,5.0
2024-05-15,2,27.0,20.1,66.0,0.0,,50.0,7.6,,1015.0,,5.0
2024-05-15,3,29.0,20.5,60.0,0.0,,0.0,0.0,,1010.7,,5.0
2024-05-15,4,31.0,20.9,55.0,0.0,,50.0,7.6,,1017.0,,3.0
2024-05-15,5,33.0,20.9,49.0,0.0,,110.0,11.2,,1015.0,,3.0
2024-05-15,6,33.4,19.5,44.0,0.0,,144.0,1.8,,1008.3,,3.0
2024-05-15,7,34.7,19.5,41.0,0.0,,127.0,3.7,,1008.0,,3.0
2024-05-15,8,36.0,19.9,39.0,0.0,,50.0,9.0,,1013.0,,3.0
2024-05-15,9,36.0,18.6,36.0,0.0,,80.0,7.6,,1005.4,,3.0
2024-05-15,10,35.0,20.2,42.0,0.0,,70.0,9.4,,1010.0,,3.0
2024-05-15,11,35.0,20.2,42.0,0.0,,90.0,14.8,,1010.0,,3.0
2024-05-15,12,35.0,19.0,39.0,0.0,,140.0,3.6,,1004.1,,3.0
2024-05-15,13,33.0,19.8,46.0,0.1,,110.0,9.4,,1011.0,,3.0
2024-05-15,14,32.0,20.0,49.0,0.0,,90.0,7.6,,1012.0,,3.0
2024-05-15,15,32.6,19.1,45.0,0.0,,90.0,5.4,,1007.2,,2.0
2024-05-15,16,30.0,21.1,59.0,0.0,,110.0,11.2,,1014.0,,2.0
2024-05-15,17,30.2,19.9,54.0,0.0,,124.0,5.5,,1008.3,,2.0
2024-05-15,18,30.2,20.5,56.0,0.0,,107.0,3.6,,1009.0,,2.0
2024-05-15,19,29.1,20.0,58.0,0.0,,101.0,3.7,,1008.6,,2.0
2024-05-15,20,28.6,20.1,60.0,0.0,,93.0,3.7,,1008.3,,2.0
2024-05-15,21,28.6,21.4,65.0,0.0,,90.0,5.4,,1008.7,,2.0
2024-05-15,22,28.1,21.4,67.0,0.0,,93.0,5.5,,1008.9,,2.0
2024-05-15,23,27.6,21.6,70.0,0.0,,98.0,3.7,,1009.0,,3.0
2024-05-16,0,27.4,20.7,67.0,0.0,,109.0,1.8,,1009.4,,3.0
2024-05-16,1,27.0,21.1,70.0,0.0,,117.0,4.0,,1014.0,,3.0
2024-05-16,2,28.0,20.0,62.0,0.0,,130.0,5.4,,1015.0,,3.0
2024-05-16,3,30.2,20.5,56.0,0.0,,0.0,0.0,,1010.1,,3.0
2024-05-16,4,31.0,20.9,55.0,0.0,,120.0,5.4,,1016.0,,2.0
2024-05-16,5,32.0,20.9,52.0,0.0,,130.0,9.4,,1014.0,,2.0
2024-05-16,6,34.2,20.9,46.0,0.0,,100.0,9.4,,1008.3,,2.0
2024-05-16,7,35.0,20.9,44.0,0.0,,110.0,9.4,,1014.0,,2.0
2024-05-16,8,35.0,20.9,44.0,0.0,,90.0,13.0,,1012.0,,3.0
2024-05-16,9,34.4,21.8,48.0,0.0,,140.0,5.4,,1004.4,,3.0
2024-05-16,10,33.0,20.9,49.0,0.0,,100.0,14.8,,1012.0,,18.0
2024-05-16,11,24.0,19.9,78.0,0.6,,110.0,16.6,,1012.0,,3.0
2024-05-16,12,23.2,22.5,96.0,0.0,,320.0,7.6,,1008.0,,5.0
2024-05-16,13,25.0,20.0,74.0,0.0,,300.0,13.0,,1011.0,,5.0
2024-05-16,14,25.0,21.1,79.0,0.0,,120.0,7.6,,1012.0,,5.0
2024-05-16,15,24.4,22.8,91.0,0.0,,110.0,7.6,,1009.2,,5.0
2024-05-16,16,23.0,20.0,83.0,0.0,,100.0,9.4,,1014.0,,5.0
2024-05-16,17,25.4,22.3,83.0,0.0,,101.0,3.7,,1009.3,,9.0
2024-05-16,18,24.6,22.5,88.0,0.0,,90.0,7.6,,1010.4,,9.0
2024-05-16,19,25.9,21.8,78.0,0.0,,104.0,5.5,,1009.0,,8.0
2024-05-16,20,26.0,21.7,77.0,0.0,,107.0,3.7,,1008.6,,8.0
2024-05-16,21,23.8,21.3,86.0,0.0,,0.0,0.0,,1008.7,,7.0
2024-05-16,22,26.0,21.4,76.0,0.0,,113.0,3.7,,1008.3,,7.0
2024-05-16,23,25.8,21.5,77.0,0.0,,118.0,3.7,,1008.4,,7.0
2024-05-17,0,23.4,20.9,86.0,0.0,,290.0,5.4,,1009.7,,4.0
2024-05-17,1,24.0,22.1,89.0,0.0,,270.0,6.0,,1013.0,,4.0
2024-05-17,2,25.0,21.1,79.0,0.0,,117.0,3.6,,1013.0,,3.0
2024-05-17,3,26.2,21.2,74.0,0.0,,114.0,1.8,,1009.3,,3.0
2024-05-17,4,26.0,21.0,74.0,0.0,,100.0,3.6,,1013.0,,3.0
2024-05-17,5,28.0,22.0,70.0,0.0,,100.0,3.6,,1013.0,,3.0
2024-05-17,6,28.4,21.7,67.0,0.0,,90.0,7.6,,1008.3,,3.0
2024-05-17,7,29.0,22.0,66.0,0.0,,120.0,7.6,,1012.0,,3.0
2024-05-17,8,29.0,22.0,66.0,0.3,,100.0,5.4,,1012.0,,3.0
2024-05-17,9,30.4,21.8,60.0,0.0,,90.0,5.4,,1005.3,,7.0
2024-05-17,10,30.0,21.1,59.0,0.6,,100.0,5.4,,1009.0,,18.0
2024-05-17,11,31.0,22.1,59.0,0.0,,100.0,9.4,,1009.0,,18.0
2024-05-17,12,31.0,21.2,56.0,0.0,,90.0,5.4,,1004.4,,3.0
2024-05-17,13,30.0,21.9,62.0,0.0,,100.0,5.4,,1010.0,,3.0
2024-05-17,14,29.0,23.0,70.0,0.0,,100.0,11.2,,1012.0,,3.0
2024-05-17,15,28.6,22.6,70.0,0.0,,90.0,7.6,,1007.0,,5.0
2024-05-17,16,28.0,24.0,79.0,0.0,,90.0,11.2,,1012.0,,5.0
2024-05-17,17,27.8,22.3,72.0,0.0,,94.0,5.5,,1007.5,,3.0
2024-05-17,18,26.8,22.9,79.0,0.0,,90.0,3.6,,1008.0,,3.0
2024-05-17,19,26.9,22.1,75.0,0.0,,96.0,3.7,,1007.3,,3.0
2024-05-17,20,26.4,22.0,77.0,0.0,,92.0,3.7,,1006.8,,3.0
2024-05-17,21,25.8,22.9,84.0,0.0,,0.0,0.0,,1006.6,,3.0
2024-05-17,22,25.6,22.9,85.0,0.0,,129.0,1.8,,1006.7,,2.0
2024-05-17,23,25.4,23.1,87.0,0.0,,129.0,1.8,,1006.8,,3.0
2024-05-18,0,25.4,23.1,87.0,0.0,,140.0,3.6,,1006.8,,3.0
2024-05-18,1,25.0,22.1,84.0,0.0,,100.0,6.0,,1011.0,,3.0
2024-05-18,2,26.0,23.1,84.0,0.0,,127.0,3.6,,1012.0,,3.0
2024-05-18,3,26.8,23.5,82.0,0.0,,126.0,1.8,,1007.6,,3.0
2024-05-18,4,28.0,22.0,70.0,0.0,,126.0,3.6,,1012.0,,3.0
2024-05-18,5,30.0,23.0,66.0,0.0,,126.0,3.6,,1012.0,,3.0
2024-05-18,6,31.0,22.3,60.0,0.0,,0.0,0.0,,1006.3,,3.0
2024-05-18,7,32.0,22.1,56.0,0.3,,90.0,5.4,,1010.0,,7.0
2024-05-18,8,32.0,22.1,56.0,0.5,,90.0,7.6,,1009.0,,18.0
2024-05-18,9,31.6,22.3,58.0,2.2,,90.0,5.4,,1002.7,,18.0
2024-05-18,10,29.0,24.1,75.0,0.6,,250.0,7.6,,1008.0,,25.0
2024-05-18,11,28.0,24.0,79.0,1.6,,280.0,14.8,,1008.0,,25.0
2024-05-18,12,27.4,21.2,69.0,0.9,,117.0,3.6,,1003.9,,25.0
2024-05-18,13,26.0,23.1,84.0,1.1,,120.0,6.0,,1009.0,,5.0
2024-05-18,14,26.0,23.1,84.0,0.1,,110.0,9.4,,1009.0,,5.0
2024-05-18,15,26.2,21.4,75.0,0.0,,180.0,5.4,,1005.2,,5.0
2024-05-18,16,26.0,23.1,84.0,0.0,,169.0,3.6,,1009.0,,5.0
2024-05-18,17,26.2,22.1,78.0,0.0,,156.0,5.5,,1005.4,,3.0
2024-05-18,18,25.8,22.1,80.0,0.0,,180.0,5.4,,1006.6,,3.0
2024-05-18,19,25.8,22.5,82.0,0.0,,141.0,5.5,,1005.1,,3.0
2024-05-18,20,25.6,22.7,84.0,0.0,,140.0,5.5,,1004.7,,3.0
2024-05-18,21,25.6,23.3,87.0,0.0,,110.0,5.4,,1005.2,,3.0
2024-05-18,22,25.4,23.3,88.0,0.0,,114.0,5.5,,1005.2,,7.0
2024-05-18,23,25.2,23.3,89.0,0.0,,121.0,3.7,,1005.3,,7.0
2024-05-19,0,25.4,24.2,93.0,0.0,,135.0,1.8,,1005.7,,7.0
2024-05-19,1,25.0,23.1,89.0,0.0,,131.0,4.0,,1011.0,,5.0
2024-05-19,2,25.0,23.1,89.0,0.0,,127.0,3.6,,1011.0,,5.0
2024-05-19,3,27.6,23.8,80.0,0.0,,0.0,0.0,,1005.9,,5.0
2024-05-19,4,28.0,24.0,79.0,0.0,,200.0,7.6,,1010.0,,5.0
2024-05-19,5,29.0,23.0,70.0,0.0,,220.0,6.0,,1010.0,,7.0
2024-05-19,6,31.4,23.0,61.0,0.0,,220.0,1.8,,1004.4,,3.0
2024-05-19,7,32.0,23.0,59.0,0.0,,200.0,3.6,,1009.0,,7.0
2024-05-19,8,33.0,23.9,59.0,0.0,,210.0,5.4,,1008.0,,18.0
2024-05-19,9,33.4,23.1,55.0,0.0,,200.0,5.4,,1001.0,,18.0
2024-05-19,10,33.0,23.9,59.0,0.0,,200.0,5.4,,1006.0,,5.0
2024-05-19,11,28.0,26.0,89.0,0.4,,110.0,14.8,,1006.0,,4.0
2024-05-19,12,27.0,23.3,80.0,0.0,,0.0,0.0,,1002.1,,5.0
2024-05-19,13,27.0,25.0,89.0,0.0,,127.0,3.6,,1007.0,,5.0
2024-05-19,14,27.0,25.0,89.0,0.0,,128.0,3.6,,1007.0,,5.0
2024-05-19,15,27.4,22.8,76.0,0.0,,0.0,0.0,,1003.3,,5.0
2024-05-19,16,27.0,25.0,89.0,0.0,,132.0,1.8,,1009.0,,5.0
2024-05-19,17,28.1,22.1,70.0,0.0,,134.0,3.7,,1003.4,,18.0
2024-05-19,18,27.0,23.0,79.0,0.0,,90.0,5.4,,1004.5,,18.0
2024-05-19,19,27.5,22.2,73.0,0.0,,137.0,3.7,,1003.5,,18.0
2024-05-19,20,27.2,22.2,74.0,0.0,,136.0,3.7,,1003.2,,18.0
2024-05-19,21,26.4,23.7,85.0,0.1,,136.0,3.6,,1003.5,,18.0
2024-05-19,22,26.1,23.6,86.0,0.0,,162.0,3.7,,1003.6,,3.0
2024-05-19,23,25.9,23.6,87.0,0.0,,162.0,3.7,,1003.7,,3.0
2024-05-20,0,26.0,23.7,87.0,0.0,,162.0,1.8,,1004.2,,3.0
2024-05-20,1,25.0,20.0,74.0,0.0,,148.0,4.0,,1010.0,,3.0
2024-05-20,2,26.0,21.0,74.0,0.0,,138.0,3.6,,1010.0,,3.0
2024-05-20,3,28.4,24.0,77.0,0.0,,200.0,1.8,,1005.3,,3.0
2024-05-20,4,29.0,21.0,62.0,0.0,,220.0,5.4,,1010.0,,3.0
2024-05-20,5,31.0,22.1,59.0,0.0,,200.0,5.4,,1010.0,,3.0
2024-05-20,6,33.4,23.1,55.0,0.0,,210.0,5.4,,1004.2,,3.0
2024-05-20,7,33.0,22.2,53.0,0.0,,163.0,3.6,,1010.0,,3.0
2024-05-20,8,34.0,22.1,50.0,0.0,,161.0,5.4,,1008.0,,3.0
2024-05-20,9,34.8,22.8,50.0,0.0,,159.0,3.6,,1002.2,,3.0
2024-05-20,10,31.0,20.9,55.0,0.0,,127.0,5.4,,1008.0,,25.0
2024-05-20,11,25.0,23.1,89.0,0.0,,127.0,3.6,,1006.0,,5.0
2024-05-20,12,27.6,25.0,86.0,0.0,,0.0,0.0,,1001.7,,5.0
2024-05-20,13,28.0,25.0,84.0,0.0,,129.0,1.8,,1007.0,,5.0
2024-05-20,14,28.0,25.0,84.0,0.0,,131.0,1.8,,1008.0,,5.0
2024-05-20,15,29.0,23.9,74.0,0.0,,133.0,1.8,,1003.3,,5.0
2024-05-20,16,28.0,25.0,84.0,0.0,,124.0,1.8,,1009.0,,5.0
2024-05-20,17,28.6,23.5,74.0,0.0,,124.0,1.8,,1003.8,,3.0
2024-05-20,18,27.6,24.5,83.0,0.0,,0.0,0.0,,1004.7,,3.0
2024-05-20,19,28.1,23.5,76.0,0.0,,120.0,3.7,,1003.7,,3.0
2024-05-20,20,27.8,23.6,78.0,0.0,,114.0,3.7,,1003.3,,2.0
2024-05-20,21,27.8,23.2,76.0,0.0,,108.0,1.8,,1003.5,,2.0
2024-05-20,22,27.4,23.2,78.0,0.0,,200.0,1.8,,1003.6,,1.0
2024-05-20,23,27.0,23.3,80.0,0.0,,200.0,1.8,,1003.6,,1.0
2024-05-21,0,26.6,23.5,83.0,0.0,,0.0,0.0,,1004.1,,2.0
2024-05-21,1,27.4,23.4,79.0,0.0,,186.0,1.8,,1004.0,,2.0
2024-05-21,2,28.0,24.0,79.0,0.0,,178.0,3.6,,1004.3,,2.0
2024-05-21,3,29.8,24.2,72.0,0.0,,210.0,5.4,,1005.0,,2.0
2024-05-21,4,31.0,23.1,63.0,0.0,,185.0,3.6,,1004.4,,2.0
2024-05-21,5,33.0,23.9,59.0,0.0,,185.0,5.4,,1009.0,,2.0
2024-05-21,6,34.0,23.7,55.0,0.0,,185.0,3.6,,1003.0,,2.0
2024-05-21,7,34.0,24.0,56.0,0.0,,200.0,7.6,,1002.0,,2.0
2024-05-21,8,35.0,23.0,50.0,0.0,,100.0,11.2,,1001.0,,2.0
2024-05-21,9,35.0,21.7,46.0,0.0,,140.0,5.4,,1000.5,,3.0
2024-05-21,10,35.0,24.0,53.0,0.0,,90.0,11.2,,1000.2,,3.0
2024-05-21,11,35.0,23.0,50.0,0.0,,90.0,11.2,,999.8,,3.0
2024-05-21,12,35.0,21.3,45.0,0.0,,140.0,5.4,,999.7,,3.0
2024-05-21,13,34.0,23.1,53.0,0.0,,110.0,11.2,,1000.4,,3.0
2024-05-21,14,32.0,23.0,59.0,0.0,,100.0,9.4,,1001.3,,3.0
2024-05-21,15,33.0,21.5,51.0,0.0,,140.0,5.4,,1002.6,,5.0
2024-05-21,16,32.0,22.1,56.0,0.0,,130.0,9.4,,1008.0,,1.0
2024-05-21,17,31.4,21.9,57.0,0.0,,136.0,3.7,,1003.3,,1.0
2024-05-21,18,29.6,21.8,63.0,0.0,,90.0,3.6,,1004.1,,1.0
2024-05-21,19,29.8,22.3,64.0,0.0,,132.0,3.7,,1003.2,,1.0
2024-05-21,20,29.1,22.6,68.0,0.0,,131.0,3.7,,1002.8,,2.0
2024-05-21,21,28.0,22.7,73.0,0.0,,0.0,0.0,,1003.2,,2.0
2024-05-21,22,27.6,23.0,76.0,0.0,,133.0,0.0,,1003.2,,1.0
2024-05-21,23,27.2,23.0,78.0,0.0,,137.0,1.8,,1003.3,,2.0
2024-05-22,0,27.4,22.8,76.0,0.0,,137.0,1.8,,1003.6,,2.0
2024-05-22,1,28.0,22.9,74.0,0.0,,132.0,4.0,,1009.0,,2.0
2024-05-22,2,28.0,24.0,79.0,0.0,,110.0,5.4,,1009.0,,2.0
2024-05-22,3,29.6,22.8,67.0,0.0,,140.0,5.4,,1004.8,,2.0
2024-05-22,4,31.0,23.1,63.0,0.0,,190.0,7.6,,1009.0,,2.0
2024-05-22,5,32.0,23.0,59.0,0.0,,150.0,5.4,,1008.0,,2.0
2024-05-22,6,33.6,23.0,54.0,0.0,,147.0,3.6,,1002.9,,2.0
2024-05-22,7,34.0,22.1,50.0,0.0,,129.0,3.6,,1001.8,,2.0
2024-05-22,8,36.2,21.6,43.0,0.0,,114.0,3.7,,1000.8,,2.0
2024-05-22,9,36.2,20.9,41.0,0.6,,50.0,5.4,,1000.1,,3.0
2024-05-22,10,35.0,20.9,44.0,0.9,,58.0,3.6,,999.8,,18.0
2024-05-22,11,35.0,22.0,47.0,0.1,,110.0,11.2,,999.5,,25.0
2024-05-22,12,35.2,22.9,49.0,0.0,,70.0,7.6,,998.7,,3.0
2024-05-22,13,34.0,22.1,50.0,0.0,,110.0,11.2,,999.9,,3.0
2024-05-22,14,33.0,20.9,49.0,0.0,,90.0,11.2,,1000.6,,2.0
2024-05-22,15,33.2,22.0,52.0,0.0,,110.0,7.6,,1000.9,,2.0
2024-05-22,16,32.0,20.9,52.0,0.0,,110.0,11.2,,1001.3,,2.0
2024-05-22,17,31.7,21.8,56.0,0.0,,118.0,5.5,,1001.7,,2.0
2024-05-22,18,30.9,21.7,58.0,0.0,,125.0,3.7,,1002.1,,2.0
2024-05-22,19,30.1,22.0,62.0,0.0,,122.0,3.7,,1001.8,,2.0
2024-05-22,20,29.3,22.3,66.0,0.0,,119.0,3.7,,1001.5,,2.0
2024-05-22,21,25.4,23.1,87.0,0.0,,140.0,7.6,,1003.6,,2.0
2024-05-22,22,29.0,22.5,68.0,0.0,,123.0,3.7,,1001.3,,2.0
2024-05-22,23,28.4,22.6,71.0,0.0,,129.0,3.7,,1001.4,,2.0
2024-05-23,0,24.4,22.1,87.0,0.0,,135.0,3.6,,1001.9,,2.0
2024-05-23,1,25.0,21.1,79.0,0.0,,132.0,2.0,,1006.0,,5.0
2024-05-23,2,26.0,22.1,79.0,0.0,,260.0,1.8,,1007.0,,5.0
2024-05-23,3,27.2,21.9,73.0,0.0,,310.0,5.4,,1003.2,,5.0
2024-05-23,4,29.0,21.0,62.0,0.0,,197.0,1.8,,1008.0,,5.0
2024-05-23,5,31.0,22.1,59.0,0.0,,330.0,5.4,,1007.0,,5.0
2024-05-23,6,33.4,21.6,50.0,0.0,,0.0,0.0,,1001.6,,5.0
2024-05-23,7,34.0,20.0,44.0,0.0,,120.0,7.6,,1000.2,,3.0
2024-05-23,8,35.0,20.9,44.0,0.0,,115.0,3.6,,999.1,,3.0
2024-05-23,9,36.0,21.8,44.0,0.0,,140.0,5.4,,999.1,,3.0
2024-05-23,10,34.0,21.1,47.0,0.0,,70.0,11.2,,998.5,,3.0
2024-05-23,11,35.0,20.9,44.0,0.0,,140.0,7.6,,997.9,,3.0
2024-05-23,12,35.0,19.8,41.0,0.0,,110.0,11.2,,997.3,,3.0
2024-05-23,13,33.0,19.1,44.0,0.0,,110.0,7.6,,998.1,,3.0
2024-05-23,14,32.0,18.9,46.0,0.0,,90.0,7.6,,999.0,,2.0
2024-05-23,15,32.5,20.7,50.0,0.0,,70.0,7.6,,999.4,,2.0
2024-05-23,16,30.0,21.1,59.0,0.0,,138.0,3.6,,999.9,,2.0
2024-05-23,17,31.0,21.2,56.0,0.0,,133.0,3.7,,1000.2,,2.0
2024-05-23,18,30.5,22.4,62.0,0.0,,0.0,0.0,,1001.0,,2.0
2024-05-23,19,30.1,21.5,60.0,0.0,,125.0,3.7,,1000.1,,2.0
2024-05-23,20,29.6,21.8,63.0,0.0,,119.0,3.7,,999.8,,2.0
2024-05-23,21,28.4,22.4,70.0,0.0,,112.0,3.6,,1000.3,,2.0
2024-05-23,22,28.1,22.6,72.0,0.0,,157.0,3.7,,1000.3,,2.0
2024-05-23,23,27.7,22.6,74.0,0.0,,157.0,1.8,,1000.3,,2.0
2024-05-24,0,27.6,23.2,77.0,0.0,,0.0,0.0,,1000.7,,2.0
2024-05-24,1,29.0,22.0,66.0,0.0,,240.0,6.0,,1005.0,,2.0
2024-05-24,2,29.0,22.0,66.0,0.0,,260.0,7.6,,1006.0,,2.0
2024-05-24,3,31.2,22.5,60.0,0.0,,270.0,3.6,,1001.1,,2.0
2024-05-24,4,32.0,20.9,52.0,0.0,,270.0,14.8,,1006.0,,1.0
2024-05-24,5,34.0,21.1,47.0,0.0,,250.0,11.2,,1005.0,,2.0
2024-05-24,6,36.2,22.0,44.0,0.0,,230.0,7.6,,999.4,,2.0
2024-05-24,7,36.0,19.9,39.0,0.0,,270.0,11.2,,1004.0,,2.0
2024-05-24,8,37.0,19.9,37.0,0.0,,330.0,5.4,,1003.0,,2.0
2024-05-24,9,39.0,19.8,33.0,0.0,,320.0,9.4,,996.9,,2.0
2024-05-24,10,38.0,16.9,29.0,0.0,,310.0,11.2,,996.4,,2.0
2024-05-24,11,38.0,17.9,31.0,0.0,,300.0,7.6,,995.9,,3.0
2024-05-24,12,38.0,19.4,34.0,0.0,,320.0,5.4,,995.1,,3.0
2024-05-24,13,36.0,18.1,35.0,0.0,,310.0,5.4,,996.3,,3.0
2024-05-24,14,34.4,19.6,42.0,0.0,,245.0,3.7,,997.2,,3.0
2024-05-24,15,34.2,20.9,46.0,0.0,,190.0,5.4,,997.8,,3.0
2024-05-24,16,32.0,18.9,46.0,0.0,,170.0,9.4,,998.4,,3.0
2024-05-24,17,31.8,21.0,53.0,0.0,,184.0,3.7,,998.8,,3.0
2024-05-24,18,31.6,20.2,51.0,0.0,,0.0,0.0,,999.4,,3.0
2024-05-24,19,30.7,21.5,58.0,0.0,,197.0,3.7,,999.0,,3.0
2024-05-24,20,30.0,21.7,61.0,0.0,,215.0,3.7,,998.9,,3.0
2024-05-24,21,30.0,20.0,55.0,0.0,,270.0,5.4,,999.2,,3.0
2024-05-24,22,29.6,20.2,57.0,0.2,,268.0,5.5,,999.2,,3.0
2024-05-24,23,29.2,20.6,60.0,0.0,,266.0,5.5,,999.1,,3.0
2024-05-25,0,29.0,21.0,62.0,0.0,,270.0,7.6,,998.7,,3.0
2024-05-25,1,28.0,22.0,70.0,0.0,,260.0,20.0,,1003.0,,3.0
2024-05-25,2,29.0,23.0,70.0,0.0,,240.0,13.0,,1004.0,,3.0
2024-05-25,3,31.0,23.4,64.0,0.0,,320.0,7.6,,999.8,,3.0
2024-05-25,4,32.0,20.9,52.0,0.0,,270.0,24.1,,1004.0,,2.0
2024-05-25,5,33.0,19.8,46.0,0.0,,290.0,22.3,,1004.0,,2.0
2024-05-25,6,35.2,21.8,46.0,0.0,,320.0,7.6,,998.4,,2.0
2024-05-25,7,35.0,20.2,42.0,0.0,,270.0,22.3,,1003.0,,3.0
2024-05-25,8,36.0,19.9,39.0,0.0,,270.0,18.4,,1002.0,,3.0
2024-05-25,9,38.4,20.7,36.0,0.0,,300.0,11.2,,995.5,,3.0
2024-05-25,10,38.0,17.9,31.0,0.0,,330.0,7.6,,995.3,,3.0
2024-05-25,11,38.0,17.9,31.0,0.0,,320.0,5.4,,995.1,,3.0
2024-05-25,12,38.2,18.1,31.0,0.0,,100.0,11.2,,994.1,,3.0
2024-05-25,13,36.0,19.9,39.0,0.0,,100.0,13.0,,995.8,,3.0
2024-05-25,14,34.1,20.8,46.0,0.0,,272.0,3.7,,996.7,,3.0
2024-05-25,15,32.8,22.0,53.0,0.0,,90.0,14.8,,999.0,,3.0
2024-05-25,16,32.0,22.1,56.0,0.0,,180.0,9.4,,999.2,,3.0
2024-05-25,17,31.8,21.9,56.0,0.0,,97.0,7.4,,999.4,,3.0
2024-05-25,18,31.4,21.0,54.0,0.0,,270.0,5.4,,999.5,,3.0
2024-05-25,19,30.7,21.8,59.0,0.0,,242.0,3.7,,999.3,,3.0
2024-05-25,20,30.1,21.8,61.0,0.0,,267.0,1.8,,998.9,,3.0
2024-05-25,21,29.6,20.7,59.0,0.0,,270.0,5.4,,998.9,,3.0
2024-05-25,22,29.4,20.8,60.0,0.0,,274.0,5.5,,999.0,,2.0
2024-05-25,23,29.1,20.8,61.0,0.0,,278.0,7.4,,999.1,,2.0
2024-05-26,0,29.8,20.4,57.0,0.0,,270.0,3.6,,999.0,,2.0
2024-05-26,1,28.0,21.1,66.0,0.0,,260.0,19.0,,1005.0,,2.0
2024-05-26,2,28.0,21.1,66.0,0.0,,280.0,20.5,,1005.0,,2.0
2024-05-26,3,30.0,21.9,62.0,0.0,,270.0,7.6,,1000.7,,3.0
2024-05-26,4,32.0,20.9,52.0,0.0,,290.0,14.8,,1005.0,,2.0
2024-05-26,5,33.0,20.9,49.0,0.0,,270.0,24.1,,1005.0,,2.0
2024-05-26,6,35.6,21.5,44.0,0.0,,270.0,7.6,,999.3,,2.0
2024-05-26,7,36.0,21.1,42.0,0.0,,290.0,14.8,,1004.0,,2.0
2024-05-26,8,38.0,19.9,35.0,0.0,,290.0,22.3,,1002.0,,2.0
2024-05-26,9,40.0,20.7,33.0,0.0,,320.0,5.4,,995.3,,3.0
2024-05-26,10,30.0,20.0,55.0,0.0,,110.0,13.0,,995.2,,25.0
2024-05-26,11,34.0,20.0,44.0,0.0,,311.0,1.8,,995.0,,25.0
2024-05-26,12,35.4,21.7,45.0,0.0,,190.0,5.4,,995.0,,25.0
2024-05-26,13,31.0,18.0,46.0,0.0,,230.0,13.0,,995.7,,25.0
2024-05-26,14,29.0,19.0,55.0,0.0,,200.0,11.2,,1002.0,,5.0
2024-05-26,15,30.2,19.6,53.0,0.0,,230.0,16.6,,998.5,,3.0
2024-05-26,16,30.0,18.1,49.0,0.0,,250.0,7.6,,998.7,,3.0
2024-05-26,17,30.4,20.3,55.0,0.0,,270.0,5.5,,998.9,,3.0
2024-05-26,18,29.6,20.5,58.0,0.0,,290.0,9.4,,1000.0,,3.0
2024-05-26,19,30.1,20.6,57.0,0.0,,273.0,7.4,,998.8,,3.0
2024-05-26,20,29.8,20.9,59.0,0.0,,276.0,7.4,,998.6,,3.0
2024-05-26,21,29.5,20.9,60.0,0.0,,279.0,7.4,,998.3,,3.0
2024-05-26,22,28.5,21.3,65.0,0.0,,288.0,7.4,,998.7,,3.0
2024-05-26,23,28.3,21.6,67.0,0.0,,287.0,9.3,,999.0,,3.0
2024-05-27,0,28.0,21.1,66.0,0.0,,320.0,7.6,,999.8,,3.0
2024-05-27,1,28.0,20.0,62.0,0.0,,270.0,22.0,,1005.0,,3.0
2024-05-27,2,28.0,20.0,62.0,0.0,,270.0,20.5,,1005.0,,3.0
2024-05-27,3,30.0,21.1,59.0,0.0,,290.0,7.6,,1000.9,,3.0
2024-05-27,4,30.0,21.1,59.0,0.0,,260.0,25.9,,1005.0,,3.0
2024-05-27,5,31.0,20.9,55.0,0.0,,270.0,16.6,,1005.0,,3.0
2024-05-27,6,33.4,21.9,51.0,0.0,,290.0,7.6,,999.6,,3.0
2024-05-27,7,34.0,21.1,47.0,0.0,,270.0,25.9,,1004.0,,3.0
2024-05-27,8,35.0,22.0,47.0,0.0,,310.0,18.4,,1003.0,,3.0
2024-05-27,9,36.6,22.4,44.0,0.0,,289.0,3.6,,997.3,,3.0
2024-05-27,10,37.0,21.2,40.0,0.0,,290.0,14.8,,996.8,,4.0
2024-05-27,11,36.0,21.1,42.0,0.0,,270.0,14.8,,996.3,,4.0
2024-05-27,12,36.6,22.7,45.0,0.0,,270.0,5.4,,995.9,,4.0
2024-05-27,13,35.0,22.0,47.0,0.0,,210.0,11.2,,996.7,,3.0
2024-05-27,14,34.0,22.1,50.0,0.0,,200.0,11.2,,997.5,,3.0
2024-05-27,15,34.2,22.3,50.0,0.0,,270.0,7.6,,998.5,,3.0
2024-05-27,16,33.0,22.2,53.0,0.0,,250.0,27.7,,998.8,,3.0
2024-05-27,17,33.0,21.5,51.0,0.0,,269.0,7.4,,999.1,,3.0
2024-05-27,18,31.4,22.1,58.0,0.0,,270.0,11.2,,999.8,,3.0
2024-05-27,19,31.7,21.3,54.0,0.0,,273.0,9.3,,999.2,,3.0
2024-05-27,20,31.1,21.3,56.0,0.0,,276.0,9.3,,999.0,,3.0
2024-05-27,21,29.0,21.8,65.0,0.0,,270.0,9.4,,999.8,,3.0
2024-05-27,22,28.7,21.7,66.0,0.0,,273.0,9.3,,999.9,,3.0
2024-05-27,23,28.5,21.8,67.0,0.0,,276.0,9.3,,1000.1,,3.0
2024-05-28,0,27.8,21.4,68.0,0.0,,270.0,7.6,,1000.5,,3.0
2024-05-28,1,27.0,21.1,70.0,0.0,,250.0,26.0,,1006.0,,3.0
2024-05-28,2,27.0,21.1,70.0,0.0,,250.0,22.3,,1006.0,,3.0
2024-05-28,3,28.8,22.3,68.0,0.0,,270.0,7.6,,1002.3,,3.0
2024-05-28,4,31.0,20.9,55.0,0.0,,250.0,18.4,,1007.0,,2.0
2024-05-28,5,32.0,20.9,52.0,0.0,,250.0,22.3,,1008.0,,2.0
2024-05-28,6,34.0,22.1,50.0,0.0,,320.0,9.4,,1000.7,,2.0
2024-05-28,7,35.0,20.9,44.0,0.0,,250.0,22.3,,999.9,,3.0
2024-05-28,8,36.0,19.9,39.0,0.0,,250.0,22.3,,999.0,,3.0
2024-05-28,9,38.2,20.5,36.0,0.0,,270.0,9.4,,997.7,,3.0
2024-05-28,10,37.0,19.9,37.0,0.0,,270.0,16.6,,997.4,,2.0
2024-05-28,11,38.0,21.2,38.0,0.0,,260.0,16.6,,997.0,,2.0
2024-05-28,12,38.8,19.6,33.0,0.0,,320.0,5.4,,996.5,,3.0
2024-05-28,13,36.0,21.8,44.0,0.0,,210.0,14.8,,997.3,,3.0
2024-05-28,14,34.0,23.1,53.0,0.0,,230.0,7.6,,998.0,,2.0
2024-05-28,15,35.2,20.4,42.0,0.0,,230.0,5.4,,998.9,,2.0
2024-05-28,16,32.0,22.1,56.0,0.0,,210.0,20.5,,999.1,,2.0
2024-05-28,17,34.1,20.5,45.0,0.0,,240.0,5.5,,999.4,,2.0
2024-05-28,18,32.4,21.0,51.0,0.0,,270.0,9.4,,1000.0,,2.0
2024-05-28,19,32.7,20.3,48.0,0.0,,258.0,5.5,,999.4,,2.0
2024-05-28,20,32.0,20.6,51.0,0.0,,267.0,7.4,,999.2,,2.0
2024-05-28,21,30.8,20.4,54.0,0.0,,270.0,16.6,,999.3,,2.0
2024-05-28,22,30.2,20.5,56.0,0.0,,272.0,14.8,,999.6,,1.0
2024-05-28,23,29.5,20.6,59.0,0.0,,274.0,14.8,,999.9,,2.0
2024-05-29,0,28.4,20.2,61.0,0.0,,270.0,7.6,,1000.7,,2.0
2024-05-29,1,27.0,21.1,70.0,0.0,,250.0,26.0,,1007.0,,2.0
2024-05-29,2,27.0,21.1,70.0,0.0,,250.0,25.9,,1007.0,,2.0
2024-05-29,3,29.8,20.7,58.0,0.0,,270.0,9.4,,1002.4,,2.0
2024-05-29,4,30.0,19.1,52.0,0.0,,260.0,24.1,,1007.0,,2.0
2024-05-29,5,33.0,19.8,46.0,0.0,,270.0,22.3,,1006.0,,2.0
2024-05-29,6,35.4,20.5,42.0,0.0,,290.0,9.4,,1000.3,,2.0
2024-05-29,7,36.0,19.0,37.0,0.0,,280.0,22.3,,1005.0,,2.0
2024-05-29,8,37.0,19.0,35.0,0.0,,260.0,18.4,,1004.0,,2.0
2024-05-29,9,38.8,20.1,34.0,0.0,,270.0,5.4,,997.7,,2.0
2024-05-29,10,38.0,18.9,33.0,0.0,,270.0,13.0,,996.9,,2.0
2024-05-29,11,38.0,16.9,29.0,0.0,,270.0,9.4,,996.7,,3.0
2024-05-29,12,39.0,19.3,32.0,0.0,,283.0,3.6,,996.7,,3.0
2024-05-29,13,36.0,18.1,35.0,0.0,,190.0,5.4,,997.2,,3.0
2024-05-29,14,35.0,18.1,37.0,0.0,,210.0,9.4,,997.9,,3.0
2024-05-29,15,36.0,18.6,36.0,0.0,,220.0,11.2,,998.7,,2.0
2024-05-29,16,34.0,16.8,36.0,0.0,,210.0,5.4,,999.1,,2.0
2024-05-29,17,33.1,18.9,43.0,0.0,,256.0,5.5,,999.6,,2.0
2024-05-29,18,33.8,18.7,41.0,0.0,,270.0,3.6,,1000.5,,3.0
2024-05-29,19,32.0,19.3,47.0,0.0,,265.0,7.4,,999.9,,3.0
2024-05-29,20,31.4,19.1,48.0,0.0,,273.0,7.4,,999.9,,3.0
2024-05-29,21,32.0,18.9,46.0,0.0,,270.0,3.6,,999.6,,2.0
2024-05-29,22,31.3,19.0,48.0,0.0,,282.0,5.5,,1000.1,,1.0
2024-05-29,23,30.6,19.0,50.0,0.0,,289.0,7.4,,1000.5,,1.0
2024-05-30,0,30.4,18.5,49.0,0.0,,320.0,7.6,,1000.9,,2.0
2024-05-30,1,29.0,18.2,52.0,0.0,,270.0,15.0,,1007.0,,2.0
2024-05-30,2,30.0,18.1,49.0,0.0,,270.0,13.0,,1002.4,,2.0
2024-05-30,3,31.4,19.7,50.0,0.0,,270.0,7.6,,1002.7,,2.0
2024-05-30,4,32.0,17.9,43.0,0.0,,280.0,20.5,,1002.3,,1.0
2024-05-30,5,33.0,18.0,41.0,0.0,,300.0,13.0,,1008.0,,2.0
2024-05-30,6,35.8,18.9,37.0,0.0,,270.0,7.6,,1002.0,,2.0
2024-05-30,7,36.0,19.0,37.0,0.0,,310.0,9.4,,1006.0,,2.0
2024-05-30,8,37.0,18.1,33.0,0.0,,280.0,14.8,,999.6,,2.0
2024-05-30,9,39.8,19.0,30.0,0.0,,320.0,11.2,,998.9,,2.0
2024-05-30,10,38.0,15.8,27.0,0.0,,270.0,11.2,,998.6,,1.0
2024-05-30,11,38.0,16.9,29.0,0.0,,290.0,9.4,,998.2,,2.0
2024-05-30,12,39.2,17.4,28.0,0.0,,290.0,5.4,,998.0,,2.0
2024-05-30,13,35.0,20.2,42.0,0.0,,293.0,3.6,,998.8,,2.0
2024-05-30,14,33.0,19.1,44.0,0.0,,180.0,1.8,,1006.0,,2.0
2024-05-30,15,35.0,20.2,42.0,0.0,,0.0,0.0,,1001.1,,2.0
2024-05-30,16,31.0,19.0,49.0,0.0,,259.0,1.8,,1007.0,,2.0
2024-05-30,17,34.0,19.7,43.0,0.0,,247.0,1.8,,1001.4,,2.0
2024-05-30,18,34.6,18.6,39.0,0.0,,320.0,5.4,,1001.2,,2.0
2024-05-30,19,32.8,19.7,46.0,0.0,,275.0,3.7,,1001.3,,2.0
2024-05-30,20,32.1,19.7,48.0,0.0,,290.0,3.7,,1001.1,,2.0
2024-05-30,21,32.0,16.7,40.0,0.0,,320.0,7.6,,1000.8,,2.0
2024-05-30,22,32.1,19.0,46.0,0.0,,300.0,5.5,,1001.0,,2.0
2024-05-30,23,31.6,18.9,47.0,0.0,,307.0,5.5,,1001.5,,2.0
2024-05-31,0,31.4,17.7,44.0,0.0,,320.0,5.4,,1002.3,,2.0
2024-05-31,1,30.0,18.1,49.0,0.0,,290.0,22.0,,1008.0,,2.0
2024-05-31,2,30.0,19.1,52.0,0.0,,290.0,16.6,,1009.0,,2.0
2024-05-31,3,32.4,20.0,48.0,0.0,,320.0,9.4,,1003.8,,2.0
2024-05-31,4,32.0,18.9,46.0,0.0,,300.0,20.5,,1009.0,,2.0
2024-05-31,5,34.0,18.9,41.0,0.0,,290.0,18.4,,1008.0,,2.0
2024-05-31,6,37.4,19.8,36.0,0.0,,340.0,5.4,,1002.1,,2.0
2024-05-31,7,38.0,19.9,35.0,0.0,,330.0,9.4,,1007.0,,2.0
2024-05-31,8,38.0,18.9,33.0,0.0,,300.0,9.4,,1006.0,,2.0
2024-05-31,9,40.8,19.3,29.0,0.0,,320.0,5.4,,999.0,,2.0
2024-05-31,10,39.0,18.3,30.0,0.0,,270.0,18.4,,1005.0,,2.0
2024-05-31,11,39.0,17.2,28.0,0.0,,280.0,11.2,,1005.0,,2.0
2024-05-31,12,39.8,19.0,30.0,0.0,,290.0,9.4,,998.5,,2.0
2024-05-31,13,37.0,17.1,31.0,0.0,,300.0,9.4,,1006.0,,2.0
2024-05-31,14,34.0,18.1,39.0,0.0,,290.0,5.4,,1006.0,,2.0
2024-05-31,15,34.8,19.6,41.0,0.0,,0.0,0.0,,1000.7,,2.0
2024-05-31,16,32.0,20.0,49.0,0.0,,250.0,3.6,,1007.0,,2.0
2024-05-31,17,33.9,19.6,43.0,0.0,,250.0,1.8,,1001.4,,2.0
2024-05-31,18,32.2,20.8,51.0,0.0,,0.0,0.0,,1001.6,,2.0
2024-05-31,19,32.9,19.8,46.0,0.0,,271.0,3.7,,1001.6,,2.0
2024-05-31,20,32.3,19.6,47.0,0.0,,286.0,3.7,,1001.4,,2.0
2024-05-31,21,32.8,20.7,49.0,0.0,,0.0,0.0,,1000.6,,2.0
2024-05-31,22,32.2,20.5,50.0,0.0,,301.0,1.8,,1001.1,,3.0
2024-05-31,23,31.6,20.2,51.0,0.0,,301.0,1.8,,1001.6,,3.0
2024-06-01,0,31.8,19.1,47.0,0.0,,301.0,3.6,,1001.8,,3.0
2024-06-01,1,31.6,20.2,51.0,0.0,,308.0,3.7,,1002.7,,3.0
2024-06-01,2,31.0,17.0,43.0,0.0,,290.0,9.4,,1003.2,,3.0
2024-06-01,3,32.8,18.6,43.0,0.0,,320.0,9.4,,1003.6,,3.0
2024-06-01,4,33.0,18.0,41.0,0.0,,320.0,11.2,,1003.4,,3.0
2024-06-01,5,34.0,18.1,39.0,0.0,,330.0,7.6,,1002.9,,3.0
2024-06-01,6,37.0,19.0,35.0,0.0,,360.0,5.4,,1003.0,,3.0
2024-06-01,7,37.0,17.1,31.0,0.0,,90.0,7.6,,1001.6,,3.0
2024-06-01,8,38.0,16.9,29.0,0.0,,319.0,5.4,,1000.6,,2.0
2024-06-01,9,39.0,17.7,29.0,0.0,,50.0,9.4,,1000.3,,2.0
2024-06-01,10,38.0,16.9,29.0,0.0,,90.0,9.4,,1006.0,,3.0
2024-06-01,11,37.0,19.9,37.0,0.0,,120.0,7.6,,1006.0,,3.0
2024-06-01,12,38.2,22.2,40.0,0.0,,100.0,9.4,,999.6,,3.0
2024-06-01,13,36.0,19.0,37.0,0.0,,160.0,5.4,,1007.0,,3.0
2024-06-01,14,35.0,19.0,39.0,0.0,,90.0,5.4,,1007.0,,3.0
2024-06-01,15,35.6,21.1,43.0,0.0,,140.0,5.4,,1001.9,,3.0
2024-06-01,16,34.0,21.1,47.0,0.0,,149.0,3.6,,1008.0,,18.0
2024-06-01,17,33.5,21.0,48.0,0.0,,163.0,3.7,,1003.1,,18.0
2024-06-01,18,33.6,22.1,51.0,0.0,,186.0,1.8,,1002.7,,18.0
2024-06-01,19,31.8,21.0,53.0,0.0,,195.0,3.7,,1003.6,,8.0
2024-06-01,20,31.0,20.9,55.0,0.0,,208.0,3.7,,1003.5,,7.0
2024-06-01,21,32.2,22.0,55.0,0.0,,0.0,0.0,,1002.7,,7.0
2024-06-01,22,31.6,22.0,57.0,0.0,,244.0,0.0,,1003.1,,2.0
2024-06-01,23,30.9,22.0,59.0,0.0,,262.0,1.8,,1003.5,,2.0
2024-06-02,0,31.2,19.9,51.0,0.0,,230.0,7.6,,1003.4,,3.0
2024-06-02,1,30.0,21.1,59.0,0.0,,230.0,24.0,,1010.0,,3.0
2024-06-02,2,30.0,21.1,59.0,0.0,,240.0,18.4,,1004.6,,3.0
2024-06-02,3,32.2,22.6,57.0,0.0,,290.0,7.6,,1004.6,,3.0
2024-06-02,4,33.0,20.9,49.0,0.0,,270.0,18.4,,1004.2,,2.0
2024-06-02,5,35.0,20.2,42.0,0.0,,290.0,13.0,,1003.8,,2.0
2024-06-02,6,37.0,21.2,40.0,0.0,,320.0,5.4,,1003.1,,2.0
2024-06-02,7,37.0,19.0,35.0,0.0,,270.0,14.8,,1002.5,,3.0
2024-06-02,8,38.0,17.9,31.0,0.0,,280.0,11.2,,1001.7,,18.0
2024-06-02,9,39.8,21.0,34.0,0.0,,320.0,9.4,,1000.1,,18.0
2024-06-02,10,39.0,18.3,30.0,0.8,,230.0,7.6,,1005.0,,3.0
2024-06-02,11,32.0,20.9,52.0,0.6,,120.0,22.0,,1006.0,,3.0
2024-06-02,12,29.4,24.3,74.0,0.0,,170.0,5.4,,1002.1,,5.0
2024-06-02,13,31.0,20.0,52.0,0.0,,190.0,9.4,,1007.0,,5.0
2024-06-02,14,28.0,22.9,74.0,0.0,,310.0,9.4,,1010.0,,3.0
2024-06-02,15,25.4,23.8,91.0,0.0,,320.0,3.6,,1005.8,,3.0
2024-06-02,16,26.0,23.1,84.0,0.0,,70.0,14.8,,1011.0,,25.0
2024-06-02,17,26.5,23.0,81.0,0.0,,314.0,3.7,,1005.7,,25.0
2024-06-02,18,26.2,23.9,87.0,0.0,,305.0,1.8,,1006.5,,25.0
2024-06-02,19,27.2,22.4,75.0,0.0,,308.0,3.7,,1005.3,,25.0
2024-06-02,20,27.4,22.4,74.0,0.0,,310.0,3.7,,1005.0,,25.0
2024-06-02,21,25.2,24.0,93.0,0.0,,311.0,3.6,,1007.2,,25.0
2024-06-02,22,25.5,23.7,90.0,0.1,,270.0,3.7,,1007.1,,25.0
2024-06-02,23,25.7,23.4,87.0,0.0,,270.0,3.7,,1006.9,,25.0
2024-06-03,0,24.4,22.8,91.0,0.2,,320.0,3.6,,1007.0,,25.0
2024-06-03,1,25.0,22.1,84.0,0.0,,190.0,7.0,,1013.0,,5.0
2024-06-03,2,25.0,22.1,84.0,0.0,,190.0,13.0,,1006.9,,4.0
2024-06-03,3,26.0,22.7,82.0,0.0,,180.0,5.4,,1009.9,,3.0
2024-06-03,4,27.0,22.0,74.0,0.0,,230.0,18.4,,1009.0,,3.0
2024-06-03,5,28.0,22.0,70.0,0.0,,240.0,16.6,,1012.0,,5.0
2024-06-03,6,28.6,22.6,70.0,0.0,,270.0,5.4,,1007.1,,3.0
2024-06-03,7,30.0,21.9,62.0,0.0,,230.0,9.4,,1005.9,,3.0
2024-06-03,8,31.0,22.1,59.0,0.0,,30.0,9.4,,1004.7,,3.0
2024-06-03,9,32.2,22.6,57.0,0.0,,291.0,1.8,,1003.6,,7.0
2024-06-03,10,32.0,20.9,52.0,0.0,,190.0,5.4,,1008.0,,3.0
2024-06-03,11,30.0,21.1,59.0,0.0,,160.0,5.4,,1008.0,,3.0
2024-06-03,12,31.0,22.1,59.0,0.0,,190.0,1.8,,1003.3,,3.0
2024-06-03,13,29.0,21.0,62.0,0.0,,210.0,9.4,,1009.0,,3.0
2024-06-03,14,29.0,21.0,62.0,0.0,,200.0,9.4,,1010.0,,3.0
2024-06-03,15,29.0,23.2,71.0,0.0,,200.0,5.4,,1005.6,,3.0
2024-06-03,16,28.0,22.9,74.0,0.0,,220.0,11.2,,1011.0,,3.0
2024-06-03,17,28.7,21.5,65.0,0.0,,208.0,3.7,,1005.3,,3.0
2024-06-03,18,28.2,23.3,75.0,0.0,,270.0,5.4,,1006.4,,3.0
2024-06-03,19,27.9,21.7,69.0,0.0,,239.0,3.7,,1005.4,,3.0
2024-06-03,20,27.6,21.9,71.0,0.0,,273.0,3.7,,1005.2,,3.0
2024-06-03,21,27.3,21.8,72.0,0.0,,299.0,3.7,,1004.9,,3.0
2024-06-03,22,26.9,22.9,79.0,0.0,,268.0,1.8,,1005.1,,3.0
2024-06-03,23,26.7,22.8,79.0,0.0,,268.0,1.8,,1005.4,,3.0
2024-06-04,0,26.8,23.5,82.0,0.0,,0.0,0.0,,1005.9,,3.0
2024-06-04,1,27.0,23.0,79.0,0.0,,290.0,6.0,,1011.0,,3.0
2024-06-04,2,27.0,23.0,79.0,0.0,,310.0,7.6,,1011.0,,3.0
2024-06-04,3,28.6,24.2,77.0,0.0,,270.0,5.4,,1006.8,,3.0
2024-06-04,4,28.0,22.9,74.0,0.0,,150.0,3.6,,1012.0,,3.0
2024-06-04,5,31.0,23.1,63.0,0.0,,220.0,5.4,,1012.0,,3.0
2024-06-04,6,31.2,23.8,65.0,0.0,,180.0,7.6,,1006.4,,3.0
2024-06-04,7,32.0,24.1,63.0,0.0,,180.0,7.6,,1010.0,,3.0
2024-06-04,8,32.0,22.1,56.0,0.0,,273.0,3.6,,1009.0,,3.0
2024-06-04,9,34.0,22.4,51.0,0.0,,264.0,3.6,,1003.7,,3.0
2024-06-04,10,34.0,22.1,50.0,0.0,,236.0,5.4,,1003.4,,18.0
2024-06-04,11,33.0,19.8,46.0,0.2,,20.0,11.2,,1003.2,,25.0
2024-06-04,12,32.0,21.8,55.0,2.4,,270.0,11.2,,1002.6,,25.0
2024-06-04,13,29.0,22.0,66.0,7.2,,180.0,11.2,,1003.9,,25.0
2024-06-04,14,29.7,22.4,65.0,0.9,,223.0,3.7,,1004.7,,25.0
2024-06-04,15,28.8,22.3,68.0,0.6,,221.0,3.6,,1006.2,,3.0
2024-06-04,16,28.0,22.0,70.0,0.4,,267.0,3.6,,1006.4,,18.0
2024-06-04,17,28.3,22.3,70.0,0.4,,267.0,3.7,,1006.5,,18.0
2024-06-04,18,26.0,23.5,86.0,0.2,,267.0,3.6,,1007.4,,3.0
2024-06-04,19,27.7,22.4,73.0,0.2,,275.0,3.7,,1006.3,,3.0
2024-06-04,20,27.3,22.7,76.0,0.0,,282.0,3.7,,1005.9,,3.0
2024-06-04,21,25.6,23.1,86.0,0.0,,0.0,0.0,,1005.7,,3.0
2024-06-04,22,25.6,23.1,86.0,0.0,,284.0,0.0,,1005.8,,7.0
2024-06-04,23,25.6,23.1,86.0,0.0,,278.0,1.8,,1005.9,,3.0
2024-06-05,0,25.4,21.9,81.0,0.0,,278.0,1.8,,1006.2,,3.0
2024-06-05,1,25.0,21.1,79.0,0.0,,270.0,15.0,,1011.0,,3.0
2024-06-05,2,26.0,22.1,79.0,0.0,,280.0,11.2,,1012.0,,3.0
2024-06-05,3,27.4,22.8,76.0,0.0,,320.0,5.4,,1008.2,,3.0
2024-06-05,4,29.0,22.0,66.0,0.0,,280.0,11.2,,1012.0,,4.0
2024-06-05,5,30.0,21.9,62.0,0.1,,290.0,13.0,,1012.0,,4.0
2024-06-05,6,32.2,22.9,58.0,0.0,,320.0,5.4,,1006.5,,4.0
2024-06-05,7,32.0,22.1,56.0,0.0,,30.0,7.6,,1010.0,,8.0
2024-06-05,8,34.0,21.1,47.0,0.5,,230.0,5.4,,1010.0,,18.0
2024-06-05,9,36.0,21.8,44.0,1.5,,180.0,3.6,,1002.6,,18.0
2024-06-05,10,34.0,21.1,47.0,0.0,,183.0,5.4,,1002.6,,18.0
2024-06-05,11,33.0,22.2,53.0,0.0,,30.0,9.4,,1008.0,,25.0
2024-06-05,12,31.0,22.3,60.0,8.4,,290.0,11.2,,1003.6,,25.0
2024-06-05,13,25.0,23.1,89.0,0.6,,198.0,5.4,,1010.0,,25.0
2024-06-05,14,26.0,23.1,84.0,0.0,,201.0,5.4,,1010.0,,25.0
2024-06-05,15,26.6,24.3,87.0,0.0,,204.0,1.8,,1006.3,,25.0
2024-06-05,16,26.0,23.1,84.0,0.0,,283.0,5.4,,1011.0,,9.0
2024-06-05,17,26.6,23.7,84.0,0.0,,283.0,1.8,,1006.7,,8.0
2024-06-05,18,27.0,23.9,83.0,0.0,,0.0,0.0,,1007.5,,7.0
2024-06-05,19,26.4,23.3,83.0,0.0,,301.0,3.7,,1006.5,,7.0
2024-06-05,20,26.2,23.1,83.0,0.0,,306.0,3.7,,1006.1,,7.0
2024-06-05,21,27.0,23.3,80.0,1.8,,270.0,9.4,,1007.2,,7.0
2024-06-05,22,26.1,23.2,84.0,0.0,,285.0,3.7,,1006.4,,3.0
2024-06-05,23,25.8,22.9,84.0,0.0,,277.0,3.7,,1006.6,,3.0
2024-06-06,0,26.0,23.5,86.0,0.0,,270.0,7.6,,1007.4,,3.0
2024-06-06,1,26.0,23.1,84.0,0.0,,250.0,13.0,,1012.0,,3.0
2024-06-06,2,26.0,22.1,79.0,0.0,,260.0,14.8,,1012.0,,3.0
2024-06-06,3,28.2,23.3,75.0,0.0,,270.0,5.4,,1007.8,,3.0
2024-06-06,4,29.0,22.0,66.0,0.0,,270.0,11.2,,1013.0,,3.0
2024-06-06,5,30.0,21.9,62.0,0.0,,320.0,11.2,,1012.0,,7.0
2024-06-06,6,32.4,23.6,60.0,0.0,,320.0,5.4,,1006.5,,7.0
2024-06-06,7,32.0,22.1,56.0,0.0,,290.0,11.2,,1011.0,,18.0
2024-06-06,8,33.0,22.2,53.0,0.0,,270.0,9.4,,1009.0,,18.0
2024-06-06,9,34.4,22.8,51.0,0.0,,270.0,5.4,,1003.2,,18.0
2024-06-06,10,26.0,22.1,79.0,1.0,,210.0,18.4,,1008.0,,18.0
2024-06-06,11,28.0,22.9,74.0,1.9,,240.0,7.6,,1008.0,,5.0
2024-06-06,12,28.8,23.9,75.0,3.9,,340.0,5.4,,1003.7,,25.0
2024-06-06,13,26.0,22.1,79.0,0.4,,70.0,5.4,,1010.0,,5.0
2024-06-06,14,27.0,23.0,79.0,0.0,,290.0,7.6,,1011.0,,25.0
2024-06-06,15,26.0,24.2,90.0,0.0,,219.0,3.6,,1006.6,,3.0
2024-06-06,16,25.0,24.0,94.0,0.0,,0.0,0.0,,1011.0,,5.0
2024-06-06,17,25.9,23.8,88.0,0.0,,276.0,1.8,,1006.8,,25.0
2024-06-06,18,26.2,23.9,87.0,0.0,,0.0,0.0,,1007.3,,25.0
2024-06-06,19,25.8,23.5,87.0,0.0,,286.0,1.8,,1006.5,,3.0
2024-06-06,20,25.7,23.2,86.0,0.0,,293.0,3.7,,1006.1,,3.0
2024-06-06,21,24.6,22.3,87.0,0.0,,0.0,0.0,,1005.5,,3.0
2024-06-06,22,24.6,22.3,87.0,0.3,,263.0,1.8,,1005.6,,4.0
2024-06-06,23,24.6,22.5,88.0,0.4,,263.0,1.8,,1005.6,,4.0
2024-06-07,0,25.8,23.5,87.0,0.3,,270.0,7.6,,1005.3,,4.0
2024-06-07,1,26.0,23.1,84.0,0.0,,300.0,7.0,,1010.0,,5.0
2024-06-07,2,26.0,23.1,84.0,0.0,,290.0,9.4,,1010.0,,5.0
2024-06-07,3,27.0,23.3,80.0,0.0,,269.0,3.6,,1006.6,,4.0
2024-06-07,4,28.0,22.9,74.0,0.0,,310.0,5.4,,1011.0,,3.0
2024-06-07,5,30.0,23.0,66.0,0.0,,280.0,11.0,,1011.0,,3.0
2024-06-07,6,31.8,23.6,62.0,0.0,,300.0,9.4,,1005.2,,3.0
2024-06-07,7,32.0,23.0,59.0,0.0,,330.0,7.6,,1009.0,,7.0
2024-06-07,8,32.0,22.1,56.0,0.0,,310.0,5.4,,1008.0,,8.0
2024-06-07,9,32.2,23.7,61.0,0.0,,285.0,1.8,,1002.5,,8.0
2024-06-07,10,29.0,21.0,62.0,0.0,,180.0,3.6,,1007.0,,5.0
2024-06-07,11,27.0,23.0,79.0,0.4,,170.0,3.6,,1007.0,,5.0
2024-06-07,12,28.2,22.7,72.0,0.9,,0.0,0.0,,1002.4,,25.0
2024-06-07,13,27.0,23.0,79.0,0.0,,230.0,13.0,,1008.0,,5.0
2024-06-07,14,26.0,22.1,79.0,0.0,,210.0,9.4,,1009.0,,5.0
2024-06-07,15,27.0,22.4,76.0,0.0,,230.0,7.6,,1005.3,,5.0
2024-06-07,16,25.0,22.1,84.0,0.0,,230.0,9.4,,1010.0,,5.0
2024-06-07,17,26.7,22.8,79.0,0.0,,215.0,3.7,,1005.4,,3.0
2024-06-07,18,26.2,22.5,80.0,0.0,,230.0,5.4,,1005.7,,3.0
2024-06-07,19,26.3,22.8,81.0,0.0,,228.0,3.7,,1005.0,,3.0
2024-06-07,20,26.1,22.8,82.0,0.0,,239.0,3.7,,1004.6,,3.0
2024-06-07,21,25.0,22.7,87.0,0.0,,230.0,5.4,,1004.8,,3.0
2024-06-07,22,25.6,22.3,82.0,0.0,,243.0,3.7,,1004.6,,3.0
2024-06-07,23,25.4,22.5,84.0,0.0,,242.0,3.7,,1004.6,,3.0
2024-06-08,0,24.8,23.6,93.0,0.0,,270.0,3.6,,1004.5,,3.0
2024-06-08,1,24.0,22.1,89.0,0.0,,240.0,9.4,,1005.1,,3.0
2024-06-08,2,24.0,23.0,94.0,0.0,,250.0,7.6,,1005.4,,3.0
2024-06-08,3,27.2,22.6,76.0,0.0,,270.0,7.6,,1005.5,,5.0
2024-06-08,4,26.0,24.0,89.0,0.0,,250.0,7.6,,1005.5,,7.0
2024-06-08,5,29.6,23.3,69.0,0.2,,250.0,5.5,,1005.2,,7.0
2024-06-08,6,30.8,23.2,64.0,0.0,,270.0,5.4,,1004.8,,8.0
2024-06-08,7,30.0,23.9,70.0,0.0,,220.0,14.8,,1003.9,,8.0
2024-06-08,8,30.0,23.0,66.0,0.0,,260.0,9.4,,1008.0,,18.0
2024-06-08,9,27.6,24.2,82.0,2.7,,234.0,1.8,,1003.4,,18.0
2024-06-08,10,27.0,24.1,84.0,0.5,,219.0,4.0,,1007.0,,25.0
2024-06-08,11,27.0,24.1,84.0,0.8,,219.0,1.8,,1006.0,,25.0
2024-06-08,12,26.4,25.0,92.0,2.8,,0.0,0.0,,1002.0,,5.0
2024-06-08,13,26.0,23.1,84.0,1.8,,230.0,5.4,,1007.0,,5.0
2024-06-08,14,26.0,23.1,84.0,0.0,,215.0,1.8,,1008.0,,5.0
2024-06-08,15,25.6,24.2,92.0,0.0,,180.0,5.4,,1004.7,,5.0
2024-06-08,16,24.0,20.9,83.0,0.0,,230.0,9.4,,1009.0,,5.0
2024-06-08,17,26.3,22.8,81.0,0.0,,217.0,3.7,,1004.4,,3.0
2024-06-08,18,25.0,22.5,86.0,0.0,,219.0,1.8,,1005.2,,3.0
2024-06-08,19,25.8,22.7,83.0,0.0,,226.0,3.7,,1004.3,,3.0
2024-06-08,20,25.5,22.6,84.0,0.0,,236.0,3.7,,1003.9,,3.0
2024-06-08,21,24.8,22.3,86.0,0.0,,0.0,0.0,,1003.7,,3.0
2024-06-08,22,24.7,22.4,87.0,0.0,,211.0,1.8,,1003.6,,3.0
2024-06-08,23,24.7,22.4,87.0,0.0,,211.0,1.8,,1003.5,,3.0
2024-06-09,0,25.0,22.7,87.0,0.0,,211.0,1.8,,1003.6,,3.0
2024-06-09,1,25.0,22.1,84.0,0.0,,237.0,6.0,,1008.0,,5.0
2024-06-09,2,26.0,23.1,84.0,0.0,,160.0,5.4,,1008.0,,5.0
2024-06-09,3,26.6,22.9,80.0,0.0,,180.0,7.6,,1004.2,,5.0
2024-06-09,4,28.0,24.0,79.0,0.0,,180.0,7.0,,1009.0,,5.0
2024-06-09,5,27.0,22.0,74.0,0.1,,220.0,9.4,,1009.0,,5.0
2024-06-09,6,26.4,22.7,80.0,0.2,,180.0,5.4,,1004.8,,5.0
2024-06-09,7,28.0,24.0,79.0,1.2,,190.0,9.4,,1008.0,,5.0
2024-06-09,8,29.0,23.0,70.0,0.7,,220.0,14.8,,1007.0,,5.0
2024-06-09,9,28.8,23.5,73.0,0.7,,180.0,11.2,,1002.4,,5.0
2024-06-09,10,30.0,21.9,62.0,3.4,,220.0,6.0,,1006.0,,7.0
2024-06-09,11,29.0,23.0,70.0,0.0,,210.0,11.2,,1006.0,,7.0
2024-06-09,12,29.2,22.7,68.0,0.0,,230.0,5.4,,1000.8,,7.0
2024-06-09,13,28.0,22.0,70.0,0.0,,180.0,5.4,,1006.0,,25.0
2024-06-09,14,27.0,22.0,74.0,0.0,,218.0,3.6,,1007.0,,25.0
2024-06-09,15,27.8,23.2,76.0,0.0,,0.0,0.0,,1003.4,,25.0
2024-06-09,16,27.0,23.0,79.0,0.0,,190.0,9.4,,1008.0,,3.0
2024-06-09,17,26.9,22.9,79.0,0.0,,222.0,1.8,,1003.8,,3.0
2024-06-09,18,27.0,23.0,79.0,0.0,,180.0,5.4,,1003.7,,3.0
2024-06-09,19,26.2,22.9,82.0,0.0,,229.0,3.7,,1003.7,,3.0
2024-06-09,20,25.9,22.8,83.0,0.0,,238.0,3.7,,1003.3,,3.0
2024-06-09,21,26.0,23.1,84.0,0.0,,0.0,0.0,,1003.4,,3.0
2024-06-09,22,25.7,23.0,85.0,0.0,,245.0,0.0,,1003.4,,3.0
2024-06-09,23,25.4,22.9,86.0,0.0,,202.0,1.8,,1003.4,,3.0
2024-06-10,0,25.5,22.6,84.0,0.0,,270.0,5.4,,1003.5,,3.0
2024-06-10,1,25.0,22.1,84.0,0.0,,300.0,7.6,,1008.0,,5.0
2024-06-10,2,26.0,22.1,79.0,0.0,,300.0,9.4,,1008.0,,5.0
2024-06-10,3,26.2,23.3,84.0,0.0,,270.0,5.4,,1004.4,,5.0
2024-06-10,4,27.0,22.0,74.0,0.0,,310.0,11.2,,1008.0,,5.0
2024-06-10,5,29.0,22.0,66.0,0.0,,270.0,7.0,,1008.0,,5.0
2024-06-10,6,30.2,22.9,65.0,0.0,,290.0,5.4,,1003.4,,5.0
2024-06-10,7,30.0,21.9,62.0,0.1,,190.0,9.4,,1007.0,,8.0
2024-06-10,8,31.0,22.1,59.0,1.8,,270.0,11.2,,1007.0,,5.0
2024-06-10,9,33.4,21.9,51.0,1.4,,270.0,9.4,,1000.6,,5.0
2024-06-10,10,32.0,22.1,56.0,0.3,,270.0,19.0,,1005.0,,5.0
2024-06-10,11,31.0,22.1,59.0,8.4,,250.0,11.2,,1005.0,,5.0
2024-06-10,12,31.0,22.1,59.0,0.0,,270.0,9.4,,1000.6,,5.0
2024-06-10,13,29.0,22.0,66.0,0.0,,250.0,16.6,,1006.0,,5.0
2024-06-10,14,27.0,21.1,70.0,0.0,,310.0,7.6,,1008.0,,5.0
2024-06-10,15,28.0,22.0,70.0,0.6,,270.0,5.4,,1004.0,,5.0
2024-06-10,16,26.0,22.1,79.0,0.0,,240.0,13.0,,1009.0,,5.0
2024-06-10,17,27.0,22.2,75.0,0.3,,272.0,5.5,,1004.5,,7.0
2024-06-10,18,26.5,22.6,79.0,0.7,,270.0,3.6,,1004.9,,7.0
2024-06-10,19,26.2,22.3,79.0,1.1,,277.0,5.5,,1004.4,,7.0
2024-06-10,20,25.9,22.2,80.0,0.5,,282.0,5.5,,1004.0,,7.0
2024-06-10,21,25.6,22.7,84.0,0.1,,287.0,1.8,,1004.3,,4.0
2024-06-10,22,25.4,22.7,85.0,0.0,,278.0,1.8,,1004.2,,7.0
2024-06-10,23,25.2,22.5,85.0,0.0,,278.0,3.7,,1004.1,,7.0
2024-06-11,0,25.2,21.7,81.0,0.0,,270.0,7.6,,1004.0,,7.0
2024-06-11,1,25.0,22.1,84.0,0.0,,270.0,17.0,,1009.0,,5.0
2024-06-11,2,25.0,22.1,84.0,0.0,,270.0,14.8,,1009.0,,5.0
2024-06-11,3,25.6,22.7,84.0,0.0,,270.0,5.4,,1005.8,,5.0
2024-06-11,4,26.0,22.1,79.0,0.1,,280.0,11.2,,1010.0,,5.0
2024-06-11,5,27.0,22.0,74.0,0.1,,280.0,16.6,,1009.0,,5.0
2024-06-11,6,28.0,22.9,74.0,0.1,,270.0,7.6,,1004.7,,5.0
2024-06-11,7,28.0,22.9,74.0,0.0,,260.0,14.8,,1008.0,,5.0
2024-06-11,8,30.0,23.0,66.0,0.2,,300.0,13.0,,1007.0,,5.0
2024-06-11,9,31.0,23.7,65.0,0.1,,270.0,5.4,,1002.3,,5.0
2024-06-11,10,30.0,23.0,66.0,6.5,,230.0,14.8,,1006.0,,5.0
2024-06-11,11,29.0,23.0,70.0,4.4,,230.0,11.2,,1005.0,,5.0
2024-06-11,12,30.2,22.9,65.0,0.2,,240.0,14.8,,1001.2,,5.0
2024-06-11,13,25.0,22.1,84.0,0.1,,350.0,16.6,,1007.0,,8.0
2024-06-11,14,23.0,22.0,94.0,0.1,,250.0,7.6,,1008.0,,7.0
2024-06-11,15,25.0,22.9,88.0,0.0,,290.0,11.2,,1004.0,,3.0
2024-06-11,16,24.0,22.1,89.0,0.0,,280.0,13.0,,1004.3,,25.0
2024-06-11,17,25.3,22.6,85.0,0.0,,270.0,5.5,,1004.5,,25.0
2024-06-11,18,24.2,21.9,87.0,0.0,,230.0,5.4,,1005.1,,4.0
2024-06-11,19,25.4,22.5,84.0,0.0,,274.0,5.5,,1004.5,,3.0
2024-06-11,20,25.3,22.4,84.0,0.0,,277.0,5.5,,1004.3,,3.0
2024-06-11,21,25.0,22.1,84.0,0.0,,230.0,5.4,,1004.4,,3.0
2024-06-11,22,24.9,22.0,84.0,0.0,,239.0,5.5,,1004.5,,7.0
2024-06-11,23,24.7,22.0,85.0,0.0,,249.0,5.5,,1004.6,,7.0
2024-06-12,0,24.6,22.3,87.0,0.0,,290.0,5.4,,1005.9,,7.0
2024-06-12,1,25.0,22.1,84.0,0.0,,264.0,5.5,,1005.1,,7.0
2024-06-12,2,25.0,22.1,84.0,0.0,,290.0,13.0,,1005.6,,7.0
2024-06-12,3,26.8,22.9,79.0,0.0,,320.0,11.2,,1006.6,,3.0
2024-06-12,4,27.0,22.0,74.0,0.0,,300.0,16.6,,1006.2,,3.0
2024-06-12,5,28.0,22.9,74.0,0.1,,270.0,25.9,,1005.8,,3.0
2024-06-12,6,28.8,23.0,71.0,0.0,,290.0,9.4,,1005.9,,3.0
2024-06-12,7,29.0,22.0,66.0,0.0,,300.0,16.6,,1004.4,,3.0
2024-06-12,8,30.0,23.0,66.0,0.0,,300.0,16.6,,1003.5,,3.0
2024-06-12,9,31.6,22.6,59.0,0.0,,290.0,5.4,,1003.1,,3.0
2024-06-12,10,31.0,23.1,63.0,0.2,,270.0,18.4,,1007.0,,5.0
2024-06-12,11,32.0,22.1,56.0,0.8,,280.0,9.4,,1007.0,,5.0
2024-06-12,12,32.0,22.7,58.0,0.0,,290.0,3.6,,1002.6,,5.0
2024-06-12,13,30.0,21.9,62.0,0.0,,290.0,9.4,,1008.0,,5.0
2024-06-12,14,30.0,21.9,62.0,0.0,,240.0,14.8,,1009.0,,5.0
2024-06-12,15,29.4,22.4,66.0,0.0,,270.0,5.4,,1005.2,,5.0
2024-06-12,16,28.0,22.9,74.0,0.0,,250.0,18.4,,1010.0,,5.0
2024-06-12,17,27.5,22.2,73.0,0.0,,270.0,5.5,,1006.0,,8.0
2024-06-12,18,27.0,22.6,77.0,0.0,,270.0,7.6,,1006.4,,7.0
2024-06-12,19,26.6,22.0,76.0,0.0,,278.0,5.5,,1006.0,,3.0
2024-06-12,20,26.2,21.8,77.0,0.0,,282.0,5.5,,1005.6,,3.0
2024-06-12,21,25.6,22.1,81.0,0.0,,270.0,7.6,,1005.5,,3.0
2024-06-12,22,25.3,22.2,83.0,0.0,,272.0,7.4,,1005.5,,3.0
2024-06-12,23,25.1,22.0,83.0,0.0,,274.0,7.4,,1005.6,,3.0
2024-06-13,0,25.0,22.1,84.0,0.0,,270.0,5.4,,1005.9,,3.0
2024-06-13,1,25.3,22.2,83.0,0.0,,280.0,9.3,,1006.1,,3.0
2024-06-13,2,26.0,22.1,79.0,0.0,,260.0,22.3,,1006.5,,3.0
2024-06-13,3,27.8,23.2,76.0,0.0,,290.0,5.4,,1006.2,,3.0
2024-06-13,4,29.0,22.0,66.0,0.0,,310.0,18.4,,1006.0,,2.0
2024-06-13,5,30.0,23.0,66.0,0.0,,260.0,18.4,,1005.7,,2.0
2024-06-13,6,31.4,23.2,62.0,0.0,,320.0,5.4,,1005.2,,2.0
2024-06-13,7,32.0,23.0,59.0,0.0,,270.0,16.6,,1004.6,,7.0
2024-06-13,8,33.0,23.1,56.0,0.0,,290.0,14.8,,1003.7,,8.0
2024-06-13,9,33.2,23.8,58.0,0.0,,310.0,14.8,,1002.5,,8.0
2024-06-13,10,29.0,23.0,70.0,1.4,,140.0,14.8,,1002.3,,25.0
2024-06-13,11,27.0,26.0,94.0,0.2,,210.0,5.4,,1007.0,,5.0
2024-06-13,12,27.6,24.5,83.0,0.0,,180.0,5.4,,1002.4,,5.0
2024-06-13,13,28.0,22.0,70.0,0.0,,210.0,11.2,,1008.0,,5.0
2024-06-13,14,28.0,21.1,66.0,0.1,,250.0,9.4,,1010.0,,5.0
2024-06-13,15,27.6,22.3,73.0,1.2,,270.0,7.6,,1005.8,,5.0
2024-06-13,16,27.7,22.6,74.0,0.4,,251.0,5.5,,1005.5,,3.0
2024-06-13,17,27.3,22.7,76.0,0.3,,254.0,5.5,,1005.8,,3.0
2024-06-13,18,26.0,22.3,80.0,0.0,,270.0,11.2,,1006.3,,3.0
2024-06-13,19,26.5,22.6,79.0,0.0,,263.0,5.5,,1005.6,,3.0
2024-06-13,20,26.1,22.4,80.0,0.0,,271.0,5.5,,1005.1,,3.0
2024-06-13,21,25.0,21.7,82.0,0.4,,270.0,5.4,,1004.1,,3.0
2024-06-13,22,24.8,21.7,83.0,0.0,,272.0,5.5,,1004.2,,3.0
2024-06-13,23,24.7,21.8,84.0,0.0,,274.0,7.4,,1004.2,,3.0
2024-06-14,0,24.6,21.5,83.0,0.0,,270.0,14.8,,1005.2,,3.0
2024-06-14,1,26.0,22.1,79.0,0.0,,270.0,19.0,,1009.0,,5.0
2024-06-14,2,26.0,22.1,79.0,0.0,,270.0,16.6,,1010.0,,5.0
2024-06-14,3,27.8,22.5,73.0,0.0,,270.0,7.6,,1005.1,,5.0
2024-06-14,4,28.0,22.0,70.0,0.0,,270.0,18.4,,1010.0,,8.0
2024-06-14,5,29.0,22.0,66.0,0.0,,260.0,22.3,,1010.0,,8.0
2024-06-14,6,30.4,23.3,66.0,0.3,,270.0,9.4,,1005.0,,8.0
2024-06-14,7,30.0,23.0,66.0,0.2,,250.0,18.4,,1009.0,,8.0
2024-06-14,8,31.0,22.1,59.0,0.1,,270.0,16.6,,1008.0,,18.0
2024-06-14,9,32.2,23.2,59.0,1.2,,270.0,5.4,,1002.3,,18.0
2024-06-14,10,32.0,22.1,56.0,6.5,,270.0,11.2,,1007.0,,18.0
2024-06-14,11,32.0,22.1,56.0,0.1,,270.0,22.3,,1007.0,,25.0
2024-06-14,12,31.4,23.0,61.0,0.1,,270.0,7.6,,1002.0,,25.0
2024-06-14,13,30.0,21.9,62.0,0.0,,320.0,7.6,,1008.0,,25.0
2024-06-14,14,29.0,23.0,70.0,0.0,,263.0,3.6,,1009.0,,3.0
2024-06-14,15,30.0,23.2,67.0,0.0,,290.0,3.6,,1004.3,,3.0
2024-06-14,16,29.0,22.0,66.0,0.0,,300.0,5.4,,1010.0,,4.0
2024-06-14,17,28.6,22.8,71.0,0.0,,278.0,5.5,,1005.0,,3.0
2024-06-14,18,28.6,22.6,70.0,0.0,,270.0,3.6,,1005.2,,3.0
2024-06-14,19,27.5,22.5,74.0,0.0,,279.0,5.5,,1005.0,,3.0
2024-06-14,20,27.0,22.4,76.0,0.0,,284.0,5.5,,1004.6,,3.0
2024-06-14,21,26.7,22.1,76.0,0.0,,270.0,3.6,,1003.7,,3.0
2024-06-14,22,26.4,22.0,77.0,0.0,,272.0,5.5,,1003.8,,3.0
2024-06-14,23,25.9,22.0,79.0,0.0,,273.0,7.4,,1003.9,,3.0
2024-06-15,0,25.4,21.7,80.0,0.0,,290.0,7.6,,1003.8,,3.0
2024-06-15,1,25.0,22.1,84.0,0.0,,270.0,19.0,,1009.0,,3.0
2024-06-15,2,26.0,22.1,79.0,0.0,,270.0,22.0,,1009.0,,3.0
2024-06-15,3,27.0,22.4,76.0,0.0,,270.0,7.6,,1005.4,,3.0
2024-06-15,4,29.0,22.0,66.0,0.0,,270.0,18.4,,1009.0,,3.0
2024-06-15,5,30.0,21.9,62.0,0.0,,270.0,24.1,,1009.0,,3.0
2024-06-15,6,31.4,22.1,58.0,0.0,,270.0,7.6,,1003.8,,3.0
2024-06-15,7,32.0,22.1,56.0,0.0,,270.0,18.4,,1008.0,,3.0
2024-06-15,8,32.0,20.9,52.0,0.0,,290.0,18.4,,1007.0,,3.0
2024-06-15,9,33.2,20.7,48.0,0.0,,270.0,7.6,,1002.1,,3.0
2024-06-15,10,33.0,20.9,49.0,0.9,,280.0,16.6,,1006.0,,18.0
2024-06-15,11,33.0,19.8,46.0,0.7,,250.0,19.0,,1006.0,,18.0
2024-06-15,12,33.4,20.2,46.0,0.0,,270.0,9.4,,1000.6,,18.0
2024-06-15,13,32.0,20.0,49.0,0.0,,260.0,16.6,,1007.0,,3.0
2024-06-15,14,32.0,20.0,49.0,0.0,,250.0,18.4,,1008.0,,3.0
2024-06-15,15,31.2,20.5,53.0,0.0,,250.0,14.8,,1002.9,,3.0
2024-06-15,16,31.0,20.0,52.0,0.0,,250.0,13.0,,1009.0,,3.0
2024-06-15,17,29.6,21.0,60.0,0.0,,270.0,5.5,,1003.9,,3.0
2024-06-15,18,29.6,20.7,59.0,0.0,,270.0,7.6,,1004.3,,3.0
2024-06-15,19,28.2,21.2,66.0,0.0,,272.0,5.5,,1004.2,,3.0
2024-06-15,20,27.7,21.3,68.0,0.0,,273.0,5.5,,1004.0,,3.0
2024-06-15,21,27.8,21.4,68.0,0.0,,270.0,5.4,,1003.8,,3.0
2024-06-15,22,27.2,21.5,71.0,0.0,,271.0,5.5,,1004.0,,3.0
2024-06-15,23,26.6,21.4,73.0,0.0,,271.0,7.4,,1004.3,,3.0
2024-06-16,0,26.8,21.1,71.0,0.0,,270.0,9.4,,1004.9,,3.0
2024-06-16,1,27.0,21.1,70.0,0.0,,300.0,11.0,,1011.0,,3.0
2024-06-16,2,26.0,21.0,74.0,0.0,,280.0,20.5,,1011.0,,3.0
2024-06-16,3,27.4,21.9,72.0,0.0,,290.0,11.2,,1006.7,,3.0
2024-06-16,4,28.0,21.1,66.0,0.0,,270.0,18.4,,1011.0,,3.0
2024-06-16,5,29.0,22.0,66.0,0.0,,260.0,14.8,,1010.0,,7.0
2024-06-16,6,31.8,22.2,57.0,0.0,,270.0,9.4,,1005.2,,7.0
2024-06-16,7,32.0,20.9,52.0,0.0,,290.0,13.0,,1009.0,,7.0
2024-06-16,8,33.0,20.9,49.0,0.0,,270.0,13.0,,1008.0,,7.0
2024-06-16,9,33.8,21.6,49.0,0.0,,230.0,7.6,,1002.6,,7.0
2024-06-16,10,33.0,20.9,49.0,0.0,,230.0,11.2,,1007.0,,4.0
2024-06-16,11,34.0,21.1,47.0,0.0,,250.0,5.4,,1006.0,,4.0
2024-06-16,12,33.6,22.1,51.0,0.0,,240.0,5.4,,1000.7,,4.0
2024-06-16,13,33.0,20.9,49.0,0.0,,250.0,7.6,,1007.0,,5.0
2024-06-16,14,31.0,20.9,55.0,0.0,,190.0,9.4,,1008.0,,5.0
2024-06-16,15,31.2,22.0,58.0,0.0,,180.0,5.4,,1003.9,,5.0
2024-06-16,16,31.0,20.0,52.0,0.0,,210.0,5.4,,1009.0,,7.0
2024-06-16,17,29.5,22.0,64.0,0.0,,196.0,5.5,,1004.6,,7.0
2024-06-16,18,29.6,22.3,65.0,0.0,,212.0,3.6,,1005.0,,4.0
2024-06-16,19,28.3,21.8,68.0,0.0,,225.0,3.7,,1004.6,,4.0
2024-06-16,20,27.8,21.8,70.0,0.0,,238.0,3.7,,1004.3,,3.0
2024-06-16,21,26.6,22.7,79.0,0.0,,250.0,3.6,,1004.0,,3.0
2024-06-16,22,26.4,22.5,79.0,0.0,,258.0,3.7,,1004.2,,4.0
2024-06-16,23,26.1,22.2,79.0,0.0,,258.0,3.7,,1004.4,,4.0
2024-06-17,0,27.0,22.6,77.0,0.0,,258.0,3.6,,1005.1,,4.0
2024-06-17,1,26.0,22.1,79.0,0.0,,250.0,13.0,,1010.0,,5.0
2024-06-17,2,27.0,22.0,74.0,0.0,,260.0,7.6,,1005.4,,3.0
2024-06-17,3,28.6,22.8,71.0,0.0,,270.0,3.6,,1005.6,,3.0
2024-06-17,4,30.0,21.9,62.0,0.0,,270.0,5.4,,1005.2,,3.0
2024-06-17,5,31.0,22.1,59.0,0.0,,280.0,13.0,,1004.9,,3.0
2024-06-17,6,32.6,23.3,58.0,0.0,,220.0,7.6,,1004.3,,3.0
2024-06-17,7,33.0,22.2,53.0,0.0,,260.0,9.4,,1009.0,,3.0
2024-06-17,8,33.0,22.2,53.0,0.0,,265.0,5.4,,1008.0,,3.0
2024-06-17,9,35.6,22.6,47.0,0.0,,268.0,3.6,,1002.1,,3.0
2024-06-17,10,32.0,20.9,52.0,0.0,,220.0,33.5,,1006.0,,3.0
2024-06-17,11,25.0,23.1,89.0,0.4,,190.0,14.8,,1001.4,,3.0
2024-06-17,12,24.8,23.0,90.0,0.0,,0.0,0.0,,1004.0,,25.0
2024-06-17,13,25.0,24.0,94.0,0.0,,226.0,5.4,,1002.2,,3.0
2024-06-17,14,26.0,23.1,84.0,0.0,,224.0,1.8,,1003.3,,3.0
2024-06-17,15,25.8,24.9,95.0,0.0,,0.0,0.0,,1005.7,,3.0
2024-06-17,16,26.0,24.0,89.0,0.0,,233.0,3.6,,1005.4,,25.0
2024-06-17,17,25.6,22.7,84.0,0.0,,241.0,3.7,,1005.5,,3.0
2024-06-17,18,26.0,24.6,92.0,0.0,,0.0,0.0,,1006.1,,3.0
2024-06-17,19,26.0,22.7,82.0,0.0,,253.0,3.7,,1005.2,,3.0
2024-06-17,20,26.1,22.8,82.0,0.0,,259.0,3.7,,1004.8,,3.0
2024-06-17,21,26.0,24.6,92.0,0.0,,0.0,0.0,,1004.5,,3.0
2024-06-17,22,25.9,24.1,90.0,0.0,,269.0,1.8,,1004.6,,3.0
2024-06-17,23,25.8,23.7,88.0,0.0,,269.0,1.8,,1004.6,,3.0
2024-06-18,0,25.8,23.5,87.0,0.0,,269.0,1.8,,1004.7,,3.0
2024-06-18,1,26.0,23.1,84.0,0.0,,240.0,15.0,,1009.0,,3.0
2024-06-18,2,27.0,23.0,79.0,0.0,,270.0,9.4,,1009.0,,3.0
2024-06-18,3,28.2,23.3,75.0,0.0,,290.0,5.4,,1005.6,,3.0
2024-06-18,4,29.0,24.1,75.0,0.0,,260.0,13.0,,1010.0,,2.0
2024-06-18,5,30.0,23.0,66.0,0.0,,300.0,11.2,,1009.0,,2.0
2024-06-18,6,31.6,24.5,66.0,0.0,,270.0,7.6,,1004.3,,3.0
2024-06-18,7,32.0,23.0,59.0,0.0,,250.0,14.8,,1008.0,,3.0
2024-06-18,8,33.0,23.1,56.0,0.0,,270.0,11.2,,1007.0,,3.0
2024-06-18,9,33.8,23.2,54.0,0.0,,270.0,5.4,,1001.8,,3.0
2024-06-18,10,33.0,23.1,56.0,0.0,,250.0,22.3,,1005.0,,3.0
2024-06-18,11,33.0,20.9,49.0,0.0,,270.0,20.5,,1005.0,,3.0
2024-06-18,12,33.6,22.4,52.0,0.0,,270.0,7.6,,1000.1,,3.0
2024-06-18,13,32.0,20.9,52.0,0.0,,230.0,13.0,,1006.0,,3.0
2024-06-18,14,31.0,20.9,55.0,0.0,,250.0,11.2,,1007.0,,3.0
2024-06-18,15,31.2,21.7,57.0,0.0,,270.0,5.4,,1001.8,,18.0
2024-06-18,16,30.0,21.1,59.0,0.0,,260.0,5.4,,1007.0,,3.0
2024-06-18,17,29.6,22.3,65.0,0.0,,267.0,5.5,,1003.2,,3.0
2024-06-18,18,30.0,22.7,65.0,0.0,,0.0,0.0,,1003.3,,3.0
2024-06-18,19,28.2,22.4,71.0,0.0,,266.0,5.5,,1003.7,,3.0
2024-06-18,20,27.7,22.4,73.0,0.0,,267.0,5.5,,1003.5,,3.0
2024-06-18,21,29.0,21.5,64.0,0.0,,270.0,7.6,,1002.4,,3.0
2024-06-18,22,28.3,21.6,67.0,0.0,,270.0,7.4,,1002.6,,2.0
2024-06-18,23,27.5,21.8,71.0,0.0,,270.0,7.4,,1002.8,,2.0
2024-06-19,0,27.2,21.7,72.0,0.0,,270.0,9.4,,1002.5,,2.0
2024-06-19,1,26.0,21.0,74.0,0.0,,250.0,19.0,,1008.0,,3.0
2024-06-19,2,26.0,21.0,74.0,0.0,,250.0,15.0,,1008.0,,3.0
2024-06-19,3,27.0,22.2,75.0,0.0,,270.0,7.6,,1004.7,,5.0
2024-06-19,4,27.0,21.1,70.0,0.0,,260.0,14.8,,1009.0,,5.0
2024-06-19,5,28.0,21.1,66.0,0.0,,260.0,20.5,,1009.0,,5.0
2024-06-19,6,28.6,22.4,69.0,0.0,,270.0,5.4,,1004.3,,5.0
2024-06-19,7,30.0,21.9,62.0,0.0,,250.0,16.6,,1007.0,,5.0
2024-06-19,8,31.0,22.1,59.0,0.0,,260.0,14.8,,1006.0,,5.0
2024-06-19,9,32.4,21.6,53.0,0.3,,270.0,7.6,,1000.7,,5.0
2024-06-19,10,32.0,20.9,52.0,0.0,,240.0,15.0,,1004.0,,4.0
2024-06-19,11,32.0,20.9,52.0,0.0,,240.0,14.8,,1004.0,,3.0
2024-06-19,12,32.6,20.8,50.0,0.0,,270.0,9.4,,999.5,,3.0
2024-06-19,13,31.0,20.0,52.0,0.0,,240.0,16.6,,1005.0,,3.0
2024-06-19,14,31.0,20.0,52.0,0.0,,230.0,11.2,,1006.0,,3.0
2024-06-19,15,31.0,20.9,55.0,0.3,,270.0,7.6,,1000.8,,3.0
2024-06-19,16,30.0,20.0,55.0,0.0,,220.0,14.8,,1007.0,,3.0
2024-06-19,17,30.0,21.1,59.0,0.0,,250.0,16.6,,1007.0,,3.0
2024-06-19,18,29.6,21.3,61.0,0.0,,250.0,7.6,,1002.3,,3.0
2024-06-19,19,27.6,21.9,71.0,0.0,,265.0,5.5,,1002.9,,3.0
2024-06-19,20,27.1,21.8,73.0,0.0,,267.0,7.4,,1002.6,,3.0
2024-06-19,21,28.0,21.5,68.0,0.0,,270.0,7.6,,1001.7,,3.0
2024-06-19,22,27.5,21.5,70.0,0.0,,270.0,7.4,,1001.9,,3.0
2024-06-19,23,27.0,21.5,72.0,0.0,,269.0,9.3,,1002.1,,3.0
2024-06-20,0,25.4,21.7,80.0,0.0,,270.0,9.4,,1002.5,,3.0
2024-06-20,1,26.0,21.0,74.0,0.0,,260.0,20.0,,1008.0,,3.0
2024-06-20,2,26.0,21.0,74.0,0.0,,260.0,22.3,,1008.0,,3.0
2024-06-20,3,27.2,21.5,71.0,0.0,,270.0,11.2,,1004.1,,3.0
2024-06-20,4,28.0,21.1,66.0,0.0,,260.0,27.7,,1009.0,,3.0
2024-06-20,5,30.0,21.1,59.0,0.0,,270.0,22.3,,1008.0,,3.0
2024-06-20,6,31.6,20.9,53.0,0.0,,270.0,11.2,,1003.3,,3.0
2024-06-20,7,32.0,20.0,49.0,0.1,,240.0,22.3,,1007.0,,3.0
2024-06-20,8,32.0,20.0,49.0,0.0,,250.0,18.4,,1006.0,,3.0
2024-06-20,9,33.2,18.6,42.0,0.0,,270.0,7.6,,1000.4,,3.0
2024-06-20,10,33.0,19.1,44.0,0.0,,250.0,22.3,,1005.0,,3.0
2024-06-20,11,33.0,19.1,44.0,0.0,,250.0,20.0,,1004.0,,3.0
2024-06-20,12,33.4,19.5,44.0,0.0,,270.0,5.4,,998.6,,3.0
2024-06-20,13,33.0,18.0,41.0,0.0,,250.0,13.0,,1005.0,,3.0
2024-06-20,14,32.0,17.9,43.0,0.0,,250.0,14.8,,1006.0,,7.0
2024-06-20,15,31.4,20.1,51.0,0.5,,270.0,5.4,,1001.0,,7.0
2024-06-20,16,31.0,19.0,49.0,0.1,,230.0,13.0,,1007.0,,7.0
2024-06-20,17,28.7,20.7,62.0,0.1,,260.0,7.4,,1002.9,,7.0
2024-06-20,18,29.2,20.9,61.0,0.0,,270.0,11.2,,1002.6,,7.0
2024-06-20,19,27.6,20.9,67.0,0.0,,263.0,7.4,,1003.0,,3.0
2024-06-20,20,27.1,21.2,70.0,0.0,,265.0,7.4,,1002.7,,3.0
2024-06-20,21,27.0,21.5,72.0,0.0,,270.0,7.6,,1002.7,,3.0
2024-06-20,22,26.5,21.5,74.0,0.0,,270.0,7.4,,1002.7,,3.0
2024-06-20,23,26.1,21.3,75.0,0.0,,269.0,9.3,,1002.8,,3.0
2024-06-21,0,25.2,21.5,80.0,0.0,,270.0,9.4,,1003.3,,3.0
2024-06-21,1,25.0,21.1,79.0,0.0,,250.0,22.0,,1008.0,,3.0
2024-06-21,2,26.0,21.0,74.0,0.0,,250.0,18.4,,1008.0,,3.0
2024-06-21,3,27.0,21.7,73.0,0.0,,270.0,7.6,,1004.1,,3.0
2024-06-21,4,29.0,22.0,66.0,0.0,,270.0,16.6,,1008.0,,3.0
2024-06-21,5,29.0,22.0,66.0,0.0,,250.0,22.3,,1008.0,,3.0
2024-06-21,6,30.6,22.2,61.0,0.0,,290.0,5.4,,1002.6,,3.0
2024-06-21,7,30.0,21.9,62.0,0.0,,270.0,16.6,,1006.0,,3.0
2024-06-21,8,31.0,22.1,59.0,0.0,,260.0,14.8,,1006.0,,3.0
2024-06-21,9,30.0,21.9,62.0,0.0,,250.0,22.3,,1005.0,,3.0
2024-06-21,10,31.0,22.1,59.0,0.0,,260.0,25.9,,1004.0,,5.0
2024-06-21,11,31.0,20.9,55.0,0.0,,260.0,22.3,,1004.0,,5.0
2024-06-21,12,29.8,22.8,66.0,0.0,,270.0,7.6,,1000.1,,5.0
2024-06-21,13,28.0,22.0,70.0,0.0,,340.0,9.4,,1004.0,,5.0
2024-06-21,14,28.0,22.9,74.0,0.0,,180.0,5.4,,1006.0,,5.0
2024-06-21,15,28.8,22.3,68.0,0.0,,230.0,5.4,,1001.6,,5.0
2024-06-21,16,28.0,21.1,66.0,0.0,,220.0,11.2,,1007.0,,5.0
2024-06-21,17,28.0,21.1,66.0,0.0,,220.0,14.8,,1007.0,,5.0
2024-06-21,18,28.4,21.4,66.0,0.0,,270.0,9.4,,1002.0,,3.0
2024-06-21,19,26.7,21.9,75.0,0.0,,241.0,7.4,,1002.0,,3.0
2024-06-21,20,26.3,21.7,76.0,0.2,,245.0,7.4,,1001.6,,3.0
2024-06-21,21,27.0,21.7,73.0,0.3,,270.0,9.4,,1001.6,,3.0
2024-06-21,22,26.6,21.8,75.0,0.5,,268.0,9.3,,1001.5,,7.0
2024-06-21,23,26.1,21.8,77.0,0.4,,267.0,9.3,,1001.3,,7.0
2024-06-22,0,25.4,21.9,81.0,0.1,,270.0,5.4,,1001.1,,7.0
2024-06-22,1,26.0,22.1,79.0,0.0,,290.0,9.0,,1006.0,,7.0
2024-06-22,2,26.0,22.1,79.0,0.0,,280.0,14.8,,1007.0,,5.0
2024-06-22,3,26.8,22.4,77.0,0.0,,250.0,11.2,,1002.6,,5.0
2024-06-22,4,27.8,22.5,73.0,0.0,,276.0,7.4,,1002.2,,4.0
2024-06-22,5,29.0,22.5,68.0,0.0,,279.0,7.4,,1002.0,,4.0
2024-06-22,6,30.2,22.9,65.0,0.0,,320.0,9.4,,1001.2,,4.0
2024-06-22,7,30.6,22.8,63.0,0.0,,282.0,7.4,,1000.9,,4.0
2024-06-22,8,31.2,22.8,61.0,0.0,,282.0,7.4,,1000.1,,4.0
2024-06-22,9,31.8,22.8,59.0,0.0,,282.0,7.4,,999.3,,4.0
2024-06-22,10,31.2,22.5,60.0,0.0,,292.0,5.5,,998.6,,4.0
2024-06-22,11,30.9,22.2,60.0,0.0,,286.0,5.5,,998.4,,4.0
2024-06-22,12,30.5,22.1,61.0,0.0,,279.0,5.5,,998.2,,4.0
2024-06-22,13,29.8,22.3,64.0,0.6,,273.0,3.7,,999.0,,4.0
2024-06-22,14,29.0,22.3,67.0,0.6,,263.0,3.7,,999.9,,3.0
2024-06-22,15,28.4,21.7,67.0,0.1,,248.0,3.6,,1000.8,,3.0
2024-06-22,16,27.9,21.9,70.0,0.2,,298.0,3.7,,1001.1,,8.0
2024-06-22,17,27.4,22.1,73.0,0.3,,298.0,3.7,,1001.4,,8.0
2024-06-22,18,25.8,23.5,87.0,0.3,,298.0,1.8,,1001.8,,8.0
2024-06-22,19,26.5,22.4,78.0,0.1,,296.0,3.7,,1001.3,,7.0
2024-06-22,20,26.2,22.3,79.0,0.2,,294.0,3.7,,1001.0,,3.0
2024-06-22,21,25.6,23.1,86.0,0.0,,293.0,1.8,,1001.4,,3.0
2024-06-22,22,25.5,22.8,85.0,0.0,,257.0,1.8,,1001.3,,8.0
2024-06-22,23,25.3,22.6,85.0,0.0,,257.0,3.7,,1001.1,,8.0
2024-06-23,0,25.2,22.7,86.0,0.0,,257.0,1.8,,1000.8,,7.0
2024-06-23,1,25.6,22.5,83.0,0.0,,256.0,3.7,,1001.3,,7.0
2024-06-23,2,26.1,22.8,82.0,0.0,,254.0,3.7,,1001.5,,4.0
2024-06-23,3,26.8,23.1,80.0,0.0,,270.0,5.4,,1002.0,,5.0
2024-06-23,4,27.9,23.3,76.0,0.0,,275.0,5.5,,1001.7,,3.0
2024-06-23,5,28.9,23.3,72.0,0.2,,281.0,5.5,,1001.4,,3.0
2024-06-23,6,29.4,22.9,68.0,0.0,,270.0,5.4,,1001.0,,3.0
2024-06-23,7,30.5,23.4,66.0,0.0,,282.0,3.7,,1000.3,,3.0
2024-06-23,8,31.0,22.1,59.0,0.3,,290.0,9.4,,1003.0,,5.0
2024-06-23,9,32.2,23.2,59.0,0.2,,280.0,1.8,,997.9,,5.0
2024-06-23,10,32.0,23.0,59.0,0.0,,250.0,7.6,,1002.0,,5.0
2024-06-23,11,28.0,22.0,70.0,0.0,,320.0,7.0,,1002.0,,5.0
2024-06-23,12,29.4,22.6,67.0,0.0,,250.0,7.6,,997.9,,5.0
2024-06-23,13,24.0,23.0,94.0,0.2,,224.0,4.0,,1003.0,,5.0
2024-06-23,14,29.5,22.5,66.0,0.0,,218.0,1.8,,998.6,,3.0
2024-06-23,15,24.8,23.6,93.0,0.0,,0.0,0.0,,1000.7,,3.0
2024-06-23,16,25.0,23.4,91.0,0.0,,208.0,0.0,,1000.8,,8.0
2024-06-23,17,25.1,23.3,90.0,0.0,,215.0,1.8,,1000.9,,7.0
2024-06-23,18,25.2,23.3,89.0,0.0,,0.0,0.0,,1001.8,,4.0
2024-06-23,19,25.4,23.1,87.0,0.0,,210.0,1.8,,1000.6,,4.0
2024-06-23,20,25.4,22.9,86.0,0.0,,208.0,1.8,,1000.3,,3.0
2024-06-23,21,25.0,22.7,87.0,0.0,,0.0,0.0,,1000.5,,3.0
2024-06-23,22,24.9,22.6,87.0,0.0,,223.0,0.0,,1000.4,,3.0
2024-06-23,23,24.9,22.6,87.0,0.0,,223.0,1.8,,1000.4,,3.0
2024-06-24,0,25.2,22.1,83.0,0.0,,223.0,3.6,,1000.0,,3.0
2024-06-24,1,26.0,21.0,74.0,0.0,,240.0,15.0,,1005.0,,5.0
2024-06-24,2,26.1,22.8,82.0,0.0,,249.0,3.7,,1000.9,,3.0
2024-06-24,3,27.2,21.5,71.0,0.0,,250.0,7.6,,1001.4,,5.0
2024-06-24,4,27.0,21.1,70.0,0.0,,230.0,18.4,,1006.0,,3.0
2024-06-24,5,28.0,22.0,70.0,0.0,,230.0,14.8,,1006.0,,3.0
2024-06-24,6,29.4,21.6,63.0,0.0,,250.0,5.4,,1000.6,,3.0
2024-06-24,7,31.0,22.1,59.0,0.0,,233.0,11.0,,1004.0,,3.0
2024-06-24,8,31.0,22.1,59.0,0.0,,237.0,5.4,,1004.0,,3.0
2024-06-24,9,32.2,22.0,55.0,0.0,,260.0,9.4,,998.1,,3.0
2024-06-24,10,31.0,22.1,59.0,0.0,,240.0,9.0,,1002.0,,3.0
2024-06-24,11,31.0,20.9,55.0,0.0,,210.0,9.0,,1002.0,,3.0
2024-06-24,12,31.0,21.2,56.0,0.0,,227.0,3.6,,997.6,,3.0
2024-06-24,13,30.6,21.7,59.0,0.0,,227.0,3.7,,997.3,,3.0
2024-06-24,14,29.7,21.9,63.0,0.1,,227.0,3.7,,998.1,,3.0
2024-06-24,15,29.6,21.8,63.0,2.1,,228.0,3.6,,999.6,,3.0
2024-06-24,16,28.4,22.2,69.0,3.7,,235.0,3.7,,999.5,,3.0
2024-06-24,17,27.9,22.2,71.0,0.0,,240.0,3.7,,1000.0,,3.0
2024-06-24,18,28.2,22.0,69.0,0.0,,244.0,3.6,,1000.8,,3.0
2024-06-24,19,27.1,22.1,74.0,0.0,,245.0,3.7,,1000.2,,3.0
2024-06-24,20,26.6,21.8,75.0,0.0,,246.0,3.7,,999.9,,3.0
2024-06-24,21,26.6,21.8,75.0,0.0,,248.0,3.6,,1000.2,,3.0
2024-06-24,22,26.3,21.7,76.0,0.0,,219.0,3.7,,1000.1,,3.0
2024-06-24,23,26.0,21.9,78.0,0.0,,219.0,1.8,,1000.0,,3.0
2024-06-25,0,25.4,21.3,78.0,0.0,,250.0,5.4,,1000.2,,3.0
2024-06-25,1,26.2,22.1,78.0,0.0,,238.0,3.7,,1000.2,,3.0
2024-06-25,2,26.8,22.2,76.0,0.0,,245.0,3.7,,1000.5,,3.0
2024-06-25,3,26.6,21.4,73.0,0.0,,250.0,9.4,,1001.2,,3.0
2024-06-25,4,27.8,21.6,69.0,0.0,,249.0,9.3,,1000.8,,3.0
2024-06-25,5,28.0,22.0,70.0,0.0,,260.0,18.4,,1000.5,,3.0
2024-06-25,6,29.6,21.8,63.0,0.1,,270.0,5.4,,1000.0,,3.0
2024-06-25,7,30.0,21.9,62.0,0.2,,230.0,14.8,,999.3,,3.0
2024-06-25,8,31.8,22.2,57.0,0.4,,242.0,5.5,,998.5,,3.0
2024-06-25,9,32.0,22.7,58.0,0.0,,270.0,5.4,,998.6,,3.0
2024-06-25,10,31.7,22.4,58.0,0.0,,259.0,5.5,,998.0,,7.0
2024-06-25,11,31.4,22.4,59.0,0.4,,245.0,5.5,,997.4,,7.0
2024-06-25,12,32.0,20.6,51.0,0.9,,270.0,3.6,,996.6,,7.0
2024-06-25,13,30.0,21.1,59.0,1.1,,200.0,7.6,,1002.0,,7.0
2024-06-25,14,30.0,21.1,59.0,0.0,,231.0,4.0,,1003.0,,7.0
2024-06-25,15,29.8,22.5,65.0,0.0,,200.0,5.4,,999.4,,7.0
2024-06-25,16,30.0,21.1,59.0,0.0,,200.0,18.4,,1004.0,,7.0
2024-06-25,17,28.7,22.5,69.0,0.1,,262.0,3.7,,1000.0,,7.0
2024-06-25,18,28.8,21.8,66.0,0.1,,270.0,5.4,,1000.5,,7.0
2024-06-25,19,27.7,22.4,73.0,0.0,,261.0,5.5,,1000.0,,2.0
2024-06-25,20,27.2,22.4,75.0,0.0,,259.0,5.5,,999.7,,2.0
2024-06-25,21,27.0,21.7,73.0,0.0,,230.0,5.4,,999.7,,2.0
2024-06-25,22,26.6,21.8,75.0,0.0,,233.0,5.5,,999.6,,3.0
2024-06-25,23,26.2,21.8,77.0,0.0,,237.0,5.5,,999.5,,3.0
2024-06-26,0,26.0,21.7,77.0,0.0,,230.0,5.4,,999.9,,3.0
2024-06-26,1,26.2,21.8,77.0,0.0,,247.0,5.5,,999.8,,3.0
2024-06-26,2,26.5,21.9,76.0,0.0,,253.0,7.4,,1000.2,,3.0
2024-06-26,3,28.4,22.4,70.0,0.0,,270.0,5.4,,999.7,,5.0
2024-06-26,4,29.0,22.0,66.0,0.0,,240.0,20.5,,999.6,,3.0
2024-06-26,5,30.0,21.9,62.0,0.0,,230.0,24.1,,999.5,,3.0
2024-06-26,6,31.2,22.5,60.0,0.0,,260.0,7.4,,999.4,,3.0
2024-06-26,7,32.0,22.1,56.0,0.0,,270.0,18.4,,998.7,,3.0
2024-06-26,8,33.0,22.2,53.0,0.0,,230.0,18.4,,998.1,,3.0
2024-06-26,9,34.2,22.9,52.0,0.0,,270.0,7.6,,997.6,,3.0
2024-06-26,10,33.0,22.2,53.0,0.0,,230.0,20.5,,1002.0,,7.0
2024-06-26,11,32.0,20.9,52.0,0.4,,230.0,22.3,,1001.0,,18.0
2024-06-26,12,33.2,22.0,52.0,1.1,,270.0,9.4,,995.8,,25.0
2024-06-26,13,32.0,20.0,49.0,3.6,,230.0,22.3,,1003.0,,25.0
2024-06-26,14,32.0,20.9,52.0,0.1,,200.0,14.8,,1004.0,,7.0
2024-06-26,15,30.8,21.3,57.0,1.9,,270.0,7.6,,999.2,,8.0
2024-06-26,16,28.0,22.0,70.0,0.4,,250.0,14.8,,1005.0,,8.0
2024-06-26,17,27.4,22.6,75.0,0.5,,242.0,5.5,,1000.8,,8.0
2024-06-26,18,26.9,22.5,77.0,0.2,,249.0,5.5,,1001.3,,8.0
2024-06-26,19,26.4,22.5,79.0,0.1,,249.0,7.4,,1001.0,,8.0
2024-06-26,20,26.0,22.3,80.0,0.2,,250.0,7.4,,1000.7,,8.0
2024-06-26,21,28.2,20.5,63.0,0.2,,250.0,3.6,,1000.4,,8.0
2024-06-26,22,27.6,20.9,67.0,0.3,,252.0,3.7,,1000.4,,7.0
2024-06-26,23,27.0,21.1,70.0,0.3,,254.0,5.5,,1000.4,,8.0
2024-06-27,0,26.0,20.3,71.0,0.6,,250.0,9.4,,1000.8,,8.0
2024-06-27,1,26.5,21.7,75.0,0.7,,259.0,5.5,,1000.9,,8.0
2024-06-27,2,26.0,21.0,74.0,0.9,,240.0,14.8,,1001.4,,8.0
2024-06-27,3,25.8,21.7,78.0,1.2,,250.0,7.6,,1002.6,,8.0
2024-06-27,4,26.0,21.0,74.0,0.9,,230.0,20.5,,1001.9,,4.0
2024-06-27,5,28.0,22.0,70.0,0.9,,240.0,22.3,,1007.0,,5.0
2024-06-27,6,29.0,22.0,66.0,0.9,,250.0,7.6,,1002.0,,4.0
2024-06-27,7,29.0,22.0,66.0,0.0,,230.0,22.3,,1001.1,,7.0
2024-06-27,8,30.0,21.9,62.0,0.0,,220.0,18.4,,1000.5,,8.0
2024-06-27,9,31.4,21.9,57.0,0.0,,270.0,7.6,,999.9,,8.0
2024-06-27,10,31.0,22.1,59.0,0.0,,260.0,11.2,,999.6,,8.0
2024-06-27,11,24.0,23.0,94.0,0.4,,220.0,18.4,,999.4,,8.0
2024-06-27,12,25.8,24.0,90.0,0.2,,250.0,9.4,,1001.2,,5.0
2024-06-27,13,26.0,23.1,84.0,0.0,,230.0,13.0,,1005.0,,5.0
2024-06-27,14,26.0,23.1,84.0,0.2,,240.0,7.6,,1006.0,,5.0
2024-06-27,15,26.0,23.1,84.0,1.2,,230.0,5.4,,1001.7,,5.0
2024-06-27,16,26.0,22.1,79.0,1.0,,230.0,22.3,,1007.0,,5.0
2024-06-27,17,25.6,22.7,84.0,0.4,,253.0,9.3,,1002.6,,3.0
2024-06-27,18,26.2,20.5,71.0,0.4,,270.0,7.6,,1003.6,,3.0
2024-06-27,19,25.2,22.5,85.0,1.0,,260.0,9.3,,1002.8,,3.0
2024-06-27,20,25.0,22.3,85.0,1.4,,260.0,9.3,,1002.6,,3.0
2024-06-27,21,24.2,21.9,87.0,1.8,,261.0,3.6,,1002.8,,3.0
2024-06-27,22,25.0,21.1,79.0,0.5,,262.0,7.4,,1002.7,,8.0
2024-06-27,23,24.9,21.2,80.0,0.6,,262.0,7.4,,1002.7,,8.0
2024-06-28,0,24.2,21.9,87.0,0.4,,270.0,5.4,,1001.8,,8.0
2024-06-28,1,24.9,21.2,80.0,0.9,,260.0,7.4,,1003.2,,8.0
2024-06-28,2,24.0,20.9,83.0,1.0,,230.0,14.8,,1003.6,,8.0
2024-06-28,3,25.2,21.5,80.0,0.0,,270.0,9.4,,1003.8,,8.0
2024-06-28,4,26.1,21.8,77.0,0.0,,267.0,9.3,,1003.6,,4.0
2024-06-28,5,26.0,22.1,79.0,0.0,,260.0,22.3,,1003.5,,4.0
2024-06-28,6,27.2,22.4,75.0,0.5,,270.0,9.4,,1003.5,,4.0
2024-06-28,7,28.0,22.0,70.0,0.8,,260.0,18.4,,1002.7,,4.0
2024-06-28,8,29.0,21.0,62.0,0.7,,270.0,25.9,,1006.0,,4.0
2024-06-28,9,30.2,22.9,65.0,0.0,,270.0,5.4,,1001.2,,7.0
2024-06-28,10,30.0,21.1,59.0,0.0,,260.0,22.3,,1005.0,,4.0
2024-06-28,11,30.0,21.1,59.0,0.0,,240.0,16.6,,1005.0,,4.0
2024-06-28,12,30.4,21.8,60.0,0.0,,270.0,5.4,,1000.2,,4.0
2024-06-28,13,27.0,23.0,79.0,0.0,,280.0,13.0,,1006.0,,3.0
2024-06-28,14,25.0,23.1,89.0,0.0,,280.0,13.0,,1006.0,,5.0
2024-06-28,15,25.6,23.1,86.0,0.0,,270.0,5.4,,1003.4,,5.0
2024-06-28,16,25.0,22.1,84.0,0.0,,260.0,11.2,,1007.0,,5.0
2024-06-28,17,25.5,22.8,85.0,0.0,,270.0,7.4,,1003.6,,25.0
2024-06-28,18,26.0,22.7,82.0,0.0,,250.0,5.4,,1003.9,,4.0
2024-06-28,19,25.4,22.7,85.0,0.0,,270.0,7.4,,1003.3,,4.0
2024-06-28,20,25.3,22.6,85.0,0.0,,270.0,7.4,,1002.9,,4.0
2024-06-28,21,26.0,21.7,77.0,0.0,,250.0,5.4,,1003.1,,4.0
2024-06-28,22,25.7,21.6,78.0,0.0,,251.0,5.5,,1003.1,,4.0
2024-06-28,23,25.3,21.6,80.0,0.0,,252.0,7.4,,1003.1,,4.0
2024-06-29,0,25.2,21.7,81.0,0.0,,250.0,7.6,,1003.4,,4.0
2024-06-29,1,25.0,21.1,79.0,0.0,,250.0,19.0,,1008.0,,4.0
2024-06-29,2,25.0,21.1,79.0,0.0,,240.0,22.3,,1008.0,,4.0
2024-06-29,3,25.8,22.1,80.0,0.0,,250.0,7.6,,1004.2,,4.0
2024-06-29,4,26.0,22.1,79.0,0.0,,250.0,18.4,,1009.0,,4.0
2024-06-29,5,27.0,22.0,74.0,0.0,,250.0,24.1,,1008.0,,4.0
2024-06-29,6,27.8,22.3,72.0,0.0,,270.0,9.4,,1004.1,,4.0
2024-06-29,7,29.0,22.0,66.0,0.0,,260.0,25.9,,1008.0,,4.0
2024-06-29,8,29.0,22.0,66.0,0.0,,280.0,14.8,,1007.0,,4.0
2024-06-29,9,30.6,23.5,66.0,0.1,,260.0,14.8,,1002.2,,4.0
2024-06-29,10,30.0,21.9,62.0,0.0,,230.0,9.4,,1006.0,,4.0
2024-06-29,11,31.0,23.1,63.0,0.4,,220.0,11.2,,1005.0,,4.0
2024-06-29,12,30.8,22.1,60.0,0.0,,230.0,9.4,,1001.1,,4.0
2024-06-29,13,29.0,22.0,66.0,0.0,,280.0,9.4,,1007.0,,4.0
2024-06-29,14,26.0,22.1,79.0,1.4,,260.0,5.4,,1008.0,,3.0
2024-06-29,15,27.6,22.1,72.0,2.1,,230.0,7.6,,1004.9,,5.0
2024-06-29,16,26.0,22.1,79.0,0.8,,230.0,18.4,,1010.0,,5.0
2024-06-29,17,26.4,22.5,79.0,0.2,,232.0,7.4,,1005.0,,8.0
2024-06-29,18,25.8,22.1,80.0,0.0,,234.0,1.8,,1005.4,,8.0
2024-06-29,19,25.6,22.5,83.0,0.0,,233.0,7.4,,1004.7,,7.0
2024-06-29,20,25.4,22.3,83.0,0.0,,232.0,7.4,,1004.3,,7.0
2024-06-29,21,26.0,22.3,80.0,0.0,,270.0,7.6,,1004.0,,3.0
2024-06-29,22,25.7,22.2,81.0,0.0,,267.0,7.4,,1004.1,,3.0
2024-06-29,23,25.5,22.2,82.0,0.0,,262.0,7.4,,1004.1,,3.0
2024-06-30,0,25.8,22.1,80.0,1.2,,270.0,9.4,,1004.1,,3.0
2024-06-30,1,25.4,22.1,82.0,0.9,,258.0,7.4,,1004.7,,3.0
2024-06-30,2,25.0,22.1,84.0,0.6,,220.0,13.0,,1010.0,,4.0
2024-06-30,3,26.0,22.7,82.0,0.5,,220.0,14.8,,1005.6,,4.0
2024-06-30,4,27.0,22.0,74.0,1.8,,240.0,13.0,,1010.0,,4.0
2024-06-30,5,27.0,22.0,74.0,0.7,,240.0,18.4,,1010.0,,4.0
2024-06-30,6,28.2,23.8,77.0,0.4,,270.0,5.4,,1004.8,,4.0
2024-06-30,7,29.0,23.0,70.0,0.4,,220.0,18.4,,1009.0,,4.0
2024-06-30,8,28.0,22.9,74.0,0.7,,240.0,19.0,,1008.0,,4.0
2024-06-30,9,29.2,22.9,69.0,0.5,,250.0,5.4,,1003.1,,4.0
2024-06-30,10,29.0,23.0,70.0,0.2,,180.0,9.0,,1006.0,,5.0
2024-06-30,11,29.0,23.0,70.0,0.0,,210.0,13.0,,1006.0,,5.0
2024-06-30,12,28.8,23.0,71.0,0.0,,250.0,5.4,,1001.9,,5.0
2024-06-30,13,24.0,22.1,89.0,0.0,,240.0,18.4,,1008.0,,7.0
2024-06-30,14,24.0,20.9,83.0,0.1,,240.0,11.2,,1009.0,,7.0
2024-06-30,15,24.0,22.4,91.0,0.2,,250.0,3.6,,1006.0,,7.0
2024-06-30,16,24.0,22.1,89.0,0.2,,230.0,13.0,,1009.0,,25.0
2024-06-30,17,24.2,22.6,91.0,0.0,,257.0,5.5,,1005.8,,25.0
2024-06-30,18,24.4,23.2,93.0,0.0,,270.0,3.6,,1006.0,,25.0
2024-06-30,19,24.4,22.5,89.0,0.0,,260.0,7.4,,1005.2,,7.0
2024-06-30,20,24.4,22.5,89.0,0.0,,259.0,7.4,,1004.7,,7.0
2024-06-30,21,24.4,22.8,91.0,0.0,,259.0,3.6,,1004.4,,7.0
2024-06-30,22,24.4,22.7,90.0,0.0,,258.0,3.7,,1004.3,,7.0
2024-06-30,23,24.4,22.5,89.0,0.0,,258.0,5.5,,1004.2,,7.0
2024-07-01,0,24.2,22.6,91.0,0.0,,270.0,9.4,,1004.4,,7.0
2024-07-01,1,24.0,22.1,89.0,0.0,,220.0,13.0,,1008.0,,7.0
2024-07-01,2,25.0,22.1,84.0,0.0,,220.0,13.0,,1005.1,,7.0
2024-07-01,3,25.8,22.9,84.0,0.0,,250.0,5.4,,1005.3,,7.0
2024-07-01,4,26.0,22.1,79.0,0.0,,240.0,18.4,,1009.0,,4.0
2024-07-01,5,27.0,23.0,79.0,0.0,,220.0,16.6,,1009.0,,4.0
2024-07-01,6,27.8,23.0,75.0,0.0,,250.0,7.6,,1004.7,,4.0
2024-07-01,7,29.0,22.0,66.0,0.0,,250.0,22.3,,1008.0,,5.0
2024-07-01,8,30.0,21.9,62.0,0.0,,260.0,18.4,,1007.0,,5.0
2024-07-01,9,30.0,22.2,63.0,0.0,,250.0,7.6,,1002.4,,5.0
2024-07-01,10,30.0,21.9,62.0,0.0,,250.0,18.4,,1006.0,,5.0
2024-07-01,11,30.0,21.9,62.0,0.0,,240.0,18.4,,1006.0,,5.0
2024-07-01,12,29.8,22.0,63.0,0.0,,250.0,5.4,,1001.4,,5.0
2024-07-01,13,29.0,21.0,62.0,0.0,,230.0,9.4,,1006.0,,5.0
2024-07-01,14,28.0,22.0,70.0,0.0,,230.0,9.4,,1007.0,,5.0
2024-07-01,15,28.8,22.5,69.0,0.0,,220.0,5.4,,1003.2,,5.0
2024-07-01,16,27.0,23.0,79.0,0.0,,210.0,9.4,,1009.0,,5.0
2024-07-01,17,27.7,22.4,73.0,0.0,,258.0,5.5,,1004.0,,3.0
2024-07-01,18,27.2,21.9,73.0,0.0,,250.0,9.4,,1004.3,,3.0
2024-07-01,19,26.7,22.3,77.0,0.0,,260.0,5.5,,1003.9,,3.0
2024-07-01,20,26.3,22.2,78.0,0.0,,261.0,5.5,,1003.4,,3.0
2024-07-01,21,26.0,21.2,75.0,0.0,,250.0,5.4,,1003.0,,3.0
2024-07-01,22,25.6,21.3,77.0,0.0,,252.0,7.4,,1003.0,,3.0
2024-07-01,23,25.2,21.3,79.0,0.0,,254.0,7.4,,1002.9,,3.0
2024-07-02,0,25.0,21.7,82.0,0.0,,270.0,5.4,,1002.5,,3.0
2024-07-02,1,25.0,21.1,79.0,0.0,,240.0,20.0,,1007.0,,5.0
2024-07-02,2,26.0,21.0,74.0,0.0,,230.0,26.0,,1007.0,,5.0
2024-07-02,3,26.2,21.8,77.0,0.0,,270.0,11.2,,1003.7,,5.0
2024-07-02,4,27.4,22.1,73.0,0.0,,267.0,11.1,,1003.5,,3.0
2024-07-02,5,28.6,22.4,69.0,0.0,,263.0,9.3,,1003.2,,3.0
2024-07-02,6,30.6,21.7,59.0,0.0,,270.0,14.8,,1002.5,,5.0
2024-07-02,7,31.0,20.9,55.0,0.0,,230.0,22.0,,1006.0,,5.0
2024-07-02,8,31.0,22.1,59.0,0.0,,250.0,18.4,,1006.0,,5.0
2024-07-02,9,32.2,20.5,50.0,0.0,,270.0,5.4,,1000.5,,5.0
2024-07-02,10,32.0,20.9,52.0,0.2,,240.0,24.1,,1004.0,,5.0
2024-07-02,11,32.0,20.0,49.0,0.0,,250.0,20.5,,1004.0,,5.0
2024-07-02,12,32.0,20.9,52.0,0.2,,250.0,7.6,,999.0,,5.0
2024-07-02,13,31.0,20.0,52.0,0.0,,240.0,20.5,,1000.9,,3.0
2024-07-02,14,30.0,20.0,55.0,0.0,,240.0,16.6,,1006.0,,5.0
2024-07-02,15,29.2,21.9,65.0,0.1,,250.0,9.4,,1002.2,,5.0
2024-07-02,16,27.0,23.0,79.0,0.0,,280.0,31.7,,1009.0,,7.0
2024-07-02,17,28.2,21.7,68.0,0.0,,256.0,9.3,,1003.0,,7.0
2024-07-02,18,22.6,20.9,90.0,0.0,,250.0,5.4,,1005.8,,4.0
2024-07-02,19,27.2,21.7,72.0,0.0,,261.0,9.3,,1003.1,,3.0
2024-07-02,20,26.8,21.6,73.0,0.0,,262.0,9.3,,1002.7,,3.0
2024-07-02,21,24.0,22.1,89.0,0.0,,264.0,3.6,,1003.2,,3.0
2024-07-02,22,25.9,21.6,77.0,0.0,,264.0,9.3,,1002.5,,3.0
2024-07-02,23,25.6,21.5,78.0,0.0,,264.0,9.3,,1002.5,,3.0
2024-07-03,0,24.4,22.1,87.0,0.0,,250.0,5.4,,1003.2,,3.0
2024-07-03,1,25.0,22.1,84.0,0.0,,250.0,7.0,,1008.0,,5.0
2024-07-03,2,25.0,22.1,84.0,0.0,,230.0,13.0,,1003.6,,3.0
2024-07-03,3,26.0,22.9,83.0,0.0,,250.0,7.6,,1004.2,,5.0
2024-07-03,4,27.0,22.0,74.0,0.0,,240.0,20.5,,1009.0,,5.0
2024-07-03,5,28.0,22.0,70.0,0.0,,260.0,24.1,,1008.0,,5.0
2024-07-03,6,29.8,23.5,69.0,0.0,,270.0,11.2,,1003.4,,5.0
2024-07-03,7,30.2,22.9,65.0,0.0,,259.0,7.4,,1002.9,,3.0
2024-07-03,8,30.0,21.9,62.0,0.0,,240.0,25.9,,1007.0,,5.0
2024-07-03,9,31.2,23.8,65.0,0.0,,270.0,5.4,,1001.6,,5.0
2024-07-03,10,30.0,21.9,62.0,0.0,,250.0,20.5,,1006.0,,5.0
2024-07-03,11,30.0,21.9,62.0,0.0,,230.0,20.0,,1006.0,,5.0
2024-07-03,12,30.8,23.2,64.0,0.0,,270.0,5.4,,1000.8,,5.0
2024-07-03,13,30.0,21.9,62.0,0.0,,250.0,18.4,,1006.0,,5.0
2024-07-03,14,29.0,22.0,66.0,0.0,,230.0,16.6,,1007.0,,5.0
2024-07-03,15,29.0,23.0,70.0,0.0,,240.0,13.0,,1003.2,,5.0
2024-07-03,16,28.0,22.0,70.0,0.0,,220.0,13.0,,1008.0,,5.0
2024-07-03,17,28.1,22.8,73.0,0.0,,262.0,3.7,,1004.0,,3.0
2024-07-03,18,28.0,22.0,70.0,0.0,,250.0,9.4,,1004.1,,3.0
2024-07-03,19,27.2,22.6,76.0,0.0,,266.0,5.5,,1004.0,,3.0
2024-07-03,20,26.8,22.4,77.0,0.0,,268.0,5.5,,1003.7,,3.0
2024-07-03,21,26.8,21.6,73.0,0.0,,230.0,7.6,,1003.4,,3.0
2024-07-03,22,26.3,21.5,75.0,0.0,,238.0,7.4,,1003.6,,3.0
2024-07-03,23,25.9,21.6,77.0,0.0,,246.0,7.4,,1003.7,,3.0
2024-07-04,0,25.8,21.7,78.0,0.0,,270.0,11.2,,1003.9,,3.0
2024-07-04,1,25.0,21.1,79.0,0.0,,250.0,22.0,,1009.0,,5.0
2024-07-04,2,26.0,22.1,79.0,0.0,,250.0,14.8,,1009.0,,5.0
2024-07-04,3,26.8,22.9,79.0,0.0,,270.0,7.6,,1005.5,,5.0
2024-07-04,4,28.0,22.0,70.0,0.0,,230.0,20.0,,1010.0,,3.0
2024-07-04,5,29.0,22.0,66.0,0.0,,260.0,22.3,,1010.0,,3.0
2024-07-04,6,30.8,22.9,63.0,0.0,,270.0,7.6,,1004.7,,3.0
2024-07-04,7,31.0,22.1,59.0,0.0,,260.0,22.3,,1009.0,,3.0
2024-07-04,8,31.0,22.1,59.0,0.0,,260.0,18.4,,1008.0,,3.0
2024-07-04,9,32.8,22.6,55.0,0.0,,270.0,7.6,,1002.2,,3.0
2024-07-04,10,32.0,22.1,56.0,0.0,,260.0,25.9,,1006.0,,3.0
2024-07-04,11,31.0,22.1,59.0,0.3,,250.0,18.4,,1005.0,,3.0
2024-07-04,12,32.0,22.1,56.0,0.2,,270.0,5.4,,1000.5,,3.0
2024-07-04,13,31.0,20.9,55.0,0.0,,240.0,18.4,,1006.0,,3.0
2024-07-04,14,30.0,21.1,59.0,0.0,,240.0,14.8,,1007.0,,3.0
2024-07-04,15,29.8,20.7,58.0,0.0,,250.0,7.6,,1003.5,,3.0
2024-07-04,16,28.0,20.0,62.0,0.0,,250.0,18.4,,1009.0,,3.0
2024-07-04,17,27.5,22.5,74.0,0.0,,246.0,5.5,,1004.6,,3.0
2024-07-04,18,28.6,21.4,65.0,0.0,,250.0,5.4,,1004.4,,3.0
2024-07-04,19,26.7,22.1,76.0,0.0,,254.0,5.5,,1004.5,,3.0
2024-07-04,20,26.4,22.0,77.0,0.0,,256.0,5.5,,1004.1,,3.0
2024-07-04,21,27.4,21.2,69.0,0.0,,270.0,11.2,,1002.6,,3.0
2024-07-04,22,26.9,21.2,71.0,0.0,,268.0,11.1,,1002.8,,3.0
2024-07-04,23,26.4,21.4,74.0,0.0,,265.0,11.1,,1003.0,,3.0
2024-07-05,0,26.0,21.7,77.0,0.0,,270.0,11.2,,1003.6,,3.0
2024-07-05,1,26.0,21.0,74.0,0.0,,250.0,26.0,,1008.0,,5.0
2024-07-05,2,26.0,22.1,79.0,0.0,,200.0,22.3,,1008.0,,5.0
2024-07-05,3,26.8,22.2,76.0,0.0,,250.0,7.6,,1004.4,,4.0
2024-07-05,4,28.0,22.0,70.0,0.0,,250.0,25.9,,1009.0,,3.0
2024-07-05,5,29.0,22.0,66.0,0.0,,240.0,22.3,,1009.0,,3.0
2024-07-05,6,30.2,22.1,62.0,0.0,,250.0,7.6,,1003.5,,3.0
2024-07-05,7,31.0,22.1,59.0,0.0,,240.0,25.9,,1007.0,,3.0
2024-07-05,8,33.0,22.2,53.0,0.0,,260.0,22.3,,1006.0,,7.0
2024-07-05,9,32.6,21.2,51.0,0.5,,270.0,11.2,,1000.5,,7.0
2024-07-05,10,32.0,23.0,59.0,0.2,,210.0,11.2,,1004.0,,3.0
2024-07-05,11,32.0,20.9,52.0,0.0,,250.0,14.8,,1003.0,,3.0
2024-07-05,12,32.4,21.0,51.0,0.0,,270.0,9.4,,998.2,,3.0
2024-07-05,13,27.0,21.1,70.0,1.1,,220.0,9.4,,1005.0,,5.0
2024-07-05,14,27.0,22.0,74.0,0.7,,200.0,27.7,,1007.0,,5.0
2024-07-05,15,24.2,22.6,91.0,0.0,,270.0,5.4,,1003.1,,3.0
2024-07-05,16,24.0,23.0,94.0,0.0,,220.0,13.0,,1008.0,,25.0
2024-07-05,17,24.8,22.5,87.0,0.0,,268.0,7.4,,1003.1,,25.0
2024-07-05,18,24.4,22.7,90.0,0.0,,250.0,7.6,,1002.6,,25.0
2024-07-05,19,25.1,22.2,84.0,0.0,,266.0,9.3,,1002.7,,7.0
2024-07-05,20,25.1,22.0,83.0,0.0,,265.0,9.3,,1002.2,,4.0
2024-07-05,21,24.4,22.3,88.0,0.0,,250.0,7.6,,1001.8,,4.0
2024-07-05,22,24.3,22.2,88.0,0.0,,252.0,7.4,,1001.8,,3.0
2024-07-05,23,24.3,22.0,87.0,0.0,,253.0,9.3,,1001.8,,3.0
2024-07-06,0,24.8,22.5,87.0,0.0,,250.0,7.6,,1001.2,,3.0
2024-07-06,1,24.6,21.9,85.0,0.0,,256.0,9.3,,1002.4,,4.0
2024-07-06,2,25.0,22.1,84.0,0.0,,240.0,16.6,,1002.8,,4.0
2024-07-06,3,25.8,22.3,81.0,0.2,,230.0,7.6,,1003.5,,4.0
2024-07-06,4,26.0,22.1,79.0,0.0,,220.0,20.5,,1003.3,,4.0
2024-07-06,5,27.8,22.7,74.0,0.0,,240.0,7.4,,1003.2,,4.0
2024-07-06,6,28.0,22.7,73.0,0.0,,230.0,14.8,,1003.2,,4.0
2024-07-06,7,29.0,23.0,70.0,0.3,,240.0,22.3,,1002.3,,4.0
2024-07-06,8,28.0,22.0,70.0,0.0,,240.0,22.3,,1001.5,,4.0
2024-07-06,9,29.8,22.0,63.0,0.0,,270.0,11.2,,1000.5,,4.0
2024-07-06,10,30.0,23.0,66.0,0.0,,240.0,22.3,,1000.1,,4.0
2024-07-06,11,30.0,23.0,66.0,0.4,,210.0,11.2,,999.7,,4.0
2024-07-06,12,29.6,22.8,67.0,0.0,,270.0,7.6,,999.1,,5.0
2024-07-06,13,24.0,23.0,94.0,0.2,,250.0,22.3,,1006.0,,4.0
2024-07-06,14,24.0,22.1,89.0,0.0,,240.0,13.0,,1006.0,,3.0
2024-07-06,15,24.4,22.3,88.0,0.0,,270.0,5.4,,1003.0,,5.0
2024-07-06,16,24.0,22.1,89.0,0.2,,220.0,14.8,,1007.0,,5.0
2024-07-06,17,24.6,22.3,87.0,0.2,,268.0,7.4,,1003.3,,25.0
2024-07-06,18,24.0,21.7,87.0,0.0,,270.0,11.2,,1004.0,,4.0
2024-07-06,19,24.7,22.2,86.0,0.0,,267.0,7.4,,1002.9,,4.0
2024-07-06,20,24.6,22.1,86.0,0.0,,267.0,7.4,,1002.5,,4.0
2024-07-06,21,24.0,22.1,89.0,0.0,,270.0,7.6,,1003.2,,4.0
2024-07-06,22,24.4,22.1,87.0,0.0,,266.0,7.4,,1002.0,,4.0
2024-07-06,23,24.3,22.0,87.0,0.0,,265.0,9.3,,1002.0,,4.0
2024-07-07,0,23.8,21.9,89.0,0.0,,250.0,5.4,,1002.9,,4.0
2024-07-07,1,24.7,22.2,86.0,0.0,,264.0,9.3,,1002.5,,4.0
2024-07-07,2,24.0,22.1,89.0,0.0,,250.0,13.0,,1003.0,,4.0
2024-07-07,3,25.0,22.1,84.0,0.0,,230.0,14.8,,1003.5,,4.0
2024-07-07,4,27.0,21.1,70.0,0.0,,250.0,27.7,,1003.4,,4.0
2024-07-07,5,28.0,21.1,66.0,0.0,,270.0,31.7,,1003.4,,4.0
2024-07-07,6,29.0,21.8,65.0,0.3,,270.0,11.2,,1002.6,,4.0
2024-07-07,7,30.0,21.1,59.0,2.0,,270.0,24.1,,1002.6,,4.0
2024-07-07,8,30.0,21.1,59.0,2.1,,260.0,20.5,,1001.9,,4.0
2024-07-07,9,31.0,22.3,60.0,0.0,,270.0,5.4,,1001.5,,4.0
2024-07-07,10,29.0,22.0,66.0,0.0,,250.0,16.6,,1001.1,,3.0
2024-07-07,11,30.0,21.9,62.0,0.1,,270.0,15.0,,1005.0,,3.0
2024-07-07,12,30.6,22.5,62.0,0.0,,270.0,5.4,,1000.0,,3.0
2024-07-07,13,28.0,22.0,70.0,0.0,,220.0,14.8,,1006.0,,3.0
2024-07-07,14,28.0,22.0,70.0,0.8,,230.0,11.2,,1006.0,,3.0
2024-07-07,15,28.2,22.2,70.0,1.0,,250.0,5.4,,1002.3,,3.0
2024-07-07,16,28.0,22.0,70.0,0.6,,230.0,11.2,,1007.0,,7.0
2024-07-07,17,27.0,22.2,75.0,0.7,,256.0,5.5,,1003.1,,2.0
2024-07-07,18,25.8,22.3,81.0,0.3,,250.0,11.2,,1004.1,,3.0
2024-07-07,19,26.1,22.2,79.0,0.1,,262.0,5.5,,1003.2,,3.0
2024-07-07,20,25.7,22.2,81.0,0.0,,264.0,5.5,,1002.8,,3.0
2024-07-07,21,24.6,21.3,82.0,0.1,,270.0,7.6,,1002.6,,3.0
2024-07-07,22,24.4,21.3,83.0,0.0,,266.0,7.4,,1002.5,,3.0
2024-07-07,23,24.2,21.3,84.0,0.0,,262.0,7.4,,1002.5,,3.0
2024-07-08,0,24.4,21.3,83.0,0.0,,0.0,0.0,,1002.1,,3.0
2024-07-08,1,24.5,21.6,84.0,0.0,,258.0,7.4,,1002.7,,3.0
2024-07-08,2,24.0,20.9,83.0,0.0,,260.0,13.0,,1003.0,,4.0
2024-07-08,3,25.2,22.1,83.0,0.0,,270.0,5.4,,1002.4,,4.0
2024-07-08,4,26.1,22.4,80.0,0.0,,270.0,5.5,,1002.4,,8.0
2024-07-08,5,25.0,22.1,84.0,0.0,,250.0,14.8,,1002.4,,8.0
2024-07-08,6,26.6,22.2,77.0,0.0,,250.0,5.4,,1003.5,,8.0
2024-07-08,7,26.0,22.1,79.0,0.0,,250.0,11.2,,1001.8,,8.0
2024-07-08,8,27.0,22.0,74.0,0.0,,280.0,9.4,,1001.1,,8.0
2024-07-08,9,28.0,23.2,75.0,0.2,,270.0,5.4,,1001.0,,8.0
2024-07-08,10,28.0,22.0,70.0,0.1,,250.0,11.2,,1004.0,,5.0
2024-07-08,11,29.0,22.0,66.0,0.3,,270.0,11.2,,1004.0,,5.0
2024-07-08,12,29.4,22.9,68.0,0.1,,240.0,7.6,,999.5,,5.0
2024-07-08,13,27.0,22.0,74.0,0.0,,230.0,5.4,,1005.0,,5.0
2024-07-08,14,27.0,22.0,74.0,1.4,,246.0,3.6,,1006.0,,5.0
2024-07-08,15,27.4,22.8,76.0,3.4,,0.0,0.0,,1001.9,,5.0
2024-07-08,16,27.0,22.0,74.0,0.7,,250.0,11.2,,1007.0,,5.0
2024-07-08,17,26.4,22.9,81.0,1.4,,263.0,1.8,,1002.8,,7.0
2024-07-08,18,26.8,23.1,80.0,2.2,,263.0,1.8,,1003.0,,7.0
2024-07-08,19,25.7,22.6,83.0,1.7,,260.0,3.7,,1002.9,,3.0
2024-07-08,20,25.5,22.4,83.0,0.1,,258.0,3.7,,1002.6,,3.0
2024-07-08,21,26.0,22.5,81.0,0.0,,250.0,5.4,,1002.1,,3.0
2024-07-08,22,25.6,22.3,82.0,0.2,,247.0,5.5,,1002.2,,3.0
2024-07-08,23,25.2,22.3,84.0,0.3,,242.0,5.5,,1002.2,,4.0
2024-07-09,0,24.8,21.9,84.0,0.0,,270.0,5.4,,1001.8,,4.0
2024-07-09,1,25.2,22.1,83.0,0.0,,245.0,5.5,,1002.7,,4.0
2024-07-09,2,25.0,21.1,79.0,0.3,,250.0,18.4,,1003.1,,4.0
2024-07-09,3,25.6,21.5,78.0,0.0,,270.0,5.4,,1004.2,,4.0
2024-07-09,4,26.0,21.0,74.0,0.0,,250.0,22.3,,1004.0,,4.0
2024-07-09,5,27.0,22.0,74.0,0.0,,250.0,16.6,,1003.9,,4.0
2024-07-09,6,28.8,22.3,68.0,0.0,,270.0,5.4,,1003.8,,7.0
2024-07-09,7,28.0,22.0,70.0,0.4,,250.0,18.4,,1003.1,,7.0
2024-07-09,8,28.0,21.1,66.0,3.3,,250.0,18.4,,1002.4,,7.0
2024-07-09,9,29.2,22.2,66.0,1.8,,270.0,14.8,,1002.6,,7.0
2024-07-09,10,29.0,22.0,66.0,0.1,,300.0,6.0,,1006.0,,5.0
2024-07-09,11,29.0,21.0,62.0,0.2,,230.0,11.2,,1006.0,,5.0
2024-07-09,12,29.4,21.9,64.0,0.0,,230.0,7.6,,1001.7,,5.0
2024-07-09,13,28.0,21.1,66.0,0.0,,240.0,5.4,,1007.0,,5.0
2024-07-09,14,27.0,22.0,74.0,0.0,,190.0,5.4,,1007.0,,5.0
2024-07-09,15,28.0,23.4,76.0,0.0,,270.0,7.6,,1003.6,,5.0
2024-07-09,16,26.0,22.1,79.0,0.0,,268.0,5.4,,1009.0,,5.0
2024-07-09,17,26.9,23.2,80.0,0.0,,265.0,5.5,,1004.5,,3.0
2024-07-09,18,27.0,23.7,82.0,0.0,,250.0,7.6,,1005.2,,3.0
2024-07-09,19,26.0,22.9,83.0,0.0,,259.0,5.5,,1004.7,,3.0
2024-07-09,20,25.7,22.8,84.0,0.0,,258.0,3.7,,1004.5,,3.0
2024-07-09,21,25.4,21.9,81.0,0.0,,250.0,7.6,,1004.5,,3.0
2024-07-09,22,25.1,21.8,82.0,0.0,,249.0,7.4,,1004.7,,3.0
2024-07-09,23,24.8,21.5,82.0,0.0,,248.0,7.4,,1005.0,,3.0
2024-07-10,0,24.8,21.9,84.0,0.0,,270.0,7.6,,1004.9,,3.0
2024-07-10,1,25.0,21.5,81.0,0.0,,249.0,7.4,,1005.7,,3.0
2024-07-10,2,24.0,19.9,78.0,0.0,,250.0,18.4,,1006.2,,3.0
2024-07-10,3,26.0,20.8,73.0,0.0,,230.0,9.4,,1007.5,,3.0
2024-07-10,4,28.0,21.1,66.0,0.0,,250.0,18.4,,1007.2,,3.0
2024-07-10,5,29.0,21.0,62.0,0.1,,240.0,22.3,,1011.0,,5.0
2024-07-10,6,30.0,20.6,57.0,0.0,,230.0,5.4,,1006.3,,3.0
2024-07-10,7,31.0,20.9,55.0,0.0,,290.0,24.1,,1005.9,,3.0
2024-07-10,8,31.0,20.9,55.0,0.2,,260.0,14.8,,1009.0,,3.0
2024-07-10,9,31.6,20.9,53.0,0.0,,230.0,5.4,,1003.9,,3.0
2024-07-10,10,31.0,20.9,55.0,0.1,,240.0,16.6,,1008.0,,3.0
2024-07-10,11,31.0,20.9,55.0,0.0,,210.0,14.8,,1007.0,,3.0
2024-07-10,12,32.0,20.3,50.0,0.0,,230.0,5.4,,1002.5,,3.0
2024-07-10,13,30.0,20.0,55.0,0.0,,240.0,13.0,,1008.0,,3.0
2024-07-10,14,29.0,21.0,62.0,0.0,,190.0,14.8,,1009.0,,3.0
2024-07-10,15,29.2,21.7,64.0,0.0,,250.0,5.4,,1005.2,,3.0
2024-07-10,16,28.0,20.0,62.0,0.0,,260.0,9.4,,1011.0,,3.0
2024-07-10,17,28.0,21.8,69.0,0.0,,253.0,5.5,,1006.1,,3.0
2024-07-10,18,28.4,21.2,65.0,0.0,,250.0,5.4,,1006.5,,3.0
2024-07-10,19,26.9,21.7,73.0,0.0,,258.0,5.5,,1006.3,,3.0
2024-07-10,20,26.6,21.6,74.0,0.0,,261.0,5.5,,1005.9,,3.0
2024-07-10,21,26.6,22.0,76.0,0.0,,265.0,3.6,,1005.2,,3.0
2024-07-10,22,26.2,21.8,77.0,0.0,,250.0,3.7,,1005.4,,3.0
2024-07-10,23,25.7,21.8,79.0,0.0,,250.0,5.5,,1005.5,,3.0
2024-07-11,0,25.2,20.9,77.0,0.0,,250.0,7.6,,1005.8,,3.0
2024-07-11,1,25.8,21.7,78.0,0.0,,252.0,5.5,,1006.0,,3.0
2024-07-11,2,25.0,20.0,74.0,0.0,,250.0,22.3,,1006.2,,3.0
2024-07-11,3,26.2,21.4,75.0,0.0,,270.0,9.4,,1007.1,,3.0
2024-07-11,4,28.0,21.1,66.0,0.0,,270.0,27.7,,1006.7,,3.0
2024-07-11,5,29.0,21.0,62.0,0.0,,250.0,25.9,,1006.3,,3.0
2024-07-11,6,30.0,21.1,59.0,0.0,,270.0,5.4,,1005.3,,3.0
2024-07-11,7,31.0,20.9,55.0,0.0,,270.0,18.4,,1009.0,,5.0
2024-07-11,8,33.0,22.2,53.0,0.0,,260.0,18.4,,1004.1,,3.0
2024-07-11,9,33.4,21.2,49.0,0.0,,270.0,7.6,,1000.9,,3.0
2024-07-11,10,33.0,20.9,49.0,0.0,,290.0,18.4,,1000.8,,3.0
2024-07-11,11,32.0,20.0,49.0,0.0,,260.0,16.6,,1005.0,,3.0
2024-07-11,12,29.8,24.2,72.0,0.0,,270.0,7.6,,1000.4,,5.0
2024-07-11,13,26.0,23.1,84.0,0.0,,280.0,29.5,,1006.0,,3.0
2024-07-11,14,25.0,23.1,89.0,0.0,,258.0,1.8,,1007.0,,5.0
2024-07-11,15,25.6,24.7,95.0,0.0,,0.0,0.0,,1003.6,,5.0
2024-07-11,16,27.0,23.0,79.0,0.3,,250.0,9.4,,1008.0,,5.0
2024-07-11,17,26.0,22.1,79.0,0.5,,260.0,22.3,,1008.0,,5.0
2024-07-11,18,26.0,23.5,86.0,0.0,,0.0,0.0,,1004.3,,7.0
2024-07-11,19,25.4,22.9,86.0,0.0,,276.0,3.7,,1003.9,,7.0
2024-07-11,20,25.3,22.6,85.0,0.0,,275.0,5.5,,1003.3,,3.0
2024-07-11,21,25.8,22.1,80.0,0.0,,250.0,5.4,,1002.5,,3.0
2024-07-11,22,25.1,22.2,84.0,0.0,,272.0,7.4,,1002.7,,3.0
2024-07-11,23,24.9,22.0,84.0,0.0,,270.0,7.4,,1002.5,,3.0
2024-07-12,0,25.1,20.8,77.0,0.0,,250.0,5.4,,1003.1,,3.0
2024-07-12,1,25.0,21.1,79.0,0.0,,240.0,22.0,,1008.0,,5.0
2024-07-12,2,25.0,21.1,79.0,0.0,,250.0,20.5,,1009.0,,5.0
2024-07-12,3,26.2,21.8,77.0,0.0,,230.0,5.4,,1004.2,,5.0
2024-07-12,4,27.0,22.0,74.0,0.0,,260.0,22.3,,1008.0,,5.0
2024-07-12,5,28.1,22.1,70.0,0.0,,248.0,5.5,,1003.8,,3.0
2024-07-12,6,30.2,22.6,64.0,0.0,,270.0,7.6,,1002.9,,3.0
2024-07-12,7,30.0,21.9,62.0,0.1,,290.0,22.3,,1007.0,,3.0
2024-07-12,8,30.0,21.9,62.0,0.3,,260.0,18.4,,1006.0,,3.0
2024-07-12,9,30.4,24.3,70.0,0.0,,270.0,7.6,,1000.8,,4.0
2024-07-12,10,31.0,22.1,59.0,0.2,,230.0,18.4,,1004.0,,7.0
2024-07-12,11,28.0,24.0,79.0,0.0,,230.0,16.6,,1004.0,,5.0
2024-07-12,12,29.2,22.9,69.0,0.7,,270.0,7.6,,999.9,,7.0
2024-07-12,13,25.0,24.0,94.0,0.6,,320.0,11.2,,1006.0,,3.0
2024-07-12,14,25.0,24.0,94.0,0.0,,290.0,7.6,,1007.0,,3.0
2024-07-12,15,25.0,23.2,90.0,0.0,,270.0,7.6,,1003.6,,3.0
2024-07-12,16,24.0,23.0,94.0,0.0,,270.0,13.0,,1008.0,,25.0
2024-07-12,17,25.0,22.1,84.0,0.0,,260.0,15.0,,1008.0,,5.0
2024-07-12,18,25.0,22.5,86.0,0.1,,250.0,7.6,,1003.8,,25.0
2024-07-12,19,24.8,22.9,89.0,0.0,,274.0,7.4,,1003.1,,7.0
2024-07-12,20,24.7,22.6,88.0,0.0,,274.0,7.4,,1002.6,,7.0
2024-07-12,21,25.2,22.3,84.0,0.0,,274.0,3.6,,1001.9,,7.0
2024-07-12,22,25.0,22.3,85.0,0.0,,261.0,3.7,,1001.9,,3.0
2024-07-12,23,24.8,22.1,85.0,0.0,,261.0,5.5,,1001.9,,3.0
2024-07-13,0,24.7,21.2,81.0,0.0,,270.0,11.2,,1002.0,,3.0
2024-07-13,1,24.0,19.9,78.0,0.1,,260.0,26.0,,1007.0,,5.0
2024-07-13,2,24.0,19.9,78.0,0.1,,250.0,18.4,,1007.0,,5.0
2024-07-13,3,25.6,21.5,78.0,0.4,,270.0,9.4,,1003.7,,5.0
2024-07-13,4,26.0,21.0,74.0,3.0,,250.0,19.0,,1008.0,,5.0
2024-07-13,5,27.0,21.1,70.0,1.1,,250.0,18.4,,1007.0,,5.0
2024-07-13,6,27.0,21.7,73.0,0.1,,270.0,9.4,,1003.3,,5.0
2024-07-13,7,28.0,22.0,70.0,1.6,,260.0,22.3,,1006.0,,5.0
2024-07-13,8,29.0,22.0,66.0,0.2,,260.0,25.9,,1006.0,,5.0
2024-07-13,9,29.6,22.3,65.0,0.0,,270.0,9.4,,1000.8,,5.0
2024-07-13,10,29.0,21.0,62.0,0.0,,260.0,27.7,,1004.0,,5.0
2024-07-13,11,29.0,22.0,66.0,0.0,,260.0,22.3,,1004.0,,5.0
2024-07-13,12,29.0,21.5,64.0,0.5,,270.0,5.4,,999.4,,5.0
2024-07-13,13,28.0,21.1,66.0,1.7,,250.0,13.0,,1005.0,,5.0
2024-07-13,14,28.0,21.1,66.0,0.5,,250.0,11.2,,1005.0,,5.0
2024-07-13,15,28.0,21.1,66.0,1.2,,270.0,20.5,,1006.0,,5.0
2024-07-13,16,26.0,21.0,74.0,0.6,,260.0,22.0,,1007.0,,7.0
2024-07-13,17,25.0,21.1,79.0,0.2,,230.0,15.0,,1007.0,,5.0
2024-07-13,18,26.0,21.0,74.0,0.1,,250.0,9.4,,1002.6,,5.0
2024-07-13,19,26.0,21.9,78.0,0.0,,256.0,9.3,,1001.9,,7.0
2024-07-13,20,25.5,22.0,81.0,0.0,,257.0,9.3,,1001.5,,7.0
2024-07-13,21,25.6,20.4,73.0,0.2,,250.0,5.4,,1000.3,,7.0
2024-07-13,22,25.3,20.8,76.0,1.1,,252.0,5.5,,1000.2,,8.0
2024-07-13,23,25.1,20.8,77.0,0.9,,253.0,7.4,,1000.2,,8.0
2024-07-14,0,24.8,21.1,80.0,0.6,,270.0,9.4,,1001.6,,8.0
2024-07-14,1,24.0,20.9,83.0,0.7,,250.0,24.0,,1005.0,,8.0
2024-07-14,2,24.0,20.9,83.0,2.4,,250.0,24.1,,1005.0,,7.0
2024-07-14,3,25.2,21.5,80.0,1.4,,270.0,14.8,,1001.9,,8.0
2024-07-14,4,25.0,21.1,79.0,1.6,,260.0,27.7,,1006.0,,7.0
2024-07-14,5,26.0,22.1,79.0,0.8,,260.0,22.3,,1005.0,,7.0
2024-07-14,6,27.2,21.9,73.0,1.2,,270.0,14.8,,1001.0,,7.0
2024-07-14,7,28.0,22.0,70.0,1.4,,260.0,13.0,,1004.0,,5.0
2024-07-14,8,27.0,23.0,79.0,0.8,,240.0,13.0,,1003.0,,5.0
2024-07-14,9,28.0,23.4,76.0,0.3,,270.0,7.6,,998.4,,7.0
2024-07-14,10,28.0,22.0,70.0,0.9,,240.0,16.6,,1001.0,,7.0
2024-07-14,11,28.0,22.9,74.0,3.3,,250.0,11.0,,1002.0,,7.0
2024-07-14,12,28.2,23.1,74.0,1.8,,270.0,5.4,,997.1,,7.0
2024-07-14,13,25.0,23.1,89.0,1.1,,220.0,14.8,,1004.0,,8.0
2024-07-14,14,24.0,23.0,94.0,0.2,,230.0,22.0,,1004.0,,8.0
2024-07-14,15,24.0,23.0,94.0,0.2,,230.0,14.8,,1005.0,,9.0
2024-07-14,16,24.0,22.1,89.0,0.2,,250.0,22.3,,1005.0,,25.0
2024-07-14,17,23.8,22.2,91.0,0.2,,271.0,7.4,,1001.0,,25.0
2024-07-14,18,23.2,22.0,93.0,0.3,,270.0,5.4,,1001.4,,7.0
2024-07-14,19,24.0,22.1,89.0,0.0,,272.0,7.4,,1000.4,,7.0
2024-07-14,20,24.0,21.9,88.0,0.0,,272.0,7.4,,999.8,,7.0
2024-07-14,21,23.2,21.6,91.0,0.0,,270.0,5.4,,999.5,,7.0
2024-07-14,22,23.4,21.7,90.0,0.0,,269.0,5.5,,999.3,,7.0
2024-07-14,23,23.5,21.8,90.0,0.0,,268.0,5.5,,999.2,,7.0
2024-07-15,0,23.6,21.9,90.0,0.0,,270.0,5.4,,999.8,,7.0
2024-07-15,1,24.0,22.1,89.0,0.0,,280.0,19.0,,1004.0,,7.0
2024-07-15,2,24.0,22.1,89.0,0.0,,250.0,11.2,,1004.0,,7.0
2024-07-15,3,24.6,22.5,88.0,0.0,,250.0,5.4,,1000.4,,7.0
2024-07-15,4,25.0,22.1,84.0,1.0,,260.0,18.4,,1004.0,,7.0
2024-07-15,5,25.0,22.1,84.0,1.5,,260.0,14.8,,1004.0,,7.0
2024-07-15,6,25.2,23.3,89.0,1.0,,270.0,3.6,,1000.0,,5.0
2024-07-15,7,24.0,23.0,94.0,0.7,,260.0,14.8,,1004.0,,7.0
2024-07-15,8,26.0,23.1,84.0,0.4,,270.0,14.8,,1002.0,,7.0
2024-07-15,9,26.4,24.1,87.0,0.8,,250.0,5.4,,998.6,,7.0
2024-07-15,10,26.0,23.1,84.0,4.7,,240.0,13.0,,1001.0,,5.0
2024-07-15,11,26.0,23.1,84.0,1.0,,280.0,13.0,,1001.0,,5.0
2024-07-15,12,26.2,23.7,86.0,1.1,,230.0,5.4,,997.5,,5.0
2024-07-15,13,26.0,22.1,79.0,3.4,,260.0,18.4,,1003.0,,5.0
2024-07-15,14,25.0,22.1,84.0,2.9,,270.0,14.8,,1003.0,,5.0
2024-07-15,15,25.2,22.3,84.0,2.0,,270.0,9.4,,999.8,,5.0
2024-07-15,16,25.0,22.1,84.0,0.8,,240.0,11.2,,1004.0,,5.0
2024-07-15,17,24.8,22.7,88.0,0.6,,271.0,9.3,,999.9,,3.0
2024-07-15,18,25.0,22.5,86.0,0.5,,270.0,11.2,,1000.4,,7.0
2024-07-15,19,24.5,22.6,89.0,0.9,,271.0,7.4,,999.5,,7.0
2024-07-15,20,24.4,22.5,89.0,0.8,,271.0,7.4,,999.1,,7.0
2024-07-15,21,24.2,22.5,90.0,0.6,,271.0,7.4,,998.6,,8.0
2024-07-15,22,24.5,22.2,87.0,1.2,,269.0,7.4,,998.9,,7.0
2024-07-15,23,24.4,22.1,87.0,1.2,,267.0,7.4,,998.9,,7.0
2024-07-16,0,24.4,22.1,87.0,1.6,,250.0,7.6,,999.5,,7.0
2024-07-16,1,24.0,22.1,89.0,2.2,,260.0,17.0,,1004.0,,5.0
2024-07-16,2,24.0,22.1,89.0,1.0,,260.0,16.6,,1005.0,,5.0
2024-07-16,3,24.8,22.7,88.0,1.1,,230.0,5.4,,1001.1,,7.0
2024-07-16,4,26.0,22.1,79.0,0.7,,260.0,20.5,,1005.0,,5.0
2024-07-16,5,28.0,22.0,70.0,0.1,,250.0,19.0,,1005.0,,7.0
2024-07-16,6,28.2,23.3,75.0,0.0,,250.0,5.4,,1000.7,,7.0
2024-07-16,7,28.0,22.9,74.0,0.2,,250.0,18.4,,1004.0,,7.0
2024-07-16,8,30.0,23.0,66.0,0.2,,280.0,20.0,,1003.0,,7.0
2024-07-16,9,30.0,23.4,68.0,0.2,,270.0,7.6,,998.5,,7.0
2024-07-16,10,29.0,22.0,66.0,0.0,,270.0,20.5,,1002.0,,4.0
2024-07-16,11,29.1,23.3,71.0,0.0,,261.0,5.5,,998.0,,4.0
2024-07-16,12,29.0,22.0,66.0,0.0,,250.0,14.8,,1002.0,,4.0
2024-07-16,13,28.0,22.0,70.0,0.0,,240.0,13.0,,1003.0,,4.0
2024-07-16,14,28.0,22.0,70.0,0.0,,250.0,11.2,,1004.0,,4.0
2024-07-16,15,26.0,22.9,83.0,0.0,,270.0,5.4,,1000.1,,4.0
2024-07-16,16,26.0,22.1,79.0,0.0,,250.0,16.6,,1000.4,,7.0
2024-07-16,17,25.6,22.9,85.0,0.0,,270.0,7.4,,1000.6,,7.0
2024-07-16,18,27.0,22.6,77.0,0.0,,270.0,9.4,,1000.6,,7.0
2024-07-16,19,25.2,22.9,87.0,0.2,,269.0,7.4,,1000.5,,7.0
2024-07-16,20,25.0,22.7,87.0,0.0,,269.0,7.4,,1000.1,,7.0
2024-07-16,21,25.4,21.7,80.0,0.0,,270.0,11.2,,999.7,,7.0
2024-07-16,22,24.8,22.3,86.0,0.0,,266.0,7.4,,999.8,,3.0
2024-07-16,23,24.6,22.3,87.0,0.2,,263.0,7.4,,999.9,,4.0
2024-07-17,0,24.6,21.5,83.0,0.1,,270.0,11.2,,1001.1,,4.0
2024-07-17,1,24.0,20.9,83.0,0.2,,250.0,24.0,,1006.0,,4.0
2024-07-17,2,24.0,20.9,83.0,1.2,,250.0,20.5,,1007.0,,4.0
2024-07-17,3,24.4,21.5,84.0,1.4,,250.0,7.6,,1003.5,,5.0
2024-07-17,4,25.0,22.1,84.0,1.3,,270.0,18.4,,1007.0,,7.0
2024-07-17,5,26.0,21.0,74.0,0.8,,260.0,22.3,,1007.0,,5.0
2024-07-17,6,27.0,21.7,73.0,0.9,,270.0,7.6,,1002.6,,5.0
2024-07-17,7,29.0,22.0,66.0,0.6,,260.0,27.7,,1005.0,,5.0
2024-07-17,8,29.0,22.0,66.0,0.7,,270.0,27.7,,1005.0,,5.0
2024-07-17,9,30.0,21.7,61.0,0.7,,270.0,14.8,,999.9,,5.0
2024-07-17,10,30.0,21.9,62.0,0.4,,270.0,22.3,,999.7,,3.0
2024-07-17,11,29.0,22.0,66.0,0.2,,250.0,22.3,,999.5,,3.0
2024-07-17,12,28.4,23.5,75.0,0.5,,270.0,9.4,,999.5,,3.0
2024-07-17,13,27.0,23.0,79.0,0.2,,280.0,14.8,,1000.1,,3.0
2024-07-17,14,27.0,23.0,79.0,1.3,,280.0,7.6,,1001.0,,3.0
2024-07-17,15,28.0,22.7,73.0,0.3,,250.0,7.6,,1001.7,,4.0
2024-07-17,16,27.0,22.0,74.0,0.3,,260.0,14.8,,1002.3,,7.0
2024-07-17,17,26.0,22.5,81.0,0.2,,271.0,9.3,,1002.5,,7.0
2024-07-17,18,27.2,22.8,77.0,0.3,,230.0,5.4,,1002.5,,7.0
2024-07-17,19,25.5,22.2,82.0,0.1,,271.0,11.1,,1002.2,,7.0
2024-07-17,20,25.2,22.1,83.0,0.1,,271.0,9.3,,1001.8,,7.0
2024-07-17,21,25.8,21.5,77.0,0.0,,230.0,5.4,,1001.0,,7.0
2024-07-17,22,25.5,21.4,78.0,0.0,,238.0,5.5,,1001.0,,8.0
2024-07-17,23,25.2,21.5,80.0,1.3,,245.0,7.4,,1000.9,,8.0
2024-07-18,0,25.2,22.3,84.0,1.2,,270.0,9.4,,1000.4,,8.0
2024-07-18,1,25.0,22.1,84.0,1.4,,250.0,19.0,,1006.0,,5.0
2024-07-18,2,25.0,22.1,84.0,1.8,,260.0,18.4,,1006.0,,5.0
2024-07-18,3,26.0,22.3,80.0,1.7,,270.0,9.4,,1002.4,,5.0
2024-07-18,4,26.0,22.1,79.0,2.9,,260.0,22.3,,1007.0,,5.0
2024-07-18,5,27.0,22.0,74.0,5.2,,270.0,22.3,,1006.0,,5.0
2024-07-18,6,28.2,22.4,71.0,5.7,,270.0,7.6,,1001.6,,5.0
2024-07-18,7,27.0,22.0,74.0,5.7,,260.0,20.5,,1005.0,,7.0
2024-07-18,8,29.0,22.0,66.0,6.3,,290.0,20.5,,1005.0,,8.0
2024-07-18,9,28.8,22.3,68.0,7.6,,270.0,9.4,,999.6,,8.0
2024-07-18,10,29.0,22.0,66.0,5.3,,260.0,24.0,,1003.0,,5.0
2024-07-18,11,29.0,22.0,66.0,2.6,,270.0,24.1,,1002.0,,5.0
2024-07-18,12,28.6,22.6,70.0,2.1,,270.0,7.6,,998.4,,5.0
2024-07-18,13,28.0,21.1,66.0,2.1,,270.0,19.0,,1004.0,,5.0
2024-07-18,14,28.0,22.0,70.0,1.6,,270.0,18.4,,1005.0,,5.0
2024-07-18,15,26.4,23.1,82.0,0.7,,270.0,5.4,,1001.6,,8.0
2024-07-18,16,23.0,22.0,94.0,0.7,,280.0,16.6,,1006.0,,25.0
2024-07-18,17,25.7,22.8,84.0,0.4,,270.0,9.3,,1001.7,,25.0
2024-07-18,18,24.0,22.4,91.0,0.4,,270.0,3.6,,1002.2,,25.0
2024-07-18,19,25.0,22.5,86.0,0.5,,271.0,9.3,,1001.2,,8.0
2024-07-18,20,24.8,22.3,86.0,1.0,,272.0,9.3,,1000.7,,8.0
2024-07-18,21,23.6,22.4,93.0,1.1,,270.0,7.6,,999.9,,9.0
2024-07-18,22,23.7,22.3,92.0,1.3,,271.0,7.4,,999.8,,9.0
2024-07-18,23,23.7,22.1,91.0,1.9,,271.0,7.4,,999.7,,9.0
2024-07-19,0,23.8,21.9,89.0,1.3,,270.0,7.6,,1000.3,,9.0
2024-07-19,1,24.0,22.1,89.0,0.8,,260.0,22.0,,1004.0,,5.0
2024-07-19,2,24.0,22.1,89.0,0.7,,260.0,22.3,,1004.0,,5.0
2024-07-19,3,25.0,22.1,84.0,0.7,,270.0,11.2,,1001.0,,5.0
2024-07-19,4,25.0,22.1,84.0,0.2,,260.0,25.9,,1005.0,,5.0
2024-07-19,5,26.0,22.7,82.0,0.1,,270.0,11.1,,1000.8,,7.0
2024-07-19,6,26.4,22.7,80.0,0.0,,270.0,7.6,,1000.6,,5.0
2024-07-19,7,27.0,22.0,74.0,0.0,,260.0,20.5,,1004.0,,5.0
2024-07-19,8,27.0,22.0,74.0,0.8,,260.0,18.4,,1003.0,,5.0
2024-07-19,9,27.4,22.8,76.0,3.7,,230.0,5.4,,999.2,,7.0
2024-07-19,10,27.0,22.0,74.0,0.7,,270.0,22.3,,1002.0,,5.0
2024-07-19,11,27.0,22.0,74.0,0.6,,270.0,20.0,,1002.0,,5.0
2024-07-19,12,27.2,22.6,76.0,0.8,,270.0,7.6,,997.8,,5.0
2024-07-19,13,26.0,22.1,79.0,0.5,,260.0,25.9,,1003.0,,5.0
2024-07-19,14,24.0,22.1,89.0,0.3,,260.0,22.3,,1004.0,,7.0
2024-07-19,15,24.4,22.7,90.0,0.5,,270.0,11.2,,1001.0,,7.0
2024-07-19,16,24.0,22.1,89.0,0.6,,250.0,20.0,,1005.0,,5.0
2024-07-19,17,24.0,22.1,89.0,0.5,,250.0,24.1,,1005.0,,5.0
2024-07-19,18,24.8,22.3,86.0,0.4,,270.0,14.8,,1001.0,,5.0
2024-07-19,19,24.0,22.1,89.0,1.6,,269.0,11.1,,1000.3,,7.0
2024-07-19,20,23.9,22.0,89.0,0.6,,269.0,11.1,,999.9,,7.0
2024-07-19,21,23.4,22.2,93.0,0.4,,270.0,16.6,,1000.3,,7.0
2024-07-19,22,23.4,22.0,92.0,0.3,,269.0,14.8,,1000.1,,7.0
2024-07-19,23,23.4,21.8,91.0,0.0,,268.0,13.0,,999.8,,7.0
2024-07-20,0,23.4,21.7,90.0,0.1,,267.0,13.0,,999.6,,7.0
2024-07-20,1,23.0,21.1,89.0,0.5,,250.0,18.4,,1000.1,,8.0
2024-07-20,2,23.7,22.1,91.0,0.6,,267.0,11.1,,1000.6,,8.0
2024-07-20,3,23.0,21.8,93.0,0.8,,250.0,5.4,,1002.4,,9.0
2024-07-20,4,23.5,22.1,92.0,1.2,,254.0,7.4,,1002.2,,7.0
2024-07-20,5,24.0,22.6,92.0,0.4,,257.0,7.4,,1002.0,,7.0
2024-07-20,6,23.6,22.8,95.0,0.6,,270.0,7.6,,1002.5,,8.0
2024-07-20,7,24.7,23.1,91.0,0.8,,260.0,9.3,,1001.3,,8.0
2024-07-20,8,23.0,22.0,94.0,0.5,,250.0,25.9,,1004.0,,9.0
2024-07-20,9,23.6,22.8,95.0,0.2,,270.0,7.6,,1001.1,,9.0
2024-07-20,10,24.0,23.0,94.0,1.0,,250.0,22.3,,1003.0,,8.0
2024-07-20,11,24.0,23.0,94.0,1.4,,250.0,24.1,,1004.0,,8.0
2024-07-20,12,23.8,23.0,95.0,2.2,,270.0,7.6,,1000.5,,8.0
2024-07-20,13,24.0,23.0,94.0,0.8,,240.0,18.4,,1005.0,,8.0
2024-07-20,14,24.0,22.1,89.0,0.3,,240.0,28.0,,1005.0,,8.0
2024-07-20,15,23.6,22.4,93.0,1.3,,270.0,9.4,,1001.9,,8.0
2024-07-20,16,23.0,21.1,89.0,0.8,,250.0,29.5,,1006.0,,7.0
2024-07-20,17,23.0,21.1,89.0,1.2,,260.0,25.9,,1006.0,,7.0
2024-07-20,18,23.4,21.8,91.0,2.0,,270.0,9.4,,1001.9,,7.0
2024-07-20,19,23.4,21.8,91.0,1.3,,267.0,11.1,,1001.4,,7.0
2024-07-20,20,23.3,21.7,91.0,1.4,,266.0,11.1,,1000.9,,7.0
2024-07-20,21,23.4,21.7,90.0,1.4,,270.0,7.6,,1001.2,,7.0
2024-07-20,22,23.4,21.7,90.0,1.5,,268.0,7.4,,1001.0,,8.0
2024-07-20,23,23.4,21.5,89.0,1.2,,266.0,7.4,,1000.8,,8.0
2024-07-21,0,23.6,21.5,88.0,1.8,,270.0,14.8,,1000.6,,7.0
2024-07-21,1,23.5,21.8,90.0,0.0,,263.0,7.4,,1001.0,,7.0
2024-07-21,2,24.0,20.9,83.0,0.5,,260.0,25.9,,1001.5,,9.0
2024-07-21,3,24.0,21.7,87.0,1.9,,270.0,9.4,,1001.9,,9.0
2024-07-21,4,24.0,20.9,83.0,2.4,,260.0,22.3,,1002.0,,8.0
2024-07-21,5,24.0,22.1,89.0,1.6,,250.0,18.4,,1002.0,,8.0
2024-07-21,6,24.6,22.3,87.0,0.0,,270.0,7.6,,1002.6,,9.0
2024-07-21,7,25.4,23.1,87.0,0.1,,255.0,7.4,,1001.6,,9.0
2024-07-21,8,25.0,22.1,84.0,0.2,,260.0,20.5,,1001.1,,9.0
2024-07-21,9,25.6,22.7,84.0,0.3,,270.0,5.4,,1001.1,,8.0
2024-07-21,10,24.0,23.0,94.0,0.1,,250.0,14.8,,1004.0,,8.0
2024-07-21,11,24.0,23.0,94.0,0.4,,240.0,13.0,,1004.0,,8.0
2024-07-21,12,24.4,23.2,93.0,0.3,,230.0,11.2,,1001.1,,8.0
2024-07-21,13,24.0,23.0,94.0,0.2,,220.0,11.2,,1005.0,,8.0
2024-07-21,14,24.0,23.0,94.0,0.4,,230.0,11.2,,1005.0,,8.0
2024-07-21,15,24.2,23.3,95.0,1.8,,230.0,5.4,,1002.6,,8.0
2024-07-21,16,24.0,22.1,89.0,0.8,,230.0,13.0,,1007.0,,8.0
2024-07-21,17,23.6,22.9,96.0,0.5,,239.0,7.4,,1002.8,,8.0
2024-07-21,18,23.8,22.6,93.0,0.1,,250.0,7.6,,1002.9,,7.0
2024-07-21,19,23.3,22.5,95.0,0.1,,245.0,9.3,,1002.5,,7.0
2024-07-21,20,23.2,22.2,94.0,0.2,,248.0,9.3,,1002.2,,7.0
2024-07-21,21,24.0,22.3,90.0,0.5,,250.0,9.4,,1002.1,,7.0
2024-07-21,22,23.2,21.8,92.0,0.2,,252.0,9.3,,1001.8,,7.0
2024-07-21,23,23.3,21.7,91.0,0.0,,253.0,9.3,,1001.8,,7.0
2024-07-22,0,24.0,22.3,90.0,0.0,,250.0,7.6,,1002.8,,7.0
2024-07-22,1,23.7,22.0,90.0,0.0,,257.0,9.3,,1002.3,,7.0
2024-07-22,2,24.0,23.0,94.0,1.2,,240.0,18.4,,1002.8,,7.0
2024-07-22,3,24.6,22.3,87.0,0.6,,250.0,7.6,,1004.4,,7.0
2024-07-22,4,25.0,22.1,84.0,0.3,,240.0,20.5,,1004.3,,4.0
2024-07-22,5,26.0,22.1,79.0,0.1,,250.0,25.9,,1004.1,,4.0
2024-07-22,6,27.6,22.8,75.0,0.0,,270.0,7.6,,1003.3,,4.0
2024-07-22,7,28.0,22.0,70.0,0.0,,250.0,25.9,,1003.4,,4.0
2024-07-22,8,28.0,22.0,70.0,0.3,,260.0,29.5,,1002.8,,4.0
2024-07-22,9,28.4,22.6,71.0,0.0,,270.0,7.6,,1001.7,,7.0
2024-07-22,10,27.0,22.0,74.0,0.2,,260.0,25.9,,1006.0,,5.0
2024-07-22,11,28.0,22.0,70.0,0.0,,250.0,25.9,,1006.0,,5.0
2024-07-22,12,27.6,22.8,75.0,0.0,,270.0,7.6,,1001.7,,5.0
2024-07-22,13,27.0,22.0,74.0,0.0,,250.0,20.5,,1006.0,,5.0
2024-07-22,14,26.0,22.1,79.0,0.0,,240.0,13.0,,1007.0,,5.0
2024-07-22,15,26.4,22.5,79.0,0.0,,270.0,7.6,,1003.9,,5.0
2024-07-22,16,26.0,21.0,74.0,0.0,,250.0,14.8,,1008.0,,5.0
2024-07-22,17,25.8,22.3,81.0,0.0,,266.0,9.3,,1004.6,,7.0
2024-07-22,18,25.4,21.9,81.0,0.0,,270.0,7.6,,1005.3,,4.0
2024-07-22,19,25.2,22.1,83.0,0.0,,265.0,9.3,,1004.5,,4.0
2024-07-22,20,24.9,21.8,83.0,0.0,,265.0,9.3,,1004.1,,7.0
2024-07-22,21,24.8,21.5,82.0,0.0,,270.0,11.2,,1004.1,,7.0
2024-07-22,22,24.6,21.5,83.0,0.5,,268.0,11.1,,1004.0,,4.0
2024-07-22,23,24.5,21.6,84.0,0.3,,266.0,11.1,,1003.8,,4.0
2024-07-23,0,24.0,21.7,87.0,0.4,,270.0,9.4,,1004.1,,4.0
2024-07-23,1,24.4,21.7,85.0,0.6,,263.0,9.3,,1004.2,,4.0
2024-07-23,2,24.6,21.9,85.0,0.7,,263.0,9.3,,1004.6,,4.0
2024-07-23,3,24.6,22.3,87.0,0.2,,270.0,14.8,,1004.8,,7.0
2024-07-23,4,24.0,22.1,89.0,0.7,,250.0,18.4,,1009.0,,7.0
2024-07-23,5,26.0,22.1,79.0,0.4,,260.0,18.4,,1009.0,,7.0
2024-07-23,6,25.4,22.5,84.0,0.3,,270.0,9.4,,1005.0,,4.0
2024-07-23,7,26.0,22.1,79.0,0.2,,250.0,18.4,,1008.0,,7.0
2024-07-23,8,26.0,23.1,84.0,0.9,,270.0,27.7,,1007.0,,7.0
2024-07-23,9,27.2,22.8,77.0,0.4,,270.0,7.6,,1003.2,,7.0
2024-07-23,10,27.0,22.0,74.0,0.2,,250.0,29.5,,1006.0,,7.0
2024-07-23,11,27.0,22.0,74.0,0.3,,260.0,29.5,,1006.0,,7.0
2024-07-23,12,26.2,23.1,83.0,1.3,,270.0,7.6,,1002.0,,7.0
2024-07-23,13,25.0,23.1,89.0,0.2,,250.0,20.5,,1007.0,,7.0
2024-07-23,14,25.0,22.1,84.0,0.3,,250.0,18.4,,1007.0,,7.0
2024-07-23,15,25.6,22.5,83.0,0.2,,270.0,14.8,,1003.5,,7.0
2024-07-23,16,25.0,22.1,84.0,0.0,,240.0,20.5,,1008.0,,4.0
2024-07-23,17,25.3,22.2,83.0,0.0,,268.0,13.0,,1004.0,,4.0
2024-07-23,18,25.0,21.5,81.0,0.2,,270.0,14.8,,1004.2,,4.0
2024-07-23,19,24.9,21.8,83.0,0.0,,267.0,13.0,,1003.8,,4.0
2024-07-23,20,24.6,21.7,84.0,0.1,,267.0,11.1,,1003.3,,4.0
2024-07-23,21,24.6,21.5,83.0,0.1,,270.0,11.2,,1002.8,,4.0
2024-07-23,22,24.5,21.4,83.0,0.7,,268.0,11.1,,1002.6,,4.0
2024-07-23,23,24.3,21.4,84.0,2.1,,267.0,13.0,,1002.5,,4.0
2024-07-24,0,24.0,21.7,87.0,1.0,,270.0,14.8,,1002.7,,7.0
2024-07-24,1,24.0,20.9,83.0,0.6,,250.0,22.0,,1006.0,,8.0
2024-07-24,2,24.0,20.9,83.0,0.5,,260.0,22.3,,1006.0,,7.0
2024-07-24,3,24.6,21.9,85.0,0.5,,270.0,7.6,,1002.8,,7.0
2024-07-24,4,25.0,22.1,84.0,1.2,,260.0,22.3,,1007.0,,7.0
2024-07-24,5,25.0,22.1,84.0,1.6,,260.0,25.9,,1007.0,,7.0
2024-07-24,6,25.4,22.3,83.0,1.4,,270.0,11.2,,1003.1,,4.0
2024-07-24,7,25.0,22.1,84.0,1.2,,250.0,22.3,,1006.0,,4.0
2024-07-24,8,25.0,22.1,84.0,1.2,,240.0,22.3,,1005.0,,7.0
2024-07-24,9,25.6,22.5,83.0,1.2,,270.0,9.4,,1001.2,,7.0
2024-07-24,10,25.0,22.1,84.0,0.7,,250.0,25.9,,1004.0,,7.0
2024-07-24,11,24.0,22.1,89.0,0.6,,260.0,25.9,,1004.0,,7.0
2024-07-24,12,24.4,22.5,89.0,0.4,,270.0,7.6,,1001.0,,7.0
2024-07-24,13,24.0,22.1,89.0,0.3,,250.0,22.3,,1004.0,,4.0
2024-07-24,14,24.0,22.1,89.0,0.2,,260.0,20.5,,1005.0,,4.0
2024-07-24,15,24.8,21.9,84.0,0.0,,270.0,11.2,,1001.3,,4.0
2024-07-24,16,24.0,22.1,89.0,0.1,,250.0,22.3,,1005.0,,7.0
2024-07-24,17,24.8,21.9,84.0,0.0,,268.0,11.1,,1001.6,,7.0
2024-07-24,18,24.2,21.9,87.0,0.0,,270.0,14.8,,1001.8,,7.0
2024-07-24,19,24.5,21.6,84.0,0.0,,267.0,11.1,,1001.3,,7.0
2024-07-24,20,24.2,21.5,85.0,0.0,,267.0,11.1,,1000.8,,7.0
2024-07-24,21,23.4,21.8,91.0,0.3,,270.0,9.4,,1000.2,,7.0
2024-07-24,22,23.4,21.8,91.0,0.2,,268.0,9.3,,1000.1,,9.0
2024-07-24,23,23.4,21.7,90.0,0.0,,266.0,11.1,,1000.0,,9.0
2024-07-25,0,23.0,22.2,95.0,0.0,,270.0,7.6,,1000.0,,9.0
2024-07-25,1,23.0,22.0,94.0,1.4,,250.0,19.0,,1004.0,,9.0
2024-07-25,2,23.0,22.0,94.0,0.4,,240.0,18.4,,1000.5,,8.0
2024-07-25,3,23.4,22.2,93.0,0.4,,270.0,7.6,,1001.6,,8.0
2024-07-25,4,24.0,22.1,89.0,0.4,,250.0,22.3,,1001.5,,7.0
2024-07-25,5,24.8,22.7,88.0,0.4,,266.0,9.3,,1001.4,,7.0
2024-07-25,6,23.8,22.1,90.0,0.6,,270.0,9.4,,1001.8,,7.0
2024-07-25,7,24.0,22.1,89.0,1.5,,260.0,22.3,,1000.7,,7.0
2024-07-25,8,24.0,22.1,89.0,1.0,,260.0,22.3,,1000.1,,7.0
2024-07-25,9,24.0,22.3,90.0,0.7,,270.0,7.6,,999.9,,8.0
2024-07-25,10,24.0,22.1,89.0,0.7,,260.0,22.3,,1003.0,,8.0
2024-07-25,11,24.0,22.1,89.0,1.5,,250.0,18.4,,1003.0,,8.0
2024-07-25,12,24.0,22.8,93.0,1.5,,270.0,7.6,,1000.0,,8.0
2024-07-25,13,24.0,22.1,89.0,1.2,,250.0,20.5,,1004.0,,8.0
2024-07-25,14,23.0,22.0,94.0,0.6,,250.0,22.3,,1004.0,,7.0
2024-07-25,15,23.4,22.6,95.0,0.2,,250.0,7.6,,1001.4,,7.0
2024-07-25,16,24.0,22.1,89.0,0.6,,250.0,22.3,,1005.0,,8.0
2024-07-25,17,24.0,22.1,89.0,0.5,,260.0,18.4,,1005.0,,8.0
2024-07-25,18,24.2,21.9,87.0,0.6,,270.0,7.6,,1001.7,,5.0
2024-07-25,19,23.6,22.0,91.0,0.6,,266.0,9.3,,1001.2,,7.0
2024-07-25,20,23.5,21.9,91.0,0.5,,269.0,9.3,,1000.8,,7.0
2024-07-25,21,23.2,22.0,93.0,1.3,,270.0,5.4,,1000.8,,7.0
2024-07-25,22,23.1,21.7,92.0,0.8,,271.0,5.5,,1000.7,,4.0
2024-07-25,23,23.0,21.6,92.0,0.7,,271.0,7.4,,1000.6,,7.0
2024-07-26,0,23.2,21.5,90.0,0.4,,250.0,7.6,,1001.1,,7.0
2024-07-26,1,23.2,21.6,91.0,0.7,,271.0,7.4,,1001.0,,7.0
2024-07-26,2,23.0,21.1,89.0,1.3,,270.0,16.6,,1001.6,,7.0
2024-07-26,3,23.8,21.7,88.0,0.6,,230.0,7.6,,1001.9,,7.0
2024-07-26,4,25.0,21.1,79.0,0.0,,250.0,24.1,,1001.8,,7.0
2024-07-26,5,25.2,22.3,84.0,0.0,,248.0,7.4,,1001.8,,7.0
2024-07-26,6,27.2,24.5,85.0,0.0,,230.0,9.4,,1000.9,,4.0
2024-07-26,7,27.0,22.0,74.0,0.0,,270.0,22.3,,1001.2,,4.0
2024-07-26,8,28.0,22.0,70.0,0.0,,270.0,22.0,,1004.0,,5.0
2024-07-26,9,28.0,21.3,67.0,0.0,,250.0,9.4,,999.8,,5.0
2024-07-26,10,28.0,21.1,66.0,0.0,,250.0,29.5,,1003.0,,5.0
2024-07-26,11,27.0,21.1,70.0,0.0,,260.0,37.1,,1003.0,,5.0
2024-07-26,12,27.0,21.5,72.0,0.0,,230.0,16.6,,999.6,,5.0
2024-07-26,13,26.0,21.0,74.0,0.0,,270.0,22.3,,1004.0,,5.0
2024-07-26,14,26.0,21.0,74.0,0.4,,270.0,20.5,,1005.0,,5.0
2024-07-26,15,26.0,22.1,79.0,2.3,,270.0,7.6,,1001.4,,5.0
2024-07-26,16,26.0,21.0,74.0,0.8,,270.0,22.3,,1005.0,,5.0
2024-07-26,17,25.4,22.1,82.0,0.6,,269.0,9.3,,1001.7,,4.0
2024-07-26,18,26.2,21.6,76.0,0.0,,270.0,9.4,,1001.5,,4.0
2024-07-26,19,24.9,21.8,83.0,0.0,,270.0,9.3,,1001.5,,4.0
2024-07-26,20,24.6,21.7,84.0,0.0,,271.0,9.3,,1001.1,,7.0
2024-07-26,21,25.2,22.1,83.0,0.2,,270.0,11.2,,1001.3,,7.0
2024-07-26,22,24.3,21.8,86.0,0.5,,269.0,9.3,,1000.7,,7.0
2024-07-26,23,24.2,21.7,86.0,0.5,,267.0,9.3,,1000.7,,7.0
2024-07-27,0,24.6,21.7,84.0,0.6,,270.0,9.4,,1001.2,,7.0
2024-07-27,1,24.0,22.1,89.0,0.2,,270.0,26.0,,1006.0,,7.0
2024-07-27,2,24.0,22.1,89.0,0.0,,260.0,24.1,,1001.7,,7.0
2024-07-27,3,25.0,22.5,86.0,0.3,,230.0,14.8,,1002.4,,7.0
2024-07-27,4,24.0,22.1,89.0,0.2,,260.0,24.1,,1002.2,,7.0
2024-07-27,5,25.0,23.1,89.0,0.0,,270.0,25.9,,1002.0,,7.0
2024-07-27,6,25.8,22.9,84.0,0.1,,290.0,7.6,,1001.8,,7.0
2024-07-27,7,27.0,23.0,79.0,0.3,,270.0,22.3,,1001.3,,7.0
2024-07-27,8,26.0,23.1,84.0,0.7,,270.0,22.3,,1000.7,,7.0
2024-07-27,9,26.8,23.5,82.0,0.8,,270.0,5.4,,1000.3,,7.0
2024-07-27,10,27.0,23.0,79.0,0.5,,270.0,22.3,,1000.0,,8.0
2024-07-27,11,27.0,23.0,79.0,0.7,,270.0,16.6,,999.8,,7.0
2024-07-27,12,27.0,23.7,82.0,0.8,,270.0,5.4,,999.6,,7.0
2024-07-27,13,27.0,23.0,79.0,0.9,,280.0,18.4,,1000.0,,7.0
2024-07-27,14,27.0,23.0,79.0,0.8,,280.0,16.6,,1000.5,,7.0
2024-07-27,15,26.8,23.1,80.0,0.6,,270.0,5.4,,1000.7,,7.0
2024-07-27,16,26.0,23.1,84.0,0.6,,250.0,24.1,,1001.3,,7.0
2024-07-27,17,24.6,22.5,88.0,0.6,,273.0,9.3,,1001.5,,7.0
2024-07-27,18,25.4,22.5,84.0,0.0,,270.0,9.4,,1001.2,,7.0
2024-07-27,19,24.3,22.2,88.0,0.0,,271.0,9.3,,1001.2,,7.0
2024-07-27,20,24.2,22.1,88.0,0.0,,271.0,9.3,,1000.8,,7.0
2024-07-27,21,24.6,21.5,83.0,0.0,,270.0,7.6,,1000.3,,7.0
2024-07-27,22,24.5,21.6,84.0,0.0,,268.0,7.4,,1000.2,,7.0
2024-07-27,23,24.3,21.4,84.0,0.5,,266.0,7.4,,1000.2,,7.0
2024-07-28,0,24.6,21.5,83.0,0.3,,270.0,7.6,,1000.2,,7.0
2024-07-28,1,24.0,20.9,83.0,0.1,,260.0,22.0,,1004.0,,5.0
2024-07-28,2,24.6,21.9,85.0,0.1,,258.0,9.3,,1000.8,,7.0
2024-07-28,3,25.0,22.7,87.0,0.1,,230.0,9.4,,1001.6,,4.0
2024-07-28,4,25.9,22.4,81.0,0.0,,254.0,9.3,,1001.0,,4.0
2024-07-28,5,27.0,22.0,74.0,0.3,,260.0,28.0,,1004.0,,5.0
2024-07-28,6,27.6,23.0,76.0,0.6,,270.0,5.4,,1000.2,,5.0
2024-07-28,7,28.0,22.0,70.0,0.2,,270.0,22.3,,1003.0,,5.0
2024-07-28,8,28.0,22.0,70.0,0.2,,270.0,27.7,,1002.0,,5.0
2024-07-28,9,29.0,22.7,69.0,0.1,,270.0,7.6,,997.5,,5.0
2024-07-28,10,29.0,21.0,62.0,0.0,,280.0,30.0,,1001.0,,5.0
2024-07-28,11,29.0,21.0,62.0,0.0,,280.0,27.7,,1001.0,,5.0
2024-07-28,12,28.8,21.8,66.0,0.1,,270.0,9.4,,997.4,,5.0
2024-07-28,13,27.0,22.0,74.0,0.0,,250.0,14.8,,1002.0,,4.0
2024-07-28,14,25.0,23.1,89.0,0.0,,280.0,11.2,,1003.0,,3.0
2024-07-28,15,26.8,21.8,74.0,0.0,,270.0,5.4,,998.8,,3.0
2024-07-28,16,25.0,22.1,84.0,0.0,,280.0,13.0,,1003.0,,3.0
2024-07-28,17,26.2,22.3,79.0,0.0,,267.0,5.5,,999.4,,3.0
2024-07-28,18,26.4,22.7,80.0,0.0,,230.0,5.4,,999.5,,3.0
2024-07-28,19,25.6,22.5,83.0,0.0,,265.0,5.5,,999.3,,3.0
2024-07-28,20,25.4,22.3,83.0,0.0,,264.0,5.5,,999.0,,3.0
2024-07-28,21,24.6,23.0,91.0,0.0,,264.0,3.6,,999.0,,3.0
2024-07-28,22,24.6,22.8,90.0,0.0,,245.0,3.7,,999.0,,7.0
2024-07-28,23,24.5,22.6,89.0,0.0,,245.0,5.5,,999.0,,7.0
2024-07-29,0,24.8,22.5,87.0,0.7,,270.0,9.4,,998.9,,7.0
2024-07-29,1,24.0,22.1,89.0,0.0,,260.0,19.0,,1004.0,,5.0
2024-07-29,2,24.0,20.9,83.0,0.0,,240.0,14.8,,1004.0,,5.0
2024-07-29,3,25.6,21.9,80.0,0.0,,270.0,7.6,,1001.0,,5.0
2024-07-29,4,27.0,22.0,74.0,0.0,,250.0,20.5,,1005.0,,5.0
2024-07-29,5,28.0,22.0,70.0,0.0,,260.0,24.1,,1004.0,,5.0
2024-07-29,6,29.2,22.7,68.0,0.2,,270.0,9.4,,999.6,,5.0
2024-07-29,7,27.0,22.0,74.0,0.0,,240.0,25.9,,1003.0,,5.0
2024-07-29,8,28.0,22.9,74.0,0.7,,220.0,18.4,,1003.0,,5.0
2024-07-29,9,30.0,23.0,66.0,0.2,,250.0,9.4,,998.4,,5.0
2024-07-29,10,30.0,21.9,62.0,0.1,,260.0,24.1,,1002.0,,5.0
2024-07-29,11,29.0,22.0,66.0,0.0,,270.0,16.6,,1002.0,,5.0
2024-07-29,12,29.0,22.5,68.0,0.0,,260.0,16.6,,998.6,,3.0
2024-07-29,13,28.0,22.0,70.0,0.2,,250.0,13.0,,998.8,,3.0
2024-07-29,14,26.0,23.1,84.0,0.5,,200.0,5.4,,999.6,,3.0
2024-07-29,15,27.2,23.4,80.0,0.6,,261.0,1.8,,1000.6,,3.0
2024-07-29,16,26.0,24.0,89.0,0.0,,262.0,1.8,,1001.0,,3.0
2024-07-29,17,26.5,23.4,83.0,0.0,,262.0,1.8,,1001.3,,3.0
2024-07-29,18,27.0,24.3,85.0,0.0,,262.0,1.8,,1001.5,,3.0
2024-07-29,19,25.9,23.0,84.0,0.0,,261.0,3.7,,1001.4,,3.0
2024-07-29,20,25.7,23.0,85.0,0.0,,260.0,3.7,,1001.2,,3.0
2024-07-29,21,25.2,23.4,90.0,0.0,,270.0,5.4,,1001.5,,3.0
2024-07-29,22,25.0,23.1,89.0,0.0,,266.0,5.5,,1001.5,,7.0
2024-07-29,23,24.9,22.8,88.0,0.0,,261.0,5.5,,1001.5,,7.0
2024-07-30,0,24.8,22.5,87.0,0.0,,270.0,5.4,,1002.2,,7.0
2024-07-30,1,24.0,22.1,89.0,0.0,,240.0,7.0,,1007.0,,5.0
2024-07-30,2,25.0,22.1,84.0,0.0,,250.0,11.2,,1008.0,,5.0
2024-07-30,3,25.4,22.9,86.0,0.0,,250.0,7.6,,1004.1,,5.0
2024-07-30,4,28.0,22.9,74.0,0.0,,250.0,17.0,,1008.0,,5.0
2024-07-30,5,28.0,22.0,70.0,0.0,,250.0,20.5,,1008.0,,5.0
2024-07-30,6,29.2,22.7,68.0,0.1,,270.0,9.4,,1003.1,,5.0
2024-07-30,7,30.0,21.9,62.0,0.0,,270.0,24.1,,1002.7,,3.0
2024-07-30,8,31.0,23.1,63.0,0.0,,270.0,24.1,,1002.0,,3.0
2024-07-30,9,31.6,22.9,60.0,0.0,,270.0,7.6,,1000.9,,3.0
2024-07-30,10,31.0,22.1,59.0,0.3,,270.0,25.9,,1000.7,,3.0
2024-07-30,11,31.0,22.1,59.0,0.0,,260.0,24.1,,1000.4,,3.0
2024-07-30,12,30.8,22.1,60.0,0.0,,270.0,9.4,,1000.5,,7.0
2024-07-30,13,27.0,22.0,74.0,0.0,,220.0,9.4,,1001.3,,7.0
2024-07-30,14,28.0,22.0,70.0,0.0,,240.0,9.4,,1002.4,,7.0
2024-07-30,15,28.0,22.7,73.0,0.3,,270.0,5.4,,1003.9,,7.0
2024-07-30,16,26.0,22.1,79.0,0.0,,240.0,14.8,,1004.2,,8.0
2024-07-30,17,26.0,22.1,79.0,0.2,,230.0,11.2,,1004.5,,8.0
2024-07-30,18,26.6,22.2,77.0,0.0,,270.0,5.4,,1005.1,,8.0
2024-07-30,19,26.3,22.8,81.0,0.0,,272.0,5.5,,1004.5,,7.0
2024-07-30,20,26.0,22.7,82.0,0.0,,272.0,5.5,,1004.2,,7.0
2024-07-30,21,25.8,21.7,78.0,0.0,,270.0,7.6,,1004.1,,3.0
2024-07-30,22,25.4,22.5,84.0,0.0,,270.0,5.5,,1004.1,,3.0
2024-07-30,23,25.1,22.4,85.0,0.0,,268.0,7.4,,1004.1,,3.0
2024-07-31,0,24.8,21.9,84.0,0.0,,270.0,7.6,,1004.5,,3.0
2024-07-31,1,25.2,22.3,84.0,0.0,,265.0,7.4,,1004.7,,3.0
2024-07-31,2,25.0,22.1,84.0,0.0,,260.0,22.3,,1009.0,,5.0
2024-07-31,3,26.0,22.3,80.0,0.0,,250.0,9.4,,1005.4,,5.0
2024-07-31,4,28.0,22.0,70.0,0.0,,280.0,29.5,,1010.0,,5.0
2024-07-31,5,28.0,22.0,70.0,0.0,,260.0,25.9,,1010.0,,5.0
2024-07-31,6,29.8,22.8,66.0,0.0,,270.0,9.4,,1005.0,,5.0
2024-07-31,7,29.0,22.0,66.0,0.1,,260.0,16.6,,1008.0,,5.0
2024-07-31,8,31.0,23.1,63.0,0.0,,280.0,24.1,,1007.0,,5.0
2024-07-31,9,31.8,22.8,59.0,0.0,,270.0,9.4,,1002.4,,5.0
2024-07-31,10,31.0,22.1,59.0,0.1,,270.0,25.9,,1006.0,,5.0
2024-07-31,11,31.0,22.1,59.0,0.0,,270.0,22.3,,1006.0,,5.0
2024-07-31,12,31.0,21.8,58.0,0.2,,270.0,7.6,,1001.2,,5.0
2024-07-31,13,29.0,22.0,66.0,0.0,,300.0,9.4,,1007.0,,5.0
2024-07-31,14,29.0,22.0,66.0,0.0,,250.0,13.0,,1007.0,,5.0
2024-07-31,15,29.0,22.5,68.0,0.0,,270.0,7.6,,1003.6,,5.0
2024-07-31,16,29.0,21.0,62.0,0.2,,250.0,16.6,,1009.0,,5.0
2024-07-31,17,27.6,22.3,73.0,0.0,,273.0,5.5,,1004.4,,8.0
2024-07-31,18,27.0,22.4,76.0,0.0,,270.0,5.4,,1005.4,,8.0
2024-07-31,19,26.5,22.4,78.0,0.0,,276.0,5.5,,1004.5,,7.0
2024-07-31,20,26.1,22.2,79.0,0.0,,276.0,5.5,,1004.1,,7.0
2024-07-31,21,25.7,22.0,80.0,0.0,,277.0,5.5,,1003.8,,7.0
2024-07-31,22,26.0,22.5,81.0,0.1,,270.0,7.4,,1003.7,,7.0
2024-07-31,23,25.6,22.3,82.0,0.1,,271.0,7.4,,1003.8,,7.0
2024-08-01,0,25.8,22.1,80.0,0.0,,270.0,7.6,,1004.1,,7.0
2024-08-01,1,25.0,22.1,84.0,0.0,,250.0,20.0,,1008.0,,5.0
2024-08-01,2,25.0,22.1,84.0,0.0,,260.0,20.5,,1008.0,,5.0
2024-08-01,3,26.0,22.5,81.0,0.0,,250.0,9.4,,1005.1,,5.0
2024-08-01,4,27.0,22.0,74.0,0.0,,250.0,18.4,,1009.0,,5.0
2024-08-01,5,27.0,22.0,74.0,0.0,,270.0,20.5,,1009.0,,5.0
2024-08-01,6,28.4,22.6,71.0,0.0,,260.0,22.3,,1004.9,,5.0
2024-08-01,7,29.0,22.0,66.0,0.0,,290.0,22.3,,1009.0,,5.0
2024-08-01,8,28.0,22.0,70.0,0.2,,260.0,22.3,,1008.0,,5.0
2024-08-01,9,29.4,22.6,67.0,0.2,,270.0,7.6,,1002.6,,5.0
2024-08-01,10,29.0,23.0,70.0,0.3,,260.0,20.5,,1006.0,,5.0
2024-08-01,11,29.0,22.0,66.0,0.2,,250.0,22.3,,1006.0,,5.0
2024-08-01,12,28.8,21.8,66.0,0.2,,270.0,5.4,,1002.0,,5.0
2024-08-01,13,28.0,22.0,70.0,0.0,,240.0,11.2,,1007.0,,5.0
2024-08-01,14,27.0,22.0,74.0,0.1,,270.0,18.4,,1008.0,,5.0
2024-08-01,15,27.4,22.1,73.0,0.3,,270.0,5.4,,1004.1,,5.0
2024-08-01,16,27.0,22.0,74.0,0.5,,260.0,20.5,,1009.0,,5.0
2024-08-01,17,26.5,22.4,78.0,0.3,,271.0,5.5,,1004.8,,7.0
2024-08-01,18,26.8,21.6,73.0,0.0,,250.0,9.4,,1005.1,,3.0
2024-08-01,19,25.7,22.2,81.0,0.0,,270.0,5.5,,1004.7,,3.0
2024-08-01,20,25.4,22.3,83.0,0.0,,269.0,5.5,,1004.2,,3.0
2024-08-01,21,25.2,22.3,84.0,0.0,,230.0,11.2,,1003.7,,3.0
2024-08-01,22,24.9,22.0,84.0,0.4,,267.0,7.4,,1003.7,,3.0
2024-08-01,23,24.7,22.0,85.0,1.2,,266.0,7.4,,1003.7,,3.0
2024-08-02,0,25.0,21.7,82.0,0.6,,270.0,11.2,,1003.7,,3.0
2024-08-02,1,25.0,21.1,79.0,0.3,,280.0,24.0,,1008.0,,5.0
2024-08-02,2,25.0,21.1,79.0,0.0,,260.0,25.9,,1008.0,,5.0
2024-08-02,3,25.6,21.9,80.0,0.0,,270.0,9.4,,1004.9,,5.0
2024-08-02,4,27.0,22.0,74.0,0.4,,260.0,25.9,,1009.0,,5.0
2024-08-02,5,27.0,22.0,74.0,0.5,,270.0,18.4,,1009.0,,5.0
2024-08-02,6,28.0,22.0,70.0,0.3,,270.0,11.2,,1004.6,,5.0
2024-08-02,7,28.0,22.0,70.0,0.1,,260.0,22.3,,1008.0,,5.0
2024-08-02,8,29.0,22.0,66.0,0.1,,250.0,18.4,,1007.0,,5.0
2024-08-02,9,30.0,21.7,61.0,2.8,,270.0,14.8,,1002.2,,5.0
2024-08-02,10,30.0,21.9,62.0,1.9,,250.0,20.5,,1006.0,,5.0
2024-08-02,11,29.0,21.0,62.0,1.2,,250.0,25.9,,1006.0,,5.0
2024-08-02,12,29.0,21.5,64.0,0.2,,270.0,14.8,,1001.7,,5.0
2024-08-02,13,28.0,22.0,70.0,0.2,,230.0,14.8,,1007.0,,5.0
2024-08-02,14,28.0,22.0,70.0,0.5,,250.0,18.4,,1008.0,,5.0
2024-08-02,15,28.0,21.5,68.0,0.7,,270.0,9.4,,1003.9,,5.0
2024-08-02,16,26.0,21.0,74.0,0.7,,250.0,27.7,,1009.0,,5.0
2024-08-02,17,26.9,21.7,73.0,0.5,,268.0,9.3,,1004.9,,3.0
2024-08-02,18,26.2,22.1,78.0,0.4,,250.0,11.2,,1005.8,,3.0
2024-08-02,19,25.9,21.6,77.0,0.3,,267.0,9.3,,1005.1,,3.0
2024-08-02,20,25.4,21.5,79.0,0.3,,267.0,9.3,,1004.8,,3.0
2024-08-02,21,25.0,21.3,80.0,0.2,,267.0,9.3,,1004.4,,3.0
2024-08-02,22,25.3,21.6,80.0,0.1,,253.0,9.3,,1004.4,,3.0
2024-08-02,23,24.9,21.4,81.0,0.1,,255.0,9.3,,1004.5,,3.0
2024-08-03,0,25.0,21.5,81.0,0.0,,250.0,11.2,,1004.6,,3.0
2024-08-03,1,24.0,20.9,83.0,0.0,,240.0,19.0,,1009.0,,5.0
2024-08-03,2,25.0,21.1,79.0,0.0,,250.0,18.4,,1009.0,,5.0
2024-08-03,3,25.6,21.3,77.0,0.0,,250.0,11.2,,1005.7,,5.0
2024-08-03,4,26.6,21.6,74.0,0.0,,251.0,11.1,,1005.6,,3.0
2024-08-03,5,28.0,22.0,70.0,0.0,,260.0,18.4,,1009.0,,5.0
2024-08-03,6,29.4,21.9,64.0,0.0,,270.0,18.4,,1004.7,,5.0
2024-08-03,7,29.0,22.0,66.0,0.0,,270.0,22.3,,1009.0,,5.0
2024-08-03,8,29.0,21.0,62.0,0.0,,270.0,25.9,,1008.0,,5.0
2024-08-03,9,30.4,21.8,60.0,0.0,,230.0,9.4,,1003.1,,5.0
2024-08-03,10,29.0,22.0,66.0,0.0,,270.0,18.4,,1007.0,,5.0
2024-08-03,11,29.0,22.0,66.0,0.0,,250.0,22.3,,1007.0,,5.0
2024-08-03,12,29.4,21.9,64.0,0.0,,250.0,7.6,,1003.0,,5.0
2024-08-03,13,28.0,22.0,70.0,0.0,,240.0,14.8,,1008.0,,5.0
2024-08-03,14,28.0,21.1,66.0,0.0,,240.0,16.6,,1009.0,,5.0
2024-08-03,15,28.2,21.5,67.0,0.0,,270.0,5.4,,1004.9,,5.0
2024-08-03,16,27.0,21.1,70.0,0.0,,240.0,11.2,,1010.0,,5.0
2024-08-03,17,27.2,21.7,72.0,0.0,,264.0,5.5,,1005.8,,4.0
2024-08-03,18,27.2,21.7,72.0,0.0,,270.0,5.4,,1006.0,,4.0
2024-08-03,19,26.2,21.6,76.0,0.0,,261.0,5.5,,1005.9,,4.0
2024-08-03,20,25.8,21.5,77.0,0.0,,261.0,7.4,,1005.5,,4.0
2024-08-03,21,25.3,21.4,79.0,0.0,,260.0,7.4,,1005.2,,4.0
2024-08-03,22,25.5,21.4,78.0,0.0,,266.0,7.4,,1005.2,,4.0
2024-08-03,23,25.1,21.2,79.0,0.0,,263.0,7.4,,1005.3,,4.0
2024-08-04,0,25.0,21.3,80.0,0.0,,270.0,7.6,,1005.4,,4.0
2024-08-04,1,25.2,21.3,79.0,0.0,,259.0,9.3,,1006.0,,4.0
2024-08-04,2,25.0,21.1,79.0,0.0,,240.0,16.6,,1006.6,,4.0
2024-08-04,3,25.6,21.5,78.0,0.0,,230.0,9.4,,1006.3,,4.0
2024-08-04,4,26.7,21.7,74.0,0.0,,237.0,9.3,,1006.2,,4.0
2024-08-04,5,28.0,21.1,66.0,0.0,,250.0,25.9,,1006.2,,4.0
2024-08-04,6,29.4,21.9,64.0,0.0,,270.0,11.2,,1005.8,,4.0
2024-08-04,7,29.0,22.0,66.0,0.0,,240.0,20.5,,1005.4,,4.0
2024-08-04,8,30.0,22.2,63.0,0.4,,259.0,9.3,,1004.6,,4.0
2024-08-04,9,30.6,22.0,60.0,0.2,,230.0,11.2,,1004.2,,4.0
2024-08-04,10,29.0,22.0,66.0,0.2,,260.0,20.5,,1008.0,,5.0
2024-08-04,11,27.0,23.0,79.0,0.3,,260.0,13.0,,1008.0,,5.0
2024-08-04,12,28.8,23.0,71.0,0.0,,230.0,5.4,,1003.3,,5.0
2024-08-04,13,27.0,21.1,70.0,0.3,,280.0,11.2,,1008.0,,5.0
2024-08-04,14,27.0,22.0,74.0,0.0,,250.0,25.9,,1010.0,,5.0
2024-08-04,15,27.0,21.1,70.0,0.0,,270.0,7.6,,1006.0,,5.0
2024-08-04,16,26.0,21.0,74.0,0.5,,260.0,24.1,,1011.0,,5.0
2024-08-04,17,26.3,21.5,75.0,0.0,,265.0,7.4,,1006.7,,3.0
2024-08-04,18,26.4,21.4,74.0,0.0,,270.0,7.6,,1007.1,,3.0
2024-08-04,19,25.7,21.6,78.0,0.0,,261.0,5.5,,1006.7,,3.0
2024-08-04,20,25.5,21.6,79.0,0.0,,260.0,5.5,,1006.3,,3.0
2024-08-04,21,25.6,21.3,77.0,0.0,,270.0,5.4,,1005.9,,3.0
2024-08-04,22,25.3,21.2,78.0,0.0,,266.0,5.5,,1005.9,,8.0
2024-08-04,23,25.0,21.1,79.0,0.0,,262.0,7.4,,1006.0,,7.0
2024-08-05,0,24.6,21.3,82.0,0.0,,270.0,5.4,,1005.9,,3.0
2024-08-05,1,25.2,21.3,79.0,0.0,,258.0,7.4,,1006.6,,3.0
2024-08-05,2,25.0,21.1,79.0,0.0,,250.0,16.6,,1007.1,,3.0
2024-08-05,3,26.2,22.1,78.0,0.0,,230.0,7.6,,1008.0,,3.0
2024-08-05,4,27.3,22.3,74.0,0.0,,237.0,7.4,,1007.8,,3.0
2024-08-05,5,29.0,22.0,66.0,0.0,,250.0,20.5,,1007.6,,3.0
2024-08-05,6,30.4,22.0,61.0,0.1,,250.0,9.4,,1007.0,,3.0
2024-08-05,7,30.0,21.1,59.0,0.0,,250.0,22.3,,1006.6,,3.0
2024-08-05,8,31.0,20.9,55.0,0.0,,280.0,22.3,,1005.8,,3.0
2024-08-05,9,32.0,21.8,55.0,0.0,,270.0,7.6,,1004.6,,3.0
2024-08-05,10,31.0,20.9,55.0,0.3,,250.0,22.3,,1009.0,,5.0
2024-08-05,11,32.0,20.9,52.0,0.4,,280.0,16.6,,1008.0,,5.0
2024-08-05,12,31.8,21.9,56.0,0.0,,270.0,7.6,,1003.3,,5.0
2024-08-05,13,30.0,21.1,59.0,0.0,,330.0,9.4,,1009.0,,5.0
2024-08-05,14,28.0,22.0,70.0,0.0,,300.0,5.4,,1009.0,,5.0
2024-08-05,15,27.8,23.2,76.0,0.0,,263.0,3.6,,1005.1,,5.0
2024-08-05,16,27.0,22.0,74.0,0.0,,269.0,3.6,,1011.0,,5.0
2024-08-05,17,26.7,22.8,79.0,0.0,,269.0,3.7,,1006.1,,8.0
2024-08-05,18,27.6,22.3,73.0,0.0,,0.0,0.0,,1006.6,,8.0
2024-08-05,19,25.9,22.4,81.0,0.0,,269.0,3.7,,1006.4,,7.0
2024-08-05,20,25.6,22.3,82.0,0.0,,269.0,5.5,,1006.1,,7.0
2024-08-05,21,25.2,22.7,86.0,0.0,,250.0,11.2,,1005.6,,7.0
2024-08-05,22,24.9,22.4,86.0,0.0,,251.0,9.3,,1005.6,,7.0
2024-08-05,23,24.7,22.2,86.0,0.0,,253.0,9.3,,1005.6,,7.0
2024-08-06,0,25.0,22.5,86.0,0.0,,270.0,7.6,,1005.2,,7.0
2024-08-06,1,24.8,21.9,84.0,0.0,,258.0,7.4,,1006.0,,4.0
2024-08-06,2,25.0,22.1,84.0,0.0,,250.0,11.2,,1006.4,,4.0
2024-08-06,3,25.4,22.3,83.0,0.0,,270.0,7.6,,1006.6,,4.0
2024-08-06,4,26.0,22.1,79.0,0.0,,270.0,22.3,,1006.6,,4.0
2024-08-06,5,27.0,22.0,74.0,0.4,,280.0,18.4,,1006.4,,4.0
2024-08-06,6,28.8,22.8,70.0,0.3,,270.0,7.6,,1005.7,,4.0
2024-08-06,7,28.0,22.0,70.0,0.3,,290.0,18.4,,1005.5,,4.0
2024-08-06,8,27.0,22.0,74.0,0.3,,270.0,22.3,,1004.7,,7.0
2024-08-06,9,28.2,22.7,72.0,0.3,,270.0,5.4,,1004.6,,8.0
2024-08-06,10,27.9,22.6,73.0,1.1,,272.0,5.5,,1004.2,,9.0
2024-08-06,11,27.0,22.0,74.0,3.9,,270.0,11.2,,1008.0,,9.0
2024-08-06,12,28.0,22.5,72.0,0.6,,0.0,0.0,,1003.7,,5.0
2024-08-06,13,25.0,21.1,79.0,0.7,,300.0,18.4,,1008.0,,8.0
2024-08-06,14,24.0,22.1,89.0,0.4,,270.0,3.6,,1009.0,,8.0
2024-08-06,15,25.0,22.9,88.0,0.9,,249.0,3.6,,1005.4,,8.0
2024-08-06,16,24.0,22.1,89.0,0.7,,275.0,3.6,,1010.0,,8.0
2024-08-06,17,24.7,22.8,89.0,0.5,,275.0,1.8,,1006.1,,9.0
2024-08-06,18,25.2,22.1,83.0,0.4,,275.0,3.6,,1006.0,,9.0
2024-08-06,19,24.4,22.7,90.0,0.5,,276.0,1.8,,1006.0,,9.0
2024-08-06,20,24.2,22.5,90.0,0.3,,277.0,3.7,,1005.5,,9.0
2024-08-06,21,24.4,22.3,88.0,0.0,,278.0,3.6,,1004.7,,9.0
2024-08-06,22,24.3,22.2,88.0,0.1,,272.0,3.7,,1004.7,,7.0
2024-08-06,23,24.1,22.2,89.0,0.6,,272.0,3.7,,1004.8,,7.0
2024-08-07,0,24.4,21.7,85.0,0.6,,270.0,7.6,,1005.1,,7.0
2024-08-07,1,24.2,22.3,89.0,0.4,,270.0,3.7,,1005.4,,7.0
2024-08-07,2,24.0,22.1,89.0,0.3,,250.0,14.8,,1005.9,,7.0
2024-08-07,3,25.0,22.1,84.0,0.4,,270.0,5.4,,1006.9,,7.0
2024-08-07,4,25.0,22.1,84.0,0.6,,260.0,16.6,,1006.8,,8.0
2024-08-07,5,26.0,22.1,79.0,0.9,,260.0,18.4,,1006.6,,8.0
2024-08-07,6,26.2,21.4,75.0,0.2,,270.0,7.6,,1006.4,,7.0
2024-08-07,7,26.0,22.1,79.0,0.0,,300.0,15.0,,1010.0,,5.0
2024-08-07,8,25.0,22.1,84.0,0.9,,310.0,22.3,,1009.0,,8.0
2024-08-07,9,25.4,22.9,86.0,1.4,,270.0,5.4,,1004.7,,8.0
2024-08-07,10,25.0,23.1,89.0,0.4,,250.0,9.4,,1008.0,,7.0
2024-08-07,11,26.0,23.1,84.0,0.5,,270.0,16.6,,1008.0,,5.0
2024-08-07,12,26.6,22.4,78.0,0.4,,270.0,5.4,,1004.5,,5.0
2024-08-07,13,25.0,22.1,84.0,0.4,,260.0,9.4,,1008.0,,7.0
2024-08-07,14,25.0,22.1,84.0,0.3,,310.0,5.4,,1010.0,,5.0
2024-08-07,15,25.4,22.9,86.0,0.4,,272.0,3.6,,1006.0,,5.0
2024-08-07,16,25.0,22.1,84.0,0.2,,270.0,7.6,,1010.0,,5.0
2024-08-07,17,24.7,22.8,89.0,0.5,,294.0,1.8,,1006.4,,7.0
2024-08-07,18,24.8,23.0,90.0,0.6,,0.0,0.0,,1006.9,,7.0
2024-08-07,19,24.2,22.5,90.0,0.6,,294.0,1.8,,1006.2,,7.0
2024-08-07,20,23.9,22.3,91.0,0.6,,295.0,1.8,,1005.7,,7.0
2024-08-07,21,22.8,22.0,95.0,1.1,,296.0,3.6,,1006.2,,7.0
2024-08-07,22,22.9,21.9,94.0,0.9,,275.0,3.7,,1006.1,,8.0
2024-08-07,23,23.0,21.8,93.0,0.6,,275.0,3.7,,1006.1,,8.0
2024-08-08,0,23.0,22.2,95.0,1.1,,275.0,3.6,,1006.2,,8.0
2024-08-08,1,23.4,21.8,91.0,1.0,,274.0,3.7,,1006.6,,8.0
2024-08-08,2,24.0,22.1,89.0,0.6,,250.0,13.0,,1007.1,,8.0
2024-08-08,3,23.8,22.2,91.0,0.3,,270.0,5.4,,1007.8,,8.0
2024-08-08,4,25.0,22.1,84.0,0.2,,280.0,16.6,,1007.7,,7.0
2024-08-08,5,27.0,22.0,74.0,0.1,,280.0,14.8,,1007.6,,7.0
2024-08-08,6,27.2,23.2,79.0,0.2,,270.0,5.4,,1007.1,,7.0
2024-08-08,7,28.0,22.0,70.0,0.0,,300.0,14.8,,1006.8,,7.0
2024-08-08,8,28.0,22.0,70.0,0.0,,290.0,16.6,,1006.0,,7.0
2024-08-08,9,28.8,22.8,70.0,0.2,,270.0,5.4,,1005.0,,7.0
2024-08-08,10,28.6,22.8,71.0,0.0,,274.0,5.5,,1004.8,,4.0
2024-08-08,11,28.4,22.6,71.0,0.0,,280.0,5.5,,1004.5,,4.0
2024-08-08,12,29.0,23.9,74.0,0.0,,270.0,5.4,,1004.6,,5.0
2024-08-08,13,27.0,23.0,79.0,0.0,,290.0,3.6,,1009.0,,5.0
2024-08-08,14,27.0,22.0,74.0,0.0,,293.0,3.6,,1010.0,,5.0
2024-08-08,15,26.8,23.5,82.0,0.0,,0.0,0.0,,1007.0,,5.0
2024-08-08,16,26.0,22.1,79.0,0.0,,300.0,5.4,,1012.0,,5.0
2024-08-08,17,26.0,22.1,79.0,0.0,,306.0,3.6,,1012.0,,5.0
2024-08-08,18,25.6,23.7,89.0,0.0,,0.0,0.0,,1008.0,,3.0
2024-08-08,19,24.6,22.7,89.0,0.0,,305.0,0.0,,1007.2,,3.0
2024-08-08,20,24.3,22.6,90.0,0.0,,343.0,1.8,,1006.9,,3.0
2024-08-08,21,25.0,23.8,93.0,0.0,,0.0,0.0,,1006.7,,3.0
2024-08-08,22,24.7,23.5,93.0,0.0,,311.0,0.0,,1006.8,,7.0
2024-08-08,23,24.4,23.2,93.0,0.0,,269.0,1.8,,1006.9,,7.0
2024-08-09,0,24.0,23.5,97.0,0.0,,0.0,0.0,,1007.2,,7.0
2024-08-09,1,24.0,22.1,89.0,0.0,,260.0,15.0,,1012.0,,5.0
2024-08-09,2,24.0,22.1,89.0,0.0,,260.0,13.0,,1013.0,,5.0
2024-08-09,3,24.6,22.8,90.0,0.0,,280.0,14.8,,1009.4,,5.0
2024-08-09,4,27.0,23.0,79.0,0.0,,260.0,22.0,,1013.0,,5.0
2024-08-09,5,27.0,22.0,74.0,0.0,,310.0,22.3,,1012.0,,5.0
2024-08-09,6,28.4,24.0,77.0,0.1,,280.0,18.4,,1008.0,,5.0
2024-08-09,7,30.0,21.9,62.0,0.2,,290.0,14.8,,1011.0,,5.0
2024-08-09,8,30.0,21.1,59.0,0.0,,300.0,18.4,,1010.0,,5.0
2024-08-09,9,31.2,22.5,60.0,0.0,,270.0,5.4,,1005.2,,5.0
2024-08-09,10,31.0,22.1,59.0,0.0,,290.0,14.8,,1009.0,,5.0
2024-08-09,11,30.5,22.4,62.0,0.0,,280.0,5.5,,1004.8,,3.0
2024-08-09,12,30.6,22.2,61.0,0.0,,320.0,11.2,,1004.2,,5.0
2024-08-09,13,29.0,21.0,62.0,0.0,,310.0,5.4,,1010.0,,5.0
2024-08-09,14,27.0,22.0,74.0,0.0,,297.0,3.6,,1011.0,,5.0
2024-08-09,15,27.4,22.8,76.0,0.0,,0.0,0.0,,1006.9,,5.0
2024-08-09,16,27.0,23.0,79.0,0.0,,325.0,3.6,,1012.0,,5.0
2024-08-09,17,26.6,22.9,80.0,0.0,,340.0,0.0,,1007.5,,3.0
2024-08-09,18,26.6,22.4,78.0,0.0,,270.0,5.4,,1008.2,,3.0
2024-08-09,19,25.9,23.0,84.0,0.0,,313.0,1.8,,1007.5,,3.0
2024-08-09,20,25.6,22.9,85.0,0.0,,314.0,1.8,,1007.2,,3.0
2024-08-09,21,24.8,23.0,90.0,0.0,,0.0,0.0,,1008.0,,3.0
2024-08-09,22,25.4,22.3,83.0,0.0,,277.0,3.7,,1007.1,,4.0
2024-08-09,23,25.1,22.2,84.0,0.0,,273.0,3.7,,1007.2,,3.0
2024-08-10,0,24.0,21.9,88.0,0.0,,270.0,5.4,,1007.9,,3.0
2024-08-10,1,25.0,22.1,84.0,0.0,,290.0,19.0,,1012.0,,5.0
2024-08-10,2,25.0,22.1,84.0,0.0,,280.0,14.8,,1013.0,,5.0
2024-08-10,3,26.4,23.3,83.0,0.0,,280.0,18.4,,1008.7,,3.0
2024-08-10,4,28.0,22.9,74.0,0.0,,300.0,14.8,,1013.0,,3.0
2024-08-10,5,29.0,22.0,66.0,0.0,,250.0,19.0,,1012.0,,3.0
2024-08-10,6,30.0,22.7,65.0,0.0,,270.0,5.4,,1007.6,,3.0
2024-08-10,7,31.0,22.1,59.0,0.0,,290.0,18.4,,1011.0,,3.0
2024-08-10,8,32.0,22.1,56.0,0.0,,270.0,18.4,,1010.0,,3.0
2024-08-10,9,32.2,22.0,55.0,0.0,,270.0,7.6,,1004.4,,3.0
2024-08-10,10,31.0,22.1,59.0,0.0,,290.0,14.8,,1009.0,,2.0
2024-08-10,11,31.0,22.1,59.0,0.0,,310.0,13.0,,1008.0,,3.0
2024-08-10,12,31.4,21.9,57.0,0.0,,290.0,5.4,,1003.3,,3.0
2024-08-10,13,29.0,21.0,62.0,0.0,,310.0,9.0,,1009.0,,3.0
2024-08-10,14,28.0,21.1,66.0,0.0,,310.0,5.4,,1009.0,,3.0
2024-08-10,15,28.4,21.9,68.0,0.0,,300.0,9.4,,1005.4,,3.0
2024-08-10,16,27.0,22.0,74.0,0.0,,280.0,7.6,,1010.0,,3.0
2024-08-10,17,27.5,22.2,73.0,0.0,,291.0,1.8,,1006.0,,3.0
2024-08-10,18,26.8,23.5,82.0,0.0,,0.0,0.0,,1007.0,,3.0
2024-08-10,19,26.6,22.2,77.0,0.0,,293.0,1.8,,1005.9,,3.0
2024-08-10,20,26.3,22.4,79.0,0.0,,295.0,1.8,,1005.6,,3.0
2024-08-10,21,25.8,22.9,84.0,0.0,,0.0,0.0,,1005.8,,3.0
2024-08-10,22,25.5,22.6,84.0,0.0,,267.0,1.8,,1005.8,,3.0
2024-08-10,23,25.2,22.5,85.0,0.0,,267.0,1.8,,1005.9,,3.0
2024-08-11,0,25.4,22.9,86.0,0.0,,250.0,5.4,,1006.5,,3.0
2024-08-11,1,25.0,21.1,79.0,0.0,,280.0,15.0,,1011.0,,5.0
2024-08-11,2,25.0,21.1,79.0,0.0,,280.0,9.4,,1006.4,,3.0
2024-08-11,3,26.2,21.8,77.0,0.0,,290.0,7.6,,1007.9,,5.0
2024-08-11,4,27.0,22.0,74.0,0.0,,260.0,14.8,,1011.0,,5.0
2024-08-11,5,28.0,22.0,70.0,0.1,,300.0,13.0,,1010.0,,5.0
2024-08-11,6,30.0,21.7,61.0,0.0,,320.0,9.4,,1005.5,,5.0
2024-08-11,7,30.0,21.9,62.0,0.0,,290.0,14.8,,1009.0,,5.0
2024-08-11,8,29.0,23.0,70.0,0.0,,320.0,7.6,,1009.0,,5.0
2024-08-11,9,30.6,22.0,60.0,0.0,,250.0,5.4,,1003.2,,3.0
2024-08-11,10,31.0,22.1,59.0,0.0,,300.0,18.4,,1007.0,,5.0
2024-08-11,11,30.0,21.1,59.0,0.0,,300.0,18.4,,1002.4,,3.0
2024-08-11,12,31.0,21.5,57.0,0.0,,270.0,5.4,,1002.0,,3.0
2024-08-11,13,29.8,21.5,61.0,0.0,,313.0,3.7,,1002.8,,3.0
2024-08-11,14,28.0,21.1,66.0,0.0,,310.0,7.6,,1003.4,,3.0
2024-08-11,15,28.4,22.6,71.0,0.0,,320.0,7.6,,1003.7,,3.0
2024-08-11,16,27.0,22.0,74.0,0.0,,320.0,5.4,,1004.1,,3.0
2024-08-11,17,27.5,22.7,75.0,0.0,,327.0,0.0,,1004.5,,3.0
2024-08-11,18,26.6,23.1,81.0,0.0,,0.0,0.0,,1005.0,,3.0
2024-08-11,19,26.6,22.4,78.0,0.0,,290.0,0.0,,1004.7,,3.0
2024-08-11,20,26.3,22.6,80.0,0.0,,331.0,1.8,,1004.5,,3.0
2024-08-11,21,25.9,22.4,81.0,0.0,,331.0,1.8,,1004.4,,7.0
2024-08-11,22,25.6,22.5,83.0,0.0,,275.0,3.7,,1005.4,,3.0
2024-08-11,23,25.4,22.3,83.0,0.0,,275.0,3.7,,1005.3,,3.0
2024-08-12,0,25.1,22.2,84.0,0.0,,275.0,3.7,,1005.3,,3.0
2024-08-12,1,23.0,23.0,100.0,0.0,,281.0,4.0,,1010.0,,3.0
2024-08-12,2,24.0,23.0,94.0,0.0,,285.0,4.0,,1011.0,,3.0
2024-08-12,3,24.0,24.0,100.0,0.0,,280.0,7.0,,1011.0,,3.0
2024-08-12,4,27.0,24.1,84.0,0.0,,260.0,6.0,,1011.0,,5.0
2024-08-12,5,28.0,22.9,74.0,0.0,,230.0,7.0,,1011.0,,5.0
2024-08-12,6,29.0,24.1,75.0,0.0,,300.0,7.0,,1010.0,,5.0
2024-08-12,7,29.3,23.3,70.0,0.0,,308.0,3.7,,1005.0,,4.0
2024-08-12,8,31.0,23.9,66.0,0.2,,300.0,9.0,,1008.0,,5.0
2024-08-12,9,32.0,23.0,59.0,0.0,,290.0,13.0,,1007.0,,5.0
2024-08-12,10,31.0,22.1,59.0,0.0,,270.0,13.0,,1007.0,,2.0
2024-08-12,11,31.0,22.1,59.0,0.2,,300.0,11.0,,1007.0,,3.0
2024-08-12,12,30.0,21.9,62.0,0.0,,330.0,9.0,,1007.0,,3.0
2024-08-12,13,29.0,23.0,70.0,0.0,,350.0,9.0,,1007.0,,3.0
2024-08-12,14,28.0,22.9,74.0,0.0,,320.0,6.0,,1008.0,,3.0
2024-08-12,15,27.0,23.0,79.0,0.0,,49.0,4.0,,1009.0,,2.0
2024-08-12,16,27.0,23.0,79.0,0.0,,47.0,4.0,,1009.0,,3.0
2024-08-12,17,27.2,23.4,80.0,0.0,,46.0,0.0,,1005.2,,3.0
2024-08-12,18,26.9,23.4,81.0,0.0,,89.0,0.0,,1005.4,,3.0
2024-08-12,19,26.6,23.5,83.0,0.0,,71.0,0.0,,1005.1,,3.0
2024-08-12,20,26.3,23.4,84.0,0.0,,42.0,1.8,,1004.9,,3.0
2024-08-12,21,26.0,23.3,85.0,0.0,,35.0,1.8,,1004.6,,3.0
2024-08-12,22,25.8,23.7,88.0,0.0,,28.0,0.0,,1005.4,,3.0
2024-08-12,23,25.5,23.4,88.0,0.0,,255.0,1.8,,1005.5,,3.0
2024-08-13,0,25.4,24.2,93.0,0.0,,0.0,0.0,,1006.1,,3.0
2024-08-13,1,25.0,24.0,94.0,0.0,,290.0,6.0,,1011.0,,3.0
2024-08-13,2,25.0,23.1,89.0,0.0,,310.0,5.4,,1012.0,,3.0
2024-08-13,3,25.0,23.8,93.0,0.0,,0.0,0.0,,1008.4,,3.0
2024-08-13,4,26.0,24.0,89.0,0.2,,310.0,5.4,,1012.0,,5.0
2024-08-13,5,29.0,24.1,75.0,0.3,,270.0,9.4,,1011.0,,5.0
2024-08-13,6,30.4,23.8,68.0,0.2,,350.0,11.2,,1005.7,,5.0
2024-08-13,7,29.0,24.1,75.0,0.0,,280.0,9.4,,1009.0,,5.0
2024-08-13,8,30.0,23.0,66.0,0.2,,290.0,7.6,,1009.0,,5.0
2024-08-13,9,31.6,24.2,65.0,0.0,,270.0,7.6,,1003.2,,5.0
2024-08-13,10,31.0,23.9,66.0,0.2,,350.0,11.2,,1007.0,,5.0
2024-08-13,11,31.0,23.1,63.0,0.0,,360.0,9.4,,1007.0,,5.0
2024-08-13,12,29.8,23.5,69.0,0.0,,360.0,5.4,,1002.7,,5.0
2024-08-13,13,28.0,24.0,79.0,0.3,,60.0,9.4,,1008.0,,5.0
2024-08-13,14,28.0,24.0,79.0,0.0,,90.0,5.4,,1009.0,,5.0
2024-08-13,15,28.2,24.2,79.0,0.0,,120.0,1.8,,1005.2,,5.0
2024-08-13,16,27.0,23.0,79.0,0.8,,107.0,3.6,,1010.0,,5.0
2024-08-13,17,27.0,23.0,79.0,0.2,,99.0,5.4,,1011.0,,5.0
2024-08-13,18,27.4,24.3,83.0,0.1,,0.0,0.0,,1006.2,,3.0
2024-08-13,19,26.6,24.1,86.0,0.0,,120.0,0.0,,1006.1,,3.0
2024-08-13,20,26.3,24.0,87.0,0.0,,98.0,1.8,,1005.8,,3.0
2024-08-13,21,25.9,23.8,88.0,0.0,,98.0,1.8,,1005.5,,3.0
2024-08-13,22,26.1,23.6,86.0,0.0,,77.0,1.8,,1005.2,,3.0
2024-08-13,23,25.8,23.5,87.0,0.0,,112.0,1.8,,1005.3,,3.0
2024-08-14,0,26.4,24.1,87.0,0.0,,0.0,0.0,,1005.1,,3.0
2024-08-14,1,26.0,25.0,94.0,0.0,,120.0,7.0,,1010.0,,3.0
2024-08-14,2,27.0,25.0,89.0,0.0,,120.0,7.6,,1011.0,,3.0
2024-08-14,3,27.4,23.6,80.0,0.0,,140.0,9.4,,1006.7,,5.0
2024-08-14,4,28.0,25.0,84.0,0.0,,120.0,9.4,,1012.0,,5.0
2024-08-14,5,30.0,23.9,70.0,0.1,,150.0,11.2,,1012.0,,5.0
2024-08-14,6,31.0,23.4,64.0,0.0,,244.0,3.6,,1005.6,,4.0
2024-08-14,7,30.0,23.9,70.0,0.0,,230.0,7.0,,1009.0,,5.0
2024-08-14,8,31.0,23.1,63.0,0.0,,130.0,11.2,,1008.0,,5.0
2024-08-14,9,31.4,23.2,62.0,0.0,,285.0,3.6,,1003.0,,5.0
2024-08-14,10,30.9,23.0,63.0,0.0,,81.0,3.7,,1002.8,,3.0
2024-08-14,11,30.5,23.2,65.0,0.0,,81.0,3.7,,1002.6,,3.0
2024-08-14,12,31.2,24.1,66.0,0.0,,90.0,5.4,,1002.4,,5.0
2024-08-14,13,29.0,24.1,75.0,0.0,,80.0,13.0,,1008.0,,5.0
2024-08-14,14,28.0,22.0,70.0,0.0,,280.0,7.6,,1009.0,,5.0
2024-08-14,15,27.8,23.8,79.0,0.0,,110.0,1.8,,1005.4,,5.0
2024-08-14,16,28.0,24.0,79.0,0.0,,110.0,7.6,,1010.0,,5.0
2024-08-14,17,27.3,24.0,82.0,0.0,,88.0,1.8,,1005.8,,4.0
2024-08-14,18,28.0,24.6,82.0,0.0,,270.0,5.4,,1005.8,,3.0
2024-08-14,19,26.7,24.0,85.0,0.0,,80.0,1.8,,1005.6,,3.0
2024-08-14,20,26.3,24.0,87.0,0.0,,74.0,1.8,,1005.3,,3.0
2024-08-14,21,26.9,22.7,78.0,0.0,,69.0,3.6,,1005.1,,3.0
2024-08-14,22,26.6,22.9,80.0,0.0,,132.0,3.7,,1005.1,,3.0
2024-08-14,23,26.3,23.0,82.0,0.0,,132.0,1.8,,1005.1,,3.0
2024-08-15,0,26.4,24.4,89.0,0.0,,132.0,3.6,,1005.0,,3.0
2024-08-15,1,26.0,24.0,89.0,0.0,,142.0,4.0,,1009.0,,5.0
2024-08-15,2,28.0,25.0,84.0,0.0,,147.0,4.0,,1010.0,,5.0
2024-08-15,3,28.6,23.5,74.0,0.0,,130.0,5.4,,1005.7,,5.0
2024-08-15,4,29.9,23.6,69.0,0.1,,156.0,0.0,,1005.5,,3.0
2024-08-15,5,31.1,23.5,64.0,0.0,,171.0,1.8,,1005.3,,3.0
2024-08-15,6,31.4,23.0,61.0,0.0,,0.0,0.0,,1004.1,,3.0
2024-08-15,7,32.7,23.6,59.0,0.0,,166.0,3.7,,1004.2,,7.0
2024-08-15,8,32.0,24.1,63.0,0.0,,150.0,3.6,,1007.0,,5.0
2024-08-15,9,33.2,23.5,57.0,0.0,,84.0,3.6,,1001.0,,8.0
2024-08-15,10,32.4,23.1,58.0,1.3,,76.0,3.7,,1002.3,,18.0
2024-08-15,11,31.5,22.8,60.0,1.1,,64.0,3.7,,1002.1,,25.0
2024-08-15,12,31.8,23.6,62.0,0.4,,140.0,5.4,,1000.7,,25.0
2024-08-15,13,30.0,23.9,70.0,0.7,,100.0,9.4,,1002.7,,25.0
2024-08-15,14,21.0,21.0,100.0,0.0,,290.0,27.7,,1003.4,,25.0
2024-08-15,15,22.4,21.7,96.0,0.0,,0.0,0.0,,1006.2,,18.0
2024-08-15,16,23.0,22.3,96.0,0.0,,88.0,0.0,,1005.9,,25.0
2024-08-15,17,23.6,22.8,95.0,0.3,,96.0,0.0,,1005.6,,25.0
2024-08-15,18,23.8,22.1,90.0,1.6,,0.0,0.0,,1005.8,,3.0
2024-08-15,19,24.4,23.2,93.0,0.2,,56.0,1.8,,1004.7,,3.0
2024-08-15,20,24.6,23.2,92.0,0.0,,55.0,1.8,,1004.2,,3.0
2024-08-15,21,23.6,22.0,91.0,0.0,,0.0,0.0,,1005.6,,3.0
2024-08-15,22,23.8,22.2,91.0,0.0,,55.0,0.0,,1005.2,,4.0
2024-08-15,23,24.0,22.6,92.0,0.0,,99.0,1.8,,1004.8,,4.0
2024-08-16,0,24.6,24.1,97.0,0.0,,0.0,0.0,,1003.5,,4.0
2024-08-16,1,25.0,25.0,100.0,0.0,,116.0,2.0,,1008.0,,5.0
2024-08-16,2,26.0,24.0,89.0,0.0,,131.0,3.6,,1009.0,,5.0
2024-08-16,3,27.2,24.7,86.0,0.0,,140.0,5.4,,1004.8,,5.0
2024-08-16,4,29.0,24.1,75.0,0.0,,120.0,7.6,,1009.0,,5.0
2024-08-16,5,30.0,23.9,70.0,0.0,,162.0,3.6,,1009.0,,5.0
2024-08-16,6,31.0,24.6,69.0,0.0,,162.0,3.6,,1003.6,,5.0
2024-08-16,7,32.0,25.1,67.0,0.0,,140.0,7.6,,1007.0,,5.0
2024-08-16,8,29.0,23.0,70.0,3.0,,230.0,11.2,,1007.0,,5.0
2024-08-16,9,32.8,25.1,64.0,5.9,,0.0,0.0,,1000.5,,8.0
2024-08-16,10,31.0,23.9,66.0,7.7,,170.0,6.0,,1005.0,,5.0
2024-08-16,11,31.0,23.1,63.0,0.6,,160.0,9.4,,1005.0,,5.0
2024-08-16,12,29.8,23.3,68.0,0.2,,270.0,5.4,,1002.0,,25.0
2024-08-16,13,24.0,23.0,94.0,0.0,,350.0,9.4,,1008.0,,5.0
2024-08-16,14,24.0,23.0,94.0,0.0,,104.0,3.6,,1009.0,,5.0
2024-08-16,15,24.4,23.5,95.0,0.0,,0.0,0.0,,1005.6,,5.0
2024-08-16,16,24.0,23.0,94.0,0.0,,101.0,3.6,,1010.0,,5.0
2024-08-16,17,24.6,23.6,94.0,0.0,,62.0,0.0,,1005.4,,7.0
2024-08-16,18,24.4,23.9,97.0,0.0,,0.0,0.0,,1005.7,,4.0
2024-08-16,19,24.7,23.5,93.0,0.0,,68.0,1.8,,1004.9,,3.0
2024-08-16,20,24.7,23.5,93.0,1.9,,66.0,1.8,,1004.6,,7.0
2024-08-16,21,24.8,23.0,90.0,11.1,,0.0,0.0,,1004.7,,7.0
2024-08-16,22,24.7,22.9,90.0,0.9,,67.0,0.0,,1004.8,,8.0
2024-08-16,23,24.5,22.9,91.0,0.0,,72.0,0.0,,1004.9,,8.0
2024-08-17,0,24.2,23.0,93.0,1.0,,0.0,0.0,,1005.7,,8.0
2024-08-17,1,25.1,23.2,89.0,0.1,,122.0,1.8,,1005.4,,8.0
2024-08-17,2,26.0,24.0,89.0,0.0,,120.0,9.4,,1005.7,,7.0
2024-08-17,3,27.4,24.3,83.0,0.0,,0.0,0.0,,1005.6,,7.0
2024-08-17,4,30.0,26.0,79.0,0.0,,115.0,5.4,,1005.4,,2.0
2024-08-17,5,30.0,23.9,70.0,0.0,,66.0,3.6,,1005.2,,2.0
2024-08-17,6,30.8,21.9,59.0,0.1,,0.0,0.0,,1004.2,,3.0
2024-08-17,7,32.0,23.0,59.0,0.3,,80.0,7.6,,1004.2,,8.0
2024-08-17,8,32.0,24.1,63.0,0.3,,87.0,7.6,,1003.3,,8.0
2024-08-17,9,33.4,20.6,47.0,0.2,,60.0,14.8,,1002.0,,5.0
2024-08-17,10,31.0,23.9,66.0,0.0,,120.0,7.6,,1007.0,,5.0
2024-08-17,11,31.0,23.9,66.0,0.2,,110.0,7.6,,1006.0,,5.0
2024-08-17,12,30.8,21.6,58.0,0.6,,110.0,13.0,,1002.4,,5.0
2024-08-17,13,28.0,22.9,74.0,0.0,,300.0,16.6,,1008.0,,5.0
2024-08-17,14,27.0,23.0,79.0,0.6,,50.0,3.6,,1010.0,,5.0
2024-08-17,15,26.8,23.7,83.0,0.0,,10.0,3.6,,1005.2,,5.0
2024-08-17,16,26.0,23.1,84.0,0.0,,40.0,5.4,,1010.0,,5.0
2024-08-17,17,26.4,23.3,83.0,0.0,,82.0,1.8,,1005.8,,3.0
2024-08-17,18,26.0,22.9,83.0,0.0,,0.0,0.0,,1006.7,,18.0
2024-08-17,19,25.7,23.4,87.0,0.3,,87.0,1.8,,1005.9,,18.0
2024-08-17,20,25.5,23.4,88.0,0.0,,84.0,1.8,,1005.6,,18.0
2024-08-17,21,25.2,23.4,90.0,0.0,,0.0,0.0,,1005.7,,8.0
2024-08-17,22,25.0,23.2,90.0,0.0,,81.0,0.0,,1005.8,,7.0
2024-08-17,23,24.8,23.2,91.0,0.6,,80.0,0.0,,1005.8,,7.0
2024-08-18,0,25.0,23.4,91.0,1.7,,0.0,0.0,,1005.9,,7.0
2024-08-18,1,25.4,23.3,88.0,0.0,,130.0,1.8,,1006.2,,7.0
2024-08-18,2,27.0,24.1,84.0,0.0,,129.0,5.4,,1006.5,,3.0
2024-08-18,3,28.6,23.5,74.0,0.0,,128.0,3.6,,1005.6,,3.0
2024-08-18,4,29.7,23.6,70.0,0.0,,158.0,3.7,,1005.6,,2.0
2024-08-18,5,31.0,25.1,71.0,0.0,,130.0,9.4,,1005.5,,3.0
2024-08-18,6,32.0,22.4,57.0,0.2,,360.0,3.6,,1005.6,,3.0
2024-08-18,7,32.0,24.1,63.0,0.0,,100.0,11.2,,1004.7,,7.0
2024-08-18,8,32.2,23.5,60.0,0.0,,125.0,3.7,,1004.0,,7.0
2024-08-18,9,29.2,22.7,68.0,0.0,,160.0,9.4,,1003.7,,8.0
2024-08-18,10,29.0,22.5,68.0,3.0,,158.0,7.4,,1003.4,,25.0
2024-08-18,11,28.8,22.3,68.0,0.2,,156.0,5.5,,1003.1,,25.0
2024-08-18,12,31.6,23.2,61.0,0.7,,170.0,5.4,,1002.8,,5.0
2024-08-18,13,28.0,24.0,79.0,0.0,,145.0,4.0,,1009.0,,5.0
2024-08-18,14,28.0,22.9,74.0,0.6,,10.0,13.0,,1010.0,,5.0
2024-08-18,15,27.2,23.2,79.0,0.7,,50.0,11.2,,1006.3,,5.0
2024-08-18,16,25.0,20.0,74.0,0.5,,51.0,1.8,,1011.0,,5.0
2024-08-18,17,25.0,20.0,74.0,0.5,,53.0,3.6,,1011.0,,5.0
2024-08-18,18,25.8,20.8,74.0,8.0,,0.0,0.0,,1007.3,,25.0
2024-08-18,19,25.8,23.3,86.0,1.5,,65.0,1.8,,1006.5,,25.0
2024-08-18,20,25.5,23.2,87.0,1.1,,72.0,1.8,,1006.1,,25.0
2024-08-18,21,25.2,22.1,83.0,0.0,,0.0,0.0,,1006.0,,25.0
2024-08-18,22,25.3,23.2,88.0,0.0,,31.0,3.7,,1005.4,,3.0
2024-08-18,23,25.1,23.0,88.0,0.0,,40.0,1.8,,1005.4,,3.0
2024-08-19,0,25.4,22.3,83.0,0.0,,0.0,0.0,,1005.3,,3.0
2024-08-19,1,25.7,23.2,86.0,0.0,,93.0,1.8,,1005.6,,3.0
2024-08-19,2,25.0,22.1,84.0,0.0,,115.0,3.6,,1005.9,,3.0
2024-08-19,3,26.4,23.3,83.0,0.0,,0.0,0.0,,1005.4,,18.0
2024-08-19,4,27.6,23.4,78.0,0.0,,123.0,0.0,,1005.3,,7.0
2024-08-19,5,28.8,23.5,73.0,0.2,,183.0,1.8,,1005.2,,7.0
2024-08-19,6,31.6,24.5,66.0,0.2,,183.0,1.8,,1004.7,,4.0
2024-08-19,7,32.0,24.1,63.0,4.5,,80.0,5.4,,1004.4,,8.0
2024-08-19,8,32.0,25.1,67.0,0.7,,140.0,7.6,,1003.7,,8.0
2024-08-19,9,27.0,23.9,83.0,1.4,,320.0,5.4,,1003.2,,25.0
2024-08-19,10,24.0,23.0,94.0,0.4,,325.0,3.6,,1007.0,,25.0
2024-08-19,11,24.0,23.0,94.0,0.0,,340.0,5.4,,1007.0,,25.0
2024-08-19,12,24.8,23.2,91.0,0.0,,0.0,0.0,,1003.9,,25.0
2024-08-19,13,24.0,23.0,94.0,0.0,,30.0,6.0,,1008.0,,25.0
2024-08-19,14,24.0,23.0,94.0,0.0,,40.0,3.6,,1009.0,,25.0
2024-08-19,15,24.6,22.8,90.0,0.0,,46.0,1.8,,1005.6,,25.0
2024-08-19,16,24.0,23.0,94.0,0.0,,62.0,3.6,,1010.0,,7.0
2024-08-19,17,24.5,22.9,91.0,0.0,,75.0,0.0,,1005.9,,7.0
2024-08-19,18,24.6,22.8,90.0,0.0,,89.0,3.6,,1006.7,,7.0
2024-08-19,19,24.4,23.0,92.0,2.6,,95.0,0.0,,1005.6,,7.0
2024-08-19,20,24.3,22.9,92.0,1.7,,72.0,1.8,,1005.1,,7.0
2024-08-19,21,24.5,22.6,89.0,0.1,,360.0,1.8,,1004.2,,7.0
2024-08-19,22,24.3,22.7,91.0,1.9,,70.0,1.8,,1004.6,,4.0
2024-08-19,23,24.4,22.8,91.0,0.0,,62.0,1.8,,1004.6,,4.0
2024-08-20,0,23.2,21.6,91.0,1.1,,0.0,0.0,,1005.4,,3.0
2024-08-20,1,23.0,23.0,100.0,0.3,,89.0,6.0,,1010.0,,4.0
2024-08-20,2,23.0,23.0,100.0,0.1,,120.0,7.0,,1011.0,,4.0
2024-08-20,3,23.5,22.8,96.0,0.0,,0.0,0.0,,1007.8,,4.0
2024-08-20,4,26.0,23.1,84.0,0.0,,250.0,11.0,,1010.0,,5.0
2024-08-20,5,26.0,23.1,84.0,0.0,,180.0,6.0,,1010.0,,5.0
2024-08-20,6,26.4,24.1,87.0,0.1,,221.0,1.8,,1005.3,,4.0
2024-08-20,7,30.0,25.1,75.0,0.0,,196.0,5.4,,1008.0,,5.0
2024-08-20,8,31.0,23.9,66.0,0.0,,110.0,9.4,,1008.0,,5.0
2024-08-20,9,31.2,23.6,64.0,0.0,,360.0,1.8,,1002.5,,5.0
2024-08-20,10,31.0,23.1,63.0,0.0,,210.0,6.0,,1006.0,,5.0
2024-08-20,11,30.0,23.9,70.0,0.1,,100.0,5.4,,1006.0,,5.0
2024-08-20,12,28.8,24.4,77.0,0.1,,230.0,5.4,,1002.3,,3.0
2024-08-20,13,26.0,25.0,94.0,0.0,,190.0,5.4,,1009.0,,3.0
2024-08-20,14,24.0,23.0,94.0,0.0,,240.0,24.1,,1010.0,,3.0
2024-08-20,15,23.2,22.4,95.0,0.0,,95.0,1.8,,1006.8,,3.0
2024-08-20,16,24.0,23.0,94.0,0.0,,99.0,1.8,,1010.0,,5.0
2024-08-20,17,23.9,22.9,94.0,0.0,,99.0,1.8,,1006.8,,25.0
2024-08-20,18,24.8,23.2,91.0,0.0,,0.0,0.0,,1007.5,,25.0
2024-08-20,19,24.3,23.1,93.0,0.0,,96.0,1.8,,1006.5,,25.0
2024-08-20,20,24.4,23.0,92.0,1.0,,93.0,1.8,,1006.1,,25.0
2024-08-20,21,24.8,23.2,91.0,1.7,,90.0,3.6,,1006.0,,18.0
2024-08-20,22,24.6,23.0,91.0,3.9,,90.0,3.7,,1006.0,,25.0
2024-08-20,23,24.4,22.8,91.0,0.1,,90.0,1.8,,1006.1,,25.0
2024-08-21,0,24.6,24.1,97.0,0.0,,0.0,0.0,,1006.3,,25.0
2024-08-21,1,25.0,24.0,94.0,0.0,,130.0,6.0,,1011.0,,5.0
2024-08-21,2,25.0,24.0,94.0,0.0,,100.0,5.4,,1011.0,,5.0
2024-08-21,3,27.0,23.9,83.0,0.0,,100.0,5.4,,1006.4,,5.0
2024-08-21,4,29.0,24.1,75.0,0.0,,120.0,9.4,,1011.0,,5.0
2024-08-21,5,29.0,25.0,79.0,0.3,,120.0,11.2,,1010.0,,5.0
2024-08-21,6,30.4,25.7,76.0,0.1,,90.0,9.4,,1005.1,,5.0
2024-08-21,7,31.0,23.9,66.0,0.0,,100.0,11.2,,1010.0,,5.0
2024-08-21,8,32.0,25.1,67.0,0.0,,140.0,11.2,,1009.0,,5.0
2024-08-21,9,31.6,24.7,67.0,0.0,,140.0,11.2,,1003.4,,5.0
2024-08-21,10,31.0,23.9,66.0,0.0,,110.0,13.0,,1007.0,,5.0
2024-08-21,11,30.0,23.0,66.0,0.0,,110.0,13.0,,1007.0,,5.0
2024-08-21,12,30.2,24.1,70.0,0.4,,210.0,11.2,,1002.2,,25.0
2024-08-21,13,27.0,24.1,84.0,0.0,,310.0,18.4,,1008.0,,25.0
2024-08-21,14,26.0,23.1,84.0,0.8,,330.0,5.4,,1009.0,,5.0
2024-08-21,15,26.8,23.9,84.0,0.0,,0.0,0.0,,1005.6,,5.0
2024-08-21,16,26.0,24.0,89.0,0.0,,50.0,5.4,,1011.0,,5.0
2024-08-21,17,26.4,24.1,87.0,0.0,,106.0,1.8,,1006.1,,25.0
2024-08-21,18,26.6,23.1,81.0,3.8,,106.0,3.6,,1007.1,,25.0
2024-08-21,19,25.9,23.9,89.0,3.6,,111.0,1.8,,1006.1,,25.0
2024-08-21,20,25.6,23.7,89.0,0.0,,118.0,1.8,,1005.8,,25.0
2024-08-21,21,26.2,23.3,84.0,0.0,,127.0,1.8,,1005.9,,25.0
2024-08-21,22,25.9,23.4,86.0,0.0,,171.0,1.8,,1005.9,,3.0
2024-08-21,23,25.5,23.2,87.0,0.0,,171.0,1.8,,1005.8,,3.0
2024-08-22,0,23.8,21.1,85.0,0.0,,0.0,0.0,,1006.7,,3.0
2024-08-22,1,24.0,20.9,83.0,0.0,,290.0,7.6,,1010.0,,5.0
2024-08-22,2,25.0,22.1,84.0,0.0,,260.0,9.4,,1010.0,,5.0
2024-08-22,3,25.8,22.7,83.0,0.0,,250.0,11.2,,1006.5,,5.0
2024-08-22,4,26.0,22.1,79.0,0.0,,240.0,11.2,,1011.0,,5.0
2024-08-22,5,28.2,23.1,74.0,0.0,,226.0,3.7,,1006.1,,3.0
2024-08-22,6,29.8,23.0,67.0,0.0,,230.0,5.4,,1005.8,,5.0
2024-08-22,7,29.0,23.0,70.0,0.0,,230.0,14.8,,1010.0,,5.0
2024-08-22,8,28.0,22.9,74.0,0.0,,220.0,18.4,,1009.0,,5.0
2024-08-22,9,29.6,23.1,68.0,0.0,,250.0,5.4,,1004.7,,5.0
2024-08-22,10,29.0,22.0,66.0,0.0,,230.0,22.3,,1009.0,,5.0
2024-08-22,11,29.0,22.0,66.0,1.3,,240.0,14.8,,1008.0,,5.0
2024-08-22,12,28.8,22.5,69.0,0.3,,230.0,5.4,,1003.9,,5.0
2024-08-22,13,27.0,23.0,79.0,0.2,,200.0,11.0,,1009.0,,5.0
2024-08-22,14,27.0,23.0,79.0,0.0,,210.0,9.4,,1010.0,,5.0
2024-08-22,15,27.4,23.4,79.0,0.0,,210.0,7.6,,1006.7,,5.0
2024-08-22,16,26.0,22.1,79.0,0.0,,210.0,7.6,,1012.0,,5.0
2024-08-22,17,26.4,23.1,82.0,0.1,,170.0,1.8,,1006.7,,3.0
2024-08-22,18,26.8,22.9,79.0,0.0,,230.0,9.4,,1008.5,,3.0
2024-08-22,19,26.0,22.9,83.0,0.0,,172.0,1.8,,1006.8,,3.0
2024-08-22,20,25.8,22.7,83.0,0.0,,176.0,1.8,,1006.5,,3.0
2024-08-22,21,26.0,22.3,80.0,0.1,,230.0,7.6,,1006.4,,3.0
2024-08-22,22,25.3,22.2,83.0,0.0,,236.0,7.4,,1006.6,,3.0
2024-08-22,23,25.0,21.9,83.0,0.0,,234.0,5.5,,1006.6,,3.0
2024-08-23,0,24.6,22.3,87.0,0.0,,230.0,7.6,,1006.7,,3.0
2024-08-23,1,24.0,22.1,89.0,0.0,,230.0,9.0,,1011.0,,3.0
2024-08-23,2,25.0,22.1,84.0,0.0,,240.0,13.0,,1012.0,,3.0
2024-08-23,3,25.8,22.9,84.0,0.0,,230.0,14.8,,1008.2,,3.0
2024-08-23,4,26.0,22.1,79.0,0.0,,250.0,14.8,,1012.0,,3.0
2024-08-23,5,28.0,22.0,70.0,0.0,,250.0,20.5,,1011.0,,3.0
2024-08-23,6,29.8,23.0,67.0,0.0,,230.0,5.4,,1006.4,,3.0
2024-08-23,7,29.0,23.0,70.0,0.0,,240.0,20.5,,1010.0,,3.0
2024-08-23,8,29.0,22.0,66.0,0.0,,240.0,14.8,,1010.0,,3.0
2024-08-23,9,30.6,23.3,65.0,0.0,,230.0,7.6,,1004.7,,3.0
2024-08-23,10,26.0,24.0,89.0,0.0,,260.0,14.8,,1009.0,,5.0
2024-08-23,11,28.0,22.9,74.0,0.0,,250.0,15.0,,1008.0,,5.0
2024-08-23,12,28.5,23.4,74.0,0.0,,360.0,3.6,,1004.0,,5.0
2024-08-23,13,27.0,22.0,74.0,0.0,,230.0,11.2,,1009.0,,5.0
2024-08-23,14,27.3,22.9,77.0,0.0,,217.0,3.7,,1006.0,,3.0
2024-08-23,15,26.8,23.1,80.0,0.0,,230.0,11.2,,1006.5,,3.0
2024-08-23,16,26.0,23.1,84.0,0.0,,220.0,11.2,,1006.8,,8.0
2024-08-23,17,26.0,23.1,84.0,0.0,,220.0,9.4,,1007.1,,8.0
2024-08-23,18,26.2,21.8,77.0,0.0,,270.0,5.4,,1007.2,,8.0
2024-08-23,19,25.0,22.9,88.0,0.0,,221.0,5.5,,1007.0,,7.0
2024-08-23,20,24.7,22.8,89.0,0.0,,220.0,5.5,,1006.6,,4.0
2024-08-23,21,25.8,22.3,81.0,0.0,,219.0,3.6,,1005.6,,4.0
2024-08-23,22,25.5,22.2,82.0,0.0,,240.0,3.7,,1005.7,,3.0
2024-08-23,23,25.2,22.1,83.0,0.0,,240.0,5.5,,1005.7,,3.0
2024-08-24,0,24.6,21.5,83.0,0.0,,270.0,7.6,,1006.0,,3.0
2024-08-24,1,24.0,20.9,83.0,0.0,,220.0,13.0,,1010.0,,5.0
2024-08-24,2,24.0,20.9,83.0,0.0,,220.0,25.9,,1011.0,,5.0
2024-08-24,3,25.0,22.1,84.0,0.1,,230.0,7.6,,1007.4,,5.0
2024-08-24,4,24.0,22.1,89.0,0.1,,230.0,18.4,,1011.0,,4.0
2024-08-24,5,26.0,22.1,79.0,0.2,,240.0,18.4,,1011.0,,5.0
2024-08-24,6,26.2,21.8,77.0,2.2,,230.0,7.6,,1006.4,,5.0
2024-08-24,7,26.0,22.1,79.0,1.7,,260.0,25.9,,1009.0,,5.0
2024-08-24,8,26.0,22.1,79.0,2.7,,230.0,25.9,,1009.0,,5.0
2024-08-24,9,27.2,21.5,71.0,0.9,,230.0,9.4,,1004.5,,5.0
2024-08-24,10,26.0,22.1,79.0,0.9,,230.0,14.8,,1007.0,,5.0
2024-08-24,11,27.0,21.1,70.0,1.2,,230.0,25.9,,1007.0,,5.0
2024-08-24,12,27.4,22.1,73.0,0.2,,230.0,3.6,,1003.3,,5.0
2024-08-24,13,26.0,21.0,74.0,0.4,,230.0,18.4,,1009.0,,5.0
2024-08-24,14,26.0,22.1,79.0,0.6,,210.0,18.4,,1009.0,,5.0
2024-08-24,15,25.6,21.9,80.0,0.7,,230.0,5.4,,1006.0,,5.0
2024-08-24,16,25.0,22.1,84.0,0.7,,240.0,18.4,,1011.0,,5.0
2024-08-24,17,24.9,21.8,83.0,0.5,,240.0,7.4,,1006.7,,7.0
2024-08-24,18,23.2,22.0,93.0,1.4,,230.0,5.4,,1008.0,,3.0
2024-08-24,19,24.3,21.6,85.0,0.7,,245.0,7.4,,1006.6,,3.0
2024-08-24,20,24.0,21.7,87.0,0.9,,245.0,7.4,,1006.2,,3.0
2024-08-24,21,23.0,21.5,91.0,0.6,,230.0,3.6,,1006.4,,3.0
2024-08-24,22,23.6,21.5,88.0,0.4,,247.0,7.4,,1005.6,,4.0
2024-08-24,23,23.5,21.4,88.0,2.1,,248.0,7.4,,1005.5,,4.0
2024-08-25,0,22.8,21.3,91.0,1.9,,230.0,7.6,,1006.8,,4.0
2024-08-25,1,23.0,21.1,89.0,0.8,,250.0,20.0,,1010.0,,5.0
2024-08-25,2,24.0,20.9,83.0,0.7,,250.0,16.6,,1010.0,,5.0
2024-08-25,3,24.2,20.9,82.0,0.5,,230.0,5.4,,1006.5,,5.0
2024-08-25,4,25.0,21.1,79.0,0.0,,240.0,19.0,,1010.0,,5.0
2024-08-25,5,26.0,21.0,74.0,0.0,,240.0,14.8,,1010.0,,5.0
2024-08-25,6,27.2,22.4,75.0,0.0,,230.0,7.6,,1005.8,,4.0
2024-08-25,7,28.0,22.0,70.0,0.0,,230.0,24.1,,1005.5,,4.0
2024-08-25,8,27.0,22.0,74.0,0.0,,250.0,20.5,,1004.8,,4.0
2024-08-25,9,28.2,21.7,68.0,0.0,,270.0,9.4,,1003.4,,4.0
2024-08-25,10,28.0,21.1,66.0,0.2,,250.0,22.3,,1003.9,,4.0
2024-08-25,11,29.0,22.0,66.0,0.5,,250.0,22.3,,1003.7,,4.0
2024-08-25,12,28.0,22.3,71.0,0.8,,270.0,5.4,,1002.4,,7.0
2024-08-25,13,25.5,21.6,79.0,0.6,,254.0,5.5,,1004.3,,7.0
2024-08-25,14,25.0,21.1,79.0,0.4,,240.0,14.8,,1005.1,,7.0
2024-08-25,15,26.0,22.3,80.0,0.4,,230.0,5.4,,1004.7,,7.0
2024-08-25,16,25.0,22.1,84.0,0.2,,230.0,16.6,,1006.1,,7.0
2024-08-25,17,23.9,21.8,88.0,0.3,,248.0,5.5,,1006.2,,3.0
2024-08-25,18,25.0,21.7,82.0,0.2,,230.0,5.4,,1005.5,,3.0
2024-08-25,19,23.7,21.6,88.0,0.1,,247.0,5.5,,1005.8,,3.0
2024-08-25,20,23.6,21.5,88.0,0.0,,247.0,5.5,,1005.3,,3.0
2024-08-25,21,23.6,21.5,88.0,0.0,,246.0,5.5,,1004.8,,3.0
2024-08-25,22,23.5,21.4,88.0,0.0,,247.0,5.5,,1004.7,,3.0
2024-08-25,23,23.3,21.2,88.0,0.0,,248.0,5.5,,1004.5,,3.0
2024-08-26,0,24.2,20.5,80.0,0.0,,270.0,14.8,,1004.3,,3.0
2024-08-26,1,23.6,21.3,87.0,0.0,,250.0,5.5,,1004.9,,3.0
2024-08-26,2,24.0,20.9,83.0,0.0,,230.0,14.8,,1005.4,,4.0
2024-08-26,3,25.2,21.1,78.0,0.0,,250.0,22.3,,1005.8,,4.0
2024-08-26,4,26.0,21.0,74.0,0.0,,230.0,22.3,,1005.6,,4.0
2024-08-26,5,27.0,21.1,70.0,0.0,,250.0,22.3,,1005.5,,4.0
2024-08-26,6,29.0,21.0,62.0,0.0,,260.0,29.5,,1005.4,,4.0
2024-08-26,7,28.0,21.1,66.0,0.0,,250.0,25.9,,1004.6,,4.0
2024-08-26,8,29.0,21.0,62.0,0.0,,240.0,22.3,,1003.9,,4.0
2024-08-26,9,29.8,21.7,62.0,0.0,,230.0,7.6,,1003.1,,4.0
2024-08-26,10,28.7,22.2,68.0,0.3,,253.0,7.4,,1003.0,,4.0
2024-08-26,11,28.5,22.0,68.0,0.2,,253.0,5.5,,1002.8,,4.0
2024-08-26,12,29.8,21.2,60.0,0.7,,230.0,9.4,,1001.8,,4.0
2024-08-26,13,28.0,21.1,66.0,0.2,,230.0,18.4,,1003.6,,3.0
2024-08-26,14,24.0,20.9,83.0,0.0,,270.0,9.4,,1004.4,,3.0
2024-08-26,15,25.8,22.3,81.0,0.0,,230.0,5.4,,1005.1,,3.0
2024-08-26,16,26.0,21.0,74.0,0.0,,240.0,18.4,,1005.7,,3.0
2024-08-26,17,25.5,22.0,81.0,0.0,,255.0,3.7,,1006.0,,3.0
2024-08-26,18,25.4,21.1,77.0,0.0,,230.0,9.4,,1005.8,,3.0
2024-08-26,19,25.0,21.9,83.0,0.0,,252.0,3.7,,1006.1,,3.0
2024-08-26,20,24.8,21.7,83.0,0.0,,251.0,3.7,,1005.8,,3.0
2024-08-26,21,24.6,20.7,79.0,0.0,,230.0,9.4,,1004.9,,3.0
2024-08-26,22,24.3,21.4,84.0,0.0,,252.0,3.7,,1005.5,,3.0
2024-08-26,23,24.1,21.4,85.0,0.0,,254.0,3.7,,1005.5,,3.0
2024-08-27,0,23.8,21.1,85.0,0.0,,230.0,5.4,,1006.0,,3.0
2024-08-27,1,24.4,21.3,83.0,0.0,,256.0,5.5,,1006.1,,3.0
2024-08-27,2,25.0,21.1,79.0,0.0,,230.0,27.7,,1006.6,,3.0
2024-08-27,3,25.6,22.7,84.0,0.0,,230.0,7.6,,1007.8,,3.0
2024-08-27,4,26.5,21.7,75.0,0.0,,255.0,5.5,,1007.0,,3.0
2024-08-27,5,27.5,21.8,71.0,0.0,,255.0,7.4,,1006.9,,3.0
2024-08-27,6,28.6,22.6,70.0,0.0,,230.0,3.6,,1007.0,,3.0
2024-08-27,7,29.1,21.9,65.0,0.0,,254.0,7.4,,1005.9,,3.0
2024-08-27,8,28.0,21.1,66.0,0.0,,250.0,18.4,,1005.1,,3.0
2024-08-27,9,28.2,24.0,78.0,0.0,,230.0,3.6,,1004.9,,3.0
2024-08-27,10,29.0,22.0,66.0,2.9,,240.0,14.8,,1004.4,,3.0
2024-08-27,11,29.0,21.0,62.0,0.1,,260.0,18.4,,1004.4,,3.0
2024-08-27,12,28.4,22.6,71.0,0.2,,230.0,9.4,,1004.1,,4.0
2024-08-27,13,28.0,21.1,66.0,0.0,,260.0,11.2,,1005.4,,4.0
2024-08-27,14,27.0,20.1,66.0,0.5,,260.0,24.1,,1006.4,,7.0
2024-08-27,15,25.6,21.3,77.0,0.0,,230.0,5.4,,1008.4,,7.0
2024-08-27,16,25.0,21.1,79.0,0.0,,250.0,13.0,,1007.7,,7.0
2024-08-27,17,25.6,22.1,81.0,0.0,,256.0,1.8,,1008.1,,7.0
2024-08-27,18,24.8,20.9,79.0,0.0,,230.0,5.4,,1008.7,,7.0
2024-08-27,19,25.3,22.0,82.0,,,255.0,3.7,,1008.1,,3.0
2024-08-27,20,25.0,21.9,83.0,,,255.0,3.7,,1007.8,,3.0
2024-08-27,21,24.4,21.1,82.0,,,230.0,5.4,,1007.0,,3.0
2024-08-27,22,24.4,21.5,84.0,,,259.0,3.7,,1007.5,,3.0
2024-08-27,23,24.2,21.3,84.0,,,263.0,3.7,,1007.5,,3.0
2024-08-28,0,23.8,20.7,83.0,,,270.0,7.6,,1006.7,,3.0
2024-08-28,1,24.5,21.2,82.0,,,261.0,3.7,,1007.8,,3.0
2024-08-28,2,24.0,19.9,78.0,,,260.0,13.0,,1008.2,,3.0
2024-08-28,3,25.4,21.1,77.0,,,230.0,9.4,,1008.3,,3.0
2024-08-28,4,27.0,21.1,70.0,,,260.0,29.5,,1008.2,,3.0
2024-08-28,5,27.7,21.5,69.0,,,258.0,5.5,,1007.9,,3.0
2024-08-28,6,27.8,21.8,70.0,,,230.0,9.4,,1007.4,,3.0
2024-08-28,7,28.0,21.1,66.0,,,240.0,24.1,,1006.5,,3.0
2024-08-28,8,28.0,21.1,66.0,,,270.0,18.4,,1005.5,,3.0
2024-08-28,9,28.0,21.5,68.0,,,230.0,7.6,,1005.6,,3.0
2024-08-28,10,28.0,20.0,62.0,,,260.0,25.9,,1004.3,,3.0
2024-08-28,11,29.0,21.0,62.0,,,260.0,18.4,,1004.2,,3.0
2024-08-28,12,29.0,21.8,65.0,,,230.0,5.4,,1003.5,,3.0
2024-08-28,13,28.0,21.1,66.0,,,240.0,14.8,,1004.8,,3.0
2024-08-28,14,27.0,21.1,70.0,,,260.0,9.4,,1005.5,,3.0
2024-08-28,15,27.2,21.7,72.0,,,230.0,5.4,,1006.3,,3.0
2024-08-28,16,26.0,22.1,79.0,,,200.0,7.6,,1006.5,,3.0
2024-08-28,17,25.9,21.8,78.0,,,256.0,3.7,,1006.7,,3.0
2024-08-28,18,26.4,21.6,75.0,,,230.0,3.6,,1006.6,,3.0
2024-08-28,19,25.4,21.7,80.0,,,259.0,3.7,,1006.5,,3.0
2024-08-28,20,25.0,21.5,81.0,,,263.0,3.7,,1006.0,,3.0
2024-08-28,21,25.8,21.7,78.0,,,230.0,3.6,,1005.4,,3.0
2024-08-28,22,24.4,21.3,83.0,,,264.0,5.5,,1005.5,,3.0
2024-08-28,23,24.2,21.1,83.0,,,262.0,5.5,,1005.4,,3.0
2024-08-29,0,24.4,22.1,87.0,,,230.0,7.6,,1004.8,,3.0
2024-08-29,1,24.5,21.0,81.0,,,263.0,5.5,,1005.8,,3.0
2024-08-29,2,24.0,20.9,83.0,,,260.0,22.3,,1006.2,,3.0
2024-08-29,3,25.4,21.3,78.0,,,250.0,7.6,,1006.3,,3.0
2024-08-29,4,27.0,21.1,70.0,,,270.0,22.3,,1006.4,,3.0
2024-08-29,5,28.0,21.1,66.0,,,270.0,22.3,,1006.2,,3.0
2024-08-29,6,29.0,21.2,63.0,,,250.0,7.6,,1005.7,,3.0
2024-08-29,7,29.0,21.0,62.0,,,310.0,22.3,,1005.1,,3.0
2024-08-29,8,31.0,22.1,59.0,,,290.0,14.8,,1004.2,,3.0
2024-08-29,9,30.8,22.4,61.0,,,270.0,5.4,,1002.7,,3.0
2024-08-29,10,25.0,23.1,89.0,,,340.0,7.6,,1003.1,,3.0
2024-08-29,11,28.0,22.0,70.0,,,270.0,18.4,,1002.9,,3.0
2024-08-29,12,26.4,22.7,80.0,,,270.0,5.4,,1003.4,,3.0
2024-08-29,13,25.0,23.1,89.0,,,287.0,3.6,,1003.5,,3.0
2024-08-29,14,25.0,22.1,84.0,,,220.0,16.6,,1004.2,,3.0
2024-08-29,15,25.2,21.7,81.0,,,230.0,5.4,,1006.0,,3.0
2024-08-29,16,25.0,21.7,82.0,,,285.0,3.7,,1005.2,,3.0
2024-08-29,17,24.7,21.8,84.0,,,286.0,1.8,,1005.5,,3.0
2024-08-29,18,23.2,22.0,93.0,,,0.0,0.0,,1005.7,,3.0
2024-08-29,19,24.2,21.5,85.0,,,282.0,3.7,,1005.4,,3.0
2024-08-29,20,24.0,21.7,87.0,,,278.0,3.7,,1005.0,,3.0
2024-08-29,21,23.6,22.4,93.0,,,275.0,1.8,,1004.2,,3.0
2024-08-29,22,23.8,21.3,86.0,,,273.0,3.7,,1004.6,,3.0
2024-08-29,23,23.6,21.3,87.0,,,271.0,3.7,,1004.7,,3.0
2024-08-30,0,24.0,21.7,87.0,,,270.0,1.8,,1004.7,,3.0
2024-08-30,1,24.0,20.9,83.0,,,290.0,13.0,,1005.3,,3.0
2024-08-30,2,24.5,21.4,83.0,,,267.0,3.7,,1005.8,,3.0
2024-08-30,3,24.6,22.5,88.0,,,360.0,5.4,,1006.6,,3.0
2024-08-30,4,25.0,22.1,84.0,,,290.0,16.6,,1006.1,,3.0
2024-08-30,5,26.9,21.9,74.0,,,266.0,5.5,,1005.9,,4.0
2024-08-30,6,27.0,23.7,82.0,,,280.0,22.3,,1006.1,,4.0
2024-08-30,7,28.1,21.9,69.0,,,270.0,5.5,,1004.9,,4.0
2024-08-30,8,28.0,22.0,70.0,,,290.0,13.0,,1004.2,,4.0
2024-08-30,9,28.0,21.5,68.0,,,230.0,7.6,,1004.3,,4.0
2024-08-30,10,28.0,21.1,66.0,,,300.0,16.6,,1003.3,,4.0
2024-08-30,11,27.0,21.1,70.0,,,300.0,18.4,,1003.2,,4.0
2024-08-30,12,27.6,22.1,72.0,,,320.0,5.4,,1003.1,,4.0
2024-08-30,13,27.4,21.7,71.0,,,292.0,3.7,,1003.9,,4.0
2024-08-30,14,26.0,22.1,79.0,,,310.0,7.6,,1004.7,,3.0
2024-08-30,15,26.4,22.7,80.0,,,297.0,3.6,,1005.1,,3.0
2024-08-30,16,25.0,22.1,84.0,,,300.0,5.4,,1005.8,,3.0
2024-08-30,17,25.5,22.0,81.0,,,303.0,1.8,,1006.1,,3.0
2024-08-30,18,25.6,21.9,80.0,,,270.0,5.4,,1005.7,,3.0
2024-08-30,19,24.7,21.8,84.0,,,302.0,1.8,,1005.9,,3.0
2024-08-30,20,24.3,21.8,86.0,,,300.0,3.7,,1005.5,,3.0
2024-08-30,21,24.2,22.3,89.0,,,298.0,3.6,,1004.1,,3.0
2024-08-30,22,23.9,21.6,87.0,,,295.0,3.7,,1005.0,,7.0
2024-08-30,23,23.9,21.6,87.0,,,292.0,3.7,,1005.0,,7.0
2024-08-31,0,23.0,22.2,95.0,,,270.0,5.4,,1004.4,,7.0
2024-08-31,1,24.2,21.5,85.0,,,286.0,3.7,,1005.4,,7.0
2024-08-31,2,23.0,22.0,94.0,,,280.0,18.4,,1005.9,,7.0
2024-08-31,3,23.0,22.2,95.0,,,270.0,9.4,,1006.1,,7.0
2024-08-31,4,25.7,22.2,81.0,,,279.0,5.5,,1006.1,,8.0
2024-08-31,5,26.5,22.1,77.0,,,280.0,5.5,,1005.9,,8.0
2024-08-31,6,23.6,22.9,96.0,,,270.0,9.4,,1005.3,,8.0
2024-08-31,7,24.0,23.0,94.0,,,280.0,25.9,,1005.0,,8.0
2024-08-31,8,24.0,23.0,94.0,,,280.0,18.4,,1004.3,,8.0
2024-08-31,9,24.2,23.3,95.0,,,280.0,20.5,,1002.6,,7.0
2024-08-31,10,27.5,21.8,71.0,,,282.0,5.5,,1003.5,,7.0
2024-08-31,11,25.0,23.1,89.0,,,280.0,18.4,,1003.3,,4.0
2024-08-31,12,24.2,23.3,95.0,,,280.0,20.5,,1002.1,,4.0
2024-08-31,13,25.0,23.1,89.0,,,280.0,25.9,,1003.9,,4.0
2024-08-31,14,25.0,23.1,89.0,,,280.0,25.9,,1004.6,,4.0
2024-08-31,15,24.2,23.3,95.0,,,270.0,7.6,,1003.4,,7.0
2024-08-31,16,24.0,23.0,94.0,,,290.0,22.3,,1005.6,,7.0
2024-08-31,17,25.0,21.9,83.0,,,279.0,3.7,,1005.9,,8.0
2024-08-31,18,23.6,22.9,96.0,,,290.0,9.4,,1003.8,,8.0
2024-08-31,19,24.6,21.9,85.0,,,280.0,3.7,,1005.9,,8.0
2024-08-31,20,24.4,21.7,85.0,,,279.0,5.5,,1005.5,,8.0
2024-08-31,21,23.0,22.3,96.0,,,320.0,18.4,,1000.6,,8.0
2024-08-31,22,24.2,21.7,86.0,,,282.0,5.5,,1005.2,,8.0
2024-08-31,23,24.1,21.6,86.0,,,285.0,5.5,,1005.3,,8.0
2024-09-01,0,23.2,22.5,96.0,,,320.0,9.4,,1001.6,,8.0
2024-09-01,1,24.5,21.8,85.0,,,285.0,3.7,,1005.8,,8.0
2024-09-01,2,23.0,22.0,94.0,,,290.0,14.8,,1006.2,,7.0
2024-09-01,3,23.4,22.2,93.0,,,320.0,7.6,,1003.2,,8.0
2024-09-01,4,26.2,22.3,79.0,,,281.0,5.5,,1006.5,,8.0
2024-09-01,5,26.9,22.3,76.0,,,281.0,5.5,,1006.3,,8.0
2024-09-01,6,23.0,21.8,93.0,,,320.0,11.2,,1003.0,,8.0
2024-09-01,7,23.0,22.0,94.0,,,310.0,29.5,,1005.3,,8.0
2024-09-01,8,28.2,22.2,70.0,,,280.0,7.4,,1004.4,,8.0
2024-09-01,9,22.8,22.0,95.0,,,320.0,7.6,,1001.8,,8.0
2024-09-01,10,23.0,21.1,89.0,,,280.0,24.1,,1003.5,,4.0
2024-09-01,11,23.0,21.1,89.0,,,270.0,24.1,,1003.4,,4.0
2024-09-01,12,22.2,21.4,95.0,,,270.0,7.6,,1001.5,,4.0
2024-09-01,13,26.5,22.1,77.0,,,288.0,3.7,,1004.1,,3.0
2024-09-01,14,25.9,22.2,80.0,,,296.0,3.7,,1004.8,,3.0
2024-09-01,15,22.3,21.8,97.0,,,270.0,7.6,,1003.1,,3.0
2024-09-01,16,24.9,22.2,85.0,,,301.0,1.8,,1005.8,,3.0
2024-09-01,17,24.6,22.3,87.0,,,296.0,1.8,,1006.0,,3.0
2024-09-01,18,22.4,20.9,91.0,,,290.0,9.4,,1003.4,,3.0
2024-09-01,19,24.1,22.2,89.0,,,296.0,1.8,,1005.8,,3.0
2024-09-01,20,23.9,22.0,89.0,,,301.0,3.7,,1005.3,,3.0
2024-09-01,21,22.0,21.3,96.0,,,270.0,7.6,,1002.3,,3.0
2024-09-01,22,23.6,21.9,90.0,,,304.0,3.7,,1004.9,,3.0
2024-09-01,23,23.6,21.9,90.0,,,301.0,3.7,,1005.0,,3.0
2024-09-02,0,22.2,21.4,95.0,,,270.0,7.6,,1001.6,,3.0
2024-09-02,1,24.1,21.8,87.0,,,292.0,3.7,,1005.6,,3.0
2024-09-02,2,23.0,21.1,89.0,,,280.0,22.3,,1006.1,,3.0
2024-09-02,3,22.6,21.1,91.0,,,270.0,7.6,,1003.6,,3.0
2024-09-02,4,25.9,22.2,80.0,,,277.0,5.5,,1006.5,,3.0
2024-09-02,5,23.0,21.1,89.0,,,270.0,18.4,,1006.3,,4.0
2024-09-02,6,23.0,21.8,93.0,,,270.0,7.6,,1003.8,,4.0
2024-09-02,7,23.0,22.0,94.0,,,270.0,18.4,,1005.3,,4.0
2024-09-02,8,28.1,22.3,71.0,,,283.0,5.5,,1004.5,,4.0
2024-09-02,9,23.2,22.0,93.0,,,288.0,3.6,,1002.0,,4.0
2024-09-02,10,23.0,22.0,94.0,,,250.0,22.3,,1003.6,,4.0
2024-09-02,11,23.0,22.0,94.0,,,250.0,16.6,,1003.5,,4.0
2024-09-02,12,23.2,21.6,91.0,,,230.0,7.6,,1001.5,,4.0
2024-09-02,13,22.0,22.0,100.0,,,240.0,11.2,,1004.2,,4.0
2024-09-02,14,26.1,21.5,76.0,,,284.0,3.7,,1005.0,,3.0
2024-09-02,15,23.0,22.2,95.0,,,250.0,16.6,,1003.9,,3.0
2024-09-02,16,23.0,22.0,94.0,,,240.0,14.8,,1006.0,,3.0
2024-09-02,17,25.1,21.8,82.0,,,273.0,3.7,,1006.2,,3.0
2024-09-02,18,23.0,22.2,95.0,,,270.0,5.4,,1004.7,,3.0
2024-09-02,19,24.5,22.0,86.0,,,276.0,3.7,,1006.0,,3.0
2024-09-02,20,24.3,22.0,87.0,,,283.0,3.7,,1005.6,,3.0
2024-09-02,21,22.6,21.8,95.0,,,270.0,7.6,,1003.6,,3.0
2024-09-02,22,23.9,22.0,89.0,,,284.0,5.5,,1005.3,,3.0
2024-09-02,23,23.8,21.9,89.0,,,280.0,5.5,,1005.3,,3.0
2024-09-03,0,22.8,22.0,95.0,,,277.0,1.8,,1003.8,,3.0
2024-09-03,1,24.1,21.8,87.0,,,278.0,5.5,,1005.9,,3.0
2024-09-03,2,23.0,21.1,89.0,,,250.0,22.3,,1006.5,,3.0
2024-09-03,3,23.0,21.8,93.0,,,270.0,22.3,,1006.1,,3.0
2024-09-03,4,23.0,22.0,94.0,,,260.0,25.9,,1006.8,,
2024-09-03,5,24.0,22.1,89.0,,,270.0,18.4,,1006.6,,
2024-09-03,6,25.0,22.9,88.0,,,230.0,5.4,,1005.7,,
2024-09-03,7,28.0,22.5,72.0,,,268.0,7.4,,1005.5,,
2024-09-03,8,27.0,22.0,74.0,,,300.0,22.3,,1004.7,,
2024-09-03,9,27.1,22.3,75.0,,,360.0,5.4,,1003.7,,
2024-09-03,10,28.5,22.0,68.0,,,280.0,5.5,,1003.8,,
2024-09-03,11,27.0,22.0,74.0,,,280.0,14.8,,1003.7,,
2024-09-03,12,26.8,23.1,80.0,,,360.0,3.6,,1003.3,,
2024-09-03,13,26.0,23.1,84.0,,,330.0,5.4,,1004.5,,
2024-09-03,14,25.0,23.1,89.0,,,286.0,3.6,,1005.3,,
2024-09-03,15,25.4,23.8,91.0,,,0.0,0.0,,1005.6,,
2024-09-03,16,26.0,23.1,84.0,,,240.0,7.6,,1006.2,,
2024-09-03,17,25.4,22.3,83.0,,,275.0,1.8,,1006.4,,
2024-09-03,18,25.0,22.7,87.0,,,270.0,7.6,,1006.6,,
2024-09-03,19,24.8,22.3,86.0,,,273.0,3.7,,1006.2,,
2024-09-03,20,24.5,22.2,87.0,,,277.0,3.7,,1005.8,,
2024-09-03,21,23.2,22.0,93.0,,,270.0,5.4,,1005.7,,
2024-09-03,22,23.2,22.0,93.0,,,273.0,5.5,,1005.7,,25.0
2024-09-03,23,23.2,21.8,92.0,,,276.0,5.5,,1005.7,,25.0
2024-09-04,0,23.4,21.8,91.0,0.0,,270.0,7.6,,1005.5,,25.0
2024-09-04,1,23.0,22.0,94.0,0.0,,280.0,26.0,,1009.0,,4.0
2024-09-04,2,23.7,22.1,91.0,0.2,,284.0,5.5,,1006.7,,4.0
2024-09-04,3,23.2,22.5,96.0,0.5,,270.0,7.6,,1007.0,,4.0
2024-09-04,4,24.0,22.1,89.0,0.1,,280.0,14.8,,1011.0,,5.0
2024-09-04,5,25.0,22.1,84.0,0.4,,290.0,18.4,,1011.0,,5.0
2024-09-04,6,25.2,22.7,86.0,0.3,,270.0,7.6,,1007.1,,8.0
2024-09-04,7,26.0,22.1,79.0,0.1,,280.0,25.9,,1009.0,,5.0
2024-09-04,8,26.0,22.1,79.0,0.3,,260.0,22.3,,1009.0,,5.0
2024-09-04,9,27.6,22.8,75.0,0.1,,290.0,5.4,,1003.3,,5.0
2024-09-04,10,27.0,22.0,74.0,0.9,,270.0,24.0,,1007.0,,5.0
2024-09-04,11,28.0,22.0,70.0,0.2,,280.0,16.6,,1006.0,,5.0
2024-09-04,12,27.0,23.0,79.0,0.5,,270.0,11.2,,1003.0,,5.0
2024-09-04,13,26.0,23.1,84.0,0.0,,280.0,13.0,,1008.0,,5.0
2024-09-04,14,25.0,23.1,89.0,0.0,,290.0,5.4,,1008.0,,5.0
2024-09-04,15,25.6,23.7,89.0,0.0,,260.0,9.4,,1004.7,,5.0
2024-09-04,16,25.0,23.1,89.0,0.0,,290.0,9.4,,1009.0,,5.0
2024-09-04,17,24.8,23.0,90.0,0.0,,288.0,3.7,,1005.6,,7.0
2024-09-04,18,24.2,22.6,91.0,0.0,,230.0,5.4,,1006.3,,7.0
2024-09-04,19,24.4,22.7,90.0,0.0,,289.0,3.7,,1005.3,,7.0
2024-09-04,20,24.1,22.5,91.0,0.0,,288.0,5.5,,1004.7,,7.0
2024-09-04,21,23.6,22.0,91.0,0.0,,0.0,0.0,,1004.9,,7.0
2024-09-04,22,23.8,22.2,91.0,0.0,,285.0,5.5,,1004.1,,7.0
2024-09-04,23,23.6,22.0,91.0,0.0,,284.0,5.5,,1004.0,,7.0
2024-09-05,0,23.4,21.7,90.0,0.0,,0.0,0.0,,1004.9,,7.0
2024-09-05,1,24.0,22.1,89.0,0.0,,270.0,15.0,,1009.0,,5.0
2024-09-05,2,24.0,22.1,89.0,0.0,,260.0,15.0,,1010.0,,5.0
2024-09-05,3,24.0,22.4,91.0,0.0,,270.0,7.6,,1006.9,,5.0
2024-09-05,4,25.0,22.7,87.0,0.0,,276.0,7.4,,1006.5,,4.0
2024-09-05,5,25.9,22.8,83.0,0.0,,283.0,7.4,,1006.2,,4.0
2024-09-05,6,27.4,23.0,77.0,0.0,,320.0,7.6,,1005.5,,5.0
2024-09-05,7,27.3,22.9,77.0,0.0,,288.0,7.4,,1004.8,,4.0
2024-09-05,8,29.0,22.0,66.0,0.0,,320.0,22.3,,1007.0,,5.0
2024-09-05,9,29.8,23.3,68.0,0.4,,290.0,5.4,,1002.3,,5.0
2024-09-05,10,30.0,23.0,66.0,0.1,,280.0,20.0,,1005.0,,5.0
2024-09-05,11,30.0,21.9,62.0,0.0,,290.0,11.2,,1005.0,,5.0
2024-09-05,12,29.0,22.5,68.0,0.2,,290.0,7.6,,1001.2,,5.0
2024-09-05,13,27.0,23.0,79.0,0.3,,210.0,14.8,,1007.0,,5.0
2024-09-05,14,24.0,23.0,94.0,0.0,,260.0,15.0,,1008.0,,5.0
2024-09-05,15,24.0,23.1,95.0,0.0,,250.0,5.4,,1005.7,,5.0
2024-09-05,16,24.0,23.1,95.0,0.0,,256.0,5.5,,1005.7,,25.0
2024-09-05,17,24.0,23.1,95.0,0.0,,265.0,5.5,,1005.6,,25.0
2024-09-05,18,24.2,23.3,95.0,0.0,,320.0,3.6,,1005.7,,25.0
2024-09-05,19,24.0,23.0,94.0,0.0,,279.0,3.7,,1005.1,,7.0
2024-09-05,20,23.9,22.9,94.0,0.0,,282.0,3.7,,1004.5,,7.0
2024-09-05,21,23.4,21.7,90.0,0.0,,284.0,3.6,,1003.7,,7.0
2024-09-05,22,23.4,21.7,90.0,0.0,,289.0,3.7,,1003.8,,7.0
2024-09-05,23,23.4,21.7,90.0,0.0,,289.0,3.7,,1003.9,,7.0
2024-09-06,0,23.6,22.4,93.0,0.0,,289.0,1.8,,1004.4,,7.0
2024-09-06,1,24.0,22.1,89.0,0.0,,280.0,15.0,,1009.0,,5.0
2024-09-06,2,24.0,22.1,89.0,0.0,,270.0,22.3,,1010.0,,5.0
2024-09-06,3,25.2,22.7,86.0,0.0,,290.0,5.4,,1006.2,,5.0
2024-09-06,4,26.0,22.1,79.0,0.0,,280.0,18.4,,1011.0,,5.0
2024-09-06,5,28.0,22.9,74.0,0.1,,300.0,19.0,,1010.0,,5.0
2024-09-06,6,28.2,23.3,75.0,0.2,,290.0,5.4,,1005.9,,5.0
2024-09-06,7,29.0,22.0,66.0,0.3,,270.0,18.4,,1010.0,,5.0
2024-09-06,8,30.0,21.9,62.0,3.7,,280.0,20.0,,1008.0,,5.0
2024-09-06,9,30.0,23.2,67.0,0.8,,270.0,3.6,,1002.8,,5.0
2024-09-06,10,29.2,23.2,70.0,1.1,,292.0,3.7,,1002.8,,18.0
2024-09-06,11,26.0,24.0,89.0,0.0,,330.0,9.0,,1007.0,,25.0
2024-09-06,12,26.8,23.9,84.0,0.0,,320.0,9.4,,1003.6,,5.0
2024-09-06,13,26.7,23.2,81.0,0.0,,289.0,3.7,,1003.7,,25.0
2024-09-06,14,25.0,22.1,84.0,0.0,,290.0,7.6,,1009.0,,5.0
2024-09-06,15,25.2,23.3,89.0,0.3,,0.0,0.0,,1006.1,,5.0
2024-09-06,16,25.0,23.1,89.0,0.1,,310.0,5.4,,1011.0,,5.0
2024-09-06,17,24.8,23.2,91.0,0.0,,313.0,1.8,,1006.4,,3.0
2024-09-06,18,25.0,23.8,93.0,0.0,,0.0,0.0,,1006.7,,3.0
2024-09-06,19,24.4,23.0,92.0,0.0,,314.0,1.8,,1005.9,,3.0
2024-09-06,20,24.2,22.8,92.0,0.0,,315.0,1.8,,1005.4,,3.0
2024-09-06,21,23.2,22.5,96.0,0.0,,316.0,3.6,,1005.4,,3.0
2024-09-06,22,23.3,22.5,95.0,0.0,,295.0,3.7,,1005.3,,7.0
2024-09-06,23,23.3,22.5,95.0,0.0,,295.0,3.7,,1005.2,,7.0
2024-09-07,0,23.6,22.9,96.0,0.0,,295.0,3.6,,1005.4,,7.0
2024-09-07,1,23.7,22.3,92.0,0.0,,294.0,3.7,,1005.7,,7.0
2024-09-07,2,24.0,23.0,94.0,0.0,,280.0,13.0,,1006.2,,4.0
2024-09-07,3,25.0,22.9,88.0,0.0,,270.0,11.2,,1006.2,,4.0
2024-09-07,4,26.0,22.1,79.0,0.0,,270.0,18.4,,1006.2,,4.0
2024-09-07,5,26.6,23.1,81.0,0.1,,280.0,9.3,,1006.2,,4.0
2024-09-07,6,26.6,23.1,81.0,0.1,,270.0,14.8,,1007.0,,4.0
2024-09-07,7,28.0,22.0,70.0,0.2,,300.0,16.6,,1005.4,,4.0
2024-09-07,8,28.0,22.0,70.0,0.2,,290.0,22.0,,1008.0,,5.0
2024-09-07,9,28.4,23.1,73.0,0.2,,320.0,7.6,,1003.3,,5.0
2024-09-07,10,29.0,22.0,66.0,0.0,,270.0,20.5,,1007.0,,5.0
2024-09-07,11,28.0,22.0,70.0,0.4,,280.0,18.4,,1007.0,,5.0
2024-09-07,12,28.2,22.7,72.0,0.1,,270.0,18.4,,1003.6,,5.0
2024-09-07,13,27.0,21.1,70.0,1.3,,280.0,11.2,,1009.0,,5.0
2024-09-07,14,26.0,21.0,74.0,1.4,,280.0,14.8,,1010.0,,5.0
2024-09-07,15,26.2,22.5,80.0,1.8,,280.0,11.2,,1006.2,,5.0
2024-09-07,16,26.0,22.1,79.0,1.2,,280.0,7.6,,1011.0,,5.0
2024-09-07,17,25.4,22.7,85.0,0.6,,295.0,3.7,,1006.6,,8.0
2024-09-07,18,25.2,22.7,86.0,0.2,,320.0,5.4,,1006.8,,8.0
2024-09-07,19,24.7,22.6,88.0,0.2,,294.0,3.7,,1006.3,,8.0
2024-09-07,20,24.4,22.7,90.0,0.0,,294.0,3.7,,1005.9,,8.0
2024-09-07,21,24.2,22.1,88.0,0.0,,320.0,5.4,,1005.5,,7.0
2024-09-07,22,24.4,22.5,89.0,0.0,,308.0,3.7,,1005.4,,8.0
2024-09-07,23,24.2,22.5,90.0,0.0,,303.0,5.5,,1005.5,,7.0
2024-09-08,0,23.8,21.9,89.0,0.0,,320.0,5.4,,1005.7,,7.0
2024-09-08,1,24.1,22.4,90.0,0.0,,296.0,5.5,,1006.2,,7.0
2024-09-08,2,24.2,22.5,90.0,0.0,,293.0,7.4,,1006.9,,7.0
2024-09-08,3,25.0,22.5,86.0,0.2,,280.0,13.0,,1007.7,,4.0
2024-09-08,4,25.0,22.1,84.0,0.2,,280.0,16.6,,1007.6,,4.0
2024-09-08,5,25.9,22.6,82.0,0.2,,296.0,9.3,,1007.4,,4.0
2024-09-08,6,26.6,22.2,77.0,0.3,,230.0,5.4,,1007.0,,4.0
2024-09-08,7,27.0,22.8,78.0,0.3,,297.0,7.4,,1006.3,,4.0
2024-09-08,8,27.4,23.0,77.0,0.2,,294.0,7.4,,1005.3,,4.0
2024-09-08,9,27.8,22.5,73.0,3.0,,270.0,3.6,,1004.2,,4.0
2024-09-08,10,27.4,22.6,75.0,0.3,,275.0,3.7,,1004.0,,7.0
2024-09-08,11,25.0,23.1,89.0,0.0,,250.0,6.0,,1007.0,,7.0
2024-09-08,12,25.2,23.6,91.0,0.0,,290.0,7.6,,1003.7,,4.0
2024-09-08,13,25.0,23.1,89.0,0.6,,250.0,9.0,,1008.0,,5.0
2024-09-08,14,25.0,22.1,84.0,1.1,,240.0,7.0,,1009.0,,5.0
2024-09-08,15,25.0,22.7,87.0,0.9,,270.0,5.4,,1005.2,,5.0
2024-09-08,16,25.0,23.1,89.0,1.3,,250.0,9.4,,1009.0,,5.0
2024-09-08,17,24.7,22.8,89.0,1.1,,279.0,5.5,,1005.5,,4.0
2024-09-08,18,25.2,23.3,89.0,0.9,,270.0,9.4,,1005.6,,4.0
2024-09-08,19,24.4,22.5,89.0,0.5,,286.0,5.5,,1005.2,,4.0
2024-09-08,20,24.2,22.5,90.0,0.2,,286.0,5.5,,1004.7,,4.0
2024-09-08,21,24.2,22.5,90.0,0.3,,270.0,11.2,,1003.4,,7.0
2024-09-08,22,24.1,22.4,90.0,0.3,,273.0,11.1,,1003.4,,7.0
2024-09-08,23,23.9,22.2,90.0,0.2,,277.0,11.1,,1003.4,,7.0
2024-09-09,0,24.2,22.1,88.0,0.0,,280.0,3.6,,1003.2,,7.0
2024-09-09,1,24.0,22.1,89.0,0.3,,280.0,24.0,,1007.0,,4.0
2024-09-09,2,24.0,22.1,89.0,0.3,,280.0,24.1,,1008.0,,4.0
2024-09-09,3,24.2,22.1,88.0,0.2,,320.0,7.6,,1004.4,,7.0
2024-09-09,4,25.0,22.1,84.0,0.1,,290.0,13.0,,1009.0,,7.0
2024-09-09,5,25.0,22.1,84.0,0.0,,290.0,9.0,,1009.0,,7.0
2024-09-09,6,24.7,22.8,89.0,0.4,,320.0,5.4,,1005.3,,7.0
2024-09-09,7,25.0,22.1,84.0,0.9,,290.0,14.8,,1008.0,,7.0
2024-09-09,8,26.0,22.1,79.0,0.9,,300.0,15.0,,1006.0,,7.0
2024-09-09,9,26.2,22.5,80.0,0.8,,290.0,5.4,,1002.1,,7.0
2024-09-09,10,26.0,21.0,74.0,0.7,,270.0,20.0,,1005.0,,7.0
2024-09-09,11,26.0,22.1,79.0,0.0,,260.0,20.5,,1004.0,,7.0
2024-09-09,12,26.0,22.3,80.0,0.0,,270.0,7.6,,1000.7,,7.0
2024-09-09,13,25.6,22.5,83.0,0.0,,285.0,5.5,,1001.9,,7.0
2024-09-09,14,25.0,22.1,84.0,0.0,,250.0,15.0,,1006.0,,5.0
2024-09-09,15,25.4,22.5,84.0,0.2,,230.0,5.4,,1003.1,,5.0
2024-09-09,16,25.0,22.1,84.0,0.3,,260.0,13.0,,1007.0,,5.0
2024-09-09,17,24.9,22.6,87.0,0.2,,248.0,5.5,,1003.3,,4.0
2024-09-09,18,25.4,21.7,80.0,0.0,,320.0,5.4,,1002.9,,4.0
2024-09-09,19,24.5,22.6,89.0,0.0,,264.0,5.5,,1002.9,,4.0
2024-09-09,20,24.3,22.4,89.0,0.2,,269.0,5.5,,1002.5,,4.0
2024-09-09,21,24.6,21.5,83.0,0.0,,320.0,7.6,,1002.0,,4.0
2024-09-09,22,24.1,22.2,89.0,0.0,,275.0,7.4,,1002.0,,4.0
2024-09-09,23,24.0,22.1,89.0,0.0,,277.0,7.4,,1002.0,,4.0
2024-09-10,0,24.2,21.5,85.0,0.0,,270.0,7.6,,1002.5,,4.0
2024-09-10,1,24.0,20.9,83.0,0.0,,260.0,15.0,,1007.0,,5.0
2024-09-10,2,24.0,20.9,83.0,0.0,,260.0,20.5,,1007.0,,5.0
2024-09-10,3,24.6,21.7,84.0,0.0,,270.0,7.6,,1004.4,,5.0
2024-09-10,4,25.0,22.1,84.0,0.0,,250.0,20.5,,1008.0,,5.0
2024-09-10,5,27.0,22.0,74.0,0.0,,260.0,16.6,,1008.0,,5.0
2024-09-10,6,27.4,22.6,75.0,0.0,,270.0,7.6,,1003.4,,4.0
2024-09-10,7,28.0,22.0,70.0,0.0,,260.0,20.5,,1002.7,,4.0
2024-09-10,8,29.0,22.0,66.0,0.0,,270.0,18.4,,1001.9,,4.0
2024-09-10,9,28.8,22.5,69.0,0.0,,270.0,7.6,,1000.9,,4.0
2024-09-10,10,28.7,22.5,69.0,0.1,,272.0,7.4,,1000.7,,3.0
2024-09-10,11,28.0,22.9,74.0,0.0,,250.0,20.5,,1000.5,,3.0
2024-09-10,12,27.8,22.5,73.0,0.0,,270.0,7.6,,1000.4,,3.0
2024-09-10,13,27.0,22.0,74.0,0.0,,250.0,18.4,,1001.2,,3.0
2024-09-10,14,26.0,22.1,79.0,0.0,,250.0,14.8,,1002.1,,3.0
2024-09-10,15,26.2,23.1,83.0,0.0,,230.0,7.6,,1002.8,,3.0
2024-09-10,16,26.0,22.9,83.0,0.0,,235.0,7.4,,1003.2,,3.0
2024-09-10,17,25.8,22.9,84.0,0.0,,242.0,7.4,,1003.6,,3.0
2024-09-10,18,26.0,21.9,78.0,0.0,,230.0,5.4,,1004.3,,3.0
2024-09-10,19,25.3,22.6,85.0,0.0,,256.0,5.5,,1003.7,,3.0
2024-09-10,20,25.1,22.4,85.0,0.0,,261.0,7.4,,1003.5,,3.0
2024-09-10,21,25.4,21.7,80.0,0.0,,230.0,5.4,,1003.8,,3.0
2024-09-10,22,25.0,21.5,81.0,0.0,,241.0,5.5,,1003.9,,3.0
2024-09-10,23,24.7,21.4,82.0,0.0,,250.0,7.4,,1004.0,,3.0
2024-09-11,0,23.6,20.9,85.0,0.0,,270.0,14.8,,1004.3,,3.0
2024-09-11,1,23.0,20.0,83.0,0.0,,250.0,22.0,,1008.0,,5.0
2024-09-11,2,24.0,19.9,78.0,0.0,,250.0,22.3,,1009.0,,5.0
2024-09-11,3,25.6,20.8,75.0,0.0,,230.0,7.6,,1005.3,,5.0
2024-09-11,4,27.0,21.1,70.0,0.0,,260.0,22.3,,1010.0,,5.0
2024-09-11,5,28.0,20.0,62.0,0.0,,230.0,22.3,,1009.0,,3.0
2024-09-11,6,29.0,20.5,60.0,0.0,,230.0,9.4,,1004.5,,3.0
2024-09-11,7,29.4,21.9,64.0,0.0,,264.0,9.3,,1004.1,,3.0
2024-09-11,8,29.0,19.9,58.0,0.0,,250.0,22.3,,1003.3,,3.0
2024-09-11,9,29.8,20.7,58.0,0.0,,270.0,7.6,,1003.2,,3.0
2024-09-11,10,29.8,20.7,58.0,0.0,,270.0,7.4,,1003.0,,3.0
2024-09-11,11,29.0,21.0,62.0,0.0,,260.0,16.6,,1002.8,,3.0
2024-09-11,12,29.0,20.5,60.0,0.0,,230.0,5.4,,1003.2,,3.0
2024-09-11,13,28.0,20.0,62.0,0.0,,240.0,11.2,,1008.0,,3.0
2024-09-11,14,27.0,20.1,66.0,0.0,,250.0,7.6,,1009.0,,3.0
2024-09-11,15,27.0,21.1,70.0,0.0,,220.0,11.2,,1010.0,,2.0
2024-09-11,16,26.0,22.1,79.0,0.0,,240.0,7.6,,1011.0,,2.0
2024-09-11,17,26.0,21.0,74.0,0.0,,240.0,14.8,,1010.0,,2.0
2024-09-11,18,26.0,21.0,74.0,0.0,,270.0,5.4,,1006.4,,2.0
2024-09-11,19,25.7,21.4,77.0,0.0,,232.0,5.5,,1005.9,,2.0
2024-09-11,20,25.5,21.4,78.0,0.0,,243.0,5.5,,1005.6,,2.0
2024-09-11,21,24.8,21.3,81.0,0.0,,270.0,5.4,,1005.9,,2.0
2024-09-11,22,24.5,21.0,81.0,0.0,,270.0,5.5,,1005.9,,3.0
2024-09-11,23,24.2,20.9,82.0,0.0,,269.0,7.4,,1005.9,,3.0
2024-09-12,0,24.0,20.7,82.0,0.0,,270.0,5.4,,1006.4,,3.0
2024-09-12,1,24.5,20.8,80.0,0.0,,267.0,7.4,,1006.5,,3.0
2024-09-12,2,24.0,19.9,78.0,0.0,,260.0,16.6,,1011.0,,3.0
2024-09-12,3,24.8,20.7,78.0,0.0,,320.0,9.4,,1008.5,,3.0
2024-09-12,4,27.0,20.1,66.0,0.0,,270.0,18.4,,1012.0,,4.0
2024-09-12,5,28.0,21.1,66.0,0.0,,250.0,22.3,,1011.0,,4.0
2024-09-12,6,29.0,21.0,62.0,0.0,,320.0,7.6,,1006.9,,3.0
2024-09-12,7,29.0,19.9,58.0,0.0,,270.0,20.5,,1010.0,,3.0
2024-09-12,8,29.0,19.9,58.0,0.2,,270.0,22.0,,1010.0,,3.0
2024-09-12,9,29.6,21.3,61.0,0.0,,320.0,9.4,,1004.8,,3.0
2024-09-12,10,29.0,19.9,58.0,0.0,,280.0,16.6,,1009.0,,3.0
2024-09-12,11,28.0,20.0,62.0,0.0,,250.0,18.4,,1009.0,,3.0
2024-09-12,12,28.6,22.1,68.0,0.0,,270.0,5.4,,1005.2,,3.0
2024-09-12,13,28.0,21.1,66.0,0.0,,260.0,13.0,,1010.0,,3.0
2024-09-12,14,27.0,21.1,70.0,0.0,,230.0,7.6,,1011.0,,3.0
2024-09-12,15,27.0,21.7,73.0,0.0,,240.0,11.2,,1006.9,,2.0
2024-09-12,16,26.0,20.1,70.0,0.0,,260.0,9.4,,1011.0,,2.0
2024-09-12,17,25.0,21.1,79.0,0.0,,265.0,3.6,,1011.0,,2.0
2024-09-12,18,25.2,21.1,78.0,0.0,,0.0,0.0,,1007.3,,2.0
2024-09-12,19,25.6,21.3,77.0,0.0,,266.0,3.7,,1006.9,,2.0
2024-09-12,20,25.4,21.3,78.0,0.0,,268.0,3.7,,1006.5,,2.0
2024-09-12,21,25.2,21.5,80.0,0.0,,269.0,3.6,,1005.6,,2.0
2024-09-12,22,24.8,21.1,80.0,0.0,,290.0,3.7,,1005.9,,2.0
2024-09-12,23,24.4,20.9,81.0,0.0,,290.0,3.7,,1006.1,,2.0
2024-09-13,0,24.0,19.7,77.0,0.0,,290.0,3.6,,1006.5,,2.0
2024-09-13,1,23.0,20.0,83.0,0.0,,280.0,17.0,,1011.0,,2.0
2024-09-13,2,24.0,19.9,78.0,0.0,,280.0,11.2,,1012.0,,2.0
2024-09-13,3,25.2,20.5,75.0,0.0,,270.0,7.6,,1008.5,,3.0
2024-09-13,4,26.0,20.1,70.0,0.0,,280.0,16.6,,1012.0,,3.0
2024-09-13,5,28.0,20.0,62.0,0.0,,280.0,16.6,,1012.0,,3.0
2024-09-13,6,28.8,20.0,59.0,0.0,,270.0,5.4,,1007.4,,3.0
2024-09-13,7,28.0,19.0,58.0,0.0,,280.0,22.3,,1011.0,,3.0
2024-09-13,8,29.0,19.0,55.0,0.0,,280.0,24.1,,1010.0,,3.0
2024-09-13,9,30.0,19.4,53.0,0.0,,270.0,5.4,,1005.0,,3.0
2024-09-13,10,29.0,19.0,55.0,0.0,,290.0,17.0,,1009.0,,3.0
2024-09-13,11,29.0,19.0,55.0,0.0,,270.0,20.5,,1009.0,,3.0
2024-09-13,12,28.0,19.0,58.0,0.0,,290.0,13.0,,1009.0,,3.0
2024-09-13,13,27.0,19.1,62.0,0.0,,280.0,11.0,,1009.0,,3.0
2024-09-13,14,27.0,19.1,62.0,0.0,,280.0,13.0,,1010.0,,3.0
2024-09-13,15,26.0,20.1,70.0,0.0,,300.0,7.0,,1011.0,,2.0
2024-09-13,16,25.0,20.0,74.0,0.0,,290.0,6.0,,1011.0,,2.0
2024-09-13,17,25.5,20.5,74.0,0.0,,299.0,1.8,,1007.0,,2.0
2024-09-13,18,25.0,20.5,76.0,0.0,,285.0,0.0,,1007.1,,2.0
2024-09-13,19,24.8,20.5,77.0,0.0,,300.0,1.8,,1006.6,,2.0
2024-09-13,20,24.5,20.4,78.0,0.0,,294.0,1.8,,1006.1,,2.0
2024-09-13,21,24.4,21.1,82.0,0.0,,0.0,0.0,,1005.4,,2.0
2024-09-13,22,23.8,20.7,83.0,0.0,,288.0,1.8,,1005.6,,3.0
2024-09-13,23,23.6,20.5,83.0,0.0,,290.0,3.7,,1005.8,,2.0
2024-09-14,0,24.0,20.3,80.0,0.0,,320.0,3.6,,1006.2,,2.0
2024-09-14,1,24.0,19.9,78.0,0.0,,280.0,15.0,,1011.0,,3.0
2024-09-14,2,24.0,19.9,78.0,0.0,,280.0,16.6,,1011.0,,3.0
2024-09-14,3,25.6,20.6,74.0,0.0,,270.0,5.4,,1008.0,,3.0
2024-09-14,4,26.0,18.9,65.0,0.0,,280.0,18.4,,1012.0,,3.0
2024-09-14,5,28.0,18.1,55.0,0.0,,310.0,20.5,,1012.0,,3.0
2024-09-14,6,29.2,19.8,57.0,0.0,,270.0,7.6,,1006.9,,3.0
2024-09-14,7,29.0,19.0,55.0,0.0,,300.0,20.5,,1009.0,,3.0
2024-09-14,8,30.0,19.1,52.0,0.0,,290.0,19.0,,1009.0,,3.0
2024-09-14,9,30.6,19.9,53.0,0.0,,270.0,9.4,,1003.6,,3.0
2024-09-14,10,30.0,18.1,49.0,0.0,,280.0,20.0,,1008.0,,3.0
2024-09-14,11,29.0,19.0,55.0,0.0,,300.0,14.8,,1008.0,,3.0
2024-09-14,12,29.6,19.6,55.0,0.0,,300.0,3.6,,1003.3,,3.0
2024-09-14,13,28.0,18.1,55.0,0.0,,300.0,7.6,,1009.0,,3.0
2024-09-14,14,27.0,21.1,70.0,0.0,,320.0,5.4,,1010.0,,3.0
2024-09-14,15,26.4,21.4,74.0,0.0,,0.0,0.0,,1005.9,,2.0
2024-09-14,16,26.0,20.1,70.0,0.0,,310.0,5.4,,1011.0,,2.0
2024-09-14,17,25.4,21.1,77.0,0.0,,301.0,0.0,,1006.4,,2.0
2024-09-14,18,24.6,20.7,79.0,0.0,,0.0,0.0,,1006.7,,2.0
2024-09-14,19,24.7,20.8,79.0,0.0,,296.0,0.0,,1006.3,,2.0
2024-09-14,20,24.5,20.8,80.0,0.0,,296.0,1.8,,1005.9,,2.0
2024-09-14,21,24.2,20.9,82.0,0.0,,289.0,1.8,,1005.5,,2.0
2024-09-14,22,24.0,20.7,82.0,0.0,,292.0,1.8,,1005.7,,2.0
2024-09-14,23,23.7,20.6,83.0,0.0,,292.0,1.8,,1005.8,,2.0
2024-09-15,0,23.8,21.1,85.0,0.0,,320.0,3.6,,1006.9,,2.0
2024-09-15,1,23.0,20.0,83.0,0.0,,280.0,13.0,,1011.0,,2.0
2024-09-15,2,25.0,18.9,69.0,0.0,,290.0,17.0,,1012.0,,2.0
2024-09-15,3,26.0,19.6,68.0,0.0,,270.0,7.6,,1007.9,,2.0
2024-09-15,4,27.0,19.1,62.0,0.0,,290.0,24.1,,1012.0,,2.0
2024-09-15,5,28.4,20.7,63.0,0.0,,295.0,7.4,,1006.8,,2.0
2024-09-15,6,29.4,18.8,53.0,0.0,,270.0,7.6,,1006.0,,3.0
2024-09-15,7,29.0,19.0,55.0,0.0,,290.0,20.5,,1009.0,,3.0
2024-09-15,8,30.0,19.1,52.0,0.0,,270.0,22.3,,1008.0,,3.0
2024-09-15,9,30.6,19.3,51.0,0.0,,320.0,5.4,,1003.2,,3.0
2024-09-15,10,30.0,20.0,55.0,0.0,,310.0,15.0,,1007.0,,3.0
2024-09-15,11,29.0,19.0,55.0,0.0,,300.0,17.0,,1007.0,,3.0
2024-09-15,12,29.6,19.9,56.0,0.0,,320.0,5.4,,1003.5,,3.0
2024-09-15,13,28.0,20.0,62.0,0.0,,320.0,7.6,,1008.0,,3.0
2024-09-15,14,28.0,20.0,62.0,0.0,,270.0,13.0,,1010.0,,2.0
2024-09-15,15,27.2,20.8,68.0,0.0,,270.0,5.4,,1005.8,,2.0
2024-09-15,16,27.0,20.1,66.0,0.0,,280.0,14.8,,1011.0,,7.0
2024-09-15,17,26.3,20.8,72.0,0.0,,282.0,3.7,,1006.3,,3.0
2024-09-15,18,26.0,20.3,71.0,0.0,,270.0,5.4,,1006.4,,3.0
2024-09-15,19,25.5,20.7,75.0,0.0,,291.0,3.7,,1006.1,,3.0
2024-09-15,20,25.2,20.7,76.0,0.0,,290.0,3.7,,1005.7,,3.0
2024-09-15,21,25.0,20.7,77.0,0.0,,270.0,5.4,,1005.2,,3.0
2024-09-15,22,24.7,20.6,78.0,0.0,,276.0,5.5,,1005.4,,3.0
2024-09-15,23,24.4,20.5,79.0,0.0,,282.0,5.5,,1005.6,,3.0
2024-09-16,0,24.0,20.7,82.0,0.0,,290.0,5.4,,1006.7,,3.0
2024-09-16,1,24.0,19.9,78.0,0.0,,290.0,13.0,,1011.0,,5.0
2024-09-16,2,24.0,19.9,78.0,0.0,,300.0,13.0,,1011.0,,5.0
2024-09-16,3,25.8,20.8,74.0,0.0,,320.0,7.6,,1008.1,,3.0
2024-09-16,4,25.0,20.0,74.0,0.0,,300.0,14.8,,1012.0,,4.0
2024-09-16,5,26.0,20.1,70.0,0.0,,310.0,13.0,,1012.0,,4.0
2024-09-16,6,27.0,20.8,69.0,0.0,,320.0,7.6,,1007.6,,3.0
2024-09-16,7,26.0,21.0,74.0,0.0,,330.0,7.6,,1011.0,,3.0
2024-09-16,8,28.0,21.1,66.0,0.0,,310.0,18.4,,1009.0,,3.0
2024-09-16,9,29.8,22.5,65.0,0.0,,320.0,7.6,,1004.3,,3.0
2024-09-16,10,28.0,20.0,62.0,0.0,,310.0,14.8,,1008.0,,3.0
2024-09-16,11,29.0,19.9,58.0,0.0,,300.0,11.2,,1008.0,,3.0
2024-09-16,12,28.6,21.4,65.0,0.0,,270.0,5.4,,1003.8,,3.0
2024-09-16,13,27.0,21.1,70.0,0.0,,290.0,7.6,,1009.0,,3.0
2024-09-16,14,27.0,21.1,70.0,0.0,,290.0,5.4,,1009.0,,3.0
2024-09-16,15,26.4,21.6,75.0,0.0,,280.0,7.6,,1005.8,,2.0
2024-09-16,16,27.0,20.1,66.0,0.0,,280.0,13.0,,1011.0,,3.0
2024-09-16,17,25.7,21.6,78.0,0.0,,319.0,1.8,,1006.4,,3.0
2024-09-16,18,25.6,21.5,78.0,0.0,,319.0,3.6,,1006.5,,3.0
2024-09-16,19,25.1,21.6,81.0,0.0,,310.0,1.8,,1006.4,,3.0
2024-09-16,20,24.8,21.3,81.0,0.0,,303.0,1.8,,1006.0,,3.0
2024-09-16,21,25.0,21.5,81.0,0.0,,298.0,3.6,,1005.7,,2.0
2024-09-16,22,24.7,21.2,81.0,0.0,,313.0,3.7,,1005.9,,2.0
2024-09-16,23,24.3,21.0,82.0,0.0,,313.0,3.7,,1006.0,,2.0
2024-09-17,0,24.0,20.7,82.0,0.0,,313.0,3.6,,1006.6,,2.0
2024-09-17,1,24.0,19.9,78.0,0.0,,310.0,11.0,,1011.0,,5.0
2024-09-17,2,24.0,19.9,78.0,0.0,,320.0,11.2,,1011.0,,5.0
2024-09-17,3,26.0,22.9,83.0,0.0,,320.0,5.4,,1007.7,,3.0
2024-09-17,4,27.0,21.1,70.0,0.0,,300.0,9.4,,1011.0,,2.0
2024-09-17,5,28.7,22.0,67.0,0.0,,328.0,7.4,,1006.8,,2.0
2024-09-17,6,29.8,22.5,65.0,0.0,,270.0,7.6,,1006.6,,3.0
2024-09-17,7,30.0,21.1,59.0,0.0,,330.0,13.0,,1010.0,,3.0
2024-09-17,8,30.0,20.0,55.0,0.0,,330.0,19.0,,1009.0,,3.0
2024-09-17,9,31.4,20.7,53.0,0.0,,290.0,5.4,,1003.7,,3.0
2024-09-17,10,30.0,19.1,52.0,0.0,,290.0,14.8,,1007.0,,3.0
2024-09-17,11,30.0,20.0,55.0,0.0,,280.0,19.0,,1007.0,,3.0
2024-09-17,12,30.0,20.8,58.0,0.0,,290.0,5.4,,1003.2,,3.0
2024-09-17,13,28.0,20.0,62.0,0.0,,320.0,7.6,,1008.0,,3.0
2024-09-17,14,27.0,20.1,66.0,0.0,,310.0,7.6,,1009.0,,2.0
2024-09-17,15,26.4,21.4,74.0,0.0,,310.0,5.4,,1005.7,,2.0
2024-09-17,16,24.0,20.9,83.0,0.0,,300.0,5.4,,1010.0,,2.0
2024-09-17,17,26.0,21.4,76.0,0.0,,337.0,1.8,,1005.8,,2.0
2024-09-17,18,24.6,20.7,79.0,0.0,,0.0,0.0,,1006.1,,2.0
2024-09-17,19,25.1,21.4,80.0,0.0,,33.0,0.0,,1005.6,,2.0
2024-09-17,20,24.7,21.4,82.0,0.0,,294.0,0.0,,1005.3,,2.0
2024-09-17,21,24.1,20.2,79.0,0.0,,0.0,0.0,,1004.9,,2.0
2024-09-17,22,23.9,20.6,82.0,0.0,,310.0,0.0,,1004.9,,2.0
2024-09-17,23,23.6,20.5,83.0,0.0,,301.0,1.8,,1005.1,,2.0
2024-09-18,0,23.8,19.9,79.0,0.0,,320.0,3.6,,1005.6,,2.0
2024-09-18,1,24.0,19.1,74.0,0.0,,300.0,13.0,,1010.0,,5.0
2024-09-18,2,24.0,19.9,78.0,0.0,,310.0,13.0,,1010.0,,5.0
2024-09-18,3,26.0,20.3,71.0,0.0,,290.0,5.4,,1006.5,,5.0
2024-09-18,4,27.0,20.1,66.0,0.0,,320.0,13.0,,1011.0,,5.0
2024-09-18,5,28.9,20.6,61.0,0.0,,304.0,5.5,,1005.7,,2.0
2024-09-18,6,30.4,19.4,52.0,0.0,,320.0,5.4,,1005.3,,2.0
2024-09-18,7,30.0,18.1,49.0,0.0,,280.0,13.0,,1009.0,,2.0
2024-09-18,8,31.0,17.0,43.0,0.0,,290.0,19.0,,1008.0,,3.0
2024-09-18,9,32.2,17.3,41.0,0.0,,320.0,5.4,,1002.3,,3.0
2024-09-18,10,31.0,15.8,40.0,0.0,,310.0,13.0,,1007.0,,3.0
2024-09-18,11,31.0,18.0,46.0,0.0,,310.0,7.6,,1007.0,,3.0
2024-09-18,12,30.6,19.0,50.0,0.0,,320.0,3.6,,1002.2,,3.0
2024-09-18,13,28.0,20.0,62.0,0.0,,340.0,6.0,,1008.0,,3.0
2024-09-18,14,28.0,20.0,62.0,0.0,,340.0,7.6,,1008.0,,2.0
2024-09-18,15,27.4,21.0,68.0,0.0,,330.0,5.4,,1004.5,,2.0
2024-09-18,16,26.0,20.1,70.0,0.0,,314.0,3.6,,1009.0,,2.0
2024-09-18,17,25.8,20.4,72.0,0.0,,24.0,0.0,,1005.6,,2.0
2024-09-18,18,25.2,20.7,76.0,0.0,,0.0,0.0,,1005.9,,2.0
2024-09-18,19,24.8,20.5,77.0,0.0,,37.0,0.0,,1005.6,,2.0
2024-09-18,20,24.5,20.4,78.0,0.0,,284.0,0.0,,1005.3,,2.0
2024-09-18,21,24.4,20.7,80.0,0.0,,0.0,0.0,,1005.5,,2.0
2024-09-18,22,24.1,20.6,81.0,0.0,,301.0,0.0,,1005.6,,3.0
2024-09-18,23,23.9,20.4,81.0,0.0,,305.0,0.0,,1005.7,,3.0
2024-09-19,0,23.8,20.7,83.0,0.0,,0.0,0.0,,1005.9,,2.0
2024-09-19,1,25.0,21.1,79.0,0.0,,298.0,4.0,,1011.0,,5.0
2024-09-19,2,25.0,20.0,74.0,0.0,,240.0,7.6,,1011.0,,5.0
2024-09-19,3,27.8,21.4,68.0,0.0,,280.0,9.4,,1007.1,,5.0
2024-09-19,4,29.0,19.9,58.0,0.0,,300.0,11.2,,1012.0,,5.0
2024-09-19,5,29.0,19.9,58.0,0.0,,320.0,9.4,,1012.0,,2.0
2024-09-19,6,31.0,19.7,51.0,0.0,,270.0,13.0,,1005.8,,2.0
2024-09-19,7,31.0,19.0,49.0,0.0,,10.0,9.4,,1010.0,,2.0
2024-09-19,8,32.0,18.9,46.0,0.0,,310.0,15.0,,1008.0,,2.0
2024-09-19,9,33.0,21.2,50.0,0.0,,320.0,5.4,,1003.3,,3.0
2024-09-19,10,31.0,20.0,52.0,0.0,,320.0,11.0,,1007.0,,3.0
2024-09-19,11,31.0,18.0,46.0,0.0,,320.0,9.0,,1007.0,,3.0
2024-09-19,12,31.0,19.4,50.0,0.0,,360.0,5.4,,1003.3,,3.0
2024-09-19,13,29.0,18.2,52.0,0.0,,330.0,5.4,,1009.0,,3.0
2024-09-19,14,27.0,18.0,58.0,0.0,,2.0,3.6,,1009.0,,3.0
2024-09-19,15,26.8,20.4,68.0,0.0,,0.0,0.0,,1005.8,,2.0
2024-09-19,16,25.0,21.1,79.0,0.0,,18.0,1.8,,1010.0,,2.0
2024-09-19,17,26.8,21.3,72.0,0.0,,16.0,1.8,,1006.2,,2.0
2024-09-19,18,25.4,21.1,77.0,0.0,,0.0,0.0,,1006.0,,2.0
2024-09-19,19,25.9,21.6,77.0,0.0,,15.0,0.0,,1006.0,,2.0
2024-09-19,20,25.6,21.7,79.0,0.0,,300.0,0.0,,1005.5,,2.0
2024-09-19,21,25.0,21.5,81.0,0.0,,0.0,0.0,,1005.5,,2.0
2024-09-19,22,24.7,21.4,82.0,0.0,,292.0,0.0,,1005.5,,3.0
2024-09-19,23,24.5,21.4,83.0,0.0,,306.0,0.0,,1005.6,,3.0
2024-09-20,0,24.6,21.7,84.0,0.0,,0.0,0.0,,1005.6,,3.0
2024-09-20,1,26.0,20.1,70.0,0.0,,250.0,11.0,,1010.0,,5.0
2024-09-20,2,27.0,20.1,66.0,0.0,,270.0,9.4,,1010.0,,5.0
2024-09-20,3,28.6,21.1,64.0,0.0,,0.0,0.0,,1006.5,,5.0
2024-09-20,4,30.0,20.0,55.0,0.0,,280.0,9.0,,1011.0,,3.0
2024-09-20,5,29.7,21.6,62.0,0.0,,321.0,3.7,,1006.6,,3.0
2024-09-20,6,31.6,21.2,54.0,0.0,,320.0,5.4,,1005.3,,3.0
2024-09-20,7,32.0,20.0,49.0,0.0,,290.0,11.2,,1009.0,,3.0
2024-09-20,8,32.0,20.9,52.0,0.0,,320.0,13.0,,1008.0,,3.0
2024-09-20,9,33.8,21.6,49.0,0.0,,320.0,5.4,,1002.0,,3.0
2024-09-20,10,30.0,23.0,66.0,0.0,,10.0,11.2,,1007.0,,5.0
2024-09-20,11,30.0,21.1,59.0,0.0,,350.0,9.0,,1007.0,,5.0
2024-09-20,12,30.0,22.7,65.0,0.0,,320.0,5.4,,1003.7,,5.0
2024-09-20,13,28.0,21.1,66.0,0.0,,344.0,1.8,,1009.0,,5.0
2024-09-20,14,27.0,22.0,74.0,0.0,,348.0,2.0,,1010.0,,5.0
2024-09-20,15,28.2,22.4,71.0,1.2,,0.0,0.0,,1005.4,,5.0
2024-09-20,16,27.0,21.1,70.0,0.1,,330.0,11.2,,1011.0,,5.0
2024-09-20,17,27.3,22.5,75.0,0.5,,8.0,0.0,,1006.0,,7.0
2024-09-20,18,23.2,21.6,91.0,0.0,,0.0,0.0,,1008.0,,4.0
2024-09-20,19,26.4,22.5,79.0,0.3,,360.0,0.0,,1005.8,,4.0
2024-09-20,20,26.0,22.5,81.0,0.1,,340.0,0.0,,1005.4,,4.0
2024-09-20,21,23.4,21.7,90.0,0.0,,0.0,0.0,,1005.9,,4.0
2024-09-20,22,23.4,21.5,89.0,0.0,,342.0,1.8,,1005.9,,25.0
2024-09-20,23,23.3,21.6,90.0,0.0,,329.0,1.8,,1005.8,,25.0
2024-09-21,0,23.7,22.9,95.0,4.9,,0.0,0.0,,1005.9,,8.0
2024-09-21,1,24.0,22.1,89.0,1.8,,280.0,7.0,,1010.0,,5.0
2024-09-21,2,25.0,22.1,84.0,1.9,,280.0,13.0,,1011.0,,5.0
2024-09-21,3,25.0,23.2,90.0,1.4,,320.0,5.4,,1008.0,,5.0
2024-09-21,4,26.0,22.1,79.0,2.2,,300.0,13.0,,1012.0,,5.0
2024-09-21,5,24.0,23.0,94.0,0.3,,350.0,2.0,,1012.0,,8.0
2024-09-21,6,25.4,24.5,95.0,0.0,,320.0,3.6,,1007.5,,5.0
2024-09-21,7,28.9,23.1,71.0,0.0,,329.0,5.5,,1006.1,,8.0
2024-09-21,8,28.0,24.0,79.0,0.0,,290.0,16.6,,1009.0,,5.0
2024-09-21,9,29.4,23.8,72.0,0.0,,290.0,5.4,,1003.3,,5.0
2024-09-21,10,29.0,23.0,70.0,0.1,,320.0,9.4,,1007.0,,5.0
2024-09-21,11,29.0,23.0,70.0,0.4,,310.0,11.2,,1008.0,,5.0
2024-09-21,12,28.4,24.0,77.0,0.0,,280.0,9.4,,1003.6,,5.0
2024-09-21,13,27.0,24.1,84.0,0.6,,290.0,7.6,,1009.0,,5.0
2024-09-21,14,23.0,22.0,94.0,1.1,,140.0,18.4,,1010.0,,25.0
2024-09-21,15,22.5,21.7,95.0,4.1,,60.0,5.4,,1007.8,,25.0
2024-09-21,16,23.0,22.0,94.0,0.4,,310.0,5.4,,1011.0,,5.0
2024-09-21,17,22.8,22.1,96.0,0.0,,340.0,0.0,,1007.6,,7.0
2024-09-21,18,23.0,22.3,96.0,0.0,,0.0,0.0,,1007.7,,4.0
2024-09-21,19,23.0,22.5,97.0,0.0,,314.0,0.0,,1006.7,,3.0
2024-09-21,20,23.1,22.6,97.0,0.0,,307.0,0.0,,1006.1,,3.0
2024-09-21,21,22.9,22.4,97.0,0.0,,0.0,0.0,,1006.3,,3.0
2024-09-21,22,22.9,22.2,96.0,0.0,,318.0,0.0,,1006.2,,3.0
2024-09-21,23,22.9,22.2,96.0,0.0,,316.0,0.0,,1006.0,,3.0
2024-09-22,0,23.2,22.5,96.0,0.0,,320.0,5.4,,1005.9,,3.0
2024-09-22,1,24.0,22.1,89.0,0.0,,290.0,3.6,,1010.0,,5.0
2024-09-22,2,24.0,23.0,94.0,0.0,,280.0,5.4,,1011.0,,5.0
2024-09-22,3,25.2,22.9,87.0,0.0,,320.0,5.4,,1006.7,,5.0
2024-09-22,4,27.0,22.0,74.0,0.0,,320.0,5.4,,1011.0,,5.0
2024-09-22,5,28.0,22.0,70.0,0.0,,320.0,9.4,,1011.0,,5.0
2024-09-22,6,29.6,22.6,66.0,0.0,,340.0,3.6,,1005.3,,5.0
2024-09-22,7,30.0,21.9,62.0,0.0,,340.0,11.2,,1009.0,,4.0
2024-09-22,8,30.0,21.9,62.0,0.0,,30.0,9.4,,1007.0,,18.0
2024-09-22,9,31.2,23.1,62.0,0.0,,320.0,7.6,,1001.8,,25.0
2024-09-22,10,30.0,21.9,62.0,0.1,,10.0,11.0,,1006.0,,18.0
2024-09-22,11,30.0,21.9,62.0,0.5,,20.0,11.0,,1006.0,,25.0
2024-09-22,12,29.8,22.5,65.0,0.3,,280.0,3.6,,1001.2,,5.0
2024-09-22,13,27.5,23.1,77.0,0.0,,343.0,3.7,,1003.2,,25.0
2024-09-22,14,27.0,24.1,84.0,0.0,,320.0,5.4,,1009.0,,5.0
2024-09-22,15,27.6,24.2,82.0,0.0,,330.0,3.6,,1004.5,,5.0
2024-09-22,16,26.0,22.1,79.0,0.0,,40.0,19.0,,1010.0,,5.0
2024-09-22,17,25.0,21.1,79.0,0.0,,40.0,9.4,,1009.0,,5.0
2024-09-22,18,25.0,22.5,86.0,0.0,,290.0,3.6,,1005.3,,5.0
2024-09-22,19,24.4,23.2,93.0,0.0,,332.0,1.8,,1005.0,,8.0
2024-09-22,20,24.3,23.1,93.0,0.0,,331.0,1.8,,1004.5,,8.0
2024-09-22,21,24.1,23.1,94.0,0.0,,309.0,0.0,,1004.1,,8.0
2024-09-22,22,24.0,23.0,94.0,0.0,,326.0,1.8,,1004.2,,8.0
2024-09-22,23,23.9,22.7,93.0,0.0,,323.0,1.8,,1004.4,,8.0
2024-09-23,0,23.8,23.0,95.0,0.0,,0.0,0.0,,1004.9,,7.0
2024-09-23,1,24.4,22.7,90.0,1.5,,315.0,1.8,,1005.0,,7.0
2024-09-23,2,25.0,24.0,94.0,0.4,,300.0,5.4,,1010.0,,5.0
2024-09-23,3,26.4,24.4,89.0,1.4,,310.0,7.6,,1006.9,,5.0
2024-09-23,4,27.0,23.0,79.0,0.2,,348.0,3.6,,1010.0,,5.0
2024-09-23,5,28.0,22.9,74.0,0.0,,300.0,7.6,,1010.0,,5.0
2024-09-23,6,30.4,23.6,67.0,0.1,,340.0,5.4,,1004.5,,5.0
2024-09-23,7,31.0,23.1,63.0,0.0,,330.0,9.4,,1004.2,,7.0
2024-09-23,8,29.4,23.8,72.0,0.1,,337.0,3.7,,1003.1,,7.0
2024-09-23,9,31.0,24.4,68.0,0.2,,270.0,5.4,,1001.6,,8.0
2024-09-23,10,30.0,24.2,71.0,0.8,,276.0,3.7,,1001.6,,8.0
2024-09-23,11,29.0,24.1,75.0,0.1,,290.0,9.0,,1006.0,,5.0
2024-09-23,12,29.4,24.1,73.0,0.0,,360.0,5.4,,1001.3,,25.0
2024-09-23,13,26.0,24.0,89.0,0.0,,50.0,22.3,,1008.0,,25.0
2024-09-23,14,25.0,24.0,94.0,0.0,,180.0,5.4,,1008.0,,5.0
2024-09-23,15,25.0,24.1,95.0,0.0,,341.0,1.8,,1004.6,,5.0
2024-09-23,16,25.0,24.0,94.0,2.9,,20.0,1.8,,1009.0,,5.0
2024-09-23,17,25.0,24.0,94.0,0.4,,20.0,1.8,,1009.0,,5.0
2024-09-23,18,25.0,24.0,94.0,0.7,,0.0,0.0,,1004.8,,5.0
2024-09-23,19,25.0,23.1,89.0,2.8,,200.0,7.6,,1008.0,,5.0
2024-09-23,20,24.5,23.6,95.0,0.4,,47.0,0.0,,1003.7,,25.0
2024-09-23,21,24.6,24.1,97.0,0.0,,0.0,0.0,,1003.7,,8.0
2024-09-23,22,24.4,23.9,97.0,0.0,,327.0,0.0,,1003.6,,25.0
2024-09-23,23,24.3,23.4,95.0,0.0,,324.0,0.0,,1003.6,,25.0
2024-09-24,0,24.4,23.5,95.0,0.0,,286.0,1.8,,1003.4,,25.0
2024-09-24,1,24.7,23.5,93.0,0.0,,288.0,1.8,,1004.1,,4.0
2024-09-24,2,25.0,24.0,94.0,0.0,,320.0,3.6,,1008.0,,5.0
2024-09-24,3,26.2,24.2,89.0,0.0,,320.0,3.6,,1004.8,,5.0
2024-09-24,4,27.0,23.0,79.0,0.0,,300.0,5.4,,1009.0,,5.0
2024-09-24,5,29.0,23.0,70.0,0.2,,336.0,3.6,,1008.0,,5.0
2024-09-24,6,29.8,24.2,72.0,0.1,,340.0,3.6,,1004.1,,8.0
2024-09-24,7,30.0,23.9,70.0,2.8,,310.0,7.6,,1007.0,,8.0
2024-09-24,8,27.0,25.0,89.0,0.1,,190.0,7.0,,1005.0,,8.0
2024-09-24,9,29.0,25.2,80.0,0.0,,170.0,5.4,,1000.4,,5.0
2024-09-24,10,28.0,24.0,79.0,0.0,,170.0,7.6,,1004.0,,5.0
2024-09-24,11,25.0,22.1,84.0,0.2,,270.0,13.0,,1005.0,,25.0
2024-09-24,12,25.2,22.9,87.0,0.0,,260.0,7.6,,1002.4,,25.0
2024-09-24,13,26.5,24.3,88.0,1.0,,316.0,1.8,,1001.3,,25.0
2024-09-24,14,25.0,23.1,89.0,0.1,,280.0,5.4,,1007.0,,25.0
2024-09-24,15,25.0,24.1,95.0,0.1,,0.0,0.0,,1004.3,,25.0
2024-09-24,16,24.0,23.0,94.0,2.0,,283.0,5.4,,1008.0,,9.0
2024-09-24,17,24.8,23.9,95.0,4.2,,278.0,0.0,,1004.1,,8.0
2024-09-24,18,25.0,23.8,93.0,2.5,,0.0,0.0,,1004.5,,8.0
2024-09-24,19,24.5,23.8,96.0,1.4,,270.0,0.0,,1003.3,,8.0
2024-09-24,20,24.4,23.5,95.0,0.5,,266.0,0.0,,1002.6,,8.0
2024-09-24,21,24.6,23.4,93.0,0.0,,0.0,0.0,,1002.2,,7.0
2024-09-24,22,24.5,23.3,93.0,0.0,,230.0,0.0,,1002.3,,7.0
2024-09-24,23,24.3,23.3,94.0,0.0,,298.0,0.0,,1002.3,,7.0
2024-09-25,0,24.6,23.4,93.0,0.0,,0.0,0.0,,1002.6,,7.0
2024-09-25,1,24.0,23.0,94.0,0.0,,240.0,6.0,,1007.0,,5.0
2024-09-25,2,25.0,23.1,89.0,0.0,,270.0,7.6,,1008.0,,5.0
2024-09-25,3,25.2,23.6,91.0,0.0,,0.0,0.0,,1004.0,,5.0
2024-09-25,4,26.0,23.1,84.0,0.0,,250.0,7.6,,1008.0,,5.0
2024-09-25,5,26.0,23.1,84.0,0.4,,260.0,7.6,,1008.0,,5.0
2024-09-25,6,26.8,23.7,83.0,0.1,,270.0,3.6,,1003.7,,5.0
2024-09-25,7,27.0,23.0,79.0,0.1,,280.0,7.0,,1006.0,,5.0
2024-09-25,8,30.0,23.9,70.0,0.1,,250.0,11.0,,1005.0,,5.0
2024-09-25,9,30.2,23.6,68.0,0.2,,310.0,11.2,,1000.6,,5.0
2024-09-25,10,28.0,22.9,74.0,0.5,,320.0,11.2,,1005.0,,5.0
2024-09-25,11,27.0,22.0,74.0,0.3,,280.0,11.2,,1005.0,,5.0
2024-09-25,12,27.4,24.1,82.0,5.5,,260.0,1.8,,1001.1,,25.0
2024-09-25,13,26.0,23.1,84.0,0.6,,300.0,3.6,,1006.0,,5.0
2024-09-25,14,26.0,23.1,84.0,4.8,,220.0,7.6,,1007.0,,5.0
2024-09-25,15,25.8,23.8,89.0,0.2,,190.0,1.8,,1003.6,,5.0
2024-09-25,16,25.0,23.1,89.0,0.0,,200.0,7.6,,1007.0,,5.0
2024-09-25,17,25.5,23.6,89.0,0.0,,247.0,1.8,,1003.8,,3.0
2024-09-25,18,25.4,23.1,87.0,0.0,,0.0,0.0,,1003.6,,3.0
2024-09-25,19,25.1,23.5,91.0,0.0,,247.0,1.8,,1003.4,,3.0
2024-09-25,20,24.9,23.3,91.0,0.0,,247.0,1.8,,1002.9,,3.0
2024-09-25,21,25.0,22.7,87.0,0.0,,0.0,0.0,,1002.7,,3.0
2024-09-25,22,24.8,22.7,88.0,0.0,,252.0,0.0,,1002.6,,3.0
2024-09-25,23,24.6,22.7,89.0,0.0,,262.0,1.8,,1002.5,,3.0
2024-09-26,0,24.2,22.5,90.0,0.0,,262.0,1.8,,1002.3,,3.0
2024-09-26,1,24.8,22.7,88.0,0.0,,259.0,3.7,,1003.2,,3.0
2024-09-26,2,25.0,23.1,89.0,0.0,,260.0,9.4,,1007.0,,5.0
2024-09-26,3,25.2,22.9,87.0,0.0,,220.0,7.6,,1004.3,,5.0
2024-09-26,4,25.0,22.1,84.0,0.0,,240.0,13.0,,1009.0,,4.0
2024-09-26,5,27.0,22.0,74.0,0.0,,240.0,15.0,,1009.0,,5.0
2024-09-26,6,27.0,22.6,77.0,0.0,,270.0,5.4,,1004.2,,5.0
2024-09-26,7,27.0,22.0,74.0,0.0,,240.0,11.2,,1007.0,,5.0
2024-09-26,8,28.0,22.0,70.0,0.0,,260.0,19.0,,1006.0,,5.0
2024-09-26,9,28.0,22.5,72.0,0.0,,240.0,20.5,,1001.5,,5.0
2024-09-26,10,27.8,22.7,74.0,0.0,,248.0,3.7,,1001.5,,4.0
2024-09-26,11,28.0,22.0,70.0,0.0,,240.0,13.0,,1006.0,,5.0
2024-09-26,12,27.6,23.0,76.0,0.0,,190.0,7.6,,1001.5,,5.0
2024-09-26,13,26.0,22.1,79.0,0.0,,200.0,5.4,,1007.0,,5.0
2024-09-26,14,25.0,23.1,89.0,0.0,,200.0,9.4,,1008.0,,5.0
2024-09-26,15,26.0,23.5,86.0,0.2,,210.0,5.4,,1004.4,,5.0
2024-09-26,16,26.0,23.1,84.0,0.0,,220.0,7.6,,1009.0,,5.0
2024-09-26,17,25.0,23.1,89.0,0.0,,220.0,7.6,,1009.0,,5.0
2024-09-26,18,25.4,22.3,83.0,0.0,,0.0,0.0,,1004.7,,3.0
2024-09-26,19,25.1,23.0,88.0,0.0,,238.0,1.8,,1005.1,,3.0
2024-09-26,20,24.8,22.9,89.0,0.0,,239.0,1.8,,1004.7,,3.0
2024-09-26,21,24.6,22.5,88.0,0.0,,0.0,0.0,,1004.3,,3.0
2024-09-26,22,24.4,22.5,89.0,0.0,,263.0,1.8,,1004.4,,3.0
2024-09-26,23,24.2,22.3,89.0,0.0,,263.0,1.8,,1004.5,,3.0
2024-09-27,0,24.6,22.5,88.0,0.0,,250.0,5.4,,1004.4,,3.0
2024-09-27,1,24.0,20.9,83.0,0.0,,250.0,11.0,,1009.0,,3.0
2024-09-27,2,25.0,21.1,79.0,0.0,,250.0,17.0,,1010.0,,3.0
2024-09-27,3,26.0,21.7,77.0,0.0,,270.0,11.2,,1006.5,,3.0
2024-09-27,4,27.0,21.1,70.0,0.0,,240.0,22.3,,1011.0,,2.0
2024-09-27,5,28.0,21.1,66.0,0.0,,240.0,14.8,,1011.0,,3.0
2024-09-27,6,29.0,23.0,70.0,0.0,,270.0,5.4,,1006.8,,3.0
2024-09-27,7,30.0,21.9,62.0,0.0,,220.0,26.0,,1010.0,,3.0
2024-09-27,8,29.0,22.0,66.0,0.0,,230.0,13.0,,1009.0,,3.0
2024-09-27,9,30.6,21.4,58.0,0.0,,220.0,1.8,,1004.1,,3.0
2024-09-27,10,29.0,21.0,62.0,0.0,,220.0,13.0,,1008.0,,4.0
2024-09-27,11,29.0,21.0,62.0,0.0,,250.0,14.8,,1009.0,,4.0
2024-09-27,12,28.8,21.6,65.0,0.0,,230.0,3.6,,1005.0,,5.0
2024-09-27,13,27.0,21.1,70.0,0.0,,210.0,9.4,,1010.0,,5.0
2024-09-27,14,26.0,22.1,79.0,0.0,,200.0,7.6,,1010.0,,5.0
2024-09-27,15,27.2,22.6,76.0,0.0,,230.0,3.6,,1006.4,,5.0
2024-09-27,16,26.0,22.1,79.0,0.0,,200.0,7.6,,1012.0,,5.0
2024-09-27,17,26.4,22.7,80.0,0.0,,221.0,3.7,,1007.4,,3.0
2024-09-27,18,26.6,22.2,77.0,0.0,,180.0,1.8,,1007.7,,3.0
2024-09-27,19,25.6,22.5,83.0,0.0,,224.0,3.7,,1007.6,,3.0
2024-09-27,20,25.3,22.4,84.0,0.0,,234.0,3.7,,1007.4,,3.0
2024-09-27,21,25.6,21.5,78.0,0.0,,270.0,1.8,,1005.7,,3.0
2024-09-27,22,24.8,22.3,86.0,0.0,,247.0,3.7,,1007.3,,3.0
2024-09-27,23,24.6,22.5,88.0,0.0,,249.0,3.7,,1007.4,,3.0
2024-09-28,0,24.6,20.7,79.0,0.0,,270.0,5.4,,1006.6,,3.0
2024-09-28,1,25.1,22.6,86.0,0.0,,250.0,3.7,,1008.3,,3.0
2024-09-28,2,25.0,21.1,79.0,0.0,,210.0,11.0,,1014.0,,3.0
2024-09-28,3,26.6,21.4,73.0,0.0,,230.0,14.8,,1010.0,,3.0
2024-09-28,4,28.0,22.0,70.0,0.0,,240.0,14.8,,1014.0,,3.0
2024-09-28,5,29.0,22.0,66.0,0.0,,210.0,13.0,,1014.0,,3.0
2024-09-28,6,29.8,21.7,62.0,0.0,,270.0,18.4,,1008.7,,3.0
2024-09-28,7,30.0,21.9,62.0,0.0,,230.0,11.2,,1012.0,,3.0
2024-09-28,8,31.0,20.9,55.0,0.1,,260.0,14.8,,1011.0,,3.0
2024-09-28,9,31.2,22.0,58.0,0.2,,242.0,3.6,,1006.1,,3.0
2024-09-28,10,31.0,20.9,55.0,0.1,,250.0,13.0,,1011.0,,3.0
2024-09-28,11,30.0,20.0,55.0,0.0,,240.0,16.6,,1010.0,,3.0
2024-09-28,12,30.4,21.2,58.0,0.0,,230.0,5.4,,1005.7,,3.0
2024-09-28,13,28.0,21.1,66.0,0.0,,260.0,9.4,,1011.0,,3.0
2024-09-28,14,27.0,21.1,70.0,0.0,,190.0,3.6,,1013.0,,3.0
2024-09-28,15,27.8,22.5,73.0,0.0,,220.0,5.4,,1008.4,,2.0
2024-09-28,16,27.0,22.0,74.0,0.0,,250.0,7.6,,1014.0,,2.0
2024-09-28,17,26.9,22.7,78.0,0.0,,146.0,1.8,,1009.3,,2.0
2024-09-28,18,26.0,22.5,81.0,0.0,,0.0,0.0,,1009.4,,2.0
2024-09-28,19,26.1,22.8,82.0,0.0,,142.0,1.8,,1009.5,,2.0
2024-09-28,20,25.7,22.8,84.0,0.0,,138.0,1.8,,1009.1,,2.0
2024-09-28,21,25.6,22.5,83.0,0.0,,134.0,1.8,,1008.8,,2.0
2024-09-28,22,25.2,22.3,84.0,0.0,,185.0,1.8,,1009.1,,3.0
2024-09-28,23,24.9,22.2,85.0,0.0,,185.0,1.8,,1009.3,,3.0
2024-09-29,0,24.5,22.2,87.0,0.0,,232.0,0.0,,1009.6,,3.0
2024-09-29,1,26.0,22.1,79.0,0.0,,196.0,4.0,,1014.0,,5.0
2024-09-29,2,27.0,23.0,79.0,0.0,,203.0,1.8,,1015.0,,5.0
2024-09-29,3,28.0,23.4,76.0,0.0,,0.0,0.0,,1009.2,,5.0
2024-09-29,4,30.0,23.0,66.0,0.0,,220.0,7.6,,1016.0,,5.0
2024-09-29,5,31.0,23.1,63.0,0.0,,170.0,6.0,,1015.0,,3.0
2024-09-29,6,30.8,23.5,65.0,0.0,,210.0,7.6,,1008.6,,3.0
2024-09-29,7,31.0,22.1,59.0,0.1,,100.0,5.4,,1013.0,,7.0
2024-09-29,8,31.0,22.1,59.0,0.2,,230.0,1.8,,1012.0,,8.0
2024-09-29,9,32.0,22.7,58.0,0.0,,244.0,3.6,,1006.6,,8.0
2024-09-29,10,31.0,23.1,63.0,0.0,,190.0,5.4,,1011.0,,3.0
2024-09-29,11,30.0,21.9,62.0,0.1,,80.0,9.0,,1011.0,,3.0
2024-09-29,12,30.8,22.7,62.0,0.0,,110.0,3.6,,1006.7,,3.0
2024-09-29,13,29.0,23.0,70.0,0.0,,100.0,11.2,,1013.0,,5.0
2024-09-29,14,27.0,20.1,66.0,0.0,,300.0,14.8,,1014.0,,5.0
2024-09-29,15,26.8,22.9,79.0,0.0,,320.0,5.4,,1010.7,,3.0
2024-09-29,16,26.0,24.0,89.0,0.0,,322.0,2.0,,1015.0,,5.0
2024-09-29,17,26.0,24.0,89.0,0.0,,328.0,3.6,,1015.0,,5.0
2024-09-29,18,26.0,25.1,95.0,0.0,,0.0,0.0,,1010.9,,8.0
2024-09-29,19,25.6,23.1,86.0,0.0,,351.0,1.8,,1010.4,,8.0
2024-09-29,20,25.4,23.1,87.0,0.0,,302.0,1.8,,1010.0,,8.0
2024-09-29,21,25.8,25.3,97.0,0.0,,0.0,0.0,,1009.6,,8.0
2024-09-29,22,25.5,24.8,96.0,0.0,,241.0,0.0,,1009.8,,3.0
2024-09-29,23,25.1,24.2,95.0,0.0,,224.0,0.0,,1010.1,,3.0
2024-09-30,0,25.2,24.3,95.0,0.0,,211.0,1.8,,1010.0,,3.0
2024-09-30,1,26.0,24.0,89.0,0.0,,120.0,6.0,,1015.0,,5.0
2024-09-30,2,26.0,24.0,89.0,0.0,,160.0,7.6,,1016.0,,5.0
2024-09-30,3,27.8,23.6,78.0,0.0,,210.0,9.4,,1011.7,,2.0
2024-09-30,4,30.0,23.9,70.0,0.0,,200.0,11.2,,1016.0,,5.0
2024-09-30,5,31.0,23.9,66.0,0.2,,184.0,3.6,,1016.0,,3.0
2024-09-30,6,31.8,23.1,60.0,0.1,,184.0,3.6,,1009.7,,3.0
2024-09-30,7,32.0,22.1,56.0,0.0,,184.0,3.6,,1014.0,,3.0
2024-09-30,8,32.0,24.1,63.0,0.0,,200.0,7.6,,1012.0,,5.0
2024-09-30,9,32.0,24.1,63.0,0.0,,180.0,11.0,,1011.0,,5.0
2024-09-30,10,28.0,22.9,74.0,0.2,,350.0,15.0,,1011.0,,5.0
2024-09-30,11,28.0,21.1,66.0,0.6,,10.0,5.4,,1012.0,,5.0
2024-09-30,12,27.6,22.1,72.0,0.0,,0.0,0.0,,1007.1,,3.0
2024-09-30,13,26.0,22.1,79.0,0.0,,130.0,3.6,,1013.0,,5.0
2024-09-30,14,26.0,22.1,79.0,0.0,,136.0,1.8,,1013.0,,5.0
2024-09-30,15,26.6,22.4,78.0,0.0,,340.0,3.6,,1009.5,,5.0
2024-09-30,16,25.0,23.1,89.0,0.0,,347.0,3.6,,1014.0,,5.0
2024-09-30,17,26.1,23.0,83.0,0.0,,359.0,1.8,,1009.7,,3.0
2024-09-30,18,25.4,23.6,90.0,0.0,,0.0,0.0,,1009.2,,3.0
2024-09-30,19,25.6,23.1,86.0,0.0,,17.0,1.8,,1009.2,,3.0
2024-09-30,20,25.4,23.1,87.0,0.0,,1.0,0.0,,1008.7,,2.0
2024-09-30,21,25.2,23.6,91.0,0.0,,0.0,0.0,,1007.4,,2.0
2024-09-30,22,24.9,23.5,92.0,0.0,,193.0,0.0,,1007.7,,2.0
2024-09-30,23,24.6,23.4,93.0,0.0,,223.0,0.0,,1008.0,,2.0
2024-10-01,0,24.4,23.5,95.0,0.0,,0.0,0.0,,1008.6,,2.0
2024-10-01,1,26.0,24.0,89.0,0.0,,201.0,4.0,,1013.0,,2.0
2024-10-01,2,28.0,24.0,79.0,0.0,,150.0,3.6,,1013.0,,2.0
2024-10-01,3,29.4,23.4,70.0,0.0,,0.0,0.0,,1008.4,,2.0
2024-10-01,4,30.0,23.0,66.0,0.0,,210.0,5.4,,1013.0,,3.0
2024-10-01,5,31.0,22.1,59.0,0.0,,310.0,5.4,,1013.0,,3.0
2024-10-01,6,32.6,22.4,55.0,0.0,,89.0,1.8,,1006.4,,3.0
2024-10-01,7,33.0,22.2,53.0,0.0,,120.0,5.4,,1010.0,,3.0
2024-10-01,8,33.0,22.2,53.0,0.0,,50.0,5.4,,1009.0,,3.0
2024-10-01,9,33.6,21.7,50.0,0.0,,150.0,7.6,,1004.1,,3.0
2024-10-01,10,32.0,20.9,52.0,0.5,,40.0,3.6,,1009.0,,18.0
2024-10-01,11,30.0,23.0,66.0,0.3,,290.0,5.4,,1009.0,,18.0
2024-10-01,12,29.4,23.8,72.0,0.0,,40.0,5.4,,1004.9,,25.0
2024-10-01,13,28.0,22.0,70.0,0.0,,230.0,5.4,,1011.0,,25.0
2024-10-01,14,24.0,23.0,94.0,0.9,,300.0,9.4,,1012.0,,3.0
2024-10-01,15,24.0,23.1,95.0,0.0,,0.0,0.0,,1008.6,,5.0
2024-10-01,16,24.0,23.0,94.0,0.0,,114.0,2.0,,1013.0,,5.0
2024-10-01,17,24.5,23.3,93.0,0.0,,132.0,0.0,,1008.6,,25.0
2024-10-01,18,24.6,23.7,95.0,0.0,,0.0,0.0,,1009.4,,3.0
2024-10-01,19,24.8,23.4,92.0,0.0,,248.0,0.0,,1008.3,,3.0
2024-10-01,20,24.8,23.4,92.0,0.0,,169.0,0.0,,1007.9,,3.0
2024-10-01,21,22.8,22.0,95.0,0.0,,0.0,0.0,,1008.3,,3.0
2024-10-01,22,22.9,22.1,95.0,0.0,,168.0,0.0,,1008.2,,4.0
2024-10-01,23,23.1,22.3,95.0,0.0,,249.0,0.0,,1008.2,,4.0
2024-10-02,0,23.4,22.2,93.0,0.0,,0.0,0.0,,1008.4,,3.0
2024-10-02,1,25.0,22.1,84.0,0.0,,265.0,2.0,,1012.0,,5.0
2024-10-02,2,26.0,21.0,74.0,0.0,,264.0,1.8,,1012.0,,5.0
2024-10-02,3,27.2,22.6,76.0,0.0,,0.0,0.0,,1008.4,,5.0
2024-10-02,4,30.0,21.9,62.0,0.0,,290.0,9.4,,1013.0,,5.0
2024-10-02,5,30.0,21.1,59.0,0.0,,310.0,9.4,,1013.0,,3.0
2024-10-02,6,32.4,21.0,51.0,0.0,,320.0,7.6,,1007.2,,3.0
2024-10-02,7,32.9,22.7,55.0,0.0,,315.0,1.8,,1006.7,,18.0
2024-10-02,8,31.0,22.1,59.0,0.1,,330.0,9.4,,1010.0,,18.0
2024-10-02,9,33.0,23.4,57.0,0.2,,320.0,5.4,,1004.3,,18.0
2024-10-02,10,31.0,22.1,59.0,5.0,,300.0,11.0,,1009.0,,18.0
2024-10-02,11,30.0,21.9,62.0,0.8,,320.0,5.4,,1010.0,,18.0
2024-10-02,12,29.6,23.3,69.0,0.0,,70.0,3.6,,1005.4,,25.0
2024-10-02,13,27.0,23.0,79.0,0.0,,310.0,4.0,,1011.0,,25.0
2024-10-02,14,27.0,23.0,79.0,0.0,,308.0,3.6,,1012.0,,5.0
2024-10-02,15,27.4,23.0,77.0,0.0,,110.0,7.6,,1008.4,,5.0
2024-10-02,16,26.0,23.1,84.0,0.0,,276.0,1.8,,1013.0,,5.0
2024-10-02,17,26.7,23.2,81.0,0.0,,276.0,1.8,,1008.7,,18.0
2024-10-02,18,26.2,23.1,83.0,0.0,,0.0,0.0,,1008.3,,18.0
2024-10-02,19,25.9,23.2,85.0,0.0,,266.0,1.8,,1008.4,,18.0
2024-10-02,20,25.5,23.2,87.0,0.0,,259.0,1.8,,1007.9,,18.0
2024-10-02,21,25.8,22.1,80.0,0.0,,255.0,3.6,,1007.4,,18.0
2024-10-02,22,24.9,23.1,90.0,0.0,,263.0,1.8,,1007.4,,3.0
2024-10-02,23,24.7,22.9,90.0,0.0,,271.0,1.8,,1007.5,,3.0
2024-10-03,0,24.6,21.9,85.0,0.0,,279.0,3.6,,1007.6,,3.0
2024-10-03,1,25.0,22.1,84.0,0.0,,300.0,9.0,,1013.0,,3.0
2024-10-03,2,26.0,22.1,79.0,0.0,,320.0,16.6,,1013.0,,3.0
2024-10-03,3,27.2,22.6,76.0,0.0,,320.0,5.4,,1008.5,,3.0
2024-10-03,4,28.0,22.9,74.0,0.0,,320.0,14.8,,1013.0,,3.0
2024-10-03,5,29.0,24.1,75.0,0.0,,300.0,14.8,,1012.0,,3.0
2024-10-03,6,31.6,24.7,67.0,0.0,,320.0,5.4,,1007.2,,3.0
2024-10-03,7,32.0,24.1,63.0,0.0,,300.0,19.0,,1011.0,,3.0
2024-10-03,8,31.0,23.9,66.0,0.0,,300.0,18.4,,1010.0,,5.0
2024-10-03,9,29.2,23.4,71.0,1.1,,320.0,5.4,,1004.7,,5.0
2024-10-03,10,28.0,21.1,66.0,1.5,,360.0,11.2,,1008.0,,5.0
2024-10-03,11,28.0,22.0,70.0,0.4,,318.0,4.0,,1009.0,,5.0
2024-10-03,12,28.0,22.7,73.0,1.0,,320.0,7.6,,1005.5,,5.0
2024-10-03,13,27.0,21.1,70.0,0.1,,310.0,5.4,,1011.0,,5.0
2024-10-03,14,25.0,22.1,84.0,0.0,,309.0,1.8,,1011.0,,5.0
2024-10-03,15,26.0,22.7,82.0,0.0,,0.0,0.0,,1007.9,,5.0
2024-10-03,16,25.0,22.1,84.0,0.0,,300.0,1.8,,1012.0,,5.0
2024-10-03,17,25.8,22.9,84.0,0.0,,302.0,0.0,,1008.1,,3.0
2024-10-03,18,25.2,22.3,84.0,0.0,,0.0,0.0,,1007.8,,3.0
2024-10-03,19,25.5,23.2,87.0,0.0,,292.0,0.0,,1007.7,,3.0
2024-10-03,20,25.3,23.2,88.0,0.0,,270.0,1.8,,1007.3,,3.0
2024-10-03,21,24.6,22.7,89.0,0.0,,0.0,0.0,,1007.3,,3.0
2024-10-03,22,24.4,22.5,89.0,0.0,,273.0,0.0,,1007.4,,3.0
2024-10-03,23,24.2,22.5,90.0,0.0,,282.0,0.0,,1007.5,,3.0
2024-10-04,0,24.2,21.9,87.0,0.0,,295.0,1.8,,1007.7,,3.0
2024-10-04,1,25.0,22.1,84.0,0.0,,270.0,6.0,,1013.0,,5.0
2024-10-04,2,26.0,22.1,79.0,0.0,,270.0,19.0,,1013.0,,5.0
2024-10-04,3,27.0,21.1,70.0,0.0,,320.0,7.6,,1009.5,,5.0
2024-10-04,4,28.0,22.9,74.0,0.0,,270.0,14.8,,1014.0,,5.0
2024-10-04,5,29.0,23.0,70.0,0.0,,320.0,19.0,,1013.0,,3.0
2024-10-04,6,31.2,22.0,58.0,0.0,,320.0,7.6,,1007.9,,3.0
2024-10-04,7,31.0,22.1,59.0,0.0,,350.0,9.4,,1011.0,,3.0
2024-10-04,8,31.0,23.1,63.0,0.0,,350.0,9.4,,1011.0,,3.0
2024-10-04,9,32.0,21.8,55.0,0.0,,20.0,5.4,,1004.6,,3.0
2024-10-04,10,30.0,21.9,62.0,0.1,,340.0,6.0,,1009.0,,3.0
2024-10-04,11,30.0,21.1,59.0,0.0,,360.0,7.6,,1009.0,,3.0
2024-10-04,12,28.2,21.7,68.0,0.1,,210.0,1.8,,1005.3,,3.0
2024-10-04,13,27.0,23.0,79.0,0.0,,301.0,1.8,,1011.0,,5.0
2024-10-04,14,26.0,22.1,79.0,0.0,,60.0,1.8,,1011.0,,5.0
2024-10-04,15,25.8,22.9,84.0,0.0,,110.0,11.2,,1008.2,,2.0
2024-10-04,16,25.0,22.1,84.0,0.0,,230.0,9.4,,1013.0,,5.0
2024-10-04,17,24.0,23.0,94.0,0.0,,252.0,1.8,,1013.0,,5.0
2024-10-04,18,24.6,22.5,88.0,0.0,,0.0,0.0,,1008.7,,3.0
2024-10-04,19,25.0,22.9,88.0,0.0,,262.0,1.8,,1008.3,,3.0
2024-10-04,20,24.8,22.9,89.0,0.0,,269.0,1.8,,1007.9,,3.0
2024-10-04,21,24.6,23.7,95.0,0.0,,0.0,0.0,,1006.9,,3.0
2024-10-04,22,24.3,23.4,95.0,0.0,,281.0,0.0,,1007.2,,4.0
2024-10-04,23,24.1,23.1,94.0,0.0,,286.0,0.0,,1007.5,,4.0
2024-10-05,0,24.4,23.5,95.0,0.0,,0.0,0.0,,1007.4,,4.0
2024-10-05,1,25.0,22.1,84.0,0.0,,230.0,11.0,,1013.0,,5.0
2024-10-05,2,25.0,22.1,84.0,0.0,,230.0,13.0,,1014.0,,5.0
2024-10-05,3,25.2,22.9,87.0,0.0,,290.0,7.6,,1010.0,,2.0
2024-10-05,4,24.0,22.1,89.0,0.0,,280.0,13.0,,1015.0,,7.0
2024-10-05,5,25.0,23.1,89.0,0.0,,330.0,7.6,,1014.0,,7.0
2024-10-05,6,26.0,23.1,84.0,0.0,,320.0,5.4,,1009.6,,3.0
2024-10-05,7,26.0,23.1,84.0,0.0,,320.0,7.6,,1012.0,,5.0
2024-10-05,8,27.0,23.0,79.0,0.0,,340.0,7.6,,1011.0,,5.0
2024-10-05,9,28.0,23.8,78.0,0.0,,310.0,7.6,,1007.1,,5.0
2024-10-05,10,28.0,22.9,74.0,0.0,,310.0,5.4,,1010.0,,5.0
2024-10-05,11,28.0,22.9,74.0,0.5,,353.0,2.0,,1011.0,,5.0
2024-10-05,12,28.4,24.2,78.0,0.0,,0.0,0.0,,1007.3,,5.0
2024-10-05,13,26.0,22.1,79.0,0.0,,40.0,7.6,,1012.0,,5.0
2024-10-05,14,26.0,22.1,79.0,0.0,,21.0,1.8,,1013.0,,5.0
2024-10-05,15,25.0,22.9,88.0,0.0,,0.0,0.0,,1009.5,,5.0
2024-10-05,16,24.0,23.0,94.0,0.0,,37.0,3.6,,1013.0,,5.0
2024-10-05,17,25.8,23.1,85.0,0.0,,261.0,0.0,,1009.4,,2.0
2024-10-05,18,23.8,22.2,91.0,0.0,,0.0,0.0,,1009.7,,2.0
2024-10-05,19,25.0,22.9,88.0,0.0,,201.0,0.0,,1009.3,,2.0
2024-10-05,20,24.7,22.9,90.0,0.0,,276.0,0.0,,1009.0,,2.0
2024-10-05,21,23.6,22.4,93.0,0.0,,0.0,0.0,,1008.7,,2.0
2024-10-05,22,23.4,22.4,94.0,0.0,,291.0,0.0,,1008.8,,3.0
2024-10-05,23,23.3,22.5,95.0,0.0,,284.0,0.0,,1008.9,,3.0
2024-10-06,0,24.4,23.2,93.0,0.0,,0.0,0.0,,1009.2,,3.0
2024-10-06,1,24.0,23.0,94.0,0.0,,302.0,2.0,,1013.0,,5.0
2024-10-06,2,25.0,23.1,89.0,0.0,,313.0,1.8,,1014.0,,5.0
2024-10-06,3,27.2,23.2,79.0,0.0,,50.0,5.4,,1010.0,,5.0
2024-10-06,4,29.0,23.0,70.0,0.0,,60.0,7.6,,1015.0,,5.0
2024-10-06,5,29.0,22.0,66.0,0.0,,80.0,9.4,,1015.0,,5.0
2024-10-06,6,31.0,21.5,57.0,0.0,,80.0,5.4,,1009.3,,5.0
2024-10-06,7,30.0,21.1,59.0,0.4,,110.0,11.2,,1013.0,,5.0
2024-10-06,8,31.0,20.0,52.0,0.9,,50.0,9.4,,1012.0,,5.0
2024-10-06,9,31.0,21.2,56.0,0.3,,50.0,5.4,,1006.3,,5.0
2024-10-06,10,24.0,22.1,89.0,2.1,,130.0,6.0,,1012.0,,25.0
2024-10-06,11,25.0,22.1,84.0,0.8,,70.0,7.0,,1012.0,,5.0
2024-10-06,12,25.8,21.5,77.0,0.0,,90.0,7.6,,1008.8,,5.0
2024-10-06,13,24.0,19.9,78.0,0.0,,51.0,3.6,,1013.0,,5.0
2024-10-06,14,24.0,20.9,83.0,0.0,,65.0,1.8,,1014.0,,5.0
2024-10-06,15,24.0,20.9,83.0,0.0,,91.0,3.6,,1015.0,,5.0
2024-10-06,16,24.0,22.1,89.0,0.0,,0.0,0.0,,1015.0,,5.0
2024-10-06,17,24.6,22.7,89.0,0.0,,102.0,1.8,,1010.7,,3.0
2024-10-06,18,25.2,22.7,86.0,0.0,,0.0,0.0,,1010.7,,3.0
2024-10-06,19,24.3,22.6,90.0,0.0,,110.0,1.8,,1010.4,,3.0
2024-10-06,20,24.2,22.6,91.0,0.0,,113.0,1.8,,1010.0,,3.0
2024-10-06,21,24.8,22.3,86.0,0.0,,0.0,0.0,,1010.1,,3.0
2024-10-06,22,24.5,22.2,87.0,0.0,,118.0,0.0,,1010.2,,3.0
2024-10-06,23,24.1,22.2,89.0,0.0,,114.0,0.0,,1010.4,,3.0
2024-10-07,0,23.0,21.8,93.0,0.0,,0.0,0.0,,1010.6,,3.0
2024-10-07,1,24.0,22.1,89.0,0.0,,96.0,2.0,,1015.0,,5.0
2024-10-07,2,25.0,22.1,84.0,0.0,,110.0,3.6,,1016.0,,5.0
2024-10-07,3,26.8,21.6,73.0,0.0,,160.0,5.4,,1012.0,,5.0
2024-10-07,4,28.0,22.9,74.0,0.0,,130.0,7.6,,1017.0,,5.0
2024-10-07,5,29.0,23.0,70.0,0.0,,120.0,9.4,,1017.0,,5.0
2024-10-07,6,30.0,21.4,60.0,0.1,,70.0,9.4,,1011.1,,5.0
2024-10-07,7,30.0,21.1,59.0,0.1,,130.0,7.6,,1015.0,,5.0
2024-10-07,8,30.0,21.1,59.0,0.0,,80.0,11.2,,1014.0,,5.0
2024-10-07,9,31.0,20.3,53.0,0.2,,90.0,11.2,,1008.7,,5.0
2024-10-07,10,29.0,21.0,62.0,0.1,,80.0,15.0,,1012.0,,5.0
2024-10-07,11,29.0,21.0,62.0,0.4,,80.0,13.0,,1013.0,,5.0
2024-10-07,12,29.0,21.0,62.0,0.0,,110.0,13.0,,1008.7,,5.0
2024-10-07,13,27.0,21.1,70.0,0.2,,90.0,7.6,,1014.0,,5.0
2024-10-07,14,27.0,22.0,74.0,0.3,,80.0,7.6,,1015.0,,5.0
2024-10-07,15,27.2,21.9,73.0,0.0,,80.0,11.2,,1011.2,,5.0
2024-10-07,16,26.0,22.1,79.0,0.0,,110.0,7.6,,1016.0,,5.0
2024-10-07,17,26.3,21.9,77.0,0.0,,123.0,3.7,,1011.7,,2.0
2024-10-07,18,26.0,21.9,78.0,0.0,,0.0,0.0,,1011.9,,2.0
2024-10-07,19,25.5,22.0,81.0,0.0,,125.0,1.8,,1011.6,,2.0
2024-10-07,20,25.1,22.0,83.0,0.0,,127.0,1.8,,1011.1,,2.0
2024-10-07,21,24.8,22.3,86.0,0.0,,131.0,3.6,,1010.8,,2.0
2024-10-07,22,24.5,22.2,87.0,0.0,,130.0,3.7,,1010.9,,2.0
2024-10-07,23,24.3,22.2,88.0,0.0,,130.0,1.8,,1011.0,,2.0
2024-10-08,0,24.4,22.8,91.0,0.0,,0.0,0.0,,1011.1,,2.0
2024-10-08,1,24.0,22.1,89.0,0.0,,120.0,7.0,,1016.0,,5.0
2024-10-08,2,24.0,22.1,89.0,0.0,,110.0,5.4,,1017.0,,5.0
2024-10-08,3,26.0,22.1,79.0,0.0,,120.0,3.6,,1013.4,,5.0
2024-10-08,4,28.0,22.0,70.0,0.0,,120.0,5.4,,1017.0,,5.0
2024-10-08,5,28.0,21.1,66.0,0.0,,70.0,9.4,,1017.0,,5.0
2024-10-08,6,29.4,21.9,64.0,0.1,,90.0,7.6,,1012.2,,5.0
2024-10-08,7,28.0,21.1,66.0,0.0,,50.0,9.4,,1015.0,,5.0
2024-10-08,8,30.0,20.0,55.0,0.0,,50.0,9.0,,1013.0,,5.0
2024-10-08,9,31.4,20.4,52.0,0.0,,70.0,13.0,,1008.0,,7.0
2024-10-08,10,30.0,20.0,55.0,0.0,,100.0,7.6,,1013.0,,3.0
2024-10-08,11,29.0,19.9,58.0,0.0,,80.0,9.4,,1013.0,,3.0
2024-10-08,12,29.6,19.6,55.0,0.0,,50.0,7.6,,1007.7,,3.0
2024-10-08,13,28.0,20.0,62.0,0.0,,80.0,11.2,,1014.0,,5.0
2024-10-08,14,27.0,21.1,70.0,0.0,,90.0,9.0,,1014.0,,5.0
2024-10-08,15,27.4,22.8,76.0,0.0,,140.0,9.4,,1011.1,,5.0
2024-10-08,16,26.0,21.0,74.0,0.0,,90.0,7.6,,1016.0,,5.0
2024-10-08,17,26.4,22.7,80.0,0.0,,142.0,5.5,,1011.5,,2.0
2024-10-08,18,26.2,23.1,83.0,0.0,,140.0,5.4,,1010.7,,2.0
2024-10-08,19,25.5,22.4,83.0,0.0,,139.0,3.7,,1011.2,,2.0
2024-10-08,20,25.2,22.3,84.0,0.0,,133.0,3.7,,1010.6,,2.0
2024-10-08,21,24.8,23.0,90.0,0.0,,140.0,5.4,,1009.7,,2.0
2024-10-08,22,24.6,22.8,90.0,0.0,,137.0,5.5,,1009.8,,4.0
2024-10-08,23,24.4,22.8,91.0,0.0,,134.0,3.7,,1009.9,,3.0
2024-10-09,0,24.4,22.1,87.0,0.0,,140.0,3.6,,1009.9,,3.0
2024-10-09,1,24.0,22.1,89.0,0.0,,170.0,5.4,,1015.0,,5.0
2024-10-09,2,25.0,22.1,84.0,0.0,,100.0,9.4,,1015.0,,5.0
2024-10-09,3,26.6,21.8,75.0,0.0,,140.0,7.6,,1011.1,,5.0
2024-10-09,4,27.0,22.0,74.0,0.0,,140.0,7.6,,1015.0,,3.0
2024-10-09,5,28.0,22.0,70.0,0.0,,110.0,13.0,,1014.0,,3.0
2024-10-09,6,29.4,21.6,63.0,0.2,,140.0,5.4,,1009.5,,3.0
2024-10-09,7,30.0,21.1,59.0,0.0,,130.0,9.4,,1013.0,,3.0
2024-10-09,8,30.0,21.1,59.0,0.0,,120.0,13.0,,1012.0,,3.0
2024-10-09,9,30.8,21.0,56.0,0.0,,120.0,9.4,,1006.5,,3.0
2024-10-09,10,30.0,20.0,55.0,0.4,,110.0,11.2,,1011.0,,2.0
2024-10-09,11,29.0,19.9,58.0,0.3,,110.0,14.8,,1011.0,,2.0
2024-10-09,12,29.2,18.6,53.0,0.6,,100.0,11.2,,1005.9,,3.0
2024-10-09,13,28.0,22.0,70.0,0.0,,90.0,7.6,,1012.0,,3.0
2024-10-09,14,27.0,22.0,74.0,0.0,,120.0,11.2,,1014.0,,3.0
2024-10-09,15,27.0,22.4,76.0,0.0,,140.0,5.4,,1009.8,,3.0
2024-10-09,16,26.0,21.0,74.0,0.0,,120.0,9.4,,1014.0,,3.0
2024-10-09,17,26.1,22.4,80.0,0.0,,147.0,5.5,,1010.1,,3.0
2024-10-09,18,25.4,22.3,83.0,0.0,,140.0,7.6,,1009.8,,3.0
2024-10-09,19,25.5,22.4,83.0,0.0,,149.0,3.7,,1009.7,,3.0
2024-10-09,20,25.3,22.2,83.0,0.0,,146.0,3.7,,1009.2,,3.0
2024-10-09,21,24.8,22.5,87.0,0.0,,140.0,3.6,,1008.7,,3.0
2024-10-09,22,24.6,22.5,88.0,0.0,,149.0,3.7,,1008.7,,3.0
2024-10-09,23,24.4,22.5,89.0,0.0,,149.0,3.7,,1008.6,,3.0
2024-10-10,0,24.4,22.7,90.0,0.0,,140.0,5.4,,1008.6,,3.0
2024-10-10,1,24.0,22.1,89.0,0.0,,110.0,6.0,,1013.0,,5.0
2024-10-10,2,25.0,22.1,84.0,0.1,,130.0,7.6,,1014.0,,5.0
2024-10-10,3,26.0,22.9,83.0,0.2,,140.0,7.6,,1010.3,,5.0
2024-10-10,4,26.0,22.1,79.0,0.3,,120.0,14.8,,1015.0,,5.0
2024-10-10,5,27.0,22.0,74.0,0.1,,80.0,18.4,,1014.0,,3.0
2024-10-10,6,28.2,23.8,77.0,0.1,,140.0,7.6,,1009.2,,3.0
2024-10-10,7,28.0,22.0,70.0,0.2,,120.0,5.4,,1011.0,,3.0
2024-10-10,8,30.0,21.9,62.0,0.0,,70.0,18.4,,1010.0,,3.0
2024-10-10,9,29.8,21.5,61.0,0.0,,140.0,11.2,,1005.1,,3.0
2024-10-10,10,29.0,21.0,62.0,0.2,,90.0,9.4,,1009.0,,3.0
2024-10-10,11,29.0,21.0,62.0,0.8,,110.0,7.6,,1010.0,,3.0
2024-10-10,12,28.6,22.1,68.0,0.2,,140.0,9.4,,1005.8,,3.0
2024-10-10,13,26.0,21.0,74.0,0.0,,120.0,11.2,,1012.0,,3.0
2024-10-10,14,26.0,22.1,79.0,0.0,,110.0,7.6,,1012.0,,3.0
2024-10-10,15,25.6,22.5,83.0,0.0,,140.0,5.4,,1009.2,,3.0
2024-10-10,16,25.0,22.1,84.0,0.0,,100.0,11.2,,1013.0,,3.0
2024-10-10,17,26.1,23.0,83.0,0.0,,120.0,5.5,,1008.8,,3.0
2024-10-10,18,25.0,22.1,84.0,0.0,,140.0,5.4,,1008.9,,3.0
2024-10-10,19,25.5,23.0,86.0,0.0,,118.0,5.5,,1008.6,,3.0
2024-10-10,20,25.3,23.0,87.0,0.0,,115.0,5.5,,1008.2,,3.0
2024-10-10,21,24.6,21.9,85.0,0.0,,112.0,3.6,,1008.0,,3.0
2024-10-10,22,24.4,22.1,87.0,0.0,,137.0,3.7,,1008.0,,3.0
2024-10-10,23,24.3,22.2,88.0,0.0,,137.0,3.7,,1008.1,,3.0
2024-10-11,0,24.4,22.8,91.0,0.0,,140.0,5.4,,1007.6,,3.0
2024-10-11,1,24.0,22.1,89.0,0.0,,100.0,17.0,,1012.0,,5.0
2024-10-11,2,24.0,22.1,89.0,0.0,,100.0,14.8,,1013.0,,5.0
2024-10-11,3,25.0,22.7,87.0,0.1,,140.0,16.6,,1010.0,,5.0
2024-10-11,4,26.0,22.1,79.0,0.2,,100.0,16.6,,1014.0,,5.0
2024-10-11,5,27.0,22.0,74.0,0.2,,90.0,18.4,,1013.0,,5.0
2024-10-11,6,27.8,24.0,80.0,0.2,,140.0,11.2,,1008.4,,5.0
2024-10-11,7,28.0,22.0,70.0,0.0,,120.0,11.2,,1011.0,,5.0
2024-10-11,8,29.0,22.0,66.0,0.0,,130.0,20.5,,1011.0,,5.0
2024-10-11,9,28.4,21.9,68.0,0.0,,140.0,7.6,,1005.9,,5.0
2024-10-11,10,28.0,22.0,70.0,0.4,,60.0,13.0,,1010.0,,5.0
2024-10-11,11,26.0,23.1,84.0,0.0,,90.0,11.2,,1010.0,,5.0
2024-10-11,12,27.0,23.0,79.0,0.3,,140.0,5.4,,1006.0,,5.0
2024-10-11,13,24.0,22.1,89.0,0.0,,80.0,5.4,,1011.0,,5.0
2024-10-11,14,25.0,22.1,84.0,0.0,,120.0,11.2,,1013.0,,5.0
2024-10-11,15,25.4,22.9,86.0,0.0,,140.0,5.4,,1009.5,,5.0
2024-10-11,16,25.0,22.1,84.0,0.0,,120.0,11.2,,1014.0,,5.0
2024-10-11,17,24.0,22.1,89.0,0.0,,110.0,5.4,,1014.0,,5.0
2024-10-11,18,24.6,22.8,90.0,0.0,,140.0,3.6,,1009.7,,3.0
2024-10-11,19,24.8,22.9,89.0,0.0,,115.0,5.5,,1009.3,,3.0
2024-10-11,20,24.5,22.9,91.0,0.0,,112.0,5.5,,1008.9,,3.0
2024-10-11,21,24.0,22.8,93.0,0.0,,108.0,3.6,,1008.7,,3.0
2024-10-11,22,23.9,22.7,93.0,0.0,,139.0,3.7,,1008.8,,3.0
2024-10-11,23,23.8,22.8,94.0,0.0,,139.0,3.7,,1008.9,,3.0
2024-10-12,0,23.8,22.6,93.0,0.0,,140.0,5.4,,1009.0,,3.0
2024-10-12,1,24.0,22.1,89.0,0.0,,120.0,11.0,,1014.0,,5.0
2024-10-12,2,25.0,22.1,84.0,0.0,,130.0,7.6,,1015.0,,5.0
2024-10-12,3,25.8,22.3,81.0,0.2,,140.0,5.4,,1011.3,,5.0
2024-10-12,4,26.0,22.1,79.0,0.3,,120.0,11.2,,1015.0,,5.0
2024-10-12,5,28.0,22.0,70.0,0.3,,140.0,11.2,,1015.0,,4.0
2024-10-12,6,28.4,22.6,71.0,0.2,,140.0,5.4,,1010.0,,4.0
2024-10-12,7,30.0,21.9,62.0,0.1,,120.0,13.0,,1012.0,,3.0
2024-10-12,8,30.0,21.9,62.0,0.0,,80.0,15.0,,1011.0,,3.0
2024-10-12,9,31.2,22.0,58.0,0.4,,90.0,7.6,,1005.6,,3.0
2024-10-12,10,31.0,22.1,59.0,0.3,,140.0,9.4,,1010.0,,18.0
2024-10-12,11,30.0,21.9,62.0,1.0,,120.0,11.2,,1011.0,,18.0
2024-10-12,12,29.6,22.1,64.0,0.0,,90.0,9.4,,1006.3,,3.0
2024-10-12,13,27.0,23.0,79.0,0.0,,120.0,14.8,,1013.0,,3.0
2024-10-12,14,26.0,23.1,84.0,0.0,,120.0,7.6,,1014.0,,3.0
2024-10-12,15,27.0,21.1,70.0,0.0,,140.0,11.2,,1010.2,,3.0
2024-10-12,16,26.6,21.4,73.0,0.0,,141.0,9.3,,1010.3,,2.0
2024-10-12,17,26.2,21.6,76.0,0.0,,143.0,9.3,,1010.4,,2.0
2024-10-12,18,25.4,22.3,83.0,0.0,,140.0,9.4,,1010.4,,2.0
2024-10-12,19,25.5,22.0,81.0,0.0,,140.0,7.4,,1010.1,,2.0
2024-10-12,20,25.2,22.1,83.0,0.0,,132.0,5.5,,1009.6,,2.0
2024-10-12,21,24.0,22.3,90.0,0.0,,120.0,3.6,,1009.8,,2.0
2024-10-12,22,24.4,22.5,89.0,0.0,,124.0,5.5,,1009.1,,2.0
2024-10-12,23,24.2,22.3,89.0,0.0,,128.0,5.5,,1009.3,,2.0
2024-10-13,0,23.8,22.2,91.0,0.0,,0.0,0.0,,1009.8,,2.0
2024-10-13,1,24.0,22.1,89.0,0.0,,110.0,13.0,,1015.0,,5.0
2024-10-13,2,24.0,22.1,89.0,0.0,,120.0,13.0,,1015.0,,5.0
2024-10-13,3,26.2,22.1,78.0,0.0,,140.0,7.6,,1011.5,,5.0
2024-10-13,4,28.0,22.0,70.0,0.0,,130.0,14.8,,1016.0,,3.0
2024-10-13,5,28.0,22.0,70.0,0.0,,110.0,16.6,,1016.0,,3.0
2024-10-13,6,29.8,22.5,65.0,0.0,,140.0,9.4,,1010.1,,3.0
2024-10-13,7,30.0,21.1,59.0,0.0,,120.0,11.2,,1013.0,,3.0
2024-10-13,8,31.0,20.9,55.0,0.0,,120.0,13.0,,1012.0,,3.0
2024-10-13,9,30.4,21.2,58.0,0.0,,90.0,9.4,,1007.1,,3.0
2024-10-13,10,30.0,21.1,59.0,0.2,,120.0,11.2,,1011.0,,3.0
2024-10-13,11,29.6,21.5,62.0,0.5,,107.0,7.4,,1006.7,,3.0
2024-10-13,12,29.6,21.5,62.0,0.1,,140.0,5.4,,1006.7,,3.0
2024-10-13,13,28.0,22.0,70.0,0.0,,80.0,9.4,,1012.0,,3.0
2024-10-13,14,27.0,22.0,74.0,0.0,,90.0,9.4,,1014.0,,2.0
2024-10-13,15,27.6,22.5,74.0,0.3,,140.0,5.4,,1009.6,,2.0
2024-10-13,16,27.0,22.0,74.0,0.7,,110.0,7.6,,1014.0,,2.0
2024-10-13,17,26.0,22.1,79.0,0.0,,141.0,3.6,,1014.0,,2.0
2024-10-13,18,26.4,22.7,80.0,0.0,,146.0,3.6,,1009.9,,2.0
2024-10-13,19,25.3,22.4,84.0,0.0,,143.0,1.8,,1009.9,,2.0
2024-10-13,20,24.9,22.4,86.0,0.0,,136.0,1.8,,1009.5,,2.0
2024-10-13,21,25.0,23.1,89.0,0.0,,119.0,1.8,,1009.7,,2.0
2024-10-13,22,24.8,22.9,89.0,0.0,,175.0,1.8,,1009.7,,2.0
2024-10-13,23,24.5,22.8,90.0,0.0,,175.0,1.8,,1009.7,,2.0
2024-10-14,0,24.6,22.7,89.0,0.0,,0.0,0.0,,1009.9,,2.0
2024-10-14,1,25.0,23.1,89.0,0.0,,140.0,2.0,,1015.0,,5.0
2024-10-14,2,26.0,23.1,84.0,0.0,,80.0,3.6,,1016.0,,5.0
2024-10-14,3,27.8,22.5,73.0,0.2,,90.0,7.6,,1012.0,,5.0
2024-10-14,4,28.0,21.1,66.0,0.0,,120.0,11.2,,1016.0,,5.0
2024-10-14,5,29.0,22.0,66.0,0.0,,90.0,7.6,,1015.0,,5.0
2024-10-14,6,30.0,23.0,66.0,0.3,,90.0,3.6,,1010.1,,3.0
2024-10-14,7,30.0,21.9,62.0,0.3,,90.0,19.0,,1012.0,,3.0
2024-10-14,8,30.0,21.1,59.0,0.0,,90.0,11.2,,1011.0,,3.0
2024-10-14,9,30.4,22.0,61.0,0.0,,140.0,5.4,,1006.4,,3.0
2024-10-14,10,30.0,21.1,59.0,0.0,,130.0,14.8,,1012.0,,5.0
2024-10-14,11,23.0,22.0,94.0,0.0,,310.0,13.0,,1011.0,,5.0
2024-10-14,12,24.4,22.7,90.0,0.0,,140.0,3.6,,1008.3,,5.0
2024-10-14,13,24.0,22.1,89.0,0.0,,120.0,1.8,,1012.0,,5.0
2024-10-14,14,24.0,22.1,89.0,0.0,,118.0,1.8,,1013.0,,5.0
2024-10-14,15,24.4,22.7,90.0,0.0,,116.0,3.6,,1009.8,,5.0
2024-10-14,16,25.0,23.1,89.0,0.0,,90.0,5.4,,1014.0,,5.0
2024-10-14,17,24.9,22.8,88.0,0.0,,116.0,1.8,,1010.2,,4.0
2024-10-14,18,25.1,22.8,87.0,0.0,,116.0,1.8,,1010.3,,4.0
2024-10-14,19,25.0,22.7,87.0,0.2,,111.0,1.8,,1009.8,,4.0
2024-10-14,20,24.9,22.6,87.0,0.0,,106.0,1.8,,1009.3,,4.0
2024-10-14,21,24.6,23.0,91.0,0.0,,0.0,0.0,,1008.5,,4.0
2024-10-14,22,24.4,22.8,91.0,0.0,,103.0,0.0,,1008.6,,2.0
2024-10-14,23,24.1,22.5,91.0,0.0,,106.0,0.0,,1008.8,,2.0
2024-10-15,0,23.9,22.3,91.0,0.0,,109.0,0.0,,1008.9,,3.0
2024-10-15,1,25.0,22.1,84.0,0.0,,100.0,7.0,,1014.0,,5.0
2024-10-15,2,25.0,22.1,84.0,0.0,,90.0,13.0,,1015.0,,5.0
2024-10-15,3,25.8,22.9,84.0,0.0,,90.0,13.0,,1011.4,,5.0
2024-10-15,4,26.0,23.1,84.0,0.0,,80.0,11.0,,1016.0,,5.0
2024-10-15,5,23.0,22.0,94.0,0.0,,120.0,19.0,,1016.0,,4.0
2024-10-15,6,25.0,24.5,97.0,0.1,,150.0,11.2,,1011.2,,5.0
2024-10-15,7,27.0,23.0,79.0,0.0,,90.0,11.2,,1013.0,,5.0
2024-10-15,8,28.0,22.9,74.0,0.0,,60.0,13.0,,1011.0,,5.0
2024-10-15,9,28.6,23.5,74.0,0.0,,90.0,5.4,,1006.1,,5.0
2024-10-15,10,29.0,22.0,66.0,0.1,,50.0,15.0,,1010.0,,5.0
2024-10-15,11,28.0,22.9,74.0,0.0,,80.0,13.0,,1010.0,,5.0
2024-10-15,12,28.0,22.7,73.0,0.0,,90.0,5.4,,1006.6,,5.0
2024-10-15,13,27.0,23.0,79.0,0.0,,90.0,5.4,,1012.0,,5.0
2024-10-15,14,27.0,23.0,79.0,0.0,,80.0,7.6,,1013.0,,5.0
2024-10-15,15,26.6,23.7,84.0,0.0,,90.0,3.6,,1009.6,,5.0
2024-10-15,16,26.0,23.1,84.0,0.0,,110.0,5.4,,1015.0,,5.0
2024-10-15,17,25.3,23.4,89.0,0.0,,92.0,1.8,,1010.1,,7.0
2024-10-15,18,25.6,23.3,87.0,0.2,,110.0,5.4,,1010.5,,7.0
2024-10-15,19,24.7,23.3,92.0,2.2,,90.0,1.8,,1009.8,,7.0
2024-10-15,20,24.6,23.2,92.0,0.0,,89.0,1.8,,1009.3,,7.0
2024-10-15,21,24.0,22.1,89.0,0.0,,0.0,0.0,,1008.4,,7.0
2024-10-15,22,24.2,23.0,93.0,0.0,,110.0,0.0,,1009.0,,3.0
2024-10-15,23,24.0,22.8,93.0,0.0,,44.0,0.0,,1009.1,,3.0
2024-10-16,0,23.8,23.0,95.0,0.0,,0.0,0.0,,1007.9,,3.0
2024-10-16,1,24.0,23.0,94.0,0.0,,53.0,2.0,,1014.0,,5.0
2024-10-16,2,24.0,22.1,89.0,0.0,,68.0,1.8,,1014.0,,5.0
2024-10-16,3,24.6,22.8,90.0,0.0,,60.0,5.4,,1011.5,,5.0
2024-10-16,4,26.0,23.1,84.0,0.0,,110.0,7.6,,1016.0,,5.0
2024-10-16,5,27.0,23.0,79.0,0.1,,100.0,11.0,,1014.0,,5.0
2024-10-16,6,27.8,23.6,78.0,0.2,,140.0,5.4,,1009.9,,5.0
2024-10-16,7,29.0,22.0,66.0,0.0,,60.0,16.6,,1011.0,,5.0
2024-10-16,8,30.0,21.9,62.0,0.0,,70.0,13.0,,1010.0,,5.0
2024-10-16,9,30.6,22.0,60.0,0.0,,140.0,7.6,,1005.4,,5.0
2024-10-16,10,29.0,22.0,66.0,1.3,,60.0,18.4,,1010.0,,5.0
2024-10-16,11,29.0,22.0,66.0,0.1,,80.0,11.2,,1010.0,,5.0
2024-10-16,12,28.6,22.4,69.0,0.0,,90.0,9.4,,1005.6,,5.0
2024-10-16,13,28.0,22.0,70.0,0.0,,110.0,7.6,,1011.0,,5.0
2024-10-16,14,24.0,23.0,94.0,0.0,,120.0,5.4,,1013.0,,5.0
2024-10-16,15,25.8,24.9,95.0,0.0,,80.0,5.4,,1008.7,,5.0
2024-10-16,16,25.6,24.6,94.0,0.0,,129.0,3.7,,1008.9,,25.0
2024-10-16,17,25.3,24.3,94.0,0.0,,129.0,3.7,,1009.2,,25.0
2024-10-16,18,25.0,23.8,93.0,0.0,,129.0,1.8,,1008.8,,25.0
2024-10-16,19,24.9,23.7,93.0,0.0,,126.0,1.8,,1009.0,,25.0
2024-10-16,20,24.7,23.5,93.0,6.1,,121.0,1.8,,1008.5,,25.0
2024-10-16,21,24.6,23.0,91.0,0.0,,97.0,3.6,,1006.9,,18.0
2024-10-16,22,24.4,23.0,92.0,0.0,,96.0,3.7,,1007.2,,3.0
2024-10-16,23,24.3,23.1,93.0,0.0,,96.0,1.8,,1007.5,,3.0
2024-10-17,0,24.2,23.0,93.0,0.0,,0.0,0.0,,1008.6,,3.0
2024-10-17,1,24.0,23.0,94.0,0.0,,60.0,9.0,,1013.0,,5.0
2024-10-17,2,24.0,23.0,94.0,0.0,,70.0,11.2,,1013.0,,5.0
2024-10-17,3,25.6,23.1,86.0,0.0,,140.0,7.6,,1009.5,,5.0
2024-10-17,4,26.0,23.1,84.0,0.1,,90.0,16.6,,1014.0,,5.0
2024-10-17,5,27.0,23.0,79.0,0.1,,90.0,13.0,,1013.0,,5.0
2024-10-17,6,27.2,23.2,79.0,0.0,,90.0,9.4,,1009.1,,5.0
2024-10-17,7,28.0,22.9,74.0,0.1,,70.0,16.6,,1012.0,,5.0
2024-10-17,8,29.0,23.0,70.0,0.0,,90.0,13.0,,1011.0,,5.0
2024-10-17,9,29.6,22.3,65.0,0.8,,90.0,7.6,,1005.9,,5.0
2024-10-17,10,30.0,21.9,62.0,1.5,,90.0,14.8,,1009.0,,5.0
2024-10-17,11,28.0,22.0,70.0,0.1,,110.0,13.0,,1010.0,,5.0
2024-10-17,12,28.6,23.5,74.0,0.3,,90.0,11.2,,1005.8,,25.0
2024-10-17,13,27.0,23.0,79.0,0.0,,90.0,13.0,,1011.0,,5.0
2024-10-17,14,26.0,23.1,84.0,0.0,,110.0,15.0,,1013.0,,25.0
2024-10-17,15,26.4,23.5,84.0,0.0,,90.0,9.4,,1008.8,,5.0
2024-10-17,16,26.0,23.1,84.0,0.0,,110.0,13.0,,1013.0,,5.0
2024-10-17,17,26.0,24.0,89.0,0.0,,110.0,9.4,,1013.0,,5.0
2024-10-17,18,25.4,23.5,89.0,0.0,,90.0,7.6,,1008.8,,5.0
2024-10-17,19,25.2,23.4,90.0,0.0,,102.0,5.5,,1008.9,,3.0
2024-10-17,20,25.0,23.4,91.0,0.0,,101.0,5.5,,1008.3,,3.0
2024-10-17,21,25.0,23.1,89.0,0.0,,99.0,3.6,,1007.8,,3.0
2024-10-17,22,24.8,23.0,90.0,0.0,,113.0,3.7,,1007.9,,4.0
2024-10-17,23,24.6,22.8,90.0,0.0,,113.0,3.7,,1008.0,,4.0
2024-10-18,0,24.4,22.7,90.0,0.0,,90.0,5.4,,1008.3,,3.0
2024-10-18,1,25.0,23.1,89.0,0.0,,110.0,6.0,,1013.0,,5.0
2024-10-18,2,25.0,23.1,89.0,0.2,,90.0,9.4,,1014.0,,5.0
2024-10-18,3,26.0,23.1,84.0,0.1,,90.0,3.6,,1009.8,,5.0
2024-10-18,4,26.0,23.1,84.0,0.2,,90.0,11.2,,1015.0,,5.0
2024-10-18,5,27.0,23.0,79.0,0.1,,100.0,13.0,,1014.0,,5.0
2024-10-18,6,28.0,23.4,76.0,0.0,,90.0,9.4,,1009.7,,5.0
2024-10-18,7,29.0,22.0,66.0,0.5,,80.0,13.0,,1013.0,,3.0
2024-10-18,8,30.0,21.9,62.0,0.2,,120.0,16.6,,1011.0,,3.0
2024-10-18,9,30.6,22.5,62.0,0.1,,50.0,7.6,,1006.0,,3.0
2024-10-18,10,30.0,21.9,62.0,0.4,,100.0,9.4,,1011.0,,3.0
2024-10-18,11,29.0,22.0,66.0,0.0,,90.0,9.4,,1011.0,,3.0
2024-10-18,12,29.0,23.2,71.0,0.0,,70.0,9.4,,1006.6,,3.0
2024-10-18,13,27.1,22.9,78.0,0.0,,112.0,5.5,,1007.9,,3.0
2024-10-18,14,26.4,23.1,82.0,0.0,,108.0,5.5,,1008.9,,3.0
2024-10-18,15,26.6,24.1,86.0,0.0,,103.0,3.6,,1009.8,,3.0
2024-10-18,16,26.3,24.0,87.0,0.0,,119.0,3.7,,1010.0,,2.0
2024-10-18,17,26.0,23.9,88.0,0.0,,119.0,3.7,,1010.3,,2.0
2024-10-18,18,25.7,23.6,88.0,0.0,,119.0,3.7,,1010.5,,7.0
2024-10-18,19,25.5,23.6,89.0,0.0,,117.0,1.8,,1010.1,,18.0
2024-10-18,20,25.3,23.4,89.0,0.0,,114.0,1.8,,1009.7,,18.0
2024-10-18,21,24.6,23.7,95.0,0.0,,0.0,0.0,,1009.8,,18.0
2024-10-18,22,24.5,23.5,94.0,0.0,,106.0,0.0,,1009.9,,1.0
2024-10-18,23,24.4,23.4,94.0,0.0,,106.0,0.0,,1009.9,,1.0
2024-10-19,0,24.2,23.2,94.0,0.0,,105.0,0.0,,1010.0,,1.0
2024-10-19,1,24.9,23.3,91.0,0.0,,111.0,1.8,,1010.6,,2.0
2024-10-19,2,25.5,23.4,88.0,0.0,,104.0,3.7,,1011.3,,2.0
2024-10-19,3,26.2,22.7,81.0,0.0,,140.0,5.4,,1011.7,,3.0
2024-10-19,4,27.3,22.7,76.0,0.0,,126.0,5.5,,1011.4,,3.0
2024-10-19,5,28.3,22.8,72.0,0.0,,115.0,7.4,,1011.1,,3.0
2024-10-19,6,28.8,23.0,71.0,0.0,,140.0,5.4,,1011.1,,3.0
2024-10-19,7,29.8,22.5,65.0,0.1,,104.0,7.4,,1009.7,,3.0
2024-10-19,8,31.0,22.1,59.0,0.0,,120.0,13.0,,1013.0,,3.0
2024-10-19,9,31.0,22.6,61.0,0.7,,140.0,7.6,,1007.5,,3.0
2024-10-19,10,30.0,21.1,59.0,0.5,,120.0,15.0,,1011.0,,3.0
2024-10-19,11,30.0,21.9,62.0,0.0,,100.0,9.0,,1012.0,,3.0
2024-10-19,12,29.8,22.0,63.0,0.0,,90.0,7.6,,1007.5,,3.0
2024-10-19,13,26.0,21.0,74.0,0.0,,100.0,13.0,,1013.0,,3.0
2024-10-19,14,25.0,21.1,79.0,0.0,,100.0,5.4,,1014.0,,3.0
2024-10-19,15,25.6,22.1,81.0,0.0,,90.0,7.6,,1010.2,,18.0
2024-10-19,16,24.0,20.9,83.0,0.0,,60.0,5.4,,1015.0,,3.0
2024-10-19,17,24.0,20.9,83.0,0.0,,170.0,1.8,,1015.0,,5.0
2024-10-19,18,24.6,22.5,88.0,0.0,,110.0,3.6,,1011.7,,5.0
2024-10-19,19,24.7,22.6,88.0,2.1,,107.0,3.7,,1011.2,,7.0
2024-10-19,20,24.5,22.6,89.0,4.6,,106.0,3.7,,1010.8,,7.0
2024-10-19,21,24.6,22.3,87.0,0.3,,0.0,0.0,,1010.3,,7.0
2024-10-19,22,24.4,22.3,88.0,0.0,,111.0,0.0,,1010.5,,2.0
2024-10-19,23,24.1,22.2,89.0,0.0,,120.0,0.0,,1010.7,,2.0
2024-10-20,0,24.0,22.4,91.0,0.0,,0.0,0.0,,1011.3,,2.0
2024-10-20,1,24.6,22.3,87.0,0.0,,123.0,1.8,,1011.6,,2.0
2024-10-20,2,24.0,22.1,89.0,0.0,,50.0,5.4,,1017.0,,5.0
2024-10-20,3,25.0,22.5,86.0,0.0,,100.0,1.8,,1013.9,,5.0
2024-10-20,4,27.0,22.0,74.0,0.0,,70.0,6.0,,1017.0,,5.0
2024-10-20,5,27.0,22.0,74.0,0.0,,80.0,5.4,,1017.0,,5.0
2024-10-20,6,29.2,22.4,67.0,0.0,,80.0,11.2,,1011.6,,5.0
2024-10-20,7,28.0,21.1,66.0,0.0,,100.0,11.2,,1015.0,,5.0
2024-10-20,8,30.0,21.1,59.0,0.1,,120.0,11.2,,1013.0,,5.0
2024-10-20,9,30.6,22.2,61.0,0.0,,90.0,5.4,,1008.3,,5.0
2024-10-20,10,29.0,21.0,62.0,0.7,,80.0,9.4,,1013.0,,5.0
2024-10-20,11,29.0,21.0,62.0,0.0,,100.0,9.4,,1013.0,,5.0
2024-10-20,12,29.0,22.0,66.0,0.0,,90.0,9.4,,1008.9,,5.0
2024-10-20,13,27.0,22.0,74.0,1.1,,90.0,13.0,,1014.0,,5.0
2024-10-20,14,26.0,22.1,79.0,0.4,,80.0,11.2,,1015.0,,5.0
2024-10-20,15,27.2,22.6,76.0,0.5,,90.0,7.6,,1011.2,,5.0
2024-10-20,16,26.0,23.1,84.0,0.0,,100.0,9.0,,1016.0,,5.0
2024-10-20,17,26.0,22.7,82.0,0.0,,96.0,5.5,,1012.0,,3.0
2024-10-20,18,25.6,22.5,83.0,0.0,,90.0,7.6,,1012.1,,3.0
2024-10-20,19,25.0,22.5,86.0,0.0,,108.0,3.7,,1012.0,,3.0
2024-10-20,20,24.7,22.4,87.0,0.0,,116.0,1.8,,1011.6,,3.0
2024-10-20,21,24.8,22.5,87.0,0.0,,90.0,7.6,,1010.5,,3.0
2024-10-20,22,24.2,22.3,89.0,0.0,,140.0,1.8,,1011.3,,3.0
2024-10-20,23,24.0,22.3,90.0,0.0,,137.0,1.8,,1011.4,,3.0
2024-10-21,0,24.0,22.4,91.0,0.0,,90.0,5.4,,1010.1,,3.0
2024-10-21,1,24.0,22.1,89.0,0.0,,60.0,11.0,,1016.0,,5.0
2024-10-21,2,25.0,22.1,84.0,0.0,,90.0,5.4,,1016.0,,5.0
2024-10-21,3,27.2,22.6,76.0,0.0,,140.0,7.6,,1012.2,,5.0
2024-10-21,4,28.0,22.9,74.0,0.0,,140.0,9.0,,1017.0,,2.0
2024-10-21,5,29.0,23.0,70.0,0.0,,70.0,14.8,,1017.0,,2.0
2024-10-21,6,29.6,22.8,67.0,0.0,,90.0,5.4,,1011.5,,3.0
2024-10-21,7,30.4,21.8,60.0,0.0,,97.0,3.7,,1010.5,,3.0
2024-10-21,8,30.0,21.9,62.0,0.0,,100.0,13.0,,1012.0,,7.0
2024-10-21,9,31.4,21.6,56.0,0.0,,140.0,3.6,,1007.4,,7.0
2024-10-21,10,31.0,20.0,52.0,0.0,,130.0,11.2,,1011.0,,18.0
2024-10-21,11,30.0,21.1,59.0,0.5,,80.0,11.2,,1012.0,,18.0
2024-10-21,12,30.0,21.7,61.0,0.3,,90.0,3.6,,1007.7,,25.0
2024-10-21,13,26.0,23.1,84.0,0.0,,50.0,9.4,,1014.0,,3.0
2024-10-21,14,26.0,22.1,79.0,0.0,,40.0,9.4,,1015.0,,3.0
2024-10-21,15,26.0,22.7,82.0,0.0,,30.0,5.4,,1012.0,,3.0
2024-10-21,16,25.0,22.1,84.0,0.0,,80.0,9.4,,1016.0,,7.0
2024-10-21,17,25.3,22.6,85.0,0.0,,135.0,1.8,,1012.3,,7.0
2024-10-21,18,25.4,21.7,80.0,0.0,,135.0,3.6,,1011.6,,7.0
2024-10-21,19,24.7,22.4,87.0,0.0,,132.0,1.8,,1011.9,,7.0
2024-10-21,20,24.5,22.4,88.0,0.3,,122.0,1.8,,1011.4,,7.0
2024-10-21,21,24.4,22.1,87.0,0.0,,174.0,3.6,,1011.2,,7.0
2024-10-21,22,24.2,22.1,88.0,0.0,,126.0,3.7,,1011.2,,4.0
2024-10-21,23,24.0,21.9,88.0,0.0,,126.0,1.8,,1011.2,,4.0
2024-10-22,0,24.0,22.3,90.0,0.0,,0.0,0.0,,1011.5,,3.0
2024-10-22,1,25.0,22.1,84.0,0.0,,210.0,6.0,,1016.0,,5.0
2024-10-22,2,25.0,22.1,84.0,0.0,,190.0,9.4,,1016.0,,5.0
2024-10-22,3,26.0,23.1,84.0,0.0,,160.0,7.6,,1012.7,,5.0
2024-10-22,4,28.0,22.0,70.0,0.0,,100.0,7.6,,1017.0,,5.0
2024-10-22,5,29.0,22.0,66.0,0.0,,80.0,11.2,,1016.0,,5.0
2024-10-22,6,30.0,22.2,63.0,0.0,,40.0,9.4,,1010.9,,3.0
2024-10-22,7,30.0,21.1,59.0,0.0,,10.0,7.6,,1014.0,,7.0
2024-10-22,8,30.0,21.9,62.0,0.0,,40.0,9.0,,1013.0,,18.0
2024-10-22,9,28.4,22.4,70.0,0.0,,90.0,11.2,,1008.7,,18.0
2024-10-22,10,28.0,22.9,74.0,0.3,,90.0,9.4,,1013.0,,25.0
2024-10-22,11,28.0,22.9,74.0,0.3,,90.0,7.0,,1013.0,,25.0
2024-10-22,12,27.6,23.0,76.0,0.0,,90.0,7.6,,1009.4,,5.0
2024-10-22,13,26.0,22.1,79.0,0.0,,200.0,9.4,,1015.0,,5.0
2024-10-22,14,24.0,23.0,94.0,0.0,,150.0,7.6,,1015.0,,25.0
2024-10-22,15,24.2,21.1,83.0,0.0,,140.0,5.4,,1011.8,,5.0
2024-10-22,16,24.0,23.0,94.0,1.0,,141.0,3.6,,1016.0,,5.0
2024-10-22,17,23.9,21.2,85.0,0.2,,144.0,3.7,,1012.0,,7.0
2024-10-22,18,23.6,19.9,80.0,0.0,,0.0,0.0,,1012.2,,7.0
2024-10-22,19,23.6,21.5,88.0,0.0,,154.0,1.8,,1011.6,,7.0
2024-10-22,20,23.4,21.5,89.0,0.0,,167.0,1.8,,1011.0,,2.0
2024-10-22,21,22.8,21.3,91.0,0.0,,0.0,0.0,,1011.0,,2.0
2024-10-22,22,22.6,21.1,91.0,0.0,,228.0,0.0,,1010.9,,2.0
2024-10-22,23,22.4,20.9,91.0,0.0,,257.0,0.0,,1010.8,,2.0
2024-10-23,0,22.2,21.4,95.0,0.0,,0.0,0.0,,1010.7,,2.0
2024-10-23,1,22.0,21.0,94.0,0.0,,348.0,4.0,,1016.0,,5.0
2024-10-23,2,25.0,23.1,89.0,0.0,,320.0,3.6,,1016.0,,5.0
2024-10-23,3,25.8,23.8,89.0,0.0,,330.0,5.4,,1012.3,,5.0
2024-10-23,4,28.0,22.0,70.0,0.0,,30.0,7.6,,1016.0,,5.0
2024-10-23,5,29.0,19.9,58.0,0.0,,60.0,9.0,,1016.0,,5.0
2024-10-23,6,29.8,21.2,60.0,0.0,,50.0,11.2,,1010.6,,5.0
2024-10-23,7,30.0,19.1,52.0,0.0,,20.0,13.0,,1013.0,,5.0
2024-10-23,8,31.0,18.0,46.0,0.0,,340.0,11.2,,1012.0,,5.0
2024-10-23,9,30.8,19.2,50.0,0.0,,350.0,9.4,,1007.3,,5.0
2024-10-23,10,30.0,17.1,46.0,0.0,,350.0,7.6,,1012.0,,5.0
2024-10-23,11,30.0,18.4,50.0,0.0,,49.0,5.5,,1007.6,,3.0
2024-10-23,12,28.6,18.1,53.0,0.0,,59.0,3.6,,1008.0,,3.0
2024-10-23,13,28.1,19.3,59.0,0.0,,62.0,3.7,,1008.6,,3.0
2024-10-23,14,26.0,17.1,58.0,0.0,,50.0,9.4,,1014.0,,5.0
2024-10-23,15,25.0,18.9,69.0,0.0,,40.0,5.4,,1011.0,,5.0
2024-10-23,16,23.0,19.0,78.0,0.0,,0.0,0.0,,1015.0,,5.0
2024-10-23,17,22.0,18.0,78.0,0.0,,7.0,1.8,,1014.0,,5.0
2024-10-23,18,22.6,19.9,85.0,0.0,,53.0,1.8,,1010.7,,5.0
2024-10-23,19,21.0,20.0,94.0,0.0,,0.0,0.0,,1014.0,,5.0
2024-10-23,20,22.5,19.7,84.0,0.0,,277.0,0.0,,1010.0,,2.0
2024-10-23,21,21.6,20.4,93.0,0.0,,0.0,0.0,,1009.0,,2.0
2024-10-23,22,21.3,20.1,93.0,0.0,,268.0,0.0,,1009.2,,2.0
2024-10-23,23,20.9,19.9,94.0,0.0,,295.0,0.0,,1009.4,,2.0
2024-10-24,0,21.4,20.6,95.0,0.0,,0.0,0.0,,1009.6,,2.0
2024-10-24,1,21.0,20.0,94.0,0.0,,335.0,4.0,,1014.0,,5.0
2024-10-24,2,23.0,21.1,89.0,0.0,,320.0,3.6,,1015.0,,5.0
2024-10-24,3,24.0,20.7,82.0,0.0,,290.0,9.4,,1011.3,,5.0
2024-10-24,4,27.0,20.1,66.0,0.0,,270.0,13.0,,1015.0,,5.0
2024-10-24,5,28.0,20.0,62.0,0.0,,320.0,13.0,,1014.0,,5.0
2024-10-24,6,29.6,20.2,57.0,0.0,,300.0,13.0,,1009.5,,5.0
2024-10-24,7,29.0,15.2,43.0,0.0,,350.0,16.6,,1012.0,,5.0
2024-10-24,8,30.0,16.1,43.0,0.0,,320.0,13.0,,1012.0,,5.0
2024-10-24,9,30.8,16.0,41.0,0.0,,320.0,13.0,,1006.5,,5.0
2024-10-24,10,30.0,17.1,46.0,0.0,,20.0,11.2,,1011.0,,5.0
2024-10-24,11,28.0,16.9,51.0,0.0,,350.0,9.4,,1011.0,,5.0
2024-10-24,12,27.8,17.0,52.0,0.0,,320.0,7.6,,1007.1,,5.0
2024-10-24,13,25.0,18.0,65.0,0.0,,320.0,7.6,,1012.0,,5.0
2024-10-24,14,23.0,19.0,78.0,0.0,,355.0,3.6,,1013.0,,3.0
2024-10-24,15,24.0,20.1,79.0,0.0,,0.0,0.0,,1009.7,,5.0
2024-10-24,16,22.0,19.0,83.0,0.0,,354.0,3.6,,1014.0,,5.0
2024-10-24,17,22.8,19.8,83.0,0.0,,80.0,0.0,,1010.2,,3.0
2024-10-24,18,22.8,19.4,81.0,0.0,,0.0,0.0,,1010.1,,2.0
2024-10-24,19,21.9,19.5,86.0,0.0,,85.0,0.0,,1009.9,,2.0
2024-10-24,20,21.6,19.2,86.0,0.0,,271.0,0.0,,1009.3,,2.0
2024-10-24,21,21.8,20.1,90.0,0.0,,0.0,0.0,,1009.2,,2.0
2024-10-24,22,21.3,19.8,91.0,0.0,,315.0,0.0,,1009.3,,2.0
2024-10-24,23,20.8,19.3,91.0,0.0,,301.0,0.0,,1009.4,,2.0
2024-10-25,0,20.6,19.3,92.0,0.0,,0.0,0.0,,1009.4,,2.0
2024-10-25,1,22.0,18.0,78.0,0.0,,280.0,6.0,,1013.0,,5.0
2024-10-25,2,23.0,19.0,78.0,0.0,,320.0,5.4,,1014.0,,5.0
2024-10-25,3,25.0,18.0,65.0,0.0,,0.0,0.0,,1010.6,,5.0
2024-10-25,4,28.0,16.9,51.0,0.0,,320.0,17.0,,1014.0,,5.0
2024-10-25,5,29.0,16.9,48.0,0.0,,330.0,11.2,,1014.0,,5.0
2024-10-25,6,29.4,17.6,49.0,0.0,,320.0,11.2,,1009.3,,5.0
2024-10-25,7,29.0,15.2,43.0,0.0,,340.0,13.0,,1012.0,,5.0
2024-10-25,8,30.7,16.7,43.0,0.0,,358.0,5.5,,1007.1,,3.0
2024-10-25,9,30.4,17.5,46.0,0.0,,320.0,7.6,,1005.8,,3.0
2024-10-25,10,29.8,17.3,47.0,0.0,,322.0,7.4,,1006.1,,3.0
2024-10-25,11,29.3,17.2,48.0,0.0,,325.0,5.5,,1006.5,,3.0
2024-10-25,12,29.0,15.5,44.0,0.0,,320.0,5.4,,1007.1,,3.0
2024-10-25,13,27.5,17.4,54.0,0.0,,331.0,3.7,,1008.0,,2.0
2024-10-25,14,26.4,18.0,60.0,0.0,,334.0,3.7,,1009.1,,2.0
2024-10-25,15,23.2,18.9,77.0,0.0,,0.0,0.0,,1010.7,,2.0
2024-10-25,16,22.8,19.0,79.0,0.0,,345.0,0.0,,1010.7,,2.0
2024-10-25,17,22.4,19.0,81.0,0.0,,343.0,0.0,,1010.7,,2.0
2024-10-25,18,21.6,17.6,78.0,0.0,,0.0,0.0,,1011.1,,2.0
2024-10-25,19,21.8,19.0,84.0,0.0,,326.0,0.0,,1010.1,,2.0
2024-10-25,20,21.6,18.8,84.0,0.0,,294.0,0.0,,1009.5,,2.0
2024-10-25,21,21.0,18.0,83.0,0.0,,0.0,0.0,,1009.5,,2.0
2024-10-25,22,21.1,18.7,86.0,0.0,,316.0,0.0,,1009.0,,2.0
2024-10-25,23,20.9,18.7,87.0,0.0,,308.0,0.0,,1009.2,,2.0
2024-10-26,0,21.6,18.2,81.0,0.0,,314.0,1.8,,1009.4,,2.0
2024-10-26,1,22.0,18.6,81.0,0.0,,320.0,1.8,,1009.8,,2.0
2024-10-26,2,23.5,18.8,75.0,0.0,,324.0,3.7,,1010.3,,2.0
2024-10-26,3,25.0,19.4,71.0,0.0,,320.0,5.4,,1011.1,,2.0
2024-10-26,4,26.6,18.2,60.0,0.0,,341.0,5.5,,1010.2,,2.0
2024-10-26,5,28.3,17.8,53.0,0.0,,350.0,7.4,,1009.5,,2.0
2024-10-26,6,29.6,19.3,54.0,0.0,,320.0,9.4,,1008.9,,2.0
2024-10-26,7,30.4,17.1,45.0,0.0,,353.0,9.3,,1007.9,,3.0
2024-10-26,8,30.8,17.1,44.0,0.0,,350.0,7.4,,1007.0,,3.0
2024-10-26,9,31.8,17.7,43.0,0.0,,340.0,7.6,,1005.6,,3.0
2024-10-26,10,31.0,17.3,44.0,0.0,,342.0,7.4,,1005.9,,2.0
2024-10-26,11,30.2,17.3,46.0,0.0,,344.0,5.5,,1006.2,,2.0
2024-10-26,12,29.2,19.5,56.0,0.0,,360.0,7.6,,1006.7,,2.0
2024-10-26,13,28.0,17.8,54.0,0.0,,347.0,3.7,,1007.6,,2.0
2024-10-26,14,26.5,18.4,61.0,0.0,,346.0,3.7,,1008.6,,2.0
2024-10-26,15,24.8,19.6,73.0,0.0,,0.0,0.0,,1009.9,,2.0
2024-10-26,16,24.0,19.5,76.0,0.0,,344.0,0.0,,1009.9,,1.0
2024-10-26,17,23.1,19.5,80.0,0.0,,345.0,0.0,,1010.0,,2.0
2024-10-26,18,22.4,17.8,75.0,0.0,,0.0,0.0,,1009.9,,2.0
2024-10-26,19,21.8,19.4,86.0,0.0,,332.0,0.0,,1009.5,,2.0
2024-10-26,20,21.4,19.3,88.0,0.0,,331.0,0.0,,1009.0,,2.0
2024-10-26,21,21.0,19.3,90.0,0.0,,322.0,0.0,,1008.5,,2.0
2024-10-26,22,20.7,17.9,84.0,0.0,,330.0,0.0,,1008.5,,1.0
2024-10-26,23,20.4,18.0,86.0,0.0,,313.0,0.0,,1008.7,,1.0
2024-10-27,0,20.0,18.7,92.0,0.0,,0.0,0.0,,1009.6,,1.0
2024-10-27,1,20.0,18.0,88.0,0.0,,317.0,2.0,,1013.0,,5.0
2024-10-27,2,22.0,19.0,83.0,0.0,,317.0,1.8,,1014.0,,5.0
2024-10-27,3,25.0,18.9,69.0,0.0,,0.0,0.0,,1010.5,,2.0
2024-10-27,4,28.0,18.1,55.0,0.0,,300.0,5.4,,1014.0,,5.0
2024-10-27,5,30.0,17.1,46.0,0.0,,350.0,6.0,,1013.0,,5.0
2024-10-27,6,30.4,17.5,46.0,0.0,,260.0,11.2,,1008.2,,5.0
2024-10-27,7,30.4,17.5,46.0,0.0,,340.0,5.5,,1007.6,,2.0
2024-10-27,8,30.7,17.8,46.0,0.0,,342.0,5.5,,1006.6,,2.0
2024-10-27,9,31.4,15.8,39.0,0.0,,50.0,7.6,,1004.7,,2.0
2024-10-27,10,30.5,16.1,42.0,0.0,,49.0,7.4,,1005.0,,2.0
2024-10-27,11,29.7,16.2,44.0,0.0,,48.0,5.5,,1005.3,,2.0
2024-10-27,12,29.0,17.8,51.0,0.0,,46.0,3.6,,1005.6,,2.0
2024-10-27,13,27.6,16.9,52.0,0.0,,46.0,3.7,,1006.5,,2.0
2024-10-27,14,26.3,17.4,58.0,0.0,,47.0,3.7,,1007.5,,2.0
2024-10-27,15,23.4,18.7,75.0,0.0,,0.0,0.0,,1008.3,,2.0
2024-10-27,16,24.3,18.5,70.0,0.0,,50.0,0.0,,1008.3,,2.0
2024-10-27,17,23.5,18.6,74.0,0.0,,61.0,0.0,,1008.4,,2.0
2024-10-27,18,22.0,19.0,83.0,0.0,,0.0,0.0,,1008.4,,2.0
2024-10-27,19,22.3,18.5,79.0,0.0,,315.0,0.0,,1008.0,,2.0
2024-10-27,20,21.8,18.4,81.0,0.0,,243.0,0.0,,1007.6,,2.0
2024-10-27,21,21.0,19.1,89.0,0.0,,0.0,0.0,,1007.6,,2.0
2024-10-27,22,20.7,18.8,89.0,0.0,,251.0,0.0,,1007.7,,2.0
2024-10-27,23,20.4,18.7,90.0,0.0,,254.0,0.0,,1007.8,,2.0
2024-10-28,0,20.4,19.1,92.0,0.0,,0.0,0.0,,1007.8,,2.0
2024-10-28,1,21.8,18.6,82.0,0.0,,240.0,0.0,,1008.2,,2.0
2024-10-28,2,23.6,18.7,74.0,0.0,,230.0,0.0,,1008.6,,2.0
2024-10-28,3,26.0,20.3,71.0,0.0,,0.0,0.0,,1008.9,,2.0
2024-10-28,4,27.6,19.4,61.0,0.0,,60.0,0.0,,1008.4,,1.0
2024-10-28,5,29.2,18.3,52.0,0.0,,54.0,1.8,,1007.8,,2.0
2024-10-28,6,30.4,16.4,43.0,0.0,,54.0,3.6,,1007.0,,2.0
2024-10-28,7,31.2,17.1,43.0,0.0,,50.0,1.8,,1006.3,,2.0
2024-10-28,8,31.5,17.0,42.0,0.0,,46.0,1.8,,1005.4,,2.0
2024-10-28,9,32.0,17.1,41.0,0.0,,41.0,3.6,,1003.8,,2.0
2024-10-28,10,31.2,17.1,43.0,0.0,,121.0,3.7,,1004.2,,3.0
2024-10-28,11,30.4,17.1,45.0,0.0,,121.0,3.7,,1004.5,,3.0
2024-10-28,12,30.0,18.1,49.0,0.0,,121.0,3.6,,1005.0,,3.0
2024-10-28,13,28.3,17.8,53.0,0.0,,126.0,1.8,,1006.0,,3.0
2024-10-28,14,27.1,18.4,59.0,0.0,,131.0,1.8,,1007.1,,2.0
2024-10-28,15,27.0,20.8,69.0,0.0,,0.0,0.0,,1008.0,,2.0
2024-10-28,16,25.2,19.6,71.0,0.0,,143.0,1.8,,1008.3,,2.0
2024-10-28,17,24.6,19.9,75.0,0.0,,147.0,0.0,,1008.4,,2.0
2024-10-28,18,24.6,19.9,75.0,0.0,,0.0,0.0,,1008.0,,2.0
2024-10-28,19,23.5,20.1,81.0,0.0,,172.0,0.0,,1008.3,,2.0
2024-10-28,20,23.1,20.1,83.0,0.0,,208.0,0.0,,1008.1,,2.0
2024-10-28,21,23.4,20.2,82.0,0.0,,0.0,0.0,,1006.4,,2.0
2024-10-28,22,23.0,20.0,83.0,0.0,,198.0,0.0,,1006.9,,2.0
2024-10-28,23,22.5,20.0,86.0,0.0,,245.0,0.0,,1007.4,,2.0
2024-10-29,0,22.0,20.3,90.0,0.0,,0.0,0.0,,1009.0,,2.0
2024-10-29,1,23.6,19.9,80.0,0.0,,248.0,0.0,,1008.5,,2.0
2024-10-29,2,25.0,20.0,74.0,0.0,,242.0,0.0,,1009.2,,2.0
2024-10-29,3,26.6,20.4,69.0,0.0,,0.0,0.0,,1010.1,,2.0
2024-10-29,4,27.8,19.6,61.0,0.0,,359.0,1.8,,1009.5,,2.0
2024-10-29,5,29.5,18.9,53.0,0.0,,15.0,1.8,,1009.0,,2.0
2024-10-29,6,31.6,19.3,48.0,0.0,,22.0,1.8,,1008.3,,2.0
2024-10-29,7,31.6,18.6,46.0,0.0,,9.0,1.8,,1007.5,,2.0
2024-10-29,8,31.9,18.8,46.0,0.0,,354.0,3.7,,1006.6,,3.0
2024-10-29,9,32.4,18.6,44.0,0.0,,0.0,0.0,,1005.6,,3.0
2024-10-29,10,31.6,18.6,46.0,0.0,,334.0,0.0,,1005.9,,3.0
2024-10-29,11,30.7,18.8,49.0,0.0,,86.0,0.0,,1006.3,,3.0
2024-10-29,12,29.0,20.2,59.0,0.0,,86.0,1.8,,1006.5,,3.0
2024-10-29,13,28.9,19.5,57.0,0.0,,91.0,1.8,,1007.5,,3.0
2024-10-29,14,27.9,19.9,62.0,0.0,,95.0,1.8,,1008.4,,3.0
2024-10-29,15,27.0,20.8,69.0,0.0,,0.0,0.0,,1008.7,,2.0
2024-10-29,16,26.5,20.8,71.0,0.0,,107.0,0.0,,1009.0,,3.0
2024-10-29,17,25.9,20.9,74.0,0.0,,117.0,0.0,,1009.3,,3.0
2024-10-29,18,25.8,21.5,77.0,0.0,,0.0,0.0,,1008.9,,3.0
2024-10-29,19,24.9,21.2,80.0,0.0,,318.0,0.0,,1009.2,,3.0
2024-10-29,20,24.5,21.0,81.0,0.0,,349.0,0.0,,1008.9,,3.0
2024-10-29,21,23.8,21.3,86.0,0.0,,0.0,0.0,,1008.2,,3.0
2024-10-29,22,23.6,21.3,87.0,0.0,,213.0,0.0,,1008.5,,8.0
2024-10-29,23,23.4,21.3,88.0,0.0,,168.0,0.0,,1008.8,,8.0
2024-10-30,0,23.2,21.6,91.0,0.0,,0.0,0.0,,1007.9,,8.0
2024-10-30,1,24.2,21.3,84.0,0.6,,174.0,0.0,,1009.8,,7.0
2024-10-30,2,25.1,21.6,81.0,1.2,,102.0,0.0,,1010.6,,2.0
2024-10-30,3,26.8,21.1,71.0,1.3,,0.0,0.0,,1010.7,,2.0
2024-10-30,4,28.1,20.9,65.0,0.7,,98.0,0.0,,1010.4,,3.0
2024-10-30,5,29.4,20.8,60.0,0.0,,46.0,1.8,,1010.1,,3.0
2024-10-30,6,30.8,20.7,55.0,0.0,,46.0,1.8,,1009.4,,3.0
2024-10-30,7,31.0,20.6,54.0,0.0,,40.0,1.8,,1008.8,,3.0
2024-10-30,8,31.4,21.0,54.0,0.0,,29.0,1.8,,1007.8,,18.0
2024-10-30,9,31.4,21.6,56.0,0.5,,8.0,1.8,,1006.4,,18.0
2024-10-30,10,30.0,21.9,62.0,0.2,,40.0,13.0,,1012.0,,5.0
2024-10-30,11,29.0,22.0,66.0,0.0,,40.0,16.6,,1012.0,,5.0
2024-10-30,12,28.2,21.5,67.0,0.0,,360.0,5.4,,1008.2,,5.0
2024-10-30,13,27.0,21.1,70.0,0.0,,69.0,3.6,,1014.0,,5.0
2024-10-30,14,26.0,21.0,74.0,0.0,,69.0,3.6,,1015.0,,5.0
2024-10-30,15,27.0,22.4,76.0,0.5,,90.0,5.4,,1010.8,,5.0
2024-10-30,16,26.0,22.1,79.0,0.0,,120.0,7.6,,1015.0,,5.0
2024-10-30,17,25.0,22.1,84.0,0.0,,0.0,0.0,,1015.0,,5.0
2024-10-30,18,26.0,22.3,80.0,0.0,,90.0,5.4,,1011.3,,5.0
2024-10-30,19,25.5,22.2,82.0,0.0,,110.0,1.8,,1011.2,,3.0
2024-10-30,20,25.2,22.1,83.0,0.0,,115.0,1.8,,1010.8,,3.0
2024-10-30,21,24.6,22.3,87.0,0.0,,167.0,3.6,,1010.3,,3.0
2024-10-30,22,24.4,22.1,87.0,0.2,,105.0,3.7,,1010.5,,7.0
2024-10-30,23,24.3,22.0,87.0,0.0,,105.0,1.8,,1010.7,,3.0
2024-10-31,0,24.2,22.5,90.0,0.0,,105.0,1.8,,1010.2,,3.0
2024-10-31,1,24.0,22.1,89.0,0.0,,100.0,9.0,,1016.0,,5.0
2024-10-31,2,24.0,22.1,89.0,0.0,,110.0,1.8,,1016.0,,5.0
2024-10-31,3,25.0,22.5,86.0,0.0,,110.0,3.6,,1012.9,,5.0
2024-10-31,4,27.0,22.0,74.0,0.0,,100.0,5.4,,1017.0,,5.0
2024-10-31,5,27.0,22.0,74.0,0.1,,110.0,7.6,,1016.0,,5.0
2024-10-31,6,29.0,22.7,69.0,0.2,,60.0,11.2,,1011.4,,5.0
2024-10-31,7,29.9,21.3,60.0,0.0,,64.0,1.8,,1010.4,,3.0
2024-10-31,8,30.3,21.1,58.0,0.0,,69.0,1.8,,1009.5,,3.0
2024-10-31,9,30.6,22.2,61.0,0.0,,83.0,3.6,,1008.4,,3.0
2024-10-31,10,29.7,22.2,64.0,1.0,,106.0,3.7,,1008.7,,3.0
2024-10-31,11,28.8,21.8,66.0,0.0,,106.0,3.7,,1008.9,,3.0
2024-10-31,12,29.0,21.8,65.0,0.0,,106.0,3.6,,1009.1,,3.0
2024-10-31,13,27.4,21.9,72.0,0.0,,97.0,1.8,,1010.1,,3.0
2024-10-31,14,26.8,22.0,75.0,0.0,,81.0,1.8,,1010.9,,3.0
2024-10-31,15,27.0,22.4,76.0,0.0,,59.0,1.8,,1011.3,,3.0
2024-10-31,16,26.5,22.4,78.0,0.0,,100.0,1.8,,1011.5,,2.0
2024-10-31,17,26.0,22.5,81.0,0.0,,100.0,1.8,,1011.7,,2.0
2024-10-31,18,25.8,21.7,78.0,0.0,,100.0,1.8,,1011.9,,2.0
2024-10-31,19,25.1,22.4,85.0,0.0,,104.0,1.8,,1011.6,,2.0
2024-10-31,20,24.7,22.4,87.0,0.0,,110.0,1.8,,1011.2,,2.0
2024-10-31,21,24.2,21.5,85.0,0.0,,0.0,0.0,,1011.2,,2.0
2024-10-31,22,24.0,21.5,86.0,0.1,,116.0,0.0,,1011.4,,7.0
2024-10-31,23,23.8,21.7,88.0,0.0,,131.0,0.0,,1011.7,,3.0
2024-11-01,0,23.8,21.7,88.0,0.0,,0.0,0.0,,1012.0,,3.0
2024-11-01,1,25.0,22.1,84.0,0.0,,121.0,4.0,,1016.0,,5.0
2024-11-01,2,25.0,22.1,84.0,0.0,,170.0,3.6,,1017.0,,5.0
2024-11-01,3,26.2,21.8,77.0,0.0,,180.0,7.6,,1013.4,,5.0
2024-11-01,4,29.0,23.0,70.0,0.0,,70.0,3.6,,1018.0,,5.0
2024-11-01,5,28.0,22.0,70.0,0.0,,100.0,7.6,,1018.0,,5.0
2024-11-01,6,29.8,23.3,68.0,0.0,,60.0,1.8,,1012.7,,5.0
2024-11-01,7,30.2,19.9,54.0,0.0,,75.0,3.7,,1011.7,,3.0
2024-11-01,8,30.6,19.9,53.0,0.3,,66.0,3.7,,1010.8,,3.0
2024-11-01,9,31.2,20.8,54.0,1.4,,56.0,3.6,,1010.1,,3.0
2024-11-01,10,25.0,22.1,84.0,0.0,,10.0,15.0,,1014.0,,3.0
2024-11-01,11,29.3,20.7,60.0,0.0,,111.0,3.7,,1010.3,,3.0
2024-11-01,12,25.0,22.9,88.0,0.0,,340.0,5.4,,1011.3,,5.0
2024-11-01,13,27.8,21.1,67.0,0.0,,110.0,1.8,,1011.4,,3.0
2024-11-01,14,27.2,21.0,69.0,0.0,,108.0,1.8,,1012.3,,3.0
2024-11-01,15,24.0,23.5,97.0,0.0,,105.0,1.8,,1013.4,,3.0
2024-11-01,16,23.9,23.2,96.0,0.0,,100.0,1.8,,1013.5,,3.0
2024-11-01,17,23.9,23.0,95.0,0.0,,100.0,1.8,,1013.6,,3.0
2024-11-01,18,24.0,23.1,95.0,0.3,,0.0,0.0,,1013.5,,3.0
2024-11-01,19,23.6,22.8,95.0,0.0,,128.0,0.0,,1013.2,,3.0
2024-11-01,20,23.3,22.5,95.0,0.0,,128.0,0.0,,1012.8,,3.0
2024-11-01,21,23.8,23.0,95.0,0.0,,166.0,1.8,,1012.5,,3.0
2024-11-01,22,23.5,22.7,95.0,0.0,,104.0,1.8,,1012.6,,2.0
2024-11-01,23,23.1,22.4,96.0,0.0,,104.0,1.8,,1012.7,,2.0
2024-11-02,0,23.2,22.5,96.0,0.0,,0.0,0.0,,1012.1,,2.0
2024-11-02,1,22.0,22.0,100.0,0.0,,98.0,1.8,,1017.0,,5.0
2024-11-02,2,24.0,23.0,94.0,0.0,,95.0,3.6,,1018.0,,5.0
2024-11-02,3,25.6,23.8,90.0,0.0,,30.0,5.4,,1014.1,,5.0
2024-11-02,4,27.0,23.0,79.0,0.0,,80.0,11.2,,1019.0,,5.0
2024-11-02,5,28.0,22.0,70.0,0.0,,70.0,5.4,,1018.0,,5.0
2024-11-02,6,29.2,21.4,63.0,0.2,,90.0,5.4,,1012.7,,5.0
2024-11-02,7,29.0,19.9,58.0,0.0,,90.0,13.0,,1016.0,,5.0
2024-11-02,8,31.0,20.9,55.0,0.0,,100.0,14.8,,1015.0,,5.0
2024-11-02,9,30.6,20.5,55.0,0.0,,140.0,3.6,,1009.9,,5.0
2024-11-02,10,29.0,19.9,58.0,0.0,,80.0,14.8,,1014.0,,5.0
2024-11-02,11,27.0,21.1,70.0,0.2,,10.0,11.2,,1014.0,,5.0
2024-11-02,12,28.0,21.1,66.0,0.0,,90.0,5.4,,1010.3,,5.0
2024-11-02,13,27.0,20.1,66.0,0.0,,90.0,5.4,,1015.0,,5.0
2024-11-02,14,26.0,21.0,74.0,0.0,,60.0,5.4,,1016.0,,5.0
2024-11-02,15,26.0,21.0,74.0,0.0,,0.0,0.0,,1012.3,,5.0
2024-11-02,16,24.0,20.9,83.0,0.0,,113.0,3.6,,1017.0,,5.0
2024-11-02,17,24.0,20.9,83.0,0.0,,114.0,3.6,,1017.0,,5.0
2024-11-02,18,24.4,22.1,87.0,0.0,,0.0,0.0,,1013.1,,5.0
2024-11-02,19,23.9,21.6,87.0,0.0,,120.0,1.8,,1013.3,,2.0
2024-11-02,20,23.6,21.5,88.0,0.0,,127.0,0.0,,1013.0,,2.0
2024-11-02,21,22.4,20.9,91.0,0.0,,0.0,0.0,,1012.2,,2.0
2024-11-02,22,22.4,20.9,91.0,0.0,,125.0,0.0,,1012.4,,2.0
2024-11-02,23,22.4,21.0,92.0,0.0,,128.0,0.0,,1012.6,,2.0
2024-11-03,0,21.6,20.4,93.0,0.0,,0.0,0.0,,1012.9,,2.0
2024-11-03,1,22.0,21.0,94.0,0.0,,114.0,4.0,,1017.0,,5.0
2024-11-03,2,23.0,22.0,94.0,0.0,,120.0,3.6,,1018.0,,5.0
2024-11-03,3,26.0,19.6,68.0,0.0,,80.0,11.2,,1014.6,,5.0
2024-11-03,4,27.0,20.1,66.0,0.0,,120.0,7.6,,1019.0,,5.0
2024-11-03,5,28.0,21.1,66.0,0.1,,80.0,9.4,,1018.0,,5.0
2024-11-03,6,29.4,20.3,58.0,0.2,,50.0,5.4,,1013.0,,5.0
2024-11-03,7,28.0,20.0,62.0,0.1,,80.0,13.0,,1016.0,,5.0
2024-11-03,8,31.0,20.9,55.0,0.0,,140.0,7.6,,1015.0,,5.0
2024-11-03,9,30.0,20.0,55.0,0.0,,50.0,11.2,,1009.8,,5.0
2024-11-03,10,29.0,19.9,58.0,0.4,,90.0,11.0,,1014.0,,5.0
2024-11-03,11,28.0,20.0,62.0,0.3,,80.0,13.0,,1014.0,,5.0
2024-11-03,12,28.0,20.3,63.0,0.0,,110.0,11.2,,1010.4,,5.0
2024-11-03,13,26.0,20.1,70.0,0.0,,100.0,9.4,,1016.0,,5.0
2024-11-03,14,26.0,21.0,74.0,0.0,,110.0,9.4,,1016.0,,5.0
2024-11-03,15,26.0,21.2,75.0,0.0,,100.0,7.6,,1012.8,,5.0
2024-11-03,16,24.0,20.9,83.0,0.0,,80.0,7.6,,1018.0,,5.0
2024-11-03,17,25.1,21.0,78.0,0.0,,93.0,1.8,,1013.3,,3.0
2024-11-03,18,24.6,20.9,80.0,0.0,,93.0,1.8,,1013.6,,2.0
2024-11-03,19,24.2,20.7,81.0,0.0,,103.0,1.8,,1013.1,,2.0
2024-11-03,20,23.8,20.7,83.0,0.0,,120.0,1.8,,1012.7,,2.0
2024-11-03,21,23.8,20.5,82.0,0.0,,0.0,0.0,,1012.3,,2.0
2024-11-03,22,23.2,20.3,84.0,0.0,,141.0,0.0,,1012.4,,3.0
2024-11-03,23,22.6,20.3,87.0,0.0,,104.0,0.0,,1012.5,,3.0
2024-11-04,0,21.8,20.6,93.0,0.0,,0.0,0.0,,1011.9,,2.0
2024-11-04,1,21.0,20.0,94.0,0.0,,112.0,4.0,,1017.0,,5.0
2024-11-04,2,24.0,19.9,78.0,0.0,,119.0,3.6,,1017.0,,5.0
2024-11-04,3,26.0,20.8,73.0,0.0,,70.0,5.4,,1013.7,,5.0
2024-11-04,4,27.0,20.1,66.0,0.0,,60.0,13.0,,1018.0,,5.0
2024-11-04,5,28.0,19.0,58.0,0.0,,80.0,14.8,,1017.0,,5.0
2024-11-04,6,28.2,17.4,52.0,0.0,,20.0,5.4,,1011.8,,5.0
2024-11-04,7,29.0,16.9,48.0,0.0,,60.0,13.0,,1015.0,,5.0
2024-11-04,8,28.0,16.9,51.0,0.0,,90.0,7.6,,1014.0,,5.0
2024-11-04,9,30.6,18.7,49.0,0.0,,40.0,9.4,,1008.4,,5.0
2024-11-04,10,29.0,16.9,48.0,0.0,,70.0,9.0,,1013.0,,5.0
2024-11-04,11,29.0,15.9,45.0,0.0,,30.0,7.6,,1013.0,,5.0
2024-11-04,12,28.4,18.2,54.0,0.0,,40.0,7.6,,1008.9,,5.0
2024-11-04,13,26.0,17.1,58.0,0.0,,50.0,5.4,,1015.0,,5.0
2024-11-04,14,26.0,17.9,61.0,0.0,,50.0,5.4,,1016.0,,5.0
2024-11-04,15,26.0,18.4,63.0,0.0,,80.0,9.4,,1011.8,,5.0
2024-11-04,16,25.0,20.0,74.0,0.0,,89.0,3.6,,1017.0,,5.0
2024-11-04,17,24.5,18.7,70.0,0.0,,89.0,1.8,,1012.4,,2.0
2024-11-04,18,24.0,20.3,80.0,0.0,,61.0,1.8,,1013.1,,2.0
2024-11-04,19,23.2,18.7,76.0,0.0,,125.0,0.0,,1012.5,,2.0
2024-11-04,20,22.6,19.0,80.0,0.0,,110.0,0.0,,1012.3,,2.0
2024-11-04,21,22.4,20.9,91.0,0.0,,0.0,0.0,,1012.6,,2.0
2024-11-04,22,21.8,20.4,92.0,0.0,,,0.0,,1012.7,,2.0
2024-11-04,23,21.2,19.8,92.0,0.0,,325.0,0.0,,1012.8,,2.0
2024-11-05,0,20.8,19.8,94.0,0.0,,0.0,0.0,,1011.9,,2.0
2024-11-05,1,19.0,18.0,94.0,0.0,,124.0,2.0,,1017.0,,5.0
2024-11-05,2,22.0,19.9,88.0,0.0,,122.0,1.8,,1017.0,,5.0
2024-11-05,3,25.2,20.0,73.0,0.0,,70.0,1.8,,1013.7,,5.0
2024-11-05,4,28.0,15.0,45.0,0.0,,90.0,7.6,,1018.0,,5.0
2024-11-05,5,29.0,12.0,35.0,0.0,,60.0,13.0,,1017.0,,5.0
2024-11-05,6,29.8,13.1,36.0,0.0,,50.0,5.4,,1012.4,,5.0
2024-11-05,7,31.0,14.2,36.0,0.0,,110.0,11.2,,1015.0,,5.0
2024-11-05,8,30.0,14.1,38.0,0.0,,30.0,5.4,,1014.0,,5.0
2024-11-05,9,31.2,15.2,38.0,0.0,,90.0,5.4,,1008.6,,5.0
2024-11-05,10,30.0,14.1,38.0,0.0,,70.0,11.2,,1014.0,,5.0
2024-11-05,11,28.0,13.9,42.0,0.0,,90.0,13.0,,1014.0,,5.0
2024-11-05,12,28.8,15.3,44.0,0.0,,70.0,3.6,,1010.0,,5.0
2024-11-05,13,27.0,15.1,48.0,0.0,,80.0,9.4,,1016.0,,5.0
2024-11-05,14,26.0,16.0,54.0,0.0,,70.0,5.4,,1016.0,,5.0
2024-11-05,15,26.2,16.2,54.0,0.0,,50.0,3.6,,1012.3,,5.0
2024-11-05,16,23.0,15.1,61.0,0.0,,40.0,5.4,,1017.0,,5.0
2024-11-05,17,24.3,16.3,61.0,0.0,,50.0,1.8,,1013.0,,2.0
2024-11-05,18,22.0,17.4,75.0,0.0,,0.0,0.0,,1013.9,,2.0
2024-11-05,19,22.7,16.7,69.0,0.0,,56.0,0.0,,1013.0,,2.0
2024-11-05,20,22.1,16.8,72.0,0.0,,77.0,0.0,,1012.8,,2.0
2024-11-05,21,20.4,16.8,80.0,0.0,,0.0,0.0,,1012.9,,2.0
2024-11-05,22,20.1,16.9,82.0,0.0,,118.0,0.0,,1013.0,,1.0
2024-11-05,23,19.7,16.9,84.0,0.0,,285.0,0.0,,1013.2,,1.0
2024-11-06,0,18.8,17.1,90.0,0.0,,0.0,0.0,,1013.2,,1.0
2024-11-06,1,20.0,17.0,83.0,0.0,,19.0,2.0,,1017.0,,5.0
2024-11-06,2,22.0,16.9,73.0,0.0,,31.0,1.8,,1018.0,,5.0
2024-11-06,3,25.8,18.7,65.0,0.0,,10.0,7.6,,1014.5,,5.0
2024-11-06,4,28.0,13.9,42.0,0.0,,40.0,9.4,,1018.0,,5.0
2024-11-06,5,29.0,12.8,37.0,0.0,,70.0,13.0,,1018.0,,5.0
2024-11-06,6,30.4,14.9,39.0,0.0,,60.0,9.4,,1012.4,,5.0
2024-11-06,7,30.0,14.9,40.0,0.0,,110.0,13.0,,1015.0,,5.0
2024-11-06,8,31.0,15.0,38.0,0.0,,40.0,3.6,,1014.0,,5.0
2024-11-06,9,32.0,15.1,36.0,0.0,,10.0,9.4,,1009.0,,5.0
2024-11-06,10,31.0,12.9,33.0,0.0,,20.0,7.6,,1014.0,,5.0
2024-11-06,11,30.0,14.1,38.0,0.0,,40.0,9.4,,1014.0,,5.0
2024-11-06,12,28.8,15.0,43.0,0.0,,40.0,11.2,,1010.0,,5.0
2024-11-06,13,26.0,14.1,48.0,0.0,,50.0,9.4,,1016.0,,5.0
2024-11-06,14,26.0,14.1,48.0,0.0,,50.0,9.4,,1017.0,,5.0
2024-11-06,15,26.4,17.2,57.0,0.0,,30.0,3.6,,1012.8,,5.0
2024-11-06,16,24.0,16.0,61.0,0.0,,50.0,7.6,,1017.0,,5.0
2024-11-06,17,23.0,16.1,65.0,0.0,,50.0,5.4,,1017.0,,5.0
2024-11-06,18,22.8,17.7,73.0,0.0,,0.0,0.0,,1013.1,,1.0
2024-11-06,19,22.8,16.8,69.0,0.0,,94.0,0.0,,1013.3,,1.0
2024-11-06,20,22.2,16.9,72.0,0.0,,111.0,0.0,,1013.0,,1.0
2024-11-06,21,20.6,17.0,80.0,0.0,,0.0,0.0,,1012.5,,1.0
2024-11-06,22,20.1,16.9,82.0,0.0,,112.0,0.0,,1012.7,,2.0
2024-11-06,23,19.7,16.7,83.0,0.0,,59.0,0.0,,1012.9,,2.0
2024-11-07,0,19.0,17.3,90.0,0.0,,0.0,0.0,,1013.0,,2.0
2024-11-07,1,19.0,17.0,88.0,0.0,,37.0,2.0,,1017.0,,5.0
2024-11-07,2,22.0,18.0,78.0,0.0,,40.0,1.8,,1018.0,,5.0
2024-11-07,3,25.8,17.4,60.0,0.0,,40.0,7.6,,1014.6,,5.0
2024-11-07,4,27.0,15.1,48.0,0.0,,50.0,9.4,,1018.0,,5.0
2024-11-07,5,28.0,16.0,48.0,0.0,,10.0,7.6,,1017.0,,5.0
2024-11-07,6,29.6,16.4,45.0,0.0,,39.0,1.8,,1012.3,,1.0
2024-11-07,7,31.0,12.9,33.0,0.0,,36.0,2.0,,1015.0,,5.0
2024-11-07,8,31.0,12.9,33.0,0.0,,30.0,5.4,,1014.0,,5.0
2024-11-07,9,31.6,14.7,36.0,0.0,,10.0,5.4,,1008.4,,5.0
2024-11-07,10,30.0,14.1,38.0,0.0,,40.0,11.2,,1014.0,,5.0
2024-11-07,11,29.0,12.8,37.0,0.0,,50.0,7.0,,1014.0,,5.0
2024-11-07,12,29.4,14.8,41.0,0.0,,70.0,5.4,,1009.9,,5.0
2024-11-07,13,26.0,14.1,48.0,0.0,,40.0,7.6,,1016.0,,5.0
2024-11-07,14,25.0,15.0,54.0,0.0,,50.0,5.4,,1017.0,,5.0
2024-11-07,15,24.4,17.6,66.0,0.0,,50.0,5.4,,1013.2,,5.0
2024-11-07,16,23.9,15.9,61.0,0.0,,36.0,1.8,,1013.7,,1.0
2024-11-07,17,23.0,16.3,66.0,0.0,,33.0,0.0,,1014.0,,1.0
2024-11-07,18,23.6,18.5,73.0,0.0,,0.0,0.0,,1014.1,,1.0
2024-11-07,19,22.0,16.9,73.0,0.0,,347.0,3.6,,1017.0,,5.0
2024-11-07,20,21.0,16.4,75.0,0.0,,78.0,0.0,,1013.6,,1.0
2024-11-07,21,20.4,18.2,87.0,0.0,,0.0,0.0,,1013.2,,1.0
2024-11-07,22,19.9,16.1,79.0,0.0,,122.0,0.0,,1013.3,,1.0
2024-11-07,23,19.3,16.0,81.0,0.0,,307.0,0.0,,1013.3,,1.0
2024-11-08,0,19.0,17.3,90.0,0.0,,0.0,0.0,,1013.9,,1.0
2024-11-08,1,19.0,17.0,88.0,0.0,,327.0,4.0,,1017.0,,5.0
2024-11-08,2,23.0,18.1,74.0,0.0,,14.0,3.6,,1018.0,,5.0
2024-11-08,3,24.6,17.1,63.0,0.0,,0.0,0.0,,1014.2,,5.0
2024-11-08,4,27.0,16.0,51.0,0.0,,120.0,9.4,,1018.0,,5.0
2024-11-08,5,28.0,16.0,48.0,0.0,,240.0,6.0,,1017.0,,5.0
2024-11-08,6,29.6,17.8,49.0,0.0,,170.0,13.0,,1012.3,,5.0
2024-11-08,7,30.0,16.1,43.0,0.0,,90.0,13.0,,1015.0,,5.0
2024-11-08,8,30.0,14.1,38.0,0.0,,170.0,3.6,,1014.0,,5.0
2024-11-08,9,31.4,15.4,38.0,0.0,,30.0,1.8,,1008.6,,5.0
2024-11-08,10,31.0,15.8,40.0,0.0,,118.0,2.0,,1014.0,,5.0
2024-11-08,11,29.0,15.2,43.0,0.0,,118.0,2.0,,1014.0,,5.0
2024-11-08,12,29.0,16.6,47.0,0.0,,0.0,0.0,,1009.8,,5.0
2024-11-08,13,26.0,17.1,58.0,0.0,,109.0,3.6,,1015.0,,5.0
2024-11-08,14,25.0,18.0,65.0,0.0,,95.0,1.8,,1016.0,,5.0
2024-11-08,15,25.0,18.9,69.0,0.0,,74.0,1.8,,1013.3,,5.0
2024-11-08,16,22.0,19.0,83.0,0.0,,63.0,1.8,,1017.0,,5.0
2024-11-08,17,23.8,18.7,73.0,0.0,,63.0,1.8,,1013.5,,2.0
2024-11-08,18,23.0,19.8,82.0,0.0,,0.0,0.0,,1013.3,,2.0
2024-11-08,19,22.8,18.6,77.0,0.0,,84.0,0.0,,1013.2,,2.0
2024-11-08,20,22.4,18.6,79.0,0.0,,103.0,0.0,,1012.9,,2.0
2024-11-08,21,20.8,18.6,87.0,0.0,,0.0,0.0,,1013.0,,2.0
2024-11-08,22,20.6,18.4,87.0,0.0,,139.0,0.0,,1013.0,,2.0
2024-11-08,23,20.3,18.2,88.0,0.0,,319.0,0.0,,1013.0,,2.0
2024-11-09,0,20.4,18.9,91.0,0.0,,0.0,0.0,,1013.1,,2.0
2024-11-09,1,20.0,18.0,88.0,0.0,,83.0,4.0,,1017.0,,5.0
2024-11-09,2,22.0,19.9,88.0,0.0,,70.0,3.6,,1018.0,,5.0
2024-11-09,3,25.4,19.3,69.0,0.0,,80.0,7.6,,1014.6,,5.0
2024-11-09,4,27.0,18.0,58.0,0.0,,60.0,13.0,,1019.0,,5.0
2024-11-09,5,27.0,19.1,62.0,0.0,,80.0,9.4,,1018.0,,5.0
2024-11-09,6,29.2,19.8,57.0,0.0,,50.0,5.4,,1012.9,,5.0
2024-11-09,7,28.0,18.1,55.0,0.0,,120.0,6.0,,1016.0,,2.0
2024-11-09,8,29.0,16.9,48.0,0.0,,40.0,7.6,,1015.0,,3.0
2024-11-09,9,30.6,17.7,46.0,0.0,,130.0,5.4,,1009.4,,3.0
2024-11-09,10,29.0,15.9,45.0,0.0,,360.0,6.0,,1014.0,,2.0
2024-11-09,11,29.0,16.9,48.0,0.0,,30.0,5.4,,1014.0,,2.0
2024-11-09,12,27.4,19.0,60.0,0.0,,0.0,0.0,,1010.1,,2.0
2024-11-09,13,25.0,18.0,65.0,0.0,,30.0,3.6,,1015.0,,5.0
2024-11-09,14,24.0,18.0,69.0,0.0,,30.0,5.4,,1016.0,,5.0
2024-11-09,15,24.6,19.4,73.0,0.0,,0.0,0.0,,1012.8,,5.0
2024-11-09,16,24.0,17.0,65.0,0.0,,40.0,5.4,,1017.0,,5.0
2024-11-09,17,23.0,17.0,69.0,0.0,,40.0,5.4,,1017.0,,5.0
2024-11-09,18,22.4,18.4,78.0,0.0,,0.0,0.0,,1013.4,,5.0
2024-11-09,19,22.0,19.0,83.0,0.0,,27.0,0.0,,1013.2,,2.0
2024-11-09,20,21.5,18.9,85.0,0.0,,82.0,0.0,,1012.9,,2.0
2024-11-09,21,21.2,18.4,84.0,0.0,,0.0,0.0,,1012.8,,2.0
2024-11-09,22,20.7,18.3,86.0,0.0,,113.0,0.0,,1012.7,,2.0
2024-11-09,23,20.2,18.1,88.0,0.0,,269.0,0.0,,1012.9,,2.0
2024-11-10,0,19.8,18.3,91.0,0.0,,0.0,0.0,,1013.2,,2.0
2024-11-10,1,18.0,17.0,94.0,0.0,,61.0,1.8,,1017.0,,5.0
2024-11-10,2,22.0,18.0,78.0,0.0,,54.0,1.8,,1018.0,,5.0
2024-11-10,3,24.8,18.7,69.0,0.0,,80.0,7.6,,1014.3,,5.0
2024-11-10,4,27.0,18.0,58.0,0.0,,80.0,7.6,,1018.0,,5.0
2024-11-10,5,28.0,16.9,51.0,0.0,,80.0,7.6,,1017.0,,5.0
2024-11-10,6,29.6,16.1,44.0,0.0,,10.0,5.4,,1012.0,,5.0
2024-11-10,7,30.0,14.9,40.0,0.0,,20.0,5.4,,1015.0,,5.0
2024-11-10,8,31.0,15.0,38.0,0.0,,360.0,14.8,,1010.5,,2.0
2024-11-10,9,31.4,15.8,39.0,0.0,,20.0,1.8,,1008.7,,3.0
2024-11-10,10,30.0,14.1,38.0,0.0,,320.0,11.2,,1014.0,,5.0
2024-11-10,11,29.0,14.0,40.0,0.0,,50.0,7.6,,1014.0,,5.0
2024-11-10,12,28.4,16.3,48.0,0.0,,40.0,3.6,,1010.0,,5.0
2024-11-10,13,26.0,15.1,51.0,0.0,,50.0,9.0,,1015.0,,5.0
2024-11-10,14,26.0,15.1,51.0,0.0,,50.0,9.4,,1016.0,,5.0
2024-11-10,15,25.6,15.9,55.0,0.0,,50.0,5.4,,1012.5,,5.0
2024-11-10,16,24.6,15.8,58.0,0.0,,49.0,3.7,,1012.8,,3.0
2024-11-10,17,23.6,15.9,62.0,0.0,,47.0,3.7,,1013.1,,3.0
2024-11-10,18,22.8,16.1,66.0,0.0,,38.0,1.8,,1012.6,,2.0
2024-11-10,19,21.9,16.2,70.0,0.0,,34.0,1.8,,1013.1,,2.0
2024-11-10,20,21.2,16.4,74.0,0.0,,53.0,0.0,,1012.8,,2.0
2024-11-10,21,21.8,15.6,68.0,0.0,,0.0,0.0,,1011.8,,2.0
2024-11-10,22,20.3,15.9,76.0,0.0,,34.0,1.8,,1012.4,,2.0
2024-11-10,23,19.8,15.9,78.0,0.0,,26.0,1.8,,1012.7,,2.0
2024-11-11,0,19.8,15.9,78.0,0.0,,18.0,3.6,,1012.2,,2.0
2024-11-11,1,19.0,16.0,83.0,0.0,,22.0,4.0,,1017.0,,5.0
2024-11-11,2,22.0,16.1,69.0,0.0,,350.0,5.4,,1017.0,,5.0
2024-11-11,3,25.0,15.6,56.0,0.0,,360.0,9.4,,1014.3,,5.0
2024-11-11,4,26.0,16.0,54.0,0.0,,40.0,9.4,,1018.0,,5.0
2024-11-11,5,28.0,16.0,48.0,0.0,,50.0,13.0,,1017.0,,5.0
2024-11-11,6,28.8,13.9,40.0,0.0,,90.0,11.2,,1012.2,,5.0
2024-11-11,7,29.0,15.2,43.0,0.0,,40.0,7.6,,1014.0,,5.0
2024-11-11,8,30.0,14.1,38.0,0.0,,10.0,11.2,,1014.0,,5.0
2024-11-11,9,30.4,15.7,41.0,0.0,,50.0,3.6,,1008.6,,2.0
2024-11-11,10,30.0,14.1,38.0,0.0,,340.0,9.4,,1013.0,,5.0
2024-11-11,11,28.0,13.9,42.0,0.0,,10.0,9.4,,1013.0,,5.0
2024-11-11,12,28.2,14.8,44.0,0.0,,50.0,3.6,,1008.8,,5.0
2024-11-11,13,26.0,15.1,51.0,0.0,,50.0,7.6,,1015.0,,5.0
2024-11-11,14,25.0,15.0,54.0,0.0,,50.0,9.4,,1015.0,,5.0
2024-11-11,15,25.0,15.9,57.0,0.0,,50.0,13.0,,1011.9,,5.0
2024-11-11,16,23.0,15.1,61.0,0.0,,50.0,11.2,,1016.0,,5.0
2024-11-11,17,23.2,15.8,63.0,0.0,,51.0,1.8,,1012.4,,2.0
2024-11-11,18,22.8,16.6,68.0,0.0,,51.0,3.6,,1012.3,,2.0
2024-11-11,19,21.9,15.7,68.0,0.0,,48.0,1.8,,1012.2,,2.0
2024-11-11,20,21.4,15.9,71.0,0.0,,44.0,1.8,,1011.8,,2.0
2024-11-11,21,21.8,17.2,75.0,0.0,,0.0,0.0,,1010.7,,2.0
2024-11-11,22,21.4,17.0,76.0,0.0,,21.0,0.0,,1011.0,,1.0
2024-11-11,23,21.0,16.8,77.0,0.0,,12.0,0.0,,1011.3,,1.0
2024-11-12,0,21.4,18.0,81.0,0.0,,7.0,3.6,,1010.7,,1.0
2024-11-12,1,21.0,16.0,73.0,0.0,,20.0,7.6,,1016.0,,5.0
2024-11-12,2,23.0,17.0,69.0,0.0,,30.0,14.8,,1017.0,,5.0
2024-11-12,3,24.6,16.3,60.0,0.0,,40.0,14.8,,1013.0,,5.0
2024-11-12,4,27.0,16.9,54.0,0.0,,50.0,11.2,,1017.0,,5.0
2024-11-12,5,27.4,16.1,50.0,0.0,,63.0,5.5,,1012.1,,2.0
2024-11-12,6,29.4,16.9,47.0,0.0,,50.0,5.4,,1011.7,,2.0
2024-11-12,7,29.3,16.1,45.0,0.0,,59.0,5.5,,1010.6,,2.0
2024-11-12,8,29.8,15.9,43.0,0.0,,54.0,5.5,,1009.5,,2.0
2024-11-12,9,30.4,17.5,46.0,0.0,,49.0,3.6,,1008.3,,3.0
2024-11-12,10,29.7,17.2,47.0,0.0,,76.0,3.7,,1008.6,,2.0
2024-11-12,11,29.0,17.2,49.0,0.0,,76.0,3.7,,1009.0,,2.0
2024-11-12,12,28.8,18.3,53.0,0.0,,76.0,3.6,,1008.7,,2.0
2024-11-12,13,27.3,17.2,54.0,0.0,,74.0,3.7,,1010.1,,2.0
2024-11-12,14,26.4,17.2,57.0,0.0,,72.0,3.7,,1010.9,,2.0
2024-11-12,15,26.6,19.5,65.0,0.0,,69.0,3.6,,1011.3,,2.0
2024-11-12,16,25.9,19.3,67.0,0.0,,81.0,3.7,,1011.4,,3.0
2024-11-12,17,25.1,19.2,70.0,0.0,,81.0,1.8,,1011.4,,3.0
2024-11-12,18,25.0,19.8,73.0,0.0,,81.0,3.6,,1011.5,,3.0
2024-11-12,19,23.9,19.0,74.0,0.0,,83.0,1.8,,1011.1,,2.0
2024-11-12,20,23.5,18.8,75.0,0.0,,85.0,1.8,,1010.6,,2.0
2024-11-12,21,24.4,20.1,77.0,0.0,,88.0,1.8,,1010.5,,2.0
2024-11-12,22,22.5,18.7,79.0,0.0,,76.0,1.8,,1010.4,,2.0
2024-11-12,23,22.1,18.3,79.0,0.0,,60.0,1.8,,1010.5,,2.0
2024-11-13,0,23.8,19.9,79.0,0.0,,50.0,5.4,,1010.2,,2.0
2024-11-13,1,22.6,17.9,75.0,0.0,,42.0,1.8,,1011.2,,2.0
2024-11-13,2,23.7,17.9,70.0,0.0,,43.0,1.8,,1011.7,,2.0
2024-11-13,3,25.4,16.0,56.0,0.0,,43.0,3.6,,1012.3,,2.0
2024-11-13,4,26.2,18.6,63.0,0.0,,61.0,5.5,,1011.8,,3.0
2024-11-13,5,27.3,18.3,58.0,0.0,,60.0,7.4,,1011.4,,3.0
2024-11-13,6,30.0,16.8,45.0,0.0,,50.0,5.4,,1010.9,,5.0
2024-11-13,7,29.0,18.2,52.0,0.0,,60.0,11.2,,1014.0,,5.0
2024-11-13,8,29.0,18.2,52.0,0.0,,120.0,9.0,,1013.0,,5.0
2024-11-13,9,29.0,18.8,54.0,0.0,,50.0,5.4,,1008.3,,5.0
2024-11-13,10,29.0,18.2,52.0,0.0,,80.0,11.2,,1012.0,,5.0
2024-11-13,11,28.1,18.8,57.0,0.0,,68.0,5.5,,1008.5,,3.0
2024-11-13,12,28.6,19.5,58.0,0.0,,82.0,3.6,,1008.1,,3.0
2024-11-13,13,27.0,18.8,61.0,0.0,,83.0,3.7,,1009.5,,3.0
2024-11-13,14,26.5,19.1,64.0,0.0,,85.0,3.7,,1010.3,,3.0
2024-11-13,15,26.8,20.4,68.0,0.0,,90.0,9.4,,1010.6,,3.0
2024-11-13,16,26.3,20.2,69.0,0.0,,92.0,7.4,,1010.8,,3.0
2024-11-13,17,25.8,20.1,71.0,0.0,,95.0,5.5,,1011.1,,3.0
2024-11-13,18,25.0,21.7,82.0,0.0,,140.0,7.6,,1011.2,,3.0
2024-11-13,19,24.9,20.2,75.0,0.0,,101.0,3.7,,1010.9,,3.0
2024-11-13,20,24.6,20.3,77.0,0.0,,100.0,3.7,,1010.6,,3.0
2024-11-13,21,24.4,21.7,85.0,0.0,,140.0,5.4,,1009.9,,3.0
2024-11-13,22,23.8,21.5,87.0,0.0,,120.0,3.7,,1010.2,,3.0
2024-11-13,23,23.6,21.5,88.0,0.0,,102.0,3.7,,1010.5,,3.0
2024-11-14,0,24.0,21.7,87.0,0.0,,90.0,5.4,,1011.0,,3.0
2024-11-14,1,24.0,20.9,83.0,0.0,,80.0,7.0,,1016.0,,5.0
2024-11-14,2,24.0,20.9,83.0,0.0,,90.0,7.6,,1017.0,,5.0
2024-11-14,3,24.8,21.1,80.0,0.0,,50.0,9.4,,1013.7,,5.0
2024-11-14,4,25.0,20.0,74.0,0.0,,120.0,9.4,,1018.0,,5.0
2024-11-14,5,26.0,20.1,70.0,0.0,,70.0,3.6,,1018.0,,5.0
2024-11-14,6,27.2,21.7,72.0,0.0,,90.0,7.6,,1013.2,,5.0
2024-11-14,7,30.0,20.0,55.0,0.0,,75.0,4.0,,1015.0,,5.0
2024-11-14,8,29.0,19.9,58.0,0.2,,40.0,7.6,,1015.0,,5.0
2024-11-14,9,30.0,20.0,55.0,0.0,,40.0,9.4,,1009.7,,5.0
2024-11-14,10,29.0,19.9,58.0,0.5,,60.0,3.6,,1014.0,,5.0
2024-11-14,11,28.0,18.1,55.0,0.4,,60.0,11.0,,1014.0,,5.0
2024-11-14,12,28.4,18.8,56.0,0.0,,50.0,5.4,,1009.8,,5.0
2024-11-14,13,28.0,18.1,55.0,0.0,,40.0,9.0,,1016.0,,5.0
2024-11-14,14,27.0,18.0,58.0,0.0,,50.0,11.2,,1017.0,,5.0
2024-11-14,15,27.0,18.6,60.0,0.0,,90.0,5.4,,1013.2,,5.0
2024-11-14,16,26.0,17.1,58.0,0.0,,60.0,11.2,,1018.0,,5.0
2024-11-14,17,25.8,19.2,67.0,0.0,,99.0,3.7,,1013.3,,3.0
2024-11-14,18,25.0,18.2,66.0,0.0,,107.0,3.6,,1013.4,,3.0
2024-11-14,19,24.7,19.5,73.0,0.0,,106.0,3.7,,1013.0,,3.0
2024-11-14,20,24.3,19.8,76.0,0.0,,105.0,1.8,,1012.6,,3.0
2024-11-14,21,24.4,19.0,72.0,0.0,,0.0,0.0,,1011.7,,3.0
2024-11-14,22,23.9,19.2,75.0,0.0,,100.0,0.0,,1011.9,,3.0
2024-11-14,23,23.5,19.2,77.0,0.0,,97.0,0.0,,1012.1,,3.0
2024-11-15,0,22.4,19.9,86.0,0.0,,0.0,0.0,,1012.8,,3.0
2024-11-15,1,23.0,19.0,78.0,0.0,,88.0,2.0,,1017.0,,5.0
2024-11-15,2,24.0,20.9,83.0,0.0,,100.0,3.6,,1018.0,,5.0
2024-11-15,3,26.0,20.8,73.0,0.0,,0.0,0.0,,1014.3,,5.0
2024-11-15,4,27.0,20.1,66.0,0.0,,90.0,9.4,,1019.0,,5.0
2024-11-15,5,29.0,19.9,58.0,0.0,,130.0,5.4,,1018.0,,5.0
2024-11-15,6,28.8,19.7,58.0,0.0,,150.0,9.4,,1013.2,,5.0
2024-11-15,7,30.0,19.1,52.0,0.0,,110.0,3.6,,1016.0,,5.0
2024-11-15,8,29.0,18.2,52.0,0.0,,30.0,3.6,,1015.0,,5.0
2024-11-15,9,31.0,19.4,50.0,0.0,,50.0,5.4,,1009.6,,5.0
2024-11-15,10,30.0,18.1,49.0,0.0,,60.0,11.2,,1014.0,,5.0
2024-11-15,11,30.0,17.1,46.0,0.0,,50.0,11.2,,1014.0,,5.0
2024-11-15,12,29.8,19.8,55.0,0.0,,50.0,7.6,,1009.6,,5.0
2024-11-15,13,27.0,16.0,51.0,0.0,,50.0,7.6,,1015.0,,5.0
2024-11-15,14,26.0,16.0,54.0,0.0,,80.0,7.6,,1016.0,,5.0
2024-11-15,15,26.2,17.8,60.0,0.0,,60.0,5.4,,1012.2,,5.0
2024-11-15,16,25.0,15.9,57.0,0.0,,82.0,1.8,,1017.0,,5.0
2024-11-15,17,24.0,17.0,65.0,0.0,,40.0,5.4,,1017.0,,5.0
2024-11-15,18,24.6,19.2,72.0,0.0,,82.0,3.6,,1013.0,,2.0
2024-11-15,19,24.0,18.9,73.0,0.0,,85.0,0.0,,1012.5,,2.0
2024-11-15,20,23.6,18.9,75.0,0.0,,94.0,0.0,,1012.2,,2.0
2024-11-15,21,24.0,19.1,74.0,0.0,,0.0,0.0,,1011.3,,2.0
2024-11-15,22,22.8,19.0,79.0,0.0,,87.0,0.0,,1012.0,,2.0
2024-11-15,23,22.4,19.0,81.0,0.0,,81.0,0.0,,1012.1,,2.0
2024-11-16,0,21.4,18.4,83.0,0.0,,0.0,0.0,,1011.3,,2.0
2024-11-16,1,22.0,15.1,65.0,0.0,,89.0,2.0,,1017.0,,5.0
2024-11-16,2,23.0,15.1,61.0,0.0,,89.0,3.6,,1017.0,,5.0
2024-11-16,3,25.0,15.9,57.0,0.0,,90.0,7.6,,1013.7,,5.0
2024-11-16,4,26.0,13.2,45.0,0.0,,50.0,9.4,,1018.0,,5.0
2024-11-16,5,29.0,11.1,33.0,0.0,,70.0,14.8,,1017.0,,5.0
2024-11-16,6,30.2,13.5,36.0,0.0,,50.0,11.2,,1011.9,,5.0
2024-11-16,7,30.0,12.9,35.0,0.0,,40.0,11.2,,1015.0,,5.0
2024-11-16,8,31.0,14.2,36.0,0.0,,80.0,11.0,,1014.0,,5.0
2024-11-16,9,31.4,14.1,35.0,0.0,,50.0,3.6,,1008.4,,5.0
2024-11-16,10,30.0,12.9,35.0,0.0,,60.0,9.4,,1013.0,,5.0
2024-11-16,11,29.0,12.8,37.0,0.0,,30.0,9.4,,1013.0,,5.0
2024-11-16,12,28.4,13.9,41.0,0.0,,40.0,13.0,,1009.1,,5.0
2024-11-16,13,26.0,13.2,45.0,0.0,,40.0,7.6,,1015.0,,5.0
2024-11-16,14,25.0,12.9,47.0,0.0,,50.0,7.6,,1016.0,,5.0
2024-11-16,15,25.0,15.9,57.0,0.0,,0.0,0.0,,1012.2,,5.0
2024-11-16,16,24.0,12.0,47.0,0.0,,58.0,4.0,,1016.0,,5.0
2024-11-16,17,23.0,12.0,50.0,0.0,,58.0,3.6,,1016.0,,5.0
2024-11-16,18,22.4,15.5,65.0,0.0,,0.0,0.0,,1013.0,,1.0
2024-11-16,19,22.5,15.1,63.0,0.0,,62.0,0.0,,1012.4,,1.0
2024-11-16,20,22.0,15.6,67.0,0.0,,89.0,0.0,,1012.1,,1.0
2024-11-16,21,21.2,15.7,71.0,0.0,,0.0,0.0,,1012.2,,1.0
2024-11-16,22,20.6,15.6,73.0,0.0,,61.0,0.0,,1011.9,,1.0
2024-11-16,23,20.2,15.4,74.0,0.0,,180.0,0.0,,1012.1,,1.0
2024-11-17,0,20.4,15.6,74.0,0.0,,50.0,5.4,,1012.1,,5.0
2024-11-17,1,19.0,13.0,68.0,0.0,,69.0,2.0,,1016.0,,5.0
2024-11-17,2,22.0,13.1,57.0,0.0,,50.0,3.6,,1017.0,,5.0
2024-11-17,3,24.0,14.4,55.0,0.0,,74.0,3.6,,1013.9,,2.0
2024-11-17,4,26.0,10.2,37.0,0.0,,40.0,11.0,,1018.0,,5.0
2024-11-17,5,27.0,11.1,37.0,0.0,,60.0,14.8,,1017.0,,5.0
2024-11-17,6,28.4,11.9,36.0,0.0,,60.0,3.6,,1012.4,,5.0
2024-11-17,7,28.0,10.2,33.0,0.0,,40.0,13.0,,1015.0,,5.0
2024-11-17,8,29.0,10.2,31.0,0.0,,50.0,13.0,,1014.0,,5.0
2024-11-17,9,30.0,11.5,32.0,0.0,,80.0,9.4,,1009.3,,5.0
2024-11-17,10,29.0,9.2,29.0,0.0,,30.0,11.2,,1014.0,,5.0
2024-11-17,11,28.0,10.2,33.0,0.0,,30.0,11.2,,1014.0,,5.0
2024-11-17,12,27.2,11.2,37.0,0.0,,50.0,5.4,,1009.6,,5.0
2024-11-17,13,24.0,11.0,44.0,0.0,,50.0,9.4,,1015.0,,5.0
2024-11-17,14,24.0,12.0,47.0,0.0,,50.0,11.2,,1016.0,,5.0
2024-11-17,15,24.0,12.6,49.0,0.0,,50.0,5.4,,1012.5,,5.0
2024-11-17,16,23.0,12.0,50.0,0.0,,30.0,13.0,,1017.0,,5.0
2024-11-17,17,22.1,12.9,56.0,0.0,,52.0,3.7,,1013.0,,1.0
2024-11-17,18,22.0,12.0,53.0,0.0,,50.0,3.6,,1013.4,,1.0
2024-11-17,19,20.6,13.3,63.0,0.0,,50.0,1.8,,1013.1,,1.0
2024-11-17,20,20.1,13.6,66.0,0.0,,41.0,1.8,,1012.9,,1.0
2024-11-17,21,20.8,12.5,59.0,0.0,,28.0,3.6,,1012.7,,1.0
2024-11-17,22,19.3,13.7,70.0,0.0,,24.0,1.8,,1012.8,,1.0
2024-11-17,23,18.9,13.7,72.0,0.0,,18.0,1.8,,1012.9,,1.0
2024-11-18,0,18.5,13.8,74.0,0.0,,12.0,1.8,,1013.0,,1.0
2024-11-18,1,20.0,11.0,56.0,0.0,,40.0,7.0,,1017.0,,5.0
2024-11-18,2,20.0,12.0,60.0,0.0,,40.0,6.0,,1017.0,,5.0
2024-11-18,3,23.0,12.0,50.0,0.0,,40.0,11.0,,1018.0,,5.0
2024-11-18,4,26.0,14.1,48.0,0.0,,110.0,7.0,,1018.0,,5.0
2024-11-18,5,27.0,14.1,45.0,0.0,,130.0,7.0,,1018.0,,5.0
2024-11-18,6,27.0,13.0,42.0,0.0,,140.0,13.0,,1017.0,,5.0
2024-11-18,7,28.0,13.1,40.0,0.0,,90.0,9.0,,1016.0,,5.0
2024-11-18,8,28.0,13.1,40.0,0.0,,70.0,11.0,,1014.0,,5.0
2024-11-18,9,28.7,12.2,36.0,0.0,,55.0,3.7,,1010.5,,2.0
2024-11-18,10,28.0,10.2,33.0,0.0,,40.0,7.0,,1014.0,,5.0
2024-11-18,11,28.0,10.2,33.0,0.0,,50.0,7.0,,1014.0,,5.0
2024-11-18,12,25.0,10.8,41.0,0.0,,50.0,9.0,,1015.0,,5.0
2024-11-18,13,24.0,11.0,44.0,0.0,,40.0,11.0,,1015.0,,5.0
2024-11-18,14,23.0,12.0,50.0,0.0,,50.0,9.0,,1016.0,,5.0
2024-11-18,15,22.0,12.0,53.0,0.0,,40.0,6.0,,1017.0,,5.0
2024-11-18,16,21.0,11.9,56.0,0.0,,40.0,7.0,,1018.0,,5.0
2024-11-18,17,21.4,13.6,61.0,0.0,,46.0,1.8,,1014.4,,1.0
2024-11-18,18,20.4,13.6,65.0,0.0,,40.0,1.8,,1014.7,,1.0
2024-11-18,19,19.9,13.8,68.0,0.0,,39.0,1.8,,1014.4,,1.0
2024-11-18,20,19.3,13.9,71.0,0.0,,67.0,0.0,,1014.2,,1.0
2024-11-18,21,18.7,13.8,73.0,0.0,,130.0,0.0,,1014.0,,1.0
2024-11-18,22,17.4,13.1,76.0,0.0,,140.0,0.0,,1014.5,,1.0
2024-11-18,23,17.2,13.1,77.0,0.0,,313.0,0.0,,1014.5,,1.0
2024-11-19,0,17.0,13.1,78.0,0.0,,306.0,0.0,,1014.4,,1.0
2024-11-19,1,16.0,12.9,82.0,0.0,,65.0,2.0,,1018.0,,5.0
2024-11-19,2,22.0,15.1,65.0,0.0,,72.0,2.0,,1019.0,,5.0
2024-11-19,3,23.0,12.9,53.0,0.0,,100.0,4.0,,1019.0,,5.0
2024-11-19,4,26.0,13.2,45.0,0.0,,120.0,11.0,,1019.0,,5.0
2024-11-19,5,25.3,13.5,48.0,0.0,,59.0,1.8,,1014.6,,1.0
2024-11-19,6,27.0,11.1,37.0,0.0,,59.0,2.0,,1018.0,,5.0
2024-11-19,7,28.0,12.0,37.0,0.0,,170.0,7.0,,1017.0,,1.0
2024-11-19,8,28.0,11.1,35.0,0.0,,40.0,9.0,,1016.0,,2.0
2024-11-19,9,29.0,12.0,35.0,0.0,,140.0,7.0,,1015.0,,2.0
2024-11-19,10,27.0,11.9,39.0,0.0,,80.0,9.0,,1015.0,,1.0
2024-11-19,11,26.0,11.0,39.0,0.0,,80.0,7.0,,1015.0,,5.0
2024-11-19,12,24.0,12.0,47.0,0.0,,70.0,6.0,,1015.0,,5.0
2024-11-19,13,23.0,12.9,53.0,0.0,,50.0,4.0,,1016.0,,5.0
2024-11-19,14,23.0,12.9,53.0,0.0,,50.0,9.0,,1017.0,,5.0
2024-11-19,15,22.0,13.1,57.0,0.0,,40.0,11.0,,1017.0,,5.0
2024-11-19,16,22.0,13.1,57.0,0.0,,40.0,7.0,,1017.0,,5.0
2024-11-19,17,20.9,14.3,66.0,0.0,,47.0,1.8,,1014.5,,1.0
2024-11-19,18,19.9,14.3,70.0,0.0,,34.0,1.8,,1014.7,,1.0
2024-11-19,19,19.3,14.1,72.0,0.0,,65.0,0.0,,1014.4,,1.0
2024-11-19,20,18.6,14.3,76.0,0.0,,116.0,0.0,,1014.1,,1.0
2024-11-19,21,18.0,14.3,79.0,0.0,,,0.0,,1013.8,,1.0
2024-11-19,22,18.9,14.0,73.0,0.0,,,0.0,,1012.6,,1.0
2024-11-19,23,18.1,13.8,76.0,0.0,,18.0,0.0,,1013.1,,1.0
2024-11-20,0,17.2,13.3,78.0,0.0,,5.0,0.0,,1013.6,,1.0
2024-11-20,1,15.0,12.0,82.0,0.0,,51.0,2.0,,1018.0,,5.0
2024-11-20,2,22.0,14.1,61.0,0.0,,63.0,2.0,,1018.0,,5.0
2024-11-20,3,23.0,12.0,50.0,0.0,,67.0,2.0,,1019.0,,5.0
2024-11-20,4,25.0,11.9,44.0,0.0,,130.0,6.0,,1019.0,,5.0
2024-11-20,5,26.0,11.0,39.0,0.0,,100.0,4.0,,1018.0,,5.0
2024-11-20,6,26.0,12.1,42.0,0.0,,90.0,6.0,,1018.0,,5.0
2024-11-20,7,27.0,11.9,39.0,0.0,,90.0,9.0,,1016.0,,1.0
2024-11-20,8,28.0,12.0,37.0,0.0,,100.0,6.0,,1014.0,,1.0
2024-11-20,9,28.0,12.0,37.0,0.0,,180.0,6.0,,1014.0,,2.0
2024-11-20,10,27.0,11.1,37.0,0.0,,90.0,4.0,,1014.0,,1.0
2024-11-20,11,26.0,11.0,39.0,0.0,,100.0,7.0,,1014.0,,1.0
2024-11-20,12,25.0,10.8,41.0,0.0,,100.0,6.0,,1014.0,,1.0
2024-11-20,13,24.0,12.0,47.0,0.0,,100.0,9.0,,1015.0,,1.0
2024-11-20,14,23.0,12.9,53.0,0.0,,90.0,6.0,,1017.0,,1.0
2024-11-20,15,21.0,12.9,60.0,0.0,,80.0,7.0,,1017.0,,1.0
2024-11-20,16,20.0,13.9,68.0,0.0,,46.0,4.0,,1017.0,,1.0
2024-11-20,17,20.4,13.1,63.0,0.0,,32.0,1.8,,1014.2,,1.0
2024-11-20,18,19.6,13.3,67.0,0.0,,64.0,0.0,,1014.4,,1.0
2024-11-20,19,19.0,13.4,70.0,0.0,,66.0,0.0,,1014.1,,1.0
2024-11-20,20,18.4,13.3,72.0,0.0,,83.0,0.0,,1013.7,,1.0
2024-11-20,21,17.8,13.3,75.0,0.0,,,0.0,,1013.4,,1.0
2024-11-20,22,17.4,14.5,83.0,0.0,,,0.0,,1013.2,,1.0
2024-11-20,23,16.8,14.1,84.0,0.0,,351.0,0.0,,1013.3,,1.0
2024-11-21,0,16.3,14.0,86.0,0.0,,340.0,0.0,,1013.4,,1.0
2024-11-21,1,17.0,12.9,77.0,0.0,,46.0,2.0,,1017.0,,5.0
2024-11-21,2,19.0,13.0,68.0,0.0,,50.0,7.0,,1017.0,,5.0
2024-11-21,3,23.0,12.9,53.0,0.0,,60.0,11.0,,1018.0,,5.0
2024-11-21,4,25.0,11.9,44.0,0.0,,70.0,13.0,,1018.0,,5.0
2024-11-21,5,26.0,12.1,42.0,0.0,,80.0,13.0,,1017.0,,5.0
2024-11-21,6,26.0,11.0,39.0,0.0,,60.0,9.0,,1017.0,,5.0
2024-11-21,7,28.0,12.0,37.0,0.0,,61.0,4.0,,1015.0,,2.0
2024-11-21,8,28.0,11.1,35.0,0.0,,60.0,9.0,,1014.0,,2.0
2024-11-21,9,29.0,12.0,35.0,0.0,,40.0,4.0,,1014.0,,2.0
2024-11-21,10,28.0,11.1,35.0,0.0,,60.0,6.0,,1014.0,,1.0
2024-11-21,11,26.0,12.1,42.0,0.0,,30.0,4.0,,1014.0,,1.0
2024-11-21,12,22.0,13.1,57.0,0.0,,82.0,4.0,,1015.0,,1.0
2024-11-21,13,23.0,12.9,53.0,0.0,,70.0,7.0,,1016.0,,1.0
2024-11-21,14,20.0,13.9,68.0,0.0,,80.0,2.0,,1017.0,,5.0
2024-11-21,15,20.0,13.9,68.0,0.0,,60.0,6.0,,1017.0,,5.0
2024-11-21,16,20.0,13.9,68.0,0.0,,360.0,4.0,,1017.0,,5.0
2024-11-21,17,20.1,14.5,70.0,0.0,,360.0,1.8,,1013.9,,1.0
2024-11-21,18,19.2,14.5,74.0,0.0,,26.0,0.0,,1014.1,,1.0
2024-11-21,19,18.6,14.5,77.0,0.0,,31.0,0.0,,1013.8,,1.0
2024-11-21,20,18.1,14.6,80.0,0.0,,92.0,0.0,,1013.5,,1.0
2024-11-21,21,18.4,15.8,85.0,0.0,,0.0,0.0,,1013.6,,1.0
2024-11-21,22,17.6,14.7,83.0,0.0,,,0.0,,1013.2,,1.0
2024-11-21,23,16.9,14.4,85.0,0.0,,340.0,0.0,,1013.2,,1.0
2024-11-22,0,16.8,14.4,86.0,0.0,,0.0,0.0,,1013.5,,1.0
2024-11-22,1,15.0,13.0,88.0,0.0,,58.0,2.0,,1017.0,,5.0
2024-11-22,2,17.0,14.1,83.0,0.0,,68.0,1.8,,1017.0,,5.0
2024-11-22,3,21.4,13.8,62.0,0.0,,80.0,5.4,,1014.6,,5.0
2024-11-22,4,24.0,12.0,47.0,0.0,,70.0,9.0,,1018.0,,5.0
2024-11-22,5,25.0,11.9,44.0,0.0,,60.0,9.4,,1017.0,,5.0
2024-11-22,6,26.6,13.4,44.0,0.0,,61.0,3.6,,1012.9,,2.0
2024-11-22,7,27.0,11.1,37.0,0.0,,30.0,13.0,,1015.0,,5.0
2024-11-22,8,28.0,11.1,35.0,0.0,,20.0,9.4,,1014.0,,5.0
2024-11-22,9,28.8,13.1,38.0,0.0,,60.0,9.4,,1009.3,,5.0
2024-11-22,10,27.0,11.1,37.0,0.0,,40.0,7.6,,1013.0,,5.0
2024-11-22,11,27.0,11.1,37.0,0.0,,50.0,7.6,,1013.0,,5.0
2024-11-22,12,25.2,13.4,48.0,0.0,,40.0,9.4,,1010.2,,5.0
2024-11-22,13,23.0,11.1,47.0,0.0,,30.0,5.4,,1015.0,,5.0
2024-11-22,14,22.0,12.0,53.0,0.0,,70.0,6.0,,1016.0,,5.0
2024-11-22,15,21.8,13.4,59.0,0.0,,46.0,1.8,,1013.2,,5.0
2024-11-22,16,21.0,11.9,56.0,0.0,,50.0,5.4,,1017.0,,5.0
2024-11-22,17,20.1,13.3,65.0,0.0,,56.0,1.8,,1013.8,,2.0
2024-11-22,18,21.2,14.4,65.0,0.0,,29.0,1.8,,1014.0,,2.0
2024-11-22,19,18.7,13.5,72.0,0.0,,97.0,0.0,,1013.9,,2.0
2024-11-22,20,18.2,13.7,75.0,0.0,,131.0,0.0,,1013.8,,2.0
2024-11-22,21,18.4,14.5,78.0,0.0,,0.0,0.0,,1013.3,,1.0
2024-11-22,22,17.8,14.3,80.0,0.0,,,0.0,,1013.5,,1.0
2024-11-22,23,17.3,13.8,80.0,0.0,,348.0,0.0,,1013.6,,1.0
2024-11-23,0,16.6,14.6,88.0,0.0,,0.0,0.0,,1014.0,,5.0
2024-11-23,1,15.0,13.0,88.0,0.0,,0.0,0.0,,1017.0,,5.0
2024-11-23,2,17.0,14.1,83.0,0.0,,0.0,0.0,,1018.0,,5.0
2024-11-23,3,20.2,15.0,72.0,0.0,,0.0,0.0,,1016.0,,5.0
2024-11-23,4,24.0,14.1,54.0,0.0,,60.0,7.6,,1019.0,,5.0
2024-11-23,5,26.0,13.2,45.0,0.0,,350.0,3.6,,1018.0,,5.0
2024-11-23,6,26.4,15.5,51.0,0.0,,0.0,0.0,,1013.9,,5.0
2024-11-23,7,26.0,12.1,42.0,0.0,,90.0,5.4,,1016.0,,5.0
2024-11-23,8,28.0,13.1,40.0,0.0,,31.0,3.6,,1015.0,,5.0
2024-11-23,9,28.0,12.8,39.0,0.0,,0.0,0.0,,1010.3,,5.0
2024-11-23,10,28.0,11.1,35.0,0.0,,27.0,3.6,,1014.0,,5.0
2024-11-23,11,27.0,11.9,39.0,0.0,,60.0,9.4,,1015.0,,5.0
2024-11-23,12,26.2,14.3,48.0,0.0,,40.0,5.4,,1010.8,,5.0
2024-11-23,13,23.0,12.9,53.0,0.0,,50.0,7.6,,1016.0,,5.0
2024-11-23,14,23.0,12.9,53.0,0.0,,70.0,5.4,,1017.0,,5.0
2024-11-23,15,23.0,13.8,56.0,0.0,,60.0,7.6,,1013.6,,5.0
2024-11-23,16,21.0,12.9,60.0,0.0,,40.0,5.4,,1017.0,,5.0
2024-11-23,17,21.0,13.9,64.0,0.0,,21.0,1.8,,1014.1,,1.0
2024-11-23,18,20.2,14.6,70.0,0.0,,0.0,0.0,,1014.2,,1.0
2024-11-23,19,19.4,14.2,72.0,0.0,,40.0,0.0,,1014.1,,1.0
2024-11-23,20,18.8,14.3,75.0,0.0,,103.0,0.0,,1013.9,,1.0
2024-11-23,21,19.0,15.1,78.0,0.0,,0.0,0.0,,1013.5,,1.0
2024-11-23,22,18.3,14.8,80.0,0.0,,,0.0,,1013.6,,1.0
2024-11-23,23,17.6,14.5,82.0,0.0,,6.0,0.0,,1013.7,,1.0
2024-11-24,0,16.6,15.1,91.0,0.0,,0.0,0.0,,1014.2,,1.0
2024-11-24,1,15.0,14.0,94.0,0.0,,49.0,2.0,,1018.0,,5.0
2024-11-24,2,17.0,15.0,88.0,0.0,,68.0,1.8,,1019.0,,5.0
2024-11-24,3,20.4,15.2,72.0,0.0,,0.0,0.0,,1016.1,,5.0
2024-11-24,4,24.0,12.9,50.0,0.0,,30.0,6.0,,1019.0,,5.0
2024-11-24,5,24.0,12.9,50.0,0.0,,80.0,3.6,,1018.0,,5.0
2024-11-24,6,26.4,14.2,47.0,0.0,,59.0,3.6,,1014.1,,5.0
2024-11-24,7,26.0,12.1,42.0,0.0,,60.0,5.4,,1017.0,,5.0
2024-11-24,8,28.0,11.1,35.0,0.0,,320.0,1.8,,1015.0,,2.0
2024-11-24,9,28.2,13.3,40.0,0.0,,180.0,7.6,,1010.5,,2.0
2024-11-24,10,27.0,11.9,39.0,0.0,,16.0,4.0,,1014.0,,1.0
2024-11-24,11,27.0,11.9,39.0,0.0,,51.0,3.6,,1014.0,,5.0
2024-11-24,12,25.8,14.0,48.0,0.0,,51.0,1.8,,1011.0,,5.0
2024-11-24,13,23.0,12.0,50.0,0.0,,40.0,5.4,,1016.0,,5.0
2024-11-24,14,22.0,12.0,53.0,0.0,,50.0,9.4,,1017.0,,5.0
2024-11-24,15,22.6,12.8,54.0,0.0,,60.0,7.6,,1014.5,,5.0
2024-11-24,16,21.2,14.4,65.0,0.0,,41.0,1.8,,1014.2,,2.0
2024-11-24,17,20.3,14.2,68.0,0.0,,34.0,1.8,,1014.3,,2.0
2024-11-24,18,19.6,14.4,72.0,0.0,,0.0,0.0,,1015.0,,2.0
2024-11-24,19,18.9,14.4,75.0,0.0,,20.0,1.8,,1014.1,,2.0
2024-11-24,20,18.4,14.3,77.0,0.0,,86.0,0.0,,1013.8,,2.0
2024-11-24,21,18.4,14.5,78.0,0.0,,0.0,0.0,,1013.9,,2.0
2024-11-24,22,17.8,14.1,79.0,0.0,,,0.0,,1013.9,,1.0
2024-11-24,23,17.2,13.7,80.0,0.0,,5.0,0.0,,1013.8,,1.0
2024-11-25,0,16.2,13.9,86.0,0.0,,0.0,0.0,,1013.7,,1.0
2024-11-25,1,15.0,12.0,82.0,0.0,,9.0,2.0,,1017.0,,5.0
2024-11-25,2,16.0,12.9,82.0,0.0,,33.0,1.8,,1018.0,,5.0
2024-11-25,3,18.2,14.7,80.0,0.0,,40.0,7.6,,1015.8,,5.0
2024-11-25,4,23.0,12.9,53.0,0.0,,40.0,13.0,,1018.0,,5.0
2024-11-25,5,25.0,11.9,44.0,0.0,,80.0,7.6,,1018.0,,5.0
2024-11-25,6,25.2,13.7,49.0,0.0,,40.0,13.0,,1013.6,,5.0
2024-11-25,7,27.0,11.1,37.0,0.0,,80.0,18.4,,1016.0,,5.0
2024-11-25,8,27.0,9.8,34.0,0.0,,90.0,11.2,,1015.0,,5.0
2024-11-25,9,28.0,12.0,37.0,0.0,,80.0,3.6,,1010.3,,5.0
2024-11-25,10,27.0,9.8,34.0,0.0,,40.0,11.0,,1014.0,,5.0
2024-11-25,11,25.0,10.1,39.0,0.0,,30.0,11.0,,1014.0,,5.0
2024-11-25,12,25.0,11.6,43.0,0.0,,50.0,3.6,,1011.3,,5.0
2024-11-25,13,23.0,9.0,41.0,0.0,,50.0,9.4,,1016.0,,5.0
2024-11-25,14,22.0,8.1,41.0,0.0,,40.0,11.2,,1017.0,,5.0
2024-11-25,15,21.6,10.7,50.0,0.0,,40.0,5.4,,1013.9,,5.0
2024-11-25,16,20.0,9.0,49.0,0.0,,40.0,7.6,,1017.0,,5.0
2024-11-25,17,19.1,12.8,67.0,0.0,,8.0,1.8,,1014.2,,2.0
2024-11-25,18,19.8,10.2,54.0,0.0,,20.0,1.8,,1014.1,,2.0
2024-11-25,19,17.8,12.9,73.0,0.0,,40.0,0.0,,1013.9,,2.0
2024-11-25,20,17.4,12.7,74.0,0.0,,30.0,0.0,,1013.6,,2.0
2024-11-25,21,18.4,11.0,62.0,0.0,,0.0,0.0,,1013.3,,2.0
2024-11-25,22,17.5,10.8,65.0,0.0,,1.0,1.8,,1013.2,,1.0
2024-11-25,23,17.0,10.8,67.0,0.0,,10.0,0.0,,1013.3,,1.0
2024-11-26,0,16.0,12.6,80.0,0.0,,0.0,0.0,,1013.5,,1.0
2024-11-26,1,16.0,11.0,72.0,0.0,,20.0,4.0,,1016.0,,5.0
2024-11-26,2,20.0,12.0,60.0,0.0,,35.0,4.0,,1017.0,,5.0
2024-11-26,3,21.6,13.5,60.0,0.0,,40.0,1.8,,1014.3,,5.0
2024-11-26,4,24.0,12.0,47.0,0.0,,20.0,11.2,,1018.0,,5.0
2024-11-26,5,26.0,12.1,42.0,0.0,,40.0,7.0,,1017.0,,5.0
2024-11-26,6,27.4,13.7,43.0,0.0,,320.0,5.4,,1012.7,,5.0
2024-11-26,7,27.0,11.9,39.0,0.0,,40.0,5.4,,1015.0,,5.0
2024-11-26,8,29.0,14.0,40.0,0.0,,40.0,3.6,,1014.0,,5.0
2024-11-26,9,29.2,15.0,42.0,0.0,,30.0,7.6,,1008.9,,5.0
2024-11-26,10,28.0,13.1,40.0,0.0,,340.0,7.0,,1013.0,,5.0
2024-11-26,11,27.0,14.1,45.0,0.0,,56.0,3.7,,1009.7,,2.0
2024-11-26,12,27.0,14.1,45.0,0.0,,56.0,3.6,,1009.8,,2.0
2024-11-26,13,24.0,12.9,50.0,0.0,,50.0,9.0,,1015.0,,5.0
2024-11-26,14,24.0,12.0,47.0,0.0,,50.0,11.2,,1016.0,,5.0
2024-11-26,15,23.6,12.9,51.0,0.0,,50.0,7.6,,1012.8,,5.0
2024-11-26,16,21.0,11.1,53.0,0.0,,11.0,3.6,,1017.0,,5.0
2024-11-26,17,21.3,13.2,60.0,0.0,,11.0,1.8,,1013.1,,2.0
2024-11-26,18,20.0,13.0,64.0,0.0,,0.0,0.0,,1013.9,,2.0
2024-11-26,19,19.6,13.3,67.0,0.0,,9.0,1.8,,1012.9,,2.0
2024-11-26,20,19.1,13.3,69.0,0.0,,5.0,1.8,,1012.6,,2.0
2024-11-26,21,18.5,13.4,72.0,0.0,,358.0,1.8,,1012.3,,2.0
2024-11-26,22,18.1,13.0,72.0,0.0,,352.0,0.0,,1012.2,,1.0
2024-11-26,23,17.7,12.8,73.0,0.0,,346.0,0.0,,1012.2,,1.0
2024-11-27,0,16.8,12.7,77.0,0.0,,0.0,0.0,,1012.1,,1.0
2024-11-27,1,17.0,9.9,63.0,0.0,,16.0,4.0,,1015.0,,5.0
2024-11-27,2,16.0,11.0,72.0,0.0,,70.0,3.6,,1017.0,,5.0
2024-11-27,3,20.0,12.0,60.0,0.0,,30.0,9.4,,1014.5,,5.0
2024-11-27,4,24.0,11.0,44.0,0.0,,80.0,7.6,,1017.0,,5.0
2024-11-27,5,25.0,11.9,44.0,0.0,,40.0,11.2,,1016.0,,5.0
2024-11-27,6,26.8,13.5,44.0,0.0,,360.0,7.6,,1011.8,,5.0
2024-11-27,7,27.0,11.1,37.0,0.0,,40.0,15.0,,1014.0,,5.0
2024-11-27,8,27.0,11.1,37.0,0.0,,60.0,13.0,,1013.0,,5.0
2024-11-27,9,27.0,10.7,36.0,0.0,,70.0,7.6,,1008.6,,5.0
2024-11-27,10,27.0,8.9,32.0,0.0,,40.0,13.0,,1012.0,,5.0
2024-11-27,11,25.0,8.9,36.0,0.0,,10.0,11.2,,1013.0,,5.0
2024-11-27,12,24.6,9.3,38.0,0.0,,50.0,7.6,,1010.0,,3.0
2024-11-27,13,22.0,7.0,38.0,0.0,,40.0,7.6,,1014.0,,5.0
2024-11-27,14,20.0,8.0,46.0,0.0,,50.0,5.4,,1015.0,,5.0
2024-11-27,15,21.0,10.5,51.0,0.0,,360.0,3.6,,1012.8,,2.0
2024-11-27,16,20.0,9.0,49.0,0.0,,30.0,5.4,,1016.0,,5.0
2024-11-27,17,19.3,11.1,59.0,0.0,,37.0,1.8,,1012.8,,2.0
2024-11-27,18,18.4,12.2,67.0,0.0,,31.0,1.8,,1012.8,,2.0
2024-11-27,19,17.9,11.2,65.0,0.0,,29.0,1.8,,1012.6,,2.0
2024-11-27,20,17.5,11.3,67.0,0.0,,26.0,1.8,,1012.2,,2.0
2024-11-27,21,16.6,11.9,74.0,0.0,,0.0,0.0,,1011.4,,2.0
2024-11-27,22,16.2,11.8,75.0,0.0,,19.0,0.0,,1011.6,,3.0
2024-11-27,23,15.9,11.7,76.0,0.0,,352.0,1.8,,1011.8,,2.0
2024-11-28,0,17.4,11.4,68.0,0.0,,352.0,1.8,,1011.7,,2.0
2024-11-28,1,17.0,11.1,68.0,0.0,,33.0,4.0,,1015.0,,5.0
2024-11-28,2,19.0,11.1,60.0,0.0,,350.0,7.0,,1016.0,,5.0
2024-11-28,3,21.8,10.9,50.0,0.0,,50.0,11.2,,1013.2,,5.0
2024-11-28,4,23.0,7.9,38.0,0.0,,50.0,18.4,,1017.0,,5.0
2024-11-28,5,25.0,7.2,32.0,0.0,,50.0,20.5,,1016.0,,5.0
2024-11-28,6,26.2,6.8,29.0,0.0,,50.0,11.2,,1012.1,,5.0
2024-11-28,7,27.0,5.9,26.0,0.0,,50.0,16.6,,1014.0,,5.0
2024-11-28,8,27.0,5.3,25.0,0.0,,30.0,16.6,,1013.0,,5.0
2024-11-28,9,28.0,6.1,25.0,0.0,,50.0,5.4,,1008.7,,5.0
2024-11-28,10,27.0,5.9,26.0,0.0,,30.0,20.5,,1012.0,,5.0
2024-11-28,11,26.0,5.0,26.0,0.0,,40.0,13.0,,1013.0,,5.0
2024-11-28,12,25.0,8.9,36.0,0.0,,10.0,11.2,,1009.8,,5.0
2024-11-28,13,23.0,5.0,31.0,0.0,,20.0,9.4,,1014.0,,5.0
2024-11-28,14,21.0,5.0,35.0,0.0,,30.0,5.4,,1015.0,,5.0
2024-11-28,15,19.6,8.3,48.0,0.0,,60.0,7.6,,1012.6,,5.0
2024-11-28,16,19.0,6.1,43.0,0.0,,40.0,5.4,,1016.0,,5.0
2024-11-28,17,18.3,8.8,54.0,0.0,,61.0,3.7,,1012.7,,1.0
2024-11-28,18,19.4,8.4,49.0,0.0,,50.0,5.4,,1012.8,,1.0
2024-11-28,19,17.3,9.2,59.0,0.0,,51.0,3.7,,1012.4,,1.0
2024-11-28,20,17.0,9.4,61.0,0.0,,40.0,1.8,,1012.1,,1.0
2024-11-28,21,18.8,8.4,51.0,0.0,,0.0,0.0,,1011.6,,1.0
2024-11-28,22,18.3,9.1,55.0,0.0,,27.0,0.0,,1011.7,,2.0
2024-11-28,23,17.8,9.4,58.0,0.0,,13.0,1.8,,1011.8,,2.0
2024-11-29,0,19.0,10.0,56.0,0.0,,0.0,0.0,,1011.8,,2.0
2024-11-29,1,18.0,10.1,60.0,0.0,,310.0,7.0,,1015.0,,5.0
2024-11-29,2,20.0,11.0,56.0,0.0,,310.0,7.0,,1015.0,,5.0
2024-11-29,3,21.0,12.9,60.0,0.0,,110.0,7.6,,1013.2,,5.0
2024-11-29,4,25.0,11.9,44.0,0.0,,50.0,11.0,,1016.0,,5.0
2024-11-29,5,27.0,13.0,42.0,0.0,,30.0,15.0,,1016.0,,5.0
2024-11-29,6,27.8,13.0,40.0,0.0,,60.0,14.8,,1011.2,,5.0
2024-11-29,7,29.0,14.0,40.0,0.0,,340.0,14.8,,1014.0,,5.0
2024-11-29,8,29.0,15.2,43.0,0.0,,350.0,11.2,,1012.0,,5.0
2024-11-29,9,30.4,16.4,43.0,0.0,,10.0,9.4,,1007.1,,5.0
2024-11-29,10,28.0,16.0,48.0,0.0,,40.0,11.0,,1011.0,,5.0
2024-11-29,11,28.0,15.0,45.0,0.0,,50.0,11.2,,1012.0,,5.0
2024-11-29,12,27.4,16.1,50.0,0.0,,50.0,5.4,,1008.4,,5.0
2024-11-29,13,26.0,15.1,51.0,0.0,,40.0,11.2,,1014.0,,5.0
2024-11-29,14,26.0,16.0,54.0,0.0,,50.0,9.4,,1014.0,,5.0
2024-11-29,15,26.0,16.5,56.0,0.0,,50.0,9.4,,1010.8,,5.0
2024-11-29,16,25.0,15.9,57.0,0.0,,50.0,9.4,,1015.0,,5.0
2024-11-29,17,24.0,16.3,62.0,0.0,,54.0,3.7,,1011.2,,3.0
2024-11-29,18,24.2,15.9,60.0,0.0,,50.0,7.6,,1010.8,,3.0
2024-11-29,19,22.6,16.2,67.0,0.0,,44.0,3.7,,1010.9,,3.0
2024-11-29,20,22.1,15.9,68.0,0.0,,33.0,1.8,,1010.4,,3.0
2024-11-29,21,23.4,16.2,64.0,0.0,,0.0,0.0,,1009.2,,3.0
2024-11-29,22,22.8,16.1,66.0,0.0,,21.0,0.0,,1009.3,,3.0
2024-11-29,23,22.2,16.2,69.0,0.0,,13.0,1.8,,1009.4,,3.0
2024-11-30,0,22.6,16.6,69.0,0.0,,50.0,5.4,,1008.6,,3.0
2024-11-30,1,22.1,16.1,69.0,0.0,,41.0,3.7,,1010.1,,3.0
2024-11-30,2,22.5,15.8,66.0,0.0,,47.0,5.5,,1010.8,,3.0
2024-11-30,3,23.4,16.2,64.0,0.0,,50.0,7.6,,1011.5,,5.0
2024-11-30,4,25.0,15.9,57.0,0.0,,50.0,13.0,,1015.0,,5.0
2024-11-30,5,25.2,16.6,59.0,0.0,,45.0,7.4,,1010.5,,3.0
2024-11-30,6,27.0,18.6,60.0,0.0,,50.0,5.4,,1009.9,,5.0
2024-11-30,7,27.0,18.0,58.0,0.0,,40.0,14.8,,1011.0,,5.0
2024-11-30,8,28.0,19.0,58.0,0.0,,50.0,14.8,,1010.0,,5.0
2024-11-30,9,28.2,18.6,56.0,0.0,,50.0,5.4,,1006.1,,5.0
2024-11-30,10,27.0,18.0,58.0,0.0,,40.0,9.4,,1010.0,,5.0
2024-11-30,11,27.0,18.0,58.0,0.0,,40.0,11.2,,1011.0,,5.0
2024-11-30,12,26.4,18.5,62.0,0.0,,50.0,5.4,,1007.1,,5.0
2024-11-30,13,26.0,17.9,61.0,0.0,,50.0,11.2,,1012.0,,5.0
2024-11-30,14,24.0,19.1,74.0,0.0,,50.0,5.4,,1013.0,,3.0
2024-11-30,15,24.8,19.2,71.0,1.7,,40.0,11.2,,1009.5,,3.0
2024-11-30,16,24.0,19.1,74.0,0.7,,40.0,9.4,,1013.0,,5.0
2024-11-30,17,23.9,19.0,74.0,0.1,,51.0,3.7,,1009.5,,7.0
2024-11-30,18,24.0,19.5,76.0,0.0,,51.0,3.6,,1009.2,,7.0
2024-11-30,19,23.4,18.7,75.0,0.0,,51.0,3.7,,1009.0,,3.0
2024-11-30,20,23.2,18.9,77.0,0.0,,51.0,3.7,,1008.5,,3.0
2024-11-30,21,23.8,20.5,82.0,0.0,,51.0,1.8,,1007.2,,3.0
2024-11-30,22,22.9,19.1,79.0,0.0,,44.0,3.7,,1007.9,,3.0
2024-11-30,23,22.8,19.0,79.0,0.0,,38.0,3.7,,1007.8,,3.0
2024-12-01,0,22.6,19.0,80.0,0.0,,31.0,3.7,,1007.8,,4.0
2024-12-01,1,22.0,19.9,88.0,0.0,,10.0,9.0,,1012.0,,5.0
2024-12-01,2,23.0,20.0,83.0,0.0,,20.0,7.0,,1013.0,,5.0
2024-12-01,3,23.0,20.0,83.0,0.0,,40.0,9.0,,1014.0,,5.0
2024-12-01,4,25.0,20.0,74.0,0.0,,30.0,13.0,,1013.0,,5.0
2024-12-01,5,26.0,20.1,70.0,0.0,,50.0,9.0,,1013.0,,5.0
2024-12-01,6,26.0,20.1,70.0,0.4,,350.0,6.0,,1012.0,,5.0
2024-12-01,7,28.0,20.0,62.0,0.3,,20.0,9.0,,1011.0,,5.0
2024-12-01,8,28.0,20.0,62.0,0.0,,70.0,7.0,,1009.0,,5.0
2024-12-01,9,27.0,20.1,66.0,0.0,,70.0,9.0,,1009.0,,5.0
2024-12-01,10,27.0,20.1,66.0,0.0,,40.0,7.0,,1009.0,,5.0
2024-12-01,11,24.0,22.1,89.0,0.0,,70.0,6.0,,1009.0,,5.0
2024-12-01,12,24.0,22.1,89.0,0.0,,61.0,2.0,,1009.0,,5.0
2024-12-01,13,23.0,21.1,89.0,0.0,,50.0,7.0,,1010.0,,5.0
2024-12-01,14,23.0,22.0,94.0,0.0,,90.0,13.0,,1011.0,,5.0
2024-12-01,15,23.0,22.0,94.0,0.0,,50.0,2.0,,1011.0,,5.0
2024-12-01,16,23.0,22.0,94.0,0.0,,72.0,2.0,,1011.0,,5.0
2024-12-01,17,23.9,21.8,88.0,0.0,,72.0,1.8,,1008.2,,7.0
2024-12-01,18,24.0,21.7,87.0,0.0,,72.0,3.7,,1008.1,,7.0
2024-12-01,19,23.9,21.6,87.0,0.1,,74.0,3.7,,1007.7,,7.0
2024-12-01,20,23.9,21.6,87.0,0.0,,76.0,1.8,,1007.3,,4.0
2024-12-01,21,23.9,21.6,87.0,0.2,,79.0,1.8,,1006.8,,4.0
2024-12-01,22,22.6,21.4,93.0,0.3,,107.0,0.0,,1006.5,,7.0
2024-12-01,23,22.6,21.4,93.0,1.2,,92.0,1.8,,1006.6,,7.0
2024-12-02,0,22.6,21.8,95.0,0.3,,50.0,7.6,,1006.5,,7.0
2024-12-02,1,22.0,22.0,100.0,0.0,,90.0,7.0,,1011.0,,7.0
2024-12-02,2,23.0,22.0,94.0,0.0,,80.0,7.6,,1012.0,,5.0
2024-12-02,3,23.2,21.6,91.0,0.0,,90.0,5.4,,1009.3,,5.0
2024-12-02,4,24.0,22.1,89.0,0.0,,90.0,20.5,,1013.0,,5.0
2024-12-02,5,25.0,22.1,84.0,0.0,,100.0,11.0,,1013.0,,5.0
2024-12-02,6,25.2,21.7,81.0,0.1,,90.0,7.6,,1009.2,,5.0
2024-12-02,7,28.0,22.0,70.0,0.0,,120.0,9.4,,1012.0,,5.0
2024-12-02,8,26.0,21.0,74.0,0.0,,120.0,14.8,,1011.0,,5.0
2024-12-02,9,28.0,21.5,68.0,0.0,,140.0,5.4,,1006.7,,5.0
2024-12-02,10,27.0,20.1,66.0,0.1,,110.0,13.0,,1011.0,,5.0
2024-12-02,11,26.0,21.0,74.0,0.1,,100.0,11.2,,1011.0,,5.0
2024-12-02,12,25.8,21.5,77.0,0.1,,90.0,7.6,,1007.5,,5.0
2024-12-02,13,25.0,21.1,79.0,0.0,,90.0,7.6,,1012.0,,5.0
2024-12-02,14,25.0,21.1,79.0,0.0,,90.0,9.4,,1013.0,,5.0
2024-12-02,15,25.0,21.5,81.0,0.0,,50.0,5.4,,1009.8,,5.0
2024-12-02,16,24.0,22.1,89.0,0.0,,80.0,11.2,,1013.0,,5.0
2024-12-02,17,24.5,21.2,82.0,0.0,,63.0,5.5,,1009.9,,4.0
2024-12-02,18,24.0,22.4,91.0,0.3,,76.0,3.6,,1010.0,,7.0
2024-12-02,19,24.0,21.1,84.0,0.2,,81.0,3.7,,1009.6,,4.0
2024-12-02,20,23.8,21.3,86.0,0.2,,87.0,3.7,,1009.2,,4.0
2024-12-02,21,23.6,22.4,93.0,0.2,,0.0,0.0,,1009.6,,4.0
2024-12-02,22,23.5,22.3,93.0,0.0,,90.0,1.8,,1009.5,,7.0
2024-12-02,23,23.3,22.1,93.0,0.0,,90.0,3.7,,1009.4,,7.0
2024-12-03,0,23.0,21.8,93.0,0.0,,90.0,7.6,,1010.2,,7.0
2024-12-03,1,22.0,21.0,94.0,0.1,,100.0,13.0,,1014.0,,5.0
2024-12-03,2,22.0,21.0,94.0,0.0,,100.0,11.2,,1015.0,,5.0
2024-12-03,3,23.0,20.9,88.0,0.0,,90.0,5.4,,1012.5,,5.0
2024-12-03,4,23.0,21.1,89.0,0.0,,100.0,9.4,,1016.0,,5.0
2024-12-03,5,24.0,20.9,83.0,0.0,,110.0,9.4,,1016.0,,5.0
2024-12-03,6,24.8,21.5,82.0,0.2,,90.0,5.4,,1012.5,,4.0
2024-12-03,7,26.0,21.0,74.0,0.1,,90.0,13.0,,1010.8,,4.0
2024-12-03,8,27.0,21.1,70.0,0.8,,120.0,9.4,,1009.6,,4.0
2024-12-03,9,26.8,20.9,70.0,0.2,,140.0,7.6,,1009.5,,4.0
2024-12-03,10,26.0,21.0,74.0,0.0,,110.0,9.4,,1013.0,,5.0
2024-12-03,11,26.0,21.0,74.0,0.0,,110.0,7.6,,1013.0,,5.0
2024-12-03,12,25.6,21.3,77.0,0.0,,90.0,5.4,,1010.5,,4.0
2024-12-03,13,24.0,20.9,83.0,0.0,,90.0,9.4,,1014.0,,5.0
2024-12-03,14,24.0,20.9,83.0,0.0,,90.0,9.4,,1015.0,,5.0
2024-12-03,15,24.0,21.7,87.0,0.0,,90.0,3.6,,1011.7,,5.0
2024-12-03,16,23.0,21.1,89.0,0.0,,140.0,11.0,,1016.0,,5.0
2024-12-03,17,23.8,21.5,87.0,0.0,,94.0,3.7,,1011.8,,2.0
2024-12-03,18,23.8,21.5,87.0,0.0,,96.0,3.7,,1011.8,,2.0
2024-12-03,19,23.7,21.6,88.0,0.0,,98.0,3.7,,1011.5,,2.0
2024-12-03,20,23.6,21.7,89.0,0.0,,102.0,3.7,,1011.1,,2.0
2024-12-03,21,22.4,21.2,93.0,0.0,,0.0,0.0,,1011.1,,3.0
2024-12-03,22,22.5,21.3,93.0,0.0,,107.0,1.8,,1011.1,,3.0
2024-12-03,23,22.5,21.5,94.0,0.0,,107.0,1.8,,1011.1,,3.0
2024-12-04,0,22.8,21.6,93.0,0.2,,140.0,7.6,,1011.6,,3.0
2024-12-04,1,23.0,21.1,89.0,0.1,,150.0,6.0,,1016.0,,5.0
2024-12-04,2,23.0,21.1,89.0,0.0,,140.0,5.4,,1016.0,,5.0
2024-12-04,3,23.6,21.5,88.0,0.0,,130.0,5.4,,1014.0,,5.0
2024-12-04,4,25.0,21.1,79.0,0.0,,150.0,9.4,,1018.0,,5.0
2024-12-04,5,25.0,21.1,79.0,0.2,,150.0,5.4,,1017.0,,5.0
2024-12-04,6,25.8,22.1,80.0,0.2,,140.0,5.4,,1013.2,,5.0
2024-12-04,7,27.3,20.9,68.0,0.0,,110.0,3.7,,1011.7,,4.0
2024-12-04,8,27.0,21.1,70.0,0.0,,150.0,5.4,,1014.0,,5.0
2024-12-04,9,28.0,20.8,65.0,0.0,,50.0,5.4,,1010.0,,5.0
2024-12-04,10,29.0,19.9,58.0,0.0,,70.0,5.4,,1014.0,,5.0
2024-12-04,11,28.0,20.0,62.0,0.0,,60.0,9.4,,1014.0,,5.0
2024-12-04,12,27.4,20.2,65.0,0.0,,90.0,5.4,,1009.9,,5.0
2024-12-04,13,25.0,21.1,79.0,0.0,,110.0,1.8,,1015.0,,5.0
2024-12-04,14,24.0,20.9,83.0,0.0,,107.0,1.8,,1016.0,,5.0
2024-12-04,15,24.0,20.3,80.0,0.0,,0.0,0.0,,1012.6,,5.0
2024-12-04,16,23.0,21.1,89.0,0.0,,91.0,3.6,,1016.0,,5.0
2024-12-04,17,24.0,20.7,82.0,0.0,,91.0,1.8,,1012.4,,2.0
2024-12-04,18,23.0,20.5,86.0,0.0,,0.0,0.0,,1013.1,,2.0
2024-12-04,19,23.8,20.9,84.0,0.0,,95.0,1.8,,1012.0,,2.0
2024-12-04,20,23.6,21.1,86.0,0.0,,102.0,1.8,,1011.8,,2.0
2024-12-04,21,23.5,21.2,87.0,0.0,,117.0,1.8,,1011.5,,2.0
2024-12-04,22,22.6,20.7,89.0,0.0,,124.0,1.8,,1011.8,,2.0
2024-12-04,23,22.5,20.8,90.0,0.0,,122.0,1.8,,1011.7,,2.0
2024-12-05,0,23.0,22.2,95.0,0.0,,0.0,0.0,,1012.4,,3.0
2024-12-05,1,23.0,22.0,94.0,0.0,,110.0,6.0,,1016.0,,5.0
2024-12-05,2,23.0,22.0,94.0,0.0,,90.0,3.6,,1017.0,,5.0
2024-12-05,3,24.2,22.1,88.0,0.0,,80.0,7.6,,1014.2,,5.0
2024-12-05,4,25.0,22.1,84.0,0.0,,120.0,9.4,,1018.0,,5.0
2024-12-05,5,27.0,22.0,74.0,0.0,,100.0,9.4,,1017.0,,5.0
2024-12-05,6,27.6,21.9,71.0,0.0,,130.0,9.4,,1013.4,,5.0
2024-12-05,7,28.0,21.1,66.0,0.0,,130.0,5.4,,1015.0,,5.0
2024-12-05,8,29.0,21.0,62.0,0.0,,90.0,9.4,,1014.0,,5.0
2024-12-05,9,30.0,21.7,61.0,0.2,,100.0,9.4,,1009.5,,5.0
2024-12-05,10,30.0,21.1,59.0,0.1,,110.0,5.4,,1013.0,,5.0
2024-12-05,11,29.0,21.0,62.0,0.0,,120.0,18.4,,1014.0,,5.0
2024-12-05,12,28.0,21.5,68.0,0.0,,110.0,7.6,,1009.9,,5.0
2024-12-05,13,27.0,21.1,70.0,0.0,,110.0,7.6,,1015.0,,5.0
2024-12-05,14,26.0,21.0,74.0,0.0,,120.0,7.6,,1016.0,,5.0
2024-12-05,15,26.2,21.8,77.0,0.0,,130.0,7.6,,1012.3,,5.0
2024-12-05,16,26.0,21.0,74.0,0.0,,170.0,7.6,,1017.0,,5.0
2024-12-05,17,25.1,21.8,82.0,0.0,,118.0,1.8,,1012.5,,3.0
2024-12-05,18,25.0,22.1,84.0,0.0,,92.0,3.6,,1013.0,,3.0
2024-12-05,19,24.2,21.9,87.0,0.0,,106.0,0.0,,1012.3,,3.0
2024-12-05,20,24.0,21.9,88.0,0.0,,136.0,1.8,,1012.0,,3.0
2024-12-05,21,24.0,21.9,88.0,0.0,,147.0,1.8,,1011.7,,3.0
2024-12-05,22,23.5,21.6,89.0,0.0,,132.0,1.8,,1011.6,,3.0
2024-12-05,23,23.2,21.5,90.0,0.0,,120.0,1.8,,1011.5,,3.0
2024-12-06,0,23.2,21.5,90.0,0.0,,111.0,1.8,,1011.5,,3.0
2024-12-06,1,22.0,21.0,94.0,0.0,,40.0,6.0,,1016.0,,5.0
2024-12-06,2,24.0,20.9,83.0,0.0,,90.0,5.4,,1017.0,,5.0
2024-12-06,3,24.4,21.1,82.0,0.0,,140.0,5.4,,1013.7,,5.0
2024-12-06,4,24.0,20.9,83.0,0.0,,100.0,9.4,,1018.0,,5.0
2024-12-06,5,27.0,22.0,74.0,0.1,,150.0,13.0,,1017.0,,5.0
2024-12-06,6,27.2,20.8,68.0,0.0,,140.0,5.4,,1012.7,,5.0
2024-12-06,7,28.0,21.1,66.0,0.0,,70.0,7.6,,1015.0,,5.0
2024-12-06,8,29.0,21.0,62.0,0.0,,60.0,9.4,,1014.0,,5.0
2024-12-06,9,29.0,21.0,62.0,0.0,,120.0,9.4,,1009.3,,5.0
2024-12-06,10,29.0,19.9,58.0,0.0,,110.0,3.6,,1013.0,,5.0
2024-12-06,11,29.0,19.9,58.0,0.0,,150.0,7.6,,1013.0,,5.0
2024-12-06,12,28.0,21.1,66.0,0.1,,90.0,5.4,,1009.1,,5.0
2024-12-06,13,27.0,20.1,66.0,0.0,,110.0,7.6,,1014.0,,5.0
2024-12-06,14,26.0,20.1,70.0,0.0,,120.0,7.6,,1015.0,,5.0
2024-12-06,15,26.0,21.0,74.0,0.0,,120.0,5.4,,1011.4,,5.0
2024-12-06,16,25.0,21.1,79.0,0.0,,115.0,3.6,,1016.0,,5.0
2024-12-06,17,25.1,21.2,79.0,0.4,,115.0,1.8,,1011.6,,2.0
2024-12-06,18,24.8,20.9,79.0,0.5,,115.0,1.8,,1011.6,,2.0
2024-12-06,19,24.4,21.1,82.0,0.7,,106.0,1.8,,1011.4,,2.0
2024-12-06,20,24.1,21.2,84.0,0.0,,93.0,1.8,,1011.2,,2.0
2024-12-06,21,23.4,20.3,83.0,0.0,,0.0,0.0,,1010.6,,2.0
2024-12-06,22,23.1,20.4,85.0,0.0,,47.0,0.0,,1010.6,,2.0
2024-12-06,23,22.8,20.5,87.0,0.0,,7.0,0.0,,1010.6,,2.0
2024-12-07,0,23.6,21.5,88.0,0.0,,0.0,0.0,,1010.4,,2.0
2024-12-07,1,24.0,20.9,83.0,0.0,,55.0,4.0,,1015.0,,5.0
2024-12-07,2,24.0,20.9,83.0,0.0,,70.0,3.6,,1015.0,,5.0
2024-12-07,3,24.6,21.3,82.0,0.0,,74.0,1.8,,1012.3,,5.0
2024-12-07,4,25.0,22.1,84.0,0.0,,145.0,5.4,,1016.0,,5.0
2024-12-07,5,26.0,21.0,74.0,0.0,,145.0,3.6,,1016.0,,5.0
2024-12-07,6,26.0,21.7,77.0,0.0,,0.0,0.0,,1011.9,,5.0
2024-12-07,7,29.0,21.0,62.0,0.0,,50.0,7.0,,1014.0,,5.0
2024-12-07,8,28.0,20.0,62.0,0.0,,27.0,5.4,,1013.0,,5.0
2024-12-07,9,28.8,21.3,64.0,0.3,,80.0,9.4,,1008.3,,5.0
2024-12-07,10,28.0,20.0,62.0,0.5,,78.0,1.8,,1012.0,,5.0
2024-12-07,11,28.0,21.1,66.0,0.2,,78.0,3.6,,1008.9,,18.0
2024-12-07,12,27.8,22.3,72.0,0.0,,0.0,0.0,,1008.9,,5.0
2024-12-07,13,26.6,20.2,68.0,0.0,,88.0,3.7,,1009.7,,4.0
2024-12-07,14,25.0,20.0,74.0,0.0,,99.0,3.6,,1010.4,,3.0
2024-12-07,15,25.4,21.1,77.0,0.0,,310.0,5.4,,1011.1,,3.0
2024-12-07,16,24.0,20.9,83.0,0.0,,50.0,5.4,,1015.0,,5.0
2024-12-07,17,24.0,20.9,83.0,0.0,,40.0,7.6,,1011.3,,3.0
2024-12-07,18,24.4,21.1,82.0,0.0,,91.0,3.6,,1011.0,,3.0
2024-12-07,19,24.2,20.7,81.0,0.0,,98.0,1.8,,1011.1,,3.0
2024-12-07,20,23.9,20.8,83.0,0.0,,114.0,1.8,,1010.7,,3.0
2024-12-07,21,23.6,20.9,85.0,0.0,,171.0,0.0,,1010.3,,3.0
2024-12-07,22,23.3,20.8,86.0,0.0,,160.0,0.0,,1010.3,,3.0
2024-12-07,23,23.0,20.9,88.0,0.0,,150.0,0.0,,1010.3,,3.0
2024-12-08,0,23.0,21.3,90.0,0.0,,0.0,0.0,,1010.2,,2.0
2024-12-08,1,23.2,21.1,88.0,0.0,,111.0,1.8,,1011.1,,3.0
2024-12-08,2,23.0,21.1,89.0,0.0,,210.0,9.4,,1011.8,,3.0
2024-12-08,3,23.4,21.7,90.0,0.0,,150.0,5.4,,1012.9,,3.0
2024-12-08,4,23.0,21.1,89.0,0.0,,160.0,11.2,,1012.3,,3.0
2024-12-08,5,24.0,20.9,83.0,0.0,,150.0,7.6,,1012.0,,3.0
2024-12-08,6,25.2,21.1,78.0,0.0,,170.0,7.6,,1012.3,,7.0
2024-12-08,7,27.0,20.1,66.0,0.0,,170.0,7.6,,1010.6,,7.0
2024-12-08,8,28.0,22.0,70.0,0.0,,180.0,7.6,,1009.5,,7.0
2024-12-08,9,27.0,20.8,69.0,1.1,,160.0,9.4,,1009.4,,7.0
2024-12-08,10,28.0,20.0,62.0,0.4,,160.0,5.4,,1008.5,,4.0
2024-12-08,11,27.0,20.1,66.0,0.0,,160.0,7.6,,1008.7,,4.0
2024-12-08,12,26.0,21.2,75.0,0.0,,110.0,5.4,,1009.3,,4.0
2024-12-08,13,26.7,20.1,67.0,0.0,,140.0,3.7,,1009.7,,4.0
2024-12-08,14,24.0,22.1,89.0,0.0,,100.0,7.6,,1010.4,,3.0
2024-12-08,15,24.8,21.9,84.0,0.0,,90.0,7.6,,1011.1,,3.0
2024-12-08,16,24.0,22.1,89.0,0.0,,150.0,11.2,,1011.4,,3.0
2024-12-08,17,24.4,20.5,79.0,0.0,,101.0,3.7,,1011.5,,3.0
2024-12-08,18,23.8,20.7,83.0,0.0,,99.0,3.6,,1011.0,,3.0
2024-12-08,19,23.7,20.6,83.0,0.0,,103.0,1.8,,1011.3,,3.0
2024-12-08,20,23.4,20.7,85.0,0.0,,111.0,1.8,,1011.0,,3.0
2024-12-08,21,22.2,20.1,88.0,0.0,,0.0,0.0,,1010.2,,2.0
2024-12-08,22,22.8,20.7,88.0,0.0,,120.0,1.8,,1010.6,,2.0
2024-12-08,23,22.5,20.6,89.0,0.0,,136.0,0.0,,1010.6,,3.0
2024-12-09,0,22.0,20.8,93.0,0.0,,0.0,0.0,,1010.4,,3.0
2024-12-09,1,22.6,20.9,90.0,0.0,,107.0,1.8,,1011.3,,3.0
2024-12-09,2,22.0,21.0,94.0,0.0,,170.0,7.6,,1012.1,,3.0
2024-12-09,3,23.2,21.1,88.0,0.0,,114.0,3.6,,1013.0,,3.0
2024-12-09,4,26.0,21.0,74.0,0.0,,116.0,3.6,,1012.5,,3.0
2024-12-09,5,26.0,20.1,70.0,0.1,,122.0,1.8,,1012.2,,3.0
2024-12-09,6,26.4,20.5,70.0,0.0,,0.0,0.0,,1012.3,,3.0
2024-12-09,7,27.7,20.5,65.0,0.0,,151.0,3.7,,1010.9,,3.0
2024-12-09,8,29.0,21.0,62.0,0.0,,200.0,9.4,,1009.9,,3.0
2024-12-09,9,28.6,20.6,62.0,0.0,,150.0,5.4,,1009.1,,4.0
2024-12-09,10,28.0,21.1,66.0,0.0,,100.0,7.6,,1009.0,,4.0
2024-12-09,11,27.0,20.1,66.0,0.0,,90.0,7.6,,1009.2,,4.0
2024-12-09,12,26.6,22.2,77.0,0.0,,140.0,5.4,,1009.5,,4.0
2024-12-09,13,26.4,20.0,68.0,0.0,,81.0,3.7,,1010.3,,4.0
2024-12-09,14,24.0,19.9,78.0,0.0,,90.0,7.6,,1011.4,,3.0
2024-12-09,15,24.6,20.7,79.0,0.0,,80.0,5.4,,1011.9,,3.0
2024-12-09,16,24.0,19.9,78.0,0.0,,90.0,7.6,,1012.6,,3.0
2024-12-09,17,23.9,20.0,79.0,0.0,,58.0,1.8,,1012.7,,3.0
2024-12-09,18,23.4,20.7,85.0,0.0,,90.0,5.4,,1012.2,,3.0
2024-12-09,19,22.9,19.9,83.0,0.0,,42.0,1.8,,1012.5,,3.0
2024-12-09,20,22.5,19.7,84.0,0.0,,34.0,1.8,,1012.1,,3.0
2024-12-09,21,22.2,20.1,88.0,0.0,,22.0,1.8,,1011.2,,3.0
2024-12-09,22,21.9,19.3,85.0,0.0,,35.0,1.8,,1011.6,,3.0
2024-12-09,23,21.7,19.1,85.0,0.0,,48.0,1.8,,1011.6,,3.0
2024-12-10,0,21.0,20.2,95.0,0.0,,0.0,0.0,,1011.7,,3.0
2024-12-10,1,21.9,18.7,82.0,,,65.0,3.7,,1012.5,,3.0
2024-12-10,2,21.0,20.0,94.0,,,50.0,7.6,,1013.4,,3.0
2024-12-10,3,22.0,20.3,90.0,,,320.0,7.6,,1014.5,,3.0
2024-12-10,4,25.0,18.0,65.0,,,30.0,9.4,,1014.0,,3.0
2024-12-10,5,26.0,17.9,61.0,,,60.0,13.0,,1013.6,,3.0
2024-12-10,6,27.4,19.0,60.0,,,110.0,13.0,,1012.6,,3.0
2024-12-10,7,29.0,19.0,55.0,,,130.0,7.6,,1012.1,,3.0
2024-12-10,8,29.0,16.9,48.0,,,46.0,3.6,,1011.0,,3.0
2024-12-10,9,28.8,17.7,51.0,,,26.0,3.6,,1009.0,,3.0
2024-12-10,10,27.3,16.0,50.0,,,40.0,3.7,,1010.1,,3.0
2024-12-10,11,28.0,16.0,48.0,,,40.0,7.6,,1010.3,,3.0
2024-12-10,12,27.4,17.8,56.0,,,50.0,5.4,,1009.6,,3.0
2024-12-10,13,25.0,17.0,61.0,,,50.0,9.4,,1011.6,,3.0
2024-12-10,14,25.0,17.0,61.0,,,50.0,9.4,,1012.6,,3.0
2024-12-10,15,24.4,18.3,69.0,,,320.0,5.4,,1013.3,,3.0
2024-12-10,16,23.0,17.0,69.0,,,30.0,9.4,,1014.0,,2.0
2024-12-10,17,21.7,15.8,69.0,,,53.0,1.8,,1014.3,,2.0
2024-12-10,18,22.4,17.1,72.0,,,52.0,1.8,,1014.3,,2.0
2024-12-10,19,20.7,15.5,72.0,,,48.0,1.8,,1014.2,,2.0
2024-12-10,20,20.1,15.3,74.0,,,40.0,1.8,,1013.9,,2.0
2024-12-10,21,19.6,15.3,76.0,,,24.0,1.8,,1013.6,,2.0
2024-12-10,22,19.1,15.0,77.0,,,29.0,0.0,,1013.6,,2.0
2024-12-10,23,18.7,14.6,77.0,,,73.0,0.0,,1013.6,,2.0
2024-12-11,0,19.0,17.1,89.0,,,0.0,0.0,,1014.1,,2.0
2024-12-11,1,19.3,13.9,71.0,,,53.0,1.8,,1014.4,,2.0
2024-12-11,2,20.0,10.1,53.0,,,50.0,9.4,,1015.1,,2.0
2024-12-11,3,21.6,13.2,59.0,,,50.0,7.6,,1015.5,,2.0
2024-12-11,4,23.0,11.1,47.0,,,40.0,9.4,,1015.4,,2.0
2024-12-11,5,26.0,12.1,42.0,,,70.0,13.0,,1015.0,,2.0
2024-12-11,6,25.8,11.6,41.0,,,60.0,16.6,,1014.3,,2.0
2024-12-11,7,27.0,11.9,39.0,,,70.0,14.8,,1013.3,,2.0
2024-12-11,8,28.0,12.0,37.0,,,10.0,7.6,,1012.1,,3.0
2024-12-11,9,28.6,12.5,37.0,,,40.0,7.6,,1010.8,,3.0
2024-12-11,10,27.0,11.1,37.0,,,40.0,5.4,,1011.0,,3.0
2024-12-11,11,26.0,11.0,39.0,0.0,,60.0,7.6,,1011.1,,3.0
2024-12-11,12,26.0,12.5,43.0,0.0,,40.0,9.4,,1010.9,,3.0
2024-12-11,13,23.0,12.0,50.0,0.0,,50.0,5.4,,1012.2,,3.0
2024-12-11,14,22.0,11.1,50.0,0.0,,40.0,5.4,,1013.2,,3.0
2024-12-11,15,22.0,13.6,59.0,0.0,,40.0,5.4,,1013.2,,3.0
2024-12-11,16,21.0,11.1,53.0,0.0,,50.0,5.4,,1014.5,,2.0
2024-12-11,17,21.0,11.1,53.0,0.0,,8.0,1.8,,1014.8,,2.0
2024-12-11,18,19.2,13.4,69.0,0.0,,60.0,5.4,,1013.4,,2.0
2024-12-11,19,19.2,13.4,69.0,0.0,,6.0,1.8,,1014.6,,2.0
2024-12-11,20,18.7,13.3,71.0,0.0,,8.0,1.8,,1014.2,,2.0
2024-12-11,21,17.8,13.7,77.0,0.0,,0.0,0.0,,1013.4,,2.0
2024-12-11,22,18.0,13.3,74.0,0.0,,357.0,1.8,,1013.6,,2.0
2024-12-11,23,17.8,13.1,74.0,0.0,,52.0,0.0,,1013.5,,2.0
2024-12-12,0,15.6,11.8,78.0,0.0,,0.0,0.0,,1012.9,,2.0
2024-12-12,1,18.6,12.8,69.0,0.0,,77.0,1.8,,1014.0,,2.0
2024-12-12,2,16.0,11.0,72.0,0.0,,0.0,0.0,,1014.6,,2.0
2024-12-12,3,20.2,10.6,54.0,0.0,,0.0,0.0,,1014.5,,2.0
2024-12-12,4,23.0,9.0,41.0,0.0,,20.0,5.4,,1014.7,,2.0
2024-12-12,5,26.0,10.2,37.0,0.0,,43.0,1.8,,1014.1,,2.0
2024-12-12,6,27.8,11.4,36.0,0.0,,0.0,0.0,,1013.2,,3.0
2024-12-12,7,28.0,12.0,37.0,0.0,,34.0,3.6,,1012.4,,3.0
2024-12-12,8,29.0,12.0,35.0,0.0,,210.0,11.2,,1011.2,,3.0
2024-12-12,9,29.2,13.8,39.0,0.0,,350.0,9.4,,1009.8,,3.0
2024-12-12,10,29.0,11.1,33.0,0.0,,320.0,7.6,,1010.1,,3.0
2024-12-12,11,28.0,10.2,33.0,0.0,,350.0,5.4,,1010.1,,3.0
2024-12-12,12,27.2,12.8,41.0,0.0,,320.0,5.4,,1009.8,,3.0
2024-12-12,13,24.7,11.6,44.0,0.0,,38.0,1.8,,1011.2,,3.0
2024-12-12,14,22.0,10.2,47.0,0.0,,50.0,5.4,,1012.1,,3.0
2024-12-12,15,21.8,12.6,56.0,0.0,,0.0,0.0,,1013.5,,3.0
2024-12-12,16,21.0,9.9,49.0,0.0,,60.0,9.4,,1013.3,,3.0
2024-12-12,17,21.0,11.1,53.0,0.0,,30.0,5.4,,1013.4,,3.0
2024-12-12,18,20.0,11.7,59.0,0.0,,50.0,7.6,,1014.1,,3.0
2024-12-12,19,19.0,10.0,56.0,0.0,,23.0,3.6,,1013.3,,3.0
2024-12-12,20,19.7,14.1,70.0,0.0,,23.0,0.0,,1013.1,,3.0
2024-12-12,21,19.6,12.8,65.0,0.0,,0.0,0.0,,1013.1,,3.0
2024-12-12,22,19.1,14.4,74.0,0.0,,,0.0,,1013.0,,3.0
2024-12-12,23,18.8,14.3,75.0,0.0,,,0.0,,1013.0,,3.0
2024-12-13,0,18.6,12.4,67.0,0.0,,0.0,0.0,,1013.3,,2.0
2024-12-13,1,19.3,14.3,73.0,0.0,,60.0,1.8,,1013.8,,3.0
2024-12-13,2,19.0,11.1,60.0,0.0,,40.0,9.4,,1014.5,,3.0
2024-12-13,3,21.6,10.7,50.0,0.0,,40.0,5.4,,1014.7,,3.0
2024-12-13,4,24.0,11.0,44.0,0.0,,60.0,9.4,,1014.7,,3.0
2024-12-13,5,25.0,10.8,41.0,0.0,,30.0,7.6,,1014.2,,3.0
2024-12-13,6,26.8,11.7,39.0,0.0,,360.0,7.6,,1013.9,,3.0
2024-12-13,7,26.6,13.4,44.0,0.0,,56.0,3.7,,1012.5,,3.0
2024-12-13,8,28.0,11.1,35.0,0.0,,56.0,1.8,,1011.3,,3.0
2024-12-13,9,28.6,11.6,35.0,0.0,,0.0,0.0,,1010.5,,5.0
2024-12-13,10,28.0,8.8,30.0,0.0,,70.0,9.4,,1014.0,,5.0
2024-12-13,11,27.0,9.8,34.0,0.0,,40.0,9.4,,1014.0,,5.0
2024-12-13,12,26.6,12.3,41.0,0.0,,80.0,7.6,,1010.5,,5.0
2024-12-13,13,22.0,13.1,57.0,0.0,,20.0,3.6,,1016.0,,5.0
2024-12-13,14,23.0,12.0,50.0,0.0,,40.0,7.6,,1017.0,,5.0
2024-12-13,15,23.2,12.8,52.0,0.0,,50.0,5.4,,1014.1,,5.0
2024-12-13,16,21.0,11.9,56.0,0.0,,40.0,5.4,,1018.0,,5.0
2024-12-13,17,21.3,14.5,65.0,0.0,,19.0,1.8,,1014.2,,3.0
2024-12-13,18,20.8,13.0,61.0,0.0,,0.0,0.0,,1014.8,,3.0
2024-12-13,19,20.1,14.5,70.0,0.0,,54.0,0.0,,1014.2,,2.0
2024-12-13,20,19.6,14.4,72.0,0.0,,43.0,0.0,,1014.0,,2.0
2024-12-13,21,19.4,12.9,66.0,0.0,,0.0,0.0,,1013.8,,2.0
2024-12-13,22,18.9,12.9,68.0,0.0,,43.0,1.8,,1014.0,,2.0
2024-12-13,23,18.3,12.7,70.0,0.0,,48.0,1.8,,1014.2,,2.0
2024-12-14,0,18.4,12.2,67.0,0.0,,51.0,3.6,,1014.2,,2.0
2024-12-14,1,18.0,9.1,56.0,0.0,,50.0,9.0,,1018.0,,5.0
2024-12-14,2,18.0,9.1,56.0,0.0,,40.0,11.2,,1019.0,,5.0
2024-12-14,3,20.0,10.1,53.0,0.0,,50.0,14.8,,1016.5,,5.0
2024-12-14,4,23.0,9.0,41.0,0.0,,30.0,13.0,,1020.0,,5.0
2024-12-14,5,25.0,10.1,39.0,0.0,,60.0,11.2,,1019.0,,5.0
2024-12-14,6,25.6,10.6,39.0,0.0,,50.0,5.4,,1015.1,,5.0
2024-12-14,7,27.0,11.1,37.0,0.0,,30.0,9.4,,1017.0,,5.0
2024-12-14,8,28.0,8.8,30.0,0.0,,30.0,13.0,,1016.0,,5.0
2024-12-14,9,28.6,8.8,29.0,0.0,,90.0,3.6,,1011.6,,5.0
2024-12-14,10,28.0,8.8,30.0,0.0,,90.0,7.6,,1015.0,,5.0
2024-12-14,11,27.0,8.9,32.0,0.0,,40.0,11.2,,1016.0,,5.0
2024-12-14,12,26.4,9.3,34.0,0.0,,40.0,9.4,,1012.0,,5.0
2024-12-14,13,23.0,10.1,44.0,0.0,,50.0,9.4,,1017.0,,5.0
2024-12-14,14,22.0,10.2,47.0,0.0,,50.0,9.4,,1018.0,,5.0
2024-12-14,15,22.0,11.4,51.0,0.0,,50.0,7.6,,1015.8,,5.0
2024-12-14,16,20.0,10.1,53.0,0.0,,40.0,9.4,,1019.0,,5.0
2024-12-14,17,19.8,11.8,60.0,0.0,,5.0,1.8,,1016.0,,1.0
2024-12-14,18,19.0,11.3,61.0,0.0,,0.0,0.0,,1016.7,,1.0
2024-12-14,19,18.2,12.2,68.0,0.0,,35.0,0.0,,1015.8,,1.0
2024-12-14,20,17.7,12.2,70.0,0.0,,340.0,0.0,,1015.6,,1.0
2024-12-14,21,16.8,10.6,67.0,0.0,,,1.8,,1016.0,,1.0
2024-12-14,22,16.3,10.8,70.0,0.0,,347.0,1.8,,1015.9,,1.0
2024-12-14,23,15.9,10.6,71.0,0.0,,347.0,1.8,,1015.8,,1.0
2024-12-15,0,15.4,9.5,68.0,0.0,,360.0,5.4,,1015.8,,1.0
2024-12-15,1,15.0,8.0,63.0,0.0,,38.0,2.0,,1019.0,,5.0
2024-12-15,2,16.0,8.0,59.0,0.0,,30.0,7.6,,1020.0,,5.0
2024-12-15,3,19.6,10.0,54.0,0.0,,30.0,13.0,,1017.7,,5.0
2024-12-15,4,22.0,8.1,41.0,0.0,,40.0,11.2,,1021.0,,5.0
2024-12-15,5,25.0,10.1,39.0,0.0,,40.0,13.0,,1021.0,,5.0
2024-12-15,6,24.8,11.7,44.0,0.0,,70.0,5.4,,1016.8,,5.0
2024-12-15,7,27.0,9.8,34.0,0.0,,70.0,9.4,,1018.0,,5.0
2024-12-15,8,28.0,8.8,30.0,0.0,,40.0,5.4,,1017.0,,5.0
2024-12-15,9,28.2,9.5,31.0,0.0,,50.0,5.4,,1012.8,,5.0
2024-12-15,10,28.0,7.3,27.0,0.0,,20.0,7.6,,1016.0,,5.0
2024-12-15,11,27.0,6.9,28.0,0.0,,50.0,9.4,,1016.0,,5.0
2024-12-15,12,25.8,9.6,36.0,0.0,,40.0,5.4,,1013.1,,5.0
2024-12-15,13,22.0,7.0,38.0,0.0,,40.0,7.6,,1018.0,,5.0
2024-12-15,14,19.0,8.9,52.0,0.0,,30.0,5.4,,1019.0,,5.0
2024-12-15,15,20.4,9.6,50.0,0.0,,50.0,5.4,,1016.1,,5.0
2024-12-15,16,19.2,9.7,54.0,0.0,,49.0,3.7,,1016.2,,1.0
2024-12-15,17,18.0,9.9,59.0,0.0,,48.0,1.8,,1016.3,,1.0
2024-12-15,18,17.0,10.1,64.0,0.0,,0.0,0.0,,1016.8,,1.0
2024-12-15,19,16.2,10.1,67.0,0.0,,42.0,0.0,,1016.2,,1.0
2024-12-15,20,15.6,10.1,70.0,0.0,,41.0,0.0,,1015.9,,1.0
2024-12-15,21,14.4,9.2,71.0,0.0,,0.0,0.0,,1015.9,,1.0
2024-12-15,22,14.3,9.9,75.0,0.0,,14.0,0.0,,1015.6,,1.0
2024-12-15,23,13.6,9.6,77.0,0.0,,14.0,0.0,,1015.6,,1.0
2024-12-16,0,12.6,7.9,73.0,0.0,,0.0,0.0,,1015.7,,1.0
2024-12-16,1,10.0,7.1,82.0,0.0,,24.0,1.8,,1017.0,,5.0
2024-12-16,2,12.0,7.1,72.0,0.0,,40.0,1.8,,1018.0,,5.0
2024-12-16,3,18.6,8.8,53.0,0.0,,30.0,5.4,,1016.6,,5.0
2024-12-16,4,23.0,5.9,33.0,0.0,,30.0,7.6,,1019.0,,5.0
2024-12-16,5,25.0,7.2,32.0,0.0,,110.0,7.6,,1019.0,,5.0
2024-12-16,6,26.0,8.0,32.0,0.0,,90.0,5.4,,1014.9,,5.0
2024-12-16,7,28.0,6.1,25.0,0.0,,100.0,7.6,,1016.0,,5.0
2024-12-16,8,28.0,4.3,22.0,0.0,,110.0,11.2,,1015.0,,5.0
2024-12-16,9,28.4,4.6,22.0,0.0,,80.0,14.8,,1010.7,,5.0
2024-12-16,10,28.0,2.2,19.0,0.0,,120.0,9.4,,1015.0,,5.0
2024-12-16,11,27.0,2.1,20.0,0.0,,70.0,7.6,,1015.0,,5.0
2024-12-16,12,26.2,8.7,33.0,0.0,,100.0,7.6,,1011.2,,5.0
2024-12-16,13,23.0,7.9,38.0,0.0,,90.0,7.6,,1016.0,,5.0
2024-12-16,14,20.0,8.0,46.0,0.0,,60.0,5.4,,1017.0,,5.0
2024-12-16,15,20.8,10.6,52.0,0.0,,0.0,0.0,,1014.7,,5.0
2024-12-16,16,17.0,8.9,59.0,0.0,,299.0,3.6,,1018.0,,5.0
2024-12-16,17,18.2,10.8,62.0,0.0,,29.0,0.0,,1014.8,,2.0
2024-12-16,18,16.6,10.9,69.0,0.0,,0.0,0.0,,1015.1,,2.0
2024-12-16,19,16.2,10.9,71.0,0.0,,109.0,0.0,,1014.7,,2.0
2024-12-16,20,15.5,11.1,75.0,0.0,,113.0,0.0,,1014.4,,2.0
2024-12-16,21,14.8,10.2,74.0,0.0,,0.0,0.0,,1014.3,,1.0
2024-12-16,22,14.3,11.1,81.0,0.0,,,0.0,,1014.1,,1.0
2024-12-16,23,13.7,10.9,83.0,0.0,,44.0,0.0,,1014.1,,1.0
2024-12-17,0,13.2,11.1,87.0,0.0,,0.0,0.0,,1014.4,,1.0
2024-12-17,1,11.0,9.1,88.0,0.0,,59.0,2.0,,1017.0,,5.0
2024-12-17,2,12.0,9.0,82.0,0.0,,53.0,1.8,,1017.0,,5.0
2024-12-17,3,17.4,10.5,64.0,0.0,,0.0,0.0,,1015.6,,5.0
2024-12-17,4,23.0,7.9,38.0,0.0,,30.0,7.6,,1018.0,,5.0
2024-12-17,5,26.0,5.0,26.0,0.0,,80.0,9.0,,1017.0,,5.0
2024-12-17,6,26.4,5.4,26.0,0.0,,110.0,7.6,,1013.2,,5.0
2024-12-17,7,28.0,2.9,20.0,0.0,,120.0,5.4,,1015.0,,5.0
2024-12-17,8,29.0,5.1,22.0,0.0,,70.0,5.4,,1014.0,,2.0
2024-12-17,9,29.0,2.3,18.0,0.0,,260.0,5.4,,1009.7,,2.0
2024-12-17,10,28.0,-2.0,14.0,0.0,,50.0,11.2,,1014.0,,5.0
2024-12-17,11,28.0,2.2,19.0,0.0,,100.0,7.6,,1014.0,,5.0
2024-12-17,12,26.4,6.4,28.0,0.0,,0.0,0.0,,1010.0,,5.0
2024-12-17,13,19.0,7.1,46.0,0.0,,50.0,5.4,,1015.0,,5.0
2024-12-17,14,18.0,8.0,52.0,0.0,,0.0,0.0,,1015.0,,5.0
2024-12-17,15,19.0,9.5,54.0,0.0,,0.0,0.0,,1013.4,,5.0
2024-12-17,16,16.0,9.0,63.0,0.0,,0.0,0.0,,1016.0,,5.0
2024-12-17,17,17.4,10.3,63.0,0.0,,333.0,0.0,,1013.6,,1.0
2024-12-17,18,17.4,10.3,63.0,0.0,,0.0,0.0,,1013.4,,1.0
2024-12-17,19,16.2,10.7,70.0,0.0,,359.0,0.0,,1013.4,,1.0
2024-12-17,20,15.7,10.9,73.0,0.0,,14.0,0.0,,1013.1,,1.0
2024-12-17,21,16.4,10.9,70.0,0.0,,0.0,0.0,,1012.4,,1.0
2024-12-17,22,15.9,11.1,73.0,0.0,,15.0,0.0,,1012.5,,1.0
2024-12-17,23,15.4,11.4,77.0,0.0,,7.0,0.0,,1012.6,,1.0
2024-12-18,0,15.4,10.8,74.0,0.0,,0.0,0.0,,1012.0,,1.0
2024-12-18,1,14.0,11.0,82.0,0.0,,345.0,2.0,,1016.0,,5.0
2024-12-18,2,17.0,11.9,72.0,0.0,,350.0,1.8,,1016.0,,5.0
2024-12-18,3,20.6,10.7,53.0,0.0,,14.0,3.6,,1014.0,,5.0
2024-12-18,4,25.0,8.1,34.0,0.0,,30.0,3.6,,1017.0,,5.0
2024-12-18,5,27.0,8.0,30.0,0.0,,50.0,7.6,,1016.0,,5.0
2024-12-18,6,28.4,8.1,28.0,0.0,,20.0,11.2,,1011.6,,5.0
2024-12-18,7,29.0,10.2,31.0,0.0,,30.0,11.2,,1014.0,,5.0
2024-12-18,8,29.0,9.2,29.0,0.0,,30.0,7.6,,1013.0,,5.0
2024-12-18,9,29.0,9.2,29.0,0.0,,40.0,15.0,,1013.0,,5.0
2024-12-18,10,28.0,8.8,30.0,0.0,,30.0,9.0,,1012.0,,5.0
2024-12-18,11,28.0,8.8,30.0,0.0,,360.0,9.0,,1013.0,,5.0
2024-12-18,12,24.0,9.2,39.0,0.0,,50.0,6.0,,1014.0,,5.0
2024-12-18,13,22.0,10.2,47.0,0.0,,40.0,6.0,,1014.0,,5.0
2024-12-18,14,22.0,8.1,41.0,0.0,,50.0,7.6,,1015.0,,5.0
2024-12-18,15,22.0,10.5,48.0,0.0,,30.0,7.6,,1011.9,,5.0
2024-12-18,16,20.0,9.0,49.0,0.0,,343.0,1.8,,1015.0,,5.0
2024-12-18,17,19.8,11.8,60.0,0.0,,341.0,1.8,,1012.4,,2.0
2024-12-18,18,18.4,12.6,69.0,0.0,,0.0,0.0,,1012.6,,2.0
2024-12-18,19,18.5,11.8,65.0,0.0,,15.0,0.0,,1012.3,,2.0
2024-12-18,20,18.1,11.9,67.0,0.0,,16.0,0.0,,1011.9,,2.0
2024-12-18,21,16.4,11.3,72.0,0.0,,0.0,0.0,,1012.2,,2.0
2024-12-18,22,16.4,11.3,72.0,0.0,,13.0,0.0,,1012.1,,1.0
2024-12-18,23,16.4,11.5,73.0,0.0,,15.0,0.0,,1011.9,,1.0
2024-12-19,0,15.8,10.8,72.0,0.0,,0.0,0.0,,1012.5,,1.0
2024-12-19,1,15.0,10.0,72.0,0.0,,11.0,2.0,,1015.0,,5.0
2024-12-19,2,16.0,11.0,72.0,0.0,,59.0,1.8,,1015.0,,5.0
2024-12-19,3,20.6,10.7,53.0,0.0,,0.0,0.0,,1013.5,,5.0
2024-12-19,4,26.0,8.9,34.0,0.0,,100.0,3.6,,1017.0,,5.0
2024-12-19,5,27.0,8.9,32.0,0.0,,100.0,7.6,,1016.0,,5.0
2024-12-19,6,27.6,12.8,40.0,0.0,,130.0,9.4,,1011.9,,5.0
2024-12-19,7,29.0,18.2,52.0,0.0,,80.0,13.0,,1014.0,,5.0
2024-12-19,8,29.0,18.2,52.0,0.0,,100.0,9.4,,1013.0,,5.0
2024-12-19,9,29.4,17.9,50.0,0.0,,140.0,5.4,,1007.7,,5.0
2024-12-19,10,29.0,16.9,48.0,0.0,,90.0,9.4,,1012.0,,5.0
2024-12-19,11,28.0,16.9,51.0,0.0,,60.0,7.6,,1012.0,,5.0
2024-12-19,12,28.0,18.1,55.0,0.0,,100.0,9.4,,1007.8,,5.0
2024-12-19,13,27.0,16.9,54.0,0.0,,110.0,9.4,,1013.0,,5.0
2024-12-19,14,26.0,17.9,61.0,0.0,,100.0,11.2,,1014.0,,5.0
2024-12-19,15,26.4,18.5,62.0,0.0,,80.0,5.4,,1010.4,,5.0
2024-12-19,16,25.0,18.0,65.0,0.0,,90.0,5.4,,1015.0,,5.0
2024-12-19,17,25.0,18.0,65.0,0.0,,120.0,11.2,,1015.0,,5.0
2024-12-19,18,24.5,20.4,78.0,0.0,,90.0,5.4,,1011.0,,4.0
2024-12-19,19,23.2,18.9,77.0,0.0,,109.0,1.8,,1010.5,,4.0
2024-12-19,20,22.8,19.0,79.0,0.0,,101.0,1.8,,1010.2,,4.0
2024-12-19,21,23.8,20.1,80.0,0.0,,0.0,0.0,,1009.7,,4.0
2024-12-19,22,22.9,19.5,81.0,0.0,,97.0,1.8,,1009.7,,4.0
2024-12-19,23,22.4,19.2,82.0,0.0,,82.0,1.8,,1009.7,,4.0
2024-12-20,0,23.6,20.3,82.0,0.0,,0.0,0.0,,1009.7,,4.0
2024-12-20,1,22.0,19.9,88.0,0.0,,78.0,4.0,,1014.0,,5.0
2024-12-20,2,23.0,20.0,83.0,0.0,,84.0,1.8,,1015.0,,5.0
2024-12-20,3,23.8,20.1,80.0,0.0,,0.0,0.0,,1012.1,,5.0
2024-12-20,4,25.0,18.9,69.0,0.0,,53.0,3.6,,1016.0,,5.0
2024-12-20,5,26.0,18.9,65.0,0.0,,53.0,1.8,,1015.0,,5.0
2024-12-20,6,27.4,19.7,63.0,0.0,,30.0,1.8,,1011.1,,5.0
2024-12-20,7,30.0,19.1,52.0,0.0,,350.0,5.4,,1013.0,,5.0
2024-12-20,8,29.0,18.2,52.0,0.1,,40.0,7.6,,1012.0,,5.0
2024-12-20,9,29.2,19.8,57.0,0.1,,50.0,5.4,,1007.4,,5.0
2024-12-20,10,29.0,16.9,48.0,0.0,,10.0,9.4,,1011.0,,5.0
2024-12-20,11,28.0,18.1,55.0,0.0,,40.0,9.4,,1011.0,,5.0
2024-12-20,12,27.8,18.8,58.0,0.0,,50.0,9.4,,1007.3,,5.0
2024-12-20,13,26.0,17.1,58.0,0.0,,50.0,5.4,,1012.0,,5.0
2024-12-20,14,24.0,17.0,65.0,0.0,,50.0,5.4,,1013.0,,5.0
2024-12-20,15,24.6,19.0,71.0,0.0,,70.0,7.6,,1009.9,,5.0
2024-12-20,16,23.0,18.1,74.0,0.0,,0.0,0.0,,1014.0,,5.0
2024-12-20,17,22.0,18.0,78.0,0.0,,0.0,0.0,,1014.0,,5.0
2024-12-20,18,22.4,18.8,80.0,0.0,,0.0,0.0,,1010.4,,3.0
2024-12-20,19,22.8,19.8,83.0,0.0,,45.0,0.0,,1009.7,,3.0
2024-12-20,20,22.5,19.9,85.0,0.0,,3.0,0.0,,1009.3,,3.0
2024-12-20,21,21.4,18.6,84.0,0.0,,0.0,0.0,,1009.6,,3.0
2024-12-20,22,21.3,18.9,86.0,0.0,,6.0,0.0,,1009.6,,3.0
2024-12-20,23,21.1,19.0,88.0,0.0,,1.0,0.0,,1009.6,,3.0
2024-12-21,0,22.4,21.2,93.0,0.0,,0.0,0.0,,1009.8,,3.0
2024-12-21,1,21.0,20.0,94.0,0.0,,85.0,4.0,,1014.0,,5.0
2024-12-21,2,22.0,21.0,94.0,0.0,,140.0,5.4,,1014.0,,5.0
2024-12-21,3,24.0,20.9,83.0,0.0,,70.0,5.4,,1011.7,,5.0
2024-12-21,4,24.0,19.9,78.0,0.0,,20.0,7.6,,1016.0,,5.0
2024-12-21,5,26.0,20.1,70.0,0.0,,350.0,5.4,,1015.0,,5.0
2024-12-21,6,28.4,20.4,62.0,0.0,,90.0,3.6,,1010.2,,5.0
2024-12-21,7,29.0,19.0,55.0,0.0,,70.0,7.6,,1013.0,,5.0
2024-12-21,8,29.0,16.9,48.0,0.0,,350.0,7.6,,1012.0,,5.0
2024-12-21,9,30.0,16.8,45.0,0.0,,15.0,3.6,,1007.3,,3.0
2024-12-21,10,30.0,14.9,40.0,0.0,,340.0,9.4,,1011.0,,5.0
2024-12-21,11,29.0,15.2,43.0,0.0,,350.0,5.4,,1012.0,,5.0
2024-12-21,12,28.6,15.9,46.0,0.0,,20.0,9.4,,1008.0,,5.0
2024-12-21,13,24.0,16.0,61.0,0.0,,50.0,5.4,,1013.0,,5.0
2024-12-21,14,25.0,17.0,61.0,0.0,,60.0,5.4,,1015.0,,5.0
2024-12-21,15,25.2,18.4,66.0,0.0,,50.0,7.6,,1010.8,,5.0
2024-12-21,16,24.0,18.0,69.0,0.0,,60.0,5.4,,1016.0,,5.0
2024-12-21,17,24.0,18.0,69.0,0.0,,70.0,9.4,,1016.0,,5.0
2024-12-21,18,24.8,18.7,69.0,0.0,,0.0,0.0,,1011.8,,2.0
2024-12-21,19,22.7,18.9,79.0,0.0,,24.0,0.0,,1011.4,,2.0
2024-12-21,20,22.3,18.9,81.0,0.0,,98.0,0.0,,1011.2,,2.0
2024-12-21,21,24.0,19.1,74.0,0.0,,0.0,0.0,,1010.3,,2.0
2024-12-21,22,23.3,19.0,77.0,0.0,,102.0,0.0,,1010.6,,2.0
2024-12-21,23,22.6,19.0,80.0,0.0,,93.0,0.0,,1010.9,,2.0
2024-12-22,0,21.4,18.0,81.0,0.0,,101.0,3.6,,1011.2,,2.0
2024-12-22,1,20.0,17.0,83.0,0.0,,80.0,7.0,,1016.0,,5.0
2024-12-22,2,20.0,17.0,83.0,0.0,,50.0,5.4,,1017.0,,5.0
2024-12-22,3,22.4,19.0,81.0,0.0,,70.0,7.6,,1013.6,,5.0
2024-12-22,4,24.0,19.1,74.0,0.0,,90.0,9.4,,1017.0,,5.0
2024-12-22,5,25.0,18.0,65.0,0.0,,110.0,13.0,,1017.0,,5.0
2024-12-22,6,26.2,17.8,60.0,0.0,,90.0,7.6,,1012.4,,5.0
2024-12-22,7,28.0,18.1,55.0,0.0,,120.0,11.2,,1015.0,,5.0
2024-12-22,8,28.0,16.9,51.0,0.0,,110.0,9.4,,1013.0,,5.0
2024-12-22,9,28.0,17.2,52.0,0.0,,90.0,7.6,,1008.7,,5.0
2024-12-22,10,27.0,16.0,51.0,0.0,,140.0,7.0,,1012.0,,5.0
2024-12-22,11,27.0,16.0,51.0,0.0,,100.0,7.6,,1012.0,,5.0
2024-12-22,12,26.6,17.9,59.0,0.0,,90.0,9.4,,1009.2,,5.0
2024-12-22,13,25.0,17.0,61.0,0.0,,110.0,7.6,,1014.0,,5.0
2024-12-22,14,24.0,18.0,69.0,0.0,,100.0,7.6,,1015.0,,5.0
2024-12-22,15,24.6,18.5,69.0,0.0,,120.0,9.4,,1012.0,,5.0
2024-12-22,16,24.0,18.0,69.0,0.0,,110.0,9.4,,1016.0,,5.0
2024-12-22,17,23.0,18.1,74.0,0.0,,130.0,7.6,,1016.0,,5.0
2024-12-22,18,23.0,18.8,77.0,0.0,,0.0,0.0,,1012.0,,2.0
2024-12-22,19,22.1,18.7,81.0,0.0,,85.0,0.0,,1011.7,,2.0
2024-12-22,20,21.8,18.6,82.0,0.0,,138.0,0.0,,1011.4,,2.0
2024-12-22,21,21.7,18.7,83.0,0.0,,0.0,0.0,,1010.9,,2.0
2024-12-22,22,21.2,18.2,83.0,0.0,,63.0,0.0,,1011.1,,2.0
2024-12-22,23,20.8,18.0,84.0,0.0,,133.0,0.0,,1011.2,,2.0
2024-12-23,0,20.4,18.2,87.0,0.0,,0.0,0.0,,1011.7,,2.0
2024-12-23,1,20.0,18.0,88.0,0.0,,113.0,4.0,,1016.0,,5.0
2024-12-23,2,21.0,18.0,83.0,0.0,,104.0,6.0,,1016.0,,5.0
2024-12-23,3,22.0,19.0,83.0,0.0,,80.0,5.4,,1017.0,,5.0
2024-12-23,4,23.0,18.1,74.0,0.0,,70.0,11.2,,1017.0,,5.0
2024-12-23,5,25.0,18.0,65.0,0.0,,110.0,11.2,,1017.0,,5.0
2024-12-23,6,26.0,18.2,62.0,0.0,,90.0,5.4,,1012.6,,5.0
2024-12-23,7,28.0,16.0,48.0,0.0,,120.0,11.2,,1014.0,,5.0
2024-12-23,8,29.0,14.0,40.0,0.0,,100.0,9.4,,1014.0,,5.0
2024-12-23,9,28.4,13.1,39.0,0.0,,170.0,5.4,,1009.1,,5.0
2024-12-23,10,29.0,15.2,43.0,0.0,,50.0,3.6,,1013.0,,5.0
2024-12-23,11,28.0,13.9,42.0,0.0,,70.0,1.8,,1013.0,,5.0
2024-12-23,12,27.4,15.4,48.0,0.0,,80.0,3.6,,1009.1,,5.0
2024-12-23,13,25.0,15.9,57.0,0.0,,100.0,7.6,,1014.0,,5.0
2024-12-23,14,24.0,17.0,65.0,0.0,,100.0,7.6,,1015.0,,5.0
2024-12-23,15,25.0,17.7,64.0,0.0,,90.0,5.4,,1011.5,,5.0
2024-12-23,16,23.0,16.1,65.0,0.0,,113.0,4.0,,1016.0,,5.0
2024-12-23,17,23.0,16.1,65.0,0.0,,118.0,1.8,,1016.0,,5.0
2024-12-23,18,22.0,17.6,76.0,0.0,,0.0,0.0,,1012.4,,2.0
2024-12-23,19,21.8,16.5,72.0,0.0,,107.0,0.0,,1012.1,,2.0
2024-12-23,20,21.4,16.6,74.0,0.0,,107.0,0.0,,1011.7,,2.0
2024-12-23,21,21.2,17.6,80.0,0.0,,0.0,0.0,,1011.0,,2.0
2024-12-23,22,20.9,17.5,81.0,0.0,,130.0,0.0,,1011.1,,3.0
2024-12-23,23,20.6,17.4,82.0,0.0,,125.0,0.0,,1011.3,,3.0
2024-12-24,0,22.4,16.7,70.0,0.0,,0.0,0.0,,1011.0,,2.0
2024-12-24,1,22.0,16.9,73.0,0.0,,50.0,6.0,,1015.0,,5.0
2024-12-24,2,22.0,16.9,73.0,0.0,,50.0,5.4,,1016.0,,5.0
2024-12-24,3,23.2,17.2,69.0,0.0,,110.0,3.6,,1012.1,,5.0
2024-12-24,4,25.0,15.9,57.0,0.0,,90.0,11.2,,1016.0,,5.0
2024-12-24,5,26.0,16.0,54.0,0.0,,100.0,13.0,,1016.0,,5.0
2024-12-24,6,27.2,16.2,51.0,0.0,,110.0,9.4,,1011.7,,5.0
2024-12-24,7,26.0,15.1,51.0,0.0,,80.0,20.5,,1014.0,,5.0
2024-12-24,8,27.0,16.0,51.0,0.0,,110.0,14.8,,1013.0,,5.0
2024-12-24,9,27.0,15.7,50.0,0.0,,90.0,5.4,,1009.5,,5.0
2024-12-24,10,27.0,15.1,48.0,0.0,,80.0,18.4,,1013.0,,5.0
2024-12-24,11,26.0,16.0,54.0,0.0,,90.0,9.0,,1013.0,,5.0
2024-12-24,12,26.0,17.1,58.0,0.0,,50.0,5.4,,1010.4,,5.0
2024-12-24,13,25.0,17.0,61.0,0.0,,100.0,13.0,,1015.0,,5.0
2024-12-24,14,24.0,18.0,69.0,0.0,,100.0,13.0,,1016.0,,5.0
2024-12-24,15,24.0,17.5,67.0,0.0,,90.0,5.4,,1012.9,,5.0
2024-12-24,16,23.0,17.0,69.0,0.0,,110.0,14.8,,1017.0,,5.0
2024-12-24,17,22.0,18.0,78.0,0.0,,90.0,11.2,,1017.0,,5.0
2024-12-24,18,21.0,17.6,81.0,0.0,,90.0,5.4,,1014.2,,5.0
2024-12-24,19,23.0,18.3,75.0,0.0,,114.0,5.5,,1012.6,,3.0
2024-12-24,20,22.8,18.6,77.0,0.0,,113.0,3.7,,1012.2,,3.0
2024-12-24,21,20.6,18.2,86.0,0.0,,112.0,3.6,,1013.1,,3.0
2024-12-24,22,22.0,18.6,81.0,0.0,,110.0,3.7,,1012.1,,3.0
2024-12-24,23,21.7,18.7,83.0,0.0,,112.0,3.7,,1012.2,,3.0
2024-12-25,0,20.6,18.4,87.0,0.0,,113.0,3.6,,1012.4,,3.0
2024-12-25,1,21.9,18.9,83.0,0.0,,109.0,5.5,,1012.9,,3.0
2024-12-25,2,20.0,18.0,88.0,0.0,,110.0,14.8,,1017.0,,5.0
2024-12-25,3,20.6,17.8,84.0,0.0,,90.0,5.4,,1014.7,,3.0
2024-12-25,4,21.0,18.0,83.0,0.0,,110.0,13.0,,1014.5,,3.0
2024-12-25,5,21.0,20.0,94.0,0.0,,110.0,9.4,,1014.3,,3.0
2024-12-25,6,21.8,18.4,81.0,0.0,,90.0,5.4,,1015.6,,3.0
2024-12-25,7,22.0,19.9,88.0,0.1,,70.0,11.2,,1013.1,,3.0
2024-12-25,8,23.0,19.0,78.0,0.1,,90.0,11.2,,1012.0,,3.0
2024-12-25,9,22.6,19.6,83.0,0.0,,90.0,5.4,,1012.7,,3.0
2024-12-25,10,23.0,19.6,81.0,0.0,,96.0,5.5,,1012.6,,4.0
2024-12-25,11,21.0,20.0,94.0,0.0,,70.0,11.0,,1016.0,,4.0
2024-12-25,12,21.6,18.8,84.0,0.0,,80.0,5.4,,1013.2,,5.0
2024-12-25,13,21.0,18.9,88.0,0.0,,90.0,9.4,,1017.0,,5.0
2024-12-25,14,21.0,18.9,88.0,0.0,,90.0,9.4,,1018.0,,5.0
2024-12-25,15,21.2,18.4,84.0,0.0,,90.0,13.0,,1015.5,,5.0
2024-12-25,16,20.0,19.0,94.0,0.0,,80.0,13.0,,1019.0,,5.0
2024-12-25,17,20.0,19.0,94.0,0.0,,90.0,5.4,,1019.0,,5.0
2024-12-25,18,20.8,18.0,84.0,0.0,,70.0,7.6,,1016.4,,5.0
2024-12-25,19,21.8,19.0,84.0,0.0,,110.0,1.8,,1015.1,,3.0
2024-12-25,20,21.9,19.1,84.0,0.1,,104.0,1.8,,1014.8,,3.0
2024-12-25,21,20.8,18.0,84.0,0.0,,98.0,3.6,,1015.2,,3.0
2024-12-25,22,20.9,18.7,87.0,0.0,,107.0,1.8,,1015.3,,4.0
2024-12-25,23,20.9,18.8,88.0,0.0,,105.0,1.8,,1015.3,,4.0
2024-12-26,0,20.8,20.0,95.0,0.0,,104.0,3.6,,1015.2,,4.0
2024-12-26,1,21.0,20.0,94.0,0.0,,100.0,9.4,,1016.1,,4.0
2024-12-26,2,21.0,20.0,94.0,0.0,,100.0,9.4,,1021.0,,4.0
2024-12-26,3,21.2,20.4,95.0,0.0,,360.0,3.6,,1018.2,,4.0
2024-12-26,4,21.0,20.0,94.0,0.0,,100.0,13.0,,1022.0,,4.0
2024-12-26,5,22.0,19.9,88.0,0.0,,110.0,9.4,,1021.0,,4.0
2024-12-26,6,22.2,19.7,86.0,0.0,,110.0,11.2,,1017.9,,4.0
2024-12-26,7,24.0,19.9,78.0,0.0,,90.0,9.0,,1019.0,,5.0
2024-12-26,8,24.0,19.9,78.0,0.0,,100.0,11.2,,1019.0,,5.0
2024-12-26,9,24.2,20.9,82.0,0.2,,110.0,11.2,,1014.8,,4.0
2024-12-26,10,23.0,20.0,83.0,0.2,,120.0,5.4,,1018.0,,4.0
2024-12-26,11,22.0,21.0,94.0,0.0,,90.0,5.4,,1018.0,,4.0
2024-12-26,12,22.4,21.2,93.0,0.0,,126.0,1.8,,1015.6,,3.0
2024-12-26,13,22.0,21.0,94.0,0.8,,131.0,3.6,,1019.0,,3.0
2024-12-26,14,22.0,21.0,94.0,0.2,,136.0,3.6,,1019.0,,3.0
2024-12-26,15,21.4,19.1,87.0,0.0,,110.0,3.6,,1016.6,,5.0
2024-12-26,16,22.0,21.0,94.0,0.0,,111.0,1.8,,1020.0,,5.0
2024-12-26,17,21.6,19.5,88.0,0.0,,111.0,3.7,,1016.5,,7.0
2024-12-26,18,22.0,20.5,91.0,0.0,,0.0,0.0,,1016.9,,7.0
2024-12-26,19,21.8,19.7,88.0,0.0,,115.0,3.7,,1016.2,,7.0
2024-12-26,20,21.8,19.7,88.0,0.0,,120.0,3.7,,1015.9,,7.0
2024-12-26,21,21.4,20.2,93.0,0.0,,90.0,5.4,,1015.8,,4.0
2024-12-26,22,21.4,20.0,92.0,0.0,,95.0,5.5,,1015.9,,4.0
2024-12-26,23,21.4,20.0,92.0,0.0,,103.0,5.5,,1016.0,,4.0
2024-12-27,0,20.6,19.6,94.0,0.0,,90.0,3.6,,1016.2,,4.0
2024-12-27,1,21.0,18.9,88.0,0.1,,90.0,9.4,,1020.0,,5.0
2024-12-27,2,21.0,18.9,88.0,0.3,,120.0,11.0,,1021.0,,5.0
2024-12-27,3,21.4,19.7,90.0,0.6,,120.0,9.4,,1018.9,,5.0
2024-12-27,4,22.0,19.0,83.0,0.0,,120.0,11.2,,1022.0,,5.0
2024-12-27,5,23.0,19.0,78.0,0.4,,120.0,14.8,,1022.0,,5.0
2024-12-27,6,24.8,19.4,72.0,0.0,,90.0,7.6,,1018.2,,5.0
2024-12-27,7,25.0,18.0,65.0,0.0,,150.0,16.6,,1020.0,,5.0
2024-12-27,8,26.0,18.9,65.0,0.0,,80.0,13.0,,1019.0,,5.0
2024-12-27,9,25.8,18.7,65.0,0.0,,90.0,5.4,,1014.8,,5.0
2024-12-27,10,26.0,17.1,58.0,0.0,,120.0,11.2,,1018.0,,5.0
2024-12-27,11,26.0,17.1,58.0,0.0,,110.0,13.0,,1018.0,,5.0
2024-12-27,12,25.2,17.9,64.0,0.0,,90.0,7.6,,1015.3,,5.0
2024-12-27,13,24.0,17.0,65.0,0.0,,90.0,5.4,,1020.0,,5.0
2024-12-27,14,23.0,18.1,74.0,0.0,,128.0,3.6,,1020.0,,5.0
2024-12-27,15,23.0,18.1,74.0,0.0,,120.0,7.6,,1017.5,,5.0
2024-12-27,16,22.0,16.9,73.0,0.0,,120.0,5.4,,1020.0,,5.0
2024-12-27,17,22.0,18.2,79.0,0.0,,145.0,1.8,,1017.2,,2.0
2024-12-27,18,21.8,18.2,80.0,0.0,,0.0,0.0,,1017.3,,2.0
2024-12-27,19,21.2,18.4,84.0,0.0,,145.0,1.8,,1016.8,,2.0
2024-12-27,20,20.9,18.5,86.0,0.0,,145.0,1.8,,1016.4,,2.0
2024-12-27,21,20.6,18.5,88.0,0.0,,145.0,1.8,,1016.1,,2.0
2024-12-27,22,20.2,18.0,87.0,0.0,,124.0,1.8,,1016.2,,2.0
2024-12-27,23,19.9,18.0,89.0,0.0,,119.0,1.8,,1016.3,,2.0
2024-12-28,0,19.0,17.1,89.0,0.0,,0.0,0.0,,1016.4,,2.0
2024-12-28,1,20.0,18.0,88.0,0.0,,150.0,11.0,,1020.0,,5.0
2024-12-28,2,20.0,18.0,88.0,0.0,,140.0,11.2,,1021.0,,5.0
2024-12-28,3,21.2,18.2,83.0,0.0,,90.0,5.4,,1018.2,,5.0
2024-12-28,4,22.0,18.0,78.0,0.0,,130.0,9.4,,1021.0,,5.0
2024-12-28,5,25.0,18.0,65.0,0.0,,150.0,14.8,,1021.0,,5.0
2024-12-28,6,25.2,19.6,71.0,0.0,,160.0,18.4,,1017.5,,5.0
2024-12-28,7,28.0,18.1,55.0,0.0,,170.0,16.6,,1019.0,,5.0
2024-12-28,8,27.0,16.9,54.0,0.0,,120.0,14.8,,1018.0,,5.0
2024-12-28,9,27.4,18.7,59.0,0.0,,180.0,7.6,,1013.1,,5.0
2024-12-28,10,29.0,15.9,45.0,0.0,,170.0,9.4,,1016.0,,5.0
2024-12-28,11,27.0,16.0,51.0,0.0,,120.0,11.2,,1017.0,,5.0
2024-12-28,12,26.8,20.6,69.0,0.0,,90.0,7.6,,1013.3,,5.0
2024-12-28,13,24.0,17.0,65.0,0.0,,80.0,7.6,,1018.0,,5.0
2024-12-28,14,24.0,18.0,69.0,0.0,,120.0,11.0,,1019.0,,5.0
2024-12-28,15,24.0,18.4,71.0,0.0,,90.0,7.6,,1016.0,,5.0
2024-12-28,16,23.0,18.1,74.0,0.0,,100.0,5.4,,1020.0,,5.0
2024-12-28,17,22.0,18.0,78.0,0.0,,70.0,5.4,,1020.0,,5.0
2024-12-28,18,22.0,18.6,81.0,0.0,,0.0,0.0,,1017.3,,2.0
2024-12-28,19,21.1,18.7,86.0,0.0,,142.0,0.0,,1016.2,,2.0
2024-12-28,20,20.8,18.6,87.0,0.0,,142.0,0.0,,1015.9,,2.0
2024-12-28,21,20.6,18.4,87.0,0.0,,0.0,0.0,,1015.9,,2.0
2024-12-28,22,20.1,18.6,91.0,0.0,,137.0,0.0,,1015.6,,2.0
2024-12-28,23,19.8,18.5,92.0,0.0,,133.0,0.0,,1015.7,,2.0
2024-12-29,0,20.4,18.9,91.0,0.0,,0.0,0.0,,1015.8,,2.0
2024-12-29,1,19.0,18.0,94.0,0.0,,115.0,2.0,,1019.0,,5.0
2024-12-29,2,20.0,18.0,88.0,0.0,,120.0,7.6,,1020.0,,5.0
2024-12-29,3,21.6,18.6,83.0,0.0,,90.0,3.6,,1018.0,,5.0
2024-12-29,4,24.0,18.0,69.0,0.0,,130.0,11.2,,1021.0,,5.0
2024-12-29,5,24.5,17.0,63.0,0.0,,110.0,3.7,,1017.1,,1.0
2024-12-29,6,27.0,19.9,65.0,0.0,,180.0,3.6,,1016.2,,5.0
2024-12-29,7,29.0,16.9,48.0,0.0,,150.0,9.4,,1018.0,,5.0
2024-12-29,8,30.0,16.1,43.0,0.0,,160.0,5.4,,1017.0,,5.0
2024-12-29,9,29.6,16.1,44.0,0.0,,110.0,7.6,,1012.6,,5.0
2024-12-29,10,29.0,15.2,43.0,0.0,,110.0,11.2,,1016.0,,5.0
2024-12-29,11,28.0,15.0,45.0,0.0,,100.0,7.6,,1017.0,,5.0
2024-12-29,12,28.0,16.0,48.0,0.0,,90.0,9.4,,1012.8,,5.0
2024-12-29,13,25.0,15.9,57.0,0.0,,90.0,11.2,,1018.0,,5.0
2024-12-29,14,24.0,17.0,65.0,0.0,,100.0,9.4,,1019.0,,5.0
2024-12-29,15,24.6,18.1,67.0,0.0,,100.0,7.6,,1016.2,,5.0
2024-12-29,16,21.0,16.0,73.0,0.0,,264.0,3.6,,1020.0,,5.0
2024-12-29,17,22.5,17.8,75.0,0.0,,264.0,1.8,,1016.5,,1.0
2024-12-29,18,21.2,15.7,71.0,0.0,,0.0,0.0,,1017.1,,1.0
2024-12-29,19,20.9,17.9,83.0,0.0,,272.0,0.0,,1016.4,,1.0
2024-12-29,20,20.4,17.8,85.0,0.0,,333.0,0.0,,1016.1,,1.0
2024-12-29,21,20.4,15.6,74.0,0.0,,0.0,0.0,,1016.1,,1.0
2024-12-29,22,19.0,15.9,82.0,0.0,,356.0,0.0,,1016.1,,1.0
2024-12-29,23,18.6,16.0,85.0,0.0,,174.0,0.0,,1016.1,,1.0
2024-12-30,0,17.8,16.1,90.0,0.0,,0.0,0.0,,1015.8,,1.0
2024-12-30,1,16.0,15.0,94.0,0.0,,25.0,2.0,,1019.0,,5.0
2024-12-30,2,17.0,15.0,88.0,0.0,,70.0,1.8,,1019.0,,5.0
2024-12-30,3,21.0,18.6,86.0,0.0,,0.0,0.0,,1017.5,,5.0
2024-12-30,4,25.0,17.0,61.0,0.0,,70.0,7.6,,1021.0,,5.0
2024-12-30,5,27.0,16.9,54.0,0.0,,110.0,7.6,,1020.0,,5.0
2024-12-30,6,27.6,17.5,54.0,0.0,,100.0,9.4,,1015.8,,5.0
2024-12-30,7,29.0,15.9,45.0,0.0,,80.0,9.4,,1018.0,,5.0
2024-12-30,8,30.0,14.1,38.0,0.0,,110.0,11.0,,1017.0,,5.0
2024-12-30,9,29.8,15.1,41.0,0.0,,40.0,3.6,,1012.8,,5.0
2024-12-30,10,30.0,11.0,31.0,0.0,,50.0,7.6,,1017.0,,5.0
2024-12-30,11,28.0,13.1,40.0,0.0,,120.0,11.2,,1017.0,,5.0
2024-12-30,12,27.8,15.5,47.0,0.0,,110.0,9.4,,1013.8,,5.0
2024-12-30,13,25.0,15.0,54.0,0.0,,100.0,7.6,,1018.0,,5.0
2024-12-30,14,24.0,16.0,61.0,0.0,,90.0,7.0,,1019.0,,5.0
2024-12-30,15,25.0,16.2,58.0,0.0,,90.0,5.4,,1016.4,,5.0
2024-12-30,16,24.0,15.0,57.0,0.0,,120.0,7.6,,1021.0,,5.0
2024-12-30,17,20.0,16.0,78.0,0.0,,86.0,3.6,,1020.0,,5.0
2024-12-30,18,21.6,17.2,76.0,0.0,,69.0,1.8,,1017.5,,5.0
2024-12-30,19,21.0,16.6,76.0,0.0,,61.0,1.8,,1016.6,,2.0
2024-12-30,20,20.4,16.6,79.0,0.0,,40.0,1.8,,1016.4,,2.0
2024-12-30,21,20.6,17.0,80.0,0.0,,0.0,0.0,,1015.6,,2.0
2024-12-30,22,19.9,17.1,84.0,0.0,,353.0,0.0,,1015.9,,2.0
2024-12-30,23,19.2,17.0,87.0,0.0,,11.0,0.0,,1016.2,,2.0
2024-12-31,0,19.0,17.1,89.0,0.0,,0.0,0.0,,1016.6,,2.0
2024-12-31,1,17.0,16.0,94.0,0.0,,70.0,2.0,,1020.0,,5.0
2024-12-31,2,18.0,17.0,94.0,0.0,,90.0,1.8,,1021.0,,5.0
2024-12-31,3,22.4,18.4,78.0,0.0,,0.0,0.0,,1018.1,,5.0
2024-12-31,4,25.0,17.0,61.0,0.0,,120.0,7.6,,1022.0,,5.0
2024-12-31,5,27.0,16.9,54.0,0.0,,160.0,9.4,,1021.0,,5.0
2024-12-31,6,27.4,17.6,55.0,0.0,,100.0,11.2,,1016.7,,5.0
2024-12-31,7,29.0,14.0,40.0,0.0,,70.0,11.2,,1020.0,,5.0
2024-12-31,8,28.1,14.3,43.0,0.0,,96.0,3.7,,1014.6,,2.0
2024-12-31,9,29.2,14.2,40.0,0.0,,50.0,5.4,,1013.3,,2.0
2024-12-31,10,28.0,13.1,40.0,0.0,,50.0,11.0,,1017.0,,2.0
2024-12-31,11,27.0,14.1,45.0,0.0,,90.0,9.0,,1017.0,,5.0
2024-12-31,12,27.6,15.3,47.0,0.0,,110.0,3.6,,1013.4,,5.0
2024-12-31,13,25.0,15.0,54.0,0.0,,90.0,5.4,,1018.0,,5.0
2024-12-31,14,24.0,16.0,61.0,0.0,,90.0,7.6,,1019.0,,5.0
2024-12-31,15,24.8,17.0,62.0,0.0,,70.0,5.4,,1015.9,,5.0
2024-12-31,16,23.0,16.1,65.0,0.0,,40.0,5.4,,1020.0,,5.0
2024-12-31,17,22.6,16.9,70.0,0.0,,292.0,1.8,,1016.1,,2.0
2024-12-31,18,22.0,17.4,75.0,0.0,,6.0,3.6,,1016.7,,2.0
2024-12-31,19,20.9,16.9,78.0,0.0,,1.0,0.0,,1015.9,,2.0
2024-12-31,20,20.4,17.0,81.0,0.0,,54.0,0.0,,1015.7,,2.0
2024-12-31,21,20.8,17.6,82.0,0.0,,0.0,0.0,,1015.3,,2.0
2024-12-31,22,20.1,17.5,85.0,0.0,,,0.0,,1015.3,,2.0
2024-12-31,23,19.4,17.2,87.0,0.0,,334.0,0.0,,1015.3,,2.0
