date,hour,temp,dwpt,rhum,prcp,snow,wdir,wspd,wpgt,pres,tsun,coco
2025-01-01,0,17.4,13.9,80.0,0.0,,50.0,7.6,,1015.6,,1.0
2025-01-01,1,16.0,12.9,82.0,0.0,,20.0,14.8,,1015.0,,5.0
2025-01-01,2,16.0,12.9,82.0,0.0,,30.0,14.8,,1017.0,,5.0
2025-01-01,3,17.2,13.3,78.0,0.0,,50.0,5.4,,1017.9,,5.0
2025-01-01,4,18.0,12.0,68.0,0.0,,20.0,13.0,,1018.0,,5.0
2025-01-01,5,20.0,13.0,64.0,0.0,,20.0,13.0,,1018.0,,5.0
2025-01-01,6,23.8,15.8,61.0,0.0,,50.0,9.4,,1018.1,,5.0
2025-01-01,7,24.0,15.0,57.0,0.0,,40.0,14.8,,1016.0,,5.0
2025-01-01,8,25.0,15.0,54.0,0.0,,50.0,11.2,,1014.0,,1.0
2025-01-01,9,27.0,16.3,52.0,0.0,,50.0,5.4,,1014.9,,1.0
2025-01-01,10,27.0,14.1,45.0,0.0,,30.0,13.0,,1013.0,,1.0
2025-01-01,11,26.0,14.1,48.0,0.0,,360.0,11.2,,1013.0,,1.0
2025-01-01,12,26.8,14.5,47.0,0.0,,50.0,5.4,,1013.6,,1.0
2025-01-01,13,24.0,12.9,50.0,0.0,,360.0,11.2,,1014.0,,1.0
2025-01-01,14,22.0,13.1,57.0,0.0,,10.0,7.6,,1015.0,,1.0
2025-01-01,15,21.2,15.5,70.0,0.0,,360.0,7.6,,1015.9,,5.0
2025-01-01,16,21.0,12.9,60.0,0.0,,20.0,9.4,,1016.0,,5.0
2025-01-01,17,20.0,10.1,53.0,0.0,,10.0,13.0,,1016.0,,5.0
2025-01-01,18,20.2,11.1,56.0,0.0,,360.0,9.4,,1016.6,,5.0
2025-01-01,19,19.0,11.1,60.0,0.0,,40.0,14.8,,1016.0,,5.0
2025-01-01,20,18.0,11.1,64.0,0.0,,40.0,13.0,,1015.0,,5.0
2025-01-01,21,18.4,11.9,66.0,0.0,,50.0,7.6,,1015.5,,5.0
2025-01-01,22,17.0,11.9,72.0,0.0,,30.0,16.6,,1015.0,,5.0
2025-01-01,23,16.0,11.0,72.0,0.0,,20.0,14.8,,1015.0,,5.0
2025-01-02,0,17.0,10.6,66.0,0.0,,50.0,5.4,,1015.2,,5.0
2025-01-02,1,15.0,8.9,67.0,0.0,,20.0,14.8,,1015.0,,5.0
2025-01-02,2,15.0,8.9,67.0,0.0,,20.0,13.0,,1016.0,,5.0
2025-01-02,3,17.4,9.8,61.0,0.0,,50.0,9.4,,1017.2,,5.0
2025-01-02,4,19.0,11.1,60.0,0.0,,50.0,16.6,,1018.0,,1.0
2025-01-02,5,21.0,11.9,56.0,0.0,,50.0,16.6,,1018.0,,1.0
2025-01-02,6,24.4,13.6,51.0,0.0,,50.0,7.6,,1017.7,,1.0
2025-01-02,7,25.0,12.9,47.0,0.0,,50.0,11.2,,1015.0,,1.0
2025-01-02,8,27.0,14.1,45.0,0.0,,50.0,13.0,,1014.0,,1.0
2025-01-02,9,28.4,14.6,43.0,0.0,,50.0,5.4,,1013.9,,1.0
2025-01-02,10,29.0,14.0,40.0,0.0,,30.0,7.6,,1013.0,,1.0
2025-01-02,11,28.0,15.0,45.0,0.0,,40.0,7.6,,1013.0,,1.0
2025-01-02,12,28.6,16.5,48.0,0.0,,50.0,9.4,,1013.6,,1.0
2025-01-02,13,26.0,15.1,51.0,0.0,,10.0,7.6,,1014.0,,1.0
2025-01-02,14,25.0,14.2,51.0,0.0,,10.0,7.6,,1015.0,,1.0
2025-01-02,15,22.0,16.1,69.0,0.0,,20.0,3.6,,1015.7,,5.0
2025-01-02,16,20.0,15.0,73.0,0.0,,10.0,3.6,,1016.0,,5.0
2025-01-02,17,20.0,13.9,68.0,0.0,,20.0,5.4,,1016.0,,5.0
2025-01-02,18,18.6,15.3,81.0,0.0,,360.0,3.6,,1016.2,,1.0
2025-01-02,19,19.0,10.0,56.0,0.0,,20.0,5.4,,1015.0,,5.0
2025-01-02,20,17.0,8.9,59.0,0.0,,0.0,0.0,,1015.0,,5.0
2025-01-02,21,16.6,10.2,66.0,0.0,,50.0,5.4,,1015.5,,1.0
2025-01-02,22,16.0,7.0,55.0,0.0,,20.0,5.4,,1014.0,,1.0
2025-01-02,23,16.0,8.0,59.0,0.0,,10.0,5.4,,1015.0,,1.0
2025-01-03,0,16.6,9.8,64.0,0.0,,50.0,3.6,,1015.2,,1.0
2025-01-03,1,16.0,9.0,63.0,0.0,,50.0,5.4,,1015.0,,5.0
2025-01-03,2,17.0,8.9,59.0,0.0,,40.0,5.4,,1015.0,,5.0
2025-01-03,3,18.6,10.9,61.0,0.0,,50.0,5.4,,1016.6,,5.0
2025-01-03,4,18.0,10.1,60.0,0.0,,20.0,11.2,,1017.0,,5.0
2025-01-03,5,22.0,10.2,47.0,0.0,,20.0,9.4,,1017.0,,5.0
2025-01-03,6,25.0,12.9,47.0,0.0,,50.0,3.6,,1017.4,,5.0
2025-01-03,7,25.0,10.8,41.0,0.0,,10.0,7.6,,1015.0,,1.0
2025-01-03,8,27.0,11.1,37.0,0.0,,10.0,7.6,,1014.0,,1.0
2025-01-03,9,30.6,12.0,32.0,0.0,,340.0,3.6,,1014.2,,1.0
2025-01-03,10,30.0,7.2,24.0,0.0,,100.0,5.4,,1013.0,,1.0
2025-01-03,11,29.0,10.2,31.0,0.0,,10.0,7.6,,1013.0,,1.0
2025-01-03,12,29.4,14.0,39.0,0.0,,360.0,5.4,,1013.2,,1.0
2025-01-03,13,25.0,10.8,41.0,0.0,,0.0,0.0,,1013.0,,1.0
2025-01-03,14,23.0,12.0,50.0,0.0,,0.0,0.0,,1014.0,,1.0
2025-01-03,15,22.0,14.6,63.0,0.0,,360.0,7.6,,1014.4,,1.0
2025-01-03,16,21.0,11.9,56.0,0.0,,30.0,3.6,,1014.0,,1.0
2025-01-03,17,21.0,12.9,60.0,0.0,,360.0,5.4,,1014.0,,5.0
2025-01-03,18,18.0,14.3,79.0,0.0,,10.0,3.6,,1014.7,,5.0
2025-01-03,19,18.0,14.1,78.0,0.0,,360.0,3.6,,1014.0,,5.0
2025-01-03,20,17.0,12.9,77.0,0.0,,30.0,3.6,,1013.0,,5.0
2025-01-03,21,16.6,12.9,79.0,0.0,,0.0,0.0,,1013.9,,5.0
2025-01-03,22,16.0,12.0,77.0,0.0,,10.0,3.6,,1013.0,,5.0
2025-01-03,23,17.0,11.1,68.0,0.0,,20.0,9.4,,1013.0,,5.0
2025-01-04,0,16.8,12.9,78.0,0.0,,330.0,3.6,,1013.2,,5.0
2025-01-04,1,16.0,11.0,72.0,0.0,,0.0,0.0,,1014.0,,5.0
2025-01-04,2,15.0,11.0,77.0,0.0,,350.0,5.4,,1014.0,,5.0
2025-01-04,3,18.4,11.5,64.0,0.0,,360.0,3.6,,1015.7,,5.0
2025-01-04,4,19.0,11.1,60.0,0.0,,30.0,9.4,,1016.0,,5.0
2025-01-04,5,22.0,11.1,50.0,0.0,,50.0,7.6,,1016.0,,1.0
2025-01-04,6,26.4,11.7,40.0,0.0,,0.0,0.0,,1015.8,,1.0
2025-01-04,7,27.0,11.1,37.0,0.0,,90.0,5.4,,1013.0,,1.0
2025-01-04,8,28.0,11.1,35.0,0.0,,70.0,5.4,,1013.0,,1.0
2025-01-04,9,30.4,11.4,31.0,0.0,,360.0,5.4,,1012.0,,1.0
2025-01-04,10,30.0,9.0,27.0,0.0,,280.0,7.6,,1011.0,,1.0
2025-01-04,11,30.0,9.0,27.0,0.0,,340.0,5.4,,1011.0,,1.0
2025-01-04,12,29.6,12.5,35.0,0.0,,300.0,5.4,,1011.6,,1.0
2025-01-04,13,25.0,10.8,41.0,0.0,,20.0,5.4,,1012.0,,1.0
2025-01-04,14,24.0,12.0,47.0,0.0,,20.0,3.6,,1013.0,,1.0
2025-01-04,15,23.0,14.6,59.0,0.0,,300.0,5.4,,1013.3,,5.0
2025-01-04,16,22.0,13.1,57.0,0.0,,350.0,3.6,,1013.0,,5.0
2025-01-04,17,21.0,13.9,64.0,0.0,,0.0,0.0,,1013.0,,5.0
2025-01-04,18,20.2,15.4,74.0,0.0,,320.0,5.4,,1013.6,,5.0
2025-01-04,19,20.0,13.9,68.0,0.0,,300.0,5.4,,1013.0,,5.0
2025-01-04,20,19.0,14.1,73.0,0.0,,0.0,0.0,,1012.0,,5.0
2025-01-04,21,20.0,15.0,73.0,0.0,,360.0,3.6,,1013.0,,5.0
2025-01-04,22,18.0,13.1,73.0,0.0,,330.0,5.4,,1012.0,,5.0
2025-01-04,23,18.0,12.0,68.0,0.0,,310.0,3.6,,1012.0,,5.0
2025-01-05,0,18.0,13.5,75.0,0.0,,20.0,3.6,,1012.3,,5.0
2025-01-05,1,18.0,13.1,73.0,0.0,,340.0,3.6,,1013.0,,5.0
2025-01-05,2,17.0,12.9,77.0,0.0,,0.0,0.0,,1013.0,,5.0
2025-01-05,3,16.6,13.9,84.0,0.0,,0.0,0.0,,1014.2,,1.0
2025-01-05,4,18.0,13.1,73.0,0.0,,300.0,5.4,,1015.0,,5.0
2025-01-05,5,20.0,13.0,64.0,0.0,,260.0,5.4,,1015.0,,2.0
2025-01-05,6,24.8,14.3,52.0,0.0,,320.0,3.6,,1014.8,,2.0
2025-01-05,7,26.0,13.2,45.0,0.0,,240.0,5.4,,1013.0,,1.0
2025-01-05,8,26.0,12.1,42.0,0.0,,290.0,11.2,,1012.0,,1.0
2025-01-05,9,28.4,13.1,39.0,0.0,,90.0,5.4,,1011.9,,1.0
2025-01-05,10,27.0,11.9,39.0,0.0,,240.0,11.2,,1011.0,,1.0
2025-01-05,11,27.0,11.9,39.0,0.0,,260.0,13.0,,1011.0,,1.0
2025-01-05,12,26.6,12.6,42.0,0.0,,320.0,5.4,,1011.7,,1.0
2025-01-05,13,23.0,11.1,47.0,0.0,,280.0,7.6,,1012.0,,1.0
2025-01-05,14,22.0,11.1,50.0,0.0,,280.0,7.6,,1013.0,,1.0
2025-01-05,15,22.8,12.7,53.0,0.0,,340.0,7.6,,1014.1,,1.0
2025-01-05,16,20.0,11.0,56.0,0.0,,290.0,9.4,,1014.0,,1.0
2025-01-05,17,20.0,10.1,53.0,0.0,,320.0,9.4,,1014.0,,1.0
2025-01-05,18,20.4,9.6,50.0,0.0,,340.0,5.4,,1014.5,,1.0
2025-01-05,19,18.0,8.0,52.0,0.0,,290.0,3.6,,1014.0,,1.0
2025-01-05,20,18.0,7.1,49.0,0.0,,300.0,7.6,,1013.0,,1.0
2025-01-05,21,18.8,4.5,39.0,0.0,,340.0,5.4,,1013.7,,1.0
2025-01-05,22,16.0,7.0,55.0,0.0,,330.0,5.4,,1013.0,,1.0
2025-01-05,23,15.0,7.1,59.0,0.0,,300.0,7.6,,1013.0,,5.0
2025-01-06,0,16.2,8.9,62.0,0.0,,340.0,5.4,,1013.8,,5.0
2025-01-06,1,13.0,8.1,72.0,0.0,,0.0,0.0,,1014.0,,5.0
2025-01-06,2,13.0,8.1,72.0,0.0,,0.0,0.0,,1015.0,,5.0
2025-01-06,3,15.4,10.2,71.0,0.0,,320.0,3.6,,1016.2,,5.0
2025-01-06,4,15.0,8.9,67.0,0.0,,360.0,7.6,,1017.0,,5.0
2025-01-06,5,19.0,8.0,49.0,0.0,,10.0,14.8,,1017.0,,1.0
2025-01-06,6,23.4,9.4,41.0,0.0,,360.0,9.4,,1017.0,,1.0
2025-01-06,7,23.0,7.9,38.0,0.0,,10.0,14.8,,1015.0,,1.0
2025-01-06,8,24.0,7.2,34.0,0.0,,10.0,7.6,,1014.0,,1.0
2025-01-06,9,27.0,8.4,31.0,0.0,,320.0,5.4,,1014.1,,1.0
2025-01-06,10,25.0,6.2,30.0,0.0,,10.0,20.5,,1013.0,,1.0
2025-01-06,11,25.0,6.2,30.0,0.0,,320.0,13.0,,1013.0,,1.0
2025-01-06,12,26.0,7.1,30.0,0.0,,360.0,3.6,,1013.5,,1.0
2025-01-06,13,23.0,7.1,36.0,0.0,,300.0,9.4,,1014.0,,1.0
2025-01-06,14,22.0,8.1,41.0,0.0,,300.0,9.4,,1015.0,,1.0
2025-01-06,15,21.2,7.8,42.0,0.0,,360.0,9.4,,1015.7,,1.0
2025-01-06,16,20.0,6.0,40.0,0.0,,320.0,9.4,,1016.0,,1.0
2025-01-06,17,18.0,7.1,49.0,0.0,,320.0,9.4,,1016.0,,1.0
2025-01-06,18,17.6,7.9,53.0,0.0,,360.0,5.4,,1016.7,,1.0
2025-01-06,19,18.0,4.9,42.0,0.0,,360.0,13.0,,1016.0,,1.0
2025-01-06,20,16.0,6.1,52.0,0.0,,360.0,5.4,,1016.0,,1.0
2025-01-06,21,16.6,7.0,53.0,0.0,,20.0,7.6,,1016.8,,1.0
2025-01-06,22,15.0,7.1,59.0,0.0,,20.0,14.8,,1016.0,,1.0
2025-01-06,23,14.0,6.1,59.0,0.0,,20.0,14.8,,1016.0,,1.0
2025-01-07,0,15.4,6.4,55.0,0.0,,20.0,9.4,,1017.0,,1.0
2025-01-07,1,14.0,5.1,55.0,0.0,,20.0,18.4,,1017.0,,1.0
2025-01-07,2,14.0,5.1,55.0,0.0,,30.0,16.6,,1018.0,,1.0
2025-01-07,3,15.0,6.8,58.0,0.0,,50.0,9.4,,1019.3,,1.0
2025-01-07,4,17.0,7.1,52.0,0.0,,30.0,18.4,,1020.0,,1.0
2025-01-07,5,19.0,8.0,49.0,0.0,,20.0,18.4,,1020.0,,1.0
2025-01-07,6,23.0,9.4,42.0,0.0,,50.0,9.4,,1020.1,,1.0
2025-01-07,7,23.0,5.9,33.0,0.0,,30.0,24.1,,1017.0,,1.0
2025-01-07,8,23.0,5.0,31.0,0.0,,10.0,22.3,,1016.0,,1.0
2025-01-07,9,24.6,7.3,33.0,0.0,,20.0,14.8,,1015.6,,1.0
2025-01-07,10,24.0,5.8,31.0,0.0,,50.0,9.4,,1014.0,,1.0
2025-01-07,11,24.0,3.8,27.0,0.0,,350.0,13.0,,1014.0,,1.0
2025-01-07,12,24.0,4.9,29.0,0.0,,20.0,11.2,,1014.9,,1.0
2025-01-07,13,21.0,4.1,33.0,0.0,,360.0,9.4,,1015.0,,1.0
2025-01-07,14,20.0,4.1,35.0,0.0,,20.0,9.4,,1015.0,,1.0
2025-01-07,15,17.0,9.4,61.0,0.0,,360.0,3.6,,1015.3,,1.0
2025-01-07,16,18.0,5.9,45.0,0.0,,0.0,0.0,,1016.0,,1.0
2025-01-07,17,17.0,5.9,48.0,0.0,,350.0,3.6,,1016.0,,1.0
2025-01-07,18,14.4,9.8,74.0,0.0,,0.0,0.0,,1016.9,,1.0
2025-01-07,19,15.0,6.0,55.0,0.0,,10.0,9.4,,1015.0,,1.0
2025-01-07,20,15.0,4.9,51.0,0.0,,10.0,7.6,,1015.0,,1.0
2025-01-07,21,13.8,9.4,75.0,0.0,,0.0,0.0,,1015.4,,1.0
2025-01-07,22,15.0,4.1,48.0,0.0,,60.0,13.0,,1014.0,,1.0
2025-01-07,23,15.0,4.9,51.0,0.0,,70.0,18.4,,1015.0,,1.0
2025-01-08,0,13.8,6.4,61.0,0.0,,50.0,3.6,,1015.9,,1.0
2025-01-08,1,14.0,4.0,51.0,0.0,,60.0,9.4,,1016.0,,1.0
2025-01-08,2,13.0,3.9,54.0,0.0,,60.0,16.6,,1017.0,,1.0
2025-01-08,3,14.8,5.0,52.0,0.0,,90.0,7.6,,1018.3,,1.0
2025-01-08,4,16.0,5.0,48.0,0.0,,40.0,18.4,,1018.0,,1.0
2025-01-08,5,18.0,5.9,45.0,0.0,,40.0,18.4,,1018.0,,1.0
2025-01-08,6,21.8,7.2,39.0,0.0,,90.0,9.4,,1018.3,,1.0
2025-01-08,7,22.0,5.8,35.0,0.0,,50.0,14.8,,1015.0,,1.0
2025-01-08,8,23.0,5.9,33.0,0.0,,80.0,14.8,,1015.0,,1.0
2025-01-08,9,25.4,6.1,29.0,0.0,,20.0,9.4,,1014.4,,1.0
2025-01-08,10,23.0,1.9,25.0,0.0,,40.0,14.8,,1013.0,,2.0
2025-01-08,11,24.0,2.2,24.0,0.0,,20.0,14.8,,1013.0,,2.0
2025-01-08,12,24.0,6.3,32.0,0.0,,50.0,9.4,,1013.8,,2.0
2025-01-08,13,21.0,5.0,35.0,0.0,,20.0,7.6,,1014.0,,2.0
2025-01-08,14,19.0,6.1,43.0,0.0,,20.0,5.4,,1014.0,,1.0
2025-01-08,15,17.4,10.3,63.0,0.0,,10.0,5.4,,1015.0,,1.0
2025-01-08,16,18.0,5.9,45.0,0.0,,10.0,9.4,,1015.0,,1.0
2025-01-08,17,16.0,7.0,55.0,0.0,,20.0,11.2,,1014.0,,1.0
2025-01-08,18,16.0,6.7,54.0,0.0,,50.0,3.6,,1015.1,,1.0
2025-01-08,19,15.0,4.9,51.0,0.0,,10.0,14.8,,1014.0,,1.0
2025-01-08,20,14.0,5.1,55.0,0.0,,20.0,16.6,,1014.0,,1.0
2025-01-08,21,16.0,5.6,50.0,0.0,,50.0,7.6,,1014.4,,1.0
2025-01-08,22,13.0,6.1,63.0,0.0,,10.0,13.0,,1013.0,,5.0
2025-01-08,23,14.0,5.1,55.0,0.0,,30.0,11.2,,1013.0,,5.0
2025-01-09,0,14.4,6.7,60.0,0.0,,360.0,7.6,,1014.2,,5.0
2025-01-09,1,12.0,6.1,67.0,0.0,,20.0,13.0,,1015.0,,5.0
2025-01-09,2,14.0,7.1,63.0,0.0,,30.0,11.2,,1015.0,,5.0
2025-01-09,3,15.6,7.1,57.0,0.0,,70.0,7.6,,1016.8,,1.0
2025-01-09,4,17.0,7.1,52.0,0.0,,50.0,14.8,,1017.0,,2.0
2025-01-09,5,21.0,6.9,40.0,0.0,,60.0,13.0,,1017.0,,2.0
2025-01-09,6,23.4,9.0,40.0,0.0,,90.0,9.4,,1016.8,,1.0
2025-01-09,7,24.0,8.0,36.0,0.0,,60.0,13.0,,1014.0,,1.0
2025-01-09,8,26.0,7.1,30.0,0.0,,40.0,11.2,,1014.0,,1.0
2025-01-09,9,27.0,8.0,30.0,0.0,,70.0,9.4,,1014.4,,1.0
2025-01-09,10,27.0,6.9,28.0,0.0,,30.0,13.0,,1012.0,,2.0
2025-01-09,11,27.0,6.9,28.0,0.0,,40.0,7.6,,1013.0,,1.0
2025-01-09,12,26.0,10.2,37.0,0.0,,20.0,5.4,,1013.5,,1.0
2025-01-09,13,23.0,9.0,41.0,0.0,,20.0,9.4,,1013.0,,1.0
2025-01-09,14,21.0,9.9,49.0,0.0,,30.0,9.4,,1014.0,,1.0
2025-01-09,15,20.4,11.3,56.0,0.0,,360.0,5.4,,1015.1,,1.0
2025-01-09,16,20.0,7.0,43.0,0.0,,40.0,5.4,,1015.0,,1.0
2025-01-09,17,20.0,4.9,37.0,0.0,,40.0,11.2,,1015.0,,1.0
2025-01-09,18,20.2,5.0,37.0,0.0,,90.0,9.4,,1015.9,,1.0
2025-01-09,19,20.0,4.9,37.0,0.0,,50.0,14.8,,1015.0,,1.0
2025-01-09,20,17.0,7.1,52.0,0.0,,20.0,11.2,,1014.0,,1.0
2025-01-09,21,17.6,8.7,56.0,0.0,,70.0,11.2,,1014.9,,1.0
2025-01-09,22,16.0,8.0,59.0,0.0,,20.0,11.2,,1014.0,,1.0
2025-01-09,23,15.0,8.0,63.0,0.0,,20.0,11.0,,1014.0,,5.0
2025-01-10,0,16.2,9.4,64.0,0.0,,20.0,7.6,,1015.0,,5.0
2025-01-10,1,15.0,8.9,67.0,0.0,,30.0,14.8,,1015.0,,5.0
2025-01-10,2,15.0,8.9,67.0,0.0,,30.0,9.4,,1016.0,,5.0
2025-01-10,3,16.4,10.0,66.0,0.0,,50.0,3.6,,1017.0,,5.0
2025-01-10,4,19.0,10.0,56.0,0.0,,40.0,13.0,,1017.0,,1.0
2025-01-10,5,21.0,9.9,49.0,0.0,,40.0,13.0,,1017.0,,1.0
2025-01-10,6,23.8,11.5,46.0,0.0,,50.0,3.6,,1017.5,,1.0
2025-01-10,7,25.0,10.8,41.0,0.0,,40.0,11.2,,1015.0,,1.0
2025-01-10,8,26.0,10.2,37.0,0.0,,50.0,3.6,,1014.0,,1.0
2025-01-10,9,28.6,12.5,37.0,0.0,,90.0,3.6,,1013.5,,1.0
2025-01-10,10,28.0,8.8,30.0,0.0,,140.0,5.4,,1012.0,,2.0
2025-01-10,11,28.0,10.2,33.0,0.0,,50.0,5.4,,1012.0,,2.0
2025-01-10,12,27.6,13.9,43.0,0.0,,360.0,3.6,,1012.2,,2.0
2025-01-10,13,24.0,12.0,47.0,0.0,,20.0,7.6,,1013.0,,2.0
2025-01-10,14,23.0,12.9,53.0,0.0,,20.0,5.4,,1014.0,,1.0
2025-01-10,15,22.8,15.4,63.0,0.0,,360.0,3.6,,1014.3,,1.0
2025-01-10,16,23.0,12.9,53.0,0.0,,340.0,5.4,,1014.0,,1.0
2025-01-10,17,22.0,13.1,57.0,0.0,,20.0,5.4,,1014.0,,1.0
2025-01-10,18,20.4,15.0,71.0,0.0,,50.0,3.6,,1014.4,,1.0
2025-01-10,19,22.0,12.0,53.0,0.0,,70.0,5.4,,1013.0,,1.0
2025-01-10,20,21.0,11.9,56.0,0.0,,70.0,5.4,,1013.0,,1.0
2025-01-10,21,19.6,14.2,71.0,0.0,,0.0,0.0,,1013.7,,1.0
2025-01-10,22,21.0,11.1,53.0,0.0,,0.0,0.0,,1013.0,,3.0
2025-01-10,23,19.0,12.0,64.0,0.0,,240.0,3.6,,1013.0,,3.0
2025-01-11,0,18.4,13.5,73.0,0.0,,10.0,3.6,,1013.6,,5.0
2025-01-11,1,18.0,12.0,68.0,0.0,,70.0,3.6,,1013.0,,5.0
2025-01-11,2,17.0,11.1,68.0,0.0,,0.0,0.0,,1014.9,,2.0
2025-01-11,3,18.4,14.3,77.0,0.0,,350.0,5.4,,1015.4,,2.0
2025-01-11,4,18.0,12.0,68.0,0.0,,310.0,5.4,,1015.6,,2.0
2025-01-11,5,21.0,11.9,56.0,0.0,,290.0,3.6,,1015.8,,2.0
2025-01-11,6,24.6,14.1,52.0,0.0,,270.0,3.6,,1015.9,,2.0
2025-01-11,7,24.0,12.0,47.0,0.0,,260.0,5.4,,1015.2,,2.0
2025-01-11,8,25.0,11.9,44.0,0.0,,220.0,5.4,,1013.0,,5.0
2025-01-11,9,29.0,12.8,37.0,0.0,,180.0,5.4,,1012.6,,2.0
2025-01-11,10,27.0,11.1,37.0,0.0,,270.0,11.2,,1012.0,,1.0
2025-01-11,11,26.0,11.0,39.0,0.0,,270.0,9.4,,1012.0,,1.0
2025-01-11,12,27.0,13.0,42.0,0.0,,320.0,5.4,,1012.5,,1.0
2025-01-11,13,24.0,12.0,47.0,0.0,,280.0,7.6,,1013.0,,1.0
2025-01-11,14,23.0,12.0,50.0,0.0,,300.0,7.6,,1014.0,,1.0
2025-01-11,15,22.6,14.2,59.0,0.0,,50.0,3.6,,1014.9,,1.0
2025-01-11,16,21.0,11.1,53.0,0.0,,310.0,5.4,,1015.0,,1.0
2025-01-11,17,20.0,11.0,56.0,0.0,,360.0,5.4,,1016.0,,1.0
2025-01-11,18,20.4,12.1,59.0,0.0,,340.0,5.4,,1016.0,,1.0
2025-01-11,19,18.0,11.1,64.0,0.0,,310.0,3.6,,1015.0,,5.0
2025-01-11,20,17.0,11.1,68.0,0.0,,340.0,3.6,,1015.0,,5.0
2025-01-11,21,18.4,12.6,69.0,0.0,,350.0,5.4,,1015.7,,5.0
2025-01-11,22,15.0,12.0,82.0,0.0,,320.0,3.6,,1015.0,,5.0
2025-01-11,23,16.0,11.0,72.0,0.0,,10.0,7.6,,1015.0,,5.0
2025-01-12,0,16.2,11.8,75.0,0.0,,20.0,5.4,,1015.8,,5.0
2025-01-12,1,15.0,11.0,77.0,0.0,,10.0,7.6,,1017.0,,5.0
2025-01-12,2,16.0,11.0,72.0,0.0,,40.0,7.6,,1017.5,,1.0
2025-01-12,3,18.0,12.2,69.0,0.0,,20.0,14.8,,1018.7,,5.0
2025-01-12,4,18.0,11.1,64.0,0.0,,20.0,18.4,,1019.0,,5.0
2025-01-12,5,20.0,13.0,64.0,0.0,,40.0,14.8,,1019.0,,5.0
2025-01-12,6,24.2,11.2,44.0,0.0,,50.0,11.2,,1019.0,,1.0
2025-01-12,7,24.0,9.9,41.0,0.0,,40.0,14.8,,1017.0,,1.0
2025-01-12,8,26.0,8.9,34.0,0.0,,30.0,11.2,,1016.0,,1.0
2025-01-12,9,26.4,9.3,34.0,0.0,,90.0,7.6,,1015.9,,1.0
2025-01-12,10,26.0,5.0,26.0,0.0,,20.0,14.8,,1015.0,,1.0
2025-01-12,11,25.0,6.2,30.0,0.0,,20.0,18.4,,1015.0,,1.0
2025-01-12,12,25.8,8.3,33.0,0.0,,20.0,9.4,,1015.5,,1.0
2025-01-12,13,22.0,8.1,41.0,0.0,,0.0,0.0,,1015.0,,1.0
2025-01-12,14,23.0,7.1,36.0,0.0,,320.0,9.4,,1016.0,,1.0
2025-01-12,15,19.0,11.8,63.0,0.0,,350.0,7.6,,1017.4,,1.0
2025-01-12,16,21.0,6.9,40.0,0.0,,350.0,14.8,,1017.0,,1.0
2025-01-12,17,19.0,7.1,46.0,0.0,,360.0,16.6,,1018.0,,1.0
2025-01-12,18,18.6,8.6,52.0,0.0,,50.0,3.6,,1018.1,,1.0
2025-01-12,19,17.0,7.1,52.0,0.0,,10.0,14.8,,1017.0,,1.0
2025-01-12,20,16.0,8.0,59.0,0.0,,20.0,18.4,,1017.0,,1.0
2025-01-12,21,17.0,8.4,57.0,0.0,,50.0,7.6,,1018.1,,1.0
2025-01-12,22,15.0,8.9,67.0,0.0,,30.0,18.4,,1017.0,,5.0
2025-01-12,23,14.0,10.0,77.0,0.0,,40.0,22.3,,1017.0,,5.0
2025-01-13,0,15.0,13.2,89.0,0.0,,50.0,11.2,,1017.7,,1.0
2025-01-13,1,15.1,9.0,67.0,0.0,,42.0,9.3,,1017.8,,1.0
2025-01-13,2,13.0,9.1,77.0,0.0,,30.0,16.6,,1018.0,,5.0
2025-01-13,3,14.2,10.0,76.0,0.0,,50.0,11.2,,1019.4,,5.0
2025-01-13,4,14.0,9.0,72.0,0.0,,30.0,18.4,,1020.0,,5.0
2025-01-13,5,15.0,8.0,63.0,0.0,,40.0,16.6,,1019.0,,5.0
2025-01-13,6,19.4,10.1,55.0,0.0,,50.0,9.4,,1019.5,,5.0
2025-01-13,7,19.0,8.0,49.0,0.0,,10.0,20.5,,1017.0,,5.0
2025-01-13,8,20.0,8.0,46.0,0.0,,10.0,20.5,,1016.0,,1.0
2025-01-13,9,23.2,9.6,42.0,0.0,,50.0,16.6,,1016.9,,1.0
2025-01-13,10,23.0,9.0,41.0,0.0,,340.0,22.3,,1014.0,,1.0
2025-01-13,11,23.0,7.9,38.0,0.0,,350.0,16.6,,1014.0,,1.0
2025-01-13,12,23.0,6.7,35.0,0.0,,50.0,16.6,,1015.5,,1.0
2025-01-13,13,20.0,8.0,46.0,0.0,,20.0,11.2,,1015.0,,1.0
2025-01-13,14,18.0,8.0,52.0,0.0,,10.0,11.2,,1015.0,,1.0
2025-01-13,15,17.8,10.4,62.0,0.0,,30.0,9.4,,1015.9,,1.0
2025-01-13,16,18.0,7.1,49.0,0.0,,50.0,13.0,,1016.0,,1.0
2025-01-13,17,18.0,8.0,52.0,0.0,,30.0,16.6,,1016.0,,1.0
2025-01-13,18,16.8,8.2,57.0,0.0,,360.0,9.4,,1016.9,,1.0
2025-01-13,19,15.0,8.0,63.0,0.0,,30.0,16.6,,1016.0,,5.0
2025-01-13,20,15.0,8.0,63.0,0.0,,40.0,16.6,,1016.0,,5.0
2025-01-13,21,15.0,9.1,68.0,0.0,,20.0,5.4,,1016.8,,5.0
2025-01-13,22,14.0,8.0,67.0,0.0,,30.0,20.5,,1015.0,,5.0
2025-01-13,23,13.0,9.1,77.0,0.0,,30.0,14.8,,1015.0,,5.0
2025-01-14,0,14.0,8.8,71.0,0.0,,50.0,11.2,,1016.1,,5.0
2025-01-14,1,13.0,9.1,77.0,0.0,,30.0,14.8,,1016.0,,5.0
2025-01-14,2,13.0,9.1,77.0,0.0,,30.0,18.4,,1016.0,,5.0
2025-01-14,3,14.4,9.8,74.0,0.0,,360.0,11.2,,1017.7,,5.0
2025-01-14,4,15.0,8.9,67.0,0.0,,30.0,25.9,,1018.0,,5.0
2025-01-14,5,17.0,9.9,63.0,0.0,,50.0,27.7,,1017.0,,5.0
2025-01-14,6,21.0,8.6,45.0,0.0,,360.0,9.4,,1017.6,,1.0
2025-01-14,7,22.0,11.1,50.0,0.0,,30.0,24.1,,1016.0,,1.0
2025-01-14,8,23.0,11.1,47.0,0.0,,30.0,24.1,,1014.0,,1.0
2025-01-14,9,24.6,12.5,47.0,0.0,,70.0,5.4,,1014.0,,1.0
2025-01-14,10,25.0,10.8,41.0,0.0,,20.0,16.6,,1013.0,,1.0
2025-01-14,11,24.0,9.2,39.0,0.0,,350.0,18.4,,1013.0,,1.0
2025-01-14,12,23.8,10.1,42.0,0.0,,50.0,16.6,,1013.8,,1.0
2025-01-14,13,22.0,10.2,47.0,0.0,,340.0,11.2,,1014.0,,1.0
2025-01-14,14,21.0,11.1,53.0,0.0,,320.0,7.6,,1015.0,,1.0
2025-01-14,15,20.0,11.7,59.0,0.0,,360.0,5.4,,1016.5,,1.0
2025-01-14,16,18.0,10.1,60.0,0.0,,360.0,7.6,,1015.0,,5.0
2025-01-14,17,17.0,8.9,59.0,0.0,,360.0,7.6,,1015.0,,5.0
2025-01-14,18,18.0,11.1,64.0,0.0,,360.0,5.4,,1016.4,,5.0
2025-01-14,19,17.0,8.9,59.0,0.0,,360.0,13.0,,1015.0,,5.0
2025-01-14,20,17.0,9.9,63.0,0.0,,20.0,14.8,,1014.0,,5.0
2025-01-14,21,17.4,11.7,69.0,0.0,,50.0,5.4,,1015.7,,5.0
2025-01-14,22,17.0,9.9,63.0,0.0,,20.0,14.8,,1014.0,,5.0
2025-01-14,23,16.0,10.1,68.0,0.0,,20.0,11.2,,1014.0,,5.0
2025-01-15,0,17.2,11.2,68.0,0.0,,50.0,11.2,,1015.4,,5.0
2025-01-15,1,16.0,10.1,68.0,0.0,,10.0,11.2,,1015.0,,5.0
2025-01-15,2,16.0,10.1,68.0,0.0,,30.0,13.0,,1015.0,,5.0
2025-01-15,3,17.6,11.8,69.0,0.0,,20.0,5.4,,1016.4,,5.0
2025-01-15,4,19.0,11.1,60.0,0.0,,20.0,14.8,,1017.0,,5.0
2025-01-15,5,21.0,11.9,56.0,0.1,,40.0,18.4,,1016.0,,1.0
2025-01-15,6,23.2,13.1,53.0,0.0,,70.0,9.4,,1016.7,,1.0
2025-01-15,7,23.0,12.9,53.0,0.0,,20.0,7.6,,1015.0,,1.0
2025-01-15,8,24.0,12.9,50.0,0.0,,330.0,11.2,,1014.0,,1.0
2025-01-15,9,25.8,14.3,49.0,0.2,,360.0,3.6,,1014.1,,1.0
2025-01-15,10,24.0,12.9,50.0,0.0,,300.0,13.0,,1013.0,,2.0
2025-01-15,11,24.0,12.9,50.0,0.0,,320.0,13.0,,1013.0,,2.0
2025-01-15,12,25.0,12.9,47.0,0.0,,360.0,3.6,,1013.9,,2.0
2025-01-15,13,22.0,11.1,50.0,0.0,,310.0,7.6,,1014.0,,2.0
2025-01-15,14,21.0,11.1,53.0,0.0,,280.0,7.6,,1015.0,,2.0
2025-01-15,15,22.2,12.7,55.0,0.0,,360.0,5.4,,1015.8,,2.0
2025-01-15,16,19.0,10.0,56.0,0.0,,340.0,7.6,,1016.0,,2.0
2025-01-15,17,19.0,8.9,52.0,0.0,,330.0,9.4,,1016.0,,2.0
2025-01-15,18,20.0,10.4,54.0,0.0,,360.0,3.6,,1014.5,,2.0
2025-01-15,19,17.0,8.9,59.0,0.0,,310.0,9.4,,1016.0,,2.0
2025-01-15,20,16.0,9.0,63.0,0.0,,300.0,5.4,,1016.0,,1.0
2025-01-15,21,18.6,12.1,66.0,0.0,,320.0,5.4,,1016.4,,5.0
2025-01-15,22,16.0,9.0,63.0,0.0,,340.0,3.6,,1016.0,,5.0
2025-01-15,23,15.0,8.9,67.0,0.0,,320.0,5.4,,1015.0,,5.0
2025-01-16,0,15.6,10.8,73.0,0.0,,360.0,3.6,,1015.9,,5.0
2025-01-16,1,14.0,9.0,72.0,0.0,,330.0,7.6,,1016.0,,5.0
2025-01-16,2,13.0,9.1,77.0,0.0,,320.0,3.6,,1017.0,,5.0
2025-01-16,3,16.0,11.6,75.0,0.0,,360.0,7.6,,1018.7,,5.0
2025-01-16,4,17.0,11.1,68.0,0.0,,10.0,9.4,,1019.0,,5.0
2025-01-16,5,20.0,10.1,53.0,0.0,,350.0,16.6,,1019.0,,1.0
2025-01-16,6,24.8,7.4,33.0,0.0,,360.0,11.2,,1018.9,,1.0
2025-01-16,7,25.0,5.2,28.0,0.0,,350.0,18.4,,1017.0,,1.0
2025-01-16,8,26.0,3.9,24.0,0.0,,350.0,14.8,,1016.0,,1.0
2025-01-16,9,27.4,5.0,24.0,0.0,,20.0,14.8,,1016.6,,1.0
2025-01-16,10,27.0,2.8,21.0,0.0,,30.0,18.4,,1015.0,,1.0
2025-01-16,11,27.0,2.8,21.0,0.0,,30.0,16.6,,1016.0,,1.0
2025-01-16,12,26.4,2.3,21.0,0.0,,50.0,9.4,,1016.3,,1.0
2025-01-16,13,24.0,1.0,22.0,0.0,,350.0,7.6,,1017.0,,1.0
2025-01-16,14,22.0,5.0,33.0,0.0,,360.0,9.4,,1017.0,,1.0
2025-01-16,15,20.0,8.7,48.0,0.0,,30.0,9.4,,1018.6,,1.0
2025-01-16,16,19.0,7.1,46.0,0.0,,20.0,9.4,,1019.0,,1.0
2025-01-16,17,19.0,5.1,40.0,0.0,,30.0,22.3,,1020.0,,1.0
2025-01-16,18,19.0,6.8,45.0,0.0,,50.0,11.2,,1020.0,,1.0
2025-01-16,19,17.0,5.9,48.0,0.0,,20.0,20.5,,1019.0,,1.0
2025-01-16,20,16.0,7.0,55.0,0.0,,20.0,16.6,,1018.0,,1.0
2025-01-16,21,16.2,7.9,58.0,0.0,,70.0,9.4,,1018.6,,1.0
2025-01-16,22,14.0,8.0,67.0,0.0,,30.0,16.6,,1018.0,,5.0
2025-01-16,23,14.0,8.0,67.0,0.0,,30.0,16.6,,1017.0,,5.0
2025-01-17,0,15.0,9.1,68.0,0.0,,90.0,16.6,,1017.6,,5.0
2025-01-17,1,14.0,8.0,67.0,0.0,,50.0,22.3,,1017.0,,5.0
2025-01-17,2,13.0,8.1,72.0,0.0,,30.0,18.4,,1018.0,,5.0
2025-01-17,3,15.4,10.2,71.0,0.0,,50.0,16.6,,1019.4,,5.0
2025-01-17,4,15.0,8.9,67.0,0.0,,30.0,29.5,,1019.0,,5.0
2025-01-17,5,17.0,9.9,63.0,0.0,,30.0,18.4,,1019.0,,5.0
2025-01-17,6,19.8,11.8,60.0,0.0,,50.0,20.5,,1019.3,,5.0
2025-01-17,7,19.0,11.1,60.0,0.0,,30.0,18.4,,1017.0,,5.0
2025-01-17,8,20.0,11.0,56.0,0.0,,30.0,16.6,,1015.0,,5.0
2025-01-17,9,23.2,12.8,52.0,0.0,,20.0,11.2,,1015.0,,1.0
2025-01-17,10,22.0,12.0,53.0,0.0,,30.0,18.4,,1013.0,,1.0
2025-01-17,11,22.0,11.1,50.0,0.0,,10.0,16.6,,1014.0,,1.0
2025-01-17,12,23.0,12.9,53.0,0.0,,50.0,7.6,,1014.6,,1.0
2025-01-17,13,21.0,12.9,60.0,0.0,,30.0,11.2,,1014.0,,1.0
2025-01-17,14,20.0,13.0,64.0,0.0,,30.0,11.2,,1014.0,,1.0
2025-01-17,15,20.6,13.3,63.0,0.0,,20.0,5.4,,1015.2,,5.0
2025-01-17,16,20.0,13.0,64.0,0.0,,40.0,13.0,,1015.0,,5.0
2025-01-17,17,19.0,13.0,68.0,0.0,,40.0,16.6,,1015.0,,5.0
2025-01-17,18,19.2,13.2,68.0,0.0,,50.0,9.4,,1015.7,,5.0
2025-01-17,19,19.0,13.0,68.0,0.0,,50.0,14.8,,1014.0,,5.0
2025-01-17,20,18.0,13.1,73.0,0.0,,40.0,18.4,,1014.0,,5.0
2025-01-17,21,18.6,12.8,69.0,0.0,,50.0,9.4,,1014.7,,5.0
2025-01-17,22,17.0,11.9,72.0,0.0,,40.0,20.5,,1014.0,,5.0
2025-01-17,23,17.0,11.1,68.0,0.0,,40.0,14.8,,1014.0,,5.0
2025-01-18,0,17.6,11.8,69.0,0.0,,50.0,9.4,,1014.5,,5.0
2025-01-18,1,16.0,11.0,72.0,0.0,,30.0,14.8,,1014.0,,5.0
2025-01-18,2,16.0,11.0,72.0,0.0,,40.0,18.4,,1015.0,,5.0
2025-01-18,3,17.4,12.1,71.0,0.0,,50.0,7.6,,1016.3,,5.0
2025-01-18,4,18.0,12.0,68.0,0.0,,40.0,18.4,,1016.0,,5.0
2025-01-18,5,20.0,12.0,60.0,0.0,,50.0,18.4,,1016.0,,5.0
2025-01-18,6,22.4,12.9,55.0,0.0,,90.0,9.4,,1016.6,,1.0
2025-01-18,7,24.0,14.1,54.0,0.0,,70.0,14.8,,1014.0,,1.0
2025-01-18,8,25.0,14.2,51.0,0.0,,50.0,9.4,,1012.0,,1.0
2025-01-18,9,28.0,16.0,48.0,0.0,,70.0,7.6,,1012.9,,1.0
2025-01-18,10,28.0,13.9,42.0,0.0,,50.0,9.4,,1012.0,,1.0
2025-01-18,11,28.0,15.0,45.0,0.0,,20.0,9.4,,1011.0,,1.0
2025-01-18,12,28.0,16.0,48.0,0.0,,70.0,5.4,,1012.2,,1.0
2025-01-18,13,24.0,16.0,61.0,0.0,,20.0,9.4,,1012.0,,5.0
2025-01-18,14,24.0,16.0,61.0,0.0,,70.0,7.6,,1013.0,,5.0
2025-01-18,15,23.0,16.5,67.0,0.0,,70.0,5.4,,1013.6,,5.0
2025-01-18,16,21.0,16.0,73.0,0.0,,0.0,0.0,,1014.0,,5.0
2025-01-18,17,23.0,15.1,61.0,0.0,,50.0,7.6,,1014.0,,5.0
2025-01-18,18,22.0,15.4,66.0,0.0,,90.0,7.6,,1014.7,,5.0
2025-01-18,19,21.0,15.1,69.0,0.0,,10.0,7.6,,1014.0,,5.0
2025-01-18,20,20.0,13.9,68.0,0.0,,30.0,11.2,,1014.0,,5.0
2025-01-18,21,20.6,15.2,71.0,0.0,,50.0,3.6,,1013.7,,5.0
2025-01-18,22,19.0,14.1,73.0,0.0,,360.0,9.4,,1013.0,,5.0
2025-01-18,23,18.0,13.1,73.0,0.0,,10.0,5.4,,1013.0,,5.0
2025-01-19,0,19.0,14.9,77.0,0.0,,70.0,3.6,,1013.8,,5.0
2025-01-19,1,18.0,14.1,78.0,0.0,,20.0,5.4,,1014.0,,5.0
2025-01-19,2,18.0,14.1,78.0,0.0,,40.0,5.4,,1015.0,,5.0
2025-01-19,3,19.2,14.9,76.0,0.0,,30.0,9.4,,1016.1,,5.0
2025-01-19,4,20.0,13.0,64.0,0.0,,50.0,7.6,,1016.0,,5.0
2025-01-19,5,23.0,14.0,57.0,0.0,,60.0,5.4,,1017.0,,5.0
2025-01-19,6,27.8,15.5,47.0,0.0,,70.0,3.6,,1016.7,,1.0
2025-01-19,7,27.0,13.0,42.0,0.0,,40.0,7.6,,1015.0,,1.0
2025-01-19,8,29.0,12.0,35.0,0.0,,190.0,3.6,,1014.0,,1.0
2025-01-19,9,31.2,15.6,39.0,0.0,,140.0,3.6,,1014.2,,1.0
2025-01-19,10,29.0,12.8,37.0,0.0,,30.0,7.6,,1012.0,,1.0
2025-01-19,11,29.0,12.0,35.0,0.0,,10.0,5.4,,1012.0,,1.0
2025-01-19,12,30.0,14.9,40.0,0.0,,20.0,3.6,,1013.2,,1.0
2025-01-19,13,27.0,13.0,42.0,0.0,,30.0,5.4,,1013.0,,1.0
2025-01-19,14,25.0,14.2,51.0,0.0,,0.0,0.0,,1013.0,,1.0
2025-01-19,15,23.6,15.4,60.0,0.0,,10.0,5.4,,1014.1,,1.0
2025-01-19,16,22.0,16.1,69.0,0.0,,350.0,5.4,,1014.0,,1.0
2025-01-19,17,22.0,15.1,65.0,0.0,,0.0,0.0,,1014.0,,5.0
2025-01-19,18,21.0,16.4,75.0,0.0,,10.0,3.6,,1014.5,,5.0
2025-01-19,19,21.0,13.9,64.0,0.0,,330.0,7.6,,1013.0,,5.0
2025-01-19,20,20.0,15.0,73.0,0.0,,20.0,3.6,,1013.0,,5.0
2025-01-19,21,19.6,14.4,72.0,0.0,,360.0,3.6,,1013.9,,5.0
2025-01-19,22,18.0,15.1,83.0,0.0,,0.0,0.0,,1013.0,,5.0
2025-01-19,23,18.0,14.1,78.0,0.0,,20.0,5.4,,1013.0,,5.0
2025-01-20,0,18.0,14.3,79.0,0.0,,20.0,7.6,,1013.3,,5.0
2025-01-20,1,17.0,12.9,77.0,0.0,,20.0,5.4,,1013.0,,5.0
2025-01-20,2,17.0,12.9,77.0,0.0,,20.0,7.6,,1014.0,,5.0
2025-01-20,3,19.4,14.6,74.0,0.0,,360.0,3.6,,1015.4,,5.0
2025-01-20,4,21.0,12.9,60.0,0.0,,30.0,7.6,,1015.0,,5.0
2025-01-20,5,23.0,12.0,50.0,0.0,,80.0,7.6,,1016.0,,1.0
2025-01-20,6,27.6,14.3,44.0,0.0,,0.0,0.0,,1016.2,,1.0
2025-01-20,7,28.0,13.1,40.0,0.0,,0.0,0.0,,1014.0,,1.0
2025-01-20,8,29.0,12.8,37.0,0.0,,10.0,5.4,,1013.0,,1.0
2025-01-20,9,31.0,13.8,35.0,0.0,,320.0,5.4,,1013.5,,1.0
2025-01-20,10,29.0,10.2,31.0,0.0,,300.0,7.6,,1011.0,,2.0
2025-01-20,11,29.0,11.1,33.0,0.0,,340.0,9.4,,1011.0,,2.0
2025-01-20,12,30.0,14.5,39.0,0.0,,20.0,5.4,,1012.2,,2.0
2025-01-20,13,27.0,11.9,39.0,0.0,,10.0,7.6,,1012.0,,2.0
2025-01-20,14,24.0,14.1,54.0,0.0,,10.0,5.4,,1013.0,,1.0
2025-01-20,15,23.8,15.6,60.0,0.0,,10.0,5.4,,1013.5,,1.0
2025-01-20,16,22.0,15.1,65.0,0.0,,10.0,5.4,,1013.0,,5.0
2025-01-20,17,20.0,15.0,73.0,0.0,,350.0,3.6,,1014.0,,5.0
2025-01-20,18,21.0,14.4,66.0,0.0,,360.0,5.4,,1013.7,,5.0
2025-01-20,19,21.0,12.9,60.0,0.0,,360.0,5.4,,1013.0,,5.0
2025-01-20,20,19.0,14.1,73.0,0.0,,0.0,0.0,,1012.0,,5.0
2025-01-20,21,19.6,14.2,71.0,0.0,,80.0,9.4,,1013.3,,5.0
2025-01-20,22,19.0,13.0,68.0,0.0,,0.0,0.0,,1012.0,,5.0
2025-01-20,23,18.0,14.1,78.0,0.0,,10.0,3.6,,1012.0,,5.0
2025-01-21,0,18.2,14.5,79.0,0.0,,350.0,5.4,,1012.3,,5.0
2025-01-21,1,17.0,14.1,83.0,0.0,,310.0,3.6,,1012.0,,5.0
2025-01-21,2,18.0,14.1,78.0,0.0,,20.0,3.6,,1013.0,,5.0
2025-01-21,3,19.8,13.9,69.0,0.0,,50.0,7.6,,1014.2,,1.0
2025-01-21,4,21.0,12.9,60.0,0.0,,20.0,7.6,,1014.4,,5.0
2025-01-21,5,23.0,12.9,53.0,0.0,,360.0,5.4,,1015.0,,5.0
2025-01-21,6,27.4,14.4,45.0,0.0,,20.0,7.6,,1014.9,,1.0
2025-01-21,7,27.0,13.0,42.0,0.0,,10.0,5.4,,1013.0,,1.0
2025-01-21,8,28.0,11.1,35.0,0.0,,320.0,3.6,,1012.0,,1.0
2025-01-21,9,30.2,13.5,36.0,0.0,,20.0,3.6,,1011.4,,1.0
2025-01-21,10,28.0,11.1,35.0,0.0,,20.0,9.4,,1010.0,,1.0
2025-01-21,11,28.0,11.1,35.0,0.0,,350.0,7.6,,1010.0,,1.0
2025-01-21,12,29.4,13.2,37.0,0.0,,20.0,5.4,,1010.7,,1.0
2025-01-21,13,26.0,11.0,39.0,0.0,,10.0,7.6,,1011.0,,1.0
2025-01-21,14,24.0,12.9,50.0,0.0,,10.0,3.6,,1011.0,,1.0
2025-01-21,15,22.8,15.9,65.0,0.0,,350.0,5.4,,1012.2,,1.0
2025-01-21,16,24.0,12.9,50.0,0.0,,0.0,0.0,,1012.0,,5.0
2025-01-21,17,22.0,14.1,61.0,0.0,,340.0,5.4,,1012.0,,5.0
2025-01-21,18,20.6,15.6,73.0,0.0,,340.0,5.4,,1012.7,,5.0
2025-01-21,19,21.0,13.9,64.0,0.0,,10.0,5.4,,1012.0,,1.0
2025-01-21,20,19.0,13.0,68.0,0.0,,330.0,3.6,,1011.0,,5.0
2025-01-21,21,19.0,14.9,77.0,0.0,,0.0,0.0,,1011.7,,5.0
2025-01-21,22,18.0,14.1,78.0,0.0,,340.0,3.6,,1011.0,,5.0
2025-01-21,23,18.0,13.1,73.0,0.0,,0.0,0.0,,1011.0,,5.0
2025-01-22,0,17.0,13.7,81.0,0.0,,0.0,0.0,,1011.6,,5.0
2025-01-22,1,17.0,15.0,88.0,0.0,,0.0,0.0,,1011.0,,5.0
2025-01-22,2,17.0,12.9,77.0,0.0,,0.0,0.0,,1013.0,,5.0
2025-01-22,3,16.4,14.9,91.0,0.0,,0.0,0.0,,1013.4,,5.0
2025-01-22,4,20.0,13.9,68.0,0.0,,350.0,3.6,,1014.0,,5.0
2025-01-22,5,23.0,12.0,50.0,0.0,,350.0,7.6,,1014.0,,1.0
2025-01-22,6,27.0,13.4,43.0,0.0,,340.0,7.6,,1014.7,,1.0
2025-01-22,7,27.0,11.1,37.0,0.0,,300.0,13.0,,1012.0,,1.0
2025-01-22,8,27.0,11.1,37.0,0.0,,260.0,9.4,,1012.0,,1.0
2025-01-22,9,29.8,11.8,33.0,0.0,,210.0,13.0,,1011.2,,1.0
2025-01-22,10,28.0,8.8,30.0,0.0,,260.0,14.8,,1010.0,,1.0
2025-01-22,11,27.0,8.9,32.0,0.0,,310.0,11.2,,1010.0,,1.0
2025-01-22,12,29.0,11.1,33.0,0.0,,270.0,9.4,,1010.5,,1.0
2025-01-22,13,25.0,8.9,36.0,0.0,,270.0,7.6,,1011.0,,1.0
2025-01-22,14,24.0,9.9,41.0,0.0,,260.0,5.4,,1012.0,,1.0
2025-01-22,15,22.2,13.3,57.0,0.0,,300.0,3.6,,1012.6,,1.0
2025-01-22,16,22.0,10.2,47.0,0.0,,0.0,0.0,,1013.0,,1.0
2025-01-22,17,21.0,11.1,53.0,0.0,,0.0,0.0,,1013.0,,1.0
2025-01-22,18,19.0,13.0,68.0,0.0,,0.0,0.0,,1013.6,,1.0
2025-01-22,19,19.0,12.0,64.0,0.0,,240.0,9.0,,1013.0,,5.0
2025-01-22,20,18.0,11.1,64.0,0.0,,0.0,0.0,,1013.0,,5.0
2025-01-22,21,18.0,10.6,62.0,0.0,,310.0,5.4,,1012.7,,5.0
2025-01-22,22,17.0,9.9,63.0,0.0,,0.0,0.0,,1012.0,,5.0
2025-01-22,23,17.0,9.9,63.0,0.0,,0.0,0.0,,1012.0,,5.0
2025-01-23,0,17.4,10.8,65.0,0.0,,340.0,3.6,,1012.1,,5.0
2025-01-23,1,17.0,9.9,63.0,0.0,,0.0,0.0,,1012.0,,5.0
2025-01-23,2,17.0,9.9,63.0,0.0,,0.0,0.0,,1013.0,,5.0
2025-01-23,3,15.8,11.8,77.0,0.0,,0.0,0.0,,1014.3,,5.0
2025-01-23,4,19.0,11.1,60.0,0.0,,330.0,7.6,,1015.0,,5.0
2025-01-23,5,23.0,9.0,41.0,0.0,,350.0,9.0,,1015.0,,1.0
2025-01-23,6,26.6,10.7,37.0,0.0,,360.0,7.6,,1015.2,,1.0
2025-01-23,7,25.0,8.9,36.0,0.0,,10.0,14.8,,1013.0,,1.0
2025-01-23,8,26.0,6.1,28.0,0.0,,340.0,6.0,,1012.0,,1.0
2025-01-23,9,27.0,6.9,28.0,0.0,,20.0,11.2,,1011.0,,1.0
2025-01-23,10,27.0,5.9,26.0,0.0,,30.0,17.0,,1011.0,,1.0
2025-01-23,11,27.0,5.9,26.0,0.0,,10.0,16.6,,1011.0,,1.0
2025-01-23,12,28.4,8.1,28.0,0.0,,360.0,5.4,,1011.7,,1.0
2025-01-23,13,24.0,7.2,34.0,0.0,,300.0,9.4,,1013.0,,1.0
2025-01-23,14,23.0,7.1,36.0,0.0,,290.0,5.4,,1013.0,,1.0
2025-01-23,15,23.0,9.7,43.0,0.0,,360.0,5.4,,1013.9,,1.0
2025-01-23,16,21.0,5.0,35.0,0.0,,320.0,11.2,,1014.0,,1.0
2025-01-23,17,21.0,6.9,40.0,0.0,,320.0,11.2,,1014.0,,1.0
2025-01-23,18,20.6,7.9,44.0,0.0,,360.0,3.6,,1014.3,,1.0
2025-01-23,19,20.0,7.0,43.0,0.0,,10.0,13.0,,1013.0,,1.0
2025-01-23,20,19.0,7.1,46.0,0.0,,10.0,9.4,,1013.0,,1.0
2025-01-23,21,19.4,7.2,45.0,0.0,,0.0,0.0,,1013.3,,1.0
2025-01-23,22,17.0,8.9,59.0,0.0,,20.0,9.4,,1012.0,,1.0
2025-01-23,23,16.0,9.0,63.0,0.0,,20.0,13.0,,1013.0,,1.0
2025-01-24,0,17.4,9.8,61.0,0.0,,360.0,5.4,,1013.3,,1.0
2025-01-24,1,16.0,9.0,63.0,0.0,,20.0,18.4,,1014.0,,1.0
2025-01-24,2,16.0,8.0,59.0,0.0,,20.0,18.4,,1014.0,,5.0
2025-01-24,3,17.8,9.4,58.0,0.0,,20.0,11.2,,1015.7,,1.0
2025-01-24,4,20.0,9.0,49.0,0.0,,30.0,18.4,,1016.0,,1.0
2025-01-24,5,22.0,8.1,41.0,0.0,,30.0,22.3,,1016.0,,1.0
2025-01-24,6,24.8,7.9,34.0,0.0,,50.0,11.2,,1016.0,,1.0
2025-01-24,7,25.0,6.2,30.0,0.0,,50.0,18.4,,1014.0,,1.0
2025-01-24,8,26.0,7.1,30.0,0.0,,20.0,18.4,,1013.0,,1.0
2025-01-24,9,27.2,8.1,30.0,0.0,,70.0,14.8,,1012.9,,1.0
2025-01-24,10,25.0,6.2,30.0,0.0,,20.0,22.3,,1012.0,,1.0
2025-01-24,11,26.0,6.1,28.0,0.0,,10.0,25.9,,1012.0,,1.0
2025-01-24,12,26.4,7.9,31.0,0.0,,360.0,14.8,,1012.3,,1.0
2025-01-24,13,24.0,7.2,34.0,0.0,,10.0,11.2,,1013.0,,1.0
2025-01-24,14,22.0,8.1,41.0,0.0,,10.0,9.4,,1013.0,,1.0
2025-01-24,15,21.0,11.6,55.0,0.0,,50.0,1.8,,1015.0,,1.0
2025-01-24,16,20.0,9.0,49.0,0.0,,30.0,13.0,,1014.0,,1.0
2025-01-24,17,21.0,7.9,43.0,0.0,,40.0,16.6,,1014.0,,1.0
2025-01-24,18,20.4,11.3,56.0,0.0,,50.0,11.2,,1014.4,,1.0
2025-01-24,19,19.0,8.0,49.0,0.0,,30.0,14.8,,1014.0,,1.0
2025-01-24,20,18.0,7.1,49.0,0.0,,20.0,13.0,,1013.0,,1.0
2025-01-24,21,18.6,9.1,54.0,0.0,,50.0,3.6,,1007.2,,1.0
2025-01-24,22,16.0,5.0,48.0,0.0,,20.0,16.6,,1013.0,,1.0
2025-01-24,23,16.0,5.0,48.0,0.0,,20.0,16.6,,1013.0,,1.0
2025-01-25,0,16.6,6.4,51.0,0.0,,50.0,5.4,,1013.2,,1.0
2025-01-25,1,15.0,6.0,55.0,0.0,,20.0,20.5,,1014.0,,1.0
2025-01-25,2,15.0,6.0,55.0,0.0,,20.0,18.4,,1014.0,,1.0
2025-01-25,3,17.2,5.8,47.0,0.0,,20.0,7.6,,1015.3,,1.0
2025-01-25,4,19.0,5.1,40.0,0.0,,30.0,22.3,,1016.0,,1.0
2025-01-25,5,22.0,5.0,33.0,0.0,,20.0,24.1,,1016.0,,1.0
2025-01-25,6,24.6,6.4,31.0,0.0,,360.0,14.8,,1015.7,,1.0
2025-01-25,7,25.0,7.2,32.0,0.0,,20.0,22.3,,1014.0,,1.0
2025-01-25,8,26.0,8.0,32.0,0.0,,30.0,22.3,,1013.0,,1.0
2025-01-25,9,27.4,8.3,30.0,0.0,,360.0,9.4,,1012.8,,1.0
2025-01-25,10,27.0,8.0,30.0,0.0,,10.0,16.6,,1012.0,,1.0
2025-01-25,11,27.0,8.9,32.0,0.0,,10.0,18.4,,1012.0,,1.0
2025-01-25,12,27.2,9.1,32.0,0.0,,70.0,9.4,,1012.1,,1.0
2025-01-25,13,24.0,9.9,41.0,0.0,,30.0,9.4,,1012.0,,1.0
2025-01-25,14,23.0,10.1,44.0,0.0,,350.0,5.4,,1013.0,,1.0
2025-01-25,15,21.0,12.7,59.0,0.0,,10.0,5.4,,1013.7,,1.0
2025-01-25,16,22.0,11.1,50.0,0.0,,330.0,3.6,,1014.0,,1.0
2025-01-25,17,21.0,11.9,56.0,0.0,,310.0,5.4,,1014.0,,1.0
2025-01-25,18,19.4,11.9,62.0,0.0,,340.0,5.4,,1014.2,,1.0
2025-01-25,19,19.0,8.9,52.0,0.0,,360.0,5.4,,1013.0,,1.0
2025-01-25,20,17.0,8.9,59.0,0.0,,10.0,5.4,,1013.0,,1.0
2025-01-25,21,16.8,10.4,66.0,0.0,,360.0,5.4,,1013.1,,1.0
2025-01-25,22,17.0,7.9,55.0,0.0,,20.0,11.2,,1012.0,,1.0
2025-01-25,23,18.0,8.0,52.0,0.0,,10.0,7.6,,1012.0,,1.0
2025-01-26,0,17.0,8.9,59.0,0.0,,360.0,9.4,,1012.4,,1.0
2025-01-26,1,16.0,6.1,52.0,0.0,,20.0,14.8,,1013.0,,1.0
2025-01-26,2,16.0,7.0,55.0,0.0,,10.0,11.2,,1014.0,,1.0
2025-01-26,3,18.4,6.3,45.0,0.0,,20.0,11.2,,1015.5,,1.0
2025-01-26,4,20.0,7.0,43.0,0.0,,20.0,18.4,,1015.0,,1.0
2025-01-26,5,23.0,9.0,41.0,0.0,,40.0,22.3,,1015.0,,1.0
2025-01-26,6,25.6,11.0,40.0,0.0,,70.0,11.2,,1016.0,,1.0
2025-01-26,7,26.0,12.1,42.0,0.0,,40.0,14.8,,1013.0,,1.0
2025-01-26,8,27.0,13.0,42.0,0.0,,10.0,13.0,,1012.0,,1.0
2025-01-26,9,29.2,13.8,39.0,0.0,,50.0,14.8,,1011.7,,1.0
2025-01-26,10,28.0,13.1,40.0,0.0,,10.0,20.5,,1010.0,,1.0
2025-01-26,11,28.0,12.0,37.0,0.0,,40.0,18.4,,1010.0,,1.0
2025-01-26,12,28.2,12.5,38.0,0.0,,20.0,7.6,,1010.4,,1.0
2025-01-26,13,26.0,12.1,42.0,0.0,,350.0,9.4,,1011.0,,1.0
2025-01-26,14,25.0,11.9,44.0,0.0,,10.0,7.6,,1012.0,,1.0
2025-01-26,15,21.6,15.2,67.0,0.0,,0.0,0.0,,1012.7,,1.0
2025-01-26,16,20.0,13.0,64.0,0.0,,0.0,0.0,,1013.0,,1.0
2025-01-26,17,22.0,12.0,53.0,0.0,,330.0,5.4,,1013.0,,1.0
2025-01-26,18,18.0,13.9,77.0,0.0,,320.0,5.4,,1013.1,,1.0
2025-01-26,19,19.0,11.1,60.0,0.0,,0.0,0.0,,1012.0,,1.0
2025-01-26,20,17.0,11.1,68.0,0.0,,0.0,0.0,,1012.0,,5.0
2025-01-26,21,15.8,11.8,77.0,0.0,,0.0,0.0,,1012.5,,5.0
2025-01-26,22,16.0,10.1,68.0,0.0,,0.0,0.0,,1011.0,,5.0
2025-01-26,23,17.0,8.9,59.0,0.0,,0.0,0.0,,1011.0,,5.0
2025-01-27,0,15.8,8.8,63.0,0.0,,360.0,5.4,,1012.3,,5.0
2025-01-27,1,15.0,8.0,63.0,0.0,,10.0,5.4,,1012.0,,5.0
2025-01-27,2,16.0,7.0,55.0,0.0,,10.0,9.4,,1012.0,,5.0
2025-01-27,3,18.0,7.7,51.0,0.0,,50.0,5.4,,1013.5,,1.0
2025-01-27,4,20.0,6.0,40.0,0.0,,30.0,18.4,,1014.0,,1.0
2025-01-27,5,22.0,8.1,41.0,0.0,,20.0,18.4,,1014.0,,1.0
2025-01-27,6,25.6,9.4,36.0,0.0,,50.0,11.2,,1013.7,,1.0
2025-01-27,7,27.0,8.0,30.0,0.0,,40.0,11.2,,1012.0,,1.0
2025-01-27,8,27.0,8.0,30.0,0.0,,20.0,14.8,,1010.0,,1.0
2025-01-27,9,30.0,9.5,28.0,0.0,,50.0,7.6,,1010.5,,1.0
2025-01-27,10,29.0,5.8,23.0,0.0,,330.0,16.6,,1009.0,,1.0
2025-01-27,11,29.0,7.0,25.0,0.0,,340.0,11.2,,1009.0,,1.0
2025-01-27,12,29.0,9.2,29.0,0.0,,50.0,7.6,,1009.7,,1.0
2025-01-27,13,26.0,7.1,30.0,0.0,,20.0,7.6,,1010.0,,1.0
2025-01-27,14,24.0,9.2,39.0,0.0,,0.0,0.0,,1010.0,,1.0
2025-01-27,15,21.6,9.2,45.0,0.0,,0.0,0.0,,1011.3,,1.0
2025-01-27,16,23.0,10.1,44.0,0.0,,330.0,3.6,,1011.0,,1.0
2025-01-27,17,22.0,10.2,47.0,0.0,,0.0,0.0,,1011.0,,1.0
2025-01-27,18,18.0,11.1,64.0,0.0,,320.0,5.4,,1011.3,,1.0
2025-01-27,19,18.0,12.0,68.0,0.0,,360.0,3.6,,1010.0,,1.0
2025-01-27,20,18.0,10.1,60.0,0.0,,40.0,13.0,,1010.0,,1.0
2025-01-27,21,16.6,10.2,66.0,0.0,,30.0,3.6,,1010.8,,1.0
2025-01-27,22,19.0,11.1,60.0,0.0,,0.0,0.0,,1010.0,,1.0
2025-01-27,23,19.0,11.1,60.0,0.0,,10.0,7.6,,1009.0,,1.0
2025-01-28,0,19.0,11.8,63.0,0.0,,50.0,3.6,,1009.9,,1.0
2025-01-28,1,19.0,7.1,46.0,0.0,,10.0,13.0,,1010.0,,1.0
2025-01-28,2,18.0,7.1,49.0,0.0,,10.0,11.2,,1011.0,,1.0
2025-01-28,3,21.0,7.9,43.0,0.0,,20.0,3.6,,1012.6,,1.0
2025-01-28,4,22.0,7.0,38.0,0.0,,30.0,18.4,,1013.0,,2.0
2025-01-28,5,24.0,9.2,39.0,0.0,,40.0,9.4,,1013.0,,1.0
2025-01-28,6,26.8,11.3,38.0,0.0,,90.0,3.6,,1013.0,,1.0
2025-01-28,7,27.0,11.9,39.0,0.0,,30.0,9.4,,1011.0,,1.0
2025-01-28,8,29.0,12.8,37.0,0.0,,350.0,9.4,,1010.0,,1.0
2025-01-28,9,30.2,13.1,35.0,0.0,,20.0,5.4,,1010.6,,1.0
2025-01-28,10,30.0,10.0,29.0,0.0,,80.0,11.2,,1009.0,,1.0
2025-01-28,11,30.0,11.0,31.0,0.0,,20.0,3.6,,1009.0,,1.0
2025-01-28,12,30.0,12.4,34.0,0.0,,20.0,5.4,,1009.5,,1.0
2025-01-28,13,27.0,9.8,34.0,0.0,,10.0,7.6,,1010.0,,1.0
2025-01-28,14,27.0,11.1,37.0,0.0,,20.0,5.4,,1011.0,,1.0
2025-01-28,15,24.4,14.2,53.0,0.0,,20.0,3.6,,1011.2,,1.0
2025-01-28,16,24.0,12.0,47.0,0.0,,52.0,3.6,,1011.0,,1.0
2025-01-28,17,23.0,12.0,50.0,0.0,,0.0,0.0,,1011.0,,1.0
2025-01-28,18,20.0,14.6,71.0,0.0,,0.0,0.0,,1011.9,,1.0
2025-01-28,19,21.0,11.9,56.0,0.0,,0.0,0.0,,1011.0,,1.0
2025-01-28,20,19.0,12.0,64.0,0.0,,0.0,0.0,,1011.0,,5.0
2025-01-28,21,18.2,13.7,75.0,0.0,,0.0,0.0,,1011.4,,5.0
2025-01-28,22,19.0,11.1,60.0,0.0,,0.0,0.0,,1011.0,,5.0
2025-01-28,23,18.0,11.1,64.0,0.0,,0.0,0.0,,1011.0,,5.0
2025-01-29,0,16.6,12.6,77.0,0.0,,0.0,0.0,,1011.7,,5.0
2025-01-29,1,17.0,11.1,68.0,0.0,,0.0,0.0,,1012.0,,1.0
2025-01-29,2,18.0,10.1,60.0,0.0,,40.0,5.4,,1013.0,,1.0
2025-01-29,3,18.6,11.4,63.0,0.0,,40.0,3.6,,1013.9,,1.0
2025-01-29,4,23.0,9.0,41.0,0.0,,110.0,5.4,,1015.0,,1.0
2025-01-29,5,25.0,8.9,36.0,0.0,,358.0,3.6,,1014.0,,1.0
2025-01-29,6,29.0,11.1,33.0,0.0,,360.0,5.4,,1014.6,,1.0
2025-01-29,7,29.0,9.2,29.0,0.0,,260.0,9.4,,1013.0,,1.0
2025-01-29,8,29.0,9.2,29.0,0.0,,270.0,11.2,,1012.0,,1.0
2025-01-29,9,31.4,10.7,28.0,0.0,,0.0,0.0,,1011.7,,1.0
2025-01-29,10,30.0,3.9,19.0,0.0,,220.0,9.4,,1010.0,,1.0
2025-01-29,11,30.0,5.3,21.0,0.0,,270.0,11.2,,1010.0,,1.0
2025-01-29,12,31.0,8.7,25.0,0.0,,320.0,3.6,,1010.6,,1.0
2025-01-29,13,27.0,6.9,28.0,0.0,,290.0,3.6,,1011.0,,1.0
2025-01-29,14,25.0,8.1,34.0,0.0,,300.0,7.6,,1011.0,,1.0
2025-01-29,15,22.0,13.4,58.0,0.0,,0.0,0.0,,1012.3,,1.0
2025-01-29,16,22.0,8.8,43.0,0.0,,0.0,0.0,,1012.0,,1.0
2025-01-29,17,22.0,8.8,43.0,0.0,,0.0,0.0,,1012.0,,1.0
2025-01-29,18,18.8,12.3,66.0,0.0,,0.0,0.0,,1013.0,,1.0
2025-01-29,19,20.0,11.0,56.0,0.0,,0.0,0.0,,1012.0,,1.0
2025-01-29,20,17.0,12.9,77.0,0.0,,0.0,0.0,,1011.0,,5.0
2025-01-29,21,19.0,8.6,51.0,0.0,,320.0,3.6,,1012.0,,5.0
2025-01-29,22,18.0,9.1,56.0,0.0,,310.0,5.4,,1011.0,,1.0
2025-01-29,23,18.0,9.1,56.0,0.0,,300.0,3.6,,1011.0,,1.0
2025-01-30,0,17.2,12.1,72.0,0.0,,300.0,7.6,,1011.4,,5.0
2025-01-30,1,18.0,11.1,64.0,0.0,,300.0,3.6,,1011.0,,5.0
2025-01-30,2,17.0,11.9,72.0,0.0,,320.0,5.4,,1012.0,,5.0
2025-01-30,3,19.6,14.4,72.0,0.0,,320.0,3.6,,1013.5,,5.0
2025-01-30,4,21.0,13.9,64.0,0.0,,300.0,5.4,,1014.0,,5.0
2025-01-30,5,23.0,12.0,50.0,0.0,,290.0,5.4,,1014.0,,1.0
2025-01-30,6,27.0,11.9,39.0,0.0,,320.0,3.6,,1014.1,,1.0
2025-01-30,7,27.0,8.9,32.0,0.0,,340.0,7.6,,1012.0,,1.0
2025-01-30,8,28.0,7.8,28.0,0.0,,270.0,7.6,,1010.0,,1.0
2025-01-30,9,31.4,7.1,22.0,0.0,,290.0,3.6,,1010.3,,1.0
2025-01-30,10,29.0,3.0,19.0,0.0,,280.0,11.2,,1009.0,,1.0
2025-01-30,11,29.0,5.1,22.0,0.0,,270.0,16.6,,1009.0,,1.0
2025-01-30,12,30.0,10.0,29.0,0.0,,270.0,11.2,,1009.2,,1.0
2025-01-30,13,27.0,8.9,32.0,0.0,,250.0,7.6,,1009.0,,1.0
2025-01-30,14,24.0,9.9,41.0,0.0,,200.0,5.4,,1009.0,,1.0
2025-01-30,15,22.6,14.2,59.0,0.0,,220.0,3.6,,1010.3,,1.0
2025-01-30,16,21.0,11.9,56.0,0.0,,0.0,0.0,,1010.0,,1.0
2025-01-30,17,21.0,11.1,53.0,0.0,,330.0,5.4,,1010.0,,1.0
2025-01-30,18,19.6,12.6,64.0,0.0,,320.0,3.6,,1011.0,,1.0
2025-01-30,19,21.0,8.9,46.0,0.0,,310.0,5.4,,1010.0,,1.0
2025-01-30,20,22.0,8.8,43.0,0.0,,170.0,7.6,,1010.0,,1.0
2025-01-30,21,18.6,12.1,66.0,0.0,,250.0,3.6,,1010.4,,1.0
2025-01-30,22,18.0,9.1,56.0,0.0,,230.0,5.4,,1009.0,,1.0
2025-01-30,23,18.0,9.1,56.0,0.0,,200.0,3.6,,1009.0,,1.0
2025-01-31,0,16.2,11.4,73.0,0.0,,0.0,0.0,,1010.0,,5.0
2025-01-31,1,16.0,12.0,77.0,0.0,,320.0,5.4,,1010.0,,5.0
2025-01-31,2,15.0,12.0,82.0,0.0,,360.0,3.6,,1011.0,,5.0
2025-01-31,3,17.2,14.1,82.0,0.0,,0.0,0.0,,1011.6,,5.0
2025-01-31,4,21.0,9.9,49.0,0.0,,313.0,3.6,,1012.0,,1.0
2025-01-31,5,23.0,10.1,44.0,0.0,,318.0,3.6,,1012.0,,1.0
2025-01-31,6,27.2,10.4,35.0,0.0,,180.0,5.4,,1012.4,,1.0
2025-01-31,7,27.0,5.9,26.0,0.0,,260.0,9.4,,1011.0,,1.0
2025-01-31,8,28.0,6.1,25.0,0.0,,190.0,14.8,,1010.0,,1.0
2025-01-31,9,30.2,10.2,29.0,0.0,,250.0,5.4,,1009.9,,1.0
2025-01-31,10,28.0,4.3,22.0,0.0,,230.0,14.8,,1009.0,,1.0
2025-01-31,11,28.0,4.3,22.0,0.0,,240.0,14.8,,1009.0,,1.0
2025-01-31,12,29.0,7.6,26.0,0.0,,290.0,5.4,,1009.4,,1.0
2025-01-31,13,26.0,6.1,28.0,0.0,,250.0,5.4,,1009.0,,1.0
2025-01-31,14,25.0,6.2,30.0,0.0,,250.0,5.4,,1010.0,,1.0
2025-01-31,15,22.0,10.2,47.0,0.0,,250.0,9.4,,1010.8,,1.0
2025-01-31,16,23.0,7.1,36.0,0.0,,260.0,11.2,,1011.0,,1.0
2025-01-31,17,22.0,7.0,38.0,0.0,,270.0,3.6,,1011.0,,1.0
2025-01-31,18,21.4,9.6,47.0,0.0,,320.0,3.6,,1012.0,,1.0
2025-01-31,19,21.0,6.9,40.0,0.0,,260.0,7.6,,1011.0,,1.0
2025-01-31,20,20.0,4.9,37.0,0.0,,260.0,11.2,,1011.0,,1.0
2025-01-31,21,19.4,9.6,53.0,0.0,,0.0,0.0,,1011.5,,1.0
2025-01-31,22,18.0,9.1,56.0,0.0,,250.0,11.2,,1010.0,,1.0
2025-01-31,23,17.0,9.9,63.0,0.0,,220.0,13.0,,1010.0,,1.0
2025-02-01,0,18.0,11.3,65.0,0.0,,90.0,7.6,,1011.3,,1.0
2025-02-01,1,17.0,8.9,59.0,0.0,,280.0,7.6,,1011.0,,1.0
2025-02-01,2,16.0,9.0,63.0,0.0,,290.0,7.6,,1013.0,,5.0
2025-02-01,3,17.8,10.9,64.0,0.0,,340.0,3.6,,1013.6,,5.0
2025-02-01,4,18.0,9.1,56.0,0.0,,280.0,11.2,,1014.0,,1.0
2025-02-01,5,20.0,8.0,46.0,0.0,,280.0,7.6,,1014.0,,1.0
2025-02-01,6,24.0,9.2,39.0,0.0,,280.0,5.4,,1014.8,,1.0
2025-02-01,7,23.0,3.0,27.0,0.0,,270.0,11.2,,1013.0,,1.0
2025-02-01,8,25.0,5.2,28.0,0.0,,270.0,11.2,,1012.0,,1.0
2025-02-01,9,27.6,4.0,22.0,0.0,,230.0,16.6,,1012.2,,1.0
2025-02-01,10,26.0,-0.2,18.0,0.0,,250.0,15.0,,1011.0,,1.0
2025-02-01,11,26.0,3.9,24.0,0.0,,250.0,13.0,,1011.0,,1.0
2025-02-01,12,27.0,8.0,30.0,0.0,,290.0,5.4,,1011.7,,1.0
2025-02-01,13,23.0,7.1,36.0,0.0,,300.0,5.4,,1012.0,,1.0
2025-02-01,14,22.0,7.0,38.0,0.0,,340.0,5.4,,1013.0,,1.0
2025-02-01,15,21.4,11.4,53.0,0.0,,360.0,3.6,,1013.4,,1.0
2025-02-01,16,20.0,8.0,46.0,0.0,,360.0,5.4,,1014.0,,1.0
2025-02-01,17,19.0,8.9,52.0,0.0,,0.0,0.0,,1014.0,,1.0
2025-02-01,18,17.4,10.8,65.0,0.0,,350.0,5.4,,1014.5,,1.0
2025-02-01,19,18.0,7.1,49.0,0.0,,350.0,5.4,,1013.0,,1.0
2025-02-01,20,17.0,9.9,63.0,0.0,,0.0,0.0,,1013.0,,1.0
2025-02-01,21,15.4,9.5,68.0,0.0,,0.0,0.0,,1013.1,,5.0
2025-02-01,22,14.0,10.0,77.0,0.0,,10.0,5.4,,1012.0,,5.0
2025-02-01,23,15.0,7.1,59.0,0.0,,360.0,3.6,,1012.0,,5.0
2025-02-02,0,14.6,9.2,70.0,0.0,,50.0,3.6,,1012.8,,5.0
2025-02-02,1,14.0,7.1,63.0,0.0,,15.0,3.6,,1013.0,,5.0
2025-02-02,2,14.0,8.0,67.0,0.0,,350.0,7.6,,1014.0,,5.0
2025-02-02,3,16.4,8.1,58.0,0.0,,360.0,3.6,,1014.9,,5.0
2025-02-02,4,19.0,6.1,43.0,0.0,,10.0,5.4,,1015.0,,1.0
2025-02-02,5,21.0,6.1,38.0,0.0,,330.0,7.6,,1016.0,,1.0
2025-02-02,6,25.6,7.7,32.0,0.0,,20.0,3.6,,1015.7,,1.0
2025-02-02,7,24.0,3.8,27.0,0.0,,20.0,13.0,,1014.0,,1.0
2025-02-02,8,25.0,1.8,22.0,0.0,,20.0,9.4,,1013.0,,1.0
2025-02-02,9,28.4,5.3,23.0,0.0,,320.0,5.4,,1012.7,,1.0
2025-02-02,10,26.0,1.3,20.0,0.0,,300.0,7.6,,1011.0,,1.0
2025-02-02,11,27.0,2.1,20.0,0.0,,290.0,5.4,,1011.0,,1.0
2025-02-02,12,28.4,5.3,23.0,0.0,,340.0,5.4,,1011.4,,1.0
2025-02-02,13,26.0,1.3,20.0,0.0,,50.0,5.4,,1011.0,,1.0
2025-02-02,14,25.0,3.0,24.0,0.0,,0.0,0.0,,1012.0,,1.0
2025-02-02,15,24.0,9.2,39.0,0.0,,340.0,5.4,,1013.0,,1.0
2025-02-02,16,23.0,5.0,31.0,0.0,,0.0,0.0,,1013.0,,1.0
2025-02-02,17,23.0,5.9,33.0,0.0,,0.0,0.0,,1013.0,,1.0
2025-02-02,18,20.4,10.5,53.0,0.0,,0.0,0.0,,1013.0,,1.0
2025-02-02,19,21.0,6.9,40.0,0.0,,0.0,0.0,,1012.0,,1.0
2025-02-02,20,18.0,10.1,60.0,0.0,,0.0,0.0,,1012.0,,1.0
2025-02-02,21,18.4,10.5,60.0,0.0,,0.0,0.0,,1011.9,,1.0
2025-02-02,22,18.0,9.1,56.0,0.0,,20.0,5.4,,1011.0,,2.0
2025-02-02,23,19.0,8.9,52.0,0.0,,10.0,5.4,,1011.0,,2.0
2025-02-03,0,18.2,11.3,64.0,0.0,,0.0,0.0,,1011.2,,2.0
2025-02-03,1,18.0,9.1,56.0,0.0,,0.0,0.0,,1011.0,,2.0
2025-02-03,2,18.0,8.0,52.0,0.0,,340.0,5.4,,1012.0,,2.0
2025-02-03,3,19.0,10.8,59.0,0.0,,350.0,7.6,,1013.3,,2.0
2025-02-03,4,19.0,10.0,56.0,0.0,,340.0,3.6,,1014.0,,3.0
2025-02-03,5,21.0,9.9,49.0,0.0,,30.0,5.4,,1014.0,,3.0
2025-02-03,6,26.0,13.2,45.0,0.0,,50.0,5.4,,1014.1,,2.0
2025-02-03,7,25.0,10.1,39.0,0.0,,40.0,3.6,,1012.0,,2.0
2025-02-03,8,27.0,6.9,28.0,0.0,,240.0,9.4,,1011.0,,2.0
2025-02-03,9,30.6,6.5,22.0,0.0,,250.0,7.6,,1011.5,,2.0
2025-02-03,10,28.0,6.1,25.0,0.0,,250.0,16.6,,1010.0,,2.0
2025-02-03,11,28.0,7.3,27.0,0.0,,280.0,7.6,,1011.0,,2.0
2025-02-03,12,29.0,10.2,31.0,0.0,,320.0,3.6,,1011.3,,2.0
2025-02-03,13,26.0,8.0,32.0,0.0,,270.0,7.6,,1011.0,,2.0
2025-02-03,14,25.0,8.1,34.0,0.0,,300.0,7.6,,1012.0,,2.0
2025-02-03,15,25.4,11.9,43.0,0.0,,340.0,9.4,,1013.1,,2.0
2025-02-03,16,23.0,10.1,44.0,0.0,,320.0,7.6,,1013.0,,3.0
2025-02-03,17,22.0,10.2,47.0,0.0,,320.0,5.4,,1013.0,,3.0
2025-02-03,18,22.6,12.8,54.0,0.0,,340.0,5.4,,1013.8,,3.0
2025-02-03,19,20.0,11.0,56.0,0.0,,300.0,3.6,,1013.0,,2.0
2025-02-03,20,19.0,12.0,64.0,0.0,,0.0,0.0,,1012.0,,5.0
2025-02-03,21,19.6,13.3,67.0,0.0,,0.0,0.0,,1012.8,,5.0
2025-02-03,22,18.0,11.1,64.0,0.0,,280.0,5.4,,1012.0,,5.0
2025-02-03,23,18.0,11.1,64.0,0.0,,0.0,0.0,,1012.0,,5.0
2025-02-04,0,19.0,12.3,65.0,0.0,,340.0,7.6,,1012.9,,5.0
2025-02-04,1,17.0,8.9,59.0,0.0,,330.0,5.4,,1014.0,,5.0
2025-02-04,2,17.0,5.0,45.0,0.0,,310.0,5.4,,1014.0,,5.0
2025-02-04,3,19.6,8.6,49.0,0.0,,340.0,3.6,,1015.1,,5.0
2025-02-04,4,20.0,8.0,46.0,0.0,,310.0,5.4,,1016.0,,1.0
2025-02-04,5,23.0,7.9,38.0,0.0,,310.0,9.4,,1016.0,,1.0
2025-02-04,6,26.6,7.1,29.0,0.0,,340.0,7.6,,1015.9,,1.0
2025-02-04,7,26.0,3.3,23.0,0.0,,290.0,18.4,,1014.0,,1.0
2025-02-04,8,27.0,4.1,23.0,0.0,,290.0,14.8,,1013.0,,1.0
2025-02-04,9,29.0,3.8,20.0,0.0,,320.0,11.2,,1013.6,,1.0
2025-02-04,10,27.0,2.1,20.0,0.0,,270.0,11.2,,1012.0,,2.0
2025-02-04,11,27.0,2.8,21.0,0.0,,270.0,11.2,,1012.0,,2.0
2025-02-04,12,28.4,5.3,23.0,0.0,,320.0,9.4,,1012.7,,2.0
2025-02-04,13,24.0,3.8,27.0,0.0,,280.0,7.6,,1013.0,,1.0
2025-02-04,14,23.0,4.0,29.0,0.0,,290.0,5.4,,1014.0,,1.0
2025-02-04,15,23.8,7.0,34.0,0.0,,280.0,7.6,,1014.5,,1.0
2025-02-04,16,22.0,2.1,27.0,0.0,,270.0,7.6,,1015.0,,1.0
2025-02-04,17,21.0,1.8,28.0,0.0,,280.0,3.6,,1015.0,,1.0
2025-02-04,18,18.2,6.1,45.0,0.0,,360.0,7.6,,1015.2,,1.0
2025-02-04,19,18.0,3.1,37.0,0.0,,350.0,3.6,,1014.0,,1.0
2025-02-04,20,17.0,2.9,39.0,0.0,,360.0,7.6,,1014.0,,1.0
2025-02-04,21,17.4,8.5,56.0,0.0,,360.0,7.6,,1014.4,,1.0
2025-02-04,22,14.0,5.1,55.0,0.0,,10.0,3.6,,1013.0,,1.0
2025-02-04,23,13.0,7.0,67.0,0.0,,0.0,0.0,,1013.0,,5.0
2025-02-05,0,14.4,7.9,65.0,0.0,,320.0,3.6,,1014.2,,1.0
2025-02-05,1,15.0,3.2,45.0,0.0,,350.0,5.4,,1014.0,,1.0
2025-02-05,2,16.0,2.0,39.0,0.0,,300.0,5.4,,1015.0,,1.0
2025-02-05,3,17.0,3.6,41.0,0.0,,50.0,5.4,,1016.3,,1.0
2025-02-05,4,19.0,3.2,35.0,0.0,,10.0,7.6,,1017.0,,1.0
2025-02-05,5,23.0,3.0,27.0,0.0,,40.0,13.0,,1017.0,,1.0
2025-02-05,6,26.2,2.1,21.0,0.0,,70.0,11.2,,1017.1,,1.0
2025-02-05,7,26.0,1.3,20.0,0.0,,10.0,18.4,,1015.0,,1.0
2025-02-05,8,27.0,1.4,19.0,0.0,,40.0,14.8,,1014.0,,1.0
2025-02-05,9,27.6,2.6,20.0,0.0,,70.0,7.6,,1013.8,,1.0
2025-02-05,10,26.0,1.3,20.0,0.0,,30.0,14.8,,1012.0,,1.0
2025-02-05,11,26.0,2.0,21.0,0.0,,360.0,11.2,,1012.0,,1.0
2025-02-05,12,27.2,4.3,23.0,0.0,,70.0,3.6,,1012.9,,1.0
2025-02-05,13,24.0,2.2,24.0,0.0,,10.0,5.4,,1013.0,,1.0
2025-02-05,14,22.0,5.0,33.0,0.0,,40.0,3.6,,1014.0,,1.0
2025-02-05,15,20.0,9.6,51.0,0.0,,0.0,0.0,,1014.7,,1.0
2025-02-05,16,21.0,6.1,38.0,0.0,,360.0,5.4,,1015.0,,1.0
2025-02-05,17,20.0,6.0,40.0,0.0,,360.0,5.4,,1015.0,,1.0
2025-02-05,18,16.6,9.8,64.0,0.0,,360.0,3.6,,1015.1,,1.0
2025-02-05,19,17.0,7.1,52.0,0.0,,20.0,3.6,,1014.0,,1.0
2025-02-05,20,16.0,7.0,55.0,0.0,,10.0,3.6,,1014.0,,1.0
2025-02-05,21,17.4,5.7,46.0,0.0,,50.0,5.4,,1014.4,,1.0
2025-02-05,22,16.0,4.1,45.0,0.0,,20.0,14.8,,1014.0,,1.0
2025-02-05,23,15.0,4.1,48.0,0.0,,10.0,14.8,,1014.0,,1.0
2025-02-06,0,16.0,5.0,48.0,0.0,,50.0,9.4,,1014.6,,1.0
2025-02-06,1,15.0,3.2,45.0,0.0,,10.0,11.2,,1015.0,,1.0
2025-02-06,2,15.0,3.2,45.0,0.0,,10.0,14.8,,1016.0,,1.0
2025-02-06,3,17.2,4.2,42.0,0.0,,50.0,14.8,,1017.0,,1.0
2025-02-06,4,18.0,3.1,37.0,0.0,,30.0,18.4,,1017.0,,1.0
2025-02-06,5,22.0,2.1,27.0,0.0,,30.0,22.3,,1018.0,,1.0
2025-02-06,6,25.6,2.9,23.0,0.0,,70.0,18.4,,1017.3,,1.0
2025-02-06,7,24.0,0.3,21.0,0.0,,40.0,27.7,,1015.0,,1.0
2025-02-06,8,26.0,-0.2,18.0,0.0,,30.0,25.9,,1014.0,,1.0
2025-02-06,9,27.6,2.6,20.0,0.0,,70.0,14.8,,1014.5,,1.0
2025-02-06,10,27.0,2.1,20.0,0.0,,40.0,22.3,,1013.0,,1.0
2025-02-06,11,27.0,2.8,21.0,0.0,,30.0,24.1,,1013.0,,1.0
2025-02-06,12,26.6,3.1,22.0,0.0,,50.0,16.6,,1013.3,,1.0
2025-02-06,13,23.0,4.0,29.0,0.0,,30.0,20.5,,1013.0,,1.0
2025-02-06,14,22.0,4.1,31.0,0.0,,20.0,14.8,,1014.0,,1.0
2025-02-06,15,23.0,4.5,30.0,0.0,,70.0,11.2,,1014.7,,1.0
2025-02-06,16,22.0,3.1,29.0,0.0,,40.0,16.6,,1015.0,,1.0
2025-02-06,17,22.0,3.1,29.0,0.0,,50.0,22.3,,1015.0,,1.0
2025-02-06,18,21.0,4.5,34.0,0.0,,90.0,9.4,,1015.5,,1.0
2025-02-06,19,19.0,5.1,40.0,0.0,,350.0,16.6,,1015.0,,1.0
2025-02-06,20,19.0,4.0,37.0,0.0,,20.0,20.5,,1015.0,,1.0
2025-02-06,21,19.2,4.2,37.0,0.0,,20.0,14.8,,1015.5,,1.0
2025-02-06,22,17.0,4.0,42.0,0.0,,20.0,16.6,,1014.0,,1.0
2025-02-06,23,16.0,4.1,45.0,0.0,,20.0,18.4,,1015.0,,1.0
2025-02-07,0,17.2,5.2,45.0,0.0,,20.0,11.2,,1015.3,,1.0
2025-02-07,1,15.0,4.9,51.0,0.0,,20.0,16.6,,1016.0,,1.0
2025-02-07,2,16.0,4.1,45.0,0.0,,40.0,14.8,,1016.0,,1.0
2025-02-07,3,18.2,3.6,38.0,0.0,,50.0,11.2,,1017.1,,1.0
2025-02-07,4,20.0,3.2,33.0,0.0,,30.0,13.0,,1018.0,,1.0
2025-02-07,5,23.0,3.0,27.0,0.0,,60.0,27.7,,1018.0,,1.0
2025-02-07,6,26.2,5.7,27.0,0.0,,90.0,14.8,,1017.2,,1.0
2025-02-07,7,26.0,3.9,24.0,0.0,,60.0,18.4,,1016.0,,1.0
2025-02-07,8,27.0,5.3,25.0,0.0,,30.0,18.4,,1014.0,,1.0
2025-02-07,9,28.6,5.4,23.0,0.0,,20.0,14.8,,1014.2,,1.0
2025-02-07,10,27.0,4.1,23.0,0.0,,20.0,14.8,,1013.0,,1.0
2025-02-07,11,27.0,4.1,23.0,0.0,,20.0,14.8,,1013.0,,1.0
2025-02-07,12,27.8,5.4,24.0,0.0,,70.0,11.2,,1013.2,,1.0
2025-02-07,13,25.0,5.2,28.0,0.0,,20.0,14.8,,1013.0,,1.0
2025-02-07,14,24.0,3.8,27.0,0.0,,20.0,11.2,,1014.0,,1.0
2025-02-07,15,23.0,8.7,40.0,0.0,,50.0,5.4,,1014.8,,1.0
2025-02-07,16,22.0,3.1,29.0,0.0,,20.0,13.0,,1015.0,,1.0
2025-02-07,17,21.0,4.1,33.0,0.0,,20.0,11.2,,1015.0,,1.0
2025-02-07,18,22.0,3.1,29.0,0.0,,70.0,11.2,,1015.0,,1.0
2025-02-07,19,21.0,4.1,33.0,0.0,,40.0,18.4,,1014.0,,1.0
2025-02-07,20,18.0,4.2,40.0,0.0,,30.0,14.8,,1014.0,,1.0
2025-02-07,21,19.2,5.3,40.0,0.0,,70.0,9.4,,1013.9,,1.0
2025-02-07,22,19.0,4.0,37.0,0.0,,40.0,16.6,,1013.0,,2.0
2025-02-07,23,17.0,2.9,39.0,0.0,,30.0,14.8,,1013.0,,2.0
2025-02-08,0,18.0,4.2,40.0,0.0,,50.0,9.4,,1013.3,,2.0
2025-02-08,1,16.0,4.1,45.0,0.0,,20.0,13.0,,1014.0,,2.0
2025-02-08,2,16.0,4.1,45.0,0.0,,20.0,13.0,,1014.0,,2.0
2025-02-08,3,18.8,4.5,39.0,0.0,,70.0,13.0,,1015.6,,2.0
2025-02-08,4,19.0,4.0,37.0,0.0,,30.0,20.5,,1016.0,,2.0
2025-02-08,5,22.0,4.1,31.0,0.0,,30.0,20.5,,1016.0,,2.0
2025-02-08,6,26.0,7.1,30.0,0.0,,70.0,14.8,,1016.8,,2.0
2025-02-08,7,25.0,6.2,30.0,0.0,,30.0,16.6,,1014.0,,2.0
2025-02-08,8,27.0,6.9,28.0,0.0,,40.0,13.0,,1013.0,,2.0
2025-02-08,9,30.0,10.0,29.0,0.0,,70.0,14.8,,1013.0,,2.0
2025-02-08,10,29.0,8.1,27.0,0.0,,60.0,11.2,,1011.0,,2.0
2025-02-08,11,29.0,8.1,27.0,0.0,,60.0,9.4,,1011.0,,2.0
2025-02-08,12,30.0,10.5,30.0,0.0,,70.0,7.6,,1011.8,,2.0
2025-02-08,13,27.0,8.0,30.0,0.0,,10.0,7.6,,1011.0,,2.0
2025-02-08,14,26.0,10.2,37.0,0.0,,340.0,5.4,,1013.0,,2.0
2025-02-08,15,22.8,13.0,54.0,0.0,,360.0,3.6,,1013.6,,1.0
2025-02-08,16,23.0,10.1,44.0,0.0,,0.0,0.0,,1013.0,,1.0
2025-02-08,17,21.0,9.9,49.0,0.0,,360.0,3.6,,1013.0,,1.0
2025-02-08,18,18.8,12.1,65.0,0.0,,20.0,5.4,,1013.9,,1.0
2025-02-08,19,19.0,11.1,60.0,0.0,,350.0,5.4,,1013.0,,1.0
2025-02-08,20,17.0,11.1,68.0,0.0,,0.0,0.0,,1012.0,,1.0
2025-02-08,21,17.6,11.4,67.0,0.0,,50.0,3.6,,1012.6,,1.0
2025-02-08,22,18.0,9.1,56.0,0.0,,320.0,3.6,,1012.0,,2.0
2025-02-08,23,18.0,8.0,52.0,0.0,,10.0,9.4,,1011.0,,2.0
2025-02-09,0,16.0,10.3,69.0,0.0,,50.0,5.4,,1012.2,,2.0
2025-02-09,1,18.0,7.1,49.0,0.0,,20.0,9.4,,1013.0,,2.0
2025-02-09,2,17.0,7.1,52.0,0.0,,360.0,9.4,,1014.0,,1.0
2025-02-09,3,18.0,8.8,55.0,0.0,,360.0,7.6,,1014.5,,1.0
2025-02-09,4,21.0,6.9,40.0,0.0,,30.0,9.4,,1015.0,,2.0
2025-02-09,5,23.0,7.9,38.0,0.0,,10.0,11.2,,1015.0,,2.0
2025-02-09,6,27.8,11.4,36.0,0.0,,90.0,3.6,,1014.7,,2.0
2025-02-09,7,29.0,11.1,33.0,0.0,,60.0,7.6,,1012.0,,1.0
2025-02-09,8,30.0,9.0,27.0,0.0,,300.0,5.4,,1011.0,,1.0
2025-02-09,9,32.4,9.2,24.0,0.0,,200.0,9.4,,1011.2,,1.0
2025-02-09,10,32.0,6.9,21.0,0.0,,250.0,7.6,,1010.0,,1.0
2025-02-09,11,32.0,6.9,21.0,0.0,,330.0,7.6,,1010.0,,1.0
2025-02-09,12,32.4,9.9,25.0,0.0,,320.0,3.6,,1010.4,,1.0
2025-02-09,13,28.0,6.1,25.0,0.0,,270.0,5.4,,1010.0,,1.0
2025-02-09,14,27.0,6.9,28.0,0.0,,300.0,3.6,,1011.0,,1.0
2025-02-09,15,23.6,12.9,51.0,0.0,,340.0,7.6,,1012.4,,1.0
2025-02-09,16,23.0,7.9,38.0,0.0,,0.0,0.0,,1012.0,,1.0
2025-02-09,17,23.0,7.9,38.0,0.0,,360.0,3.6,,1013.0,,1.0
2025-02-09,18,18.8,11.1,61.0,0.0,,360.0,3.6,,1013.2,,1.0
2025-02-09,19,19.0,11.1,60.0,0.0,,350.0,5.4,,1012.0,,1.0
2025-02-09,20,18.0,10.1,60.0,0.0,,360.0,3.6,,1012.0,,5.0
2025-02-09,21,17.0,11.5,70.0,0.0,,0.0,0.0,,1012.3,,5.0
2025-02-09,22,17.0,8.9,59.0,0.0,,33.0,3.6,,1011.0,,5.0
2025-02-09,23,16.0,11.0,72.0,0.0,,33.0,3.6,,1011.0,,5.0
2025-02-10,0,15.2,10.4,73.0,0.0,,0.0,0.0,,1012.3,,1.0
2025-02-10,1,16.3,10.6,69.0,0.0,,28.0,1.8,,1012.9,,1.0
2025-02-10,2,15.0,10.0,72.0,0.0,,10.0,3.6,,1014.0,,5.0
2025-02-10,3,16.4,12.4,77.0,0.0,,0.0,0.0,,1014.4,,5.0
2025-02-10,4,21.0,9.9,49.0,0.0,,350.0,3.6,,1015.0,,1.0
2025-02-10,5,25.0,7.2,32.0,0.0,,290.0,7.6,,1016.0,,1.0
2025-02-10,6,29.0,8.1,27.0,0.0,,320.0,3.6,,1015.6,,1.0
2025-02-10,7,30.0,5.3,21.0,0.0,,330.0,3.6,,1014.0,,1.0
2025-02-10,8,30.0,3.9,19.0,0.0,,280.0,11.2,,1013.0,,1.0
2025-02-10,9,32.4,7.3,21.0,0.0,,360.0,3.6,,1012.6,,1.0
2025-02-10,10,31.0,4.7,19.0,0.0,,280.0,14.8,,1011.0,,1.0
2025-02-10,11,31.0,4.7,19.0,0.0,,350.0,14.8,,1011.0,,1.0
2025-02-10,12,31.2,8.2,24.0,0.0,,340.0,5.4,,1011.7,,1.0
2025-02-10,13,28.0,7.3,27.0,0.0,,280.0,5.4,,1012.0,,1.0
2025-02-10,14,25.0,8.1,34.0,0.0,,350.0,5.4,,1013.0,,1.0
2025-02-10,15,23.4,13.0,52.0,0.0,,330.0,5.4,,1013.8,,1.0
2025-02-10,16,24.0,8.0,36.0,0.0,,350.0,5.4,,1014.0,,1.0
2025-02-10,17,22.0,8.1,41.0,0.0,,0.0,0.0,,1014.0,,1.0
2025-02-10,18,19.6,12.1,62.0,0.0,,0.0,0.0,,1014.1,,1.0
2025-02-10,19,20.0,9.0,49.0,0.0,,10.0,3.6,,1013.0,,1.0
2025-02-10,20,18.0,11.1,64.0,0.0,,281.0,3.6,,1013.0,,5.0
2025-02-10,21,17.0,12.3,74.0,0.0,,0.0,0.0,,1013.3,,5.0
2025-02-10,22,17.0,12.9,77.0,0.0,,0.0,0.0,,1012.0,,5.0
2025-02-10,23,16.0,11.0,72.0,0.0,,0.0,0.0,,1013.0,,5.0
2025-02-11,0,15.8,11.4,75.0,0.0,,0.0,0.0,,1013.3,,5.0
2025-02-11,1,16.0,12.0,77.0,0.0,,290.0,5.4,,1014.0,,5.0
2025-02-11,2,17.0,8.9,59.0,0.0,,280.0,5.4,,1014.0,,5.0
2025-02-11,3,17.4,12.1,71.0,0.0,,310.0,7.6,,1014.9,,5.0
2025-02-11,4,20.0,10.1,53.0,0.0,,290.0,9.4,,1016.0,,2.0
2025-02-11,5,22.0,12.0,53.0,0.0,,320.0,14.8,,1016.0,,2.0
2025-02-11,6,26.2,14.0,47.0,0.0,,320.0,3.6,,1016.0,,2.0
2025-02-11,7,25.0,11.9,44.0,0.0,,260.0,11.2,,1015.0,,2.0
2025-02-11,8,27.0,11.1,37.0,0.0,,260.0,11.2,,1014.0,,2.0
2025-02-11,9,30.6,13.4,35.0,0.0,,250.0,11.2,,1013.9,,2.0
2025-02-11,10,28.0,11.1,35.0,0.0,,200.0,9.4,,1012.0,,1.0
2025-02-11,11,29.0,10.2,31.0,0.0,,260.0,11.2,,1011.0,,1.0
2025-02-11,12,30.8,13.1,34.0,0.0,,290.0,7.6,,1012.5,,1.0
2025-02-11,13,27.0,9.8,34.0,0.0,,260.0,7.6,,1012.0,,1.0
2025-02-11,14,26.0,11.0,39.0,0.0,,250.0,3.6,,1013.0,,1.0
2025-02-11,15,24.6,15.0,55.0,0.0,,190.0,5.4,,1013.9,,1.0
2025-02-11,16,23.0,12.9,53.0,0.0,,230.0,3.6,,1014.0,,1.0
2025-02-11,17,21.0,13.9,64.0,0.0,,291.0,3.6,,1014.0,,1.0
2025-02-11,18,21.0,12.9,60.0,0.0,,291.0,4.0,,1014.0,,1.0
2025-02-11,19,19.0,13.0,68.0,0.0,,10.0,4.0,,1014.0,,5.0
2025-02-11,20,19.0,14.1,73.0,0.0,,310.0,5.4,,1014.0,,5.0
2025-02-11,21,19.8,15.0,74.0,0.0,,290.0,5.4,,1014.0,,5.0
2025-02-11,22,20.0,15.0,73.0,0.0,,260.0,7.6,,1013.0,,5.0
2025-02-11,23,20.0,15.0,73.0,0.0,,260.0,7.6,,1013.0,,5.0
2025-02-12,0,20.4,17.4,83.0,0.0,,290.0,5.4,,1013.7,,5.0
2025-02-12,1,18.0,16.0,88.0,0.0,,320.0,5.4,,1015.0,,5.0
2025-02-12,2,18.0,16.0,88.0,0.0,,310.0,3.6,,1015.0,,5.0
2025-02-12,3,20.0,17.8,87.0,0.0,,350.0,5.4,,1016.1,,5.0
2025-02-12,4,20.0,16.0,78.0,0.0,,310.0,9.4,,1017.0,,5.0
2025-02-12,5,23.0,16.1,65.0,0.0,,80.0,3.6,,1017.0,,5.0
2025-02-12,6,28.0,16.9,51.0,0.0,,330.0,5.4,,1017.3,,5.0
2025-02-12,7,28.0,13.1,40.0,0.0,,70.0,5.4,,1015.0,,1.0
2025-02-12,8,29.0,12.8,37.0,0.0,,30.0,7.6,,1014.0,,1.0
2025-02-12,9,32.0,11.7,29.0,0.0,,340.0,7.6,,1014.2,,1.0
2025-02-12,10,30.0,6.0,22.0,0.0,,320.0,14.8,,1013.0,,1.0
2025-02-12,11,30.0,7.2,24.0,0.0,,350.0,13.0,,1013.0,,1.0
2025-02-12,12,31.2,9.4,26.0,0.0,,340.0,5.4,,1012.9,,1.0
2025-02-12,13,28.0,7.8,28.0,0.0,,300.0,5.4,,1013.0,,1.0
2025-02-12,14,27.0,8.0,30.0,0.0,,0.0,0.0,,1014.0,,1.0
2025-02-12,15,23.6,14.0,55.0,0.0,,340.0,3.6,,1015.5,,1.0
2025-02-12,16,24.0,9.9,41.0,0.0,,350.0,5.4,,1015.0,,1.0
2025-02-12,17,24.0,9.2,39.0,0.0,,290.0,3.6,,1015.0,,1.0
2025-02-12,18,24.6,8.5,36.0,0.0,,290.0,7.6,,1015.6,,1.0
2025-02-12,19,22.0,8.1,41.0,0.0,,330.0,5.4,,1015.0,,1.0
2025-02-12,20,20.0,9.0,49.0,0.0,,0.0,0.0,,1014.0,,1.0
2025-02-12,21,19.0,11.8,63.0,0.0,,320.0,3.6,,1015.5,,1.0
2025-02-12,22,21.0,6.1,38.0,0.0,,360.0,7.6,,1014.0,,1.0
2025-02-12,23,20.0,7.0,43.0,0.0,,360.0,5.4,,1014.0,,1.0
2025-02-13,0,19.0,8.3,50.0,0.0,,20.0,5.4,,1014.8,,1.0
2025-02-13,1,18.0,7.1,49.0,0.0,,20.0,5.4,,1015.0,,1.0
2025-02-13,2,18.0,5.9,45.0,0.0,,10.0,9.4,,1016.0,,1.0
2025-02-13,3,20.6,7.9,44.0,0.0,,20.0,7.6,,1016.6,,1.0
2025-02-13,4,23.0,7.1,36.0,0.0,,50.0,9.4,,1017.0,,1.0
2025-02-13,5,25.0,7.2,32.0,0.0,,50.0,7.6,,1018.0,,1.0
2025-02-13,6,28.4,7.6,27.0,0.0,,50.0,7.6,,1017.9,,1.0
2025-02-13,7,29.0,5.8,23.0,0.0,,80.0,18.4,,1015.0,,1.0
2025-02-13,8,29.0,3.8,20.0,0.0,,40.0,11.2,,1015.0,,1.0
2025-02-13,9,31.6,6.6,21.0,0.0,,50.0,7.6,,1014.4,,1.0
2025-02-13,10,31.0,3.9,18.0,0.0,,360.0,14.8,,1013.0,,1.0
2025-02-13,11,31.0,3.1,17.0,0.0,,340.0,11.2,,1013.0,,1.0
2025-02-13,12,30.8,6.0,21.0,0.0,,360.0,7.6,,1013.1,,1.0
2025-02-13,13,29.0,5.1,22.0,0.0,,340.0,5.4,,1013.0,,1.0
2025-02-13,14,27.0,5.9,26.0,0.0,,0.0,0.0,,1014.0,,1.0
2025-02-13,15,24.0,12.6,49.0,0.0,,340.0,3.6,,1014.4,,1.0
2025-02-13,16,23.0,9.0,41.0,0.0,,0.0,0.0,,1014.0,,1.0
2025-02-13,17,21.0,11.1,53.0,0.0,,0.0,0.0,,1015.0,,1.0
2025-02-13,18,21.0,12.2,57.0,0.0,,0.0,0.0,,1015.4,,1.0
2025-02-13,19,21.0,8.9,46.0,0.0,,10.0,5.4,,1014.0,,1.0
2025-02-13,20,20.0,10.1,53.0,0.0,,0.0,0.0,,1014.0,,1.0
2025-02-13,21,19.0,11.8,63.0,0.0,,0.0,0.0,,1014.5,,1.0
2025-02-13,22,19.0,8.9,52.0,0.0,,360.0,3.6,,1013.0,,1.0
2025-02-13,23,18.0,9.1,56.0,0.0,,20.0,3.6,,1013.0,,1.0
2025-02-14,0,17.0,11.5,70.0,0.0,,30.0,3.6,,1013.9,,1.0
2025-02-14,1,18.0,8.0,52.0,0.0,,10.0,5.4,,1014.0,,1.0
2025-02-14,2,17.0,9.9,63.0,0.0,,340.0,3.6,,1015.1,,1.0
2025-02-14,3,18.0,12.2,69.0,0.0,,0.0,0.0,,1016.2,,1.0
2025-02-14,4,23.0,7.1,36.0,0.0,,60.0,3.6,,1016.0,,1.0
2025-02-14,5,27.0,5.9,26.0,0.0,,0.0,0.0,,1017.0,,1.0
2025-02-14,6,30.2,8.6,26.0,0.0,,360.0,3.6,,1016.5,,1.0
2025-02-14,7,30.0,3.1,18.0,0.0,,270.0,3.6,,1014.0,,1.0
2025-02-14,8,31.0,2.2,16.0,0.0,,200.0,7.6,,1014.0,,1.0
2025-02-14,9,33.4,5.0,17.0,0.0,,280.0,5.4,,1012.8,,1.0
2025-02-14,10,33.0,2.0,14.0,0.0,,230.0,14.8,,1011.0,,1.0
2025-02-14,11,32.0,3.0,16.0,0.0,,280.0,11.2,,1011.0,,1.0
2025-02-14,12,33.0,8.5,22.0,0.0,,340.0,5.4,,1011.6,,1.0
2025-02-14,13,29.0,5.1,22.0,0.0,,250.0,9.4,,1012.0,,1.0
2025-02-14,14,27.0,5.9,26.0,0.0,,240.0,3.6,,1013.0,,1.0
2025-02-14,15,25.0,13.9,50.0,0.0,,0.0,0.0,,1013.1,,1.0
2025-02-14,16,25.0,8.1,34.0,0.0,,0.0,0.0,,1013.0,,1.0
2025-02-14,17,24.0,9.2,39.0,0.0,,0.0,0.0,,1013.0,,1.0
2025-02-14,18,21.6,12.4,56.0,0.0,,0.0,0.0,,1013.5,,1.0
2025-02-14,19,22.0,11.1,50.0,0.0,,0.0,0.0,,1012.0,,1.0
2025-02-14,20,20.0,11.0,56.0,0.0,,0.0,0.0,,1012.0,,1.0
2025-02-14,21,19.4,14.2,72.0,0.0,,0.0,0.0,,1012.2,,5.0
2025-02-14,22,21.0,8.9,46.0,0.0,,240.0,5.4,,1011.0,,5.0
2025-02-14,23,20.0,9.0,49.0,0.0,,240.0,7.6,,1011.0,,1.0
2025-02-15,0,17.4,11.2,67.0,0.0,,270.0,3.6,,1011.3,,1.0
2025-02-15,1,19.0,8.9,52.0,0.0,,0.0,0.0,,1011.0,,1.0
2025-02-15,2,18.0,9.1,56.0,0.0,,0.0,0.0,,1013.0,,1.0
2025-02-15,3,18.6,12.8,69.0,0.0,,0.0,0.0,,1013.7,,1.0
2025-02-15,4,22.0,10.2,47.0,0.0,,350.0,5.4,,1014.0,,1.0
2025-02-15,5,25.0,8.9,36.0,0.0,,280.0,3.6,,1014.0,,1.0
2025-02-15,6,28.6,12.1,36.0,0.0,,260.0,3.6,,1013.9,,1.0
2025-02-15,7,28.0,7.8,28.0,0.0,,230.0,9.4,,1012.0,,1.0
2025-02-15,8,30.0,9.0,27.0,0.0,,220.0,11.2,,1011.0,,1.0
2025-02-15,9,33.6,12.0,27.0,0.0,,360.0,7.6,,1010.6,,1.0
2025-02-15,10,32.0,10.1,26.0,0.0,,230.0,13.0,,1009.0,,1.0
2025-02-15,11,32.0,10.1,26.0,0.0,,250.0,11.2,,1009.0,,1.0
2025-02-15,12,33.6,13.1,29.0,0.0,,230.0,9.4,,1009.4,,1.0
2025-02-15,13,29.0,11.1,33.0,0.0,,180.0,7.6,,1009.0,,1.0
2025-02-15,14,29.0,12.0,35.0,0.0,,160.0,9.4,,1010.0,,1.0
2025-02-15,15,26.8,16.4,53.0,0.0,,180.0,3.6,,1010.6,,1.0
2025-02-15,16,27.0,13.0,42.0,0.0,,0.0,0.0,,1011.0,,2.0
2025-02-15,17,26.0,13.2,45.0,0.0,,0.0,0.0,,1011.0,,2.0
2025-02-15,18,24.2,15.9,60.0,0.0,,200.0,7.6,,1011.6,,2.0
2025-02-15,19,23.0,12.0,50.0,0.0,,180.0,9.4,,1011.0,,2.0
2025-02-15,20,22.0,11.1,50.0,0.0,,190.0,5.4,,1010.0,,2.0
2025-02-15,21,22.0,14.1,61.0,0.0,,270.0,5.4,,1011.0,,1.0
2025-02-15,22,23.0,12.0,50.0,0.0,,250.0,5.4,,1010.0,,1.0
2025-02-15,23,21.0,12.9,60.0,0.0,,240.0,3.6,,1010.0,,1.0
2025-02-16,0,21.0,15.8,72.0,0.0,,290.0,3.6,,1010.9,,1.0
2025-02-16,1,21.0,15.1,69.0,0.0,,240.0,7.6,,1011.0,,1.0
2025-02-16,2,20.0,15.0,73.0,0.0,,230.0,7.6,,1012.0,,1.0
2025-02-16,3,22.2,16.2,69.0,0.0,,240.0,11.2,,1012.6,,5.0
2025-02-16,4,23.0,15.1,61.0,0.0,,240.0,7.6,,1014.0,,5.0
2025-02-16,5,24.0,16.0,61.0,0.0,,220.0,3.6,,1013.0,,5.0
2025-02-16,6,29.0,16.9,48.0,0.0,,320.0,3.6,,1013.3,,1.0
2025-02-16,7,29.0,12.8,37.0,0.0,,260.0,9.4,,1012.0,,1.0
2025-02-16,8,30.0,10.0,29.0,0.0,,290.0,7.6,,1011.0,,1.0
2025-02-16,9,33.6,10.3,24.0,0.0,,270.0,7.6,,1010.7,,1.0
2025-02-16,10,32.0,8.3,23.0,0.0,,260.0,9.4,,1010.0,,1.0
2025-02-16,11,31.0,9.3,26.0,0.0,,230.0,14.8,,1010.0,,1.0
2025-02-16,12,32.6,13.3,31.0,0.0,,200.0,11.2,,1010.1,,1.0
2025-02-16,13,29.0,10.2,31.0,0.0,,230.0,9.4,,1010.0,,1.0
2025-02-16,14,26.0,10.2,37.0,0.0,,200.0,7.6,,1011.0,,1.0
2025-02-16,15,25.6,16.2,56.0,0.0,,250.0,3.6,,1011.7,,1.0
2025-02-16,16,26.0,12.1,42.0,0.0,,180.0,3.6,,1012.0,,1.0
2025-02-16,17,23.0,15.1,61.0,0.0,,0.0,0.0,,1013.0,,1.0
2025-02-16,18,22.4,15.5,65.0,0.0,,230.0,5.4,,1013.2,,1.0
2025-02-16,19,24.0,14.1,54.0,0.0,,250.0,7.6,,1013.0,,1.0
2025-02-16,20,24.0,14.1,54.0,0.0,,250.0,7.6,,1012.0,,1.0
2025-02-16,21,23.0,15.3,62.0,0.0,,270.0,3.6,,1012.4,,1.0
2025-02-16,22,22.0,14.1,61.0,0.0,,240.0,7.6,,1012.0,,1.0
2025-02-16,23,21.0,13.9,64.0,0.0,,0.0,0.0,,1012.0,,1.0
2025-02-17,0,21.8,16.5,72.0,0.0,,270.0,3.6,,1012.3,,5.0
2025-02-17,1,20.0,15.0,73.0,0.0,,0.0,0.0,,1013.0,,5.0
2025-02-17,2,19.0,15.1,78.0,0.0,,0.0,0.0,,1014.0,,5.0
2025-02-17,3,21.6,18.2,81.0,0.0,,0.0,0.0,,1014.5,,5.0
2025-02-17,4,23.0,16.1,65.0,0.0,,280.0,5.4,,1015.0,,5.0
2025-02-17,5,25.0,15.0,54.0,0.0,,270.0,7.6,,1015.0,,2.0
2025-02-17,6,29.0,17.2,49.0,0.0,,50.0,5.4,,1014.9,,2.0
2025-02-17,7,29.0,12.8,37.0,0.0,,30.0,5.4,,1014.0,,1.0
2025-02-17,8,30.0,10.0,29.0,0.0,,280.0,7.6,,1013.0,,1.0
2025-02-17,9,33.6,12.6,28.0,0.0,,270.0,5.4,,1012.4,,1.0
2025-02-17,10,32.0,6.9,21.0,0.0,,190.0,7.6,,1011.0,,1.0
2025-02-17,11,32.0,8.3,23.0,0.0,,220.0,11.2,,1011.0,,1.0
2025-02-17,12,33.4,12.4,28.0,0.0,,290.0,5.4,,1011.4,,1.0
2025-02-17,13,30.0,11.0,31.0,0.0,,270.0,5.4,,1012.0,,1.0
2025-02-17,14,29.0,12.0,35.0,0.0,,270.0,3.6,,1012.0,,1.0
2025-02-17,15,27.4,17.3,54.0,0.0,,290.0,3.6,,1012.8,,1.0
2025-02-17,16,26.0,13.2,45.0,0.0,,10.0,3.6,,1013.0,,1.0
2025-02-17,17,25.0,14.2,51.0,0.0,,0.0,0.0,,1013.0,,1.0
2025-02-17,18,24.0,15.8,60.0,0.0,,0.0,0.0,,1013.6,,1.0
2025-02-17,19,24.0,14.1,54.0,0.0,,0.0,0.0,,1013.0,,1.0
2025-02-17,20,22.0,14.1,61.0,0.0,,190.0,9.4,,1012.0,,1.0
2025-02-17,21,22.6,16.6,69.0,0.0,,0.0,0.0,,1012.3,,1.0
2025-02-17,22,23.0,15.1,61.0,0.0,,274.0,3.6,,1012.0,,1.0
2025-02-17,23,22.0,14.1,61.0,0.0,,180.0,3.6,,1011.0,,5.0
2025-02-18,0,22.4,16.9,71.0,0.0,,230.0,3.6,,1011.6,,5.0
2025-02-18,1,22.0,15.1,65.0,0.0,,290.0,3.6,,1013.0,,5.0
2025-02-18,2,22.0,15.1,65.0,0.0,,70.0,3.6,,1013.0,,5.0
2025-02-18,3,23.6,16.4,64.0,0.0,,290.0,3.6,,1014.2,,5.0
2025-02-18,4,25.0,14.2,51.0,0.0,,280.0,5.4,,1015.0,,2.0
2025-02-18,5,27.0,13.0,42.0,0.0,,340.0,11.2,,1015.0,,2.0
2025-02-18,6,30.8,12.2,32.0,0.0,,360.0,7.6,,1014.9,,2.0
2025-02-18,7,31.0,9.3,26.0,0.0,,270.0,13.0,,1014.0,,2.0
2025-02-18,8,31.0,9.3,26.0,0.0,,300.0,20.5,,1013.0,,2.0
2025-02-18,9,34.0,10.0,23.0,0.0,,320.0,9.4,,1012.2,,2.0
2025-02-18,10,32.0,8.9,24.0,0.0,,290.0,14.8,,1011.0,,2.0
2025-02-18,11,31.0,9.3,26.0,0.0,,280.0,16.6,,1011.0,,2.0
2025-02-18,12,33.0,9.8,24.0,0.0,,320.0,5.4,,1011.1,,2.0
2025-02-18,13,30.0,9.0,27.0,0.0,,270.0,9.4,,1011.0,,2.0
2025-02-18,14,29.0,9.2,29.0,0.0,,280.0,3.6,,1012.0,,2.0
2025-02-18,15,25.8,14.3,49.0,0.0,,300.0,3.6,,1012.5,,2.0
2025-02-18,16,27.0,8.9,32.0,0.0,,280.0,3.6,,1013.0,,1.0
2025-02-18,17,25.0,10.8,41.0,0.0,,190.0,9.4,,1013.0,,1.0
2025-02-18,18,24.2,12.8,49.0,0.0,,270.0,7.6,,1013.3,,1.0
2025-02-18,19,25.0,10.1,39.0,0.0,,250.0,7.6,,1012.0,,1.0
2025-02-18,20,24.0,11.0,44.0,0.0,,0.0,0.0,,1012.0,,1.0
2025-02-18,21,21.0,13.4,62.0,0.0,,240.0,7.6,,1011.9,,1.0
2025-02-18,22,24.0,9.9,41.0,0.0,,230.0,7.6,,1011.0,,1.0
2025-02-18,23,21.0,11.9,56.0,0.0,,300.0,5.4,,1011.0,,1.0
2025-02-19,0,22.0,13.4,58.0,0.0,,290.0,5.4,,1011.6,,5.0
2025-02-19,1,19.0,12.0,64.0,0.0,,10.0,7.6,,1012.0,,5.0
2025-02-19,2,20.0,12.0,60.0,0.0,,10.0,7.6,,1013.0,,5.0
2025-02-19,3,22.6,12.0,51.0,0.0,,320.0,5.4,,1012.9,,1.0
2025-02-19,4,23.0,11.1,47.0,0.0,,320.0,9.0,,1014.0,,3.0
2025-02-19,5,26.0,11.0,39.0,0.0,,360.0,11.2,,1014.0,,3.0
2025-02-19,6,30.0,12.9,35.0,0.0,,320.0,5.4,,1013.7,,2.0
2025-02-19,7,30.0,10.0,29.0,0.0,,30.0,3.6,,1011.0,,2.0
2025-02-19,8,31.0,10.9,29.0,0.0,,300.0,3.6,,1010.0,,2.0
2025-02-19,9,34.6,10.5,23.0,0.0,,320.0,5.4,,1010.1,,2.0
2025-02-19,10,33.0,6.3,19.0,0.0,,220.0,16.6,,1009.0,,1.0
2025-02-19,11,32.0,8.3,23.0,0.0,,220.0,20.5,,1009.0,,1.0
2025-02-19,12,33.8,11.0,25.0,0.0,,0.0,0.0,,1009.6,,1.0
2025-02-19,13,30.0,11.0,31.0,0.0,,190.0,13.0,,1010.0,,1.0
2025-02-19,14,28.0,11.1,35.0,0.0,,170.0,7.6,,1010.0,,1.0
2025-02-19,15,28.4,13.9,41.0,0.0,,250.0,5.4,,1010.9,,1.0
2025-02-19,16,26.0,11.0,39.0,0.0,,200.0,9.4,,1011.0,,1.0
2025-02-19,17,25.0,10.1,39.0,0.0,,190.0,7.6,,1011.0,,1.0
2025-02-19,18,25.4,13.3,47.0,0.0,,270.0,5.4,,1011.4,,1.0
2025-02-19,19,26.0,8.0,32.0,0.0,,220.0,11.2,,1011.0,,1.0
2025-02-19,20,25.0,10.1,39.0,0.0,,240.0,9.4,,1010.0,,1.0
2025-02-19,21,24.6,13.2,49.0,0.0,,270.0,7.6,,1010.8,,1.0
2025-02-19,22,23.0,12.0,50.0,0.0,,240.0,7.6,,1010.0,,1.0
2025-02-19,23,22.0,13.1,57.0,0.0,,260.0,3.6,,1010.0,,1.0
2025-02-20,0,22.2,15.3,65.0,0.0,,290.0,5.4,,1011.3,,5.0
2025-02-20,1,21.0,12.9,60.0,0.0,,300.0,3.6,,1012.0,,5.0
2025-02-20,2,21.0,12.9,60.0,0.0,,300.0,3.6,,1013.0,,5.0
2025-02-20,3,22.0,15.4,66.0,0.0,,360.0,3.6,,1013.8,,5.0
2025-02-20,4,23.0,12.0,50.0,0.0,,300.0,7.6,,1014.0,,1.0
2025-02-20,5,26.0,14.1,48.0,0.0,,280.0,5.4,,1014.0,,1.0
2025-02-20,6,29.6,14.2,39.0,0.0,,320.0,7.6,,1014.5,,1.0
2025-02-20,7,29.0,11.1,33.0,0.0,,250.0,7.6,,1013.0,,1.0
2025-02-20,8,30.0,10.0,29.0,0.0,,230.0,7.6,,1012.0,,2.0
2025-02-20,9,33.6,12.0,27.0,0.0,,320.0,11.2,,1011.7,,2.0
2025-02-20,10,31.0,8.1,24.0,0.0,,250.0,11.2,,1011.0,,2.0
2025-02-20,11,31.0,6.8,22.0,0.0,,250.0,14.8,,1011.0,,2.0
2025-02-20,12,34.0,12.4,27.0,0.0,,270.0,7.6,,1011.4,,2.0
2025-02-20,13,29.0,10.2,31.0,0.0,,200.0,7.6,,1012.0,,2.0
2025-02-20,14,27.0,11.1,37.0,0.0,,180.0,9.4,,1012.0,,2.0
2025-02-20,15,27.4,14.1,44.0,0.0,,180.0,9.4,,1013.2,,2.0
2025-02-20,16,27.0,9.8,34.0,0.0,,200.0,7.6,,1013.0,,1.0
2025-02-20,17,26.0,10.2,37.0,0.0,,210.0,7.6,,1014.0,,1.0
2025-02-20,18,24.6,12.5,47.0,0.0,,160.0,5.4,,1014.2,,1.0
2025-02-20,19,23.0,14.0,57.0,0.0,,200.0,6.0,,1014.0,,1.0
2025-02-20,20,23.0,12.9,53.0,0.0,,26.0,0.0,,1013.0,,1.0
2025-02-20,21,23.4,14.4,57.0,0.0,,0.0,0.0,,1013.5,,1.0
2025-02-20,22,22.0,13.1,57.0,0.0,,0.0,0.0,,1013.0,,1.0
2025-02-20,23,20.0,13.0,64.0,0.0,,0.0,0.0,,1013.0,,1.0
2025-02-21,0,20.8,14.0,65.0,0.0,,0.0,0.0,,1013.8,,1.0
2025-02-21,1,21.0,12.9,60.0,0.0,,330.0,3.6,,1014.0,,5.0
2025-02-21,2,20.0,13.0,64.0,0.0,,360.0,3.6,,1015.0,,5.0
2025-02-21,3,22.8,15.1,62.0,0.0,,360.0,3.6,,1016.3,,5.0
2025-02-21,4,24.0,14.1,54.0,0.0,,350.0,9.4,,1017.0,,1.0
2025-02-21,5,27.0,13.0,42.0,0.0,,10.0,11.2,,1017.0,,1.0
2025-02-21,6,30.8,14.8,38.0,0.0,,360.0,11.2,,1017.3,,1.0
2025-02-21,7,30.0,12.0,33.0,0.0,,10.0,16.6,,1016.0,,1.0
2025-02-21,8,31.0,9.8,27.0,0.0,,20.0,14.8,,1014.0,,1.0
2025-02-21,9,33.2,10.5,25.0,0.0,,20.0,5.4,,1014.4,,1.0
2025-02-21,10,33.0,9.1,23.0,0.0,,340.0,14.8,,1013.0,,1.0
2025-02-21,11,32.0,11.2,28.0,0.0,,340.0,13.0,,1013.0,,1.0
2025-02-21,12,32.4,10.4,26.0,0.0,,20.0,7.6,,1013.5,,1.0
2025-02-21,13,30.0,10.0,29.0,0.0,,20.0,5.4,,1014.0,,2.0
2025-02-21,14,30.0,10.0,29.0,0.0,,320.0,9.4,,1014.0,,2.0
2025-02-21,15,27.6,15.3,47.0,0.0,,270.0,3.6,,1015.0,,2.0
2025-02-21,16,27.0,9.8,34.0,0.0,,0.0,0.0,,1015.0,,1.0
2025-02-21,17,26.0,11.0,39.0,0.0,,270.0,5.4,,1015.0,,1.0
2025-02-21,18,24.0,15.8,60.0,0.0,,0.0,0.0,,1015.6,,1.0
2025-02-21,19,24.0,11.0,44.0,0.0,,0.0,0.0,,1015.0,,1.0
2025-02-21,20,22.0,14.1,61.0,0.0,,0.0,0.0,,1014.0,,1.0
2025-02-21,21,22.6,14.2,59.0,0.0,,0.0,0.0,,1014.7,,1.0
2025-02-21,22,21.0,13.9,64.0,0.0,,0.0,0.0,,1013.0,,1.0
2025-02-21,23,20.0,13.0,64.0,0.0,,0.0,0.0,,1013.0,,5.0
2025-02-22,0,20.4,13.4,64.0,0.0,,50.0,3.6,,1013.5,,5.0
2025-02-22,1,19.0,14.1,73.0,0.0,,10.0,3.6,,1015.0,,5.0
2025-02-22,2,21.0,8.9,46.0,0.0,,30.0,3.6,,1015.0,,1.0
2025-02-22,3,23.6,8.8,39.0,0.0,,70.0,3.6,,1016.7,,1.0
2025-02-22,4,24.0,7.2,34.0,0.0,,20.0,14.8,,1017.0,,3.0
2025-02-22,5,27.0,8.9,32.0,0.0,,50.0,14.8,,1017.0,,2.0
2025-02-22,6,29.6,9.2,28.0,0.0,,20.0,5.4,,1017.7,,2.0
2025-02-22,7,30.0,9.0,27.0,0.0,,70.0,5.4,,1016.0,,1.0
2025-02-22,8,31.0,6.8,22.0,0.0,,340.0,7.6,,1015.0,,1.0
2025-02-22,9,33.0,7.8,21.0,0.0,,0.0,0.0,,1015.1,,1.0
2025-02-22,10,32.0,6.9,21.0,0.0,,360.0,7.6,,1013.0,,1.0
2025-02-22,11,32.0,6.9,21.0,0.0,,360.0,9.4,,1013.0,,1.0
2025-02-22,12,33.0,8.5,22.0,0.0,,320.0,5.4,,1013.8,,1.0
2025-02-22,13,31.0,8.1,24.0,0.0,,10.0,5.4,,1014.0,,1.0
2025-02-22,14,29.0,9.2,29.0,0.0,,0.0,0.0,,1015.0,,1.0
2025-02-22,15,26.4,14.8,49.0,0.0,,310.0,5.4,,1015.4,,1.0
2025-02-22,16,25.0,10.8,41.0,0.0,,0.0,0.0,,1016.0,,1.0
2025-02-22,17,25.0,10.8,41.0,0.0,,0.0,0.0,,1016.0,,1.0
2025-02-22,18,22.2,14.1,60.0,0.0,,360.0,3.6,,1016.1,,1.0
2025-02-22,19,22.0,12.0,53.0,0.0,,0.0,0.0,,1015.0,,1.0
2025-02-22,20,23.0,10.1,44.0,0.0,,0.0,0.0,,1014.0,,1.0
2025-02-22,21,19.8,13.0,65.0,0.0,,0.0,0.0,,1014.8,,1.0
2025-02-22,22,21.0,11.9,56.0,0.0,,0.0,0.0,,1014.0,,1.0
2025-02-22,23,20.0,11.0,56.0,0.0,,10.0,3.6,,1014.0,,1.0
2025-02-23,0,18.6,12.6,68.0,0.0,,0.0,0.0,,1014.5,,1.0
2025-02-23,1,21.0,11.9,56.0,0.0,,10.0,7.6,,1015.0,,1.0
2025-02-23,2,20.0,11.0,56.0,0.0,,330.0,5.4,,1016.0,,1.0
2025-02-23,3,22.0,13.9,60.0,0.0,,30.0,9.4,,1017.3,,1.0
2025-02-23,4,25.0,10.8,41.0,0.0,,50.0,14.8,,1018.0,,1.0
2025-02-23,5,28.0,11.1,35.0,0.0,,70.0,11.2,,1018.0,,1.0
2025-02-23,6,30.4,13.2,35.0,0.0,,50.0,5.4,,1017.8,,1.0
2025-02-23,7,31.0,6.8,22.0,0.0,,110.0,3.6,,1017.0,,1.0
2025-02-23,8,32.0,4.7,18.0,0.0,,90.0,3.6,,1014.0,,1.0
2025-02-23,9,33.6,6.8,19.0,0.0,,320.0,3.6,,1014.4,,1.0
2025-02-23,10,32.0,3.9,17.0,0.0,,10.0,9.4,,1013.0,,1.0
2025-02-23,11,32.0,3.0,16.0,0.0,,0.0,0.0,,1013.0,,1.0
2025-02-23,12,34.4,8.9,21.0,0.0,,320.0,3.6,,1012.8,,1.0
2025-02-23,13,30.0,3.9,19.0,0.0,,230.0,7.6,,1013.0,,1.0
2025-02-23,14,29.0,8.1,27.0,0.0,,180.0,7.6,,1014.0,,1.0
2025-02-23,15,27.6,12.8,40.0,0.0,,270.0,3.6,,1014.7,,1.0
2025-02-23,16,26.0,11.0,39.0,0.0,,180.0,3.6,,1015.0,,3.0
2025-02-23,17,27.0,9.8,34.0,0.0,,0.0,0.0,,1015.0,,3.0
2025-02-23,18,23.8,13.9,54.0,0.0,,360.0,5.4,,1015.6,,2.0
2025-02-23,19,25.0,8.9,36.0,0.0,,0.0,0.0,,1014.0,,2.0
2025-02-23,20,24.0,9.9,41.0,0.0,,360.0,3.6,,1014.0,,1.0
2025-02-23,21,20.6,13.3,63.0,0.0,,0.0,0.0,,1014.5,,1.0
2025-02-23,22,21.0,11.1,53.0,0.0,,0.0,0.0,,1014.0,,2.0
2025-02-23,23,20.0,11.0,56.0,0.0,,360.0,3.6,,1014.0,,2.0
2025-02-24,0,21.6,9.2,45.0,0.0,,50.0,7.6,,1014.8,,2.0
2025-02-24,1,21.0,7.9,43.0,0.0,,10.0,14.8,,1016.0,,1.0
2025-02-24,2,21.0,8.9,46.0,0.0,,20.0,14.8,,1017.0,,1.0
2025-02-24,3,22.6,9.7,44.0,0.0,,360.0,7.6,,1017.8,,1.0
2025-02-24,4,25.0,10.1,39.0,0.0,,40.0,27.7,,1018.0,,2.0
2025-02-24,5,27.0,9.8,34.0,0.0,,70.0,24.1,,1018.0,,2.0
2025-02-24,6,30.2,11.7,32.0,0.0,,50.0,7.6,,1018.2,,2.0
2025-02-24,7,32.0,10.1,26.0,0.0,,40.0,25.9,,1017.0,,2.0
2025-02-24,8,32.0,8.3,23.0,0.0,,60.0,24.1,,1015.0,,2.0
2025-02-24,9,33.8,7.0,19.0,0.0,,50.0,7.6,,1014.6,,1.0
2025-02-24,10,33.0,6.3,19.0,0.0,,60.0,14.8,,1014.0,,2.0
2025-02-24,11,32.0,6.2,20.0,0.0,,350.0,14.8,,1014.0,,2.0
2025-02-24,12,32.4,6.6,20.0,0.0,,70.0,11.2,,1014.1,,2.0
2025-02-24,13,30.0,5.3,21.0,0.0,,30.0,18.4,,1015.0,,2.0
2025-02-24,14,29.0,5.8,23.0,0.0,,20.0,7.6,,1015.0,,2.0
2025-02-24,15,26.4,9.3,34.0,0.0,,30.0,11.2,,1016.0,,2.0
2025-02-24,16,27.0,8.9,32.0,0.0,,0.0,0.0,,1016.0,,1.0
2025-02-24,17,25.0,7.2,32.0,0.0,,10.0,5.4,,1016.0,,1.0
2025-02-24,18,23.0,10.4,45.0,0.0,,0.0,0.0,,1017.0,,1.0
2025-02-24,19,25.0,8.1,34.0,0.0,,20.0,7.6,,1016.0,,1.0
2025-02-24,20,23.0,7.9,38.0,0.0,,20.0,5.4,,1015.0,,1.0
2025-02-24,21,22.0,13.1,57.0,0.0,,50.0,5.4,,1015.3,,1.0
2025-02-24,22,21.0,8.9,46.0,0.0,,30.0,9.4,,1014.0,,1.0
2025-02-24,23,21.0,7.9,43.0,0.0,,30.0,9.4,,1014.0,,1.0
2025-02-25,0,22.2,8.7,42.0,0.0,,360.0,3.6,,1015.0,,1.0
2025-02-25,1,20.0,8.0,46.0,0.0,,30.0,7.6,,1015.0,,1.0
2025-02-25,2,20.0,8.0,46.0,0.0,,30.0,11.2,,1016.0,,2.0
2025-02-25,3,23.6,7.7,36.0,0.0,,50.0,3.6,,1017.3,,2.0
2025-02-25,4,26.0,7.1,30.0,0.0,,50.0,14.8,,1018.0,,2.0
2025-02-25,5,27.0,8.0,30.0,0.0,,50.0,18.4,,1018.0,,2.0
2025-02-25,6,31.0,8.7,25.0,0.0,,90.0,5.4,,1018.3,,2.0
2025-02-25,7,31.0,6.8,22.0,0.0,,60.0,18.4,,1017.0,,2.0
2025-02-25,8,32.0,6.9,21.0,0.0,,60.0,16.6,,1016.0,,2.0
2025-02-25,9,34.0,8.6,21.0,0.0,,110.0,14.8,,1015.0,,2.0
2025-02-25,10,33.0,7.1,20.0,0.0,,90.0,15.0,,1014.0,,2.0
2025-02-25,11,33.0,7.1,20.0,0.0,,50.0,14.8,,1014.0,,3.0
2025-02-25,12,33.2,7.9,21.0,0.0,,70.0,9.4,,1014.6,,3.0
2025-02-25,13,31.0,6.8,22.0,0.0,,10.0,11.2,,1015.0,,3.0
2025-02-25,14,29.0,8.1,27.0,0.0,,10.0,9.4,,1016.0,,2.0
2025-02-25,15,28.0,12.8,39.0,0.0,,340.0,7.6,,1016.7,,2.0
2025-02-25,16,27.0,8.9,32.0,0.0,,20.0,5.4,,1017.0,,2.0
2025-02-25,17,27.0,8.9,32.0,0.0,,10.0,5.4,,1017.0,,2.0
2025-02-25,18,24.0,12.6,49.0,0.0,,50.0,3.6,,1017.5,,2.0
2025-02-25,19,25.0,8.9,36.0,0.0,,10.0,9.4,,1017.0,,2.0
2025-02-25,20,23.0,9.0,41.0,0.0,,10.0,11.2,,1016.0,,2.0
2025-02-25,21,24.0,10.3,42.0,0.0,,50.0,3.6,,1016.3,,2.0
2025-02-25,22,22.0,8.8,43.0,0.0,,20.0,11.2,,1016.0,,2.0
2025-02-25,23,22.0,8.8,43.0,0.0,,20.0,9.4,,1016.0,,2.0
2025-02-26,0,23.2,8.5,39.0,0.0,,50.0,3.6,,1015.5,,2.0
2025-02-26,1,22.0,8.1,41.0,0.0,,30.0,7.6,,1016.0,,2.0
2025-02-26,2,22.0,8.1,41.0,0.0,,30.0,11.2,,1017.0,,2.0
2025-02-26,3,23.4,8.3,38.0,0.0,,20.0,7.6,,1017.6,,2.0
2025-02-26,4,26.0,8.9,34.0,0.0,,40.0,13.0,,1018.0,,3.0
2025-02-26,5,28.0,8.8,30.0,0.0,,90.0,14.8,,1018.0,,3.0
2025-02-26,6,31.0,9.8,27.0,0.0,,90.0,11.2,,1018.2,,2.0
2025-02-26,7,32.0,10.1,26.0,0.0,,110.0,5.4,,1016.0,,2.0
2025-02-26,8,33.0,9.1,23.0,0.0,,160.0,13.0,,1015.0,,2.0
2025-02-26,9,36.0,10.2,21.0,0.0,,110.0,7.6,,1014.4,,2.0
2025-02-26,10,35.0,8.7,20.0,0.0,,130.0,5.4,,1013.0,,2.0
2025-02-26,11,34.0,9.3,22.0,0.0,,50.0,3.6,,1013.0,,2.0
2025-02-26,12,35.6,9.9,21.0,0.0,,140.0,5.4,,1012.9,,2.0
2025-02-26,13,33.0,9.1,23.0,0.0,,110.0,3.6,,1013.0,,2.0
2025-02-26,14,31.0,9.8,27.0,0.0,,280.0,5.4,,1014.0,,2.0
2025-02-26,15,28.6,15.5,45.0,0.0,,10.0,3.6,,1014.8,,2.0
2025-02-26,16,26.0,13.2,45.0,0.0,,0.0,0.0,,1015.0,,3.0
2025-02-26,17,27.0,11.9,39.0,0.0,,320.0,5.4,,1015.0,,2.0
2025-02-26,18,24.6,14.4,53.0,0.0,,10.0,7.6,,1015.2,,2.0
2025-02-26,19,25.0,12.9,47.0,0.0,,0.0,0.0,,1014.0,,2.0
2025-02-26,20,24.0,12.0,47.0,0.0,,20.0,9.4,,1014.0,,2.0
2025-02-26,21,24.0,13.8,53.0,0.0,,20.0,5.4,,1013.9,,2.0
2025-02-26,22,24.0,9.9,41.0,0.0,,10.0,5.4,,1013.0,,2.0
2025-02-26,23,23.0,10.1,44.0,0.0,,40.0,5.4,,1013.0,,2.0
2025-02-27,0,24.6,10.1,40.0,0.0,,30.0,7.6,,1013.2,,2.0
2025-02-27,1,23.0,9.0,41.0,0.0,,50.0,3.6,,1013.0,,2.0
2025-02-27,2,22.0,8.8,43.0,0.0,,20.0,5.4,,1014.0,,2.0
2025-02-27,3,24.4,12.4,47.0,0.0,,50.0,11.2,,1015.0,,2.0
2025-02-27,4,26.0,8.9,34.0,0.0,,70.0,11.2,,1016.0,,2.0
2025-02-27,5,29.0,8.1,27.0,0.0,,140.0,5.4,,1016.0,,2.0
2025-02-27,6,33.2,15.2,34.0,0.0,,110.0,3.6,,1015.5,,2.0
2025-02-27,7,33.0,9.1,23.0,0.0,,130.0,3.6,,1013.0,,2.0
2025-02-27,8,34.0,7.9,20.0,0.0,,110.0,11.2,,1012.0,,2.0
2025-02-27,9,37.2,7.2,16.0,0.0,,230.0,5.4,,1011.8,,2.0
2025-02-27,10,35.0,7.9,19.0,0.0,,130.0,9.4,,1010.0,,3.0
2025-02-27,11,35.0,8.7,20.0,0.0,,200.0,20.5,,1010.0,,3.0
2025-02-27,12,36.8,11.6,22.0,0.0,,180.0,3.6,,1009.9,,3.0
2025-02-27,13,33.0,9.1,23.0,0.0,,200.0,7.6,,1010.0,,3.0
2025-02-27,14,31.0,9.8,27.0,0.0,,110.0,3.6,,1011.0,,3.0
2025-02-27,15,29.6,16.4,45.0,0.0,,0.0,0.0,,1011.5,,2.0
2025-02-27,16,29.0,14.0,40.0,0.0,,0.0,0.0,,1012.0,,3.0
2025-02-27,17,28.0,13.9,42.0,0.0,,0.0,0.0,,1012.0,,3.0
2025-02-27,18,27.0,16.6,53.0,0.0,,0.0,0.0,,1012.5,,2.0
2025-02-27,19,27.0,14.1,45.0,0.0,,180.0,9.4,,1011.0,,2.0
2025-02-27,20,26.0,12.1,42.0,0.0,,190.0,9.4,,1011.0,,2.0
2025-02-27,21,24.2,13.7,52.0,0.0,,0.0,0.0,,1011.2,,2.0
2025-02-27,22,25.0,10.1,39.0,0.0,,240.0,7.6,,1010.0,,2.0
2025-02-27,23,24.0,11.0,44.0,0.0,,240.0,11.2,,1010.0,,2.0
2025-02-28,0,24.0,12.9,50.0,0.0,,290.0,5.4,,1011.1,,2.0
2025-02-28,1,22.0,12.0,53.0,0.0,,340.0,3.6,,1012.0,,2.0
2025-02-28,2,22.0,12.0,53.0,0.0,,230.0,3.6,,1013.0,,3.0
2025-02-28,3,23.2,14.5,58.0,0.0,,280.0,7.6,,1013.3,,3.0
2025-02-28,4,25.0,12.9,47.0,0.0,,310.0,5.4,,1014.0,,3.0
2025-02-28,5,27.0,11.9,39.0,0.0,,280.0,5.4,,1014.0,,3.0
2025-02-28,6,31.4,13.2,33.0,0.0,,240.0,5.4,,1014.0,,3.0
2025-02-28,7,31.0,9.3,26.0,0.0,,240.0,5.4,,1013.0,,3.0
2025-02-28,8,32.0,6.9,21.0,0.0,,190.0,7.6,,1011.0,,2.0
2025-02-28,9,36.0,7.1,17.0,0.0,,320.0,3.6,,1010.7,,2.0
2025-02-28,10,33.0,4.7,17.0,0.0,,220.0,7.6,,1009.0,,2.0
2025-02-28,11,33.0,7.1,20.0,0.0,,230.0,9.4,,1009.0,,2.0
2025-02-28,12,32.0,8.3,23.0,0.0,,280.0,11.0,,1010.0,,2.0
2025-02-28,13,31.0,9.8,27.0,0.0,,240.0,4.0,,1010.0,,2.0
2025-02-28,14,30.0,11.0,31.0,0.0,,300.0,4.0,,1010.0,,2.0
2025-02-28,15,28.0,11.1,35.0,0.0,,280.0,1.8,,1011.0,,2.0
2025-02-28,16,28.0,12.0,37.0,0.0,,140.0,4.0,,1012.0,,2.0
2025-02-28,17,27.0,13.0,42.0,0.0,,250.0,7.0,,1012.0,,2.0
2025-02-28,18,26.0,14.1,48.0,0.0,,220.0,6.0,,1011.0,,2.0
2025-02-28,19,26.0,13.2,45.0,0.0,,230.0,7.0,,1011.0,,2.0
2025-02-28,20,26.0,13.2,45.0,0.0,,190.0,7.6,,1011.0,,2.0
2025-02-28,21,24.0,15.5,59.0,0.0,,220.0,9.4,,1011.4,,2.0
2025-02-28,22,24.0,14.1,54.0,0.0,,230.0,7.6,,1010.0,,1.0
2025-02-28,23,23.0,14.0,57.0,0.0,,230.0,5.4,,1010.0,,1.0
2025-03-01,0,23.0,16.8,68.0,0.0,,270.0,5.4,,1011.1,,1.0
2025-03-01,1,22.0,15.1,65.0,0.0,,300.0,5.4,,1012.0,,5.0
2025-03-01,2,22.0,15.1,65.0,0.0,,310.0,3.6,,1013.0,,5.0
2025-03-01,3,24.6,16.1,59.0,0.0,,320.0,7.6,,1013.8,,1.0
2025-03-01,4,25.0,15.0,54.0,0.0,,280.0,11.2,,1014.0,,1.0
2025-03-01,5,27.0,16.0,51.0,0.0,,310.0,11.2,,1014.0,,1.0
2025-03-01,6,30.2,15.1,40.0,0.0,,340.0,5.4,,1014.3,,1.0
2025-03-01,7,30.0,11.0,31.0,0.0,,320.0,14.8,,1013.0,,1.0
2025-03-01,8,32.0,8.3,23.0,0.0,,290.0,11.2,,1012.0,,1.0
2025-03-01,9,33.8,10.4,24.0,0.0,,270.0,7.6,,1011.3,,1.0
2025-03-01,10,32.0,8.3,23.0,0.0,,240.0,9.4,,1010.0,,1.0
2025-03-01,11,32.0,11.2,28.0,0.0,,290.0,5.4,,1010.0,,1.0
2025-03-01,12,33.0,12.6,29.0,0.0,,320.0,3.6,,1010.3,,1.0
2025-03-01,13,30.0,11.0,31.0,0.0,,300.0,3.6,,1010.0,,1.0
2025-03-01,14,28.0,12.0,37.0,0.0,,0.0,0.0,,1011.0,,1.0
2025-03-01,15,28.0,13.9,42.0,0.0,,300.0,3.6,,1012.1,,1.0
2025-03-01,16,26.0,12.1,42.0,0.0,,290.0,3.6,,1012.0,,1.0
2025-03-01,17,25.0,11.9,44.0,0.0,,0.0,0.0,,1012.0,,1.0
2025-03-01,18,24.6,15.2,56.0,0.0,,0.0,0.0,,1012.1,,1.0
2025-03-01,19,25.0,11.9,44.0,0.0,,0.0,0.0,,1011.0,,1.0
2025-03-01,20,24.0,12.0,47.0,0.0,,0.0,0.0,,1011.0,,1.0
2025-03-01,21,24.4,14.2,53.0,0.0,,330.0,3.6,,1010.8,,1.0
2025-03-01,22,22.0,13.1,57.0,0.0,,0.0,0.0,,1010.0,,1.0
2025-03-01,23,22.0,12.0,53.0,0.0,,290.0,3.6,,1010.0,,1.0
2025-03-02,0,24.0,15.8,60.0,0.0,,0.0,0.0,,1010.4,,1.0
2025-03-02,1,20.0,13.0,64.0,0.0,,330.0,3.6,,1011.0,,5.0
2025-03-02,2,20.0,13.0,64.0,0.0,,330.0,3.6,,1011.0,,5.0
2025-03-02,3,23.6,15.4,60.0,0.0,,320.0,3.6,,1012.5,,1.0
2025-03-02,4,24.0,11.0,44.0,0.0,,330.0,11.2,,1013.0,,1.0
2025-03-02,5,27.0,11.1,37.0,0.0,,360.0,7.6,,1013.0,,1.0
2025-03-02,6,30.8,12.2,32.0,0.0,,320.0,3.6,,1013.5,,1.0
2025-03-02,7,30.0,9.0,27.0,0.0,,220.0,16.6,,1011.0,,1.0
2025-03-02,8,30.0,7.8,25.0,0.0,,200.0,14.8,,1011.0,,1.0
2025-03-02,9,34.2,11.4,25.0,0.0,,230.0,9.4,,1010.0,,1.0
2025-03-02,10,33.0,4.7,17.0,0.0,,220.0,13.0,,1008.0,,1.0
2025-03-02,11,32.0,6.9,21.0,0.0,,280.0,11.2,,1008.0,,1.0
2025-03-02,12,33.0,7.8,21.0,0.0,,290.0,7.6,,1009.2,,1.0
2025-03-02,13,30.0,6.0,22.0,0.0,,280.0,13.0,,1009.0,,1.0
2025-03-02,14,29.0,7.0,25.0,0.0,,240.0,5.4,,1010.0,,1.0
2025-03-02,15,26.6,13.0,43.0,0.0,,280.0,3.6,,1010.7,,1.0
2025-03-02,16,27.0,8.0,30.0,0.0,,0.0,0.0,,1011.0,,1.0
2025-03-02,17,27.0,8.9,32.0,0.0,,0.0,0.0,,1011.0,,1.0
2025-03-02,18,24.6,13.2,49.0,0.0,,320.0,5.4,,1012.3,,1.0
2025-03-02,19,26.0,12.1,42.0,0.0,,250.0,11.0,,1011.0,,1.0
2025-03-02,20,25.0,11.9,44.0,0.0,,230.0,11.2,,1011.0,,1.0
2025-03-02,21,24.8,13.4,49.0,0.0,,290.0,9.4,,1010.8,,1.0
2025-03-02,22,24.0,11.0,44.0,0.0,,320.0,13.0,,1010.0,,1.0
2025-03-02,23,21.0,11.1,53.0,0.0,,0.0,0.0,,1010.0,,1.0
2025-03-03,0,24.0,12.9,50.0,0.0,,290.0,7.6,,1011.2,,1.0
2025-03-03,1,21.0,11.1,53.0,0.0,,0.0,0.0,,1011.0,,1.0
2025-03-03,2,21.0,11.1,53.0,0.0,,0.0,0.0,,1013.0,,1.0
2025-03-03,3,23.4,13.0,52.0,0.0,,350.0,3.6,,1013.5,,1.0
2025-03-03,4,25.0,10.8,41.0,0.0,,330.0,7.6,,1014.0,,2.0
2025-03-03,5,27.0,11.1,37.0,0.0,,330.0,7.6,,1014.0,,2.0
2025-03-03,6,30.2,13.9,37.0,0.0,,310.0,5.4,,1014.4,,2.0
2025-03-03,7,31.0,8.1,24.0,0.0,,290.0,7.6,,1012.0,,2.0
2025-03-03,8,32.0,6.9,21.0,0.0,,280.0,13.0,,1012.0,,2.0
2025-03-03,9,34.6,10.5,23.0,0.0,,320.0,7.6,,1011.4,,2.0
2025-03-03,10,32.0,6.9,21.0,0.0,,330.0,9.4,,1010.0,,2.0
2025-03-03,11,31.0,8.1,24.0,0.0,,280.0,13.0,,1010.0,,2.0
2025-03-03,12,33.6,10.9,25.0,0.0,,320.0,7.6,,1010.3,,2.0
2025-03-03,13,30.0,9.0,27.0,0.0,,260.0,3.6,,1010.0,,2.0
2025-03-03,14,28.0,10.2,33.0,0.0,,340.0,3.6,,1011.0,,2.0
2025-03-03,15,27.6,15.9,49.0,0.0,,290.0,3.6,,1012.3,,2.0
2025-03-03,16,25.0,10.8,41.0,0.0,,280.0,5.4,,1012.0,,2.0
2025-03-03,17,24.0,12.9,50.0,0.0,,290.0,3.6,,1012.0,,2.0
2025-03-03,18,24.6,14.1,52.0,0.0,,320.0,3.6,,1012.4,,2.0
2025-03-03,19,25.0,10.8,41.0,0.0,,270.0,5.4,,1011.0,,2.0
2025-03-03,20,26.0,10.2,37.0,0.0,,260.0,14.8,,1011.0,,2.0
2025-03-03,21,25.6,13.8,48.0,0.0,,290.0,7.6,,1011.6,,1.0
2025-03-03,22,24.0,12.9,50.0,0.0,,290.0,7.6,,1011.0,,2.0
2025-03-03,23,23.0,12.9,53.0,0.0,,270.0,9.4,,1011.0,,2.0
2025-03-04,0,24.4,15.6,58.0,0.0,,320.0,11.2,,1012.0,,2.0
2025-03-04,1,22.0,14.1,61.0,0.0,,290.0,9.4,,1013.0,,5.0
2025-03-04,2,21.0,11.9,56.0,0.0,,320.0,5.4,,1014.0,,5.0
2025-03-04,3,23.6,13.2,52.0,0.0,,360.0,3.6,,1014.7,,2.0
2025-03-04,4,24.0,9.2,39.0,0.0,,340.0,14.8,,1016.0,,1.0
2025-03-04,5,28.0,7.3,27.0,0.0,,10.0,18.4,,1016.0,,1.0
2025-03-04,6,30.6,6.5,22.0,0.0,,320.0,7.6,,1016.1,,1.0
2025-03-04,7,29.0,5.1,22.0,0.0,,330.0,16.6,,1015.0,,1.0
2025-03-04,8,31.0,6.8,22.0,0.0,,340.0,13.0,,1015.0,,1.0
2025-03-04,9,32.4,5.8,19.0,0.0,,320.0,11.2,,1014.1,,1.0
2025-03-04,10,31.0,2.2,16.0,0.0,,330.0,11.2,,1013.0,,1.0
2025-03-04,11,31.0,1.3,15.0,0.0,,350.0,20.5,,1013.0,,1.0
2025-03-04,12,31.6,-0.2,13.0,0.0,,320.0,9.4,,1013.4,,1.0
2025-03-04,13,29.0,0.6,16.0,0.0,,320.0,11.2,,1013.0,,1.0
2025-03-04,14,28.0,-1.0,15.0,0.0,,300.0,7.6,,1014.0,,1.0
2025-03-04,15,27.0,-0.1,17.0,0.0,,360.0,5.4,,1014.9,,1.0
2025-03-04,16,23.0,-1.2,20.0,0.0,,340.0,7.6,,1015.0,,1.0
2025-03-04,17,22.0,-0.7,22.0,0.0,,360.0,9.4,,1015.0,,1.0
2025-03-04,18,23.6,-5.5,14.0,0.0,,360.0,5.4,,1015.4,,1.0
2025-03-04,19,22.0,-6.7,14.0,0.0,,360.0,9.4,,1015.0,,1.0
2025-03-04,20,21.0,-5.0,17.0,0.0,,350.0,7.6,,1015.0,,1.0
2025-03-04,21,23.0,-5.0,15.0,0.0,,360.0,7.6,,1015.5,,1.0
2025-03-04,22,18.0,-2.9,24.0,0.0,,360.0,9.4,,1015.0,,1.0
2025-03-04,23,19.0,-5.2,19.0,0.0,,350.0,11.2,,1015.0,,1.0
2025-03-05,0,19.6,-6.9,16.0,0.0,,360.0,9.4,,1015.6,,1.0
2025-03-05,1,18.0,-6.0,19.0,0.0,,10.0,16.6,,1016.0,,1.0
2025-03-05,2,17.0,-3.2,25.0,0.0,,20.0,24.1,,1017.0,,1.0
2025-03-05,3,21.2,-2.7,20.0,0.0,,90.0,16.6,,1017.7,,1.0
2025-03-05,4,23.0,-1.9,19.0,0.0,,30.0,24.1,,1018.0,,1.0
2025-03-05,5,25.0,-1.0,18.0,0.0,,30.0,24.1,,1018.0,,1.0
2025-03-05,6,27.2,-1.7,15.0,0.0,,20.0,11.2,,1018.0,,1.0
2025-03-05,7,28.0,-2.0,14.0,0.0,,20.0,20.5,,1016.0,,1.0
2025-03-05,8,30.0,-1.4,13.0,0.0,,30.0,22.3,,1015.0,,1.0
2025-03-05,9,31.0,-1.7,12.0,0.0,,50.0,14.8,,1014.5,,1.0
2025-03-05,10,31.0,-4.2,10.0,0.0,,350.0,18.4,,1013.0,,1.0
2025-03-05,11,31.0,-4.2,10.0,0.0,,10.0,14.8,,1013.0,,1.0
2025-03-05,12,31.4,-0.3,13.0,0.0,,20.0,7.6,,1013.1,,1.0
2025-03-05,13,30.0,-3.7,11.0,0.0,,320.0,7.6,,1013.0,,1.0
2025-03-05,14,26.0,-1.8,16.0,0.0,,0.0,0.0,,1014.0,,1.0
2025-03-05,15,24.0,6.7,33.0,0.0,,0.0,0.0,,1014.5,,1.0
2025-03-05,16,22.0,3.1,29.0,0.0,,200.0,3.6,,1015.0,,1.0
2025-03-05,17,22.0,2.1,27.0,0.0,,0.0,0.0,,1015.0,,1.0
2025-03-05,18,19.6,4.9,38.0,0.0,,0.0,0.0,,1015.7,,1.0
2025-03-05,19,20.0,0.9,28.0,0.0,,320.0,7.6,,1014.0,,1.0
2025-03-05,20,18.0,4.9,42.0,0.0,,320.0,3.6,,1014.0,,1.0
2025-03-05,21,18.0,5.9,45.0,0.0,,340.0,3.6,,1014.4,,1.0
2025-03-05,22,16.0,5.0,48.0,0.0,,0.0,0.0,,1013.0,,1.0
2025-03-05,23,16.0,9.0,63.0,0.0,,350.0,3.6,,1013.0,,1.0
2025-03-06,0,16.0,2.7,41.0,0.0,,340.0,3.6,,1013.7,,1.0
2025-03-06,1,15.0,8.0,63.0,0.0,,340.0,3.6,,1014.0,,5.0
2025-03-06,2,15.0,4.9,51.0,0.0,,10.0,3.6,,1014.0,,1.0
2025-03-06,3,20.6,6.2,39.0,0.0,,10.0,3.6,,1015.4,,1.0
2025-03-06,4,24.0,2.8,25.0,0.0,,40.0,3.6,,1016.0,,1.0
2025-03-06,5,28.0,-1.0,15.0,0.0,,60.0,5.4,,1016.0,,1.0
2025-03-06,6,31.4,0.7,14.0,0.0,,110.0,3.6,,1015.9,,1.0
2025-03-06,7,30.0,-2.5,12.0,0.0,,180.0,3.6,,1014.0,,1.0
2025-03-06,8,32.0,-6.4,8.0,0.0,,330.0,7.6,,1014.0,,1.0
2025-03-06,9,34.0,-3.3,9.0,0.0,,360.0,5.4,,1013.5,,1.0
2025-03-06,10,33.0,-5.6,8.0,0.0,,320.0,9.4,,1011.0,,1.0
2025-03-06,11,33.0,-4.1,9.0,0.0,,330.0,11.2,,1011.0,,1.0
2025-03-06,12,34.0,-0.6,11.0,0.0,,20.0,3.6,,1011.6,,1.0
2025-03-06,13,30.0,-1.4,13.0,0.0,,320.0,7.6,,1011.0,,1.0
2025-03-06,14,28.0,0.7,17.0,0.0,,330.0,3.6,,1011.0,,1.0
2025-03-06,15,25.4,8.4,34.0,0.0,,0.0,0.0,,1012.2,,1.0
2025-03-06,16,24.0,3.8,27.0,0.0,,0.0,0.0,,1012.0,,1.0
2025-03-06,17,24.0,2.8,25.0,0.0,,0.0,0.0,,1012.0,,1.0
2025-03-06,18,21.4,8.6,44.0,0.0,,0.0,0.0,,1012.8,,1.0
2025-03-06,19,20.0,12.0,60.0,0.0,,0.0,0.0,,1012.0,,1.0
2025-03-06,20,20.0,8.0,46.0,0.0,,0.0,0.0,,1011.0,,1.0
2025-03-06,21,19.0,8.3,50.0,0.0,,20.0,3.6,,1011.8,,1.0
2025-03-06,22,17.0,8.9,59.0,0.0,,320.0,3.6,,1010.0,,1.0
2025-03-06,23,16.0,10.1,68.0,0.0,,340.0,3.6,,1010.0,,1.0
2025-03-07,0,17.2,8.3,56.0,0.0,,0.0,0.0,,1011.7,,1.0
2025-03-07,1,17.0,7.9,55.0,0.0,,0.0,0.0,,1012.0,,5.0
2025-03-07,2,17.0,5.9,48.0,0.0,,20.0,3.6,,1013.0,,5.0
2025-03-07,3,20.0,13.0,64.0,0.0,,0.0,0.0,,1013.8,,1.0
2025-03-07,4,25.0,1.2,21.0,0.0,,10.0,5.4,,1014.0,,1.0
2025-03-07,5,28.0,2.2,19.0,0.0,,300.0,3.6,,1013.0,,1.0
2025-03-07,6,31.2,0.5,14.0,0.0,,0.0,0.0,,1013.5,,1.0
2025-03-07,7,33.0,-2.7,10.0,0.0,,260.0,3.6,,1011.0,,1.0
2025-03-07,8,35.0,-2.6,9.0,0.0,,290.0,3.6,,1010.0,,1.0
2025-03-07,9,37.4,3.2,12.0,0.0,,230.0,3.6,,1010.0,,1.0
2025-03-07,10,35.0,0.2,11.0,0.0,,190.0,5.4,,1008.0,,1.0
2025-03-07,11,35.0,1.4,12.0,0.0,,230.0,5.4,,1008.0,,1.0
2025-03-07,12,37.2,6.3,15.0,0.0,,270.0,5.4,,1008.4,,1.0
2025-03-07,13,33.0,4.7,17.0,0.0,,280.0,5.4,,1008.0,,1.0
2025-03-07,14,30.0,6.0,22.0,0.0,,230.0,3.6,,1009.0,,1.0
2025-03-07,15,27.8,13.7,42.0,0.0,,270.0,3.6,,1009.7,,1.0
2025-03-07,16,26.0,11.0,39.0,0.0,,0.0,0.0,,1010.0,,1.0
2025-03-07,17,25.0,8.9,36.0,0.0,,254.0,3.6,,1010.0,,1.0
2025-03-07,18,23.6,13.2,52.0,0.0,,210.0,3.6,,1010.7,,1.0
2025-03-07,19,25.0,8.1,34.0,0.0,,200.0,3.6,,1009.0,,1.0
2025-03-07,20,23.0,10.1,44.0,0.0,,0.0,0.0,,1009.0,,5.0
2025-03-07,21,21.6,13.0,58.0,0.0,,290.0,3.6,,1009.4,,5.0
2025-03-07,22,22.0,8.8,43.0,0.0,,0.0,0.0,,1007.0,,1.0
2025-03-07,23,20.0,11.0,56.0,0.0,,0.0,0.0,,1007.0,,1.0
2025-03-08,0,20.0,11.7,59.0,0.0,,340.0,3.6,,1008.6,,5.0
2025-03-08,1,20.0,11.0,56.0,0.0,,0.0,0.0,,1008.0,,1.0
2025-03-08,2,21.0,11.1,53.0,0.0,,0.0,0.0,,1009.0,,1.0
2025-03-08,3,24.2,14.0,53.0,0.0,,320.0,3.6,,1010.0,,1.0
2025-03-08,4,27.0,11.9,39.0,0.0,,0.0,0.0,,1010.0,,1.0
2025-03-08,5,28.0,12.0,37.0,0.0,,290.0,3.6,,1010.0,,1.0
2025-03-08,6,32.8,11.4,27.0,0.0,,320.0,3.6,,1010.2,,1.0
2025-03-08,7,33.0,9.1,23.0,0.0,,301.0,5.4,,1009.0,,1.0
2025-03-08,8,35.0,6.3,17.0,0.0,,280.0,3.6,,1007.0,,1.0
2025-03-08,9,37.6,9.3,18.0,0.0,,270.0,3.6,,1007.1,,1.0
2025-03-08,10,36.0,4.3,14.0,0.0,,260.0,7.6,,1005.0,,1.0
2025-03-08,11,36.0,4.3,14.0,0.0,,280.0,5.4,,1005.0,,1.0
2025-03-08,12,37.6,9.3,18.0,0.0,,260.0,7.6,,1005.6,,1.0
2025-03-08,13,34.0,4.6,16.0,0.0,,260.0,7.6,,1006.0,,1.0
2025-03-08,14,32.0,8.3,23.0,0.0,,200.0,5.4,,1006.0,,1.0
2025-03-08,15,30.0,10.0,29.0,0.0,,90.0,5.4,,1007.1,,1.0
2025-03-08,16,28.0,11.1,35.0,0.0,,281.0,3.6,,1008.0,,1.0
2025-03-08,17,27.0,11.9,39.0,0.0,,230.0,3.6,,1008.0,,1.0
2025-03-08,18,26.6,16.2,53.0,0.0,,210.0,3.6,,1008.5,,1.0
2025-03-08,19,26.0,12.1,42.0,0.0,,200.0,7.6,,1007.0,,1.0
2025-03-08,20,26.0,12.1,42.0,0.0,,210.0,3.6,,1007.0,,1.0
2025-03-08,21,25.2,16.4,58.0,0.0,,0.0,0.0,,1007.6,,1.0
2025-03-08,22,22.0,15.1,65.0,0.0,,340.0,3.6,,1006.0,,1.0
2025-03-08,23,21.0,13.9,64.0,0.0,,350.0,4.0,,1007.0,,5.0
2025-03-09,0,23.2,16.3,65.0,0.0,,360.0,3.6,,1007.6,,5.0
2025-03-09,1,21.0,13.9,64.0,0.0,,340.0,5.4,,1008.0,,5.0
2025-03-09,2,20.0,13.0,64.0,0.0,,0.0,0.0,,1010.0,,5.0
2025-03-09,3,25.6,13.8,48.0,0.0,,80.0,7.6,,1010.5,,1.0
2025-03-09,4,28.0,11.1,35.0,0.0,,140.0,9.4,,1011.0,,1.0
2025-03-09,5,30.0,11.0,31.0,0.0,,140.0,7.6,,1011.0,,1.0
2025-03-09,6,34.8,11.9,25.0,0.0,,70.0,9.4,,1011.1,,1.0
2025-03-09,7,34.0,10.0,23.0,0.0,,90.0,9.4,,1010.0,,1.0
2025-03-09,8,35.0,8.7,20.0,0.0,,0.0,0.0,,1009.0,,1.0
2025-03-09,9,38.6,9.2,17.0,0.0,,90.0,3.6,,1008.7,,1.0
2025-03-09,10,37.0,7.9,17.0,0.0,,210.0,5.4,,1007.0,,1.0
2025-03-09,11,37.0,7.0,16.0,0.0,,240.0,5.4,,1007.0,,1.0
2025-03-09,12,37.4,9.9,19.0,0.0,,20.0,3.6,,1008.1,,1.0
2025-03-09,13,35.0,5.4,16.0,0.0,,330.0,3.6,,1009.0,,1.0
2025-03-09,14,33.0,9.1,23.0,0.0,,110.0,5.4,,1009.0,,1.0
2025-03-09,15,31.0,15.4,39.0,0.0,,280.0,3.6,,1010.3,,1.0
2025-03-09,16,29.0,12.0,35.0,0.0,,290.0,3.6,,1011.0,,1.0
2025-03-09,17,28.0,12.0,37.0,0.0,,0.0,0.0,,1011.0,,1.0
2025-03-09,18,27.0,15.7,50.0,0.0,,0.0,0.0,,1011.6,,1.0
2025-03-09,19,25.0,12.9,47.0,0.0,,0.0,0.0,,1011.0,,1.0
2025-03-09,20,25.0,12.9,47.0,0.0,,0.0,0.0,,1010.0,,1.0
2025-03-09,21,24.0,15.8,60.0,0.0,,0.0,0.0,,1010.9,,1.0
2025-03-09,22,23.0,14.0,57.0,0.0,,43.0,3.6,,1010.0,,1.0
2025-03-09,23,24.0,11.0,44.0,0.0,,50.0,7.6,,1010.0,,1.0
2025-03-10,0,23.6,14.0,55.0,0.0,,350.0,3.6,,1010.6,,1.0
2025-03-10,1,21.0,13.9,64.0,0.0,,320.0,3.6,,1011.0,,5.0
2025-03-10,2,22.0,13.1,57.0,0.0,,40.0,5.4,,1012.0,,5.0
2025-03-10,3,26.8,12.8,42.0,0.0,,20.0,5.4,,1013.2,,1.0
2025-03-10,4,30.0,10.0,29.0,0.0,,110.0,5.4,,1014.0,,1.0
2025-03-10,5,32.0,8.9,24.0,0.0,,80.0,9.4,,1014.0,,1.0
2025-03-10,6,36.4,11.3,22.0,0.0,,90.0,5.4,,1013.8,,1.0
2025-03-10,7,36.0,4.3,14.0,0.0,,110.0,11.2,,1012.0,,1.0
2025-03-10,8,37.0,6.1,15.0,0.0,,70.0,13.0,,1011.0,,1.0
2025-03-10,9,39.4,7.0,14.0,0.0,,90.0,3.6,,1011.0,,1.0
2025-03-10,10,38.0,5.9,14.0,0.0,,70.0,11.0,,1009.0,,2.0
2025-03-10,11,37.0,6.1,15.0,0.0,,50.0,9.4,,1009.0,,2.0
2025-03-10,12,38.4,6.2,14.0,0.0,,90.0,3.6,,1009.6,,2.0
2025-03-10,13,36.0,5.3,15.0,0.0,,30.0,7.6,,1010.0,,1.0
2025-03-10,14,32.0,8.9,24.0,0.0,,360.0,3.6,,1011.0,,1.0
2025-03-10,15,30.8,13.1,34.0,0.0,,320.0,3.6,,1011.7,,1.0
2025-03-10,16,28.0,12.0,37.0,0.0,,340.0,3.6,,1012.0,,1.0
2025-03-10,17,27.0,11.1,37.0,0.0,,340.0,5.4,,1012.0,,1.0
2025-03-10,18,26.8,14.2,46.0,0.0,,330.0,3.6,,1012.4,,1.0
2025-03-10,19,26.0,11.0,39.0,0.0,,360.0,5.4,,1011.0,,1.0
2025-03-10,20,26.0,11.0,39.0,0.0,,340.0,5.4,,1011.0,,1.0
2025-03-10,21,25.6,13.5,47.0,0.0,,10.0,3.6,,1011.6,,1.0
2025-03-10,22,23.0,11.1,47.0,0.0,,360.0,3.6,,1010.0,,1.0
2025-03-10,23,24.0,9.9,41.0,0.0,,60.0,3.6,,1010.0,,1.0
2025-03-11,0,24.2,11.9,46.0,0.0,,20.0,5.4,,1011.4,,1.0
2025-03-11,1,22.0,11.1,50.0,0.0,,350.0,5.4,,1012.0,,1.0
2025-03-11,2,22.0,11.1,50.0,0.0,,350.0,5.4,,1013.0,,1.0
2025-03-11,3,28.0,8.8,30.0,0.0,,90.0,3.6,,1013.6,,1.0
2025-03-11,4,30.0,10.0,29.0,0.0,,40.0,7.6,,1014.0,,1.0
2025-03-11,5,32.0,8.3,23.0,0.0,,80.0,5.4,,1014.0,,1.0
2025-03-11,6,35.6,8.4,19.0,0.0,,140.0,5.4,,1013.9,,1.0
2025-03-11,7,37.0,8.8,18.0,0.0,,180.0,3.6,,1012.0,,1.0
2025-03-11,8,37.0,7.9,17.0,0.0,,160.0,5.4,,1011.0,,1.0
2025-03-11,9,40.4,13.1,20.0,0.0,,320.0,3.6,,1010.9,,1.0
2025-03-11,10,39.0,7.7,15.0,0.0,,270.0,3.6,,1009.0,,1.0
2025-03-11,11,38.0,7.8,16.0,0.0,,210.0,9.4,,1009.0,,1.0
2025-03-11,12,40.4,13.1,20.0,0.0,,260.0,5.4,,1009.7,,1.0
2025-03-11,13,36.0,10.9,22.0,0.0,,0.0,0.0,,1010.0,,1.0
2025-03-11,14,33.0,12.1,28.0,0.0,,0.0,0.0,,1010.0,,1.0
2025-03-11,15,31.4,17.0,42.0,0.0,,350.0,3.6,,1010.9,,1.0
2025-03-11,16,30.0,12.0,33.0,0.0,,0.0,0.0,,1011.0,,1.0
2025-03-11,17,30.0,11.0,31.0,0.0,,0.0,0.0,,1011.0,,1.0
2025-03-11,18,27.4,15.7,49.0,0.0,,0.0,0.0,,1011.3,,1.0
2025-03-11,19,27.0,11.9,39.0,0.0,,0.0,0.0,,1010.0,,1.0
2025-03-11,20,24.0,16.0,61.0,0.0,,0.0,0.0,,1010.0,,1.0
2025-03-11,21,24.8,16.0,58.0,0.0,,0.0,0.0,,1009.7,,1.0
2025-03-11,22,26.0,11.0,39.0,0.0,,190.0,5.4,,1009.0,,1.0
2025-03-11,23,23.0,14.0,57.0,0.0,,310.0,9.4,,1009.0,,1.0
2025-03-12,0,24.2,14.9,56.0,0.0,,0.0,0.0,,1009.7,,1.0
2025-03-12,1,22.0,13.1,57.0,0.0,,340.0,3.6,,1010.0,,1.0
2025-03-12,2,22.0,14.1,61.0,0.0,,290.0,3.6,,1011.0,,1.0
2025-03-12,3,26.0,14.5,49.0,0.0,,340.0,3.6,,1011.1,,1.0
2025-03-12,4,31.0,9.8,27.0,0.0,,0.0,0.0,,1011.0,,1.0
2025-03-12,5,33.0,7.1,20.0,0.0,,0.0,0.0,,1012.0,,1.0
2025-03-12,6,37.0,10.3,20.0,0.0,,360.0,3.6,,1011.6,,1.0
2025-03-12,7,36.0,7.1,17.0,0.0,,320.0,11.2,,1011.0,,1.0
2025-03-12,8,38.0,6.9,15.0,0.0,,290.0,9.4,,1010.0,,1.0
2025-03-12,9,40.0,9.4,16.0,0.0,,340.0,5.4,,1008.3,,1.0
2025-03-12,10,38.0,5.9,14.0,0.0,,260.0,9.4,,1008.4,,1.0
2025-03-12,11,38.0,6.9,15.0,0.0,,270.0,7.6,,1007.9,,1.0
2025-03-12,12,39.0,9.5,17.0,0.0,,320.0,7.6,,1006.7,,1.0
2025-03-12,13,36.0,8.0,18.0,0.0,,270.0,5.4,,1007.9,,1.0
2025-03-12,14,33.0,9.1,23.0,0.0,,300.0,5.4,,1008.3,,1.0
2025-03-12,15,31.4,13.2,33.0,0.0,,280.0,9.4,,1008.6,,1.0
2025-03-12,16,29.0,11.1,33.0,0.0,,320.0,5.4,,1009.1,,1.0
2025-03-12,17,28.0,11.1,35.0,0.0,,0.0,0.0,,1009.5,,1.0
2025-03-12,18,27.6,13.9,43.0,0.0,,0.0,0.0,,1009.7,,1.0
2025-03-12,19,28.0,12.0,37.0,0.0,,210.0,3.6,,1009.5,,1.0
2025-03-12,20,28.0,8.8,30.0,0.0,,240.0,5.4,,1009.2,,1.0
2025-03-12,21,25.2,16.4,58.0,0.0,,0.0,0.0,,1009.1,,1.0
2025-03-12,22,24.0,12.0,47.0,0.0,,0.0,0.0,,1008.8,,1.0
2025-03-12,23,23.0,10.1,44.0,0.0,,280.0,3.6,,1008.7,,1.0
2025-03-13,0,23.4,13.6,54.0,0.0,,350.0,3.6,,1008.7,,1.0
2025-03-13,1,22.0,8.8,43.0,0.0,,310.0,3.6,,1009.3,,1.0
2025-03-13,2,24.0,9.2,39.0,0.0,,260.0,3.6,,1010.0,,1.0
2025-03-13,3,27.0,11.1,37.0,0.0,,0.0,0.0,,1010.8,,1.0
2025-03-13,4,28.0,7.3,27.0,0.0,,320.0,7.6,,1010.8,,1.0
2025-03-13,5,30.0,6.0,22.0,0.0,,280.0,5.4,,1010.9,,1.0
2025-03-13,6,34.6,6.0,17.0,0.0,,270.0,5.4,,1011.2,,1.0
2025-03-13,7,35.0,2.5,13.0,0.0,,280.0,11.2,,1009.8,,1.0
2025-03-13,8,36.0,3.3,13.0,0.0,,210.0,14.8,,1008.7,,1.0
2025-03-13,9,38.8,8.5,16.0,0.0,,270.0,14.8,,1006.9,,1.0
2025-03-13,10,37.0,5.1,14.0,0.0,,250.0,16.6,,1007.1,,1.0
2025-03-13,11,37.0,5.1,14.0,0.0,,250.0,11.2,,1006.6,,1.0
2025-03-13,12,38.6,9.2,17.0,0.0,,340.0,7.6,,1004.9,,1.0
2025-03-13,13,36.0,6.2,16.0,0.0,,260.0,11.2,,1006.8,,1.0
2025-03-13,14,34.0,4.6,16.0,0.0,,250.0,7.6,,1007.4,,1.0
2025-03-13,15,32.0,10.1,26.0,0.0,,220.0,9.4,,1007.2,,1.0
2025-03-13,16,32.0,6.2,20.0,0.0,,240.0,7.6,,1008.3,,1.0
2025-03-13,17,31.0,4.7,19.0,0.0,,240.0,11.2,,1008.6,,1.0
2025-03-13,18,30.6,11.6,31.0,0.0,,220.0,9.4,,1008.5,,1.0
2025-03-13,19,30.0,10.0,29.0,0.0,,260.0,9.4,,1008.7,,1.0
2025-03-13,20,29.0,11.1,33.0,0.0,,230.0,9.4,,1008.5,,1.0
2025-03-13,21,28.6,13.3,39.0,0.0,,320.0,3.6,,1008.0,,1.0
2025-03-13,22,27.0,11.1,37.0,0.0,,270.0,9.4,,1008.4,,1.0
2025-03-13,23,26.0,12.1,42.0,0.0,,240.0,9.4,,1008.5,,1.0
2025-03-14,0,26.2,11.9,41.0,0.0,,270.0,3.6,,1008.3,,1.0
2025-03-14,1,24.0,14.1,54.0,0.0,,230.0,5.4,,1009.4,,1.0
2025-03-14,2,24.0,15.0,57.0,0.0,,290.0,5.4,,1010.2,,1.0
2025-03-14,3,26.0,17.1,58.0,0.0,,320.0,3.6,,1011.4,,1.0
2025-03-14,4,27.0,14.1,45.0,0.0,,270.0,7.6,,1011.1,,1.0
2025-03-14,5,31.0,12.9,33.0,0.0,,280.0,5.4,,1011.3,,1.0
2025-03-14,6,34.8,14.2,29.0,0.0,,250.0,3.6,,1011.8,,1.0
2025-03-14,7,34.0,10.0,23.0,0.0,,300.0,5.4,,1010.5,,1.0
2025-03-14,8,36.0,10.9,22.0,0.0,,270.0,9.4,,1009.5,,1.0
2025-03-14,9,37.8,11.7,21.0,0.0,,270.0,7.6,,1008.7,,1.0
2025-03-14,10,37.0,6.1,15.0,0.0,,260.0,9.4,,1008.1,,1.0
2025-03-14,11,38.0,2.4,11.0,0.0,,267.0,9.3,,1007.7,,1.0
2025-03-14,12,38.0,9.6,18.0,0.0,,270.0,9.4,,1007.0,,1.0
2025-03-14,13,35.0,5.4,16.0,0.0,,220.0,13.0,,1007.8,,1.0
2025-03-14,14,33.0,7.1,20.0,0.0,,230.0,3.6,,1008.3,,1.0
2025-03-14,15,30.2,13.9,37.0,0.0,,220.0,3.6,,1008.3,,1.0
2025-03-14,16,31.0,8.1,24.0,0.0,,230.0,3.6,,1009.1,,1.0
2025-03-14,17,31.0,6.8,22.0,0.0,,230.0,3.6,,1009.5,,1.0
2025-03-14,18,28.6,12.1,36.0,0.0,,290.0,3.6,,1009.7,,1.0
2025-03-14,19,27.0,8.0,30.0,,,200.0,11.2,,1009.5,,1.0
2025-03-14,20,27.0,8.9,32.0,,,210.0,5.4,,1009.3,,1.0
2025-03-14,21,25.6,13.8,48.0,,,240.0,9.4,,1009.2,,1.0
2025-03-14,22,27.0,11.1,37.0,,,240.0,5.4,,1009.1,,1.0
2025-03-14,23,26.0,12.1,42.0,,,230.0,5.4,,1009.2,,1.0
2025-03-15,0,24.2,16.7,63.0,,,0.0,0.0,,1008.9,,1.0
2025-03-15,1,23.0,14.0,57.0,,,300.0,3.6,,1010.0,,1.0
2025-03-15,2,23.0,14.0,57.0,,,350.0,3.6,,1010.8,,1.0
2025-03-15,3,27.0,18.6,60.0,,,330.0,3.6,,1011.0,,1.0
2025-03-15,4,28.0,15.0,45.0,,,270.0,3.6,,1011.8,,1.0
2025-03-15,5,29.7,16.5,45.0,,,273.0,5.5,,1012.0,,1.0
2025-03-15,6,34.0,12.4,27.0,,,360.0,3.6,,1011.8,,1.0
2025-03-15,7,33.0,9.8,24.0,,,266.0,3.6,,1011.4,,1.0
2025-03-15,8,35.0,7.9,19.0,,,220.0,14.8,,1010.5,,1.0
2025-03-15,9,36.6,9.2,19.0,,,250.0,14.8,,1010.0,,1.0
2025-03-15,10,35.0,8.7,20.0,,,240.0,11.2,,1009.3,,1.0
2025-03-15,11,35.0,7.9,19.0,,,280.0,7.6,,1008.8,,1.0
2025-03-15,12,36.4,9.8,20.0,,,290.0,7.6,,1009.0,,1.0
2025-03-15,13,34.0,4.6,16.0,,,240.0,11.2,,1009.2,,1.0
2025-03-15,14,32.0,6.2,20.0,,,270.0,5.4,,1009.9,,1.0
2025-03-15,15,29.8,14.4,39.0,,,270.0,5.4,,1010.4,,1.0
2025-03-15,16,27.0,8.9,32.0,,,350.0,5.4,,1010.9,,1.0
2025-03-15,17,27.0,9.8,34.0,,,274.0,3.6,,1011.3,,1.0
2025-03-15,18,27.6,13.9,43.0,,,0.0,0.0,,1011.6,,1.0
2025-03-15,19,31.0,9.3,26.0,,,140.0,3.6,,1011.4,,1.0
2025-03-15,20,27.0,8.0,30.0,,,230.0,7.6,,1011.2,,1.0
2025-03-15,21,25.0,12.9,47.0,,,240.0,3.6,,1010.9,,1.0
2025-03-15,22,26.0,10.2,37.0,,,240.0,3.6,,1011.0,,1.0
2025-03-15,23,25.0,11.9,44.0,,,250.0,7.6,,1011.0,,1.0
2025-03-16,0,25.0,15.0,54.0,,,320.0,3.6,,1010.8,,1.0
2025-03-16,1,24.0,12.9,50.0,,,240.0,7.6,,1011.8,,1.0
2025-03-16,2,24.0,12.0,47.0,,,250.0,7.6,,1012.6,,1.0
2025-03-16,3,25.6,13.8,48.0,,,270.0,7.6,,1012.6,,1.0
2025-03-16,4,28.0,10.2,33.0,,,250.0,7.6,,1013.5,,1.0
2025-03-16,5,30.0,9.0,27.0,,,250.0,7.6,,1013.6,,1.0
2025-03-16,6,33.8,8.4,21.0,,,320.0,5.4,,1013.1,,1.0
2025-03-16,7,32.0,6.9,21.0,,,350.0,11.2,,1012.7,,1.0
2025-03-16,8,33.0,3.8,16.0,,,320.0,13.0,,1011.6,,1.0
2025-03-16,9,36.6,6.7,16.0,,,290.0,7.6,,1010.4,,1.0
2025-03-16,10,35.0,4.5,15.0,,,280.0,11.2,,1010.1,,1.0
2025-03-16,11,34.0,3.7,15.0,,,270.0,11.2,,1009.6,,1.0
2025-03-16,12,35.6,7.6,18.0,,,290.0,7.6,,1009.0,,1.0
2025-03-16,13,32.0,6.2,20.0,,,310.0,5.4,,1009.6,,1.0
2025-03-16,14,30.0,6.0,22.0,,,320.0,3.6,,1010.1,,1.0
2025-03-16,15,30.4,7.6,24.0,,,320.0,3.6,,1009.9,,1.0
2025-03-16,16,28.0,7.3,27.0,,,300.0,3.6,,1010.9,,1.0
2025-03-16,17,27.0,6.9,28.0,,,290.0,3.6,,1011.2,,1.0
2025-03-16,18,28.0,9.3,31.0,,,320.0,3.6,,1011.3,,1.0
2025-03-16,19,25.0,6.2,30.0,,,0.0,0.0,,1011.3,,1.0
2025-03-16,20,25.0,3.0,24.0,,,0.0,0.0,,1011.1,,1.0
2025-03-16,21,25.6,5.2,27.0,,,0.0,0.0,,1010.9,,1.0
2025-03-16,22,22.0,5.0,33.0,,,0.0,0.0,,1011.0,,1.0
2025-03-16,23,21.0,5.0,35.0,,,0.0,0.0,,1011.0,,1.0
2025-03-17,0,21.8,8.0,41.0,,,0.0,0.0,,1011.1,,1.0
2025-03-17,1,22.9,13.9,57.0,,,323.0,5.5,,1011.8,,1.0
2025-03-17,2,20.0,9.0,49.0,,,330.0,5.4,,1012.5,,1.0
2025-03-17,3,25.4,8.8,35.0,,,290.0,3.6,,1012.8,,1.0
2025-03-17,4,27.0,5.9,26.0,,,350.0,7.6,,1013.4,,1.0
2025-03-17,5,30.0,5.3,21.0,,,20.0,14.8,,1013.6,,1.0
2025-03-17,6,34.4,5.8,17.0,,,360.0,3.6,,1013.1,,1.0
2025-03-17,7,32.0,3.0,16.0,,,350.0,11.2,,1012.7,,1.0
2025-03-17,8,34.0,0.6,12.0,,,0.0,0.0,,1011.7,,1.0
2025-03-17,9,36.0,2.1,12.0,,,20.0,7.6,,1010.5,,1.0
2025-03-17,10,33.0,0.9,13.0,,,90.0,5.4,,1010.3,,1.0
2025-03-17,11,34.0,1.7,13.0,,,200.0,9.4,,1009.9,,1.0
2025-03-17,12,36.0,7.1,17.0,,,320.0,5.4,,1009.2,,1.0
2025-03-17,13,33.0,2.9,15.0,,,320.0,5.4,,1010.0,,1.0
2025-03-17,14,30.0,5.3,21.0,,,350.0,5.4,,1010.5,,1.0
2025-03-17,15,29.4,11.5,33.0,,,270.0,5.4,,1010.7,,1.0
2025-03-17,16,29.0,3.8,20.0,,,90.0,3.6,,1011.3,,1.0
2025-03-17,17,28.0,4.9,23.0,,,0.0,0.0,,1011.6,,1.0
2025-03-17,18,25.4,11.2,41.0,,,0.0,0.0,,1011.4,,1.0
2025-03-17,19,24.0,7.2,34.0,,,0.0,0.0,,1011.6,,1.0
2025-03-17,20,25.0,6.2,30.0,,,321.0,3.6,,1011.3,,1.0
2025-03-17,21,24.2,11.5,45.0,,,0.0,0.0,,1010.5,,1.0
2025-03-17,22,21.0,7.9,43.0,,,10.0,7.6,,1010.9,,1.0
2025-03-17,23,21.0,6.9,40.0,,,20.0,5.4,,1010.9,,1.0
2025-03-18,0,23.6,8.8,39.0,,,30.0,7.6,,1010.3,,1.0
2025-03-18,1,22.0,5.8,35.0,,,20.0,11.2,,1011.6,,1.0
2025-03-18,2,23.0,7.1,36.0,,,20.0,13.0,,1012.3,,1.0
2025-03-18,3,28.0,4.9,23.0,,,90.0,5.4,,1012.3,,1.0
2025-03-18,4,29.0,5.1,22.0,,,50.0,16.6,,1013.0,,1.0
2025-03-18,5,30.0,5.3,21.0,,,50.0,22.3,,1013.1,,1.0
2025-03-18,6,33.6,6.0,18.0,,,90.0,16.6,,1012.6,,1.0
2025-03-18,7,33.0,6.3,19.0,,,70.0,18.4,,1012.2,,1.0
2025-03-18,8,34.0,4.6,16.0,,,50.0,14.8,,1011.3,,1.0
2025-03-18,9,36.0,5.3,15.0,,,110.0,14.8,,1009.8,,1.0
2025-03-18,10,35.0,2.5,13.0,,,80.0,16.6,,1009.9,,1.0
2025-03-18,11,35.0,3.5,14.0,,,10.0,11.2,,1009.5,,1.0
2025-03-18,12,35.8,6.1,16.0,,,60.0,14.8,,1008.7,,1.0
2025-03-18,13,33.0,2.9,15.0,,,326.0,3.6,,1009.6,,1.0
2025-03-18,14,31.0,6.1,21.0,,,0.0,0.0,,1010.1,,1.0
2025-03-18,15,29.4,12.3,35.0,,,230.0,5.4,,1009.7,,1.0
2025-03-18,16,30.0,7.2,24.0,,,240.0,3.6,,1010.9,,1.0
2025-03-18,17,28.0,7.8,28.0,,,260.0,3.6,,1011.2,,1.0
2025-03-18,18,25.6,12.1,43.0,,,360.0,3.6,,1010.7,,1.0
2025-03-18,19,24.0,8.0,36.0,,,350.0,3.6,,1011.1,,1.0
2025-03-18,20,23.0,9.0,41.0,,,350.0,5.4,,1010.7,,1.0
2025-03-18,21,25.0,8.5,35.0,,,340.0,5.4,,1010.1,,1.0
2025-03-18,22,23.0,7.1,36.0,,,210.0,7.6,,1010.4,,1.0
2025-03-18,23,23.0,7.1,36.0,,,0.0,0.0,,1010.4,,1.0
2025-03-19,0,22.4,9.5,44.0,,,290.0,3.6,,1010.7,,1.0
2025-03-19,1,20.0,10.1,53.0,,,350.0,5.4,,1011.1,,1.0
2025-03-19,2,20.0,9.0,49.0,,,10.0,5.4,,1011.8,,1.0
2025-03-19,3,25.4,10.4,39.0,,,340.0,3.6,,1012.4,,1.0
2025-03-19,4,27.0,6.9,28.0,,,10.0,7.6,,1012.6,,1.0
2025-03-19,5,30.0,3.9,19.0,,,80.0,3.6,,1012.7,,1.0
2025-03-19,6,33.4,5.9,18.0,,,360.0,5.4,,1013.0,,1.0
2025-03-19,7,32.0,3.9,17.0,,,280.0,7.6,,1011.9,,1.0
2025-03-19,8,34.0,2.7,14.0,,,270.0,5.4,,1011.0,,1.0
2025-03-19,9,36.2,7.3,17.0,,,20.0,5.4,,1010.4,,1.0
2025-03-19,10,36.0,4.3,14.0,,,210.0,11.2,,1009.6,,1.0
2025-03-19,11,35.0,3.5,14.0,,,270.0,9.4,,1009.2,,1.0
2025-03-19,12,36.0,6.2,16.0,,,270.0,5.4,,1009.5,,1.0
2025-03-19,13,32.0,2.1,15.0,,,230.0,7.6,,1009.3,,1.0
2025-03-19,14,31.0,3.9,18.0,,,0.0,0.0,,1009.9,,1.0
2025-03-19,15,28.6,6.1,24.0,,,310.0,3.6,,1011.4,,1.0
2025-03-19,16,27.0,8.0,30.0,,,310.0,3.6,,1010.8,,1.0
2025-03-19,17,26.0,8.0,32.0,,,0.0,0.0,,1011.2,,1.0
2025-03-19,18,25.6,10.2,38.0,,,320.0,3.6,,1012.6,,1.0
2025-03-19,19,25.0,6.2,30.0,,,0.0,0.0,,1011.3,,1.0
2025-03-19,20,24.0,5.8,31.0,,,0.0,0.0,,1011.1,,1.0
2025-03-19,21,22.6,9.4,43.0,,,290.0,5.4,,1012.5,,1.0
2025-03-19,22,23.0,7.1,36.0,,,280.0,3.6,,1011.0,,1.0
2025-03-19,23,21.0,6.1,38.0,,,320.0,3.6,,1011.0,,1.0
2025-03-20,0,21.6,10.4,49.0,,,330.0,3.6,,1012.8,,1.0
2025-03-20,1,21.0,5.0,35.0,,,290.0,3.6,,1011.8,,1.0
2025-03-20,2,22.0,5.0,33.0,,,320.0,5.4,,1012.6,,1.0
2025-03-20,3,26.0,8.0,32.0,,,320.0,7.6,,1014.6,,1.0
2025-03-20,4,27.0,9.8,34.0,,,290.0,11.2,,1013.5,,1.0
2025-03-20,5,29.0,9.2,29.0,,,290.0,11.2,,1013.7,,1.0
2025-03-20,6,33.0,9.1,23.0,,,320.0,7.6,,1014.8,,1.0
2025-03-20,7,33.0,7.1,20.0,,,280.0,11.2,,1013.0,,1.0
2025-03-20,8,33.0,7.1,20.0,,,280.0,13.0,,1012.1,,1.0
2025-03-20,9,35.0,7.2,18.0,,,290.0,7.6,,1012.1,,1.0
2025-03-20,10,34.0,7.1,19.0,,,260.0,11.2,,1010.8,,1.0
2025-03-20,11,33.0,6.3,19.0,,,290.0,7.6,,1010.3,,1.0
2025-03-20,12,34.4,9.6,22.0,,,340.0,11.2,,1010.8,,1.0
2025-03-20,13,32.0,6.9,21.0,,,310.0,9.4,,1010.4,,1.0
2025-03-20,14,31.0,8.1,24.0,,,290.0,5.4,,1011.0,,1.0
2025-03-20,15,29.0,13.3,38.0,,,290.0,3.6,,1012.3,,1.0
2025-03-20,16,29.0,8.1,27.0,,,240.0,5.4,,1011.9,,1.0
2025-03-20,17,28.0,8.8,30.0,,,250.0,5.4,,1012.2,,1.0
2025-03-20,18,26.0,10.2,37.0,,,290.0,5.4,,1014.0,,1.0
2025-03-20,19,27.0,6.9,28.0,,,240.0,9.4,,1012.3,,1.0
2025-03-20,20,26.0,6.1,28.0,,,250.0,7.6,,1012.0,,1.0
2025-03-20,21,26.0,8.0,32.0,,,290.0,5.4,,1013.2,,1.0
2025-03-20,22,25.0,11.9,44.0,,,260.0,9.4,,1011.8,,1.0
2025-03-20,23,24.0,15.0,57.0,,,290.0,7.6,,1011.8,,1.0
2025-03-21,0,24.0,16.5,63.0,,,290.0,7.6,,1013.8,,1.0
2025-03-21,1,23.5,12.5,50.0,,,337.0,3.7,,1012.6,,1.0
2025-03-21,2,22.0,16.1,69.0,,,300.0,7.6,,1013.3,,1.0
2025-03-21,3,25.6,18.0,63.0,,,320.0,11.2,,1015.3,,1.0
2025-03-21,4,26.0,17.1,58.0,,,320.0,9.4,,1014.1,,1.0
2025-03-21,5,29.0,15.9,45.0,,,250.0,9.4,,1014.1,,1.0
2025-03-21,6,32.0,16.3,39.0,,,270.0,5.4,,1015.5,,1.0
2025-03-21,7,32.0,8.9,24.0,,,340.0,5.4,,1013.3,,1.0
2025-03-21,8,33.0,9.1,23.0,,,280.0,5.4,,1012.4,,1.0
2025-03-21,9,36.4,9.1,19.0,,,20.0,11.2,,1011.8,,1.0
2025-03-21,10,35.0,5.4,16.0,,,290.0,7.6,,1011.4,,1.0
2025-03-21,11,35.0,4.5,15.0,,,290.0,9.4,,1010.0,,1.0
2025-03-21,12,36.4,6.6,16.0,,,340.0,3.6,,1010.2,,1.0
2025-03-21,13,34.0,2.7,14.0,,,280.0,5.4,,1010.0,,1.0
2025-03-21,14,32.0,3.9,17.0,,,250.0,3.6,,1011.0,,1.0
2025-03-21,15,30.0,6.0,22.0,0.0,,0.0,0.0,,1011.9,,1.0
2025-03-21,16,29.0,7.0,25.0,0.0,,0.0,0.0,,1012.0,,1.0
2025-03-21,17,26.0,11.0,39.0,0.0,,340.0,3.6,,1012.0,,1.0
2025-03-21,18,26.2,13.0,44.0,0.0,,0.0,0.0,,1012.4,,1.0
2025-03-21,19,25.0,10.8,41.0,0.0,,0.0,0.0,,1011.0,,1.0
2025-03-21,20,27.0,8.0,30.0,0.0,,250.0,7.6,,1011.0,,1.0
2025-03-21,21,24.2,12.5,48.0,0.0,,0.0,0.0,,1011.5,,1.0
2025-03-21,22,25.0,10.1,39.0,0.0,,0.0,0.0,,1010.0,,1.0
2025-03-21,23,25.0,8.1,34.0,0.0,,250.0,5.4,,1011.0,,1.0
2025-03-22,0,23.6,10.6,44.0,0.0,,350.0,3.6,,1011.4,,1.0
2025-03-22,1,21.0,9.9,49.0,0.0,,340.0,7.6,,1012.0,,1.0
2025-03-22,2,22.0,8.8,43.0,0.0,,320.0,3.6,,1013.0,,1.0
2025-03-22,3,26.4,9.3,34.0,0.0,,10.0,9.4,,1013.9,,1.0
2025-03-22,4,28.0,7.8,28.0,0.0,,10.0,11.2,,1014.0,,1.0
2025-03-22,5,31.0,9.3,26.0,0.0,,20.0,7.6,,1014.0,,1.0
2025-03-22,6,33.8,11.0,25.0,0.0,,340.0,5.4,,1013.9,,1.0
2025-03-22,7,33.0,6.3,19.0,0.0,,90.0,14.8,,1012.0,,1.0
2025-03-22,8,34.0,7.1,19.0,0.0,,110.0,9.4,,1012.0,,1.0
2025-03-22,9,37.6,6.6,15.0,0.0,,160.0,3.6,,1011.9,,1.0
2025-03-22,10,36.0,4.3,14.0,0.0,,320.0,3.6,,1010.0,,1.0
2025-03-22,11,36.0,3.3,13.0,0.0,,20.0,3.6,,1010.0,,1.0
2025-03-22,12,36.2,8.1,18.0,0.0,,330.0,3.6,,1010.5,,1.0
2025-03-22,13,34.0,4.6,16.0,0.0,,279.0,3.6,,1010.0,,1.0
2025-03-22,14,33.0,4.7,17.0,0.0,,160.0,5.4,,1011.0,,1.0
2025-03-22,15,30.0,12.4,34.0,0.0,,0.0,0.0,,1011.7,,1.0
2025-03-22,16,30.0,10.0,29.0,0.0,,242.0,3.6,,1012.0,,1.0
2025-03-22,17,28.0,10.2,33.0,0.0,,0.0,0.0,,1012.0,,1.0
2025-03-22,18,27.4,14.1,44.0,0.0,,340.0,3.6,,1012.4,,1.0
2025-03-22,19,26.0,10.2,37.0,0.0,,340.0,5.4,,1011.0,,1.0
2025-03-22,20,24.0,12.9,50.0,0.0,,0.0,0.0,,1011.0,,1.0
2025-03-22,21,24.0,12.9,50.0,0.0,,10.0,5.4,,1011.2,,1.0
2025-03-22,22,24.0,9.9,41.0,0.0,,360.0,3.6,,1010.0,,1.0
2025-03-22,23,24.0,8.0,36.0,0.0,,0.0,0.0,,1010.0,,1.0
2025-03-23,0,22.6,12.0,51.0,0.0,,340.0,7.6,,1011.6,,1.0
2025-03-23,1,24.0,9.2,39.0,0.0,,260.0,11.2,,1012.0,,1.0
2025-03-23,2,24.0,9.2,39.0,0.0,,0.0,0.0,,1013.0,,1.0
2025-03-23,3,28.0,7.8,28.0,0.0,,20.0,3.6,,1014.8,,1.0
2025-03-23,4,29.0,7.0,25.0,0.0,,10.0,7.6,,1014.0,,1.0
2025-03-23,5,31.0,6.8,22.0,0.0,,40.0,9.4,,1014.0,,1.0
2025-03-23,6,35.2,7.3,18.0,0.0,,20.0,7.6,,1014.6,,1.0
2025-03-23,7,36.0,3.3,13.0,0.0,,80.0,13.0,,1013.0,,1.0
2025-03-23,8,37.0,5.1,14.0,0.0,,110.0,3.6,,1012.0,,1.0
2025-03-23,9,39.6,4.9,12.0,0.0,,180.0,5.4,,1011.3,,1.0
2025-03-23,10,37.0,2.9,12.0,0.0,,200.0,7.6,,1010.0,,1.0
2025-03-23,11,37.0,1.7,11.0,0.0,,80.0,9.4,,1010.0,,1.0
2025-03-23,12,38.6,9.2,17.0,0.0,,300.0,3.6,,1010.1,,1.0
2025-03-23,13,35.0,4.5,15.0,0.0,,110.0,3.6,,1010.0,,1.0
2025-03-23,14,34.0,3.7,15.0,0.0,,140.0,5.4,,1011.0,,1.0
2025-03-23,15,31.2,11.6,30.0,0.0,,10.0,3.6,,1012.0,,1.0
2025-03-23,16,29.0,7.0,25.0,0.0,,0.0,0.0,,1012.0,,1.0
2025-03-23,17,27.0,11.1,37.0,0.0,,330.0,7.6,,1012.0,,1.0
2025-03-23,18,27.2,12.4,40.0,0.0,,0.0,0.0,,1012.8,,1.0
2025-03-23,19,26.0,11.0,39.0,0.0,,320.0,5.4,,1012.0,,1.0
2025-03-23,20,25.0,10.1,39.0,0.0,,0.0,0.0,,1011.0,,1.0
2025-03-23,21,24.0,11.7,46.0,0.0,,20.0,3.6,,1011.3,,1.0
2025-03-23,22,24.0,8.0,36.0,0.0,,0.0,0.0,,1010.0,,1.0
2025-03-23,23,23.0,7.9,38.0,0.0,,0.0,0.0,,1011.0,,1.0
2025-03-24,0,24.2,10.5,42.0,0.0,,90.0,5.4,,1011.6,,1.0
2025-03-24,1,22.0,8.8,43.0,0.0,,20.0,3.6,,1012.0,,1.0
2025-03-24,2,23.0,10.1,44.0,0.0,,280.0,5.4,,1013.0,,1.0
2025-03-24,3,27.2,12.4,40.0,0.0,,300.0,3.6,,1014.0,,1.0
2025-03-24,4,28.0,10.2,33.0,0.0,,320.0,7.6,,1014.0,,1.0
2025-03-24,5,31.0,6.8,22.0,0.0,,40.0,5.4,,1014.0,,1.0
2025-03-24,6,34.6,10.5,23.0,0.0,,290.0,3.6,,1014.3,,1.0
2025-03-24,7,35.0,4.5,15.0,0.0,,90.0,3.6,,1012.0,,1.0
2025-03-24,8,36.0,0.9,11.0,0.0,,60.0,7.6,,1011.0,,1.0
2025-03-24,9,39.4,7.0,14.0,0.0,,90.0,7.6,,1010.5,,1.0
2025-03-24,10,38.0,2.4,11.0,0.0,,0.0,0.0,,1009.0,,1.0
2025-03-24,11,38.0,2.4,11.0,0.0,,10.0,9.4,,1009.0,,1.0
2025-03-24,12,39.0,9.5,17.0,0.0,,50.0,3.6,,1009.0,,1.0
2025-03-24,13,36.0,5.3,15.0,0.0,,340.0,5.4,,1010.0,,1.0
2025-03-24,14,34.0,7.1,19.0,0.0,,0.0,0.0,,1010.0,,1.0
2025-03-24,15,31.8,12.6,31.0,0.0,,340.0,9.4,,1011.3,,1.0
2025-03-24,16,29.0,10.2,31.0,0.0,,320.0,3.6,,1011.0,,1.0
2025-03-24,17,28.0,13.1,40.0,0.0,,0.0,0.0,,1011.0,,1.0
2025-03-24,18,27.6,13.9,43.0,0.0,,0.0,0.0,,1011.8,,1.0
2025-03-24,19,26.0,13.2,45.0,0.0,,280.0,5.4,,1010.0,,1.0
2025-03-24,20,25.0,11.9,44.0,0.0,,0.0,0.0,,1009.0,,1.0
2025-03-24,21,25.4,13.9,49.0,0.0,,360.0,3.6,,1009.8,,1.0
2025-03-24,22,26.0,7.1,30.0,0.0,,0.0,0.0,,1008.0,,1.0
2025-03-24,23,24.0,9.9,41.0,0.0,,10.0,3.6,,1008.0,,1.0
2025-03-25,0,23.2,12.5,51.0,0.0,,20.0,5.4,,1009.6,,1.0
2025-03-25,1,21.0,11.9,56.0,0.0,,340.0,3.6,,1010.0,,1.0
2025-03-25,2,23.0,11.1,47.0,0.0,,312.0,4.0,,1010.0,,1.0
2025-03-25,3,29.0,11.1,33.0,0.0,,360.0,3.6,,1011.2,,1.0
2025-03-25,4,30.0,7.2,24.0,0.0,,30.0,5.4,,1011.0,,1.0
2025-03-25,5,33.0,6.3,19.0,0.0,,350.0,7.6,,1010.0,,1.0
2025-03-25,6,36.6,8.4,18.0,0.0,,20.0,7.6,,1010.6,,1.0
2025-03-25,7,36.0,4.3,14.0,0.0,,70.0,7.6,,1009.0,,1.0
2025-03-25,8,37.0,2.9,12.0,0.0,,300.0,7.6,,1007.0,,1.0
2025-03-25,9,40.2,7.6,14.0,0.0,,0.0,0.0,,1007.1,,1.0
2025-03-25,10,38.0,3.7,12.0,0.0,,230.0,7.6,,1006.0,,1.0
2025-03-25,11,38.0,3.7,12.0,0.0,,250.0,11.2,,1005.0,,1.0
2025-03-25,12,39.6,10.9,18.0,0.0,,260.0,7.6,,1006.0,,1.0
2025-03-25,13,36.0,7.1,17.0,0.0,,240.0,5.4,,1006.0,,1.0
2025-03-25,14,33.0,9.1,23.0,0.0,,270.0,5.4,,1007.0,,1.0
2025-03-25,15,32.0,14.6,35.0,0.0,,0.0,0.0,,1007.4,,1.0
2025-03-25,16,32.0,8.3,23.0,0.0,,40.0,5.4,,1007.0,,1.0
2025-03-25,17,29.0,10.2,31.0,0.0,,300.0,14.8,,1007.0,,1.0
2025-03-25,18,30.4,11.4,31.0,0.0,,0.0,0.0,,1007.6,,1.0
2025-03-25,19,29.0,9.2,29.0,0.0,,0.0,0.0,,1007.0,,1.0
2025-03-25,20,29.0,10.2,31.0,0.0,,290.0,3.6,,1006.0,,1.0
2025-03-25,21,29.4,12.3,35.0,0.0,,320.0,5.4,,1006.6,,1.0
2025-03-25,22,26.0,12.1,42.0,0.0,,300.0,3.6,,1005.0,,1.0
2025-03-25,23,25.0,11.9,44.0,0.0,,0.0,0.0,,1006.0,,1.0
2025-03-26,0,26.0,14.5,49.0,0.0,,360.0,3.6,,1006.4,,1.0
2025-03-26,1,24.0,12.9,50.0,0.0,,310.0,5.4,,1007.0,,1.0
2025-03-26,2,24.0,12.9,50.0,0.0,,300.0,7.0,,1008.0,,1.0
2025-03-26,3,27.4,14.1,44.0,0.0,,310.0,5.4,,1008.7,,1.0
2025-03-26,4,27.0,14.1,45.0,0.0,,330.0,7.6,,1009.0,,1.0
2025-03-26,5,29.0,14.0,40.0,0.0,,320.0,5.4,,1009.0,,1.0
2025-03-26,6,33.4,14.9,33.0,0.0,,250.0,5.4,,1009.2,,1.0
2025-03-26,7,33.8,12.2,27.0,0.0,,272.0,5.5,,1008.4,,1.0
2025-03-26,8,35.4,11.8,24.0,0.0,,253.0,5.5,,1007.6,,1.0
2025-03-26,9,36.6,14.0,26.0,0.0,,250.0,9.4,,1007.0,,1.0
2025-03-26,10,36.8,13.6,25.0,0.0,,249.0,9.3,,1006.5,,1.0
2025-03-26,11,36.9,13.6,25.0,0.0,,247.0,7.4,,1006.0,,1.0
2025-03-26,12,37.4,14.1,25.0,0.0,,250.0,7.6,,1005.8,,1.0
2025-03-26,13,35.3,14.6,29.0,0.0,,242.0,5.5,,1006.0,,1.0
2025-03-26,14,33.5,15.5,34.0,0.0,,237.0,3.7,,1006.6,,1.0
2025-03-26,15,31.2,17.5,44.0,0.0,,0.0,0.0,,1006.8,,1.0
2025-03-26,16,30.2,17.0,45.0,0.0,,248.0,1.8,,1007.3,,1.0
2025-03-26,17,29.3,16.5,46.0,0.0,,248.0,3.7,,1007.7,,1.0
2025-03-26,18,29.6,16.4,45.0,0.0,,0.0,0.0,,1008.3,,1.0
2025-03-26,19,28.0,15.6,47.0,0.0,,264.0,5.5,,1008.0,,1.0
2025-03-26,20,27.6,15.6,48.0,0.0,,278.0,5.5,,1007.9,,1.0
2025-03-26,21,27.8,13.0,40.0,0.0,,0.0,0.0,,1007.6,,1.0
2025-03-26,22,26.6,16.5,54.0,0.0,,297.0,3.7,,1007.8,,1.0
2025-03-26,23,26.2,17.3,58.0,0.0,,300.0,5.5,,1007.8,,1.0
2025-03-27,0,26.2,18.6,63.0,0.0,,270.0,3.6,,1007.9,,1.0
2025-03-27,1,25.8,18.7,65.0,0.0,,296.0,5.5,,1008.8,,1.0
2025-03-27,2,25.9,19.3,67.0,0.0,,292.0,7.4,,1009.7,,1.0
2025-03-27,3,26.4,18.0,60.0,0.0,,320.0,9.4,,1010.4,,1.0
2025-03-27,4,27.8,17.0,52.0,0.0,,313.0,9.3,,1010.6,,1.0
2025-03-27,5,29.1,16.3,46.0,0.0,,306.0,9.3,,1010.7,,1.0
2025-03-27,6,31.4,15.4,38.0,0.0,,320.0,9.4,,1010.8,,1.0
2025-03-27,7,31.8,15.3,37.0,0.0,,293.0,9.3,,1010.0,,1.0
2025-03-27,8,33.1,14.7,33.0,0.0,,290.0,9.3,,1009.2,,1.0
2025-03-27,9,34.0,12.9,28.0,0.0,,340.0,16.6,,1008.8,,1.0
2025-03-27,10,34.2,13.1,28.0,0.0,,333.0,14.8,,1008.3,,2.0
2025-03-27,11,34.4,12.7,27.0,0.0,,320.0,11.1,,1007.8,,2.0
2025-03-27,12,35.4,12.4,25.0,0.0,,270.0,9.4,,1006.9,,2.0
2025-03-27,13,32.0,8.9,24.0,0.0,,300.0,3.6,,1006.0,,2.0
2025-03-27,14,31.0,8.1,24.0,0.0,,270.0,3.6,,1007.0,,1.0
2025-03-27,15,29.6,14.6,40.0,0.0,,0.0,0.0,,1008.2,,1.0
2025-03-27,16,29.0,8.1,27.0,0.0,,280.0,3.6,,1008.0,,1.0
2025-03-27,17,28.0,10.2,33.0,0.0,,250.0,3.6,,1009.0,,1.0
2025-03-27,18,25.6,13.8,48.0,0.0,,0.0,0.0,,1009.3,,1.0
2025-03-27,19,26.0,6.1,28.0,0.0,,322.0,5.5,,1008.0,,1.0
2025-03-27,20,26.0,8.0,32.0,0.0,,270.0,4.0,,1008.0,,1.0
2025-03-27,21,25.6,12.8,45.0,0.0,,290.0,5.4,,1008.5,,1.0
2025-03-27,22,24.0,12.0,47.0,0.0,,280.0,7.0,,1008.0,,1.0
2025-03-27,23,23.0,9.0,41.0,0.0,,320.0,4.0,,1008.0,,1.0
2025-03-28,0,24.5,7.6,34.0,0.0,,320.0,7.6,,1009.3,,1.0
2025-03-28,1,21.0,5.0,35.0,0.0,,320.0,6.0,,1010.0,,1.0
2025-03-28,2,22.0,5.8,35.0,0.0,,340.0,6.0,,1010.0,,1.0
2025-03-28,3,26.0,6.1,28.0,0.0,,320.0,7.6,,1011.5,,1.0
2025-03-28,4,27.9,4.9,23.0,0.0,,338.0,7.4,,1011.7,,2.0
2025-03-28,5,29.8,4.4,20.0,0.0,,360.0,7.4,,1011.8,,2.0
2025-03-28,6,34.0,-4.9,8.0,0.0,,320.0,7.6,,1012.1,,2.0
2025-03-28,7,33.0,-5.6,8.0,0.0,,20.0,14.8,,1011.0,,2.0
2025-03-28,8,34.0,-4.9,8.0,0.0,,30.0,14.8,,1010.0,,2.0
2025-03-28,9,35.2,-5.8,7.0,0.0,,50.0,5.4,,1009.4,,1.0
2025-03-28,10,35.0,-7.9,6.0,0.0,,330.0,11.2,,1008.0,,2.0
2025-03-28,11,35.0,-7.9,6.0,0.0,,310.0,14.8,,1008.0,,2.0
2025-03-28,12,36.0,-5.2,7.0,0.0,,20.0,7.6,,1008.2,,2.0
2025-03-28,13,33.0,-5.6,8.0,0.0,,310.0,9.4,,1008.0,,1.0
2025-03-28,14,30.0,-4.9,10.0,0.0,,300.0,6.0,,1008.0,,1.0
2025-03-28,15,29.8,0.4,15.0,0.0,,290.0,3.6,,1009.5,,1.0
2025-03-28,16,27.0,-2.8,14.0,0.0,,300.0,5.4,,1009.0,,1.0
2025-03-28,17,26.0,-3.6,14.0,0.0,,330.0,3.6,,1010.0,,1.0
2025-03-28,18,26.0,2.0,21.0,0.0,,320.0,3.6,,1010.6,,1.0
2025-03-28,19,23.0,-4.2,16.0,0.0,,0.0,0.0,,1009.0,,1.0
2025-03-28,20,21.0,-2.2,21.0,0.0,,0.0,0.0,,1009.0,,1.0
2025-03-28,21,23.0,0.7,23.0,0.0,,320.0,5.4,,1009.8,,1.0
2025-03-28,22,20.0,-1.2,24.0,0.0,,340.0,3.6,,1008.0,,1.0
2025-03-28,23,20.0,-1.8,23.0,0.0,,360.0,5.4,,1008.0,,1.0
2025-03-29,0,20.6,-0.1,25.0,0.0,,340.0,3.6,,1009.1,,1.0
2025-03-29,1,18.0,-0.8,28.0,0.0,,340.0,5.4,,1009.0,,1.0
2025-03-29,2,20.0,-1.8,23.0,0.0,,10.0,7.6,,1010.7,,1.0
2025-03-29,3,26.0,-0.9,17.0,0.0,,40.0,11.2,,1011.0,,1.0
2025-03-29,4,26.0,-4.6,13.0,0.0,,10.0,18.4,,1011.0,,1.0
2025-03-29,5,30.0,-3.7,11.0,0.0,,30.0,22.3,,1011.0,,1.0
2025-03-29,6,32.6,-3.0,10.0,0.0,,90.0,9.4,,1011.6,,1.0
2025-03-29,7,34.0,-4.9,8.0,0.0,,40.0,18.4,,1010.0,,1.0
2025-03-29,8,34.0,-4.9,8.0,0.0,,50.0,18.4,,1009.0,,1.0
2025-03-29,9,36.0,-1.8,9.0,0.0,,360.0,7.6,,1008.5,,1.0
2025-03-29,10,36.0,-5.2,7.0,0.0,,10.0,7.6,,1007.0,,1.0
2025-03-29,11,36.0,-5.2,7.0,0.0,,40.0,14.8,,1007.0,,1.0
2025-03-29,12,36.2,-0.2,10.0,0.0,,360.0,5.4,,1007.0,,1.0
2025-03-29,13,35.0,-4.2,8.0,0.0,,350.0,7.6,,1007.0,,1.0
2025-03-29,14,33.0,-1.4,11.0,0.0,,310.0,5.4,,1008.0,,1.0
2025-03-29,15,28.4,1.0,17.0,0.0,,0.0,0.0,,1008.8,,1.0
2025-03-29,16,27.0,1.4,19.0,0.0,,0.0,0.0,,1009.0,,1.0
2025-03-29,17,25.0,1.8,22.0,0.0,,340.0,3.6,,1009.0,,1.0
2025-03-29,18,23.4,7.5,36.0,0.0,,0.0,0.0,,1009.5,,1.0
2025-03-29,19,23.0,3.0,27.0,0.0,,20.0,3.6,,1008.0,,1.0
2025-03-29,20,21.0,4.1,33.0,0.0,,0.0,0.0,,1008.0,,1.0
2025-03-29,21,20.6,7.9,44.0,0.0,,0.0,0.0,,1008.3,,1.0
2025-03-29,22,21.0,3.2,31.0,0.0,,350.0,5.4,,1007.0,,1.0
2025-03-29,23,20.0,3.2,33.0,0.0,,20.0,5.4,,1007.0,,1.0
2025-03-30,0,20.4,2.2,30.0,0.0,,350.0,3.6,,1008.3,,1.0
2025-03-30,1,23.0,-1.2,20.0,0.0,,30.0,9.4,,1009.0,,1.0
2025-03-30,2,23.0,-1.2,20.0,0.0,,350.0,9.4,,1010.0,,1.0
2025-03-30,3,26.6,-0.5,17.0,0.0,,70.0,5.4,,1010.8,,1.0
2025-03-30,4,28.0,-2.0,14.0,0.0,,20.0,18.4,,1011.0,,1.0
2025-03-30,5,32.0,-1.0,12.0,0.0,,30.0,14.8,,1011.0,,1.0
2025-03-30,6,34.4,-1.6,10.0,0.0,,50.0,9.4,,1011.2,,1.0
2025-03-30,7,35.0,-1.2,10.0,0.0,,10.0,9.4,,1010.0,,1.0
2025-03-30,8,35.0,-2.6,9.0,0.0,,50.0,11.2,,1009.0,,1.0
2025-03-30,9,38.2,-1.8,8.0,0.0,,290.0,7.6,,1009.0,,1.0
2025-03-30,10,37.0,-6.5,6.0,0.0,,360.0,9.4,,1007.0,,1.0
2025-03-30,11,37.0,-6.5,6.0,0.0,,340.0,7.6,,1007.0,,1.0
2025-03-30,12,38.2,-5.6,6.0,0.0,,280.0,3.6,,1007.5,,1.0
2025-03-30,13,35.0,-4.2,8.0,0.0,,300.0,3.6,,1007.0,,1.0
2025-03-30,14,32.0,0.1,13.0,0.0,,340.0,3.6,,1008.0,,1.0
2025-03-30,15,29.8,7.7,25.0,0.0,,0.0,0.0,,1008.8,,1.0
2025-03-30,16,28.0,2.9,20.0,0.0,,320.0,5.4,,1009.0,,1.0
2025-03-30,17,28.0,0.7,17.0,0.0,,0.0,0.0,,1009.0,,1.0
2025-03-30,18,27.6,5.2,24.0,0.0,,0.0,0.0,,1009.8,,1.0
2025-03-30,19,26.0,-0.2,18.0,0.0,,0.0,0.0,,1008.0,,1.0
2025-03-30,20,24.0,1.0,22.0,0.0,,350.0,3.6,,1008.0,,1.0
2025-03-30,21,26.2,2.1,21.0,0.0,,300.0,3.6,,1008.4,,1.0
2025-03-30,22,21.0,6.1,38.0,0.0,,0.0,0.0,,1007.0,,1.0
2025-03-30,23,21.0,5.0,35.0,0.0,,350.0,5.4,,1007.0,,1.0
2025-03-31,0,23.2,2.6,26.0,0.0,,350.0,5.4,,1008.8,,1.0
2025-03-31,1,20.0,0.9,28.0,0.0,,340.0,5.4,,1009.0,,1.0
2025-03-31,2,22.0,3.1,29.0,0.0,,350.0,5.4,,1010.0,,1.0
2025-03-31,3,25.6,4.7,26.0,0.0,,360.0,7.6,,1010.6,,1.0
2025-03-31,4,31.0,1.3,15.0,0.0,,30.0,15.0,,1011.0,,1.0
2025-03-31,5,33.0,-0.2,12.0,0.0,,50.0,16.6,,1011.0,,1.0
2025-03-31,6,36.4,-1.5,9.0,0.0,,50.0,7.6,,1004.7,,1.0
2025-03-31,7,36.0,0.9,11.0,0.0,,70.0,9.4,,1009.0,,1.0
2025-03-31,8,38.0,-0.3,9.0,0.0,,20.0,11.2,,1009.0,,1.0
2025-03-31,9,39.4,0.7,9.0,0.0,,50.0,3.6,,1008.2,,1.0
2025-03-31,10,39.0,-3.0,7.0,0.0,,340.0,14.8,,1007.0,,1.0
2025-03-31,11,39.0,-1.2,8.0,0.0,,30.0,14.8,,1006.0,,1.0
2025-03-31,12,39.0,1.9,10.0,0.0,,350.0,14.8,,1006.3,,1.0
2025-03-31,13,37.0,-2.7,8.0,0.0,,330.0,5.4,,1007.0,,1.0
2025-03-31,14,32.0,2.1,15.0,0.0,,0.0,0.0,,1007.0,,1.0
2025-03-31,15,30.8,2.9,17.0,0.0,,290.0,3.6,,1007.6,,1.0
2025-03-31,16,29.0,2.3,18.0,0.0,,335.0,0.0,,1008.0,,1.0
2025-03-31,17,29.0,0.6,16.0,0.0,,0.0,0.0,,1008.0,,1.0
2025-03-31,18,30.2,3.3,18.0,0.0,,320.0,5.4,,1008.1,,1.0
2025-03-31,19,28.0,-2.0,14.0,0.0,,0.0,0.0,,1007.0,,1.0
2025-03-31,20,26.0,-0.9,17.0,0.0,,0.0,0.0,,1008.0,,1.0
2025-03-31,21,26.4,5.4,26.0,0.0,,320.0,5.4,,1006.9,,1.0
2025-03-31,22,24.0,1.0,22.0,0.0,,330.0,5.4,,1006.0,,1.0
2025-03-31,23,24.0,2.2,24.0,0.0,,330.0,7.6,,1007.0,,1.0
2025-04-01,0,26.0,2.6,22.0,0.0,,360.0,5.4,,1007.3,,1.0
2025-04-01,1,24.0,1.0,22.0,0.0,,20.0,7.6,,1007.0,,1.0
2025-04-01,2,25.0,1.2,21.0,0.0,,340.0,7.6,,1008.0,,1.0
2025-04-01,3,27.0,3.5,22.0,0.0,,360.0,9.4,,1009.1,,1.0
2025-04-01,4,32.0,1.2,14.0,0.0,,10.0,11.2,,1009.0,,2.0
2025-04-01,5,35.0,2.5,13.0,0.0,,30.0,22.3,,1010.0,,2.0
2025-04-01,6,36.2,1.1,11.0,0.0,,50.0,7.6,,1009.7,,2.0
2025-04-01,7,37.0,-1.1,9.0,0.0,,360.0,16.6,,1009.0,,2.0
2025-04-01,8,38.0,-0.3,9.0,0.0,,350.0,14.8,,1007.0,,1.0
2025-04-01,9,39.8,2.5,10.0,0.0,,20.0,7.6,,1006.9,,1.0
2025-04-01,10,39.0,-1.2,8.0,0.0,,310.0,7.6,,1005.0,,1.0
2025-04-01,11,39.0,-3.0,7.0,0.0,,340.0,9.4,,1005.0,,1.0
2025-04-01,12,39.8,1.0,9.0,0.0,,340.0,5.4,,1005.3,,1.0
2025-04-01,13,36.0,0.9,11.0,0.0,,330.0,5.4,,1005.0,,1.0
2025-04-01,14,33.0,0.9,13.0,0.0,,330.0,3.6,,1006.0,,1.0
2025-04-01,15,32.0,6.2,20.0,0.0,,340.0,9.4,,1006.8,,1.0
2025-04-01,16,29.0,2.3,18.0,0.0,,330.0,3.6,,1007.0,,1.0
2025-04-01,17,29.0,-0.3,15.0,0.0,,330.0,5.4,,1007.0,,1.0
2025-04-01,18,29.0,5.1,22.0,0.0,,330.0,3.6,,1007.2,,1.0
2025-04-01,19,27.0,-0.1,17.0,0.0,,330.0,5.4,,1006.0,,1.0
2025-04-01,20,25.0,1.8,22.0,0.0,,0.0,0.0,,1006.0,,1.0
2025-04-01,21,27.8,7.1,27.0,0.0,,0.0,0.0,,1006.4,,1.0
2025-04-01,22,23.0,1.9,25.0,0.0,,0.0,0.0,,1005.0,,1.0
2025-04-01,23,21.0,5.0,35.0,0.0,,340.0,3.6,,1006.0,,1.0
2025-04-02,0,24.2,3.5,26.0,0.0,,10.0,3.6,,1006.2,,1.0
2025-04-02,1,21.0,4.1,33.0,0.0,,310.0,3.6,,1007.0,,1.0
2025-04-02,2,22.0,3.1,29.0,0.0,,0.0,0.0,,1007.0,,1.0
2025-04-02,3,27.4,5.6,25.0,0.0,,350.0,5.4,,1009.0,,1.0
2025-04-02,4,29.0,0.6,16.0,0.0,,30.0,11.2,,1009.0,,1.0
2025-04-02,5,31.0,3.1,17.0,0.0,,60.0,11.2,,1009.0,,1.0
2025-04-02,6,34.6,7.6,19.0,0.0,,140.0,7.6,,1009.5,,1.0
2025-04-02,7,35.0,5.4,16.0,0.0,,80.0,5.4,,1008.0,,1.0
2025-04-02,8,37.0,2.9,12.0,0.0,,140.0,9.4,,1007.0,,1.0
2025-04-02,9,40.0,2.6,10.0,0.0,,230.0,5.4,,1006.8,,1.0
2025-04-02,10,38.0,-5.8,6.0,0.0,,230.0,14.8,,1005.0,,1.0
2025-04-02,11,38.0,-3.7,7.0,0.0,,350.0,5.4,,1005.0,,1.0
2025-04-02,12,39.4,3.5,11.0,0.0,,340.0,3.6,,1005.3,,1.0
2025-04-02,13,36.3,6.5,16.0,0.0,,205.0,3.7,,1006.1,,1.0
2025-04-02,14,33.8,9.1,22.0,0.0,,300.0,1.8,,1006.7,,1.0
2025-04-02,15,31.6,7.9,23.0,0.0,,0.0,0.0,,1007.1,,1.0
2025-04-02,16,28.0,10.2,33.0,0.0,,340.0,3.6,,1007.0,,1.0
2025-04-02,17,26.0,11.0,39.0,0.0,,0.0,0.0,,1008.0,,1.0
2025-04-02,18,27.6,11.6,37.0,0.0,,0.0,0.0,,1008.7,,1.0
2025-04-02,19,26.0,8.9,34.0,0.0,,0.0,0.0,,1008.0,,1.0
2025-04-02,20,26.0,8.9,34.0,0.0,,0.0,0.0,,1007.0,,1.0
2025-04-02,21,25.2,12.8,46.0,0.0,,0.0,0.0,,1008.0,,1.0
2025-04-02,22,27.0,5.3,25.0,0.0,,0.0,0.0,,1007.0,,1.0
2025-04-02,23,23.0,12.0,50.0,0.0,,0.0,0.0,,1007.0,,1.0
2025-04-03,0,24.0,12.0,47.0,0.0,,0.0,0.0,,1008.4,,1.0
2025-04-03,1,24.0,9.2,39.0,0.0,,0.0,0.0,,1009.0,,1.0
2025-04-03,2,24.0,11.0,44.0,0.0,,0.0,0.0,,1010.0,,1.0
2025-04-03,3,28.4,12.7,38.0,0.0,,320.0,3.6,,1010.6,,1.0
2025-04-03,4,32.0,12.3,30.0,0.0,,350.0,3.6,,1011.0,,1.0
2025-04-03,5,35.0,2.1,12.0,0.0,,280.0,7.6,,1011.0,,1.0
2025-04-03,6,38.2,3.8,12.0,0.0,,0.0,0.0,,1011.2,,1.0
2025-04-03,7,36.0,12.9,25.0,0.0,,150.0,13.0,,1010.0,,1.0
2025-04-03,8,36.0,12.3,24.0,0.0,,200.0,7.6,,1009.0,,1.0
2025-04-03,9,39.4,13.8,22.0,0.0,,230.0,7.6,,1009.0,,1.0
2025-04-03,10,38.0,8.7,17.0,0.0,,170.0,9.4,,1007.0,,1.0
2025-04-03,11,38.0,6.9,15.0,0.0,,180.0,18.4,,1007.0,,1.0
2025-04-03,12,39.6,8.2,15.0,0.0,,250.0,5.4,,1007.3,,1.0
2025-04-03,13,35.0,5.4,16.0,0.0,,180.0,9.4,,1007.0,,1.0
2025-04-03,14,34.0,14.0,30.0,0.0,,170.0,11.2,,1008.0,,1.0
2025-04-03,15,33.2,18.2,41.0,0.0,,0.0,0.0,,1009.3,,1.0
2025-04-03,16,31.0,15.0,38.0,0.0,,200.0,6.0,,1010.0,,1.0
2025-04-03,17,29.0,14.0,40.0,0.0,,190.0,13.0,,1010.0,,1.0
2025-04-03,18,29.8,13.1,36.0,0.0,,250.0,5.4,,1010.7,,1.0
2025-04-03,19,27.0,14.1,45.0,0.0,,210.0,7.6,,1010.0,,1.0
2025-04-03,20,27.0,18.0,58.0,0.0,,210.0,7.6,,1010.0,,1.0
2025-04-03,21,26.6,19.5,65.0,0.0,,210.0,7.6,,1010.3,,1.0
2025-04-03,22,26.0,17.1,58.0,0.0,,0.0,0.0,,1010.0,,1.0
2025-04-03,23,25.7,14.5,50.0,0.0,,241.0,3.7,,1010.4,,1.0
2025-04-04,0,25.2,21.1,78.0,0.0,,130.0,7.6,,1011.2,,5.0
2025-04-04,1,26.0,21.0,74.0,0.0,,130.0,7.6,,1011.0,,5.0
2025-04-04,2,24.0,19.1,74.0,0.0,,190.0,7.6,,1012.0,,5.0
2025-04-04,3,28.0,21.3,67.0,0.0,,170.0,9.4,,1013.2,,1.0
2025-04-04,4,30.0,16.1,43.0,0.0,,230.0,9.4,,1013.0,,1.0
2025-04-04,5,34.0,7.9,20.0,0.0,,260.0,6.0,,1013.0,,1.0
2025-04-04,6,35.6,12.6,25.0,0.0,,240.0,3.6,,1012.8,,1.0
2025-04-04,7,37.0,6.1,15.0,0.0,,250.0,5.4,,1011.0,,1.0
2025-04-04,8,38.0,3.7,12.0,0.0,,250.0,7.6,,1010.0,,1.0
2025-04-04,9,40.4,6.7,13.0,0.0,,280.0,5.4,,1010.0,,1.0
2025-04-04,10,39.0,1.9,10.0,0.0,,250.0,5.4,,1008.0,,1.0
2025-04-04,11,39.0,0.4,9.0,0.0,,240.0,9.4,,1008.0,,1.0
2025-04-04,12,40.6,6.8,13.0,0.0,,270.0,5.4,,1008.0,,1.0
2025-04-04,13,37.0,1.7,11.0,0.0,,270.0,5.4,,1008.0,,1.0
2025-04-04,14,35.0,3.5,14.0,0.0,,260.0,3.6,,1009.0,,1.0
2025-04-04,15,32.0,11.7,29.0,0.0,,0.0,0.0,,1009.6,,1.0
2025-04-04,16,32.0,8.3,23.0,0.0,,0.0,0.0,,1010.0,,1.0
2025-04-04,17,31.0,9.8,27.0,0.0,,0.0,0.0,,1010.0,,1.0
2025-04-04,18,29.2,12.2,35.0,0.0,,190.0,14.8,,1010.6,,1.0
2025-04-04,19,28.0,13.9,42.0,0.0,,190.0,13.0,,1010.0,,1.0
2025-04-04,20,28.0,13.1,40.0,0.0,,200.0,7.6,,1009.0,,1.0
2025-04-04,21,27.0,15.7,50.0,0.0,,190.0,5.4,,1009.9,,1.0
2025-04-04,22,25.9,13.7,47.0,0.0,,259.0,1.8,,1009.7,,1.0
2025-04-04,23,25.4,13.6,48.0,0.0,,272.0,1.8,,1009.7,,1.0
2025-04-05,0,24.4,16.6,62.0,0.0,,0.0,0.0,,1009.9,,5.0
2025-04-05,1,22.0,16.9,73.0,0.0,,0.0,0.0,,1010.0,,5.0
2025-04-05,2,23.0,17.0,69.0,0.0,,10.0,3.6,,1011.0,,5.0
2025-04-05,3,28.4,17.3,51.0,0.0,,220.0,5.4,,1011.4,,5.0
2025-04-05,4,31.0,9.8,27.0,0.0,,230.0,7.6,,1012.0,,5.0
2025-04-05,5,33.0,9.8,24.0,0.0,,220.0,7.6,,1012.0,,1.0
2025-04-05,6,37.2,10.5,20.0,0.0,,260.0,7.6,,1011.8,,1.0
2025-04-05,7,37.0,7.0,16.0,0.0,,280.0,5.4,,1010.0,,1.0
2025-04-05,8,39.0,7.7,15.0,0.0,,280.0,5.4,,1009.0,,1.0
2025-04-05,9,41.6,10.7,16.0,0.0,,320.0,7.6,,1008.8,,1.0
2025-04-05,10,41.0,4.7,11.0,0.0,,270.0,11.2,,1007.0,,1.0
2025-04-05,11,40.0,2.6,10.0,0.0,,250.0,13.0,,1007.0,,1.0
2025-04-05,12,40.6,7.9,14.0,0.0,,340.0,7.6,,1006.7,,1.0
2025-04-05,13,37.0,2.9,12.0,0.0,,300.0,5.4,,1007.0,,1.0
2025-04-05,14,34.0,6.3,18.0,0.0,,330.0,5.4,,1007.0,,1.0
2025-04-05,15,32.8,10.8,26.0,0.0,,300.0,5.4,,1008.0,,1.0
2025-04-05,16,31.4,10.7,28.0,0.0,,311.0,0.0,,1008.2,,1.0
2025-04-05,17,30.0,12.0,33.0,0.0,,0.0,0.0,,1008.0,,1.0
2025-04-05,18,29.0,11.1,33.0,0.0,,0.0,0.0,,1008.4,,1.0
2025-04-05,19,31.0,8.1,24.0,0.0,,260.0,7.6,,1008.3,,1.0
2025-04-05,20,31.0,6.1,21.0,0.0,,250.0,7.6,,1007.0,,1.0
2025-04-05,21,27.4,13.7,43.0,0.0,,280.0,7.6,,1007.8,,1.0
2025-04-05,22,30.0,9.0,27.0,0.0,,270.0,5.4,,1007.0,,1.0
2025-04-05,23,29.0,10.2,31.0,0.0,,280.0,3.6,,1007.0,,1.0
2025-04-06,0,27.8,13.7,42.0,0.0,,0.0,0.0,,1007.6,,1.0
2025-04-06,1,24.0,9.9,41.0,0.0,,0.0,0.0,,1008.0,,1.0
2025-04-06,2,27.0,11.1,37.0,0.0,,330.0,3.6,,1009.0,,1.0
2025-04-06,3,30.0,13.3,36.0,0.0,,340.0,5.4,,1010.3,,1.0
2025-04-06,4,31.0,10.9,29.0,0.0,,330.0,9.4,,1010.0,,1.0
2025-04-06,5,34.0,7.9,20.0,0.0,,310.0,7.6,,1010.2,,1.0
2025-04-06,6,38.4,6.2,14.0,0.0,,340.0,9.4,,1009.9,,1.0
2025-04-06,7,39.0,3.2,11.0,0.0,,300.0,7.6,,1008.0,,1.0
2025-04-06,8,40.0,4.0,11.0,0.0,,250.0,13.0,,1007.0,,1.0
2025-04-06,9,41.8,5.3,11.0,0.0,,340.0,11.2,,1007.1,,1.0
2025-04-06,10,40.0,4.0,11.0,0.0,,250.0,11.2,,1005.0,,1.0
2025-04-06,11,41.0,1.9,9.0,0.0,,250.0,11.2,,1005.0,,1.0
2025-04-06,12,42.4,7.1,12.0,0.0,,340.0,7.6,,1005.5,,1.0
2025-04-06,13,39.0,4.4,12.0,0.0,,320.0,5.4,,1005.0,,1.0
2025-04-06,14,36.0,6.2,16.0,0.0,,0.0,0.0,,1006.0,,1.0
2025-04-06,15,34.6,12.9,27.0,0.0,,0.0,0.0,,1006.8,,1.0
2025-04-06,16,32.0,8.9,24.0,0.0,,0.0,0.0,,1007.0,,1.0
2025-04-06,17,31.0,10.9,29.0,0.0,,240.0,3.6,,1007.0,,1.0
2025-04-06,18,30.0,13.3,36.0,0.0,,230.0,5.4,,1008.0,,1.0
2025-04-06,19,33.0,4.7,17.0,0.0,,230.0,11.2,,1007.0,,1.0
2025-04-06,20,31.0,6.8,22.0,0.0,,260.0,9.4,,1007.0,,1.0
2025-04-06,21,30.6,10.5,29.0,0.0,,320.0,5.4,,1007.5,,1.0
2025-04-06,22,29.0,7.0,25.0,0.0,,280.0,11.2,,1007.0,,1.0
2025-04-06,23,28.0,7.3,27.0,0.0,,280.0,7.6,,1007.0,,1.0
2025-04-07,0,29.4,11.5,33.0,0.0,,320.0,3.6,,1008.1,,1.0
2025-04-07,1,26.0,7.1,30.0,0.0,,300.0,5.4,,1009.0,,1.0
2025-04-07,2,28.7,12.6,37.0,0.0,,306.0,5.5,,1009.3,,1.0
2025-04-07,3,30.0,10.0,29.0,0.0,,360.0,5.4,,1010.2,,1.0
2025-04-07,4,31.0,8.1,24.0,0.0,,340.0,9.4,,1010.0,,1.0
2025-04-07,5,33.0,7.1,20.0,0.0,,270.0,11.2,,1010.0,,1.0
2025-04-07,6,36.4,9.1,19.0,0.0,,290.0,7.6,,1010.2,,1.0
2025-04-07,7,37.0,4.0,13.0,0.0,,300.0,14.8,,1009.0,,1.0
2025-04-07,8,38.0,4.8,13.0,0.0,,250.0,9.4,,1007.0,,1.0
2025-04-07,9,41.6,9.7,15.0,0.0,,270.0,5.4,,1007.4,,1.0
2025-04-07,10,41.0,4.7,11.0,0.0,,270.0,14.8,,1006.0,,1.0
2025-04-07,11,41.0,3.4,10.0,0.0,,300.0,11.2,,1005.0,,1.0
2025-04-07,12,42.4,8.2,13.0,0.0,,270.0,3.6,,1005.7,,1.0
2025-04-07,13,39.0,5.6,13.0,0.0,,240.0,5.4,,1006.0,,1.0
2025-04-07,14,37.0,7.0,16.0,0.0,,210.0,3.6,,1007.0,,1.0
2025-04-07,15,33.8,13.8,30.0,0.0,,0.0,0.0,,1007.5,,1.0
2025-04-07,16,32.0,11.2,28.0,0.0,,0.0,0.0,,1008.0,,1.0
2025-04-07,17,31.0,10.9,29.0,0.0,,0.0,0.0,,1008.0,,1.0
2025-04-07,18,30.2,11.2,31.0,0.0,,220.0,3.6,,1008.9,,1.0
2025-04-07,19,32.0,6.2,20.0,0.0,,240.0,3.6,,1008.0,,1.0
2025-04-07,20,30.0,7.8,25.0,0.0,,220.0,5.4,,1007.0,,1.0
2025-04-07,21,28.6,13.7,40.0,0.0,,250.0,3.6,,1008.0,,1.0
2025-04-07,22,28.0,11.1,35.0,0.0,,270.0,3.6,,1007.0,,1.0
2025-04-07,23,27.0,11.9,39.0,0.0,,320.0,3.6,,1007.0,,1.0
2025-04-08,0,27.0,13.4,43.0,0.0,,0.0,0.0,,1008.8,,1.0
2025-04-08,1,24.0,11.0,44.0,0.0,,340.0,3.6,,1009.0,,1.0
2025-04-08,2,26.0,11.0,39.0,0.0,,320.0,3.6,,1009.9,,1.0
2025-04-08,3,30.4,12.8,34.0,0.0,,300.0,11.2,,1011.0,,1.0
2025-04-08,4,32.0,8.9,24.0,0.0,,320.0,16.6,,1011.0,,1.0
2025-04-08,5,34.0,6.3,18.0,0.0,,280.0,11.2,,1011.0,,1.0
2025-04-08,6,37.0,7.0,16.0,0.0,,320.0,5.4,,1011.1,,1.0
2025-04-08,7,39.0,5.6,13.0,0.0,,290.0,9.4,,1010.0,,1.0
2025-04-08,8,40.0,7.5,14.0,0.0,,250.0,9.4,,1009.0,,1.0
2025-04-08,9,42.8,8.5,13.0,0.0,,320.0,7.6,,1008.5,,1.0
2025-04-08,10,41.0,3.4,10.0,0.0,,340.0,13.0,,1007.0,,1.0
2025-04-08,11,41.0,1.9,9.0,0.0,,300.0,7.6,,1007.0,,1.0
2025-04-08,12,42.0,6.8,12.0,0.0,,360.0,5.4,,1007.0,,1.0
2025-04-08,13,38.0,5.9,14.0,0.0,,0.0,0.0,,1007.0,,1.0
2025-04-08,14,36.0,7.1,17.0,0.0,,230.0,5.4,,1008.0,,1.0
2025-04-08,15,34.0,7.9,20.0,0.0,,0.0,0.0,,1008.2,,1.0
2025-04-08,16,32.0,8.9,24.0,0.0,,270.0,4.0,,1009.0,,1.0
2025-04-08,17,30.0,12.0,33.0,0.0,,0.0,0.0,,1009.0,,1.0
2025-04-08,18,30.2,14.3,38.0,0.0,,320.0,3.6,,1009.2,,1.0
2025-04-08,19,30.0,9.0,27.0,0.0,,300.0,5.4,,1008.0,,1.0
2025-04-08,20,30.0,7.8,25.0,0.0,,320.0,3.6,,1008.0,,1.0
2025-04-08,21,32.0,12.8,31.0,0.0,,320.0,7.6,,1008.3,,1.0
2025-04-08,22,30.0,7.8,25.0,0.0,,290.0,7.6,,1007.0,,1.0
2025-04-08,23,29.0,8.1,27.0,0.0,,310.0,7.6,,1007.0,,1.0
2025-04-09,0,29.6,10.2,30.0,0.0,,340.0,7.6,,1008.3,,1.0
2025-04-09,1,28.0,7.8,28.0,0.0,,280.0,4.0,,1009.0,,1.0
2025-04-09,2,28.0,8.8,30.0,0.0,,300.0,5.4,,1009.0,,1.0
2025-04-09,3,31.4,10.7,28.0,0.0,,320.0,5.4,,1010.1,,1.0
2025-04-09,4,33.0,7.8,21.0,0.0,,300.0,5.4,,1010.0,,1.0
2025-04-09,5,36.0,7.1,17.0,0.0,,320.0,7.6,,1010.0,,1.0
2025-04-09,6,39.6,3.7,11.0,0.0,,320.0,7.6,,1010.0,,1.0
2025-04-09,7,40.0,4.0,11.0,0.0,,300.0,13.0,,1008.0,,1.0
2025-04-09,8,41.0,3.4,10.0,0.0,,290.0,13.0,,1007.0,,1.0
2025-04-09,9,43.0,4.9,10.0,0.0,,320.0,11.2,,1006.9,,1.0
2025-04-09,10,41.0,1.9,9.0,0.0,,300.0,9.4,,1005.0,,1.0
2025-04-09,11,41.0,3.4,10.0,0.0,,290.0,13.0,,1005.0,,1.0
2025-04-09,12,41.6,5.2,11.0,0.0,,340.0,9.4,,1005.2,,1.0
2025-04-09,13,38.0,3.7,12.0,0.0,,330.0,9.4,,1005.0,,1.0
2025-04-09,14,36.0,4.3,14.0,0.0,,320.0,5.4,,1006.0,,1.0
2025-04-09,15,33.2,4.0,16.0,0.0,,320.0,11.2,,1006.2,,1.0
2025-04-09,16,32.0,6.2,20.0,0.0,,300.0,3.6,,1007.0,,1.0
2025-04-09,17,32.0,3.9,17.0,0.0,,280.0,3.6,,1006.0,,1.0
2025-04-09,18,31.4,5.0,19.0,0.0,,0.0,0.0,,1006.8,,1.0
2025-04-09,19,31.0,3.1,17.0,0.0,,310.0,3.6,,1006.0,,1.0
2025-04-09,20,30.0,3.9,19.0,0.0,,300.0,5.4,,1005.0,,1.0
2025-04-09,21,31.2,7.0,22.0,0.0,,320.0,3.6,,1005.6,,1.0
2025-04-09,22,28.0,6.1,25.0,0.0,,300.0,5.4,,1005.0,,1.0
2025-04-09,23,28.0,6.1,25.0,0.0,,290.0,3.6,,1005.0,,1.0
2025-04-10,0,29.4,10.5,31.0,0.0,,320.0,7.6,,1005.7,,1.0
2025-04-10,1,27.0,8.9,32.0,0.0,,280.0,5.4,,1006.0,,1.0
2025-04-10,2,27.0,9.8,34.0,0.0,,320.0,3.6,,1006.0,,1.0
2025-04-10,3,30.0,15.3,41.0,0.0,,320.0,3.6,,1007.0,,2.0
2025-04-10,4,31.0,10.9,29.0,0.0,,320.0,5.4,,1007.0,,2.0
2025-04-10,5,34.0,7.1,19.0,0.0,,220.0,9.4,,1007.0,,2.0
2025-04-10,6,38.0,9.6,18.0,0.0,,320.0,5.4,,1006.8,,2.0
2025-04-10,7,39.0,4.4,12.0,0.0,,230.0,5.4,,1005.0,,2.0
2025-04-10,8,40.0,1.1,9.0,0.0,,200.0,16.6,,1004.0,,2.0
2025-04-10,9,43.0,3.4,9.0,0.0,,270.0,5.4,,1003.8,,2.0
2025-04-10,10,39.0,11.2,19.0,0.0,,170.0,22.3,,1002.0,,1.0
2025-04-10,11,39.0,8.6,16.0,0.0,,180.0,18.4,,1001.0,,1.0
2025-04-10,12,40.4,13.9,21.0,0.0,,230.0,9.4,,1001.6,,1.0
2025-04-10,13,36.0,12.9,25.0,0.0,,190.0,18.4,,1002.0,,1.0
2025-04-10,14,33.0,14.1,32.0,0.0,,180.0,18.4,,1002.0,,1.0
2025-04-10,15,34.2,14.7,31.0,0.0,,230.0,14.8,,1003.4,,1.0
2025-04-10,16,32.0,10.1,26.0,0.0,,180.0,22.3,,1004.0,,1.0
2025-04-10,17,30.0,12.0,33.0,0.0,,180.0,14.8,,1004.0,,1.0
2025-04-10,18,31.2,11.6,30.0,0.0,,200.0,9.4,,1004.6,,1.0
2025-04-10,19,31.0,3.9,18.0,0.0,,230.0,14.8,,1004.0,,1.0
2025-04-10,20,30.0,3.9,19.0,0.0,,230.0,14.8,,1004.0,,1.0
2025-04-10,21,30.4,6.9,23.0,0.0,,320.0,7.6,,1004.1,,1.0
2025-04-10,22,28.0,10.2,33.0,0.0,,250.0,5.4,,1003.0,,1.0
2025-04-10,23,26.0,15.1,51.0,0.0,,260.0,9.4,,1003.0,,1.0
2025-04-11,0,27.0,19.4,63.0,0.0,,270.0,3.6,,1004.1,,5.0
2025-04-11,1,25.0,18.9,69.0,0.0,,200.0,9.4,,1004.0,,5.0
2025-04-11,2,25.0,20.0,74.0,0.0,,210.0,9.4,,1006.0,,5.0
2025-04-11,3,28.4,20.9,64.0,0.0,,180.0,3.6,,1006.1,,5.0
2025-04-11,4,28.0,19.0,58.0,0.0,,170.0,13.0,,1007.0,,5.0
2025-04-11,5,30.0,18.1,49.0,0.0,,200.0,9.4,,1006.0,,1.0
2025-04-11,6,33.0,17.2,39.0,0.0,,200.0,5.4,,1006.3,,1.0
2025-04-11,7,31.0,15.8,40.0,0.0,,190.0,14.8,,1005.0,,1.0
2025-04-11,8,32.0,15.1,36.0,0.0,,190.0,11.2,,1004.0,,1.0
2025-04-11,9,36.8,17.4,32.0,0.0,,290.0,14.8,,1004.2,,1.0
2025-04-11,10,35.0,14.8,30.0,0.0,,200.0,14.8,,1002.0,,1.0
2025-04-11,11,36.0,15.2,29.0,0.0,,230.0,18.4,,1001.0,,1.0
2025-04-11,12,37.6,17.6,31.0,0.0,,250.0,11.2,,1001.9,,1.0
2025-04-11,13,34.0,9.3,22.0,0.0,,160.0,16.6,,1001.0,,1.0
2025-04-11,14,33.9,18.8,41.0,0.0,,218.0,13.0,,1003.4,,1.0
2025-04-11,15,32.6,23.5,59.0,0.0,,230.0,7.6,,1003.6,,1.0
2025-04-11,16,31.3,21.2,55.0,0.0,,209.0,13.0,,1004.5,,1.0
2025-04-11,17,30.5,21.0,57.0,0.0,,205.0,11.1,,1004.9,,1.0
2025-04-11,18,30.8,18.5,48.0,0.0,,230.0,5.4,,1005.2,,1.0
2025-04-11,19,29.4,21.1,61.0,0.0,,208.0,9.3,,1005.2,,1.0
2025-04-11,20,29.2,21.4,63.0,0.0,,216.0,7.4,,1005.0,,1.0
2025-04-11,21,28.2,24.2,79.0,0.0,,230.0,5.4,,1004.7,,1.0
2025-04-11,22,28.6,21.1,64.0,0.0,,234.0,7.4,,1005.2,,1.0
2025-04-11,23,28.1,21.6,68.0,0.0,,229.0,7.4,,1005.4,,1.0
2025-04-12,0,27.0,24.1,84.0,0.0,,0.0,0.0,,1006.8,,1.0
2025-04-12,1,27.8,22.5,73.0,0.0,,224.0,9.3,,1006.5,,1.0
2025-04-12,2,28.1,22.8,73.0,0.0,,223.0,9.3,,1007.3,,1.0
2025-04-12,3,28.4,22.4,70.0,0.0,,230.0,5.4,,1008.4,,1.0
2025-04-12,4,29.9,22.9,66.0,0.0,,219.0,9.3,,1008.3,,1.0
2025-04-12,5,31.5,22.2,58.0,0.0,,216.0,9.3,,1008.3,,1.0
2025-04-12,6,33.4,22.8,54.0,0.0,,230.0,3.6,,1008.6,,1.0
2025-04-12,7,34.5,20.8,45.0,0.0,,215.0,9.3,,1007.5,,1.0
2025-04-12,8,35.9,20.2,40.0,0.0,,216.0,9.3,,1006.6,,1.0
2025-04-12,9,37.6,17.1,30.0,0.0,,320.0,7.6,,1006.3,,1.0
2025-04-12,10,37.8,16.7,29.0,0.0,,296.0,7.4,,1005.6,,1.0
2025-04-12,11,38.1,17.0,29.0,0.0,,261.0,7.4,,1004.8,,1.0
2025-04-12,12,38.6,23.8,43.0,0.0,,230.0,7.6,,1004.7,,1.0
2025-04-12,13,36.5,18.6,35.0,0.0,,221.0,9.3,,1004.7,,1.0
2025-04-12,14,34.6,20.2,43.0,0.0,,213.0,11.1,,1005.3,,1.0
2025-04-12,15,32.6,22.4,55.0,0.0,,200.0,11.2,,1006.5,,1.0
2025-04-12,16,31.7,22.7,59.0,0.0,,202.0,11.1,,1007.0,,1.0
2025-04-12,17,30.7,23.1,64.0,0.0,,203.0,11.1,,1007.4,,1.0
2025-04-12,18,29.6,22.6,66.0,0.0,,200.0,7.6,,1007.6,,5.0
2025-04-12,19,28.0,22.0,70.0,0.0,,160.0,13.0,,1007.0,,5.0
2025-04-12,20,28.0,22.0,70.0,0.0,,180.0,13.0,,1007.0,,5.0
2025-04-12,21,28.6,22.8,71.0,0.0,,230.0,5.4,,1007.4,,5.0
2025-04-12,22,28.0,19.0,58.0,0.0,,220.0,9.4,,1007.0,,5.0
2025-04-12,23,27.0,18.0,58.0,0.0,,230.0,7.6,,1007.0,,5.0
2025-04-13,0,27.4,20.0,64.0,0.0,,230.0,5.4,,1008.2,,5.0
2025-04-13,1,26.0,18.9,65.0,0.0,,240.0,5.4,,1009.0,,5.0
2025-04-13,2,27.0,20.1,66.0,0.0,,230.0,5.4,,1010.0,,5.0
2025-04-13,3,29.2,16.1,45.0,0.0,,320.0,3.6,,1010.2,,5.0
2025-04-13,4,29.0,19.0,55.0,0.0,,0.0,0.0,,1011.0,,1.0
2025-04-13,5,31.0,18.0,46.0,0.0,,260.0,5.4,,1010.0,,1.0
2025-04-13,6,35.2,18.7,38.0,0.0,,320.0,3.6,,1010.4,,1.0
2025-04-13,7,35.0,14.8,30.0,0.0,,270.0,9.4,,1009.0,,1.0
2025-04-13,8,37.0,16.0,29.0,0.0,,240.0,14.8,,1009.0,,1.0
2025-04-13,9,40.0,16.2,25.0,0.0,,290.0,11.2,,1008.0,,1.0
2025-04-13,10,39.0,10.4,18.0,0.0,,250.0,16.6,,1006.0,,1.0
2025-04-13,11,40.0,7.5,14.0,0.0,,270.0,14.8,,1006.0,,1.0
2025-04-13,12,41.4,6.3,12.0,0.0,,290.0,11.2,,1006.2,,1.0
2025-04-13,13,38.0,3.7,12.0,0.0,,290.0,5.4,,1006.0,,1.0
2025-04-13,14,36.0,5.3,15.0,0.0,,230.0,5.4,,1007.0,,1.0
2025-04-13,15,34.0,10.0,23.0,0.0,,210.0,7.6,,1007.4,,1.0
2025-04-13,16,32.0,13.2,32.0,0.0,,170.0,11.2,,1008.0,,1.0
2025-04-13,17,31.0,15.8,40.0,0.0,,190.0,14.8,,1008.0,,1.0
2025-04-13,18,32.2,19.5,47.0,0.0,,220.0,7.6,,1008.6,,1.0
2025-04-13,19,32.0,15.1,36.0,0.0,,260.0,14.8,,1007.0,,1.0
2025-04-13,20,31.0,12.9,33.0,0.0,,260.0,11.2,,1007.0,,1.0
2025-04-13,21,31.4,17.3,43.0,0.0,,270.0,7.6,,1007.5,,1.0
2025-04-13,22,28.0,16.9,51.0,0.0,,280.0,11.2,,1006.0,,1.0
2025-04-13,23,27.0,16.9,54.0,0.0,,230.0,9.4,,1007.0,,1.0
2025-04-14,0,27.6,18.3,57.0,0.0,,270.0,5.4,,1007.7,,1.0
2025-04-14,1,26.0,17.1,58.0,0.0,,260.0,3.6,,1008.0,,1.0
2025-04-14,2,27.0,16.9,54.0,0.0,,270.0,14.8,,1009.0,,1.0
2025-04-14,3,29.6,18.4,51.0,0.0,,230.0,7.6,,1009.6,,1.0
2025-04-14,4,31.0,15.8,40.0,0.0,,290.0,9.4,,1010.0,,1.0
2025-04-14,5,33.0,13.1,30.0,0.0,,260.0,13.0,,1009.0,,1.0
2025-04-14,6,36.0,16.2,31.0,0.0,,20.0,5.4,,1009.4,,1.0
2025-04-14,7,36.0,10.9,22.0,0.0,,250.0,18.4,,1007.0,,1.0
2025-04-14,8,38.0,10.4,19.0,0.0,,210.0,13.0,,1007.0,,1.0
2025-04-14,9,41.0,11.1,17.0,0.0,,270.0,7.6,,1005.8,,1.0
2025-04-14,10,40.0,8.5,15.0,0.0,,260.0,7.6,,1004.0,,1.0
2025-04-14,11,41.0,6.0,12.0,0.0,,270.0,9.4,,1004.0,,1.0
2025-04-14,12,42.2,6.9,12.0,0.0,,290.0,9.4,,1003.9,,1.0
2025-04-14,13,39.0,5.6,13.0,0.0,,230.0,7.6,,1004.0,,1.0
2025-04-14,14,37.0,7.0,16.0,0.0,,230.0,5.4,,1004.0,,1.0
2025-04-14,15,37.0,12.5,23.0,0.0,,220.0,11.2,,1005.3,,1.0
2025-04-14,16,35.0,13.2,27.0,0.0,,230.0,14.8,,1006.0,,1.0
2025-04-14,17,33.0,17.2,39.0,0.0,,240.0,14.8,,1006.0,,1.0
2025-04-14,18,33.2,19.7,45.0,0.0,,320.0,11.2,,1007.0,,1.0
2025-04-14,19,30.0,18.1,49.0,0.0,,250.0,9.0,,1006.0,,1.0
2025-04-14,20,30.0,18.1,49.0,0.0,,250.0,9.4,,1006.0,,1.0
2025-04-14,21,30.0,19.4,53.0,0.0,,270.0,7.6,,1006.7,,1.0
2025-04-14,22,28.0,18.1,55.0,0.0,,250.0,14.8,,1006.5,,1.0
2025-04-14,23,27.0,19.1,62.0,0.0,,270.0,11.2,,1006.6,,1.0
2025-04-15,0,27.6,20.7,66.0,0.0,,320.0,7.6,,1006.9,,1.0
2025-04-15,1,26.0,18.9,65.0,0.0,,250.0,11.2,,1007.4,,1.0
2025-04-15,2,27.0,19.1,62.0,0.0,,270.0,5.4,,1008.0,,1.0
2025-04-15,3,29.4,20.3,58.0,0.0,,340.0,7.6,,1008.4,,1.0
2025-04-15,4,30.0,18.1,49.0,0.0,,270.0,9.4,,1008.6,,1.0
2025-04-15,5,32.0,17.1,41.0,0.0,,250.0,14.8,,1008.6,,1.0
2025-04-15,6,35.4,18.9,38.0,0.0,,270.0,5.4,,1008.0,,1.0
2025-04-15,7,36.0,16.2,31.0,0.0,,200.0,18.4,,1007.6,,1.0
2025-04-15,8,38.0,15.2,26.0,0.0,,210.0,16.6,,1006.6,,1.0
2025-04-15,9,40.6,15.4,23.0,0.0,,270.0,9.4,,1005.4,,1.0
2025-04-15,10,39.0,12.7,21.0,0.0,,210.0,11.2,,1005.0,,1.0
2025-04-15,11,40.0,14.3,22.0,0.0,,260.0,9.4,,1004.4,,1.0
2025-04-15,12,42.0,17.9,25.0,0.0,,290.0,7.6,,1003.5,,1.0
2025-04-15,13,38.0,13.3,23.0,0.0,,190.0,9.4,,1004.3,,1.0
2025-04-15,14,37.0,13.1,24.0,0.0,,210.0,11.2,,1004.9,,1.0
2025-04-15,15,37.0,16.6,30.0,0.0,,250.0,5.4,,1004.9,,1.0
2025-04-15,16,33.0,17.2,39.0,0.0,,180.0,16.6,,1005.8,,1.0
2025-04-15,17,31.0,19.0,49.0,0.0,,200.0,18.4,,1006.2,,1.0
2025-04-15,18,32.2,22.6,57.0,0.0,,180.0,11.2,,1006.6,,1.0
2025-04-15,19,31.0,18.0,46.0,0.0,,220.0,11.2,,1006.4,,1.0
2025-04-15,20,30.0,19.1,52.0,0.0,,260.0,7.6,,1006.1,,1.0
2025-04-15,21,30.0,21.9,62.0,0.0,,360.0,9.4,,1005.8,,1.0
2025-04-15,22,27.0,21.1,70.0,0.0,,280.0,7.6,,1005.9,,1.0
2025-04-15,23,27.0,22.0,74.0,0.0,,270.0,11.2,,1006.0,,1.0
2025-04-16,0,28.2,23.1,74.0,0.0,,340.0,5.4,,1006.3,,1.0
2025-04-16,1,27.0,21.1,70.0,0.0,,250.0,9.4,,1006.9,,1.0
2025-04-16,2,27.0,21.1,70.0,0.0,,240.0,9.4,,1007.6,,1.0
2025-04-16,3,29.2,22.9,69.0,0.0,,240.0,7.6,,1007.6,,1.0
2025-04-16,4,30.0,20.0,55.0,0.0,,0.0,0.0,,1008.3,,1.0
2025-04-16,5,31.0,20.0,52.0,0.0,,10.0,3.6,,1008.3,,1.0
2025-04-16,6,35.4,23.1,49.0,0.0,,210.0,7.6,,1008.3,,1.0
2025-04-16,7,36.0,18.1,35.0,0.0,,0.0,0.0,,1007.3,,1.0
2025-04-16,8,38.0,15.8,27.0,0.0,,240.0,5.4,,1006.4,,1.0
2025-04-16,9,40.6,18.6,28.0,0.0,,280.0,3.6,,1005.2,,1.0
2025-04-16,10,40.0,14.9,23.0,0.0,,280.0,14.8,,1004.9,,1.0
2025-04-16,11,39.0,16.0,26.0,0.0,,220.0,18.4,,1004.3,,1.0
2025-04-16,12,41.8,17.8,25.0,0.0,,210.0,9.4,,1003.5,,1.0
2025-04-16,13,38.2,15.9,27.0,0.0,,275.0,5.5,,1004.3,,1.0
2025-04-16,14,35.8,17.0,33.0,0.0,,271.0,3.7,,1004.8,,1.0
2025-04-16,15,36.6,20.4,39.0,0.0,,230.0,16.6,,1004.6,,1.0
2025-04-16,16,32.8,18.2,42.0,0.0,,260.0,3.7,,1005.7,,1.0
2025-04-16,17,32.2,18.0,43.0,0.0,,254.0,5.5,,1006.2,,1.0
2025-04-16,18,32.6,20.8,50.0,0.0,,230.0,5.4,,1006.4,,1.0
2025-04-16,19,31.0,18.4,47.0,0.0,,258.0,5.5,,1006.5,,1.0
2025-04-16,20,30.6,18.3,48.0,0.0,,267.0,5.5,,1006.3,,1.0
2025-04-16,21,29.6,22.3,65.0,0.0,,270.0,9.4,,1005.8,,1.0
2025-04-16,22,29.6,18.7,52.0,0.0,,280.0,5.5,,1006.1,,1.0
2025-04-16,23,29.0,19.3,56.0,0.0,,282.0,5.5,,1006.2,,1.0
2025-04-17,0,27.0,22.6,77.0,0.0,,0.0,0.0,,1006.5,,1.0
2025-04-17,1,28.9,20.6,61.0,0.0,,280.0,5.5,,1007.0,,1.0
2025-04-17,2,29.5,21.5,62.0,0.0,,277.0,5.5,,1007.7,,1.0
2025-04-17,3,29.0,23.2,71.0,0.0,,320.0,5.4,,1007.6,,1.0
2025-04-17,4,30.0,20.0,55.0,0.0,,0.0,0.0,,1008.4,,1.0
2025-04-17,5,31.0,19.0,49.0,0.0,,250.0,5.4,,1008.4,,1.0
2025-04-17,6,35.4,22.4,47.0,0.0,,230.0,3.6,,1007.8,,1.0
2025-04-17,7,34.0,18.9,41.0,0.0,,270.0,9.4,,1007.3,,1.0
2025-04-17,8,37.0,17.1,31.0,0.0,,240.0,16.6,,1006.3,,1.0
2025-04-17,9,40.8,19.3,29.0,0.0,,270.0,3.6,,1005.0,,1.0
2025-04-17,10,39.0,14.1,23.0,0.0,,260.0,14.8,,1004.7,,1.0
2025-04-17,11,41.0,15.1,22.0,0.0,,257.0,7.4,,1004.1,,1.0
2025-04-17,12,41.8,16.4,23.0,0.0,,270.0,3.6,,1002.8,,1.0
2025-04-17,13,38.9,15.9,26.0,,,251.0,7.4,,1003.9,,1.0
2025-04-17,14,36.2,17.9,34.0,,,243.0,7.4,,1004.4,,1.0
2025-04-17,15,37.0,20.8,39.0,,,230.0,5.4,,1004.7,,1.0
2025-04-17,16,32.6,19.5,46.0,,,232.0,7.4,,1005.3,,1.0
2025-04-17,17,31.8,19.4,48.0,,,230.0,7.4,,1005.7,,1.0
2025-04-17,18,32.0,22.4,57.0,,,230.0,3.6,,1005.6,,1.0
2025-04-17,19,30.4,19.1,51.0,,,236.0,7.4,,1005.8,,1.0
2025-04-17,20,29.9,18.7,51.0,,,248.0,5.5,,1005.5,,1.0
2025-04-17,21,31.2,23.1,62.0,,,0.0,0.0,,1005.2,,1.0
2025-04-17,22,28.9,18.7,54.0,,,267.0,5.5,,1005.3,,1.0
2025-04-17,23,28.4,19.1,57.0,,,272.0,5.5,,1005.5,,1.0
2025-04-18,0,28.0,20.8,65.0,,,0.0,0.0,,1006.0,,1.0
2025-04-18,1,28.6,20.1,60.0,,,275.0,5.5,,1006.3,,1.0
2025-04-18,2,29.2,20.6,60.0,,,273.0,5.5,,1006.9,,1.0
2025-04-18,3,29.6,21.3,61.0,,,320.0,7.6,,1007.9,,1.0
2025-04-18,4,32.1,20.4,50.0,,,264.0,5.5,,1007.4,,1.0
2025-04-18,5,34.4,20.0,43.0,,,258.0,7.4,,1007.3,,1.0
2025-04-18,6,35.6,17.8,35.0,,,320.0,9.4,,1008.1,,1.0
2025-04-18,7,38.3,18.2,31.0,,,250.0,7.4,,1006.2,,1.0
2025-04-18,8,39.9,16.8,26.0,,,249.0,9.3,,1005.3,,1.0
2025-04-18,9,41.2,14.5,21.0,,,270.0,9.4,,1004.3,,1.0
2025-04-18,10,40.0,8.5,15.0,,,230.0,14.8,,1003.7,,1.0
2025-04-18,11,41.0,8.2,14.0,,,250.0,11.2,,1003.1,,1.0
2025-04-18,12,42.2,5.6,11.0,,,270.0,11.2,,1002.1,,1.0
2025-04-18,13,39.0,1.9,10.0,,,230.0,11.2,,1003.1,,1.0
2025-04-18,14,36.3,17.5,33.0,,,236.0,11.1,,1003.9,,1.0
2025-04-18,15,37.0,10.3,20.0,,,0.0,0.0,,1003.6,,1.0
2025-04-18,16,32.7,19.6,46.0,,,227.0,11.1,,1004.9,,1.0
2025-04-18,17,31.8,20.1,50.0,,,227.0,9.3,,1005.2,,1.0
2025-04-18,18,33.6,12.6,28.0,,,0.0,0.0,,1005.3,,1.0
2025-04-18,19,30.3,20.0,54.0,,,232.0,7.4,,1005.3,,1.0
2025-04-18,20,29.6,19.0,53.0,,,239.0,7.4,,1004.9,,1.0
2025-04-18,21,30.0,13.3,36.0,,,0.0,0.0,,1004.8,,1.0
2025-04-18,22,28.3,18.4,55.0,,,251.0,5.5,,1004.8,,1.0
2025-04-18,23,27.7,18.7,58.0,,,255.0,5.5,,1004.9,,1.0
2025-04-19,0,28.0,12.8,39.0,,,270.0,3.6,,1005.4,,1.0
2025-04-19,1,27.7,19.5,61.0,,,260.0,5.5,,1005.8,,1.0
2025-04-19,2,28.4,19.9,60.0,,,261.0,5.5,,1006.5,,1.0
2025-04-19,3,29.6,16.4,45.0,,,250.0,9.4,,1007.6,,1.0
2025-04-19,4,31.3,19.3,49.0,,,261.0,7.4,,1007.3,,1.0
2025-04-19,5,33.4,18.4,41.0,,,261.0,7.4,,1007.4,,1.0
2025-04-19,6,34.8,16.2,33.0,,,290.0,7.6,,1008.0,,1.0
2025-04-19,7,37.1,16.1,29.0,,,252.0,7.4,,1006.5,,1.0
2025-04-19,8,38.5,15.0,25.0,,,245.0,9.3,,1005.6,,1.0
2025-04-19,9,40.4,11.5,18.0,,,270.0,3.6,,1004.6,,1.0
2025-04-19,10,40.2,13.7,21.0,,,241.0,9.3,,1004.2,,1.0
2025-04-19,11,40.4,13.1,20.0,,,243.0,9.3,,1003.6,,1.0
2025-04-19,12,39.4,9.0,16.0,,,270.0,9.4,,1002.9,,1.0
2025-04-19,13,37.8,15.0,26.0,,,230.0,9.3,,1003.6,,1.0
2025-04-19,14,35.1,17.4,35.0,,,216.0,11.1,,1004.2,,1.0
2025-04-19,15,33.6,17.7,39.0,,,230.0,16.6,,1005.2,,1.0
2025-04-19,16,31.4,19.7,50.0,,,206.0,13.0,,1005.2,,1.0
2025-04-19,17,30.5,20.1,54.0,,,209.0,11.1,,1005.6,,1.0
2025-04-19,18,30.2,20.7,57.0,,,0.0,0.0,,1005.8,,1.0
2025-04-19,19,29.2,19.8,57.0,,,218.0,9.3,,1005.8,,1.0
2025-04-19,20,28.7,19.1,56.0,,,227.0,7.4,,1005.6,,1.0
2025-04-19,21,28.6,16.5,48.0,,,230.0,5.4,,1005.1,,1.0
2025-04-19,22,27.6,18.9,59.0,,,244.0,5.5,,1005.5,,1.0
2025-04-19,23,26.9,19.0,62.0,,,250.0,5.5,,1005.6,,1.0
2025-04-20,0,27.2,19.8,64.0,,,0.0,0.0,,1005.9,,1.0
2025-04-20,1,27.0,19.6,64.0,,,255.0,5.5,,1006.5,,1.0
2025-04-20,2,27.9,19.9,62.0,,,253.0,5.5,,1007.3,,1.0
2025-04-20,3,27.6,22.3,73.0,,,230.0,3.6,,1007.8,,1.0
2025-04-20,4,30.8,19.5,51.0,,,250.0,5.5,,1008.3,,1.0
2025-04-20,5,32.9,18.7,43.0,,,247.0,5.5,,1008.4,,1.0
2025-04-20,6,33.0,19.5,45.0,,,270.0,3.6,,1008.2,,1.0
2025-04-20,7,36.3,16.5,31.0,,,245.0,7.4,,1007.7,,1.0
2025-04-20,8,37.7,15.5,27.0,,,246.0,7.4,,1006.9,,1.0
2025-04-20,9,38.2,17.1,29.0,,,230.0,7.6,,1006.0,,1.0
2025-04-20,10,39.4,13.8,22.0,,,247.0,7.4,,1005.5,,1.0
2025-04-20,11,39.7,13.3,21.0,,,247.0,7.4,,1005.0,,1.0
2025-04-20,12,39.6,10.0,17.0,,,270.0,7.6,,1003.9,,1.0
2025-04-20,13,37.4,14.7,26.0,,,238.0,7.4,,1005.1,,1.0
2025-04-20,14,34.8,16.6,34.0,,,225.0,7.4,,1005.8,,1.0
2025-04-20,15,34.6,11.7,25.0,,,0.0,0.0,,1005.7,,1.0
2025-04-20,16,31.3,18.3,46.0,,,206.0,9.3,,1006.9,,1.0
2025-04-20,17,30.4,18.2,48.0,,,203.0,9.3,,1007.3,,1.0
2025-04-20,18,31.2,17.1,43.0,,,230.0,9.4,,1007.6,,1.0
2025-04-20,19,28.9,18.1,52.0,,,210.0,7.4,,1007.6,,1.0
2025-04-20,20,28.3,17.8,53.0,,,225.0,5.5,,1007.5,,1.0
2025-04-20,21,28.6,21.1,64.0,,,0.0,0.0,,1007.3,,1.0
2025-04-20,22,27.3,17.2,54.0,,,251.0,3.7,,1007.4,,1.0
2025-04-20,23,26.9,17.1,55.0,,,257.0,3.7,,1007.6,,1.0
2025-04-21,0,27.2,21.0,69.0,,,0.0,0.0,,1008.2,,1.0
2025-04-21,1,27.5,17.7,55.0,,,280.0,3.7,,1008.4,,1.0
2025-04-21,2,28.4,17.9,53.0,,,292.0,5.5,,1009.2,,1.0
2025-04-21,3,30.0,21.7,61.0,,,0.0,0.0,,1009.7,,1.0
2025-04-21,4,31.6,17.5,43.0,,,302.0,5.5,,1010.0,,1.0
2025-04-21,5,33.8,17.1,37.0,,,304.0,7.4,,1010.0,,1.0
2025-04-21,6,36.2,15.9,30.0,,,0.0,0.0,,1009.8,,1.0
2025-04-21,7,37.4,15.3,27.0,,,300.0,7.4,,1009.2,,1.0
2025-04-21,8,38.9,14.0,23.0,,,295.0,7.4,,1008.5,,1.0
2025-04-21,9,40.6,10.8,17.0,,,250.0,9.4,,1008.6,,1.0
2025-04-21,10,40.4,12.3,19.0,,,280.0,5.5,,1007.3,,1.0
2025-04-21,11,40.4,12.3,19.0,,,267.0,5.5,,1006.9,,1.0
2025-04-21,12,40.2,12.2,19.0,,,290.0,3.6,,1007.3,,1.0
2025-04-21,13,37.7,13.7,24.0,,,246.0,5.5,,1007.0,,1.0
2025-04-21,14,34.9,15.3,31.0,,,234.0,3.7,,1007.6,,1.0
2025-04-21,15,34.0,14.5,31.0,,,0.0,0.0,,1009.0,,1.0
2025-04-21,16,31.3,16.9,42.0,,,214.0,3.7,,1008.6,,1.0
2025-04-21,17,30.4,16.8,44.0,,,212.0,3.7,,1009.0,,1.0
2025-04-21,18,29.4,11.5,33.0,,,0.0,0.0,,1010.0,,1.0
2025-04-21,19,29.1,16.0,45.0,,,230.0,3.7,,1009.1,,1.0
2025-04-21,20,28.6,15.5,45.0,,,254.0,3.7,,1008.8,,1.0
2025-04-21,21,28.2,16.2,48.0,,,0.0,0.0,,1009.4,,1.0
2025-04-21,22,27.6,15.3,47.0,,,282.0,3.7,,1008.6,,1.0
2025-04-21,23,27.0,15.4,49.0,,,292.0,3.7,,1008.8,,1.0
2025-04-22,0,25.8,13.3,46.0,,,0.0,0.0,,1009.2,,1.0
2025-04-22,1,27.5,16.2,50.0,,,309.0,3.7,,1009.6,,1.0
2025-04-22,2,28.7,16.3,47.0,,,312.0,5.5,,1010.3,,1.0
2025-04-22,3,29.6,17.4,48.0,,,0.0,0.0,,1011.0,,1.0
2025-04-22,4,32.3,15.8,37.0,,,323.0,5.5,,1010.9,,1.0
2025-04-22,5,34.8,14.7,30.0,,,333.0,5.5,,1010.9,,1.0
2025-04-22,6,37.0,10.3,20.0,,,0.0,0.0,,1011.3,,1.0
2025-04-22,7,38.6,12.4,21.0,,,329.0,7.4,,1010.0,,1.0
2025-04-22,8,40.0,12.0,19.0,,,316.0,7.4,,1009.1,,1.0
2025-04-22,9,41.2,3.5,10.0,,,290.0,7.6,,1008.8,,1.0
2025-04-22,10,41.0,4.7,11.0,0.0,,299.0,7.4,,1008.3,,1.0
2025-04-22,11,40.8,4.6,11.0,0.0,,309.0,5.5,,1007.8,,1.0
2025-04-22,12,41.2,3.5,10.0,0.0,,320.0,9.4,,1007.1,,1.0
2025-04-22,13,38.0,8.7,17.0,0.0,,321.0,3.7,,1007.7,,1.0
2025-04-22,14,35.4,11.1,23.0,0.0,,321.0,1.8,,1008.2,,1.0
2025-04-22,15,35.0,11.4,24.0,0.0,,0.0,0.0,,1008.4,,1.0
2025-04-22,16,33.2,11.1,26.0,0.0,,313.0,0.0,,1008.8,,1.0
2025-04-22,17,31.3,11.1,29.0,0.0,,301.0,0.0,,1009.1,,1.0
2025-04-22,18,27.6,10.8,35.0,0.0,,0.0,0.0,,1009.4,,1.0
2025-04-22,19,28.7,10.4,32.0,0.0,,294.0,0.0,,1009.0,,1.0
2025-04-22,20,27.9,10.1,33.0,0.0,,284.0,1.8,,1008.6,,1.0
2025-04-22,21,25.6,9.4,36.0,0.0,,0.0,0.0,,1008.4,,1.0
2025-04-22,22,26.1,10.3,37.0,0.0,,325.0,1.8,,1008.2,,1.0
2025-04-22,23,25.6,10.2,38.0,0.0,,324.0,1.8,,1008.2,,1.0
2025-04-23,0,28.0,12.8,39.0,0.0,,0.0,0.0,,1008.0,,1.0
2025-04-23,1,26.6,10.3,36.0,0.0,,324.0,3.7,,1008.8,,1.0
2025-04-23,2,28.1,10.8,34.0,0.0,,324.0,3.7,,1009.3,,1.0
2025-04-23,3,30.2,11.2,31.0,0.0,,340.0,7.6,,1009.7,,1.0
2025-04-23,4,32.3,10.4,26.0,0.0,,338.0,7.4,,1009.7,,1.0
2025-04-23,5,34.4,9.6,22.0,0.0,,334.0,7.4,,1009.6,,1.0
2025-04-23,6,38.4,6.2,14.0,0.0,,340.0,7.6,,1009.0,,1.0
2025-04-23,7,38.0,7.8,16.0,0.0,,325.0,7.4,,1008.6,,1.0
2025-04-23,8,39.4,5.9,13.0,0.0,,320.0,7.4,,1007.6,,1.0
2025-04-23,9,42.4,1.3,8.0,0.0,,290.0,7.6,,1006.4,,1.0
2025-04-23,10,42.1,1.1,8.0,0.0,,294.0,7.4,,1005.8,,1.0
2025-04-23,11,41.8,2.5,9.0,0.0,,299.0,5.5,,1005.3,,1.0
2025-04-23,12,41.6,5.2,11.0,0.0,,290.0,5.4,,1004.6,,1.0
2025-04-23,13,38.8,6.5,14.0,0.0,,302.0,3.7,,1005.1,,1.0
2025-04-23,14,36.1,9.6,20.0,0.0,,293.0,1.8,,1005.5,,1.0
2025-04-23,15,33.6,13.6,30.0,0.0,,0.0,0.0,,1005.7,,1.0
2025-04-23,16,32.4,13.1,31.0,0.0,,238.0,0.0,,1005.9,,1.0
2025-04-23,17,31.1,12.5,32.0,0.0,,219.0,1.8,,1006.2,,1.0
2025-04-23,18,29.2,10.3,31.0,0.0,,0.0,0.0,,1006.3,,1.0
2025-04-23,19,29.1,11.6,34.0,0.0,,234.0,1.8,,1006.1,,1.0
2025-04-23,20,28.4,11.0,34.0,0.0,,248.0,1.8,,1005.8,,1.0
2025-04-23,21,27.8,10.9,35.0,0.0,,0.0,0.0,,1005.4,,1.0
2025-04-23,22,27.2,11.7,38.0,0.0,,288.0,1.8,,1005.6,,1.0
2025-04-23,23,26.8,12.5,41.0,0.0,,302.0,1.8,,1005.6,,1.0
2025-04-24,0,28.2,12.5,38.0,0.0,,0.0,0.0,,1005.5,,1.0
2025-04-24,1,27.5,13.8,43.0,0.0,,311.0,3.7,,1006.3,,1.0
2025-04-24,2,28.6,14.4,42.0,0.0,,310.0,3.7,,1006.9,,1.0
2025-04-24,3,30.6,17.0,44.0,0.0,,320.0,3.6,,1007.6,,1.0
2025-04-24,4,32.2,16.1,38.0,0.0,,315.0,3.7,,1007.6,,1.0
2025-04-24,5,33.9,14.9,32.0,0.0,,311.0,5.5,,1007.6,,1.0
2025-04-24,6,36.4,12.0,23.0,0.0,,270.0,3.6,,1007.8,,1.0
2025-04-24,7,37.2,11.9,22.0,0.0,,293.0,5.5,,1006.8,,1.0
2025-04-24,8,38.8,10.2,18.0,0.0,,280.0,7.4,,1005.9,,1.0
2025-04-24,9,40.6,8.9,15.0,0.0,,320.0,5.4,,1005.2,,1.0
2025-04-24,10,40.7,9.0,15.0,0.0,,305.0,5.5,,1004.6,,1.0
2025-04-24,11,40.9,9.2,15.0,0.0,,288.0,5.5,,1003.9,,1.0
2025-04-24,12,42.0,9.0,14.0,0.0,,230.0,5.4,,1003.2,,1.0
2025-04-24,13,38.8,11.0,19.0,0.0,,260.0,5.5,,1003.8,,1.0
2025-04-24,14,36.5,13.3,25.0,0.0,,246.0,3.7,,1004.4,,1.0
2025-04-24,15,34.0,14.5,31.0,0.0,,0.0,0.0,,1004.8,,1.0
2025-04-24,16,33.1,15.1,34.0,0.0,,225.0,3.7,,1005.4,,1.0
2025-04-24,17,32.0,15.5,37.0,0.0,,219.0,5.5,,1005.8,,1.0
2025-04-24,18,32.6,15.2,35.0,0.0,,230.0,11.2,,1006.4,,1.0
2025-04-24,19,30.2,15.1,40.0,0.0,,221.0,5.5,,1005.9,,1.0
2025-04-24,20,29.4,14.8,41.0,0.0,,231.0,5.5,,1005.7,,1.0
2025-04-24,21,29.6,16.1,44.0,0.0,,0.0,0.0,,1005.5,,1.0
2025-04-24,22,28.8,15.7,45.0,0.0,,258.0,5.5,,1005.8,,1.0
2025-04-24,23,28.2,15.8,47.0,0.0,,271.0,5.5,,1005.8,,1.0
2025-04-25,0,28.0,13.9,42.0,0.0,,290.0,14.8,,1005.9,,1.0
2025-04-25,1,28.3,17.2,51.0,0.0,,289.0,5.5,,1006.6,,1.0
2025-04-25,2,28.9,18.1,52.0,0.0,,292.0,5.5,,1007.4,,1.0
2025-04-25,3,29.4,17.2,48.0,0.0,,320.0,3.6,,1008.3,,1.0
2025-04-25,4,31.2,16.8,42.0,0.0,,306.0,3.7,,1008.3,,1.0
2025-04-25,5,32.9,16.3,37.0,0.0,,291.0,3.7,,1008.3,,1.0
2025-04-25,6,35.6,15.9,31.0,0.0,,320.0,3.6,,1008.5,,1.0
2025-04-25,7,36.3,14.9,28.0,0.0,,262.0,5.5,,1007.4,,1.0
2025-04-25,8,38.0,13.9,24.0,0.0,,253.0,7.4,,1006.6,,1.0
2025-04-25,9,40.4,14.6,22.0,0.0,,290.0,5.4,,1005.6,,1.0
2025-04-25,10,40.5,14.0,21.0,0.0,,274.0,5.5,,1005.0,,1.0
2025-04-25,11,40.6,13.3,20.0,0.0,,258.0,5.5,,1004.5,,1.0
2025-04-25,12,41.4,13.1,19.0,0.0,,0.0,0.0,,1004.0,,1.0
2025-04-25,13,38.6,14.4,24.0,0.0,,229.0,7.4,,1004.4,,1.0
2025-04-25,14,36.5,16.1,30.0,0.0,,217.0,7.4,,1004.9,,1.0
2025-04-25,15,36.2,13.1,25.0,0.0,,180.0,5.4,,1004.9,,1.0
2025-04-25,16,34.7,14.1,29.0,0.0,,190.0,7.4,,1005.3,,1.0
2025-04-25,17,33.2,15.2,34.0,0.0,,198.0,7.4,,1005.7,,1.0
2025-04-25,18,32.0,14.6,35.0,0.0,,180.0,7.6,,1006.3,,1.0
2025-04-25,19,31.1,17.1,43.0,0.0,,210.0,7.4,,1005.8,,1.0
2025-04-25,20,30.4,17.5,46.0,0.0,,218.0,5.5,,1005.5,,1.0
2025-04-25,21,30.6,16.2,42.0,0.0,,0.0,0.0,,1005.4,,1.0
2025-04-25,22,29.0,17.5,50.0,0.0,,239.0,3.7,,1005.5,,1.0
2025-04-25,23,28.4,17.9,53.0,0.0,,257.0,3.7,,1005.5,,1.0
2025-04-26,0,27.8,21.6,69.0,0.0,,180.0,3.6,,1005.6,,1.0
2025-04-26,1,28.5,19.7,59.0,0.0,,268.0,3.7,,1006.1,,1.0
2025-04-26,2,29.0,20.5,60.0,0.0,,266.0,3.7,,1006.7,,1.0
2025-04-26,3,30.0,22.7,65.0,0.0,,0.0,0.0,,1007.5,,1.0
2025-04-26,4,31.7,21.8,56.0,0.0,,228.0,1.8,,1007.5,,1.0
2025-04-26,5,33.4,20.9,48.0,0.0,,228.0,3.7,,1007.5,,1.0
2025-04-26,6,36.6,18.2,34.0,0.0,,0.0,0.0,,1007.7,,1.0
2025-04-26,7,36.9,18.5,34.0,0.0,,231.0,5.5,,1006.5,,1.0
2025-04-26,8,38.6,16.8,28.0,0.0,,233.0,7.4,,1005.6,,1.0
2025-04-26,9,40.4,16.6,25.0,0.0,,250.0,5.4,,1005.1,,1.0
2025-04-26,10,40.6,15.4,23.0,0.0,,242.0,5.5,,1004.5,,1.0
2025-04-26,11,40.7,14.8,22.0,0.0,,235.0,7.4,,1003.9,,1.0
2025-04-26,12,40.4,14.6,22.0,0.0,,230.0,5.4,,1003.0,,1.0
2025-04-26,13,38.9,15.9,26.0,0.0,,219.0,7.4,,1003.8,,1.0
2025-04-26,14,36.8,17.9,33.0,0.0,,213.0,7.4,,1004.4,,1.0
2025-04-26,15,36.0,18.1,35.0,0.0,,230.0,5.4,,1004.7,,1.0
2025-04-26,16,34.7,18.3,38.0,0.0,,221.0,7.4,,1005.2,,2.0
2025-04-26,17,33.5,18.8,42.0,0.0,,214.0,7.4,,1005.7,,2.0
2025-04-26,18,33.4,19.1,43.0,0.0,,230.0,5.4,,1006.6,,2.0
2025-04-26,19,31.8,19.4,48.0,0.0,,214.0,7.4,,1006.0,,1.0
2025-04-26,20,31.4,19.4,49.0,0.0,,222.0,7.4,,1005.8,,1.0
2025-04-26,21,30.6,14.3,37.0,0.0,,0.0,0.0,,1005.6,,1.0
2025-04-26,22,30.5,19.8,53.0,0.0,,239.0,3.7,,1006.0,,1.0
2025-04-26,23,29.6,19.9,56.0,0.0,,239.0,3.7,,1006.2,,1.0
2025-04-27,0,29.0,20.2,59.0,0.0,,0.0,0.0,,1006.6,,1.0
2025-04-27,1,29.1,20.8,61.0,0.0,,241.0,3.7,,1007.0,,1.0
2025-04-27,2,29.7,21.4,61.0,0.0,,242.0,5.5,,1007.6,,1.0
2025-04-27,3,30.6,18.3,48.0,0.0,,0.0,0.0,,1008.5,,1.0
2025-04-27,4,32.1,21.3,53.0,0.0,,245.0,5.5,,1008.2,,1.0
2025-04-27,5,34.1,20.8,46.0,0.0,,246.0,5.5,,1008.2,,1.0
2025-04-27,6,35.6,19.5,39.0,0.0,,0.0,0.0,,1008.4,,1.0
2025-04-27,7,37.6,18.6,33.0,0.0,,251.0,5.5,,1007.3,,1.0
2025-04-27,8,39.2,17.4,28.0,0.0,,255.0,7.4,,1006.4,,1.0
2025-04-27,9,40.2,18.2,28.0,0.0,,320.0,5.4,,1005.8,,1.0
2025-04-27,10,40.6,17.4,26.0,0.0,,306.0,5.5,,1005.1,,1.0
2025-04-27,11,41.1,16.5,24.0,0.0,,289.0,5.5,,1004.5,,1.0
2025-04-27,12,41.6,16.9,24.0,0.0,,290.0,3.6,,1003.9,,1.0
2025-04-27,13,39.4,16.4,26.0,0.0,,254.0,5.5,,1004.4,,1.0
2025-04-27,14,37.2,17.8,32.0,0.0,,235.0,3.7,,1004.9,,1.0
2025-04-27,15,36.0,19.5,38.0,0.0,,0.0,0.0,,1005.3,,1.0
2025-04-27,16,34.9,19.7,41.0,0.0,,217.0,1.8,,1005.7,,1.0
2025-04-27,17,33.9,19.9,44.0,0.0,,217.0,3.7,,1006.0,,1.0
2025-04-27,18,33.0,21.5,51.0,0.0,,250.0,7.6,,1006.4,,1.0
2025-04-27,19,32.3,19.9,48.0,0.0,,223.0,5.5,,1006.0,,1.0
2025-04-27,20,31.7,19.7,49.0,0.0,,232.0,5.5,,1005.6,,1.0
2025-04-27,21,30.2,19.3,52.0,0.0,,0.0,0.0,,1005.4,,1.0
2025-04-27,22,30.5,20.1,54.0,0.0,,259.0,5.5,,1005.3,,1.0
2025-04-27,23,29.8,19.8,55.0,0.0,,265.0,3.7,,1005.3,,1.0
2025-04-28,0,27.2,18.2,58.0,0.0,,0.0,0.0,,1005.5,,1.0
2025-04-28,1,29.8,20.1,56.0,0.0,,272.0,3.7,,1006.0,,1.0
2025-04-28,2,30.3,20.5,56.0,0.0,,272.0,3.7,,1006.6,,1.0
2025-04-28,3,31.0,18.7,48.0,0.0,,0.0,0.0,,1006.9,,1.0
2025-04-28,4,32.8,18.6,43.0,0.0,,233.0,1.8,,1006.8,,1.0
2025-04-28,5,34.7,18.3,38.0,0.0,,233.0,3.7,,1006.8,,1.0
2025-04-28,6,37.4,19.4,35.0,0.0,,270.0,3.6,,1006.6,,1.0
2025-04-28,7,38.2,17.1,29.0,0.0,,239.0,5.5,,1005.7,,1.0
2025-04-28,8,38.0,11.2,20.0,0.0,,150.0,11.2,,1004.0,,1.0
2025-04-28,9,42.6,14.1,19.0,0.0,,320.0,5.4,,1003.6,,1.0
2025-04-28,10,41.0,8.2,14.0,0.0,,150.0,13.0,,1002.0,,1.0
2025-04-28,11,41.0,8.2,14.0,0.0,,140.0,22.3,,1001.0,,1.0
2025-04-28,12,41.0,15.8,23.0,0.0,,230.0,5.4,,1001.6,,1.0
2025-04-28,13,38.0,16.9,29.0,0.0,,130.0,18.4,,1002.0,,1.0
2025-04-28,14,36.0,15.2,29.0,0.0,,140.0,18.4,,1002.0,,1.0
2025-04-28,15,35.6,22.6,47.0,0.0,,230.0,14.8,,1003.1,,1.0
2025-04-28,16,32.0,22.1,56.0,0.0,,140.0,18.4,,1004.0,,1.0
2025-04-28,17,31.0,20.9,55.0,0.0,,140.0,20.5,,1004.0,,1.0
2025-04-28,18,31.4,23.0,61.0,0.0,,200.0,20.5,,1004.9,,1.0
2025-04-28,19,30.0,21.1,59.0,0.0,,160.0,16.6,,1004.0,,1.0
2025-04-28,20,29.0,21.0,62.0,0.0,,170.0,14.8,,1003.0,,1.0
2025-04-28,21,30.0,21.9,62.0,0.0,,230.0,3.6,,1003.3,,1.0
2025-04-28,22,29.0,19.0,55.0,0.0,,190.0,7.0,,1003.0,,1.0
2025-04-28,23,29.0,19.0,55.0,0.0,,190.0,3.6,,1003.0,,1.0
2025-04-29,0,28.6,21.1,64.0,0.0,,190.0,5.4,,1003.9,,1.0
2025-04-29,1,28.0,19.0,58.0,0.0,,180.0,3.6,,1005.0,,1.0
2025-04-29,2,28.0,20.0,62.0,0.0,,310.0,3.6,,1005.0,,5.0
2025-04-29,3,31.0,21.2,56.0,0.0,,240.0,11.2,,1006.0,,5.0
2025-04-29,4,30.0,18.1,49.0,0.0,,240.0,5.4,,1006.0,,5.0
2025-04-29,5,34.0,15.9,34.0,0.0,,240.0,11.2,,1006.0,,1.0
2025-04-29,6,36.2,18.3,35.0,0.0,,230.0,3.6,,1005.9,,1.0
2025-04-29,7,36.0,15.2,29.0,0.0,,230.0,7.6,,1004.0,,1.0
2025-04-29,8,39.0,12.7,21.0,0.0,,200.0,14.8,,1003.0,,1.0
2025-04-29,9,43.6,14.1,18.0,0.0,,270.0,7.6,,1002.9,,1.0
2025-04-29,10,42.0,6.8,12.0,0.0,,200.0,18.4,,1001.0,,1.0
2025-04-29,11,42.0,4.1,10.0,0.0,,190.0,18.4,,1001.0,,1.0
2025-04-29,12,43.8,8.1,12.0,0.0,,270.0,11.2,,1001.1,,1.0
2025-04-29,13,41.0,4.7,11.0,0.0,,190.0,14.8,,1001.0,,1.0
2025-04-29,14,36.0,18.1,35.0,0.0,,140.0,11.2,,1002.0,,1.0
2025-04-29,15,34.4,18.9,40.0,0.0,,230.0,11.2,,1003.6,,1.0
2025-04-29,16,31.0,20.9,55.0,0.0,,130.0,18.4,,1004.0,,1.0
2025-04-29,17,31.0,19.0,49.0,0.0,,140.0,11.2,,1004.0,,1.0
2025-04-29,18,32.4,20.0,48.0,0.0,,160.0,9.4,,1004.8,,1.0
2025-04-29,19,30.0,20.0,55.0,0.0,,160.0,9.4,,1004.0,,1.0
2025-04-29,20,29.0,19.9,58.0,0.0,,150.0,9.4,,1004.0,,1.0
2025-04-29,21,30.8,20.7,55.0,0.0,,200.0,5.4,,1004.3,,1.0
2025-04-29,22,29.0,16.9,48.0,0.0,,200.0,7.6,,1004.0,,1.0
2025-04-29,23,28.0,16.9,51.0,0.0,,250.0,5.4,,1004.0,,1.0
2025-04-30,0,27.6,19.4,61.0,0.0,,230.0,5.4,,1005.5,,1.0
2025-04-30,1,27.0,18.0,58.0,0.0,,180.0,5.4,,1006.0,,1.0
2025-04-30,2,27.0,19.1,62.0,0.0,,200.0,3.6,,1007.0,,1.0
2025-04-30,3,30.6,21.4,58.0,0.0,,320.0,3.6,,1007.7,,1.0
2025-04-30,4,30.0,19.1,52.0,0.0,,230.0,9.4,,1007.0,,1.0
2025-04-30,5,33.0,15.9,36.0,0.0,,230.0,7.6,,1007.0,,1.0
2025-04-30,6,37.4,18.9,34.0,0.0,,320.0,5.4,,1007.2,,1.0
2025-04-30,7,37.0,13.7,25.0,0.0,,210.0,16.6,,1006.0,,1.0
2025-04-30,8,40.0,11.2,18.0,0.0,,210.0,24.1,,1004.0,,1.0
2025-04-30,9,42.8,10.7,15.0,0.0,,320.0,9.4,,1004.4,,1.0
2025-04-30,10,41.0,7.2,13.0,0.0,,220.0,9.4,,1003.0,,1.0
2025-04-30,11,42.0,5.5,11.0,0.0,,200.0,14.8,,1002.0,,1.0
2025-04-30,12,42.6,10.5,15.0,0.0,,290.0,7.6,,1002.7,,1.0
2025-04-30,13,40.0,8.5,15.0,0.0,,190.0,9.4,,1003.0,,1.0
2025-04-30,14,39.0,6.7,14.0,0.0,,170.0,11.2,,1003.0,,1.0
2025-04-30,15,36.6,19.1,36.0,0.0,,230.0,11.2,,1004.2,,1.0
2025-04-30,16,32.0,17.9,43.0,0.0,,150.0,16.6,,1005.0,,1.0
2025-04-30,17,31.0,18.0,46.0,0.0,,140.0,9.4,,1005.0,,1.0
2025-04-30,18,32.6,20.8,50.0,0.0,,150.0,11.2,,1005.9,,1.0
2025-04-30,19,30.0,17.1,46.0,0.0,,170.0,11.2,,1005.0,,1.0
2025-04-30,20,31.0,15.8,40.0,0.0,,210.0,7.6,,1005.0,,1.0
2025-04-30,21,30.4,19.1,51.0,0.0,,200.0,5.4,,1005.6,,1.0
2025-04-30,22,29.0,18.2,52.0,0.0,,0.0,0.0,,1005.0,,1.0
2025-04-30,23,28.0,18.1,55.0,0.0,,260.0,6.0,,1005.0,,1.0
2025-05-01,0,28.6,21.9,67.0,0.0,,210.0,5.4,,1006.3,,1.0
2025-05-01,1,27.0,18.0,58.0,0.0,,190.0,5.4,,1007.0,,1.0
2025-05-01,2,28.0,19.0,58.0,0.0,,210.0,5.4,,1007.0,,1.0
2025-05-01,3,30.6,19.9,53.0,0.0,,290.0,5.4,,1008.0,,1.0
2025-05-01,4,31.0,17.0,43.0,0.0,,240.0,9.4,,1008.0,,1.0
2025-05-01,5,33.0,17.2,39.0,0.0,,230.0,5.4,,1008.0,,1.0
2025-05-01,6,35.8,17.5,34.0,0.0,,250.0,5.4,,1007.9,,1.0
2025-05-01,7,36.0,15.2,29.0,0.0,,230.0,5.4,,1007.0,,1.0
2025-05-01,8,38.0,13.9,24.0,0.0,,240.0,7.6,,1006.0,,1.0
2025-05-01,9,41.8,13.5,19.0,0.0,,270.0,5.4,,1005.6,,1.0
2025-05-01,10,40.0,11.2,18.0,0.0,,220.0,14.8,,1004.0,,1.0
2025-05-01,11,41.0,6.0,12.0,0.0,,180.0,19.0,,1003.0,,1.0
2025-05-01,12,43.0,10.8,15.0,0.0,,270.0,5.4,,1003.6,,1.0
2025-05-01,13,40.0,7.5,14.0,0.0,,210.0,16.6,,1003.0,,1.0
2025-05-01,14,38.0,5.9,14.0,0.0,,200.0,16.6,,1004.0,,1.0
2025-05-01,15,37.6,6.6,15.0,0.0,,290.0,14.8,,1005.3,,1.0
2025-05-01,16,35.0,5.4,16.0,0.0,,150.0,11.2,,1006.0,,1.0
2025-05-01,17,34.0,4.6,16.0,0.0,,170.0,11.2,,1007.0,,1.0
2025-05-01,18,33.4,9.5,23.0,0.0,,270.0,7.6,,1007.5,,1.0
2025-05-01,19,31.0,9.8,27.0,0.0,,210.0,9.4,,1007.0,,1.0
2025-05-01,20,30.0,12.9,35.0,0.0,,220.0,7.6,,1006.0,,1.0
2025-05-01,21,30.2,17.0,45.0,0.0,,190.0,5.4,,1006.3,,1.0
2025-05-01,22,29.0,18.2,52.0,0.0,,210.0,14.8,,1005.0,,1.0
2025-05-01,23,28.0,19.0,58.0,0.0,,210.0,13.0,,1005.0,,1.0
2025-05-02,0,29.0,20.2,59.0,0.0,,290.0,5.4,,1006.0,,1.0
2025-05-02,1,27.0,18.0,58.0,0.0,,180.0,11.2,,1006.0,,1.0
2025-05-02,2,28.0,18.1,55.0,0.0,,180.0,11.2,,1007.0,,1.0
2025-05-02,3,30.4,18.2,48.0,0.0,,270.0,5.4,,1007.7,,1.0
2025-05-02,4,32.0,15.9,38.0,0.0,,220.0,11.2,,1008.0,,1.0
2025-05-02,5,35.0,15.9,32.0,0.0,,240.0,9.4,,1008.0,,1.0
2025-05-02,6,37.4,16.4,29.0,0.0,,270.0,3.6,,1008.0,,1.0
2025-05-02,7,38.0,13.3,23.0,0.0,,240.0,5.4,,1007.0,,1.0
2025-05-02,8,39.0,10.4,18.0,0.0,,220.0,7.6,,1006.0,,1.0
2025-05-02,9,42.2,13.8,19.0,0.0,,150.0,11.2,,1005.6,,1.0
2025-05-02,10,41.0,6.0,12.0,0.0,,210.0,11.2,,1004.0,,1.0
2025-05-02,11,40.0,5.2,12.0,0.0,,290.0,3.6,,1003.0,,1.0
2025-05-02,12,42.6,14.1,19.0,0.0,,320.0,3.6,,1003.5,,1.0
2025-05-02,13,40.0,7.5,14.0,0.0,,210.0,5.4,,1003.0,,1.0
2025-05-02,14,38.0,11.9,21.0,0.0,,130.0,13.0,,1004.0,,1.0
2025-05-02,15,37.2,11.2,21.0,0.0,,230.0,7.6,,1004.7,,1.0
2025-05-02,16,33.0,13.1,30.0,0.0,,120.0,5.4,,1005.0,,1.0
2025-05-02,17,31.0,12.9,33.0,0.0,,160.0,13.0,,1006.0,,1.0
2025-05-02,18,32.2,17.3,41.0,0.0,,140.0,9.4,,1006.0,,1.0
2025-05-02,19,32.0,12.3,30.0,0.0,,220.0,5.4,,1005.0,,1.0
2025-05-02,20,30.0,14.1,38.0,0.0,,190.0,7.6,,1005.0,,1.0
2025-05-02,21,30.8,18.2,47.0,0.0,,250.0,5.4,,1005.2,,1.0
2025-05-02,22,29.0,16.9,48.0,0.0,,220.0,7.6,,1005.0,,1.0
2025-05-02,23,28.0,19.0,58.0,0.0,,220.0,7.6,,1005.0,,1.0
2025-05-03,0,28.6,21.9,67.0,0.0,,200.0,5.4,,1005.9,,1.0
2025-05-03,1,27.0,21.1,70.0,0.0,,230.0,5.4,,1006.0,,5.0
2025-05-03,2,27.0,21.1,70.0,0.0,,220.0,9.4,,1007.0,,5.0
2025-05-03,3,29.4,23.1,69.0,0.0,,320.0,3.6,,1007.8,,5.0
2025-05-03,4,29.0,19.9,58.0,0.0,,140.0,11.2,,1008.0,,5.0
2025-05-03,5,33.0,19.1,44.0,0.0,,160.0,13.0,,1007.0,,1.0
2025-05-03,6,34.6,20.9,45.0,0.0,,270.0,5.4,,1007.5,,1.0
2025-05-03,7,35.0,15.9,32.0,0.0,,190.0,11.2,,1006.0,,1.0
2025-05-03,8,36.0,14.1,27.0,0.0,,200.0,18.4,,1004.0,,1.0
2025-05-03,9,40.6,12.5,19.0,0.0,,270.0,7.6,,1004.2,,1.0
2025-05-03,10,39.0,8.6,16.0,0.0,,200.0,18.4,,1002.0,,1.0
2025-05-03,11,39.0,6.7,14.0,0.0,,170.0,15.0,,1001.0,,1.0
2025-05-03,12,40.6,13.3,20.0,0.0,,270.0,5.4,,1001.7,,1.0
2025-05-03,13,37.0,11.1,21.0,0.0,,120.0,18.4,,1001.0,,1.0
2025-05-03,14,34.0,11.2,25.0,0.0,,130.0,14.8,,1002.0,,1.0
2025-05-03,15,34.0,19.7,43.0,0.0,,270.0,11.2,,1003.6,,1.0
2025-05-03,16,30.0,20.0,55.0,0.0,,150.0,20.5,,1004.0,,1.0
2025-05-03,17,30.0,23.0,66.0,0.0,,160.0,22.3,,1004.0,,5.0
2025-05-03,18,31.4,25.0,69.0,0.0,,160.0,11.2,,1004.9,,5.0
2025-05-03,19,30.0,20.0,55.0,0.0,,200.0,14.8,,1004.0,,1.0
2025-05-03,20,30.0,19.1,52.0,0.0,,190.0,14.8,,1004.0,,1.0
2025-05-03,21,30.4,22.6,63.0,0.0,,230.0,5.4,,1005.0,,1.0
2025-05-03,22,29.0,19.9,58.0,0.0,,210.0,3.6,,1005.0,,5.0
2025-05-03,23,29.6,22.3,65.0,0.0,,242.0,5.5,,1004.6,,1.0
2025-05-04,0,29.0,23.2,71.0,0.0,,360.0,5.4,,1005.5,,5.0
2025-05-04,1,27.0,18.0,58.0,0.0,,20.0,20.0,,1007.0,,5.0
2025-05-04,2,28.0,16.9,51.0,0.0,,290.0,11.0,,1009.0,,2.0
2025-05-04,3,28.8,18.9,55.0,0.0,,140.0,3.6,,1006.8,,2.0
2025-05-04,4,29.0,19.0,55.0,0.0,,60.0,7.6,,1008.0,,4.0
2025-05-04,5,31.0,20.9,55.0,0.0,,210.0,9.4,,1007.0,,4.0
2025-05-04,6,34.0,22.1,50.0,0.0,,230.0,3.6,,1007.4,,4.0
2025-05-04,7,34.0,22.1,50.0,0.0,,150.0,9.4,,1005.0,,3.0
2025-05-04,8,33.0,19.8,46.0,0.0,,160.0,18.4,,1004.0,,3.0
2025-05-04,9,36.0,22.6,46.0,0.0,,230.0,14.8,,1003.6,,3.0
2025-05-04,10,35.0,19.0,39.0,0.5,,140.0,14.8,,1001.0,,3.0
2025-05-04,11,35.0,18.1,37.0,0.0,,150.0,13.0,,1002.0,,3.0
2025-05-04,12,37.0,20.8,39.0,0.0,,200.0,7.6,,1001.7,,3.0
2025-05-04,13,34.0,20.0,44.0,0.0,,120.0,22.3,,1002.0,,3.0
2025-05-04,14,31.0,22.1,59.0,0.0,,120.0,9.4,,1003.0,,2.0
2025-05-04,15,32.6,25.4,66.0,0.0,,230.0,11.2,,1003.7,,7.0
2025-05-04,16,31.0,23.1,63.0,0.0,,120.0,13.0,,1004.0,,5.0
2025-05-04,17,29.0,23.0,70.0,0.0,,120.0,14.8,,1004.0,,5.0
2025-05-04,18,30.6,25.4,74.0,0.0,,120.0,7.6,,1004.4,,5.0
2025-05-04,19,29.0,23.0,70.0,0.0,,110.0,11.2,,1004.0,,5.0
2025-05-04,20,28.0,22.9,74.0,0.0,,100.0,11.2,,1003.0,,5.0
2025-05-04,21,29.6,25.1,77.0,0.0,,100.0,9.4,,1003.9,,5.0
2025-05-04,22,28.0,22.9,74.0,0.0,,190.0,3.6,,1004.0,,5.0
2025-05-04,23,28.0,22.0,70.0,0.0,,190.0,5.4,,1004.0,,5.0
2025-05-05,0,28.6,23.5,74.0,0.0,,270.0,3.6,,1004.2,,5.0
2025-05-05,1,27.0,23.0,79.0,0.0,,310.0,3.6,,1005.0,,5.0
2025-05-05,2,28.0,20.0,62.0,0.0,,140.0,9.4,,1004.0,,5.0
2025-05-05,3,31.0,23.1,63.0,0.0,,250.0,5.4,,1006.0,,5.0
2025-05-05,4,30.0,21.1,59.0,0.0,,180.0,11.2,,1006.0,,1.0
2025-05-05,5,30.0,20.0,55.0,0.0,,170.0,13.0,,1006.0,,2.0
2025-05-05,6,34.0,22.1,50.0,0.0,,250.0,9.4,,1006.4,,2.0
2025-05-05,7,34.0,18.9,41.0,0.0,,170.0,16.6,,1005.0,,2.0
2025-05-05,8,34.0,18.1,39.0,1.2,,200.0,18.4,,1004.0,,2.0
2025-05-05,9,37.0,21.2,40.0,1.1,,230.0,5.4,,1004.0,,2.0
2025-05-05,10,36.0,18.1,35.0,0.0,,170.0,22.3,,1003.6,,3.0
2025-05-05,11,36.0,17.2,33.0,0.0,,180.0,22.3,,1001.0,,3.0
2025-05-05,12,38.4,20.2,35.0,0.0,,320.0,5.4,,1000.6,,3.0
2025-05-05,13,31.0,20.0,52.0,0.0,,150.0,55.4,,1001.0,,3.0
2025-05-05,14,26.0,17.1,58.0,0.2,,140.0,18.4,,1004.0,,7.0
2025-05-05,15,27.4,17.3,54.0,0.0,,50.0,22.3,,1006.6,,7.0
2025-05-05,16,27.0,16.0,51.0,0.0,,340.0,29.5,,1008.0,,25.0
2025-05-05,17,24.0,18.0,69.0,0.0,,20.0,18.4,,1007.0,,25.0
2025-05-05,18,21.6,20.9,96.0,0.0,,0.0,0.0,,1009.7,,4.0
2025-05-05,19,22.0,18.0,78.0,0.0,,170.0,16.6,,1007.0,,4.0
2025-05-05,20,22.0,18.0,78.0,0.0,,110.0,18.4,,1005.0,,5.0
2025-05-05,21,22.6,20.1,86.0,0.0,,20.0,11.2,,1004.7,,5.0
2025-05-05,22,21.0,18.0,83.0,0.0,,60.0,5.4,,1004.0,,5.0
2025-05-05,23,22.0,18.0,78.0,0.0,,100.0,11.2,,1005.0,,5.0
2025-05-06,0,23.4,19.8,80.0,0.0,,120.0,7.6,,1006.6,,5.0
2025-05-06,1,23.0,17.0,69.0,0.2,,120.0,13.0,,1007.0,,5.0
2025-05-06,2,23.0,17.0,69.0,0.0,,140.0,18.4,,1006.0,,5.0
2025-05-06,3,24.4,20.3,78.0,0.0,,0.0,0.0,,1007.2,,5.0
2025-05-06,4,25.0,18.9,69.0,0.0,,140.0,15.0,,1006.0,,3.0
2025-05-06,5,26.0,17.9,61.0,0.0,,110.0,7.6,,1007.0,,5.0
2025-05-06,6,28.2,20.7,64.0,0.0,,230.0,5.4,,1008.1,,4.0
2025-05-06,7,28.0,19.0,58.0,0.0,,120.0,14.8,,1006.0,,4.0
2025-05-06,8,30.0,19.1,52.0,0.0,,200.0,11.2,,1005.0,,4.0
2025-05-06,9,32.6,22.1,54.0,0.0,,230.0,3.6,,1005.0,,4.0
2025-05-06,10,30.0,19.1,52.0,1.7,,170.0,9.4,,1003.0,,3.0
2025-05-06,11,31.0,18.0,46.0,0.5,,210.0,7.6,,1002.0,,3.0
2025-05-06,12,33.6,20.7,47.0,1.0,,270.0,3.6,,1003.0,,3.0
2025-05-06,13,30.0,19.1,52.0,0.0,,160.0,18.4,,1004.0,,3.0
2025-05-06,14,26.0,17.9,61.0,9.1,,160.0,27.7,,1004.0,,5.0
2025-05-06,15,25.0,21.3,80.0,5.8,,250.0,18.4,,1006.1,,25.0
2025-05-06,16,23.0,17.0,69.0,0.7,,200.0,19.0,,1007.0,,5.0
2025-05-06,17,23.0,17.0,69.0,0.4,,190.0,18.4,,1006.0,,5.0
2025-05-06,18,24.0,19.7,77.0,0.0,,340.0,7.6,,1006.2,,3.0
2025-05-06,19,24.0,19.1,74.0,0.0,,180.0,5.4,,1006.0,,3.0
2025-05-06,20,24.0,18.0,69.0,0.0,,130.0,7.6,,1005.0,,3.0
2025-05-06,21,24.6,20.9,80.0,0.0,,270.0,7.6,,1005.0,,3.0
2025-05-06,22,22.0,19.0,83.0,0.0,,140.0,9.4,,1004.0,,4.0
2025-05-06,23,21.0,20.0,94.0,0.0,,160.0,11.2,,1004.0,,4.0
2025-05-07,0,22.6,21.9,96.0,0.0,,160.0,11.2,,1005.2,,3.0
2025-05-07,1,21.0,20.0,94.0,0.4,,120.0,9.4,,1005.0,,5.0
2025-05-07,2,21.0,18.9,88.0,2.8,,110.0,3.6,,1006.0,,3.0
2025-05-07,3,22.6,21.9,96.0,5.5,,230.0,3.6,,1007.1,,4.0
2025-05-07,4,21.0,18.9,88.0,2.0,,90.0,3.6,,1007.0,,5.0
2025-05-07,5,21.0,18.9,88.0,0.4,,110.0,18.4,,1007.0,,5.0
2025-05-07,6,22.6,21.1,91.0,0.2,,230.0,3.6,,1007.5,,5.0
2025-05-07,7,21.0,20.0,94.0,0.0,,120.0,11.2,,1006.0,,5.0
2025-05-07,8,22.0,19.0,83.0,0.0,,100.0,13.0,,1005.0,,5.0
2025-05-07,9,25.0,22.7,87.0,0.0,,230.0,3.6,,1004.9,,5.0
2025-05-07,10,25.0,20.0,74.0,0.0,,130.0,14.8,,1003.0,,5.0
2025-05-07,11,26.0,18.9,65.0,0.0,,140.0,11.2,,1003.0,,5.0
2025-05-07,12,26.6,21.1,72.0,0.1,,230.0,3.6,,1004.1,,5.0
2025-05-07,13,25.0,20.0,74.0,0.0,,140.0,14.8,,1004.0,,5.0
2025-05-07,14,25.0,20.0,74.0,0.0,,110.0,7.6,,1004.0,,5.0
2025-05-07,15,26.0,22.1,79.0,0.0,,230.0,3.6,,1005.2,,5.0
2025-05-07,16,25.0,21.1,79.0,0.0,,120.0,13.0,,1005.0,,5.0
2025-05-07,17,24.0,20.9,83.0,0.0,,100.0,3.6,,1006.0,,5.0
2025-05-07,18,25.4,22.5,84.0,0.0,,230.0,3.6,,1006.4,,5.0
2025-05-07,19,24.0,20.9,83.0,0.0,,130.0,5.4,,1005.0,,5.0
2025-05-07,20,23.0,21.1,89.0,0.0,,130.0,9.4,,1005.0,,5.0
2025-05-07,21,24.4,22.8,91.0,0.0,,120.0,9.4,,1004.9,,5.0
2025-05-07,22,23.0,21.1,89.0,0.0,,130.0,7.6,,1004.0,,5.0
2025-05-07,23,23.0,20.0,83.0,0.0,,110.0,5.4,,1004.0,,5.0
2025-05-08,0,24.4,22.3,88.0,0.0,,120.0,9.4,,1005.3,,5.0
2025-05-08,1,23.0,20.0,83.0,0.0,,130.0,9.4,,1006.0,,5.0
2025-05-08,2,23.0,20.0,83.0,0.0,,130.0,9.4,,1007.0,,5.0
2025-05-08,3,25.6,22.3,82.0,0.0,,100.0,5.4,,1007.6,,5.0
2025-05-08,4,25.0,20.0,74.0,0.1,,160.0,9.4,,1007.0,,5.0
2025-05-08,5,27.0,21.1,70.0,0.0,,120.0,9.4,,1007.4,,3.0
2025-05-08,6,30.0,22.7,65.0,0.2,,190.0,7.6,,1007.5,,5.0
2025-05-08,7,29.0,19.9,58.0,0.1,,70.0,9.4,,1006.0,,5.0
2025-05-08,8,30.0,20.0,55.0,0.0,,160.0,5.4,,1006.0,,5.0
2025-05-08,9,32.4,22.2,55.0,0.0,,290.0,5.4,,1005.3,,5.0
2025-05-08,10,30.0,20.0,55.0,0.0,,276.0,3.6,,1003.0,,5.0
2025-05-08,11,31.0,20.0,52.0,0.0,,120.0,11.2,,1003.0,,5.0
2025-05-08,12,32.6,23.0,57.0,0.2,,230.0,5.4,,1003.2,,5.0
2025-05-08,13,30.0,21.1,59.0,0.0,,70.0,7.6,,1003.0,,5.0
2025-05-08,14,30.0,21.1,59.0,1.1,,60.0,11.2,,1005.0,,5.0
2025-05-08,15,30.6,22.5,62.0,0.0,,230.0,3.6,,1006.0,,5.0
2025-05-08,16,29.0,22.0,66.0,0.0,,120.0,13.0,,1006.0,,5.0
2025-05-08,17,27.0,23.0,79.0,0.0,,130.0,18.4,,1006.0,,5.0
2025-05-08,18,29.0,24.1,75.0,0.0,,230.0,11.2,,1007.1,,2.0
2025-05-08,19,27.0,23.0,79.0,0.0,,130.0,18.4,,1006.0,,5.0
2025-05-08,20,26.0,23.1,84.0,0.0,,150.0,14.8,,1006.0,,5.0
2025-05-08,21,28.0,25.2,85.0,0.0,,230.0,3.6,,1006.3,,5.0
2025-05-08,22,26.0,21.0,74.0,0.0,,140.0,11.2,,1006.0,,5.0
2025-05-08,23,25.0,21.1,79.0,0.0,,170.0,11.2,,1006.0,,5.0
2025-05-09,0,27.0,24.1,84.0,0.0,,150.0,9.4,,1007.2,,5.0
2025-05-09,1,25.0,21.1,79.0,0.0,,230.0,14.8,,1008.0,,2.0
2025-05-09,2,22.0,19.9,88.0,0.0,,10.0,7.6,,1008.0,,5.0
2025-05-09,3,23.6,21.5,88.0,0.0,,50.0,9.4,,1008.1,,5.0
2025-05-09,4,24.0,19.9,78.0,0.0,,40.0,13.0,,1006.0,,5.0
2025-05-09,5,29.0,21.0,62.0,0.0,,70.0,5.4,,1008.0,,5.0
2025-05-09,6,30.2,21.8,61.0,0.0,,90.0,5.4,,1008.9,,5.0
2025-05-09,7,31.0,20.9,55.0,0.0,,110.0,11.2,,1008.0,,5.0
2025-05-09,8,31.0,20.0,52.0,0.0,,180.0,5.4,,1007.0,,5.0
2025-05-09,9,33.0,23.6,58.0,0.0,,230.0,5.4,,1006.8,,5.0
2025-05-09,10,32.0,18.9,46.0,0.0,,220.0,3.6,,1005.0,,3.0
2025-05-09,11,32.0,20.0,49.0,0.0,,150.0,11.2,,1004.0,,3.0
2025-05-09,12,34.2,22.6,51.0,0.0,,250.0,3.6,,1004.9,,3.0
2025-05-09,13,32.0,20.0,49.0,0.2,,240.0,9.4,,1005.0,,2.0
2025-05-09,14,30.0,19.1,52.0,0.0,,215.0,3.6,,1006.0,,2.0
2025-05-09,15,31.2,23.1,62.0,0.0,,230.0,18.4,,1007.0,,5.0
2025-05-09,16,28.0,20.0,62.0,0.0,,160.0,9.4,,1007.0,,5.0
2025-05-09,17,27.0,20.1,66.0,0.0,,160.0,18.4,,1007.0,,5.0
2025-05-09,18,28.4,22.4,70.0,0.0,,250.0,11.2,,1008.2,,5.0
2025-05-09,19,26.0,21.0,74.0,0.0,,140.0,7.6,,1007.0,,5.0
2025-05-09,20,26.0,21.0,74.0,0.0,,160.0,5.4,,1006.0,,5.0
2025-05-09,21,27.6,23.0,76.0,0.0,,230.0,7.6,,1007.0,,5.0
2025-05-09,22,25.0,21.1,79.0,0.0,,150.0,9.4,,1006.0,,5.0
2025-05-09,23,26.0,21.0,74.0,0.0,,140.0,7.6,,1006.0,,5.0
2025-05-10,0,26.6,23.1,81.0,0.0,,140.0,5.4,,1006.9,,5.0
2025-05-10,1,25.0,21.1,79.0,0.0,,100.0,5.4,,1007.0,,5.0
2025-05-10,2,26.0,22.1,79.0,0.0,,140.0,7.6,,1008.0,,5.0
2025-05-10,3,28.6,24.0,76.0,0.0,,90.0,3.6,,1008.4,,5.0
2025-05-10,4,29.0,22.0,66.0,0.0,,100.0,3.6,,1009.0,,5.0
2025-05-10,5,30.0,21.9,62.0,0.0,,110.0,3.6,,1009.0,,5.0
2025-05-10,6,32.6,24.1,61.0,0.0,,230.0,3.6,,1009.2,,2.0
2025-05-10,7,32.0,22.1,56.0,0.0,,80.0,16.6,,1008.0,,2.0
2025-05-10,8,33.0,19.8,46.0,0.0,,70.0,9.4,,1007.0,,2.0
2025-05-10,9,35.6,23.2,49.0,0.0,,200.0,5.4,,1007.0,,2.0
2025-05-10,10,33.0,19.1,44.0,0.0,,150.0,9.4,,1005.0,,2.0
2025-05-10,11,34.0,18.1,39.0,0.0,,110.0,11.2,,1004.0,,2.0
2025-05-10,12,35.6,20.7,42.0,0.0,,140.0,7.6,,1004.5,,2.0
2025-05-10,13,33.0,19.1,44.0,0.0,,110.0,5.4,,1005.0,,2.0
2025-05-10,14,32.0,20.0,49.0,0.0,,110.0,9.4,,1006.0,,2.0
2025-05-10,15,32.6,24.1,61.0,0.0,,200.0,11.2,,1006.5,,5.0
2025-05-10,16,29.0,23.0,70.0,0.0,,160.0,18.4,,1007.0,,5.0
2025-05-10,17,30.0,23.0,66.0,0.0,,150.0,14.8,,1007.0,,5.0
2025-05-10,18,30.4,23.8,68.0,0.0,,230.0,9.4,,1007.6,,5.0
2025-05-10,19,29.0,22.0,66.0,0.0,,160.0,11.2,,1007.0,,5.0
2025-05-10,20,28.0,22.0,70.0,0.0,,160.0,7.6,,1006.0,,5.0
2025-05-10,21,29.6,23.8,71.0,0.0,,230.0,3.6,,1006.2,,5.0
2025-05-10,22,28.0,21.1,66.0,0.0,,230.0,7.6,,1006.0,,5.0
2025-05-10,23,28.0,21.1,66.0,0.0,,234.0,3.6,,1006.0,,5.0
2025-05-11,0,28.8,23.9,75.0,0.0,,210.0,5.4,,1006.4,,5.0
2025-05-11,1,28.0,21.1,66.0,0.0,,230.0,3.6,,1007.0,,5.0
2025-05-11,2,28.0,22.0,70.0,0.0,,150.0,5.4,,1007.0,,5.0
2025-05-11,3,30.0,24.9,74.0,0.0,,180.0,7.6,,1008.3,,5.0
2025-05-11,4,29.0,22.0,66.0,0.0,,160.0,7.6,,1009.0,,5.0
2025-05-11,5,30.0,23.0,66.0,0.0,,110.0,5.4,,1008.0,,5.0
2025-05-11,6,34.0,26.2,64.0,0.0,,180.0,9.4,,1008.5,,5.0
2025-05-11,7,33.0,22.2,53.0,0.0,,10.0,3.6,,1007.0,,5.0
2025-05-11,8,33.0,22.2,53.0,0.0,,150.0,11.2,,1006.0,,3.0
2025-05-11,9,36.2,25.1,53.0,0.0,,90.0,9.4,,1005.5,,3.0
2025-05-11,10,33.0,22.2,53.0,0.0,,140.0,11.2,,1003.0,,3.0
2025-05-11,11,34.0,22.1,50.0,0.0,,160.0,11.2,,1003.0,,2.0
2025-05-11,12,36.6,24.5,50.0,0.0,,250.0,5.4,,1003.4,,2.0
2025-05-11,13,34.0,20.0,44.0,0.0,,180.0,11.2,,1003.0,,2.0
2025-05-11,14,32.0,20.9,52.0,0.0,,140.0,11.2,,1004.0,,2.0
2025-05-11,15,33.0,24.2,60.0,1.2,,160.0,14.8,,1005.3,,2.0
2025-05-11,16,29.0,19.9,58.0,0.0,,20.0,24.1,,1006.0,,2.0
2025-05-11,17,30.0,21.1,59.0,0.0,,10.0,11.2,,1007.0,,2.0
2025-05-11,18,30.4,21.8,60.0,0.0,,180.0,3.6,,1006.9,,2.0
2025-05-11,19,30.0,21.1,59.0,0.0,,120.0,7.6,,1005.0,,2.0
2025-05-11,20,28.0,21.1,66.0,0.0,,240.0,3.6,,1005.0,,5.0
2025-05-11,21,30.2,24.1,70.0,0.0,,50.0,5.4,,1004.9,,5.0
2025-05-11,22,27.0,22.0,74.0,0.0,,280.0,3.6,,1005.0,,5.0
2025-05-11,23,27.0,20.1,66.0,0.0,,290.0,3.6,,1005.0,,5.0
2025-05-12,0,28.4,23.5,75.0,0.0,,270.0,3.6,,1005.7,,5.0
2025-05-12,1,27.0,21.1,70.0,0.0,,230.0,3.6,,1006.0,,5.0
2025-05-12,2,28.0,21.1,66.0,0.0,,210.0,5.4,,1007.0,,5.0
2025-05-12,3,30.8,22.9,63.0,0.0,,220.0,3.6,,1007.4,,5.0
2025-05-12,4,31.0,20.9,55.0,0.0,,270.0,5.4,,1007.0,,5.0
2025-05-12,5,32.0,20.9,52.0,0.0,,280.0,7.6,,1007.0,,3.0
2025-05-12,6,34.6,23.0,51.0,0.0,,340.0,5.4,,1007.2,,3.0
2025-05-12,7,35.0,20.2,42.0,0.0,,200.0,5.4,,1006.0,,3.0
2025-05-12,8,34.0,20.0,44.0,0.0,,160.0,11.2,,1005.0,,3.0
2025-05-12,9,37.0,21.6,41.0,0.0,,230.0,7.6,,1005.4,,3.0
2025-05-12,10,35.0,19.0,39.0,0.0,,150.0,9.4,,1003.0,,3.0
2025-05-12,11,35.0,18.1,37.0,0.0,,220.0,7.6,,1002.0,,2.0
2025-05-12,12,37.6,22.5,42.0,0.2,,200.0,7.6,,1002.5,,2.0
2025-05-12,13,34.0,18.9,41.0,1.1,,150.0,9.4,,1002.0,,2.0
2025-05-12,14,34.0,21.1,47.0,0.6,,160.0,13.0,,1003.0,,2.0
2025-05-12,15,35.0,22.0,47.0,0.0,,150.0,14.8,,1004.0,,2.0
2025-05-12,16,33.0,22.2,53.0,0.0,,140.0,14.8,,1005.0,,2.0
2025-05-12,17,31.0,22.1,59.0,0.0,,130.0,16.6,,1006.0,,2.0
2025-05-12,18,30.0,21.9,62.0,0.0,,140.0,22.0,,1005.0,,2.0
2025-05-12,19,29.0,22.0,66.0,0.0,,150.0,16.6,,1005.0,,5.0
2025-05-12,20,29.0,21.0,62.0,0.0,,150.0,16.6,,1004.0,,5.0
2025-05-12,21,30.6,23.3,65.0,0.0,,170.0,16.6,,1005.0,,5.0
2025-05-12,22,29.0,21.0,62.0,0.0,,190.0,7.6,,1004.0,,5.0
2025-05-12,23,28.0,22.0,70.0,0.0,,200.0,9.4,,1004.0,,5.0
2025-05-13,0,29.6,24.5,74.0,0.0,,270.0,3.6,,1005.3,,5.0
2025-05-13,1,28.0,21.1,66.0,0.0,,210.0,7.6,,1006.0,,5.0
2025-05-13,2,28.0,22.0,70.0,0.0,,220.0,3.6,,1006.0,,5.0
2025-05-13,3,31.0,23.9,66.0,0.0,,250.0,5.4,,1007.3,,2.0
2025-05-13,4,31.0,20.9,55.0,0.0,,210.0,5.4,,1007.0,,2.0
2025-05-13,5,32.0,20.9,52.0,0.0,,230.0,7.6,,1007.0,,2.0
2025-05-13,6,35.6,24.2,52.0,0.0,,200.0,5.4,,1007.3,,2.0
2025-05-13,7,34.0,22.1,50.0,0.0,,160.0,5.4,,1006.0,,2.0
2025-05-13,8,34.0,22.1,50.0,0.0,,130.0,14.8,,1005.0,,2.0
2025-05-13,9,37.8,24.6,47.0,0.0,,270.0,5.4,,1005.0,,2.0
2025-05-13,10,35.0,19.0,39.0,0.0,,190.0,9.4,,1003.0,,2.0
2025-05-13,11,36.0,18.1,35.0,0.0,,220.0,7.6,,1002.0,,2.0
2025-05-13,12,38.0,22.5,41.0,0.0,,210.0,9.4,,1002.4,,2.0
2025-05-13,13,34.0,20.0,44.0,0.0,,140.0,14.8,,1003.0,,2.0
2025-05-13,14,33.0,20.9,49.0,0.0,,140.0,9.4,,1003.0,,2.0
2025-05-13,15,35.2,24.2,53.0,0.0,,250.0,14.8,,1003.7,,2.0
2025-05-13,16,31.0,20.9,55.0,0.0,,130.0,17.0,,1005.0,,2.0
2025-05-13,17,30.0,21.9,62.0,0.0,,160.0,24.1,,1005.0,,2.0
2025-05-13,18,32.0,23.3,60.0,0.0,,230.0,18.4,,1006.1,,5.0
2025-05-13,19,30.0,23.0,66.0,0.0,,140.0,24.1,,1004.0,,5.0
2025-05-13,20,29.0,24.1,75.0,0.0,,160.0,18.4,,1004.0,,5.0
2025-05-13,21,30.8,26.1,76.0,0.0,,150.0,14.8,,1005.1,,5.0
2025-05-13,22,29.0,22.0,66.0,0.0,,180.0,11.2,,1005.0,,5.0
2025-05-13,23,29.0,19.9,58.0,0.0,,240.0,5.4,,1005.0,,5.0
2025-05-14,0,29.4,22.4,66.0,0.0,,190.0,9.4,,1005.9,,5.0
2025-05-14,1,28.0,20.0,62.0,0.0,,180.0,7.6,,1006.0,,5.0
2025-05-14,2,28.0,21.1,66.0,0.0,,210.0,14.8,,1007.0,,5.0
2025-05-14,3,31.2,23.8,65.0,0.0,,270.0,7.6,,1007.5,,5.0
2025-05-14,4,31.0,20.9,55.0,0.0,,250.0,7.6,,1007.0,,1.0
2025-05-14,5,32.0,20.9,52.0,0.0,,264.0,5.4,,1007.0,,1.0
2025-05-14,6,35.2,22.2,47.0,0.0,,270.0,5.4,,1007.5,,2.0
2025-05-14,7,34.0,20.0,44.0,0.0,,150.0,11.2,,1006.0,,2.0
2025-05-14,8,35.0,20.2,42.0,0.0,,150.0,14.8,,1005.0,,2.0
2025-05-14,9,38.0,22.9,42.0,0.0,,230.0,5.4,,1005.1,,2.0
2025-05-14,10,36.0,19.9,39.0,0.0,,170.0,11.2,,1003.0,,1.0
2025-05-14,11,36.0,19.0,37.0,0.0,,170.0,11.2,,1003.0,,1.0
2025-05-14,12,38.6,22.6,40.0,0.0,,230.0,9.4,,1002.5,,1.0
2025-05-14,13,36.0,18.1,35.0,0.0,,170.0,11.2,,1003.0,,1.0
2025-05-14,14,35.0,18.1,37.0,0.0,,170.0,7.6,,1004.0,,1.0
2025-05-14,15,35.2,24.2,53.0,0.0,,180.0,11.2,,1005.0,,1.0
2025-05-14,16,33.0,20.9,49.0,0.0,,100.0,11.2,,1006.0,,2.0
2025-05-14,17,31.0,22.1,59.0,0.0,,140.0,11.2,,1006.0,,2.0
2025-05-14,18,32.6,23.5,59.0,0.0,,180.0,7.6,,1006.3,,2.0
2025-05-14,19,30.0,21.1,59.0,0.0,,120.0,14.8,,1006.0,,2.0
2025-05-14,20,30.0,21.9,62.0,0.0,,120.0,7.6,,1005.0,,2.0
2025-05-14,21,30.6,24.0,68.0,0.0,,180.0,5.4,,1004.9,,5.0
2025-05-14,22,28.0,22.0,70.0,0.0,,160.0,7.6,,1004.0,,5.0
2025-05-14,23,28.0,22.9,74.0,0.0,,160.0,7.0,,1005.0,,5.0
2025-05-15,0,30.2,24.6,72.0,0.0,,240.0,3.6,,1005.4,,5.0
2025-05-15,1,28.0,22.9,74.0,0.0,,240.0,5.4,,1006.0,,5.0
2025-05-15,2,28.0,22.9,74.0,0.0,,280.0,5.4,,1007.0,,5.0
2025-05-15,3,31.6,25.7,71.0,0.0,,320.0,3.6,,1007.1,,5.0
2025-05-15,4,31.0,23.1,63.0,0.0,,200.0,9.4,,1007.0,,5.0
2025-05-15,5,32.0,23.0,59.0,0.0,,230.0,11.2,,1007.0,,5.0
2025-05-15,6,35.6,24.2,52.0,0.0,,230.0,3.6,,1007.1,,2.0
2025-05-15,7,34.0,22.1,50.0,0.0,,150.0,11.2,,1006.0,,2.0
2025-05-15,8,35.0,22.0,47.0,0.0,,130.0,14.8,,1005.0,,2.0
2025-05-15,9,38.6,25.3,47.0,0.0,,230.0,3.6,,1005.3,,2.0
2025-05-15,10,36.0,21.1,42.0,0.0,,100.0,9.4,,1003.0,,2.0
2025-05-15,11,36.0,21.1,42.0,0.0,,190.0,11.2,,1003.0,,2.0
2025-05-15,12,38.8,23.6,42.0,0.0,,220.0,7.6,,1003.1,,2.0
2025-05-15,13,36.0,19.0,37.0,0.0,,180.0,5.4,,1003.0,,2.0
2025-05-15,14,35.0,20.9,44.0,0.0,,110.0,13.0,,1004.0,,2.0
2025-05-15,15,35.6,21.1,43.0,0.0,,110.0,14.8,,1004.4,,2.0
2025-05-15,16,32.0,23.0,59.0,0.0,,150.0,13.0,,1005.0,,1.0
2025-05-15,17,31.0,22.1,59.0,0.0,,160.0,22.3,,1005.0,,1.0
2025-05-15,18,32.4,23.1,58.0,0.0,,230.0,9.4,,1005.5,,1.0
2025-05-15,19,30.0,21.1,59.0,0.0,,150.0,18.4,,1004.0,,1.0
2025-05-15,20,30.0,23.0,66.0,0.0,,150.0,18.4,,1004.0,,5.0
2025-05-15,21,30.4,23.8,68.0,0.0,,140.0,20.5,,1004.2,,5.0
2025-05-15,22,29.0,22.0,66.0,0.0,,160.0,16.6,,1004.0,,5.0
2025-05-15,23,28.0,22.0,70.0,0.0,,150.0,14.8,,1004.0,,5.0
2025-05-16,0,30.4,25.7,76.0,0.0,,230.0,3.6,,1004.9,,5.0
2025-05-16,1,28.0,22.0,70.0,0.0,,160.0,7.6,,1005.0,,5.0
2025-05-16,2,29.0,22.0,66.0,0.0,,150.0,9.4,,1006.0,,5.0
2025-05-16,3,32.0,24.6,65.0,0.0,,270.0,3.6,,1006.7,,5.0
2025-05-16,4,31.0,20.9,55.0,0.0,,150.0,11.2,,1007.0,,1.0
2025-05-16,5,32.0,20.9,52.0,0.0,,140.0,7.6,,1006.0,,1.0
2025-05-16,6,36.0,24.3,51.0,0.0,,270.0,5.4,,1006.7,,1.0
2025-05-16,7,34.0,22.1,50.0,0.0,,160.0,7.6,,1006.0,,2.0
2025-05-16,8,35.0,20.9,44.0,0.0,,150.0,11.2,,1004.0,,2.0
2025-05-16,9,38.2,24.2,45.0,0.0,,230.0,5.4,,1004.0,,2.0
2025-05-16,10,36.0,21.1,42.0,0.0,,120.0,9.4,,1003.0,,2.0
2025-05-16,11,36.0,19.9,39.0,0.0,,160.0,9.4,,1002.0,,2.0
2025-05-16,12,38.6,23.4,42.0,0.1,,230.0,7.6,,1002.2,,2.0
2025-05-16,13,35.0,20.9,44.0,0.1,,120.0,9.4,,1003.0,,2.0
2025-05-16,14,34.0,23.1,53.0,0.0,,130.0,18.4,,1004.0,,2.0
2025-05-16,15,35.2,23.9,52.0,0.0,,230.0,9.4,,1004.2,,2.0
2025-05-16,16,32.0,22.1,56.0,0.0,,120.0,18.4,,1005.0,,2.0
2025-05-16,17,31.0,22.1,59.0,0.0,,140.0,14.8,,1005.0,,2.0
2025-05-16,18,32.6,24.1,61.0,0.0,,230.0,9.4,,1005.6,,2.0
2025-05-16,19,30.0,23.0,66.0,0.0,,120.0,16.6,,1005.0,,5.0
2025-05-16,20,29.0,23.0,70.0,0.0,,140.0,13.0,,1004.0,,5.0
2025-05-16,21,31.2,24.3,67.0,0.0,,270.0,11.2,,1004.5,,5.0
2025-05-16,22,28.0,22.9,74.0,0.0,,150.0,14.8,,1003.0,,5.0
2025-05-16,23,28.0,22.9,74.0,0.0,,160.0,14.8,,1004.0,,5.0
2025-05-17,0,30.2,24.8,73.0,0.0,,230.0,3.6,,1004.6,,5.0
2025-05-17,1,28.0,22.0,70.0,0.0,,140.0,14.8,,1005.0,,5.0
2025-05-17,2,28.0,22.0,70.0,0.0,,160.0,16.6,,1006.0,,5.0
2025-05-17,3,32.0,24.3,64.0,0.0,,250.0,5.4,,1006.5,,5.0
2025-05-17,4,31.0,22.1,59.0,0.0,,200.0,13.0,,1006.0,,5.0
2025-05-17,5,31.0,22.1,59.0,0.0,,150.0,13.0,,1006.0,,3.0
2025-05-17,6,34.8,23.8,53.0,0.0,,200.0,5.4,,1006.2,,3.0
2025-05-17,7,34.0,21.1,47.0,0.0,,150.0,14.8,,1005.0,,3.0
2025-05-17,8,35.0,20.9,44.0,0.0,,120.0,9.4,,1004.0,,3.0
2025-05-17,9,37.4,24.2,47.0,0.0,,230.0,5.4,,1004.2,,3.0
2025-05-17,10,35.0,20.2,42.0,0.0,,170.0,14.8,,1003.0,,2.0
2025-05-17,11,35.0,20.9,44.0,0.0,,170.0,11.2,,1002.0,,2.0
2025-05-17,12,37.2,24.0,47.0,0.0,,230.0,5.4,,1002.5,,2.0
2025-05-17,13,34.0,21.1,47.0,0.0,,110.0,16.6,,1003.0,,2.0
2025-05-17,14,33.0,19.8,46.0,0.0,,130.0,13.0,,1003.0,,2.0
2025-05-17,15,35.0,22.7,49.0,0.0,,230.0,3.6,,1003.7,,2.0
2025-05-17,16,32.0,20.0,49.0,0.0,,120.0,11.2,,1004.0,,2.0
2025-05-17,17,31.0,20.0,52.0,0.0,,100.0,18.4,,1005.0,,2.0
2025-05-17,18,32.0,23.0,59.0,0.0,,250.0,7.6,,1005.1,,2.0
2025-05-17,19,30.0,21.9,62.0,0.0,,140.0,18.4,,1004.0,,2.0
2025-05-17,20,29.0,23.0,70.0,0.0,,160.0,20.5,,1004.0,,5.0
2025-05-17,21,31.0,23.9,66.0,0.0,,230.0,11.2,,1004.1,,5.0
2025-05-17,22,29.0,22.0,66.0,0.0,,160.0,11.2,,1004.0,,5.0
2025-05-17,23,29.0,22.0,66.0,0.0,,170.0,11.2,,1004.0,,5.0
2025-05-18,0,30.0,23.7,69.0,0.0,,230.0,3.6,,1004.9,,5.0
2025-05-18,1,28.0,21.1,66.0,0.0,,170.0,13.0,,1005.0,,5.0
2025-05-18,2,29.0,22.0,66.0,0.0,,150.0,13.0,,1006.0,,5.0
2025-05-18,3,31.6,23.4,62.0,0.0,,230.0,7.6,,1006.6,,5.0
2025-05-18,4,30.0,21.1,59.0,0.0,,170.0,11.2,,1006.0,,5.0
2025-05-18,5,32.0,22.1,56.0,0.0,,170.0,11.2,,1006.0,,1.0
2025-05-18,6,35.6,23.9,51.0,0.0,,230.0,5.4,,1006.2,,1.0
2025-05-18,7,34.0,21.1,47.0,0.0,,221.0,3.6,,1005.0,,2.0
2025-05-18,8,35.0,19.0,39.0,0.0,,180.0,11.2,,1004.0,,2.0
2025-05-18,9,38.2,22.2,40.0,0.0,,320.0,3.6,,1004.0,,2.0
2025-05-18,10,36.0,19.9,39.0,0.0,,150.0,14.8,,1002.0,,2.0
2025-05-18,11,37.0,19.0,35.0,0.0,,190.0,13.0,,1001.0,,2.0
2025-05-18,12,39.0,24.2,43.0,0.0,,220.0,5.4,,1001.5,,2.0
2025-05-18,13,36.0,19.9,39.0,0.0,,160.0,7.6,,1001.0,,2.0
2025-05-18,14,35.0,20.9,44.0,0.0,,100.0,13.0,,1002.0,,2.0
2025-05-18,15,35.2,23.9,52.0,0.0,,180.0,11.2,,1002.8,,2.0
2025-05-18,16,32.0,22.1,56.0,0.0,,140.0,18.4,,1003.0,,3.0
2025-05-18,17,31.0,20.9,55.0,0.0,,130.0,17.0,,1003.0,,2.0
2025-05-18,18,32.6,23.0,57.0,0.0,,180.0,14.8,,1003.9,,2.0
2025-05-18,19,30.0,21.9,62.0,0.0,,130.0,20.5,,1003.0,,2.0
2025-05-18,20,29.0,22.0,66.0,0.0,,140.0,16.6,,1002.0,,2.0
2025-05-18,21,31.0,25.1,71.0,0.0,,200.0,5.4,,1002.5,,2.0
2025-05-18,22,29.0,23.0,70.0,0.0,,160.0,11.2,,1002.0,,2.0
2025-05-18,23,28.0,24.0,79.0,0.0,,160.0,9.4,,1002.0,,5.0
2025-05-19,0,30.4,24.3,70.0,0.0,,250.0,7.6,,1003.2,,5.0
2025-05-19,1,29.0,21.0,62.0,0.0,,210.0,7.6,,1004.0,,5.0
2025-05-19,2,29.0,21.0,62.0,0.0,,200.0,9.4,,1005.0,,5.0
2025-05-19,3,32.2,24.3,63.0,0.0,,320.0,3.6,,1005.4,,5.0
2025-05-19,4,31.0,22.1,59.0,0.0,,230.0,7.6,,1005.0,,5.0
2025-05-19,5,33.0,22.2,53.0,0.0,,170.0,13.0,,1005.0,,2.0
2025-05-19,6,36.2,25.4,54.0,0.0,,320.0,5.4,,1005.4,,2.0
2025-05-19,7,34.0,22.1,50.0,0.0,,200.0,9.4,,1004.0,,2.0
2025-05-19,8,35.0,22.0,47.0,0.0,,170.0,7.6,,1004.0,,2.0
2025-05-19,9,38.4,23.6,43.0,0.0,,320.0,5.4,,1003.0,,2.0
2025-05-19,10,36.0,21.1,42.0,0.0,,190.0,11.2,,1001.0,,2.0
2025-05-19,11,36.0,21.1,42.0,0.1,,200.0,7.6,,1001.0,,2.0
2025-05-19,12,38.6,23.4,42.0,0.0,,320.0,3.6,,1001.1,,2.0
2025-05-19,13,36.0,21.1,42.0,0.0,,180.0,9.4,,1001.0,,2.0
2025-05-19,14,36.0,21.1,42.0,0.0,,280.0,3.6,,1002.0,,2.0
2025-05-19,15,36.0,23.9,50.0,0.0,,160.0,14.8,,1002.4,,2.0
2025-05-19,16,34.0,22.1,50.0,0.0,,130.0,18.4,,1003.0,,2.0
2025-05-19,17,32.0,22.1,56.0,0.0,,130.0,14.8,,1004.0,,2.0
2025-05-19,18,33.0,22.5,54.0,0.3,,230.0,3.6,,1004.5,,2.0
2025-05-19,19,31.0,20.9,55.0,0.0,,140.0,7.6,,1003.0,,2.0
2025-05-19,20,30.0,21.9,62.0,0.0,,80.0,3.6,,1003.0,,2.0
2025-05-19,21,32.0,23.3,60.0,0.0,,100.0,7.6,,1003.2,,2.0
2025-05-19,22,30.0,21.9,62.0,0.0,,130.0,7.6,,1002.0,,2.0
2025-05-19,23,30.0,21.9,62.0,0.0,,140.0,3.6,,1003.0,,2.0
2025-05-20,0,31.0,23.9,66.0,0.0,,130.0,9.4,,1003.3,,5.0
2025-05-20,1,29.0,22.0,66.0,0.0,,180.0,5.4,,1003.0,,5.0
2025-05-20,2,30.0,23.0,66.0,0.0,,210.0,5.4,,1004.0,,2.0
2025-05-20,3,32.8,22.0,53.0,0.0,,290.0,7.6,,1004.2,,2.0
2025-05-20,4,33.0,19.1,44.0,0.0,,210.0,9.4,,1004.0,,2.0
2025-05-20,5,35.0,19.0,39.0,0.0,,220.0,9.4,,1004.0,,2.0
2025-05-20,6,36.6,21.6,42.0,0.0,,340.0,5.4,,1004.1,,2.0
2025-05-20,7,36.0,19.9,39.0,0.0,,230.0,9.4,,1003.0,,2.0
2025-05-20,8,37.0,19.9,37.0,0.0,,260.0,7.6,,1002.0,,2.0
2025-05-20,9,40.0,23.0,38.0,0.0,,270.0,5.4,,1001.7,,2.0
2025-05-20,10,38.0,19.9,35.0,0.0,,240.0,9.4,,1000.0,,2.0
2025-05-20,11,38.0,19.9,35.0,0.0,,250.0,6.0,,999.0,,2.0
2025-05-20,12,40.6,22.6,36.0,2.5,,270.0,5.4,,999.2,,2.0
2025-05-20,13,38.0,19.9,35.0,0.2,,300.0,5.4,,999.0,,2.0
2025-05-20,14,37.0,19.0,35.0,1.3,,0.0,0.0,,1000.0,,2.0
2025-05-20,15,37.6,24.0,46.0,0.0,,270.0,3.6,,1001.2,,2.0
2025-05-20,16,36.0,21.1,42.0,0.0,,100.0,11.2,,1001.0,,2.0
2025-05-20,17,34.0,21.1,47.0,0.0,,180.0,14.8,,1002.0,,2.0
2025-05-20,18,34.4,26.6,64.0,0.0,,270.0,3.6,,1002.2,,2.0
2025-05-20,19,31.0,20.0,52.0,0.0,,200.0,16.6,,1002.0,,2.0
2025-05-20,20,31.0,20.9,55.0,0.0,,210.0,7.6,,1001.0,,2.0
2025-05-20,21,32.0,23.3,60.0,0.0,,340.0,5.4,,1001.1,,2.0
2025-05-20,22,30.0,19.1,52.0,0.0,,263.0,3.7,,1001.0,,2.0
2025-05-20,23,30.0,19.1,52.0,0.0,,0.0,0.0,,1002.0,,2.0
2025-05-21,0,31.2,21.4,56.0,0.0,,0.0,0.0,,1002.9,,2.0
2025-05-21,1,29.0,19.0,55.0,0.0,,230.0,3.6,,1003.0,,2.0
2025-05-21,2,30.0,19.1,52.0,0.0,,220.0,3.6,,1004.0,,2.0
2025-05-21,3,33.2,21.7,51.0,0.0,,250.0,3.6,,1004.8,,1.0
2025-05-21,4,31.0,20.0,52.0,0.0,,140.0,13.0,,1004.0,,1.0
2025-05-21,5,33.0,20.9,49.0,0.0,,160.0,11.2,,1004.0,,1.0
2025-05-21,6,36.4,23.6,48.0,0.0,,250.0,9.4,,1004.5,,1.0
2025-05-21,7,35.0,22.0,47.0,0.0,,200.0,14.8,,1004.0,,1.0
2025-05-21,8,35.0,20.9,44.0,0.0,,160.0,7.6,,1003.0,,1.0
2025-05-21,9,39.4,22.5,38.0,0.0,,230.0,3.6,,1002.6,,2.0
2025-05-21,10,38.0,22.1,40.0,0.1,,220.0,9.4,,1001.0,,1.0
2025-05-21,11,37.0,22.0,42.0,0.0,,240.0,14.8,,999.0,,2.0
2025-05-21,12,39.4,23.3,40.0,0.0,,230.0,3.6,,999.6,,2.0
2025-05-21,13,37.0,21.2,40.0,0.0,,190.0,7.6,,1000.5,,2.0
2025-05-21,14,36.0,21.1,42.0,0.0,,280.0,3.6,,1000.0,,2.0
2025-05-21,15,37.4,24.9,49.0,0.0,,360.0,5.4,,1001.5,,2.0
2025-05-21,16,35.0,22.0,47.0,0.0,,110.0,3.6,,1002.0,,1.0
2025-05-21,17,33.0,20.9,49.0,0.0,,140.0,11.2,,1003.0,,1.0
2025-05-21,18,34.6,22.7,50.0,0.0,,150.0,11.2,,1002.9,,1.0
2025-05-21,19,32.0,18.9,46.0,0.0,,150.0,20.5,,1002.0,,1.0
2025-05-21,20,32.0,18.9,46.0,0.0,,170.0,16.6,,1001.0,,1.0
2025-05-21,21,32.4,22.2,55.0,0.0,,180.0,9.4,,1001.5,,1.0
2025-05-21,22,31.0,20.0,52.0,0.0,,160.0,9.4,,1001.0,,1.0
2025-05-21,23,29.0,22.0,66.0,0.0,,110.0,15.0,,1001.0,,1.0
2025-05-22,0,31.2,23.8,65.0,0.0,,230.0,9.4,,1001.7,,1.0
2025-05-22,1,30.0,21.9,62.0,0.0,,140.0,16.6,,1002.0,,5.0
2025-05-22,2,30.0,21.9,62.0,0.0,,140.0,11.2,,1002.0,,5.0
2025-05-22,3,32.0,24.1,63.0,0.0,,140.0,14.8,,1003.0,,1.0
2025-05-22,4,32.0,20.9,52.0,0.0,,180.0,14.8,,1003.0,,2.0
2025-05-22,5,34.0,21.1,47.0,0.0,,190.0,7.6,,1003.0,,2.0
2025-05-22,6,37.0,23.5,46.0,0.0,,270.0,5.4,,1002.8,,2.0
2025-05-22,7,36.0,21.1,42.0,0.0,,170.0,11.2,,1001.0,,2.0
2025-05-22,8,37.0,19.9,37.0,0.0,,190.0,14.8,,1000.0,,2.0
2025-05-22,9,40.2,23.2,38.0,0.0,,230.0,3.6,,1000.6,,2.0
2025-05-22,10,40.1,23.5,39.0,0.0,,231.0,3.7,,1000.0,,2.0
2025-05-22,11,38.0,19.9,35.0,0.0,,0.0,0.0,,998.0,,2.0
2025-05-22,12,40.8,23.7,38.0,0.0,,270.0,5.4,,998.5,,2.0
2025-05-22,13,38.0,19.9,35.0,0.0,,220.0,3.6,,998.0,,2.0
2025-05-22,14,37.0,19.9,37.0,0.0,,240.0,3.6,,999.0,,2.0
2025-05-22,15,37.6,25.1,49.0,0.0,,230.0,3.6,,999.1,,2.0
2025-05-22,16,35.0,22.0,47.0,0.0,,160.0,16.6,,1000.0,,2.0
2025-05-22,17,35.0,22.0,47.0,0.0,,130.0,13.0,,1001.0,,2.0
2025-05-22,18,35.6,25.2,55.0,0.0,,230.0,9.4,,1001.2,,2.0
2025-05-22,19,33.0,22.2,53.0,0.0,,10.0,14.8,,1001.0,,2.0
2025-05-22,20,31.0,17.0,43.0,0.0,,40.0,11.2,,1000.0,,2.0
2025-05-22,21,32.0,20.0,49.0,0.0,,140.0,11.2,,1001.0,,2.0
2025-05-22,22,30.0,19.1,52.0,0.0,,140.0,14.8,,999.0,,2.0
2025-05-22,23,29.0,19.0,55.0,0.0,,150.0,11.2,,999.0,,2.0
2025-05-23,0,30.6,21.7,59.0,0.0,,180.0,9.4,,999.7,,5.0
2025-05-23,1,29.0,19.0,55.0,0.0,,110.0,11.2,,1001.0,,5.0
2025-05-23,2,29.0,19.9,58.0,0.0,,90.0,3.6,,1001.0,,2.0
2025-05-23,3,31.4,22.7,60.0,0.0,,20.0,5.4,,1001.9,,1.0
2025-05-23,4,30.0,20.0,55.0,0.0,,240.0,3.6,,1001.0,,2.0
2025-05-23,5,32.0,20.0,49.0,0.0,,240.0,11.2,,1001.0,,2.0
2025-05-23,6,36.0,23.9,50.0,0.0,,320.0,3.6,,1000.8,,2.0
2025-05-23,7,36.0,19.9,39.0,0.0,,240.0,7.6,,999.0,,1.0
2025-05-23,8,38.0,21.2,38.0,0.0,,260.0,11.2,,998.0,,1.0
2025-05-23,9,40.6,23.5,38.0,0.0,,290.0,3.6,,998.0,,2.0
2025-05-23,10,39.0,19.8,33.0,0.0,,250.0,11.2,,996.0,,2.0
2025-05-23,11,39.0,19.8,33.0,0.0,,240.0,9.4,,995.0,,2.0
2025-05-23,12,41.0,23.0,36.0,0.0,,340.0,5.4,,995.6,,2.0
2025-05-23,13,38.0,19.9,35.0,0.0,,250.0,5.4,,995.0,,2.0
2025-05-23,14,38.0,19.9,35.0,0.0,,214.0,3.6,,996.0,,2.0
2025-05-23,15,38.0,25.4,49.0,0.0,,0.0,0.0,,996.8,,2.0
2025-05-23,16,37.0,21.2,40.0,0.0,,0.0,0.0,,998.0,,1.0
2025-05-23,17,35.0,20.9,44.0,0.0,,180.0,11.2,,998.2,,1.0
2025-05-23,18,35.8,23.8,50.0,0.0,,270.0,5.4,,998.8,,1.0
2025-05-23,19,34.0,21.1,47.0,0.0,,180.0,9.4,,998.0,,1.0
2025-05-23,20,33.0,19.1,44.0,0.0,,200.0,25.9,,997.0,,1.0
2025-05-23,21,33.8,20.6,46.0,0.0,,230.0,5.4,,997.5,,1.0
2025-05-23,22,32.0,18.9,46.0,0.0,,180.0,18.4,,996.0,,1.0
2025-05-23,23,31.0,20.0,52.0,0.0,,220.0,9.4,,997.0,,1.0
2025-05-24,0,31.6,22.0,57.0,0.0,,270.0,3.6,,997.8,,1.0
2025-05-24,1,29.0,21.0,62.0,0.0,,240.0,11.2,,998.0,,1.0
2025-05-24,2,30.0,21.1,59.0,0.0,,250.0,11.2,,999.0,,1.0
2025-05-24,3,33.0,24.5,61.0,0.0,,340.0,3.6,,999.9,,1.0
2025-05-24,4,32.0,20.0,49.0,0.0,,270.0,11.2,,1000.0,,1.0
2025-05-24,5,34.0,18.1,39.0,0.0,,190.0,9.4,,1000.0,,1.0
2025-05-24,6,38.0,21.6,39.0,0.0,,210.0,7.6,,999.8,,1.0
2025-05-24,7,38.0,15.2,26.0,0.0,,250.0,11.2,,998.0,,1.0
2025-05-24,8,38.0,15.2,26.0,0.0,,140.0,5.4,,997.0,,1.0
2025-05-24,9,41.4,20.3,30.0,0.0,,200.0,7.6,,996.8,,1.0
2025-05-24,10,40.0,16.2,25.0,0.0,,210.0,18.4,,994.0,,1.0
2025-05-24,11,40.0,14.3,22.0,0.0,,210.0,11.2,,994.0,,1.0
2025-05-24,12,42.8,17.9,24.0,0.0,,270.0,7.6,,994.3,,1.0
2025-05-24,13,40.0,14.9,23.0,0.0,,190.0,9.4,,995.0,,1.0
2025-05-24,14,36.0,21.1,42.0,0.0,,120.0,27.7,,996.0,,1.0
2025-05-24,15,36.6,23.8,48.0,0.0,,230.0,11.2,,997.6,,1.0
2025-05-24,16,33.0,20.9,49.0,0.0,,120.0,18.4,,999.0,,2.0
2025-05-24,17,32.0,20.9,52.0,0.0,,120.0,18.4,,999.0,,2.0
2025-05-24,18,33.2,23.8,58.0,0.0,,230.0,11.2,,999.1,,2.0
2025-05-24,19,31.0,23.1,63.0,0.0,,140.0,18.4,,998.0,,2.0
2025-05-24,20,30.0,23.9,70.0,0.0,,140.0,16.6,,998.0,,5.0
2025-05-24,21,32.6,24.6,63.0,0.0,,230.0,3.6,,998.7,,5.0
2025-05-24,22,30.0,23.0,66.0,0.0,,208.0,5.5,,998.5,,2.0
2025-05-24,23,30.0,23.0,66.0,0.0,,180.0,7.6,,998.0,,5.0
2025-05-25,0,31.6,23.4,62.0,0.0,,220.0,7.6,,999.4,,5.0
2025-05-25,1,29.0,23.0,70.0,0.0,,230.0,7.6,,1000.0,,5.0
2025-05-25,2,30.0,23.9,70.0,0.0,,240.0,7.6,,1001.0,,5.0
2025-05-25,3,32.4,25.5,67.0,0.0,,180.0,5.4,,1001.5,,5.0
2025-05-25,4,32.0,23.0,59.0,0.0,,250.0,9.4,,1002.0,,2.0
2025-05-25,5,33.0,23.1,56.0,0.0,,260.0,5.4,,1001.0,,2.0
2025-05-25,6,36.4,25.6,54.0,0.0,,0.0,0.0,,1001.7,,2.0
2025-05-25,7,34.0,23.1,53.0,0.0,,180.0,7.6,,1000.0,,1.0
2025-05-25,8,36.0,22.9,47.0,0.0,,260.0,7.6,,999.0,,1.0
2025-05-25,9,32.0,16.3,39.0,0.0,,180.0,14.8,,999.0,,1.0
2025-05-25,10,38.0,18.9,33.0,0.0,,280.0,3.6,,998.0,,2.0
2025-05-25,11,39.0,19.8,33.0,0.0,,230.0,5.4,,997.0,,2.0
2025-05-25,12,40.8,23.7,38.0,0.0,,240.0,3.6,,997.4,,2.0
2025-05-25,13,38.0,19.9,35.0,0.0,,180.0,9.4,,998.0,,2.0
2025-05-25,14,37.0,19.9,37.0,0.0,,180.0,9.4,,998.0,,2.0
2025-05-25,15,38.0,23.6,44.0,0.0,,160.0,9.4,,999.4,,2.0
2025-05-25,16,27.0,22.0,74.0,0.0,,340.0,27.7,,1001.0,,2.0
2025-05-25,17,28.0,22.0,70.0,0.0,,240.0,9.4,,1003.0,,2.0
2025-05-25,18,29.4,23.8,72.0,0.0,,230.0,22.3,,1003.1,,2.0
2025-05-25,19,27.0,21.1,70.0,0.0,,230.0,14.8,,1001.0,,2.0
2025-05-25,20,27.0,21.1,70.0,0.0,,170.0,22.3,,1001.0,,2.0
2025-05-25,21,28.4,23.8,76.0,0.0,,180.0,5.4,,1001.0,,5.0
2025-05-25,22,27.0,22.0,74.0,0.0,,340.0,4.0,,1000.0,,5.0
2025-05-25,23,26.0,22.1,79.0,0.0,,270.0,4.0,,1000.0,,5.0
2025-05-26,0,28.8,23.0,71.0,0.0,,280.0,5.4,,1000.8,,5.0
2025-05-26,1,27.0,21.1,70.0,0.0,,254.0,3.6,,1001.0,,5.0
2025-05-26,2,29.0,21.0,62.0,0.0,,320.0,3.6,,1002.0,,5.0
2025-05-26,3,30.6,22.5,62.0,0.0,,320.0,9.4,,1002.3,,5.0
2025-05-26,4,32.0,23.0,59.0,0.0,,200.0,11.0,,1002.0,,2.0
2025-05-26,5,32.0,22.1,56.0,0.0,,220.0,5.4,,1002.0,,2.0
2025-05-26,6,35.0,24.3,54.0,0.0,,270.0,3.6,,1001.9,,2.0
2025-05-26,7,35.0,23.0,50.0,0.0,,210.0,7.6,,1001.0,,2.0
2025-05-26,8,36.0,22.9,47.0,0.0,,180.0,14.8,,999.0,,2.0
2025-05-26,9,39.0,26.0,48.0,0.0,,270.0,3.6,,999.3,,2.0
2025-05-26,10,37.0,24.2,48.0,0.0,,170.0,7.6,,997.0,,2.0
2025-05-26,11,37.0,23.1,45.0,0.0,,240.0,9.4,,996.0,,2.0
2025-05-26,12,39.4,26.4,48.0,0.0,,320.0,3.6,,996.4,,2.0
2025-05-26,13,37.0,23.1,45.0,0.0,,180.0,11.2,,996.0,,2.0
2025-05-26,14,36.0,22.9,47.0,0.0,,160.0,13.0,,996.0,,2.0
2025-05-26,15,37.2,26.3,54.0,0.0,,230.0,3.6,,996.7,,2.0
2025-05-26,16,35.0,23.0,50.0,0.0,,160.0,11.2,,997.0,,1.0
2025-05-26,17,33.0,23.1,56.0,0.0,,130.0,22.3,,998.0,,1.0
2025-05-26,18,34.0,24.6,58.0,0.0,,200.0,18.4,,999.1,,1.0
2025-05-26,19,32.0,23.0,59.0,0.0,,130.0,22.3,,998.0,,2.0
2025-05-26,20,31.0,23.9,66.0,0.0,,150.0,11.2,,997.0,,5.0
2025-05-26,21,31.4,28.2,83.0,0.0,,170.0,9.4,,998.0,,5.0
2025-05-26,22,30.0,25.1,75.0,0.0,,190.0,7.6,,998.0,,5.0
2025-05-26,23,30.0,25.1,75.0,0.0,,180.0,14.8,,997.0,,5.0
2025-05-27,0,30.8,26.9,80.0,0.0,,250.0,9.4,,998.2,,5.0
2025-05-27,1,29.0,25.0,79.0,0.0,,170.0,18.4,,999.0,,5.0
2025-05-27,2,30.0,25.1,75.0,0.0,,140.0,19.0,,1000.0,,5.0
2025-05-27,3,31.6,27.5,79.0,0.0,,230.0,7.6,,1000.0,,5.0
2025-05-27,4,30.0,23.9,70.0,0.0,,160.0,27.7,,1000.0,,5.0
2025-05-27,5,30.0,23.9,70.0,0.0,,160.0,22.3,,1001.0,,5.0
2025-05-27,6,32.0,25.8,70.0,0.0,,230.0,9.4,,1001.2,,5.0
2025-05-27,7,32.0,24.1,63.0,0.0,,180.0,22.3,,1000.0,,5.0
2025-05-27,8,33.0,23.9,59.0,0.0,,160.0,18.4,,999.0,,5.0
2025-05-27,9,35.4,26.5,60.0,0.0,,250.0,9.4,,998.1,,2.0
2025-05-27,10,33.0,23.9,59.0,0.0,,140.0,14.8,,996.0,,3.0
2025-05-27,11,34.0,24.0,56.0,0.0,,150.0,14.8,,995.0,,3.0
2025-05-27,12,36.4,26.2,56.0,0.0,,230.0,9.4,,995.9,,3.0
2025-05-27,13,34.0,24.0,56.0,0.0,,130.0,16.6,,995.0,,3.0
2025-05-27,14,34.0,24.0,56.0,0.0,,150.0,22.0,,996.0,,2.0
2025-05-27,15,35.0,25.8,59.0,0.0,,230.0,7.6,,997.3,,5.0
2025-05-27,16,30.0,23.0,66.0,0.0,,150.0,14.8,,998.0,,5.0
2025-05-27,17,30.0,23.0,66.0,0.0,,130.0,9.4,,999.0,,5.0
2025-05-27,18,31.6,25.7,71.0,0.0,,170.0,9.4,,999.6,,5.0
2025-05-27,19,31.0,23.1,63.0,0.0,,190.0,18.4,,999.0,,5.0
2025-05-27,20,30.0,23.0,66.0,0.0,,210.0,24.1,,998.0,,5.0
2025-05-27,21,31.0,25.4,72.0,0.0,,230.0,5.4,,999.0,,5.0
2025-05-27,22,29.0,23.0,70.0,0.0,,200.0,9.4,,998.0,,5.0
2025-05-27,23,29.0,23.0,70.0,0.0,,190.0,24.1,,999.0,,5.0
2025-05-28,0,30.0,24.6,73.0,0.0,,230.0,7.6,,999.0,,5.0
2025-05-28,1,29.0,23.0,70.0,0.0,,190.0,7.6,,1000.0,,5.0
2025-05-28,2,29.0,24.1,75.0,0.0,,180.0,9.4,,1000.0,,5.0
2025-05-28,3,31.6,25.9,72.0,0.0,,230.0,5.4,,1000.6,,5.0
2025-05-28,4,31.0,23.9,66.0,0.0,,190.0,16.6,,1000.0,,5.0
2025-05-28,5,32.0,23.0,59.0,0.0,,170.0,11.2,,1000.0,,5.0
2025-05-28,6,35.2,25.4,57.0,0.0,,270.0,5.4,,1000.3,,5.0
2025-05-28,7,34.0,23.1,53.0,0.0,,180.0,11.2,,999.0,,3.0
2025-05-28,8,35.0,23.0,50.0,0.0,,220.0,11.2,,998.0,,2.0
2025-05-28,9,37.4,25.6,51.0,0.0,,230.0,7.6,,998.3,,2.0
2025-05-28,10,37.7,25.2,49.0,0.0,,234.0,7.4,,997.5,,3.0
2025-05-28,11,38.0,22.9,42.0,0.0,,220.0,14.8,,995.0,,3.0
2025-05-28,12,39.0,23.4,41.0,0.0,,250.0,7.6,,995.1,,3.0
2025-05-28,13,35.0,23.0,50.0,0.1,,140.0,17.0,,995.0,,2.0
2025-05-28,14,34.0,24.0,56.0,3.0,,130.0,16.6,,996.0,,2.0
2025-05-28,15,35.0,26.1,60.0,5.0,,230.0,9.4,,997.1,,2.0
2025-05-28,16,31.0,25.1,71.0,0.0,,110.0,18.4,,998.0,,2.0
2025-05-28,17,31.0,23.9,66.0,0.0,,100.0,16.6,,998.0,,5.0
2025-05-28,18,32.6,26.2,69.0,0.0,,270.0,9.4,,999.1,,5.0
2025-05-28,19,30.0,25.1,75.0,0.0,,90.0,18.4,,999.0,,5.0
2025-05-28,20,29.0,22.0,66.0,0.0,,130.0,11.2,,999.0,,5.0
2025-05-28,21,29.4,22.4,66.0,0.0,,50.0,14.8,,1000.2,,2.0
2025-05-28,22,28.0,21.1,66.0,0.0,,250.0,9.4,,1002.0,,3.0
2025-05-28,23,23.0,22.0,94.0,0.0,,10.0,18.4,,999.0,,3.0
2025-05-29,0,24.0,23.1,95.0,0.0,,40.0,9.4,,998.6,,5.0
2025-05-29,1,27.0,20.1,66.0,0.0,,60.0,13.0,,996.0,,5.0
2025-05-29,2,25.0,21.1,79.0,0.0,,180.0,11.2,,997.0,,5.0
2025-05-29,3,26.0,24.6,92.0,0.0,,270.0,3.6,,998.2,,5.0
2025-05-29,4,28.0,21.1,66.0,0.0,,220.0,14.8,,998.0,,5.0
2025-05-29,5,29.0,22.0,66.0,0.0,,180.0,16.6,,999.0,,5.0
2025-05-29,6,31.6,25.2,69.0,0.0,,160.0,14.8,,998.9,,5.0
2025-05-29,7,32.0,23.0,59.0,0.0,,170.0,7.6,,997.0,,5.0
2025-05-29,8,33.0,23.1,56.0,0.0,,130.0,13.0,,997.0,,2.0
2025-05-29,9,35.0,25.2,57.0,0.0,,110.0,3.6,,997.5,,2.0
2025-05-29,10,35.0,23.0,50.0,0.0,,90.0,5.4,,995.0,,2.0
2025-05-29,11,36.0,23.9,50.0,0.0,,120.0,14.8,,994.0,,2.0
2025-05-29,12,36.0,25.5,55.0,0.0,,270.0,5.4,,995.3,,2.0
2025-05-29,13,33.0,23.9,59.0,0.0,,70.0,5.4,,994.0,,2.0
2025-05-29,14,32.0,25.1,67.0,0.0,,80.0,13.0,,996.0,,5.0
2025-05-29,15,32.6,25.4,66.0,0.0,,230.0,5.4,,996.9,,5.0
2025-05-29,16,30.0,23.9,70.0,0.0,,130.0,14.8,,997.0,,5.0
2025-05-29,17,29.0,24.1,75.0,0.0,,110.0,9.4,,997.0,,5.0
2025-05-29,18,31.0,26.0,75.0,0.0,,200.0,3.6,,997.9,,5.0
2025-05-29,19,29.0,24.1,75.0,0.0,,130.0,13.0,,997.0,,5.0
2025-05-29,20,29.0,24.1,75.0,0.0,,140.0,14.8,,997.0,,5.0
2025-05-29,21,30.2,25.7,77.0,0.0,,230.0,7.6,,997.5,,5.0
2025-05-29,22,28.0,22.9,74.0,0.0,,160.0,13.0,,997.0,,5.0
2025-05-29,23,28.0,24.0,79.0,0.0,,160.0,14.8,,997.0,,5.0
2025-05-30,0,30.0,25.3,76.0,0.0,,270.0,3.6,,998.1,,5.0
2025-05-30,1,28.0,24.0,79.0,0.0,,150.0,11.2,,998.0,,5.0
2025-05-30,2,28.0,24.0,79.0,0.0,,150.0,18.4,,999.0,,5.0
2025-05-30,3,31.0,26.0,75.0,0.0,,270.0,7.6,,999.2,,5.0
2025-05-30,4,30.0,23.0,66.0,0.0,,130.0,25.9,,999.0,,2.0
2025-05-30,5,31.0,23.1,63.0,0.0,,190.0,14.8,,999.0,,2.0
2025-05-30,6,34.0,25.7,62.0,0.0,,230.0,7.6,,999.1,,2.0
2025-05-30,7,33.0,23.1,56.0,0.0,,160.0,16.6,,998.0,,2.0
2025-05-30,8,34.0,21.1,47.0,0.0,,110.0,16.6,,997.0,,2.0
2025-05-30,9,37.0,23.5,46.0,0.0,,270.0,5.4,,997.2,,2.0
2025-05-30,10,38.0,22.1,40.0,0.0,,200.0,22.3,,995.0,,2.0
2025-05-30,11,37.0,23.1,45.0,0.0,,170.0,19.0,,995.0,,2.0
2025-05-30,12,37.4,23.1,44.0,0.0,,230.0,9.4,,995.3,,2.0
2025-05-30,13,34.0,25.1,60.0,0.0,,170.0,18.4,,996.0,,2.0
2025-05-30,14,32.0,25.1,67.0,0.0,,150.0,19.0,,997.0,,2.0
2025-05-30,15,32.2,25.5,68.0,0.0,,180.0,9.4,,997.2,,5.0
2025-05-30,16,30.0,23.9,70.0,0.0,,110.0,18.4,,999.0,,5.0
2025-05-30,17,30.0,25.1,75.0,0.0,,100.0,18.4,,999.0,,5.0
2025-05-30,18,32.0,25.6,69.0,0.0,,230.0,9.4,,999.8,,5.0
2025-05-30,19,32.0,23.0,59.0,0.0,,200.0,18.4,,1000.0,,5.0
2025-05-30,20,31.0,23.9,66.0,0.0,,200.0,14.8,,1000.0,,5.0
2025-05-30,21,30.4,24.8,72.0,0.0,,230.0,9.4,,1000.2,,5.0
2025-05-30,22,29.0,24.1,75.0,0.0,,210.0,18.4,,1000.0,,5.0
2025-05-30,23,28.0,22.9,74.0,0.0,,160.0,16.6,,1001.0,,5.0
2025-05-31,0,29.4,24.3,74.0,0.0,,230.0,7.6,,1001.3,,5.0
2025-05-31,1,27.0,23.0,79.0,0.0,,160.0,18.4,,1002.0,,5.0
2025-05-31,2,29.0,23.0,70.0,0.0,,160.0,19.0,,1003.0,,5.0
2025-05-31,3,30.6,25.4,74.0,0.0,,230.0,7.6,,1003.0,,5.0
2025-05-31,4,31.0,23.9,66.0,0.0,,180.0,14.8,,1003.0,,5.0
2025-05-31,5,32.0,23.0,59.0,0.0,,160.0,9.4,,1003.0,,5.0
2025-05-31,6,34.2,23.9,55.0,0.0,,270.0,7.6,,1002.8,,2.0
2025-05-31,7,34.0,22.1,50.0,0.0,,200.0,18.4,,1002.0,,2.0
2025-05-31,8,36.0,23.9,50.0,0.0,,170.0,18.4,,1001.0,,2.0
2025-05-31,9,38.0,23.3,43.0,0.0,,230.0,11.2,,1000.9,,2.0
2025-05-31,10,37.8,23.1,43.0,0.0,,224.0,13.0,,1000.5,,2.0
2025-05-31,11,36.0,21.1,42.0,0.0,,140.0,22.3,,999.0,,2.0
2025-05-31,12,37.0,22.7,44.0,0.0,,230.0,14.8,,999.3,,2.0
2025-05-31,13,33.0,22.2,53.0,0.0,,130.0,22.3,,1000.0,,2.0
2025-05-31,14,31.0,23.1,63.0,0.0,,140.0,22.0,,1000.0,,2.0
2025-05-31,15,32.4,24.7,64.0,0.0,,230.0,14.8,,1001.0,,2.0
2025-05-31,16,30.0,23.9,70.0,0.0,,140.0,22.3,,1002.0,,5.0
2025-05-31,17,30.0,23.9,70.0,0.0,,130.0,18.4,,1003.0,,5.0
2025-05-31,18,31.4,25.5,71.0,0.0,,230.0,5.4,,1003.2,,5.0
2025-05-31,19,29.0,21.0,62.0,0.0,,150.0,22.3,,1003.0,,5.0
2025-05-31,20,29.0,21.0,62.0,0.0,,150.0,11.2,,1002.0,,5.0
2025-05-31,21,29.8,23.5,69.0,0.0,,230.0,7.6,,1002.9,,5.0
2025-05-31,22,28.0,22.0,70.0,0.0,,160.0,14.8,,1002.0,,5.0
2025-05-31,23,27.0,22.0,74.0,0.0,,140.0,9.4,,1003.0,,5.0
2025-06-01,0,29.4,23.6,71.0,0.0,,230.0,7.6,,1003.2,,5.0
2025-06-01,1,27.0,22.0,74.0,0.0,,140.0,13.0,,1003.0,,5.0
2025-06-01,2,28.0,22.0,70.0,0.0,,130.0,22.3,,1004.0,,5.0
2025-06-01,3,30.6,24.3,69.0,0.0,,200.0,11.2,,1004.3,,5.0
2025-06-01,4,30.0,23.0,66.0,0.0,,200.0,13.0,,1004.0,,5.0
2025-06-01,5,32.0,22.1,56.0,0.0,,170.0,18.4,,1004.0,,3.0
2025-06-01,6,34.8,23.2,51.0,0.0,,250.0,14.8,,1003.9,,3.0
2025-06-01,7,33.0,19.8,46.0,0.0,,150.0,18.4,,1002.0,,3.0
2025-06-01,8,34.0,23.1,53.0,0.0,,160.0,18.4,,1001.0,,3.0
2025-06-01,9,37.6,21.7,40.0,0.0,,250.0,9.4,,1000.9,,2.0
2025-06-01,10,36.0,19.9,39.0,0.0,,120.0,9.4,,1000.0,,2.0
2025-06-01,11,35.0,20.2,42.0,0.0,,140.0,13.0,,999.0,,2.0
2025-06-01,12,36.4,21.8,43.0,0.4,,180.0,20.5,,999.5,,2.0
2025-06-01,13,33.0,22.2,53.0,0.0,,120.0,13.0,,999.0,,2.0
2025-06-01,14,32.0,22.1,56.0,0.0,,110.0,13.0,,1000.0,,2.0
2025-06-01,15,32.4,25.5,67.0,0.0,,230.0,11.2,,1000.7,,2.0
2025-06-01,16,29.0,24.1,75.0,0.0,,70.0,7.6,,1001.0,,5.0
2025-06-01,17,28.0,25.0,84.0,0.0,,360.0,9.4,,1001.0,,5.0
2025-06-01,18,30.6,27.6,84.0,0.0,,230.0,3.6,,1002.6,,5.0
2025-06-01,19,30.0,21.1,59.0,0.0,,170.0,18.4,,1001.0,,5.0
2025-06-01,20,29.0,22.0,66.0,0.0,,160.0,18.4,,1001.0,,5.0
2025-06-01,21,30.2,23.6,68.0,0.0,,270.0,5.4,,1001.3,,5.0
2025-06-01,22,28.0,22.0,70.0,0.0,,150.0,18.4,,1001.0,,5.0
2025-06-01,23,29.2,24.5,76.0,0.0,,219.0,7.4,,1001.9,,3.0
2025-06-02,0,29.2,24.1,74.0,0.0,,270.0,7.6,,1001.4,,5.0
2025-06-02,1,27.0,22.0,74.0,0.3,,140.0,14.8,,1002.0,,5.0
2025-06-02,2,28.0,22.9,74.0,0.6,,150.0,16.6,,1002.0,,5.0
2025-06-02,3,30.6,25.0,72.0,0.2,,230.0,9.4,,1002.9,,5.0
2025-06-02,4,31.7,24.6,66.0,0.1,,227.0,9.3,,1002.8,,3.0
2025-06-02,5,31.0,20.9,55.0,0.2,,180.0,16.6,,1002.0,,3.0
2025-06-02,6,34.4,22.8,51.0,0.3,,200.0,9.4,,1002.3,,3.0
2025-06-02,7,33.0,19.1,44.0,0.0,,170.0,14.8,,1001.0,,3.0
2025-06-02,8,33.0,19.1,44.0,0.0,,150.0,16.6,,1000.0,,3.0
2025-06-02,9,37.0,21.6,41.0,0.0,,230.0,3.6,,999.8,,3.0
2025-06-02,10,36.0,17.2,33.0,0.0,,200.0,11.2,,998.0,,3.0
2025-06-02,11,36.0,17.2,33.0,0.0,,140.0,16.6,,997.0,,2.0
2025-06-02,12,37.4,21.1,39.0,0.0,,230.0,5.4,,997.9,,2.0
2025-06-02,13,32.0,23.0,59.0,0.0,,120.0,22.0,,998.0,,2.0
2025-06-02,14,31.0,23.1,63.0,0.0,,130.0,27.7,,999.0,,2.0
2025-06-02,15,32.6,25.7,67.0,0.0,,230.0,18.4,,1000.7,,2.0
2025-06-02,16,29.0,23.0,70.0,0.0,,140.0,22.3,,1001.0,,3.0
2025-06-02,17,29.0,21.0,62.0,0.0,,140.0,29.5,,1001.0,,5.0
2025-06-02,18,30.2,23.6,68.0,0.0,,230.0,22.3,,1002.3,,5.0
2025-06-02,19,26.0,21.0,74.0,0.0,,140.0,18.4,,1002.0,,5.0
2025-06-02,20,25.0,21.1,79.0,0.0,,90.0,11.2,,1002.0,,5.0
2025-06-02,21,27.0,21.3,71.0,0.0,,180.0,14.8,,1002.0,,5.0
2025-06-02,22,26.0,20.1,70.0,0.0,,120.0,18.4,,1001.0,,5.0
2025-06-02,23,27.0,21.1,70.0,0.0,,140.0,14.8,,1001.0,,5.0
2025-06-03,0,28.8,24.8,79.0,0.0,,230.0,11.2,,1001.9,,5.0
2025-06-03,1,27.0,23.0,79.0,0.0,,150.0,18.4,,1003.0,,5.0
2025-06-03,2,28.0,22.9,74.0,0.0,,160.0,14.8,,1003.0,,5.0
2025-06-03,3,30.6,25.0,72.0,0.0,,230.0,3.6,,1004.0,,5.0
2025-06-03,4,30.0,23.0,66.0,0.0,,130.0,16.6,,1004.0,,3.0
2025-06-03,5,32.0,22.1,56.0,0.0,,160.0,9.4,,1003.0,,3.0
2025-06-03,6,34.6,23.9,54.0,0.0,,200.0,5.4,,1003.6,,3.0
2025-06-03,7,33.0,22.2,53.0,0.0,,180.0,18.4,,1002.0,,3.0
2025-06-03,8,34.0,18.9,41.0,0.0,,200.0,14.8,,1001.0,,3.0
2025-06-03,9,37.4,21.5,40.0,0.0,,320.0,7.6,,1001.0,,3.0
2025-06-03,10,35.0,19.0,39.0,0.0,,200.0,11.2,,999.0,,3.0
2025-06-03,11,32.0,23.0,59.0,0.0,,200.0,18.4,,999.0,,2.0
2025-06-03,12,36.4,22.9,46.0,0.2,,230.0,7.6,,999.7,,2.0
2025-06-03,13,32.0,22.1,56.0,0.0,,150.0,22.3,,1000.0,,2.0
2025-06-03,14,30.0,19.1,52.0,0.0,,160.0,24.1,,1001.0,,2.0
2025-06-03,15,31.0,20.6,54.0,0.0,,200.0,9.4,,1002.1,,2.0
2025-06-03,16,28.0,20.0,62.0,0.0,,180.0,13.0,,1003.0,,3.0
2025-06-03,17,28.0,20.0,62.0,0.0,,190.0,13.0,,1003.0,,3.0
2025-06-03,18,28.6,21.9,67.0,0.0,,200.0,24.1,,1004.0,,5.0
2025-06-03,19,25.0,18.9,69.0,0.0,,170.0,18.4,,1004.0,,5.0
2025-06-03,20,26.0,20.1,70.0,0.0,,170.0,11.2,,1003.0,,5.0
2025-06-03,21,27.6,20.7,66.0,0.0,,180.0,7.6,,1003.5,,5.0
2025-06-03,22,26.0,18.9,65.0,0.0,,230.0,9.4,,1002.0,,3.0
2025-06-03,23,28.0,18.1,55.0,0.0,,170.0,22.3,,1002.0,,3.0
2025-06-04,0,28.6,21.1,64.0,0.0,,230.0,9.4,,1003.0,,3.0
2025-06-04,1,26.0,18.9,65.0,0.0,,90.0,5.4,,1004.0,,5.0
2025-06-04,2,27.0,19.1,62.0,0.0,,160.0,3.6,,1004.0,,5.0
2025-06-04,3,30.0,21.7,61.0,0.0,,230.0,7.6,,1004.8,,3.0
2025-06-04,4,29.0,22.0,66.0,0.0,,190.0,18.4,,1005.0,,2.0
2025-06-04,5,31.0,20.9,55.0,0.0,,210.0,18.4,,1005.0,,2.0
2025-06-04,6,34.0,22.8,52.0,0.0,,320.0,3.6,,1005.3,,2.0
2025-06-04,7,32.0,20.0,49.0,0.0,,190.0,18.4,,1004.5,,3.0
2025-06-04,8,33.0,19.1,44.0,0.0,,180.0,9.4,,1003.8,,3.0
2025-06-04,9,36.6,22.4,44.0,0.0,,320.0,7.6,,1004.1,,2.0
2025-06-04,10,34.0,18.1,39.0,0.0,,270.0,9.4,,1003.4,,2.0
2025-06-04,11,35.0,20.2,42.0,0.0,,210.0,5.4,,1002.0,,2.0
2025-06-04,12,37.4,21.1,39.0,0.0,,230.0,3.6,,1002.5,,2.0
2025-06-04,13,34.0,18.1,39.0,0.0,,70.0,5.4,,1003.0,,2.0
2025-06-04,14,33.0,20.9,49.0,0.0,,110.0,11.2,,1004.0,,5.0
2025-06-04,15,32.4,23.9,61.0,0.0,,230.0,11.2,,1004.3,,5.0
2025-06-04,16,29.0,23.0,70.0,0.0,,180.0,14.8,,1005.0,,5.0
2025-06-04,17,29.0,23.0,70.0,0.0,,170.0,25.9,,1006.0,,5.0
2025-06-04,18,30.4,24.8,72.0,0.0,,230.0,9.4,,1006.1,,5.0
2025-06-04,19,28.0,24.0,79.0,0.0,,160.0,24.1,,1005.0,,5.0
2025-06-04,20,28.0,24.0,79.0,0.0,,150.0,9.4,,1005.0,,5.0
2025-06-04,21,29.2,25.8,82.0,0.0,,180.0,7.6,,1004.9,,5.0
2025-06-04,22,28.0,24.0,79.0,0.0,,180.0,7.6,,1004.0,,5.0
2025-06-04,23,28.0,24.0,79.0,0.0,,220.0,5.4,,1005.0,,5.0
2025-06-05,0,29.2,25.2,79.0,0.0,,270.0,3.6,,1005.7,,5.0
2025-06-05,1,27.0,24.1,84.0,0.0,,0.0,0.0,,1007.0,,5.0
2025-06-05,2,28.0,22.9,74.0,0.0,,230.0,7.6,,1007.0,,5.0
2025-06-05,3,31.0,24.6,69.0,0.0,,250.0,7.6,,1008.3,,5.0
2025-06-05,4,30.0,21.9,62.0,0.0,,270.0,11.2,,1009.0,,5.0
2025-06-05,5,31.0,20.9,55.0,0.0,,180.0,9.4,,1008.2,,2.0
2025-06-05,6,34.4,23.4,53.0,0.0,,240.0,11.2,,1008.7,,5.0
2025-06-05,7,33.0,22.2,53.0,0.0,,270.0,9.4,,1007.0,,2.0
2025-06-05,8,34.0,21.1,47.0,0.0,,200.0,9.4,,1007.0,,2.0
2025-06-05,9,36.8,22.6,44.0,0.0,,250.0,9.4,,1006.4,,2.0
2025-06-05,10,34.0,20.0,44.0,0.0,,0.0,0.0,,1005.8,,3.0
2025-06-05,11,35.0,19.0,39.0,0.0,,250.0,3.6,,1005.2,,2.0
2025-06-05,12,38.2,22.6,41.0,0.0,,270.0,5.4,,1004.5,,2.0
2025-06-05,13,35.0,19.0,39.0,0.0,,0.0,0.0,,1005.0,,2.0
2025-06-05,14,35.0,20.2,42.0,0.0,,0.0,0.0,,1006.0,,2.0
2025-06-05,15,35.0,20.9,44.0,0.0,,180.0,5.4,,1006.6,,2.0
2025-06-05,16,32.0,20.9,52.0,0.0,,160.0,11.2,,1007.0,,1.0
2025-06-05,17,31.0,20.9,55.0,0.0,,170.0,16.6,,1007.0,,1.0
2025-06-05,18,32.2,24.8,65.0,0.0,,180.0,14.8,,1008.0,,5.0
2025-06-05,19,29.0,23.0,70.0,0.0,,200.0,16.6,,1007.0,,5.0
2025-06-05,20,28.0,24.0,79.0,0.0,,190.0,13.0,,1007.0,,5.0
2025-06-05,21,30.6,25.4,74.0,0.0,,180.0,3.6,,1006.8,,5.0
2025-06-05,22,29.0,23.0,70.0,0.0,,170.0,7.6,,1007.0,,5.0
2025-06-05,23,30.0,23.9,70.0,0.0,,240.0,7.6,,1007.0,,5.0
2025-06-06,0,30.0,23.7,69.0,0.0,,290.0,11.2,,1007.3,,5.0
2025-06-06,1,30.0,23.0,66.0,0.0,,270.0,7.6,,1008.0,,5.0
2025-06-06,2,30.0,23.0,66.0,0.0,,300.0,14.8,,1009.0,,5.0
2025-06-06,3,31.4,24.5,67.0,0.0,,320.0,7.6,,1008.6,,5.0
2025-06-06,4,32.9,24.7,62.0,0.0,,264.0,5.5,,1008.9,,2.0
2025-06-06,5,32.0,23.0,59.0,0.0,,240.0,11.2,,1009.0,,2.0
2025-06-06,6,35.0,25.2,57.0,0.0,,290.0,7.6,,1008.9,,2.0
2025-06-06,7,35.0,22.0,47.0,0.0,,270.0,7.6,,1008.0,,2.0
2025-06-06,8,36.0,19.9,39.0,0.0,,300.0,3.6,,1007.0,,2.0
2025-06-06,9,38.8,21.5,37.0,0.0,,230.0,3.6,,1006.8,,2.0
2025-06-06,10,38.0,16.9,29.0,0.0,,230.0,7.6,,1005.0,,2.0
2025-06-06,11,38.0,17.9,31.0,0.0,,250.0,5.4,,1004.0,,2.0
2025-06-06,12,40.0,18.6,29.0,0.0,,270.0,5.4,,1004.7,,2.0
2025-06-06,13,37.0,16.0,29.0,0.0,,280.0,3.6,,1004.0,,2.0
2025-06-06,14,36.0,16.2,31.0,0.0,,0.0,0.0,,1005.0,,2.0
2025-06-06,15,36.2,22.4,45.0,0.0,,0.0,0.0,,1005.6,,2.0
2025-06-06,16,33.0,20.9,49.0,0.0,,180.0,9.4,,1006.0,,1.0
2025-06-06,17,32.0,23.0,59.0,0.0,,200.0,14.8,,1006.0,,1.0
2025-06-06,18,33.6,25.0,61.0,0.0,,230.0,11.2,,1006.9,,5.0
2025-06-06,19,31.0,23.1,63.0,0.0,,200.0,13.0,,1006.0,,5.0
2025-06-06,20,31.0,20.9,55.0,0.0,,260.0,14.8,,1006.0,,1.0
2025-06-06,21,31.8,23.4,61.0,0.0,,320.0,5.4,,1006.6,,5.0
2025-06-06,22,30.0,21.9,62.0,0.0,,230.0,14.8,,1006.0,,5.0
2025-06-06,23,29.0,22.0,66.0,0.0,,240.0,13.0,,1006.0,,5.0
2025-06-07,0,30.4,23.1,65.0,0.0,,320.0,5.4,,1007.0,,5.0
2025-06-07,1,29.0,22.0,66.0,0.0,,260.0,9.4,,1008.0,,5.0
2025-06-07,2,29.0,22.0,66.0,0.0,,260.0,13.0,,1008.0,,5.0
2025-06-07,3,31.4,24.0,65.0,0.0,,270.0,3.6,,1008.6,,5.0
2025-06-07,4,31.0,20.9,55.0,0.0,,270.0,14.8,,1009.0,,1.0
2025-06-07,5,32.0,20.0,49.0,0.0,,270.0,18.4,,1008.0,,1.0
2025-06-07,6,35.4,23.4,50.0,0.0,,270.0,7.6,,1008.3,,1.0
2025-06-07,7,34.0,20.0,44.0,0.0,,230.0,7.6,,1007.0,,1.0
2025-06-07,8,36.0,19.0,37.0,0.0,,290.0,13.0,,1006.0,,1.0
2025-06-07,9,39.6,21.8,36.0,0.0,,320.0,5.4,,1005.6,,1.0
2025-06-07,10,39.0,18.8,31.0,0.0,,280.0,13.0,,1004.0,,1.0
2025-06-07,11,39.0,18.3,30.0,0.0,,290.0,16.6,,1004.0,,1.0
2025-06-07,12,40.4,18.9,29.0,0.0,,270.0,7.6,,1003.4,,1.0
2025-06-07,13,39.0,17.2,28.0,0.0,,300.0,11.2,,1004.0,,1.0
2025-06-07,14,37.0,23.1,45.0,0.0,,210.0,18.4,,1004.0,,1.0
2025-06-07,15,35.8,23.1,48.0,0.0,,200.0,20.5,,1005.6,,1.0
2025-06-07,16,33.0,23.1,56.0,0.0,,220.0,18.4,,1006.0,,3.0
2025-06-07,17,32.0,22.1,56.0,0.0,,180.0,18.4,,1006.0,,3.0
2025-06-07,18,32.8,24.6,62.0,0.0,,250.0,7.6,,1006.5,,2.0
2025-06-07,19,31.0,18.0,46.0,0.0,,220.0,14.8,,1006.0,,1.0
2025-06-07,20,31.0,18.0,46.0,0.0,,220.0,14.8,,1005.0,,1.0
2025-06-07,21,31.2,22.5,60.0,0.0,,270.0,7.6,,1005.6,,1.0
2025-06-07,22,29.0,22.0,66.0,0.0,,260.0,11.2,,1005.0,,2.0
2025-06-07,23,29.0,23.0,70.0,0.0,,260.0,14.8,,1006.0,,2.0
2025-06-08,0,29.6,23.8,71.0,0.0,,270.0,11.2,,1006.7,,5.0
2025-06-08,1,29.0,24.1,75.0,0.0,,290.0,18.4,,1008.0,,5.0
2025-06-08,2,29.0,24.1,75.0,0.0,,290.0,20.5,,1008.0,,5.0
2025-06-08,3,31.0,24.6,69.0,0.0,,270.0,5.4,,1008.2,,5.0
2025-06-08,4,31.0,20.9,55.0,0.0,,230.0,13.0,,1008.0,,5.0
2025-06-08,5,32.0,20.9,52.0,0.0,,250.0,14.8,,1008.0,,2.0
2025-06-08,6,35.4,23.7,51.0,0.0,,320.0,3.6,,1008.1,,2.0
2025-06-08,7,34.0,20.0,44.0,0.0,,240.0,22.3,,1006.0,,2.0
2025-06-08,8,36.0,19.9,39.0,0.0,,260.0,14.8,,1005.0,,2.0
2025-06-08,9,39.0,20.8,35.0,0.0,,360.0,9.4,,1005.6,,2.0
2025-06-08,10,38.0,17.9,31.0,0.0,,230.0,18.4,,1004.0,,1.0
2025-06-08,11,38.0,17.9,31.0,0.0,,250.0,9.0,,1003.0,,1.0
2025-06-08,12,38.0,17.9,31.0,0.0,,250.0,7.0,,1003.0,,1.0
2025-06-08,13,37.0,17.1,31.0,0.0,,240.0,9.0,,1003.0,,1.0
2025-06-08,14,37.0,18.1,33.0,0.0,,220.0,7.0,,1004.0,,1.0
2025-06-08,15,36.4,23.3,47.0,0.0,,230.0,7.6,,1004.7,,1.0
2025-06-08,16,32.0,23.0,59.0,0.0,,190.0,24.1,,1005.0,,2.0
2025-06-08,17,31.0,23.9,66.0,0.0,,200.0,18.4,,1005.0,,5.0
2025-06-08,18,33.0,26.3,68.0,0.0,,210.0,20.5,,1006.2,,5.0
2025-06-08,19,32.0,18.9,46.0,0.0,,250.0,18.4,,1005.0,,2.0
2025-06-08,20,30.0,20.0,55.0,0.0,,230.0,19.0,,1005.0,,2.0
2025-06-08,21,31.4,23.2,62.0,0.0,,230.0,3.6,,1005.1,,2.0
2025-06-08,22,29.0,21.0,62.0,0.0,,240.0,24.1,,1005.0,,5.0
2025-06-08,23,29.0,21.0,62.0,0.0,,260.0,14.8,,1005.0,,5.0
2025-06-09,0,30.5,22.9,64.0,0.0,,220.0,14.8,,1005.7,,5.0
2025-06-09,1,28.0,21.1,66.0,0.0,,270.0,5.4,,1006.0,,5.0
2025-06-09,2,29.0,22.0,66.0,0.0,,250.0,13.0,,1007.0,,5.0
2025-06-09,3,31.6,23.4,62.0,0.0,,320.0,5.4,,1007.7,,2.0
2025-06-09,4,31.0,20.9,55.0,0.0,,250.0,16.6,,1007.0,,1.0
2025-06-09,5,32.0,20.9,52.0,0.0,,290.0,14.8,,1007.0,,1.0
2025-06-09,6,35.6,23.6,50.0,0.0,,270.0,9.4,,1007.0,,1.0
2025-06-09,7,35.0,20.9,44.0,0.0,,260.0,16.6,,1005.0,,1.0
2025-06-09,8,36.0,19.9,39.0,0.0,,250.0,13.0,,1004.0,,2.0
2025-06-09,9,39.8,21.9,36.0,0.0,,250.0,11.2,,1004.4,,2.0
2025-06-09,10,38.0,18.9,33.0,0.0,,230.0,19.0,,1002.0,,1.0
2025-06-09,11,38.0,17.9,31.0,0.0,,270.0,11.0,,1002.0,,1.0
2025-06-09,12,40.6,20.7,32.0,0.0,,250.0,9.4,,1002.2,,1.0
2025-06-09,13,38.0,18.9,33.0,0.0,,250.0,11.2,,1002.0,,1.0
2025-06-09,14,36.0,19.9,39.0,0.0,,230.0,11.0,,1002.0,,1.0
2025-06-09,15,35.4,22.4,47.0,0.0,,270.0,11.2,,1003.1,,1.0
2025-06-09,16,32.0,23.0,59.0,0.0,,190.0,22.3,,1003.0,,5.0
2025-06-09,17,31.0,23.1,63.0,0.0,,190.0,20.5,,1004.0,,5.0
2025-06-09,18,33.6,25.0,61.0,0.0,,230.0,3.6,,1004.3,,5.0
2025-06-09,19,31.0,18.0,46.0,0.0,,240.0,20.0,,1004.0,,2.0
2025-06-09,20,31.0,20.0,52.0,0.0,,230.0,28.0,,1003.0,,1.0
2025-06-09,21,31.4,23.0,61.0,0.0,,270.0,3.6,,1003.3,,5.0
2025-06-09,22,29.0,23.0,70.0,0.0,,220.0,11.0,,1003.0,,5.0
2025-06-09,23,28.0,22.9,74.0,0.0,,260.0,11.0,,1003.0,,5.0
2025-06-10,0,30.2,24.6,72.0,0.0,,320.0,3.6,,1003.4,,5.0
2025-06-10,1,28.0,22.0,70.0,0.0,,250.0,16.6,,1004.0,,5.0
2025-06-10,2,29.0,22.0,66.0,0.0,,260.0,16.6,,1004.0,,5.0
2025-06-10,3,31.0,26.5,77.0,0.0,,230.0,7.6,,1005.0,,5.0
2025-06-10,4,30.0,21.9,62.0,0.0,,270.0,9.4,,1005.0,,3.0
2025-06-10,5,32.0,22.1,56.0,0.0,,270.0,9.4,,1005.0,,2.0
2025-06-10,6,35.0,23.7,52.0,0.0,,270.0,9.4,,1005.1,,2.0
2025-06-10,7,35.0,20.2,42.0,0.0,,270.0,9.4,,1003.0,,2.0
2025-06-10,8,37.0,16.0,29.0,0.0,,260.0,9.0,,1003.0,,1.0
2025-06-10,9,39.2,20.9,35.0,0.0,,290.0,5.4,,1002.4,,1.0
2025-06-10,10,38.0,18.9,33.0,0.0,,220.0,11.2,,1001.0,,1.0
2025-06-10,11,38.0,17.9,31.0,0.0,,250.0,13.0,,1001.0,,1.0
2025-06-10,12,40.0,20.2,32.0,0.0,,290.0,11.2,,1000.7,,1.0
2025-06-10,13,37.0,17.1,31.0,0.0,,260.0,7.6,,1001.0,,1.0
2025-06-10,14,36.0,18.1,35.0,0.0,,260.0,7.6,,1001.0,,1.0
2025-06-10,15,37.0,20.3,38.0,0.0,,240.0,13.0,,1002.0,,1.0
2025-06-10,16,35.0,18.1,37.0,0.0,,210.0,14.8,,1002.0,,1.0
2025-06-10,17,33.0,20.9,49.0,0.0,,210.0,9.4,,1002.0,,1.0
2025-06-10,18,34.0,15.9,34.0,0.0,,240.0,7.6,,1002.6,,1.0
2025-06-10,19,32.0,15.1,36.0,0.0,,260.0,14.8,,1002.0,,1.0
2025-06-10,20,31.0,15.8,40.0,0.0,,260.0,14.8,,1001.0,,1.0
2025-06-10,21,31.6,20.5,52.0,0.0,,320.0,5.4,,1002.1,,1.0
2025-06-10,22,29.0,21.0,62.0,0.0,,240.0,5.4,,1001.0,,1.0
2025-06-10,23,29.0,22.0,66.0,0.0,,260.0,20.5,,1002.0,,5.0
2025-06-11,0,30.0,22.7,65.0,0.0,,320.0,9.4,,1002.3,,5.0
2025-06-11,1,28.0,22.0,70.0,0.0,,260.0,16.6,,1003.0,,5.0
2025-06-11,2,29.0,22.0,66.0,0.0,,270.0,18.4,,1004.0,,5.0
2025-06-11,3,31.2,23.8,65.0,0.0,,230.0,7.6,,1004.2,,1.0
2025-06-11,4,31.0,20.9,55.0,0.0,,270.0,16.6,,1004.0,,2.0
2025-06-11,5,32.0,20.9,52.0,0.0,,230.0,13.0,,1004.0,,2.0
2025-06-11,6,35.2,22.9,49.0,0.0,,320.0,7.6,,1004.2,,1.0
2025-06-11,7,35.0,20.9,44.0,0.0,,280.0,9.4,,1003.0,,1.0
2025-06-11,8,36.0,19.9,39.0,0.0,,270.0,14.8,,1002.0,,1.0
2025-06-11,9,39.0,20.3,34.0,0.0,,230.0,3.6,,1001.9,,1.0
2025-06-11,10,38.0,16.9,29.0,0.0,,340.0,4.0,,1000.0,,1.0
2025-06-11,11,38.0,16.9,29.0,0.0,,250.0,11.2,,1000.0,,1.0
2025-06-11,12,40.4,21.0,33.0,0.0,,320.0,3.6,,999.8,,1.0
2025-06-11,13,38.0,17.9,31.0,0.0,,270.0,3.6,,999.0,,1.0
2025-06-11,14,37.0,18.1,33.0,0.0,,280.0,3.6,,1000.0,,1.0
2025-06-11,15,36.6,21.6,42.0,0.0,,260.0,5.4,,1000.5,,1.0
2025-06-11,16,35.0,16.8,34.0,0.0,,240.0,5.4,,1000.0,,1.0
2025-06-11,17,35.0,16.8,34.0,0.0,,250.0,11.2,,1000.0,,1.0
2025-06-11,18,35.0,20.6,43.0,0.0,,250.0,9.4,,1001.0,,1.0
2025-06-11,19,32.0,20.0,49.0,0.0,,270.0,13.0,,1000.0,,1.0
2025-06-11,20,31.0,15.8,40.0,0.0,,300.0,14.8,,1000.0,,1.0
2025-06-11,21,30.0,21.1,59.0,0.0,,270.0,15.0,,1000.0,,1.0
2025-06-11,22,30.0,21.9,62.0,0.0,,300.0,15.0,,1000.0,,2.0
2025-06-11,23,29.0,22.0,66.0,0.0,,260.0,9.0,,1001.0,,2.0
2025-06-12,0,29.0,22.0,66.0,0.0,,240.0,9.0,,1001.0,,5.0
2025-06-12,1,29.0,21.0,62.0,0.0,,270.0,9.0,,1002.0,,5.0
2025-06-12,2,29.0,21.0,62.0,0.0,,290.0,9.0,,1002.0,,5.0
2025-06-12,3,31.2,23.1,62.0,0.0,,270.0,11.2,,1002.8,,2.0
2025-06-12,4,31.0,20.9,55.0,0.0,,280.0,11.2,,1003.0,,1.0
2025-06-12,5,32.0,20.9,52.0,0.0,,290.0,9.4,,1002.0,,1.0
2025-06-12,6,35.6,22.6,47.0,0.0,,220.0,3.6,,1002.5,,1.0
2025-06-12,7,36.0,19.0,37.0,0.0,,250.0,11.2,,1001.0,,1.0
2025-06-12,8,37.0,16.0,29.0,0.0,,250.0,13.0,,1001.0,,1.0
2025-06-12,9,40.0,20.7,33.0,0.0,,360.0,7.6,,999.7,,1.0
2025-06-12,10,39.0,18.3,30.0,0.0,,270.0,14.8,,997.0,,1.0
2025-06-12,11,39.0,17.2,28.0,0.0,,280.0,13.0,,997.0,,1.0
2025-06-12,12,41.8,19.0,27.0,0.0,,320.0,3.6,,996.9,,1.0
2025-06-12,13,39.0,16.0,26.0,0.0,,340.0,7.6,,997.0,,1.0
2025-06-12,14,38.0,15.8,27.0,0.0,,280.0,3.6,,997.0,,1.0
2025-06-12,15,37.2,21.4,40.0,0.0,,0.0,0.0,,997.9,,1.0
2025-06-12,16,36.0,16.2,31.0,0.0,,270.0,7.6,,997.0,,2.0
2025-06-12,17,36.0,17.2,33.0,0.0,,260.0,16.6,,998.0,,2.0
2025-06-12,18,36.0,21.8,44.0,0.0,,270.0,5.4,,998.6,,2.0
2025-06-12,19,33.0,22.2,53.0,0.0,,260.0,13.0,,998.0,,2.0
2025-06-12,20,32.0,23.0,59.0,0.0,,210.0,18.4,,998.0,,2.0
2025-06-12,21,33.6,23.9,57.0,0.0,,270.0,3.6,,998.7,,5.0
2025-06-12,22,31.0,23.1,63.0,0.0,,210.0,14.8,,998.0,,5.0
2025-06-12,23,31.0,23.1,63.0,0.0,,210.0,11.2,,999.0,,5.0
2025-06-13,0,32.0,24.9,66.0,0.0,,230.0,3.6,,999.9,,5.0
2025-06-13,1,30.0,23.0,66.0,0.0,,210.0,14.8,,1001.0,,5.0
2025-06-13,2,29.0,23.0,70.0,0.0,,230.0,9.4,,1002.0,,5.0
2025-06-13,3,31.2,25.3,71.0,0.0,,230.0,14.8,,1002.6,,5.0
2025-06-13,4,30.0,23.0,66.0,0.0,,200.0,22.3,,1002.0,,5.0
2025-06-13,5,30.0,23.0,66.0,0.0,,240.0,18.4,,1002.0,,5.0
2025-06-13,6,32.6,24.6,63.0,0.0,,320.0,5.4,,1002.1,,4.0
2025-06-13,7,34.0,23.1,53.0,0.0,,230.0,13.0,,1001.0,,4.0
2025-06-13,8,35.0,22.0,47.0,0.0,,240.0,13.0,,1000.0,,2.0
2025-06-13,9,38.6,24.6,45.0,0.0,,250.0,9.4,,999.3,,2.0
2025-06-13,10,37.0,21.2,40.0,0.0,,220.0,11.2,,997.0,,2.0
2025-06-13,11,38.0,21.2,38.0,0.0,,280.0,5.4,,996.0,,2.0
2025-06-13,12,40.4,22.9,37.0,0.0,,250.0,7.6,,996.7,,2.0
2025-06-13,13,38.0,18.9,33.0,0.0,,260.0,5.4,,997.0,,2.0
2025-06-13,14,37.0,19.0,35.0,0.0,,0.0,0.0,,997.0,,2.0
2025-06-13,15,37.4,22.3,42.0,0.0,,320.0,5.4,,998.1,,2.0
2025-06-13,16,36.0,19.0,37.0,0.0,,230.0,11.2,,999.0,,2.0
2025-06-13,17,33.0,22.2,53.0,0.0,,180.0,14.8,,1000.0,,2.0
2025-06-13,18,34.4,25.5,60.0,0.0,,210.0,14.8,,1000.7,,2.0
2025-06-13,19,31.0,23.1,63.0,0.0,,190.0,7.6,,999.0,,5.0
2025-06-13,20,31.0,23.1,63.0,0.0,,190.0,7.6,,999.0,,5.0
2025-06-13,21,34.0,24.0,56.0,0.0,,270.0,3.6,,999.4,,5.0
2025-06-13,22,31.0,22.1,59.0,0.0,,240.0,13.0,,998.0,,5.0
2025-06-13,23,30.0,21.9,62.0,0.0,,260.0,3.6,,999.0,,5.0
2025-06-14,0,31.4,25.3,70.0,0.0,,270.0,3.6,,999.5,,5.0
2025-06-14,1,30.0,23.0,66.0,0.0,,230.0,7.6,,999.0,,5.0
2025-06-14,2,30.0,23.0,66.0,0.0,,240.0,9.4,,1001.0,,5.0
2025-06-14,3,32.6,25.7,67.0,0.0,,270.0,7.6,,1001.0,,5.0
2025-06-14,4,32.0,24.1,63.0,0.0,,220.0,7.6,,1001.0,,5.0
2025-06-14,5,33.0,23.1,56.0,0.0,,300.0,5.4,,1000.0,,3.0
2025-06-14,6,35.6,25.8,57.0,0.0,,270.0,5.4,,1000.1,,2.0
2025-06-14,7,35.0,23.0,50.0,0.0,,234.0,3.6,,999.0,,2.0
2025-06-14,8,37.0,23.1,45.0,0.0,,330.0,7.6,,997.0,,2.0
2025-06-14,9,39.4,24.5,43.0,0.0,,230.0,3.6,,997.9,,2.0
2025-06-14,10,38.0,22.1,40.0,0.0,,280.0,9.4,,995.0,,3.0
2025-06-14,11,38.0,22.1,40.0,0.0,,300.0,5.4,,994.0,,3.0
2025-06-14,12,40.8,24.6,40.0,0.0,,320.0,3.6,,994.8,,3.0
2025-06-14,13,38.0,22.1,40.0,0.0,,360.0,5.4,,994.0,,3.0
2025-06-14,14,37.0,21.2,40.0,0.0,,30.0,9.4,,997.0,,3.0
2025-06-14,15,31.8,23.4,61.0,0.0,,90.0,27.7,,999.6,,3.0
2025-06-14,16,29.0,21.0,62.0,0.3,,80.0,9.4,,999.0,,5.0
2025-06-14,17,27.0,23.0,79.0,0.4,,190.0,18.4,,1000.0,,5.0
2025-06-14,18,27.8,25.2,86.0,0.0,,230.0,29.5,,1000.6,,5.0
2025-06-14,19,26.0,23.1,84.0,0.0,,190.0,18.4,,998.0,,3.0
2025-06-14,20,26.0,23.1,84.0,0.0,,260.0,11.2,,997.0,,5.0
2025-06-14,21,25.0,23.1,89.0,0.0,,350.0,14.8,,998.0,,5.0
2025-06-14,22,26.0,23.1,84.0,0.0,,10.0,15.0,,997.0,,5.0
2025-06-14,23,26.0,23.1,84.0,0.0,,350.0,6.0,,997.0,,5.0
2025-06-15,0,26.0,23.1,84.0,0.0,,30.0,6.0,,997.0,,5.0
2025-06-15,1,26.0,23.1,84.0,0.0,,70.0,6.0,,998.0,,5.0
2025-06-15,2,27.0,23.0,79.0,0.0,,90.0,7.0,,998.0,,5.0
2025-06-15,3,28.0,22.0,70.0,0.0,,10.0,7.0,,999.0,,5.0
2025-06-15,4,29.0,22.0,66.0,0.0,,320.0,4.0,,998.0,,5.0
2025-06-15,5,31.0,23.1,63.0,0.0,,310.0,7.0,,998.0,,5.0
2025-06-15,6,31.0,22.1,59.0,0.0,,320.0,7.0,,997.0,,3.0
2025-06-15,7,32.0,22.1,56.0,0.0,,270.0,4.0,,997.0,,3.0
2025-06-15,8,34.0,20.0,44.0,0.0,,40.0,15.0,,996.0,,3.0
2025-06-15,9,34.0,20.0,44.0,0.0,,20.0,13.0,,994.0,,3.0
2025-06-15,10,34.0,18.9,41.0,0.0,,80.0,4.0,,994.0,,2.0
2025-06-15,11,35.0,20.2,42.0,0.0,,230.0,4.0,,993.0,,2.0
2025-06-15,12,35.0,20.2,42.0,0.0,,10.0,6.0,,994.0,,2.0
2025-06-15,13,34.0,22.1,50.0,0.0,,220.0,9.0,,994.0,,2.0
2025-06-15,14,33.0,23.1,56.0,0.0,,240.0,11.0,,995.0,,25.0
2025-06-15,15,31.5,24.9,68.0,0.0,,190.0,5.5,,996.3,,25.0
2025-06-15,16,33.1,25.4,64.0,0.4,,288.0,9.3,,996.3,,3.0
2025-06-15,17,32.1,25.4,68.0,0.0,,283.0,7.4,,996.7,,3.0
2025-06-15,18,31.2,25.8,73.0,0.0,,266.0,5.5,,997.2,,3.0
2025-06-15,19,30.8,25.6,74.0,0.0,,267.0,3.7,,996.8,,3.0
2025-06-15,20,29.0,22.0,66.0,0.0,,300.0,4.0,,995.0,,5.0
2025-06-15,21,28.0,22.0,70.0,0.0,,277.0,4.0,,995.0,,5.0
2025-06-15,22,27.0,24.1,84.0,0.0,,273.0,4.0,,994.0,,3.0
2025-06-15,23,26.0,24.0,89.0,0.0,,10.0,4.0,,994.0,,3.0
2025-06-16,0,26.0,24.0,89.0,0.0,,302.0,4.0,,995.0,,5.0
2025-06-16,1,27.0,24.1,84.0,0.0,,360.0,6.0,,995.0,,5.0
2025-06-16,2,27.0,24.1,84.0,0.0,,360.0,4.0,,995.0,,5.0
2025-06-16,3,29.0,24.1,75.0,0.0,,50.0,6.0,,995.0,,5.0
2025-06-16,4,30.0,23.0,66.0,0.0,,50.0,6.0,,996.0,,5.0
2025-06-16,5,31.0,23.1,63.0,0.0,,10.0,11.0,,995.0,,5.0
2025-06-16,6,33.0,23.1,56.0,0.0,,60.0,11.0,,995.0,,3.0
2025-06-16,7,33.0,23.1,56.0,0.0,,50.0,9.0,,995.0,,3.0
2025-06-16,8,34.0,23.1,53.0,0.0,,10.0,11.0,,993.0,,3.0
2025-06-16,9,27.0,25.0,89.0,0.0,,80.0,28.0,,994.0,,5.0
2025-06-16,10,26.0,24.0,89.0,0.0,,140.0,19.0,,993.0,,5.0
2025-06-16,11,28.0,24.0,79.0,6.9,,360.0,11.0,,992.0,,5.0
2025-06-16,12,27.0,24.1,84.0,11.2,,340.0,11.0,,992.0,,5.0
2025-06-16,13,28.0,25.0,84.0,0.7,,10.0,11.0,,993.0,,5.0
2025-06-16,14,26.0,25.0,94.0,1.8,,90.0,15.0,,995.0,,25.0
2025-06-16,15,26.0,25.0,94.0,0.0,,120.0,9.0,,995.0,,25.0
2025-06-16,16,28.0,25.0,84.0,2.9,,70.0,9.0,,995.0,,25.0
2025-06-16,17,27.0,25.0,89.0,0.0,,60.0,11.0,,996.0,,25.0
2025-06-16,18,27.0,25.0,89.0,0.0,,80.0,17.0,,995.0,,5.0
2025-06-16,19,27.0,24.1,84.0,0.0,,70.0,11.0,,996.0,,5.0
2025-06-16,20,27.0,25.0,89.0,0.0,,20.0,13.0,,994.0,,5.0
2025-06-16,21,27.0,25.0,89.0,0.0,,50.0,13.0,,994.0,,5.0
2025-06-16,22,26.0,25.0,94.0,0.1,,40.0,13.0,,994.0,,8.0
2025-06-16,23,26.0,25.0,94.0,0.0,,10.0,11.0,,994.0,,8.0
2025-06-17,0,27.1,25.9,93.0,0.0,,50.0,3.7,,995.6,,8.0
2025-06-17,1,27.3,26.1,93.0,0.0,,66.0,3.7,,996.0,,8.0
2025-06-17,2,27.5,26.1,92.0,0.0,,98.0,3.7,,996.4,,7.0
2025-06-17,3,26.0,25.0,94.0,0.0,,350.0,7.0,,996.0,,5.0
2025-06-17,4,26.0,25.0,94.0,0.0,,320.0,7.0,,996.0,,7.0
2025-06-17,5,27.0,26.0,94.0,0.0,,320.0,7.0,,996.0,,7.0
2025-06-17,6,26.0,25.0,94.0,0.0,,270.0,9.0,,996.0,,7.0
2025-06-17,7,31.0,26.5,77.0,0.0,,224.0,5.5,,997.0,,7.0
2025-06-17,8,31.2,26.0,74.0,0.1,,228.0,5.5,,996.6,,7.0
2025-06-17,9,26.0,25.0,94.0,0.0,,230.0,11.0,,995.0,,7.0
2025-06-17,10,26.0,25.0,94.0,0.1,,200.0,9.0,,994.0,,5.0
2025-06-17,11,26.0,25.0,94.0,0.3,,210.0,15.0,,995.0,,7.0
2025-06-17,12,26.0,24.0,89.0,0.1,,180.0,19.0,,995.0,,5.0
2025-06-17,13,26.0,24.0,89.0,0.2,,190.0,13.0,,996.0,,5.0
2025-06-17,14,26.0,24.0,89.0,2.7,,190.0,9.0,,997.0,,25.0
2025-06-17,15,26.0,24.0,89.0,0.8,,180.0,9.0,,998.0,,5.0
2025-06-17,16,26.0,24.0,89.0,1.4,,190.0,15.0,,999.0,,5.0
2025-06-17,17,26.0,24.0,89.0,0.8,,180.0,11.0,,999.0,,5.0
2025-06-17,18,26.0,24.0,89.0,0.9,,180.0,11.0,,999.0,,5.0
2025-06-17,19,26.0,24.0,89.0,0.6,,180.0,9.0,,998.0,,5.0
2025-06-17,20,26.0,24.0,89.0,0.5,,180.0,7.0,,997.0,,5.0
2025-06-17,21,26.0,24.0,89.0,1.1,,200.0,11.0,,997.0,,5.0
2025-06-17,22,26.0,24.0,89.0,0.9,,210.0,6.0,,997.0,,5.0
2025-06-17,23,26.0,24.0,89.0,0.7,,240.0,9.0,,997.0,,5.0
2025-06-18,0,26.0,24.0,89.0,0.6,,250.0,6.0,,998.0,,5.0
2025-06-18,1,26.0,24.0,89.0,0.4,,230.0,7.0,,998.0,,5.0
2025-06-18,2,26.0,24.0,89.0,0.2,,230.0,6.0,,999.0,,5.0
2025-06-18,3,26.0,24.0,89.0,0.0,,230.0,6.0,,999.0,,5.0
2025-06-18,4,27.0,24.1,84.0,0.0,,230.0,9.0,,999.0,,5.0
2025-06-18,5,28.0,24.0,79.0,0.0,,200.0,7.0,,999.0,,5.0
2025-06-18,6,29.0,25.0,79.0,0.0,,220.0,9.0,,999.0,,5.0
2025-06-18,7,29.0,25.0,79.0,0.0,,210.0,19.0,,998.0,,5.0
2025-06-18,8,29.0,25.0,79.0,0.0,,230.0,11.0,,997.0,,5.0
2025-06-18,9,30.0,25.1,75.0,0.0,,200.0,15.0,,997.0,,7.0
2025-06-18,10,28.0,25.0,84.0,0.0,,200.0,13.0,,996.0,,4.0
2025-06-18,11,28.0,26.0,89.0,0.0,,220.0,7.0,,996.0,,4.0
2025-06-18,12,30.0,26.0,79.0,0.0,,210.0,11.0,,996.0,,5.0
2025-06-18,13,30.0,26.0,79.0,0.0,,230.0,11.0,,997.0,,5.0
2025-06-18,14,29.0,25.0,79.0,0.0,,210.0,17.0,,997.0,,5.0
2025-06-18,15,29.0,24.1,75.0,0.0,,230.0,11.0,,997.0,,5.0
2025-06-18,16,28.0,24.0,79.0,0.0,,220.0,19.0,,998.0,,5.0
2025-06-18,17,27.0,24.1,84.0,0.0,,230.0,17.0,,999.0,,5.0
2025-06-18,18,26.0,24.0,89.0,0.0,,190.0,17.0,,998.0,,3.0
2025-06-18,19,26.0,24.0,89.0,0.0,,200.0,11.0,,998.0,,3.0
2025-06-18,20,23.0,22.0,94.0,0.0,,30.0,22.0,,998.0,,3.0
2025-06-18,21,24.0,23.0,94.0,0.0,,200.0,15.0,,997.0,,7.0
2025-06-18,22,24.0,22.1,89.0,0.0,,220.0,15.0,,997.0,,8.0
2025-06-18,23,24.0,23.0,94.0,0.0,,190.0,11.0,,997.0,,8.0
2025-06-19,0,24.0,22.1,89.0,0.0,,210.0,9.0,,998.0,,8.0
2025-06-19,1,24.0,23.0,94.0,0.0,,200.0,19.0,,998.0,,8.0
2025-06-19,2,26.0,24.0,89.0,0.0,,230.0,11.0,,999.0,,8.0
2025-06-19,3,26.0,24.0,89.0,0.0,,230.0,19.0,,999.0,,8.0
2025-06-19,4,26.0,24.0,89.0,0.0,,200.0,9.0,,999.0,,5.0
2025-06-19,5,28.0,24.0,79.0,0.0,,220.0,17.0,,999.0,,5.0
2025-06-19,6,28.0,24.0,79.0,0.0,,200.0,15.0,,999.0,,5.0
2025-06-19,7,27.0,24.1,84.0,0.0,,170.0,4.0,,999.0,,5.0
2025-06-19,8,28.0,25.0,84.0,0.0,,170.0,11.0,,998.0,,8.0
2025-06-19,9,29.0,25.0,79.0,0.0,,200.0,11.0,,998.0,,5.0
2025-06-19,10,30.0,23.9,70.0,0.0,,200.0,13.0,,997.0,,5.0
2025-06-19,11,30.0,25.1,75.0,0.0,,180.0,9.0,,997.0,,5.0
2025-06-19,12,29.0,26.0,84.0,0.0,,180.0,11.0,,997.0,,5.0
2025-06-19,13,28.0,25.0,84.0,0.0,,140.0,9.0,,997.0,,4.0
2025-06-19,14,28.0,25.0,84.0,0.0,,160.0,7.0,,998.0,,5.0
2025-06-19,15,28.0,25.0,84.0,0.0,,200.0,9.0,,999.0,,5.0
2025-06-19,16,28.0,25.0,84.0,0.0,,190.0,11.0,,999.0,,5.0
2025-06-19,17,28.0,24.0,79.0,0.0,,200.0,13.0,,1000.0,,5.0
2025-06-19,18,28.0,24.0,79.0,0.0,,190.0,15.0,,1000.0,,5.0
2025-06-19,19,27.0,24.1,84.0,0.0,,190.0,15.0,,1000.0,,5.0
2025-06-19,20,27.0,24.1,84.0,0.0,,190.0,7.0,,1000.0,,5.0
2025-06-19,21,27.0,24.1,84.0,0.0,,180.0,15.0,,999.0,,5.0
2025-06-19,22,26.0,24.0,89.0,0.0,,190.0,11.0,,999.0,,5.0
2025-06-19,23,27.0,24.1,84.0,0.0,,180.0,15.0,,999.0,,5.0
2025-06-20,0,26.0,24.0,89.0,0.0,,190.0,13.0,,1000.0,,5.0
2025-06-20,1,26.0,24.0,89.0,0.0,,190.0,13.0,,1001.0,,5.0
2025-06-20,2,27.0,24.1,84.0,0.0,,200.0,22.0,,1001.0,,5.0
2025-06-20,3,27.0,24.1,84.0,0.0,,190.0,9.0,,1001.0,,5.0
2025-06-20,4,28.0,24.0,79.0,0.0,,190.0,19.0,,1002.0,,5.0
2025-06-20,5,29.0,24.1,75.0,0.0,,210.0,19.0,,1001.0,,5.0
2025-06-20,6,29.0,24.1,75.0,0.0,,200.0,19.0,,1001.0,,5.0
2025-06-20,7,30.0,23.9,70.0,0.0,,210.0,19.0,,1001.0,,5.0
2025-06-20,8,31.0,23.9,66.0,0.0,,210.0,19.0,,1000.0,,5.0
2025-06-20,9,31.0,23.9,66.0,0.1,,220.0,20.0,,1000.0,,5.0
2025-06-20,10,31.0,23.9,66.0,0.5,,160.0,13.0,,999.0,,5.0
2025-06-20,11,29.0,25.0,79.0,0.2,,190.0,17.0,,999.0,,5.0
2025-06-20,12,30.0,26.0,79.0,0.0,,180.0,9.0,,999.0,,5.0
2025-06-20,13,29.0,24.1,75.0,0.0,,140.0,15.0,,999.0,,5.0
2025-06-20,14,28.0,24.0,79.0,0.0,,170.0,19.0,,1000.0,,5.0
2025-06-20,15,27.0,24.1,84.0,0.0,,150.0,11.0,,1001.0,,5.0
2025-06-20,16,27.0,24.1,84.0,0.0,,130.0,4.0,,1001.0,,5.0
2025-06-20,17,27.0,24.1,84.0,0.0,,190.0,19.0,,1001.0,,5.0
2025-06-20,18,27.0,24.1,84.0,0.0,,180.0,19.0,,1001.0,,5.0
2025-06-20,19,27.0,24.1,84.0,0.0,,190.0,11.0,,1001.0,,5.0
2025-06-20,20,27.0,24.1,84.0,0.0,,180.0,11.0,,1000.0,,5.0
2025-06-20,21,27.0,24.1,84.0,0.0,,180.0,13.0,,1000.0,,5.0
2025-06-20,22,27.0,24.1,84.0,0.0,,200.0,13.0,,1000.0,,5.0
2025-06-20,23,27.0,24.1,84.0,0.0,,210.0,19.0,,1000.0,,5.0
2025-06-21,0,27.0,24.1,84.0,0.0,,200.0,11.0,,1001.0,,5.0
2025-06-21,1,27.0,24.1,84.0,0.0,,190.0,11.0,,1001.0,,5.0
2025-06-21,2,28.0,25.0,84.0,0.0,,200.0,9.0,,1002.0,,5.0
2025-06-21,3,28.0,24.0,79.0,0.1,,210.0,13.0,,1002.0,,5.0
2025-06-21,4,28.0,24.0,79.0,0.0,,220.0,19.0,,1002.0,,5.0
2025-06-21,5,29.0,24.1,75.0,0.0,,220.0,17.0,,1002.0,,5.0
2025-06-21,6,30.0,23.9,70.0,0.0,,220.0,17.0,,1002.0,,5.0
2025-06-21,7,30.0,23.0,66.0,0.3,,200.0,17.0,,1001.0,,5.0
2025-06-21,8,25.0,24.0,94.0,0.3,,280.0,6.0,,1001.0,,4.0
2025-06-21,9,26.0,24.0,89.0,0.0,,225.0,6.0,,1000.0,,8.0
2025-06-21,10,27.0,24.1,84.0,1.5,,293.0,4.0,,1000.0,,9.0
2025-06-21,11,27.0,25.0,89.0,2.3,,90.0,6.0,,1000.0,,9.0
2025-06-21,12,28.0,25.0,84.0,3.6,,90.0,6.0,,1000.0,,9.0
2025-06-21,13,26.0,24.0,89.0,2.1,,190.0,9.0,,1000.0,,9.0
2025-06-21,14,26.0,25.0,94.0,1.1,,224.0,4.0,,1001.0,,25.0
2025-06-21,15,27.0,24.1,84.0,0.9,,160.0,7.0,,1001.0,,5.0
2025-06-21,16,27.0,24.1,84.0,2.1,,170.0,7.0,,1001.0,,5.0
2025-06-21,17,27.0,24.1,84.0,4.4,,180.0,9.0,,1001.0,,5.0
2025-06-21,18,27.0,24.1,84.0,0.8,,180.0,24.0,,1001.0,,9.0
2025-06-21,19,27.0,24.1,84.0,0.7,,190.0,11.0,,1001.0,,5.0
2025-06-21,20,26.0,24.0,89.0,4.1,,200.0,17.0,,1001.0,,5.0
2025-06-21,21,26.0,24.0,89.0,6.5,,190.0,19.0,,1000.0,,5.0
2025-06-21,22,26.0,24.0,89.0,0.4,,200.0,17.0,,1000.0,,5.0
2025-06-21,23,26.0,24.0,89.0,0.2,,190.0,9.0,,1000.0,,5.0
2025-06-22,0,26.0,24.0,89.0,0.2,,190.0,9.0,,1000.0,,5.0
2025-06-22,1,26.0,24.0,89.0,0.0,,190.0,17.0,,1001.0,,5.0
2025-06-22,2,27.0,24.1,84.0,0.3,,190.0,17.0,,1002.0,,5.0
2025-06-22,3,28.0,25.0,84.0,0.0,,180.0,15.0,,1002.0,,5.0
2025-06-22,4,28.0,25.0,84.0,0.2,,180.0,17.0,,1002.0,,5.0
2025-06-22,5,29.0,24.1,75.0,0.0,,190.0,20.0,,1002.0,,5.0
2025-06-22,6,29.0,24.1,75.0,0.2,,230.0,11.0,,1001.0,,5.0
2025-06-22,7,29.0,24.1,75.0,2.0,,150.0,11.0,,1000.0,,5.0
2025-06-22,8,31.0,25.1,71.0,0.1,,160.0,15.0,,999.0,,5.0
2025-06-22,9,31.0,23.1,63.0,2.4,,160.0,15.0,,999.0,,5.0
2025-06-22,10,31.0,23.9,66.0,0.2,,190.0,11.0,,998.0,,5.0
2025-06-22,11,31.0,23.1,63.0,0.0,,170.0,26.0,,997.0,,5.0
2025-06-22,12,30.0,23.9,70.0,0.0,,160.0,24.0,,997.0,,5.0
2025-06-22,13,27.0,24.1,84.0,0.0,,170.0,9.0,,998.0,,7.0
2025-06-22,14,27.0,25.0,89.0,0.0,,200.0,9.0,,999.0,,7.0
2025-06-22,15,27.0,25.0,89.0,0.0,,180.0,9.0,,1000.0,,5.0
2025-06-22,16,27.0,24.1,84.0,0.0,,210.0,15.0,,1000.0,,5.0
2025-06-22,17,27.0,24.1,84.0,0.0,,180.0,17.0,,1001.0,,5.0
2025-06-22,18,27.0,24.1,84.0,0.0,,170.0,19.0,,1000.0,,5.0
2025-06-22,19,26.0,23.1,84.0,0.0,,200.0,20.0,,999.0,,5.0
2025-06-22,20,26.0,23.1,84.0,0.0,,200.0,20.0,,999.0,,5.0
2025-06-22,21,26.0,24.0,89.0,0.0,,190.0,17.0,,998.0,,5.0
2025-06-22,22,26.0,23.1,84.0,0.0,,190.0,15.0,,998.0,,5.0
2025-06-22,23,25.0,23.1,89.0,0.1,,210.0,13.0,,999.0,,8.0
2025-06-23,0,26.0,23.1,84.0,0.4,,190.0,11.0,,999.0,,8.0
2025-06-23,1,26.0,24.0,89.0,0.3,,170.0,11.0,,999.0,,5.0
2025-06-23,2,26.0,24.0,89.0,0.0,,190.0,11.0,,1000.0,,8.0
2025-06-23,3,27.0,24.1,84.0,0.0,,210.0,9.0,,1000.0,,5.0
2025-06-23,4,27.0,24.1,84.0,0.6,,190.0,7.0,,1000.0,,5.0
2025-06-23,5,27.0,24.1,84.0,0.7,,250.0,6.0,,1000.0,,5.0
2025-06-23,6,28.0,24.0,79.0,0.3,,190.0,9.0,,1000.0,,7.0
2025-06-23,7,29.0,24.1,75.0,2.0,,240.0,6.0,,999.0,,7.0
2025-06-23,8,28.0,24.0,79.0,0.0,,220.0,4.0,,998.0,,7.0
2025-06-23,9,29.0,24.1,75.0,0.0,,230.0,11.0,,997.0,,5.0
2025-06-23,10,29.0,24.1,75.0,0.0,,170.0,11.0,,997.0,,5.0
2025-06-23,11,28.0,24.0,79.0,3.5,,180.0,9.0,,997.0,,5.0
2025-06-23,12,28.0,24.0,79.0,2.5,,180.0,15.0,,997.0,,5.0
2025-06-23,13,27.0,24.1,84.0,4.7,,170.0,19.0,,997.0,,5.0
2025-06-23,14,26.0,24.0,89.0,1.6,,220.0,20.0,,998.0,,5.0
2025-06-23,15,25.0,23.1,89.0,0.6,,180.0,15.0,,998.0,,7.0
2025-06-23,16,26.0,24.0,89.0,0.3,,200.0,15.0,,999.0,,7.0
2025-06-23,17,25.0,24.0,94.0,0.3,,180.0,15.0,,999.0,,7.0
2025-06-23,18,26.0,24.0,89.0,0.2,,170.0,11.0,,998.0,,5.0
2025-06-23,19,26.0,24.0,89.0,0.1,,180.0,9.0,,998.0,,5.0
2025-06-23,20,26.0,24.0,89.0,0.0,,210.0,11.0,,997.0,,4.0
2025-06-23,21,26.0,24.0,89.0,0.0,,180.0,11.0,,997.0,,4.0
2025-06-23,22,26.0,24.0,89.0,0.0,,200.0,11.0,,996.0,,4.0
2025-06-23,23,26.0,24.0,89.0,0.0,,190.0,11.0,,996.0,,4.0
2025-06-24,0,26.0,24.0,89.0,0.0,,190.0,9.0,,997.0,,4.0
2025-06-24,1,26.0,25.0,94.0,0.2,,180.0,11.0,,997.0,,5.0
2025-06-24,2,27.0,25.0,89.0,1.7,,200.0,7.0,,998.0,,5.0
2025-06-24,3,27.0,25.0,89.0,0.7,,230.0,9.0,,998.0,,5.0
2025-06-24,4,27.0,25.0,89.0,0.6,,220.0,11.0,,998.0,,5.0
2025-06-24,5,28.0,25.0,84.0,0.3,,220.0,15.0,,999.0,,5.0
2025-06-24,6,29.0,24.1,75.0,0.3,,240.0,9.0,,998.0,,5.0
2025-06-24,7,29.0,25.0,79.0,0.1,,230.0,9.0,,997.0,,5.0
2025-06-24,8,28.0,24.0,79.0,0.2,,240.0,15.0,,997.0,,5.0
2025-06-24,9,29.0,25.0,79.0,0.0,,230.0,9.0,,996.0,,5.0
2025-06-24,10,29.0,25.0,79.0,0.0,,190.0,11.0,,996.0,,5.0
2025-06-24,11,28.0,25.0,84.0,0.0,,170.0,13.0,,995.0,,5.0
2025-06-24,12,28.0,25.0,84.0,0.0,,180.0,17.0,,996.0,,5.0
2025-06-24,13,27.0,25.0,89.0,0.0,,190.0,15.0,,997.0,,4.0
2025-06-24,14,27.0,25.0,89.0,0.0,,180.0,15.0,,997.0,,4.0
2025-06-24,15,26.0,25.0,94.0,0.0,,160.0,19.0,,998.0,,3.0
2025-06-24,16,26.0,25.0,94.0,0.0,,190.0,13.0,,998.0,,25.0
2025-06-24,17,26.0,25.0,94.0,0.0,,170.0,17.0,,999.0,,5.0
2025-06-24,18,27.0,25.0,89.0,0.0,,180.0,17.0,,999.0,,5.0
2025-06-24,19,26.0,25.0,94.0,0.0,,180.0,15.0,,998.0,,5.0
2025-06-24,20,26.0,25.0,94.0,0.0,,200.0,15.0,,998.0,,5.0
2025-06-24,21,26.0,24.0,89.0,0.0,,180.0,15.0,,997.0,,5.0
2025-06-24,22,26.0,24.0,89.0,0.9,,190.0,17.0,,997.0,,5.0
2025-06-24,23,26.0,24.0,89.0,1.0,,190.0,6.0,,997.0,,5.0
2025-06-25,0,26.0,25.0,94.0,0.6,,180.0,9.0,,997.0,,5.0
2025-06-25,1,26.0,25.0,94.0,0.5,,180.0,13.0,,998.0,,8.0
2025-06-25,2,26.0,25.0,94.0,0.2,,180.0,7.0,,998.0,,8.0
2025-06-25,3,26.0,25.0,94.0,0.2,,180.0,6.0,,999.0,,8.0
2025-06-25,4,26.0,25.0,94.0,0.2,,170.0,7.0,,999.0,,8.0
2025-06-25,5,27.0,25.0,89.0,0.1,,224.0,6.0,,999.0,,8.0
2025-06-25,6,29.0,25.0,79.0,0.3,,210.0,7.0,,999.0,,5.0
2025-06-25,7,29.0,25.0,79.0,0.3,,221.0,4.0,,999.0,,5.0
2025-06-25,8,30.0,23.9,70.0,0.2,,230.0,11.0,,998.0,,5.0
2025-06-25,9,30.0,23.9,70.0,3.7,,250.0,9.0,,997.0,,5.0
2025-06-25,10,31.0,23.1,63.0,3.9,,250.0,9.0,,996.0,,5.0
2025-06-25,11,31.0,23.9,66.0,4.1,,260.0,9.0,,996.0,,5.0
2025-06-25,12,30.0,23.9,70.0,2.5,,250.0,7.0,,996.0,,5.0
2025-06-25,13,30.0,23.9,70.0,3.0,,240.0,4.0,,997.0,,5.0
2025-06-25,14,26.0,24.0,89.0,1.1,,150.0,19.0,,998.0,,7.0
2025-06-25,15,25.0,24.0,94.0,0.0,,140.0,19.0,,999.0,,7.0
2025-06-25,16,25.0,24.0,94.0,0.0,,180.0,15.0,,999.0,,25.0
2025-06-25,17,26.0,24.0,89.0,0.0,,180.0,9.0,,999.0,,25.0
2025-06-25,18,26.0,24.0,89.0,0.0,,160.0,11.0,,1000.0,,7.0
2025-06-25,19,26.0,24.0,89.0,0.0,,180.0,9.0,,999.0,,7.0
2025-06-25,20,26.0,25.0,94.0,0.0,,170.0,9.0,,999.0,,7.0
2025-06-25,21,26.0,25.0,94.0,0.0,,170.0,7.0,,998.0,,4.0
2025-06-25,22,26.0,25.0,94.0,0.0,,180.0,7.0,,997.0,,7.0
2025-06-25,23,26.0,25.0,94.0,0.0,,160.0,6.0,,998.0,,4.0
2025-06-26,0,26.0,25.0,94.0,0.1,,150.0,11.0,,999.0,,5.0
2025-06-26,1,26.0,24.0,89.0,0.4,,200.0,11.0,,999.0,,5.0
2025-06-26,2,27.0,25.0,89.0,0.2,,200.0,11.0,,999.0,,5.0
2025-06-26,3,27.0,25.0,89.0,0.5,,150.0,4.0,,1000.0,,5.0
2025-06-26,4,28.0,25.0,84.0,0.2,,170.0,4.0,,1000.0,,5.0
2025-06-26,5,29.0,24.1,75.0,0.3,,140.0,4.0,,1000.0,,5.0
2025-06-26,6,30.0,23.9,70.0,0.4,,230.0,4.0,,1000.0,,5.0
2025-06-26,7,27.0,25.0,89.0,0.2,,340.0,6.0,,1000.0,,5.0
2025-06-26,8,27.0,25.0,89.0,7.9,,10.0,7.0,,999.0,,5.0
2025-06-26,9,28.0,24.0,79.0,12.2,,184.0,4.0,,997.0,,3.0
2025-06-26,10,30.0,23.9,70.0,1.1,,160.0,7.0,,997.0,,5.0
2025-06-26,11,31.0,25.1,71.0,0.0,,190.0,9.0,,997.0,,5.0
2025-06-26,12,30.0,25.1,75.0,0.0,,210.0,15.0,,997.0,,5.0
2025-06-26,13,27.0,24.1,84.0,0.0,,170.0,9.0,,997.0,,5.0
2025-06-26,14,27.0,24.1,84.0,0.0,,190.0,19.0,,997.0,,5.0
2025-06-26,15,27.0,24.1,84.0,0.0,,190.0,11.0,,998.0,,5.0
2025-06-26,16,27.0,24.1,84.0,0.0,,170.0,11.0,,998.0,,5.0
2025-06-26,17,27.0,24.1,84.0,0.0,,170.0,15.0,,999.0,,5.0
2025-06-26,18,26.0,25.0,94.0,0.0,,150.0,9.0,,999.0,,4.0
2025-06-26,19,26.0,25.0,94.0,0.0,,180.0,15.0,,999.0,,4.0
2025-06-26,20,26.0,24.0,89.0,1.7,,200.0,11.0,,998.0,,4.0
2025-06-26,21,26.0,24.0,89.0,0.6,,160.0,7.0,,997.0,,5.0
2025-06-26,22,26.0,24.0,89.0,1.2,,40.0,7.0,,997.0,,5.0
2025-06-26,23,26.0,24.0,89.0,0.2,,100.0,6.0,,997.0,,5.0
2025-06-27,0,26.0,24.0,89.0,2.0,,130.0,11.0,,997.0,,5.0
2025-06-27,1,26.0,24.0,89.0,0.1,,130.0,7.0,,997.0,,5.0
2025-06-27,2,26.0,24.0,89.0,0.2,,150.0,11.0,,998.0,,5.0
2025-06-27,3,27.0,24.1,84.0,0.2,,160.0,15.0,,999.0,,5.0
2025-06-27,4,27.0,24.1,84.0,0.1,,170.0,11.0,,999.0,,5.0
2025-06-27,5,28.0,24.0,79.0,0.2,,160.0,9.0,,999.0,,5.0
2025-06-27,6,29.0,24.1,75.0,0.1,,140.0,11.0,,999.0,,5.0
2025-06-27,7,27.0,24.1,84.0,1.5,,150.0,19.0,,999.0,,4.0
2025-06-27,8,29.0,24.1,75.0,0.9,,170.0,13.0,,998.0,,5.0
2025-06-27,9,30.0,23.0,66.0,0.2,,170.0,19.0,,997.0,,5.0
2025-06-27,10,29.0,24.1,75.0,1.7,,190.0,19.0,,997.0,,5.0
2025-06-27,11,28.0,22.9,74.0,0.0,,170.0,19.0,,997.0,,5.0
2025-06-27,12,28.0,22.9,74.0,0.0,,170.0,22.0,,997.0,,5.0
2025-06-27,13,26.0,22.1,79.0,0.0,,170.0,22.0,,998.0,,5.0
2025-06-27,14,26.0,22.1,79.0,0.0,,170.0,15.0,,998.0,,5.0
2025-06-27,15,26.0,22.1,79.0,0.0,,150.0,15.0,,999.0,,5.0
2025-06-27,16,26.0,23.1,84.0,0.0,,120.0,11.0,,1000.0,,5.0
2025-06-27,17,27.0,23.0,79.0,0.0,,150.0,15.0,,1000.0,,5.0
2025-06-27,18,26.0,23.1,84.0,0.0,,150.0,15.0,,1000.0,,5.0
2025-06-27,19,26.0,23.1,84.0,0.0,,150.0,15.0,,1000.0,,5.0
2025-06-27,20,26.0,23.1,84.0,0.0,,160.0,19.0,,999.0,,5.0
2025-06-27,21,26.0,23.1,84.0,0.0,,160.0,11.0,,999.0,,5.0
2025-06-27,22,26.0,23.1,84.0,0.0,,160.0,9.0,,998.0,,5.0
2025-06-27,23,26.0,23.1,84.0,0.0,,120.0,9.0,,998.0,,5.0
2025-06-28,0,25.0,23.1,89.0,0.0,,120.0,11.0,,998.0,,5.0
2025-06-28,1,25.0,23.1,89.0,0.0,,130.0,15.0,,999.0,,5.0
2025-06-28,2,26.0,23.1,84.0,0.0,,150.0,13.0,,999.0,,5.0
2025-06-28,3,27.0,23.0,79.0,0.0,,140.0,11.0,,999.0,,5.0
2025-06-28,4,27.0,24.1,84.0,0.0,,160.0,15.0,,999.0,,5.0
2025-06-28,5,26.0,24.0,89.0,0.0,,140.0,7.0,,999.0,,3.0
2025-06-28,6,26.0,25.0,94.0,0.3,,190.0,20.0,,999.0,,3.0
2025-06-28,7,28.0,24.0,79.0,0.2,,190.0,22.0,,998.0,,3.0
2025-06-28,8,30.0,23.9,70.0,0.0,,190.0,15.0,,998.0,,5.0
2025-06-28,9,30.0,23.9,70.0,1.5,,170.0,15.0,,997.0,,5.0
2025-06-28,10,27.0,25.0,89.0,0.7,,190.0,22.0,,997.0,,5.0
2025-06-28,11,26.0,25.0,94.0,2.3,,140.0,15.0,,997.0,,4.0
2025-06-28,12,26.0,24.0,89.0,0.3,,170.0,13.0,,997.0,,4.0
2025-06-28,13,26.0,24.0,89.0,2.1,,140.0,19.0,,997.0,,4.0
2025-06-28,14,26.0,24.0,89.0,3.5,,140.0,13.0,,998.0,,4.0
2025-06-28,15,26.0,25.0,94.0,1.3,,130.0,15.0,,998.0,,7.0
2025-06-28,16,26.0,25.0,94.0,0.4,,160.0,9.0,,999.0,,7.0
2025-06-28,17,26.0,25.0,94.0,0.1,,180.0,13.0,,999.0,,5.0
2025-06-28,18,26.0,25.0,94.0,0.0,,180.0,15.0,,999.0,,7.0
2025-06-28,19,26.0,25.0,94.0,3.2,,200.0,20.0,,998.0,,7.0
2025-06-28,20,26.0,24.0,89.0,1.3,,210.0,15.0,,998.0,,5.0
2025-06-28,21,26.0,24.0,89.0,0.0,,210.0,17.0,,998.0,,5.0
2025-06-28,22,25.0,23.1,89.0,0.0,,190.0,20.0,,998.0,,5.0
2025-06-28,23,25.0,23.1,89.0,0.0,,200.0,17.0,,998.0,,5.0
2025-06-29,0,25.0,23.1,89.0,0.2,,200.0,11.0,,999.0,,5.0
2025-06-29,1,25.0,23.1,89.0,0.2,,170.0,17.0,,999.0,,5.0
2025-06-29,2,26.0,24.0,89.0,0.3,,200.0,17.0,,1000.0,,5.0
2025-06-29,3,26.0,23.1,84.0,0.0,,180.0,17.0,,1001.0,,5.0
2025-06-29,4,25.0,24.0,94.0,0.0,,200.0,22.0,,1001.0,,5.0
2025-06-29,5,26.0,24.0,89.0,0.1,,190.0,19.0,,1001.0,,4.0
2025-06-29,6,24.0,23.0,94.0,0.4,,180.0,22.0,,1001.0,,4.0
2025-06-29,7,26.0,24.0,89.0,0.0,,200.0,24.0,,1000.0,,4.0
2025-06-29,8,26.0,24.0,89.0,0.0,,200.0,13.0,,1000.0,,4.0
2025-06-29,9,25.0,24.0,94.0,0.0,,190.0,4.0,,1000.0,,4.0
2025-06-29,10,25.0,24.0,94.0,0.0,,240.0,6.0,,999.0,,4.0
2025-06-29,11,26.0,25.0,94.0,0.0,,221.0,9.3,,997.0,,7.0
2025-06-29,12,27.0,25.0,89.0,0.0,,170.0,4.0,,997.0,,7.0
2025-06-29,13,27.0,24.1,84.0,0.0,,220.0,4.0,,998.0,,7.0
2025-06-29,14,27.0,25.0,89.0,0.0,,222.0,4.0,,999.0,,5.0
2025-06-29,15,27.0,24.1,84.0,2.0,,160.0,9.0,,1000.0,,5.0
2025-06-29,16,27.0,24.1,84.0,0.1,,170.0,9.0,,1000.0,,5.0
2025-06-29,17,27.0,23.0,79.0,0.0,,180.0,11.0,,1001.0,,5.0
2025-06-29,18,27.0,23.0,79.0,0.0,,180.0,11.0,,1000.0,,5.0
2025-06-29,19,26.0,23.1,84.0,0.0,,180.0,9.0,,1000.0,,5.0
2025-06-29,20,26.0,23.1,84.0,0.0,,180.0,15.0,,999.0,,5.0
2025-06-29,21,25.0,23.1,89.0,0.0,,200.0,9.0,,999.0,,3.0
2025-06-29,22,25.0,23.1,89.0,0.0,,190.0,9.0,,998.0,,7.0
2025-06-29,23,25.0,23.1,89.0,0.0,,170.0,15.0,,998.0,,7.0
2025-06-30,0,25.0,23.1,89.0,0.0,,180.0,15.0,,999.0,,3.0
2025-06-30,1,25.0,23.1,89.0,0.0,,180.0,19.0,,999.0,,5.0
2025-06-30,2,26.0,23.1,84.0,0.0,,190.0,22.0,,1000.0,,5.0
2025-06-30,3,27.0,24.1,84.0,0.0,,180.0,19.0,,1001.0,,5.0
2025-06-30,4,28.0,24.0,79.0,0.0,,190.0,17.0,,1001.0,,5.0
2025-06-30,5,28.0,22.9,74.0,0.0,,200.0,19.0,,1001.0,,5.0
2025-06-30,6,29.0,23.0,70.0,0.0,,200.0,19.0,,1000.0,,5.0
2025-06-30,7,30.0,23.0,66.0,0.0,,180.0,22.0,,1000.0,,5.0
2025-06-30,8,28.0,22.9,74.0,0.0,,220.0,22.0,,999.0,,5.0
2025-06-30,9,27.0,23.0,79.0,1.1,,200.0,30.0,,999.0,,5.0
2025-06-30,10,28.0,22.0,70.0,6.5,,190.0,19.0,,998.0,,5.0
2025-06-30,11,30.0,21.9,62.0,1.9,,220.0,17.0,,997.0,,5.0
2025-06-30,12,28.0,22.9,74.0,2.8,,210.0,19.0,,997.0,,5.0
2025-06-30,13,28.0,22.9,74.0,5.4,,210.0,17.0,,998.0,,5.0
2025-06-30,14,28.0,22.9,74.0,0.0,,220.0,19.0,,999.0,,5.0
2025-06-30,15,27.0,22.0,74.0,0.0,,220.0,19.0,,1000.0,,5.0
2025-06-30,16,27.0,23.0,79.0,0.0,,200.0,20.0,,1000.0,,5.0
2025-06-30,17,27.0,23.0,79.0,0.0,,210.0,17.0,,1001.0,,5.0
2025-06-30,18,26.0,23.1,84.0,0.0,,190.0,22.0,,1001.0,,5.0
2025-06-30,19,25.0,23.1,89.0,0.0,,190.0,19.0,,1001.0,,5.0
2025-06-30,20,26.0,24.0,89.0,0.3,,190.0,15.0,,1000.0,,5.0
2025-06-30,21,26.0,24.0,89.0,0.5,,180.0,13.0,,1000.0,,5.0
2025-06-30,22,26.0,24.0,89.0,0.2,,190.0,15.0,,999.0,,5.0
2025-06-30,23,26.0,24.0,89.0,0.0,,190.0,15.0,,999.0,,5.0
2025-07-01,0,26.0,24.0,89.0,0.6,,180.0,13.0,,1000.0,,5.0
2025-07-01,1,26.0,24.0,89.0,0.3,,190.0,7.0,,1001.0,,5.0
2025-07-01,2,27.0,24.1,84.0,0.3,,200.0,11.0,,1001.0,,5.0
2025-07-01,3,27.0,24.1,84.0,0.2,,210.0,19.0,,1001.0,,5.0
2025-07-01,4,28.0,22.9,74.0,0.2,,200.0,11.0,,1002.0,,5.0
2025-07-01,5,29.0,23.0,70.0,0.0,,230.0,15.0,,1002.0,,5.0
2025-07-01,6,30.0,23.9,70.0,0.0,,220.0,9.0,,1002.0,,5.0
2025-07-01,7,27.0,24.1,84.0,0.0,,260.0,9.0,,1001.0,,7.0
2025-07-01,8,28.0,24.0,79.0,0.0,,210.0,11.0,,1001.0,,7.0
2025-07-01,9,29.0,24.1,75.0,0.0,,210.0,19.0,,1000.0,,5.0
2025-07-01,10,30.0,23.9,70.0,0.0,,190.0,15.0,,999.0,,5.0
2025-07-01,11,27.0,25.0,89.0,0.0,,150.0,19.0,,998.0,,4.0
2025-07-01,12,29.0,24.1,75.0,0.2,,150.0,19.0,,998.0,,5.0
2025-07-01,13,28.0,24.0,79.0,0.0,,170.0,19.0,,998.0,,5.0
2025-07-01,14,28.0,25.0,84.0,0.0,,150.0,15.0,,999.0,,5.0
2025-07-01,15,28.0,24.0,79.0,0.0,,160.0,11.0,,1000.0,,5.0
2025-07-01,16,28.0,25.0,84.0,0.0,,170.0,11.0,,1000.0,,5.0
2025-07-01,17,26.0,24.0,89.0,0.0,,220.0,11.0,,1001.0,,5.0
2025-07-01,18,26.0,24.0,89.0,0.2,,221.0,7.4,,1000.0,,5.0
2025-07-01,19,27.0,24.1,84.0,0.3,,220.0,11.0,,1000.0,,5.0
2025-07-01,20,26.0,24.0,89.0,0.3,,200.0,15.0,,999.0,,5.0
2025-07-01,21,26.0,24.0,89.0,0.2,,240.0,11.0,,999.0,,5.0
2025-07-01,22,26.0,24.0,89.0,0.1,,210.0,9.0,,999.0,,5.0
2025-07-01,23,26.0,24.0,89.0,0.0,,210.0,11.0,,999.0,,5.0
2025-07-02,0,26.0,24.0,89.0,0.0,,210.0,7.0,,1000.0,,5.0
2025-07-02,1,26.0,24.0,89.0,0.0,,190.0,6.0,,1000.0,,5.0
2025-07-02,2,26.0,23.1,84.0,0.2,,200.0,11.0,,1000.0,,5.0
2025-07-02,3,27.0,24.1,84.0,0.1,,230.0,13.0,,1000.0,,5.0
2025-07-02,4,27.0,24.1,84.0,0.2,,220.0,11.0,,1000.0,,5.0
2025-07-02,5,28.0,24.0,79.0,0.4,,250.0,9.0,,1001.0,,5.0
2025-07-02,6,27.0,24.1,84.0,0.1,,270.0,6.0,,1001.0,,5.0
2025-07-02,7,28.0,25.0,84.0,0.0,,220.0,7.0,,1000.0,,5.0
2025-07-02,8,28.0,24.0,79.0,0.5,,220.0,6.0,,999.0,,5.0
2025-07-02,9,28.0,24.0,79.0,1.8,,230.0,6.0,,999.0,,5.0
2025-07-02,10,29.0,24.1,75.0,1.8,,240.0,7.0,,997.0,,5.0
2025-07-02,11,29.0,23.0,70.0,2.2,,200.0,13.0,,997.0,,5.0
2025-07-02,12,28.0,24.0,79.0,2.3,,190.0,9.0,,997.0,,5.0
2025-07-02,13,28.0,24.0,79.0,1.9,,190.0,6.0,,998.0,,5.0
2025-07-02,14,28.0,24.0,79.0,2.7,,200.0,7.0,,998.0,,5.0
2025-07-02,15,28.0,24.0,79.0,2.4,,190.0,11.0,,999.0,,5.0
2025-07-02,16,27.0,24.1,84.0,0.0,,200.0,7.0,,999.0,,5.0
2025-07-02,17,27.0,25.0,89.0,0.2,,210.0,7.0,,1000.0,,5.0
2025-07-02,18,27.0,25.0,89.0,1.1,,150.0,11.0,,999.0,,7.0
2025-07-02,19,26.0,25.0,94.0,0.7,,200.0,22.0,,999.0,,7.0
2025-07-02,20,26.0,24.0,89.0,1.1,,200.0,15.0,,998.0,,7.0
2025-07-02,21,26.0,24.0,89.0,1.4,,200.0,13.0,,998.0,,5.0
2025-07-02,22,26.0,24.0,89.0,2.5,,200.0,9.0,,998.0,,5.0
2025-07-02,23,25.0,23.1,89.0,1.4,,210.0,15.0,,998.0,,5.0
2025-07-03,0,25.0,23.1,89.0,2.0,,230.0,9.0,,999.0,,5.0
2025-07-03,1,25.0,23.1,89.0,1.9,,220.0,11.0,,999.0,,5.0
2025-07-03,2,26.0,23.1,84.0,0.4,,210.0,9.0,,1000.0,,5.0
2025-07-03,3,26.0,23.1,84.0,0.3,,200.0,11.0,,1000.0,,5.0
2025-07-03,4,28.0,22.9,74.0,0.0,,210.0,15.0,,1001.0,,5.0
2025-07-03,5,28.0,22.9,74.0,0.0,,220.0,15.0,,1001.0,,5.0
2025-07-03,6,27.0,23.0,79.0,2.9,,210.0,13.0,,1001.0,,5.0
2025-07-03,7,30.0,23.9,70.0,0.2,,270.0,6.0,,1000.0,,5.0
2025-07-03,8,27.0,23.0,79.0,2.3,,360.0,17.0,,999.0,,5.0
2025-07-03,9,29.0,23.0,70.0,2.6,,10.0,7.0,,998.0,,5.0
2025-07-03,10,26.0,25.0,94.0,0.4,,170.0,17.0,,998.0,,4.0
2025-07-03,11,26.0,24.0,89.0,0.1,,170.0,19.0,,998.0,,4.0
2025-07-03,12,27.0,25.0,89.0,1.2,,180.0,9.0,,998.0,,4.0
2025-07-03,13,27.0,25.0,89.0,0.0,,190.0,17.0,,999.0,,4.0
2025-07-03,14,27.0,24.1,84.0,0.0,,210.0,15.0,,999.0,,5.0
2025-07-03,15,26.0,24.0,89.0,0.0,,170.0,22.0,,1000.0,,5.0
2025-07-03,16,26.0,24.0,89.0,0.0,,180.0,11.0,,1000.0,,5.0
2025-07-03,17,26.0,24.0,89.0,0.0,,190.0,13.0,,1001.0,,5.0
2025-07-03,18,26.0,24.0,89.0,0.0,,180.0,15.0,,1000.0,,5.0
2025-07-03,19,26.0,24.0,89.0,0.0,,190.0,19.0,,1000.0,,5.0
2025-07-03,20,25.0,23.1,89.0,0.0,,190.0,15.0,,1000.0,,5.0
2025-07-03,21,25.0,23.1,89.0,0.0,,170.0,11.0,,1000.0,,5.0
2025-07-03,22,25.0,23.1,89.0,0.0,,180.0,9.0,,999.0,,5.0
2025-07-03,23,27.2,25.6,91.0,0.0,,224.0,5.5,,1000.3,,3.0
2025-07-04,0,25.0,23.1,89.0,0.0,,180.0,11.0,,1000.0,,5.0
2025-07-04,1,25.0,23.1,89.0,0.0,,160.0,9.0,,1001.0,,5.0
2025-07-04,2,25.0,23.1,89.0,0.0,,160.0,11.0,,1001.0,,5.0
2025-07-04,3,26.0,23.1,84.0,0.0,,180.0,11.0,,1001.0,,5.0
2025-07-04,4,26.0,23.1,84.0,0.0,,220.0,11.0,,1001.0,,5.0
2025-07-04,5,27.0,24.1,84.0,0.0,,190.0,11.0,,1001.0,,5.0
2025-07-04,6,29.0,24.1,75.0,0.0,,170.0,15.0,,1001.0,,5.0
2025-07-04,7,28.0,24.0,79.0,0.0,,160.0,15.0,,1001.0,,5.0
2025-07-04,8,29.0,24.1,75.0,0.0,,170.0,11.0,,1000.0,,5.0
2025-07-04,9,29.0,23.0,70.0,0.0,,140.0,9.0,,1000.0,,5.0
2025-07-04,10,29.0,23.0,70.0,7.5,,180.0,22.0,,999.0,,5.0
2025-07-04,11,28.0,24.0,79.0,1.5,,200.0,15.0,,999.0,,7.0
2025-07-04,12,28.0,24.0,79.0,0.1,,170.0,19.0,,999.0,,5.0
2025-07-04,13,27.0,24.1,84.0,0.0,,180.0,22.0,,999.0,,5.0
2025-07-04,14,27.0,24.1,84.0,0.0,,170.0,13.0,,1000.0,,5.0
2025-07-04,15,27.0,24.1,84.0,0.1,,160.0,15.0,,1001.0,,5.0
2025-07-04,16,25.0,24.0,94.0,0.2,,190.0,19.0,,1001.0,,7.0
2025-07-04,17,26.0,24.0,89.0,0.0,,180.0,22.0,,1002.0,,5.0
2025-07-04,18,26.0,24.0,89.0,0.7,,180.0,20.0,,1001.0,,5.0
2025-07-04,19,26.0,24.0,89.0,0.9,,190.0,22.0,,1001.0,,5.0
2025-07-04,20,26.0,24.0,89.0,0.7,,190.0,15.0,,1001.0,,5.0
2025-07-04,21,26.0,24.0,89.0,0.2,,170.0,17.0,,1000.0,,5.0
2025-07-04,22,26.0,24.0,89.0,0.0,,180.0,13.0,,1000.0,,5.0
2025-07-04,23,26.0,24.0,89.0,0.0,,190.0,15.0,,1000.0,,5.0
2025-07-05,0,26.0,24.0,89.0,0.1,,190.0,11.0,,1000.0,,5.0
2025-07-05,1,26.0,24.0,89.0,0.0,,200.0,9.0,,1001.0,,5.0
2025-07-05,2,26.0,24.0,89.0,0.2,,180.0,11.0,,1001.0,,5.0
2025-07-05,3,27.0,24.1,84.0,0.1,,190.0,11.0,,1001.0,,5.0
2025-07-05,4,28.0,24.0,79.0,0.3,,190.0,11.0,,1001.0,,5.0
2025-07-05,5,28.0,22.9,74.0,0.5,,230.0,9.0,,1001.0,,5.0
2025-07-05,6,28.0,22.9,74.0,0.4,,200.0,4.0,,1001.0,,5.0
2025-07-05,7,29.0,23.0,70.0,0.3,,250.0,4.0,,1000.0,,5.0
2025-07-05,8,29.0,24.1,75.0,0.2,,260.0,4.0,,999.0,,5.0
2025-07-05,9,27.0,24.1,84.0,0.5,,180.0,11.0,,999.0,,5.0
2025-07-05,10,27.0,24.1,84.0,0.3,,170.0,7.0,,998.0,,5.0
2025-07-05,11,29.0,24.1,75.0,3.2,,200.0,4.0,,998.0,,5.0
2025-07-05,12,26.0,24.0,89.0,3.6,,200.0,15.0,,999.0,,25.0
2025-07-05,13,26.0,24.0,89.0,0.7,,180.0,9.0,,999.0,,5.0
2025-07-05,14,26.0,24.0,89.0,0.5,,140.0,11.0,,999.0,,5.0
2025-07-05,15,26.0,24.0,89.0,0.3,,250.0,4.0,,1000.0,,5.0
2025-07-05,16,26.0,24.0,89.0,0.2,,281.0,4.0,,1000.0,,5.0
2025-07-05,17,26.0,24.0,89.0,0.2,,160.0,6.0,,1000.0,,9.0
2025-07-05,18,26.0,24.0,89.0,0.0,,180.0,9.0,,1000.0,,9.0
2025-07-05,19,26.0,24.0,89.0,0.7,,160.0,11.0,,1000.0,,5.0
2025-07-05,20,26.0,24.0,89.0,0.6,,180.0,11.0,,999.0,,5.0
2025-07-05,21,27.2,25.8,92.0,0.4,,231.0,5.5,,999.9,,9.0
2025-07-05,22,25.0,24.0,94.0,0.5,,190.0,11.0,,999.0,,5.0
2025-07-05,23,25.0,24.0,94.0,0.6,,190.0,11.0,,999.0,,5.0
2025-07-06,0,25.0,24.0,94.0,0.3,,190.0,11.0,,999.0,,5.0
2025-07-06,1,26.0,24.0,89.0,0.2,,180.0,7.0,,999.0,,5.0
2025-07-06,2,26.0,24.0,89.0,0.2,,170.0,9.0,,1000.0,,5.0
2025-07-06,3,26.0,24.0,89.0,0.1,,200.0,13.0,,1000.0,,5.0
2025-07-06,4,27.0,24.1,84.0,0.0,,180.0,15.0,,1000.0,,5.0
2025-07-06,5,28.0,24.0,79.0,0.0,,200.0,11.0,,1000.0,,5.0
2025-07-06,6,29.0,24.1,75.0,0.0,,200.0,17.0,,1000.0,,5.0
2025-07-06,7,29.0,24.1,75.0,3.6,,180.0,15.0,,1000.0,,5.0
2025-07-06,8,29.0,25.0,79.0,1.1,,190.0,17.0,,999.0,,5.0
2025-07-06,9,25.0,24.0,94.0,0.4,,290.0,15.0,,999.0,,5.0
2025-07-06,10,25.0,24.0,94.0,0.0,,270.0,19.0,,999.0,,4.0
2025-07-06,11,25.0,24.0,94.0,0.0,,200.0,7.0,,998.0,,4.0
2025-07-06,12,25.0,24.0,94.0,3.0,,200.0,17.0,,998.0,,4.0
2025-07-06,13,25.0,24.0,94.0,0.0,,200.0,11.0,,999.0,,4.0
2025-07-06,14,25.0,24.0,94.0,0.0,,180.0,9.0,,999.0,,4.0
2025-07-06,15,25.0,24.0,94.0,0.0,,200.0,15.0,,999.0,,7.0
2025-07-06,16,25.0,23.1,89.0,0.0,,130.0,4.0,,1001.0,,7.0
2025-07-06,17,25.0,24.0,94.0,0.0,,190.0,4.0,,1001.0,,7.0
2025-07-06,18,25.0,24.0,94.0,0.0,,130.0,4.0,,1000.0,,5.0
2025-07-06,19,24.0,23.0,94.0,0.0,,180.0,19.0,,1000.0,,5.0
2025-07-06,20,24.0,23.0,94.0,0.0,,190.0,17.0,,999.0,,4.0
2025-07-06,21,25.0,24.0,94.0,0.3,,190.0,13.0,,999.0,,4.0
2025-07-06,22,25.0,24.0,94.0,0.3,,150.0,13.0,,999.0,,7.0
2025-07-06,23,25.0,24.0,94.0,0.1,,170.0,7.0,,1000.0,,5.0
2025-07-07,0,25.0,24.0,94.0,0.0,,170.0,7.0,,1000.0,,5.0
2025-07-07,1,26.0,24.0,89.0,0.0,,180.0,11.0,,1000.0,,5.0
2025-07-07,2,26.0,24.0,89.0,0.0,,180.0,15.0,,1000.0,,5.0
2025-07-07,3,27.0,24.1,84.0,0.2,,200.0,20.0,,1000.0,,5.0
2025-07-07,4,28.0,22.9,74.0,0.2,,210.0,19.0,,1001.0,,5.0
2025-07-07,5,29.0,23.0,70.0,0.2,,180.0,11.0,,1001.0,,5.0
2025-07-07,6,28.0,22.9,74.0,0.1,,210.0,17.0,,1001.0,,5.0
2025-07-07,7,30.0,23.0,66.0,0.0,,190.0,15.0,,1000.0,,5.0
2025-07-07,8,30.0,23.0,66.0,0.0,,200.0,17.0,,1000.0,,5.0
2025-07-07,9,30.0,21.9,62.0,0.0,,200.0,17.0,,1000.0,,5.0
2025-07-07,10,28.0,22.9,74.0,0.4,,230.0,11.0,,999.0,,5.0
2025-07-07,11,27.0,23.0,79.0,0.6,,250.0,15.0,,999.0,,5.0
2025-07-07,12,27.0,23.0,79.0,0.0,,190.0,17.0,,999.0,,5.0
2025-07-07,13,26.0,22.1,79.0,0.0,,180.0,24.0,,1000.0,,5.0
2025-07-07,14,26.0,21.0,74.0,0.0,,190.0,22.0,,1001.0,,5.0
2025-07-07,15,25.0,22.1,84.0,0.0,,190.0,19.0,,1002.0,,5.0
2025-07-07,16,25.0,22.1,84.0,0.0,,180.0,15.0,,1002.0,,5.0
2025-07-07,17,25.0,22.1,84.0,0.0,,140.0,11.0,,1002.0,,5.0
2025-07-07,18,25.0,22.1,84.0,0.0,,170.0,6.0,,1002.0,,5.0
2025-07-07,19,25.0,22.1,84.0,0.0,,150.0,9.0,,1002.0,,5.0
2025-07-07,20,25.0,22.1,84.0,0.0,,160.0,7.0,,1001.0,,5.0
2025-07-07,21,25.0,22.1,84.0,0.0,,180.0,9.0,,1001.0,,5.0
2025-07-07,22,25.0,22.1,84.0,0.0,,150.0,9.0,,1001.0,,5.0
2025-07-07,23,25.0,23.1,89.0,0.0,,170.0,9.0,,1001.0,,5.0
2025-07-08,0,25.0,23.1,89.0,0.0,,190.0,11.0,,1001.0,,5.0
2025-07-08,1,26.0,23.1,84.0,0.0,,170.0,7.0,,1002.0,,5.0
2025-07-08,2,26.0,23.1,84.0,0.0,,160.0,7.0,,1002.0,,5.0
2025-07-08,3,27.0,23.0,79.0,0.0,,170.0,13.0,,1002.0,,5.0
2025-07-08,4,28.0,22.9,74.0,0.1,,180.0,22.0,,1002.0,,5.0
2025-07-08,5,28.0,22.9,74.0,0.2,,170.0,19.0,,1002.0,,5.0
2025-07-08,6,29.0,23.0,70.0,0.1,,180.0,19.0,,1002.0,,5.0
2025-07-08,7,30.0,23.0,66.0,0.2,,190.0,15.0,,1001.0,,5.0
2025-07-08,8,30.0,21.9,62.0,0.0,,170.0,13.0,,1001.0,,5.0
2025-07-08,9,29.0,23.0,70.0,0.0,,200.0,17.0,,1001.0,,3.0
2025-07-08,10,29.0,24.1,75.0,0.0,,180.0,20.0,,1000.0,,5.0
2025-07-08,11,29.0,23.0,70.0,0.0,,190.0,24.0,,1000.0,,5.0
2025-07-08,12,28.0,22.9,74.0,0.4,,200.0,20.0,,1000.0,,5.0
2025-07-08,13,27.0,23.0,79.0,0.0,,190.0,24.0,,1001.0,,5.0
2025-07-08,14,27.0,23.0,79.0,0.0,,180.0,28.0,,1001.0,,5.0
2025-07-08,15,26.0,23.1,84.0,0.0,,170.0,17.0,,1002.0,,5.0
2025-07-08,16,26.0,23.1,84.0,0.0,,190.0,11.0,,1003.0,,5.0
2025-07-08,17,26.0,23.1,84.0,0.0,,150.0,13.0,,1003.0,,5.0
2025-07-08,18,26.0,23.1,84.0,0.0,,160.0,20.0,,1003.0,,5.0
2025-07-08,19,26.0,23.1,84.0,0.0,,170.0,9.0,,1002.0,,5.0
2025-07-08,20,26.0,23.1,84.0,0.0,,190.0,11.0,,1001.0,,5.0
2025-07-08,21,26.0,23.1,84.0,0.0,,210.0,15.0,,1001.0,,5.0
2025-07-08,22,26.0,24.0,89.0,0.0,,190.0,15.0,,1001.0,,5.0
2025-07-08,23,26.0,23.1,84.0,0.0,,170.0,11.0,,1001.0,,5.0
2025-07-09,0,26.0,23.1,84.0,0.0,,180.0,13.0,,1001.0,,5.0
2025-07-09,1,26.0,23.1,84.0,0.0,,190.0,9.0,,1002.0,,5.0
2025-07-09,2,26.0,23.1,84.0,0.0,,170.0,11.0,,1002.0,,5.0
2025-07-09,3,27.0,23.0,79.0,0.0,,200.0,19.0,,1003.0,,5.0
2025-07-09,4,28.0,22.9,74.0,0.0,,170.0,7.0,,1003.0,,5.0
2025-07-09,5,29.0,23.0,70.0,0.0,,190.0,19.0,,1003.0,,5.0
2025-07-09,6,30.0,21.9,62.0,0.0,,180.0,9.0,,1003.0,,5.0
2025-07-09,7,31.0,22.1,59.0,0.0,,180.0,20.0,,1002.0,,3.0
2025-07-09,8,31.0,23.1,63.0,0.0,,170.0,24.0,,1002.0,,3.0
2025-07-09,9,30.0,21.9,62.0,0.1,,200.0,26.0,,1001.0,,3.0
2025-07-09,10,30.0,21.1,59.0,0.0,,190.0,28.0,,1001.0,,3.0
2025-07-09,11,31.0,22.1,59.0,0.0,,190.0,22.0,,1000.0,,3.0
2025-07-09,12,29.0,23.0,70.0,0.0,,160.0,24.0,,1001.0,,5.0
2025-07-09,13,29.0,23.0,70.0,0.0,,170.0,19.0,,1000.0,,5.0
2025-07-09,14,28.0,24.0,79.0,0.0,,140.0,19.0,,1001.0,,5.0
2025-07-09,15,28.0,24.0,79.0,0.0,,160.0,22.0,,1001.0,,5.0
2025-07-09,16,27.0,24.1,84.0,0.0,,160.0,15.0,,1002.0,,5.0
2025-07-09,17,27.0,24.1,84.0,0.0,,160.0,22.0,,1002.0,,5.0
2025-07-09,18,27.0,24.1,84.0,0.0,,170.0,19.0,,1003.0,,5.0
2025-07-09,19,27.0,24.1,84.0,0.0,,190.0,19.0,,1003.0,,5.0
2025-07-09,20,26.0,24.0,89.0,0.0,,190.0,19.0,,1003.0,,5.0
2025-07-09,21,26.0,23.1,84.0,0.0,,180.0,19.0,,1002.0,,5.0
2025-07-09,22,26.0,23.1,84.0,0.0,,180.0,15.0,,1002.0,,5.0
2025-07-09,23,26.0,24.0,89.0,0.0,,190.0,11.0,,1002.0,,5.0
2025-07-10,0,26.0,24.0,89.0,0.0,,180.0,9.0,,1002.0,,5.0
2025-07-10,1,26.0,23.1,84.0,0.0,,180.0,9.0,,1002.0,,5.0
2025-07-10,2,26.0,24.0,89.0,0.0,,170.0,11.0,,1003.0,,5.0
2025-07-10,3,27.0,23.0,79.0,0.0,,170.0,17.0,,1003.0,,5.0
2025-07-10,4,27.0,23.0,79.0,0.2,,190.0,19.0,,1003.0,,5.0
2025-07-10,5,28.0,22.9,74.0,0.2,,190.0,15.0,,1004.0,,5.0
2025-07-10,6,29.0,23.0,70.0,0.2,,200.0,13.0,,1003.0,,5.0
2025-07-10,7,30.0,23.0,66.0,0.2,,160.0,11.0,,1003.0,,5.0
2025-07-10,8,31.0,22.1,59.0,0.0,,200.0,15.0,,1002.0,,5.0
2025-07-10,9,31.0,22.1,59.0,0.0,,180.0,17.0,,1002.0,,5.0
2025-07-10,10,30.0,23.0,66.0,0.3,,190.0,19.0,,1001.0,,5.0
2025-07-10,11,29.0,24.1,75.0,0.0,,160.0,22.0,,1001.0,,5.0
2025-07-10,12,29.0,23.0,70.0,0.1,,170.0,15.0,,1001.0,,5.0
2025-07-10,13,28.0,22.9,74.0,0.0,,170.0,15.0,,1001.0,,5.0
2025-07-10,14,28.0,24.0,79.0,0.0,,180.0,19.0,,1002.0,,5.0
2025-07-10,15,27.0,23.0,79.0,0.0,,200.0,20.0,,1002.0,,5.0
2025-07-10,16,27.0,23.0,79.0,0.0,,180.0,11.0,,1003.0,,5.0
2025-07-10,17,27.0,23.0,79.0,0.0,,180.0,17.0,,1003.0,,5.0
2025-07-10,18,27.0,24.1,84.0,0.0,,160.0,13.0,,1003.0,,5.0
2025-07-10,19,27.0,23.0,79.0,0.0,,200.0,24.0,,1003.0,,5.0
2025-07-10,20,26.0,23.1,84.0,0.0,,190.0,11.0,,1002.0,,5.0
2025-07-10,21,26.0,24.0,89.0,0.0,,230.0,9.0,,1002.0,,5.0
2025-07-10,22,26.0,23.1,84.0,0.0,,190.0,11.0,,1002.0,,5.0
2025-07-10,23,26.0,23.1,84.0,0.0,,220.0,9.0,,1002.0,,5.0
2025-07-11,0,26.0,23.1,84.0,0.0,,200.0,4.0,,1002.0,,5.0
2025-07-11,1,26.0,24.0,89.0,0.0,,180.0,4.0,,1003.0,,3.0
2025-07-11,2,27.0,24.1,84.0,0.0,,190.0,9.0,,1003.0,,5.0
2025-07-11,3,27.0,24.1,84.0,0.0,,200.0,11.0,,1004.0,,5.0
2025-07-11,4,28.0,22.9,74.0,0.0,,200.0,7.0,,1004.0,,5.0
2025-07-11,5,29.0,23.0,70.0,0.0,,190.0,7.0,,1004.0,,5.0
2025-07-11,6,29.0,23.0,70.0,0.0,,220.0,15.0,,1004.0,,5.0
2025-07-11,7,29.0,23.0,70.0,0.0,,210.0,11.0,,1004.0,,5.0
2025-07-11,8,30.0,21.9,62.0,0.0,,220.0,9.0,,1003.0,,5.0
2025-07-11,9,31.0,22.1,59.0,0.0,,230.0,11.0,,1002.0,,5.0
2025-07-11,10,32.0,22.1,56.0,0.0,,210.0,15.0,,1001.0,,4.0
2025-07-11,11,31.0,23.1,63.0,0.0,,200.0,15.0,,1000.0,,4.0
2025-07-11,12,31.0,23.1,63.0,0.0,,200.0,17.0,,1000.0,,5.0
2025-07-11,13,30.0,23.0,66.0,0.0,,190.0,17.0,,1000.0,,5.0
2025-07-11,14,28.0,24.0,79.0,0.0,,200.0,9.0,,1002.0,,3.0
2025-07-11,15,28.0,22.9,74.0,0.0,,180.0,22.0,,1003.0,,5.0
2025-07-11,16,26.0,23.1,84.0,0.0,,200.0,22.0,,1003.0,,5.0
2025-07-11,17,26.0,23.1,84.0,0.0,,190.0,13.0,,1004.0,,5.0
2025-07-11,18,26.0,23.1,84.0,0.0,,210.0,9.0,,1004.0,,5.0
2025-07-11,19,26.0,23.1,84.0,0.0,,210.0,9.0,,1004.0,,5.0
2025-07-11,20,26.0,23.1,84.0,0.0,,200.0,11.0,,1003.0,,5.0
2025-07-11,21,26.0,23.1,84.0,0.0,,200.0,9.0,,1003.0,,5.0
2025-07-11,22,26.0,23.1,84.0,0.0,,190.0,17.0,,1002.0,,5.0
2025-07-11,23,26.0,23.1,84.0,0.0,,200.0,19.0,,1002.0,,5.0
2025-07-12,0,26.0,23.1,84.0,0.0,,200.0,9.0,,1002.0,,5.0
2025-07-12,1,26.0,23.1,84.0,0.0,,200.0,9.0,,1003.0,,5.0
2025-07-12,2,27.0,23.0,79.0,0.0,,230.0,9.0,,1003.0,,5.0
2025-07-12,3,27.0,23.0,79.0,0.0,,190.0,11.0,,1004.0,,5.0
2025-07-12,4,27.0,23.0,79.0,0.0,,190.0,15.0,,1004.0,,5.0
2025-07-12,5,28.0,22.9,74.0,0.1,,200.0,13.0,,1004.0,,5.0
2025-07-12,6,28.0,22.9,74.0,0.2,,210.0,11.0,,1004.0,,5.0
2025-07-12,7,30.0,23.0,66.0,0.2,,240.0,9.0,,1003.0,,5.0
2025-07-12,8,31.0,23.9,66.0,2.3,,240.0,15.0,,1003.0,,5.0
2025-07-12,9,30.0,23.0,66.0,5.2,,350.0,19.0,,1002.0,,5.0
2025-07-12,10,29.0,25.0,79.0,0.4,,40.0,7.0,,1002.0,,4.0
2025-07-12,11,31.0,25.1,71.0,0.0,,320.0,11.0,,1001.0,,5.0
2025-07-12,12,31.0,23.9,66.0,0.0,,260.0,6.0,,1001.0,,5.0
2025-07-12,13,29.0,24.1,75.0,0.0,,270.0,13.0,,1002.0,,5.0
2025-07-12,14,29.0,23.0,70.0,0.0,,230.0,7.0,,1002.0,,5.0
2025-07-12,15,28.0,22.9,74.0,0.0,,200.0,15.0,,1003.0,,5.0
2025-07-12,16,28.0,24.0,79.0,0.0,,180.0,19.0,,1003.0,,5.0
2025-07-12,17,29.2,25.8,82.0,0.0,,232.0,3.7,,1003.2,,3.0
2025-07-12,18,28.8,25.8,84.0,0.0,,232.0,3.7,,1003.6,,3.0
2025-07-12,19,27.0,24.1,84.0,0.0,,230.0,7.0,,1003.0,,5.0
2025-07-12,20,27.0,24.1,84.0,0.0,,230.0,9.0,,1003.0,,5.0
2025-07-12,21,27.0,23.0,79.0,0.0,,230.0,7.0,,1002.0,,5.0
2025-07-12,22,27.0,23.0,79.0,0.0,,210.0,11.0,,1002.0,,5.0
2025-07-12,23,27.0,24.1,84.0,0.0,,230.0,9.0,,1002.0,,5.0
2025-07-13,0,26.0,24.0,89.0,0.0,,230.0,11.0,,1003.0,,5.0
2025-07-13,1,28.0,25.4,86.0,0.0,,255.0,3.7,,1003.2,,8.0
2025-07-13,2,27.0,24.1,84.0,0.0,,260.0,13.0,,1004.0,,5.0
2025-07-13,3,28.0,24.0,79.0,0.3,,230.0,9.0,,1004.0,,5.0
2025-07-13,4,29.7,26.3,82.0,0.4,,274.0,1.8,,1004.0,,7.0
2025-07-13,5,29.0,23.0,70.0,0.4,,270.0,15.0,,1004.0,,5.0
2025-07-13,6,30.0,23.9,70.0,0.4,,330.0,9.0,,1003.0,,5.0
2025-07-13,7,31.0,23.1,63.0,0.6,,250.0,7.0,,1002.0,,5.0
2025-07-13,8,31.0,23.1,63.0,0.2,,250.0,15.0,,1001.0,,5.0
2025-07-13,9,31.0,23.1,63.0,0.0,,260.0,19.0,,1001.0,,5.0
2025-07-13,10,31.0,23.1,63.0,0.0,,250.0,17.0,,1000.0,,5.0
2025-07-13,11,32.0,23.0,59.0,1.2,,280.0,9.0,,1000.0,,5.0
2025-07-13,12,32.0,23.0,59.0,0.0,,310.0,15.0,,1000.0,,5.0
2025-07-13,13,31.0,23.1,63.0,0.0,,300.0,7.0,,1000.0,,5.0
2025-07-13,14,29.0,24.1,75.0,0.0,,180.0,19.0,,1001.0,,5.0
2025-07-13,15,28.0,22.9,74.0,0.0,,160.0,19.0,,1001.0,,5.0
2025-07-13,16,28.0,22.9,74.0,0.0,,180.0,19.0,,1002.0,,5.0
2025-07-13,17,27.0,23.0,79.0,0.0,,200.0,20.0,,1002.0,,5.0
2025-07-13,18,26.0,23.1,84.0,0.0,,190.0,15.0,,1002.0,,5.0
2025-07-13,19,26.0,23.1,84.0,0.0,,180.0,20.0,,1002.0,,5.0
2025-07-13,20,26.0,23.1,84.0,0.0,,190.0,22.0,,1002.0,,5.0
2025-07-13,21,26.0,24.0,89.0,0.0,,190.0,17.0,,1002.0,,5.0
2025-07-13,22,26.0,24.0,89.0,0.0,,190.0,11.0,,1000.0,,5.0
2025-07-13,23,26.0,24.0,89.0,1.3,,190.0,15.0,,1000.0,,5.0
2025-07-14,0,27.0,24.1,84.0,0.3,,220.0,9.0,,1001.0,,5.0
2025-07-14,1,27.9,25.7,88.0,0.3,,239.0,5.5,,1001.1,,4.0
2025-07-14,2,27.0,23.0,79.0,0.9,,220.0,9.0,,1001.0,,5.0
2025-07-14,3,27.0,24.1,84.0,2.3,,250.0,7.0,,1002.0,,5.0
2025-07-14,4,28.0,24.0,79.0,0.0,,250.0,17.0,,1002.0,,5.0
2025-07-14,5,29.0,24.1,75.0,0.0,,240.0,17.0,,1002.0,,5.0
2025-07-14,6,29.0,23.0,70.0,0.2,,270.0,15.0,,1001.0,,5.0
2025-07-14,7,31.4,26.2,74.0,0.0,,248.0,5.5,,1001.2,,3.0
2025-07-14,8,31.9,26.2,72.0,0.1,,247.0,5.5,,1000.7,,3.0
2025-07-14,9,32.3,26.1,70.0,0.0,,246.0,5.5,,1000.1,,3.0
2025-07-14,10,31.0,23.1,63.0,0.0,,240.0,7.0,,998.0,,5.0
2025-07-14,11,31.0,23.1,63.0,0.0,,220.0,6.0,,999.0,,5.0
2025-07-14,12,30.0,23.9,70.0,0.0,,190.0,7.0,,998.0,,5.0
2025-07-14,13,30.0,25.1,75.0,0.0,,150.0,15.0,,999.0,,5.0
2025-07-14,14,29.0,25.0,79.0,0.0,,170.0,19.0,,999.0,,5.0
2025-07-14,15,28.0,24.0,79.0,0.0,,160.0,19.0,,1001.0,,5.0
2025-07-14,16,28.0,24.0,79.0,0.0,,170.0,11.0,,1001.0,,5.0
2025-07-14,17,28.0,24.0,79.0,0.0,,190.0,17.0,,1001.0,,3.0
2025-07-14,18,26.0,22.1,79.0,0.0,,220.0,22.0,,1001.0,,3.0
2025-07-14,19,27.0,23.0,79.0,0.0,,210.0,6.0,,1001.0,,5.0
2025-07-14,20,28.0,22.9,74.0,0.1,,240.0,11.0,,1000.0,,5.0
2025-07-14,21,28.0,22.9,74.0,0.9,,240.0,19.0,,999.0,,5.0
2025-07-14,22,27.0,23.0,79.0,0.9,,250.0,15.0,,999.0,,5.0
2025-07-14,23,27.0,23.0,79.0,0.3,,240.0,13.0,,999.0,,5.0
2025-07-15,0,27.0,24.1,84.0,0.0,,200.0,11.0,,1000.0,,5.0
2025-07-15,1,28.6,25.6,84.0,0.0,,237.0,5.5,,1000.7,,3.0
2025-07-15,2,27.0,24.1,84.0,0.0,,240.0,13.0,,1001.0,,5.0
2025-07-15,3,28.0,24.0,79.0,0.2,,250.0,9.0,,1001.0,,5.0
2025-07-15,4,30.4,25.9,77.0,0.0,,253.0,1.8,,1001.2,,4.0
2025-07-15,5,30.0,23.9,70.0,0.2,,230.0,13.0,,1001.0,,5.0
2025-07-15,6,30.0,23.0,66.0,0.0,,240.0,15.0,,1001.0,,5.0
2025-07-15,7,31.0,23.1,63.0,0.0,,230.0,17.0,,1001.0,,5.0
2025-07-15,8,32.0,24.1,63.0,0.0,,240.0,15.0,,1000.0,,5.0
2025-07-15,9,32.0,23.0,59.0,0.0,,180.0,19.0,,999.0,,3.0
2025-07-15,10,32.0,23.0,59.0,0.0,,190.0,19.0,,998.0,,7.0
2025-07-15,11,33.0,23.1,56.0,0.0,,220.0,17.0,,997.0,,7.0
2025-07-15,12,32.0,24.1,63.0,0.0,,180.0,17.0,,997.0,,3.0
2025-07-15,13,31.0,23.9,66.0,0.0,,200.0,20.0,,998.0,,3.0
2025-07-15,14,31.0,23.9,66.0,0.0,,180.0,20.0,,999.0,,3.0
2025-07-15,15,29.0,24.1,75.0,0.0,,170.0,20.0,,1000.0,,3.0
2025-07-15,16,29.0,24.1,75.0,0.0,,180.0,19.0,,1001.0,,5.0
2025-07-15,17,29.0,24.1,75.0,0.0,,170.0,13.0,,1001.0,,5.0
2025-07-15,18,28.0,24.0,79.0,0.0,,180.0,11.0,,1001.0,,5.0
2025-07-15,19,28.0,25.0,84.0,0.0,,240.0,6.0,,1001.0,,5.0
2025-07-15,20,27.0,24.1,84.0,0.0,,240.0,6.0,,1001.0,,5.0
2025-07-15,21,27.0,24.1,84.0,0.0,,250.0,9.0,,1001.0,,5.0
2025-07-15,22,27.0,24.1,84.0,0.0,,250.0,15.0,,1000.0,,5.0
2025-07-15,23,27.0,24.1,84.0,0.0,,220.0,9.0,,1001.0,,5.0
2025-07-16,0,27.0,23.0,79.0,0.0,,250.0,11.0,,1001.0,,5.0
2025-07-16,1,29.0,25.4,81.0,0.0,,244.0,5.5,,1001.6,,3.0
2025-07-16,2,27.0,23.0,79.0,0.0,,240.0,13.0,,1002.0,,5.0
2025-07-16,3,28.0,22.9,74.0,0.0,,240.0,11.0,,1003.0,,5.0
2025-07-16,4,29.0,23.0,70.0,0.2,,220.0,9.0,,1003.0,,5.0
2025-07-16,5,29.0,23.0,70.0,0.2,,250.0,11.0,,1003.0,,5.0
2025-07-16,6,31.0,23.1,63.0,0.0,,220.0,11.0,,1002.0,,5.0
2025-07-16,7,31.0,23.1,63.0,0.0,,230.0,7.0,,1002.0,,5.0
2025-07-16,8,32.0,22.1,56.0,0.0,,190.0,11.0,,1001.0,,5.0
2025-07-16,9,32.0,22.1,56.0,0.0,,200.0,19.0,,1001.0,,3.0
2025-07-16,10,32.0,23.0,59.0,0.0,,180.0,17.0,,1000.0,,3.0
2025-07-16,11,31.0,23.1,63.0,0.0,,190.0,13.0,,1000.0,,5.0
2025-07-16,12,31.0,23.1,63.0,0.0,,220.0,15.0,,1000.0,,5.0
2025-07-16,13,31.0,23.1,63.0,0.0,,180.0,19.0,,1000.0,,5.0
2025-07-16,14,30.0,23.0,66.0,0.0,,180.0,13.0,,1001.0,,5.0
2025-07-16,15,30.0,23.0,66.0,0.0,,170.0,11.0,,1001.0,,5.0
2025-07-16,16,29.0,25.0,79.0,0.0,,190.0,17.0,,1002.0,,5.0
2025-07-16,17,28.0,22.9,74.0,0.0,,180.0,19.0,,1002.0,,5.0
2025-07-16,18,28.0,24.0,79.0,0.0,,160.0,17.0,,1002.0,,5.0
2025-07-16,19,28.0,24.0,79.0,0.0,,170.0,15.0,,1002.0,,5.0
2025-07-16,20,28.0,24.0,79.0,0.0,,200.0,13.0,,1002.0,,5.0
2025-07-16,21,28.0,22.9,74.0,0.0,,230.0,13.0,,1002.0,,5.0
2025-07-16,22,28.0,22.9,74.0,0.0,,250.0,15.0,,1002.0,,5.0
2025-07-16,23,28.0,22.9,74.0,0.0,,230.0,7.0,,1002.0,,5.0
2025-07-17,0,27.0,23.0,79.0,0.0,,230.0,9.0,,1002.0,,5.0
2025-07-17,1,28.7,25.5,83.0,0.0,,246.0,5.5,,1002.4,,3.0
2025-07-17,2,28.0,22.9,74.0,0.5,,200.0,13.0,,1004.0,,5.0
2025-07-17,3,28.0,22.9,74.0,0.0,,200.0,17.0,,1004.0,,5.0
2025-07-17,4,30.0,23.0,66.0,0.0,,200.0,9.0,,1004.0,,5.0
2025-07-17,5,31.0,22.1,59.0,0.0,,230.0,4.0,,1004.0,,5.0
2025-07-17,6,31.0,22.1,59.0,0.1,,210.0,6.0,,1003.0,,3.0
2025-07-17,7,32.0,20.9,52.0,0.0,,230.0,13.0,,1003.0,,3.0
2025-07-17,8,32.0,20.9,52.0,0.0,,230.0,13.0,,1003.0,,3.0
2025-07-17,9,32.0,20.9,52.0,0.0,,230.0,13.0,,1002.0,,3.0
2025-07-17,10,32.0,20.0,49.0,0.0,,240.0,7.0,,1001.0,,3.0
2025-07-17,11,32.0,20.9,52.0,0.0,,190.0,11.0,,1000.0,,3.0
2025-07-17,12,31.0,20.9,55.0,0.0,,200.0,7.0,,1001.0,,3.0
2025-07-17,13,31.0,22.1,59.0,0.0,,170.0,11.0,,1001.0,,3.0
2025-07-17,14,30.0,21.9,62.0,0.0,,180.0,9.0,,1001.0,,5.0
2025-07-17,15,30.0,21.9,62.0,0.0,,180.0,9.0,,1002.0,,5.0
2025-07-17,16,30.0,21.9,62.0,0.0,,170.0,17.0,,1003.0,,5.0
2025-07-17,17,29.0,23.0,70.0,0.0,,180.0,22.0,,1003.0,,5.0
2025-07-17,18,29.0,24.1,75.0,0.0,,170.0,13.0,,1003.0,,5.0
2025-07-17,19,28.0,24.0,79.0,0.1,,160.0,15.0,,1002.0,,5.0
2025-07-17,20,28.0,24.0,79.0,0.0,,190.0,19.0,,1002.0,,5.0
2025-07-17,21,28.0,24.0,79.0,0.0,,180.0,13.0,,1002.0,,5.0
2025-07-17,22,27.0,24.1,84.0,0.1,,190.0,15.0,,1002.0,,5.0
2025-07-17,23,29.2,25.4,80.0,0.0,,212.0,7.4,,1002.3,,3.0
2025-07-18,0,28.0,22.9,74.0,0.0,,230.0,15.0,,1002.0,,5.0
2025-07-18,1,29.2,25.4,80.0,0.0,,234.0,5.5,,1002.8,,3.0
2025-07-18,2,27.0,24.1,84.0,0.0,,200.0,13.0,,1003.0,,5.0
2025-07-18,3,28.0,22.9,74.0,0.6,,190.0,13.0,,1004.0,,5.0
2025-07-18,4,29.0,23.0,70.0,0.0,,270.0,7.0,,1004.0,,5.0
2025-07-18,5,30.0,23.0,66.0,0.0,,260.0,11.0,,1004.0,,5.0
2025-07-18,6,30.0,23.0,66.0,0.3,,220.0,9.0,,1004.0,,5.0
2025-07-18,7,31.0,22.1,59.0,0.2,,250.0,9.0,,1003.0,,5.0
2025-07-18,8,31.0,22.1,59.0,0.0,,210.0,17.0,,1002.0,,5.0
2025-07-18,9,31.0,22.1,59.0,0.0,,220.0,13.0,,1002.0,,3.0
2025-07-18,10,31.0,20.9,55.0,0.0,,210.0,17.0,,1002.0,,3.0
2025-07-18,11,31.0,20.9,55.0,0.5,,190.0,9.0,,1001.0,,3.0
2025-07-18,12,30.0,21.9,62.0,0.0,,210.0,9.0,,1000.0,,3.0
2025-07-18,13,30.0,21.9,62.0,0.0,,200.0,7.0,,1001.0,,3.0
2025-07-18,14,30.0,21.9,62.0,0.0,,190.0,7.0,,1001.0,,5.0
2025-07-18,15,29.0,22.0,66.0,0.0,,200.0,15.0,,1001.0,,5.0
2025-07-18,16,29.0,23.0,70.0,0.0,,170.0,20.0,,1001.0,,5.0
2025-07-18,17,28.0,22.9,74.0,0.0,,190.0,19.0,,1001.0,,5.0
2025-07-18,18,28.0,24.0,79.0,0.2,,150.0,19.0,,1001.0,,5.0
2025-07-18,19,28.0,24.0,79.0,0.3,,160.0,15.0,,1000.0,,5.0
2025-07-18,20,27.0,25.0,89.0,0.2,,240.0,19.0,,1000.0,,5.0
2025-07-18,21,25.0,23.1,89.0,0.0,,200.0,9.0,,1000.0,,7.0
2025-07-18,22,26.0,23.1,84.0,0.0,,210.0,19.0,,998.0,,5.0
2025-07-18,23,26.0,23.1,84.0,0.0,,210.0,13.0,,999.0,,5.0
2025-07-19,0,26.0,24.0,89.0,0.2,,200.0,17.0,,999.0,,5.0
2025-07-19,1,27.0,25.0,89.0,0.8,,210.0,19.0,,1000.0,,5.0
2025-07-19,2,27.0,24.1,84.0,1.1,,220.0,11.0,,1001.0,,5.0
2025-07-19,3,27.0,24.1,84.0,1.2,,200.0,17.0,,1001.0,,5.0
2025-07-19,4,28.0,24.0,79.0,1.3,,190.0,19.0,,1001.0,,5.0
2025-07-19,5,28.0,24.0,79.0,0.3,,200.0,22.0,,1001.0,,5.0
2025-07-19,6,26.0,23.1,84.0,0.3,,270.0,15.0,,1001.0,,5.0
2025-07-19,7,26.0,24.0,89.0,0.4,,280.0,6.0,,1001.0,,7.0
2025-07-19,8,26.0,24.0,89.0,1.1,,290.0,7.0,,1000.0,,5.0
2025-07-19,9,26.0,24.0,89.0,0.3,,50.0,6.0,,999.0,,5.0
2025-07-19,10,29.0,24.1,75.0,0.0,,250.0,6.0,,998.0,,5.0
2025-07-19,11,29.0,24.1,75.0,0.2,,247.0,4.0,,997.0,,5.0
2025-07-19,12,31.3,25.4,71.0,0.2,,253.0,5.5,,998.3,,3.0
2025-07-19,13,30.7,25.5,74.0,0.0,,247.0,5.5,,998.6,,3.0
2025-07-19,14,27.0,23.0,79.0,0.0,,250.0,7.0,,998.0,,5.0
2025-07-19,15,27.0,23.0,79.0,0.5,,250.0,6.0,,999.0,,5.0
2025-07-19,16,26.0,23.1,84.0,0.0,,190.0,6.0,,999.0,,5.0
2025-07-19,17,27.0,24.1,84.0,0.0,,220.0,6.0,,1000.0,,5.0
2025-07-19,18,26.0,24.0,89.0,0.0,,180.0,7.0,,1000.0,,5.0
2025-07-19,19,26.0,24.0,89.0,0.0,,160.0,6.0,,999.0,,5.0
2025-07-19,20,26.0,24.0,89.0,0.3,,170.0,9.0,,998.0,,5.0
2025-07-19,21,26.0,24.0,89.0,0.4,,180.0,19.0,,998.0,,5.0
2025-07-19,22,26.0,24.0,89.0,0.0,,190.0,15.0,,998.0,,5.0
2025-07-19,23,25.0,23.1,89.0,0.4,,170.0,15.0,,997.0,,5.0
2025-07-20,0,26.0,23.1,84.0,0.2,,180.0,11.0,,998.0,,5.0
2025-07-20,1,25.0,23.1,89.0,0.3,,170.0,13.0,,999.0,,5.0
2025-07-20,2,26.0,24.0,89.0,0.3,,190.0,13.0,,999.0,,5.0
2025-07-20,3,26.0,23.1,84.0,0.0,,190.0,17.0,,1000.0,,5.0
2025-07-20,4,27.0,23.0,79.0,0.0,,190.0,13.0,,1000.0,,5.0
2025-07-20,5,27.0,23.0,79.0,0.2,,210.0,19.0,,1000.0,,5.0
2025-07-20,6,28.0,24.0,79.0,0.1,,220.0,19.0,,1000.0,,5.0
2025-07-20,7,29.0,24.1,75.0,0.0,,170.0,19.0,,999.0,,5.0
2025-07-20,8,29.0,23.0,70.0,0.3,,170.0,9.0,,998.0,,5.0
2025-07-20,9,30.0,23.0,66.0,1.4,,200.0,13.0,,998.0,,5.0
2025-07-20,10,30.0,23.0,66.0,0.4,,130.0,9.0,,997.0,,5.0
2025-07-20,11,30.0,23.9,70.0,0.0,,160.0,19.0,,996.0,,5.0
2025-07-20,12,29.0,24.1,75.0,0.8,,220.0,15.0,,997.0,,5.0
2025-07-20,13,29.0,24.1,75.0,0.0,,160.0,15.0,,997.0,,5.0
2025-07-20,14,28.0,24.0,79.0,0.0,,200.0,19.0,,998.0,,3.0
2025-07-20,15,28.0,24.0,79.0,0.0,,180.0,19.0,,999.0,,5.0
2025-07-20,16,28.0,24.0,79.0,0.0,,170.0,17.0,,999.0,,5.0
2025-07-20,17,28.0,24.0,79.0,0.0,,180.0,19.0,,1000.0,,5.0
2025-07-20,18,27.0,24.1,84.0,0.0,,170.0,19.0,,1000.0,,5.0
2025-07-20,19,27.0,24.1,84.0,0.0,,140.0,15.0,,1000.0,,5.0
2025-07-20,20,27.0,24.1,84.0,0.0,,160.0,13.0,,999.0,,5.0
2025-07-20,21,26.0,25.0,94.0,0.1,,220.0,9.0,,999.0,,5.0
2025-07-20,22,26.0,25.0,94.0,0.0,,150.0,6.0,,999.0,,5.0
2025-07-20,23,26.0,24.0,89.0,0.4,,217.0,5.5,,999.0,,5.0
2025-07-21,0,26.0,24.0,89.0,0.0,,216.0,5.5,,1000.0,,3.0
2025-07-21,1,26.0,25.0,94.0,0.3,,216.0,5.5,,1001.0,,5.0
2025-07-21,2,26.0,25.0,94.0,0.1,,200.0,6.0,,1001.0,,5.0
2025-07-21,3,26.0,25.0,94.0,0.0,,230.0,9.0,,1001.0,,3.0
2025-07-21,4,26.0,24.0,89.0,0.1,,220.0,6.0,,1002.0,,7.0
2025-07-21,5,27.0,25.0,89.0,0.0,,220.0,4.0,,1002.0,,7.0
2025-07-21,6,28.0,25.0,84.0,0.0,,200.0,9.0,,1001.0,,4.0
2025-07-21,7,26.0,24.0,89.0,0.0,,240.0,4.0,,1001.0,,3.0
2025-07-21,8,25.0,24.0,94.0,0.6,,209.0,6.0,,1001.0,,3.0
2025-07-21,9,28.0,24.0,79.0,0.8,,207.0,4.0,,1000.0,,3.0
2025-07-21,10,29.0,24.1,75.0,0.0,,40.0,6.0,,1000.0,,7.0
2025-07-21,11,28.0,24.0,79.0,0.0,,50.0,6.0,,1000.0,,5.0
2025-07-21,12,28.0,24.0,79.0,0.1,,20.0,6.0,,1000.0,,5.0
2025-07-21,13,28.0,25.0,84.0,0.8,,160.0,7.0,,1000.0,,5.0
2025-07-21,14,28.0,25.0,84.0,0.0,,150.0,4.0,,1000.0,,5.0
2025-07-21,15,28.0,25.0,84.0,0.0,,160.0,6.0,,1001.0,,5.0
2025-07-21,16,28.0,25.0,84.0,0.0,,180.0,9.0,,1002.0,,5.0
2025-07-21,17,28.0,25.0,84.0,0.0,,190.0,15.0,,1002.0,,5.0
2025-07-21,18,27.0,25.0,89.0,0.0,,180.0,9.0,,1002.0,,5.0
2025-07-21,19,27.0,25.0,89.0,0.0,,200.0,11.0,,1002.0,,5.0
2025-07-21,20,27.0,24.1,84.0,0.0,,210.0,9.0,,1002.0,,5.0
2025-07-21,21,27.0,24.1,84.0,0.0,,190.0,9.0,,1001.0,,5.0
2025-07-21,22,27.0,24.1,84.0,0.0,,170.0,7.0,,1001.0,,5.0
2025-07-21,23,26.0,24.0,89.0,0.0,,220.0,9.0,,1001.0,,5.0
2025-07-22,0,26.0,24.0,89.0,0.1,,220.0,7.0,,1001.0,,5.0
2025-07-22,1,26.0,24.0,89.0,0.2,,230.0,6.0,,1002.0,,5.0
2025-07-22,2,27.0,24.1,84.0,0.3,,220.0,11.0,,1002.0,,5.0
2025-07-22,3,28.0,24.0,79.0,0.3,,260.0,11.0,,1003.0,,5.0
2025-07-22,4,28.0,22.9,74.0,0.0,,200.0,11.0,,1003.0,,5.0
2025-07-22,5,29.0,23.0,70.0,0.0,,280.0,9.0,,1003.0,,5.0
2025-07-22,6,30.0,23.9,70.0,0.0,,300.0,7.0,,1003.0,,5.0
2025-07-22,7,31.0,23.1,63.0,0.0,,270.0,7.0,,1002.0,,5.0
2025-07-22,8,31.0,23.1,63.0,0.0,,200.0,20.0,,1001.0,,5.0
2025-07-22,9,32.0,22.1,56.0,0.0,,240.0,11.0,,1000.0,,7.0
2025-07-22,10,32.0,23.0,59.0,0.0,,250.0,11.0,,999.0,,3.0
2025-07-22,11,32.0,23.0,59.0,0.0,,260.0,9.0,,998.0,,3.0
2025-07-22,12,32.0,24.1,63.0,0.5,,240.0,7.0,,998.0,,5.0
2025-07-22,13,30.0,23.9,70.0,0.0,,180.0,9.0,,999.0,,5.0
2025-07-22,14,31.3,26.3,75.0,0.0,,226.0,5.5,,999.9,,3.0
2025-07-22,15,29.0,25.0,79.0,0.0,,150.0,13.0,,1000.0,,5.0
2025-07-22,16,28.0,25.0,84.0,0.0,,190.0,19.0,,1001.0,,3.0
2025-07-22,17,28.0,22.9,74.0,0.0,,210.0,11.0,,1001.0,,5.0
2025-07-22,18,27.0,23.0,79.0,0.0,,230.0,6.0,,1001.0,,5.0
2025-07-22,19,27.0,24.1,84.0,0.2,,210.0,15.0,,1001.0,,5.0
2025-07-22,20,28.0,22.9,74.0,0.4,,220.0,13.0,,1000.0,,5.0
2025-07-22,21,28.0,22.9,74.0,0.1,,220.0,15.0,,1000.0,,5.0
2025-07-22,22,27.0,23.0,79.0,0.8,,240.0,13.0,,999.0,,5.0
2025-07-22,23,27.0,23.0,79.0,3.6,,260.0,7.0,,999.0,,5.0
2025-07-23,0,27.0,23.0,79.0,0.2,,220.0,4.0,,1000.0,,5.0
2025-07-23,1,27.0,23.0,79.0,0.0,,190.0,7.0,,1000.0,,5.0
2025-07-23,2,27.0,23.0,79.0,0.0,,210.0,9.0,,1000.0,,5.0
2025-07-23,3,28.0,22.9,74.0,0.0,,220.0,13.0,,1001.0,,5.0
2025-07-23,4,29.0,22.0,66.0,0.0,,260.0,11.0,,1001.0,,5.0
2025-07-23,5,29.0,23.0,70.0,0.0,,240.0,9.0,,1001.0,,5.0
2025-07-23,6,29.0,22.0,66.0,0.0,,240.0,15.0,,1001.0,,5.0
2025-07-23,7,32.2,25.5,68.0,0.0,,241.0,5.5,,1000.6,,4.0
2025-07-23,8,32.7,25.5,66.0,0.0,,237.0,5.5,,1000.0,,3.0
2025-07-23,9,33.3,25.3,63.0,0.0,,234.0,5.5,,999.4,,3.0
2025-07-23,10,33.0,25.3,64.0,0.0,,209.0,3.7,,998.1,,4.0
2025-07-23,11,32.9,25.2,64.0,0.1,,217.0,5.5,,997.7,,4.0
2025-07-23,12,32.7,25.5,66.0,0.2,,223.0,5.5,,997.2,,4.0
2025-07-23,13,29.0,23.0,70.0,0.0,,200.0,17.0,,997.0,,5.0
2025-07-23,14,29.0,23.0,70.0,0.0,,210.0,17.0,,997.0,,5.0
2025-07-23,15,28.0,22.9,74.0,0.0,,190.0,19.0,,998.0,,5.0
2025-07-23,16,28.0,22.9,74.0,0.1,,200.0,19.0,,999.0,,5.0
2025-07-23,17,28.0,22.0,70.0,0.2,,190.0,19.0,,999.0,,5.0
2025-07-23,18,28.0,22.0,70.0,0.1,,190.0,15.0,,999.0,,5.0
2025-07-23,19,28.0,22.0,70.0,0.1,,220.0,15.0,,999.0,,5.0
2025-07-23,20,28.0,22.0,70.0,0.0,,210.0,22.0,,998.0,,5.0
2025-07-23,21,27.0,23.0,79.0,0.0,,210.0,11.0,,998.0,,5.0
2025-07-23,22,27.0,23.0,79.0,0.0,,200.0,15.0,,998.0,,5.0
2025-07-23,23,27.0,23.0,79.0,0.0,,200.0,13.0,,998.0,,5.0
2025-07-24,0,26.0,23.1,84.0,0.0,,180.0,13.0,,998.0,,5.0
2025-07-24,1,27.0,23.0,79.0,0.0,,180.0,15.0,,999.0,,5.0
2025-07-24,2,27.0,23.0,79.0,0.0,,180.0,15.0,,999.0,,5.0
2025-07-24,3,27.0,22.0,74.0,0.0,,200.0,13.0,,999.0,,5.0
2025-07-24,4,28.0,22.9,74.0,0.0,,170.0,15.0,,1000.0,,5.0
2025-07-24,5,29.0,22.0,66.0,0.0,,220.0,9.0,,1000.0,,5.0
2025-07-24,6,30.0,21.9,62.0,0.0,,220.0,9.0,,999.0,,5.0
2025-07-24,7,32.0,22.1,56.0,0.0,,190.0,15.0,,998.0,,5.0
2025-07-24,8,32.0,23.0,59.0,0.0,,210.0,11.0,,997.0,,5.0
2025-07-24,9,32.0,22.1,56.0,0.0,,230.0,15.0,,997.0,,3.0
2025-07-24,10,32.0,22.1,56.0,0.0,,200.0,13.0,,996.0,,3.0
2025-07-24,11,32.0,23.0,59.0,0.0,,160.0,17.0,,996.0,,3.0
2025-07-24,12,30.0,23.9,70.0,0.1,,180.0,24.0,,996.0,,5.0
2025-07-24,13,29.0,22.0,66.0,0.2,,190.0,19.0,,996.0,,5.0
2025-07-24,14,29.0,22.0,66.0,0.0,,190.0,19.0,,996.0,,5.0
2025-07-24,15,29.0,23.0,70.0,0.0,,180.0,17.0,,997.0,,5.0
2025-07-24,16,28.0,24.0,79.0,0.0,,180.0,19.0,,998.0,,5.0
2025-07-24,17,27.0,24.1,84.0,0.0,,160.0,15.0,,998.0,,5.0
2025-07-24,18,28.0,24.0,79.0,0.0,,170.0,19.0,,999.0,,5.0
2025-07-24,19,28.0,24.0,79.0,0.0,,190.0,9.0,,999.0,,5.0
2025-07-24,20,27.0,24.1,84.0,0.0,,200.0,15.0,,998.0,,5.0
2025-07-24,21,27.0,24.1,84.0,0.0,,190.0,20.0,,997.0,,5.0
2025-07-24,22,27.0,23.0,79.0,0.0,,190.0,19.0,,997.0,,5.0
2025-07-24,23,26.0,23.1,84.0,0.0,,180.0,11.0,,997.0,,5.0
2025-07-25,0,27.0,23.0,79.0,0.0,,180.0,9.0,,997.0,,5.0
2025-07-25,1,27.0,23.0,79.0,0.0,,190.0,11.0,,998.0,,5.0
2025-07-25,2,27.0,24.1,84.0,0.4,,200.0,11.0,,998.0,,5.0
2025-07-25,3,28.0,22.9,74.0,0.6,,180.0,9.0,,998.0,,5.0
2025-07-25,4,29.0,23.0,70.0,0.1,,240.0,6.0,,999.0,,5.0
2025-07-25,5,29.0,23.0,70.0,0.0,,260.0,7.0,,999.0,,3.0
2025-07-25,6,30.0,23.0,66.0,0.1,,240.0,9.0,,999.0,,5.0
2025-07-25,7,31.0,22.1,59.0,0.0,,260.0,4.0,,998.0,,5.0
2025-07-25,8,32.0,23.0,59.0,0.0,,220.0,4.0,,997.0,,5.0
2025-07-25,9,32.0,23.0,59.0,0.3,,220.0,9.0,,996.0,,5.0
2025-07-25,10,33.0,22.2,53.0,0.4,,210.0,11.0,,995.0,,5.0
2025-07-25,11,32.0,23.0,59.0,0.0,,180.0,19.0,,995.0,,3.0
2025-07-25,12,32.0,23.0,59.0,1.8,,210.0,13.0,,995.0,,3.0
2025-07-25,13,31.0,23.1,63.0,0.3,,200.0,19.0,,996.0,,5.0
2025-07-25,14,31.0,23.1,63.0,0.0,,200.0,19.0,,996.0,,5.0
2025-07-25,15,30.0,23.9,70.0,0.0,,180.0,17.0,,997.0,,5.0
2025-07-25,16,29.0,24.1,75.0,0.0,,180.0,15.0,,997.0,,5.0
2025-07-25,17,29.0,24.1,75.0,0.0,,180.0,15.0,,998.0,,5.0
2025-07-25,18,28.0,24.0,79.0,0.0,,180.0,13.0,,998.0,,5.0
2025-07-25,19,29.0,24.1,75.0,0.0,,230.0,9.0,,998.0,,5.0
2025-07-25,20,29.0,23.0,70.0,0.0,,220.0,11.0,,998.0,,5.0
2025-07-25,21,28.0,22.9,74.0,0.0,,230.0,15.0,,997.0,,5.0
2025-07-25,22,28.0,22.9,74.0,0.0,,240.0,11.0,,997.0,,5.0
2025-07-25,23,28.0,24.0,79.0,0.2,,230.0,13.0,,997.0,,5.0
2025-07-26,0,27.0,24.1,84.0,1.2,,240.0,17.0,,997.0,,5.0
2025-07-26,1,27.0,24.1,84.0,0.2,,250.0,9.0,,998.0,,5.0
2025-07-26,2,28.0,24.0,79.0,0.1,,240.0,13.0,,999.0,,5.0
2025-07-26,3,28.0,24.0,79.0,1.8,,240.0,9.0,,999.0,,5.0
2025-07-26,4,29.0,24.1,75.0,0.3,,270.0,15.0,,999.0,,5.0
2025-07-26,5,29.0,24.1,75.0,0.2,,270.0,11.0,,999.0,,5.0
2025-07-26,6,29.0,24.1,75.0,1.6,,220.0,19.0,,999.0,,5.0
2025-07-26,7,30.0,23.9,70.0,0.3,,230.0,11.0,,998.0,,5.0
2025-07-26,8,32.0,23.0,59.0,0.2,,240.0,11.0,,997.0,,5.0
2025-07-26,9,32.0,24.1,63.0,0.0,,260.0,15.0,,997.0,,4.0
2025-07-26,10,32.0,24.1,63.0,0.8,,260.0,11.0,,996.0,,3.0
2025-07-26,11,31.0,25.1,71.0,1.3,,250.0,15.0,,996.0,,5.0
2025-07-26,12,31.0,25.1,71.0,2.3,,240.0,11.0,,996.0,,5.0
2025-07-26,13,31.0,25.1,71.0,1.8,,240.0,17.0,,996.0,,5.0
2025-07-26,14,31.0,23.9,66.0,1.5,,270.0,15.0,,997.0,,5.0
2025-07-26,15,27.0,25.0,89.0,2.0,,260.0,15.0,,998.0,,7.0
2025-07-26,16,28.0,25.0,84.0,2.3,,270.0,9.0,,998.0,,25.0
2025-07-26,17,29.0,25.0,79.0,1.7,,250.0,19.0,,998.0,,5.0
2025-07-26,18,28.0,25.0,84.0,2.8,,250.0,9.0,,998.0,,5.0
2025-07-26,19,27.0,25.0,89.0,9.1,,290.0,9.0,,998.0,,7.0
2025-07-26,20,27.0,25.0,89.0,21.1,,290.0,9.0,,997.0,,7.0
2025-07-26,21,26.0,25.0,94.0,18.7,,290.0,22.0,,997.0,,9.0
2025-07-26,22,26.0,25.0,94.0,24.0,,280.0,24.0,,997.0,,25.0
2025-07-26,23,27.0,25.0,89.0,0.8,,310.0,24.0,,997.0,,25.0
2025-07-27,0,27.0,25.0,89.0,0.6,,330.0,19.0,,997.0,,9.0
2025-07-27,1,27.0,25.0,89.0,0.6,,360.0,11.0,,997.0,,9.0
2025-07-27,2,26.0,25.0,94.0,0.6,,330.0,7.0,,999.0,,9.0
2025-07-27,3,27.0,25.0,89.0,0.6,,350.0,7.0,,999.0,,9.0
2025-07-27,4,28.0,25.0,84.0,1.4,,320.0,7.0,,999.0,,9.0
2025-07-27,5,27.9,26.5,92.0,3.2,,252.0,5.5,,999.6,,9.0
2025-07-27,6,27.0,25.0,89.0,9.0,,310.0,11.0,,999.0,,9.0
2025-07-27,7,27.0,25.0,89.0,3.3,,260.0,11.0,,999.0,,9.0
2025-07-27,8,26.0,26.0,100.0,2.2,,310.0,11.0,,999.0,,9.0
2025-07-27,9,27.0,25.0,89.0,1.1,,320.0,9.0,,998.0,,9.0
2025-07-27,10,27.0,25.0,89.0,0.8,,300.0,15.0,,998.0,,9.0
2025-07-27,11,26.0,25.0,94.0,0.3,,290.0,9.0,,998.0,,9.0
2025-07-27,12,25.0,23.1,89.0,0.3,,250.0,11.0,,997.0,,9.0
2025-07-27,13,25.0,24.0,94.0,0.3,,200.0,9.0,,998.0,,8.0
2025-07-27,14,25.0,24.0,94.0,0.4,,190.0,9.0,,998.0,,8.0
2025-07-27,15,25.0,24.0,94.0,0.2,,220.0,11.0,,999.0,,5.0
2025-07-27,16,25.0,24.0,94.0,0.0,,210.0,11.0,,1000.0,,5.0
2025-07-27,17,26.0,25.0,94.0,0.0,,240.0,9.0,,1000.0,,9.0
2025-07-27,18,26.0,25.0,94.0,0.3,,270.0,6.0,,1000.0,,8.0
2025-07-27,19,26.0,25.0,94.0,0.4,,250.0,15.0,,1000.0,,8.0
2025-07-27,20,26.0,25.0,94.0,0.2,,230.0,15.0,,999.0,,5.0
2025-07-27,21,26.0,25.0,94.0,0.2,,250.0,7.0,,999.0,,5.0
2025-07-27,22,26.0,25.0,94.0,0.3,,250.0,11.0,,999.0,,5.0
2025-07-27,23,26.0,25.0,94.0,0.1,,240.0,15.0,,999.0,,5.0
2025-07-28,0,26.0,25.0,94.0,0.0,,250.0,11.0,,1000.0,,5.0
2025-07-28,1,26.0,25.0,94.0,0.0,,270.0,9.0,,1000.0,,7.0
2025-07-28,2,26.0,25.0,94.0,0.0,,250.0,7.0,,1001.0,,7.0
2025-07-28,3,26.0,25.0,94.0,0.2,,280.0,9.0,,1001.0,,8.0
2025-07-28,4,26.0,25.0,94.0,0.1,,300.0,11.0,,1001.0,,8.0
2025-07-28,5,26.0,25.0,94.0,0.0,,310.0,11.0,,1001.0,,7.0
2025-07-28,6,28.7,26.1,86.0,0.0,,238.0,5.5,,1001.2,,7.0
2025-07-28,7,29.0,26.2,85.0,0.0,,242.0,5.5,,1000.8,,7.0
2025-07-28,8,29.3,26.1,83.0,0.0,,246.0,5.5,,1000.3,,7.0
2025-07-28,9,29.6,26.2,82.0,0.0,,249.0,5.5,,999.9,,7.0
2025-07-28,10,27.9,26.7,93.0,0.0,,238.0,1.8,,999.8,,7.0
2025-07-28,11,27.0,24.1,84.0,0.0,,210.0,11.0,,999.0,,7.0
2025-07-28,12,27.0,24.1,84.0,0.0,,210.0,9.0,,999.0,,5.0
2025-07-28,13,27.0,24.1,84.0,0.0,,180.0,11.0,,1000.0,,5.0
2025-07-28,14,27.0,24.1,84.0,0.0,,190.0,9.0,,1000.0,,5.0
2025-07-28,15,27.0,24.1,84.0,0.0,,170.0,11.0,,1001.0,,5.0
2025-07-28,16,27.0,24.1,84.0,0.0,,190.0,9.0,,1001.0,,4.0
2025-07-28,17,26.0,24.0,89.0,1.2,,190.0,19.0,,1001.0,,5.0
2025-07-28,18,26.0,24.0,89.0,0.4,,210.0,9.0,,1001.0,,5.0
2025-07-28,19,26.0,24.0,89.0,0.7,,180.0,7.0,,1001.0,,4.0
2025-07-28,20,26.0,24.0,89.0,1.3,,200.0,15.0,,1001.0,,5.0
2025-07-28,21,26.0,23.1,84.0,0.8,,200.0,20.0,,1000.0,,5.0
2025-07-28,22,26.0,23.1,84.0,0.1,,210.0,17.0,,1000.0,,5.0
2025-07-28,23,26.0,23.1,84.0,0.0,,210.0,15.0,,1000.0,,5.0
2025-07-29,0,25.0,23.1,89.0,0.5,,220.0,15.0,,1000.0,,7.0
2025-07-29,1,25.0,23.1,89.0,0.0,,200.0,9.0,,1001.0,,7.0
2025-07-29,2,26.0,24.0,89.0,1.6,,180.0,13.0,,1001.0,,5.0
2025-07-29,3,26.0,23.1,84.0,2.1,,200.0,15.0,,1001.0,,5.0
2025-07-29,4,27.0,23.0,79.0,0.2,,200.0,19.0,,1002.0,,5.0
2025-07-29,5,27.0,23.0,79.0,0.2,,210.0,19.0,,1001.0,,5.0
2025-07-29,6,27.0,23.0,79.0,0.2,,190.0,9.0,,1001.0,,5.0
2025-07-29,7,27.0,23.0,79.0,0.0,,190.0,22.0,,1001.0,,5.0
2025-07-29,8,27.0,23.0,79.0,0.0,,200.0,9.0,,1001.0,,4.0
2025-07-29,9,28.0,22.9,74.0,0.0,,200.0,22.0,,1000.0,,5.0
2025-07-29,10,28.0,22.9,74.0,0.0,,190.0,15.0,,1000.0,,5.0
2025-07-29,11,28.0,22.9,74.0,0.2,,190.0,19.0,,999.0,,5.0
2025-07-29,12,27.0,24.1,84.0,0.1,,170.0,15.0,,999.0,,5.0
2025-07-29,13,27.0,24.1,84.0,0.0,,200.0,19.0,,999.0,,5.0
2025-07-29,14,27.0,23.0,79.0,0.0,,200.0,19.0,,1000.0,,5.0
2025-07-29,15,27.0,23.0,79.0,0.0,,190.0,19.0,,1000.0,,5.0
2025-07-29,16,27.0,24.1,84.0,0.0,,190.0,15.0,,1001.0,,5.0
2025-07-29,17,26.0,23.1,84.0,0.0,,190.0,17.0,,1001.0,,5.0
2025-07-29,18,26.0,23.1,84.0,0.0,,170.0,15.0,,1001.0,,5.0
2025-07-29,19,26.0,23.1,84.0,0.0,,190.0,11.0,,1000.0,,5.0
2025-07-29,20,26.0,23.1,84.0,0.0,,200.0,9.0,,1000.0,,5.0
2025-07-29,21,25.0,23.1,89.0,0.0,,190.0,15.0,,999.0,,5.0
2025-07-29,22,25.0,23.1,89.0,0.0,,190.0,15.0,,999.0,,5.0
2025-07-29,23,26.0,23.1,84.0,0.0,,210.0,22.0,,999.0,,5.0
2025-07-30,0,26.0,23.1,84.0,0.0,,180.0,19.0,,998.0,,5.0
2025-07-30,1,26.0,23.1,84.0,0.1,,170.0,15.0,,1000.0,,5.0
2025-07-30,2,26.0,23.1,84.0,0.1,,190.0,15.0,,1001.0,,5.0
2025-07-30,3,26.0,23.1,84.0,0.2,,170.0,19.0,,1001.0,,5.0
2025-07-30,4,27.0,23.0,79.0,0.0,,190.0,19.0,,1001.0,,5.0
2025-07-30,5,27.0,23.0,79.0,0.0,,190.0,22.0,,1001.0,,5.0
2025-07-30,6,28.0,22.9,74.0,0.0,,200.0,24.0,,1001.0,,5.0
2025-07-30,7,29.0,23.0,70.0,0.0,,200.0,19.0,,1001.0,,5.0
2025-07-30,8,29.0,23.0,70.0,0.0,,200.0,22.0,,1000.0,,5.0
2025-07-30,9,29.0,23.0,70.0,0.0,,190.0,19.0,,1000.0,,5.0
2025-07-30,10,29.0,23.0,70.0,0.0,,170.0,13.0,,999.0,,5.0
2025-07-30,11,29.0,23.0,70.0,0.0,,180.0,11.0,,999.0,,5.0
2025-07-30,12,29.0,24.1,75.0,0.0,,180.0,17.0,,999.0,,5.0
2025-07-30,13,28.0,24.0,79.0,0.0,,180.0,17.0,,1000.0,,5.0
2025-07-30,14,28.0,24.0,79.0,0.0,,140.0,15.0,,1000.0,,5.0
2025-07-30,15,28.0,24.0,79.0,0.0,,130.0,15.0,,1001.0,,5.0
2025-07-30,16,28.0,24.0,79.0,0.0,,150.0,30.0,,1001.0,,5.0
2025-07-30,17,27.0,24.1,84.0,0.0,,170.0,17.0,,1001.0,,5.0
2025-07-30,18,27.0,22.0,74.0,0.0,,190.0,20.0,,1001.0,,5.0
2025-07-30,19,27.0,23.0,79.0,0.0,,200.0,19.0,,1001.0,,5.0
2025-07-30,20,26.0,23.1,84.0,0.0,,200.0,13.0,,1001.0,,5.0
2025-07-30,21,27.9,24.9,84.0,0.0,,225.0,7.4,,1000.8,,4.0
2025-07-30,22,26.0,23.1,84.0,0.0,,210.0,20.0,,1000.0,,5.0
2025-07-30,23,26.0,23.1,84.0,0.0,,200.0,15.0,,1000.0,,5.0
2025-07-31,0,26.0,23.1,84.0,0.0,,190.0,17.0,,1000.0,,5.0
2025-07-31,1,26.0,23.1,84.0,0.0,,180.0,19.0,,1001.0,,5.0
2025-07-31,2,26.0,23.1,84.0,0.0,,190.0,22.0,,1001.0,,5.0
2025-07-31,3,26.0,23.1,84.0,0.0,,170.0,15.0,,1002.0,,5.0
2025-07-31,4,27.0,23.0,79.0,0.0,,190.0,15.0,,1003.0,,5.0
2025-07-31,5,27.0,23.0,79.0,0.0,,170.0,9.0,,1003.0,,5.0
2025-07-31,6,28.0,22.9,74.0,0.0,,190.0,17.0,,1002.0,,5.0
2025-07-31,7,28.0,22.9,74.0,0.0,,180.0,15.0,,1002.0,,5.0
2025-07-31,8,28.0,22.9,74.0,0.0,,180.0,15.0,,1001.0,,5.0
2025-07-31,9,28.0,22.9,74.0,0.0,,160.0,15.0,,1001.0,,5.0
2025-07-31,10,28.0,22.9,74.0,0.0,,180.0,20.0,,1001.0,,5.0
2025-07-31,11,29.0,23.0,70.0,0.0,,170.0,17.0,,1001.0,,5.0
2025-07-31,12,29.0,23.0,70.0,0.0,,170.0,11.0,,1001.0,,5.0
2025-07-31,13,29.0,23.0,70.0,0.0,,170.0,13.0,,1001.0,,5.0
2025-07-31,14,28.0,22.9,74.0,0.0,,150.0,7.0,,1001.0,,5.0
2025-07-31,15,28.0,24.0,79.0,0.0,,150.0,11.0,,1002.0,,5.0
2025-07-31,16,27.0,24.1,84.0,0.1,,160.0,15.0,,1002.0,,5.0
2025-07-31,17,27.0,24.1,84.0,0.4,,180.0,11.0,,1002.0,,5.0
2025-07-31,18,27.0,24.1,84.0,0.2,,190.0,7.0,,1003.0,,5.0
2025-07-31,19,27.0,22.0,74.0,0.0,,210.0,19.0,,1002.0,,5.0
2025-07-31,20,27.0,22.0,74.0,0.0,,210.0,15.0,,1002.0,,5.0
2025-07-31,21,26.0,22.1,79.0,0.0,,200.0,22.0,,1001.0,,5.0
2025-07-31,22,26.0,22.1,79.0,0.0,,190.0,19.0,,1001.0,,5.0
2025-07-31,23,27.7,24.7,84.0,0.0,,227.0,7.4,,1002.1,,3.0
2025-08-01,0,25.0,23.1,89.0,0.0,,180.0,11.0,,1002.0,,5.0
2025-08-01,1,26.0,23.1,84.0,0.0,,170.0,11.0,,1003.0,,5.0
2025-08-01,2,26.0,23.1,84.0,0.0,,190.0,9.0,,1003.0,,5.0
2025-08-01,3,27.0,22.0,74.0,0.0,,200.0,19.0,,1004.0,,5.0
2025-08-01,4,28.0,22.9,74.0,0.0,,190.0,20.0,,1004.0,,5.0
2025-08-01,5,29.9,25.4,77.0,0.2,,226.0,9.3,,1004.1,,3.0
2025-08-01,6,28.0,22.0,70.0,0.0,,190.0,15.0,,1004.0,,5.0
2025-08-01,7,29.0,22.0,66.0,0.0,,220.0,24.0,,1003.0,,5.0
2025-08-01,8,29.0,22.0,66.0,0.0,,200.0,19.0,,1003.0,,5.0
2025-08-01,9,29.0,22.0,66.0,0.0,,210.0,9.0,,1002.0,,5.0
2025-08-01,10,30.0,21.9,62.0,0.0,,200.0,19.0,,1002.0,,5.0
2025-08-01,11,30.0,23.0,66.0,0.0,,230.0,11.0,,1001.0,,5.0
2025-08-01,12,30.0,21.9,62.0,0.0,,210.0,9.0,,1002.0,,5.0
2025-08-01,13,30.0,21.9,62.0,0.0,,180.0,13.0,,1002.0,,5.0
2025-08-01,14,26.0,24.0,89.0,0.0,,180.0,4.0,,1003.0,,3.0
2025-08-01,15,27.0,24.1,84.0,0.0,,140.0,6.0,,1003.0,,5.0
2025-08-01,16,28.0,24.0,79.0,0.0,,230.0,4.0,,1004.0,,5.0
2025-08-01,17,28.0,22.9,74.0,0.1,,210.0,9.0,,1004.0,,5.0
2025-08-01,18,27.0,23.0,79.0,0.2,,210.0,7.0,,1003.0,,5.0
2025-08-01,19,27.0,23.0,79.0,0.0,,210.0,11.0,,1003.0,,5.0
2025-08-01,20,27.0,22.0,74.0,0.0,,220.0,11.0,,1003.0,,5.0
2025-08-01,21,27.0,22.0,74.0,0.0,,210.0,20.0,,1003.0,,5.0
2025-08-01,22,26.0,22.1,79.0,0.0,,220.0,19.0,,1002.0,,5.0
2025-08-01,23,25.0,22.1,84.0,0.0,,220.0,13.0,,1003.0,,5.0
2025-08-02,0,25.0,22.1,84.0,0.0,,210.0,15.0,,1003.0,,5.0
2025-08-02,1,25.0,22.1,84.0,0.0,,210.0,11.0,,1004.0,,5.0
2025-08-02,2,26.0,23.1,84.0,0.0,,180.0,9.0,,1004.0,,5.0
2025-08-02,3,27.0,22.0,74.0,0.0,,180.0,11.0,,1005.0,,5.0
2025-08-02,4,28.0,22.0,70.0,0.2,,200.0,9.0,,1005.0,,5.0
2025-08-02,5,28.0,22.0,70.0,0.0,,220.0,6.0,,1005.0,,5.0
2025-08-02,6,29.0,22.0,66.0,0.0,,210.0,6.0,,1004.0,,5.0
2025-08-02,7,30.0,21.1,59.0,0.0,,220.0,15.0,,1004.0,,5.0
2025-08-02,8,30.0,21.9,62.0,0.0,,200.0,9.0,,1003.0,,5.0
2025-08-02,9,27.0,22.0,74.0,0.0,,300.0,9.0,,1003.0,,5.0
2025-08-02,10,32.1,24.9,66.0,0.0,,232.0,3.7,,1002.8,,3.0
2025-08-02,11,28.0,22.0,70.0,0.1,,150.0,11.0,,1002.0,,3.0
2025-08-02,12,28.0,22.0,70.0,0.2,,200.0,9.0,,1002.0,,5.0
2025-08-02,13,28.0,22.0,70.0,0.0,,140.0,9.0,,1002.0,,5.0
2025-08-02,14,27.0,24.1,84.0,0.0,,90.0,11.0,,1003.0,,5.0
2025-08-02,15,27.0,23.0,79.0,0.0,,140.0,7.0,,1003.0,,5.0
2025-08-02,16,26.0,23.1,84.0,0.2,,170.0,9.0,,1004.0,,5.0
2025-08-02,17,26.0,23.1,84.0,0.2,,190.0,13.0,,1004.0,,5.0
2025-08-02,18,26.0,23.1,84.0,0.1,,180.0,11.0,,1004.0,,5.0
2025-08-02,19,25.0,23.1,89.0,0.0,,180.0,15.0,,1004.0,,4.0
2025-08-02,20,25.0,23.1,89.0,0.0,,180.0,11.0,,1003.0,,4.0
2025-08-02,21,24.0,23.0,94.0,0.0,,180.0,19.0,,1003.0,,4.0
2025-08-02,22,24.0,22.1,89.0,0.3,,190.0,15.0,,1003.0,,4.0
2025-08-02,23,24.0,23.0,94.0,6.3,,240.0,6.0,,1003.0,,4.0
2025-08-03,0,24.0,23.0,94.0,2.9,,234.0,5.5,,1004.0,,4.0
2025-08-03,1,25.0,23.1,89.0,0.6,,180.0,7.0,,1004.0,,4.0
2025-08-03,2,25.0,23.1,89.0,0.0,,200.0,11.0,,1005.0,,3.0
2025-08-03,3,26.0,23.1,84.0,0.0,,180.0,11.0,,1005.0,,3.0
2025-08-03,4,27.0,23.0,79.0,0.0,,200.0,9.0,,1006.0,,5.0
2025-08-03,5,27.0,23.0,79.0,0.0,,190.0,9.0,,1006.0,,5.0
2025-08-03,6,28.0,22.0,70.0,0.1,,240.0,7.0,,1006.0,,5.0
2025-08-03,7,29.0,22.0,66.0,0.0,,246.0,4.0,,1005.0,,5.0
2025-08-03,8,30.0,21.1,59.0,0.0,,200.0,11.0,,1004.0,,5.0
2025-08-03,9,31.0,20.9,55.0,0.0,,180.0,15.0,,1004.0,,3.0
2025-08-03,10,31.0,22.1,59.0,0.0,,180.0,15.0,,1003.0,,3.0
2025-08-03,11,30.0,21.9,62.0,0.0,,170.0,15.0,,1003.0,,3.0
2025-08-03,12,30.0,21.9,62.0,0.1,,190.0,17.0,,1003.0,,3.0
2025-08-03,13,30.0,23.0,66.0,0.0,,170.0,11.0,,1003.0,,5.0
2025-08-03,14,27.0,23.0,79.0,0.0,,190.0,22.0,,1004.0,,5.0
2025-08-03,15,27.0,23.0,79.0,0.0,,160.0,22.0,,1005.0,,5.0
2025-08-03,16,27.0,23.0,79.0,0.0,,170.0,9.0,,1005.0,,5.0
2025-08-03,17,27.0,23.0,79.0,0.0,,180.0,22.0,,1005.0,,5.0
2025-08-03,18,27.0,23.0,79.0,0.0,,170.0,19.0,,1005.0,,5.0
2025-08-03,19,27.0,23.0,79.0,0.0,,210.0,15.0,,1005.0,,5.0
2025-08-03,20,26.0,23.1,84.0,0.0,,190.0,17.0,,1005.0,,5.0
2025-08-03,21,26.0,23.1,84.0,0.0,,190.0,13.0,,1004.0,,5.0
2025-08-03,22,26.0,23.1,84.0,0.0,,180.0,13.0,,1005.0,,5.0
2025-08-03,23,26.0,22.1,79.0,0.0,,180.0,7.0,,1005.0,,5.0
2025-08-04,0,26.0,22.1,79.0,0.0,,190.0,13.0,,1006.0,,5.0
2025-08-04,1,26.0,23.1,84.0,0.0,,200.0,13.0,,1006.0,,5.0
2025-08-04,2,27.0,22.0,74.0,0.0,,210.0,11.0,,1007.0,,5.0
2025-08-04,3,28.0,22.0,70.0,0.0,,220.0,17.0,,1007.0,,5.0
2025-08-04,4,28.0,22.0,70.0,0.0,,230.0,13.0,,1007.0,,5.0
2025-08-04,5,29.0,22.0,66.0,0.0,,190.0,17.0,,1007.0,,5.0
2025-08-04,6,30.0,21.9,62.0,0.1,,200.0,19.0,,1007.0,,5.0
2025-08-04,7,31.0,20.9,55.0,0.2,,170.0,17.0,,1006.0,,3.0
2025-08-04,8,31.0,20.9,55.0,0.1,,210.0,20.0,,1005.0,,3.0
2025-08-04,9,30.0,21.9,62.0,0.0,,180.0,19.0,,1005.0,,3.0
2025-08-04,10,30.0,23.0,66.0,0.0,,210.0,19.0,,1004.0,,3.0
2025-08-04,11,29.0,22.0,66.0,0.0,,210.0,19.0,,1004.0,,3.0
2025-08-04,12,29.0,22.0,66.0,0.0,,200.0,19.0,,1004.0,,3.0
2025-08-04,13,29.0,21.0,62.0,0.0,,240.0,19.0,,1004.0,,3.0
2025-08-04,14,27.0,22.0,74.0,0.0,,190.0,19.0,,1005.0,,5.0
2025-08-04,15,27.0,22.0,74.0,0.0,,190.0,22.0,,1005.0,,5.0
2025-08-04,16,27.0,22.0,74.0,0.0,,200.0,17.0,,1006.0,,5.0
2025-08-04,17,27.0,22.0,74.0,0.0,,180.0,11.0,,1006.0,,5.0
2025-08-04,18,27.0,22.0,74.0,0.1,,180.0,11.0,,1006.0,,5.0
2025-08-04,19,27.0,23.0,79.0,0.0,,190.0,17.0,,1005.0,,5.0
2025-08-04,20,27.0,23.0,79.0,0.0,,190.0,20.0,,1005.0,,5.0
2025-08-04,21,27.0,23.0,79.0,0.0,,180.0,19.0,,1005.0,,5.0
2025-08-04,22,26.0,23.1,84.0,0.0,,220.0,11.0,,1004.0,,5.0
2025-08-04,23,26.0,23.1,84.0,0.0,,200.0,11.0,,1004.0,,5.0
2025-08-05,0,26.0,22.1,79.0,0.0,,190.0,15.0,,1005.0,,5.0
2025-08-05,1,26.0,22.1,79.0,0.0,,190.0,9.0,,1006.0,,5.0
2025-08-05,2,26.0,22.1,79.0,0.0,,200.0,13.0,,1006.0,,5.0
2025-08-05,3,27.0,22.0,74.0,0.0,,170.0,15.0,,1006.0,,5.0
2025-08-05,4,27.0,22.0,74.0,0.0,,190.0,19.0,,1007.0,,5.0
2025-08-05,5,28.0,22.0,70.0,0.0,,200.0,15.0,,1007.0,,5.0
2025-08-05,6,29.0,23.0,70.0,0.0,,180.0,17.0,,1007.0,,5.0
2025-08-05,7,30.0,21.9,62.0,0.0,,170.0,13.0,,1006.0,,5.0
2025-08-05,8,30.0,21.1,59.0,0.0,,180.0,11.0,,1005.0,,5.0
2025-08-05,9,30.0,21.1,59.0,0.0,,230.0,15.0,,1005.0,,5.0
2025-08-05,10,31.0,22.1,59.0,0.0,,180.0,22.0,,1004.0,,5.0
2025-08-05,11,31.0,22.1,59.0,0.0,,180.0,13.0,,1004.0,,5.0
2025-08-05,12,31.0,20.9,55.0,0.0,,220.0,13.0,,1003.0,,5.0
2025-08-05,13,29.0,22.0,66.0,0.0,,170.0,22.0,,1004.0,,5.0
2025-08-05,14,28.0,22.9,74.0,0.0,,190.0,11.0,,1005.0,,5.0
2025-08-05,15,28.0,22.9,74.0,0.0,,180.0,22.0,,1005.0,,5.0
2025-08-05,16,27.0,23.0,79.0,0.0,,180.0,15.0,,1006.0,,5.0
2025-08-05,17,28.0,22.9,74.0,0.0,,180.0,15.0,,1006.0,,5.0
2025-08-05,18,27.0,24.1,84.0,0.0,,200.0,9.0,,1006.0,,5.0
2025-08-05,19,27.0,22.0,74.0,0.0,,220.0,9.0,,1005.0,,5.0
2025-08-05,20,27.0,22.0,74.0,0.0,,250.0,13.0,,1005.0,,5.0
2025-08-05,21,26.0,22.1,79.0,0.0,,240.0,13.0,,1005.0,,5.0
2025-08-05,22,26.0,22.1,79.0,0.0,,240.0,15.0,,1004.0,,5.0
2025-08-05,23,26.0,22.1,79.0,0.0,,210.0,11.0,,1005.0,,5.0
2025-08-06,0,26.0,22.1,79.0,0.0,,220.0,9.0,,1005.0,,5.0
2025-08-06,1,26.0,22.1,79.0,0.0,,210.0,9.0,,1006.0,,5.0
2025-08-06,2,26.0,22.1,79.0,0.0,,200.0,13.0,,1007.0,,5.0
2025-08-06,3,27.0,22.0,74.0,0.0,,190.0,13.0,,1007.0,,5.0
2025-08-06,4,27.0,22.0,74.0,0.1,,220.0,7.0,,1008.0,,5.0
2025-08-06,5,28.0,21.1,66.0,0.0,,210.0,6.0,,1007.0,,5.0
2025-08-06,6,29.0,22.0,66.0,0.2,,230.0,9.0,,1007.0,,5.0
2025-08-06,7,29.0,22.0,66.0,0.0,,190.0,15.0,,1007.0,,5.0
2025-08-06,8,31.0,22.1,59.0,0.0,,170.0,9.0,,1006.0,,3.0
2025-08-06,9,31.0,22.1,59.0,0.0,,90.0,11.0,,1006.0,,3.0
2025-08-06,10,32.0,20.9,52.0,0.0,,160.0,11.0,,1004.0,,3.0
2025-08-06,11,31.0,20.9,55.0,0.0,,210.0,20.0,,1004.0,,3.0
2025-08-06,12,31.0,20.9,55.0,0.0,,190.0,20.0,,1004.0,,3.0
2025-08-06,13,30.0,21.1,59.0,0.0,,150.0,15.0,,1004.0,,3.0
2025-08-06,14,29.0,22.0,66.0,0.0,,170.0,11.0,,1004.0,,2.0
2025-08-06,15,29.0,22.0,66.0,0.0,,200.0,13.0,,1005.0,,5.0
2025-08-06,16,28.0,22.9,74.0,0.0,,200.0,15.0,,1005.0,,5.0
2025-08-06,17,28.0,22.9,74.0,0.0,,180.0,11.0,,1005.0,,5.0
2025-08-06,18,28.0,22.9,74.0,0.0,,190.0,17.0,,1005.0,,5.0
2025-08-06,19,28.0,24.0,79.0,0.0,,200.0,13.0,,1005.0,,5.0
2025-08-06,20,28.0,22.0,70.0,0.0,,270.0,13.0,,1005.0,,5.0
2025-08-06,21,27.0,22.0,74.0,0.0,,260.0,7.0,,1004.0,,5.0
2025-08-06,22,26.0,22.1,79.0,0.0,,240.0,7.0,,1005.0,,5.0
2025-08-06,23,26.0,22.1,79.0,0.0,,240.0,17.0,,1005.0,,5.0
2025-08-07,0,26.0,23.1,84.0,0.0,,290.0,11.0,,1006.0,,5.0
2025-08-07,1,26.0,23.1,84.0,0.0,,260.0,9.0,,1006.0,,5.0
2025-08-07,2,27.0,23.0,79.0,0.0,,240.0,15.0,,1007.0,,5.0
2025-08-07,3,27.0,22.0,74.0,0.0,,240.0,9.0,,1007.0,,5.0
2025-08-07,4,29.0,22.0,66.0,0.0,,300.0,4.0,,1007.0,,5.0
2025-08-07,5,30.0,21.9,62.0,0.0,,260.0,13.0,,1007.0,,5.0
2025-08-07,6,31.0,20.9,55.0,0.0,,260.0,6.0,,1007.0,,5.0
2025-08-07,7,30.0,21.1,59.0,0.0,,200.0,15.0,,1006.0,,5.0
2025-08-07,8,32.0,18.9,46.0,0.0,,210.0,15.0,,1005.0,,3.0
2025-08-07,9,32.0,18.9,46.0,0.0,,260.0,15.0,,1004.0,,3.0
2025-08-07,10,33.0,19.1,44.0,0.0,,200.0,17.0,,1004.0,,2.0
2025-08-07,11,32.0,20.0,49.0,0.0,,240.0,15.0,,1003.0,,2.0
2025-08-07,12,31.0,20.0,52.0,0.0,,190.0,11.0,,1003.0,,2.0
2025-08-07,13,31.0,20.9,55.0,0.0,,210.0,11.0,,1003.0,,2.0
2025-08-07,14,30.0,21.1,59.0,0.0,,200.0,11.0,,1004.0,,2.0
2025-08-07,15,30.0,21.1,59.0,0.0,,200.0,15.0,,1004.0,,5.0
2025-08-07,16,28.0,22.9,74.0,0.0,,200.0,15.0,,1005.0,,5.0
2025-08-07,17,28.0,22.0,70.0,0.0,,170.0,15.0,,1005.0,,5.0
2025-08-07,18,28.0,22.9,74.0,0.0,,190.0,17.0,,1005.0,,5.0
2025-08-07,19,28.0,22.9,74.0,0.0,,190.0,20.0,,1004.0,,5.0
2025-08-07,20,28.0,22.0,70.0,0.0,,240.0,20.0,,1004.0,,5.0
2025-08-07,21,27.0,22.0,74.0,0.0,,230.0,20.0,,1004.0,,5.0
2025-08-07,22,27.0,21.1,70.0,0.0,,240.0,15.0,,1004.0,,5.0
2025-08-07,23,26.0,22.1,79.0,0.0,,230.0,11.0,,1004.0,,5.0
2025-08-08,0,25.0,22.1,84.0,0.0,,260.0,11.0,,1004.0,,5.0
2025-08-08,1,26.0,22.1,79.0,0.0,,250.0,9.0,,1005.0,,5.0
2025-08-08,2,26.0,22.1,79.0,0.0,,280.0,4.0,,1006.0,,5.0
2025-08-08,3,27.0,22.0,74.0,0.0,,240.0,15.0,,1007.0,,5.0
2025-08-08,4,28.0,21.1,66.0,0.0,,230.0,9.0,,1007.0,,5.0
2025-08-08,5,29.0,22.0,66.0,0.0,,240.0,6.0,,1007.0,,5.0
2025-08-08,6,29.0,22.0,66.0,0.0,,240.0,11.0,,1007.0,,5.0
2025-08-08,7,31.0,20.9,55.0,0.0,,210.0,13.0,,1007.0,,3.0
2025-08-08,8,31.0,20.0,52.0,0.0,,200.0,7.0,,1006.0,,3.0
2025-08-08,9,31.0,20.0,52.0,0.0,,220.0,13.0,,1006.0,,3.0
2025-08-08,10,31.0,20.9,55.0,0.0,,180.0,13.0,,1005.0,,3.0
2025-08-08,11,34.1,23.2,53.0,0.0,,212.0,7.4,,1005.2,,3.0
2025-08-08,12,30.0,21.1,59.0,0.0,,180.0,13.0,,1004.0,,3.0
2025-08-08,13,30.0,21.1,59.0,0.0,,160.0,11.0,,1005.0,,3.0
2025-08-08,14,30.0,21.1,59.0,0.0,,160.0,11.0,,1005.0,,3.0
2025-08-08,15,29.0,22.0,66.0,0.0,,190.0,20.0,,1006.0,,5.0
2025-08-08,16,29.0,22.0,66.0,0.0,,200.0,13.0,,1007.0,,5.0
2025-08-08,17,28.0,22.9,74.0,0.0,,180.0,19.0,,1007.0,,5.0
2025-08-08,18,28.0,24.0,79.0,0.0,,190.0,15.0,,1007.0,,5.0
2025-08-08,19,28.0,24.0,79.0,0.0,,220.0,7.0,,1007.0,,5.0
2025-08-08,20,28.0,22.0,70.0,0.0,,240.0,9.0,,1007.0,,5.0
2025-08-08,21,28.0,22.0,70.0,0.0,,230.0,13.0,,1006.0,,5.0
2025-08-08,22,27.0,22.0,74.0,0.0,,230.0,15.0,,1006.0,,5.0
2025-08-08,23,27.0,22.0,74.0,0.0,,240.0,7.0,,1007.0,,5.0
2025-08-09,0,27.0,22.0,74.0,0.0,,260.0,11.0,,1007.0,,5.0
2025-08-09,1,27.0,22.0,74.0,0.0,,250.0,6.0,,1008.0,,5.0
2025-08-09,2,27.0,22.0,74.0,0.0,,230.0,11.0,,1008.0,,5.0
2025-08-09,3,27.0,22.0,74.0,0.0,,260.0,9.0,,1009.0,,5.0
2025-08-09,4,29.0,22.0,66.0,0.0,,260.0,9.0,,1009.0,,5.0
2025-08-09,5,30.0,21.1,59.0,0.0,,240.0,6.0,,1009.0,,3.0
2025-08-09,6,30.0,21.1,59.0,0.0,,250.0,7.0,,1009.0,,3.0
2025-08-09,7,31.0,20.9,55.0,0.0,,220.0,7.0,,1008.0,,3.0
2025-08-09,8,32.0,20.0,49.0,0.0,,220.0,7.0,,1007.0,,3.0
2025-08-09,9,31.0,20.0,52.0,0.0,,280.0,4.0,,1006.0,,3.0
2025-08-09,10,32.0,20.0,49.0,0.0,,210.0,13.0,,1005.0,,3.0
2025-08-09,11,32.0,20.0,49.0,0.0,,240.0,7.0,,1005.0,,3.0
2025-08-09,12,32.0,20.9,52.0,0.0,,250.0,9.0,,1005.0,,3.0
2025-08-09,13,31.0,20.9,55.0,0.0,,240.0,7.0,,1005.0,,3.0
2025-08-09,14,30.0,21.9,62.0,0.0,,190.0,17.0,,1005.0,,3.0
2025-08-09,15,29.0,23.0,70.0,0.0,,180.0,19.0,,1006.0,,5.0
2025-08-09,16,28.0,22.9,74.0,0.0,,200.0,15.0,,1006.0,,5.0
2025-08-09,17,28.0,22.9,74.0,0.0,,190.0,15.0,,1007.0,,5.0
2025-08-09,18,28.0,22.9,74.0,0.0,,190.0,15.0,,1006.0,,5.0
2025-08-09,19,27.0,24.1,84.0,0.0,,180.0,15.0,,1006.0,,5.0
2025-08-09,20,28.0,24.0,79.0,0.0,,220.0,11.0,,1006.0,,5.0
2025-08-09,21,27.0,21.1,70.0,0.0,,250.0,17.0,,1006.0,,5.0
2025-08-09,22,27.0,22.0,74.0,0.0,,260.0,9.0,,1006.0,,5.0
2025-08-09,23,27.0,22.0,74.0,0.0,,240.0,15.0,,1006.0,,5.0
2025-08-10,0,26.0,23.1,84.0,0.0,,240.0,15.0,,1006.0,,5.0
2025-08-10,1,26.0,23.1,84.0,0.2,,250.0,11.0,,1007.0,,5.0
2025-08-10,2,27.0,23.0,79.0,0.4,,260.0,13.0,,1007.0,,5.0
2025-08-10,3,27.0,23.0,79.0,0.2,,270.0,11.0,,1007.0,,5.0
2025-08-10,4,28.0,22.0,70.0,0.2,,250.0,7.0,,1008.0,,5.0
2025-08-10,5,30.0,21.9,62.0,0.3,,230.0,7.0,,1008.0,,5.0
2025-08-10,6,31.0,22.1,59.0,0.0,,250.0,9.0,,1007.0,,5.0
2025-08-10,7,31.0,20.9,55.0,0.0,,210.0,13.0,,1006.0,,3.0
2025-08-10,8,32.0,20.9,52.0,0.0,,230.0,11.0,,1006.0,,3.0
2025-08-10,9,32.0,20.0,49.0,0.2,,200.0,11.0,,1005.0,,3.0
2025-08-10,10,32.0,20.0,49.0,0.3,,220.0,13.0,,1004.0,,3.0
2025-08-10,11,32.0,20.9,52.0,0.0,,300.0,11.0,,1003.0,,3.0
2025-08-10,12,32.0,20.0,49.0,0.0,,210.0,9.0,,1004.0,,3.0
2025-08-10,13,31.0,20.9,55.0,0.0,,180.0,11.0,,1004.0,,3.0
2025-08-10,14,30.0,21.1,59.0,0.0,,170.0,13.0,,1004.0,,3.0
2025-08-10,15,29.0,22.0,66.0,0.0,,170.0,24.0,,1005.0,,5.0
2025-08-10,16,28.0,22.9,74.0,0.0,,190.0,22.0,,1006.0,,5.0
2025-08-10,17,27.0,22.0,74.0,0.0,,210.0,11.0,,1006.0,,5.0
2025-08-10,18,27.0,22.0,74.0,0.0,,220.0,11.0,,1006.0,,5.0
2025-08-10,19,27.0,21.1,70.0,0.0,,210.0,9.0,,1006.0,,5.0
2025-08-10,20,28.0,21.1,66.0,0.0,,230.0,13.0,,1005.0,,5.0
2025-08-10,21,27.0,21.1,70.0,0.0,,210.0,15.0,,1005.0,,5.0
2025-08-10,22,27.0,22.0,74.0,0.1,,220.0,11.0,,1005.0,,5.0
2025-08-10,23,27.0,22.0,74.0,0.0,,220.0,7.0,,1005.0,,5.0
2025-08-11,0,27.0,22.0,74.0,0.0,,200.0,9.0,,1006.0,,5.0
2025-08-11,1,27.0,22.0,74.0,0.0,,210.0,7.0,,1006.0,,5.0
2025-08-11,2,27.0,22.0,74.0,0.0,,220.0,9.0,,1007.0,,5.0
2025-08-11,3,28.0,22.0,70.0,0.0,,250.0,15.0,,1007.0,,5.0
2025-08-11,4,30.0,24.6,73.0,0.0,,267.0,3.7,,1007.4,,3.0
2025-08-11,5,29.0,22.0,66.0,0.1,,260.0,7.0,,1007.0,,5.0
2025-08-11,6,30.0,21.1,59.0,0.0,,200.0,11.0,,1007.0,,5.0
2025-08-11,7,30.0,20.0,55.0,0.0,,190.0,13.0,,1006.0,,5.0
2025-08-11,8,31.0,20.0,52.0,0.1,,190.0,11.0,,1005.0,,3.0
2025-08-11,9,32.0,20.0,49.0,0.1,,220.0,15.0,,1004.0,,3.0
2025-08-11,10,32.0,20.9,52.0,0.5,,190.0,13.0,,1004.0,,3.0
2025-08-11,11,31.0,20.9,55.0,0.4,,200.0,15.0,,1003.0,,3.0
2025-08-11,12,31.0,20.9,55.0,0.3,,190.0,17.0,,1004.0,,3.0
2025-08-11,13,30.0,21.9,62.0,0.0,,180.0,13.0,,1004.0,,3.0
2025-08-11,14,30.0,21.9,62.0,0.0,,190.0,13.0,,1004.0,,3.0
2025-08-11,15,28.0,22.9,74.0,0.0,,160.0,19.0,,1005.0,,5.0
2025-08-11,16,28.0,22.0,70.0,0.0,,180.0,20.0,,1005.0,,5.0
2025-08-11,17,28.0,22.9,74.0,0.0,,190.0,9.0,,1005.0,,5.0
2025-08-11,18,26.0,22.1,79.0,0.0,,210.0,9.0,,1005.0,,3.0
2025-08-11,19,26.0,23.1,84.0,0.0,,190.0,9.0,,1005.0,,5.0
2025-08-11,20,27.0,23.0,79.0,0.0,,210.0,15.0,,1004.0,,5.0
2025-08-11,21,27.0,22.0,74.0,0.0,,210.0,17.0,,1004.0,,5.0
2025-08-11,22,26.0,22.1,79.0,0.0,,190.0,15.0,,1004.0,,5.0
2025-08-11,23,26.0,22.1,79.0,0.0,,230.0,11.0,,1004.0,,5.0
2025-08-12,0,26.0,22.1,79.0,0.0,,200.0,11.0,,1004.0,,5.0
2025-08-12,1,26.0,22.1,79.0,0.0,,200.0,13.0,,1005.0,,5.0
2025-08-12,2,27.0,23.0,79.0,0.0,,220.0,11.0,,1006.0,,5.0
2025-08-12,3,27.0,22.0,74.0,0.0,,210.0,9.0,,1006.0,,5.0
2025-08-12,4,28.0,22.0,70.0,0.0,,280.0,7.0,,1006.0,,5.0
2025-08-12,5,29.0,21.0,62.0,0.0,,230.0,13.0,,1006.0,,5.0
2025-08-12,6,30.0,21.1,59.0,0.0,,200.0,9.0,,1005.0,,3.0
2025-08-12,7,31.0,20.0,52.0,0.0,,180.0,13.0,,1005.0,,3.0
2025-08-12,8,31.0,20.9,55.0,0.0,,190.0,15.0,,1004.0,,3.0
2025-08-12,9,31.0,20.9,55.0,0.0,,190.0,22.0,,1003.0,,3.0
2025-08-12,10,31.0,19.0,49.0,0.0,,220.0,15.0,,1002.0,,3.0
2025-08-12,11,32.0,20.0,49.0,0.0,,220.0,20.0,,1002.0,,3.0
2025-08-12,12,30.0,20.0,55.0,0.0,,190.0,19.0,,1002.0,,3.0
2025-08-12,13,30.0,20.0,55.0,0.0,,200.0,22.0,,1002.0,,3.0
2025-08-12,14,29.0,21.0,62.0,0.0,,180.0,19.0,,1002.0,,3.0
2025-08-12,15,29.0,22.0,66.0,0.2,,180.0,19.0,,1003.0,,5.0
2025-08-12,16,28.0,22.0,70.0,0.0,,200.0,19.0,,1003.0,,5.0
2025-08-12,17,30.4,24.5,71.0,0.0,,226.0,5.5,,1003.7,,2.0
2025-08-12,18,29.9,25.0,75.0,0.0,,225.0,7.4,,1004.1,,2.0
2025-08-12,19,29.5,24.8,76.0,0.0,,228.0,7.4,,1003.7,,3.0
2025-08-12,20,26.0,23.1,84.0,0.0,,230.0,13.0,,1003.0,,5.0
2025-08-12,21,24.0,22.1,89.0,0.2,,240.0,6.0,,1003.0,,3.0
2025-08-12,22,24.0,23.0,94.0,0.5,,10.0,4.0,,1002.0,,5.0
2025-08-12,23,25.0,23.1,89.0,0.5,,350.0,4.0,,1002.0,,5.0
2025-08-13,0,25.0,23.1,89.0,0.1,,180.0,11.0,,1002.0,,5.0
2025-08-13,1,25.0,23.1,89.0,0.0,,190.0,11.0,,1003.0,,5.0
2025-08-13,2,26.0,22.1,79.0,0.0,,220.0,9.0,,1003.0,,5.0
2025-08-13,3,27.0,22.0,74.0,0.0,,190.0,6.0,,1004.0,,5.0
2025-08-13,4,28.0,22.0,70.0,0.0,,240.0,6.0,,1004.0,,5.0
2025-08-13,5,27.0,22.0,74.0,0.0,,220.0,4.0,,1004.0,,5.0
2025-08-13,6,30.0,21.1,59.0,0.0,,230.0,6.0,,1003.0,,5.0
2025-08-13,7,30.0,21.1,59.0,0.1,,250.0,6.0,,1003.0,,5.0
2025-08-13,8,31.0,20.9,55.0,0.1,,220.0,13.0,,1002.0,,5.0
2025-08-13,9,31.0,20.9,55.0,0.0,,200.0,17.0,,1001.0,,3.0
2025-08-13,10,31.0,22.1,59.0,0.0,,170.0,19.0,,1001.0,,5.0
2025-08-13,11,31.0,20.0,52.0,0.0,,170.0,17.0,,1000.0,,5.0
2025-08-13,12,31.0,20.9,55.0,0.0,,190.0,17.0,,1001.0,,3.0
2025-08-13,13,29.0,21.0,62.0,0.0,,180.0,15.0,,1001.0,,5.0
2025-08-13,14,29.0,22.0,66.0,0.0,,160.0,15.0,,1002.0,,5.0
2025-08-13,15,29.0,22.0,66.0,0.0,,150.0,11.0,,1002.0,,5.0
2025-08-13,16,28.0,22.9,74.0,0.0,,190.0,17.0,,1003.0,,5.0
2025-08-13,17,28.0,22.9,74.0,0.0,,170.0,19.0,,1003.0,,5.0
2025-08-13,18,27.0,23.0,79.0,0.0,,170.0,22.0,,1002.0,,5.0
2025-08-13,19,27.0,23.0,79.0,0.0,,200.0,20.0,,1002.0,,5.0
2025-08-13,20,27.0,23.0,79.0,0.0,,200.0,15.0,,1002.0,,5.0
2025-08-13,21,27.0,22.0,74.0,0.0,,180.0,9.0,,1002.0,,5.0
2025-08-13,22,27.0,22.0,74.0,0.5,,190.0,11.0,,1002.0,,5.0
2025-08-13,23,27.0,23.0,79.0,0.2,,180.0,9.0,,1002.0,,5.0
2025-08-14,0,26.0,23.1,84.0,0.3,,150.0,9.0,,1003.0,,5.0
2025-08-14,1,26.0,23.1,84.0,0.4,,180.0,7.0,,1003.0,,5.0
2025-08-14,2,27.0,23.0,79.0,0.3,,170.0,6.0,,1003.0,,5.0
2025-08-14,3,28.0,22.9,74.0,0.0,,180.0,9.0,,1004.0,,5.0
2025-08-14,4,28.0,22.9,74.0,0.1,,140.0,6.0,,1004.0,,5.0
2025-08-14,5,29.0,22.0,66.0,0.0,,210.0,11.0,,1004.0,,5.0
2025-08-14,6,31.0,20.9,55.0,0.0,,230.0,4.0,,1003.0,,5.0
2025-08-14,7,31.0,22.1,59.0,0.2,,187.0,4.0,,1003.0,,5.0
2025-08-14,8,30.0,21.9,62.0,0.2,,50.0,7.0,,1002.0,,5.0
2025-08-14,9,30.0,21.9,62.0,0.7,,80.0,7.0,,1002.0,,5.0
2025-08-14,10,31.0,20.9,55.0,0.1,,170.0,7.0,,1001.0,,7.0
2025-08-14,11,30.0,21.1,59.0,0.0,,100.0,9.0,,1001.0,,7.0
2025-08-14,12,31.0,22.1,59.0,0.0,,150.0,7.0,,1001.0,,7.0
2025-08-14,13,31.0,20.9,55.0,0.0,,130.0,7.0,,1001.0,,5.0
2025-08-14,14,29.0,23.0,70.0,0.0,,130.0,11.0,,1002.0,,5.0
2025-08-14,15,29.0,23.0,70.0,0.0,,170.0,13.0,,1002.0,,5.0
2025-08-14,16,29.0,23.0,70.0,0.0,,150.0,11.0,,1002.0,,5.0
2025-08-14,17,29.0,23.0,70.0,0.0,,180.0,13.0,,1003.0,,5.0
2025-08-14,18,28.0,24.0,79.0,0.0,,190.0,11.0,,1003.0,,5.0
2025-08-14,19,27.0,23.0,79.0,0.0,,180.0,13.0,,1003.0,,5.0
2025-08-14,20,27.0,23.0,79.0,0.5,,180.0,9.0,,1002.0,,5.0
2025-08-14,21,27.0,23.0,79.0,0.7,,190.0,13.0,,1002.0,,5.0
2025-08-14,22,27.0,24.1,84.0,0.4,,200.0,11.0,,1001.0,,5.0
2025-08-14,23,27.0,24.1,84.0,0.0,,210.0,11.0,,1001.0,,5.0
2025-08-15,0,27.0,24.1,84.0,0.2,,210.0,11.0,,1001.0,,5.0
2025-08-15,1,27.0,24.1,84.0,2.0,,280.0,4.0,,1003.0,,5.0
2025-08-15,2,27.0,23.0,79.0,0.0,,230.0,6.0,,1003.0,,5.0
2025-08-15,3,28.0,22.9,74.0,0.1,,228.0,4.0,,1003.0,,5.0
2025-08-15,4,28.0,22.9,74.0,0.2,,280.0,6.0,,1004.0,,5.0
2025-08-15,5,29.0,23.0,70.0,0.0,,307.0,4.0,,1004.0,,5.0
2025-08-15,6,29.0,23.0,70.0,0.1,,307.0,4.0,,1003.0,,5.0
2025-08-15,7,30.0,23.9,70.0,0.4,,300.0,4.0,,1002.0,,5.0
2025-08-15,8,30.0,23.9,70.0,7.1,,270.0,7.0,,1001.0,,5.0
2025-08-15,9,30.0,23.9,70.0,2.6,,270.0,6.0,,1001.0,,5.0
2025-08-15,10,30.0,23.9,70.0,0.1,,290.0,6.0,,1000.0,,5.0
2025-08-15,11,31.0,23.9,66.0,3.8,,340.0,4.0,,999.0,,5.0
2025-08-15,12,30.0,23.0,66.0,0.7,,300.0,4.0,,999.0,,5.0
2025-08-15,13,30.0,23.0,66.0,0.0,,340.0,4.0,,1000.0,,5.0
2025-08-15,14,28.0,22.0,70.0,0.0,,180.0,19.0,,1001.0,,25.0
2025-08-15,15,28.0,22.9,74.0,0.0,,180.0,19.0,,1001.0,,25.0
2025-08-15,16,28.0,22.9,74.0,0.6,,150.0,7.0,,1002.0,,5.0
2025-08-15,17,28.0,24.0,79.0,0.0,,180.0,19.0,,1001.0,,5.0
2025-08-15,18,27.0,24.1,84.0,0.0,,190.0,15.0,,1001.0,,5.0
2025-08-15,19,27.0,24.1,84.0,0.0,,150.0,6.0,,1001.0,,5.0
2025-08-15,20,27.0,24.1,84.0,0.4,,170.0,7.0,,1000.0,,5.0
2025-08-15,21,27.0,24.1,84.0,0.2,,180.0,9.0,,1000.0,,5.0
2025-08-15,22,27.0,25.0,89.0,0.0,,160.0,7.0,,1000.0,,8.0
2025-08-15,23,26.0,25.0,94.0,0.0,,170.0,7.0,,1000.0,,8.0
2025-08-16,0,26.0,25.0,94.0,0.0,,220.0,6.0,,1000.0,,8.0
2025-08-16,1,26.0,25.0,94.0,0.0,,290.0,1.8,,1001.0,,8.0
2025-08-16,2,26.0,25.0,94.0,0.0,,250.0,6.0,,1001.0,,5.0
2025-08-16,3,27.0,24.1,84.0,0.0,,280.0,4.0,,1002.0,,5.0
2025-08-16,4,27.0,24.1,84.0,0.1,,280.0,4.0,,1002.0,,5.0
2025-08-16,5,27.0,25.0,89.0,0.2,,240.0,6.0,,1002.0,,8.0
2025-08-16,6,25.0,24.0,94.0,0.3,,200.0,9.0,,1002.0,,8.0
2025-08-16,7,28.0,24.0,79.0,0.5,,240.0,9.0,,1000.0,,5.0
2025-08-16,8,28.0,24.0,79.0,4.3,,200.0,7.0,,999.0,,5.0
2025-08-16,9,26.0,23.1,84.0,8.7,,170.0,11.0,,998.0,,5.0
2025-08-16,10,27.0,24.1,84.0,1.4,,180.0,11.0,,997.0,,5.0
2025-08-16,11,27.0,24.1,84.0,0.2,,190.0,19.0,,997.0,,5.0
2025-08-16,12,28.0,25.0,84.0,0.2,,230.0,13.0,,999.0,,5.0
2025-08-16,13,27.0,24.1,84.0,0.2,,250.0,19.0,,999.0,,5.0
2025-08-16,14,27.0,23.0,79.0,0.0,,280.0,7.0,,999.0,,5.0
2025-08-16,15,26.0,23.1,84.0,0.0,,220.0,4.0,,1000.0,,5.0
2025-08-16,16,26.0,23.1,84.0,0.0,,226.0,4.0,,1001.0,,5.0
2025-08-16,17,26.0,24.0,89.0,0.0,,230.0,3.7,,1001.0,,5.0
2025-08-16,18,26.0,24.0,89.0,0.0,,233.0,3.7,,1000.0,,4.0
2025-08-16,19,26.0,24.0,89.0,0.0,,231.0,3.7,,1000.0,,5.0
2025-08-16,20,25.0,24.0,94.0,0.0,,229.0,3.7,,999.0,,5.0
2025-08-16,21,25.0,24.0,94.0,0.0,,226.0,3.7,,999.0,,5.0
2025-08-16,22,25.0,24.0,94.0,0.0,,194.0,1.8,,999.0,,5.0
2025-08-16,23,25.0,24.0,94.0,0.0,,178.0,4.0,,999.0,,5.0
2025-08-17,0,25.0,24.0,94.0,0.0,,161.0,1.8,,999.0,,5.0
2025-08-17,1,25.0,24.0,94.0,0.2,,147.0,4.0,,1000.0,,5.0
2025-08-17,2,26.0,24.0,89.0,0.3,,136.0,4.0,,1000.0,,5.0
2025-08-17,3,27.0,24.1,84.0,0.8,,10.0,9.0,,1000.0,,5.0
2025-08-17,4,28.0,24.0,79.0,0.2,,280.0,7.0,,1000.0,,5.0
2025-08-17,5,29.0,24.1,75.0,0.1,,310.0,6.0,,1000.0,,5.0
2025-08-17,6,30.0,23.9,70.0,0.2,,10.0,6.0,,1000.0,,5.0
2025-08-17,7,31.0,23.1,63.0,0.0,,340.0,11.0,,999.0,,5.0
2025-08-17,8,31.0,23.9,66.0,0.2,,40.0,7.0,,998.0,,5.0
2025-08-17,9,32.0,24.1,63.0,0.2,,90.0,4.0,,997.0,,5.0
2025-08-17,10,32.0,24.1,63.0,0.1,,80.0,7.0,,997.0,,5.0
2025-08-17,11,32.0,24.1,63.0,2.3,,150.0,19.0,,997.0,,5.0
2025-08-17,12,29.0,25.0,79.0,0.4,,200.0,9.0,,997.0,,3.0
2025-08-17,13,28.0,24.0,79.0,0.1,,190.0,15.0,,999.0,,5.0
2025-08-17,14,28.0,24.0,79.0,0.0,,200.0,13.0,,998.0,,25.0
2025-08-17,15,27.0,24.1,84.0,0.0,,190.0,11.0,,1000.0,,5.0
2025-08-17,16,27.0,24.1,84.0,0.0,,190.0,11.0,,1001.0,,5.0
2025-08-17,17,27.0,24.1,84.0,0.0,,180.0,17.0,,1001.0,,5.0
2025-08-17,18,27.0,23.0,79.0,0.0,,160.0,11.0,,1001.0,,5.0
2025-08-17,19,26.0,23.1,84.0,0.0,,180.0,9.0,,1001.0,,5.0
2025-08-17,20,26.0,24.0,89.0,0.0,,130.0,9.0,,1001.0,,5.0
2025-08-17,21,26.0,23.1,84.0,0.0,,130.0,6.0,,1001.0,,5.0
2025-08-17,22,26.0,23.1,84.0,0.0,,110.0,6.0,,1001.0,,5.0
2025-08-17,23,26.0,23.1,84.0,0.0,,140.0,11.0,,1000.0,,5.0
2025-08-18,0,26.0,23.1,84.0,0.0,,80.0,7.0,,1001.0,,5.0
2025-08-18,1,26.0,23.1,84.0,0.0,,110.0,6.0,,1001.0,,5.0
2025-08-18,2,26.0,23.1,84.0,0.0,,100.0,6.0,,1001.0,,5.0
2025-08-18,3,27.0,23.0,79.0,0.0,,90.0,9.0,,1002.0,,5.0
2025-08-18,4,27.0,23.0,79.0,0.0,,80.0,9.0,,1002.0,,5.0
2025-08-18,5,28.0,22.9,74.0,0.0,,110.0,4.0,,1002.0,,5.0
2025-08-18,6,29.0,22.0,66.0,0.0,,80.0,7.0,,1002.0,,5.0
2025-08-18,7,30.0,23.0,66.0,0.0,,160.0,5.5,,1002.0,,5.0
2025-08-18,8,32.0,23.0,59.0,0.0,,90.0,13.0,,1001.0,,5.0
2025-08-18,9,31.0,23.1,63.0,0.1,,30.0,9.0,,1000.0,,5.0
2025-08-18,10,31.0,23.1,63.0,0.2,,90.0,9.0,,999.0,,5.0
2025-08-18,11,31.0,23.1,63.0,2.0,,70.0,6.0,,998.0,,5.0
2025-08-18,12,31.0,23.9,66.0,5.0,,70.0,6.0,,998.0,,5.0
2025-08-18,13,30.0,23.9,70.0,0.2,,130.0,9.0,,999.0,,5.0
2025-08-18,14,30.0,23.9,70.0,0.3,,100.0,9.0,,1000.0,,5.0
2025-08-18,15,30.0,23.9,70.0,0.0,,110.0,13.0,,1001.0,,5.0
2025-08-18,16,29.0,24.1,75.0,0.0,,140.0,15.0,,1001.0,,5.0
2025-08-18,17,29.0,25.0,79.0,0.0,,140.0,9.0,,1002.0,,5.0
2025-08-18,18,28.0,25.0,84.0,0.0,,150.0,9.0,,1001.0,,4.0
2025-08-18,19,28.0,24.0,79.0,0.0,,140.0,6.0,,1001.0,,5.0
2025-08-18,20,28.0,24.0,79.0,0.0,,100.0,6.0,,1001.0,,5.0
2025-08-18,21,27.0,23.0,79.0,0.0,,100.0,7.0,,1000.0,,5.0
2025-08-18,22,26.0,23.1,84.0,0.0,,120.0,9.0,,1000.0,,5.0
2025-08-18,23,26.0,23.1,84.0,0.0,,100.0,9.0,,999.0,,5.0
2025-08-19,0,26.0,23.1,84.0,0.0,,50.0,13.0,,1000.0,,5.0
2025-08-19,1,26.0,23.1,84.0,0.0,,120.0,13.0,,1000.0,,5.0
2025-08-19,2,26.0,23.1,84.0,0.0,,90.0,11.0,,1001.0,,5.0
2025-08-19,3,26.0,23.1,84.0,0.0,,60.0,13.0,,1001.0,,5.0
2025-08-19,4,26.0,23.1,84.0,0.0,,40.0,11.0,,1001.0,,5.0
2025-08-19,5,28.0,24.0,79.0,0.0,,40.0,6.0,,1001.0,,5.0
2025-08-19,6,30.0,23.9,70.0,0.1,,60.0,6.0,,1000.0,,5.0
2025-08-19,7,30.0,23.9,70.0,0.2,,70.0,11.0,,1000.0,,5.0
2025-08-19,8,32.0,25.1,67.0,0.0,,60.0,7.0,,998.0,,5.0
2025-08-19,9,32.0,25.1,67.0,0.0,,60.0,15.0,,998.0,,5.0
2025-08-19,10,32.0,24.1,63.0,0.0,,90.0,15.0,,996.0,,5.0
2025-08-19,11,32.0,24.1,63.0,0.0,,90.0,15.0,,996.0,,5.0
2025-08-19,12,32.0,24.1,63.0,0.0,,90.0,11.0,,996.0,,5.0
2025-08-19,13,31.0,23.9,66.0,0.0,,120.0,9.0,,997.0,,5.0
2025-08-19,14,30.0,23.9,70.0,0.0,,180.0,9.0,,997.0,,5.0
2025-08-19,15,30.0,25.1,75.0,0.0,,170.0,6.0,,999.0,,5.0
2025-08-19,16,28.0,25.0,84.0,0.0,,130.0,4.0,,999.0,,25.0
2025-08-19,17,28.0,25.0,84.0,0.0,,80.0,7.0,,1000.0,,25.0
2025-08-19,18,27.0,24.1,84.0,0.0,,150.0,7.0,,999.0,,7.0
2025-08-19,19,27.0,23.0,79.0,0.0,,150.0,4.0,,999.0,,5.0
2025-08-19,20,27.0,24.1,84.0,0.0,,40.0,4.0,,998.0,,5.0
2025-08-19,21,26.0,24.0,89.0,0.0,,73.0,4.0,,997.0,,5.0
2025-08-19,22,26.0,25.0,94.0,0.0,,40.0,11.0,,997.0,,5.0
2025-08-19,23,26.0,25.0,94.0,0.0,,10.0,9.0,,997.0,,5.0
2025-08-20,0,26.0,24.0,89.0,0.0,,80.0,4.0,,998.0,,5.0
2025-08-20,1,27.0,24.1,84.0,0.0,,60.0,6.0,,997.0,,5.0
2025-08-20,2,27.0,24.1,84.0,0.0,,20.0,9.0,,999.0,,5.0
2025-08-20,3,27.0,24.1,84.0,0.0,,20.0,11.0,,999.0,,5.0
2025-08-20,4,27.0,24.1,84.0,0.0,,40.0,11.0,,999.0,,4.0
2025-08-20,5,28.0,22.9,74.0,0.0,,90.0,15.0,,1000.0,,5.0
2025-08-20,6,28.0,22.9,74.0,0.1,,40.0,15.0,,999.0,,5.0
2025-08-20,7,29.0,23.0,70.0,0.0,,30.0,15.0,,999.0,,5.0
2025-08-20,8,30.0,23.0,66.0,0.2,,120.0,11.0,,997.0,,5.0
2025-08-20,9,31.0,23.1,63.0,0.1,,110.0,19.0,,997.0,,5.0
2025-08-20,10,31.0,23.1,63.0,0.0,,120.0,13.0,,996.0,,5.0
2025-08-20,11,30.0,23.0,66.0,0.0,,90.0,7.0,,996.0,,5.0
2025-08-20,12,26.0,24.0,89.0,0.1,,340.0,6.0,,997.0,,5.0
2025-08-20,13,26.0,25.0,94.0,0.0,,10.0,9.0,,997.0,,5.0
2025-08-20,14,27.0,24.1,84.0,0.0,,190.0,11.0,,999.0,,5.0
2025-08-20,15,27.0,24.1,84.0,0.0,,250.0,6.0,,1000.0,,25.0
2025-08-20,16,27.0,24.1,84.0,0.0,,230.0,13.0,,1001.0,,25.0
2025-08-20,17,27.0,24.1,84.0,0.0,,210.0,9.0,,1001.0,,5.0
2025-08-20,18,27.0,24.1,84.0,0.0,,220.0,11.0,,1001.0,,5.0
2025-08-20,19,25.0,24.0,94.0,0.1,,190.0,13.0,,1001.0,,9.0
2025-08-20,20,25.0,24.0,94.0,0.3,,180.0,15.0,,1001.0,,8.0
2025-08-20,21,25.0,24.0,94.0,0.0,,190.0,22.0,,1001.0,,8.0
2025-08-20,22,25.0,23.1,89.0,0.0,,190.0,15.0,,1001.0,,7.0
2025-08-20,23,25.0,23.1,89.0,0.0,,200.0,19.0,,1001.0,,7.0
2025-08-21,0,25.0,23.1,89.0,0.0,,190.0,13.0,,1001.0,,5.0
2025-08-21,1,25.0,24.0,94.0,0.0,,200.0,11.0,,1002.0,,5.0
2025-08-21,2,25.0,23.1,89.0,0.0,,200.0,13.0,,1002.0,,5.0
2025-08-21,3,26.0,24.0,89.0,0.0,,170.0,24.0,,1003.0,,5.0
2025-08-21,4,26.0,23.1,84.0,0.0,,180.0,20.0,,1004.0,,5.0
2025-08-21,5,27.0,23.0,79.0,0.2,,190.0,22.0,,1004.0,,5.0
2025-08-21,6,28.0,22.9,74.0,0.4,,200.0,15.0,,1003.0,,5.0
2025-08-21,7,29.0,24.1,75.0,0.1,,190.0,26.0,,1003.0,,5.0
2025-08-21,8,31.0,23.1,63.0,0.0,,210.0,24.0,,1001.0,,5.0
2025-08-21,9,31.0,23.1,63.0,0.0,,200.0,17.0,,1001.0,,5.0
2025-08-21,10,31.0,23.1,63.0,3.7,,220.0,19.0,,1001.0,,5.0
2025-08-21,11,28.0,22.9,74.0,1.2,,190.0,15.0,,1001.0,,5.0
2025-08-21,12,27.0,24.1,84.0,2.1,,180.0,15.0,,1001.0,,9.0
2025-08-21,13,26.0,24.0,89.0,0.5,,200.0,19.0,,1002.0,,9.0
2025-08-21,14,26.0,24.0,89.0,0.1,,180.0,13.0,,1003.0,,9.0
2025-08-21,15,26.0,25.0,94.0,0.0,,180.0,19.0,,1003.0,,9.0
2025-08-21,16,26.0,24.0,89.0,0.2,,180.0,19.0,,1004.0,,9.0
2025-08-21,17,26.0,24.0,89.0,0.2,,190.0,19.0,,1004.0,,9.0
2025-08-21,18,26.0,24.0,89.0,0.0,,190.0,19.0,,1004.0,,5.0
2025-08-21,19,26.0,24.0,89.0,0.0,,190.0,15.0,,1004.0,,5.0
2025-08-21,20,25.0,23.1,89.0,0.0,,190.0,13.0,,1003.0,,5.0
2025-08-21,21,25.0,23.1,89.0,0.1,,200.0,13.0,,1003.0,,5.0
2025-08-21,22,25.0,23.1,89.0,0.1,,190.0,15.0,,1003.0,,5.0
2025-08-21,23,25.0,23.1,89.0,0.0,,190.0,15.0,,1003.0,,5.0
2025-08-22,0,25.0,23.1,89.0,0.0,,190.0,15.0,,1003.0,,5.0
2025-08-22,1,26.8,25.6,93.0,0.1,,229.0,7.4,,1004.0,,4.0
2025-08-22,2,25.0,23.1,89.0,0.0,,180.0,15.0,,1004.0,,4.0
2025-08-22,3,25.0,23.1,89.0,0.0,,180.0,22.0,,1005.0,,4.0
2025-08-22,4,26.0,23.1,84.0,0.0,,190.0,20.0,,1005.0,,7.0
2025-08-22,5,27.0,23.0,79.0,0.2,,210.0,11.0,,1005.0,,5.0
2025-08-22,6,27.0,24.1,84.0,0.1,,190.0,15.0,,1004.0,,4.0
2025-08-22,7,29.0,24.1,75.0,0.2,,200.0,19.0,,1003.0,,5.0
2025-08-22,8,29.0,24.1,75.0,2.7,,200.0,22.0,,1002.0,,5.0
2025-08-22,9,26.0,24.0,89.0,0.6,,220.0,15.0,,1001.0,,8.0
2025-08-22,10,27.0,24.1,84.0,2.3,,180.0,9.0,,1001.0,,5.0
2025-08-22,11,26.0,24.0,89.0,1.4,,190.0,9.0,,1001.0,,5.0
2025-08-22,12,25.0,24.0,94.0,0.1,,170.0,22.0,,1001.0,,25.0
2025-08-22,13,25.0,23.1,89.0,1.6,,180.0,19.0,,1001.0,,25.0
2025-08-22,14,25.0,23.1,89.0,0.7,,200.0,19.0,,1002.0,,5.0
2025-08-22,15,25.0,23.1,89.0,1.4,,190.0,22.0,,1003.0,,5.0
2025-08-22,16,25.0,23.1,89.0,0.2,,200.0,9.0,,1003.0,,5.0
2025-08-22,17,25.0,23.1,89.0,2.8,,210.0,22.0,,1004.0,,5.0
2025-08-22,18,25.0,23.1,89.0,0.0,,200.0,15.0,,1003.0,,5.0
2025-08-22,19,25.0,23.1,89.0,0.0,,200.0,26.0,,1002.0,,5.0
2025-08-22,20,25.0,22.1,84.0,0.0,,210.0,13.0,,1002.0,,5.0
2025-08-22,21,25.0,22.1,84.0,0.0,,200.0,19.0,,1002.0,,5.0
2025-08-22,22,25.0,22.1,84.0,0.0,,200.0,19.0,,1001.0,,5.0
2025-08-22,23,25.0,22.1,84.0,0.0,,210.0,28.0,,1001.0,,5.0
2025-08-23,0,25.0,22.1,84.0,0.0,,210.0,22.0,,1002.0,,5.0
2025-08-23,1,25.0,22.1,84.0,0.0,,190.0,19.0,,1002.0,,5.0
2025-08-23,2,25.0,23.1,89.0,0.0,,200.0,19.0,,1003.0,,5.0
2025-08-23,3,26.0,22.1,79.0,0.0,,210.0,15.0,,1003.0,,5.0
2025-08-23,4,27.0,23.0,79.0,0.2,,210.0,11.0,,1003.0,,5.0
2025-08-23,5,27.0,23.0,79.0,0.2,,200.0,13.0,,1003.0,,5.0
2025-08-23,6,28.0,22.9,74.0,0.0,,200.0,22.0,,1003.0,,5.0
2025-08-23,7,28.0,22.9,74.0,0.2,,190.0,22.0,,1002.0,,5.0
2025-08-23,8,24.0,23.0,94.0,0.1,,270.0,11.0,,1002.0,,5.0
2025-08-23,9,23.0,23.0,100.0,0.0,,250.0,15.0,,1002.0,,25.0
2025-08-23,10,25.0,23.1,89.0,5.1,,170.0,19.0,,1001.0,,25.0
2025-08-23,11,25.0,24.0,94.0,0.4,,210.0,19.0,,1001.0,,25.0
2025-08-23,12,26.0,23.1,84.0,0.5,,210.0,22.0,,1001.0,,5.0
2025-08-23,13,26.0,23.1,84.0,7.0,,210.0,19.0,,1001.0,,5.0
2025-08-23,14,25.0,23.1,89.0,0.4,,220.0,15.0,,1002.0,,9.0
2025-08-23,15,25.0,23.1,89.0,0.4,,210.0,15.0,,1003.0,,9.0
2025-08-23,16,25.0,22.1,84.0,0.1,,200.0,11.0,,1003.0,,5.0
2025-08-23,17,25.0,22.1,84.0,0.0,,200.0,15.0,,1003.0,,5.0
2025-08-23,18,25.0,22.1,84.0,0.0,,200.0,15.0,,1003.0,,5.0
2025-08-23,19,25.0,22.1,84.0,0.0,,200.0,11.0,,1003.0,,5.0
2025-08-23,20,24.0,22.1,89.0,0.0,,200.0,22.0,,1002.0,,5.0
2025-08-23,21,24.0,22.1,89.0,0.3,,200.0,20.0,,1002.0,,5.0
2025-08-23,22,24.0,22.1,89.0,0.0,,200.0,19.0,,1002.0,,5.0
2025-08-23,23,24.0,22.1,89.0,0.0,,190.0,22.0,,1002.0,,5.0
2025-08-24,0,24.0,22.1,89.0,0.0,,180.0,19.0,,1002.0,,5.0
2025-08-24,1,24.0,23.0,94.0,0.0,,180.0,19.0,,1002.0,,5.0
2025-08-24,2,25.0,23.1,89.0,0.2,,190.0,19.0,,1003.0,,7.0
2025-08-24,3,25.0,23.1,89.0,0.8,,180.0,19.0,,1003.0,,5.0
2025-08-24,4,26.0,23.1,84.0,0.2,,190.0,22.0,,1003.0,,5.0
2025-08-24,5,26.0,23.1,84.0,0.0,,200.0,22.0,,1003.0,,5.0
2025-08-24,6,27.0,23.0,79.0,0.1,,200.0,28.0,,1003.0,,5.0
2025-08-24,7,24.0,23.0,94.0,0.2,,280.0,19.0,,1003.0,,7.0
2025-08-24,8,25.0,23.1,89.0,1.6,,280.0,22.0,,1003.0,,7.0
2025-08-24,9,27.0,25.0,89.0,6.9,,260.0,11.0,,1002.0,,5.0
2025-08-24,10,27.0,25.0,89.0,1.4,,240.0,19.0,,1002.0,,5.0
2025-08-24,11,27.0,25.0,89.0,1.9,,250.0,20.0,,1002.0,,5.0
2025-08-24,12,26.6,25.2,92.0,0.2,,236.0,9.3,,1002.0,,9.0
2025-08-24,13,27.0,24.1,84.0,2.6,,190.0,22.0,,1001.0,,5.0
2025-08-24,14,28.0,26.0,89.0,0.3,,190.0,19.0,,1003.0,,5.0
2025-08-24,15,26.0,23.1,84.0,0.7,,200.0,11.0,,1003.0,,5.0
2025-08-24,16,25.0,23.1,89.0,0.5,,200.0,22.0,,1004.0,,5.0
2025-08-24,17,25.0,23.1,89.0,0.3,,190.0,19.0,,1004.0,,5.0
2025-08-24,18,25.0,23.1,89.0,4.9,,180.0,9.0,,1003.0,,5.0
2025-08-24,19,25.0,23.1,89.0,1.3,,210.0,9.0,,1003.0,,5.0
2025-08-24,20,25.0,23.1,89.0,2.7,,200.0,9.0,,1003.0,,5.0
2025-08-24,21,24.0,23.0,94.0,1.6,,200.0,22.0,,1002.0,,5.0
2025-08-24,22,24.0,23.0,94.0,2.2,,210.0,15.0,,1002.0,,3.0
2025-08-24,23,24.0,23.0,94.0,0.5,,200.0,15.0,,1002.0,,3.0
2025-08-25,0,24.0,23.0,94.0,0.9,,230.0,11.0,,1002.0,,3.0
2025-08-25,1,24.0,23.0,94.0,1.9,,200.0,15.0,,1003.0,,4.0
2025-08-25,2,24.0,23.0,94.0,0.4,,240.0,11.0,,1003.0,,4.0
2025-08-25,3,25.0,23.1,89.0,0.4,,230.0,19.0,,1003.0,,5.0
2025-08-25,4,26.0,23.1,84.0,0.7,,210.0,15.0,,1004.0,,5.0
2025-08-25,5,26.0,23.1,84.0,0.7,,210.0,15.0,,1004.0,,5.0
2025-08-25,6,26.0,23.1,84.0,0.5,,210.0,9.0,,1003.0,,5.0
2025-08-25,7,27.0,23.0,79.0,0.0,,220.0,22.0,,1003.0,,5.0
2025-08-25,8,29.0,23.0,70.0,0.9,,250.0,17.0,,1002.0,,5.0
2025-08-25,9,29.0,23.0,70.0,0.0,,250.0,19.0,,1001.0,,5.0
2025-08-25,10,28.0,22.9,74.0,0.0,,260.0,19.0,,1001.0,,5.0
2025-08-25,11,28.0,22.9,74.0,0.0,,240.0,24.0,,1000.0,,5.0
2025-08-25,12,28.0,24.0,79.0,0.0,,230.0,15.0,,1000.0,,5.0
2025-08-25,13,28.0,22.9,74.0,0.0,,210.0,22.0,,1001.0,,5.0
2025-08-25,14,27.0,24.1,84.0,0.0,,190.0,11.0,,1002.0,,5.0
2025-08-25,15,27.0,24.1,84.0,0.0,,200.0,15.0,,1002.0,,5.0
2025-08-25,16,27.0,23.0,79.0,0.0,,200.0,17.0,,1003.0,,5.0
2025-08-25,17,26.0,23.1,84.0,0.0,,210.0,11.0,,1004.0,,5.0
2025-08-25,18,26.0,23.1,84.0,0.0,,210.0,15.0,,1003.0,,5.0
2025-08-25,19,25.0,23.1,89.0,0.0,,200.0,15.0,,1003.0,,5.0
2025-08-25,20,25.0,23.1,89.0,0.0,,200.0,15.0,,1003.0,,5.0
2025-08-25,21,25.0,23.1,89.0,0.0,,200.0,15.0,,1002.0,,5.0
2025-08-25,22,25.0,23.1,89.0,0.0,,250.0,9.0,,1002.0,,5.0
2025-08-25,23,25.0,23.1,89.0,0.0,,230.0,13.0,,1002.0,,5.0
2025-08-26,0,25.0,23.1,89.0,0.0,,200.0,13.0,,1003.0,,5.0
2025-08-26,1,25.0,23.1,89.0,0.0,,220.0,9.0,,1004.0,,5.0
2025-08-26,2,25.0,23.1,89.0,0.0,,210.0,7.0,,1004.0,,5.0
2025-08-26,3,26.0,23.1,84.0,0.0,,190.0,11.0,,1004.0,,5.0
2025-08-26,4,28.1,25.5,86.0,0.2,,238.0,3.7,,1004.9,,3.0
2025-08-26,5,28.0,22.9,74.0,0.1,,220.0,11.0,,1005.0,,5.0
2025-08-26,6,28.0,22.9,74.0,0.2,,240.0,6.0,,1005.0,,5.0
2025-08-26,7,29.0,23.0,70.0,0.3,,240.0,9.0,,1004.0,,5.0
2025-08-26,8,29.0,23.0,70.0,0.0,,230.0,17.0,,1003.0,,3.0
2025-08-26,9,29.0,23.0,70.0,0.0,,250.0,11.0,,1003.0,,5.0
2025-08-26,10,30.0,23.9,70.0,0.2,,220.0,7.0,,1002.0,,5.0
2025-08-26,11,30.0,23.9,70.0,2.3,,250.0,9.0,,1002.0,,5.0
2025-08-26,12,30.0,23.9,70.0,0.0,,240.0,7.0,,1002.0,,5.0
2025-08-26,13,29.0,23.0,70.0,0.2,,280.0,7.0,,1002.0,,5.0
2025-08-26,14,29.0,23.0,70.0,0.3,,248.0,3.7,,1003.0,,5.0
2025-08-26,15,29.0,24.1,75.0,1.1,,260.0,4.0,,1004.0,,5.0
2025-08-26,16,28.0,24.0,79.0,3.8,,270.0,7.0,,1005.0,,5.0
2025-08-26,17,28.0,24.0,79.0,0.0,,270.0,11.0,,1005.0,,5.0
2025-08-26,18,27.0,24.1,84.0,0.0,,260.0,7.0,,1004.0,,5.0
2025-08-26,19,26.0,23.1,84.0,0.0,,240.0,7.0,,1003.0,,5.0
2025-08-26,20,26.0,23.1,84.0,0.0,,230.0,22.0,,1003.0,,5.0
2025-08-26,21,26.0,23.1,84.0,0.0,,220.0,19.0,,1003.0,,5.0
2025-08-26,22,26.0,23.1,84.0,0.0,,260.0,13.0,,1003.0,,5.0
2025-08-26,23,25.0,23.1,89.0,0.0,,230.0,15.0,,1003.0,,5.0
2025-08-27,0,26.0,23.1,84.0,0.0,,240.0,7.0,,1004.0,,5.0
2025-08-27,1,25.0,23.1,89.0,0.0,,230.0,7.0,,1004.0,,5.0
2025-08-27,2,26.0,23.1,84.0,0.0,,220.0,11.0,,1004.0,,5.0
2025-08-27,3,26.0,23.1,84.0,0.0,,240.0,11.0,,1005.0,,5.0
2025-08-27,4,27.0,23.0,79.0,0.0,,230.0,9.0,,1005.0,,5.0
2025-08-27,5,29.0,23.0,70.0,0.1,,280.0,7.0,,1005.0,,5.0
2025-08-27,6,30.0,23.0,66.0,0.0,,250.0,11.0,,1004.0,,5.0
2025-08-27,7,30.0,23.0,66.0,0.0,,230.0,11.0,,1003.0,,5.0
2025-08-27,8,30.0,21.9,62.0,0.0,,260.0,6.0,,1003.0,,3.0
2025-08-27,9,31.0,22.1,59.0,0.0,,240.0,11.0,,1002.0,,3.0
2025-08-27,10,31.0,23.1,63.0,0.0,,250.0,9.0,,1001.0,,3.0
2025-08-27,11,31.0,23.1,63.0,0.0,,260.0,11.0,,1001.0,,3.0
2025-08-27,12,31.0,23.1,63.0,0.0,,270.0,9.0,,1001.0,,5.0
2025-08-27,13,30.0,23.0,66.0,0.0,,260.0,6.0,,1002.0,,5.0
2025-08-27,14,30.0,23.0,66.0,0.0,,220.0,4.0,,1002.0,,5.0
2025-08-27,15,30.0,23.9,70.0,0.0,,270.0,4.0,,1003.0,,5.0
2025-08-27,16,28.0,25.0,84.0,0.0,,40.0,6.0,,1004.0,,3.0
2025-08-27,17,28.0,25.0,84.0,0.0,,212.0,4.0,,1004.0,,3.0
2025-08-27,18,27.0,26.0,94.0,0.0,,212.0,4.0,,1003.0,,3.0
2025-08-27,19,26.0,25.0,94.0,0.0,,140.0,11.0,,1002.0,,3.0
2025-08-27,20,26.0,25.0,94.0,0.0,,140.0,11.0,,1002.0,,3.0
2025-08-27,21,27.0,25.0,89.0,0.0,,200.0,6.0,,1002.0,,5.0
2025-08-27,22,27.0,23.0,79.0,0.0,,240.0,7.0,,1002.0,,5.0
2025-08-27,23,26.0,23.1,84.0,0.0,,230.0,7.0,,1002.0,,5.0
2025-08-28,0,26.0,23.1,84.0,0.0,,270.0,9.0,,1003.0,,5.0
2025-08-28,1,26.0,23.1,84.0,0.0,,220.0,11.0,,1003.0,,5.0
2025-08-28,2,27.0,23.0,79.0,0.0,,240.0,9.0,,1004.0,,5.0
2025-08-28,3,27.0,23.0,79.0,0.0,,270.0,17.0,,1004.0,,5.0
2025-08-28,4,27.0,23.0,79.0,0.0,,250.0,15.0,,1004.0,,5.0
2025-08-28,5,27.0,24.1,84.0,0.0,,270.0,11.0,,1004.0,,5.0
2025-08-28,6,30.0,23.9,70.0,0.1,,270.0,15.0,,1003.0,,5.0
2025-08-28,7,30.0,23.9,70.0,0.4,,280.0,17.0,,1003.0,,5.0
2025-08-28,8,30.0,23.9,70.0,0.3,,260.0,15.0,,1002.0,,5.0
2025-08-28,9,30.0,23.9,70.0,0.5,,260.0,19.0,,1001.0,,5.0
2025-08-28,10,31.0,23.9,66.0,7.2,,290.0,15.0,,1000.0,,5.0
2025-08-28,11,30.0,23.9,70.0,4.0,,250.0,9.0,,1000.0,,5.0
2025-08-28,12,30.0,23.9,70.0,0.3,,240.0,11.0,,1000.0,,5.0
2025-08-28,13,28.0,25.0,84.0,0.2,,10.0,9.0,,1002.0,,5.0
2025-08-28,14,24.0,23.0,94.0,0.7,,70.0,28.0,,1003.0,,3.0
2025-08-28,15,24.0,23.0,94.0,0.5,,360.0,7.0,,1003.0,,3.0
2025-08-28,16,24.0,23.0,94.0,0.0,,204.0,1.8,,1003.0,,25.0
2025-08-28,17,25.0,23.1,89.0,0.0,,204.0,4.0,,1002.0,,25.0
2025-08-28,18,25.0,24.0,94.0,0.0,,204.0,4.0,,1002.0,,5.0
2025-08-28,19,25.0,24.0,94.0,0.0,,180.0,4.0,,1002.0,,5.0
2025-08-28,20,25.0,24.0,94.0,0.0,,190.0,7.0,,1001.0,,5.0
2025-08-28,21,25.0,24.0,94.0,0.0,,210.0,7.0,,1001.0,,5.0
2025-08-28,22,25.0,24.0,94.0,0.1,,210.0,6.0,,1001.0,,5.0
2025-08-28,23,25.0,24.0,94.0,1.4,,210.0,6.0,,1001.0,,5.0
2025-08-29,0,25.0,24.0,94.0,0.0,,267.0,1.8,,1002.0,,4.0
2025-08-29,1,25.0,24.0,94.0,2.4,,200.0,6.0,,1002.0,,4.0
2025-08-29,2,26.0,24.0,89.0,2.9,,270.0,6.0,,1003.0,,5.0
2025-08-29,3,26.0,24.0,89.0,0.2,,240.0,9.0,,1003.0,,5.0
2025-08-29,4,27.0,24.1,84.0,0.0,,240.0,9.0,,1003.0,,4.0
2025-08-29,5,27.0,24.1,84.0,0.0,,250.0,7.0,,1003.0,,4.0
2025-08-29,6,27.0,24.1,84.0,0.2,,220.0,7.0,,1003.0,,4.0
2025-08-29,7,27.0,24.1,84.0,0.2,,200.0,9.0,,1003.0,,4.0
2025-08-29,8,29.0,24.1,75.0,0.7,,240.0,13.0,,1001.0,,5.0
2025-08-29,9,29.0,24.1,75.0,0.2,,220.0,11.0,,1001.0,,5.0
2025-08-29,10,28.0,25.0,84.0,5.3,,200.0,4.0,,1001.0,,3.0
2025-08-29,11,23.0,22.0,94.0,0.1,,160.0,4.0,,1001.0,,3.0
2025-08-29,12,26.0,24.0,89.0,14.7,,240.0,4.0,,1001.0,,3.0
2025-08-29,13,26.0,25.0,94.0,1.6,,30.0,4.0,,1001.0,,3.0
2025-08-29,14,25.0,24.0,94.0,0.0,,222.0,4.0,,1002.0,,25.0
2025-08-29,15,26.0,24.0,89.0,0.0,,217.0,3.7,,1002.0,,5.0
2025-08-29,16,26.0,25.0,94.0,0.0,,214.0,6.0,,1004.0,,5.0
2025-08-29,17,27.0,25.0,89.0,2.7,,160.0,9.0,,1003.0,,5.0
2025-08-29,18,27.0,25.0,89.0,0.1,,180.0,13.0,,1004.0,,5.0
2025-08-29,19,27.0,25.0,89.0,2.1,,170.0,11.0,,1004.0,,5.0
2025-08-29,20,27.0,25.0,89.0,0.0,,210.0,9.0,,1003.0,,5.0
2025-08-29,21,27.0,25.0,89.0,0.0,,190.0,7.0,,1002.0,,5.0
2025-08-29,22,26.0,25.0,94.0,0.0,,180.0,7.0,,1003.0,,5.0
2025-08-29,23,26.0,25.0,94.0,0.0,,240.0,7.0,,1003.0,,5.0
2025-08-30,0,26.0,24.0,89.0,0.0,,250.0,6.0,,1003.0,,5.0
2025-08-30,1,26.0,24.0,89.0,0.0,,270.0,6.0,,1004.0,,5.0
2025-08-30,2,26.0,24.0,89.0,0.0,,260.0,9.0,,1004.0,,5.0
2025-08-30,3,26.0,24.0,89.0,0.4,,260.0,9.0,,1004.0,,5.0
2025-08-30,4,28.0,22.9,74.0,0.6,,250.0,15.0,,1005.0,,5.0
2025-08-30,5,28.0,22.9,74.0,0.3,,260.0,11.0,,1005.0,,5.0
2025-08-30,6,29.0,23.0,70.0,1.6,,280.0,13.0,,1005.0,,5.0
2025-08-30,7,29.0,24.1,75.0,0.3,,260.0,13.0,,1004.0,,5.0
2025-08-30,8,29.0,24.1,75.0,0.1,,270.0,13.0,,1003.0,,5.0
2025-08-30,9,29.0,24.1,75.0,0.1,,230.0,7.0,,1003.0,,5.0
2025-08-30,10,28.0,24.0,79.0,0.3,,230.0,15.0,,1002.0,,5.0
2025-08-30,11,28.0,25.0,84.0,4.6,,200.0,9.0,,1002.0,,5.0
2025-08-30,12,27.0,25.0,89.0,0.3,,220.0,9.0,,1003.0,,5.0
2025-08-30,13,27.0,24.1,84.0,0.2,,190.0,11.0,,1004.0,,5.0
2025-08-30,14,27.0,24.1,84.0,0.0,,170.0,9.0,,1004.0,,5.0
2025-08-30,15,26.0,24.0,89.0,0.5,,210.0,11.0,,1004.0,,5.0
2025-08-30,16,27.0,24.1,84.0,0.0,,180.0,11.0,,1005.0,,5.0
2025-08-30,17,26.0,24.0,89.0,0.0,,200.0,13.0,,1005.0,,5.0
2025-08-30,18,26.0,24.0,89.0,0.0,,190.0,15.0,,1005.0,,5.0
2025-08-30,19,26.0,24.0,89.0,0.0,,190.0,11.0,,1005.0,,4.0
2025-08-30,20,26.0,24.0,89.0,0.0,,190.0,11.0,,1004.0,,5.0
2025-08-30,21,26.0,24.0,89.0,0.0,,200.0,9.0,,1003.0,,5.0
2025-08-30,22,26.0,24.0,89.0,0.0,,170.0,19.0,,1004.0,,5.0
2025-08-30,23,26.0,24.0,89.0,0.0,,180.0,13.0,,1004.0,,5.0
2025-08-31,0,26.0,24.0,89.0,0.0,,210.0,11.0,,1004.0,,8.0
2025-08-31,1,25.0,24.0,94.0,0.0,,190.0,17.0,,1004.0,,8.0
2025-08-31,2,25.0,24.0,94.0,1.0,,220.0,22.0,,1005.0,,8.0
2025-08-31,3,25.0,24.0,94.0,2.2,,220.0,7.0,,1006.0,,8.0
2025-08-31,4,25.0,24.0,94.0,2.4,,200.0,11.0,,1006.0,,9.0
2025-08-31,5,26.0,23.1,84.0,0.2,,270.0,6.0,,1006.0,,5.0
2025-08-31,6,27.0,23.0,79.0,0.2,,230.0,7.0,,1005.0,,5.0
2025-08-31,7,27.0,23.0,79.0,0.3,,240.0,6.0,,1005.0,,5.0
2025-08-31,8,28.0,24.0,79.0,0.3,,260.0,6.0,,1004.0,,5.0
2025-08-31,9,28.0,22.9,74.0,0.2,,220.0,9.0,,1003.0,,5.0
2025-08-31,10,28.0,22.9,74.0,7.6,,220.0,11.0,,1002.0,,5.0
2025-08-31,11,29.0,23.0,70.0,4.1,,210.0,9.0,,1002.0,,5.0
2025-08-31,12,29.0,24.1,75.0,0.1,,200.0,7.0,,1002.0,,5.0
2025-08-31,13,28.0,24.0,79.0,1.2,,200.0,13.0,,1002.0,,5.0
2025-08-31,14,27.0,24.1,84.0,0.3,,180.0,9.0,,1002.0,,5.0
2025-08-31,15,27.0,24.1,84.0,0.5,,160.0,13.0,,1003.0,,5.0
2025-08-31,16,26.0,24.0,89.0,0.4,,170.0,17.0,,1003.0,,5.0
2025-08-31,17,26.0,24.0,89.0,0.0,,190.0,15.0,,1003.0,,5.0
2025-08-31,18,26.0,24.0,89.0,0.0,,180.0,15.0,,1003.0,,5.0
2025-08-31,19,26.0,24.0,89.0,0.0,,200.0,9.0,,1002.0,,5.0
2025-08-31,20,26.0,24.0,89.0,0.0,,210.0,13.0,,1002.0,,5.0
2025-08-31,21,26.0,24.0,89.0,0.0,,220.0,11.0,,1001.0,,5.0
2025-08-31,22,26.0,23.1,84.0,0.0,,210.0,13.0,,1001.0,,5.0
2025-08-31,23,26.0,22.1,79.0,0.4,,210.0,9.0,,1001.0,,5.0
2025-09-01,0,25.0,22.1,84.0,0.5,,270.0,17.0,,1002.0,,5.0
2025-09-01,1,26.0,22.1,79.0,0.0,,230.0,7.0,,1002.0,,5.0
2025-09-01,2,26.0,22.1,79.0,0.0,,220.0,19.0,,1002.0,,5.0
2025-09-01,3,26.0,22.1,79.0,0.0,,240.0,17.0,,1003.0,,5.0
2025-09-01,4,27.0,23.0,79.0,0.2,,220.0,17.0,,1003.0,,5.0
2025-09-01,5,27.0,23.0,79.0,0.2,,240.0,15.0,,1003.0,,5.0
2025-09-01,6,28.0,22.9,74.0,0.4,,220.0,11.0,,1002.0,,5.0
2025-09-01,7,29.0,23.0,70.0,0.3,,230.0,17.0,,1002.0,,5.0
2025-09-01,8,29.0,23.0,70.0,0.0,,210.0,11.0,,1001.0,,5.0
2025-09-01,9,28.0,22.9,74.0,0.0,,180.0,17.0,,1000.0,,5.0
2025-09-01,10,29.0,23.0,70.0,0.0,,250.0,7.0,,1000.0,,5.0
2025-09-01,11,29.0,23.0,70.0,0.0,,220.0,13.0,,999.0,,5.0
2025-09-01,12,29.0,23.0,70.0,0.0,,210.0,11.0,,999.0,,5.0
2025-09-01,13,28.0,24.0,79.0,0.0,,190.0,13.0,,1000.0,,5.0
2025-09-01,14,28.0,24.0,79.0,0.0,,200.0,11.0,,1000.0,,5.0
2025-09-01,15,28.0,22.9,74.0,0.0,,210.0,9.0,,1001.0,,5.0
2025-09-01,16,28.0,22.0,70.0,0.0,,200.0,7.0,,1002.0,,5.0
2025-09-01,17,28.0,22.0,70.0,0.0,,210.0,19.0,,1002.0,,5.0
2025-09-01,18,27.0,21.1,70.0,0.0,,220.0,15.0,,1002.0,,5.0
2025-09-01,19,27.0,21.1,70.0,0.0,,220.0,15.0,,1002.0,,5.0
2025-09-01,20,27.0,21.1,70.0,0.0,,230.0,13.0,,1002.0,,5.0
2025-09-01,21,26.0,22.1,79.0,0.0,,220.0,13.0,,1001.0,,5.0
2025-09-01,22,25.0,22.1,84.0,0.0,,230.0,11.0,,1001.0,,5.0
2025-09-01,23,25.0,22.1,84.0,0.0,,220.0,9.0,,1001.0,,5.0
2025-09-02,0,25.0,22.1,84.0,0.0,,230.0,9.0,,1002.0,,5.0
2025-09-02,1,25.0,22.1,84.0,0.0,,230.0,7.0,,1002.0,,5.0
2025-09-02,2,25.0,22.1,84.0,0.0,,230.0,13.0,,1003.0,,5.0
2025-09-02,3,26.0,22.1,79.0,0.2,,240.0,17.0,,1004.0,,5.0
2025-09-02,4,27.0,22.0,74.0,0.0,,280.0,9.0,,1004.0,,5.0
2025-09-02,5,28.0,22.0,70.0,0.2,,260.0,9.0,,1004.0,,5.0
2025-09-02,6,29.0,22.0,66.0,0.0,,260.0,11.0,,1003.0,,5.0
2025-09-02,7,30.0,21.9,62.0,0.0,,290.0,13.0,,1003.0,,5.0
2025-09-02,8,31.0,20.9,55.0,0.1,,270.0,9.0,,1002.0,,5.0
2025-09-02,9,31.0,20.0,52.0,0.0,,240.0,13.0,,1001.0,,5.0
2025-09-02,10,31.0,20.9,55.0,0.0,,230.0,9.0,,1000.0,,3.0
2025-09-02,11,30.0,21.1,59.0,0.0,,260.0,9.0,,1000.0,,3.0
2025-09-02,12,30.0,21.1,59.0,0.0,,230.0,9.0,,1000.0,,3.0
2025-09-02,13,30.0,20.0,55.0,0.0,,220.0,7.0,,1001.0,,3.0
2025-09-02,14,29.0,21.0,62.0,0.0,,220.0,7.0,,1002.0,,3.0
2025-09-02,15,29.0,22.0,66.0,0.0,,180.0,6.0,,1002.0,,5.0
2025-09-02,16,28.0,22.0,70.0,0.0,,170.0,9.0,,1003.0,,5.0
2025-09-02,17,28.0,24.0,79.0,0.0,,200.0,13.0,,1004.0,,5.0
2025-09-02,18,27.0,24.1,84.0,0.0,,180.0,11.0,,1004.0,,5.0
2025-09-02,19,26.0,24.0,89.0,0.0,,190.0,7.0,,1003.0,,5.0
2025-09-02,20,27.0,24.1,84.0,0.0,,270.0,6.0,,1003.0,,5.0
2025-09-02,21,26.0,22.1,79.0,0.0,,240.0,7.0,,1002.0,,5.0
2025-09-02,22,26.0,22.1,79.0,0.0,,230.0,7.0,,1002.0,,5.0
2025-09-02,23,26.0,22.1,79.0,0.0,,250.0,15.0,,1002.0,,5.0
2025-09-03,0,25.0,22.1,84.0,0.0,,240.0,15.0,,1003.0,,5.0
2025-09-03,1,25.0,22.1,84.0,0.0,,250.0,9.0,,1004.0,,5.0
2025-09-03,2,26.0,22.1,79.0,0.0,,250.0,11.0,,1004.0,,5.0
2025-09-03,3,27.0,22.0,74.0,0.0,,270.0,7.0,,1004.0,,5.0
2025-09-03,4,28.0,22.0,70.0,0.0,,250.0,15.0,,1005.0,,5.0
2025-09-03,5,29.0,21.0,62.0,0.0,,280.0,17.0,,1005.0,,5.0
2025-09-03,6,30.0,21.1,59.0,0.0,,280.0,9.0,,1004.0,,5.0
2025-09-03,7,30.0,21.1,59.0,0.0,,260.0,15.0,,1004.0,,5.0
2025-09-03,8,31.0,22.1,59.0,0.1,,290.0,13.0,,1003.0,,5.0
2025-09-03,9,31.0,20.9,55.0,0.0,,230.0,13.0,,1002.0,,3.0
2025-09-03,10,32.0,20.9,52.0,0.0,,280.0,11.0,,1001.0,,3.0
2025-09-03,11,31.0,20.9,55.0,0.0,,260.0,11.0,,1001.0,,3.0
2025-09-03,12,31.0,20.9,55.0,0.0,,260.0,7.0,,1001.0,,3.0
2025-09-03,13,30.0,21.1,59.0,0.6,,250.0,6.0,,1001.0,,3.0
2025-09-03,14,30.0,21.1,59.0,0.2,,280.0,3.7,,1002.0,,3.0
2025-09-03,15,30.0,21.1,59.0,0.0,,270.0,4.0,,1003.0,,5.0
2025-09-03,16,24.0,20.9,83.0,0.0,,40.0,56.0,,1005.0,,4.0
2025-09-03,17,23.0,22.0,94.0,5.0,,60.0,7.0,,1004.0,,4.0
2025-09-03,18,25.0,23.1,89.0,0.8,,200.0,9.0,,1004.0,,4.0
2025-09-03,19,24.0,22.1,89.0,0.0,,160.0,15.0,,1003.0,,4.0
2025-09-03,20,24.0,22.1,89.0,0.0,,190.0,7.0,,1002.0,,5.0
2025-09-03,21,24.0,22.1,89.0,0.4,,200.0,6.0,,1002.0,,5.0
2025-09-03,22,24.0,23.0,94.0,0.3,,240.0,4.0,,1002.0,,5.0
2025-09-03,23,24.0,23.0,94.0,0.0,,280.0,4.0,,1002.0,,5.0
2025-09-04,0,24.0,23.0,94.0,0.0,,250.0,13.0,,1003.0,,5.0
2025-09-04,1,24.0,23.0,94.0,0.0,,260.0,11.0,,1003.0,,5.0
2025-09-04,2,25.0,23.1,89.0,0.0,,240.0,15.0,,1003.0,,5.0
2025-09-04,3,26.0,23.1,84.0,0.0,,300.0,9.0,,1004.0,,5.0
2025-09-04,4,26.0,23.1,84.0,0.2,,280.0,9.0,,1004.0,,5.0
2025-09-04,5,26.0,23.1,84.0,1.7,,270.0,9.0,,1004.0,,5.0
2025-09-04,6,26.0,23.1,84.0,0.6,,280.0,11.0,,1004.0,,7.0
2025-09-04,7,26.0,24.0,89.0,0.6,,300.0,6.0,,1002.0,,5.0
2025-09-04,8,27.0,23.0,79.0,1.2,,290.0,7.0,,1001.0,,5.0
2025-09-04,9,27.0,23.0,79.0,0.4,,270.0,9.0,,1001.0,,5.0
2025-09-04,10,27.0,23.0,79.0,1.2,,290.0,7.0,,1001.0,,5.0
2025-09-04,11,27.0,24.1,84.0,0.2,,270.0,7.0,,1001.0,,5.0
2025-09-04,12,28.0,24.0,79.0,0.0,,294.0,4.0,,1001.0,,5.0
2025-09-04,13,28.0,24.0,79.0,0.0,,294.0,4.0,,1000.0,,5.0
2025-09-04,14,27.0,24.1,84.0,0.3,,210.0,7.0,,1001.0,,5.0
2025-09-04,15,27.0,25.0,89.0,0.7,,200.0,9.0,,1002.0,,5.0
2025-09-04,16,27.0,25.0,89.0,0.3,,190.0,6.0,,1002.0,,3.0
2025-09-04,17,26.0,24.0,89.0,0.3,,250.0,17.0,,1003.0,,3.0
2025-09-04,18,25.0,22.1,84.0,0.3,,250.0,15.0,,1003.0,,3.0
2025-09-04,19,24.0,22.1,89.0,1.8,,250.0,11.0,,1002.0,,3.0
2025-09-04,20,24.0,22.1,89.0,2.4,,250.0,6.0,,1002.0,,5.0
2025-09-04,21,24.0,22.1,89.0,2.9,,280.0,6.0,,1002.0,,5.0
2025-09-04,22,24.0,22.1,89.0,4.3,,280.0,7.0,,1001.0,,5.0
2025-09-04,23,24.0,23.0,94.0,2.1,,270.0,11.0,,1002.0,,5.0
2025-09-05,0,25.0,23.1,89.0,1.9,,280.0,9.0,,1002.0,,5.0
2025-09-05,1,25.0,23.1,89.0,0.5,,250.0,15.0,,1003.0,,7.0
2025-09-05,2,25.0,23.1,89.0,0.2,,270.0,19.0,,1004.0,,5.0
2025-09-05,3,26.0,23.1,84.0,0.0,,290.0,9.0,,1004.0,,5.0
2025-09-05,4,27.0,23.0,79.0,0.0,,300.0,9.0,,1004.0,,5.0
2025-09-05,5,28.0,24.0,79.0,0.0,,250.0,9.0,,1004.0,,5.0
2025-09-05,6,28.0,24.0,79.0,0.0,,260.0,11.0,,1003.0,,5.0
2025-09-05,7,30.0,23.9,70.0,0.2,,240.0,13.0,,1003.0,,5.0
2025-09-05,8,30.0,23.9,70.0,0.0,,230.0,15.0,,1002.0,,5.0
2025-09-05,9,31.0,23.1,63.0,0.0,,270.0,15.0,,1001.0,,5.0
2025-09-05,10,32.0,23.0,59.0,0.0,,250.0,11.0,,1000.0,,5.0
2025-09-05,11,31.0,23.9,66.0,1.7,,240.0,11.0,,999.0,,5.0
2025-09-05,12,31.0,23.9,66.0,6.8,,210.0,19.0,,1000.0,,5.0
2025-09-05,13,27.0,23.0,79.0,7.2,,180.0,9.0,,1001.0,,25.0
2025-09-05,14,27.0,23.0,79.0,0.7,,170.0,11.0,,1002.0,,25.0
2025-09-05,15,26.0,24.0,89.0,5.4,,170.0,13.0,,1003.0,,25.0
2025-09-05,16,25.0,23.1,89.0,0.2,,200.0,13.0,,1003.0,,5.0
2025-09-05,17,25.0,23.1,89.0,0.0,,200.0,19.0,,1003.0,,5.0
2025-09-05,18,25.0,23.1,89.0,2.1,,190.0,22.0,,1003.0,,5.0
2025-09-05,19,25.0,23.1,89.0,3.4,,210.0,15.0,,1003.0,,5.0
2025-09-05,20,25.0,23.1,89.0,0.3,,210.0,20.0,,1002.0,,5.0
2025-09-05,21,25.0,22.1,84.0,2.9,,230.0,15.0,,1002.0,,5.0
2025-09-05,22,25.0,22.1,84.0,2.6,,240.0,19.0,,1002.0,,5.0
2025-09-05,23,25.0,22.1,84.0,0.0,,230.0,11.0,,1002.0,,5.0
2025-09-06,0,25.0,22.1,84.0,0.0,,250.0,13.0,,1002.0,,5.0
2025-09-06,1,25.0,22.1,84.0,0.0,,240.0,11.0,,1002.0,,5.0
2025-09-06,2,25.0,22.1,84.0,0.2,,230.0,11.0,,1003.0,,5.0
2025-09-06,3,25.0,22.1,84.0,1.8,,220.0,15.0,,1004.0,,5.0
2025-09-06,4,25.0,22.1,84.0,0.3,,230.0,15.0,,1004.0,,5.0
2025-09-06,5,25.0,22.1,84.0,0.3,,210.0,19.0,,1004.0,,5.0
2025-09-06,6,26.0,22.1,79.0,0.3,,200.0,19.0,,1004.0,,5.0
2025-09-06,7,25.0,23.1,89.0,0.3,,190.0,19.0,,1003.0,,7.0
2025-09-06,8,25.0,24.0,94.0,0.0,,190.0,22.0,,1003.0,,7.0
2025-09-06,9,25.0,24.0,94.0,0.1,,220.0,9.0,,1001.0,,9.0
2025-09-06,10,24.0,23.0,94.0,0.5,,180.0,19.0,,1001.0,,9.0
2025-09-06,11,24.0,23.0,94.0,0.3,,190.0,22.0,,1001.0,,9.0
2025-09-06,12,24.0,23.0,94.0,3.8,,180.0,24.0,,1001.0,,9.0
2025-09-06,13,24.0,23.0,94.0,1.2,,190.0,24.0,,1001.0,,25.0
2025-09-06,14,24.0,23.0,94.0,1.0,,190.0,22.0,,1001.0,,25.0
2025-09-06,15,24.0,23.0,94.0,1.7,,190.0,17.0,,1003.0,,25.0
2025-09-06,16,24.0,23.0,94.0,3.0,,180.0,19.0,,1003.0,,9.0
2025-09-06,17,24.0,23.0,94.0,1.7,,200.0,19.0,,1003.0,,9.0
2025-09-06,18,24.0,22.1,89.0,1.2,,180.0,20.0,,1003.0,,9.0
2025-09-06,19,24.0,22.1,89.0,0.8,,180.0,20.0,,1002.0,,9.0
2025-09-06,20,24.0,22.1,89.0,0.8,,200.0,15.0,,1002.0,,9.0
2025-09-06,21,24.0,23.0,94.0,1.3,,200.0,26.0,,1001.0,,9.0
2025-09-06,22,24.0,22.1,89.0,2.3,,230.0,15.0,,1001.0,,7.0
2025-09-06,23,24.0,22.1,89.0,2.4,,200.0,13.0,,1001.0,,7.0
2025-09-07,0,24.0,22.1,89.0,1.8,,190.0,19.0,,1001.0,,7.0
2025-09-07,1,23.0,22.0,94.0,1.7,,220.0,11.0,,1001.0,,7.0
2025-09-07,2,23.0,22.0,94.0,1.3,,190.0,11.0,,1003.0,,7.0
2025-09-07,3,23.0,22.0,94.0,3.3,,210.0,11.0,,1003.0,,7.0
2025-09-07,4,23.0,22.0,94.0,9.4,,190.0,22.0,,1004.0,,7.0
2025-09-07,5,25.0,23.1,89.0,5.2,,190.0,19.0,,1004.0,,7.0
2025-09-07,6,24.0,22.1,89.0,1.3,,210.0,37.0,,1003.0,,7.0
2025-09-07,7,24.0,22.1,89.0,1.1,,180.0,37.0,,1003.0,,7.0
2025-09-07,8,24.0,22.1,89.0,1.5,,190.0,37.0,,1002.0,,7.0
2025-09-07,9,24.0,22.1,89.0,2.2,,180.0,37.0,,1002.0,,7.0
2025-09-07,10,24.0,22.1,89.0,0.6,,170.0,28.0,,1001.0,,7.0
2025-09-07,11,24.0,22.1,89.0,0.3,,170.0,19.0,,1001.0,,7.0
2025-09-07,12,25.0,23.1,89.0,0.2,,180.0,19.0,,1001.0,,5.0
2025-09-07,13,24.0,22.1,89.0,0.1,,170.0,19.0,,1002.0,,5.0
2025-09-07,14,24.0,22.1,89.0,0.0,,190.0,11.0,,1002.0,,5.0
2025-09-07,15,25.0,23.1,89.0,0.4,,170.0,22.0,,1003.0,,5.0
2025-09-07,16,24.0,23.0,94.0,0.2,,210.0,15.0,,1004.0,,5.0
2025-09-07,17,24.0,23.0,94.0,0.8,,170.0,15.0,,1004.0,,4.0
2025-09-07,18,25.0,23.1,89.0,1.0,,170.0,13.0,,1004.0,,7.0
2025-09-07,19,24.0,22.1,89.0,0.5,,160.0,15.0,,1003.0,,4.0
2025-09-07,20,24.0,22.1,89.0,0.1,,160.0,17.0,,1003.0,,5.0
2025-09-07,21,24.0,22.1,89.0,0.0,,150.0,17.0,,1002.0,,5.0
2025-09-07,22,24.0,22.1,89.0,0.0,,140.0,19.0,,1002.0,,5.0
2025-09-07,23,24.0,22.1,89.0,0.0,,150.0,15.0,,1002.0,,5.0
2025-09-08,0,24.0,22.1,89.0,0.0,,150.0,19.0,,1003.0,,5.0
2025-09-08,1,24.0,22.1,89.0,0.0,,150.0,20.0,,1003.0,,5.0
2025-09-08,2,24.0,22.1,89.0,0.0,,160.0,22.0,,1004.0,,5.0
2025-09-08,3,25.0,22.1,84.0,0.0,,160.0,22.0,,1004.0,,5.0
2025-09-08,4,27.0,22.0,74.0,0.4,,190.0,28.0,,1005.0,,5.0
2025-09-08,5,27.0,22.0,74.0,1.0,,180.0,28.0,,1005.0,,5.0
2025-09-08,6,28.0,21.1,66.0,0.1,,160.0,28.0,,1005.0,,5.0
2025-09-08,7,28.0,21.1,66.0,0.0,,190.0,28.0,,1005.0,,5.0
2025-09-08,8,28.0,22.0,70.0,0.0,,170.0,26.0,,1004.0,,5.0
2025-09-08,9,29.0,22.0,66.0,0.0,,170.0,19.0,,1004.0,,5.0
2025-09-08,10,29.0,22.0,66.0,0.3,,190.0,17.0,,1003.0,,5.0
2025-09-08,11,29.0,22.0,66.0,0.6,,160.0,19.0,,1003.0,,5.0
2025-09-08,12,28.0,22.0,70.0,0.0,,170.0,13.0,,1004.0,,5.0
2025-09-08,13,27.0,22.0,74.0,0.0,,150.0,15.0,,1004.0,,5.0
2025-09-08,14,27.0,22.0,74.0,0.0,,160.0,17.0,,1005.0,,5.0
2025-09-08,15,26.0,22.1,79.0,0.0,,180.0,19.0,,1006.0,,5.0
2025-09-08,16,26.0,23.1,84.0,0.0,,170.0,22.0,,1007.0,,5.0
2025-09-08,17,25.0,23.1,89.0,0.0,,150.0,15.0,,1007.0,,5.0
2025-09-08,18,25.0,23.1,89.0,0.0,,170.0,11.0,,1007.0,,5.0
2025-09-08,19,25.0,23.1,89.0,0.0,,170.0,9.0,,1007.0,,5.0
2025-09-08,20,25.0,23.1,89.0,0.0,,170.0,11.0,,1007.0,,5.0
2025-09-08,21,25.0,22.1,84.0,0.0,,160.0,15.0,,1006.0,,5.0
2025-09-08,22,24.0,22.1,89.0,0.0,,160.0,15.0,,1006.0,,5.0
2025-09-08,23,24.0,22.1,89.0,0.0,,160.0,11.0,,1006.0,,5.0
2025-09-09,0,24.0,22.1,89.0,0.0,,170.0,9.0,,1007.0,,5.0
2025-09-09,1,24.0,22.1,89.0,0.0,,140.0,6.0,,1007.0,,5.0
2025-09-09,2,24.0,22.1,89.0,0.0,,140.0,9.0,,1008.0,,5.0
2025-09-09,3,25.0,22.1,84.0,0.2,,170.0,7.0,,1009.0,,5.0
2025-09-09,4,26.0,22.1,79.0,0.1,,180.0,11.0,,1009.0,,5.0
2025-09-09,5,27.0,21.1,70.0,0.1,,180.0,13.0,,1009.0,,5.0
2025-09-09,6,28.0,21.1,66.0,0.2,,170.0,15.0,,1009.0,,5.0
2025-09-09,7,28.0,20.0,62.0,0.0,,180.0,17.0,,1008.0,,5.0
2025-09-09,8,29.0,21.0,62.0,0.0,,200.0,11.0,,1008.0,,3.0
2025-09-09,9,30.0,21.1,59.0,0.0,,220.0,24.0,,1007.0,,5.0
2025-09-09,10,29.0,19.9,58.0,0.0,,170.0,15.0,,1007.0,,5.0
2025-09-09,11,29.0,21.0,62.0,0.0,,150.0,13.0,,1007.0,,5.0
2025-09-09,12,29.0,21.0,62.0,0.0,,190.0,15.0,,1007.0,,5.0
2025-09-09,13,28.0,22.0,70.0,0.0,,110.0,9.0,,1007.0,,5.0
2025-09-09,14,27.0,22.0,74.0,0.0,,120.0,9.0,,1008.0,,5.0
2025-09-09,15,27.0,22.0,74.0,0.0,,170.0,11.0,,1009.0,,5.0
2025-09-09,16,26.0,22.1,79.0,0.0,,180.0,11.0,,1009.0,,5.0
2025-09-09,17,26.0,22.1,79.0,0.0,,140.0,6.0,,1009.0,,5.0
2025-09-09,18,26.0,22.1,79.0,0.0,,160.0,7.0,,1009.0,,5.0
2025-09-09,19,25.0,22.1,84.0,0.0,,215.0,4.0,,1008.0,,5.0
2025-09-09,20,25.0,22.1,84.0,0.0,,150.0,6.0,,1008.0,,5.0
2025-09-09,21,25.0,22.1,84.0,0.0,,221.0,4.0,,1008.0,,5.0
2025-09-09,22,24.0,22.1,89.0,0.0,,150.0,6.0,,1008.0,,5.0
2025-09-09,23,24.0,23.0,94.0,0.0,,222.0,0.0,,1008.0,,5.0
2025-09-10,0,24.0,23.0,94.0,0.0,,140.0,6.0,,1009.0,,5.0
2025-09-10,1,24.0,23.0,94.0,0.0,,140.0,7.0,,1009.0,,5.0
2025-09-10,2,24.0,23.0,94.0,0.0,,160.0,6.0,,1010.0,,5.0
2025-09-10,3,26.0,21.0,74.0,0.0,,210.0,11.0,,1011.0,,5.0
2025-09-10,4,27.0,20.1,66.0,0.0,,180.0,13.0,,1011.0,,5.0
2025-09-10,5,27.0,21.1,70.0,0.0,,180.0,15.0,,1011.0,,5.0
2025-09-10,6,28.0,20.0,62.0,0.0,,190.0,9.0,,1010.0,,5.0
2025-09-10,7,29.0,19.9,58.0,0.0,,180.0,11.0,,1009.0,,5.0
2025-09-10,8,30.0,20.0,55.0,0.0,,270.0,9.0,,1009.0,,3.0
2025-09-10,9,30.0,19.1,52.0,0.0,,200.0,11.0,,1008.0,,3.0
2025-09-10,10,31.0,19.0,49.0,0.0,,210.0,11.0,,1007.0,,3.0
2025-09-10,11,31.0,19.0,49.0,0.0,,190.0,6.0,,1007.0,,2.0
2025-09-10,12,30.0,20.0,55.0,0.0,,270.0,9.0,,1007.0,,2.0
2025-09-10,13,29.0,19.9,58.0,0.0,,240.0,4.0,,1007.0,,5.0
2025-09-10,14,28.0,21.1,66.0,0.0,,260.0,4.0,,1008.0,,5.0
2025-09-10,15,27.0,21.1,70.0,0.0,,200.0,6.0,,1008.0,,5.0
2025-09-10,16,27.0,21.1,70.0,0.0,,190.0,7.0,,1008.0,,5.0
2025-09-10,17,26.0,23.1,84.0,0.0,,234.0,4.0,,1009.0,,5.0
2025-09-10,18,26.0,22.1,79.0,0.0,,200.0,11.0,,1008.0,,5.0
2025-09-10,19,26.0,22.1,79.0,0.0,,170.0,9.0,,1008.0,,5.0
2025-09-10,20,25.0,22.1,84.0,0.0,,200.0,9.0,,1007.0,,5.0
2025-09-10,21,25.0,22.1,84.0,0.0,,210.0,9.0,,1007.0,,5.0
2025-09-10,22,25.0,23.1,89.0,0.0,,210.0,7.0,,1007.0,,5.0
2025-09-10,23,25.0,23.1,89.0,0.0,,220.0,9.0,,1007.0,,5.0
2025-09-11,0,25.0,23.1,89.0,0.0,,250.0,9.0,,1007.0,,5.0
2025-09-11,1,25.0,22.1,84.0,0.0,,230.0,7.0,,1008.0,,5.0
2025-09-11,2,25.0,22.1,84.0,0.0,,260.0,9.0,,1009.0,,5.0
2025-09-11,3,26.0,21.0,74.0,0.0,,260.0,15.0,,1010.0,,5.0
2025-09-11,4,28.0,20.0,62.0,0.0,,250.0,9.0,,1010.0,,5.0
2025-09-11,5,29.0,19.9,58.0,0.0,,280.0,9.0,,1010.0,,5.0
2025-09-11,6,29.0,19.9,58.0,0.0,,280.0,9.0,,1009.0,,2.0
2025-09-11,7,30.0,20.0,55.0,0.0,,270.0,15.0,,1009.0,,3.0
2025-09-11,8,31.0,20.0,52.0,0.0,,220.0,11.0,,1008.0,,3.0
2025-09-11,9,31.0,20.0,52.0,0.0,,210.0,19.0,,1007.0,,3.0
2025-09-11,10,31.0,19.0,49.0,0.0,,240.0,11.0,,1007.0,,3.0
2025-09-11,11,31.0,20.0,52.0,0.0,,200.0,7.0,,1006.0,,2.0
2025-09-11,12,30.0,19.1,52.0,0.0,,270.0,7.0,,1007.0,,2.0
2025-09-11,13,29.0,19.0,55.0,0.0,,240.0,9.0,,1007.0,,2.0
2025-09-11,14,29.0,19.9,58.0,0.0,,259.0,3.7,,1007.0,,2.0
2025-09-11,15,27.0,21.1,70.0,0.0,,300.0,4.0,,1008.0,,5.0
2025-09-11,16,27.0,23.0,79.0,0.0,,240.0,1.8,,1009.0,,5.0
2025-09-11,17,26.0,22.1,79.0,0.0,,240.0,4.0,,1009.0,,5.0
2025-09-11,18,26.0,22.1,79.0,0.0,,180.0,15.0,,1008.0,,5.0
2025-09-11,19,26.0,22.1,79.0,0.0,,200.0,11.0,,1008.0,,5.0
2025-09-11,20,25.0,22.1,84.0,0.0,,210.0,6.0,,1007.0,,5.0
2025-09-11,21,26.0,22.1,79.0,0.0,,240.0,6.0,,1007.0,,5.0
2025-09-11,22,26.0,22.1,79.0,0.0,,250.0,11.0,,1007.0,,5.0
2025-09-11,23,25.0,22.1,84.0,0.0,,270.0,7.0,,1007.0,,5.0
2025-09-12,0,25.0,22.1,84.0,0.0,,300.0,6.0,,1008.0,,5.0
2025-09-12,1,25.0,22.1,84.0,0.0,,300.0,6.0,,1009.0,,5.0
2025-09-12,2,25.0,23.1,89.0,0.0,,270.0,6.0,,1009.0,,5.0
2025-09-12,3,27.0,23.0,79.0,0.0,,300.0,3.7,,1010.0,,5.0
2025-09-12,4,27.0,22.0,74.0,0.0,,314.0,3.7,,1010.0,,5.0
2025-09-12,5,29.0,22.0,66.0,0.0,,270.0,7.0,,1010.0,,5.0
2025-09-12,6,29.0,22.0,66.0,0.0,,260.0,11.0,,1010.0,,5.0
2025-09-12,7,30.0,20.0,55.0,0.0,,250.0,11.0,,1009.0,,5.0
2025-09-12,8,31.0,20.9,55.0,0.0,,280.0,9.0,,1008.0,,3.0
2025-09-12,9,31.0,20.9,55.0,0.0,,260.0,11.0,,1007.0,,3.0
2025-09-12,10,30.0,20.0,55.0,0.0,,230.0,11.0,,1007.0,,3.0
2025-09-12,11,30.0,20.0,55.0,0.0,,270.0,9.0,,1007.0,,2.0
2025-09-12,12,30.0,21.1,59.0,0.0,,280.0,7.0,,1006.0,,2.0
2025-09-12,13,29.0,21.0,62.0,0.0,,270.0,6.0,,1007.0,,2.0
2025-09-12,14,29.0,21.0,62.0,0.0,,270.0,4.0,,1008.0,,2.0
2025-09-12,15,28.0,21.1,66.0,0.0,,304.0,4.0,,1009.0,,5.0
2025-09-12,16,27.0,23.0,79.0,0.0,,330.0,7.0,,1009.0,,5.0
2025-09-12,17,27.0,23.0,79.0,0.0,,360.0,6.0,,1009.0,,5.0
2025-09-12,18,26.0,22.1,79.0,0.0,,278.0,6.0,,1008.0,,5.0
2025-09-12,19,26.0,23.1,84.0,0.0,,281.0,6.0,,1008.0,,5.0
2025-09-12,20,26.0,23.1,84.0,0.0,,283.0,1.8,,1008.0,,5.0
2025-09-12,21,25.0,22.1,84.0,0.0,,270.0,6.0,,1007.0,,5.0
2025-09-12,22,26.0,21.0,74.0,0.0,,270.0,6.0,,1007.0,,5.0
2025-09-12,23,25.0,21.1,79.0,0.0,,250.0,6.0,,1007.0,,5.0
2025-09-13,0,25.0,22.1,84.0,0.0,,250.0,6.0,,1008.0,,5.0
2025-09-13,1,25.0,22.1,84.0,0.0,,312.0,4.0,,1008.0,,5.0
2025-09-13,2,26.0,23.1,84.0,0.0,,300.0,9.0,,1009.0,,5.0
2025-09-13,3,27.0,23.0,79.0,0.0,,310.0,6.0,,1010.0,,5.0
2025-09-13,4,28.0,22.9,74.0,0.0,,280.0,7.0,,1010.0,,5.0
2025-09-13,5,30.0,21.1,59.0,0.0,,290.0,7.0,,1010.0,,5.0
2025-09-13,6,30.0,21.1,59.0,0.0,,270.0,7.0,,1009.0,,2.0
2025-09-13,7,31.0,20.9,55.0,0.0,,270.0,7.0,,1009.0,,2.0
2025-09-13,8,31.0,20.9,55.0,0.0,,340.0,15.0,,1007.0,,3.0
2025-09-13,9,32.0,20.9,52.0,0.0,,320.0,9.0,,1007.0,,3.0
2025-09-13,10,32.0,20.0,49.0,0.0,,280.0,9.0,,1006.0,,3.0
2025-09-13,11,31.0,20.9,55.0,0.0,,310.0,7.0,,1006.0,,3.0
2025-09-13,12,31.0,22.1,59.0,0.0,,250.0,9.0,,1006.0,,3.0
2025-09-13,13,30.0,21.9,62.0,0.0,,260.0,11.0,,1006.0,,5.0
2025-09-13,14,29.0,22.0,66.0,0.0,,290.0,9.0,,1007.0,,5.0
2025-09-13,15,29.0,22.0,66.0,0.0,,250.0,6.0,,1007.0,,5.0
2025-09-13,16,28.0,22.0,70.0,0.0,,300.0,6.0,,1008.0,,5.0
2025-09-13,17,27.0,22.0,74.0,0.0,,340.0,6.0,,1008.0,,5.0
2025-09-13,18,27.0,22.0,74.0,0.0,,340.0,6.0,,1008.0,,5.0
2025-09-13,19,26.0,22.1,79.0,0.0,,310.0,4.0,,1007.0,,5.0
2025-09-13,20,26.0,21.0,74.0,0.0,,286.0,4.0,,1007.0,,5.0
2025-09-13,21,26.0,21.0,74.0,0.0,,289.0,4.0,,1007.0,,5.0
2025-09-13,22,25.0,22.1,84.0,0.0,,301.0,4.0,,1007.0,,5.0
2025-09-13,23,25.0,22.1,84.0,0.0,,308.0,3.7,,1007.0,,5.0
2025-09-14,0,25.0,22.1,84.0,0.0,,290.0,6.0,,1007.0,,5.0
2025-09-14,1,25.0,22.1,84.0,0.0,,315.0,4.0,,1007.0,,5.0
2025-09-14,2,26.0,23.1,84.0,0.0,,280.0,6.0,,1008.0,,5.0
2025-09-14,3,28.0,22.9,74.0,0.0,,280.0,15.0,,1009.0,,5.0
2025-09-14,4,29.0,24.1,75.0,0.0,,280.0,11.0,,1009.0,,5.0
2025-09-14,5,30.0,23.0,66.0,0.0,,310.0,13.0,,1009.0,,5.0
2025-09-14,6,31.0,22.1,59.0,0.0,,250.0,9.0,,1009.0,,5.0
2025-09-14,7,32.0,20.9,52.0,0.0,,290.0,6.0,,1008.0,,2.0
2025-09-14,8,32.0,20.9,52.0,0.0,,350.0,11.0,,1007.0,,3.0
2025-09-14,9,32.0,20.9,52.0,0.0,,300.0,11.0,,1006.0,,3.0
2025-09-14,10,33.0,20.9,49.0,0.0,,280.0,11.0,,1005.0,,3.0
2025-09-14,11,32.0,20.9,52.0,0.0,,280.0,11.0,,1005.0,,3.0
2025-09-14,12,32.0,20.9,52.0,0.0,,280.0,11.0,,1006.0,,3.0
2025-09-14,13,30.0,21.1,59.0,0.0,,280.0,9.0,,1006.0,,5.0
2025-09-14,14,30.0,21.9,62.0,0.0,,250.0,9.0,,1007.0,,5.0
2025-09-14,15,29.0,22.0,66.0,0.0,,260.0,7.0,,1007.0,,5.0
2025-09-14,16,28.0,22.9,74.0,0.0,,280.0,4.0,,1008.0,,5.0
2025-09-14,17,28.0,22.9,74.0,0.0,,290.0,4.0,,1008.0,,5.0
2025-09-14,18,27.0,23.0,79.0,0.0,,290.0,4.0,,1007.0,,5.0
2025-09-14,19,27.0,23.0,79.0,0.0,,290.0,4.0,,1007.0,,5.0
2025-09-14,20,26.0,22.1,79.0,0.0,,280.0,4.0,,1007.0,,5.0
2025-09-14,21,26.0,23.1,84.0,0.0,,240.0,6.0,,1006.0,,5.0
2025-09-14,22,26.0,23.1,84.0,0.0,,250.0,9.0,,1006.0,,5.0
2025-09-14,23,26.0,23.1,84.0,0.0,,240.0,6.0,,1006.0,,5.0
2025-09-15,0,26.0,23.1,84.0,0.0,,260.0,7.0,,1006.0,,5.0
2025-09-15,1,25.0,23.1,89.0,0.0,,260.0,7.0,,1006.0,,5.0
2025-09-15,2,26.0,23.1,84.0,0.0,,270.0,9.0,,1007.0,,5.0
2025-09-15,3,27.0,23.0,79.0,0.0,,280.0,9.0,,1008.0,,5.0
2025-09-15,4,28.0,22.9,74.0,0.0,,290.0,7.0,,1008.0,,5.0
2025-09-15,5,29.0,22.0,66.0,0.0,,300.0,7.0,,1008.0,,5.0
2025-09-15,6,30.0,21.9,62.0,0.0,,270.0,15.0,,1007.0,,5.0
2025-09-15,7,31.0,20.9,55.0,0.0,,260.0,15.0,,1006.0,,5.0
2025-09-15,8,31.0,20.9,55.0,0.0,,270.0,15.0,,1005.0,,3.0
2025-09-15,9,31.0,20.9,55.0,0.0,,260.0,15.0,,1005.0,,3.0
2025-09-15,10,31.0,20.0,52.0,0.0,,260.0,15.0,,1004.0,,2.0
2025-09-15,11,31.0,19.0,49.0,0.0,,300.0,15.0,,1004.0,,2.0
2025-09-15,12,31.0,19.0,49.0,0.0,,280.0,11.0,,1004.0,,3.0
2025-09-15,13,30.0,19.1,52.0,0.0,,270.0,9.0,,1005.0,,3.0
2025-09-15,14,29.0,19.9,58.0,0.0,,260.0,6.0,,1006.0,,5.0
2025-09-15,15,29.0,21.0,62.0,0.0,,270.0,4.0,,1006.0,,5.0
2025-09-15,16,28.0,22.0,70.0,0.0,,270.0,4.0,,1006.0,,5.0
2025-09-15,17,28.0,22.0,70.0,0.0,,240.0,4.0,,1006.0,,5.0
2025-09-15,18,28.0,21.1,66.0,0.0,,230.0,7.0,,1006.0,,5.0
2025-09-15,19,27.0,20.1,66.0,0.0,,230.0,11.0,,1006.0,,5.0
2025-09-15,20,27.0,21.1,70.0,0.0,,220.0,11.0,,1006.0,,5.0
2025-09-15,21,26.0,22.1,79.0,0.0,,250.0,13.0,,1005.0,,5.0
2025-09-15,22,26.0,22.1,79.0,0.0,,250.0,11.0,,1005.0,,5.0
2025-09-15,23,26.0,23.1,84.0,0.0,,260.0,7.0,,1005.0,,5.0
2025-09-16,0,25.0,23.1,89.0,0.0,,260.0,7.0,,1005.0,,5.0
2025-09-16,1,25.0,23.1,89.0,0.0,,240.0,7.0,,1006.0,,5.0
2025-09-16,2,26.0,23.1,84.0,0.0,,250.0,13.0,,1007.0,,5.0
2025-09-16,3,27.0,22.0,74.0,0.0,,250.0,7.0,,1007.0,,5.0
2025-09-16,4,27.0,22.0,74.0,0.0,,310.0,6.0,,1007.0,,5.0
2025-09-16,5,29.0,21.0,62.0,0.0,,230.0,9.0,,1007.0,,5.0
2025-09-16,6,30.0,21.1,59.0,0.0,,250.0,7.0,,1007.0,,3.0
2025-09-16,7,30.0,21.1,59.0,0.0,,220.0,7.0,,1007.0,,3.0
2025-09-16,8,31.0,20.9,55.0,0.0,,230.0,13.0,,1005.0,,3.0
2025-09-16,9,32.0,20.9,52.0,0.0,,250.0,7.0,,1005.0,,3.0
2025-09-16,10,32.0,20.0,49.0,0.0,,240.0,15.0,,1004.0,,2.0
2025-09-16,11,32.0,20.0,49.0,0.0,,230.0,9.0,,1003.0,,2.0
2025-09-16,12,31.0,20.9,55.0,0.0,,250.0,9.0,,1004.0,,2.0
2025-09-16,13,30.0,21.1,59.0,0.0,,240.0,6.0,,1004.0,,2.0
2025-09-16,14,30.0,21.1,59.0,0.0,,235.0,4.0,,1005.0,,2.0
2025-09-16,15,29.0,22.0,66.0,0.0,,260.0,4.0,,1006.0,,5.0
2025-09-16,16,28.0,22.0,70.0,0.0,,190.0,9.0,,1006.0,,5.0
2025-09-16,17,28.0,22.9,74.0,0.0,,180.0,17.0,,1006.0,,5.0
2025-09-16,18,27.0,23.0,79.0,0.0,,190.0,15.0,,1006.0,,5.0
2025-09-16,19,27.0,24.1,84.0,0.0,,190.0,13.0,,1006.0,,5.0
2025-09-16,20,27.0,24.1,84.0,0.0,,200.0,9.0,,1005.0,,5.0
2025-09-16,21,27.0,23.0,79.0,0.0,,250.0,7.0,,1005.0,,5.0
2025-09-16,22,27.0,21.1,70.0,0.0,,280.0,6.0,,1006.0,,5.0
2025-09-16,23,26.0,22.1,79.0,0.0,,280.0,4.0,,1006.0,,5.0
2025-09-17,0,26.0,22.1,79.0,0.0,,280.0,4.0,,1006.0,,5.0
2025-09-17,1,26.0,22.1,79.0,0.0,,300.0,4.0,,1007.0,,5.0
2025-09-17,2,26.0,22.1,79.0,0.0,,290.0,4.0,,1007.0,,5.0
2025-09-17,3,28.0,22.0,70.0,0.0,,280.0,7.0,,1008.0,,5.0
2025-09-17,4,29.0,21.0,62.0,0.0,,300.0,9.0,,1008.0,,5.0
2025-09-17,5,30.0,21.1,59.0,0.1,,310.0,7.0,,1008.0,,2.0
2025-09-17,6,31.0,20.9,55.0,0.0,,360.0,7.0,,1007.0,,2.0
2025-09-17,7,31.0,20.9,55.0,0.0,,270.0,7.0,,1006.0,,3.0
2025-09-17,8,32.0,20.9,52.0,0.2,,240.0,6.0,,1005.0,,3.0
2025-09-17,9,32.0,20.9,52.0,0.3,,240.0,11.0,,1005.0,,3.0
2025-09-17,10,32.0,20.9,52.0,0.5,,240.0,9.0,,1004.0,,3.0
2025-09-17,11,32.0,20.9,52.0,0.5,,210.0,9.0,,1004.0,,3.0
2025-09-17,12,31.0,20.9,55.0,0.2,,280.0,4.0,,1004.0,,3.0
2025-09-17,13,30.0,21.9,62.0,0.0,,280.0,6.0,,1004.0,,5.0
2025-09-17,14,30.0,21.9,62.0,0.0,,250.0,4.0,,1005.0,,5.0
2025-09-17,15,30.0,21.9,62.0,0.0,,225.0,1.8,,1006.0,,5.0
2025-09-17,16,29.0,22.0,66.0,0.0,,225.0,0.0,,1007.0,,5.0
2025-09-17,17,29.0,22.0,66.0,0.0,,229.0,1.8,,1007.0,,5.0
2025-09-17,18,28.0,22.0,70.0,0.0,,190.0,15.0,,1006.0,,5.0
2025-09-17,19,28.0,22.9,74.0,0.0,,180.0,15.0,,1006.0,,5.0
2025-09-17,20,27.0,24.1,84.0,0.0,,210.0,7.0,,1005.0,,5.0
2025-09-17,21,27.0,24.1,84.0,0.0,,200.0,9.0,,1005.0,,5.0
2025-09-17,22,27.0,24.1,84.0,0.0,,210.0,9.0,,1005.0,,5.0
2025-09-17,23,27.0,23.0,79.0,0.0,,230.0,7.0,,1005.0,,5.0
2025-09-18,0,26.0,23.1,84.0,0.0,,240.0,6.0,,1006.0,,5.0
2025-09-18,1,26.0,23.1,84.0,0.0,,250.0,4.0,,1006.0,,5.0
2025-09-18,2,27.0,23.0,79.0,0.0,,270.0,6.0,,1007.0,,5.0
2025-09-18,3,27.0,23.0,79.0,0.0,,280.0,13.0,,1008.0,,5.0
2025-09-18,4,30.0,21.9,62.0,0.0,,290.0,9.0,,1008.0,,5.0
2025-09-18,5,30.0,21.9,62.0,0.0,,350.0,15.0,,1008.0,,5.0
2025-09-18,6,31.0,22.1,59.0,0.0,,240.0,6.0,,1007.0,,5.0
2025-09-18,7,32.0,20.9,52.0,0.0,,260.0,11.0,,1006.0,,3.0
2025-09-18,8,33.0,22.2,53.0,0.0,,350.0,11.0,,1005.0,,3.0
2025-09-18,9,32.0,20.9,52.0,0.0,,280.0,6.0,,1004.0,,3.0
2025-09-18,10,30.0,23.0,66.0,0.0,,190.0,6.0,,1004.0,,5.0
2025-09-18,11,32.0,20.9,52.0,0.0,,260.0,6.0,,1003.0,,3.0
2025-09-18,12,32.0,20.0,49.0,0.0,,290.0,7.0,,1004.0,,3.0
2025-09-18,13,31.0,20.0,52.0,0.1,,270.0,7.0,,1004.0,,5.0
2025-09-18,14,30.0,21.1,59.0,0.0,,260.0,4.0,,1005.0,,5.0
2025-09-18,15,30.0,21.9,62.0,0.0,,207.0,1.8,,1006.0,,5.0
2025-09-18,16,30.0,21.9,62.0,0.0,,214.0,1.8,,1007.0,,5.0
2025-09-18,17,29.0,22.0,66.0,0.0,,217.0,3.7,,1007.0,,5.0
2025-09-18,18,28.0,22.9,74.0,0.0,,200.0,7.0,,1006.0,,5.0
2025-09-18,19,28.0,24.0,79.0,0.0,,180.0,15.0,,1006.0,,5.0
2025-09-18,20,28.0,24.0,79.0,0.0,,180.0,11.0,,1006.0,,5.0
2025-09-18,21,27.0,23.0,79.0,0.0,,180.0,11.0,,1005.0,,5.0
2025-09-18,22,26.0,23.1,84.0,0.0,,190.0,7.0,,1006.0,,5.0
2025-09-18,23,27.0,23.0,79.0,0.0,,270.0,6.0,,1006.0,,5.0
2025-09-19,0,26.0,23.1,84.0,0.0,,240.0,6.0,,1006.0,,5.0
2025-09-19,1,26.0,23.1,84.0,0.0,,260.0,7.0,,1007.0,,5.0
2025-09-19,2,27.0,23.0,79.0,0.0,,280.0,9.0,,1007.0,,5.0
2025-09-19,3,29.0,24.1,75.0,0.0,,300.0,9.0,,1009.0,,5.0
2025-09-19,4,30.0,23.9,70.0,0.0,,290.0,7.0,,1009.0,,5.0
2025-09-19,5,30.0,21.9,62.0,0.3,,280.0,6.0,,1008.0,,5.0
2025-09-19,6,32.0,23.0,59.0,0.0,,290.0,6.0,,1008.0,,3.0
2025-09-19,7,33.0,22.2,53.0,0.0,,340.0,4.0,,1007.0,,3.0
2025-09-19,8,33.0,22.2,53.0,0.0,,300.0,4.0,,1006.0,,3.0
2025-09-19,9,32.0,22.1,56.0,0.0,,220.0,9.0,,1005.0,,3.0
2025-09-19,10,29.0,23.0,70.0,0.0,,130.0,7.0,,1004.0,,3.0
2025-09-19,11,30.0,23.0,66.0,0.0,,280.0,1.8,,1004.0,,5.0
2025-09-19,12,31.0,23.1,63.0,1.4,,280.0,3.7,,1005.0,,5.0
2025-09-19,13,30.0,23.0,66.0,0.6,,250.0,6.0,,1005.0,,5.0
2025-09-19,14,30.0,23.0,66.0,0.0,,260.0,1.8,,1006.0,,5.0
2025-09-19,15,28.0,22.9,74.0,0.0,,150.0,22.0,,1007.0,,5.0
2025-09-19,16,28.0,22.9,74.0,0.0,,220.0,4.0,,1007.0,,5.0
2025-09-19,17,29.0,24.1,75.0,0.0,,200.0,9.0,,1007.0,,5.0
2025-09-19,18,28.0,22.9,74.0,0.0,,160.0,11.0,,1007.0,,5.0
2025-09-19,19,27.0,23.0,79.0,0.0,,100.0,9.0,,1007.0,,5.0
2025-09-19,20,27.0,23.0,79.0,0.0,,140.0,4.0,,1006.0,,5.0
2025-09-19,21,27.0,24.1,84.0,0.0,,190.0,9.0,,1006.0,,5.0
2025-09-19,22,27.0,24.1,84.0,0.0,,180.0,9.0,,1006.0,,5.0
2025-09-19,23,27.0,24.1,84.0,0.0,,190.0,13.0,,1006.0,,5.0
2025-09-20,0,26.0,24.0,89.0,0.0,,180.0,11.0,,1007.0,,5.0
2025-09-20,1,27.0,23.0,79.0,0.0,,250.0,13.0,,1007.0,,5.0
2025-09-20,2,27.0,24.1,84.0,0.0,,270.0,13.0,,1008.0,,5.0
2025-09-20,3,28.0,24.0,79.0,0.0,,250.0,11.0,,1009.0,,5.0
2025-09-20,4,27.0,24.1,84.0,0.0,,250.0,11.0,,1009.0,,5.0
2025-09-20,5,29.0,24.1,75.0,0.0,,320.0,7.0,,1008.0,,5.0
2025-09-20,6,30.0,23.0,66.0,0.0,,360.0,6.0,,1008.0,,5.0
2025-09-20,7,30.0,23.0,66.0,0.0,,320.0,6.0,,1007.0,,5.0
2025-09-20,8,26.0,24.0,89.0,0.0,,210.0,15.0,,1006.0,,3.0
2025-09-20,9,26.0,23.1,84.0,0.0,,220.0,11.0,,1006.0,,3.0
2025-09-20,10,25.0,23.1,89.0,0.2,,210.0,9.0,,1005.0,,25.0
2025-09-20,11,26.0,24.0,89.0,1.2,,260.0,6.0,,1005.0,,25.0
2025-09-20,12,26.0,24.0,89.0,0.0,,10.0,6.0,,1005.0,,5.0
2025-09-20,13,27.0,24.1,84.0,0.0,,200.0,6.0,,1006.0,,5.0
2025-09-20,14,27.0,24.1,84.0,0.5,,200.0,7.0,,1006.0,,5.0
2025-09-20,15,26.0,24.0,89.0,0.6,,180.0,9.0,,1007.0,,5.0
2025-09-20,16,26.0,23.1,84.0,0.0,,230.0,4.0,,1008.0,,5.0
2025-09-20,17,27.0,24.1,84.0,0.0,,210.0,4.0,,1008.0,,5.0
2025-09-20,18,27.0,24.1,84.0,0.0,,190.0,4.0,,1008.0,,5.0
2025-09-20,19,26.0,24.0,89.0,0.0,,241.0,1.8,,1007.0,,5.0
2025-09-20,20,26.0,24.0,89.0,0.0,,190.0,4.0,,1006.0,,5.0
2025-09-20,21,26.0,24.0,89.0,0.0,,170.0,4.0,,1006.0,,5.0
2025-09-20,22,26.0,24.0,89.0,0.0,,200.0,4.0,,1006.0,,5.0
2025-09-20,23,26.0,23.1,84.0,0.0,,220.0,4.0,,1006.0,,5.0
2025-09-21,0,25.0,23.1,89.0,0.0,,340.0,4.0,,1007.0,,5.0
2025-09-21,1,25.0,23.1,89.0,0.0,,290.0,1.8,,1007.0,,5.0
2025-09-21,2,26.0,23.1,84.0,0.0,,300.0,4.0,,1007.0,,5.0
2025-09-21,3,27.0,23.0,79.0,0.0,,280.0,13.0,,1008.0,,5.0
2025-09-21,4,27.0,23.0,79.0,0.0,,320.0,13.0,,1008.0,,5.0
2025-09-21,5,29.0,23.0,70.0,0.0,,270.0,11.0,,1008.0,,5.0
2025-09-21,6,29.0,23.0,70.0,0.0,,320.0,11.0,,1007.0,,5.0
2025-09-21,7,29.0,23.0,70.0,0.0,,290.0,11.0,,1007.0,,5.0
2025-09-21,8,30.0,23.0,66.0,0.0,,230.0,11.0,,1006.0,,3.0
2025-09-21,9,28.0,22.9,74.0,0.0,,180.0,11.0,,1005.0,,3.0
2025-09-21,10,29.0,23.0,70.0,0.0,,270.0,11.0,,1005.0,,5.0
2025-09-21,11,31.0,22.1,59.0,0.0,,260.0,9.0,,1004.0,,5.0
2025-09-21,12,30.0,21.9,62.0,0.6,,280.0,15.0,,1004.0,,5.0
2025-09-21,13,30.0,21.9,62.0,0.0,,280.0,7.0,,1005.0,,5.0
2025-09-21,14,29.0,23.0,70.0,0.0,,280.0,9.0,,1006.0,,5.0
2025-09-21,15,29.0,22.0,66.0,0.0,,260.0,4.0,,1006.0,,5.0
2025-09-21,16,28.0,22.0,70.0,0.0,,290.0,4.0,,1007.0,,5.0
2025-09-21,17,28.0,22.0,70.0,0.0,,270.0,4.0,,1007.0,,5.0
2025-09-21,18,27.0,22.0,74.0,0.0,,300.0,4.0,,1007.0,,5.0
2025-09-21,19,27.0,22.0,74.0,0.0,,310.0,4.0,,1007.0,,5.0
2025-09-21,20,26.0,22.1,79.0,0.0,,290.0,4.0,,1006.0,,5.0
2025-09-21,21,26.0,22.1,79.0,0.0,,262.0,1.8,,1006.0,,5.0
2025-09-21,22,26.0,22.1,79.0,0.0,,240.0,4.0,,1006.0,,5.0
2025-09-21,23,26.0,23.1,84.0,0.0,,286.0,1.8,,1006.0,,5.0
2025-09-22,0,26.0,22.1,79.0,0.0,,270.0,7.0,,1007.0,,5.0
2025-09-22,1,24.0,22.1,89.0,0.0,,305.0,1.8,,1007.0,,5.0
2025-09-22,2,28.0,25.0,84.0,0.0,,311.0,3.7,,1008.3,,2.0
2025-09-22,3,27.0,22.0,74.0,0.0,,300.0,6.0,,1008.0,,5.0
2025-09-22,4,28.0,22.0,70.0,0.0,,330.0,19.0,,1009.0,,5.0
2025-09-22,5,30.0,21.9,62.0,0.0,,260.0,9.0,,1009.0,,5.0
2025-09-22,6,31.0,22.1,59.0,0.0,,320.0,11.0,,1008.0,,3.0
2025-09-22,7,31.0,20.9,55.0,0.0,,260.0,17.0,,1007.0,,3.0
2025-09-22,8,31.0,20.9,55.0,0.0,,280.0,15.0,,1007.0,,3.0
2025-09-22,9,33.0,20.9,49.0,0.0,,250.0,15.0,,1006.0,,3.0
2025-09-22,10,32.0,20.0,49.0,0.0,,250.0,24.0,,1005.0,,3.0
2025-09-22,11,32.0,20.9,52.0,0.0,,260.0,19.0,,1005.0,,3.0
2025-09-22,12,31.0,20.9,55.0,0.0,,270.0,20.0,,1005.0,,3.0
2025-09-22,13,30.0,21.1,59.0,0.0,,290.0,7.0,,1006.0,,5.0
2025-09-22,14,29.0,21.0,62.0,0.0,,290.0,6.0,,1006.0,,5.0
2025-09-22,15,29.0,22.0,66.0,0.0,,300.0,6.0,,1007.0,,5.0
2025-09-22,16,28.0,22.0,70.0,0.0,,268.0,1.8,,1008.0,,5.0
2025-09-22,17,28.0,22.0,70.0,0.0,,270.0,4.0,,1008.0,,5.0
2025-09-22,18,28.0,21.1,66.0,0.0,,230.0,7.0,,1008.0,,5.0
2025-09-22,19,28.0,21.1,66.0,0.0,,240.0,4.0,,1008.0,,5.0
2025-09-22,20,27.0,22.0,74.0,0.0,,260.0,9.0,,1007.0,,5.0
2025-09-22,21,26.0,22.1,79.0,0.0,,250.0,6.0,,1006.0,,5.0
2025-09-22,22,26.0,22.1,79.0,0.0,,270.0,6.0,,1007.0,,5.0
2025-09-22,23,26.0,22.1,79.0,0.0,,280.0,9.0,,1007.0,,5.0
2025-09-23,0,26.0,22.1,79.0,0.0,,280.0,9.0,,1007.0,,5.0
2025-09-23,1,26.0,22.1,79.0,0.0,,270.0,9.0,,1008.0,,5.0
2025-09-23,2,27.0,22.0,74.0,0.0,,280.0,7.0,,1009.0,,5.0
2025-09-23,3,27.0,22.0,74.0,0.0,,290.0,9.0,,1010.0,,5.0
2025-09-23,4,29.0,22.0,66.0,0.0,,320.0,7.0,,1009.0,,5.0
2025-09-23,5,30.0,21.1,59.0,0.0,,290.0,9.0,,1009.0,,2.0
2025-09-23,6,31.0,20.9,55.0,0.0,,260.0,13.0,,1009.0,,2.0
2025-09-23,7,32.0,20.9,52.0,0.0,,290.0,13.0,,1007.0,,3.0
2025-09-23,8,32.0,20.0,49.0,0.0,,280.0,13.0,,1007.0,,3.0
2025-09-23,9,31.0,20.0,52.0,0.3,,270.0,11.0,,1006.0,,3.0
2025-09-23,10,32.0,20.9,52.0,0.4,,240.0,9.0,,1006.0,,2.0
2025-09-23,11,31.0,20.0,52.0,0.0,,250.0,9.0,,1005.0,,2.0
2025-09-23,12,31.0,20.0,52.0,0.0,,280.0,4.0,,1005.0,,2.0
2025-09-23,13,30.0,20.0,55.0,0.0,,240.0,6.0,,1005.0,,2.0
2025-09-23,14,30.0,20.0,55.0,0.0,,230.0,7.0,,1006.0,,2.0
2025-09-23,15,29.0,19.9,58.0,0.0,,250.0,11.0,,1006.0,,5.0
2025-09-23,16,29.0,19.9,58.0,0.0,,220.0,9.0,,1007.0,,5.0
2025-09-23,17,29.0,21.0,62.0,0.0,,210.0,7.0,,1007.0,,5.0
2025-09-23,18,28.0,19.0,58.0,0.0,,220.0,7.0,,1007.0,,5.0
2025-09-23,19,28.0,19.0,58.0,0.0,,240.0,7.0,,1007.0,,5.0
2025-09-23,20,27.0,18.0,58.0,0.0,,250.0,9.0,,1007.0,,5.0
2025-09-23,21,26.0,20.1,70.0,0.0,,250.0,13.0,,1006.0,,5.0
2025-09-23,22,25.0,21.1,79.0,0.0,,250.0,7.0,,1006.0,,5.0
2025-09-23,23,25.0,21.1,79.0,0.0,,240.0,15.0,,1006.0,,5.0
2025-09-24,0,25.0,21.1,79.0,0.0,,250.0,7.0,,1006.0,,5.0
2025-09-24,1,25.0,21.1,79.0,0.0,,250.0,9.0,,1007.0,,5.0
2025-09-24,2,26.0,21.0,74.0,0.0,,260.0,11.0,,1007.0,,5.0
2025-09-24,3,27.0,21.1,70.0,0.0,,320.0,6.0,,1008.0,,5.0
2025-09-24,4,28.0,21.1,66.0,0.0,,330.0,6.0,,1008.0,,5.0
2025-09-24,5,29.0,21.0,62.0,0.0,,301.0,3.7,,1008.0,,1.0
2025-09-24,6,31.0,19.0,49.0,0.1,,250.0,7.0,,1007.0,,2.0
2025-09-24,7,30.0,19.1,52.0,0.1,,260.0,9.0,,1006.0,,2.0
2025-09-24,8,31.0,19.0,49.0,0.0,,250.0,9.0,,1005.0,,2.0
2025-09-24,9,31.0,18.0,46.0,0.1,,220.0,11.0,,1005.0,,3.0
2025-09-24,10,32.0,18.9,46.0,0.1,,260.0,7.0,,1004.0,,2.0
2025-09-24,11,31.0,19.0,49.0,0.3,,230.0,15.0,,1004.0,,2.0
2025-09-24,12,30.0,19.1,52.0,0.0,,220.0,11.0,,1004.0,,2.0
2025-09-24,13,29.0,19.9,58.0,0.0,,200.0,11.0,,1004.0,,5.0
2025-09-24,14,28.0,21.1,66.0,0.0,,190.0,15.0,,1005.0,,5.0
2025-09-24,15,28.0,21.1,66.0,0.0,,180.0,13.0,,1005.0,,5.0
2025-09-24,16,27.0,22.0,74.0,0.0,,170.0,11.0,,1006.0,,5.0
2025-09-24,17,27.0,22.0,74.0,0.0,,170.0,15.0,,1006.0,,5.0
2025-09-24,18,26.0,22.1,79.0,0.0,,180.0,15.0,,1005.0,,5.0
2025-09-24,19,26.0,22.1,79.0,0.0,,180.0,13.0,,1005.0,,5.0
2025-09-24,20,26.0,22.1,79.0,0.0,,200.0,13.0,,1005.0,,5.0
2025-09-24,21,26.0,21.0,74.0,0.0,,230.0,9.0,,1005.0,,5.0
2025-09-24,22,26.0,21.0,74.0,0.0,,250.0,6.0,,1005.0,,5.0
2025-09-24,23,25.0,21.1,79.0,0.0,,220.0,6.0,,1005.0,,5.0
2025-09-25,0,25.0,21.1,79.0,0.0,,230.0,6.0,,1006.0,,5.0
2025-09-25,1,25.0,21.1,79.0,0.0,,250.0,7.0,,1006.0,,5.0
2025-09-25,2,26.0,21.0,74.0,0.0,,280.0,4.0,,1007.0,,5.0
2025-09-25,3,27.0,21.1,70.0,0.0,,270.0,6.0,,1008.0,,5.0
2025-09-25,4,28.0,21.1,66.0,0.0,,270.0,9.0,,1008.0,,5.0
2025-09-25,5,29.0,21.0,62.0,0.0,,290.0,7.0,,1008.0,,5.0
2025-09-25,6,31.0,20.9,55.0,0.0,,280.0,9.0,,1007.0,,5.0
2025-09-25,7,32.0,20.0,49.0,0.0,,250.0,9.0,,1006.0,,2.0
2025-09-25,8,32.0,20.0,49.0,0.3,,190.0,11.0,,1005.0,,2.0
2025-09-25,9,31.0,19.0,49.0,0.4,,190.0,15.0,,1004.0,,3.0
2025-09-25,10,31.0,20.0,52.0,1.1,,240.0,4.0,,1004.0,,2.0
2025-09-25,11,31.0,20.0,52.0,0.4,,230.0,6.0,,1004.0,,2.0
2025-09-25,12,31.0,20.0,52.0,0.0,,290.0,6.0,,1004.0,,2.0
2025-09-25,13,30.0,21.1,59.0,0.0,,240.0,6.0,,1004.0,,2.0
2025-09-25,14,29.0,19.9,58.0,0.0,,220.0,7.0,,1005.0,,2.0
2025-09-25,15,28.0,20.0,62.0,0.0,,200.0,7.0,,1006.0,,2.0
2025-09-25,16,28.0,21.1,66.0,0.0,,200.0,9.0,,1006.0,,2.0
2025-09-25,17,28.0,21.1,66.0,0.0,,200.0,11.0,,1006.0,,5.0
2025-09-25,18,27.0,21.1,70.0,0.0,,190.0,7.0,,1006.0,,5.0
2025-09-25,19,27.0,22.0,74.0,0.0,,210.0,11.0,,1006.0,,5.0
2025-09-25,20,27.0,22.0,74.0,0.0,,200.0,9.0,,1006.0,,5.0
2025-09-25,21,26.0,22.1,79.0,0.0,,250.0,7.0,,1005.0,,5.0
2025-09-25,22,26.0,22.1,79.0,0.0,,260.0,6.0,,1005.0,,5.0
2025-09-25,23,26.0,22.1,79.0,0.0,,283.0,0.0,,1006.0,,5.0
2025-09-26,0,26.0,22.1,79.0,0.0,,303.0,1.8,,1006.0,,5.0
2025-09-26,1,26.0,22.1,79.0,0.0,,312.0,1.8,,1006.0,,5.0
2025-09-26,2,27.0,22.0,74.0,0.0,,316.0,1.8,,1007.0,,5.0
2025-09-26,3,27.0,21.1,70.0,0.0,,290.0,7.0,,1008.0,,5.0
2025-09-26,4,28.0,21.1,66.0,0.0,,300.0,4.0,,1008.0,,5.0
2025-09-26,5,29.0,21.0,62.0,0.0,,270.0,7.0,,1008.0,,5.0
2025-09-26,6,31.0,20.0,52.0,0.0,,350.0,7.0,,1007.0,,5.0
2025-09-26,7,32.0,20.0,49.0,0.0,,350.0,20.0,,1006.0,,2.0
2025-09-26,8,33.0,20.9,49.0,0.2,,270.0,19.0,,1005.0,,2.0
2025-09-26,9,33.0,20.9,49.0,0.2,,360.0,7.0,,1005.0,,2.0
2025-09-26,10,34.0,21.1,47.0,0.0,,320.0,4.0,,1004.0,,2.0
2025-09-26,11,33.0,20.9,49.0,0.0,,270.0,11.0,,1004.0,,2.0
2025-09-26,12,33.0,20.9,49.0,0.0,,260.0,7.0,,1004.0,,2.0
2025-09-26,13,31.0,20.9,55.0,0.0,,240.0,4.0,,1005.0,,2.0
2025-09-26,14,31.0,20.9,55.0,0.0,,260.0,6.0,,1006.0,,2.0
2025-09-26,15,30.0,21.1,59.0,0.0,,270.0,6.0,,1007.0,,2.0
2025-09-26,16,30.0,21.1,59.0,0.0,,260.0,11.0,,1007.0,,5.0
2025-09-26,17,29.0,21.0,62.0,0.0,,280.0,11.0,,1007.0,,5.0
2025-09-26,18,29.0,21.0,62.0,0.0,,350.0,6.0,,1006.0,,5.0
2025-09-26,19,28.0,21.1,66.0,0.0,,360.0,6.0,,1006.0,,5.0
2025-09-26,20,27.0,21.1,70.0,0.0,,340.0,6.0,,1005.0,,5.0
2025-09-26,21,27.0,21.1,70.0,0.0,,340.0,4.0,,1005.0,,5.0
2025-09-26,22,27.0,20.1,66.0,0.0,,350.0,7.0,,1005.0,,5.0
2025-09-26,23,28.4,23.3,74.0,0.0,,320.0,1.8,,1006.2,,2.0
2025-09-27,0,27.9,23.3,76.0,0.0,,327.0,3.7,,1006.3,,2.0
2025-09-27,1,28.4,23.5,75.0,0.0,,326.0,3.7,,1006.8,,2.0
2025-09-27,2,27.0,20.1,66.0,0.0,,350.0,9.0,,1007.0,,5.0
2025-09-27,3,27.0,21.1,70.0,0.0,,350.0,9.0,,1007.0,,5.0
2025-09-27,4,30.0,21.1,59.0,0.0,,350.0,9.0,,1007.0,,3.0
2025-09-27,5,32.0,20.0,49.0,0.0,,280.0,7.0,,1007.0,,3.0
2025-09-27,6,33.0,19.8,46.0,0.0,,320.0,7.0,,1007.0,,2.0
2025-09-27,7,34.0,18.1,39.0,0.0,,350.0,15.0,,1006.0,,2.0
2025-09-27,8,35.0,19.0,39.0,0.0,,10.0,15.0,,1005.0,,2.0
2025-09-27,9,34.0,20.0,44.0,0.0,,350.0,9.0,,1004.0,,2.0
2025-09-27,10,35.0,20.2,42.0,0.0,,350.0,9.0,,1003.0,,2.0
2025-09-27,11,34.0,20.0,44.0,0.0,,300.0,7.0,,1003.0,,2.0
2025-09-27,12,34.0,20.0,44.0,0.0,,290.0,7.0,,1003.0,,2.0
2025-09-27,13,32.0,20.0,49.0,0.0,,310.0,4.0,,1004.0,,2.0
2025-09-27,14,31.0,20.0,52.0,0.0,,330.0,4.0,,1004.0,,2.0
2025-09-27,15,30.0,20.0,55.0,0.0,,300.0,9.0,,1005.0,,2.0
2025-09-27,16,30.0,20.0,55.0,0.0,,310.0,4.0,,1005.0,,3.0
2025-09-27,17,29.0,19.9,58.0,0.0,,350.0,6.0,,1005.0,,3.0
2025-09-27,18,29.0,21.0,62.0,0.0,,330.0,4.0,,1004.0,,3.0
2025-09-27,19,29.0,22.0,66.0,0.0,,320.0,11.0,,1004.0,,3.0
2025-09-27,20,29.0,22.0,66.0,0.0,,310.0,11.0,,1004.0,,5.0
2025-09-27,21,29.0,24.1,75.0,0.0,,330.0,11.0,,1003.0,,5.0
2025-09-27,22,29.0,23.0,70.0,0.0,,340.0,11.0,,1003.0,,5.0
2025-09-27,23,27.0,21.1,70.0,0.0,,320.0,11.0,,1003.0,,5.0
2025-09-28,0,27.0,22.0,74.0,0.0,,350.0,7.0,,1003.0,,5.0
2025-09-28,1,27.0,21.1,70.0,0.0,,330.0,7.0,,1003.0,,5.0
2025-09-28,2,27.0,21.1,70.0,0.0,,340.0,6.0,,1004.0,,5.0
2025-09-28,3,27.0,21.1,70.0,0.0,,340.0,7.0,,1004.0,,5.0
2025-09-28,4,28.0,21.1,66.0,0.0,,320.0,6.0,,1004.0,,5.0
2025-09-28,5,31.0,23.9,66.0,0.0,,350.0,9.0,,1004.0,,3.0
2025-09-28,6,32.0,24.1,63.0,0.0,,20.0,22.0,,1003.0,,3.0
2025-09-28,7,33.0,23.9,59.0,0.0,,40.0,22.0,,1002.0,,3.0
2025-09-28,8,33.0,23.9,59.0,8.0,,20.0,15.0,,1001.0,,3.0
2025-09-28,9,31.0,26.0,75.0,1.3,,50.0,9.0,,1000.0,,5.0
2025-09-28,10,28.0,25.0,84.0,0.3,,10.0,11.0,,999.0,,7.0
2025-09-28,11,27.0,25.0,89.0,0.0,,190.0,4.0,,999.0,,25.0
2025-09-28,12,28.0,26.0,89.0,0.1,,330.0,7.0,,1000.0,,25.0
2025-09-28,13,26.0,24.0,89.0,1.7,,20.0,7.0,,1001.0,,25.0
2025-09-28,14,25.0,24.0,94.0,0.2,,330.0,4.0,,1001.0,,25.0
2025-09-28,15,25.0,24.0,94.0,0.0,,340.0,15.0,,1001.0,,25.0
2025-09-28,16,25.0,24.0,94.0,0.0,,17.0,6.0,,1001.0,,25.0
2025-09-28,17,26.0,24.0,89.0,0.0,,10.0,7.0,,1001.0,,25.0
2025-09-28,18,26.0,24.0,89.0,0.0,,10.0,6.0,,1001.0,,5.0
2025-09-28,19,26.0,24.0,89.0,0.0,,30.0,11.0,,1000.0,,5.0
2025-09-28,20,26.0,24.0,89.0,0.0,,30.0,13.0,,999.0,,5.0
2025-09-28,21,26.0,23.1,84.0,0.0,,40.0,15.0,,999.0,,5.0
2025-09-28,22,26.0,23.1,84.0,0.0,,30.0,13.0,,999.0,,5.0
2025-09-28,23,26.0,23.1,84.0,0.0,,50.0,19.0,,999.0,,5.0
2025-09-29,0,26.0,23.1,84.0,0.0,,80.0,15.0,,1000.0,,5.0
2025-09-29,1,26.0,24.0,89.0,0.0,,70.0,11.0,,1001.0,,5.0
2025-09-29,2,27.0,25.0,89.0,0.0,,80.0,17.0,,1001.0,,5.0
2025-09-29,3,28.0,24.0,79.0,0.0,,60.0,19.0,,1002.0,,5.0
2025-09-29,4,28.0,22.9,74.0,0.0,,100.0,19.0,,1002.0,,5.0
2025-09-29,5,29.0,22.0,66.0,0.0,,100.0,19.0,,1002.0,,5.0
2025-09-29,6,29.0,22.0,66.0,0.0,,120.0,19.0,,1002.0,,5.0
2025-09-29,7,29.0,22.0,66.0,0.1,,80.0,19.0,,1001.0,,5.0
2025-09-29,8,29.0,22.0,66.0,0.2,,90.0,22.0,,1000.0,,5.0
2025-09-29,9,29.0,22.0,66.0,0.0,,130.0,19.0,,999.0,,5.0
2025-09-29,10,28.0,21.1,66.0,0.1,,130.0,44.0,,999.0,,5.0
2025-09-29,11,28.0,22.9,74.0,0.0,,140.0,35.0,,1000.0,,5.0
2025-09-29,12,27.0,24.1,84.0,0.0,,140.0,35.0,,1000.0,,5.0
2025-09-29,13,26.0,24.0,89.0,0.0,,150.0,37.0,,1000.0,,3.0
2025-09-29,14,26.0,24.0,89.0,0.0,,160.0,26.0,,1001.0,,3.0
2025-09-29,15,25.0,22.1,84.0,0.0,,130.0,17.0,,1001.0,,3.0
2025-09-29,16,25.0,24.0,94.0,0.0,,150.0,20.0,,1003.0,,7.0
2025-09-29,17,24.0,23.0,94.0,0.0,,110.0,13.0,,1002.0,,7.0
2025-09-29,18,24.0,23.0,94.0,0.0,,110.0,13.0,,1002.0,,7.0
2025-09-29,19,24.0,22.1,89.0,0.0,,130.0,13.0,,1002.0,,7.0
2025-09-29,20,24.0,22.1,89.0,0.0,,130.0,19.0,,1002.0,,5.0
2025-09-29,21,24.0,22.1,89.0,0.0,,130.0,13.0,,1001.0,,5.0
2025-09-29,22,24.0,22.1,89.0,0.0,,140.0,11.0,,1002.0,,5.0
2025-09-29,23,24.0,22.1,89.0,0.0,,120.0,15.0,,1001.0,,5.0
2025-09-30,0,24.0,22.1,89.0,0.0,,130.0,11.0,,1002.0,,4.0
2025-09-30,1,24.0,22.1,89.0,0.0,,110.0,11.0,,1003.0,,5.0
2025-09-30,2,24.0,22.1,89.0,0.0,,140.0,9.0,,1003.0,,5.0
2025-09-30,3,24.0,22.1,89.0,0.0,,120.0,9.0,,1004.0,,5.0
2025-09-30,4,25.0,22.1,84.0,0.2,,140.0,11.0,,1004.0,,5.0
2025-09-30,5,25.0,22.1,84.0,0.5,,120.0,11.0,,1004.0,,5.0
2025-09-30,6,24.0,22.1,89.0,0.3,,140.0,9.0,,1004.0,,4.0
2025-09-30,7,27.0,22.0,74.0,0.1,,150.0,9.0,,1003.0,,5.0
2025-09-30,8,27.0,22.0,74.0,0.5,,160.0,19.0,,1002.0,,5.0
2025-09-30,9,29.0,22.0,66.0,0.1,,170.0,32.0,,1001.0,,5.0
2025-09-30,10,28.0,21.1,66.0,0.2,,180.0,43.0,,1001.0,,5.0
2025-09-30,11,26.0,21.0,74.0,0.0,,150.0,35.0,,1001.0,,5.0
2025-09-30,12,25.0,21.1,79.0,0.0,,140.0,20.0,,1001.0,,5.0
2025-09-30,13,25.0,20.0,74.0,0.0,,150.0,19.0,,1002.0,,5.0
2025-09-30,14,25.0,21.1,79.0,0.0,,160.0,19.0,,1003.0,,5.0
2025-09-30,15,24.0,20.9,83.0,0.0,,160.0,15.0,,1004.0,,5.0
2025-09-30,16,24.0,20.9,83.0,0.0,,170.0,22.0,,1004.0,,5.0
2025-09-30,17,24.0,20.9,83.0,0.0,,120.0,15.0,,1004.0,,5.0
2025-09-30,18,24.0,19.9,78.0,0.0,,140.0,17.0,,1004.0,,5.0
2025-09-30,19,24.0,19.9,78.0,0.0,,130.0,9.0,,1003.0,,5.0
2025-09-30,20,23.0,21.1,89.0,0.0,,160.0,11.0,,1003.0,,5.0
2025-09-30,21,24.0,20.9,83.0,0.0,,140.0,9.0,,1002.0,,5.0
2025-09-30,22,24.0,20.9,83.0,0.0,,140.0,9.0,,1002.0,,5.0
2025-09-30,23,23.0,21.1,89.0,0.0,,100.0,11.0,,1002.0,,5.0
2025-10-01,0,23.0,21.1,89.0,0.0,,110.0,9.0,,1002.0,,5.0
2025-10-01,1,23.0,21.1,89.0,0.0,,120.0,9.0,,1003.0,,5.0
2025-10-01,2,24.0,20.9,83.0,0.0,,130.0,9.0,,1004.0,,5.0
2025-10-01,3,24.0,20.9,83.0,0.0,,130.0,19.0,,1004.0,,5.0
2025-10-01,4,25.0,21.1,79.0,0.1,,140.0,13.0,,1004.0,,5.0
2025-10-01,5,27.0,22.0,74.0,0.0,,160.0,17.0,,1004.0,,5.0
2025-10-01,6,28.0,22.0,70.0,0.0,,160.0,15.0,,1003.0,,5.0
2025-10-01,7,29.0,21.0,62.0,0.0,,130.0,19.0,,1003.0,,5.0
2025-10-01,8,30.0,21.1,59.0,0.1,,160.0,13.0,,1002.0,,5.0
2025-10-01,9,29.0,19.9,58.0,4.7,,140.0,15.0,,1002.0,,5.0
2025-10-01,10,29.0,21.0,62.0,1.8,,150.0,19.0,,1001.0,,2.0
2025-10-01,11,29.0,19.9,58.0,0.0,,150.0,17.0,,1002.0,,3.0
2025-10-01,12,28.0,20.0,62.0,0.4,,170.0,19.0,,1002.0,,3.0
2025-10-01,13,27.0,20.1,66.0,0.2,,140.0,19.0,,1003.0,,3.0
2025-10-01,14,27.0,20.1,66.0,0.0,,130.0,15.0,,1003.0,,3.0
2025-10-01,15,27.0,21.1,70.0,0.0,,170.0,15.0,,1004.0,,5.0
2025-10-01,16,27.0,23.0,79.0,0.0,,180.0,19.0,,1005.0,,5.0
2025-10-01,17,27.0,23.0,79.0,0.0,,170.0,15.0,,1005.0,,5.0
2025-10-01,18,26.0,23.1,84.0,0.0,,150.0,17.0,,1004.0,,5.0
2025-10-01,19,26.0,23.1,84.0,0.0,,170.0,15.0,,1004.0,,5.0
2025-10-01,20,26.0,23.1,84.0,0.0,,160.0,13.0,,1004.0,,5.0
2025-10-01,21,24.0,22.1,89.0,0.0,,120.0,19.0,,1003.0,,5.0
2025-10-01,22,24.0,22.1,89.0,0.0,,90.0,11.0,,1003.0,,5.0
2025-10-01,23,24.0,22.1,89.0,0.0,,70.0,11.0,,1004.0,,5.0
2025-10-02,0,24.0,22.1,89.0,0.0,,70.0,11.0,,1004.0,,5.0
2025-10-02,1,24.0,22.1,89.0,0.0,,90.0,13.0,,1005.0,,5.0
2025-10-02,2,25.0,21.1,79.0,0.0,,140.0,15.0,,1006.0,,5.0
2025-10-02,3,26.0,21.0,74.0,0.0,,130.0,13.0,,1007.0,,5.0
2025-10-02,4,27.0,21.1,70.0,0.0,,120.0,19.0,,1007.0,,5.0
2025-10-02,5,28.0,22.0,70.0,0.0,,140.0,15.0,,1007.0,,5.0
2025-10-02,6,28.0,21.1,66.0,0.6,,150.0,19.0,,1006.0,,5.0
2025-10-02,7,29.0,22.0,66.0,0.6,,120.0,11.0,,1006.0,,5.0
2025-10-02,8,29.0,22.0,66.0,0.0,,130.0,15.0,,1005.0,,5.0
2025-10-02,9,29.0,21.0,62.0,6.9,,150.0,15.0,,1005.0,,5.0
2025-10-02,10,29.0,22.0,66.0,1.1,,180.0,19.0,,1005.0,,5.0
2025-10-02,11,28.0,22.0,70.0,0.3,,150.0,19.0,,1005.0,,5.0
2025-10-02,12,28.0,22.0,70.0,0.3,,160.0,19.0,,1005.0,,5.0
2025-10-02,13,26.0,22.1,79.0,0.0,,190.0,19.0,,1006.0,,5.0
2025-10-02,14,26.0,22.1,79.0,0.0,,150.0,15.0,,1007.0,,5.0
2025-10-02,15,25.0,21.1,79.0,0.0,,150.0,9.0,,1008.0,,5.0
2025-10-02,16,26.0,21.0,74.0,0.0,,150.0,9.0,,1008.0,,5.0
2025-10-02,17,26.0,20.1,70.0,0.0,,170.0,15.0,,1008.0,,5.0
2025-10-02,18,25.0,22.1,84.0,0.2,,100.0,9.0,,1008.0,,5.0
2025-10-02,19,24.0,22.1,89.0,0.0,,80.0,6.0,,1007.0,,5.0
2025-10-02,20,24.0,22.1,89.0,0.0,,70.0,7.0,,1007.0,,5.0
2025-10-02,21,23.0,21.1,89.0,0.0,,90.0,6.0,,1007.0,,5.0
2025-10-02,22,23.0,21.1,89.0,0.0,,60.0,7.0,,1007.0,,5.0
2025-10-02,23,23.0,21.1,89.0,0.0,,70.0,6.0,,1007.0,,5.0
2025-10-03,0,23.0,21.1,89.0,0.0,,60.0,6.0,,1008.0,,5.0
2025-10-03,1,23.0,21.1,89.0,0.0,,60.0,6.0,,1008.0,,5.0
2025-10-03,2,25.0,22.1,84.0,0.0,,100.0,6.0,,1010.0,,5.0
2025-10-03,3,26.0,22.1,79.0,0.0,,160.0,15.0,,1010.0,,5.0
2025-10-03,4,27.0,22.0,74.0,0.0,,130.0,11.0,,1010.0,,5.0
2025-10-03,5,29.0,22.0,66.0,0.0,,120.0,9.0,,1010.0,,5.0
2025-10-03,6,29.0,21.0,62.0,0.0,,150.0,9.0,,1010.0,,5.0
2025-10-03,7,30.0,21.1,59.0,0.1,,160.0,9.0,,1009.0,,5.0
2025-10-03,8,31.0,20.9,55.0,0.0,,200.0,9.0,,1009.0,,5.0
2025-10-03,9,31.0,20.9,55.0,0.0,,150.0,11.0,,1008.0,,3.0
2025-10-03,10,30.0,21.1,59.0,0.0,,150.0,17.0,,1007.0,,3.0
2025-10-03,11,31.0,20.0,52.0,0.0,,190.0,19.0,,1007.0,,3.0
2025-10-03,12,30.0,20.0,55.0,0.0,,200.0,17.0,,1007.0,,3.0
2025-10-03,13,28.0,21.1,66.0,0.0,,190.0,19.0,,1008.0,,5.0
2025-10-03,14,28.0,22.0,70.0,0.0,,180.0,20.0,,1009.0,,5.0
2025-10-03,15,27.0,21.1,70.0,0.0,,200.0,11.0,,1010.0,,5.0
2025-10-03,16,28.0,22.9,74.0,0.0,,230.0,7.0,,1011.0,,5.0
2025-10-03,17,28.0,24.0,79.0,0.0,,210.0,7.0,,1011.0,,5.0
2025-10-03,18,27.0,24.1,84.0,0.0,,220.0,7.0,,1011.0,,5.0
2025-10-03,19,27.0,24.1,84.0,0.0,,230.0,7.0,,1010.0,,5.0
2025-10-03,20,27.0,24.1,84.0,0.0,,240.0,7.0,,1010.0,,5.0
2025-10-03,21,26.0,24.0,89.0,0.0,,210.0,13.0,,1009.0,,5.0
2025-10-03,22,26.0,23.1,84.0,0.0,,230.0,13.0,,1009.0,,5.0
2025-10-03,23,25.0,22.1,84.0,0.0,,200.0,11.0,,1008.0,,5.0
2025-10-04,0,24.0,22.1,89.0,0.0,,240.0,4.0,,1010.0,,5.0
2025-10-04,1,25.0,22.1,84.0,0.0,,210.0,7.0,,1010.0,,5.0
2025-10-04,2,25.0,22.1,84.0,0.0,,210.0,6.0,,1011.0,,5.0
2025-10-04,3,26.0,21.0,74.0,0.0,,180.0,15.0,,1012.0,,5.0
2025-10-04,4,27.0,20.1,66.0,0.0,,230.0,15.0,,1012.0,,5.0
2025-10-04,5,28.0,21.1,66.0,0.0,,230.0,13.0,,1011.0,,5.0
2025-10-04,6,30.0,20.0,55.0,0.0,,190.0,15.0,,1011.0,,5.0
2025-10-04,7,31.0,20.9,55.0,0.0,,200.0,9.0,,1010.0,,2.0
2025-10-04,8,31.0,20.0,52.0,0.0,,210.0,20.0,,1009.0,,3.0
2025-10-04,9,31.0,20.0,52.0,0.0,,210.0,17.0,,1007.0,,3.0
2025-10-04,10,31.0,20.9,55.0,0.0,,200.0,17.0,,1007.0,,3.0
2025-10-04,11,31.0,20.0,52.0,0.0,,220.0,15.0,,1007.0,,3.0
2025-10-04,12,30.0,20.0,55.0,0.0,,230.0,11.0,,1008.0,,2.0
2025-10-04,13,29.0,21.0,62.0,0.0,,220.0,4.0,,1008.0,,5.0
2025-10-04,14,29.0,21.0,62.0,0.0,,230.0,6.0,,1009.0,,5.0
2025-10-04,15,27.0,22.0,74.0,0.0,,180.0,19.0,,1010.0,,5.0
2025-10-04,16,27.0,22.0,74.0,0.0,,200.0,19.0,,1010.0,,5.0
2025-10-04,17,27.0,22.0,74.0,0.0,,200.0,11.0,,1009.0,,5.0
2025-10-04,18,26.0,23.1,84.0,0.0,,190.0,15.0,,1009.0,,5.0
2025-10-04,19,26.0,23.1,84.0,0.0,,190.0,15.0,,1009.0,,5.0
2025-10-04,20,26.0,23.1,84.0,0.0,,200.0,11.0,,1008.0,,5.0
2025-10-04,21,26.0,23.1,84.0,0.0,,190.0,11.0,,1008.0,,5.0
2025-10-04,22,26.0,23.1,84.0,0.0,,210.0,9.0,,1008.0,,5.0
2025-10-04,23,26.0,22.1,79.0,0.0,,220.0,9.0,,1008.0,,5.0
2025-10-05,0,25.0,22.1,84.0,0.0,,210.0,9.0,,1008.0,,5.0
2025-10-05,1,26.0,22.1,79.0,0.0,,210.0,11.0,,1009.0,,5.0
2025-10-05,2,26.0,22.1,79.0,0.0,,200.0,15.0,,1010.0,,5.0
2025-10-05,3,27.0,22.0,74.0,0.0,,250.0,13.0,,1011.0,,5.0
2025-10-05,4,28.0,21.1,66.0,0.0,,280.0,11.0,,1011.0,,5.0
2025-10-05,5,28.0,21.1,66.0,0.0,,250.0,9.0,,1011.0,,5.0
2025-10-05,6,29.0,21.0,62.0,0.0,,210.0,11.0,,1010.0,,3.0
2025-10-05,7,30.0,21.1,59.0,0.0,,250.0,15.0,,1009.0,,3.0
2025-10-05,8,31.0,20.9,55.0,0.0,,200.0,22.0,,1008.0,,3.0
2025-10-05,9,31.0,20.0,52.0,0.0,,190.0,19.0,,1008.0,,3.0
2025-10-05,10,30.0,20.0,55.0,0.0,,210.0,17.0,,1007.0,,3.0
2025-10-05,11,30.0,19.1,52.0,0.0,,200.0,19.0,,1006.0,,3.0
2025-10-05,12,29.0,21.0,62.0,0.0,,180.0,13.0,,1007.0,,3.0
2025-10-05,13,28.0,22.0,70.0,0.0,,160.0,17.0,,1007.0,,5.0
2025-10-05,14,27.0,22.0,74.0,0.0,,190.0,20.0,,1008.0,,5.0
2025-10-05,15,27.0,22.0,74.0,0.0,,180.0,15.0,,1009.0,,5.0
2025-10-05,16,27.0,23.0,79.0,0.0,,170.0,22.0,,1009.0,,5.0
2025-10-05,17,27.0,24.1,84.0,0.0,,240.0,9.0,,1010.0,,5.0
2025-10-05,18,27.0,24.1,84.0,0.3,,240.0,6.0,,1010.0,,5.0
2025-10-05,19,27.0,23.0,79.0,0.0,,260.0,13.0,,1010.0,,5.0
2025-10-05,20,25.0,24.0,94.0,0.6,,290.0,7.0,,1009.0,,1.0
2025-10-05,21,25.0,24.0,94.0,0.2,,240.0,4.0,,1009.0,,5.0
2025-10-05,22,26.0,24.0,89.0,0.1,,240.0,9.0,,1009.0,,5.0
2025-10-05,23,25.0,23.1,89.0,0.1,,190.0,15.0,,1009.0,,5.0
2025-10-06,0,25.0,23.1,89.0,0.0,,200.0,15.0,,1009.0,,5.0
2025-10-06,1,24.0,22.1,89.0,0.0,,190.0,20.0,,1010.0,,5.0
2025-10-06,2,24.0,22.1,89.0,0.0,,190.0,15.0,,1010.0,,5.0
2025-10-06,3,26.0,22.1,79.0,0.0,,190.0,13.0,,1011.0,,5.0
2025-10-06,4,27.0,22.0,74.0,0.0,,200.0,17.0,,1011.0,,5.0
2025-10-06,5,28.0,22.0,70.0,0.0,,220.0,7.0,,1011.0,,5.0
2025-10-06,6,29.0,21.0,62.0,0.0,,230.0,11.0,,1010.0,,5.0
2025-10-06,7,27.0,21.1,70.0,0.0,,230.0,11.0,,1010.0,,5.0
2025-10-06,8,28.0,21.1,66.0,0.0,,210.0,17.0,,1008.0,,5.0
2025-10-06,9,28.0,21.1,66.0,0.2,,200.0,28.0,,1008.0,,3.0
2025-10-06,10,29.0,21.0,62.0,0.2,,190.0,19.0,,1007.0,,5.0
2025-10-06,11,29.0,21.0,62.0,0.0,,200.0,22.0,,1007.0,,5.0
2025-10-06,12,29.0,21.0,62.0,0.4,,180.0,19.0,,1007.0,,5.0
2025-10-06,13,27.0,22.0,74.0,0.4,,160.0,22.0,,1008.0,,5.0
2025-10-06,14,27.0,22.0,74.0,0.0,,180.0,19.0,,1009.0,,5.0
2025-10-06,15,24.0,22.1,89.0,0.3,,190.0,19.0,,1009.0,,5.0
2025-10-06,16,24.0,22.1,89.0,0.0,,180.0,19.0,,1010.0,,5.0
2025-10-06,17,24.0,22.1,89.0,0.0,,190.0,13.0,,1010.0,,5.0
2025-10-06,18,25.0,22.1,84.0,0.0,,180.0,11.0,,1010.0,,5.0
2025-10-06,19,25.0,22.1,84.0,0.0,,220.0,15.0,,1009.0,,5.0
2025-10-06,20,25.0,22.1,84.0,0.0,,230.0,9.0,,1009.0,,5.0
2025-10-06,21,25.0,22.1,84.0,0.0,,240.0,13.0,,1009.0,,5.0
2025-10-06,22,25.0,22.1,84.0,0.0,,220.0,9.0,,1009.0,,5.0
2025-10-06,23,24.0,22.1,89.0,0.0,,240.0,11.0,,1009.0,,5.0
2025-10-07,0,24.0,22.1,89.0,0.0,,250.0,7.0,,1009.0,,5.0
2025-10-07,1,24.0,22.1,89.0,0.0,,240.0,6.0,,1010.0,,5.0
2025-10-07,2,24.0,22.1,89.0,0.0,,230.0,7.0,,1010.0,,5.0
2025-10-07,3,25.0,22.1,84.0,0.1,,270.0,7.0,,1011.0,,5.0
2025-10-07,4,27.0,21.1,70.0,0.0,,300.0,11.0,,1012.0,,5.0
2025-10-07,5,28.0,21.1,66.0,0.0,,300.0,11.0,,1012.0,,5.0
2025-10-07,6,29.0,19.0,55.0,0.0,,280.0,15.0,,1011.0,,5.0
2025-10-07,7,30.0,18.1,49.0,0.0,,250.0,9.0,,1010.0,,3.0
2025-10-07,8,30.0,18.1,49.0,0.0,,280.0,9.0,,1010.0,,3.0
2025-10-07,9,30.0,17.1,46.0,0.0,,280.0,9.0,,1009.0,,3.0
2025-10-07,10,31.0,18.0,46.0,0.0,,280.0,13.0,,1009.0,,3.0
2025-10-07,11,30.0,19.1,52.0,0.0,,330.0,7.0,,1009.0,,2.0
2025-10-07,12,29.0,19.0,55.0,0.0,,350.0,4.0,,1009.0,,2.0
2025-10-07,13,29.0,16.9,48.0,0.0,,250.0,6.0,,1009.0,,2.0
2025-10-07,14,28.0,18.1,55.0,0.0,,260.0,4.0,,1010.0,,2.0
2025-10-07,15,27.0,21.1,70.0,0.0,,222.0,3.7,,1010.0,,5.0
2025-10-07,16,27.0,19.1,62.0,0.0,,180.0,6.0,,1010.0,,5.0
2025-10-07,17,27.0,20.1,66.0,0.0,,220.0,4.0,,1011.0,,5.0
2025-10-07,18,27.0,20.1,66.0,0.0,,200.0,6.0,,1011.0,,5.0
2025-10-07,19,26.0,21.0,74.0,0.0,,200.0,7.0,,1011.0,,5.0
2025-10-07,20,25.0,22.1,84.0,0.0,,200.0,6.0,,1010.0,,5.0
2025-10-07,21,25.0,21.1,79.0,0.0,,210.0,6.0,,1010.0,,5.0
2025-10-07,22,25.0,21.1,79.0,0.0,,290.0,4.0,,1010.0,,5.0
2025-10-07,23,24.0,20.9,83.0,0.0,,238.0,1.8,,1010.0,,5.0
2025-10-08,0,24.3,22.0,87.0,0.0,,258.0,0.0,,1010.4,,2.0
2025-10-08,1,25.0,22.1,84.0,0.0,,280.0,1.8,,1011.1,,2.0
2025-10-08,2,25.7,22.4,82.0,0.0,,321.0,1.8,,1011.8,,1.0
2025-10-08,3,26.4,22.5,79.0,0.0,,338.0,1.8,,1012.6,,1.0
2025-10-08,4,28.2,22.4,71.0,0.0,,339.0,1.8,,1012.6,,1.0
2025-10-08,5,29.9,22.4,64.0,0.0,,340.0,1.8,,1012.6,,2.0
2025-10-08,6,31.6,22.0,57.0,0.0,,340.0,3.7,,1012.6,,2.0
2025-10-08,7,32.2,21.4,53.0,0.0,,319.0,3.7,,1011.8,,2.0
2025-10-08,8,32.7,20.3,48.0,0.0,,297.0,3.7,,1011.0,,2.0
2025-10-08,9,33.3,19.4,44.0,0.0,,281.0,5.5,,1010.2,,2.0
2025-10-08,10,32.8,19.7,46.0,0.0,,267.0,5.5,,1010.1,,2.0
2025-10-08,11,32.4,20.0,48.0,0.0,,256.0,5.5,,1009.9,,2.0
2025-10-08,12,31.9,20.2,50.0,0.0,,248.0,5.5,,1009.8,,2.0
2025-10-08,13,30.3,20.5,56.0,0.0,,247.0,5.5,,1010.4,,2.0
2025-10-08,14,28.7,21.0,63.0,0.0,,246.0,3.7,,1010.9,,2.0
2025-10-08,15,27.0,21.3,71.0,0.0,,242.0,1.8,,1011.5,,1.0
2025-10-08,16,26.6,20.9,71.0,0.0,,282.0,1.8,,1011.9,,1.0
2025-10-08,17,26.0,20.8,73.0,0.0,,264.0,1.8,,1012.1,,1.0
2025-10-08,18,25.4,20.6,75.0,0.0,,251.0,1.8,,1012.3,,1.0
2025-10-08,19,24.9,20.6,77.0,0.0,,247.0,1.8,,1012.1,,1.0
2025-10-08,20,24.5,20.4,78.0,0.0,,264.0,0.0,,1011.9,,1.0
2025-10-08,21,24.0,20.3,80.0,0.0,,188.0,0.0,,1011.7,,1.0
2025-10-08,22,23.6,20.1,81.0,0.0,,169.0,0.0,,1011.8,,1.0
2025-10-08,23,23.2,20.2,83.0,0.0,,291.0,0.0,,1012.0,,1.0
2025-10-09,0,22.8,20.0,84.0,0.0,,302.0,0.0,,1012.1,,1.0
2025-10-09,1,23.8,20.1,80.0,0.0,,17.0,1.8,,1012.6,,1.0
2025-10-09,2,24.7,20.6,78.0,0.0,,19.0,1.8,,1013.2,,1.0
2025-10-09,3,25.7,20.7,74.0,0.0,,19.0,1.8,,1013.7,,1.0
2025-10-09,4,27.8,20.6,65.0,0.0,,22.0,1.8,,1013.8,,1.0
2025-10-09,5,29.9,20.2,56.0,0.0,,23.0,3.7,,1013.8,,1.0
2025-10-09,6,32.0,20.0,49.0,0.0,,25.0,3.7,,1013.8,,1.0
2025-10-09,7,32.6,19.1,45.0,0.0,,19.0,3.7,,1012.9,,1.0
2025-10-09,8,33.1,18.1,41.0,0.0,,11.0,3.7,,1012.0,,1.0
2025-10-09,9,33.7,17.0,37.0,0.0,,359.0,3.7,,1011.1,,2.0
2025-10-09,10,33.2,17.8,40.0,0.0,,358.0,3.7,,1010.9,,2.0
2025-10-09,11,32.7,18.1,42.0,0.0,,356.0,3.7,,1010.7,,2.0
2025-10-09,12,32.2,18.8,45.0,0.0,,354.0,1.8,,1010.5,,2.0
2025-10-09,13,30.3,19.4,52.0,0.0,,353.0,1.8,,1011.0,,2.0
2025-10-09,14,28.4,19.6,59.0,0.0,,352.0,1.8,,1011.5,,1.0
2025-10-09,15,26.5,20.1,68.0,0.0,,349.0,1.8,,1012.0,,1.0
2025-10-09,16,25.8,19.9,70.0,0.0,,267.0,0.0,,1012.1,,1.0
2025-10-09,17,25.0,19.6,72.0,0.0,,243.0,0.0,,1012.3,,1.0
2025-10-09,18,24.3,19.6,75.0,0.0,,213.0,0.0,,1012.5,,1.0
2025-10-09,19,24.0,19.7,77.0,0.0,,205.0,0.0,,1012.1,,1.0
2025-10-09,20,23.6,19.7,79.0,0.0,,314.0,0.0,,1011.8,,1.0
2025-10-09,21,23.2,19.8,81.0,0.0,,358.0,0.0,,1011.4,,1.0
2025-10-09,22,22.9,19.7,82.0,0.0,,21.0,0.0,,1011.4,,1.0
2025-10-09,23,22.6,19.6,83.0,0.0,,33.0,0.0,,1011.5,,1.0
2025-10-10,0,22.3,19.7,85.0,0.0,,29.0,1.8,,1011.5,,1.0
2025-10-10,1,23.4,19.3,78.0,0.0,,26.0,1.8,,1012.0,,1.0
2025-10-10,2,24.4,19.2,73.0,0.0,,23.0,1.8,,1012.5,,1.0
2025-10-10,3,25.5,19.2,68.0,0.0,,21.0,1.8,,1013.0,,1.0
2025-10-10,4,27.8,19.1,59.0,0.0,,34.0,3.7,,1012.9,,1.0
2025-10-10,5,30.1,18.9,51.0,0.0,,44.0,3.7,,1012.9,,1.0
2025-10-10,6,32.4,18.6,44.0,0.0,,51.0,3.7,,1012.8,,1.0
2025-10-10,7,33.0,18.4,42.0,0.0,,38.0,3.7,,1012.0,,1.0
2025-10-10,8,33.6,17.7,39.0,0.0,,17.0,3.7,,1011.1,,1.0
2025-10-10,9,34.2,17.0,36.0,0.0,,350.0,3.7,,1010.3,,1.0
2025-10-10,10,33.7,17.4,38.0,0.0,,343.0,3.7,,1010.1,,2.0
2025-10-10,11,33.1,18.1,41.0,0.0,,334.0,3.7,,1009.9,,2.0
2025-10-10,12,32.5,18.3,43.0,0.0,,323.0,1.8,,1009.8,,2.0
2025-10-10,13,30.3,18.7,50.0,,,324.0,1.8,,1010.2,,2.0
2025-10-10,14,28.1,19.1,58.0,,,326.0,1.8,,1010.6,,2.0
2025-10-10,15,25.9,19.3,67.0,,,208.0,0.0,,1011.0,,2.0
2025-10-10,16,25.3,19.4,70.0,,,203.0,0.0,,1011.1,,1.0
2025-10-10,17,24.6,19.7,74.0,,,154.0,0.0,,1011.2,,1.0
2025-10-10,18,23.9,19.8,78.0,,,171.0,0.0,,1011.4,,1.0
2025-10-10,19,23.7,19.4,77.0,,,128.0,0.0,,1011.2,,1.0
2025-10-10,20,23.5,19.2,77.0,,,80.0,0.0,,1011.0,,1.0
2025-10-10,21,23.4,18.9,76.0,,,60.0,0.0,,1010.8,,1.0
2025-10-10,22,23.2,18.9,77.0,,,22.0,1.8,,1010.9,,1.0
2025-10-10,23,23.0,18.8,77.0,,,28.0,1.8,,1010.9,,1.0
2025-10-11,0,22.8,18.8,78.0,,,32.0,1.8,,1010.9,,1.0
2025-10-11,1,23.7,18.8,74.0,,,28.0,1.8,,1011.6,,1.0
2025-10-11,2,24.6,18.8,70.0,,,24.0,1.8,,1012.3,,1.0
2025-10-11,3,25.6,18.8,66.0,,,19.0,1.8,,1012.9,,1.0
2025-10-11,4,27.9,14.9,45.0,,,64.0,1.8,,1013.2,,1.0
2025-10-11,5,29.0,11.1,33.0,,,60.0,9.0,,1013.0,,1.0
2025-10-11,6,30.0,12.0,33.0,,,40.0,7.0,,1013.0,,1.0
2025-10-11,7,30.0,11.0,31.0,,,70.0,7.0,,1012.0,,1.0
2025-10-11,8,31.0,8.1,24.0,,,30.0,6.0,,1011.0,,1.0
2025-10-11,9,31.0,8.1,24.0,,,350.0,7.0,,1010.0,,1.0
2025-10-11,10,31.0,9.3,26.0,,,50.0,11.0,,1010.0,,1.0
2025-10-11,11,30.0,7.8,25.0,0.0,,50.0,7.0,,1010.0,,1.0
2025-10-11,12,30.0,9.0,27.0,0.0,,60.0,9.0,,1010.0,,1.0
2025-10-11,13,28.0,15.0,45.0,0.0,,30.0,4.0,,1010.0,,1.0
2025-10-11,14,28.0,11.1,35.0,0.0,,80.0,6.0,,1011.0,,1.0
2025-10-11,15,28.0,11.1,35.0,0.0,,60.0,6.0,,1011.0,,1.0
2025-10-11,16,23.0,18.1,74.0,0.0,,290.0,0.0,,1011.0,,5.0
2025-10-11,17,24.0,14.1,54.0,0.0,,69.0,0.0,,1011.0,,5.0
2025-10-11,18,23.0,16.1,65.0,0.0,,224.0,0.0,,1011.0,,5.0
2025-10-11,19,22.0,18.0,78.0,0.0,,63.0,0.0,,1010.0,,5.0
2025-10-11,20,22.0,16.1,69.0,0.0,,32.0,1.8,,1010.0,,5.0
2025-10-11,21,21.0,16.0,73.0,0.0,,350.0,11.0,,1010.0,,5.0
2025-10-11,22,21.0,15.1,69.0,0.0,,10.0,11.0,,1010.0,,5.0
2025-10-11,23,21.0,13.9,64.0,0.0,,30.0,7.0,,1010.0,,5.0
2025-10-12,0,21.0,15.1,69.0,0.0,,350.0,6.0,,1011.0,,5.0
2025-10-12,1,20.0,15.0,73.0,0.0,,30.0,6.0,,1012.0,,5.0
2025-10-12,2,22.0,14.1,61.0,0.0,,20.0,6.0,,1012.0,,5.0
2025-10-12,3,25.0,12.9,47.0,0.0,,40.0,9.0,,1013.0,,1.0
2025-10-12,4,28.0,13.9,42.0,0.0,,70.0,7.0,,1013.0,,1.0
2025-10-12,5,30.0,12.9,35.0,0.0,,30.0,7.0,,1012.0,,1.0
2025-10-12,6,31.0,9.8,27.0,0.0,,40.0,15.0,,1011.0,,1.0
2025-10-12,7,32.0,10.1,26.0,0.0,,40.0,13.0,,1011.0,,1.0
2025-10-12,8,31.0,9.3,26.0,0.0,,90.0,15.0,,1010.0,,1.0
2025-10-12,9,32.0,8.9,24.0,0.0,,20.0,6.0,,1009.0,,1.0
2025-10-12,10,32.0,8.9,24.0,0.0,,30.0,7.0,,1009.0,,1.0
2025-10-12,11,31.0,9.8,27.0,0.0,,10.0,4.0,,1009.0,,1.0
2025-10-12,12,31.0,9.8,27.0,0.0,,50.0,4.0,,1009.0,,1.0
2025-10-12,13,30.0,12.0,33.0,0.0,,360.0,4.0,,1009.0,,1.0
2025-10-12,14,27.0,15.1,48.0,0.0,,40.0,6.0,,1010.0,,1.0
2025-10-12,15,27.0,13.0,42.0,0.0,,289.0,4.0,,1011.0,,1.0
2025-10-12,16,26.0,15.1,51.0,0.0,,303.0,0.0,,1011.0,,1.0
2025-10-12,17,24.0,18.0,69.0,0.0,,328.0,0.0,,1011.0,,5.0
2025-10-12,18,24.0,18.0,69.0,0.0,,342.0,0.0,,1011.0,,5.0
2025-10-12,19,23.0,18.1,74.0,0.0,,347.0,4.0,,1011.0,,5.0
2025-10-12,20,22.0,18.0,78.0,0.0,,12.0,0.0,,1010.0,,5.0
2025-10-12,21,22.0,18.0,78.0,0.0,,360.0,6.0,,1010.0,,5.0
2025-10-12,22,21.0,16.0,73.0,0.0,,30.0,6.0,,1010.0,,5.0
2025-10-12,23,22.0,14.1,61.0,0.0,,20.0,7.0,,1011.0,,5.0
2025-10-13,0,21.0,15.1,69.0,0.0,,20.0,6.0,,1011.0,,5.0
2025-10-13,1,21.0,16.0,73.0,0.0,,34.0,1.8,,1012.0,,5.0
2025-10-13,2,22.0,16.1,69.0,0.0,,350.0,7.0,,1012.0,,5.0
2025-10-13,3,24.0,16.0,61.0,0.0,,10.0,6.0,,1013.0,,5.0
2025-10-13,4,26.0,15.1,51.0,0.0,,20.0,6.0,,1013.0,,1.0
2025-10-13,5,27.0,13.0,42.0,0.0,,30.0,7.0,,1013.0,,1.0
2025-10-13,6,30.0,12.9,35.0,0.0,,10.0,7.0,,1012.0,,1.0
2025-10-13,7,32.0,8.9,24.0,0.0,,20.0,9.0,,1011.0,,1.0
2025-10-13,8,32.0,8.3,23.0,0.0,,20.0,9.0,,1010.0,,1.0
2025-10-13,9,32.0,10.1,26.0,0.0,,350.0,9.0,,1009.0,,1.0
2025-10-13,10,32.0,10.1,26.0,0.0,,350.0,11.0,,1009.0,,2.0
2025-10-13,11,31.0,10.9,29.0,0.0,,360.0,7.0,,1009.0,,2.0
2025-10-13,12,29.0,11.1,33.0,0.0,,30.0,9.0,,1009.0,,2.0
2025-10-13,13,29.0,11.1,33.0,0.0,,20.0,6.0,,1010.0,,1.0
2025-10-13,14,28.0,11.1,35.0,0.0,,90.0,9.0,,1010.0,,1.0
2025-10-13,15,28.0,12.0,37.0,0.0,,80.0,6.0,,1011.0,,1.0
2025-10-13,16,28.0,12.0,37.0,0.0,,90.0,6.0,,1011.0,,1.0
2025-10-13,17,27.0,11.1,37.0,0.0,,110.0,4.0,,1011.0,,1.0
2025-10-13,18,24.0,17.0,65.0,0.0,,152.0,4.0,,1010.0,,5.0
2025-10-13,19,24.0,16.0,61.0,0.0,,340.0,4.0,,1010.0,,5.0
2025-10-13,20,22.0,16.1,69.0,0.0,,350.0,4.0,,1009.0,,5.0
2025-10-13,21,21.0,15.1,69.0,0.0,,360.0,6.0,,1009.0,,5.0
2025-10-13,22,21.0,15.1,69.0,0.0,,330.0,6.0,,1009.0,,5.0
2025-10-13,23,21.0,13.9,64.0,0.0,,50.0,13.0,,1009.0,,5.0
2025-10-14,0,21.0,13.9,64.0,0.0,,30.0,9.0,,1009.0,,5.0
2025-10-14,1,21.0,15.1,69.0,0.0,,10.0,4.0,,1010.0,,5.0
2025-10-14,2,23.0,15.1,61.0,0.0,,10.0,4.0,,1011.0,,5.0
2025-10-14,3,25.0,12.9,47.0,0.0,,30.0,4.0,,1011.0,,5.0
2025-10-14,4,28.0,12.0,37.0,0.0,,70.0,7.0,,1012.0,,1.0
2025-10-14,5,30.0,12.0,33.0,0.0,,50.0,7.0,,1011.0,,1.0
2025-10-14,6,30.0,10.0,29.0,0.0,,60.0,13.0,,1011.0,,1.0
2025-10-14,7,31.0,8.1,24.0,0.0,,60.0,11.0,,1009.0,,1.0
2025-10-14,8,32.0,8.3,23.0,0.0,,40.0,15.0,,1008.0,,1.0
2025-10-14,9,32.0,8.9,24.0,0.0,,50.0,15.0,,1008.0,,1.0
2025-10-14,10,31.0,9.3,26.0,0.0,,90.0,9.0,,1008.0,,1.0
2025-10-14,11,31.0,8.1,24.0,0.0,,40.0,9.0,,1008.0,,1.0
2025-10-14,12,30.0,7.8,25.0,0.0,,40.0,6.0,,1008.0,,1.0
2025-10-14,13,28.0,11.1,35.0,0.0,,90.0,6.0,,1008.0,,1.0
2025-10-14,14,28.0,11.1,35.0,0.0,,20.0,7.0,,1009.0,,1.0
2025-10-14,15,26.0,14.1,48.0,0.0,,20.0,4.0,,1009.0,,1.0
2025-10-14,16,24.0,16.0,61.0,0.0,,77.0,0.0,,1009.0,,5.0
2025-10-14,17,24.0,16.0,61.0,0.0,,56.0,0.0,,1009.0,,5.0
2025-10-14,18,24.0,15.0,57.0,0.0,,30.0,6.0,,1009.0,,5.0
2025-10-14,19,23.0,17.0,69.0,0.0,,12.0,1.8,,1009.0,,5.0
2025-10-14,20,22.0,18.0,78.0,0.0,,13.0,1.8,,1008.0,,5.0
2025-10-14,21,22.0,18.0,78.0,0.0,,350.0,7.0,,1008.0,,5.0
2025-10-14,22,21.0,17.0,78.0,0.0,,360.0,4.0,,1008.0,,5.0
2025-10-14,23,21.0,12.9,60.0,0.0,,20.0,11.0,,1008.0,,5.0
2025-10-15,0,21.0,12.9,60.0,0.0,,360.0,7.0,,1009.0,,5.0
2025-10-15,1,20.0,13.9,68.0,0.0,,360.0,6.0,,1009.0,,5.0
2025-10-15,2,23.0,14.0,57.0,0.0,,360.0,6.0,,1010.0,,5.0
2025-10-15,3,24.0,12.9,50.0,0.0,,10.0,13.0,,1010.0,,1.0
2025-10-15,4,28.0,13.9,42.0,0.0,,60.0,15.0,,1011.0,,1.0
2025-10-15,5,30.0,14.9,40.0,0.0,,80.0,15.0,,1010.0,,1.0
2025-10-15,6,30.0,14.1,38.0,0.0,,80.0,11.0,,1010.0,,1.0
2025-10-15,7,32.0,12.3,30.0,0.0,,90.0,7.0,,1009.0,,1.0
2025-10-15,8,32.0,12.3,30.0,0.0,,50.0,9.0,,1008.0,,1.0
2025-10-15,9,33.0,14.1,32.0,0.0,,130.0,19.0,,1008.0,,1.0
2025-10-15,10,32.0,11.2,28.0,0.0,,10.0,6.0,,1007.0,,1.0
2025-10-15,11,32.0,11.2,28.0,0.0,,300.0,6.0,,1007.0,,1.0
2025-10-15,12,33.1,17.3,39.0,0.0,,83.0,3.7,,1007.5,,1.0
2025-10-15,13,30.7,17.4,45.0,0.0,,82.0,1.8,,1008.1,,1.0
2025-10-15,14,28.4,17.9,53.0,0.0,,81.0,1.8,,1008.7,,1.0
2025-10-15,15,26.1,18.3,62.0,0.0,,78.0,1.8,,1009.3,,1.0
2025-10-15,16,26.2,17.8,60.0,0.0,,57.0,0.0,,1009.7,,1.0
2025-10-15,17,25.3,17.5,62.0,0.0,,40.0,0.0,,1009.7,,1.0
2025-10-15,18,24.3,17.3,65.0,0.0,,30.0,1.8,,1009.7,,1.0
2025-10-15,19,24.0,17.3,66.0,0.0,,26.0,1.8,,1009.4,,1.0
2025-10-15,20,23.6,17.1,67.0,0.0,,24.0,1.8,,1009.1,,1.0
2025-10-15,21,23.3,17.1,68.0,0.0,,23.0,1.8,,1008.8,,1.0
2025-10-15,22,23.6,18.0,71.0,0.0,,31.0,1.8,,1009.0,,1.0
2025-10-15,23,23.2,17.7,71.0,0.0,,34.0,3.7,,1009.1,,1.0
2025-10-16,0,22.8,17.3,71.0,0.0,,36.0,3.7,,1009.2,,1.0
2025-10-16,1,23.8,17.3,67.0,0.0,,37.0,3.7,,1009.8,,1.0
2025-10-16,2,24.8,17.0,62.0,0.0,,38.0,5.5,,1010.3,,1.0
2025-10-16,3,25.8,16.9,58.0,0.0,,38.0,5.5,,1010.9,,1.0
2025-10-16,4,29.0,17.2,49.0,0.0,,31.0,7.4,,1010.8,,2.0
2025-10-16,5,30.0,17.1,46.0,0.0,,110.0,13.0,,1011.0,,2.0
2025-10-16,6,32.0,17.1,41.0,0.0,,100.0,6.0,,1010.0,,1.0
2025-10-16,7,32.0,15.9,38.0,0.0,,60.0,11.0,,1009.0,,1.0
2025-10-16,8,34.0,15.0,32.0,0.0,,90.0,7.0,,1008.0,,1.0
2025-10-16,9,33.0,11.0,26.0,0.0,,340.0,6.0,,1007.0,,1.0
2025-10-16,10,34.0,11.2,25.0,0.0,,320.0,6.0,,1007.0,,1.0
2025-10-16,11,33.0,13.1,30.0,0.0,,350.0,6.0,,1007.0,,1.0
2025-10-16,12,31.0,14.2,36.0,0.0,,46.0,4.0,,1008.0,,1.0
2025-10-16,13,30.0,14.9,40.0,0.0,,53.0,4.0,,1008.0,,1.0
2025-10-16,14,28.0,19.0,58.0,0.0,,51.0,4.0,,1009.0,,1.0
2025-10-16,15,27.0,18.0,58.0,0.0,,168.0,4.0,,1010.0,,1.0
2025-10-16,16,27.0,20.1,66.0,0.0,,12.0,0.0,,1010.0,,5.0
2025-10-16,17,25.0,18.0,65.0,0.0,,350.0,6.0,,1010.0,,5.0
2025-10-16,18,25.0,17.0,61.0,0.0,,340.0,4.0,,1010.0,,5.0
2025-10-16,19,25.0,17.0,61.0,0.0,,2.0,1.8,,1010.0,,5.0
2025-10-16,20,23.0,20.0,83.0,0.0,,6.0,1.8,,1010.0,,5.0
2025-10-16,21,23.0,19.0,78.0,0.0,,10.0,7.0,,1009.0,,5.0
2025-10-16,22,23.0,17.0,69.0,0.0,,20.0,6.0,,1010.0,,5.0
2025-10-16,23,22.0,16.9,73.0,0.0,,20.0,6.0,,1010.0,,5.0
2025-10-17,0,22.0,16.9,73.0,0.0,,40.0,6.0,,1010.0,,5.0
2025-10-17,1,22.0,16.1,69.0,0.0,,30.0,7.0,,1011.0,,5.0
2025-10-17,2,24.0,16.0,61.0,0.0,,20.0,7.0,,1012.0,,5.0
2025-10-17,3,24.0,16.0,61.0,0.0,,50.0,9.0,,1012.0,,5.0
2025-10-17,4,27.0,16.0,51.0,0.0,,30.0,9.0,,1012.0,,1.0
2025-10-17,5,30.0,14.9,40.0,0.0,,20.0,6.0,,1012.0,,1.0
2025-10-17,6,33.0,17.2,39.0,0.0,,360.0,4.0,,1011.0,,1.0
2025-10-17,7,34.0,16.8,36.0,0.0,,350.0,6.0,,1011.0,,1.0
2025-10-17,8,34.0,11.8,26.0,0.0,,350.0,4.0,,1009.0,,1.0
2025-10-17,9,35.0,7.2,18.0,0.0,,60.0,4.0,,1009.0,,1.0
2025-10-17,10,34.0,9.3,22.0,0.0,,270.0,7.0,,1008.0,,1.0
2025-10-17,11,35.0,14.8,30.0,0.0,,82.0,3.7,,1009.2,,1.0
2025-10-17,12,32.0,10.1,26.0,0.0,,63.0,1.8,,1009.0,,1.0
2025-10-17,13,31.0,9.8,27.0,0.0,,66.0,1.8,,1009.0,,1.0
2025-10-17,14,30.0,12.0,33.0,0.0,,72.0,0.0,,1010.0,,1.0
2025-10-17,15,28.0,13.9,42.0,0.0,,201.0,0.0,,1010.0,,1.0
2025-10-17,16,26.0,15.1,51.0,0.0,,154.0,0.0,,1010.0,,1.0
2025-10-17,17,24.0,19.1,74.0,0.0,,10.0,7.0,,1011.0,,1.0
2025-10-17,18,24.0,15.0,57.0,0.0,,20.0,7.0,,1010.0,,1.0
2025-10-17,19,23.0,17.0,69.0,0.0,,19.0,1.8,,1010.0,,5.0
2025-10-17,20,23.0,17.0,69.0,0.0,,19.0,1.8,,1010.0,,5.0
2025-10-17,21,22.0,16.9,73.0,0.0,,20.0,4.0,,1009.0,,5.0
2025-10-17,22,21.0,18.0,83.0,0.0,,340.0,4.0,,1009.0,,5.0
2025-10-17,23,22.0,18.0,78.0,0.0,,10.0,4.0,,1009.0,,5.0
2025-10-18,0,21.0,18.0,83.0,0.0,,10.0,4.0,,1010.0,,5.0
2025-10-18,1,21.0,18.0,83.0,0.0,,10.0,6.0,,1011.0,,5.0
2025-10-18,2,23.0,18.1,74.0,0.0,,10.0,4.0,,1011.0,,5.0
2025-10-18,3,26.0,16.0,54.0,0.0,,20.0,15.0,,1012.0,,5.0
2025-10-18,4,26.0,16.0,54.0,0.0,,40.0,11.0,,1012.0,,5.0
2025-10-18,5,30.0,16.1,43.0,0.0,,20.0,13.0,,1011.0,,1.0
2025-10-18,6,32.0,17.9,43.0,0.0,,90.0,15.0,,1011.0,,1.0
2025-10-18,7,33.0,18.0,41.0,0.0,,90.0,11.0,,1010.0,,1.0
2025-10-18,8,33.0,14.1,32.0,0.0,,70.0,9.0,,1008.0,,1.0
2025-10-18,9,34.0,15.9,34.0,0.0,,90.0,9.0,,1008.0,,1.0
2025-10-18,10,34.0,15.0,32.0,0.0,,20.0,9.0,,1007.0,,2.0
2025-10-18,11,33.0,14.1,32.0,0.0,,20.0,11.0,,1007.0,,2.0
2025-10-18,12,32.0,15.1,36.0,0.0,,333.0,1.8,,1008.0,,2.0
2025-10-18,13,29.0,16.9,48.0,0.0,,305.0,0.0,,1008.0,,1.0
2025-10-18,14,27.0,19.1,62.0,0.0,,310.0,0.0,,1009.0,,5.0
2025-10-18,15,30.0,16.1,43.0,0.0,,10.0,6.0,,1009.0,,1.0
2025-10-18,16,26.0,18.9,65.0,0.0,,360.0,4.0,,1009.0,,5.0
2025-10-18,17,27.0,16.0,51.0,0.0,,350.0,4.0,,1009.0,,5.0
2025-10-18,18,27.0,16.0,51.0,0.0,,20.0,4.0,,1009.0,,5.0
2025-10-18,19,27.0,15.1,48.0,0.0,,60.0,4.0,,1009.0,,5.0
2025-10-18,20,25.0,15.0,54.0,0.0,,70.0,6.0,,1009.0,,5.0
2025-10-18,21,25.0,15.9,57.0,0.0,,50.0,4.0,,1008.0,,5.0
2025-10-18,22,25.0,15.0,54.0,0.0,,50.0,6.0,,1008.0,,5.0
2025-10-18,23,22.0,14.1,61.0,0.0,,30.0,11.0,,1008.0,,5.0
2025-10-19,0,21.0,15.1,69.0,0.0,,10.0,6.0,,1009.0,,5.0
2025-10-19,1,22.0,15.1,65.0,0.0,,50.0,7.0,,1010.0,,5.0
2025-10-19,2,24.0,14.1,54.0,0.0,,30.0,11.0,,1010.0,,5.0
2025-10-19,3,25.0,12.9,47.0,0.0,,50.0,11.0,,1010.0,,1.0
2025-10-19,4,28.0,13.1,40.0,0.0,,60.0,15.0,,1011.0,,1.0
2025-10-19,5,30.0,14.9,40.0,0.0,,80.0,13.0,,1011.0,,1.0
2025-10-19,6,31.0,15.8,40.0,0.0,,10.0,9.0,,1010.0,,1.0
2025-10-19,7,32.0,15.9,38.0,0.0,,40.0,15.0,,1009.0,,1.0
2025-10-19,8,33.0,15.1,34.0,0.0,,40.0,11.0,,1008.0,,1.0
2025-10-19,9,34.0,16.8,36.0,0.0,,30.0,9.0,,1007.0,,1.0
2025-10-19,10,34.0,15.0,32.0,0.0,,10.0,13.0,,1007.0,,2.0
2025-10-19,11,34.0,14.0,30.0,0.0,,320.0,6.0,,1007.0,,2.0
2025-10-19,12,31.0,15.0,38.0,0.0,,300.0,4.0,,1007.0,,2.0
2025-10-19,13,31.0,12.9,33.0,0.0,,150.0,9.0,,1007.0,,1.0
2025-10-19,14,29.0,15.2,43.0,0.0,,150.0,9.0,,1008.0,,1.0
2025-10-19,15,29.0,16.9,48.0,0.0,,230.0,4.0,,1008.0,,1.0
2025-10-19,16,26.0,17.9,61.0,0.0,,260.0,4.0,,1008.0,,1.0
2025-10-19,17,25.0,17.0,61.0,0.0,,343.0,0.0,,1009.0,,5.0
2025-10-19,18,26.0,17.9,61.0,0.0,,9.0,1.8,,1008.0,,5.0
2025-10-19,19,25.0,18.0,65.0,0.0,,15.0,1.8,,1008.0,,5.0
2025-10-19,20,23.0,18.1,74.0,0.0,,19.0,1.8,,1008.0,,5.0
2025-10-19,21,23.0,17.0,69.0,0.0,,360.0,7.0,,1008.0,,5.0
2025-10-19,22,23.0,18.1,74.0,0.0,,20.0,4.0,,1008.0,,5.0
2025-10-19,23,22.0,18.0,78.0,0.0,,30.0,7.0,,1008.0,,5.0
2025-10-20,0,23.0,18.1,74.0,0.0,,10.0,7.0,,1008.0,,5.0
2025-10-20,1,23.0,18.1,74.0,0.0,,50.0,9.0,,1009.0,,5.0
2025-10-20,2,24.0,19.1,74.0,0.0,,70.0,6.0,,1009.0,,5.0
2025-10-20,3,27.0,16.9,54.0,0.0,,70.0,11.0,,1010.0,,5.0
2025-10-20,4,29.0,16.9,48.0,0.0,,80.0,13.0,,1010.0,,1.0
2025-10-20,5,30.0,17.1,46.0,0.0,,100.0,11.0,,1010.0,,1.0
2025-10-20,6,32.0,17.9,43.0,0.0,,120.0,7.0,,1010.0,,1.0
2025-10-20,7,33.0,17.2,39.0,0.0,,120.0,9.0,,1009.0,,1.0
2025-10-20,8,34.0,14.0,30.0,0.0,,170.0,4.0,,1008.0,,1.0
2025-10-20,9,34.0,15.0,32.0,0.0,,90.0,9.0,,1007.0,,1.0
2025-10-20,10,34.0,12.9,28.0,0.0,,81.0,6.0,,1007.0,,2.0
2025-10-20,11,33.0,12.1,28.0,0.0,,110.0,9.0,,1007.0,,2.0
2025-10-20,12,33.0,12.1,28.0,0.0,,110.0,4.0,,1007.0,,2.0
2025-10-20,13,32.0,13.2,32.0,0.0,,71.0,1.8,,1007.0,,2.0
2025-10-20,14,28.0,18.1,55.0,0.0,,20.0,4.0,,1008.0,,1.0
2025-10-20,15,27.0,20.1,66.0,0.0,,332.0,1.8,,1009.0,,5.0
2025-10-20,16,27.0,18.0,58.0,0.0,,357.0,0.0,,1009.0,,5.0
2025-10-20,17,27.0,19.1,62.0,0.0,,90.0,4.0,,1010.0,,5.0
2025-10-20,18,27.0,16.9,54.0,0.0,,60.0,4.0,,1010.0,,5.0
2025-10-20,19,27.0,18.0,58.0,0.0,,50.0,4.0,,1010.0,,5.0
2025-10-20,20,26.0,17.9,61.0,0.0,,60.0,6.0,,1009.0,,5.0
2025-10-20,21,23.0,20.0,83.0,0.0,,50.0,4.0,,1009.0,,5.0
2025-10-20,22,24.0,18.0,69.0,0.0,,10.0,9.0,,1009.0,,5.0
2025-10-20,23,24.0,17.0,65.0,0.0,,10.0,9.0,,1009.0,,5.0
2025-10-21,0,24.0,17.0,65.0,0.0,,30.0,9.0,,1010.0,,5.0
2025-10-21,1,24.0,17.0,65.0,0.0,,30.0,9.0,,1010.0,,5.0
2025-10-21,2,24.0,17.0,65.0,0.0,,20.0,11.0,,1011.0,,5.0
2025-10-21,3,25.0,17.0,61.0,0.0,,10.0,13.0,,1011.0,,5.0
2025-10-21,4,28.0,18.1,55.0,0.0,,60.0,9.0,,1012.0,,5.0
2025-10-21,5,30.0,18.1,49.0,0.0,,50.0,7.0,,1012.0,,2.0
2025-10-21,6,32.0,15.9,38.0,0.0,,10.0,11.0,,1011.0,,2.0
2025-10-21,7,33.0,15.1,34.0,0.0,,80.0,9.0,,1010.0,,2.0
2025-10-21,8,33.0,14.1,32.0,0.0,,30.0,15.0,,1009.0,,2.0
2025-10-21,9,34.0,16.8,36.0,0.0,,60.0,15.0,,1008.0,,2.0
2025-10-21,10,33.0,15.1,34.0,0.0,,10.0,13.0,,1008.0,,1.0
2025-10-21,11,33.0,15.9,36.0,0.0,,10.0,9.0,,1008.0,,1.0
2025-10-21,12,31.0,17.0,43.0,0.0,,340.0,4.0,,1008.0,,1.0
2025-10-21,13,29.0,19.0,55.0,0.0,,10.0,4.0,,1009.0,,1.0
2025-10-21,14,28.0,20.0,62.0,0.0,,10.0,6.0,,1009.0,,5.0
2025-10-21,15,27.0,19.1,62.0,0.0,,350.0,6.0,,1010.0,,5.0
2025-10-21,16,26.0,18.9,65.0,0.0,,10.0,4.0,,1010.0,,5.0
2025-10-21,17,26.0,18.9,65.0,0.0,,350.0,6.0,,1010.0,,5.0
2025-10-21,18,26.0,17.1,58.0,0.0,,10.0,11.0,,1010.0,,5.0
2025-10-21,19,27.0,16.0,51.0,0.0,,360.0,9.0,,1010.0,,5.0
2025-10-21,20,25.0,15.9,57.0,0.0,,10.0,7.0,,1010.0,,5.0
2025-10-21,21,25.0,15.9,57.0,0.0,,10.0,9.0,,1010.0,,5.0
2025-10-21,22,24.0,16.0,61.0,0.0,,20.0,9.0,,1010.0,,5.0
2025-10-21,23,24.0,18.0,69.0,0.0,,50.0,11.0,,1010.0,,5.0
2025-10-22,0,24.0,17.0,65.0,0.0,,40.0,11.0,,1011.0,,5.0
2025-10-22,1,24.0,17.0,65.0,0.0,,40.0,9.0,,1011.0,,5.0
2025-10-22,2,25.0,17.0,61.0,0.0,,60.0,17.0,,1012.0,,5.0
2025-10-22,3,27.0,16.9,54.0,0.0,,40.0,17.0,,1013.0,,5.0
2025-10-22,4,30.0,17.1,46.0,0.0,,50.0,19.0,,1013.0,,1.0
2025-10-22,5,32.0,17.1,41.0,0.0,,70.0,17.0,,1013.0,,1.0
2025-10-22,6,32.0,15.9,38.0,0.0,,70.0,19.0,,1011.0,,1.0
2025-10-22,7,34.0,16.8,36.0,0.0,,60.0,20.0,,1010.0,,1.0
2025-10-22,8,34.0,15.9,34.0,0.0,,60.0,19.0,,1010.0,,1.0
2025-10-22,9,35.0,14.8,30.0,0.0,,40.0,30.0,,1009.0,,1.0
2025-10-22,10,34.0,15.0,32.0,0.0,,50.0,20.0,,1008.0,,1.0
2025-10-22,11,33.0,15.1,34.0,0.0,,40.0,11.0,,1008.0,,1.0
2025-10-22,12,31.0,15.0,38.0,0.0,,30.0,9.0,,1009.0,,1.0
2025-10-22,13,30.0,16.1,43.0,0.0,,40.0,7.0,,1009.0,,1.0
2025-10-22,14,30.0,16.1,43.0,0.0,,50.0,9.0,,1010.0,,1.0
2025-10-22,15,30.0,14.9,40.0,0.0,,30.0,7.0,,1010.0,,1.0
2025-10-22,16,29.0,15.2,43.0,0.0,,30.0,9.0,,1010.0,,1.0
2025-10-22,17,29.0,15.9,45.0,0.0,,60.0,11.0,,1011.0,,1.0
2025-10-22,18,28.0,16.0,48.0,0.0,,40.0,9.0,,1010.0,,1.0
2025-10-22,19,27.0,15.1,48.0,0.0,,40.0,13.0,,1010.0,,1.0
2025-10-22,20,27.0,16.0,51.0,0.0,,50.0,11.0,,1010.0,,1.0
2025-10-22,21,26.0,15.1,51.0,0.0,,50.0,13.0,,1010.0,,1.0
2025-10-22,22,25.0,15.9,57.0,0.0,,40.0,7.0,,1010.0,,1.0
2025-10-22,23,26.0,15.1,51.0,0.0,,50.0,15.0,,1010.0,,1.0
2025-10-23,0,25.0,15.9,57.0,0.0,,30.0,9.0,,1010.0,,1.0
2025-10-23,1,25.0,15.0,54.0,0.0,,50.0,13.0,,1011.0,,1.0
2025-10-23,2,25.0,15.9,57.0,0.0,,60.0,15.0,,1012.0,,1.0
2025-10-23,3,26.0,14.1,48.0,0.0,,50.0,24.0,,1012.0,,1.0
2025-10-23,4,28.0,13.9,42.0,0.0,,50.0,22.0,,1012.0,,1.0
2025-10-23,5,31.0,15.8,40.0,0.0,,60.0,19.0,,1011.0,,1.0
2025-10-23,6,33.0,17.2,39.0,0.0,,60.0,28.0,,1010.0,,1.0
2025-10-23,7,33.0,17.2,39.0,0.0,,60.0,24.0,,1010.0,,1.0
2025-10-23,8,33.0,15.9,36.0,0.0,,30.0,22.0,,1008.0,,1.0
2025-10-23,9,34.0,18.1,39.0,0.0,,90.0,19.0,,1008.0,,1.0
2025-10-23,10,34.0,18.1,39.0,0.0,,90.0,15.0,,1007.0,,1.0
2025-10-23,11,33.0,18.0,41.0,0.0,,90.0,15.0,,1007.0,,1.0
2025-10-23,12,32.0,17.9,43.0,0.0,,80.0,7.0,,1008.0,,1.0
2025-10-23,13,31.0,18.0,46.0,0.0,,20.0,9.0,,1008.0,,1.0
2025-10-23,14,30.0,18.1,49.0,0.0,,40.0,7.0,,1009.0,,1.0
2025-10-23,15,30.0,18.1,49.0,0.0,,30.0,9.0,,1009.0,,1.0
2025-10-23,16,29.0,16.9,48.0,0.0,,30.0,9.0,,1009.0,,1.0
2025-10-23,17,28.0,15.0,45.0,0.0,,10.0,15.0,,1009.0,,1.0
2025-10-23,18,28.0,13.9,42.0,0.0,,20.0,17.0,,1009.0,,1.0
2025-10-23,19,27.0,14.1,45.0,0.0,,10.0,17.0,,1009.0,,1.0
2025-10-23,20,26.0,14.1,48.0,0.0,,20.0,11.0,,1009.0,,1.0
2025-10-23,21,26.0,15.1,51.0,0.0,,10.0,13.0,,1009.0,,1.0
2025-10-23,22,25.0,15.0,54.0,0.0,,20.0,11.0,,1009.0,,1.0
2025-10-23,23,25.0,15.9,57.0,0.0,,50.0,15.0,,1009.0,,1.0
2025-10-24,0,25.0,15.9,57.0,0.0,,50.0,15.0,,1009.0,,1.0
2025-10-24,1,25.0,15.9,57.0,0.0,,50.0,15.0,,1010.0,,1.0
2025-10-24,2,25.0,15.9,57.0,0.0,,60.0,15.0,,1010.0,,1.0
2025-10-24,3,27.0,16.9,54.0,0.0,,70.0,15.0,,1011.0,,1.0
2025-10-24,4,30.0,19.1,52.0,0.0,,90.0,17.0,,1011.0,,1.0
2025-10-24,5,31.0,20.0,52.0,0.0,,70.0,17.0,,1011.0,,1.0
2025-10-24,6,33.0,19.8,46.0,0.0,,90.0,17.0,,1010.0,,1.0
2025-10-24,7,33.0,20.9,49.0,0.0,,90.0,15.0,,1009.0,,1.0
2025-10-24,8,33.0,19.8,46.0,0.0,,80.0,13.0,,1008.0,,1.0
2025-10-24,9,34.0,20.0,44.0,0.0,,100.0,13.0,,1007.0,,1.0
2025-10-24,10,34.0,20.0,44.0,0.0,,110.0,11.0,,1007.0,,1.0
2025-10-24,11,33.0,19.8,46.0,0.0,,70.0,15.0,,1007.0,,1.0
2025-10-24,12,32.0,20.0,49.0,0.0,,60.0,9.0,,1007.0,,1.0
2025-10-24,13,31.0,19.0,49.0,0.0,,50.0,9.0,,1007.0,,1.0
2025-10-24,14,30.0,19.1,52.0,0.0,,40.0,9.0,,1008.0,,1.0
2025-10-24,15,29.0,18.2,52.0,0.0,,10.0,11.0,,1008.0,,1.0
2025-10-24,16,29.0,16.9,48.0,0.0,,50.0,11.0,,1009.0,,2.0
2025-10-24,17,29.0,19.0,55.0,0.0,,40.0,11.0,,1009.0,,2.0
2025-10-24,18,28.0,19.0,58.0,0.0,,50.0,15.0,,1009.0,,2.0
2025-10-24,19,28.0,18.1,55.0,0.0,,60.0,15.0,,1008.0,,2.0
2025-10-24,20,27.0,16.9,54.0,0.0,,50.0,15.0,,1008.0,,2.0
2025-10-24,21,26.0,17.1,58.0,0.0,,50.0,17.0,,1008.0,,2.0
2025-10-24,22,26.0,16.0,54.0,0.0,,50.0,15.0,,1007.0,,1.0
2025-10-24,23,25.0,15.9,57.0,0.0,,50.0,15.0,,1007.0,,1.0
2025-10-25,0,25.0,14.2,51.0,0.0,,60.0,15.0,,1008.0,,1.0
2025-10-25,1,25.0,14.2,51.0,0.0,,60.0,15.0,,1008.0,,1.0
2025-10-25,2,25.0,14.2,51.0,0.0,,30.0,11.0,,1009.0,,1.0
2025-10-25,3,27.0,16.0,51.0,0.0,,70.0,15.0,,1010.0,,5.0
2025-10-25,4,29.0,18.2,52.0,0.0,,80.0,13.0,,1010.0,,1.0
2025-10-25,5,31.0,19.0,49.0,0.0,,50.0,15.0,,1010.0,,1.0
2025-10-25,6,32.0,20.0,49.0,0.0,,90.0,19.0,,1009.0,,1.0
2025-10-25,7,33.0,19.1,44.0,0.0,,80.0,15.0,,1008.0,,1.0
2025-10-25,8,34.0,21.1,47.0,0.0,,120.0,13.0,,1007.0,,1.0
2025-10-25,9,34.4,19.3,41.0,0.0,,79.0,9.3,,1006.9,,1.0
2025-10-25,10,33.7,19.4,43.0,0.0,,79.0,9.3,,1006.8,,1.0
2025-10-25,11,33.0,19.8,46.0,0.0,,70.0,17.0,,1005.0,,1.0
2025-10-25,12,33.0,19.1,44.0,0.0,,60.0,17.0,,1006.0,,1.0
2025-10-25,13,30.0,21.1,59.0,0.0,,110.0,22.0,,1007.0,,5.0
2025-10-25,14,29.0,21.0,62.0,0.0,,110.0,9.0,,1008.0,,5.0
2025-10-25,15,28.0,21.1,66.0,0.0,,70.0,11.0,,1008.0,,5.0
2025-10-25,16,27.0,21.1,70.0,0.0,,50.0,11.0,,1008.0,,5.0
2025-10-25,17,27.0,21.1,70.0,0.0,,50.0,9.0,,1009.0,,5.0
2025-10-25,18,27.0,22.0,74.0,0.0,,70.0,7.0,,1009.0,,5.0
2025-10-25,19,28.0,21.1,66.0,0.0,,60.0,9.0,,1008.0,,5.0
2025-10-25,20,27.0,21.1,70.0,0.0,,80.0,17.0,,1008.0,,5.0
2025-10-25,21,27.0,21.1,70.0,0.0,,80.0,11.0,,1008.0,,5.0
2025-10-25,22,27.0,21.1,70.0,0.0,,90.0,9.0,,1008.0,,5.0
2025-10-25,23,27.0,21.1,70.0,0.0,,80.0,20.0,,1008.0,,5.0
2025-10-26,0,26.0,22.1,79.0,0.0,,100.0,19.0,,1008.0,,5.0
2025-10-26,1,27.0,22.0,74.0,0.0,,90.0,15.0,,1009.0,,5.0
2025-10-26,2,26.0,21.0,74.0,0.0,,100.0,17.0,,1010.0,,5.0
2025-10-26,3,27.0,21.1,70.0,0.0,,100.0,22.0,,1010.0,,5.0
2025-10-26,4,28.0,21.1,66.0,0.0,,110.0,20.0,,1010.0,,5.0
2025-10-26,5,28.0,21.1,66.0,0.0,,110.0,20.0,,1010.0,,5.0
2025-10-26,6,28.0,22.0,70.0,0.0,,100.0,19.0,,1009.0,,5.0
2025-10-26,7,29.0,22.0,66.0,0.0,,100.0,22.0,,1009.0,,5.0
2025-10-26,8,29.0,22.0,66.0,0.1,,70.0,20.0,,1007.0,,5.0
2025-10-26,9,29.0,22.0,66.0,0.0,,90.0,17.0,,1007.0,,5.0
2025-10-26,10,28.0,22.0,70.0,0.0,,90.0,22.0,,1007.0,,5.0
2025-10-26,11,28.0,22.0,70.0,0.0,,90.0,17.0,,1007.0,,5.0
2025-10-26,12,27.0,22.0,74.0,0.0,,80.0,15.0,,1007.0,,5.0
2025-10-26,13,27.0,22.0,74.0,0.0,,90.0,15.0,,1007.0,,5.0
2025-10-26,14,26.0,22.1,79.0,0.0,,80.0,19.0,,1008.0,,5.0
2025-10-26,15,26.0,22.1,79.0,0.0,,100.0,19.0,,1009.0,,5.0
2025-10-26,16,26.0,22.1,79.0,0.0,,80.0,9.0,,1009.0,,5.0
2025-10-26,17,26.0,22.1,79.0,0.0,,90.0,13.0,,1009.0,,5.0
2025-10-26,18,26.0,22.1,79.0,0.0,,90.0,13.0,,1008.0,,5.0
2025-10-26,19,25.0,22.1,84.0,0.4,,80.0,13.0,,1008.0,,5.0
2025-10-26,20,25.0,23.1,89.0,0.6,,90.0,13.0,,1008.0,,4.0
2025-10-26,21,24.0,23.0,94.0,1.9,,90.0,17.0,,1008.0,,7.0
2025-10-26,22,24.0,23.0,94.0,4.7,,70.0,13.0,,1007.0,,4.0
2025-10-26,23,24.0,23.0,94.0,9.7,,60.0,15.0,,1007.0,,7.0
2025-10-27,0,24.0,23.0,94.0,11.6,,60.0,15.0,,1007.0,,7.0
2025-10-27,1,24.0,23.0,94.0,9.0,,60.0,17.0,,1008.0,,7.0
2025-10-27,2,24.0,23.0,94.0,3.1,,70.0,13.0,,1009.0,,7.0
2025-10-27,3,23.0,21.1,89.0,1.7,,40.0,15.0,,1009.0,,4.0
2025-10-27,4,24.0,22.1,89.0,1.3,,40.0,15.0,,1009.0,,7.0
2025-10-27,5,24.0,22.1,89.0,1.0,,40.0,19.0,,1010.0,,7.0
2025-10-27,6,24.0,22.1,89.0,1.5,,40.0,17.0,,1009.0,,7.0
2025-10-27,7,24.0,22.1,89.0,1.2,,40.0,19.0,,1008.0,,7.0
2025-10-27,8,24.0,22.1,89.0,0.7,,30.0,22.0,,1008.0,,7.0
2025-10-27,9,24.0,22.1,89.0,0.6,,50.0,17.0,,1007.0,,9.0
2025-10-27,10,25.0,23.1,89.0,1.1,,70.0,20.0,,1007.0,,9.0
2025-10-27,11,25.0,23.1,89.0,1.1,,50.0,24.0,,1007.0,,5.0
2025-10-27,12,24.0,23.0,94.0,1.4,,40.0,11.0,,1007.0,,5.0
2025-10-27,13,25.0,23.1,89.0,0.6,,40.0,15.0,,1008.0,,5.0
2025-10-27,14,25.0,23.1,89.0,0.2,,30.0,17.0,,1008.0,,5.0
2025-10-27,15,25.0,23.1,89.0,1.4,,60.0,17.0,,1009.0,,5.0
2025-10-27,16,25.0,23.1,89.0,2.5,,70.0,20.0,,1009.0,,5.0
2025-10-27,17,24.0,22.1,89.0,0.6,,60.0,15.0,,1009.0,,8.0
2025-10-27,18,24.0,22.1,89.0,0.9,,70.0,19.0,,1009.0,,7.0
2025-10-27,19,23.0,22.0,94.0,1.1,,80.0,15.0,,1009.0,,8.0
2025-10-27,20,23.0,22.0,94.0,1.0,,70.0,15.0,,1008.0,,9.0
2025-10-27,21,23.0,22.0,94.0,2.1,,70.0,17.0,,1007.0,,9.0
2025-10-27,22,23.0,21.1,89.0,2.6,,70.0,20.0,,1007.0,,8.0
2025-10-27,23,22.0,19.9,88.0,2.4,,70.0,22.0,,1007.0,,8.0
2025-10-28,0,22.0,21.0,94.0,3.2,,60.0,24.0,,1007.0,,8.0
2025-10-28,1,22.0,19.9,88.0,2.7,,70.0,20.0,,1008.0,,5.0
2025-10-28,2,22.0,19.9,88.0,1.1,,80.0,19.0,,1009.0,,5.0
2025-10-28,3,24.0,20.9,83.0,0.2,,80.0,20.0,,1009.0,,5.0
2025-10-28,4,24.0,20.9,83.0,0.0,,70.0,24.0,,1010.0,,5.0
2025-10-28,5,25.0,22.1,84.0,0.0,,70.0,20.0,,1009.0,,7.0
2025-10-28,6,25.0,22.1,84.0,0.0,,70.0,19.0,,1009.0,,5.0
2025-10-28,7,26.0,22.1,79.0,0.0,,80.0,20.0,,1008.0,,5.0
2025-10-28,8,26.0,22.1,79.0,1.1,,70.0,22.0,,1007.0,,5.0
2025-10-28,9,26.0,22.1,79.0,0.0,,70.0,19.0,,1007.0,,5.0
2025-10-28,10,26.0,21.0,74.0,0.0,,50.0,28.0,,1007.0,,5.0
2025-10-28,11,25.0,21.1,79.0,0.0,,40.0,24.0,,1007.0,,5.0
2025-10-28,12,25.0,21.1,79.0,0.0,,50.0,24.0,,1007.0,,5.0
2025-10-28,13,24.0,19.9,78.0,0.0,,60.0,30.0,,1008.0,,5.0
2025-10-28,14,24.0,19.9,78.0,0.0,,70.0,26.0,,1009.0,,5.0
2025-10-28,15,24.0,19.9,78.0,0.6,,60.0,24.0,,1009.0,,5.0
2025-10-28,16,23.0,20.0,83.0,0.2,,60.0,19.0,,1009.0,,5.0
2025-10-28,17,23.0,20.0,83.0,0.0,,60.0,19.0,,1009.0,,5.0
2025-10-28,18,23.0,20.0,83.0,0.0,,60.0,20.0,,1009.0,,5.0
2025-10-28,19,23.0,19.0,78.0,0.0,,60.0,20.0,,1009.0,,5.0
2025-10-28,20,23.0,20.0,83.0,0.0,,60.0,17.0,,1008.0,,5.0
2025-10-28,21,22.0,19.9,88.0,0.0,,60.0,15.0,,1008.0,,5.0
2025-10-28,22,23.0,19.0,78.0,0.0,,60.0,20.0,,1007.0,,5.0
2025-10-28,23,23.0,19.0,78.0,0.0,,70.0,20.0,,1007.0,,5.0
2025-10-29,0,22.0,19.0,83.0,0.0,,50.0,20.0,,1008.0,,5.0
2025-10-29,1,23.0,20.0,83.0,0.0,,50.0,17.0,,1009.0,,5.0
2025-10-29,2,23.0,20.0,83.0,0.0,,70.0,20.0,,1009.0,,5.0
2025-10-29,3,24.0,19.9,78.0,0.0,,70.0,24.0,,1010.0,,5.0
2025-10-29,4,25.0,20.0,74.0,0.0,,80.0,15.0,,1010.0,,5.0
2025-10-29,5,26.0,21.0,74.0,0.0,,70.0,15.0,,1009.0,,5.0
2025-10-29,6,28.0,21.1,66.0,0.0,,70.0,13.0,,1008.0,,5.0
2025-10-29,7,29.0,22.0,66.0,0.0,,100.0,11.0,,1007.0,,5.0
2025-10-29,8,29.0,21.0,62.0,0.0,,50.0,15.0,,1006.0,,5.0
2025-10-29,9,28.0,21.1,66.0,0.0,,80.0,15.0,,1006.0,,5.0
2025-10-29,10,27.0,21.1,70.0,0.0,,70.0,15.0,,1006.0,,5.0
2025-10-29,11,27.0,21.1,70.0,0.0,,70.0,9.0,,1006.0,,5.0
2025-10-29,12,26.0,21.0,74.0,0.0,,70.0,17.0,,1007.0,,5.0
2025-10-29,13,26.0,21.0,74.0,0.0,,50.0,15.0,,1007.0,,5.0
2025-10-29,14,26.0,22.1,79.0,0.0,,50.0,15.0,,1007.0,,5.0
2025-10-29,15,26.0,22.1,79.0,0.0,,50.0,15.0,,1008.0,,5.0
2025-10-29,16,26.0,22.1,79.0,0.0,,50.0,17.0,,1008.0,,5.0
2025-10-29,17,25.0,21.1,79.0,0.0,,50.0,22.0,,1007.0,,5.0
2025-10-29,18,25.0,21.1,79.0,0.0,,50.0,19.0,,1007.0,,5.0
2025-10-29,19,24.0,19.1,74.0,0.0,,20.0,22.0,,1006.0,,5.0
2025-10-29,20,25.0,21.1,79.0,0.0,,70.0,15.0,,1007.0,,5.0
2025-10-29,21,25.0,20.0,74.0,0.0,,40.0,19.0,,1006.0,,5.0
2025-10-29,22,25.0,21.1,79.0,0.0,,50.0,19.0,,1006.0,,5.0
2025-10-29,23,25.0,20.0,74.0,0.0,,70.0,22.0,,1006.0,,5.0
2025-10-30,0,25.0,20.0,74.0,0.0,,70.0,17.0,,1007.0,,5.0
2025-10-30,1,25.0,20.0,74.0,0.0,,60.0,20.0,,1007.0,,5.0
2025-10-30,2,25.0,20.0,74.0,0.0,,70.0,22.0,,1008.0,,5.0
2025-10-30,3,25.0,21.1,79.0,0.0,,70.0,19.0,,1009.0,,8.0
2025-10-30,4,24.0,22.1,89.0,0.2,,50.0,19.0,,1009.0,,5.0
2025-10-30,5,25.0,21.1,79.0,0.1,,50.0,24.0,,1009.0,,5.0
2025-10-30,6,25.0,22.1,84.0,0.2,,60.0,22.0,,1009.0,,5.0
2025-10-30,7,23.0,22.0,94.0,0.5,,40.0,13.0,,1008.0,,7.0
2025-10-30,8,23.0,22.0,94.0,1.3,,40.0,11.0,,1008.0,,5.0
2025-10-30,9,22.0,21.0,94.0,1.2,,10.0,9.0,,1007.0,,8.0
2025-10-30,10,23.0,21.1,89.0,0.4,,10.0,7.0,,1007.0,,8.0
2025-10-30,11,23.0,21.1,89.0,0.7,,10.0,13.0,,1007.0,,8.0
2025-10-30,12,23.0,21.1,89.0,0.3,,10.0,7.0,,1008.0,,9.0
2025-10-30,13,23.0,21.1,89.0,0.2,,10.0,9.0,,1008.0,,9.0
2025-10-30,14,22.0,21.0,94.0,0.5,,10.0,9.0,,1009.0,,9.0
2025-10-30,15,22.0,21.0,94.0,1.0,,360.0,4.0,,1010.0,,9.0
2025-10-30,16,22.0,21.0,94.0,1.1,,10.0,4.0,,1010.0,,9.0
2025-10-30,17,22.0,21.0,94.0,1.4,,50.0,7.0,,1009.0,,9.0
2025-10-30,18,22.0,21.0,94.0,0.5,,10.0,9.0,,1009.0,,5.0
2025-10-30,19,22.0,21.0,94.0,0.2,,20.0,15.0,,1009.0,,5.0
2025-10-30,20,22.0,19.9,88.0,1.3,,30.0,22.0,,1009.0,,9.0
2025-10-30,21,22.0,19.9,88.0,0.4,,10.0,15.0,,1009.0,,9.0
2025-10-30,22,22.0,21.0,94.0,0.0,,70.0,17.0,,1009.0,,7.0
2025-10-30,23,23.0,21.1,89.0,0.4,,20.0,11.0,,1009.0,,7.0
2025-10-31,0,22.0,21.0,94.0,0.2,,30.0,13.0,,1009.0,,7.0
2025-10-31,1,22.0,21.0,94.0,0.0,,40.0,22.0,,1010.0,,7.0
2025-10-31,2,23.0,21.1,89.0,0.0,,70.0,22.0,,1010.0,,7.0
2025-10-31,3,23.0,21.1,89.0,0.0,,70.0,22.0,,1010.0,,7.0
2025-10-31,4,24.0,22.1,89.0,0.0,,90.0,20.0,,1011.0,,5.0
2025-10-31,5,25.0,22.1,84.0,0.0,,90.0,15.0,,1010.0,,5.0
2025-10-31,6,25.0,22.1,84.0,0.0,,90.0,20.0,,1010.0,,5.0
2025-10-31,7,26.0,22.1,79.0,0.0,,70.0,13.0,,1009.0,,5.0
2025-10-31,8,26.0,22.1,79.0,0.2,,80.0,11.0,,1009.0,,5.0
2025-10-31,9,26.0,22.1,79.0,0.3,,80.0,11.0,,1009.0,,5.0
2025-10-31,10,26.0,22.1,79.0,0.3,,30.0,11.0,,1008.0,,5.0
2025-10-31,11,26.0,22.1,79.0,0.0,,50.0,13.0,,1008.0,,5.0
2025-10-31,12,25.0,22.1,84.0,0.0,,40.0,13.0,,1009.0,,5.0
2025-10-31,13,25.0,22.1,84.0,0.0,,50.0,7.0,,1010.0,,5.0
2025-10-31,14,25.0,22.1,84.0,0.0,,40.0,13.0,,1010.0,,5.0
2025-10-31,15,25.0,22.1,84.0,0.0,,110.0,7.0,,1010.0,,5.0
2025-10-31,16,25.0,22.1,84.0,0.0,,120.0,6.0,,1010.0,,5.0
2025-10-31,17,24.2,22.5,90.0,0.0,,56.0,5.5,,1010.1,,3.0
2025-10-31,18,23.7,22.3,92.0,0.0,,67.0,3.7,,1010.1,,3.0
2025-10-31,19,25.0,22.1,84.0,0.0,,70.0,11.0,,1010.0,,5.0
2025-10-31,20,24.0,22.1,89.0,0.0,,80.0,9.0,,1009.0,,5.0
2025-10-31,21,24.0,22.1,89.0,0.0,,110.0,11.0,,1008.0,,5.0
2025-10-31,22,24.0,22.1,89.0,0.3,,80.0,11.0,,1008.0,,5.0
2025-10-31,23,24.0,22.1,89.0,0.4,,50.0,9.0,,1009.0,,5.0
2025-11-01,0,23.0,22.0,94.0,0.8,,90.0,6.0,,1010.0,,5.0
2025-11-01,1,24.0,22.1,89.0,5.6,,70.0,7.0,,1010.0,,5.0
2025-11-01,2,24.0,22.1,89.0,0.0,,70.0,13.0,,1011.0,,5.0
2025-11-01,3,25.0,22.1,84.0,0.0,,90.0,13.0,,1012.0,,5.0
2025-11-01,4,25.0,22.1,84.0,0.0,,80.0,15.0,,1012.0,,5.0
2025-11-01,5,25.0,22.1,84.0,0.0,,110.0,15.0,,1012.0,,5.0
2025-11-01,6,24.0,23.0,94.0,0.0,,70.0,13.0,,1011.0,,4.0
2025-11-01,7,23.0,22.0,94.0,0.0,,20.0,11.0,,1010.0,,3.0
2025-11-01,8,24.0,22.1,89.0,0.0,,40.0,13.0,,1009.0,,5.0
2025-11-01,9,25.0,22.1,84.0,0.0,,20.0,7.0,,1009.0,,5.0
2025-11-01,10,25.0,22.1,84.0,0.0,,20.0,9.0,,1009.0,,5.0
2025-11-01,11,26.0,22.1,79.0,0.0,,10.0,6.0,,1009.0,,5.0
2025-11-01,12,25.0,23.1,89.0,0.0,,350.0,6.0,,1009.0,,5.0
2025-11-01,13,24.0,23.0,94.0,0.0,,360.0,6.0,,1010.0,,5.0
2025-11-01,14,24.0,22.1,89.0,0.0,,40.0,6.0,,1010.0,,5.0
2025-11-01,15,25.0,24.0,94.0,0.0,,60.0,4.0,,1011.0,,5.0
2025-11-01,16,24.0,22.1,89.0,0.0,,253.0,0.0,,1011.0,,5.0
2025-11-01,17,24.0,22.1,89.0,0.0,,300.0,0.0,,1010.0,,5.0
2025-11-01,18,24.0,22.1,89.0,0.0,,162.0,4.0,,1010.0,,5.0
2025-11-01,19,24.0,22.1,89.0,0.0,,134.0,4.0,,1010.0,,5.0
2025-11-01,20,24.0,22.1,89.0,0.0,,112.0,4.0,,1010.0,,5.0
2025-11-01,21,24.0,22.1,89.0,0.0,,95.0,4.0,,1010.0,,5.0
2025-11-01,22,23.0,22.0,94.0,0.3,,97.0,4.0,,1010.0,,5.0
2025-11-01,23,23.0,22.0,94.0,0.0,,266.0,1.8,,1010.0,,5.0
2025-11-02,0,23.0,22.0,94.0,0.4,,271.0,1.8,,1010.0,,5.0
2025-11-02,1,23.0,22.0,94.0,0.4,,245.0,1.8,,1011.0,,5.0
2025-11-02,2,23.0,22.0,94.0,0.0,,197.0,1.8,,1012.0,,5.0
2025-11-02,3,24.0,22.1,89.0,0.0,,40.0,4.0,,1012.0,,5.0
2025-11-02,4,26.0,23.1,84.0,0.0,,50.0,4.0,,1013.0,,5.0
2025-11-02,5,27.0,23.0,79.0,0.0,,80.0,4.0,,1013.0,,5.0
2025-11-02,6,28.0,22.0,70.0,0.0,,170.0,6.0,,1012.0,,5.0
2025-11-02,7,29.0,22.0,66.0,0.0,,120.0,4.0,,1011.0,,5.0
2025-11-02,8,30.0,21.9,62.0,0.0,,180.0,6.0,,1010.0,,5.0
2025-11-02,9,29.0,22.0,66.0,0.0,,120.0,7.0,,1009.0,,5.0
2025-11-02,10,29.0,22.0,66.0,0.0,,90.0,6.0,,1009.0,,5.0
2025-11-02,11,28.0,22.0,70.0,0.8,,100.0,7.0,,1009.0,,5.0
2025-11-02,12,27.0,23.0,79.0,0.0,,90.0,6.0,,1010.0,,5.0
2025-11-02,13,27.0,23.0,79.0,0.0,,140.0,6.0,,1010.0,,5.0
2025-11-02,14,26.0,23.1,84.0,0.0,,140.0,6.0,,1011.0,,5.0
2025-11-02,15,26.0,23.1,84.0,0.0,,140.0,7.0,,1011.0,,5.0
2025-11-02,16,26.0,23.1,84.0,0.0,,160.0,15.0,,1012.0,,5.0
2025-11-02,17,26.0,23.1,84.0,0.0,,160.0,15.0,,1011.0,,5.0
2025-11-02,18,25.0,23.1,89.0,0.0,,160.0,17.0,,1011.0,,5.0
2025-11-02,19,25.0,23.1,89.0,0.0,,170.0,13.0,,1011.0,,5.0
2025-11-02,20,25.0,23.1,89.0,0.8,,170.0,13.0,,1010.0,,5.0
2025-11-02,21,25.0,23.1,89.0,0.6,,160.0,11.0,,1010.0,,5.0
2025-11-02,22,25.0,23.1,89.0,0.0,,190.0,11.0,,1010.0,,5.0
2025-11-02,23,25.0,23.1,89.0,0.2,,190.0,13.0,,1010.0,,5.0
2025-11-03,0,25.0,23.1,89.0,0.1,,170.0,13.0,,1010.0,,5.0
2025-11-03,1,25.0,23.1,89.0,0.8,,160.0,9.0,,1010.0,,5.0
2025-11-03,2,25.0,23.1,89.0,0.6,,160.0,7.0,,1011.0,,5.0
2025-11-03,3,25.0,23.1,89.0,0.0,,190.0,11.0,,1012.0,,5.0
2025-11-03,4,26.0,23.1,84.0,0.0,,180.0,11.0,,1012.0,,5.0
2025-11-03,5,28.0,22.9,74.0,0.1,,170.0,15.0,,1012.0,,5.0
2025-11-03,6,29.0,22.0,66.0,0.0,,180.0,19.0,,1011.0,,5.0
2025-11-03,7,30.0,21.1,59.0,0.0,,190.0,19.0,,1010.0,,5.0
2025-11-03,8,31.0,20.9,55.0,0.2,,210.0,20.0,,1009.0,,3.0
2025-11-03,9,30.0,20.0,55.0,0.0,,200.0,19.0,,1008.0,,3.0
2025-11-03,10,31.0,20.0,52.0,0.0,,210.0,22.0,,1007.0,,3.0
2025-11-03,11,30.0,21.1,59.0,0.3,,200.0,24.0,,1007.0,,3.0
2025-11-03,12,28.0,22.0,70.0,0.2,,150.0,19.0,,1007.0,,2.0
2025-11-03,13,26.0,22.1,79.0,1.1,,190.0,15.0,,1009.0,,5.0
2025-11-03,14,25.0,22.1,84.0,0.2,,140.0,13.0,,1009.0,,2.0
2025-11-03,15,25.0,22.1,84.0,0.0,,160.0,11.0,,1010.0,,2.0
2025-11-03,16,25.0,23.1,89.0,0.0,,170.0,11.0,,1010.0,,5.0
2025-11-03,17,25.0,23.1,89.0,0.0,,190.0,17.0,,1010.0,,5.0
2025-11-03,18,25.0,23.1,89.0,0.0,,180.0,11.0,,1010.0,,5.0
2025-11-03,19,24.0,19.9,78.0,0.0,,190.0,11.0,,1010.0,,5.0
2025-11-03,20,24.0,19.9,78.0,0.0,,220.0,11.0,,1010.0,,5.0
2025-11-03,21,24.0,19.1,74.0,0.0,,220.0,7.0,,1009.0,,5.0
2025-11-03,22,24.0,19.1,74.0,0.0,,220.0,6.0,,1009.0,,5.0
2025-11-03,23,24.0,19.1,74.0,0.0,,220.0,13.0,,1009.0,,5.0
2025-11-04,0,23.0,20.0,83.0,0.0,,240.0,13.0,,1010.0,,5.0
2025-11-04,1,23.0,20.0,83.0,0.0,,240.0,6.0,,1010.0,,5.0
2025-11-04,2,23.0,20.0,83.0,0.0,,210.0,6.0,,1010.0,,5.0
2025-11-04,3,24.0,20.9,83.0,0.0,,250.0,9.0,,1011.0,,5.0
2025-11-04,4,25.0,20.0,74.0,0.0,,230.0,6.0,,1012.0,,5.0
2025-11-04,5,27.0,20.1,66.0,0.0,,260.0,6.0,,1012.0,,5.0
2025-11-04,6,28.0,19.0,58.0,0.0,,250.0,6.0,,1011.0,,5.0
2025-11-04,7,28.0,19.0,58.0,0.0,,230.0,11.0,,1010.0,,3.0
2025-11-04,8,29.0,18.2,52.0,0.0,,220.0,9.0,,1009.0,,2.0
2025-11-04,9,29.0,16.9,48.0,0.0,,230.0,11.0,,1008.0,,2.0
2025-11-04,10,29.0,16.9,48.0,0.0,,190.0,11.0,,1008.0,,2.0
2025-11-04,11,29.0,16.9,48.0,0.0,,280.0,4.0,,1008.0,,2.0
2025-11-04,12,28.0,18.1,55.0,0.0,,260.0,4.0,,1008.0,,2.0
2025-11-04,13,27.0,16.9,54.0,0.0,,190.0,15.0,,1008.0,,2.0
2025-11-04,14,25.0,20.0,74.0,0.0,,248.0,3.7,,1009.0,,5.0
2025-11-04,15,25.0,18.9,69.0,0.0,,239.0,1.8,,1010.0,,5.0
2025-11-04,16,25.0,18.9,69.0,0.0,,200.0,6.0,,1010.0,,5.0
2025-11-04,17,23.0,21.1,89.0,0.0,,242.0,1.8,,1010.0,,5.0
2025-11-04,18,23.0,21.1,89.0,0.0,,244.0,1.8,,1010.0,,5.0
2025-11-04,19,23.0,20.0,83.0,0.0,,249.0,1.8,,1010.0,,5.0
2025-11-04,20,22.0,19.9,88.0,0.0,,264.0,0.0,,1010.0,,5.0
2025-11-04,21,22.0,21.0,94.0,0.0,,263.0,0.0,,1009.0,,5.0
2025-11-04,22,23.0,21.1,89.0,0.0,,309.0,0.0,,1009.0,,5.0
2025-11-04,23,22.0,21.0,94.0,0.0,,314.0,0.0,,1010.0,,5.0
2025-11-05,0,22.0,19.9,88.0,0.0,,319.0,0.0,,1010.0,,5.0
2025-11-05,1,21.0,20.0,94.0,0.0,,318.0,0.0,,1011.0,,5.0
2025-11-05,2,22.0,19.9,88.0,0.0,,354.0,1.8,,1011.0,,5.0
2025-11-05,3,25.0,21.1,79.0,0.0,,340.0,1.8,,1012.0,,5.0
2025-11-05,4,26.0,21.0,74.0,0.0,,30.0,7.0,,1012.0,,5.0
2025-11-05,5,26.0,20.1,70.0,0.0,,70.0,6.0,,1012.0,,5.0
2025-11-05,6,27.0,19.1,62.0,0.0,,240.0,4.0,,1011.0,,5.0
2025-11-05,7,30.0,17.1,46.0,0.0,,10.0,11.0,,1011.0,,1.0
2025-11-05,8,30.0,20.0,55.0,0.0,,350.0,13.0,,1010.0,,2.0
2025-11-05,9,29.0,15.9,45.0,0.0,,300.0,4.0,,1009.0,,2.0
2025-11-05,10,30.0,16.1,43.0,0.0,,290.0,4.0,,1009.0,,2.0
2025-11-05,11,30.0,17.1,46.0,0.0,,270.0,6.0,,1009.0,,2.0
2025-11-05,12,28.0,16.0,48.0,0.0,,290.0,4.0,,1009.0,,2.0
2025-11-05,13,27.0,16.0,51.0,0.0,,240.0,4.0,,1010.0,,2.0
2025-11-05,14,26.0,17.9,61.0,0.0,,260.0,4.0,,1010.0,,2.0
2025-11-05,15,25.0,17.0,61.0,0.0,,311.0,4.0,,1011.0,,1.0
2025-11-05,16,26.0,17.1,58.0,0.0,,210.0,6.0,,1011.0,,1.0
2025-11-05,17,25.0,18.0,65.0,0.0,,170.0,9.0,,1011.0,,5.0
2025-11-05,18,24.0,18.0,69.0,0.0,,180.0,11.0,,1011.0,,5.0
2025-11-05,19,24.0,18.0,69.0,0.0,,160.0,9.0,,1011.0,,5.0
2025-11-05,20,22.0,19.0,83.0,0.0,,10.0,7.0,,1011.0,,5.0
2025-11-05,21,21.0,18.9,88.0,0.0,,10.0,7.0,,1011.0,,5.0
2025-11-05,22,22.0,19.0,83.0,0.0,,240.0,7.0,,1010.0,,5.0
2025-11-05,23,21.0,18.9,88.0,0.0,,220.0,4.0,,1010.0,,5.0
2025-11-06,0,21.0,18.9,88.0,0.0,,20.0,6.0,,1011.0,,5.0
2025-11-06,1,20.0,19.0,94.0,0.0,,10.0,4.0,,1012.0,,5.0
2025-11-06,2,21.0,18.9,88.0,0.0,,10.0,6.0,,1013.0,,5.0
2025-11-06,3,22.0,18.0,78.0,0.0,,40.0,7.0,,1013.0,,5.0
2025-11-06,4,25.0,17.0,61.0,0.0,,10.0,9.0,,1014.0,,5.0
2025-11-06,5,26.0,17.1,58.0,0.0,,350.0,9.0,,1014.0,,5.0
2025-11-06,6,28.0,15.0,45.0,0.0,,340.0,9.0,,1013.0,,1.0
2025-11-06,7,30.0,12.0,33.0,0.0,,60.0,11.0,,1012.0,,1.0
2025-11-06,8,30.0,11.0,31.0,0.0,,30.0,19.0,,1012.0,,1.0
2025-11-06,9,30.0,9.0,27.0,0.0,,80.0,7.0,,1011.0,,1.0
2025-11-06,10,30.0,7.2,24.0,0.0,,50.0,9.0,,1011.0,,1.0
2025-11-06,11,30.0,6.0,22.0,0.0,,20.0,9.0,,1011.0,,1.0
2025-11-06,12,27.0,11.1,37.0,0.0,,10.0,7.0,,1011.0,,1.0
2025-11-06,13,26.0,12.1,42.0,0.0,,38.0,1.8,,1012.0,,1.0
2025-11-06,14,23.0,17.0,69.0,0.0,,38.0,1.8,,1013.0,,1.0
2025-11-06,15,25.0,10.8,41.0,0.0,,60.0,4.0,,1013.0,,1.0
2025-11-06,16,24.0,12.9,50.0,0.0,,51.0,3.7,,1013.0,,1.0
2025-11-06,17,21.0,16.0,73.0,0.0,,340.0,6.0,,1013.0,,5.0
2025-11-06,18,20.0,17.0,83.0,0.0,,360.0,6.0,,1013.0,,5.0
2025-11-06,19,20.0,17.0,83.0,0.0,,340.0,6.0,,1013.0,,5.0
2025-11-06,20,19.0,16.0,83.0,0.0,,43.0,1.8,,1012.0,,5.0
2025-11-06,21,19.0,16.0,83.0,0.0,,360.0,6.0,,1012.0,,5.0
2025-11-06,22,18.0,14.1,78.0,0.0,,10.0,7.0,,1012.0,,5.0
2025-11-06,23,20.0,12.0,60.0,0.0,,60.0,9.0,,1013.0,,5.0
2025-11-07,0,20.0,12.0,60.0,0.0,,40.0,6.0,,1013.0,,5.0
2025-11-07,1,19.0,12.0,64.0,0.0,,60.0,7.0,,1014.0,,5.0
2025-11-07,2,20.0,13.0,64.0,0.0,,50.0,11.0,,1015.0,,5.0
2025-11-07,3,21.0,12.9,60.0,0.0,,50.0,17.0,,1015.0,,5.0
2025-11-07,4,25.0,11.9,44.0,0.0,,110.0,11.0,,1016.0,,5.0
2025-11-07,5,27.0,11.9,39.0,0.0,,120.0,9.0,,1016.0,,1.0
2025-11-07,6,28.0,13.1,40.0,0.0,,60.0,13.0,,1015.0,,1.0
2025-11-07,7,29.0,11.1,33.0,0.0,,30.0,13.0,,1014.0,,1.0
2025-11-07,8,29.0,9.2,29.0,0.0,,10.0,6.0,,1014.0,,1.0
2025-11-07,9,30.0,7.8,25.0,0.0,,10.0,11.0,,1013.0,,1.0
2025-11-07,10,30.0,7.2,24.0,0.0,,30.0,11.0,,1012.0,,1.0
2025-11-07,11,30.0,7.2,24.0,0.0,,30.0,11.0,,1012.0,,1.0
2025-11-07,12,28.0,8.8,30.0,0.0,,20.0,7.0,,1013.0,,1.0
2025-11-07,13,26.0,11.0,39.0,0.0,,10.0,6.0,,1014.0,,1.0
2025-11-07,14,24.0,12.9,50.0,0.0,,31.0,1.8,,1014.0,,1.0
2025-11-07,15,22.0,12.0,53.0,0.0,,49.0,4.0,,1015.0,,1.0
2025-11-07,16,22.0,13.1,57.0,0.0,,317.0,0.0,,1015.0,,5.0
2025-11-07,17,22.0,12.0,53.0,0.0,,13.0,0.0,,1015.0,,5.0
2025-11-07,18,19.0,16.0,83.0,0.0,,340.0,6.0,,1015.0,,5.0
2025-11-07,19,18.0,15.1,83.0,0.0,,350.0,4.0,,1014.0,,5.0
2025-11-07,20,18.0,16.0,88.0,0.0,,17.0,0.0,,1014.0,,5.0
2025-11-07,21,18.0,13.1,73.0,0.0,,30.0,7.0,,1014.0,,5.0
2025-11-07,22,16.0,12.9,82.0,0.0,,10.0,7.0,,1014.0,,5.0
2025-11-07,23,16.0,12.0,77.0,0.0,,360.0,6.0,,1014.0,,5.0
2025-11-08,0,16.0,12.0,77.0,0.0,,20.0,4.0,,1014.0,,5.0
2025-11-08,1,17.0,7.9,55.0,0.0,,90.0,7.0,,1016.0,,5.0
2025-11-08,2,19.0,8.0,49.0,0.0,,80.0,11.0,,1017.0,,5.0
2025-11-08,3,20.0,7.0,43.0,0.0,,60.0,9.0,,1017.0,,1.0
2025-11-08,4,23.0,7.9,38.0,0.0,,60.0,9.0,,1017.0,,1.0
2025-11-08,5,25.0,8.9,36.0,0.0,,20.0,11.0,,1017.0,,1.0
2025-11-08,6,27.0,5.9,26.0,0.0,,90.0,9.0,,1016.0,,1.0
2025-11-08,7,27.0,5.3,25.0,0.0,,130.0,7.0,,1015.0,,1.0
2025-11-08,8,28.0,4.9,23.0,0.0,,100.0,6.0,,1015.0,,1.0
2025-11-08,9,30.0,3.9,19.0,0.0,,40.0,19.0,,1014.0,,1.0
2025-11-08,10,30.0,3.9,19.0,0.0,,20.0,15.0,,1014.0,,1.0
2025-11-08,11,29.0,5.1,22.0,0.0,,20.0,15.0,,1013.0,,1.0
2025-11-08,12,28.0,4.9,23.0,0.0,,350.0,6.0,,1014.0,,1.0
2025-11-08,13,26.0,7.1,30.0,0.0,,330.0,7.0,,1014.0,,1.0
2025-11-08,14,24.0,9.2,39.0,0.0,,90.0,4.0,,1015.0,,1.0
2025-11-08,15,22.0,10.2,47.0,0.0,,113.0,0.0,,1015.0,,5.0
2025-11-08,16,20.0,16.0,78.0,0.0,,357.0,0.0,,1015.0,,5.0
2025-11-08,17,20.0,10.1,53.0,0.0,,10.0,0.0,,1015.0,,5.0
2025-11-08,18,19.0,14.1,73.0,0.0,,310.0,6.0,,1015.0,,5.0
2025-11-08,19,18.0,14.1,78.0,0.0,,10.0,4.0,,1015.0,,5.0
2025-11-08,20,18.0,11.1,64.0,0.0,,7.0,0.0,,1014.0,,5.0
2025-11-08,21,17.0,12.9,77.0,0.0,,360.0,6.0,,1014.0,,5.0
2025-11-08,22,16.0,14.0,88.0,0.0,,25.0,0.0,,1013.0,,5.0
2025-11-08,23,17.0,11.9,72.0,0.0,,10.0,6.0,,1014.0,,5.0
2025-11-09,0,17.0,9.9,63.0,0.0,,40.0,7.0,,1014.0,,5.0
2025-11-09,1,16.0,10.1,68.0,0.0,,30.0,4.0,,1015.0,,5.0
2025-11-09,2,18.0,11.1,64.0,0.0,,40.0,1.8,,1016.0,,5.0
2025-11-09,3,19.0,11.1,60.0,0.0,,10.0,6.0,,1016.0,,5.0
2025-11-09,4,23.0,10.1,44.0,0.0,,10.0,4.0,,1016.0,,1.0
2025-11-09,5,25.0,8.1,34.0,0.0,,50.0,9.0,,1015.0,,1.0
2025-11-09,6,27.0,5.9,26.0,0.0,,180.0,6.0,,1015.0,,1.0
2025-11-09,7,29.0,5.1,22.0,0.0,,60.0,4.0,,1014.0,,1.0
2025-11-09,8,28.0,2.2,19.0,0.0,,80.0,11.0,,1013.0,,1.0
2025-11-09,9,29.0,3.0,19.0,0.0,,350.0,7.0,,1012.0,,1.0
2025-11-09,10,29.0,3.0,19.0,0.0,,340.0,7.0,,1011.0,,1.0
2025-11-09,11,28.0,4.9,23.0,0.0,,320.0,6.0,,1011.0,,1.0
2025-11-09,12,26.0,7.1,30.0,0.0,,300.0,6.0,,1012.0,,1.0
2025-11-09,13,24.0,9.9,41.0,0.0,,300.0,6.0,,1012.0,,1.0
2025-11-09,14,22.0,13.1,57.0,0.0,,350.0,6.0,,1013.0,,1.0
2025-11-09,15,22.0,8.8,43.0,0.0,,30.0,4.0,,1013.0,,1.0
2025-11-09,16,22.0,10.2,47.0,0.0,,318.0,4.0,,1013.0,,1.0
2025-11-09,17,19.0,13.0,68.0,0.0,,326.0,0.0,,1013.0,,1.0
2025-11-09,18,18.0,14.1,78.0,0.0,,359.0,0.0,,1013.0,,5.0
2025-11-09,19,18.0,14.1,78.0,0.0,,9.0,0.0,,1012.0,,5.0
2025-11-09,20,17.0,15.0,88.0,0.0,,43.0,0.0,,1012.0,,5.0
2025-11-09,21,16.3,12.7,79.0,0.0,,38.0,0.0,,1013.1,,1.0
2025-11-09,22,17.0,14.1,83.0,0.0,,10.0,4.0,,1012.0,,5.0
2025-11-09,23,16.0,12.0,77.0,0.0,,20.0,4.0,,1012.0,,5.0
2025-11-10,0,15.0,13.0,88.0,0.0,,29.0,4.0,,1013.0,,5.0
2025-11-10,1,15.0,12.0,82.0,0.0,,40.0,6.0,,1013.0,,5.0
2025-11-10,2,18.5,12.3,67.0,0.0,,29.0,1.8,,1014.4,,1.0
2025-11-10,3,21.0,9.9,49.0,0.0,,10.0,6.0,,1015.0,,5.0
2025-11-10,4,23.0,10.1,44.0,0.0,,80.0,6.0,,1015.0,,1.0
2025-11-10,5,24.0,9.9,41.0,0.0,,100.0,7.0,,1015.0,,1.0
2025-11-10,6,27.0,8.0,30.0,0.0,,10.0,7.0,,1014.0,,1.0
2025-11-10,7,28.0,7.3,27.0,0.0,,80.0,6.0,,1013.0,,1.0
2025-11-10,8,28.0,4.3,22.0,0.0,,340.0,4.0,,1012.0,,1.0
2025-11-10,9,28.0,4.3,22.0,0.0,,100.0,6.0,,1011.0,,1.0
2025-11-10,10,29.0,5.1,22.0,0.0,,120.0,6.0,,1011.0,,1.0
2025-11-10,11,28.0,6.1,25.0,0.0,,20.0,6.0,,1011.0,,1.0
2025-11-10,12,26.0,6.1,28.0,0.0,,70.0,6.0,,1012.0,,1.0
2025-11-10,13,25.0,10.8,41.0,0.0,,69.0,1.8,,1012.0,,1.0
2025-11-10,14,22.0,10.2,47.0,0.0,,40.0,0.0,,1013.0,,1.0
2025-11-10,15,21.0,13.9,64.0,0.0,,26.0,0.0,,1013.0,,5.0
2025-11-10,16,21.0,13.9,64.0,0.0,,360.0,0.0,,1014.0,,5.0
2025-11-10,17,19.0,15.1,78.0,0.0,,18.0,0.0,,1013.0,,5.0
2025-11-10,18,19.0,15.1,78.0,0.0,,19.0,0.0,,1013.0,,5.0
2025-11-10,19,18.0,13.1,73.0,0.0,,25.0,0.0,,1013.0,,5.0
2025-11-10,20,17.0,15.0,88.0,0.0,,360.0,6.0,,1013.0,,5.0
2025-11-10,21,17.0,15.0,88.0,0.0,,32.0,0.0,,1013.0,,5.0
2025-11-10,22,17.0,15.0,88.0,0.0,,13.0,0.0,,1013.0,,5.0
2025-11-10,23,17.0,12.9,77.0,0.0,,20.0,6.0,,1013.0,,5.0
2025-11-11,0,16.0,12.9,82.0,0.0,,350.0,6.0,,1013.0,,5.0
2025-11-11,1,15.0,13.0,88.0,0.0,,40.0,4.0,,1014.0,,5.0
2025-11-11,2,17.0,11.1,68.0,0.0,,50.0,11.0,,1015.0,,5.0
2025-11-11,3,21.0,11.1,53.0,0.0,,30.0,6.0,,1016.0,,5.0
2025-11-11,4,23.0,9.0,41.0,0.0,,50.0,7.0,,1016.0,,1.0
2025-11-11,5,24.0,9.9,41.0,0.0,,60.0,6.0,,1016.0,,1.0
2025-11-11,6,27.0,8.0,30.0,0.0,,30.0,6.0,,1015.0,,1.0
2025-11-11,7,28.0,4.9,23.0,0.0,,100.0,7.0,,1014.0,,1.0
2025-11-11,8,28.0,6.1,25.0,0.0,,120.0,7.0,,1013.0,,1.0
2025-11-11,9,29.0,5.8,23.0,0.0,,120.0,6.0,,1013.0,,1.0
2025-11-11,10,28.0,6.1,25.0,0.0,,136.0,3.7,,1012.0,,1.0
2025-11-11,11,27.0,5.9,26.0,0.0,,70.0,6.0,,1012.0,,1.0
2025-11-11,12,26.0,7.1,30.0,0.0,,70.0,6.0,,1013.0,,1.0
2025-11-11,13,24.0,9.2,39.0,0.0,,81.0,1.8,,1013.0,,1.0
2025-11-11,14,23.0,11.1,47.0,0.0,,55.0,0.0,,1014.0,,1.0
2025-11-11,15,22.0,12.0,53.0,0.0,,123.0,4.0,,1015.0,,1.0
2025-11-11,16,20.0,16.0,78.0,0.0,,340.0,6.0,,1015.0,,1.0
2025-11-11,17,19.0,14.1,73.0,0.0,,28.0,0.0,,1015.0,,1.0
2025-11-11,18,19.0,15.1,78.0,0.0,,33.0,0.0,,1015.0,,5.0
2025-11-11,19,19.0,13.0,68.0,0.0,,35.0,0.0,,1014.0,,5.0
2025-11-11,20,17.0,14.1,83.0,0.0,,12.0,0.0,,1014.0,,5.0
2025-11-11,21,17.0,14.1,83.0,0.0,,350.0,6.0,,1014.0,,5.0
2025-11-11,22,17.0,14.1,83.0,0.0,,360.0,6.0,,1014.0,,5.0
2025-11-11,23,17.0,14.1,83.0,0.0,,10.0,4.0,,1014.0,,5.0
2025-11-12,0,17.0,11.1,68.0,0.0,,40.0,7.0,,1014.0,,5.0
2025-11-12,1,16.0,11.0,72.0,0.0,,30.0,7.0,,1015.0,,5.0
2025-11-12,2,17.0,11.1,68.0,0.0,,20.0,4.0,,1016.0,,5.0
2025-11-12,3,20.0,11.0,56.0,0.0,,50.0,9.0,,1016.0,,5.0
2025-11-12,4,23.0,10.1,44.0,0.0,,60.0,9.0,,1017.0,,1.0
2025-11-12,5,24.0,9.9,41.0,0.0,,50.0,6.0,,1017.0,,1.0
2025-11-12,6,27.0,8.0,30.0,0.0,,30.0,9.0,,1016.0,,1.0
2025-11-12,7,28.0,7.3,27.0,0.0,,30.0,9.0,,1015.0,,1.0
2025-11-12,8,29.0,5.8,23.0,0.0,,20.0,7.0,,1014.0,,1.0
2025-11-12,9,29.0,5.8,23.0,0.0,,80.0,6.0,,1014.0,,1.0
2025-11-12,10,29.0,5.8,23.0,0.0,,50.0,7.0,,1014.0,,1.0
2025-11-12,11,28.0,8.8,30.0,0.0,,10.0,7.0,,1014.0,,1.0
2025-11-12,12,26.0,8.9,34.0,0.0,,10.0,4.0,,1014.0,,1.0
2025-11-12,13,25.0,10.1,39.0,0.0,,53.0,1.8,,1014.0,,1.0
2025-11-12,14,23.0,12.9,53.0,0.0,,58.0,1.8,,1015.0,,5.0
2025-11-12,15,21.0,12.9,60.0,0.0,,10.0,6.0,,1016.0,,1.0
2025-11-12,16,20.0,15.0,73.0,0.0,,10.0,4.0,,1016.0,,5.0
2025-11-12,17,19.0,15.1,78.0,0.0,,13.0,0.0,,1016.0,,5.0
2025-11-12,18,20.0,13.0,64.0,0.0,,12.0,0.0,,1016.0,,5.0
2025-11-12,19,18.0,15.1,83.0,0.0,,33.0,0.0,,1015.0,,5.0
2025-11-12,20,18.0,14.1,78.0,0.0,,33.0,0.0,,1015.0,,5.0
2025-11-12,21,17.0,14.1,83.0,0.0,,40.0,4.0,,1015.0,,5.0
2025-11-12,22,17.0,12.9,77.0,0.0,,350.0,6.0,,1015.0,,5.0
2025-11-12,23,16.0,12.9,82.0,0.0,,10.0,6.0,,1015.0,,5.0
2025-11-13,0,17.0,11.1,68.0,0.0,,70.0,6.0,,1016.0,,5.0
2025-11-13,1,16.0,11.0,72.0,0.0,,10.0,4.0,,1017.0,,5.0
2025-11-13,2,16.0,11.0,72.0,0.0,,10.0,6.0,,1017.0,,5.0
2025-11-13,3,21.0,9.9,49.0,0.0,,50.0,17.0,,1018.0,,1.0
2025-11-13,4,23.0,10.1,44.0,0.0,,50.0,11.0,,1018.0,,1.0
2025-11-13,5,25.0,10.1,39.0,0.0,,50.0,13.0,,1018.0,,1.0
2025-11-13,6,28.0,8.8,30.0,0.0,,50.0,24.0,,1017.0,,1.0
2025-11-13,7,28.0,6.1,25.0,0.0,,60.0,7.0,,1016.0,,1.0
2025-11-13,8,29.0,5.1,22.0,0.0,,20.0,11.0,,1015.0,,1.0
2025-11-13,9,29.0,5.8,23.0,0.0,,50.0,11.0,,1014.0,,1.0
2025-11-13,10,29.0,5.8,23.0,0.0,,100.0,6.0,,1014.0,,1.0
2025-11-13,11,28.0,6.1,25.0,0.0,,40.0,4.0,,1014.0,,1.0
2025-11-13,12,27.0,5.9,26.0,0.0,,80.0,4.0,,1014.0,,1.0
2025-11-13,13,26.0,7.1,30.0,0.0,,70.0,4.0,,1015.0,,1.0
2025-11-13,14,22.0,12.0,53.0,0.0,,60.0,4.0,,1015.0,,1.0
2025-11-13,15,21.0,12.9,60.0,0.0,,63.0,1.8,,1016.0,,5.0
2025-11-13,16,20.0,13.9,68.0,0.0,,34.0,0.0,,1016.0,,5.0
2025-11-13,17,20.0,13.0,64.0,0.0,,34.0,0.0,,1015.0,,5.0
2025-11-13,18,19.0,14.1,73.0,0.0,,35.0,0.0,,1015.0,,5.0
2025-11-13,19,18.0,14.1,78.0,0.0,,35.0,0.0,,1014.0,,5.0
2025-11-13,20,18.0,13.1,73.0,0.0,,360.0,6.0,,1015.0,,5.0
2025-11-13,21,18.0,14.1,78.0,0.0,,32.0,4.0,,1015.0,,5.0
2025-11-13,22,17.0,11.1,68.0,0.0,,20.0,6.0,,1015.0,,5.0
2025-11-13,23,17.0,11.9,72.0,0.0,,50.0,15.0,,1015.0,,5.0
2025-11-14,0,17.0,9.9,63.0,0.0,,50.0,15.0,,1015.0,,5.0
2025-11-14,1,17.0,8.9,59.0,0.0,,50.0,15.0,,1016.0,,5.0
2025-11-14,2,17.0,8.9,59.0,0.0,,50.0,11.0,,1016.0,,5.0
2025-11-14,3,22.0,10.2,47.0,0.0,,70.0,15.0,,1017.0,,5.0
2025-11-14,4,25.0,10.1,39.0,0.0,,100.0,17.0,,1018.0,,1.0
2025-11-14,5,26.0,8.9,34.0,0.0,,90.0,19.0,,1018.0,,1.0
2025-11-14,6,29.0,9.2,29.0,0.0,,100.0,19.0,,1016.0,,1.0
2025-11-14,7,29.0,8.1,27.0,0.0,,130.0,17.0,,1015.0,,1.0
2025-11-14,8,30.0,7.8,25.0,0.0,,110.0,11.0,,1014.0,,1.0
2025-11-14,9,30.0,7.2,24.0,0.0,,80.0,15.0,,1014.0,,1.0
2025-11-14,10,30.0,7.2,24.0,0.0,,90.0,11.0,,1014.0,,1.0
2025-11-14,11,29.0,7.0,25.0,0.0,,90.0,13.0,,1014.0,,1.0
2025-11-14,12,27.0,8.0,30.0,0.0,,110.0,6.0,,1014.0,,1.0
2025-11-14,13,27.0,8.0,30.0,0.0,,100.0,6.0,,1014.0,,1.0
2025-11-14,14,24.0,11.0,44.0,0.0,,20.0,4.0,,1015.0,,1.0
2025-11-14,15,23.0,11.1,47.0,0.0,,40.0,6.0,,1015.0,,1.0
2025-11-14,16,22.0,11.1,50.0,0.0,,44.0,1.8,,1015.0,,5.0
2025-11-14,17,22.0,10.2,47.0,0.0,,50.0,6.0,,1015.0,,5.0
2025-11-14,18,22.0,8.8,43.0,0.0,,40.0,4.0,,1015.0,,5.0
2025-11-14,19,20.0,10.1,53.0,0.0,,40.0,7.0,,1015.0,,5.0
2025-11-14,20,19.0,10.0,56.0,0.0,,50.0,9.0,,1015.0,,5.0
2025-11-14,21,19.0,8.9,52.0,0.0,,60.0,9.0,,1015.0,,5.0
2025-11-14,22,18.0,8.0,52.0,0.0,,40.0,13.0,,1015.0,,5.0
2025-11-14,23,17.0,7.9,55.0,0.0,,50.0,13.0,,1015.0,,5.0
2025-11-15,0,18.0,7.1,49.0,0.0,,50.0,15.0,,1016.0,,5.0
2025-11-15,1,17.0,7.1,52.0,0.0,,40.0,11.0,,1016.0,,5.0
2025-11-15,2,17.0,7.1,52.0,0.0,,60.0,11.0,,1017.0,,5.0
2025-11-15,3,21.0,6.1,38.0,0.0,,70.0,17.0,,1018.0,,5.0
2025-11-15,4,24.0,7.2,34.0,0.0,,70.0,17.0,,1018.0,,5.0
2025-11-15,5,25.0,6.2,30.0,0.0,,80.0,19.0,,1018.0,,5.0
2025-11-15,6,27.0,8.0,30.0,0.0,,70.0,11.0,,1017.0,,5.0
2025-11-15,7,28.0,7.8,28.0,0.0,,100.0,9.0,,1016.0,,1.0
2025-11-15,8,29.0,9.2,29.0,0.0,,70.0,19.0,,1015.0,,1.0
2025-11-15,9,29.0,7.0,25.0,0.0,,80.0,19.0,,1014.0,,1.0
2025-11-15,10,29.0,7.0,25.0,0.0,,70.0,15.0,,1014.0,,1.0
2025-11-15,11,27.0,5.9,26.0,0.0,,90.0,11.0,,1014.0,,1.0
2025-11-15,12,25.0,7.2,32.0,0.0,,90.0,7.0,,1015.0,,1.0
2025-11-15,13,24.0,7.2,34.0,0.0,,80.0,7.0,,1015.0,,1.0
2025-11-15,14,22.0,8.8,43.0,0.0,,40.0,9.0,,1016.0,,1.0
2025-11-15,15,23.0,7.9,38.0,0.0,,50.0,7.0,,1017.0,,1.0
2025-11-15,16,22.0,8.1,41.0,0.0,,50.0,7.0,,1017.0,,1.0
2025-11-15,17,21.0,6.9,40.0,0.0,,30.0,9.0,,1017.0,,1.0
2025-11-15,18,21.0,6.9,40.0,0.0,,40.0,7.0,,1017.0,,1.0
2025-11-15,19,20.0,7.0,43.0,0.0,,40.0,13.0,,1017.0,,1.0
2025-11-15,20,19.0,7.1,46.0,0.0,,40.0,11.0,,1017.0,,1.0
2025-11-15,21,19.0,7.1,46.0,0.0,,50.0,11.0,,1017.0,,1.0
2025-11-15,22,17.0,7.1,52.0,0.0,,50.0,11.0,,1017.0,,1.0
2025-11-15,23,17.0,7.1,52.0,0.0,,50.0,11.0,,1017.0,,1.0
2025-11-16,0,16.0,7.0,55.0,0.0,,40.0,13.0,,1017.0,,1.0
2025-11-16,1,16.0,7.0,55.0,0.0,,50.0,19.0,,1018.0,,1.0
2025-11-16,2,16.0,7.0,55.0,0.0,,50.0,15.0,,1019.0,,1.0
2025-11-16,3,21.0,6.9,40.0,0.0,,60.0,13.0,,1020.0,,1.0
2025-11-16,4,24.0,7.2,34.0,0.0,,60.0,15.0,,1021.0,,1.0
2025-11-16,5,25.0,6.2,30.0,0.0,,70.0,19.0,,1021.0,,1.0
2025-11-16,6,27.0,5.9,26.0,0.0,,70.0,17.0,,1019.0,,1.0
2025-11-16,7,29.0,5.8,23.0,0.0,,90.0,13.0,,1018.0,,1.0
2025-11-16,8,29.0,3.8,20.0,0.0,,100.0,15.0,,1017.0,,1.0
2025-11-16,9,29.0,3.0,19.0,0.0,,110.0,15.0,,1017.0,,1.0
2025-11-16,10,28.0,2.9,20.0,0.0,,80.0,13.0,,1016.0,,1.0
2025-11-16,11,27.0,4.1,23.0,0.0,,90.0,17.0,,1017.0,,1.0
2025-11-16,12,25.0,5.2,28.0,0.0,,90.0,7.0,,1017.0,,1.0
2025-11-16,13,25.0,6.2,30.0,0.0,,50.0,6.0,,1017.0,,1.0
2025-11-16,14,22.0,8.1,41.0,0.0,,30.0,4.0,,1018.0,,1.0
2025-11-16,15,22.0,8.1,41.0,0.0,,30.0,4.0,,1018.0,,1.0
2025-11-16,16,23.0,7.9,38.0,0.0,,10.0,4.0,,1018.0,,1.0
2025-11-16,17,20.0,8.0,46.0,0.0,,40.0,9.0,,1018.0,,1.0
2025-11-16,18,20.0,8.0,46.0,0.0,,50.0,9.0,,1018.0,,1.0
2025-11-16,19,20.0,7.0,0.0,0.0,,60.0,11.0,,1018.0,,1.0
2025-11-16,20,18.0,7.1,49.0,0.0,,50.0,9.0,,1017.0,,1.0
2025-11-16,21,17.0,7.1,52.0,0.0,,50.0,11.0,,1017.0,,1.0
2025-11-16,22,16.0,7.0,55.0,0.0,,60.0,11.0,,1017.0,,1.0
2025-11-16,23,15.0,8.0,63.0,0.0,,50.0,11.0,,1017.0,,1.0
2025-11-17,0,15.0,8.0,63.0,0.0,,50.0,13.0,,1017.0,,5.0
2025-11-17,1,15.0,7.1,59.0,0.0,,50.0,11.0,,1018.0,,5.0
2025-11-17,2,15.0,7.1,59.0,0.0,,40.0,9.0,,1018.0,,5.0
2025-11-17,3,19.0,7.1,46.0,0.0,,80.0,15.0,,1019.0,,1.0
2025-11-17,4,23.0,7.1,36.0,0.0,,70.0,11.0,,1019.0,,1.0
2025-11-17,5,24.0,7.2,34.0,0.0,,80.0,11.0,,1019.0,,1.0
2025-11-17,6,27.0,5.9,26.0,0.0,,90.0,19.0,,1019.0,,1.0
2025-11-17,7,27.0,5.3,25.0,0.0,,120.0,15.0,,1017.0,,1.0
2025-11-17,8,28.0,6.1,25.0,0.0,,70.0,15.0,,1016.0,,1.0
2025-11-17,9,28.0,4.9,23.0,0.0,,90.0,15.0,,1015.0,,1.0
2025-11-17,10,28.0,4.3,22.0,0.0,,70.0,15.0,,1015.0,,1.0
2025-11-17,11,26.0,2.0,21.0,0.0,,50.0,9.0,,1015.0,,1.0
2025-11-17,12,25.0,5.2,28.0,0.0,,90.0,7.0,,1016.0,,1.0
2025-11-17,13,25.0,6.2,30.0,0.0,,40.0,7.0,,1016.0,,1.0
2025-11-17,14,22.0,7.0,38.0,0.0,,30.0,4.0,,1017.0,,1.0
2025-11-17,15,19.0,8.9,52.0,0.0,,50.0,7.0,,1017.0,,1.0
2025-11-17,16,17.0,9.9,63.0,0.0,,40.0,6.0,,1017.0,,1.0
2025-11-17,17,20.0,8.0,46.0,0.0,,40.0,6.0,,1017.0,,1.0
2025-11-17,18,20.0,7.0,43.0,0.0,,40.0,6.0,,1017.0,,1.0
2025-11-17,19,18.0,9.1,56.0,0.0,,50.0,6.0,,1016.0,,1.0
2025-11-17,20,18.0,8.0,52.0,0.0,,60.0,9.0,,1016.0,,1.0
2025-11-17,21,16.0,8.0,59.0,0.0,,40.0,13.0,,1016.0,,1.0
2025-11-17,22,16.0,8.0,59.0,0.0,,40.0,9.0,,1015.0,,1.0
2025-11-17,23,15.0,8.0,63.0,0.0,,40.0,9.0,,1015.0,,5.0
2025-11-18,0,14.0,8.0,67.0,0.0,,40.0,9.0,,1016.0,,5.0
2025-11-18,1,14.0,7.1,63.0,0.0,,40.0,9.0,,1016.0,,5.0
2025-11-18,2,14.0,8.0,67.0,0.0,,40.0,9.0,,1017.0,,5.0
2025-11-18,3,18.0,8.0,52.0,0.0,,60.0,13.0,,1018.0,,1.0
2025-11-18,4,22.0,8.1,41.0,0.0,,60.0,17.0,,1018.0,,1.0
2025-11-18,5,23.0,7.9,38.0,0.0,,60.0,15.0,,1018.0,,1.0
2025-11-18,6,27.0,8.0,30.0,0.0,,80.0,13.0,,1016.0,,1.0
2025-11-18,7,27.0,8.0,30.0,0.0,,100.0,15.0,,1016.0,,1.0
2025-11-18,8,29.0,7.0,25.0,0.0,,70.0,13.0,,1014.0,,1.0
2025-11-18,9,28.0,6.1,25.0,0.0,,100.0,11.0,,1013.0,,1.0
2025-11-18,10,28.0,7.3,27.0,0.0,,60.0,15.0,,1013.0,,1.0
2025-11-18,11,27.0,5.9,26.0,0.0,,50.0,11.0,,1013.0,,1.0
2025-11-18,12,25.0,8.1,34.0,0.0,,60.0,7.0,,1013.0,,1.0
2025-11-18,13,24.0,8.0,36.0,0.0,,40.0,6.0,,1014.0,,1.0
2025-11-18,14,23.0,9.0,41.0,0.0,,40.0,6.0,,1014.0,,1.0
2025-11-18,15,22.0,8.8,43.0,0.0,,50.0,6.0,,1015.0,,1.0
2025-11-18,16,20.0,9.0,49.0,0.0,,20.0,6.0,,1015.0,,1.0
2025-11-18,17,20.0,9.0,49.0,0.0,,20.0,1.8,,1014.0,,1.0
2025-11-18,18,19.0,8.9,52.0,0.0,,21.0,1.8,,1014.0,,1.0
2025-11-18,19,19.0,8.9,52.0,0.0,,50.0,6.0,,1014.0,,1.0
2025-11-18,20,18.0,9.1,56.0,0.0,,60.0,4.0,,1013.0,,1.0
2025-11-18,21,17.0,8.9,59.0,0.0,,29.0,4.0,,1013.0,,5.0
2025-11-18,22,16.0,9.0,63.0,0.0,,50.0,7.0,,1014.0,,5.0
2025-11-18,23,16.0,9.0,63.0,0.0,,40.0,7.0,,1014.0,,5.0
2025-11-19,0,17.0,8.9,59.0,0.0,,80.0,11.0,,1014.0,,5.0
2025-11-19,1,16.0,8.0,59.0,0.0,,40.0,11.0,,1015.0,,5.0
2025-11-19,2,17.0,8.9,59.0,0.0,,80.0,9.0,,1016.0,,5.0
2025-11-19,3,20.0,9.0,49.0,0.0,,70.0,11.0,,1017.0,,5.0
2025-11-19,4,23.0,9.0,41.0,0.0,,100.0,13.0,,1018.0,,5.0
2025-11-19,5,25.0,10.8,41.0,0.0,,90.0,19.0,,1017.0,,1.0
2025-11-19,6,26.0,8.0,32.0,0.0,,80.0,15.0,,1016.0,,1.0
2025-11-19,7,27.0,8.9,32.0,0.0,,70.0,15.0,,1016.0,,1.0
2025-11-19,8,28.0,7.3,27.0,0.0,,60.0,7.0,,1014.0,,1.0
2025-11-19,9,28.0,6.1,25.0,0.0,,60.0,15.0,,1013.0,,1.0
2025-11-19,10,28.0,6.1,25.0,0.0,,70.0,15.0,,1013.0,,1.0
2025-11-19,11,27.0,6.9,28.0,0.0,,30.0,15.0,,1013.0,,1.0
2025-11-19,12,25.0,8.1,34.0,0.0,,40.0,6.0,,1014.0,,1.0
2025-11-19,13,22.0,10.2,47.0,0.0,,40.0,6.0,,1014.0,,1.0
2025-11-19,14,21.0,9.9,49.0,0.0,,20.0,6.0,,1015.0,,1.0
2025-11-19,15,21.0,9.9,49.0,0.0,,30.0,7.0,,1015.0,,1.0
2025-11-19,16,20.0,10.1,53.0,0.0,,50.0,4.0,,1015.0,,1.0
2025-11-19,17,20.0,9.0,49.0,0.0,,40.0,6.0,,1015.0,,1.0
2025-11-19,18,20.0,9.0,49.0,0.0,,40.0,6.0,,1015.0,,1.0
2025-11-19,19,20.0,9.0,49.0,0.0,,50.0,7.0,,1014.0,,1.0
2025-11-19,20,19.0,8.9,52.0,0.0,,40.0,7.0,,1015.0,,1.0
2025-11-19,21,18.0,10.1,60.0,0.0,,50.0,6.0,,1014.0,,1.0
2025-11-19,22,17.0,8.9,59.0,0.0,,40.0,11.0,,1014.0,,5.0
2025-11-19,23,16.0,10.1,68.0,0.0,,50.0,7.0,,1014.0,,5.0
2025-11-20,0,16.0,9.0,63.0,0.0,,40.0,11.0,,1015.0,,5.0
2025-11-20,1,15.0,8.9,67.0,0.0,,50.0,11.0,,1016.0,,5.0
2025-11-20,2,16.0,8.0,59.0,0.0,,30.0,7.0,,1017.0,,5.0
2025-11-20,3,19.0,8.0,49.0,0.0,,40.0,11.0,,1018.0,,5.0
2025-11-20,4,21.0,8.9,46.0,0.0,,50.0,15.0,,1018.0,,1.0
2025-11-20,5,24.0,8.0,36.0,0.0,,60.0,15.0,,1017.0,,1.0
2025-11-20,6,25.0,8.1,34.0,0.0,,70.0,15.0,,1017.0,,1.0
2025-11-20,7,26.0,8.9,34.0,0.0,,70.0,15.0,,1016.0,,1.0
2025-11-20,8,28.0,7.8,28.0,0.0,,90.0,15.0,,1014.0,,1.0
2025-11-20,9,28.0,10.2,33.0,0.0,,60.0,9.0,,1014.0,,1.0
2025-11-20,10,29.0,10.2,31.0,0.0,,90.0,11.0,,1013.0,,1.0
2025-11-20,11,28.0,10.2,33.0,0.0,,90.0,11.0,,1013.0,,1.0
2025-11-20,12,27.0,9.8,34.0,0.0,,80.0,9.0,,1014.0,,1.0
2025-11-20,13,25.0,11.9,44.0,0.0,,40.0,6.0,,1014.0,,1.0
2025-11-20,14,24.0,12.9,50.0,0.0,,10.0,6.0,,1015.0,,1.0
2025-11-20,15,23.0,12.9,53.0,0.0,,40.0,4.0,,1015.0,,1.0
2025-11-20,16,21.0,12.9,60.0,0.0,,10.0,4.0,,1015.0,,5.0
2025-11-20,17,20.0,12.0,60.0,0.0,,40.0,4.0,,1016.0,,5.0
2025-11-20,18,20.0,12.0,60.0,0.0,,40.0,6.0,,1016.0,,5.0
2025-11-20,19,19.0,12.0,64.0,0.0,,40.0,6.0,,1015.0,,5.0
2025-11-20,20,19.0,11.1,60.0,0.0,,30.0,6.0,,1015.0,,5.0
2025-11-20,21,19.0,11.1,60.0,0.0,,70.0,11.0,,1015.0,,5.0
2025-11-20,22,19.0,11.1,60.0,0.0,,80.0,11.0,,1015.0,,5.0
2025-11-20,23,19.0,11.1,60.0,0.0,,70.0,11.0,,1015.0,,5.0
2025-11-21,0,19.0,12.0,64.0,0.0,,80.0,11.0,,1016.0,,5.0
2025-11-21,1,17.0,11.9,72.0,0.0,,50.0,15.0,,1017.0,,5.0
2025-11-21,2,17.0,11.1,68.0,0.0,,30.0,9.0,,1017.0,,5.0
2025-11-21,3,19.0,11.1,60.0,0.0,,60.0,15.0,,1018.0,,5.0
2025-11-21,4,21.0,11.1,53.0,0.0,,30.0,11.0,,1018.0,,5.0
2025-11-21,5,24.0,12.0,47.0,0.0,,40.0,15.0,,1018.0,,1.0
2025-11-21,6,26.0,12.1,42.0,0.0,,10.0,9.0,,1017.0,,1.0
2025-11-21,7,28.0,11.1,35.0,0.0,,60.0,11.0,,1016.0,,1.0
2025-11-21,8,28.0,10.2,33.0,0.0,,60.0,15.0,,1015.0,,1.0
2025-11-21,9,28.0,10.2,33.0,0.0,,40.0,19.0,,1014.0,,1.0
2025-11-21,10,28.0,11.1,35.0,0.0,,30.0,11.0,,1014.0,,1.0
2025-11-21,11,27.0,11.1,37.0,0.0,,10.0,6.0,,1014.0,,1.0
2025-11-21,12,27.0,11.1,37.0,0.0,,10.0,6.0,,1014.0,,1.0
2025-11-21,13,23.0,12.9,53.0,0.0,,10.0,6.0,,1015.0,,1.0
2025-11-21,14,22.0,13.1,57.0,0.0,,30.0,6.0,,1016.0,,1.0
2025-11-21,15,20.0,13.9,68.0,0.0,,40.0,6.0,,1016.0,,5.0
2025-11-21,16,19.0,14.1,73.0,0.0,,40.0,6.0,,1016.0,,5.0
2025-11-21,17,19.0,14.1,73.0,0.0,,20.0,9.0,,1016.0,,5.0
2025-11-21,18,19.0,14.1,73.0,0.0,,360.0,4.0,,1015.0,,5.0
2025-11-21,19,18.0,12.0,68.0,0.0,,10.0,4.0,,1015.0,,5.0
2025-11-21,20,18.0,12.0,68.0,0.0,,360.0,4.0,,1015.0,,5.0
2025-11-21,21,16.0,12.0,77.0,0.0,,350.0,4.0,,1014.0,,5.0
2025-11-21,22,16.0,12.0,77.0,0.0,,340.0,6.0,,1014.0,,5.0
2025-11-21,23,17.0,11.1,68.0,0.0,,50.0,11.0,,1014.0,,5.0
2025-11-22,0,17.0,11.1,68.0,0.0,,60.0,15.0,,1015.0,,5.0
2025-11-22,1,17.0,11.1,68.0,0.0,,50.0,15.0,,1015.0,,5.0
2025-11-22,2,18.0,11.1,64.0,0.0,,50.0,15.0,,1016.0,,5.0
2025-11-22,3,21.0,11.9,56.0,0.0,,60.0,15.0,,1017.0,,5.0
2025-11-22,4,21.0,11.9,56.0,0.0,,30.0,11.0,,1017.0,,5.0
2025-11-22,5,25.0,11.9,44.0,0.0,,40.0,9.0,,1017.0,,5.0
2025-11-22,6,26.0,12.1,42.0,0.0,,10.0,9.0,,1015.0,,1.0
2025-11-22,7,27.0,11.1,37.0,0.0,,80.0,9.0,,1014.0,,1.0
2025-11-22,8,28.0,10.2,33.0,0.0,,70.0,13.0,,1014.0,,1.0
2025-11-22,9,29.0,11.1,33.0,0.0,,60.0,9.0,,1013.0,,1.0
2025-11-22,10,29.0,9.2,29.0,0.0,,50.0,4.0,,1012.0,,1.0
2025-11-22,11,28.0,8.8,30.0,0.0,,20.0,9.0,,1012.0,,1.0
2025-11-22,12,27.0,9.8,34.0,0.0,,70.0,6.0,,1013.0,,1.0
2025-11-22,13,23.0,15.1,61.0,0.0,,20.0,4.0,,1013.0,,5.0
2025-11-22,14,21.0,13.9,64.0,0.0,,10.0,4.0,,1014.0,,5.0
2025-11-22,15,20.0,15.0,73.0,0.0,,20.0,4.0,,1014.0,,5.0
2025-11-22,16,19.0,15.1,78.0,0.0,,34.0,0.0,,1014.0,,5.0
2025-11-22,17,19.0,14.1,73.0,0.0,,23.0,0.0,,1015.0,,5.0
2025-11-22,18,18.0,15.1,83.0,0.0,,14.0,0.0,,1014.0,,5.0
2025-11-22,19,17.0,14.1,83.0,0.0,,6.0,1.8,,1014.0,,5.0
2025-11-22,20,18.0,13.1,73.0,0.0,,16.0,1.8,,1014.0,,5.0
2025-11-22,21,17.0,12.9,77.0,0.0,,22.0,1.8,,1013.0,,5.0
2025-11-22,22,16.0,12.9,82.0,0.0,,10.0,6.0,,1013.0,,5.0
2025-11-22,23,17.0,12.9,77.0,0.0,,33.0,1.8,,1014.0,,5.0
2025-11-23,0,17.0,11.1,68.0,0.0,,30.0,9.0,,1014.0,,5.0
2025-11-23,1,16.0,10.1,68.0,0.0,,30.0,9.0,,1014.0,,5.0
2025-11-23,2,18.0,10.1,60.0,0.0,,10.0,7.0,,1016.0,,5.0
2025-11-23,3,20.0,11.0,56.0,0.0,,20.0,9.0,,1016.0,,5.0
2025-11-23,4,22.0,11.1,50.0,0.0,,30.0,9.0,,1016.0,,5.0
2025-11-23,5,25.0,10.8,41.0,0.0,,30.0,15.0,,1016.0,,1.0
2025-11-23,6,26.0,11.0,39.0,0.0,,10.0,11.0,,1015.0,,1.0
2025-11-23,7,28.0,8.8,30.0,0.0,,340.0,4.0,,1014.0,,1.0
2025-11-23,8,28.0,8.8,30.0,0.0,,320.0,6.0,,1013.0,,1.0
2025-11-23,9,29.0,8.1,27.0,0.0,,360.0,7.0,,1012.0,,1.0
2025-11-23,10,29.0,9.2,29.0,0.0,,320.0,4.0,,1012.0,,1.0
2025-11-23,11,28.0,11.1,35.0,0.0,,350.0,4.0,,1012.0,,1.0
2025-11-23,12,25.0,11.9,44.0,0.0,,350.0,4.0,,1012.0,,1.0
2025-11-23,13,24.0,12.0,47.0,0.0,,37.0,1.8,,1013.0,,1.0
2025-11-23,14,23.0,12.0,50.0,0.0,,31.0,1.8,,1013.0,,1.0
2025-11-23,15,21.0,13.9,64.0,0.0,,360.0,4.0,,1014.0,,5.0
2025-11-23,16,19.0,15.1,78.0,0.0,,11.0,0.0,,1014.0,,5.0
2025-11-23,17,19.0,15.1,78.0,0.0,,1.0,0.0,,1014.0,,5.0
2025-11-23,18,18.0,15.1,83.0,0.0,,354.0,0.0,,1014.0,,5.0
2025-11-23,19,18.0,11.1,64.0,0.0,,4.0,1.8,,1014.0,,5.0
2025-11-23,20,18.0,12.0,68.0,0.0,,16.0,1.8,,1014.0,,5.0
2025-11-23,21,17.0,11.9,72.0,0.0,,24.0,4.0,,1014.0,,5.0
2025-11-23,22,17.0,11.9,72.0,0.0,,30.0,4.0,,1013.0,,5.0
2025-11-23,23,16.0,12.9,82.0,0.0,,10.0,4.0,,1014.0,,5.0
2025-11-24,0,16.0,12.0,77.0,0.0,,20.0,6.0,,1014.0,,5.0
2025-11-24,1,18.0,10.1,60.0,0.0,,20.0,4.0,,1015.0,,5.0
2025-11-24,2,19.0,11.1,60.0,0.0,,50.0,13.0,,1016.0,,5.0
2025-11-24,3,21.0,11.9,56.0,0.0,,60.0,19.0,,1016.0,,5.0
2025-11-24,4,24.0,12.0,47.0,0.0,,60.0,13.0,,1016.0,,5.0
2025-11-24,5,26.0,13.2,45.0,0.0,,80.0,15.0,,1016.0,,1.0
2025-11-24,6,27.0,13.0,42.0,0.0,,60.0,11.0,,1015.0,,1.0
2025-11-24,7,29.0,14.0,40.0,0.0,,100.0,4.0,,1014.0,,1.0
2025-11-24,8,29.0,14.0,40.0,0.0,,150.0,6.0,,1013.0,,1.0
2025-11-24,9,30.0,14.1,38.0,0.0,,90.0,7.0,,1013.0,,1.0
2025-11-24,10,30.0,12.9,35.0,0.0,,80.0,7.0,,1012.0,,1.0
2025-11-24,11,29.0,14.0,40.0,0.0,,80.0,6.0,,1013.0,,1.0
2025-11-24,12,28.0,13.9,42.0,0.0,,70.0,6.0,,1013.0,,1.0
2025-11-24,13,26.0,15.1,51.0,0.0,,50.0,6.0,,1014.0,,1.0
2025-11-24,14,25.0,15.0,54.0,0.0,,40.0,6.0,,1014.0,,1.0
2025-11-24,15,24.0,16.0,61.0,0.0,,30.0,6.0,,1015.0,,5.0
2025-11-24,16,24.0,15.0,57.0,0.0,,40.0,6.0,,1015.0,,5.0
2025-11-24,17,23.0,15.1,61.0,0.0,,40.0,6.0,,1015.0,,5.0
2025-11-24,18,22.0,15.1,65.0,0.0,,40.0,9.0,,1015.0,,5.0
2025-11-24,19,22.0,14.1,61.0,0.0,,40.0,13.0,,1015.0,,5.0
2025-11-24,20,21.0,13.9,64.0,0.0,,40.0,7.0,,1015.0,,5.0
2025-11-24,21,20.0,13.9,68.0,0.0,,40.0,7.0,,1014.0,,5.0
2025-11-24,22,20.0,13.0,64.0,0.0,,40.0,9.0,,1014.0,,5.0
2025-11-24,23,20.0,13.0,64.0,0.0,,40.0,11.0,,1014.0,,5.0
2025-11-25,0,19.0,13.0,68.0,0.0,,50.0,11.0,,1014.0,,5.0
2025-11-25,1,19.0,12.0,64.0,0.0,,40.0,15.0,,1015.0,,5.0
2025-11-25,2,20.0,12.0,60.0,0.0,,50.0,13.0,,1016.0,,5.0
2025-11-25,3,22.0,12.0,53.0,0.0,,60.0,17.0,,1016.0,,1.0
2025-11-25,4,24.0,12.9,50.0,0.0,,60.0,22.0,,1016.0,,1.0
2025-11-25,5,25.0,14.2,51.0,0.0,,50.0,22.0,,1016.0,,1.0
2025-11-25,6,26.0,14.1,48.0,0.0,,90.0,13.0,,1015.0,,1.0
2025-11-25,7,27.0,14.1,45.0,0.0,,20.0,19.0,,1013.0,,1.0
2025-11-25,8,27.0,14.1,45.0,0.0,,20.0,9.0,,1013.0,,1.0
2025-11-25,9,28.0,13.9,42.0,0.0,,40.0,7.0,,1012.0,,1.0
2025-11-25,10,28.0,13.9,42.0,0.0,,50.0,7.0,,1012.0,,1.0
2025-11-25,11,28.0,13.9,42.0,0.0,,50.0,9.0,,1012.0,,1.0
2025-11-25,12,26.0,15.1,51.0,0.0,,50.0,7.0,,1012.0,,1.0
2025-11-25,13,24.0,16.0,61.0,0.0,,10.0,4.0,,1013.0,,1.0
2025-11-25,14,24.0,15.0,57.0,0.0,,360.0,4.0,,1013.0,,1.0
2025-11-25,15,22.0,16.1,69.0,0.0,,20.0,7.0,,1014.0,,5.0
2025-11-25,16,22.0,15.1,65.0,0.0,,30.0,15.0,,1014.0,,5.0
2025-11-25,17,22.0,14.1,61.0,0.0,,50.0,15.0,,1013.0,,5.0
2025-11-25,18,21.0,12.9,60.0,0.0,,50.0,15.0,,1013.0,,5.0
2025-11-25,19,20.0,12.0,60.0,0.0,,50.0,19.0,,1012.0,,5.0
2025-11-25,20,19.0,12.0,64.0,0.0,,50.0,19.0,,1012.0,,5.0
2025-11-25,21,19.0,12.0,64.0,0.0,,50.0,15.0,,1012.0,,5.0
2025-11-25,22,19.0,12.0,64.0,0.0,,50.0,15.0,,1012.0,,5.0
2025-11-25,23,19.0,12.0,64.0,0.0,,20.0,9.0,,1012.0,,5.0
2025-11-26,0,18.0,11.1,64.0,0.0,,30.0,9.0,,1013.0,,5.0
2025-11-26,1,18.0,10.1,60.0,0.0,,10.0,6.0,,1014.0,,5.0
2025-11-26,2,19.0,11.1,60.0,0.0,,50.0,9.0,,1015.0,,5.0
2025-11-26,3,22.0,12.0,53.0,0.0,,60.0,13.0,,1015.0,,5.0
2025-11-26,4,24.0,12.9,50.0,0.0,,40.0,13.0,,1016.0,,1.0
2025-11-26,5,26.0,14.1,48.0,0.0,,120.0,11.0,,1015.0,,1.0
2025-11-26,6,27.0,15.1,48.0,0.0,,70.0,9.0,,1015.0,,1.0
2025-11-26,7,28.0,15.0,45.0,0.0,,60.0,7.0,,1013.0,,1.0
2025-11-26,8,29.0,15.9,45.0,0.0,,30.0,4.0,,1012.0,,1.0
2025-11-26,9,30.0,17.1,46.0,0.0,,20.0,4.0,,1012.0,,1.0
2025-11-26,10,28.0,16.9,51.0,0.0,,80.0,7.0,,1012.0,,1.0
2025-11-26,11,28.0,16.0,48.0,0.0,,50.0,7.0,,1012.0,,1.0
2025-11-26,12,27.0,16.0,51.0,0.0,,90.0,6.0,,1013.0,,1.0
2025-11-26,13,26.0,17.1,58.0,0.0,,50.0,7.0,,1014.0,,5.0
2025-11-26,14,25.0,17.0,61.0,0.0,,60.0,4.0,,1014.0,,5.0
2025-11-26,15,25.0,15.9,57.0,0.0,,50.0,13.0,,1015.0,,5.0
2025-11-26,16,23.0,15.1,61.0,0.0,,50.0,9.0,,1015.0,,5.0
2025-11-26,17,24.0,16.0,61.0,0.0,,70.0,9.0,,1015.0,,5.0
2025-11-26,18,24.0,16.0,61.0,0.0,,60.0,11.0,,1015.0,,5.0
2025-11-26,19,22.0,16.1,69.0,0.0,,60.0,11.0,,1014.0,,5.0
2025-11-26,20,22.0,15.1,65.0,0.0,,50.0,11.0,,1014.0,,5.0
2025-11-26,21,22.0,15.1,65.0,0.0,,70.0,11.0,,1014.0,,5.0
2025-11-26,22,22.0,15.1,65.0,0.0,,50.0,7.0,,1014.0,,5.0
2025-11-26,23,22.0,15.1,65.0,0.0,,60.0,19.0,,1014.0,,5.0
2025-11-27,0,21.0,15.1,69.0,0.0,,60.0,17.0,,1014.0,,5.0
2025-11-27,1,21.0,15.1,69.0,0.0,,70.0,11.0,,1015.0,,5.0
2025-11-27,2,21.0,15.1,69.0,0.0,,60.0,9.0,,1016.0,,5.0
2025-11-27,3,23.0,15.1,61.0,0.0,,80.0,15.0,,1016.0,,5.0
2025-11-27,4,25.0,15.9,57.0,0.0,,80.0,13.0,,1017.0,,5.0
2025-11-27,5,26.0,16.0,54.0,0.0,,110.0,17.0,,1016.0,,5.0
2025-11-27,6,27.0,16.9,54.0,0.0,,80.0,7.0,,1016.0,,5.0
2025-11-27,7,29.0,18.2,52.0,0.0,,100.0,9.0,,1014.0,,5.0
2025-11-27,8,30.0,18.1,49.0,0.0,,120.0,9.0,,1013.0,,5.0
2025-11-27,9,30.0,17.1,46.0,0.0,,68.0,4.0,,1013.0,,1.0
2025-11-27,10,29.0,15.9,45.0,0.0,,90.0,9.0,,1013.0,,1.0
2025-11-27,11,29.0,16.9,48.0,0.0,,90.0,9.0,,1013.0,,1.0
2025-11-27,12,28.0,16.9,51.0,0.0,,80.0,6.0,,1014.0,,2.0
2025-11-27,13,27.0,18.0,58.0,0.0,,80.0,9.0,,1014.0,,5.0
2025-11-27,14,27.0,18.0,58.0,0.0,,40.0,6.0,,1015.0,,5.0
2025-11-27,15,25.0,18.9,69.0,0.0,,50.0,7.0,,1015.0,,5.0
2025-11-27,16,23.0,17.0,69.0,0.0,,360.0,4.0,,1015.0,,5.0
2025-11-27,17,24.0,17.0,65.0,0.0,,30.0,11.0,,1015.0,,5.0
2025-11-27,18,23.0,16.1,65.0,0.0,,20.0,7.0,,1015.0,,5.0
2025-11-27,19,22.0,16.1,69.0,0.0,,20.0,6.0,,1014.0,,5.0
2025-11-27,20,22.0,16.1,69.0,0.0,,20.0,7.0,,1014.0,,5.0
2025-11-27,21,22.0,16.1,69.0,0.0,,40.0,7.0,,1014.0,,5.0
2025-11-27,22,21.0,16.0,73.0,0.0,,50.0,11.0,,1014.0,,5.0
2025-11-27,23,21.0,16.0,73.0,0.0,,30.0,9.0,,1014.0,,5.0
2025-11-28,0,20.0,16.0,78.0,0.0,,40.0,6.0,,1014.0,,5.0
2025-11-28,1,20.0,16.0,78.0,0.0,,30.0,9.0,,1015.0,,5.0
2025-11-28,2,21.0,16.0,73.0,0.0,,20.0,4.0,,1016.0,,5.0
2025-11-28,3,22.0,16.1,69.0,0.0,,50.0,15.0,,1016.0,,5.0
2025-11-28,4,24.0,16.0,61.0,0.0,,40.0,15.0,,1017.0,,5.0
2025-11-28,5,25.0,15.9,57.0,0.0,,70.0,15.0,,1016.0,,5.0
2025-11-28,6,26.0,16.0,54.0,0.0,,90.0,15.0,,1016.0,,5.0
2025-11-28,7,28.0,16.9,51.0,0.0,,60.0,11.0,,1014.0,,5.0
2025-11-28,8,28.0,16.9,51.0,0.0,,100.0,9.0,,1013.0,,1.0
2025-11-28,9,29.0,15.9,45.0,0.0,,120.0,4.0,,1013.0,,1.0
2025-11-28,10,29.0,15.9,45.0,0.0,,50.0,7.0,,1012.0,,1.0
2025-11-28,11,29.0,19.0,55.0,0.0,,80.0,17.0,,1013.0,,1.0
2025-11-28,12,28.0,19.0,58.0,0.0,,70.0,9.0,,1013.0,,1.0
2025-11-28,13,26.0,17.9,61.0,0.0,,110.0,7.0,,1013.0,,1.0
2025-11-28,14,26.0,17.1,58.0,0.0,,80.0,6.0,,1014.0,,1.0
2025-11-28,15,24.0,18.0,69.0,0.0,,360.0,4.0,,1014.0,,5.0
2025-11-28,16,24.0,17.0,65.0,0.0,,40.0,6.0,,1014.0,,5.0
2025-11-28,17,23.0,18.1,74.0,0.0,,30.0,6.0,,1014.0,,5.0
2025-11-28,18,23.0,17.0,69.0,0.0,,60.0,6.0,,1014.0,,5.0
2025-11-28,19,22.0,16.9,73.0,0.0,,30.0,6.0,,1013.0,,5.0
2025-11-28,20,21.0,17.0,78.0,0.0,,10.0,6.0,,1013.0,,5.0
2025-11-28,21,21.0,16.0,73.0,0.0,,20.0,6.0,,1013.0,,5.0
2025-11-28,22,21.0,16.0,73.0,0.0,,20.0,6.0,,1013.0,,5.0
2025-11-28,23,20.0,16.0,78.0,0.0,,20.0,4.0,,1013.0,,5.0
2025-11-29,0,20.0,16.0,78.0,0.0,,40.0,13.0,,1014.0,,5.0
2025-11-29,1,20.0,17.0,83.0,0.0,,70.0,13.0,,1015.0,,5.0
2025-11-29,2,22.0,16.1,69.0,0.0,,80.0,15.0,,1016.0,,5.0
2025-11-29,3,23.0,16.1,65.0,0.0,,80.0,9.0,,1016.0,,5.0
2025-11-29,4,25.0,15.9,57.0,0.0,,60.0,15.0,,1016.0,,5.0
2025-11-29,5,27.0,15.1,48.0,0.0,,100.0,15.0,,1016.0,,5.0
2025-11-29,6,27.0,15.1,48.0,0.0,,120.0,7.0,,1016.0,,1.0
2025-11-29,7,29.0,15.9,45.0,0.0,,70.0,9.0,,1014.0,,1.0
2025-11-29,8,29.0,15.9,45.0,0.0,,100.0,13.0,,1013.0,,1.0
2025-11-29,9,30.0,16.1,43.0,0.0,,70.0,11.0,,1012.0,,1.0
2025-11-29,10,30.0,16.1,43.0,0.0,,80.0,13.0,,1012.0,,1.0
2025-11-29,11,29.0,15.9,45.0,0.0,,70.0,9.0,,1012.0,,1.0
2025-11-29,12,28.0,16.0,48.0,0.0,,70.0,11.0,,1012.0,,1.0
2025-11-29,13,27.0,16.0,51.0,0.0,,60.0,4.0,,1013.0,,1.0
2025-11-29,14,26.0,16.0,54.0,0.0,,90.0,4.0,,1013.0,,1.0
2025-11-29,15,26.0,16.0,54.0,0.0,,70.0,6.0,,1013.0,,5.0
2025-11-29,16,24.0,17.0,65.0,0.0,,50.0,6.0,,1014.0,,5.0
2025-11-29,17,23.0,17.0,69.0,0.0,,10.0,6.0,,1014.0,,5.0
2025-11-29,18,23.0,17.0,69.0,0.0,,40.0,6.0,,1014.0,,5.0
2025-11-29,19,23.0,17.0,69.0,0.0,,10.0,6.0,,1013.0,,5.0
2025-11-29,20,22.0,16.9,73.0,0.0,,40.0,6.0,,1013.0,,5.0
2025-11-29,21,22.0,16.9,73.0,0.0,,50.0,9.0,,1013.0,,5.0
2025-11-29,22,21.0,17.0,78.0,0.0,,40.0,6.0,,1013.0,,5.0
2025-11-29,23,20.0,16.0,78.0,0.0,,60.0,9.0,,1013.0,,5.0
2025-11-30,0,20.0,16.0,78.0,0.0,,50.0,7.0,,1013.0,,5.0
2025-11-30,1,19.0,16.0,83.0,0.0,,30.0,9.0,,1014.0,,5.0
2025-11-30,2,20.0,15.0,73.0,0.0,,20.0,7.0,,1014.0,,5.0
2025-11-30,3,21.0,13.9,64.0,0.0,,50.0,13.0,,1015.0,,5.0
2025-11-30,4,24.0,14.1,54.0,0.0,,40.0,13.0,,1016.0,,5.0
2025-11-30,5,26.0,12.1,42.0,0.0,,100.0,11.0,,1015.0,,1.0
2025-11-30,6,26.0,11.0,39.0,0.0,,100.0,13.0,,1015.0,,1.0
2025-11-30,7,30.0,12.9,35.0,0.0,,120.0,11.0,,1014.0,,1.0
2025-11-30,8,29.0,12.8,37.0,0.0,,10.0,19.0,,1013.0,,1.0
2025-11-30,9,29.0,12.8,37.0,0.0,,350.0,9.0,,1012.0,,1.0
2025-11-30,10,29.0,14.0,40.0,0.0,,30.0,9.0,,1011.0,,3.0
2025-11-30,11,29.0,14.0,40.0,0.0,,10.0,9.0,,1012.0,,2.0
2025-11-30,12,27.0,14.1,45.0,0.0,,360.0,4.0,,1012.0,,2.0
2025-11-30,13,25.0,15.0,54.0,0.0,,350.0,4.0,,1013.0,,2.0
2025-11-30,14,25.0,15.0,54.0,0.0,,97.0,1.8,,1013.0,,5.0
2025-11-30,15,24.0,15.0,57.0,0.0,,90.0,6.0,,1014.0,,1.0
2025-11-30,16,24.0,15.0,57.0,0.0,,30.0,4.0,,1014.0,,5.0
2025-11-30,17,23.0,15.1,61.0,0.0,,24.0,0.0,,1014.0,,5.0
2025-11-30,18,22.0,15.1,65.0,0.0,,18.0,0.0,,1014.0,,5.0
2025-11-30,19,22.0,15.1,65.0,0.0,,20.0,4.0,,1013.0,,5.0
2025-11-30,20,21.0,15.1,69.0,0.0,,48.0,0.0,,1013.0,,5.0
2025-11-30,21,20.0,15.0,73.0,0.0,,120.0,6.0,,1012.0,,5.0
2025-11-30,22,20.0,13.9,68.0,0.0,,38.0,0.0,,1012.0,,5.0
2025-11-30,23,20.0,13.9,68.0,0.0,,30.0,7.0,,1013.0,,5.0
2025-12-01,0,20.0,13.9,68.0,0.0,,50.0,6.0,,1014.0,,5.0
2025-12-01,1,20.0,13.9,68.0,0.0,,50.0,6.0,,1014.0,,5.0
2025-12-01,2,19.0,12.0,64.0,0.0,,60.0,7.0,,1014.0,,5.0
2025-12-01,3,21.0,12.9,60.0,0.0,,50.0,4.0,,1015.0,,5.0
2025-12-01,4,24.0,12.0,47.0,0.0,,70.0,6.0,,1015.0,,5.0
2025-12-01,5,26.0,10.2,37.0,0.0,,80.0,6.0,,1015.0,,1.0
2025-12-01,6,26.0,8.9,34.0,0.0,,50.0,9.0,,1015.0,,1.0
2025-12-01,7,27.0,9.8,34.0,0.0,,30.0,7.0,,1013.0,,1.0
2025-12-01,8,28.0,8.8,30.0,0.0,,45.0,5.5,,1012.0,,1.0
2025-12-01,9,28.0,10.2,33.0,0.0,,10.0,9.0,,1011.0,,1.0
2025-12-01,10,28.0,10.2,33.0,0.0,,350.0,6.0,,1010.0,,1.0
2025-12-01,11,27.0,11.1,37.0,0.0,,10.0,6.0,,1011.0,,1.0
2025-12-01,12,26.0,12.1,42.0,0.0,,10.0,6.0,,1011.0,,1.0
2025-12-01,13,25.0,11.9,44.0,0.0,,40.0,4.0,,1012.0,,1.0
2025-12-01,14,23.0,15.1,61.0,0.0,,85.0,2.0,,1013.0,,5.0
2025-12-01,15,22.0,13.1,57.0,0.0,,100.0,0.0,,1014.0,,5.0
2025-12-01,16,21.0,13.9,64.0,0.0,,40.0,6.0,,1014.0,,5.0
2025-12-01,17,20.0,13.9,68.0,0.0,,270.0,0.0,,1014.0,,5.0
2025-12-01,18,19.0,15.1,78.0,0.0,,270.0,0.0,,1013.0,,5.0
2025-12-01,19,18.0,15.1,83.0,0.0,,332.0,0.0,,1013.0,,5.0
2025-12-01,20,18.0,14.1,78.0,0.0,,10.0,6.0,,1013.0,,5.0
2025-12-01,21,18.0,14.1,78.0,0.0,,20.0,0.0,,1013.0,,5.0
2025-12-01,22,17.0,14.1,83.0,0.0,,16.0,0.0,,1013.0,,5.0
2025-12-01,23,17.0,12.9,77.0,0.0,,11.0,0.0,,1013.0,,5.0
2025-12-02,0,17.0,14.1,83.0,0.0,,360.0,6.0,,1013.0,,5.0
2025-12-02,1,17.0,12.9,77.0,0.0,,50.0,4.0,,1014.0,,5.0
2025-12-02,2,18.0,13.1,73.0,0.0,,10.0,6.0,,1015.0,,5.0
2025-12-02,3,19.0,14.1,73.0,0.0,,360.0,4.0,,1015.0,,5.0
2025-12-02,4,23.0,12.0,50.0,0.0,,60.0,4.0,,1016.0,,5.0
2025-12-02,5,26.0,12.1,42.0,0.0,,20.0,6.0,,1015.0,,1.0
2025-12-02,6,26.0,11.0,39.0,0.0,,20.0,9.0,,1015.0,,1.0
2025-12-02,7,27.0,11.1,37.0,0.0,,10.0,11.0,,1013.0,,1.0
2025-12-02,8,28.0,11.1,35.0,0.0,,310.0,4.0,,1012.0,,1.0
2025-12-02,9,27.0,9.8,34.0,0.0,,350.0,6.0,,1011.0,,1.0
2025-12-02,10,27.0,11.1,37.0,0.0,,350.0,7.0,,1011.0,,2.0
2025-12-02,11,27.0,11.1,37.0,0.0,,350.0,6.0,,1011.0,,2.0
2025-12-02,12,25.0,11.9,44.0,0.0,,350.0,6.0,,1011.0,,2.0
2025-12-02,13,23.0,14.0,57.0,0.0,,340.0,4.0,,1012.0,,2.0
2025-12-02,14,23.0,12.9,53.0,0.0,,350.0,6.0,,1013.0,,1.0
2025-12-02,15,21.0,15.1,69.0,0.0,,10.0,4.0,,1013.0,,5.0
2025-12-02,16,21.0,12.9,60.0,0.0,,20.0,4.0,,1014.0,,5.0
2025-12-02,17,20.0,13.9,68.0,0.0,,8.0,1.8,,1014.0,,5.0
2025-12-02,18,18.0,14.1,78.0,0.0,,360.0,1.8,,1014.0,,5.0
2025-12-02,19,18.0,14.1,78.0,0.0,,5.0,1.8,,1013.0,,5.0
2025-12-02,20,18.0,14.1,78.0,0.0,,9.0,1.8,,1013.0,,5.0
2025-12-02,21,18.0,12.0,68.0,0.0,,80.0,7.0,,1013.0,,5.0
2025-12-02,22,18.0,12.0,68.0,0.0,,20.0,4.0,,1013.0,,5.0
2025-12-02,23,17.0,12.9,77.0,0.0,,10.0,4.0,,1014.0,,5.0
2025-12-03,0,16.0,12.9,82.0,0.0,,350.0,6.0,,1014.0,,5.0
2025-12-03,1,17.0,12.9,77.0,0.0,,10.0,9.0,,1015.0,,5.0
2025-12-03,2,18.0,12.0,68.0,0.0,,20.0,4.0,,1016.0,,5.0
2025-12-03,3,20.0,12.0,60.0,0.0,,30.0,15.0,,1017.0,,5.0
2025-12-03,4,23.0,12.0,50.0,0.0,,30.0,17.0,,1017.0,,1.0
2025-12-03,5,24.0,12.0,47.0,0.0,,20.0,13.0,,1017.0,,1.0
2025-12-03,6,25.0,11.9,44.0,0.0,,60.0,19.0,,1017.0,,1.0
2025-12-03,7,26.0,11.0,39.0,0.0,,90.0,13.0,,1016.0,,1.0
2025-12-03,8,29.0,10.2,31.0,0.0,,70.0,28.0,,1014.0,,1.0
2025-12-03,9,29.0,10.2,31.0,0.0,,110.0,28.0,,1014.0,,2.0
2025-12-03,10,29.0,9.2,29.0,0.0,,50.0,17.0,,1014.0,,1.0
2025-12-03,11,27.0,9.8,34.0,0.0,,50.0,24.0,,1014.0,,1.0
2025-12-03,12,27.0,8.9,32.0,0.0,,50.0,15.0,,1014.0,,1.0
2025-12-03,13,24.0,11.0,44.0,0.0,,40.0,7.0,,1015.0,,1.0
2025-12-03,14,23.0,12.0,50.0,0.0,,30.0,9.0,,1016.0,,1.0
2025-12-03,15,23.0,11.1,47.0,0.0,,20.0,7.0,,1016.0,,1.0
2025-12-03,16,22.0,11.1,50.0,0.0,,40.0,7.0,,1016.0,,1.0
2025-12-03,17,21.0,11.9,56.0,0.0,,40.0,7.0,,1016.0,,1.0
2025-12-03,18,21.0,11.1,53.0,0.0,,60.0,7.0,,1016.0,,1.0
2025-12-03,19,19.0,10.0,56.0,0.0,,60.0,11.0,,1016.0,,1.0
2025-12-03,20,19.0,12.0,64.0,0.0,,70.0,11.0,,1016.0,,5.0
2025-12-03,21,18.0,12.0,68.0,0.0,,50.0,13.0,,1015.0,,5.0
2025-12-03,22,18.0,12.0,68.0,0.0,,40.0,13.0,,1015.0,,5.0
2025-12-03,23,17.0,11.9,72.0,0.0,,50.0,15.0,,1015.0,,5.0
2025-12-04,0,17.0,11.9,72.0,0.0,,50.0,11.0,,1016.0,,5.0
2025-12-04,1,17.0,11.9,72.0,0.0,,50.0,11.0,,1016.0,,5.0
2025-12-04,2,18.0,12.0,68.0,0.0,,50.0,13.0,,1018.0,,5.0
2025-12-04,3,21.0,12.9,60.0,0.0,,70.0,20.0,,1019.0,,5.0
2025-12-04,4,23.0,12.9,53.0,0.0,,80.0,19.0,,1019.0,,5.0
2025-12-04,5,25.0,12.9,47.0,0.0,,100.0,19.0,,1019.0,,5.0
2025-12-04,6,28.0,13.1,40.0,0.0,,80.0,15.0,,1018.0,,1.0
2025-12-04,7,27.0,11.9,39.0,0.0,,100.0,17.0,,1017.0,,1.0
2025-12-04,8,28.0,11.1,35.0,0.0,,80.0,19.0,,1015.0,,1.0
2025-12-04,9,28.0,10.2,33.0,0.0,,60.0,15.0,,1015.0,,1.0
2025-12-04,10,28.0,10.2,33.0,0.0,,50.0,19.0,,1015.0,,1.0
2025-12-04,11,27.0,11.1,37.0,0.0,,60.0,13.0,,1015.0,,1.0
2025-12-04,12,25.0,10.1,39.0,0.0,,50.0,15.0,,1016.0,,1.0
2025-12-04,13,23.0,11.1,47.0,0.0,,40.0,11.0,,1016.0,,1.0
2025-12-04,14,22.0,11.1,50.0,0.0,,40.0,7.0,,1017.0,,1.0
2025-12-04,15,22.0,11.1,50.0,0.0,,20.0,7.0,,1017.0,,1.0
2025-12-04,16,21.0,11.1,53.0,0.0,,50.0,7.0,,1018.0,,1.0
2025-12-04,17,21.0,11.1,53.0,0.0,,50.0,9.0,,1017.0,,1.0
2025-12-04,18,21.0,11.1,53.0,0.0,,50.0,7.0,,1017.0,,1.0
2025-12-04,19,20.0,11.0,56.0,0.0,,60.0,17.0,,1017.0,,1.0
2025-12-04,20,20.0,12.0,60.0,0.0,,70.0,15.0,,1017.0,,1.0
2025-12-04,21,19.0,12.0,64.0,0.0,,50.0,11.0,,1016.0,,1.0
2025-12-04,22,18.0,12.0,68.0,0.0,,50.0,13.0,,1016.0,,5.0
2025-12-04,23,18.0,12.0,68.0,0.0,,50.0,17.0,,1017.0,,5.0
2025-12-05,0,18.0,12.0,68.0,0.0,,50.0,17.0,,1017.0,,5.0
2025-12-05,1,17.0,11.9,72.0,0.0,,80.0,22.0,,1018.0,,5.0
2025-12-05,2,18.0,12.0,68.0,0.0,,80.0,24.0,,1019.0,,5.0
2025-12-05,3,20.0,12.0,60.0,0.0,,80.0,24.0,,1020.0,,5.0
2025-12-05,4,22.0,12.0,53.0,0.0,,80.0,20.0,,1020.0,,5.0
2025-12-05,5,25.0,11.9,44.0,0.0,,60.0,17.0,,1020.0,,1.0
2025-12-05,6,25.0,10.8,41.0,0.0,,100.0,17.0,,1019.0,,1.0
2025-12-05,7,27.0,11.9,39.0,0.0,,80.0,15.0,,1018.0,,1.0
2025-12-05,8,27.0,11.9,39.0,0.0,,70.0,24.0,,1017.0,,1.0
2025-12-05,9,28.0,11.1,35.0,0.0,,70.0,15.0,,1016.0,,1.0
2025-12-05,10,28.0,10.2,33.0,0.0,,60.0,15.0,,1016.0,,1.0
2025-12-05,11,26.0,11.0,39.0,0.0,,50.0,19.0,,1016.0,,1.0
2025-12-05,12,25.0,11.9,44.0,0.0,,60.0,9.0,,1017.0,,1.0
2025-12-05,13,23.0,12.0,50.0,0.0,,60.0,9.0,,1017.0,,1.0
2025-12-05,14,23.0,12.0,50.0,0.0,,70.0,13.0,,1018.0,,1.0
2025-12-05,15,22.0,11.1,50.0,0.0,,70.0,15.0,,1018.0,,1.0
2025-12-05,16,22.0,10.2,47.0,0.0,,80.0,11.0,,1018.0,,1.0
2025-12-05,17,21.0,11.1,53.0,0.0,,80.0,15.0,,1019.0,,1.0
2025-12-05,18,20.0,11.0,56.0,0.0,,70.0,17.0,,1018.0,,1.0
2025-12-05,19,19.0,11.1,60.0,0.0,,60.0,9.0,,1018.0,,1.0
2025-12-05,20,19.0,11.1,60.0,0.0,,70.0,13.0,,1018.0,,5.0
2025-12-05,21,17.0,11.1,68.0,0.0,,60.0,13.0,,1018.0,,5.0
2025-12-05,22,17.0,11.1,68.0,0.0,,50.0,15.0,,1017.0,,5.0
2025-12-05,23,17.0,9.9,63.0,0.0,,60.0,19.0,,1017.0,,5.0
2025-12-06,0,16.0,11.0,72.0,0.0,,60.0,13.0,,1018.0,,5.0
2025-12-06,1,16.0,10.1,68.0,0.0,,50.0,15.0,,1018.0,,5.0
2025-12-06,2,18.0,10.1,60.0,0.0,,90.0,17.0,,1019.0,,5.0
2025-12-06,3,19.0,11.1,60.0,0.0,,80.0,19.0,,1020.0,,5.0
2025-12-06,4,21.0,9.9,49.0,0.0,,100.0,19.0,,1020.0,,5.0
2025-12-06,5,24.0,9.9,41.0,0.0,,80.0,15.0,,1020.0,,1.0
2025-12-06,6,25.0,8.9,36.0,0.0,,70.0,19.0,,1019.0,,1.0
2025-12-06,7,25.0,8.9,36.0,0.0,,110.0,15.0,,1019.0,,1.0
2025-12-06,8,27.0,8.9,32.0,0.0,,90.0,19.0,,1017.0,,2.0
2025-12-06,9,28.0,10.2,33.0,0.0,,80.0,20.0,,1016.0,,2.0
2025-12-06,10,27.0,8.9,32.0,0.0,,50.0,15.0,,1016.0,,2.0
2025-12-06,11,27.0,8.0,30.0,0.0,,70.0,17.0,,1016.0,,3.0
2025-12-06,12,24.0,9.9,41.0,0.0,,50.0,15.0,,1016.0,,3.0
2025-12-06,13,23.0,10.1,44.0,0.0,,50.0,7.0,,1017.0,,3.0
2025-12-06,14,23.0,9.0,41.0,0.0,,90.0,13.0,,1017.0,,2.0
2025-12-06,15,23.0,7.9,38.0,0.0,,70.0,15.0,,1017.0,,2.0
2025-12-06,16,20.0,10.1,53.0,0.0,,60.0,7.0,,1018.0,,2.0
2025-12-06,17,20.0,9.0,49.0,0.0,,50.0,9.0,,1018.0,,2.0
2025-12-06,18,20.0,9.0,49.0,0.0,,60.0,11.0,,1017.0,,2.0
2025-12-06,19,17.0,9.9,63.0,0.0,,60.0,11.0,,1017.0,,2.0
2025-12-06,20,18.0,10.1,60.0,0.0,,50.0,11.0,,1017.0,,2.0
2025-12-06,21,17.0,8.9,59.0,0.0,,50.0,11.0,,1017.0,,2.0
2025-12-06,22,17.0,8.9,59.0,0.0,,40.0,15.0,,1017.0,,1.0
2025-12-06,23,17.0,8.9,59.0,0.0,,50.0,9.0,,1017.0,,1.0
2025-12-07,0,17.0,8.9,59.0,0.0,,70.0,19.0,,1017.0,,5.0
2025-12-07,1,18.0,9.1,56.0,0.0,,80.0,15.0,,1018.0,,5.0
2025-12-07,2,16.0,9.0,63.0,0.0,,50.0,15.0,,1018.0,,5.0
2025-12-07,3,20.0,9.0,49.0,0.0,,80.0,17.0,,1019.0,,1.0
2025-12-07,4,22.0,8.8,43.0,0.0,,60.0,22.0,,1021.0,,1.0
2025-12-07,5,23.0,9.0,41.0,0.0,,70.0,17.0,,1020.0,,1.0
2025-12-07,6,26.0,8.9,34.0,0.0,,80.0,24.0,,1018.0,,1.0
2025-12-07,7,27.0,8.9,32.0,0.0,,100.0,17.0,,1017.0,,1.0
2025-12-07,8,28.0,7.8,28.0,0.0,,100.0,26.0,,1016.0,,1.0
2025-12-07,9,29.0,7.0,25.0,0.0,,80.0,9.0,,1015.0,,1.0
2025-12-07,10,29.0,7.0,25.0,0.0,,110.0,11.0,,1015.0,,1.0
2025-12-07,11,28.0,7.8,28.0,0.0,,70.0,11.0,,1015.0,,1.0
2025-12-07,12,26.0,8.9,34.0,0.0,,50.0,7.0,,1015.0,,1.0
2025-12-07,13,24.0,9.2,39.0,0.0,,50.0,9.0,,1015.0,,1.0
2025-12-07,14,23.0,10.1,44.0,0.0,,50.0,6.0,,1017.0,,1.0
2025-12-07,15,22.0,10.2,47.0,0.0,,50.0,9.0,,1017.0,,1.0
2025-12-07,16,22.0,10.2,47.0,0.0,,70.0,11.0,,1017.0,,1.0
2025-12-07,17,20.0,10.1,53.0,0.0,,50.0,11.0,,1017.0,,1.0
2025-12-07,18,19.0,10.0,56.0,0.0,,50.0,13.0,,1017.0,,1.0
2025-12-07,19,19.0,10.0,56.0,0.0,,70.0,11.0,,1016.0,,1.0
2025-12-07,20,18.0,10.1,60.0,0.0,,50.0,9.0,,1016.0,,1.0
2025-12-07,21,17.0,9.9,63.0,0.0,,50.0,15.0,,1016.0,,5.0
2025-12-07,22,16.0,10.1,68.0,0.0,,40.0,13.0,,1016.0,,5.0
2025-12-07,23,16.0,9.0,63.0,0.0,,80.0,6.0,,1016.0,,5.0
2025-12-08,0,15.0,8.9,67.0,0.0,,40.0,11.0,,1017.0,,5.0
2025-12-08,1,15.0,8.9,67.0,0.0,,80.0,9.0,,1017.0,,5.0
2025-12-08,2,16.0,9.0,63.0,0.0,,50.0,11.0,,1018.0,,5.0
2025-12-08,3,21.0,9.9,49.0,0.0,,90.0,15.0,,1019.0,,1.0
2025-12-08,4,23.0,10.1,44.0,0.0,,80.0,19.0,,1020.0,,1.0
2025-12-08,5,24.0,9.9,41.0,0.0,,100.0,19.0,,1020.0,,1.0
2025-12-08,6,27.0,6.9,28.0,0.0,,80.0,17.0,,1019.0,,1.0
2025-12-08,7,29.0,5.8,23.0,0.0,,70.0,22.0,,1017.0,,1.0
2025-12-08,8,30.0,5.3,21.0,0.0,,60.0,22.0,,1016.0,,1.0
2025-12-08,9,29.0,5.1,22.0,0.0,,80.0,11.0,,1016.0,,1.0
2025-12-08,10,30.0,2.3,17.0,0.0,,60.0,22.0,,1015.0,,1.0
2025-12-08,11,29.0,3.0,19.0,0.0,,90.0,17.0,,1015.0,,1.0
2025-12-08,12,26.0,5.0,26.0,0.0,,60.0,13.0,,1016.0,,1.0
2025-12-08,13,25.0,5.2,28.0,0.0,,60.0,11.0,,1016.0,,1.0
2025-12-08,14,23.0,5.9,33.0,0.0,,40.0,6.0,,1017.0,,1.0
2025-12-08,15,22.0,5.8,35.0,0.0,,30.0,4.0,,1017.0,,1.0
2025-12-08,16,21.0,7.9,43.0,0.0,,50.0,4.0,,1017.0,,1.0
2025-12-08,17,19.0,8.9,52.0,0.0,,60.0,6.0,,1017.0,,1.0
2025-12-08,18,20.0,9.0,49.0,0.0,,50.0,3.7,,1017.0,,1.0
2025-12-08,19,17.0,9.9,63.0,0.0,,30.0,6.0,,1017.0,,1.0
2025-12-08,20,17.0,9.9,63.0,0.0,,40.0,6.0,,1017.0,,1.0
2025-12-08,21,17.0,9.9,63.0,0.0,,40.0,6.0,,1016.0,,1.0
2025-12-08,22,17.0,9.9,63.0,0.0,,50.0,9.0,,1016.0,,5.0
2025-12-08,23,17.0,7.9,55.0,0.0,,50.0,11.0,,1016.0,,5.0
2025-12-09,0,16.0,8.0,59.0,0.0,,50.0,13.0,,1016.0,,5.0
2025-12-09,1,15.0,8.0,63.0,0.0,,60.0,9.0,,1017.0,,5.0
2025-12-09,2,15.0,8.0,63.0,0.0,,60.0,11.0,,1017.0,,5.0
2025-12-09,3,20.0,9.0,49.0,0.0,,60.0,13.0,,1019.0,,1.0
2025-12-09,4,23.0,9.0,41.0,0.0,,70.0,13.0,,1019.0,,1.0
2025-12-09,5,24.0,9.2,39.0,0.0,,60.0,15.0,,1019.0,,1.0
2025-12-09,6,27.0,8.9,32.0,0.0,,70.0,11.0,,1018.0,,1.0
2025-12-09,7,28.0,8.8,30.0,0.0,,80.0,9.0,,1017.0,,1.0
2025-12-09,8,29.0,8.1,27.0,0.0,,60.0,13.0,,1016.0,,1.0
2025-12-09,9,30.0,9.0,27.0,0.0,,80.0,17.0,,1015.0,,1.0
2025-12-09,10,30.0,7.8,25.0,0.0,,50.0,17.0,,1015.0,,1.0
2025-12-09,11,28.0,7.3,27.0,0.0,,50.0,15.0,,1015.0,,1.0
2025-12-09,12,26.0,8.9,34.0,0.0,,40.0,7.0,,1016.0,,1.0
2025-12-09,13,26.0,8.9,34.0,0.0,,50.0,6.0,,1016.0,,1.0
2025-12-09,14,24.0,9.9,41.0,0.0,,50.0,7.0,,1017.0,,1.0
2025-12-09,15,23.0,9.0,41.0,0.0,,30.0,6.0,,1017.0,,1.0
2025-12-09,16,22.0,8.8,43.0,0.0,,40.0,4.0,,1017.0,,1.0
2025-12-09,17,21.0,8.9,46.0,0.0,,40.0,7.0,,1017.0,,1.0
2025-12-09,18,20.0,9.0,49.0,0.0,,60.0,9.0,,1017.0,,1.0
2025-12-09,19,19.0,8.9,52.0,0.0,,40.0,7.0,,1017.0,,1.0
2025-12-09,20,16.0,10.1,68.0,0.0,,50.0,6.0,,1017.0,,1.0
2025-12-09,21,16.0,10.1,68.0,0.0,,30.0,6.0,,1017.0,,1.0
2025-12-09,22,18.0,9.1,56.0,0.0,,60.0,6.0,,1016.0,,5.0
2025-12-09,23,16.0,8.0,59.0,0.0,,50.0,9.0,,1016.0,,5.0
2025-12-10,0,15.0,4.9,51.0,0.0,,40.0,9.0,,1017.0,,5.0
2025-12-10,1,16.0,8.0,59.0,0.0,,20.0,4.0,,1018.0,,5.0
2025-12-10,2,16.0,8.0,59.0,0.0,,50.0,7.0,,1018.0,,5.0
2025-12-10,3,20.0,8.0,46.0,0.0,,60.0,11.0,,1019.0,,1.0
2025-12-10,4,22.0,8.8,43.0,0.0,,90.0,11.0,,1020.0,,1.0
2025-12-10,5,24.0,9.2,39.0,0.0,,60.0,11.0,,1020.0,,1.0
2025-12-10,6,28.0,10.2,33.0,0.0,,60.0,9.0,,1018.0,,1.0
2025-12-10,7,29.0,8.1,27.0,0.0,,130.0,7.0,,1017.0,,1.0
2025-12-10,8,30.0,6.0,22.0,0.0,,120.0,7.0,,1016.0,,1.0
2025-12-10,9,30.0,6.0,22.0,0.0,,80.0,9.0,,1015.0,,1.0
2025-12-10,10,30.0,6.0,22.0,0.0,,10.0,11.0,,1015.0,,1.0
2025-12-10,11,29.0,5.8,23.0,0.0,,40.0,11.0,,1015.0,,1.0
2025-12-10,12,27.0,8.0,30.0,0.0,,40.0,7.0,,1016.0,,1.0
2025-12-10,13,26.0,8.0,32.0,0.0,,50.0,7.0,,1016.0,,1.0
2025-12-10,14,23.0,9.0,41.0,0.0,,30.0,7.0,,1017.0,,1.0
2025-12-10,15,22.0,8.8,43.0,0.0,,10.0,4.0,,1017.0,,1.0
2025-12-10,16,21.0,8.9,46.0,0.0,,52.0,0.0,,1018.0,,1.0
2025-12-10,17,19.0,10.0,56.0,0.0,,66.0,0.0,,1018.0,,1.0
2025-12-10,18,17.0,9.9,63.0,0.0,,64.0,1.8,,1017.0,,5.0
2025-12-10,19,17.0,9.9,63.0,0.0,,360.0,4.0,,1017.0,,5.0
2025-12-10,20,15.0,10.0,72.0,0.0,,350.0,6.0,,1016.0,,5.0
2025-12-10,21,15.0,8.9,67.0,0.0,,52.0,1.8,,1016.0,,5.0
2025-12-10,22,17.0,8.9,59.0,0.0,,30.0,6.0,,1016.0,,5.0
2025-12-10,23,16.0,10.1,68.0,0.0,,50.0,6.0,,1016.0,,5.0
2025-12-11,0,16.0,9.0,63.0,0.0,,50.0,9.0,,1016.0,,5.0
2025-12-11,1,17.0,8.9,59.0,0.0,,40.0,7.0,,1017.0,,5.0
2025-12-11,2,14.0,10.0,77.0,0.0,,40.0,6.0,,1017.0,,5.0
2025-12-11,3,18.0,8.0,52.0,0.0,,60.0,11.0,,1018.0,,1.0
2025-12-11,4,23.0,9.0,41.0,0.0,,70.0,13.0,,1019.0,,1.0
2025-12-11,5,24.0,9.2,39.0,0.0,,70.0,11.0,,1019.0,,1.0
2025-12-11,6,27.0,8.0,30.0,0.0,,60.0,4.0,,1018.0,,1.0
2025-12-11,7,28.0,7.3,27.0,0.0,,120.0,11.0,,1016.0,,1.0
2025-12-11,8,29.0,7.0,25.0,0.0,,90.0,11.0,,1015.0,,1.0
2025-12-11,9,30.0,7.8,25.0,0.0,,30.0,6.0,,1014.0,,1.0
2025-12-11,10,29.0,7.0,25.0,0.0,,10.0,7.0,,1014.0,,1.0
2025-12-11,11,28.0,8.8,30.0,0.0,,50.0,7.0,,1014.0,,1.0
2025-12-11,12,27.0,8.9,32.0,0.0,,60.0,7.0,,1014.0,,1.0
2025-12-11,13,25.0,10.1,39.0,0.0,,30.0,6.0,,1015.0,,1.0
2025-12-11,14,22.0,11.1,50.0,0.0,,50.0,6.0,,1015.0,,1.0
2025-12-11,15,21.0,11.9,56.0,0.0,,76.0,1.8,,1016.0,,1.0
2025-12-11,16,21.0,11.9,56.0,0.0,,59.0,0.0,,1016.0,,1.0
2025-12-11,17,19.0,12.0,64.0,0.0,,37.0,0.0,,1016.0,,1.0
2025-12-11,18,19.0,12.0,64.0,0.0,,40.0,6.0,,1015.0,,5.0
2025-12-11,19,17.0,11.9,72.0,0.0,,37.0,1.8,,1015.0,,5.0
2025-12-11,20,17.0,11.9,72.0,0.0,,40.0,1.8,,1014.0,,5.0
2025-12-11,21,17.0,11.9,72.0,0.0,,43.0,1.8,,1014.0,,5.0
2025-12-11,22,16.0,12.0,77.0,0.0,,49.0,1.8,,1014.0,,5.0
2025-12-11,23,16.0,12.0,77.0,0.0,,50.0,11.0,,1015.0,,5.0
2025-12-12,0,16.0,11.0,72.0,0.0,,70.0,7.0,,1015.0,,5.0
2025-12-12,1,15.0,10.0,72.0,0.0,,10.0,6.0,,1015.0,,5.0
2025-12-12,2,14.0,11.0,82.0,0.0,,10.0,6.0,,1015.0,,5.0
2025-12-12,3,18.0,10.1,60.0,0.0,,30.0,4.0,,1016.0,,5.0
2025-12-12,4,22.0,8.8,43.0,0.0,,60.0,9.0,,1017.0,,5.0
2025-12-12,5,23.0,9.0,41.0,0.0,,80.0,11.0,,1017.0,,1.0
2025-12-12,6,26.0,8.0,32.0,0.0,,70.0,11.0,,1016.0,,1.0
2025-12-12,7,27.0,6.9,28.0,0.0,,20.0,15.0,,1014.0,,1.0
2025-12-12,8,28.0,7.8,28.0,0.0,,80.0,4.0,,1013.0,,1.0
2025-12-12,9,27.0,6.9,28.0,0.0,,80.0,9.0,,1013.0,,1.0
2025-12-12,10,27.0,6.9,28.0,0.0,,50.0,11.0,,1013.0,,1.0
2025-12-12,11,27.0,5.9,26.0,0.0,,20.0,11.0,,1013.0,,1.0
2025-12-12,12,24.0,9.2,39.0,0.0,,10.0,6.0,,1013.0,,1.0
2025-12-12,13,23.0,11.1,47.0,0.0,,350.0,6.0,,1014.0,,1.0
2025-12-12,14,20.0,12.0,60.0,0.0,,350.0,6.0,,1014.0,,5.0
2025-12-12,15,19.0,12.0,64.0,0.0,,350.0,4.0,,1015.0,,5.0
2025-12-12,16,18.0,13.1,73.0,0.0,,350.0,4.0,,1015.0,,5.0
2025-12-12,17,17.0,11.9,72.0,0.0,,350.0,4.0,,1015.0,,5.0
2025-12-12,18,17.0,12.9,77.0,0.0,,10.0,4.0,,1015.0,,5.0
2025-12-12,19,17.0,11.9,72.0,0.0,,10.0,4.0,,1014.0,,5.0
2025-12-12,20,16.0,12.0,77.0,0.0,,360.0,6.0,,1014.0,,5.0
2025-12-12,21,15.0,12.0,82.0,0.0,,35.0,1.8,,1014.0,,5.0
2025-12-12,22,15.0,12.0,82.0,0.0,,360.0,6.0,,1013.0,,5.0
2025-12-12,23,15.0,11.0,77.0,0.0,,10.0,6.0,,1013.0,,5.0
2025-12-13,0,15.0,10.0,72.0,0.0,,20.0,7.0,,1014.0,,5.0
2025-12-13,1,15.0,8.9,67.0,0.0,,20.0,6.0,,1014.0,,5.0
2025-12-13,2,15.0,8.9,67.0,0.0,,20.0,9.0,,1015.0,,5.0
2025-12-13,3,18.0,9.1,56.0,0.0,,30.0,11.0,,1016.0,,5.0
2025-12-13,4,21.0,9.9,49.0,0.0,,20.0,13.0,,1016.0,,5.0
2025-12-13,5,22.0,8.8,43.0,0.0,,20.0,11.0,,1017.0,,1.0
2025-12-13,6,25.0,8.9,36.0,0.0,,20.0,9.0,,1016.0,,1.0
2025-12-13,7,27.0,8.0,30.0,0.0,,30.0,13.0,,1015.0,,1.0
2025-12-13,8,28.0,7.8,28.0,0.0,,50.0,13.0,,1013.0,,1.0
2025-12-13,9,28.0,7.3,27.0,0.0,,30.0,9.0,,1013.0,,1.0
2025-12-13,10,28.0,4.9,23.0,0.0,,30.0,7.0,,1013.0,,1.0
2025-12-13,11,27.0,6.9,28.0,0.0,,30.0,6.0,,1013.0,,1.0
2025-12-13,12,24.0,9.2,39.0,0.0,,10.0,6.0,,1013.0,,1.0
2025-12-13,13,22.0,10.2,47.0,0.0,,10.0,6.0,,1014.0,,1.0
2025-12-13,14,21.0,9.9,49.0,0.0,,350.0,6.0,,1015.0,,1.0
2025-12-13,15,20.0,12.0,60.0,0.0,,40.0,6.0,,1015.0,,1.0
2025-12-13,16,19.0,12.0,64.0,0.0,,360.0,4.0,,1015.0,,5.0
2025-12-13,17,18.0,13.1,73.0,0.0,,340.0,4.0,,1015.0,,5.0
2025-12-13,18,17.0,12.9,77.0,0.0,,360.0,4.0,,1015.0,,5.0
2025-12-13,19,17.0,11.1,68.0,0.0,,10.0,6.0,,1014.0,,5.0
2025-12-13,20,18.0,10.1,60.0,0.0,,10.0,6.0,,1014.0,,5.0
2025-12-13,21,17.0,8.9,59.0,0.0,,20.0,6.0,,1014.0,,5.0
2025-12-13,22,16.0,9.0,63.0,0.0,,30.0,9.0,,1014.0,,5.0
2025-12-13,23,16.0,9.0,63.0,0.0,,30.0,11.0,,1014.0,,5.0
2025-12-14,0,16.0,10.1,68.0,0.0,,50.0,13.0,,1015.0,,5.0
2025-12-14,1,16.0,10.1,68.0,0.0,,50.0,11.0,,1016.0,,5.0
2025-12-14,2,16.0,10.1,68.0,0.0,,40.0,9.0,,1016.0,,5.0
2025-12-14,3,20.0,11.0,56.0,0.0,,60.0,7.0,,1017.0,,5.0
2025-12-14,4,22.0,11.1,50.0,0.0,,60.0,11.0,,1018.0,,1.0
2025-12-14,5,24.0,12.0,47.0,0.0,,70.0,7.0,,1018.0,,1.0
2025-12-14,6,26.0,11.0,39.0,0.0,,80.0,9.0,,1017.0,,1.0
2025-12-14,7,28.0,12.0,37.0,0.0,,170.0,4.0,,1015.0,,1.0
2025-12-14,8,28.0,11.1,35.0,0.0,,20.0,9.0,,1014.0,,1.0
2025-12-14,9,29.0,10.2,31.0,0.0,,30.0,6.0,,1014.0,,1.0
2025-12-14,10,29.0,9.2,29.0,0.0,,40.0,9.0,,1014.0,,1.0
2025-12-14,11,28.0,10.2,33.0,0.0,,70.0,11.0,,1014.0,,1.0
2025-12-14,12,27.0,11.9,39.0,0.0,,50.0,6.0,,1014.0,,1.0
2025-12-14,13,26.0,12.1,42.0,0.0,,40.0,6.0,,1015.0,,1.0
2025-12-14,14,23.0,12.9,53.0,0.0,,60.0,6.0,,1016.0,,1.0
2025-12-14,15,21.0,11.9,56.0,0.0,,20.0,7.0,,1016.0,,1.0
2025-12-14,16,22.0,12.0,53.0,0.0,,50.0,6.0,,1016.0,,5.0
2025-12-14,17,21.0,11.9,56.0,0.0,,50.0,7.0,,1016.0,,5.0
2025-12-14,18,20.0,10.1,53.0,0.0,,50.0,7.0,,1016.0,,5.0
2025-12-14,19,18.0,10.1,60.0,0.0,,40.0,7.0,,1016.0,,5.0
2025-12-14,20,18.0,10.1,60.0,0.0,,50.0,6.0,,1015.0,,5.0
2025-12-14,21,18.0,10.1,60.0,0.0,,50.0,9.0,,1015.0,,5.0
2025-12-14,22,18.0,10.1,60.0,0.0,,40.0,7.0,,1015.0,,5.0
2025-12-14,23,17.0,11.1,68.0,0.0,,50.0,9.0,,1015.0,,5.0
2025-12-15,0,17.0,11.1,68.0,0.0,,40.0,9.0,,1016.0,,5.0
2025-12-15,1,16.7,11.2,70.0,0.0,,44.0,5.5,,1016.5,,1.0
2025-12-15,2,17.5,10.8,65.0,0.0,,47.0,7.4,,1017.3,,1.0
2025-12-15,3,20.0,11.0,56.0,0.0,,60.0,17.0,,1018.0,,5.0
2025-12-15,4,23.0,12.0,50.0,0.0,,60.0,13.0,,1019.0,,1.0
2025-12-15,5,24.0,12.0,47.0,0.0,,90.0,11.0,,1019.0,,1.0
2025-12-15,6,26.0,11.0,39.0,0.0,,120.0,17.0,,1018.0,,1.0
2025-12-15,7,28.0,11.1,35.0,0.0,,100.0,13.0,,1016.0,,1.0
2025-12-15,8,28.0,10.2,33.0,0.0,,100.0,13.0,,1016.0,,1.0
2025-12-15,9,29.0,9.2,29.0,0.0,,80.0,15.0,,1014.0,,1.0
2025-12-15,10,29.0,9.2,29.0,0.0,,50.0,19.0,,1014.0,,1.0
2025-12-15,11,28.0,11.1,35.0,0.0,,50.0,19.0,,1014.0,,1.0
2025-12-15,12,25.0,10.8,41.0,0.0,,50.0,7.0,,1014.0,,1.0
2025-12-15,13,25.0,10.8,41.0,0.0,,70.0,9.0,,1015.0,,1.0
2025-12-15,14,23.0,12.9,53.0,0.0,,40.0,6.0,,1016.0,,1.0
2025-12-15,15,22.0,12.0,53.0,0.0,,50.0,7.0,,1016.0,,1.0
2025-12-15,16,22.0,12.0,53.0,0.0,,40.0,9.0,,1016.0,,1.0
2025-12-15,17,20.0,12.0,60.0,0.0,,40.0,6.0,,1016.0,,1.0
2025-12-15,18,19.0,12.0,64.0,0.0,,60.0,9.0,,1016.0,,5.0
2025-12-15,19,19.0,12.0,64.0,0.0,,50.0,9.0,,1015.0,,5.0
2025-12-15,20,18.0,12.0,68.0,0.0,,40.0,9.0,,1015.0,,5.0
2025-12-15,21,18.0,11.1,64.0,0.0,,60.0,7.0,,1015.0,,5.0
2025-12-15,22,17.0,11.1,68.0,0.0,,50.0,9.0,,1015.0,,5.0
2025-12-15,23,17.0,11.1,68.0,0.0,,70.0,15.0,,1015.0,,5.0
2025-12-16,0,17.0,11.1,68.0,0.0,,60.0,13.0,,1015.0,,5.0
2025-12-16,1,15.0,11.0,77.0,0.0,,50.0,11.0,,1016.0,,5.0
2025-12-16,2,15.0,11.0,77.0,0.0,,50.0,9.0,,1017.0,,5.0
2025-12-16,3,19.0,11.1,60.0,0.0,,90.0,13.0,,1017.0,,5.0
2025-12-16,4,21.0,9.9,49.0,0.0,,100.0,19.0,,1018.0,,5.0
2025-12-16,5,23.0,11.1,47.0,0.0,,80.0,11.0,,1018.0,,1.0
2025-12-16,6,26.0,8.9,34.0,0.0,,100.0,22.0,,1016.0,,1.0
2025-12-16,7,26.0,10.2,37.0,0.0,,70.0,19.0,,1015.0,,1.0
2025-12-16,8,27.0,9.8,34.0,0.0,,90.0,19.0,,1015.0,,1.0
2025-12-16,9,27.0,8.9,32.0,0.0,,70.0,17.0,,1014.0,,1.0
2025-12-16,10,27.0,8.9,32.0,0.0,,60.0,11.0,,1014.0,,1.0
2025-12-16,11,27.0,9.8,34.0,0.0,,80.0,17.0,,1014.0,,1.0
2025-12-16,12,23.0,10.1,44.0,0.0,,50.0,15.0,,1014.0,,1.0
2025-12-16,13,23.0,11.1,47.0,0.0,,60.0,11.0,,1015.0,,1.0
2025-12-16,14,22.0,10.2,47.0,0.0,,70.0,15.0,,1016.0,,1.0
2025-12-16,15,22.0,8.8,43.0,0.0,,70.0,11.0,,1016.0,,1.0
2025-12-16,16,20.0,9.0,49.0,0.0,,60.0,9.0,,1016.0,,1.0
2025-12-16,17,19.0,10.0,56.0,0.0,,60.0,11.0,,1016.0,,1.0
2025-12-16,18,19.0,10.0,56.0,0.0,,70.0,13.0,,1016.0,,1.0
2025-12-16,19,18.0,10.1,60.0,0.0,,70.0,11.0,,1016.0,,1.0
2025-12-16,20,17.0,9.9,63.0,0.0,,60.0,9.0,,1015.0,,5.0
2025-12-16,21,17.0,11.1,68.0,0.0,,50.0,11.0,,1015.0,,5.0
2025-12-16,22,15.0,10.0,72.0,0.0,,40.0,11.0,,1015.0,,5.0
2025-12-16,23,15.0,10.0,72.0,0.0,,40.0,11.0,,1015.0,,5.0
2025-12-17,0,15.0,10.0,72.0,0.0,,50.0,15.0,,1016.0,,5.0
2025-12-17,1,15.0,10.0,72.0,0.0,,50.0,13.0,,1017.0,,5.0
2025-12-17,2,15.0,10.0,72.0,0.0,,60.0,7.0,,1017.0,,5.0
2025-12-17,3,16.0,9.0,63.0,0.0,,30.0,11.0,,1018.0,,5.0
2025-12-17,4,21.0,11.1,53.0,0.0,,80.0,11.0,,1019.0,,5.0
2025-12-17,5,24.0,11.0,44.0,0.0,,60.0,13.0,,1019.0,,5.0
2025-12-17,6,25.0,10.8,41.0,0.0,,90.0,13.0,,1018.0,,5.0
2025-12-17,7,27.0,11.9,39.0,0.0,,70.0,9.0,,1017.0,,1.0
2025-12-17,8,28.0,12.0,37.0,0.0,,80.0,7.0,,1016.0,,1.0
2025-12-17,9,29.0,11.1,33.0,0.0,,50.0,13.0,,1015.0,,1.0
2025-12-17,10,28.0,11.1,35.0,0.0,,60.0,11.0,,1015.0,,1.0
2025-12-17,11,28.0,12.0,37.0,0.0,,40.0,13.0,,1015.0,,1.0
2025-12-17,12,26.0,11.0,39.0,0.0,,70.0,13.0,,1015.0,,1.0
2025-12-17,13,23.0,11.1,47.0,0.0,,50.0,11.0,,1016.0,,1.0
2025-12-17,14,22.0,12.0,53.0,0.0,,50.0,11.0,,1017.0,,1.0
2025-12-17,15,22.0,11.1,50.0,0.0,,60.0,9.0,,1017.0,,1.0
2025-12-17,16,21.0,9.9,49.0,0.0,,70.0,9.0,,1017.0,,1.0
2025-12-17,17,20.0,8.0,46.0,0.0,,80.0,9.0,,1017.0,,1.0
2025-12-17,18,19.0,8.9,52.0,0.0,,50.0,13.0,,1016.0,,1.0
2025-12-17,19,20.0,9.0,49.0,0.0,,50.0,7.0,,1016.0,,1.0
2025-12-17,20,18.0,9.1,56.0,0.0,,40.0,6.0,,1016.0,,1.0
2025-12-17,21,17.0,9.9,63.0,0.0,,50.0,13.0,,1016.0,,1.0
2025-12-17,22,17.0,9.9,63.0,0.0,,20.0,6.0,,1016.0,,5.0
2025-12-17,23,16.0,10.1,68.0,0.0,,50.0,13.0,,1017.0,,5.0
2025-12-18,0,15.0,8.9,67.0,0.0,,70.0,9.0,,1017.0,,5.0
2025-12-18,1,15.0,8.9,67.0,0.0,,30.0,11.0,,1018.0,,5.0
2025-12-18,2,17.0,9.9,63.0,0.0,,80.0,11.0,,1018.0,,5.0
2025-12-18,3,19.0,10.0,56.0,0.0,,90.0,15.0,,1018.0,,5.0
2025-12-18,4,22.0,11.1,50.0,0.0,,70.0,11.0,,1019.0,,5.0
2025-12-18,5,25.0,11.9,44.0,0.0,,70.0,11.0,,1019.0,,1.0
2025-12-18,6,26.0,12.1,42.0,0.0,,70.0,15.0,,1018.0,,1.0
2025-12-18,7,27.0,11.9,39.0,0.0,,90.0,11.0,,1017.0,,1.0
2025-12-18,8,28.0,10.2,33.0,0.0,,80.0,11.0,,1016.0,,1.0
2025-12-18,9,29.0,9.2,29.0,0.0,,60.0,17.0,,1015.0,,1.0
2025-12-18,10,28.0,8.8,30.0,0.0,,60.0,13.0,,1015.0,,2.0
2025-12-18,11,28.0,8.8,30.0,0.0,,40.0,13.0,,1015.0,,2.0
2025-12-18,12,25.0,8.1,34.0,0.0,,90.0,11.0,,1015.0,,2.0
2025-12-18,13,23.0,7.9,38.0,0.0,,60.0,9.0,,1015.0,,1.0
2025-12-18,14,23.0,9.0,41.0,0.0,,50.0,7.0,,1016.0,,1.0
2025-12-18,15,22.0,8.8,43.0,0.0,,30.0,7.0,,1016.0,,1.0
2025-12-18,16,20.0,10.1,53.0,0.0,,50.0,7.0,,1017.0,,1.0
2025-12-18,17,20.0,8.0,46.0,0.0,,50.0,6.0,,1016.0,,1.0
2025-12-18,18,19.0,8.0,49.0,0.0,,40.0,9.0,,1016.0,,1.0
2025-12-18,19,19.0,8.0,49.0,0.0,,50.0,9.0,,1016.0,,1.0
2025-12-18,20,17.0,8.9,59.0,0.0,,60.0,9.0,,1016.0,,1.0
2025-12-18,21,16.0,8.0,59.0,0.0,,50.0,9.0,,1015.0,,1.0
2025-12-18,22,16.0,9.0,63.0,0.0,,50.0,11.0,,1015.0,,1.0
2025-12-18,23,16.0,9.0,63.0,0.0,,50.0,6.0,,1015.0,,5.0
2025-12-19,0,17.0,8.9,59.0,0.0,,20.0,7.0,,1015.0,,5.0
2025-12-19,1,15.9,9.3,65.0,0.0,,41.0,5.5,,1016.5,,1.0
2025-12-19,2,16.0,10.1,68.0,0.0,,50.0,7.0,,1017.0,,5.0
2025-12-19,3,19.0,10.0,56.0,0.0,,70.0,13.0,,1017.0,,5.0
2025-12-19,4,21.0,9.9,49.0,0.0,,60.0,13.0,,1017.0,,1.0
2025-12-19,5,25.0,10.1,39.0,0.0,,80.0,7.0,,1017.0,,1.0
2025-12-19,6,27.0,11.1,37.0,0.0,,70.0,11.0,,1016.0,,1.0
2025-12-19,7,28.0,10.2,33.0,0.0,,80.0,11.0,,1014.0,,1.0
2025-12-19,8,29.0,9.2,29.0,0.0,,50.0,11.0,,1014.0,,1.0
2025-12-19,9,29.0,7.0,25.0,0.0,,40.0,7.0,,1013.0,,1.0
2025-12-19,10,30.0,6.0,22.0,0.0,,70.0,11.0,,1013.0,,1.0
2025-12-19,11,29.0,9.2,29.0,0.0,,30.0,9.0,,1013.0,,1.0
2025-12-19,12,28.0,8.8,30.0,0.0,,10.0,7.0,,1012.0,,1.0
2025-12-19,13,25.0,8.9,36.0,0.0,,50.0,4.0,,1013.0,,1.0
2025-12-19,14,23.0,11.1,47.0,0.0,,58.0,1.8,,1014.0,,1.0
2025-12-19,15,22.0,12.0,53.0,0.0,,58.0,0.0,,1014.0,,1.0
2025-12-19,16,21.0,12.9,60.0,0.0,,360.0,4.0,,1014.0,,1.0
2025-12-19,17,19.0,13.0,68.0,0.0,,320.0,6.0,,1014.0,,5.0
2025-12-19,18,21.0,11.9,56.0,0.0,,340.0,4.0,,1014.0,,5.0
2025-12-19,19,17.1,12.6,75.0,0.0,,102.0,0.0,,1013.9,,1.0
2025-12-19,20,19.0,12.0,64.0,0.0,,120.0,4.0,,1013.0,,5.0
2025-12-19,21,19.0,12.0,64.0,0.0,,60.0,4.0,,1013.0,,5.0
2025-12-19,22,19.0,12.0,64.0,0.0,,50.0,7.0,,1012.0,,5.0
2025-12-19,23,18.0,12.0,68.0,0.0,,40.0,7.0,,1012.0,,5.0
2025-12-20,0,18.0,12.0,68.0,0.0,,50.0,9.0,,1013.0,,5.0
2025-12-20,1,17.0,11.1,68.0,0.0,,50.0,7.0,,1013.0,,5.0
2025-12-20,2,18.0,11.1,64.0,0.0,,70.0,6.0,,1014.0,,5.0
2025-12-20,3,21.0,9.9,49.0,0.0,,70.0,9.0,,1015.0,,5.0
2025-12-20,4,24.0,11.0,44.0,0.0,,100.0,7.0,,1015.0,,1.0
2025-12-20,5,24.2,12.2,47.0,0.0,,79.0,3.7,,1015.0,,1.0
2025-12-20,6,27.0,11.1,37.0,0.0,,100.0,4.0,,1015.0,,1.0
2025-12-20,7,29.0,9.2,29.0,0.0,,78.0,4.0,,1013.0,,1.0
2025-12-20,8,30.0,9.0,27.0,0.0,,64.0,6.0,,1012.0,,1.0
2025-12-20,9,30.0,7.2,24.0,0.0,,20.0,9.0,,1011.0,,1.0
2025-12-20,10,30.0,9.0,27.0,0.0,,60.0,11.0,,1011.0,,1.0
2025-12-20,11,29.0,8.1,27.0,0.0,,60.0,11.0,,1011.0,,1.0
2025-12-20,12,28.0,11.1,35.0,0.0,,80.0,7.0,,1011.0,,1.0
2025-12-20,13,26.0,11.0,39.0,0.0,,40.0,7.0,,1012.0,,1.0
2025-12-20,14,25.0,11.9,44.0,0.0,,60.0,4.0,,1013.0,,1.0
2025-12-20,15,20.9,13.6,63.0,0.0,,33.0,0.0,,1013.5,,1.0
2025-12-20,16,19.9,13.8,68.0,0.0,,51.0,0.0,,1013.6,,1.0
2025-12-20,17,18.9,13.7,72.0,0.0,,48.0,0.0,,1013.7,,1.0
2025-12-20,18,17.9,13.8,77.0,0.0,,46.0,0.0,,1013.9,,1.0
2025-12-20,19,17.5,13.4,77.0,0.0,,50.0,0.0,,1013.8,,1.0
2025-12-20,20,17.1,13.2,78.0,0.0,,58.0,1.8,,1013.6,,1.0
2025-12-20,21,16.6,12.9,79.0,0.0,,54.0,1.8,,1013.5,,1.0
2025-12-20,22,16.3,12.8,80.0,0.0,,53.0,1.8,,1013.6,,1.0
2025-12-20,23,16.0,12.7,81.0,0.0,,52.0,1.8,,1013.6,,1.0
2025-12-21,0,15.6,12.7,83.0,0.0,,52.0,3.7,,1013.7,,1.0
2025-12-21,1,16.3,12.3,77.0,0.0,,52.0,3.7,,1014.4,,1.0
2025-12-21,2,17.1,12.0,72.0,0.0,,53.0,3.7,,1015.0,,2.0
2025-12-21,3,17.8,11.6,67.0,0.0,,53.0,3.7,,1015.7,,2.0
2025-12-21,4,20.9,11.8,56.0,0.0,,64.0,3.7,,1015.8,,2.0
2025-12-21,5,24.0,12.0,47.0,0.0,,73.0,5.5,,1015.9,,2.0
2025-12-21,6,27.2,12.0,39.0,0.0,,81.0,5.5,,1016.0,,2.0
2025-12-21,7,28.3,12.2,37.0,0.0,,80.0,5.5,,1015.0,,2.0
2025-12-21,8,29.4,11.9,34.0,0.0,,78.0,5.5,,1013.9,,2.0
2025-12-21,9,30.5,11.9,32.0,0.0,,77.0,5.5,,1012.9,,2.0
2025-12-21,10,29.7,13.5,37.0,0.0,,78.0,3.7,,1012.8,,2.0
2025-12-21,11,29.0,14.0,40.0,0.0,,83.0,3.7,,1012.8,,2.0
2025-12-21,12,28.2,15.1,45.0,0.0,,90.0,1.8,,1012.7,,3.0
2025-12-21,13,25.6,15.0,52.0,0.0,,79.0,1.8,,1013.5,,3.0
2025-12-21,14,22.9,15.0,61.0,0.0,,66.0,1.8,,1014.2,,2.0
2025-12-21,15,20.3,14.9,71.0,0.0,,52.0,1.8,,1015.0,,2.0
2025-12-21,16,19.3,14.5,74.0,0.0,,58.0,1.8,,1015.2,,2.0
2025-12-21,17,18.3,14.4,78.0,0.0,,63.0,1.8,,1015.3,,2.0
2025-12-21,18,17.3,14.0,81.0,0.0,,68.0,1.8,,1015.5,,2.0
2025-12-21,19,17.0,13.5,80.0,0.0,,67.0,1.8,,1015.3,,2.0
2025-12-21,20,16.6,13.1,80.0,0.0,,66.0,1.8,,1015.0,,2.0
2025-12-21,21,16.3,12.8,80.0,0.0,,65.0,1.8,,1014.7,,2.0
2025-12-21,22,16.0,12.7,81.0,0.0,,58.0,3.7,,1014.7,,2.0
2025-12-21,23,15.6,12.5,82.0,0.0,,54.0,3.7,,1014.7,,2.0
2025-12-22,0,15.3,12.4,83.0,0.0,,50.0,3.7,,1014.7,,2.0
2025-12-22,1,16.0,12.6,80.0,0.0,,52.0,3.7,,1015.3,,2.0
2025-12-22,2,16.8,12.3,75.0,0.0,,53.0,5.5,,1016.0,,2.0
2025-12-22,3,17.5,12.4,72.0,0.0,,54.0,5.5,,1016.6,,2.0
2025-12-22,4,20.5,12.7,61.0,0.0,,60.0,5.5,,1016.7,,2.0
2025-12-22,5,23.6,12.9,51.0,0.0,,67.0,5.5,,1016.9,,2.0
2025-12-22,6,26.6,13.4,44.0,0.0,,74.0,5.5,,1017.0,,2.0
2025-12-22,7,27.8,13.3,41.0,0.0,,68.0,5.5,,1015.9,,2.0
2025-12-22,8,29.1,13.7,39.0,0.0,,60.0,5.5,,1014.8,,2.0
2025-12-22,9,30.3,14.0,37.0,0.0,,50.0,5.5,,1013.7,,2.0
2025-12-22,10,29.6,14.2,39.0,0.0,,48.0,5.5,,1013.7,,2.0
2025-12-22,11,28.9,14.3,41.0,0.0,,46.0,3.7,,1013.7,,2.0
2025-12-22,12,28.2,14.8,44.0,0.0,,44.0,3.7,,1013.6,,2.0
2025-12-22,13,25.0,12.9,47.0,0.0,,40.0,7.0,,1013.0,,2.0
2025-12-22,14,24.0,14.1,54.0,0.0,,50.0,6.0,,1014.0,,2.0
2025-12-22,15,24.0,12.9,50.0,0.0,,40.0,4.0,,1014.0,,2.0
2025-12-22,16,23.0,12.9,53.0,0.0,,50.0,6.0,,1015.0,,2.0
2025-12-22,17,22.0,13.1,57.0,0.0,,70.0,7.0,,1014.0,,2.0
2025-12-22,18,21.0,12.9,60.0,0.0,,33.0,0.0,,1014.0,,2.0
2025-12-22,19,20.0,13.0,64.0,0.0,,40.0,6.0,,1014.0,,1.0
2025-12-22,20,19.0,13.0,68.0,0.0,,40.0,6.0,,1014.0,,5.0
2025-12-22,21,19.0,13.0,68.0,0.0,,30.0,6.0,,1014.0,,5.0
2025-12-22,22,18.0,13.1,73.0,0.0,,50.0,7.0,,1014.0,,5.0
2025-12-22,23,18.0,13.1,73.0,0.0,,50.0,7.0,,1014.0,,5.0
2025-12-23,0,17.0,11.1,68.0,0.0,,50.0,9.0,,1014.0,,5.0
2025-12-23,1,16.6,12.7,78.0,0.0,,32.0,3.7,,1014.9,,1.0
2025-12-23,2,17.0,11.9,72.0,0.0,,50.0,11.0,,1015.0,,5.0
2025-12-23,3,19.0,12.0,64.0,0.0,,50.0,9.0,,1016.0,,5.0
2025-12-23,4,23.0,12.9,53.0,0.0,,50.0,9.0,,1016.0,,5.0
2025-12-23,5,25.0,12.9,47.0,0.0,,80.0,17.0,,1016.0,,1.0
2025-12-23,6,26.0,13.2,45.0,0.0,,80.0,6.0,,1016.0,,1.0
2025-12-23,7,29.0,12.0,35.0,0.0,,80.0,15.0,,1014.0,,1.0
2025-12-23,8,29.0,11.1,33.0,0.0,,130.0,9.0,,1014.0,,1.0
2025-12-23,9,29.0,11.1,33.0,0.0,,110.0,6.0,,1013.0,,1.0
2025-12-23,10,30.0,12.0,33.0,0.0,,20.0,11.0,,1013.0,,1.0
2025-12-23,11,29.0,11.1,33.0,0.0,,30.0,13.0,,1013.0,,1.0
2025-12-23,12,27.0,11.1,37.0,0.0,,20.0,6.0,,1013.0,,1.0
2025-12-23,13,25.0,10.8,41.0,0.0,,30.0,6.0,,1013.0,,1.0
2025-12-23,14,23.0,12.0,50.0,0.0,,45.0,1.8,,1014.0,,1.0
2025-12-23,15,23.0,12.0,50.0,0.0,,36.0,0.0,,1014.0,,1.0
2025-12-23,16,23.0,12.0,50.0,0.0,,340.0,6.0,,1015.0,,1.0
2025-12-23,17,23.0,12.0,50.0,0.0,,340.0,6.0,,1014.0,,1.0
2025-12-23,18,23.0,11.1,47.0,0.0,,260.0,15.0,,1014.0,,1.0
2025-12-23,19,22.0,11.1,50.0,0.0,,350.0,7.0,,1014.0,,1.0
2025-12-23,20,21.0,12.9,60.0,0.0,,70.0,6.0,,1014.0,,1.0
2025-12-23,21,20.0,13.0,64.0,0.0,,70.0,6.0,,1014.0,,1.0
2025-12-23,22,19.0,13.0,68.0,0.0,,70.0,6.0,,1014.0,,5.0
2025-12-23,23,18.0,12.0,68.0,0.0,,40.0,4.0,,1014.0,,5.0
2025-12-24,0,18.0,12.0,68.0,0.0,,40.0,7.0,,1014.0,,5.0
2025-12-24,1,17.0,11.9,72.0,0.0,,40.0,11.0,,1014.0,,5.0
2025-12-24,2,18.0,12.0,68.0,0.0,,60.0,9.0,,1015.0,,5.0
2025-12-24,3,20.0,11.0,56.0,0.0,,80.0,11.0,,1015.0,,5.0
2025-12-24,4,23.0,11.1,47.0,0.0,,90.0,17.0,,1016.0,,1.0
2025-12-24,5,25.0,11.9,44.0,0.0,,50.0,11.0,,1016.0,,1.0
2025-12-24,6,27.0,13.0,42.0,0.0,,80.0,9.0,,1015.0,,1.0
2025-12-24,7,27.0,11.9,39.0,0.0,,90.0,6.0,,1014.0,,1.0
2025-12-24,8,28.0,12.0,37.0,0.0,,130.0,6.0,,1014.0,,1.0
2025-12-24,9,29.0,10.2,31.0,0.0,,40.0,7.0,,1013.0,,1.0
2025-12-24,10,28.0,10.2,33.0,0.0,,50.0,17.0,,1013.0,,1.0
2025-12-24,11,28.0,8.8,30.0,0.0,,40.0,9.0,,1013.0,,1.0
2025-12-24,12,26.0,8.9,34.0,0.0,,70.0,7.0,,1013.0,,1.0
2025-12-24,13,26.0,11.0,39.0,0.0,,50.0,6.0,,1014.0,,1.0
2025-12-24,14,24.0,11.0,44.0,0.0,,60.0,7.0,,1014.0,,1.0
2025-12-24,15,21.0,11.9,56.0,0.0,,340.0,9.0,,1014.0,,1.0
2025-12-24,16,20.0,13.0,64.0,0.0,,350.0,4.0,,1014.0,,5.0
2025-12-24,17,22.0,12.0,53.0,0.0,,10.0,6.0,,1014.0,,5.0
2025-12-24,18,20.0,12.0,60.0,0.0,,340.0,7.0,,1014.0,,5.0
2025-12-24,19,21.0,11.9,56.0,0.0,,360.0,7.0,,1014.0,,5.0
2025-12-24,20,18.0,12.0,68.0,0.0,,26.0,3.7,,1013.0,,5.0
2025-12-24,21,18.0,12.0,68.0,0.0,,80.0,11.0,,1013.0,,5.0
2025-12-24,22,17.0,11.9,72.0,0.0,,50.0,9.0,,1013.0,,5.0
2025-12-24,23,17.0,11.9,72.0,0.0,,50.0,11.0,,1013.0,,5.0
2025-12-25,0,17.0,11.9,72.0,0.0,,70.0,9.0,,1013.0,,5.0
2025-12-25,1,17.0,11.9,72.0,0.0,,50.0,11.0,,1014.0,,5.0
2025-12-25,2,17.0,11.9,72.0,0.0,,50.0,9.0,,1015.0,,5.0
2025-12-25,3,19.0,12.0,64.0,0.0,,50.0,9.0,,1016.0,,5.0
2025-12-25,4,21.0,11.9,56.0,0.0,,60.0,7.0,,1017.0,,5.0
2025-12-25,5,23.0,12.9,53.0,0.0,,60.0,11.0,,1017.0,,1.0
2025-12-25,6,26.0,13.2,45.0,0.0,,100.0,11.0,,1016.0,,1.0
2025-12-25,7,27.0,11.9,39.0,0.0,,140.0,7.0,,1015.0,,1.0
2025-12-25,8,27.0,9.8,34.0,0.0,,150.0,7.0,,1014.0,,1.0
2025-12-25,9,28.0,10.2,33.0,0.0,,90.0,15.0,,1013.0,,1.0
2025-12-25,10,27.0,9.8,34.0,0.0,,70.0,11.0,,1013.0,,1.0
2025-12-25,11,27.0,9.8,34.0,0.0,,100.0,9.0,,1013.0,,1.0
2025-12-25,12,25.0,11.9,44.0,0.0,,40.0,11.0,,1013.0,,1.0
2025-12-25,13,24.0,12.0,47.0,0.0,,40.0,7.0,,1014.0,,1.0
2025-12-25,14,22.0,12.0,53.0,0.0,,40.0,6.0,,1014.0,,1.0
2025-12-25,15,21.0,11.9,56.0,0.0,,40.0,9.0,,1015.0,,1.0
2025-12-25,16,21.0,11.9,56.0,0.0,,60.0,4.0,,1015.0,,1.0
2025-12-25,17,20.0,12.0,60.0,0.0,,50.0,6.0,,1015.0,,5.0
2025-12-25,18,20.0,12.0,60.0,0.0,,50.0,6.0,,1015.0,,5.0
2025-12-25,19,19.0,12.0,64.0,0.0,,50.0,6.0,,1014.0,,5.0
2025-12-25,20,19.0,11.1,60.0,0.0,,60.0,6.0,,1014.0,,5.0
2025-12-25,21,18.0,11.1,64.0,0.0,,60.0,7.0,,1014.0,,5.0
2025-12-25,22,17.0,11.1,68.0,0.0,,40.0,7.0,,1014.0,,5.0
2025-12-25,23,17.0,11.1,68.0,0.0,,30.0,4.0,,1014.0,,5.0
2025-12-26,0,16.0,11.0,72.0,0.0,,20.0,6.0,,1014.0,,5.0
2025-12-26,1,16.0,11.0,72.0,0.0,,40.0,9.0,,1015.0,,5.0
2025-12-26,2,16.0,11.0,72.0,0.0,,60.0,11.0,,1016.0,,5.0
2025-12-26,3,17.0,11.1,68.0,0.0,,60.0,11.0,,1016.0,,5.0
2025-12-26,4,20.0,11.0,56.0,0.0,,50.0,15.0,,1017.0,,5.0
2025-12-26,5,23.0,12.0,50.0,0.0,,70.0,15.0,,1017.0,,1.0
2025-12-26,6,25.0,12.9,47.0,0.0,,60.0,15.0,,1015.0,,1.0
2025-12-26,7,26.0,13.2,45.0,0.0,,100.0,19.0,,1014.0,,1.0
2025-12-26,8,27.0,11.9,39.0,0.0,,70.0,15.0,,1014.0,,1.0
2025-12-26,9,27.0,11.9,39.0,0.0,,50.0,9.0,,1012.0,,1.0
2025-12-26,10,27.0,13.0,42.0,0.0,,50.0,13.0,,1012.0,,1.0
2025-12-26,11,26.0,13.2,45.0,0.0,,40.0,17.0,,1012.0,,1.0
2025-12-26,12,24.0,12.0,47.0,0.0,,60.0,15.0,,1013.0,,1.0
2025-12-26,13,23.0,12.0,50.0,0.0,,60.0,7.0,,1013.0,,1.0
2025-12-26,14,22.0,12.0,53.0,0.0,,50.0,11.0,,1014.0,,1.0
2025-12-26,15,21.0,11.1,53.0,0.0,,70.0,13.0,,1014.0,,5.0
2025-12-26,16,20.0,10.1,53.0,0.0,,50.0,11.0,,1015.0,,5.0
2025-12-26,17,20.0,10.1,53.0,0.0,,50.0,9.0,,1014.0,,5.0
2025-12-26,18,19.0,10.0,56.0,0.0,,50.0,9.0,,1014.0,,5.0
2025-12-26,19,18.0,10.1,60.0,0.0,,50.0,11.0,,1014.0,,5.0
2025-12-26,20,18.0,10.1,60.0,0.0,,80.0,11.0,,1014.0,,5.0
2025-12-26,21,17.0,9.9,63.0,0.0,,40.0,13.0,,1014.0,,5.0
2025-12-26,22,16.0,10.1,68.0,0.0,,50.0,9.0,,1014.0,,5.0
2025-12-26,23,15.0,10.0,72.0,0.0,,40.0,9.0,,1014.0,,5.0
2025-12-27,0,16.0,10.1,68.0,0.0,,70.0,15.0,,1014.0,,5.0
2025-12-27,1,15.0,10.0,72.0,0.0,,50.0,11.0,,1015.0,,5.0
2025-12-27,2,16.0,10.1,68.0,0.0,,60.0,13.0,,1016.0,,5.0
2025-12-27,3,17.0,9.9,63.0,0.0,,50.0,15.0,,1016.0,,5.0
2025-12-27,4,20.0,10.1,53.0,0.0,,70.0,19.0,,1017.0,,5.0
2025-12-27,5,22.0,11.1,50.0,0.0,,70.0,13.0,,1017.0,,1.0
2025-12-27,6,23.0,11.1,47.0,0.0,,70.0,13.0,,1016.0,,1.0
2025-12-27,7,25.0,11.9,44.0,0.0,,30.0,7.0,,1015.0,,1.0
2025-12-27,8,25.0,11.9,44.0,0.0,,70.0,7.0,,1015.0,,1.0
2025-12-27,9,26.0,12.1,42.0,0.0,,120.0,9.0,,1013.0,,1.0
2025-12-27,10,26.0,13.2,45.0,0.0,,40.0,11.0,,1013.0,,1.0
2025-12-27,11,26.0,13.2,45.0,0.0,,20.0,13.0,,1013.0,,1.0
2025-12-27,12,24.0,14.1,54.0,0.0,,30.0,9.0,,1013.0,,1.0
2025-12-27,13,23.0,12.9,53.0,0.0,,40.0,6.0,,1014.0,,1.0
2025-12-27,14,22.0,13.1,57.0,0.0,,40.0,6.0,,1015.0,,1.0
2025-12-27,15,22.0,13.1,57.0,0.0,,50.0,6.0,,1015.0,,1.0
2025-12-27,16,20.0,13.9,68.0,0.0,,40.0,6.0,,1015.0,,5.0
2025-12-27,17,20.0,12.0,60.0,0.0,,50.0,7.0,,1015.0,,5.0
2025-12-27,18,19.0,12.0,64.0,0.0,,30.0,6.0,,1014.0,,5.0
2025-12-27,19,19.0,12.0,64.0,0.0,,40.0,6.0,,1014.0,,5.0
2025-12-27,20,18.0,11.1,64.0,0.0,,60.0,9.0,,1014.0,,5.0
2025-12-27,21,17.0,11.1,68.0,0.0,,50.0,9.0,,1014.0,,5.0
2025-12-27,22,17.0,9.9,63.0,0.0,,50.0,9.0,,1014.0,,5.0
2025-12-27,23,16.0,10.1,68.0,0.0,,50.0,11.0,,1014.0,,5.0
2025-12-28,0,16.0,10.1,68.0,0.0,,70.0,9.0,,1015.0,,5.0
2025-12-28,1,15.0,10.0,72.0,0.0,,60.0,7.0,,1015.0,,5.0
2025-12-28,2,17.0,8.9,59.0,0.0,,70.0,13.0,,1016.0,,5.0
2025-12-28,3,17.0,8.9,59.0,0.0,,80.0,13.0,,1017.0,,5.0
2025-12-28,4,20.0,10.1,53.0,0.0,,70.0,13.0,,1018.0,,1.0
2025-12-28,5,22.0,11.1,50.0,0.0,,100.0,9.0,,1018.0,,1.0
2025-12-28,6,24.0,12.0,47.0,0.0,,80.0,7.0,,1017.0,,1.0
2025-12-28,7,25.0,10.8,41.0,0.0,,60.0,7.0,,1015.0,,1.0
2025-12-28,8,27.0,11.9,39.0,0.0,,110.0,9.0,,1015.0,,1.0
2025-12-28,9,27.0,9.8,34.0,0.0,,120.0,7.0,,1014.0,,1.0
2025-12-28,10,27.0,11.1,37.0,0.0,,20.0,9.0,,1013.0,,1.0
2025-12-28,11,27.0,11.1,37.0,0.0,,30.0,9.0,,1013.0,,1.0
2025-12-28,12,24.0,11.0,44.0,0.0,,50.0,9.0,,1014.0,,1.0
2025-12-28,13,23.0,12.0,50.0,0.0,,50.0,9.0,,1014.0,,1.0
2025-12-28,14,23.0,12.9,53.0,0.0,,50.0,6.0,,1014.0,,1.0
2025-12-28,15,22.0,13.1,57.0,0.0,,50.0,9.0,,1015.0,,1.0
2025-12-28,16,21.0,11.9,56.0,0.0,,60.0,6.0,,1015.0,,1.0
2025-12-28,17,20.0,12.0,60.0,0.0,,30.0,4.0,,1015.0,,1.0
2025-12-28,18,19.0,12.0,64.0,0.0,,30.0,6.0,,1015.0,,5.0
2025-12-28,19,19.0,12.0,64.0,0.0,,40.0,6.0,,1015.0,,5.0
2025-12-28,20,18.0,11.1,64.0,0.0,,50.0,7.0,,1015.0,,5.0
2025-12-28,21,17.0,11.1,68.0,0.0,,40.0,11.0,,1014.0,,5.0
2025-12-28,22,17.0,11.1,68.0,0.0,,50.0,6.0,,1014.0,,5.0
2025-12-28,23,16.0,9.0,63.0,0.0,,20.0,11.0,,1014.0,,5.0
2025-12-29,0,15.0,8.9,67.0,0.0,,60.0,9.0,,1014.0,,5.0
2025-12-29,1,15.0,8.9,67.0,0.0,,30.0,11.0,,1015.0,,5.0
2025-12-29,2,15.0,10.0,72.0,0.0,,20.0,7.0,,1015.0,,5.0
2025-12-29,3,15.0,8.9,67.0,0.0,,20.0,9.0,,1016.0,,5.0
2025-12-29,4,19.0,10.0,56.0,0.0,,60.0,13.0,,1017.0,,5.0
2025-12-29,5,21.0,11.1,53.0,0.0,,60.0,9.0,,1017.0,,2.0
2025-12-29,6,23.0,12.0,50.0,0.0,,90.0,9.0,,1016.0,,1.0
2025-12-29,7,26.0,13.2,45.0,0.0,,80.0,7.0,,1015.0,,1.0
2025-12-29,8,28.0,12.0,37.0,0.0,,98.0,4.0,,1014.0,,1.0
2025-12-29,9,28.0,11.1,35.0,0.0,,150.0,7.0,,1013.0,,1.0
2025-12-29,10,28.0,11.1,35.0,0.0,,110.0,6.0,,1012.0,,1.0
2025-12-29,11,27.0,11.1,37.0,0.0,,40.0,6.0,,1012.0,,1.0
2025-12-29,12,25.0,12.9,47.0,0.0,,50.0,6.0,,1013.0,,1.0
2025-12-29,13,24.0,12.9,50.0,0.0,,50.0,6.0,,1014.0,,1.0
2025-12-29,14,24.0,12.9,50.0,0.0,,20.0,6.0,,1014.0,,1.0
2025-12-29,15,22.0,14.1,61.0,0.0,,40.0,4.0,,1015.0,,1.0
2025-12-29,16,21.0,12.9,60.0,0.0,,40.0,4.0,,1015.0,,1.0
2025-12-29,17,20.0,13.0,64.0,0.0,,50.0,7.0,,1015.0,,5.0
2025-12-29,18,20.0,13.0,64.0,0.0,,40.0,6.0,,1014.0,,5.0
2025-12-29,19,20.0,13.0,64.0,0.0,,20.0,6.0,,1014.0,,5.0
2025-12-29,20,19.0,12.0,64.0,0.0,,50.0,6.0,,1013.0,,5.0
2025-12-29,21,19.0,12.0,64.0,0.0,,90.0,6.0,,1013.0,,5.0
2025-12-29,22,18.0,12.0,68.0,0.0,,60.0,6.0,,1013.0,,5.0
2025-12-29,23,17.0,11.9,72.0,0.0,,40.0,6.0,,1013.0,,5.0
2025-12-30,0,17.0,11.9,72.0,0.0,,50.0,6.0,,1013.0,,5.0
2025-12-30,1,16.0,12.0,77.0,0.0,,40.0,9.0,,1014.0,,5.0
2025-12-30,2,16.0,12.0,77.0,0.0,,40.0,7.0,,1014.0,,5.0
2025-12-30,3,16.0,11.0,72.0,0.0,,60.0,7.0,,1014.0,,5.0
2025-12-30,4,20.0,11.0,56.0,0.0,,50.0,6.0,,1015.0,,5.0
2025-12-30,5,23.0,12.0,50.0,0.0,,30.0,4.0,,1015.0,,5.0
2025-12-30,6,25.0,10.8,41.0,0.0,,150.0,9.0,,1015.0,,1.0
2025-12-30,7,26.0,8.9,34.0,0.0,,80.0,4.0,,1013.0,,1.0
2025-12-30,8,26.0,10.2,37.0,0.0,,270.0,7.0,,1011.0,,1.0
2025-12-30,9,27.0,9.8,34.0,0.0,,270.0,6.0,,1011.0,,1.0
2025-12-30,10,27.0,8.9,32.0,0.0,,280.0,9.0,,1010.0,,1.0
2025-12-30,11,26.0,10.2,37.0,0.0,,350.0,4.0,,1010.0,,1.0
2025-12-30,12,24.0,11.0,44.0,0.0,,20.0,4.0,,1011.0,,1.0
2025-12-30,13,22.0,13.1,57.0,0.0,,10.0,4.0,,1011.0,,1.0
2025-12-30,14,22.0,13.1,57.0,0.0,,150.0,1.8,,1012.0,,5.0
2025-12-30,15,19.0,14.1,73.0,0.0,,350.0,7.0,,1013.0,,5.0
2025-12-30,16,19.0,14.1,73.0,0.0,,360.0,4.0,,1013.0,,5.0
2025-12-30,17,19.0,13.0,68.0,0.0,,40.0,7.0,,1012.0,,5.0
2025-12-30,18,18.0,13.1,73.0,0.0,,79.0,0.0,,1012.0,,5.0
2025-12-30,19,18.0,13.1,73.0,0.0,,329.0,0.0,,1012.0,,5.0
2025-12-30,20,17.0,12.9,77.0,0.0,,300.0,0.0,,1011.0,,5.0
2025-12-30,21,16.0,12.9,82.0,0.0,,33.0,0.0,,1011.0,,5.0
2025-12-30,22,16.0,12.9,82.0,0.0,,12.0,0.0,,1011.0,,5.0
2025-12-30,23,16.0,14.0,88.0,0.0,,137.0,0.0,,1010.0,,5.0
2025-12-31,0,15.0,13.0,88.0,0.0,,10.0,4.0,,1011.0,,5.0
2025-12-31,1,15.0,13.0,88.0,0.0,,340.0,4.0,,1011.0,,5.0
2025-12-31,2,15.0,13.0,88.0,0.0,,10.0,4.0,,1012.0,,5.0
2025-12-31,3,16.0,14.0,88.0,0.0,,350.0,4.0,,1012.0,,5.0
2025-12-31,4,21.0,13.9,64.0,0.0,,10.0,4.0,,1013.0,,5.0
2025-12-31,5,23.0,12.0,50.0,0.0,,110.0,9.0,,1013.0,,5.0
2025-12-31,6,24.0,9.9,41.0,0.0,,80.0,11.0,,1012.0,,1.0
2025-12-31,7,26.0,10.2,37.0,0.0,,100.0,6.0,,1010.0,,1.0
2025-12-31,8,26.0,8.9,34.0,0.0,,220.0,17.0,,1009.0,,1.0
2025-12-31,9,26.0,8.9,34.0,0.0,,200.0,11.0,,1008.0,,1.0
2025-12-31,10,26.0,10.2,37.0,0.0,,260.0,4.0,,1008.0,,2.0
2025-12-31,11,26.0,10.2,37.0,0.0,,190.0,9.0,,1008.0,,2.0
2025-12-31,12,25.0,10.8,41.0,0.0,,190.0,4.0,,1009.0,,2.0
2025-12-31,13,24.0,11.0,44.0,0.0,,200.0,4.0,,1009.0,,2.0
2025-12-31,14,22.0,13.1,57.0,0.0,,206.0,4.0,,1010.0,,2.0
2025-12-31,15,23.0,12.0,50.0,0.0,,192.0,4.0,,1010.0,,2.0
2025-12-31,16,22.0,12.0,53.0,0.0,,203.0,4.0,,1011.0,,2.0
2025-12-31,17,22.0,13.1,57.0,0.0,,170.0,6.0,,1011.0,,2.0
2025-12-31,18,22.0,13.1,57.0,0.0,,220.0,6.0,,1011.0,,2.0
2025-12-31,19,21.0,11.9,56.0,0.0,,190.0,6.0,,1010.0,,5.0
2025-12-31,20,20.0,13.0,64.0,0.0,,252.0,1.8,,1010.0,,5.0
2025-12-31,21,20.0,13.0,64.0,0.0,,167.0,0.0,,1010.0,,5.0
2025-12-31,22,19.0,13.0,68.0,0.0,,297.0,0.0,,1010.0,,5.0
2025-12-31,23,18.0,15.1,83.0,0.0,,323.0,0.0,,1010.0,,5.0
