"STATION","DATE","SOURCE","LATITUDE","LONGITUDE","ELEVATION","NAME","REPORT_TYPE","CALL_SIGN","QUALITY_CONTROL","WND","CIG","VIS","TMP","DEW","SLP","AA1","AY1","AY2","AZ1","AZ2","GA1","GA2","GA3","GE1","GF1","KA1","MA1","MD1","MW1","REM","EQD"
"43063099999","2025-01-01T00:00:00","4","18.5333333","73.85","558.0","PUNE, IN","FM-12","99999","V020","999,9,C,0000,1","99999,9,9,N","004000,1,9,9","+0160,1","+0153,1","10156,1",,,,,,,,,,,,"99999,9,09515,1","9,9,999,9,-006,1",,"SYN05243063 32996 00000 10160 20153 39515 40156 333 59006=",
"43063099999","2025-01-01T03:00:00","4","18.5333333","73.85","558.0","PUNE, IN","FM-12","99999","V020","999,9,C,0000,1","99999,9,9,N","004000,1,9,9","+0172,1","+0162,1","10172,1",,"0,1,02,1","0,1,02,1",,,,,,,,"240,N,+0149,1","99999,9,09534,1","9,9,999,9,-010,1","05,1","SYN08043063 32996 00000 10172 20162 39534 40172 70500 333 20149 59010 555 00000 10000=",
"43063099999","2025-01-01T06:00:00","4","18.5333333","73.85","558.0","PUNE, IN","FM-12","99999","V020","090,1,N,0026,1","99999,9,9,N","010000,1,9,9","+0266,1","+0163,1","10157,1",,,,,,,,,,,,"99999,9,09538,1","9,9,999,9,-010,1",,"SYN05243063 32997 00905 10266 20163 39538 40157 333 59010=",
"43063099999","2025-01-01T09:00:00","4","18.5333333","73.85","558.0","PUNE, IN","FM-12","99999","V020","090,1,N,0010,1","99999,9,9,N","010000,1,9,9","+0290,1","+0151,1","10116,1",,,,,,,,,,,,"99999,9,09504,1","9,9,999,9,-012,1",,"SYN05243063 32997 00902 10290 20151 39504 40116 333 59012=",
"43063099999","2025-01-01T12:00:00","4","18.5333333","73.85","558.0","PUNE, IN","FM-12","99999","V020","090,1,N,0005,1","99999,9,9,N","010000,1,9,9","+0286,1","+0154,1","10111,1",,,,,,,,,,,,"99999,9,09499,1","9,9,999,9,-013,1",,"SYN05843063 32997 00901 10286 20154 39499 40111 333 10298 59013=",
"43063099999","2025-01-01T15:00:00","4","18.5333333","73.85","558.0","PUNE, IN","FM-12","99999","V020","110,1,N,0005,1","99999,9,9,N","004000,1,9,9","+0204,1","+0166,1","10148,1",,,,,,,,,,,,"99999,9,09518,1","9,9,999,9,-011,1",,"SYN05243063 32996 01101 10204 20166 39518 40148 333 59011=",
"43063099999","2025-01-01T18:00:00","4","18.5333333","73.85","558.0","PUNE, IN","FM-12","99999","V020","999,9,C,0000,1","99999,9,9,N","004000,1,9,9","+0184,1","+0158,1","10159,1",,,,,,,,,,,,"99999,9,09524,1","9,9,999,9,-010,1",,"SYN05243063 32996 00000 10184 20158 39524 40159 333 59010=",
"43063099999","2025-01-01T21:00:00","4","18.5333333","73.85","558.0","PUNE, IN","FM-12","99999","V020","999,9,C,0000,1","99999,9,9,N","004000,1,9,9","+0168,1","+0158,1","10155,1",,,,,,,,,,,,"99999,9,09516,1","9,9,999,9,-002,1",,"SYN05243063 32996 00000 10168 20158 39516 40155 333 59002=",
"43063099999","2025-01-02T00:00:00","4","18.5333333","73.85","558.0","PUNE, IN","FM-12","99999","V020","999,9,C,0000,1","99999,9,9,N","004000,1,9,9","+0148,1","+0145,1","10150,1",,,,,,,,,,,,"99999,9,09508,1","9,9,999,9,-007,1",,"SYN05243063 32996 00000 10148 20145 39508 40150 333 59007=",
"43063099999","2025-01-02T03:00:00","4","18.5333333","73.85","558.0","PUNE, IN","FM-12","99999","V020","999,9,C,0000,1","22000,1,9,N","002000,1,9,9","+0164,1","+0161,1","10169,1",,"1,1,02,1","1,1,02,1",,,"02,1,+06000,1,00,1",,,"9,AGL   ,+99999,+99999","02,99,1,02,1,99,9,06000,1,99,9,99,9","240,N,+0137,1","99999,9,09530,1","9,9,999,9,-004,1","05,1","SYN09243063 31995 20000 10164 20161 39530 40169 70511 80001 333 20137 59004 82070 555 00000 10068=",
"43063099999","2025-01-02T06:00:00","4","18.5333333","73.85","558.0","PUNE, IN","FM-12","99999","V020","090,1,N,0015,1","22000,1,9,N","010000,1,9,9","+0270,1","+0145,1","10153,1",,,,,,"02,1,+06000,1,00,1",,,"9,AGL   ,+99999,+99999","02,99,1,02,1,99,9,06000,1,99,9,99,9",,"99999,9,09534,1","9,9,999,9,-004,1",,"SYN06443063 32997 20903 10270 20145 39534 40153 80001 333 59004 82070=",
"43063099999","2025-01-02T09:00:00","4","18.5333333","73.85","558.0","PUNE, IN","FM-12","99999","V020","070,1,N,0010,1","22000,1,9,N","010000,1,9,9","+0308,1","+0093,1","10109,1",,,,,,"01,1,+06000,1,00,1",,,"9,AGL   ,+99999,+99999","01,99,1,01,1,99,9,06000,1,99,9,99,9",,"99999,9,09501,1","9,9,999,9,-003,1",,"SYN06443063 32997 10702 10308 20093 39501 40109 80001 333 59003 81070=",
"43063099999","2025-01-02T12:00:00","4","18.5333333","73.85","558.0","PUNE, IN","FM-12","99999","V020","090,1,N,0005,1","22000,1,9,N","010000,1,9,9","+0296,1","+0104,1","10109,1",,,,,,"02,1,+06000,1,00,1",,,"9,AGL   ,+99999,+99999","02,99,1,02,1,99,9,06000,1,99,9,99,9",,"99999,9,09499,1","9,9,999,9,+000,1",,"SYN07043063 32997 20901 10296 20104 39499 40109 80001 333 10313 58000 82070=",
"43063099999","2025-01-02T15:00:00","4","18.5333333","73.85","558.0","PUNE, IN","FM-12","99999","V020","999,9,C,0000,1","99999,9,9,N","004000,1,9,9","+0192,1","+0135,1","10156,1",,,,,,,,,,,,"99999,9,09523,1","9,9,999,9,+005,1",,"SYN05243063 32996 00000 10192 20135 39523 40156 333 58005=",
"43063099999","2025-01-02T18:00:00","4","18.5333333","73.85","558.0","PUNE, IN","FM-12","99999","V020","999,9,C,0000,1","99999,9,9,N","004000,1,9,9","+0170,1","+0129,1","10168,1",,,,,,,,,,,,"99999,9,09529,1","9,9,999,9,+005,1",,"SYN05243063 32996 00000 10170 20129 39529 40168 333 58005=",
"43063099999","2025-01-02T21:00:00","4","18.5333333","73.85","558.0","PUNE, IN","FM-12","99999","V020","999,9,C,0000,1","99999,9,9,N","004000,1,9,9","+0140,1","+0122,1","99999,9",,,,,,,,,,,,"99999,9,09517,1","9,9,999,9,+001,1",,"SYN05243063 32996 00000 10140 20122 39517 40063 333 58001=",
"43063099999","2025-01-03T00:00:00","4","18.5333333","73.85","558.0","PUNE, IN","FM-12","99999","V020","999,9,C,0000,1","99999,9,9,N","004000,1,9,9","+0128,1","+0117,1","10168,1",,,,,,,,,,,,"99999,9,09519,1","9,9,999,9,+011,1",,"SYN05243063 32996 00000 10128 20117 39519 40168 333 58011=",
"43063099999","2025-01-03T03:00:00","4","18.5333333","73.85","558.0","PUNE, IN","FM-12","99999","V020","999,9,C,0000,1","99999,9,9,N","004000,1,9,9","+0156,1","+0132,1","10183,1",,"0,1,02,1","0,1,02,1",,,,,,,,"240,N,+0117,1","99999,9,09540,1","9,9,999,9,+010,1","05,1","SYN08043063 31996 00000 10156 20132 39540 40183 70500 333 20117 58010 555 00000 10000=",
"43063099999","2025-01-03T06:00:00","4","18.5333333","73.85","558.0","PUNE, IN","FM-12","99999","V020","090,1,N,0021,1","22000,1,9,N","010000,1,9,9","+0274,2","+0084,1","10155,1",,,,,,"02,1,+06000,1,00,1",,,"9,AGL   ,+99999,+99999","02,99,1,02,1,99,9,06000,1,99,9,99,9",,"99999,9,09539,1","9,9,999,9,+005,1",,"SYN06443063 32997 20904 10274 20084 39539 40155 80001 333 58005 82070=",
"43063099999","2025-01-03T09:00:00","4","18.5333333","73.85","558.0","PUNE, IN","FM-12","99999","V020","090,1,N,0015,1","22000,1,9,N","010000,1,9,9","+0294,1","+0045,1","10121,1",,,,,,"02,1,+06000,1,00,1",,,"9,AGL   ,+99999,+99999","02,99,1,02,1,99,9,06000,1,99,9,99,9",,"99999,9,09510,1","9,9,999,9,+009,1",,"SYN06443063 32997 20903 10294 20045 39510 40121 80001 333 58009 82070=",
"43063099999","2025-01-03T12:00:00","4","18.5333333","73.85","558.0","PUNE, IN","FM-12","99999","V020","140,1,N,0010,1","99999,9,9,N","010000,1,9,9","+0286,1","+0066,1","10111,1",,,,,,,,,,,,"99999,9,09499,1","9,9,999,9,+000,1",,"SYN05843063 32997 01402 10286 20066 39499 40111 333 10302 58000=",
"43063099999","2025-01-03T15:00:00","4","18.5333333","73.85","558.0","PUNE, IN","FM-12","99999","V020","999,9,C,0000,1","99999,9,9,N","004000,1,9,9","+0176,2","+0117,1","10151,1",,,,,,,,,,,,"99999,9,09514,1","9,9,999,9,-009,1",,"SYN05243063 32996 00000 10176 20117 39514 40151 333 59009=",
"43063099999","2025-01-03T18:00:00","4","18.5333333","73.85","558.0","PUNE, IN","FM-12","99999","V020","999,9,C,0000,1","99999,9,9,N","004000,1,9,9","+0150,1","+0107,1","10160,1",,,,,,,,,,,,"99999,9,09516,1","9,9,999,9,-013,1",,"SYN05243063 32996 00000 10150 20107 39516 40160 333 59013=",
"43063099999","2025-01-03T21:00:00","4","18.5333333","73.85","558.0","PUNE, IN","FM-12","99999","V020","999,9,C,0000,1","99999,9,9,N","004000,1,9,9","+0124,1","+0102,1","10153,1",,,,,,,,,,,,"99999,9,09506,1","9,9,999,9,-011,1",,"SYN05243063 32996 00000 10124 20102 39506 40153 333 59011=",
"43063099999","2025-01-04T00:00:00","4","18.5333333","73.85","558.0","PUNE, IN","FM-12","99999","V020","999,9,C,0000,1","99999,9,9,N","004000,1,9,9","+0112,1","+0093,1","10156,1",,,,,,,,,,,,"99999,9,09506,1","9,9,999,9,-013,1",,"SYN05243063 32996 00000 10112 20093 39506 40156 333 59013=",
"43063099999","2025-01-04T03:00:00","4","18.5333333","73.85","558.0","PUNE, IN","FM-12","99999","V020","999,9,C,0000,1","99999,9,9,N","004000,1,9,9","+0134,1","+0109,1","10168,1",,"0,1,02,1","0,1,02,1",,,,,,,,"240,N,+0096,1","99999,9,09522,1","9,9,999,9,-018,1","05,1","SYN08043063 31996 00000 10134 20109 39522 40168 70500 333 20096 59018 555 00000 10000=",
"43063099999","2025-01-04T06:00:00","4","18.5333333","73.85","558.0","PUNE, IN","FM-12","99999","V020","090,1,N,0010,1","99999,9,9,N","010000,1,9,9","+0264,2","+0078,1","10140,1",,,,,,,,,,,,"99999,9,09523,1","9,9,999,9,-016,1",,"SYN05243063 32997 00902 10264 20078 39523 40140 333 59016=",
"43063099999","2025-01-04T09:00:00","4","18.5333333","73.85","558.0","PUNE, IN","FM-12","99999","V020","090,1,N,0010,1","99999,9,9,N","010000,1,9,9","+0298,1","+0102,1","10109,1",,,,,,,,,,,,"99999,9,09499,1","9,9,999,9,-011,1",,"SYN05243063 32997 00902 10298 20102 39499 40109 333 59011=",
"43063099999","2025-01-04T12:00:00","4","18.5333333","73.85","558.0","PUNE, IN","FM-12","99999","V020","090,1,N,0005,1","99999,9,9,N","010000,1,9,9","+0294,1","+0057,1","10094,1",,,,,,,,,,,,"99999,9,09485,1","9,9,999,9,-014,1",,"SYN05843063 32997 00901 10294 20057 39485 40094 333 10314 59014=",
"43063099999","2025-01-04T15:00:00","4","18.5333333","73.85","558.0","PUNE, IN","FM-12","99999","V020","999,9,C,0000,1","99999,9,9,N","004000,1,9,9","+0178,2","+0099,1","10144,1",,,,,,,,,,,,"99999,9,09508,1","9,9,999,9,-006,1",,"SYN05243063 32996 00000 10178 20099 39508 40144 333 59006=",
"43063099999","2025-01-04T18:00:00","4","18.5333333","73.85","558.0","PUNE, IN","FM-12","99999","V020","999,9,C,0000,1","99999,9,9,N","004000,1,9,9","+0148,1","+0105,1","10152,1",,,,,,,,,,,,"99999,9,09509,1","9,9,999,9,-007,1",,"SYN05243063 32996 00000 10148 20105 39509 40152 333 59007=",
"43063099999","2025-01-04T21:00:00","4","18.5333333","73.85","558.0","PUNE, IN","FM-12","99999","V020","999,9,C,0000,1","99999,9,9,N","004000,1,9,9","+0124,1","+0109,1","10148,1",,,,,,,,,,,,"99999,9,09501,1","9,9,999,9,-005,1",,"SYN05243063 32996 00000 10124 20109 39501 40148 333 59005=",
"43063099999","2025-01-05T00:00:00","4","18.5333333","73.85","558.0","PUNE, IN","FM-12","99999","V020","999,9,C,0000,1","22000,1,9,N","004000,1,9,9","+0122,1","+0107,1","10147,1",,,,,,"01,1,+00780,1,06,1","03,1,+01800,1,03,1",,"9,AGL   ,+99999,+99999","03,99,1,01,1,99,9,00780,1,99,9,99,9",,"99999,9,09500,1","9,9,999,9,-006,1",,"SYN07043063 32596 30000 10122 20107 39500 40147 81530 333 59006 81626 83356=",
"43063099999","2025-01-05T03:00:00","4","18.5333333","73.85","558.0","PUNE, IN","FM-12","99999","V020","999,9,C,0000,1","99999,9,C,N","004000,1,9,9","+0168,1","+0123,1","10159,1",,"2,1,02,1","0,1,02,1",,,"02,1,+00780,1,06,1","03,1,+01800,1,03,1",,"9,AGL   ,+99999,+99999","04,99,1,02,1,99,9,00780,1,99,9,99,9","240,N,+0112,1","99999,9,09520,1","9,9,999,9,-002,1","05,1","SYN09243063 31596 40000 10168 20123 39520 40159 70520 333 20112 59002 82626 83356 555 00000 10000=","Q01 018003SCOCIG"
"43063099999","2025-01-05T06:00:00","4","18.5333333","73.85","558.0","PUNE, IN","FM-12","99999","V020","140,1,N,0010,1","22000,1,9,N","004000,1,9,9","+0272,1","+0096,1","10121,1",,"2,1,02,1","2,1,02,1",,,"01,1,+00780,1,06,1","03,1,+01800,1,03,1",,"9,AGL   ,+99999,+99999","03,99,1,01,1,99,9,00780,1,99,9,99,9",,"99999,9,09516,1","9,9,999,9,-007,1","05,1","SYN07643063 31596 31402 10272 20096 39516 40121 70522 81530 333 59007 81626 83356=",
"43063099999","2025-01-05T09:00:00","4","18.5333333","73.85","558.0","PUNE, IN","FM-12","99999","V020","090,1,N,0005,1","22000,1,9,N","010000,1,9,9","+0302,1","+0077,1","10090,1",,,,,,"01,1,+00780,1,06,1","99,9,+99999,9,03,1",,"9,AGL   ,+99999,+99999","02,99,1,01,1,99,9,00780,1,99,9,99,9",,"99999,9,09484,1","9,9,999,9,-015,1",,"SYN06443063 32597 20901 10302 20077 39484 40090 81530 333 59015 81626=",
"43063099999","2025-01-05T12:00:00","4","18.5333333","73.85","558.0","PUNE, IN","FM-12","99999","V020","999,9,C,0000,1","22000,1,9,N","010000,1,9,9","+0296,1","+0122,1","10087,1",,,,,,"02,1,+01800,1,03,1",,,"9,AGL   ,+99999,+99999","02,99,1,02,1,99,9,01800,1,99,9,99,9",,"99999,9,09478,1","9,9,999,9,-007,1",,"SYN07043063 32797 20000 10296 20122 39478 40087 82030 333 10315 59007 82356=",
"43063099999","2025-01-05T15:00:00","4","18.5333333","73.85","558.0","PUNE, IN","FM-12","99999","V020","999,9,C,0000,1","99999,9,9,N","004000,1,9,9","+0190,1","+0121,1","10136,1",,,,,,,,,,,,"99999,9,09503,1","9,9,999,9,-005,1",,"SYN05243063 32996 00000 10190 20121 39503 40136 333 59005=",
"43063099999","2025-01-05T18:00:00","4","18.5333333","73.85","558.0","PUNE, IN","FM-12","99999","V020","999,9,C,0000,1","99999,9,9,N","004000,1,9,9","+0160,1","+0129,1","10146,1",,,,,,,,,,,,"99999,9,09506,1","9,9,999,9,-003,1",,"SYN05243063 32996 00000 10160 20129 39506 40146 333 59003=",
"43063099999","2025-01-05T21:00:00","4","18.5333333","73.85","558.0","PUNE, IN","FM-12","99999","V020","010,1,N,9999,9","22000,1,9,9","000000,1,9,9","+9999,9","+0139,1","10129,1",,,,,,"04,2,+00780,1,06,1",,,"9,AGL   ,+99999,+99999","01,99,2,04,2,99,9,00780,1,99,9,99,9",,"99999,9,09491,1","9,9,999,9,-010,1",,"SYN004BUFR","Q0134    3WOSPD "
"43063099999","2025-01-06T00:00:00","4","18.5333333","73.85","558.0","PUNE, IN","FM-12","99999","V020","999,9,C,0000,1","99999,9,9,N","004000,1,9,9","+0150,1","+0136,1","10135,1",,,,,,,,,,,,"99999,9,09492,1","9,9,999,9,-008,1",,"SYN05243063 32996 00000 10150 20136 39492 40135 333 59008=",
"43063099999","2025-01-06T03:00:00","4","18.5333333","73.85","558.0","PUNE, IN","FM-12","99999","V020","999,9,C,0000,1","99999,9,9,N","004000,1,9,9","+0172,1","+0152,1","10146,1",,"0,1,02,1","0,1,02,1",,,,,,,,"240,N,+0138,1","99999,9,09510,1","9,9,999,9,-010,1","05,1","SYN08043063 31996 00000 10172 20152 39510 40146 70500 333 20138 59010 555 00000 10000=",
"43063099999","2025-01-06T06:00:00","4","18.5333333","73.85","558.0","PUNE, IN","FM-12","99999","V020","090,1,N,0010,1","99999,9,9,N","010000,1,9,9","+0266,1","+0136,1","10130,1",,,,,,,,,,,,"99999,9,09513,1","9,9,999,9,-003,1",,"SYN05243063 32997 00902 10266 20136 39513 40130 333 59003=",
"43063099999","2025-01-06T09:00:00","4","18.5333333","73.85","558.0","PUNE, IN","FM-12","99999","V020","270,1,N,0005,1","99999,9,9,N","010000,1,9,9","+0306,1","+0114,1","10088,1",,,,,,,,,,,,"99999,9,09482,1","9,9,999,9,-002,1",,"SYN05243063 32997 02701 10306 20114 39482 40088 333 59002=",
"43063099999","2025-01-06T12:00:00","4","18.5333333","73.85","558.0","PUNE, IN","FM-12","99999","V020","270,1,N,0010,1","99999,9,9,N","010000,1,9,9","+0286,1","+0117,1","10086,1",,,,,,,,,,,,"99999,9,09475,1","9,9,999,9,-003,1",,"SYN05843063 32997 02702 10286 20117 39475 40086 333 10309 59003=",
"43063099999","2025-01-06T15:00:00","4","18.5333333","73.85","558.0","PUNE, IN","FM-12","99999","V020","270,1,N,0005,1","99999,9,9,N","004000,1,9,9","+0192,1","+0124,1","10133,1",,,,,,,,,,,,"99999,9,09502,1","9,9,999,9,-001,1",,"SYN05243063 32996 02701 10192 20124 39502 40133 333 59001=",
"43063099999","2025-01-06T18:00:00","4","18.5333333","73.85","558.0","PUNE, IN","FM-12","99999","V020","999,9,C,0000,1","99999,9,9,N","004000,1,9,9","+0166,1","+0139,1","10148,1",,,,,,,,,,,,"99999,9,09510,1","9,9,999,9,+004,1",,"SYN05243063 32996 00000 10166 20139 39510 40148 333 58004=",
"43063099999","2025-01-06T21:00:00","4","18.5333333","73.85","558.0","PUNE, IN","FM-12","99999","V020","999,9,C,0000,1","99999,9,9,N","004000,1,9,9","+0150,1","+0126,1","10143,1",,,,,,,,,,,,"99999,9,09501,1","9,9,999,9,+010,1",,"SYN05243063 32996 00000 10150 20126 39501 40143 333 58010=",
"43063099999","2025-01-07T00:00:00","4","18.5333333","73.85","558.0","PUNE, IN","FM-12","99999","V020","999,9,C,0000,1","99999,9,9,N","004000,1,9,9","+0134,1","+0127,1","10149,1",,,,,,,,,,,,"99999,9,09504,1","9,9,999,9,+012,1",,"SYN05243063 32996 00000 10134 20127 39504 40149 333 58012=",
"43063099999","2025-01-07T03:00:00","4","18.5333333","73.85","558.0","PUNE, IN","FM-12","99999","V020","999,9,C,0000,1","99999,9,9,N","004000,1,9,9","+0148,1","+0134,1","10171,1",,"0,1,02,1","0,1,02,1",,,,,,,,"240,N,+0127,1","99999,9,09527,1","9,9,999,9,+017,1","05,1","SYN08043063 31996 00000 10148 20134 39527 40171 70500 333 20127 58017 555 00000 10000=",
"43063099999","2025-01-07T06:00:00","4","18.5333333","73.85","558.0","PUNE, IN","FM-12","99999","V020","090,1,N,0010,1","99999,9,9,N","004000,1,9,9","+0250,1","+0127,1","10147,1",,"0,1,02,1","0,1,02,1",,,,,,,,,"99999,9,09525,1","9,9,999,9,+012,1","05,1","SYN05843063 31996 00902 10250 20127 39525 40147 70500 333 58012=",
"43063099999","2025-01-07T09:00:00","4","18.5333333","73.85","558.0","PUNE, IN","FM-12","99999","V020","090,1,N,0010,1","99999,9,9,N","010000,1,9,9","+0284,1","+0114,1","10092,1",,,,,,,,,,,,"99999,9,09481,1","9,9,999,9,-001,1",,"SYN05243063 32997 00902 10284 20114 39481 40092 333 59001=",
"43063099999","2025-01-07T12:00:00","4","18.5333333","73.85","558.0","PUNE, IN","FM-12","99999","V020","999,9,C,0000,1","99999,9,9,N","010000,1,9,9","+0280,1","+0121,1","10092,1",,,,,,,,,,,,"99999,9,09479,1","9,9,999,9,+004,1",,"SYN05843063 32997 00000 10280 20121 39479 40092 333 10304 58004=",
"43063099999","2025-01-07T15:00:00","4","18.5333333","73.85","558.0","PUNE, IN","FM-12","99999","V020","999,9,C,0000,1","99999,9,9,N","004000,1,9,9","+0196,1","+0124,1","10134,1",,,,,,,,,,,,"99999,9,09503,1","9,9,999,9,+001,1",,"SYN05243063 32996 00000 10196 20124 39503 40134 333 58001=",
"43063099999","2025-01-07T18:00:00","4","18.5333333","73.85","558.0","PUNE, IN","FM-12","99999","V020","999,9,C,0000,1","99999,9,9,N","004000,1,9,9","+0168,1","+0123,1","10149,1",,,,,,,,,,,,"99999,9,09510,1","9,9,999,9,+000,1",,"SYN05243063 32996 00000 10168 20123 39510 40149 333 58000=",
"43063099999","2025-01-07T21:00:00","4","18.5333333","73.85","558.0","PUNE, IN","FM-12","99999","V020","999,9,C,0000,1","99999,9,9,N","004000,1,9,9","+0158,1","+0134,1","10141,1",,,,,,,,,,,,"99999,9,09501,1","9,9,999,9,+000,1",,"SYN05243063 32996 00000 10158 20134 39501 40141 333 58000=",
"43063099999","2025-01-08T00:00:00","4","18.5333333","73.85","558.0","PUNE, IN","FM-12","99999","V020","999,9,C,0000,1","99999,9,9,N","004000,1,9,9","+0140,1","+0122,1","10145,1",,,,,,,,,,,,"99999,9,09500,1","9,9,999,9,-004,1",,"SYN05243063 32996 00000 10140 20122 39500 40145 333 59004=",
"43063099999","2025-01-08T03:00:00","4","18.5333333","73.85","558.0","PUNE, IN","FM-12","99999","V020","999,9,C,0000,1","22000,1,9,N","004000,1,9,9","+0150,1","+0136,1","10172,1",,"0,1,02,1","0,1,02,1",,,"02,1,+06000,1,00,1",,,"9,AGL   ,+99999,+99999","02,99,1,02,1,99,9,06000,1,99,9,99,9","240,N,+0127,1","99999,9,09528,1","9,9,999,9,+001,1","05,1","SYN09243063 31996 20000 10150 20136 39528 40172 70500 80001 333 20127 58001 82070 555 00000 10000=",
"43063099999","2025-01-08T06:00:00","4","18.5333333","73.85","558.0","PUNE, IN","FM-12","99999","V020","090,1,N,0010,1","22000,1,9,N","010000,1,9,9","+0246,1","+0134,1","10137,1",,"0,1,02,1","0,1,02,1",,,"02,1,+06000,1,00,1",,,"9,AGL   ,+99999,+99999","02,99,1,02,1,99,9,06000,1,99,9,99,9",,"99999,9,09523,1","9,9,999,9,-002,1","05,1","SYN07043063 31997 20902 10246 20134 39523 40137 70500 80001 333 59002 82070=",
"43063099999","2025-01-08T09:00:00","4","18.5333333","73.85","558.0","PUNE, IN","FM-12","99999","V020","090,1,N,0005,1","22000,1,9,N","010000,1,9,9","+0284,1","+0155,1","10099,1",,,,,,"02,1,+06000,1,00,1",,,"9,AGL   ,+99999,+99999","02,99,1,02,1,99,9,06000,1,99,9,99,9",,"99999,9,09488,1","9,9,999,9,+007,1",,"SYN06443063 32997 20901 10284 20155 39488 40099 80001 333 58007 82070=",
"43063099999","2025-01-08T12:00:00","4","18.5333333","73.85","558.0","PUNE, IN","FM-12","99999","V020","090,1,N,0010,1","22000,1,9,N","010000,1,9,9","+0262,1","+0143,1","10100,1",,,,,,"02,1,+06000,1,00,1",,,"9,AGL   ,+99999,+99999","02,99,1,02,1,99,9,06000,1,99,9,99,9",,"99999,9,09485,1","9,9,999,9,+006,1",,"SYN07043063 32997 20902 10262 20143 39485 40100 80001 333 10297 58006 82070=",
"43063099999","2025-01-08T15:00:00","4","18.5333333","73.85","558.0","PUNE, IN","FM-12","99999","V020","090,1,N,0005,1","99999,9,9,N","004000,1,9,9","+0188,1","+0123,1","10136,1",,,,,,,,,,,,"99999,9,09503,1","9,9,999,9,+000,1",,"SYN05243063 32996 00901 10188 20123 39503 40136 333 58000=",
"43063099999","2025-01-08T18:00:00","4","18.5333333","73.85","558.0","PUNE, IN","FM-12","99999","V020","999,9,C,0000,1","99999,9,9,N","004000,1,9,9","+0176,1","+0121,1","10146,1",,,,,,,,,,,,"99999,9,09509,1","9,9,999,9,-001,1",,"SYN05243063 32996 00000 10176 20121 39509 40146 333 59001=",
"43063099999","2025-01-08T21:00:00","4","18.5333333","73.85","558.0","PUNE, IN","FM-12","99999","V020","999,9,C,0000,1","99999,9,9,N","004000,1,9,9","+0160,1","+0106,1","10143,1",,,,,,,,,,,,"99999,9,09503,1","9,9,999,9,+002,1",,"SYN05243063 32996 00000 10160 20106 39503 40143 333 58002=",
"43063099999","2025-01-09T00:00:00","4","18.5333333","73.85","558.0","PUNE, IN","FM-12","99999","V020","999,9,C,0000,1","99999,9,9,N","004000,1,9,9","+0126,1","+0104,1","10149,1",,,,,,,,,,,,"99999,9,09502,1","9,9,999,9,+002,1",,"SYN05243063 32996 00000 10126 20104 39502 40149 333 58002=",
"43063099999","2025-01-09T03:00:00","4","18.5333333","73.85","558.0","PUNE, IN","FM-12","99999","V020","999,9,C,0000,1","22000,1,9,N","004000,1,9,9","+0144,1","+0123,1","10165,1",,"1,1,02,1","0,1,02,1",,,"04,1,+06000,1,00,1",,,"9,AGL   ,+99999,+99999","04,99,1,04,1,99,9,06000,1,99,9,99,9","240,N,+0109,1","99999,9,09521,1","9,9,999,9,-007,1","05,1","SYN09243063 31996 40000 10144 20123 39521 40165 70510 80001 333 20109 59007 84070 555 00000 10000=",
"43063099999","2025-01-09T06:00:00","4","18.5333333","73.85","558.0","PUNE, IN","FM-12","99999","V020","090,1,N,0015,1","99999,9,9,N","010000,1,9,9","+0244,1","+0111,1","10143,1",,,,,,,,,,,,"99999,9,09521,1","9,9,999,9,-003,1",,"SYN05243063 32997 00903 10244 20111 39521 40143 333 59003=",
"43063099999","2025-01-09T09:00:00","4","18.5333333","73.85","558.0","PUNE, IN","FM-12","99999","V020","090,1,N,0026,1","22000,1,9,N","010000,1,9,9","+0274,1","+0104,1","10100,1",,,,,,"01,1,+06000,1,00,1",,,"9,AGL   ,+99999,+99999","01,99,1,01,1,99,9,06000,1,99,9,99,9",,"99999,9,09487,1","9,9,999,9,-001,1",,"SYN06443063 32997 10905 10274 20104 39487 40100 80001 333 59001 81070=",
"43063099999","2025-01-09T12:00:00","4","18.5333333","73.85","558.0","PUNE, IN","FM-12","99999","V020","090,1,N,0015,1","22000,1,9,N","010000,1,9,9","+0266,1","+0092,1","10105,1",,,,,,"01,1,+06000,1,00,1",,,"9,AGL   ,+99999,+99999","01,99,1,01,1,99,9,06000,1,99,9,99,9",,"99999,9,09490,1","9,9,999,9,+005,1",,"SYN07043063 32997 10903 10266 20092 39490 40105 80001 333 10283 58005 81070=",
"43063099999","2025-01-09T15:00:00","4","18.5333333","73.85","558.0","PUNE, IN","FM-12","99999","V020","999,9,C,0000,1","99999,9,9,N","004000,1,9,9","+0184,1","+0118,1","10150,1",,,,,,,,,,,,"99999,9,09515,1","9,9,999,9,+012,1",,"SYN05243063 32996 00000 10184 20118 39515 40150 333 58012=",
"43063099999","2025-01-09T18:00:00","4","18.5333333","73.85","558.0","PUNE, IN","FM-12","99999","V020","999,9,C,0000,1","99999,9,9,N","004000,1,9,9","+0156,1","+0117,1","10163,1",,,,,,,,,,,,"99999,9,09522,1","9,9,999,9,+013,1",,"SYN05243063 32996 00000 10156 20117 39522 40163 333 58013=",
"43063099999","2025-01-09T21:00:00","4","18.5333333","73.85","558.0","PUNE, IN","FM-12","99999","V020","999,9,C,0000,1","99999,9,9,N","004000,1,9,9","+0136,1","+0118,1","10157,1",,,,,,,,,,,,"99999,9,09511,1","9,9,999,9,+008,1",,"SYN05243063 32996 00000 10136 20118 39511 40157 333 58008=",
"43063099999","2025-01-10T00:00:00","4","18.5333333","73.85","558.0","PUNE, IN","FM-12","99999","V020","999,9,C,0000,1","99999,9,9,N","004000,1,9,9","+0122,1","+0107,1","10162,1",,,,,,,,,,,,"99999,9,09513,1","9,9,999,9,+011,1",,"SYN05243063 32996 00000 10122 20107 39513 40162 333 58011=",
"43063099999","2025-01-10T03:00:00","4","18.5333333","73.85","558.0","PUNE, IN","FM-12","99999","V020","999,9,C,0000,1","22000,1,9,N","004000,1,9,9","+0136,1","+0111,1","10182,1",,"0,1,02,1","0,1,02,1",,,"01,1,+06000,1,00,1",,,"9,AGL   ,+99999,+99999","01,99,1,01,1,99,9,06000,1,99,9,99,9","240,N,+0107,1","99999,9,09535,1","9,9,999,9,+014,1","05,1","SYN09243063 31996 10000 10136 20111 39535 40182 70500 80001 333 20107 58014 81070 555 00000 10000=",
"43063099999","2025-01-10T06:00:00","4","18.5333333","73.85","558.0","PUNE, IN","FM-12","99999","V020","090,1,N,0005,1","99999,9,9,N","010000,1,9,9","+0242,1","+0129,1","10160,1",,,,,,,,,,,,"99999,9,09537,1","9,9,999,9,+016,1",,"SYN05243063 32997 00901 10242 20129 39537 40160 333 58016=",
"43063099999","2025-01-10T09:00:00","4","18.5333333","73.85","558.0","PUNE, IN","FM-12","99999","V020","090,1,N,0005,1","99999,9,9,N","004000,1,9,9","+0276,1","+0116,1","10119,1",,"0,1,02,1","0,1,02,1",,,,,,,,,"99999,9,09505,1","9,9,999,9,+018,1","05,1","SYN05843063 31996 00901 10276 20116 39505 40119 70500 333 58018=",
"43063099999","2025-01-10T12:00:00","4","18.5333333","73.85","558.0","PUNE, IN","FM-12","99999","V020","999,9,C,0000,1","99999,9,9,N","010000,1,9,9","+0266,1","+0132,1","10113,1",,,,,,,,,,,,"99999,9,09497,1","9,9,999,9,+007,1",,"SYN05843063 32997 00000 10266 20132 39497 40113 333 10288 58007=",
"43063099999","2025-01-10T15:00:00","4","18.5333333","73.85","558.0","PUNE, IN","FM-12","99999","V020","320,1,N,0010,1","99999,9,9,N","004000,1,9,9","+0194,1","+0130,1","10149,1",,,,,,,,,,,,"99999,9,09516,1","9,9,999,9,+001,1",,"SYN05243063 32996 03202 10194 20130 39516 40149 333 58001=",
"43063099999","2025-01-10T18:00:00","4","18.5333333","73.85","558.0","PUNE, IN","FM-12","99999","V020","999,9,C,0000,1","99999,9,9,N","004000,1,9,9","+0174,1","+0140,1","10162,1",,,,,,,,,,,,"99999,9,09525,1","9,9,999,9,+003,1",,"SYN05243063 32996 00000 10174 20140 39525 40162 333 58003=",
"43063099999","2025-01-10T21:00:00","4","18.5333333","73.85","558.0","PUNE, IN","FM-12","99999","V020","999,9,C,0000,1","99999,9,9,N","004000,1,9,9","+0158,1","+0141,1","10150,1",,,,,,,,,,,,"99999,9,09510,1","9,9,999,9,-001,1",,"SYN05243063 32996 00000 10158 20141 39510 40150 333 59001=",
"43063099999","2025-01-11T00:00:00","4","18.5333333","73.85","558.0","PUNE, IN","FM-12","99999","V020","999,9,C,0000,1","99999,9,9,N","004000,1,9,9","+0148,1","+0134,1","10148,1",,,,,,,,,,,,"99999,9,09506,1","9,9,999,9,-007,1",,"SYN05243063 32996 00000 10148 20134 39506 40148 333 59007=",
"43063099999","2025-01-11T03:00:00","4","18.5333333","73.85","558.0","PUNE, IN","FM-12","99999","V020","999,9,C,0000,1","22000,1,9,N","004000,1,9,9","+0172,1","+0152,1","10167,1",,"1,1,02,1","1,1,02,1",,,"03,1,+06000,1,00,1",,,"9,AGL   ,+99999,+99999","03,99,1,03,1,99,9,06000,1,99,9,99,9","240,N,+0143,1","99999,9,09530,1","9,9,999,9,-005,1","05,1","SYN09243063 31596 30000 10172 20152 39530 40167 70511 80001 333 20143 59005 83070 555 00000 10000=",
"43063099999","2025-01-11T06:00:00","4","18.5333333","73.85","558.0","PUNE, IN","FM-12","99999","V020","999,9,C,0000,1","22000,1,9,N","004000,1,9,9","+0248,1","+0145,1","10153,1",,"1,1,02,1","1,1,02,1",,,"03,1,+06000,1,00,1",,,"9,AGL   ,+99999,+99999","03,99,1,03,1,99,9,06000,1,99,9,99,9",,"99999,9,09530,1","9,9,999,9,-007,1","05,1","SYN07043063 31996 30000 10248 20145 39530 40153 70511 80001 333 59007 83070=",
"43063099999","2025-01-11T09:00:00","4","18.5333333","73.85","558.0","PUNE, IN","FM-12","99999","V020","270,1,N,0005,1","22000,1,9,N","004000,1,9,9","+0284,1","+0148,1","10108,1",,"1,1,02,1","1,1,02,1",,,"03,1,+06000,1,00,1",,,"9,AGL   ,+99999,+99999","03,99,1,03,1,99,9,06000,1,99,9,99,9",,"99999,9,09497,1","9,9,999,9,-008,1","05,1","SYN07043063 31996 32701 10284 20148 39497 40108 70511 80001 333 59008 83070=",
"43063099999","2025-01-11T12:00:00","4","18.5333333","73.85","558.0","PUNE, IN","FM-12","99999","V020","999,9,C,0000,1","22000,1,9,N","004000,1,9,9","+0282,1","+0145,1","10102,1",,"1,1,02,1","1,1,02,1",,,"01,1,+00780,1,06,1","03,1,+06000,1,00,1",,"9,AGL   ,+99999,+99999","04,99,1,01,1,99,9,00780,1,99,9,99,9",,"99999,9,09491,1","9,9,999,9,-006,1","05,1","SYN07643063 31596 40000 10282 20145 39491 40102 70511 333 10292 59006 81626 83070=",
"43063099999","2025-01-11T15:00:00","4","18.5333333","73.85","558.0","PUNE, IN","FM-12","99999","V020","999,9,C,0000,1","99999,9,9,N","004000,1,9,9","+0198,1","+0149,1","10148,1",,,,,,,,,,,,"99999,9,09515,1","9,9,999,9,-001,1",,"SYN05243063 32996 00000 10198 20149 39515 40148 333 59001=",
"43063099999","2025-01-11T18:00:00","4","18.5333333","73.85","558.0","PUNE, IN","FM-12","99999","V020","999,9,C,0000,1","99999,9,9,N","004000,1,9,9","+0178,1","+0152,1","10161,1",,,,,,,,,,,,"99999,9,09524,1","9,9,999,9,-001,1",,"SYN05243063 32996 00000 10178 20152 39524 40161 333 59001=",
"43063099999","2025-01-11T21:00:00","4","18.5333333","73.85","558.0","PUNE, IN","FM-12","99999","V020","999,9,C,0000,1","22000,1,9,N","004000,1,9,9","+0170,1","+0147,1","10147,1",,,,,,"03,1,+06000,1,00,1",,,"9,AGL   ,+99999,+99999","03,99,1,03,1,99,9,06000,1,99,9,99,9",,"99999,9,09510,1","9,9,999,9,+000,1",,"SYN06443063 32996 30000 10170 20147 39510 40147 80001 333 58000 83070=",
"43063099999","2025-01-12T00:00:00","4","18.5333333","73.85","558.0","PUNE, IN","FM-12","99999","V020","999,9,C,0000,1","99999,9,9,N","004000,1,9,9","+0162,1","+0142,1","10150,1",,,,,,"02,1,+00780,1,06,1","03,1,+06000,1,00,1",,"9,AGL   ,+99999,+99999","05,99,1,02,1,99,9,00780,1,99,9,99,9",,"99999,9,09511,1","9,9,999,9,+005,1",,"SYN07043063 32996 50000 10162 20142 39511 40150 82501 333 58005 82626 83070=",
"43063099999","2025-01-12T03:00:00","4","18.5333333","73.85","558.0","PUNE, IN","FM-12","99999","V020","999,9,C,0000,1","06000,1,C,N","004000,1,9,9","+0168,1","+0155,1","10169,1",,"2,1,02,1","2,1,02,1",,,"04,1,+00780,1,06,1","03,1,+06000,1,00,1",,"9,AGL   ,+99999,+99999","07,99,1,04,1,99,9,00780,1,99,9,99,9","240,N,+0155,1","99999,9,09530,1","9,9,999,9,+000,1","05,1","SYN09843063 31596 70000 10168 20155 39530 40169 70522 84501 333 20155 58000 84626 83070 555 00000 10000=",
"43063099999","2025-01-12T06:00:00","4","18.5333333","73.85","558.0","PUNE, IN","FM-12","99999","V020","090,1,N,0010,1","99999,9,9,N","004000,1,9,9","+0252,1","+0153,1","10147,1",,"0,1,02,1","0,1,02,1",,,,,,,,,"99999,9,09528,1","9,9,999,9,-002,1","05,1","SYN05843063 31996 00902 10252 20153 39528 40147 70500 333 59002=",
"43063099999","2025-01-12T09:00:00","4","18.5333333","73.85","558.0","PUNE, IN","FM-12","99999","V020","999,9,C,0000,1","22000,1,9,N","004000,1,9,9","+0280,1","+0169,1","10109,1",,"2,1,02,1","0,1,02,1",,,"02,1,+00780,1,06,1","03,1,+06000,1,00,1",,"9,AGL   ,+99999,+99999","04,99,1,02,1,99,9,00780,1,99,9,99,9",,"99999,9,09495,1","9,9,999,9,-002,1","05,1","SYN07043063 31596 40000 10280 20169 39495 40109 70520 333 59002 82626 83070=",
"43063099999","2025-01-12T12:00:00","4","18.5333333","73.85","558.0","PUNE, IN","FM-12","99999","V020","090,1,N,0005,1","22000,1,9,N","004000,1,9,9","+0274,1","+0162,1","10104,1",,"2,1,02,1","1,1,02,1",,,"03,1,+06000,1,00,1",,,"9,AGL   ,+99999,+99999","03,99,1,03,1,99,9,06000,1,99,9,99,9",,"99999,9,09490,1","9,9,999,9,-001,1","05,1","SYN07043063 31996 30901 10274 20162 39490 40104 70521 333 10292 59001 83070=",
"43063099999","2025-01-12T15:00:00","4","18.5333333","73.85","558.0","PUNE, IN","FM-12","99999","V020","270,1,N,0005,1","22000,1,9,N","004000,1,9,9","+0236,1","+0164,1","10130,1",,,,,,"02,1,+06000,1,00,1",,,"9,AGL   ,+99999,+99999","02,99,1,02,1,99,9,06000,1,99,9,99,9",,"99999,9,09508,1","9,9,999,9,-007,1",,"SYN06443063 32996 22701 10236 20164 39508 40130 80001 333 59007 82070=",
"43063099999","2025-01-12T18:00:00","4","18.5333333","73.85","558.0","PUNE, IN","FM-12","99999","V020","999,9,C,0000,1","99999,9,9,N","004000,1,9,9","+0192,1","+0173,1","10150,1",,,,,,,,,,,,"99999,9,09518,1","9,9,999,9,-006,1",,"SYN05243063 32996 00000 10192 20173 39518 40150 333 59006=",
"43063099999","2025-01-12T21:00:00","4","18.5333333","73.85","558.0","PUNE, IN","FM-12","99999","V020","999,9,C,0000,1","99999,9,9,N","004000,1,9,9","+0177,1","+0153,1","10149,1",,,,,,,,,,,,"99999,9,09512,1","9,9,999,9,+002,1",,"SYN05243063 32996 00000 10177 20153 39512 40149 333 58002=",
"43063099999","2025-01-13T00:00:00","4","18.5333333","73.85","558.0","PUNE, IN","FM-12","99999","V020","999,9,C,0000,1","22000,1,9,N","004000,1,9,9","+0192,1","+0156,1","10142,1",,,,,,"03,1,+06000,1,00,1",,,"9,AGL   ,+99999,+99999","03,99,1,03,1,99,9,06000,1,99,9,99,9",,"99999,9,09510,1","9,9,999,9,-001,1",,"SYN06443063 32996 30000 10192 20156 39510 40142 80001 333 59001 83070=",
"43063099999","2025-01-13T03:00:00","4","18.5333333","73.85","558.0","PUNE, IN","FM-12","99999","V020","090,1,N,0005,1","06000,1,9,N","004000,1,9,9","+0202,1","+0146,1","10161,1",,"2,1,02,1","1,1,02,1",,,"06,1,+06000,1,00,1",,,"9,AGL   ,+99999,+99999","06,99,1,06,1,99,9,06000,1,99,9,99,9","240,N,+0171,1","99999,9,09530,1","9,9,999,9,+000,1","05,1","SYN09243063 31996 60901 10202 20146 39530 40161 70521 80001 333 20171 58000 86070 555 00000 10000=",
"43063099999","2025-01-13T06:00:00","4","18.5333333","73.85","558.0","PUNE, IN","FM-12","99999","V020","090,1,N,0010,1","22000,1,9,N","004000,1,9,9","+0240,1","+0158,1","10148,1",,"1,1,02,1","1,1,02,1",,,"03,1,+06000,1,00,1",,,"9,AGL   ,+99999,+99999","03,99,1,03,1,99,9,06000,1,99,9,99,9",,"99999,9,09524,1","9,9,999,9,-004,1","05,1","SYN07043063 31996 30902 10240 20158 39524 40148 70511 80001 333 59004 83070=",
"43063099999","2025-01-13T09:00:00","4","18.5333333","73.85","558.0","PUNE, IN","FM-12","99999","V020","050,1,N,0015,1","99999,9,9,N","004000,1,9,9","+0284,1","+0163,1","10095,1",,"0,1,02,1","0,1,02,1",,,,,,,,,"99999,9,09484,1","9,9,999,9,-011,1","05,1","SYN05843063 31996 00503 10284 20163 39484 40095 70500 333 59011=",
"43063099999","2025-01-13T12:00:00","4","18.5333333","73.85","558.0","PUNE, IN","FM-12","99999","V020","090,1,N,0010,1","22000,1,9,N","004000,1,9,9","+0276,1","+0153,1","10091,1",,"1,1,02,1","1,1,02,1",,,"01,1,+00780,1,06,1","99,9,+99999,9,00,1",,"9,AGL   ,+99999,+99999","02,99,1,01,1,99,9,00780,1,99,9,99,9",,"99999,9,09478,1","9,9,999,9,-012,1","05,1","SYN07643063 31596 20902 10276 20153 39478 40091 70511 81501 333 10294 59012 81626=",
"43063099999","2025-01-13T15:00:00","4","18.5333333","73.85","558.0","PUNE, IN","FM-12","99999","V020","999,9,C,0000,1","22000,1,9,N","004000,1,9,9","+0220,1","+0166,1","10128,1",,,,,,"01,1,+00780,1,06,1","99,9,+99999,9,00,1",,"9,AGL   ,+99999,+99999","02,99,1,01,1,99,9,00780,1,99,9,99,9",,"99999,9,09501,1","9,9,999,9,-007,1",,"SYN06443063 32596 20000 10220 20166 39501 40128 81501 333 59007 81626=",
"43063099999","2025-01-13T18:00:00","4","18.5333333","73.85","558.0","PUNE, IN","FM-12","99999","V020","999,9,C,0000,1","22000,1,9,N","004000,1,9,9","+0200,1","+0162,1","10145,1",,,,,,"01,1,+00780,1,06,1","99,9,+99999,9,00,1",,"9,AGL   ,+99999,+99999","02,99,1,01,1,99,9,00780,1,99,9,99,9",,"99999,9,09512,1","9,9,999,9,-006,1",,"SYN06443063 32596 20000 10200 20162 39512 40145 81501 333 59006 81626=",
"43063099999","2025-01-13T21:00:00","4","18.5333333","73.85","558.0","PUNE, IN","FM-12","99999","V020","999,9,C,0000,1","99999,9,9,N","004000,1,9,9","+0174,1","+0161,1","10140,1",,,,,,,,,,,,"99999,9,09504,1","9,9,999,9,-008,1",,"SYN05243063 32996 00000 10174 20161 39504 40140 333 59008=",
"43063099999","2025-01-14T00:00:00","4","18.5333333","73.85","558.0","PUNE, IN","FM-12","99999","V020","999,9,C,0000,1","22000,1,9,N","004000,1,9,9","+0164,1","+0154,1","10143,1",,,,,,"02,1,+06000,1,00,1",,,"9,AGL   ,+99999,+99999","02,99,1,02,1,99,9,06000,1,99,9,99,9",,"99999,9,09505,1","9,9,999,9,-005,1",,"SYN06443063 32996 20000 10164 20154 39505 40143 80001 333 59005 82070=",
"43063099999","2025-01-14T03:00:00","4","18.5333333","73.85","558.0","PUNE, IN","FM-12","99999","V020","999,9,C,0000,1","22000,1,9,N","002000,1,9,9","+0170,1","+0160,1","10163,1",,"4,1,02,1","0,1,02,1",,,"02,1,+06000,1,00,1",,,"9,AGL   ,+99999,+99999","02,99,1,02,1,99,9,06000,1,99,9,99,9","240,N,+0155,1","99999,9,09524,1","9,9,999,9,-006,1","05,1","SYN09243063 31995 20000 10170 20160 39524 40163 70540 80001 333 20155 59006 82070 555 00000 10000=",
"43063099999","2025-01-14T06:00:00","4","18.5333333","73.85","558.0","PUNE, IN","FM-12","99999","V020","090,1,N,0015,1","22000,1,9,N","004000,1,9,9","+0246,1","+0165,1","10147,1",,"1,1,02,1","1,1,02,1",,,"02,1,+00780,1,06,1","03,1,+06000,1,00,1",,"9,AGL   ,+99999,+99999","03,99,1,02,1,99,9,00780,1,99,9,99,9",,"99999,9,09525,1","9,9,999,9,+001,1","05,1","SYN07643063 31596 30903 10246 20165 39525 40147 70511 82501 333 58001 82626 83070=",
"43063099999","2025-01-14T09:00:00","4","18.5333333","73.85","558.0","PUNE, IN","FM-12","99999","V020","090,1,N,0015,1","00780,1,C,N","010000,1,9,9","+0294,1","+0153,1","10103,1",,,,,,"05,1,+00780,1,06,1",,,"9,AGL   ,+99999,+99999","05,99,1,05,1,99,9,00780,1,99,9,99,9",,"99999,9,09493,1","9,9,999,9,+009,1",,"SYN06443063 32597 50903 10294 20153 39493 40103 85500 333 58009 85626=",
"43063099999","2025-01-14T12:00:00","4","18.5333333","73.85","558.0","PUNE, IN","FM-12","99999","V020","090,1,N,0005,1","22000,1,9,N","010000,1,9,9","+0286,1","+0158,1","10098,1",,,,,,"03,1,+00780,1,06,1",,,"9,AGL   ,+99999,+99999","03,99,1,03,1,99,9,00780,1,99,9,99,9",,"99999,9,09487,1","9,9,999,9,+009,1",,"SYN07043063 32597 30901 10286 20158 39487 40098 83500 333 10308 58009 83626=",
"43063099999","2025-01-14T15:00:00","4","18.5333333","73.85","558.0","PUNE, IN","FM-12","99999","V020","999,9,C,0000,1","22000,1,9,N","004000,1,9,9","+0236,1","+0177,1","10130,1",,,,,,"02,1,+00780,1,06,1","99,9,+99999,9,00,1",,"9,AGL   ,+99999,+99999","03,99,1,02,1,99,9,00780,1,99,9,99,9",,"99999,9,09508,1","9,9,999,9,+009,1",,"SYN06443063 32596 30000 10236 20177 39508 40130 82501 333 58009 82626=",
"43063099999","2025-01-14T18:00:00","4","18.5333333","73.85","558.0","PUNE, IN","FM-12","99999","V020","999,9,C,0000,1","00780,1,C,N","004000,1,9,9","+0224,1","+0171,1","10141,1",,,,,,"05,1,+00780,1,06,1",,,"9,AGL   ,+99999,+99999","05,99,1,05,1,99,9,00780,1,99,9,99,9",,"99999,9,09515,1","9,9,999,9,+003,1",,"SYN06443063 32596 50000 10224 20171 39515 40141 85500 333 58003 85626=",
"43063099999","2025-01-14T21:00:00","4","18.5333333","73.85","558.0","PUNE, IN","FM-12","99999","V020","999,9,C,0000,1","22000,1,9,N","004000,1,9,9","+0196,1","+0164,1","10137,1",,,,,,"02,1,+00780,1,06,1",,,"9,AGL   ,+99999,+99999","02,99,1,02,1,99,9,00780,1,99,9,99,9",,"99999,9,09506,1","9,9,999,9,+002,1",,"SYN06443063 32596 20000 10196 20164 39506 40137 82500 333 58002 82626=",
"43063099999","2025-01-15T00:00:00","4","18.5333333","73.85","558.0","PUNE, IN","FM-12","99999","V020","999,9,C,0000,1","99999,9,9,N","004000,1,9,9","+0170,1","+0157,1","10147,1",,,,,,,,,,,,"99999,9,09509,1","9,9,999,9,+004,1",,"SYN05243063 32996 00000 10170 20157 39509 40147 333 58004=",
"43063099999","2025-01-15T03:00:00","4","18.5333333","73.85","558.0","PUNE, IN","FM-12","99999","V020","999,9,C,0000,1","22000,1,9,N","004000,1,9,9","+0180,1","+0167,1","10170,1",,"1,1,02,1","1,1,02,1",,,"03,1,+06000,1,00,1",,,"9,AGL   ,+99999,+99999","03,99,1,03,1,99,9,06000,1,99,9,99,9","240,N,+0161,1","99999,9,09532,1","9,9,999,9,+008,1","05,1","SYN09243063 31996 30000 10180 20167 39532 40170 70511 80001 333 20161 58008 83070 555 00000 10000=",
"43063099999","2025-01-15T06:00:00","4","18.5333333","73.85","558.0","PUNE, IN","FM-12","99999","V020","090,1,N,0005,1","22000,1,9,N","004000,1,9,9","+0262,1","+0166,1","10152,1",,"1,1,02,1","1,1,02,1",,,"02,1,+06000,1,00,1",,,"9,AGL   ,+99999,+99999","02,99,1,02,1,99,9,06000,1,99,9,99,9",,"99999,9,09533,1","9,9,999,9,+008,1","05,1","SYN07043063 31996 20901 10262 20166 39533 40152 70511 80001 333 58008 82070=",
"43063099999","2025-01-15T09:00:00","4","18.5333333","73.85","558.0","PUNE, IN","FM-12","99999","V020","090,1,N,0015,1","06000,1,C,N","010000,1,9,9","+0292,1","+0154,1","10109,1",,,,,,"03,1,+00780,1,06,1","03,1,+06000,1,00,1",,"9,AGL   ,+99999,+99999","05,99,1,03,1,99,9,00780,1,99,9,99,9",,"99999,9,09499,1","9,9,999,9,+006,1",,"SYN07043063 32597 50903 10292 20154 39499 40109 83501 333 58006 83626 83070=",
"43063099999","2025-01-15T12:00:00","4","18.5333333","73.85","558.0","PUNE, IN","FM-12","99999","V020","090,1,N,0010,1","99999,9,9,N","010000,1,9,9","+0280,1","+0146,1","10106,1",,,,,,"03,1,+00780,1,06,1","99,9,+99999,9,00,1",,"9,AGL   ,+99999,+99999","05,99,1,03,1,99,9,00780,1,99,9,99,9",,"99999,9,09493,1","9,9,999,9,+006,1",,"SYN07043063 32597 50902 10280 20146 39493 40106 83501 333 10302 58006 83626=",
"43063099999","2025-01-15T15:00:00","4","18.5333333","73.85","558.0","PUNE, IN","FM-12","99999","V020","999,9,C,0000,1","22000,1,9,N","004000,1,9,9","+0244,1","+0159,1","10139,1",,,,,,"04,1,+00780,1,06,1",,,"9,AGL   ,+99999,+99999","04,99,1,04,1,99,9,00780,1,99,9,99,9",,"99999,9,09517,1","9,9,999,9,+009,1",,"SYN06443063 32596 40000 10244 20159 39517 40139 84500 333 58009 84626=",
"43063099999","2025-01-15T18:00:00","4","18.5333333","73.85","558.0","PUNE, IN","FM-12","99999","V020","999,9,C,0000,1","99999,9,9,N","004000,1,9,9","+0236,1","+0197,1","10149,1",,,,,,"04,1,+00780,1,06,1","99,9,+99999,9,00,1",,"9,AGL   ,+99999,+99999","06,99,1,04,1,99,9,00780,1,99,9,99,9",,"99999,9,09525,1","9,9,999,9,+010,1",,"SYN06443063 32596 60000 10236 20197 39525 40149 84501 333 58010 84626=",
"43063099999","2025-01-15T21:00:00","4","18.5333333","73.85","558.0","PUNE, IN","FM-12","99999","V020","999,9,C,0000,1","22000,1,9,N","004000,1,9,9","+0200,1","+0184,1","10148,1",,,,,,"02,1,+06000,1,00,1",,,"9,AGL   ,+99999,+99999","02,99,1,02,1,99,9,06000,1,99,9,99,9",,"99999,9,09515,1","9,9,999,9,+009,1",,"SYN06443063 32596 20000 10200 20184 39515 40148 80001 333 58009 82070=",
"43063099999","2025-01-16T00:00:00","4","18.5333333","73.85","558.0","PUNE, IN","FM-12","99999","V020","999,9,C,0000,1","22000,1,9,N","004000,1,9,9","+0180,1","+0170,1","10147,1",,,,,,"02,1,+06000,1,00,1",,,"9,AGL   ,+99999,+99999","02,99,1,02,1,99,9,06000,1,99,9,99,9",,"99999,9,09510,1","9,9,999,9,+001,1",,"SYN06443063 32996 20000 10180 20170 39510 40147 80001 333 58001 82070=",
"43063099999","2025-01-16T03:00:00","4","18.5333333","73.85","558.0","PUNE, IN","FM-12","99999","V020","999,9,C,0000,1","22000,1,9,N","004000,1,9,9","+0190,1","+0168,1","10161,1",,"1,1,02,1","1,1,02,1",,,"03,1,+06000,1,00,1",,,"9,AGL   ,+99999,+99999","03,99,1,03,1,99,9,06000,1,99,9,99,9","240,N,+0166,1","99999,9,09526,1","9,9,999,9,-006,1","05,1","SYN09243063 31996 30000 10190 20168 39526 40161 70511 80001 333 20166 59006 83070 555 00000 10000=",
"43063099999","2025-01-16T06:00:00","4","18.5333333","73.85","558.0","PUNE, IN","FM-12","99999","V020","090,1,N,0005,1","22000,1,9,N","004000,1,9,9","+0274,1","+0150,1","10142,1",,"1,1,02,1","1,1,02,1",,,"02,1,+06000,1,00,1",,,"9,AGL   ,+99999,+99999","02,99,1,02,1,99,9,06000,1,99,9,99,9",,"99999,9,09527,1","9,9,999,9,-006,1","05,1","SYN07043063 31996 20901 10274 20150 39527 40142 70511 80001 333 59006 82070=",
"43063099999","2025-01-16T09:00:00","4","18.5333333","73.85","558.0","PUNE, IN","FM-12","99999","V020","090,1,N,0010,1","06000,1,C,N","010000,1,9,9","+0306,1","+0114,1","10105,1",,,,,,"02,1,+00780,1,06,1","04,1,+06000,1,00,1",,"9,AGL   ,+99999,+99999","05,99,1,02,1,99,9,00780,1,99,9,99,9",,"99999,9,09497,1","9,9,999,9,-002,1",,"SYN07043063 32597 50902 10306 20114 39497 40105 82501 333 59002 82626 84070=",
"43063099999","2025-01-16T12:00:00","4","18.5333333","73.85","558.0","PUNE, IN","FM-12","99999","V020","090,1,N,0010,1","06000,1,C,N","010000,1,9,9","+0290,1","+0139,1","10110,1",,,,,,"02,1,+00780,1,06,1","04,1,+06000,1,00,1",,"9,AGL   ,+99999,+99999","05,99,1,02,1,99,9,00780,1,99,9,99,9",,"99999,9,09498,1","9,9,999,9,+005,1",,"SYN07643063 32597 50902 10290 20139 39498 40110 82501 333 10312 58005 82626 84070=",
"43063099999","2025-01-16T15:00:00","4","18.5333333","73.85","558.0","PUNE, IN","FM-12","99999","V020","050,1,N,0005,1","99999,9,9,N","004000,1,9,9","+0232,1","+0166,1","10144,1",,,,,,"03,1,+00780,1,06,1","99,9,+99999,9,00,1",,"9,AGL   ,+99999,+99999","05,99,1,03,1,99,9,00780,1,99,9,99,9",,"99999,9,09520,1","9,9,999,9,+003,1",,"SYN06443063 32596 50501 10232 20166 39520 40144 83501 333 58003 83626=",
"43063099999","2025-01-16T18:00:00","4","18.5333333","73.85","558.0","PUNE, IN","FM-12","99999","V020","999,9,C,0000,1","22000,1,9,N","004000,1,9,9","+0202,1","+0164,1","10157,1",,,,,,"01,1,+00780,1,06,1","03,1,+06000,1,00,1",,"9,AGL   ,+99999,+99999","03,99,1,01,1,99,9,00780,1,99,9,99,9",,"99999,9,09527,1","9,9,999,9,+002,1",,"SYN07043063 32596 30000 10202 20164 39527 40157 81501 333 58002 81626 83070=",
"43063099999","2025-01-16T21:00:00","4","18.5333333","73.85","558.0","PUNE, IN","FM-12","99999","V020","999,9,C,0000,1","22000,1,9,N","004000,1,9,9","+0184,1","+0165,1","10154,1",,,,,,"02,1,+06000,1,00,1",,,"9,AGL   ,+99999,+99999","02,99,1,02,1,99,9,06000,1,99,9,99,9",,"99999,9,09519,1","9,9,999,9,+004,1",,"SYN06443063 32996 20000 10184 20165 39519 40154 80001 333 58004 82070=",
"43063099999","2025-01-17T00:00:00","4","18.5333333","73.85","558.0","PUNE, IN","FM-12","99999","V020","999,9,C,0000,1","99999,9,9,N","004000,1,9,9","+0164,1","+0154,1","10150,1",,,,,,,,,,,,"99999,9,09511,1","9,9,999,9,+001,1",,"SYN05243063 32996 00000 10164 20154 39511 40150 333 58001=",
"43063099999","2025-01-17T03:00:00","4","18.5333333","73.85","558.0","PUNE, IN","FM-12","99999","V020","999,9,C,0000,1","99999,9,9,N","004000,1,9,9","+0182,1","+0163,1","10168,1",,"0,1,02,1","0,1,02,1",,,,,,,,"240,N,+0155,1","99999,9,09532,1","9,9,999,9,+006,1","05,1","SYN08043063 31996 00000 10182 20163 39532 40168 70500 333 20155 58006 555 00000 10000=",
"43063099999","2025-01-17T06:00:00","4","18.5333333","73.85","558.0","PUNE, IN","FM-12","99999","V020","090,1,N,0015,1","99999,9,9,N","004000,1,9,9","+0256,1","+0151,1","10146,1",,"0,1,02,1","0,1,02,1",,,,,,,,,"99999,9,09527,1","9,9,999,9,+000,1","05,1","SYN05843063 31996 00903 10256 20151 39527 40146 70500 333 58000=",
"43063099999","2025-01-17T09:00:00","4","18.5333333","73.85","558.0","PUNE, IN","FM-12","99999","V020","090,1,N,0026,1","99999,9,9,N","010000,1,9,9","+0288,1","+0149,1","10103,1",,,,,,,,,,,,"99999,9,09491,1","9,9,999,9,-006,1",,"SYN05243063 32997 00905 10288 20149 39491 40103 333 59006=",
"43063099999","2025-01-17T12:00:00","4","18.5333333","73.85","558.0","PUNE, IN","FM-12","99999","V020","090,1,N,0021,1","99999,9,9,N","010000,1,9,9","+0280,1","+0130,1","10093,1",,,,,,,,,,,,"99999,9,09481,1","9,9,999,9,-017,1",,"SYN05843063 32997 00904 10280 20130 39481 40093 333 10296 59017=",
"43063099999","2025-01-17T15:00:00","4","18.5333333","73.85","558.0","PUNE, IN","FM-12","99999","V020","999,9,C,0000,1","99999,9,9,N","004000,1,9,9","+0206,1","+0151,1","10133,1",,,,,,,,,,,,"99999,9,09504,1","9,9,999,9,-016,1",,"SYN05243063 32996 00000 10206 20151 39504 40133 333 59016=",
"43063099999","2025-01-17T18:00:00","4","18.5333333","73.85","558.0","PUNE, IN","FM-12","99999","V020","999,9,C,0000,1","99999,9,9,N","004000,1,9,9","+0182,1","+0153,1","10149,1",,,,,,,,,,,,"99999,9,09514,1","9,9,999,9,-013,1",,"SYN05243063 32996 00000 10182 20153 39514 40149 333 59013=",
"43063099999","2025-01-17T21:00:00","4","18.5333333","73.85","558.0","PUNE, IN","FM-12","99999","V020","999,9,C,0000,1","99999,9,9,N","004000,1,9,9","+0160,1","+0136,1","10146,1",,,,,,,,,,,,"99999,9,09506,1","9,9,999,9,-013,1",,"SYN05243063 32996 00000 10160 20136 39506 40146 333 59013=",
"43063099999","2025-01-18T00:00:00","4","18.5333333","73.85","558.0","PUNE, IN","FM-12","99999","V020","999,9,C,0000,1","99999,9,9,N","004000,1,9,9","+0144,1","+0130,1","10150,1",,,,,,,,,,,,"99999,9,09508,1","9,9,999,9,-003,1",,"SYN05243063 32996 00000 10144 20130 39508 40150 333 59003=",
"43063099999","2025-01-18T03:00:00","4","18.5333333","73.85","558.0","PUNE, IN","FM-12","99999","V020","090,1,N,0010,1","99999,9,9,N","004000,1,9,9","+0156,1","+0128,1","10166,1",,"0,1,02,1","0,1,02,1",,,,,,,,"240,N,+0131,1","99999,9,09525,1","9,9,999,9,-007,1","05,1","SYN08043063 31996 00902 10156 20128 39525 40166 70500 333 20131 59007 555 00000 10000=",
"43063099999","2025-01-18T06:00:00","4","18.5333333","73.85","558.0","PUNE, IN","FM-12","99999","V020","090,1,N,0021,1","99999,9,9,N","010000,1,9,9","+0264,1","+0125,1","10140,1",,,,,,,,,,,,"99999,9,09523,1","9,9,999,9,-004,1",,"SYN05243063 32997 00904 10264 20125 39523 40140 333 59004=",
"43063099999","2025-01-18T09:00:00","4","18.5333333","73.85","558.0","PUNE, IN","FM-12","99999","V020","090,1,N,0010,1","99999,9,9,N","010000,1,9,9","+0286,1","+0107,1","10106,1",,,,,,,,,,,,"99999,9,09494,1","9,9,999,9,+003,1",,"SYN05243063 32997 00902 10286 20107 39494 40106 333 58003=",
"43063099999","2025-01-18T12:00:00","4","18.5333333","73.85","558.0","PUNE, IN","FM-12","99999","V020","090,1,N,0010,1","99999,9,9,N","010000,1,9,9","+0280,1","+0103,1","10100,1",,,,,,,,,,,,"99999,9,09487,1","9,9,999,9,+006,1",,"SYN05843063 32997 00902 10280 20103 39487 40100 333 10297 58006=",
"43063099999","2025-01-18T15:00:00","4","18.5333333","73.85","558.0","PUNE, IN","FM-12","99999","V020","999,9,C,0000,1","99999,9,9,N","004000,1,9,9","+0188,1","+0134,1","10138,1",,,,,,,,,,,,"99999,9,09505,1","9,9,999,9,+001,1",,"SYN05243063 32996 00000 10188 20134 39505 40138 333 58001=",
"43063099999","2025-01-18T18:00:00","4","18.5333333","73.85","558.0","PUNE, IN","FM-12","99999","V020","090,1,N,0005,1","99999,9,9,N","004000,1,9,9","+0168,1","+0130,1","10155,1",,,,,,,,,,,,"99999,9,09516,1","9,9,999,9,+002,1",,"SYN05243063 32996 00901 10168 20130 39516 40155 333 58002=",
"43063099999","2025-01-18T21:00:00","4","18.5333333","73.85","558.0","PUNE, IN","FM-12","99999","V020","999,9,C,0000,1","99999,9,9,N","004000,1,9,9","+0152,1","+0120,1","10151,1",,,,,,,,,,,,"99999,9,09510,1","9,9,999,9,+004,1",,"SYN05243063 32996 00000 10152 20120 39510 40151 333 58004=",
"43063099999","2025-01-19T00:00:00","4","18.5333333","73.85","558.0","PUNE, IN","FM-12","99999","V020","999,9,C,0000,1","99999,9,9,N","004000,1,9,9","+0134,1","+0116,1","10153,1",,,,,,,,,,,,"99999,9,09508,1","9,9,999,9,+000,1",,"SYN05243063 32996 00000 10134 20116 39508 40153 333 58000=",
"43063099999","2025-01-19T03:00:00","4","18.5333333","73.85","558.0","PUNE, IN","FM-12","99999","V020","999,9,C,0000,1","99999,9,9,N","004000,1,9,9","+0152,1","+0131,1","10180,1",,"0,1,02,1","0,1,02,1",,,,,,,,"240,N,+0128,1","99999,9,09537,1","9,9,999,9,+012,1","05,1","SYN08043063 31996 00000 10152 20131 39537 40180 70500 333 20128 58012 555 00000 10000=",
"43063099999","2025-01-19T06:00:00","4","18.5333333","73.85","558.0","PUNE, IN","FM-12","99999","V020","070,1,N,0010,1","99999,9,9,N","004000,1,9,9","+0256,1","+0131,1","10154,1",,"0,1,02,1","0,1,02,1",,,,,,,,,"99999,9,09533,1","9,9,999,9,+010,1","05,1","SYN05843063 31996 00702 10256 20131 39533 40154 70500 333 58010=",
"43063099999","2025-01-19T09:00:00","4","18.5333333","73.85","558.0","PUNE, IN","FM-12","99999","V020","090,1,N,0015,1","99999,9,9,N","010000,1,9,9","+0292,1","+0134,1","10111,1",,,,,,,,,,,,"99999,9,09501,1","9,9,999,9,+007,1",,"SYN05243063 32997 00903 10292 20134 39501 40111 333 58007=",
"43063099999","2025-01-19T12:00:00","4","18.5333333","73.85","558.0","PUNE, IN","FM-12","99999","V020","090,1,N,0005,1","99999,9,9,N","010000,1,9,9","+0286,1","+0121,1","10103,1",,,,,,,,,,,,"99999,9,09492,1","9,9,999,9,+005,1",,"SYN05843063 32997 00901 10286 20121 39492 40103 333 10302 58005=",
"43063099999","2025-01-19T15:00:00","4","18.5333333","73.85","558.0","PUNE, IN","FM-12","99999","V020","999,9,C,0000,1","99999,9,9,N","004000,1,9,9","+0196,1","+0140,1","10138,1",,,,,,,,,,,,"99999,9,09507,1","9,9,999,9,+002,1",,"SYN05243063 32996 00000 10196 20140 39507 40138 333 58002=",
"43063099999","2025-01-19T18:00:00","4","18.5333333","73.85","558.0","PUNE, IN","FM-12","99999","V020","999,9,C,0000,1","99999,9,9,N","004000,1,9,9","+0176,1","+0132,1","10156,1",,,,,,,,,,,,"99999,9,09519,1","9,9,999,9,+003,1",,"SYN05243063 32996 00000 10176 20132 39519 40156 333 58003=",
"43063099999","2025-01-19T21:00:00","4","18.5333333","73.85","558.0","PUNE, IN","FM-12","99999","V020","999,9,C,0000,1","99999,9,9,N","004000,1,9,9","+0152,1","+0135,1","10145,1",,,,,,,,,,,,"99999,9,09505,1","9,9,999,9,-005,1",,"SYN05243063 32996 00000 10152 20135 39505 40145 333 59005=",
"43063099999","2025-01-20T00:00:00","4","18.5333333","73.85","558.0","PUNE, IN","FM-12","99999","V020","999,9,C,0000,1","99999,9,9,N","004000,1,9,9","+0138,1","+0127,1","10151,1",,,,,,,,,,,,"99999,9,09506,1","9,9,999,9,-002,1",,"SYN05243063 32996 00000 10138 20127 39506 40151 333 59002=",
"43063099999","2025-01-20T03:00:00","4","18.5333333","73.85","558.0","PUNE, IN","FM-12","99999","V020","999,9,C,0000,1","99999,9,9,N","004000,1,9,9","+0146,1","+0136,1","10167,1",,"0,1,02,1","0,1,02,1",,,,,,,,"240,N,+0125,1","99999,9,09523,1","9,9,999,9,-014,1","05,1","SYN08043063 31996 00000 10146 20136 39523 40167 70500 333 20125 59014 555 00000 10000=",
"43063099999","2025-01-20T06:00:00","4","18.5333333","73.85","558.0","PUNE, IN","FM-12","99999","V020","090,1,N,0010,1","99999,9,9,N","010000,1,9,9","+0268,2","+0113,1","10141,1",,,,,,,,,,,,"99999,9,09524,1","9,9,999,9,-009,1",,"SYN05243063 32997 00902 10268 20113 39524 40141 333 59009=",
"43063099999","2025-01-20T09:00:00","4","18.5333333","73.85","558.0","PUNE, IN","FM-12","99999","V020","090,1,N,0015,1","99999,9,9,N","010000,1,9,9","+0296,1","+0118,1","10103,1",,,,,,,,,,,,"99999,9,09493,1","9,9,999,9,-008,1",,"SYN05243063 32997 00903 10296 20118 39493 40103 333 59008=",
"43063099999","2025-01-20T12:00:00","4","18.5333333","73.85","558.0","PUNE, IN","FM-12","99999","V020","999,9,C,0000,1","99999,9,9,N","010000,1,9,9","+0296,1","+0126,1","10091,1",,,,,,,,,,,,"99999,9,09482,1","9,9,999,9,-010,1",,"SYN05843063 32997 00000 10296 20126 39482 40091 333 10317 59010=",
"43063099999","2025-01-20T15:00:00","4","18.5333333","73.85","558.0","PUNE, IN","FM-12","99999","V020","999,9,C,0000,1","99999,9,9,N","004000,1,9,9","+0202,1","+0139,1","10129,1",,,,,,,,,,,,"99999,9,09500,1","9,9,999,9,-007,1",,"SYN05243063 32996 00000 10202 20139 39500 40129 333 59007=",
"43063099999","2025-01-20T18:00:00","4","18.5333333","73.85","558.0","PUNE, IN","FM-12","99999","V020","999,9,C,0000,1","99999,9,9,N","004000,1,9,9","+0174,1","+0140,1","10143,1",,,,,,,,,,,,"99999,9,09507,1","9,9,999,9,-012,1",,"SYN05243063 32996 00000 10174 20140 39507 40143 333 59012=",
"43063099999","2025-01-20T21:00:00","4","18.5333333","73.85","558.0","PUNE, IN","FM-12","99999","V020","999,9,C,0000,1","99999,9,9,N","004000,1,9,9","+0150,1","+0136,1","10136,1",,,,,,,,,,,,"99999,9,09495,1","9,9,999,9,-010,1",,"SYN05243063 32996 00000 10150 20136 39495 40136 333 59010=",
"43063099999","2025-01-21T00:00:00","4","18.5333333","73.85","558.0","PUNE, IN","FM-12","99999","V020","999,9,C,0000,1","99999,9,9,N","004000,1,9,9","+0138,1","+0127,1","10103,1",,,,,,,,,,,,"99999,9,09490,1","9,9,999,9,-016,1",,"SYN05243063 32996 00000 10138 20127 39490 40103 333 59016=",
"43063099999","2025-01-21T03:00:00","4","18.5333333","73.85","558.0","PUNE, IN","FM-12","99999","V020","999,9,C,0000,1","99999,9,9,N","004000,1,9,9","+0150,1","+0140,1","10155,1",,"0,1,02,1","0,1,02,1",,,,,,,,"240,N,+0127,1","99999,9,09511,1","9,9,999,9,-012,1","05,1","SYN08043063 31996 00000 10150 20140 39511 40155 70500 333 20127 59012 555 00000 10000=",
"43063099999","2025-01-21T06:00:00","4","18.5333333","73.85","558.0","PUNE, IN","FM-12","99999","V020","090,1,N,0015,1","99999,9,9,N","010000,1,9,9","+0268,2","+0099,1","10130,1",,,,,,,,,,,,"99999,9,09513,1","9,9,999,9,-011,1",,"SYN05243063 32997 00903 10268 20099 39513 40130 333 59011=",
"43063099999","2025-01-21T09:00:00","4","18.5333333","73.85","558.0","PUNE, IN","FM-12","99999","V020","320,1,N,0005,1","99999,9,9,N","010000,1,9,9","+0310,1","+0111,1","10083,1",,,,,,,,,,,,"99999,9,09477,1","9,9,999,9,-016,1",,"SYN05243063 32997 03201 10310 20111 39477 40083 333 59016=",
"43063099999","2025-01-21T12:00:00","4","18.5333333","73.85","558.0","PUNE, IN","FM-12","99999","V020","320,1,N,0005,1","99999,9,9,N","010000,1,9,9","+0302,1","+0126,1","10076,1",,,,,,,,,,,,"99999,9,09470,1","9,9,999,9,-012,1",,"SYN05843063 32997 03201 10302 20126 39470 40076 333 10324 59012=",
"43063099999","2025-01-21T15:00:00","4","18.5333333","73.85","558.0","PUNE, IN","FM-12","99999","V020","999,9,C,0000,1","99999,9,9,N","004000,1,9,9","+0210,1","+0144,1","10120,1",,,,,,,,,,,,"99999,9,09491,1","9,9,999,9,-009,1",,"SYN05243063 32996 00000 10210 20144 39491 40120 333 59009=",
"43063099999","2025-01-21T18:00:00","4","18.5333333","73.85","558.0","PUNE, IN","FM-12","99999","V020","999,9,C,0000,1","99999,9,9,N","004000,1,9,9","+0180,1","+0140,1","10133,1",,,,,,,,,,,,"99999,9,09497,1","9,9,999,9,-010,1",,"SYN05243063 32996 00000 10180 20140 39497 40133 333 59010=",
"43063099999","2025-01-21T21:00:00","4","18.5333333","73.85","558.0","PUNE, IN","FM-12","99999","V020","999,9,C,0000,1","99999,9,9,N","004000,1,9,9","+0158,1","+0138,1","10124,1",,,,,,,,,,,,"99999,9,09485,1","9,9,999,9,-010,1",,"SYN05243063 32996 00000 10158 20138 39485 40124 333 59010=",
"43063099999","2025-01-22T00:00:00","4","18.5333333","73.85","558.0","PUNE, IN","FM-12","99999","V020","999,9,C,0000,1","99999,9,9,N","004000,1,9,9","+0148,1","+0141,1","10129,1",,,,,,,,,,,,"99999,9,09488,1","9,9,999,9,-002,1",,"SYN05243063 32996 00000 10148 20141 39488 40129 333 59002=",
"43063099999","2025-01-22T03:00:00","4","18.5333333","73.85","558.0","PUNE, IN","FM-12","99999","V020","999,9,C,0000,1","99999,9,9,N","004000,1,9,9","+0158,1","+0151,1","10147,1",,"0,1,02,1","0,1,02,1",,,,,,,,"240,N,+0135,1","99999,9,09507,1","9,9,999,9,-004,1","05,1","SYN08043063 31996 00000 10158 20151 39507 40147 70500 333 20135 59004 555 00000 10000=",
"43063099999","2025-01-22T06:00:00","4","18.5333333","73.85","558.0","PUNE, IN","FM-12","99999","V020","090,1,N,0015,1","99999,9,9,N","010000,1,9,9","+0280,2","+0098,1","10122,1",,,,,,,,,,,,"99999,9,09508,1","9,9,999,9,-005,1",,"SYN05243063 32997 00903 10280 20098 39508 40122 333 59005=",
"43063099999","2025-01-22T09:00:00","4","18.5333333","73.85","558.0","PUNE, IN","FM-12","99999","V020","090,1,N,0005,1","99999,9,9,N","010000,1,9,9","+0316,1","+0101,1","10078,1",,,,,,,,,,,,"99999,9,09474,1","9,9,999,9,-003,1",,"SYN05243063 32997 00901 10316 20101 39474 40078 333 59003=",
"43063099999","2025-01-22T12:00:00","4","18.5333333","73.85","558.0","PUNE, IN","FM-12","99999","V020","090,1,N,0005,1","99999,9,9,N","010000,1,9,9","+0308,1","+0098,1","10070,1",,,,,,,,,,,,"99999,9,09465,1","9,9,999,9,-005,1",,"SYN05843063 32997 00901 10308 20098 39465 40070 333 10328 59005=",
"43063099999","2025-01-22T15:00:00","4","18.5333333","73.85","558.0","PUNE, IN","FM-12","99999","V020","999,9,C,0000,1","99999,9,9,N","004000,1,9,9","+0212,1","+0124,1","10117,1",,,,,,,,,,,,"99999,9,09490,1","9,9,999,9,-001,1",,"SYN05243063 32996 00000 10212 20124 39490 40117 333 59001=",
"43063099999","2025-01-22T18:00:00","4","18.5333333","73.85","558.0","PUNE, IN","FM-12","99999","V020","999,9,C,0000,1","99999,9,9,N","004000,1,9,9","+0182,1","+0146,1","10131,1",,,,,,,,,,,,"99999,9,09498,1","9,9,999,9,+001,1",,"SYN05243063 32996 00000 10182 20146 39498 40131 333 58001=",
"43063099999","2025-01-22T21:00:00","4","18.5333333","73.85","558.0","PUNE, IN","FM-12","99999","V020","999,9,C,0000,1","99999,9,9,N","004000,1,9,9","+0164,1","+0140,1","10123,1",,,,,,,,,,,,"99999,9,09486,1","9,9,999,9,+001,1",,"SYN05243063 32996 00000 10164 20140 39486 40123 333 58001=",
"43063099999","2025-01-23T00:00:00","4","18.5333333","73.85","558.0","PUNE, IN","FM-12","99999","V020","999,9,C,0000,1","99999,9,9,N","004000,1,9,9","+0148,1","+0141,1","10121,1",,,,,,,,,,,,"99999,9,09480,1","9,9,999,9,-008,1",,"SYN05243063 32996 00000 10148 20141 39480 40121 333 59008=",
"43063099999","2025-01-23T03:00:00","4","18.5333333","73.85","558.0","PUNE, IN","FM-12","99999","V020","999,9,C,0000,1","99999,9,9,N","004000,1,9,9","+0152,1","+0149,1","10145,1",,"0,1,02,1","0,1,02,1",,,,,,,,"240,N,+0137,1","99999,9,09505,1","9,9,999,9,-002,1","05,1","SYN08043063 31996 00000 10152 20149 39505 40145 70500 333 20137 59002 555 00000 10000=",
"43063099999","2025-01-23T06:00:00","4","18.5333333","73.85","558.0","PUNE, IN","FM-12","99999","V020","090,1,N,0005,1","99999,9,9,N","004000,1,9,9","+0272,2","+0119,1","10122,1",,"0,1,02,1","0,1,02,1",,,,,,,,,"99999,9,09508,1","9,9,999,9,+000,1","05,1","SYN05843063 32996 00901 10272 20119 39508 40122 70500 333 58000=",
"43063099999","2025-01-23T09:00:00","4","18.5333333","73.85","558.0","PUNE, IN","FM-12","99999","V020","090,1,N,0005,1","99999,9,9,N","010000,1,9,9","+0314,1","+0107,1","10074,1",,,,,,,,,,,,"99999,9,09471,1","9,9,999,9,-003,1",,"SYN05243063 32997 00901 10314 20107 39471 40074 333 59003=",
"43063099999","2025-01-23T12:00:00","4","18.5333333","73.85","558.0","PUNE, IN","FM-12","99999","V020","999,9,C,0000,1","99999,9,9,N","010000,1,9,9","+0314,1","+0130,1","10065,1",,,,,,,,,,,,"99999,9,09462,1","9,9,999,9,-003,1",,"SYN05843063 32997 00000 10314 20130 39462 40065 333 10332 59003=",
"43063099999","2025-01-23T15:00:00","4","18.5333333","73.85","558.0","PUNE, IN","FM-12","99999","V020","999,9,C,0000,1","99999,9,9,N","004000,1,9,9","+0220,1","+0156,1","10111,1",,,,,,,,,,,,"99999,9,09486,1","9,9,999,9,-004,1",,"SYN05243063 32996 00000 10220 20156 39486 40111 333 59004=",
"43063099999","2025-01-23T18:00:00","4","18.5333333","73.85","558.0","PUNE, IN","FM-12","99999","V020","999,9,C,0000,1","99999,9,9,N","004000,1,9,9","+0186,1","+0153,1","10126,1",,,,,,,,,,,,"99999,9,09493,1","9,9,999,9,-005,1",,"SYN05243063 32996 00000 10186 20153 39493 40126 333 59005=",
"43063099999","2025-01-23T21:00:00","4","18.5333333","73.85","558.0","PUNE, IN","FM-12","99999","V020","999,9,C,0000,1","99999,9,9,N","004000,1,9,9","+0170,1","+0154,1","10115,1",,,,,,,,,,,,"99999,9,09478,1","9,9,999,9,-008,1",,"SYN05243063 32996 00000 10170 20154 39478 40115 333 59008=",
"43063099999","2025-01-24T00:00:00","4","18.5333333","73.85","558.0","PUNE, IN","FM-12","99999","V020","999,9,C,0000,1","99999,9,9,N","004000,1,9,9","+0152,1","+0142,1","10119,1",,,,,,,,,,,,"99999,9,09480,1","9,9,999,9,+000,1",,"SYN05243063 32996 00000 10152 20142 39480 40119 333 58000=",
"43063099999","2025-01-24T03:00:00","4","18.5333333","73.85","558.0","PUNE, IN","FM-12","99999","V020","999,9,C,0000,1","99999,9,9,N","004000,1,9,9","+0168,1","+0145,1","10135,1",,"0,1,02,1","0,1,02,1",,,,,,,,"240,N,+0142,1","99999,9,09498,1","9,9,999,9,-007,1","05,1","SYN08043063 31996 00000 10168 20145 39498 40135 70500 333 20142 59007 555 00000 10000=",
"43063099999","2025-01-24T06:00:00","4","18.5333333","73.85","558.0","PUNE, IN","FM-12","99999","V020","090,1,N,0005,1","22000,1,9,N","010000,1,9,9","+0274,1","+0130,1","10113,1",,,,,,"02,1,+06000,1,00,1",,,"9,AGL   ,+99999,+99999","02,99,1,02,1,99,9,06000,1,99,9,99,9",,"99999,9,09499,1","9,9,999,9,-009,1",,"SYN06443063 32997 20901 10274 20130 39499 40113 80001 333 59009 82070=",
"43063099999","2025-01-24T09:00:00","4","18.5333333","73.85","558.0","PUNE, IN","FM-12","99999","V020","090,1,N,0010,1","22000,1,9,N","010000,1,9,9","+0322,1","+0142,1","10068,1",,,,,,"01,1,+06000,1,00,1",,,"9,AGL   ,+99999,+99999","01,99,1,01,1,99,9,06000,1,99,9,99,9",,"99999,9,09467,1","9,9,999,9,-004,1",,"SYN06443063 32997 10902 10322 20142 39467 40068 80001 333 59004 81070=",
"43063099999","2025-01-24T12:00:00","4","18.5333333","73.85","558.0","PUNE, IN","FM-12","99999","V020","999,9,C,0000,1","22000,1,9,N","010000,1,9,9","+0318,1","+0149,1","10062,1",,,,,,"02,1,+06000,1,00,1",,,"9,AGL   ,+99999,+99999","02,99,1,02,1,99,9,06000,1,99,9,99,9",,"99999,9,09459,1","9,9,999,9,-003,1",,"SYN07043063 32997 20000 10318 20149 39459 40062 80001 333 10337 59003 82070=",
"43063099999","2025-01-24T15:00:00","4","18.5333333","73.85","558.0","PUNE, IN","FM-12","99999","V020","999,9,C,0000,1","22000,1,9,N","004000,1,9,9","+0238,1","+0155,1","10111,1",,,,,,"99,9,+99999,9,00,1",,,"9,AGL   ,+99999,+99999","01,99,1,00,1,99,9,99999,9,99,9,99,9",,"99999,9,09490,1","9,9,999,9,+004,1",,"SYN05843063 32996 10000 10238 20155 39490 40111 80001 333 58004=","Q01    003SCCGA1"
"43063099999","2025-01-24T18:00:00","4","18.5333333","73.85","558.0","PUNE, IN","FM-12","99999","V020","999,9,C,0000,1","99999,9,9,N","004000,1,9,9","+0198,1","+0166,1","10130,1",,,,,,,,,,,,"99999,9,09499,1","9,9,999,9,+006,1",,"SYN05243063 32996 00000 10198 20166 39499 40130 333 58006=",
"43063099999","2025-01-24T21:00:00","4","18.5333333","73.85","558.0","PUNE, IN","FM-12","99999","V020","999,9,C,0000,1","99999,9,9,N","004000,1,9,9","+0182,1","+0163,1","10119,1",,,,,,,,,,,,"99999,9,09487,1","9,9,999,9,+009,1",,"SYN05243063 32996 00000 10182 20163 39487 40119 333 58009=",
"43063099999","2025-01-25T00:00:00","4","18.5333333","73.85","558.0","PUNE, IN","FM-12","99999","V020","999,9,C,0000,1","99999,9,9,N","004000,1,9,9","+0166,1","+0156,1","10124,1",,,,,,,,,,,,"99999,9,09487,1","9,9,999,9,+007,1",,"SYN05243063 32996 00000 10166 20156 39487 40124 333 58007=",
"43063099999","2025-01-25T03:00:00","4","18.5333333","73.85","558.0","PUNE, IN","FM-12","99999","V020","999,9,C,0000,1","99999,9,9,N","010000,1,9,9","+0174,1","+0168,1","10148,1",,,,,,,,,,,"240,N,+0155,1","99999,9,09511,1","9,9,999,9,+013,1",,"SYN07443063 32997 00000 10174 20168 39511 40148 333 20155 58013 555 00000 10000=",
"43063099999","2025-01-25T06:00:00","4","18.5333333","73.85","558.0","PUNE, IN","FM-12","99999","V020","090,1,N,0010,1","99999,9,9,N","010000,1,9,9","+0288,2","+0141,1","10127,1",,,,,,,,,,,,"99999,9,09514,1","9,9,999,9,+015,1",,"SYN05243063 32997 00902 10288 20141 39514 40127 333 58015=",
"43063099999","2025-01-25T09:00:00","4","18.5333333","73.85","558.0","PUNE, IN","FM-12","99999","V020","090,1,N,0010,1","99999,9,9,N","010000,1,9,9","+0334,1","+0129,1","10079,1",,,,,,,,,,,,"99999,9,09479,1","9,9,999,9,+012,1",,"SYN05243063 32997 00902 10334 20129 39479 40079 333 58012=",
"43063099999","2025-01-25T12:00:00","4","18.5333333","73.85","558.0","PUNE, IN","FM-12","99999","V020","090,1,N,0005,1","99999,9,9,N","010000,1,9,9","+0324,1","+0099,1","10075,1",,,,,,,,,,,,"99999,9,09473,1","9,9,999,9,+014,1",,"SYN05843063 32997 00901 10324 20099 39473 40075 333 10346 58014=",
"43063099999","2025-01-25T15:00:00","4","18.5333333","73.85","558.0","PUNE, IN","FM-12","99999","V020","090,1,N,0005,1","99999,9,9,N","004000,1,9,9","+0220,1","+0138,1","10124,1",,,,,,,,,,,,"99999,9,09497,1","9,9,999,9,+007,1",,"SYN05243063 32996 00901 10220 20138 39497 40124 333 58007=",
"43063099999","2025-01-25T18:00:00","4","18.5333333","73.85","558.0","PUNE, IN","FM-12","99999","V020","999,9,C,0000,1","99999,9,9,N","004000,1,9,9","+0192,1","+0146,1","10135,1",,,,,,,,,,,,"99999,9,09504,1","9,9,999,9,+005,1",,"SYN05243063 32996 00000 10192 20146 39504 40135 333 58005=",
"43063099999","2025-01-25T21:00:00","4","18.5333333","73.85","558.0","PUNE, IN","FM-12","99999","V020","999,9,C,0000,1","99999,9,9,N","004000,1,9,9","+0170,1","+0147,1","10131,1",,,,,,,,,,,,"99999,9,09493,1","9,9,999,9,+006,1",,"SYN05243063 32996 00000 10170 20147 39493 40131 333 58006=",
"43063099999","2025-01-26T00:00:00","4","18.5333333","73.85","558.0","PUNE, IN","FM-12","99999","V020","999,9,C,0000,1","99999,9,9,N","004000,1,9,9","+0156,1","+0139,1","10132,1",,,,,,,,,,,,"99999,9,09492,1","9,9,999,9,+005,1",,"SYN05243063 32996 00000 10156 20139 39492 40132 333 58005=",
"43063099999","2025-01-26T03:00:00","4","18.5333333","73.85","558.0","PUNE, IN","FM-12","99999","V020","999,9,C,0000,1","99999,9,9,N","004000,1,9,9","+0170,1","+0154,1","10154,1",,"0,1,02,1","0,1,02,1",,,,,,,,"240,N,+0145,1","99999,9,09515,1","9,9,999,9,+004,1","05,1","SYN08043063 31996 00000 10170 20154 39515 40154 70500 333 20145 58004 555 00000 10000=",
"43063099999","2025-01-26T06:00:00","4","18.5333333","73.85","558.0","PUNE, IN","FM-12","99999","V020","090,1,N,0021,1","99999,9,9,N","010000,1,9,9","+0296,2","+0126,1","10124,1",,,,,,,,,,,,"99999,9,09513,1","9,9,999,9,-001,1",,"SYN05243063 32997 00904 10296 20126 39513 40124 333 59001=",
"43063099999","2025-01-26T09:00:00","4","18.5333333","73.85","558.0","PUNE, IN","FM-12","99999","V020","090,1,N,0010,1","99999,9,9,N","010000,1,9,9","+0330,1","+0098,1","10081,1",,,,,,,,,,,,"99999,9,09479,1","9,9,999,9,+000,1",,"SYN05243063 32997 00902 10330 20098 39479 40081 333 58000=",
"43063099999","2025-01-26T12:00:00","4","18.5333333","73.85","558.0","PUNE, IN","FM-12","99999","V020","090,1,N,0010,1","22000,1,9,N","010000,1,9,9","+0318,1","+0104,1","10073,1",,,,,,"02,1,+06000,1,00,1",,,"9,AGL   ,+99999,+99999","02,99,1,02,1,99,9,06000,1,99,9,99,9",,"99999,9,09470,1","9,9,999,9,-003,1",,"SYN07043063 32997 20902 10318 20104 39470 40073 80001 333 10338 59003 82070=",
"43063099999","2025-01-26T15:00:00","4","18.5333333","73.85","558.0","PUNE, IN","FM-12","99999","V020","070,1,N,0010,1","99999,9,9,N","004000,1,9,9","+0212,1","+0128,1","10113,1",,,,,,,,,,,,"99999,9,09488,1","9,9,999,9,-009,1",,"SYN05243063 32996 00702 10212 20128 39488 40113 333 59009=",
"43063099999","2025-01-26T18:00:00","4","18.5333333","73.85","558.0","PUNE, IN","FM-12","99999","V020","070,1,N,0005,1","99999,9,9,N","004000,1,9,9","+0178,1","+0127,1","10134,1",,,,,,,,,,,,"99999,9,09498,1","9,9,999,9,-006,1",,"SYN05243063 32996 00701 10178 20127 39498 40134 333 59006=",
"43063099999","2025-01-26T21:00:00","4","18.5333333","73.85","558.0","PUNE, IN","FM-12","99999","V020","999,9,C,0000,1","99999,9,9,N","004000,1,9,9","+0162,1","+0124,1","10131,1",,,,,,,,,,,,"99999,9,09493,1","9,9,999,9,+000,1",,"SYN05243063 32996 00000 10162 20124 39493 40131 333 58000=",
"43063099999","2025-01-27T00:00:00","4","18.5333333","73.85","558.0","PUNE, IN","FM-12","99999","V020","999,9,C,0000,1","99999,9,9,N","004000,1,9,9","+0146,1","+0139,1","10124,1",,,,,,,,,,,,"99999,9,09483,1","9,9,999,9,-009,1",,"SYN05243063 32996 00000 10146 20139 39483 40124 333 59009=",
"43063099999","2025-01-27T03:00:00","4","18.5333333","73.85","558.0","PUNE, IN","FM-12","99999","V020","999,9,C,0000,1","22000,1,9,N","004000,1,9,9","+0166,1","+0143,1","10141,1",,"1,1,02,1","1,1,02,1",,,"03,1,+06000,1,00,1",,,"9,AGL   ,+99999,+99999","03,99,1,03,1,99,9,06000,1,99,9,99,9","240,N,+0139,1","99999,9,09503,1","9,9,999,9,-012,1","05,1","SYN09243063 31996 30000 10166 20143 39503 40141 70511 80001 333 20139 59012 83070 555 00000 10000=",
"43063099999","2025-01-27T06:00:00","4","18.5333333","73.85","558.0","PUNE, IN","FM-12","99999","V020","090,1,N,0005,1","22000,1,9,N","004000,1,9,9","+0296,2","+0122,1","10110,1",,"1,1,02,1","1,1,02,1",,,"04,1,+06000,1,00,1",,,"9,AGL   ,+99999,+99999","04,99,1,04,1,99,9,06000,1,99,9,99,9",,"99999,9,09500,1","9,9,999,9,-013,1","05,1","SYN07043063 31996 40901 10296 20122 39500 40110 70511 80001 333 59013 84070=",
"43063099999","2025-01-27T09:00:00","4","18.5333333","73.85","558.0","PUNE, IN","FM-12","99999","V020","090,1,N,0010,1","22000,1,9,N","010000,1,9,9","+0328,1","+0110,1","10067,1",,,,,,"03,1,+06000,1,00,1",,,"9,AGL   ,+99999,+99999","03,99,1,03,1,99,9,06000,1,99,9,99,9",,"99999,9,09466,1","9,9,999,9,-013,1",,"SYN06443063 32997 30902 10328 20110 39466 40067 80001 333 59013 83070=",
"43063099999","2025-01-27T12:00:00","4","18.5333333","73.85","558.0","PUNE, IN","FM-12","99999","V020","090,1,N,0005,1","22000,1,9,N","010000,1,9,9","+0322,1","+0105,1","10157,2",,,,,,"04,1,+06000,1,00,1",,,"9,AGL   ,+99999,+99999","04,99,1,04,1,99,9,06000,1,99,9,99,9",,"99999,9,09456,1","9,9,999,9,-014,1",,"SYN07043063 32997 40901 10322 20105 39456 40157 80001 333 10342 59014 84070=",
"43063099999","2025-01-27T15:00:00","4","18.5333333","73.85","558.0","PUNE, IN","FM-12","99999","V020","999,9,C,0000,1","22000,1,9,N","004000,1,9,9","+0218,1","+0139,1","10104,1",,,,,,"03,1,+06000,1,00,1",,,"9,AGL   ,+99999,+99999","03,99,1,03,1,99,9,06000,1,99,9,99,9",,"99999,9,09479,1","9,9,999,9,-009,1",,"SYN06443063 32996 30000 10218 20139 39479 40104 80001 333 59009 83070=",
"43063099999","2025-01-27T18:00:00","4","18.5333333","73.85","558.0","PUNE, IN","FM-12","99999","V020","999,9,C,0000,1","99999,9,9,N","004000,1,9,9","+0192,1","+0149,1","10116,1",,,,,,,,,,,,"99999,9,09486,1","9,9,999,9,-012,1",,"SYN05243063 32996 00000 10192 20149 39486 40116 333 59012=",
"43063099999","2025-01-27T21:00:00","4","18.5333333","73.85","558.0","PUNE, IN","FM-12","99999","V020","999,9,C,0000,1","99999,9,9,N","004000,1,9,9","+0172,1","+0152,1","10111,1",,,,,,,,,,,,"99999,9,09477,1","9,9,999,9,-016,1",,"SYN05243063 32996 00000 10172 20152 39477 40111 333 59016=",
"43063099999","2025-01-28T00:00:00","4","18.5333333","73.85","558.0","PUNE, IN","FM-12","99999","V020","999,9,C,0000,1","99999,9,9,N","004000,1,9,9","+0162,1","+0152,1","10104,1",,,,,,,,,,,,"99999,9,09469,1","9,9,999,9,-014,1",,"SYN05243063 32996 00000 10162 20152 39469 40104 333 59014=",
"43063099999","2025-01-28T03:00:00","4","18.5333333","73.85","558.0","PUNE, IN","FM-12","99999","V020","999,9,C,0000,1","22000,1,9,N","004000,1,9,9","+0170,1","+0157,1","10133,1",,"1,1,02,1","0,1,02,1",,,"02,1,+06000,1,00,1",,,"9,AGL   ,+99999,+99999","02,99,1,02,1,99,9,06000,1,99,9,99,9","240,N,+0150,1","99999,9,09495,1","9,9,999,9,-008,1","05,1","SYN09243063 31996 20000 10170 20157 39495 40133 70510 80001 333 20150 59008 82070 555 00000 10000=",
"43063099999","2025-01-28T06:00:00","4","18.5333333","73.85","558.0","PUNE, IN","FM-12","99999","V020","090,1,N,0005,1","22000,1,9,N","004000,1,9,9","+0296,2","+0139,1","10107,1",,"1,1,02,1","1,1,02,1",,,"03,1,+06000,1,00,1",,,"9,AGL   ,+99999,+99999","03,99,1,03,1,99,9,06000,1,99,9,99,9",,"99999,9,09497,1","9,9,999,9,-003,1","05,1","SYN07043063 31996 30901 10296 20139 39497 40107 70511 80001 333 59003 83070=",
"43063099999","2025-01-28T09:00:00","4","18.5333333","73.85","558.0","PUNE, IN","FM-12","99999","V020","090,1,N,0010,1","22000,1,9,N","010000,1,9,9","+0334,1","+0115,1","10065,1",,,,,,"04,1,+06000,1,00,1",,,"9,AGL   ,+99999,+99999","04,99,1,04,1,99,9,06000,1,99,9,99,9",,"99999,9,09466,1","9,9,999,9,+000,1",,"SYN06443063 32997 40902 10334 20115 39466 40065 80001 333 58000 84070=",
"43063099999","2025-01-28T12:00:00","4","18.5333333","73.85","558.0","PUNE, IN","FM-12","99999","V020","270,1,N,0010,1","22000,1,9,N","010000,1,9,9","+0302,1","+0139,1","10077,1",,,,,,"04,1,+06000,1,00,1",,,"9,AGL   ,+99999,+99999","04,99,1,04,1,99,9,06000,1,99,9,99,9",,"99999,9,09471,1","9,9,999,9,+015,1",,"SYN07043063 32997 42702 10302 20139 39471 40077 80001 333 10344 58015 84070=",
"43063099999","2025-01-28T15:00:00","4","18.5333333","73.85","558.0","PUNE, IN","FM-12","99999","V020","999,9,C,0000,1","22000,1,9,N","004000,1,9,9","+0250,1","+0176,1","10112,1",,,,,,"02,1,+06000,1,00,1",,,"9,AGL   ,+99999,+99999","02,99,1,02,1,99,9,06000,1,99,9,99,9",,"99999,9,09492,1","9,9,999,9,+013,1",,"SYN06443063 32996 20000 10250 20176 39492 40112 80001 333 58013 82070=",
"43063099999","2025-01-28T18:00:00","4","18.5333333","73.85","558.0","PUNE, IN","FM-12","99999","V020","999,9,C,0000,1","99999,9,9,N","004000,1,9,9","+0204,1","+0169,1","10131,1",,,,,,,,,,,,"99999,9,09502,1","9,9,999,9,+016,1",,"SYN05243063 32996 00000 10204 20169 39502 40131 333 58016=",
"43063099999","2025-01-28T21:00:00","4","18.5333333","73.85","558.0","PUNE, IN","FM-12","99999","V020","999,9,C,0000,1","99999,9,9,N","004000,1,9,9","+0194,1","+0162,1","10124,1",,,,,,,,,,,,"99999,9,09493,1","9,9,999,9,+016,1",,"SYN05243063 32996 00000 10194 20162 39493 40124 333 58016=",
"43063099999","2025-01-29T00:00:00","4","18.5333333","73.85","558.0","PUNE, IN","FM-12","99999","V020","999,9,C,0000,1","99999,9,9,N","004000,1,9,9","+0168,1","+0151,1","10128,1",,,,,,,,,,,,"99999,9,09491,1","9,9,999,9,+022,1",,"SYN05243063 32996 00000 10168 20151 39491 40128 333 58022=",
"43063099999","2025-01-29T03:00:00","4","18.5333333","73.85","558.0","PUNE, IN","FM-12","99999","V020","999,9,C,0000,1","22000,1,9,N","004000,1,9,9","+0190,1","+0158,1","10149,1",,"1,1,02,1","0,1,02,1",,,"03,1,+06000,1,00,1",,,"9,AGL   ,+99999,+99999","03,99,1,03,1,99,9,06000,1,99,9,99,9","240,N,+0159,1","99999,9,09516,1","9,9,999,9,+021,1","05,1","SYN08643063 31996 30000 10190 20158 39516 40149 70510 333 20159 58021 83070 555 00000 10000=",
"43063099999","2025-01-29T06:00:00","4","18.5333333","73.85","558.0","PUNE, IN","FM-12","99999","V020","090,1,N,0005,1","22000,1,9,N","010000,1,9,9","+0302,2","+0135,1","10126,1",,,,,,"01,1,+06000,1,00,1",,,"9,AGL   ,+99999,+99999","01,99,1,01,1,99,9,06000,1,99,9,99,9",,"99999,9,09517,1","9,9,999,9,+020,1",,"SYN06443063 32997 10901 10302 20135 39517 40126 80001 333 58020 81070=",
"43063099999","2025-01-29T09:00:00","4","18.5333333","73.85","558.0","PUNE, IN","FM-12","99999","V020","070,1,N,0010,1","22000,1,9,N","010000,1,9,9","+0340,1","+0095,1","10082,1",,,,,,"03,1,+06000,1,00,1",,,"9,AGL   ,+99999,+99999","03,99,1,03,1,99,9,06000,1,99,9,99,9",,"99999,9,09482,1","9,9,999,9,+016,1",,"SYN06443063 32997 30702 10340 20095 39482 40082 80001 333 58016 83070=",
"43063099999","2025-01-29T12:00:00","4","18.5333333","73.85","558.0","PUNE, IN","FM-12","99999","V020","270,1,N,0015,1","22000,1,9,N","010000,1,9,9","+0318,1","+0089,1","10078,1",,,,,,"02,1,+06000,1,00,1",,,"9,AGL   ,+99999,+99999","02,99,1,02,1,99,9,06000,1,99,9,99,9",,"99999,9,09474,1","9,9,999,9,+003,1",,"SYN07043063 32997 22703 10318 20089 39474 40078 80001 333 10359 58003 82070=",
"43063099999","2025-01-29T15:00:00","4","18.5333333","73.85","558.0","PUNE, IN","FM-12","99999","V020","999,9,C,0000,1","22000,1,9,N","004000,1,9,9","+0226,1","+0121,1","10120,1",,,,,,"02,1,+06000,1,00,1",,,"9,AGL   ,+99999,+99999","02,99,1,02,1,99,9,06000,1,99,9,99,9",,"99999,9,09495,1","9,9,999,9,+003,1",,"SYN06443063 32996 20000 10226 20121 39495 40120 80001 333 58003 82070=",
"43063099999","2025-01-29T18:00:00","4","18.5333333","73.85","558.0","PUNE, IN","FM-12","99999","V020","999,9,C,0000,1","99999,9,9,N","004000,1,9,9","+0186,1","+0136,1","10135,1",,,,,,,,,,,,"99999,9,09502,1","9,9,999,9,+000,1",,"SYN05243063 32996 00000 10186 20136 39502 40135 333 58000=",
"43063099999","2025-01-29T21:00:00","4","18.5333333","73.85","558.0","PUNE, IN","FM-12","99999","V020","999,9,C,0000,1","99999,9,9,N","004000,1,9,9","+0168,1","+0145,1","10126,1",,,,,,,,,,,,"99999,9,09489,1","9,9,999,9,-004,1",,"SYN05243063 32996 00000 10168 20145 39489 40126 333 59004=",
"43063099999","2025-01-30T00:00:00","4","18.5333333","73.85","558.0","PUNE, IN","FM-12","99999","V020","999,9,C,0000,1","99999,9,9,N","004000,1,9,9","+0158,1","+0138,1","10125,1",,,,,,,,,,,,"99999,9,09486,1","9,9,999,9,-005,1",,"SYN05243063 32996 00000 10158 20138 39486 40125 333 59005=",
"43063099999","2025-01-30T03:00:00","4","18.5333333","73.85","558.0","PUNE, IN","FM-12","99999","V020","999,9,C,0000,1","99999,9,9,N","004000,1,9,9","+0168,1","+0148,1","10143,1",,"0,1,02,1","0,1,02,1",,,,,,,,"240,N,+0149,1","99999,9,09505,1","9,9,999,9,-011,1","05,1","SYN08043063 31996 00000 10168 20148 39505 40143 70500 333 20149 59011 555 00000 10000=",
"43063099999","2025-01-30T06:00:00","4","18.5333333","73.85","558.0","PUNE, IN","FM-12","99999","V020","140,1,N,0005,1","99999,9,9,N","010000,1,9,9","+0304,2","+0125,1","10114,1",,,,,,,,,,,,"99999,9,09506,1","9,9,999,9,-011,1",,"SYN05243063 32997 01401 10304 20125 39506 40114 333 59011=",
"43063099999","2025-01-30T09:00:00","4","18.5333333","73.85","558.0","PUNE, IN","FM-12","99999","V020","270,1,N,0005,1","22000,1,9,N","010000,1,9,9","+0342,2","+0108,1","10063,1",,,,,,"01,1,+06000,1,00,1",,,"9,AGL   ,+99999,+99999","01,99,1,01,1,99,9,06000,1,99,9,99,9",,"99999,9,09466,1","9,9,999,9,-016,1",,"SYN06443063 32997 12701 10342 20108 39466 40063 80001 333 59016 81070=",
"43063099999","2025-01-30T12:00:00","4","18.5333333","73.85","558.0","PUNE, IN","FM-12","99999","V020","270,1,N,0015,1","99999,9,9,N","010000,1,9,9","+0312,1","+0123,1","10062,1",,,,,,,,,,,,"99999,9,09459,1","9,9,999,9,-015,1",,"SYN05843063 32997 02703 10312 20123 39459 40062 333 10352 59015=",
"43063099999","2025-01-30T15:00:00","4","18.5333333","73.85","558.0","PUNE, IN","FM-12","99999","V020","270,1,N,0010,1","99999,9,9,N","004000,1,9,9","+0248,1","+0141,1","10104,1",,,,,,,,,,,,"99999,9,09485,1","9,9,999,9,-010,1",,"SYN05243063 32996 02702 10248 20141 39485 40104 333 59010=",
"43063099999","2025-01-30T18:00:00","4","18.5333333","73.85","558.0","PUNE, IN","FM-12","99999","V020","999,9,C,0000,1","22000,1,9,N","004000,1,9,9","+0204,1","+0141,1","10115,1",,,,,,"01,1,+06000,1,00,1",,,"9,AGL   ,+99999,+99999","01,99,1,01,1,99,9,06000,1,99,9,99,9",,"99999,9,09487,1","9,9,999,9,-015,1",,"SYN06443063 32996 10000 10204 20141 39487 40115 80001 333 59015 81070=",
"43063099999","2025-01-30T21:00:00","4","18.5333333","73.85","558.0","PUNE, IN","FM-12","99999","V020","999,9,C,0000,1","99999,9,9,N","004000,1,9,9","+0178,1","+0152,1","10108,1",,,,,,,,,,,,"99999,9,09474,1","9,9,999,9,-015,1",,"SYN05243063 32996 00000 10178 20152 39474 40108 333 59015=",
"43063099999","2025-01-31T00:00:00","4","18.5333333","73.85","558.0","PUNE, IN","FM-12","99999","V020","999,9,C,0000,1","99999,9,9,N","004000,1,9,9","+0162,1","+0145,1","10112,1",,,,,,,,,,,,"99999,9,09475,1","9,9,999,9,-011,1",,"SYN05243063 32996 00000 10162 20145 39475 40112 333 59011=",
"43063099999","2025-01-31T03:00:00","4","18.5333333","73.85","558.0","PUNE, IN","FM-12","99999","V020","999,9,C,0000,1","22000,1,9,N","004000,1,9,9","+0180,1","+0140,1","10134,1",,"1,1,02,1","1,1,02,1",,,"03,1,+06000,1,00,1",,,"9,AGL   ,+99999,+99999","03,99,1,03,1,99,9,06000,1,99,9,99,9","240,N,+0158,1","99999,9,09498,1","9,9,999,9,-007,1","05,1","SYN09243063 31996 30000 10180 20140 39498 40134 70511 80001 333 20158 59007 83070 555 00000 10000=",
"43063099999","2025-01-31T06:00:00","4","18.5333333","73.85","558.0","PUNE, IN","FM-12","99999","V020","270,1,N,0005,1","99999,9,9,N","010000,1,9,9","+0296,2","+0131,1","10109,1",,,,,,,,,,,,"99999,9,09499,1","9,9,999,9,-007,1",,"SYN05243063 32997 02701 10296 20131 39499 40109 333 59007=",
"43063099999","2025-01-31T09:00:00","4","18.5333333","73.85","558.0","PUNE, IN","FM-12","99999","V020","230,1,N,0005,1","99999,9,9,N","010000,1,9,9","+0336,1","+0123,1","10064,1",,,,,,,,,,,,"99999,9,09465,1","9,9,999,9,-001,1",,"SYN05243063 32997 02301 10336 20123 39465 40064 333 59001=",
"43063099999","2025-01-31T12:00:00","4","18.5333333","73.85","558.0","PUNE, IN","FM-12","99999","V020","270,1,N,0010,1","99999,9,9,N","010000,1,9,9","+0312,1","+0089,1","10060,1",,,,,,,,,,,,"99999,9,09457,1","9,9,999,9,-002,1",,"SYN05843063 32997 02702 10312 20089 39457 40060 333 10348 59002=",
"43063099999","2025-01-31T15:00:00","4","18.5333333","73.85","558.0","PUNE, IN","FM-12","99999","V020","999,9,C,0000,1","99999,9,9,N","004000,1,9,9","+0236,1","+0134,1","10104,1",,,,,,,,,,,,"99999,9,09483,1","9,9,999,9,-002,1",,"SYN05243063 32996 00000 10236 20134 39483 40104 333 59002=",
"43063099999","2025-01-31T18:00:00","4","18.5333333","73.85","558.0","PUNE, IN","FM-12","99999","V020","999,9,C,0000,1","99999,9,9,N","004000,1,9,9","+0204,1","+0145,1","10121,1",,,,,,,,,,,,"99999,9,09492,1","9,9,999,9,+005,1",,"SYN05243063 32996 00000 10204 20145 39492 40121 333 58005=",
"43063099999","2025-01-31T21:00:00","4","18.5333333","73.85","558.0","PUNE, IN","FM-12","99999","V020","999,9,C,0000,1","99999,9,9,N","004000,1,9,9","+0182,1","+0153,1","10111,1",,,,,,,,,,,,"99999,9,09479,1","9,9,999,9,+005,1",,"SYN05243063 32996 00000 10182 20153 39479 40111 333 58005=",
"43063099999","2025-02-01T00:00:00","4","18.5333333","73.85","558.0","PUNE, IN","FM-12","99999","V020","999,9,C,0000,1","99999,9,9,N","004000,1,9,9","+0164,1","+0140,1","10115,1",,,,,,,,,,,,"99999,9,09478,1","9,9,999,9,+003,1",,"SYN05243063 32996 00000 10164 20140 39478 40115 333 58003=",
"43063099999","2025-02-01T03:00:00","4","18.5333333","73.85","558.0","PUNE, IN","FM-12","99999","V020","999,9,C,0000,1","99999,9,9,N","010000,1,9,9","+0170,1","+0143,1","10137,1",,,,,,,,,,,"240,N,+0138,1","99999,9,09499,1","9,9,999,9,+001,1",,"SYN07443063 32997 00000 10170 20143 39499 40137 333 20138 58001 555 00000 10000=",
"43063099999","2025-02-01T06:00:00","4","18.5333333","73.85","558.0","PUNE, IN","FM-12","99999","V020","999,9,C,0000,1","99999,9,9,N","010000,1,9,9","+0294,2","+0080,1","10114,1",,,,,,,,,,,,"99999,9,09504,1","9,9,999,9,+005,1",,"SYN05243063 32997 00000 10294 20080 39504 40114 333 58005=",
"43063099999","2025-02-01T09:00:00","4","18.5333333","73.85","558.0","PUNE, IN","FM-12","99999","V020","320,1,N,0010,1","99999,9,9,N","010000,1,9,9","+0330,1","+0093,1","10073,1",,,,,,,,,,,,"99999,9,09471,1","9,9,999,9,+006,1",,"SYN05243063 32997 03202 10330 20093 39471 40073 333 58006=",
"43063099999","2025-02-01T12:00:00","4","18.5333333","73.85","558.0","PUNE, IN","FM-12","99999","V020","270,1,N,0021,1","22000,1,9,N","010000,1,9,9","+9999,9","+0096,1","10073,1",,,,,,"01,1,+06000,1,00,1",,,"9,AGL   ,+99999,+99999","01,99,1,01,1,99,9,06000,1,99,9,99,9",,"99999,9,09468,1","9,9,999,9,-009,1",,"SYN06443063 32997 12704 20096 39468 40073 80001 333 10347 59009 81070=",
"43063099999","2025-02-01T15:00:00","4","18.5333333","73.85","558.0","PUNE, IN","FM-12","99999","V020","270,1,N,0005,1","99999,9,9,N","004000,1,9,9","+0230,1","+0109,1","10115,1",,,,,,,,,,,,"99999,9,09491,1","9,9,999,9,+008,1",,"SYN05243063 32996 02701 10230 20109 39491 40115 333 58008=",
"43063099999","2025-02-01T18:00:00","4","18.5333333","73.85","558.0","PUNE, IN","FM-12","99999","V020","999,9,C,0000,1","99999,9,9,N","004000,1,9,9","+0184,1","+0122,1","10137,1",,,,,,,,,,,,"99999,9,09504,1","9,9,999,9,+012,1",,"SYN05243063 32996 00000 10184 20122 39504 40137 333 58012=",
"43063099999","2025-02-01T21:00:00","4","18.5333333","73.85","558.0","PUNE, IN","FM-12","99999","V020","999,9,C,0000,1","99999,9,9,N","004000,1,9,9","+0170,1","+0129,1","10131,1",,,,,,,,,,,,"99999,9,09493,1","9,9,999,9,+014,1",,"SYN05243063 32996 00000 10170 20129 39493 40131 333 58014=",
"43063099999","2025-02-02T00:00:00","4","18.5333333","73.85","558.0","PUNE, IN","FM-12","99999","V020","999,9,C,0000,1","99999,9,9,N","004000,1,9,9","+0160,1","+0133,1","10124,1",,,,,,,,,,,,"99999,9,09485,1","9,9,999,9,+007,1",,"SYN05243063 32996 00000 10160 20133 39485 40124 333 58007=",
"43063099999","2025-02-02T03:00:00","4","18.5333333","73.85","558.0","PUNE, IN","FM-12","99999","V020","999,9,C,0000,1","22000,1,9,N","004000,1,9,9","+0194,1","+0141,1","10145,1",,"1,1,02,1","0,1,02,1",,,"03,1,+06000,1,00,1",,,"9,AGL   ,+99999,+99999","03,99,1,03,1,99,9,06000,1,99,9,99,9","240,N,+0148,1","99999,9,09512,1","9,9,999,9,+013,1","05,1","SYN09243063 31996 30000 10194 20141 39512 40145 70510 80001 333 20148 58013 83070 555 00000 10000=",
"43063099999","2025-02-02T06:00:00","4","18.5333333","73.85","558.0","PUNE, IN","FM-12","99999","V020","090,1,N,0010,1","22000,1,9,N","010000,1,9,9","+0294,1","+0100,1","10125,1",,,,,,"02,1,+06000,1,00,1",,,"9,AGL   ,+99999,+99999","02,99,1,02,1,99,9,06000,1,99,9,99,9",,"99999,9,09514,1","9,9,999,9,+010,1",,"SYN06443063 32997 20902 10294 20100 39514 40125 80001 333 58010 82070=",
"43063099999","2025-02-02T09:00:00","4","18.5333333","73.85","558.0","PUNE, IN","FM-12","99999","V020","070,1,N,0010,1","22000,1,9,N","010000,1,9,9","+0330,1","+0118,1","10078,1",,,,,,"02,1,+06000,1,00,1",,,"9,AGL   ,+99999,+99999","02,99,1,02,1,99,9,06000,1,99,9,99,9",,"99999,9,09476,1","9,9,999,9,+005,1",,"SYN06443063 32997 20702 10330 20118 39476 40078 80001 333 58005 82070=",
"43063099999","2025-02-02T12:00:00","4","18.5333333","73.85","558.0","PUNE, IN","FM-12","99999","V020","999,9,C,0000,1","22000,1,9,N","010000,1,9,9","+0332,1","+0148,1","10065,1",,,,,,"01,1,+00780,1,06,1","03,1,+06000,1,00,1",,"9,AGL   ,+99999,+99999","03,99,1,01,1,99,9,00780,1,99,9,99,9",,"99999,9,09466,1","9,9,999,9,-002,1",,"SYN07643063 32597 30000 10332 20148 39466 40065 81501 333 10341 59002 81626 83070=",
"43063099999","2025-02-02T15:00:00","4","18.5333333","73.85","558.0","PUNE, IN","FM-12","99999","V020","999,9,C,0000,1","22000,1,9,N","004000,1,9,9","+0252,1","+0146,1","10112,1",,,,,,"02,1,+06000,1,00,1",,,"9,AGL   ,+99999,+99999","02,99,1,02,1,99,9,06000,1,99,9,99,9",,"99999,9,09494,1","9,9,999,9,+003,1",,"SYN06443063 32996 20000 10252 20146 39494 40112 80001 333 58003 82070=",
"43063099999","2025-02-02T18:00:00","4","18.5333333","73.85","558.0","PUNE, IN","FM-12","99999","V020","999,9,C,0000,1","22000,1,9,N","004000,1,9,9","+0202,1","+0150,1","10134,1",,,,,,"02,1,+06000,1,00,1",,,"9,AGL   ,+99999,+99999","02,99,1,02,1,99,9,06000,1,99,9,99,9",,"99999,9,09505,1","9,9,999,9,+001,1",,"SYN06443063 32996 20000 10202 20150 39505 40134 80001 333 58001 82070=",
"43063099999","2025-02-02T21:00:00","4","18.5333333","73.85","558.0","PUNE, IN","FM-12","99999","V020","999,9,C,0000,1","99999,9,9,N","004000,1,9,9","+0164,1","+0130,1","10124,1",,,,,,,,,,,,"99999,9,09487,1","9,9,999,9,-006,1",,"SYN05243063 32996 00000 10164 20130 39487 40124 333 59006=",
"43063099999","2025-02-03T00:00:00","4","18.5333333","73.85","558.0","PUNE, IN","FM-12","99999","V020","999,9,C,0000,1","99999,9,9,N","004000,1,9,9","+0170,1","+0147,1","10125,1",,,,,,,,,,,,"99999,9,09488,1","9,9,999,9,+003,1",,"SYN05243063 32996 00000 10170 20147 39488 40125 333 58003=",
"43063099999","2025-02-03T03:00:00","4","18.5333333","73.85","558.0","PUNE, IN","FM-12","99999","V020","999,9,C,0000,1","99999,9,9,N","010000,1,9,9","+0184,1","+0161,1","10139,1",,,,,,,,,,,"240,N,+0160,1","99999,9,09506,1","9,9,999,9,-006,1",,"SYN07443063 32997 00000 10184 20161 39506 40139 333 20160 59006 555 00000 10000=",
"43063099999","2025-02-03T06:00:00","4","18.5333333","73.85","558.0","PUNE, IN","FM-12","99999","V020","070,1,N,0015,1","99999,9,9,N","010000,1,9,9","+0298,2","+0142,1","10123,1",,,,,,,,,,,,"99999,9,09512,1","9,9,999,9,-002,1",,"SYN05243063 32997 00703 10298 20142 39512 40123 333 59002=",
"43063099999","2025-02-03T09:00:00","4","18.5333333","73.85","558.0","PUNE, IN","FM-12","99999","V020","270,1,N,0021,1","22000,1,9,N","010000,1,9,9","+0320,1","+0126,1","10079,1",,,,,,"01,1,+00780,1,06,1","99,9,+99999,9,00,1",,"9,AGL   ,+99999,+99999","02,99,1,01,1,99,9,00780,1,99,9,99,9",,"99999,9,09475,1","9,9,999,9,+009,1",,"SYN07043063 32997 22704 10320 20126 39475 40079 81501 333 10352 58009 81626=",
"43063099999","2025-02-03T12:00:00","4","18.5333333","73.85","558.0","PUNE, IN","FM-12","99999","V020","270,1,N,0021,1","22000,1,9,N","010000,1,9,9","+0320,1","+0126,1","10079,1",,,,,,"01,1,+00780,1,06,1","99,9,+99999,9,00,1",,"9,AGL   ,+99999,+99999","02,99,1,01,1,99,9,00780,1,99,9,99,9",,"99999,9,09475,1","9,9,999,9,+009,1",,"SYN07043063 32997 22704 10320 20126 39475 40079 81501 333 10352 58009 81626=",
"43063099999","2025-02-03T15:00:00","4","18.5333333","73.85","558.0","PUNE, IN","FM-12","99999","V020","270,1,N,0005,1","99999,9,9,N","004000,1,9,9","+0246,1","+0150,1","10125,1",,,,,,,,,,,,"99999,9,09504,1","9,9,999,9,+010,1",,"SYN05243063 32996 02701 10246 20150 39504 40125 333 58010=",
"43063099999","2025-02-03T18:00:00","4","18.5333333","73.85","558.0","PUNE, IN","FM-12","99999","V020","999,9,C,0000,1","99999,9,9,N","004000,1,9,9","+0206,1","+0158,1","10143,1",,,,,,,,,,,,"99999,9,09513,1","9,9,999,9,+008,1",,"SYN05243063 32996 00000 10206 20158 39513 40143 333 58008=",
"43063099999","2025-02-03T21:00:00","4","18.5333333","73.85","558.0","PUNE, IN","FM-12","99999","V020","999,9,C,0000,1","99999,9,9,N","004000,1,9,9","+0184,1","+0151,1","10132,1",,,,,,,,,,,,"99999,9,09499,1","9,9,999,9,+012,1",,"SYN05243063 32996 00000 10184 20151 39499 40132 333 58012=",
"43063099999","2025-02-04T00:00:00","4","18.5333333","73.85","558.0","PUNE, IN","FM-12","99999","V020","999,9,C,0000,1","99999,9,9,N","004000,1,9,9","+0170,1","+0154,1","10131,1",,,,,,,,,,,,"99999,9,09493,1","9,9,999,9,+005,1",,"SYN05243063 32996 00000 10170 20154 39493 40131 333 58005=",
"43063099999","2025-02-04T03:00:00","4","18.5333333","73.85","558.0","PUNE, IN","FM-12","99999","V020","999,9,C,0000,1","22000,1,9,N","004000,1,9,9","+0184,1","+0161,1","10158,1",,"1,1,02,1","1,1,02,1",,,"02,1,+06000,1,00,1",,,"9,AGL   ,+99999,+99999","02,99,1,02,1,99,9,06000,1,99,9,99,9","240,N,+0148,1","99999,9,09523,1","9,9,999,9,+011,1","05,1","SYN09243063 31996 20000 10184 20161 39523 40158 70511 80001 333 20148 58011 82070 555 00000 10000=",
"43063099999","2025-02-04T06:00:00","4","18.5333333","73.85","558.0","PUNE, IN","FM-12","99999","V020","999,9,C,0000,1","22000,1,9,N","004000,1,9,9","+0302,2","+0139,1","10132,1",,"1,1,02,1","1,1,02,1",,,"04,1,+06000,1,00,1",,,"9,AGL   ,+99999,+99999","04,99,1,04,1,99,9,06000,1,99,9,99,9",,"99999,9,09523,1","9,9,999,9,+011,1","05,1","SYN07043063 31996 40000 10302 20139 39523 40132 70511 80001 333 58011 84070=",
"43063099999","2025-02-04T09:00:00","4","18.5333333","73.85","558.0","PUNE, IN","FM-12","99999","V020","140,1,N,0005,1","22000,1,9,N","010000,1,9,9","+0338,1","+0080,1","10088,1",,,,,,"04,1,+06000,1,00,1",,,"9,AGL   ,+99999,+99999","04,99,1,04,1,99,9,06000,1,99,9,99,9",,"99999,9,09488,1","9,9,999,9,+008,1",,"SYN06443063 32997 41401 10338 20080 39488 40088 80001 333 58008 84070=",
"43063099999","2025-02-04T12:00:00","4","18.5333333","73.85","558.0","PUNE, IN","FM-12","99999","V020","270,1,N,0010,1","22000,1,9,N","010000,1,9,9","+0302,1","+0113,1","10088,1",,,,,,"02,1,+06000,1,00,1",,,"9,AGL   ,+99999,+99999","02,99,1,02,1,99,9,06000,1,99,9,99,9",,"99999,9,09482,1","9,9,999,9,+007,1",,"SYN07043063 32997 22702 10302 20113 39482 40088 80001 333 10343 58007 82070=",
"43063099999","2025-02-04T15:00:00","4","18.5333333","73.85","558.0","PUNE, IN","FM-12","99999","V020","270,1,N,0010,1","99999,9,9,N","004000,1,9,9","+0256,1","+0131,1","10119,1",,,,,,,,,,,,"99999,9,09501,1","9,9,999,9,-003,1",,"SYN05243063 32996 02702 10256 20131 39501 40119 333 59003=",
"43063099999","2025-02-04T18:00:00","4","18.5333333","73.85","558.0","PUNE, IN","FM-12","99999","V020","999,9,C,0000,1","99999,9,9,N","004000,1,9,9","+0198,1","+0145,1","10139,1",,,,,,,,,,,,"99999,9,09508,1","9,9,999,9,-005,1",,"SYN05243063 32996 00000 10198 20145 39508 40139 333 59005=",
"43063099999","2025-02-04T21:00:00","4","18.5333333","73.85","558.0","PUNE, IN","FM-12","99999","V020","999,9,C,0000,1","99999,9,9,N","004000,1,9,9","+0170,1","+0140,1","10133,1",,,,,,,,,,,,"99999,9,09495,1","9,9,999,9,-004,1",,"SYN05243063 32996 00000 10170 20140 39495 40133 333 59004=",
"43063099999","2025-02-05T00:00:00","4","18.5333333","73.85","558.0","PUNE, IN","FM-12","99999","V020","999,9,C,0000,1","99999,9,9,N","004000,1,9,9","+0156,1","+0142,1","10134,1",,,,,,,,,,,,"99999,9,09494,1","9,9,999,9,+001,1",,"SYN05243063 32996 00000 10156 20142 39494 40134 333 58001=",
"43063099999","2025-02-05T03:00:00","4","18.5333333","73.85","558.0","PUNE, IN","FM-12","99999","V020","999,9,C,0000,1","22000,1,9,N","010000,1,9,9","+0188,1","+0152,1","10145,1",,,,,,"01,1,+06000,1,00,1",,,"9,AGL   ,+99999,+99999","01,99,1,01,1,99,9,06000,1,99,9,99,9","240,N,+0142,1","99999,9,09511,1","9,9,999,9,-012,1",,"SYN08643063 32997 10000 10188 20152 39511 40145 80001 333 20142 59012 81070 555 00000 10000=",
"43063099999","2025-02-05T06:00:00","4","18.5333333","73.85","558.0","PUNE, IN","FM-12","99999","V020","050,1,N,0015,1","99999,9,9,N","010000,1,9,9","+0286,1","+0117,1","10124,1",,,,,,,,,,,,"99999,9,09511,1","9,9,999,9,-012,1",,"SYN05243063 32997 00503 10286 20117 39511 40124 333 59012=",
"43063099999","2025-02-05T09:00:00","4","18.5333333","73.85","558.0","PUNE, IN","FM-12","99999","V020","090,1,N,0026,1","22000,1,9,N","010000,1,9,9","+0320,1","+0121,1","10076,1",,,,,,"01,1,+00780,1,06,1",,,"9,AGL   ,+99999,+99999","01,99,1,01,1,99,9,00780,1,99,9,99,9",,"99999,9,09472,1","9,9,999,9,-016,1",,"SYN06443063 32597 10905 10320 20121 39472 40076 81500 333 59016 81626=",
"43063099999","2025-02-05T12:00:00","4","18.5333333","73.85","558.0","PUNE, IN","FM-12","99999","V020","070,1,N,0005,1","22000,1,9,N","010000,1,9,9","+0310,1","+0115,1","10073,1",,,,,,"02,1,+00780,1,06,1",,,"9,AGL   ,+99999,+99999","02,99,1,02,1,99,9,00780,1,99,9,99,9",,"99999,9,09468,1","9,9,999,9,-014,1",,"SYN07043063 32597 20701 10310 20115 39468 40073 82500 333 10328 59014 82626=",
"43063099999","2025-02-05T15:00:00","4","18.5333333","73.85","558.0","PUNE, IN","FM-12","99999","V020","999,9,C,0000,1","99999,9,9,N","004000,1,9,9","+0244,1","+0136,1","10105,1",,,,,,,,,,,,"99999,9,09486,1","9,9,999,9,-015,1",,"SYN05243063 32096 00000 10244 20136 39486 40105 333 59015=",
"43063099999","2025-02-05T18:00:00","4","18.5333333","73.85","558.0","PUNE, IN","FM-12","99999","V020","999,9,C,0000,1","99999,9,9,N","004000,1,9,9","+0192,1","+0142,1","10130,1",,,,,,,,,,,,"99999,9,09499,1","9,9,999,9,-009,1",,"SYN05243063 32996 00000 10192 20142 39499 40130 333 59009=",
"43063099999","2025-02-05T21:00:00","4","18.5333333","73.85","558.0","PUNE, IN","FM-12","99999","V020","999,9,C,0000,1","99999,9,9,N","004000,1,9,9","+0174,1","+0137,1","10124,1",,,,,,,,,,,,"99999,9,09489,1","9,9,999,9,-006,1",,"SYN05243063 32996 00000 10174 20137 39489 40124 333 59006=",
"43063099999","2025-02-06T00:00:00","4","18.5333333","73.85","558.0","PUNE, IN","FM-12","99999","V020","999,9,C,0000,1","99999,9,9,N","004000,1,9,9","+0156,1","+0136,1","10123,1",,,,,,,,,,,,"99999,9,09484,1","9,9,999,9,-010,1",,"SYN05243063 32996 00000 10156 20136 39484 40123 333 59010=",
"43063099999","2025-02-06T03:00:00","4","18.5333333","73.85","558.0","PUNE, IN","FM-12","99999","V020","999,9,C,0000,1","99999,9,9,N","010000,1,9,9","+0172,1","+0142,1","10142,1",,,,,,,,,,,"240,N,+0147,1","99999,9,09506,1","9,9,999,9,-005,1",,"SYN07443063 32997 00000 10172 20142 39506 40142 333 20147 59005 555 00000 10000=",
"43063099999","2025-02-06T06:00:00","4","18.5333333","73.85","558.0","PUNE, IN","FM-12","99999","V020","090,1,N,0010,1","99999,9,9,N","010000,1,9,9","+0274,1","+0126,1","10123,1",,,,,,,,,,,,"99999,9,09509,1","9,9,999,9,-002,1",,"SYN05243063 32997 00902 10274 20126 39509 40123 333 59002=",
"43063099999","2025-02-06T09:00:00","4","18.5333333","73.85","558.0","PUNE, IN","FM-12","99999","V020","090,1,N,0010,1","99999,9,9,N","010000,1,9,9","+0322,1","+0120,1","10077,1",,,,,,,,,,,,"99999,9,09475,1","9,9,999,9,+003,1",,"SYN05243063 32997 00902 10322 20120 39475 40077 333 58003=",
"43063099999","2025-02-06T12:00:00","4","18.5333333","73.85","558.0","PUNE, IN","FM-12","99999","V020","090,1,N,0005,1","22000,1,9,N","010000,1,9,9","+0318,1","+0132,1","10071,1",,,,,,"02,1,+00780,1,06,1",,,"9,AGL   ,+99999,+99999","02,99,1,02,1,99,9,00780,1,99,9,99,9",,"99999,9,09468,1","9,9,999,9,+000,1",,"SYN07043063 32597 20901 10318 20132 39468 40071 82500 333 10331 58000 82626=",
"43063099999","2025-02-06T15:00:00","4","18.5333333","73.85","558.0","PUNE, IN","FM-12","99999","V020","999,9,C,0000,1","22000,1,9,N","004000,1,9,9","+0250,1","+0147,1","10116,1",,,,,,"03,1,+00780,1,06,1",,,"9,AGL   ,+99999,+99999","03,99,1,03,1,99,9,00780,1,99,9,99,9",,"99999,9,09495,1","9,9,999,9,+009,1",,"SYN06443063 32596 30000 10250 20147 39495 40116 82500 333 58009 83626=",
"43063099999","2025-02-06T18:00:00","4","18.5333333","73.85","558.0","PUNE, IN","FM-12","99999","V020","999,9,C,0000,1","99999,9,9,N","004000,1,9,9","+0206,1","+0151,1","10131,1",,,,,,,,,,,,"99999,9,09502,1","9,9,999,9,+003,1",,"SYN05243063 32996 00000 10206 20151 39502 40131 333 58003=",
"43063099999","2025-02-06T21:00:00","4","18.5333333","73.85","558.0","PUNE, IN","FM-12","99999","V020","999,9,C,0000,1","99999,9,9,N","004000,1,9,9","+0184,1","+0158,1","10128,1",,,,,,,,,,,,"99999,9,09495,1","9,9,999,9,+006,1",,"SYN05243063 32996 00000 10184 20158 39495 40128 333 58006=",
"43063099999","2025-02-07T00:00:00","4","18.5333333","73.85","558.0","PUNE, IN","FM-12","99999","V020","999,9,C,0000,1","99999,9,9,N","004000,1,9,9","+0170,1","+0154,1","10139,1",,,,,,,,,,,,"99999,9,09501,1","9,9,999,9,+017,1",,"SYN05243063 32996 00000 10170 20154 39501 40139 333 58017=",
"43063099999","2025-02-07T03:00:00","4","18.5333333","73.85","558.0","PUNE, IN","FM-12","99999","V020","999,9,C,0000,1","99999,9,9,N","004000,1,9,9","+0192,1","+0166,1","10155,1",,"0,1,02,1","0,1,02,1",,,,,,,,"240,N,+0164,1","99999,9,09522,1","9,9,999,9,+016,1","05,1","SYN06443063 31996 00000 10192 20166 39522 40155 70500 333 20164 58016=",
"43063099999","2025-02-07T06:00:00","4","18.5333333","73.85","558.0","PUNE, IN","FM-12","99999","V020","090,1,N,0005,1","99999,9,9,N","010000,1,9,9","+0284,1","+0151,1","10141,1",,,,,,,,,,,,"99999,9,09528,1","9,9,999,9,+019,1",,"SYN05243063 32997 00901 10284 20151 39528 40141 333 58019=",
"43063099999","2025-02-07T09:00:00","4","18.5333333","73.85","558.0","PUNE, IN","FM-12","99999","V020","090,1,N,0005,1","22000,1,9,N","010000,1,9,9","+0328,1","+0121,1","10093,1",,,,,,"01,1,+00780,1,06,1","99,9,+99999,9,00,1",,"9,AGL   ,+99999,+99999","02,99,1,01,1,99,9,00780,1,99,9,99,9",,"99999,9,09490,1","9,9,999,9,+015,1",,"SYN06443063 32597 20901 10328 20121 39490 40093 81501 333 58015 81626=",
"43063099999","2025-02-07T12:00:00","4","18.5333333","73.85","558.0","PUNE, IN","FM-12","99999","V020","999,9,C,0000,1","22000,1,9,N","010000,1,9,9","+0320,1","+0148,1","10087,1",,,,,,"03,1,+00780,1,06,1","99,9,+99999,9,00,1",,"9,AGL   ,+99999,+99999","04,99,1,03,1,99,9,00780,1,99,9,99,9",,"99999,9,09483,1","9,9,999,9,+015,1",,"SYN07043063 32597 40000 10320 20148 39483 40087 83501 333 10340 58015 83626=",
"43063099999","2025-02-07T15:00:00","4","18.5333333","73.85","558.0","PUNE, IN","FM-12","99999","V020","270,1,N,0005,1","22000,1,9,N","004000,1,9,9","+0268,1","+0150,1","10123,1",,,,,,"04,1,+00780,1,06,1",,,"9,AGL   ,+99999,+99999","04,99,1,04,1,99,9,00780,1,99,9,99,9",,"99999,9,09507,1","9,9,999,9,+012,1",,"SYN06443063 32596 42701 10268 20150 39507 40123 84500 333 58012 84626=",
"43063099999","2025-02-07T18:00:00","4","18.5333333","73.85","558.0","PUNE, IN","FM-12","99999","V020","999,9,C,0000,1","99999,9,9,N","004000,1,9,9","+0214,1","+0160,1","10142,1",,,,,,,,,,,,"99999,9,09514,1","9,9,999,9,+012,1",,"SYN05243063 32996 00000 10214 20160 39514 40142 333 58012=",
"43063099999","2025-02-07T21:00:00","4","18.5333333","73.85","558.0","PUNE, IN","FM-12","99999","V020","999,9,C,0000,1","99999,9,9,N","004000,1,9,9","+0186,1","+0150,1","10130,1",,,,,,,,,,,,"99999,9,09497,1","9,9,999,9,+002,1",,"SYN05243063 32996 00000 10186 20150 39497 40130 333 58002=",
"43063099999","2025-02-08T00:00:00","4","18.5333333","73.85","558.0","PUNE, IN","FM-12","99999","V020","999,9,C,0000,1","99999,9,9,N","004000,1,9,9","+0174,1","+0137,1","10131,1",,,,,,,,,,,,"99999,9,09495,1","9,9,999,9,-006,1",,"SYN05243063 32996 00000 10174 20137 39495 40131 333 59006=",
"43063099999","2025-02-08T03:00:00","4","18.5333333","73.85","558.0","PUNE, IN","FM-12","99999","V020","999,9,C,0000,1","99999,9,9,N","004000,1,9,9","+0194,1","+0165,1","10153,1",,"0,1,02,1","0,1,02,1",,,,,,,,"240,N,+0164,1","99999,9,09520,1","9,9,999,9,-002,1","05,1","SYN08043063 31996 00000 10194 20165 39520 40153 70500 333 20164 59002 555 00000 10000=",
"43063099999","2025-02-08T06:00:00","4","18.5333333","73.85","558.0","PUNE, IN","FM-12","99999","V020","090,1,N,0010,1","99999,9,9,N","004000,1,9,9","+0290,1","+0147,1","10138,1",,"0,1,02,1","0,1,02,1",,,,,,,,,"99999,9,09525,1","9,9,999,9,-003,1","05,1","SYN05843063 31996 00902 10290 20147 39525 40138 70500 333 59003=",
"43063099999","2025-02-08T09:00:00","4","18.5333333","73.85","558.0","PUNE, IN","FM-12","99999","V020","999,9,C,0000,1","22000,1,9,N","010000,1,9,9","+0330,1","+0202,1","10090,1",,,,,,"01,1,+00780,1,06,1",,,"9,AGL   ,+99999,+99999","01,99,1,01,1,99,9,00780,1,99,9,99,9",,"99999,9,09489,1","9,9,999,9,-001,1",,"SYN06443063 32597 10000 10330 20202 39489 40090 81500 333 59001 81626=",
"43063099999","2025-02-08T12:00:00","4","18.5333333","73.85","558.0","PUNE, IN","FM-12","99999","V020","999,9,C,0000,1","22000,1,9,N","010000,1,9,9","+0324,1","+0202,1","10083,1",,,,,,"01,1,+06000,1,00,1",,,"9,AGL   ,+99999,+99999","01,99,1,01,1,99,9,06000,1,99,9,99,9",,"99999,9,09479,1","9,9,999,9,-004,1",,"SYN07043063 32997 10000 10324 20202 39479 40083 80001 333 10342 59004 81070=",
"43063099999","2025-02-08T15:00:00","4","18.5333333","73.85","558.0","PUNE, IN","FM-12","99999","V020","999,9,C,0000,1","99999,9,9,N","004000,1,9,9","+0262,1","+0166,1","10123,1",,,,,,,,,,,,"99999,9,09507,1","9,9,999,9,+000,1",,"SYN05243063 32996 00000 10262 20166 39507 40123 333 58000=",
"43063099999","2025-02-08T18:00:00","4","18.5333333","73.85","558.0","PUNE, IN","FM-12","99999","V020","999,9,C,0000,1","99999,9,9,N","004000,1,9,9","+0216,1","+0165,1","10142,1",,,,,,,,,,,,"99999,9,09514,1","9,9,999,9,+000,1",,"SYN05243063 32996 00000 10216 20165 39514 40142 333 58000=",
"43063099999","2025-02-08T21:00:00","4","18.5333333","73.85","558.0","PUNE, IN","FM-12","99999","V020","999,9,C,0000,1","99999,9,9,N","004000,1,9,9","+0194,1","+0155,1","10128,1",,,,,,,,,,,,"99999,9,09497,1","9,9,999,9,+000,1",,"SYN05243063 32996 00000 10194 20155 39497 40128 333 58000=",
"43063099999","2025-02-09T00:00:00","4","18.5333333","73.85","558.0","PUNE, IN","FM-12","99999","V020","999,9,C,0000,1","99999,9,9,N","004000,1,9,9","+0178,1","+0158,1","10130,1",,,,,,,,,,,,"99999,9,09494,1","9,9,999,9,-001,1",,"SYN05243063 32996 00000 10178 20158 39494 40130 333 59001=",
"43063099999","2025-02-09T03:00:00","4","18.5333333","73.85","558.0","PUNE, IN","FM-12","99999","V020","999,9,C,0000,1","99999,9,9,N","010000,1,9,9","+0196,1","+0171,1","10141,1",,,,,,,,,,,"240,N,+0164,1","99999,9,09510,1","9,9,999,9,-010,1",,"SYN07443063 32997 00000 10196 20171 39510 40141 333 20164 59010 555 00000 10000=",
"43063099999","2025-02-09T06:00:00","4","18.5333333","73.85","558.0","PUNE, IN","FM-12","99999","V020","090,1,N,0005,1","99999,9,9,N","010000,1,9,9","+0304,1","+0158,1","10123,1",,,,,,,,,,,,"99999,9,09514,1","9,9,999,9,-011,1",,"SYN05243063 32997 00901 10304 20158 39514 40123 333 59011=",
"43063099999","2025-02-09T12:00:00","4","18.5333333","73.85","558.0","PUNE, IN","FM-12","99999","V020","999,9,C,0000,1","22000,1,9,N","010000,1,9,9","+0330,1","+0153,1","10071,1",,,,,,"02,1,+00780,1,06,1","03,1,+06000,1,00,1",,"9,AGL   ,+99999,+99999","04,99,1,02,1,99,9,00780,1,99,9,99,9",,"99999,9,09470,1","9,9,999,9,-009,1",,"SYN07643063 32597 40000 10330 20153 39470 40071 82501 333 10344 59009 82626 83070=",
"43063099999","2025-02-09T15:00:00","4","18.5333333","73.85","558.0","PUNE, IN","FM-12","99999","V020","270,1,N,0005,1","22000,1,9,N","004000,1,9,9","+0274,1","+0158,1","10108,1",,,,,,"01,1,+00780,1,06,1","99,9,+99999,9,00,1",,"9,AGL   ,+99999,+99999","02,99,1,01,1,99,9,00780,1,99,9,99,9",,"99999,9,09495,1","9,9,999,9,-012,1",,"SYN06443063 32596 22701 10274 20158 39495 40108 81501 333 59012 81626=",
"43063099999","2025-02-09T18:00:00","4","18.5333333","73.85","558.0","PUNE, IN","FM-12","99999","V020","999,9,C,0000,5","22000,1,9,N","004000,1,9,9","+0222,1","+0162,1","10129,1",,,,,,"01,1,+00780,1,06,1",,,"9,AGL   ,+99999,+99999","01,99,1,01,1,99,9,00780,1,99,9,99,9",,"99999,9,09504,1","9,9,999,9,-010,1",,"SYN05843063 32596 10000 10222 20162 39504 40129 333 59010 81626=",
"43063099999","2025-02-10T00:00:00","4","18.5333333","73.85","558.0","PUNE, IN","FM-12","99999","V020","999,9,C,0000,1","22000,1,9,N","004000,1,9,9","+0194,1","+0165,1","10127,1",,,,,,"02,1,+00780,1,06,1",,,"9,AGL   ,+99999,+99999","02,99,1,02,1,99,9,00780,1,99,9,99,9",,"99999,9,09496,1","9,9,999,9,+002,1",,"SYN06443063 32596 20000 10194 20165 39496 40127 82500 333 58002 82626=",
"43063099999","2025-02-10T03:00:00","4","18.5333333","73.85","558.0","PUNE, IN","FM-12","99999","V020","999,9,C,0000,1","22000,1,9,N","010000,1,9,9","+0208,1","+0167,1","10153,1",,,,,,"02,1,+06000,1,00,1",,,"9,AGL   ,+99999,+99999","02,99,1,02,1,99,9,06000,1,99,9,99,9","240,N,+0177,1","99999,9,09523,1","9,9,999,9,+013,1",,"SYN08643063 32997 20000 10208 20167 39523 40153 80001 333 20177 58013 82070 555 00000 10000=",
"43063099999","2025-02-10T06:00:00","4","18.5333333","73.85","558.0","PUNE, IN","FM-12","99999","V020","270,1,N,0020,1","99999,9,9,N","010000,1,9,9","+0310,1","+0150,1","10136,1",,,,,,,,,,,,"99999,9,09527,1","9,9,999,9,+013,1",,"SYN05243063 32997 02702 10310 20150 39527 40136 333 58013=",
"43063099999","2025-02-10T09:00:00","4","18.5333333","73.85","558.0","PUNE, IN","FM-12","99999","V020","320,1,N,0005,1","22000,1,9,N","010000,1,9,9","+0336,1","+0136,1","10093,1",,,,,,"01,1,+00780,1,06,1",,,"9,AGL   ,+99999,+99999","01,99,1,01,1,99,9,00780,1,99,9,99,9",,"99999,9,09491,1","9,9,999,9,+013,1",,"SYN06443063 32597 13201 10336 20136 39491 40093 81500 333 58013 81626=",
"43063099999","2025-02-10T12:00:00","4","18.5333333","73.85","558.0","PUNE, IN","FM-12","99999","V020","270,1,N,0005,1","22000,1,9,N","010000,1,9,9","+0330,1","+0127,1","10080,1",,,,,,"01,1,+00780,1,06,1",,,"9,AGL   ,+99999,+99999","01,99,1,01,1,99,9,00780,1,99,9,99,9",,"99999,9,09478,1","9,9,999,9,+008,1",,"SYN07043063 32597 12701 10330 20127 39478 40080 81500 333 10348 58008 81626=",
"43063099999","2025-02-10T15:00:00","4","18.5333333","73.85","558.0","PUNE, IN","FM-12","99999","V020","270,1,N,0021,1","99999,9,9,N","004000,1,9,9","+0262,1","+0114,1","10125,1",,,,,,,,,,,,"99999,9,09509,1","9,9,999,9,+014,1",,"SYN05243063 32996 02704 10262 20114 39509 40125 333 58014=",
"43063099999","2025-02-10T18:00:00","4","18.5333333","73.85","558.0","PUNE, IN","FM-12","99999","V020","999,9,C,0000,1","99999,9,9,N","004000,1,9,9","+0204,1","+0141,1","10148,1",,,,,,,,,,,,"99999,9,09518,1","9,9,999,9,+014,1",,"SYN05243063 32996 00000 10204 20141 39518 40148 333 58014=",
"43063099999","2025-02-10T21:00:00","4","18.5333333","73.85","558.0","PUNE, IN","FM-12","99999","V020","999,9,C,0000,1","99999,9,9,N","004000,1,9,9","+0184,1","+0141,1","10140,1",,,,,,,,,,,,"99999,9,09507,1","9,9,999,9,+012,1",,"SYN05243063 32996 00000 10184 20141 39507 40140 333 58012=",
"43063099999","2025-02-11T00:00:00","4","18.5333333","73.85","558.0","PUNE, IN","FM-12","99999","V020","999,9,C,0000,1","99999,9,9,N","004000,1,9,9","+0170,1","+0143,1","10140,1",,,,,,,,,,,,"99999,9,09502,1","9,9,999,9,+006,1",,"SYN05243063 32996 00000 10170 20143 39502 40140 333 58006=",
"43063099999","2025-02-11T03:00:00","4","18.5333333","73.85","558.0","PUNE, IN","FM-12","99999","V020","999,9,C,0000,1","99999,9,9,N","010000,1,9,9","+0184,1","+0155,1","10159,1",,,,,,,,,,,"240,N,+0158,1","99999,9,09524,1","9,9,999,9,+001,1",,"SYN07443063 32997 00000 10184 20155 39524 40159 333 20158 58001 555 00000 10000=",
"43063099999","2025-02-11T06:00:00","4","18.5333333","73.85","558.0","PUNE, IN","FM-12","99999","V020","090,1,N,0010,1","99999,9,9,N","010000,1,9,9","+0306,2","+0123,1","10141,1",,,,,,,,,,,,"99999,9,09531,1","9,9,999,9,+004,1",,"SYN05243063 32997 00902 10306 20123 39531 40141 333 58004=",
"43063099999","2025-02-11T09:00:00","4","18.5333333","73.85","558.0","PUNE, IN","FM-12","99999","V020","270,1,N,0015,1","99999,9,9,N","010000,1,9,9","+0338,1","+0112,1","10096,1",,,,,,,,,,,,"99999,9,09496,1","9,9,999,9,+005,1",,"SYN05243063 32997 02703 10338 20112 39496 40096 333 58005=",
"43063099999","2025-02-11T12:00:00","4","18.5333333","73.85","558.0","PUNE, IN","FM-12","99999","V020","270,1,N,0015,1","99999,9,9,N","010000,1,9,9","+0320,1","+0092,1","10088,1",,,,,,,,,,,,"99999,9,09484,1","9,9,999,9,+006,1",,"SYN05843063 32997 02703 10320 20092 39484 40088 333 10348 58006=",
"43063099999","2025-02-11T15:00:00","4","18.5333333","73.85","558.0","PUNE, IN","FM-12","99999","V020","999,9,C,0000,1","99999,9,9,N","004000,1,9,9","+0254,1","+0120,1","10130,1",,,,,,,,,,,,"99999,9,09511,1","9,9,999,9,+002,1",,"SYN05243063 32996 00000 10254 20120 39511 40130 333 58002=",
"43063099999","2025-02-11T21:00:00","4","18.5333333","73.85","558.0","PUNE, IN","FM-12","99999","V020","999,9,C,0000,1","99999,9,9,N","004000,1,9,9","+0176,1","+0146,1","10139,1",,,,,,,,,,,,"99999,9,09503,1","9,9,999,9,-004,1",,"SYN05243063 32996 00000 10176 20146 39503 40139 333 59004=",
"43063099999","2025-02-12T00:00:00","4","18.5333333","73.85","558.0","PUNE, IN","FM-12","99999","V020","999,9,C,0000,1","99999,9,9,N","004000,1,9,9","+0162,1","+0135,1","10142,1",,,,,,,,,,,,"99999,9,09504,1","9,9,999,9,+002,1",,"SYN05243063 32996 00000 10162 20135 39504 40142 333 58002=",
"43063099999","2025-02-12T03:00:00","4","18.5333333","73.85","558.0","PUNE, IN","FM-12","99999","V020","999,9,C,0000,1","99999,9,9,N","004000,1,9,9","+0186,1","+0146,1","10165,1",,"0,1,02,1","0,1,02,1",,,,,,,,"240,N,+0153,1","99999,9,09530,1","9,9,999,9,+006,1","05,1","SYN06443063 31996 00000 10186 20146 39530 40165 70500 333 20153 58006=",
"43063099999","2025-02-12T06:00:00","4","18.5333333","73.85","558.0","PUNE, IN","FM-12","99999","V020","110,1,N,0005,1","99999,9,9,N","010000,1,9,9","+0310,2","+0091,1","10142,1",,,,,,,,,,,,"99999,9,09532,1","9,9,999,9,+001,1",,"SYN05243063 32997 01101 10310 20091 39532 40142 333 58001=",
"43063099999","2025-02-12T12:00:00","4","18.5333333","73.85","558.0","PUNE, IN","FM-12","99999","V020","290,1,N,0015,1","99999,9,9,N","010000,1,9,9","+0336,1","+0076,1","10088,1",,,,,,,,,,,,"99999,9,09488,1","9,9,999,9,+004,1",,"SYN05843063 32997 02903 10336 20076 39488 40088 333 10360 58004=",
"43063099999","2025-02-12T15:00:00","4","18.5333333","73.85","558.0","PUNE, IN","FM-12","99999","V020","999,9,C,0000,1","99999,9,9,N","004000,1,9,9","+0230,1","+0096,1","10137,1",,,,,,,,,,,,"99999,9,09511,1","9,9,999,9,+000,1",,"SYN05243063 32996 00000 10230 20096 39511 40137 333 58000=",
"43063099999","2025-02-12T18:00:00","4","18.5333333","73.85","558.0","PUNE, IN","FM-12","99999","V020","999,9,C,0000,1","99999,9,9,N","004000,1,9,9","+0176,1","+0105,1","10157,1",,,,,,,,,,,,"99999,9,09520,1","9,9,999,9,+006,1",,"SYN05243063 32996 00000 10176 20105 39520 40157 333 58006=",
"43063099999","2025-02-12T21:00:00","4","18.5333333","73.85","558.0","PUNE, IN","FM-12","99999","V020","999,9,C,0000,1","99999,9,9,N","004000,1,9,9","+0156,1","+0113,1","10151,1",,,,,,,,,,,,"99999,9,09510,1","9,9,999,9,+007,1",,"SYN05243063 32996 00000 10156 20113 39510 40151 333 58007=",
"43063099999","2025-02-13T00:00:00","4","18.5333333","73.85","558.0","PUNE, IN","FM-12","99999","V020","999,9,C,0000,1","99999,9,9,N","004000,1,9,9","+0138,1","+0117,1","10153,1",,,,,,,,,,,,"99999,9,09508,1","9,9,999,9,+004,1",,"SYN05243063 32996 00000 10138 20117 39508 40153 333 58004=",
"43063099999","2025-02-13T03:00:00","4","18.5333333","73.85","558.0","PUNE, IN","FM-12","99999","V020","999,9,C,0000,1","99999,9,9,N","010000,1,9,9","+0170,1","+0125,1","10172,1",,,,,,,,,,,"240,N,+0123,1","99999,9,09531,1","9,9,999,9,+001,1",,"SYN07443063 32997 00000 10170 20125 39531 40172 333 20123 58001 555 00000 10000=",
"43063099999","2025-02-13T06:00:00","4","18.5333333","73.85","558.0","PUNE, IN","FM-12","99999","V020","090,1,N,0015,1","99999,9,9,N","010000,1,9,9","+0290,2","+0109,1","10150,1",,,,,,,,,,,,"99999,9,09536,1","9,9,999,9,+004,1",,"SYN05243063 32997 00903 10290 20109 39536 40150 333 58004=",
"43063099999","2025-02-13T09:00:00","4","18.5333333","73.85","558.0","PUNE, IN","FM-12","99999","V020","180,1,N,0005,1","99999,9,9,N","010000,1,9,9","+0328,1","+0055,1","10104,1",,,,,,,,,,,,"99999,9,09500,1","9,9,999,9,+006,1",,"SYN05243063 32997 01801 10328 20055 39500 40104 333 58006=",
"43063099999","2025-02-13T12:00:00","4","18.5333333","73.85","558.0","PUNE, IN","FM-12","99999","V020","090,1,N,0005,1","99999,9,9,N","010000,1,9,9","+0328,1","+0086,1","10091,1",,,,,,,,,,,,"99999,9,09489,1","9,9,999,9,+001,1",,"SYN05843063 32997 00901 10328 20086 39489 40091 333 10347 58001=",
"43063099999","2025-02-13T15:00:00","4","18.5333333","73.85","558.0","PUNE, IN","FM-12","99999","V020","999,9,C,0000,1","99999,9,9,N","004000,1,9,9","+0222,1","+0116,1","10131,1",,,,,,,,,,,,"99999,9,09506,1","9,9,999,9,-005,1",,"SYN05243063 32996 00000 10222 20116 39506 40131 333 59005=",
"43063099999","2025-02-13T18:00:00","4","18.5333333","73.85","558.0","PUNE, IN","FM-12","99999","V020","999,9,C,0000,1","99999,9,9,N","004000,1,9,9","+0190,1","+0113,1","10150,1",,,,,,,,,,,,"99999,9,09516,1","9,9,999,9,-004,1",,"SYN05243063 32996 00000 10190 20113 39516 40150 333 59004=",
"43063099999","2025-02-13T21:00:00","4","18.5333333","73.85","558.0","PUNE, IN","FM-12","99999","V020","999,9,C,0000,1","99999,9,9,N","004000,1,9,9","+0162,1","+0116,1","10142,1",,,,,,,,,,,,"99999,9,09504,1","9,9,999,9,-006,1",,"SYN05243063 32996 00000 10162 20116 39504 40142 333 59006=",
"43063099999","2025-02-14T00:00:00","4","18.5333333","73.85","558.0","PUNE, IN","FM-12","99999","V020","999,9,C,0000,1","99999,9,9,N","004000,1,9,9","+0144,1","+0119,1","10147,1",,,,,,,,,,,,"99999,9,09505,1","9,9,999,9,-003,1",,"SYN05243063 32996 00000 10144 20119 39505 40147 333 59003=",
"43063099999","2025-02-14T03:00:00","4","18.5333333","73.85","558.0","PUNE, IN","FM-12","99999","V020","999,9,C,0000,1","99999,9,9,N","004000,1,9,9","+0182,1","+0135,1","10168,1",,,,,,,,,,,"240,N,+0134,1","99999,9,09532,1","9,9,999,9,+001,1",,"SYN07443063 32996 00000 10182 20135 39532 40168 333 20134 58001 555 00000 10000=",
"43063099999","2025-02-14T06:00:00","4","18.5333333","73.85","558.0","PUNE, IN","FM-12","99999","V020","090,1,N,0026,1","99999,9,9,N","010000,1,9,9","+0294,2","+0074,1","10145,1",,,,,,,,,,,,"99999,9,09533,1","9,9,999,9,-003,1",,"SYN05243063 32997 00905 10294 20074 39533 40145 333 59003=",
"43063099999","2025-02-14T09:00:00","4","18.5333333","73.85","558.0","PUNE, IN","FM-12","99999","V020","090,1,N,0010,1","99999,9,9,N","010000,1,9,9","+0328,1","+0090,1","10098,1",,,,,,,,,,,,"99999,9,09494,1","9,9,999,9,-006,1",,"SYN05243063 32997 00902 10328 20090 39494 40098 333 59006=",
"43063099999","2025-02-14T12:00:00","4","18.5333333","73.85","558.0","PUNE, IN","FM-12","99999","V020","090,1,N,0010,1","99999,9,9,N","010000,1,9,9","+0328,1","+0079,1","10084,1",,,,,,,,,,,,"99999,9,09482,1","9,9,999,9,-007,1",,"SYN05843063 32997 00902 10328 20079 39482 40084 333 10345 59007=",
"43063099999","2025-02-14T15:00:00","4","18.5333333","73.85","558.0","PUNE, IN","FM-12","99999","V020","999,9,C,0000,1","99999,9,9,N","004000,1,9,9","+0228,1","+0115,1","10126,1",,,,,,,,,,,,"99999,9,09501,1","9,9,999,9,-005,1",,"SYN05243063 32996 00000 10228 20115 39501 40126 333 59005=",
"43063099999","2025-02-14T18:00:00","4","18.5333333","73.85","558.0","PUNE, IN","FM-12","99999","V020","999,9,C,0000,1","99999,9,9,N","004000,1,9,9","+0194,1","+0110,1","10150,1",,,,,,,,,,,,"99999,9,09517,1","9,9,999,9,+001,1",,"SYN05243063 32996 00000 10194 20110 39517 40150 333 58001=",
"43063099999","2025-02-14T21:00:00","4","18.5333333","73.85","558.0","PUNE, IN","FM-12","99999","V020","999,9,C,0000,1","99999,9,9,N","004000,1,9,9","+0168,1","+0113,1","10140,1",,,,,,,,,,,,"99999,9,09502,1","9,9,999,9,-002,1",,"SYN05243063 32996 00000 10168 20113 39502 40140 333 59002=",
"43063099999","2025-02-15T00:00:00","4","18.5333333","73.85","558.0","PUNE, IN","FM-12","99999","V020","999,9,C,0000,1","99999,9,9,N","004000,1,9,9","+0140,1","+0115,1","10146,1",,,,,,,,,,,,"99999,9,09501,1","9,9,999,9,-004,1",,"SYN05243063 32996 00000 10140 20115 39501 40146 333 59004=",
"43063099999","2025-02-15T03:00:00","4","18.5333333","73.85","558.0","PUNE, IN","FM-12","99999","V020","999,9,C,0000,1","99999,9,9,N","010000,1,9,9","+0180,1","+0129,1","10156,1",,,,,,,,,,,"240,N,+0134,1","99999,9,09519,1","9,9,999,9,-013,1",,"SYN07443063 32997 00000 10180 20129 39519 40156 333 20134 59013 555 00000 10000=",
"43063099999","2025-02-15T06:00:00","4","18.5333333","73.85","558.0","PUNE, IN","FM-12","99999","V020","090,1,N,0021,1","99999,9,9,N","010000,1,9,9","+0308,2","+0077,1","10126,1",,,,,,,,,,,,"99999,9,09517,1","9,9,999,9,-016,1",,"SYN05243063 32997 00904 10308 20077 39517 40126 333 59016=",
"43063099999","2025-02-15T09:00:00","4","18.5333333","73.85","558.0","PUNE, IN","FM-12","99999","V020","090,1,N,0015,1","99999,9,9,N","010000,1,9,9","+0340,1","+0054,1","10083,1",,,,,,,,,,,,"99999,9,09483,1","9,9,999,9,-011,1",,"SYN05243063 32997 00903 10340 20054 39483 40083 333 59011=",
"43063099999","2025-02-15T12:00:00","4","18.5333333","73.85","558.0","PUNE, IN","FM-12","99999","V020","090,1,N,0005,1","99999,9,9,N","010000,1,9,9","+0336,1","+0045,1","10072,1",,,,,,,,,,,,"99999,9,09472,1","9,9,999,9,-010,1",,"SYN05843063 32997 00901 10336 20045 39472 40072 333 10355 59010=",
"43063099999","2025-02-15T15:00:00","4","18.5333333","73.85","558.0","PUNE, IN","FM-12","99999","V020","270,1,N,0005,1","99999,9,9,N","004000,1,9,9","+0240,1","+0087,1","10115,1",,,,,,,,,,,,"99999,9,09493,1","9,9,999,9,-008,1",,"SYN05243063 32996 02701 10240 20087 39493 40115 333 59008=",
"43063099999","2025-02-15T18:00:00","4","18.5333333","73.85","558.0","PUNE, IN","FM-12","99999","V020","999,9,C,0000,1","99999,9,9,N","004000,1,9,9","+0184,1","+0110,1","10134,1",,,,,,,,,,,,"99999,9,09501,1","9,9,999,9,-016,1",,"SYN05243063 32996 00000 10184 20110 39501 40134 333 59016=",
"43063099999","2025-02-15T21:00:00","4","18.5333333","73.85","558.0","PUNE, IN","FM-12","99999","V020","999,9,C,0000,1","99999,9,9,N","004000,1,9,9","+0160,1","+0125,1","10130,1",,,,,,,,,,,,"99999,9,09490,1","9,9,999,9,-012,1",,"SYN05243063 32996 00000 10160 20125 39490 40130 333 59012=",
"43063099999","2025-02-16T00:00:00","4","18.5333333","73.85","558.0","PUNE, IN","FM-12","99999","V020","999,9,C,0000,1","99999,9,9,N","004000,1,9,9","+0144,1","+0100,1","10135,1",,,,,,,,,,,,"99999,9,09493,1","9,9,999,9,-008,1",,"SYN05243063 32996 00000 10144 20100 39493 40135 333 59008=",
"43063099999","2025-02-16T03:00:00","4","18.5333333","73.85","558.0","PUNE, IN","FM-12","99999","V020","999,9,C,0000,1","99999,9,9,N","004000,1,9,9","+0190,1","+0121,1","10152,1",,"0,1,02,1","0,1,02,1",,,,,,,,,"99999,9,09517,1","9,9,999,9,-002,1","05,1","SYN08043063 31996 00000 10190 20121 39517 40152 70500 333 10128 59002 555 00000 10000=",
"43063099999","2025-02-16T06:00:00","4","18.5333333","73.85","558.0","PUNE, IN","FM-12","99999","V020","090,1,N,0005,1","99999,9,9,N","010000,1,9,9","+0318,2","+0054,1","10125,1",,,,,,,,,,,,"99999,9,09518,1","9,9,999,9,+001,1",,"SYN05243063 32997 00901 10318 20054 39518 40125 333 58001=",
"43063099999","2025-02-16T09:00:00","4","18.5333333","73.85","558.0","PUNE, IN","FM-12","99999","V020","090,1,N,0005,1","99999,9,9,N","010000,1,9,9","+0350,1","+0148,1","10082,1",,,,,,,,,,,,"99999,9,09483,1","9,9,999,9,+000,1",,"SYN05243063 32997 00901 10350 20148 39483 40082 333 58000=",
"43063099999","2025-02-16T12:00:00","4","18.5333333","73.85","558.0","PUNE, IN","FM-12","99999","V020","270,1,N,0005,1","99999,9,9,N","010000,1,9,9","+0342,1","+0141,1","10077,1",,,,,,,,,,,"240,M,+0358,1","99999,9,09478,1","9,9,999,9,+006,1",,"SYN05843063 32997 02701 10342 20141 39478 40077 333 10358 58006=",
"43063099999","2025-02-16T15:00:00","4","18.5333333","73.85","558.0","PUNE, IN","FM-12","99999","V020","270,1,N,0005,1","99999,9,9,N","004000,1,9,9","+0238,1","+0079,1","10129,1",,,,,,,,,,,,"99999,9,09507,1","9,9,999,9,+014,1",,"SYN05243063 32996 02701 10238 20079 39507 40129 333 58014=",
"43063099999","2025-02-16T18:00:00","4","18.5333333","73.85","558.0","PUNE, IN","FM-12","99999","V020","999,9,C,0000,1","22000,1,9,9","004000,1,9,9","+0190,1","+0109,1","10150,1","99,9999,9,9",,,"0,1,99,9","0,1,99,9",,,,,"00,99,1,99,9,99,9,99999,9,99,9,99,9",,"99999,9,09515,1","9,9,999,9,+014,1",,"SYN004BUFR",
"43063099999","2025-02-16T21:00:00","4","18.5333333","73.85","558.0","PUNE, IN","FM-12","99999","V020","999,9,C,0000,1","99999,9,9,N","004000,1,9,9","+0160,1","+0106,1","10143,1",,,,,,,,,,,,"99999,9,09503,1","9,9,999,9,+013,1",,"SYN05243063 32996 00000 10160 20106 39503 40143 333 58013=",
"43063099999","2025-02-17T00:00:00","4","18.5333333","73.85","558.0","PUNE, IN","FM-12","99999","V020","999,9,C,0000,1","99999,9,9,N","004000,1,9,9","+0142,1","+0102,1","10143,1",,,,,,,,,,,,"99999,9,09501,1","9,9,999,9,+008,1",,"SYN05243063 32996 00000 10142 20102 39501 40143 333 58008=",
"43063099999","2025-02-17T03:00:00","4","18.5333333","73.85","558.0","PUNE, IN","FM-12","99999","V020","999,9,C,0000,1","99999,9,9,N","010000,1,9,9","+0180,1","+0113,1","10156,1",,,,,,,,,,,"240,N,+0129,1","99999,9,09519,1","9,9,999,9,+002,1",,"SYN07443063 32997 00000 10180 20113 39519 40156 333 20129 58002 555 00000 10000=",
"43063099999","2025-02-17T06:00:00","4","18.5333333","73.85","558.0","PUNE, IN","FM-12","99999","V020","090,1,N,0005,1","99999,9,9,N","010000,1,9,9","+0316,2","+0074,1","10129,1",,,,,,,,,,,,"99999,9,09522,1","9,9,999,9,+004,1",,"SYN05243063 32997 00901 10316 20074 39522 40129 333 58004=",
"43063099999","2025-02-17T09:00:00","4","18.5333333","73.85","558.0","PUNE, IN","FM-12","99999","V020","090,1,N,0021,1","99999,9,9,N","010000,1,9,9","+0344,1","+0056,1","10091,1",,,,,,,,,,,,"99999,9,09491,1","9,9,999,9,+008,1",,"SYN05243063 32997 00904 10344 20056 39491 40091 333 58008=",
"43063099999","2025-02-17T12:00:00","4","18.5333333","73.85","558.0","PUNE, IN","FM-12","99999","V020","090,1,N,0005,1","99999,9,9,N","010000,1,9,9","+0334,1","+0067,1","10082,1",,,,,,,,,,,,"99999,9,09482,1","9,9,999,9,+004,1",,"SYN05843063 32997 00901 10334 20067 39482 40082 333 10357 58004=",
"43063099999","2025-02-17T15:00:00","4","18.5333333","73.85","558.0","PUNE, IN","FM-12","99999","V020","999,9,C,0000,1","99999,9,9,N","004000,1,9,9","+0236,1","+0113,1","10128,1",,,,,,,,,,,,"99999,9,09506,1","9,9,999,9,-001,1",,"SYN05243063 32996 00000 10236 20113 39506 40128 333 59001=",
"43063099999","2025-02-17T18:00:00","4","18.5333333","73.85","558.0","PUNE, IN","FM-12","99999","V020","999,9,C,0000,1","99999,9,9,N","004000,1,9,9","+0202,1","+0131,1","10141,1",,,,,,,,,,,,"99999,9,09512,1","9,9,999,9,-003,1",,"SYN05243063 32996 00000 10202 20131 39512 40141 333 59003=",
"43063099999","2025-02-17T21:00:00","4","18.5333333","73.85","558.0","PUNE, IN","FM-12","99999","V020","999,9,C,0000,1","99999,9,9,N","004000,1,9,9","+0176,1","+0128,1","10138,1",,,,,,,,,,,,"99999,9,09502,1","9,9,999,9,-001,1",,"SYN05243063 32996 00000 10176 20128 39502 40138 333 59001=",
"43063099999","2025-02-18T00:00:00","4","18.5333333","73.85","558.0","PUNE, IN","FM-12","99999","V020","999,9,C,0000,1","99999,9,9,N","004000,1,9,9","+0156,1","+0132,1","10142,1",,,,,,,,,,,,"99999,9,09502,1","9,9,999,9,+001,1",,"SYN05243063 32996 00000 10156 20132 39502 40142 333 58001=",
"43063099999","2025-02-18T03:00:00","4","18.5333333","73.85","558.0","PUNE, IN","FM-12","99999","V020","999,9,C,0000,1","99999,9,9,N","010000,1,9,9","+0190,1","+0140,1","10161,1",,,,,,,,,,,"240,N,+0151,1","99999,9,09526,1","9,9,999,9,+007,1",,"SYN07443063 32997 00000 10190 20140 39526 40161 333 20151 58007 555 00000 10000=",
"43063099999","2025-02-18T06:00:00","4","18.5333333","73.85","558.0","PUNE, IN","FM-12","99999","V020","090,1,N,0010,1","99999,9,9,N","010000,1,9,9","+0306,2","+0100,1","10138,1",,,,,,,,,,,,"99999,9,09529,1","9,9,999,9,+007,1",,"SYN05243063 32997 00902 10306 20100 39529 40138 333 58007=",
"43063099999","2025-02-18T09:00:00","4","18.5333333","73.85","558.0","PUNE, IN","FM-12","99999","V020","050,1,N,0010,1","99999,9,9,N","010000,1,9,9","+0348,1","+0092,1","10091,1",,,,,,,,,,,,"99999,9,09491,1","9,9,999,9,+000,1",,"SYN05243063 32997 00502 10348 20092 39491 40091 333 58000=",
"43063099999","2025-02-18T12:00:00","4","18.5333333","73.85","558.0","PUNE, IN","FM-12","99999","V020","270,1,N,0010,1","99999,9,9,N","010000,1,9,9","+0348,1","+0098,1","10077,1",,,,,,,,,,,,"99999,9,09478,1","9,9,999,9,-004,1",,"SYN05843063 32997 02702 10348 20098 39478 40077 333 10358 59004=",
"43063099999","2025-02-18T15:00:00","4","18.5333333","73.85","558.0","PUNE, IN","FM-12","99999","V020","999,9,C,0000,1","99999,9,9,N","004000,1,9,9","+0256,1","+0139,1","10115,1",,,,,,,,,,,,"99999,9,09497,1","9,9,999,9,-009,1",,"SYN05243063 32996 00000 10256 20139 39497 40115 333 59009=",
"43063099999","2025-02-18T18:00:00","4","18.5333333","73.85","558.0","PUNE, IN","FM-12","99999","V020","999,9,C,0000,1","99999,9,9,N","004000,1,9,9","+0210,1","+0125,1","10141,1",,,,,,,,,,,,"99999,9,09511,1","9,9,999,9,-001,1",,"SYN05243063 32996 00000 10210 20125 39511 40141 333 59001=",
"43063099999","2025-02-18T21:00:00","4","18.5333333","73.85","558.0","PUNE, IN","FM-12","99999","V020","999,9,C,0000,1","99999,9,9,N","004000,1,9,9","+0174,1","+0133,1","10129,1",,,,,,,,,,,,"99999,9,09493,1","9,9,999,9,-009,1",,"SYN05243063 32996 00000 10174 20133 39493 40129 333 59009=",
"43063099999","2025-02-19T00:00:00","4","18.5333333","73.85","558.0","PUNE, IN","FM-12","99999","V020","999,9,C,0000,1","99999,9,9,N","004000,1,9,9","+0162,1","+0131,1","10130,1",,,,,,,,,,,,"99999,9,09492,1","9,9,999,9,-010,1",,"SYN05243063 32996 00000 10162 20131 39492 40130 333 59010=",
"43063099999","2025-02-19T03:00:00","4","18.5333333","73.85","558.0","PUNE, IN","FM-12","99999","V020","999,9,C,0000,1","99999,9,9,N","010000,1,9,9","+0200,1","+0144,1","10145,1",,,,,,,,,,,"240,N,+0149,1","99999,9,09512,1","9,9,999,9,-014,1",,"SYN05843063 32997 00000 10200 20144 39512 40145 333 20149 59014=",
"43063099999","2025-02-19T06:00:00","4","18.5333333","73.85","558.0","PUNE, IN","FM-12","99999","V020","090,1,N,0010,1","99999,9,9,N","010000,1,9,9","+0310,2","+0111,1","10118,1",,,,,,,,,,,,"99999,9,09510,1","9,9,999,9,-019,1",,"SYN05243063 32997 00902 10310 20111 39510 40118 333 59019=",
"43063099999","2025-02-19T09:00:00","4","18.5333333","73.85","558.0","PUNE, IN","FM-12","99999","V020","270,1,N,0005,1","22000,1,9,N","010000,1,9,9","+0350,1","+0079,1","10074,1",,,,,,"01,1,+00780,1,06,1",,,"9,AGL   ,+99999,+99999","01,99,1,01,1,99,9,00780,1,99,9,99,9",,"99999,9,09475,1","9,9,999,9,-016,1",,"SYN06443063 32597 12701 10350 20079 39475 40074 81500 333 59016 81626=",
"43063099999","2025-02-19T12:00:00","4","18.5333333","73.85","558.0","PUNE, IN","FM-12","99999","V020","270,1,N,0015,1","99999,9,9,N","010000,1,9,9","+0334,1","+0061,1","10067,1",,,,,,,,,,,,"99999,9,09468,1","9,9,999,9,-010,1",,"SYN05843063 32997 02703 10334 20061 39468 40067 333 10358 59010=",
"43063099999","2025-02-19T15:00:00","4","18.5333333","73.85","558.0","PUNE, IN","FM-12","99999","V020","999,9,C,0000,1","99999,9,9,N","004000,1,9,9","+0260,1","+0124,1","10110,1",,,,,,,,,,,,"99999,9,09492,1","9,9,999,9,-005,1",,"SYN05243063 32996 00000 10260 20124 39492 40110 333 59005=",
"43063099999","2025-02-19T18:00:00","4","18.5333333","73.85","558.0","PUNE, IN","FM-12","99999","V020","270,1,N,0005,1","99999,9,9,N","004000,1,9,9","+0204,1","+0138,1","10127,1",,,,,,,,,,,,"99999,9,09498,1","9,9,999,9,-013,1",,"SYN05243063 32996 02701 10204 20138 39498 40127 333 59013=",
"43063099999","2025-02-19T21:00:00","4","18.5333333","73.85","558.0","PUNE, IN","FM-12","99999","V020","270,1,N,0005,1","99999,9,9,N","004000,1,9,9","+0174,1","+0133,1","10122,1",,,,,,,,,,,,"99999,9,09488,1","9,9,999,9,-005,1",,"SYN05243063 32996 02701 10174 20133 39488 40122 333 59005=",
"43063099999","2025-02-20T00:00:00","4","18.5333333","73.85","558.0","PUNE, IN","FM-12","99999","V020","999,9,C,0000,1","99999,9,9,N","004000,1,9,9","+0158,1","+0134,1","10129,1",,,,,,,,,,,,"99999,9,09490,1","9,9,999,9,-002,1",,"SYN05243063 32996 00000 10158 20134 39490 40129 333 59002=",
"43063099999","2025-02-20T03:00:00","4","18.5333333","73.85","558.0","PUNE, IN","FM-12","99999","V020","999,9,C,0000,1","99999,9,9,N","010000,1,9,9","+0190,1","+0144,1","10152,1",,,,,,,,,,,"240,N,+0147,1","99999,9,09517,1","9,9,999,9,+005,1",,"SYN07443063 32997 00000 10190 20144 39517 40152 333 20147 58005 555 00000 10000=",
"43063099999","2025-02-20T06:00:00","4","18.5333333","73.85","558.0","PUNE, IN","FM-12","99999","V020","090,1,N,0005,1","99999,9,9,N","010000,1,9,9","+0312,2","+0084,1","10130,1",,,,,,,,,,,,"99999,9,09523,1","9,9,999,9,+013,1",,"SYN05243063 32997 00901 10312 20084 39523 40130 333 58013=",
"43063099999","2025-02-20T09:00:00","4","18.5333333","73.85","558.0","PUNE, IN","FM-12","99999","V020","180,1,N,0005,1","99999,9,9,N","010000,1,9,9","+0338,1","+0102,1","10092,1",,,,,,,,,,,,"99999,9,09491,1","9,9,999,9,+016,1",,"SYN05243063 32997 01801 10338 20102 39491 40092 333 58016=",
"43063099999","2025-02-20T12:00:00","4","18.5333333","73.85","558.0","PUNE, IN","FM-12","99999","V020","090,1,N,0005,1","99999,9,9,N","010000,1,9,9","+0334,1","+0095,1","10083,1",,,,,,,,,,,,"99999,9,09483,1","9,9,999,9,+015,1",,"SYN05843063 32997 00901 10334 20095 39483 40083 333 10350 58015=",
"43063099999","2025-02-20T15:00:00","4","18.5333333","73.85","558.0","PUNE, IN","FM-12","99999","V020","090,1,N,0005,1","99999,9,9,N","004000,1,9,9","+0238,1","+0116,1","10122,1",,,,,,,,,,,,"99999,9,09500,1","9,9,999,9,+008,1",,"SYN05243063 32996 00901 10238 20116 39500 40122 333 58008=",
"43063099999","2025-02-20T18:00:00","4","18.5333333","73.85","558.0","PUNE, IN","FM-12","99999","V020","999,9,C,0000,1","99999,9,9,N","004000,1,9,9","+0206,1","+9999,9","10145,1",,,,,,,,,,,,"99999,9,09515,1","9,9,999,9,+017,1",,"SYN04643063 32996 00000 10206 39515 40145 333 58017=",
"43063099999","2025-02-20T21:00:00","4","18.5333333","73.85","558.0","PUNE, IN","FM-12","99999","V020","999,9,C,0000,1","99999,9,9,N","004000,1,9,9","+0176,1","+0121,1","10142,1",,,,,,,,,,,,"99999,9,09506,1","9,9,999,9,+018,1",,"SYN05243063 32996 00000 10176 20121 39506 40142 333 58018=",
"43063099999","2025-02-21T00:00:00","4","18.5333333","73.85","558.0","PUNE, IN","FM-12","99999","V020","999,9,C,0000,1","99999,9,9,N","004000,1,9,9","+0158,1","+0127,1","10149,1",,,,,,,,,,,,"99999,9,09509,1","9,9,999,9,+019,1",,"SYN05243063 32996 00000 10158 20127 39509 40149 333 58019=",
"43063099999","2025-02-21T03:00:00","4","18.5333333","73.85","558.0","PUNE, IN","FM-12","99999","V020","999,9,C,0000,1","99999,9,9,N","010000,1,9,9","+0198,1","+0138,1","10166,1",,,,,,,,,,,"240,N,+0149,1","99999,9,09533,1","9,9,999,9,+016,1",,"SYN07443063 32997 00000 10198 20138 39533 40166 333 20149 58016 555 00000 10000=",
"43063099999","2025-02-21T06:00:00","4","18.5333333","73.85","558.0","PUNE, IN","FM-12","99999","V020","090,1,N,0015,1","99999,9,9,N","010000,1,9,9","+0304,1","+0052,1","10148,1",,,,,,,,,,,,"99999,9,09538,1","9,9,999,9,+015,1",,"SYN05243063 32997 00903 10304 20052 39538 40148 333 58015=",
"43063099999","2025-02-21T09:00:00","4","18.5333333","73.85","558.0","PUNE, IN","FM-12","99999","V020","070,1,N,0026,1","99999,9,9,N","010000,1,9,9","+0334,1","+0084,1","10103,1",,,,,,,,,,,,"99999,9,09501,1","9,9,999,9,+010,1",,"SYN05243063 32997 00705 10334 20084 39501 40103 333 58010=",
"43063099999","2025-02-21T12:00:00","4","18.5333333","73.85","558.0","PUNE, IN","FM-12","99999","V020","090,1,N,0010,1","99999,9,9,N","004000,1,9,9","+0336,1","+0093,1","10096,1",,,,,,,,,,,,"99999,9,09494,1","9,9,999,9,+011,1",,"SYN05843063 32996 00902 10336 20093 39494 40096 333 10352 58011=",
"43063099999","2025-02-21T15:00:00","4","18.5333333","73.85","558.0","PUNE, IN","FM-12","99999","V020","999,9,C,0000,1","99999,9,9,N","004000,1,9,9","+0234,1","+0119,1","10134,1",,,,,,,,,,,,"99999,9,09511,1","9,9,999,9,+011,1",,"SYN05243063 32996 00000 10234 20119 39511 40134 333 58011=",
"43063099999","2025-02-21T18:00:00","4","18.5333333","73.85","558.0","PUNE, IN","FM-12","99999","V020","999,9,C,0000,1","99999,9,9,N","004000,1,9,9","+0204,1","+0122,1","10151,1",,,,,,,,,,,,"99999,9,09521,1","9,9,999,9,+006,1",,"SYN05243063 32996 00000 10204 20122 39521 40151 333 58006=",
"43063099999","2025-02-21T21:00:00","4","18.5333333","73.85","558.0","PUNE, IN","FM-12","99999","V020","999,9,C,0000,1","99999,9,9,N","004000,1,9,9","+0184,1","+0124,1","10146,1",,,,,,,,,,,,"99999,9,09512,1","9,9,999,9,+006,1",,"SYN05243063 32996 00000 10184 20124 39512 40146 333 58006=",
"43063099999","2025-02-22T00:00:00","4","18.5333333","73.85","558.0","PUNE, IN","FM-12","99999","V020","999,9,C,0000,1","99999,9,9,N","004000,1,9,9","+0164,1","+0126,1","10151,1",,,,,,,,,,,,"99999,9,09512,1","9,9,999,9,+003,1",,"SYN05243063 32996 00000 10164 20126 39512 40151 333 58003=",
"43063099999","2025-02-22T03:00:00","4","18.5333333","73.85","558.0","PUNE, IN","FM-12","99999","V020","999,9,C,0000,1","99999,9,9,N","010000,1,9,9","+0200,1","+0148,1","10172,1",,,,,,,,,,,"240,N,+0153,1","99999,9,09538,1","9,9,999,9,+005,1",,"SYN07443063 32997 00000 10200 20148 39538 40172 333 20153 58005 555 00000 10000=",
"43063099999","2025-02-22T06:00:00","4","18.5333333","73.85","558.0","PUNE, IN","FM-12","99999","V020","090,1,N,0015,1","99999,9,9,N","010000,1,9,9","+0310,2","+0091,1","10153,1",,,,,,,,,,,,"99999,9,09543,1","9,9,999,9,+004,1",,"SYN05243063 32997 00903 10310 20091 39543 40153 333 58004=",
"43063099999","2025-02-22T09:00:00","4","18.5333333","73.85","558.0","PUNE, IN","FM-12","99999","V020","090,1,N,0026,1","22000,1,9,N","010000,1,9,9","+0348,1","+0098,1","10107,1",,,,,,"01,1,+00840,1,08,1",,,"9,AGL   ,+99999,+99999","01,99,1,01,1,99,9,00840,1,99,9,99,9",,"99999,9,09507,1","9,9,999,9,+006,1",,"SYN06443063 32597 10905 10348 20098 39507 40107 81100 333 58006 81828=",
"43063099999","2025-02-22T12:00:00","4","18.5333333","73.85","558.0","PUNE, IN","FM-12","99999","V020","070,1,N,0015,1","22000,1,9,N","010000,1,9,9","+0334,1","+0089,1","10102,1",,,,,,"01,1,+00840,1,08,1",,,"9,AGL   ,+99999,+99999","01,99,1,01,1,99,9,00840,1,99,9,99,9",,"99999,9,09500,1","9,9,999,9,+006,1",,"SYN07043063 32597 10703 10334 20089 39500 40102 81100 333 10356 58006 81828=",
"43063099999","2025-02-22T15:00:00","4","18.5333333","73.85","558.0","PUNE, IN","FM-12","99999","V020","999,9,C,0000,1","99999,9,9,N","004000,1,9,9","+0258,1","+0153,1","10135,1",,,,,,,,,,,,"99999,9,09516,1","9,9,999,9,+005,1",,"SYN05243063 32996 00000 10258 20153 39516 40135 333 58005=",
"43063099999","2025-02-22T18:00:00","4","18.5333333","73.85","558.0","PUNE, IN","FM-12","99999","V020","999,9,C,0000,1","99999,9,9,N","004000,1,9,9","+0206,1","+0129,1","10157,1",,,,,,,,,,,,"99999,9,09527,1","9,9,999,9,+006,1",,"SYN05243063 32996 00000 10206 20129 39527 40157 333 58006=",
"43063099999","2025-02-22T21:00:00","4","18.5333333","73.85","558.0","PUNE, IN","FM-12","99999","V020","999,9,C,0000,1","99999,9,9,N","004000,1,9,9","+0178,1","+0130,1","10153,1",,,,,,,,,,,,"99999,9,09516,1","9,9,999,9,+004,1",,"SYN05243063 32996 00000 10178 20130 39516 40153 333 58004=",
"43063099999","2025-02-23T00:00:00","4","18.5333333","73.85","558.0","PUNE, IN","FM-12","99999","V020","999,9,C,0000,1","99999,9,9,N","004000,1,9,9","+0162,1","+0128,1","10155,1",,,,,,,,,,,,"99999,9,09516,1","9,9,999,9,+004,1",,"SYN05243063 32996 00000 10162 20128 39516 40155 333 58004=",
"43063099999","2025-02-23T03:00:00","4","18.5333333","73.85","558.0","PUNE, IN","FM-12","99999","V020","999,9,C,0000,1","99999,9,9,N","010000,1,9,9","+0222,1","+0144,1","10169,1",,,,,,,,,,,"240,N,+0151,1","99999,9,09542,1","9,9,999,9,+004,1",,"SYN07443063 32997 00000 10222 20144 39542 40169 333 20151 58004 555 00000 10000=",
"43063099999","2025-02-23T06:00:00","4","18.5333333","73.85","558.0","PUNE, IN","FM-12","99999","V020","090,1,N,0021,1","99999,9,9,N","010000,1,9,9","+0312,1","+0067,1","10150,1",,,,,,,,,,,,"99999,9,09542,1","9,9,999,9,-001,1",,"SYN05243063 32997 00904 10312 20067 39542 40150 333 59001=",
"43063099999","2025-02-23T09:00:00","4","18.5333333","73.85","558.0","PUNE, IN","FM-12","99999","V020","090,1,N,0021,1","99999,9,9,N","010000,1,9,9","+0346,1","+0047,1","10109,1",,,,,,,,,,,,"99999,9,09509,1","9,9,999,9,+002,1",,"SYN05243063 32997 00904 10346 20047 39509 40109 333 58002=",
"43063099999","2025-02-23T12:00:00","4","18.5333333","73.85","558.0","PUNE, IN","FM-12","99999","V020","090,1,N,0010,1","22000,1,9,N","010000,1,9,9","+0334,1","+0054,1","10102,1",,,,,,"01,1,+00780,1,06,1","99,9,+99999,9,00,1",,"9,AGL   ,+99999,+99999","02,99,1,01,1,99,9,00780,1,99,9,99,9",,"99999,9,09500,1","9,9,999,9,+000,1",,"SYN07043063 32597 20902 10334 20054 39500 40102 81501 333 10357 58000 81626=",
"43063099999","2025-02-23T15:00:00","4","18.5333333","73.85","558.0","PUNE, IN","FM-12","99999","V020","999,9,C,0000,1","99999,9,9,N","004000,1,9,9","+0228,1","+0102,1","10141,1",,,,,,,,,,,,"99999,9,09515,1","9,9,999,9,-001,1",,"SYN05243063 32996 00000 10228 20102 39515 40141 333 59001=",
"43063099999","2025-02-23T18:00:00","4","18.5333333","73.85","558.0","PUNE, IN","FM-12","99999","V020","999,9,C,0000,1","99999,9,9,N","004000,1,9,9","+0200,1","+0101,1","10159,1",,,,,,,,,,,,"99999,9,09526,1","9,9,999,9,-001,1",,"SYN05243063 32996 00000 10200 20101 39526 40159 333 59001=",
"43063099999","2025-02-23T21:00:00","4","18.5333333","73.85","558.0","PUNE, IN","FM-12","99999","V020","999,9,C,0000,1","99999,9,9,N","004000,1,9,9","+0166,1","+0109,1","10153,1",,,,,,,,,,,,"99999,9,09514,1","9,9,999,9,-002,1",,"SYN05243063 32996 00000 10166 20109 39514 40153 333 59002=",
"43063099999","2025-02-24T00:00:00","4","18.5333333","73.85","558.0","PUNE, IN","FM-12","99999","V020","999,9,C,0000,1","99999,9,9,N","004000,1,9,9","+0152,1","+0113,1","10160,1",,,,,,,,,,,,"99999,9,09519,1","9,9,999,9,+003,1",,"SYN05243063 32996 00000 10152 20113 39519 40160 333 58003=",
"43063099999","2025-02-24T03:00:00","4","18.5333333","73.85","558.0","PUNE, IN","FM-12","99999","V020","999,9,C,0000,1","99999,9,9,N","010000,1,9,9","+0196,1","+0128,1","10175,1",,,,,,,,,,,"240,N,+0144,1","99999,9,09541,1","9,9,999,9,-001,1",,"SYN07443063 32997 00000 10196 20128 39541 40175 333 20144 59001 555 00000 10000=",
"43063099999","2025-02-24T06:00:00","4","18.5333333","73.85","558.0","PUNE, IN","FM-12","99999","V020","090,1,N,0021,1","99999,9,9,N","010000,1,9,9","+0318,2","+0080,1","10148,1",,,,,,,,,,,,"99999,9,09540,1","9,9,999,9,-002,1",,"SYN05243063 32997 00904 10318 20080 39540 40148 333 59002=",
"43063099999","2025-02-24T09:00:00","4","18.5333333","73.85","558.0","PUNE, IN","FM-12","99999","V020","180,1,N,0005,1","99999,9,9,N","010000,1,9,9","+0346,1","+0083,1","10107,1",,,,,,,,,,,,"99999,9,09507,1","9,9,999,9,-002,1",,"SYN05243063 32997 01801 10346 20083 39507 40107 333 59002=",
"43063099999","2025-02-24T12:00:00","4","18.5333333","73.85","558.0","PUNE, IN","FM-12","99999","V020","090,1,N,0005,1","22000,1,9,N","010000,1,9,9","+0332,1","+0057,1","10099,1",,,,,,"02,1,+06000,1,00,1",,,"9,AGL   ,+99999,+99999","02,99,1,02,1,99,9,06000,1,99,9,99,9",,"99999,9,09498,1","9,9,999,9,-002,1",,"SYN07043063 32997 20901 10332 20057 39498 40099 80001 333 10350 59002 82070=",
"43063099999","2025-02-24T15:00:00","4","18.5333333","73.85","558.0","PUNE, IN","FM-12","99999","V020","999,9,C,0000,1","99999,9,9,N","004000,1,9,9","+0232,1","+0099,1","10144,1",,,,,,,,,,,,"99999,9,09520,1","9,9,999,9,+005,1",,"SYN05243063 32996 00000 10232 20099 39520 40144 333 58005=",
"43063099999","2025-02-24T18:00:00","4","18.5333333","73.85","558.0","PUNE, IN","FM-12","99999","V020","999,9,C,0000,1","99999,9,9,N","004000,1,9,9","+0210,1","+0105,1","10168,1",,,,,,,,,,,,"99999,9,09536,1","9,9,999,9,+010,1",,"SYN05243063 32996 00000 10210 20105 39536 40168 333 58010=",
"43063099999","2025-02-24T21:00:00","4","18.5333333","73.85","558.0","PUNE, IN","FM-12","99999","V020","999,9,C,0000,1","99999,9,9,N","004000,1,9,9","+0178,1","+0111,1","10156,1",,,,,,,,,,,,"99999,9,09519,1","9,9,999,9,+005,1",,"SYN05243063 32996 00000 10178 20111 39519 40156 333 58005=",
"43063099999","2025-02-25T00:00:00","4","18.5333333","73.85","558.0","PUNE, IN","FM-12","99999","V020","999,9,C,0000,1","99999,9,9,N","004000,1,9,9","+0156,1","+0110,1","10159,1",,,,,,,,,,,,"99999,9,09518,1","9,9,999,9,-001,1",,"SYN05243063 32996 00000 10156 20110 39518 40159 333 59001=",
"43063099999","2025-02-25T03:00:00","4","18.5333333","73.85","558.0","PUNE, IN","FM-12","99999","V020","999,9,C,0000,1","22000,1,9,N","004000,1,9,9","+0194,1","+0141,1","10185,1",,"1,1,02,1","1,1,02,1",,,"03,1,+06000,1,00,1",,,"9,AGL   ,+99999,+99999","03,99,1,03,1,99,9,06000,1,99,9,99,9","240,N,+0146,1","99999,9,09550,1","9,9,999,9,+009,1","05,1","SYN09243063 31996 30000 10194 20141 39550 40185 70511 80001 333 20146 58009 83070 555 00000 10000=",
"43063099999","2025-02-25T06:00:00","4","18.5333333","73.85","558.0","PUNE, IN","FM-12","99999","V020","090,1,N,0015,1","22000,1,9,N","010000,1,9,9","+0306,2","+0109,1","10159,1",,,,,,"01,1,+00780,1,06,1","03,1,+06000,1,00,1",,"9,AGL   ,+99999,+99999","04,99,1,01,1,99,9,00780,1,99,9,99,9",,"99999,9,09548,1","9,9,999,9,+008,1",,"SYN07043063 32597 40903 10306 20109 39548 40159 81501 333 58008 81626 83070=",
"43063099999","2025-02-25T09:00:00","4","18.5333333","73.85","558.0","PUNE, IN","FM-12","99999","V020","090,1,N,0015,1","22000,1,9,N","010000,1,9,9","+0338,1","+0086,1","10116,1",,,,,,"03,1,+06000,1,00,1",,,"9,AGL   ,+99999,+99999","03,99,1,03,1,99,9,06000,1,99,9,99,9",,"99999,9,09515,1","9,9,999,9,+008,1",,"SYN06443063 32997 30903 10338 20086 39515 40116 80001 333 58008 83070=",
"43063099999","2025-02-25T12:00:00","4","18.5333333","73.85","558.0","PUNE, IN","FM-12","99999","V020","090,1,N,0005,1","22000,1,9,N","010000,1,9,9","+0332,1","+0097,1","10114,1",,,,,,"01,1,+06000,1,00,1",,,"9,AGL   ,+99999,+99999","01,99,1,01,1,99,9,06000,1,99,9,99,9",,"99999,9,09511,1","9,9,999,9,+013,1",,"SYN07043063 32997 10901 10332 20097 39511 40114 80001 333 10350 58013 81070=",
"43063099999","2025-02-25T15:00:00","4","18.5333333","73.85","558.0","PUNE, IN","FM-12","99999","V020","270,1,N,0005,1","22000,1,9,9","004000,1,9,9","+0240,1","+0118,1","10157,1","99,9999,9,9",,,"0,1,99,9","0,1,99,9",,,,,"00,99,1,99,9,99,9,99999,9,99,9,99,9",,"99999,9,09532,1","9,9,999,9,+012,1",,"SYN004BUFR",
"43063099999","2025-02-25T18:00:00","4","18.5333333","73.85","558.0","PUNE, IN","FM-12","99999","V020","270,1,N,0005,1","99999,9,9,N","004000,1,9,9","+0206,1","+0117,1","10179,1",,,,,,,,,,,,"99999,9,09547,1","9,9,999,9,+011,1",,"SYN05243063 32996 02701 10206 20117 39547 40179 333 58011=",
"43063099999","2025-02-25T21:00:00","4","18.5333333","73.85","558.0","PUNE, IN","FM-12","99999","V020","999,9,C,0000,1","99999,9,9,N","004000,1,9,9","+0182,1","+0131,1","10165,1",,,,,,,,,,,,"99999,9,09530,1","9,9,999,9,+011,1",,"SYN05243063 32996 00000 10182 20131 39530 40165 333 58011=",
"43063099999","2025-02-26T00:00:00","4","18.5333333","73.85","558.0","PUNE, IN","FM-12","99999","V020","999,9,C,0000,1","99999,9,9,N","004000,1,9,9","+0164,1","+0137,1","10164,1",,,,,,,,,,,,"99999,9,09525,1","9,9,999,9,+007,1",,"SYN05243063 32996 00000 10164 20137 39525 40164 333 58007=",
"43063099999","2025-02-26T03:00:00","4","18.5333333","73.85","558.0","PUNE, IN","FM-12","99999","V020","999,9,C,0000,1","99999,9,9,N","010000,1,9,9","+0192,1","+0153,1","10189,1",,,,,,,,,,,"240,N,+0154,1","99999,9,09554,1","9,9,999,9,+004,1",,"SYN05843063 32997 00000 10192 20153 39554 40189 333 20154 58004=",
"43063099999","2025-02-26T06:00:00","4","18.5333333","73.85","558.0","PUNE, IN","FM-12","99999","V020","090,1,N,0015,1","99999,9,9,N","010000,1,9,9","+0300,1","+0105,1","10168,1",,,,,,,,,,,,"99999,9,09554,1","9,9,999,9,+006,1",,"SYN05243063 32997 00903 10300 20105 39554 40168 333 58006=",
"43063099999","2025-02-26T09:00:00","4","18.5333333","73.85","558.0","PUNE, IN","FM-12","99999","V020","090,1,N,0026,1","99999,9,9,N","010000,1,9,9","+0334,1","+0089,1","10121,1",,,,,,,,,,,,"99999,9,09518,1","9,9,999,9,+003,1",,"SYN05243063 32997 00905 10334 20089 39518 40121 333 58003=",
"43063099999","2025-02-26T12:00:00","4","18.5333333","73.85","558.0","PUNE, IN","FM-12","99999","V020","090,1,N,0021,1","99999,9,9,N","010000,1,9,9","+0324,1","+0099,1","10112,1",,,,,,,,,,,,"99999,9,09508,1","9,9,999,9,-003,1",,"SYN05843063 32997 00904 10324 20099 39508 40112 333 10346 59003=",
"43063099999","2025-02-26T15:00:00","4","18.5333333","73.85","558.0","PUNE, IN","FM-12","99999","V020","999,9,C,0000,1","99999,9,9,N","004000,1,9,9","+0238,1","+0140,1","10146,1",,,,,,,,,,,,"99999,9,09522,1","9,9,999,9,-010,1",,"SYN05243063 32996 00000 10238 20140 39522 40146 333 59010=",
"43063099999","2025-02-26T18:00:00","4","18.5333333","73.85","558.0","PUNE, IN","FM-12","99999","V020","999,9,C,0000,1","22000,1,9,9","004000,1,9,9","+0206,1","+0136,1","10164,1","99,9999,9,9",,,"0,1,99,9","0,1,99,9",,,,,"00,99,1,99,9,99,9,99999,9,99,9,99,9",,"99999,9,09532,1","9,9,999,9,-015,1",,"SYN004BUFR",
"43063099999","2025-02-26T21:00:00","4","18.5333333","73.85","558.0","PUNE, IN","FM-12","99999","V020","999,9,C,0000,1","99999,9,9,N","004000,1,9,9","+0186,1","+0136,1","10154,1",,,,,,,,,,,,"99999,9,09519,1","9,9,999,9,-011,1",,"SYN05243063 32996 00000 10186 20136 39519 40154 333 59011=",
"43063099999","2025-02-27T00:00:00","4","18.5333333","73.85","558.0","PUNE, IN","FM-12","99999","V020","999,9,C,0000,1","99999,9,9,N","004000,1,9,9","+0170,1","+0133,1","10156,1",,,,,,,,,,,,"99999,9,09517,1","9,9,999,9,-008,1",,"SYN05243063 32996 00000 10170 20133 39517 40156 333 59008=",
"43063099999","2025-02-27T03:00:00","4","18.5333333","73.85","558.0","PUNE, IN","FM-12","99999","V020","090,1,N,0005,1","99999,9,9,N","010000,1,9,9","+0228,1","+0128,1","10165,1",,,,,,,,,,,"240,N,+0160,1","99999,9,09538,1","9,9,999,9,-016,1",,"SYN07443063 32997 00901 10228 20128 39538 40165 333 20160 59016 555 00000 10000=",
"43063099999","2025-02-27T06:00:00","4","18.5333333","73.85","558.0","PUNE, IN","FM-12","99999","V020","110,1,N,0021,1","99999,9,9,N","010000,1,9,9","+0314,1","+0135,1","10147,1",,,,,,,,,,,,"99999,9,09539,1","9,9,999,9,-015,1",,"SYN05243063 32997 01104 10314 20135 39539 40147 333 59015=",
"43063099999","2025-02-27T09:00:00","4","18.5333333","73.85","558.0","PUNE, IN","FM-12","99999","V020","090,1,N,0015,1","99999,9,9,N","010000,1,9,9","+0340,1","+0089,1","10101,1",,,,,,,,,,,,"99999,9,09499,1","9,9,999,9,-019,1",,"SYN05243063 32997 00903 10340 20089 39499 40101 333 59019=",
"43063099999","2025-02-27T12:00:00","4","18.5333333","73.85","558.0","PUNE, IN","FM-12","99999","V020","090,1,N,0010,1","22000,1,9,N","010000,1,9,9","+0334,1","+0100,1","10088,1",,,,,,"02,1,+06000,1,00,1",,,"9,AGL   ,+99999,+99999","02,99,1,02,1,99,9,06000,1,99,9,99,9",,"99999,9,09488,1","9,9,999,9,-020,1",,"SYN07043063 32997 20902 10334 20100 39488 40088 80001 333 10352 59020 82070=",
"43063099999","2025-02-27T15:00:00","4","18.5333333","73.85","558.0","PUNE, IN","FM-12","99999","V020","110,1,N,0005,1","99999,9,9,N","004000,1,9,9","+0240,1","+0118,1","10128,1",,,,,,,,,,,,"99999,9,09506,1","9,9,999,9,-016,1",,"SYN05243063 32996 01101 10240 20118 39506 40128 333 59016=",
"43063099999","2025-02-27T18:00:00","4","18.5333333","73.85","558.0","PUNE, IN","FM-12","99999","V020","999,9,C,0000,1","99999,9,9,N","004000,1,9,9","+0214,1","+0142,1","10144,1",,,,,,,,,,,,"99999,9,09516,1","9,9,999,9,-016,1",,"SYN05243063 32996 00000 10214 20142 39516 40144 333 59016=",
"43063099999","2025-02-27T21:00:00","4","18.5333333","73.85","558.0","PUNE, IN","FM-12","99999","V020","110,1,N,0005,1","99999,9,9,N","004000,1,9,9","+0192,1","+0146,1","10129,1",,,,,,,,,,,,"99999,9,09498,1","9,9,999,9,-021,1",,"SYN05243063 32996 01101 10192 20146 39498 40129 333 59021=",
"43063099999","2025-02-28T00:00:00","4","18.5333333","73.85","558.0","PUNE, IN","FM-12","99999","V020","999,9,C,0000,1","99999,9,9,N","004000,1,9,9","+0182,1","+0146,1","10128,1",,,,,,,,,,,,"99999,9,09495,1","9,9,999,9,-022,1",,"SYN05243063 32996 00000 10182 20146 39495 40128 333 59022=",
"43063099999","2025-02-28T03:00:00","4","18.5333333","73.85","558.0","PUNE, IN","FM-12","99999","V020","999,9,C,0000,1","99999,9,9,N","010000,1,9,9","+0226,1","+0152,1","10146,1",,,,,,,,,,,"240,N,+0171,1","99999,9,09520,1","9,9,999,9,-008,1",,"SYN07443063 32997 00000 10226 20152 39520 40146 333 20171 59008 555 00000 10000=",
"43063099999","2025-02-28T06:00:00","4","18.5333333","73.85","558.0","PUNE, IN","FM-12","99999","V020","090,1,N,0005,1","99999,9,9,N","010000,1,9,9","+0316,1","+0129,1","10129,1",,,,,,,,,,,,"99999,9,09522,1","9,9,999,9,-017,1",,"SYN05243063 32997 00901 10316 20129 39522 40129 333 59017=",
"43063099999","2025-02-28T09:00:00","4","18.5333333","73.85","558.0","PUNE, IN","FM-12","99999","V020","050,1,N,0015,1","22000,1,9,N","010000,1,9,9","+0348,1","+0108,1","10085,1",,,,,,"01,1,+00780,1,06,1","99,9,+99999,9,00,1",,"9,AGL   ,+99999,+99999","03,99,1,01,1,99,9,00780,1,99,9,99,9",,"99999,9,09486,1","9,9,999,9,-013,1",,"SYN06443063 32597 30503 10348 20108 39486 40085 81501 333 59013 81626=",
"43063099999","2025-02-28T21:00:00","4","18.5333333","73.85","558.0","PUNE, IN","FM-12","99999","V020","999,9,C,0000,1","99999,9,9,N","004000,1,9,9","+0196,1","+0147,1","10128,1",,,,,,,,,,,,"99999,9,09497,1","9,9,999,9,-001,1",,"SYN05243063 32996 00000 10196 20147 39497 40128 333 59001=",
"43063099999","2025-03-01T00:00:00","4","18.5333333","73.85","558.0","PUNE, IN","FM-12","99999","V020","090,1,N,0010,1","99999,9,9,N","004000,1,9,9","+0188,1","+0141,1","10126,1",,,,,,,,,,,,"99999,9,09493,1","9,9,999,9,-002,1",,"SYN05243063 32996 00902 10188 20141 39493 40126 333 59002=",
"43063099999","2025-03-01T03:00:00","4","18.5333333","73.85","558.0","PUNE, IN","FM-12","99999","V020","999,9,C,0000,1","99999,9,9,N","010000,1,9,9","+0224,1","+0167,1","10138,1",,,,,,,,,,,"240,N,+0179,1","99999,9,09513,1","9,9,999,9,-007,1",,"SYN07443063 32997 00000 10224 20167 39513 40138 333 20179 59007 555 00000 10000=",
"43063099999","2025-03-01T06:00:00","4","18.5333333","73.85","558.0","PUNE, IN","FM-12","99999","V020","050,1,N,0005,1","99999,9,9,N","010000,1,9,9","+0322,1","+0142,1","10120,1",,,,,,,,,,,,"99999,9,09515,1","9,9,999,9,-007,1",,"SYN05243063 32997 00501 10322 20142 39515 40120 333 59007=",
"43063099999","2025-03-01T09:00:00","4","18.5333333","73.85","558.0","PUNE, IN","FM-12","99999","V020","090,1,N,0010,1","22000,1,9,N","010000,1,9,9","+0358,1","+0099,1","10177,1",,,,,,"02,1,+00780,1,06,1",,,"9,AGL   ,+99999,+99999","02,99,1,02,1,99,9,00780,1,99,9,99,9",,"99999,9,09481,1","9,9,999,9,-005,1",,"SYN06443063 32597 20902 10358 20099 39481 40177 82500 333 59005 82626=",
"43063099999","2025-03-01T12:00:00","4","18.5333333","73.85","558.0","PUNE, IN","FM-12","99999","V020","999,9,C,0000,1","22000,1,9,N","010000,1,9,9","+0346,1","+0115,1","10071,2",,,,,,"04,1,+00780,1,06,1",,,"9,AGL   ,+99999,+99999","04,99,1,04,1,99,9,00780,1,99,9,99,9",,"99999,9,09472,1","9,9,999,9,-004,1",,"SYN07043063 32597 40000 10346 20115 39472 40071 84500 333 10362 59004 84626=",
"43063099999","2025-03-01T15:00:00","4","18.5333333","73.85","558.0","PUNE, IN","FM-12","99999","V020","270,1,N,0005,1","22000,1,9,N","004000,1,9,9","+0286,1","+0134,1","10107,1",,,,,,"02,1,+00780,1,06,1",,,"9,AGL   ,+99999,+99999","02,99,1,02,1,99,9,00780,1,99,9,99,9",,"99999,9,09496,1","9,9,999,9,+000,1",,"SYN06443063 32596 22701 10286 20134 39496 40107 82500 333 58000 82626=",
"43063099999","2025-03-01T18:00:00","4","18.5333333","73.85","558.0","PUNE, IN","FM-12","99999","V020","270,1,N,0005,1","99999,9,9,N","004000,1,9,9","+0232,1","+0152,1","10119,1",,,,,,,,,,,,"99999,9,09498,1","9,9,999,9,-006,1",,"SYN05243063 32996 02701 10232 20152 39498 40119 333 59006=",
"43063099999","2025-03-01T21:00:00","4","18.5333333","73.85","558.0","PUNE, IN","FM-12","99999","V020","999,9,C,0000,1","99999,9,9,N","004000,1,9,9","+0204,1","+0145,1","10109,1",,,,,,,,,,,,"99999,9,09481,1","9,9,999,9,-016,1",,"SYN05243063 32996 00000 10204 20145 39481 40109 333 59016=",
"43063099999","2025-03-02T00:00:00","4","18.5333333","73.85","558.0","PUNE, IN","FM-12","99999","V020","999,9,C,0000,1","99999,9,9,N","004000,1,9,9","+0186,1","+0146,1","10107,1",,,,,,,,,,,,"99999,9,09476,1","9,9,999,9,-017,1",,"SYN05243063 32996 00000 10186 20146 39476 40107 333 59017=",
"43063099999","2025-03-02T03:00:00","4","18.5333333","73.85","558.0","PUNE, IN","FM-12","99999","V020","999,9,C,0000,1","22000,1,9,N","010000,1,9,9","+0220,1","+0156,1","10128,1",,,,,,"02,1,+06000,1,00,1",,,"9,AGL   ,+99999,+99999","02,99,1,02,1,99,9,06000,1,99,9,99,9","240,N,+0177,1","99999,9,09501,1","9,9,999,9,-012,1",,"SYN08643063 32997 20000 10220 20156 39501 40128 80001 333 20177 59012 82070 555 00000 10000=",
"43063099999","2025-03-02T06:00:00","4","18.5333333","73.85","558.0","PUNE, IN","FM-12","99999","V020","090,1,N,0010,1","22000,1,9,N","010000,1,9,9","+0320,1","+0126,1","10115,1",,,,,,"02,1,+06000,1,00,1",,,"9,AGL   ,+99999,+99999","02,99,1,02,1,99,9,06000,1,99,9,99,9",,"99999,9,09509,1","9,9,999,9,-006,1",,"SYN06443063 32997 20902 10320 20126 39509 40115 80001 333 59006 82070=",
"43063099999","2025-03-02T09:00:00","4","18.5333333","73.85","558.0","PUNE, IN","FM-12","99999","V020","270,1,N,0010,1","22000,1,9,N","010000,1,9,9","+0350,1","+0126,1","10071,1",,,,,,"01,1,+00780,1,06,1","99,9,+99999,9,00,1",,"9,AGL   ,+99999,+99999","02,99,1,01,1,99,9,00780,1,99,9,99,9",,"99999,9,09472,1","9,9,999,9,-009,1",,"SYN06443063 32597 22702 10350 20126 39472 40071 81501 333 59009 81626=",
"43063099999","2025-03-02T12:00:00","4","18.5333333","73.85","558.0","PUNE, IN","FM-12","99999","V020","999,9,C,0000,1","22000,1,9,N","010000,1,9,9","+0342,1","+0108,1","10060,1",,,,,,"01,1,+00780,1,06,1","99,1,+99999,1,00,1",,"9,AGL   ,+99999,+99999","02,99,1,01,1,99,0,00780,1,99,1,99,1",,"99999,0,09463,1","9,0,999,0,-009,1",,"SYN07043063 32597 20000 10342 20108 39463 40060 81501 333 10362 59009 81626=",
"43063099999","2025-03-02T15:00:00","4","18.5333333","73.85","558.0","PUNE, IN","FM-12","99999","V020","999,9,C,0000,1","22000,1,9,N","004000,1,9,9","+0280,1","+0138,1","10100,1",,,,,,"02,1,+00780,1,06,1",,,"9,AGL   ,+99999,+99999","02,99,1,02,1,99,9,00780,1,99,9,99,9",,"99999,9,09487,1","9,9,999,9,-009,1",,"SYN06443063 32596 20000 10280 20138 39487 40100 82500 333 59009 82626=",
"43063099999","2025-03-02T18:00:00","4","18.5333333","73.85","558.0","PUNE, IN","FM-12","99999","V020","999,9,C,0000,1","99999,9,9,N","004000,1,9,9","+0228,1","+0139,1","10125,1",,,,,,,,,,,,"99999,9,09500,1","9,9,999,9,+002,1",,"SYN05243063 32996 00000 10228 20139 39500 40125 333 58002=",
"43063099999","2025-03-02T21:00:00","4","18.5333333","73.85","558.0","PUNE, IN","FM-12","99999","V020","999,9,C,0000,1","99999,9,9,N","004000,1,9,9","+0204,1","+0141,1","10113,1",,,,,,,,,,,,"99999,9,09485,1","9,9,999,9,+004,1",,"SYN05243063 32996 00000 10204 20141 39485 40113 333 58004=",
"43063099999","2025-03-03T00:00:00","4","18.5333333","73.85","558.0","PUNE, IN","FM-12","99999","V020","999,9,C,0000,1","99999,9,9,N","004000,1,9,9","+0184,1","+0144,1","10120,1",,,,,,,,,,,,"99999,9,09488,1","9,9,999,9,+012,1",,"SYN05243063 32996 00000 10184 20144 39488 40120 333 58012=",
"43063099999","2025-03-03T03:00:00","4","18.5333333","73.85","558.0","PUNE, IN","FM-12","99999","V020","999,9,C,0000,1","22000,1,9,N","010000,1,9,9","+0222,1","+0155,1","10135,1",,,,,,"02,1,+06000,1,00,1",,,"9,AGL   ,+99999,+99999","02,99,1,02,1,99,9,06000,1,99,9,99,9","240,N,+0171,1","99999,9,09510,1","9,9,999,9,+009,1",,"SYN08643063 32997 20000 10222 20155 39510 40135 80001 333 20171 58009 82070 555 00000 10000=",
"43063099999","2025-03-03T06:00:00","4","18.5333333","73.85","558.0","PUNE, IN","FM-12","99999","V020","090,1,N,0010,1","22000,1,9,N","010000,1,9,9","+0338,2","+0112,1","10109,1",,,,,,"01,1,+06000,1,00,1",,,"9,AGL   ,+99999,+99999","01,99,1,01,1,99,9,06000,1,99,9,99,9",,"99999,9,09507,1","9,9,999,9,-002,1",,"SYN06443063 32997 10902 10338 20112 39507 40109 80001 333 59002 81070=",
"43063099999","2025-03-03T09:00:00","4","18.5333333","73.85","558.0","PUNE, IN","FM-12","99999","V020","270,1,N,0015,1","99999,9,9,N","010000,1,9,9","+0366,1","+0081,1","10066,1",,,,,,"01,1,+00780,1,06,1","03,1,+06000,1,00,1",,"9,AGL   ,+99999,+99999","05,99,1,01,1,99,9,00780,1,99,9,99,9",,,"9,9,999,9,+000,1",,"SYN06443063 32597 52703 10366 20081 40066 82801 333 58000 81626 83070=",
"43063099999","2025-03-03T12:00:00","4","18.5333333","73.85","558.0","PUNE, IN","FM-12","99999","V020","270,1,N,0015,1","06000,1,C,N","010000,1,9,9","+0346,1","+0078,1","10068,1",,,,,,"02,1,+00780,1,06,1","05,1,+06000,1,00,1",,"9,AGL   ,+99999,+99999","06,99,1,02,1,99,9,00780,1,99,9,99,9",,"99999,9,09470,1","9,9,999,9,+007,1",,"SYN07643063 32597 62703 10346 20078 39470 40068 82501 333 10377 58007 82626 85070=",
"43063099999","2025-03-03T15:00:00","4","18.5333333","73.85","558.0","PUNE, IN","FM-12","99999","V020","270,1,N,0010,1","22000,1,9,N","004000,1,9,9","+0292,1","+0087,1","10101,1",,,,,,"01,1,+06000,1,00,1",,,"9,AGL   ,+99999,+99999","01,99,1,01,1,99,9,06000,1,99,9,99,9",,"99999,9,09491,1","9,9,999,9,+004,1",,"SYN06443063 32996 12702 10292 20087 39491 40101 80001 333 58004 81070=",
"43063099999","2025-03-03T18:00:00","4","18.5333333","73.85","558.0","PUNE, IN","FM-12","99999","V020","999,9,C,0000,1","99999,9,9,N","004000,1,9,9","+0218,1","+0115,1","10125,1",,,,,,,,,,,,"99999,9,09498,1","9,9,999,9,-002,1",,"SYN05243063 32996 00000 10218 20115 39498 40125 333 59002=",
"43063099999","2025-03-03T21:00:00","4","18.5333333","73.85","558.0","PUNE, IN","FM-12","99999","V020","999,9,C,0000,1","99999,9,9,N","004000,1,9,9","+0188,1","+0134,1","10119,1",,,,,,,,,,,,"99999,9,09487,1","9,9,999,9,+002,1",,"SYN05243063 32996 00000 10188 20134 39487 40119 333 58002=",
"43063099999","2025-03-04T00:00:00","4","18.5333333","73.85","558.0","PUNE, IN","FM-12","99999","V020","999,9,C,0000,1","99999,9,9,N","004000,1,9,9","+0168,1","+0127,1","10127,1",,,,,,,,,,,,"99999,9,09490,1","9,9,999,9,+005,1",,"SYN05243063 32996 00000 10168 20127 39490 40127 333 58005=",
"43063099999","2025-03-04T03:00:00","4","18.5333333","73.85","558.0","PUNE, IN","FM-12","99999","V020","999,9,C,0000,1","22000,1,9,N","010000,1,9,9","+0228,1","+0143,1","10139,1",,,,,,"01,1,+01800,1,03,1","99,9,+99999,9,00,1",,"9,AGL   ,+99999,+99999","02,99,1,01,1,99,9,01800,1,99,9,99,9","240,N,+0160,1","99999,9,09513,1","9,9,999,9,+003,1",,"SYN07043063 32797 20000 10228 20143 39513 40139 81031 333 20160 58003 81356=",
"43063099999","2025-03-04T06:00:00","4","18.5333333","73.85","558.0","PUNE, IN","FM-12","99999","V020","090,1,N,0005,1","22000,1,9,N","010000,1,9,9","+0332,1","+0102,1","10120,1",,,,,,"03,1,+06000,1,00,1",,,"9,AGL   ,+99999,+99999","03,99,1,03,1,99,9,06000,1,99,9,99,9",,"99999,9,09517,1","9,9,999,9,+010,1",,"SYN06443063 32997 30901 10332 20102 39517 40120 80001 333 58010 83070=",
"43063099999","2025-03-04T09:00:00","4","18.5333333","73.85","558.0","PUNE, IN","FM-12","99999","V020","090,1,N,0005,1","22000,1,9,N","010000,1,9,9","+0354,1","+0087,1","10079,1",,,,,,"01,1,+00780,1,06,1","03,1,+06000,1,00,1",,"9,AGL   ,+99999,+99999","04,99,1,01,1,99,9,00780,1,99,9,99,9",,"99999,9,09483,1","9,9,999,9,+011,1",,"SYN07043063 32597 40901 10354 20087 39483 40079 81501 333 58011 81626 83070=",
"43063099999","2025-03-04T12:00:00","4","18.5333333","73.85","558.0","PUNE, IN","FM-12","99999","V020","090,1,N,0005,1","22000,1,9,N","010000,1,9,9","+0352,1","+0089,1","10069,1",,,,,,"01,1,+00780,1,06,1","99,9,+99999,9,03,1","99,9,+99999,9,00,1","9,AGL   ,+99999,+99999","04,99,1,01,1,99,9,00780,1,99,9,99,9",,"99999,9,09474,1","9,9,999,9,+004,1",,"SYN07043063 32597 40901 10352 20089 39474 40069 81531 333 10368 58004 81626=",
"43063099999","2025-03-04T15:00:00","4","18.5333333","73.85","558.0","PUNE, IN","FM-12","99999","V020","999,9,C,0000,1","99999,9,9,N","004000,1,9,9","+0256,1","+0123,1","10115,1",,,,,,,,,,,,"99999,9,09497,1","9,9,999,9,+006,1",,"SYN05243063 32996 00000 10256 20123 39497 40115 333 58006=",
"43063099999","2025-03-04T18:00:00","4","18.5333333","73.85","558.0","PUNE, IN","FM-12","99999","V020","999,9,C,0000,1","99999,9,9,N","004000,1,9,9","+0216,1","+0121,1","10134,1",,,,,,,,,,,,"99999,9,09507,1","9,9,999,9,+009,1",,"SYN05243063 32996 00000 10216 20121 39507 40134 333 58009=",
"43063099999","2025-03-04T21:00:00","4","18.5333333","73.85","558.0","PUNE, IN","FM-12","99999","V020","999,9,C,0000,1","99999,9,9,N","004000,1,9,9","+0198,1","+0119,1","10128,1",,,,,,,,,,,,"99999,9,09497,1","9,9,999,9,+010,1",,"SYN05243063 32996 00000 10198 20119 39497 40128 333 58010=",
"43063099999","2025-03-05T00:00:00","4","18.5333333","73.85","558.0","PUNE, IN","FM-12","99999","V020","999,9,C,0000,1","99999,9,9,N","004000,1,9,9","+0182,1","+0108,1","10131,1",,,,,,,,,,,,"99999,9,09498,1","9,9,999,9,+008,1",,"SYN05243063 32996 00000 10182 20108 39498 40131 333 58008=",
"43063099999","2025-03-05T03:00:00","4","18.5333333","73.85","558.0","PUNE, IN","FM-12","99999","V020","999,9,C,0000,1","99999,9,9,N","010000,1,9,9","+0224,1","+0127,1","10141,1",,,,,,,,,,,"240,N,+0169,1","99999,9,09515,1","9,9,999,9,+002,1",,"SYN07443063 32997 00000 10224 20127 39515 40141 333 20169 58002 555 00000 10000=",
"43063099999","2025-03-05T06:00:00","4","18.5333333","73.85","558.0","PUNE, IN","FM-12","99999","V020","090,1,N,0010,1","99999,9,9,N","010000,1,9,9","+0300,1","+0090,1","10131,1",,,,,,,,,,,,"99999,9,09520,1","9,9,999,9,+003,1",,"SYN05243063 32997 00902 10300 20090 39520 40131 333 58003=",
"43063099999","2025-03-05T09:00:00","4","18.5333333","73.85","558.0","PUNE, IN","FM-12","99999","V020","090,1,N,0010,1","99999,9,9,N","010000,1,9,9","+0336,1","+0098,1","10095,1",,,,,,,,,,,,"99999,9,09493,1","9,9,999,9,+010,1",,"SYN05243063 32997 00902 10336 20098 39493 40095 333 58010=",
"43063099999","2025-03-05T12:00:00","4","18.5333333","73.85","558.0","PUNE, IN","FM-12","99999","V020","090,1,N,0005,1","99999,9,9,N","010000,1,9,9","+0346,1","+0105,1","10075,1",,,,,,,,,,,,"99999,9,09476,1","9,9,999,9,+002,1",,"SYN05843063 32997 00901 10346 20105 39476 40075 333 10360 58002=",
"43063099999","2025-03-05T15:00:00","4","18.5333333","73.85","558.0","PUNE, IN","FM-12","99999","V020","090,1,N,0005,1","99999,9,9,N","004000,1,9,9","+0244,1","+0102,1","10116,1",,,,,,,,,,,,"99999,9,09496,1","9,9,999,9,-001,1",,"SYN05243063 32996 00901 10244 20102 39496 40116 333 59001=",
"43063099999","2025-03-05T18:00:00","4","18.5333333","73.85","558.0","PUNE, IN","FM-12","99999","V020","999,9,C,0000,1","99999,9,9,N","004000,1,9,9","+0202,1","+0099,1","10146,1",,,,,,,,,,,,"99999,9,09516,1","9,9,999,9,+009,1",,"SYN05243063 32996 00000 10202 20099 39516 40146 333 58009=",
"43063099999","2025-03-05T21:00:00","4","18.5333333","73.85","558.0","PUNE, IN","FM-12","99999","V020","999,9,C,0000,1","99999,9,9,N","004000,1,9,9","+0166,1","+0075,1","10141,1",,,,,,,,,,,,"99999,9,09503,1","9,9,999,9,+006,1",,"SYN05243063 32996 00000 10166 20075 39503 40141 333 58006=",
"43063099999","2025-03-06T00:00:00","4","18.5333333","73.85","558.0","PUNE, IN","FM-12","99999","V020","999,9,C,0000,1","99999,9,9,N","004000,1,9,9","+0150,1","+0082,1","10147,1",,,,,,,,,,,,"99999,9,09505,1","9,9,999,9,+007,1",,"SYN05243063 32996 00000 10150 20082 39505 40147 333 58007=",
"43063099999","2025-03-06T03:00:00","4","18.5333333","73.85","558.0","PUNE, IN","FM-12","99999","V020","999,9,C,0000,1","99999,9,9,N","010000,1,9,9","+0220,1","+0087,1","10159,1",,,,,,,,,,,"240,N,+0134,1","99999,9,09530,1","9,9,999,9,+015,1",,"SYN05843063 32997 00000 10220 20087 39530 40159 333 20134 58015=",
"43063099999","2025-03-06T06:00:00","4","18.5333333","73.85","558.0","PUNE, IN","FM-12","99999","V020","090,1,N,0015,1","99999,9,9,N","010000,1,9,9","+0308,1","+0012,1","10138,1",,,,,,,,,,,,"99999,9,09529,1","9,9,999,9,+009,1",,"SYN05243063 32997 00903 10308 20012 39529 40138 333 58009=",
"43063099999","2025-03-06T09:00:00","4","18.5333333","73.85","558.0","PUNE, IN","FM-12","99999","V020","090,1,N,0010,1","99999,9,9,N","010000,1,9,9","+0352,1","+0017,1","10086,1",,,,,,,,,,,,"99999,9,09490,1","9,9,999,9,-003,1",,"SYN05243063 32997 00902 10352 20017 39490 40086 333 59003=",
"43063099999","2025-03-06T12:00:00","4","18.5333333","73.85","558.0","PUNE, IN","FM-12","99999","V020","999,9,C,0000,1","99999,9,9,N","010000,1,9,9","+0352,1","+0017,1","10072,1",,,,,,,,,,,,"99999,9,09476,1","9,9,999,9,+000,1",,"SYN05843063 32997 00000 10352 20017 39476 40072 333 10367 58000=",
"43063099999","2025-03-06T15:00:00","4","18.5333333","73.85","558.0","PUNE, IN","FM-12","99999","V020","999,9,C,0000,1","99999,9,9,N","004000,1,9,9","+0244,1","+0073,1","10116,1",,,,,,,,,,,,"99999,9,09495,1","9,9,999,9,-001,1",,"SYN05243063 32996 00000 10244 20073 39495 40116 333 59001=",
"43063099999","2025-03-06T18:00:00","4","18.5333333","73.85","558.0","PUNE, IN","FM-12","99999","V020","999,9,C,0000,1","99999,9,9,N","004000,1,9,9","+0190,1","+0088,1","10131,1",,,,,,,,,,,,"99999,9,09498,1","9,9,999,9,-018,1",,"SYN05243063 32996 00000 10190 20088 39498 40131 333 59018=",
"43063099999","2025-03-06T21:00:00","4","18.5333333","73.85","558.0","PUNE, IN","FM-12","99999","V020","999,9,C,0000,1","99999,9,9,N","004000,1,9,9","+0156,1","+0081,1","10122,1",,,,,,,,,,,,"99999,9,09483,1","9,9,999,9,-020,1",,"SYN05243063 32996 00000 10156 20081 39483 40122 333 59020=",
"43063099999","2025-03-07T00:00:00","4","18.5333333","73.85","558.0","PUNE, IN","FM-12","99999","V020","999,9,C,0000,1","99999,9,9,N","004000,1,9,9","+0144,1","+0088,1","10127,1",,,,,,,,,,,,"99999,9,09486,1","9,9,999,9,-019,1",,"SYN05243063 32996 00000 10144 20088 39486 40127 333 59019=",
"43063099999","2025-03-07T03:00:00","4","18.5333333","73.85","558.0","PUNE, IN","FM-12","99999","V020","999,9,C,0000,1","99999,9,9,N","010000,1,9,9","+0218,1","+0093,1","10140,1",,,,,,,,,,,"240,N,+0132,1","99999,9,09512,1","9,9,999,9,-018,1",,"SYN07443063 32997 00000 10218 20093 39512 40140 333 20132 59018 555 00000 10000=",
"43063099999","2025-03-07T06:00:00","4","18.5333333","73.85","558.0","PUNE, IN","FM-12","99999","V020","090,1,N,0026,1","99999,9,9,N","010000,1,9,9","+0312,1","-0002,1","10119,1",,,,,,,,,,,,"99999,9,09512,1","9,9,999,9,-017,1",,"SYN05243063 32997 00905 10312 21002 39512 40119 333 59017=",
"43063099999","2025-03-07T09:00:00","4","18.5333333","73.85","558.0","PUNE, IN","FM-12","99999","V020","090,1,N,0015,1","99999,9,9,N","010000,1,9,9","+0350,1","-0005,1","10076,1",,,,,,,,,,,,"99999,9,09477,1","9,9,999,9,-013,1",,"SYN05243063 32997 00903 10350 21005 39477 40076 333 59013=",
"43063099999","2025-03-07T12:00:00","4","18.5333333","73.85","558.0","PUNE, IN","FM-12","99999","V020","090,1,N,0010,1","99999,9,9,N","010000,1,9,9","+0350,1","+0012,1","10068,1",,,,,,,,,,,,"99999,9,09470,1","9,9,999,9,-006,1",,"SYN05843063 32997 00902 10350 20012 39470 40068 333 10364 59006=",
"43063099999","2025-03-07T15:00:00","4","18.5333333","73.85","558.0","PUNE, IN","FM-12","99999","V020","999,9,C,0000,1","99999,9,9,N","010000,1,9,9","+0240,2","+0082,1","10100,1",,,,,,,,,,,,"99999,9,09479,1","9,9,999,9,-016,1",,"SYN05243063 32997 00000 10240 20082 39479 40100 333 59016=",
"43063099999","2025-03-07T18:00:00","4","18.5333333","73.85","558.0","PUNE, IN","FM-12","99999","V020","999,9,C,0000,1","99999,9,9,N","004000,1,9,9","+0202,1","+0095,1","10121,1",,,,,,,,,,,,"99999,9,09492,1","9,9,999,9,-006,1",,"SYN05243063 32996 00000 10202 20095 39492 40121 333 59006=",
"43063099999","2025-03-07T21:00:00","4","18.5333333","73.85","558.0","PUNE, IN","FM-12","99999","V020","999,9,C,0000,1","99999,9,9,N","004000,1,9,9","+0174,1","+0098,1","10107,1",,,,,,,,,,,,"99999,9,09473,1","9,9,999,9,-010,1",,"SYN05243063 32996 00000 10174 20098 39473 40107 333 59010=",
"43063099999","2025-03-08T00:00:00","4","18.5333333","73.85","558.0","PUNE, IN","FM-12","99999","V020","999,9,C,0000,1","99999,9,9,N","004000,1,9,9","+0152,1","+0117,1","10102,1",,,,,,,,,,,,"99999,9,09465,1","9,9,999,9,-021,1",,"SYN05243063 32996 00000 10152 20117 39465 40102 333 59021=",
"43063099999","2025-03-08T03:00:00","4","18.5333333","73.85","558.0","PUNE, IN","FM-12","99999","V020","999,9,C,0000,1","99999,9,9,N","010000,1,9,9","+0220,1","+0113,1","10114,1",,,,,,,,,,,"240,N,+0144,1","99999,9,09489,1","9,9,999,9,-023,1",,"SYN07443063 32997 00000 10220 20113 39489 40114 333 20144 59023 555 00000 10000=",
"43063099999","2025-03-08T06:00:00","4","18.5333333","73.85","558.0","PUNE, IN","FM-12","99999","V020","090,1,N,0005,1","99999,9,9,N","010000,1,9,9","+0336,2","+0058,1","10091,1",,,,,,,,,,,,"99999,9,09490,1","9,9,999,9,-022,1",,"SYN05243063 32997 00901 10336 20058 39490 40091 333 59022=",
"43063099999","2025-03-08T09:00:00","4","18.5333333","73.85","558.0","PUNE, IN","FM-12","99999","V020","180,1,N,0005,1","99999,9,9,N","010000,1,9,9","+0374,1","+0032,1","10048,1",,,,,,,,,,,,"99999,9,09451,1","9,9,999,9,-026,1",,"SYN05243063 32997 01801 10374 20032 39451 40048 333 59026=",
"43063099999","2025-03-08T12:00:00","4","18.5333333","73.85","558.0","PUNE, IN","FM-12","99999","V020","270,1,N,0015,1","99999,9,9,N","010000,1,9,9","+0354,1","+0022,1","10036,1",,,,,,,,,,,,"99999,9,09442,1","9,9,999,9,-028,1",,"SYN05843063 32997 02703 10354 20022 39442 40036 333 10380 59028=",
"43063099999","2025-03-08T15:00:00","4","18.5333333","73.85","558.0","PUNE, IN","FM-12","99999","V020","999,9,C,0000,1","99999,9,9,N","004000,1,9,9","+0278,1","+0105,1","10076,1",,,,,,,,,,,,"99999,9,09465,1","9,9,999,9,-014,1",,"SYN05243063 32996 00000 10278 20105 39465 40076 333 59014=",
"43063099999","2025-03-08T18:00:00","4","18.5333333","73.85","558.0","PUNE, IN","FM-12","99999","V020","270,1,N,0010,1","99999,9,9,N","004000,1,9,9","+0216,1","+0113,1","10102,1",,,,,,,,,,,,"99999,9,09477,1","9,9,999,9,-015,1",,"SYN05243063 32996 02702 10216 20113 39477 40102 333 59015=",
"43063099999","2025-03-08T21:00:00","4","18.5333333","73.85","558.0","PUNE, IN","FM-12","99999","V020","999,9,C,0000,1","99999,9,9,N","004000,1,9,9","+0180,1","+0117,1","10098,1",,,,,,,,,,,,"99999,9,09465,1","9,9,999,9,-008,1",,"SYN05243063 32996 00000 10180 20117 39465 40098 333 59008=",
"43063099999","2025-03-09T00:00:00","4","18.5333333","73.85","558.0","PUNE, IN","FM-12","99999","V020","999,9,C,0000,1","99999,9,9,N","004000,1,9,9","+0160,1","+0114,1","10102,1",,,,,,,,,,,,"99999,9,09465,1","9,9,999,9,+000,1",,"SYN05243063 32996 00000 10160 20114 39465 40102 333 58000=",
"43063099999","2025-03-09T03:00:00","4","18.5333333","73.85","558.0","PUNE, IN","FM-12","99999","V020","999,9,C,0000,1","99999,9,9,N","010000,1,9,9","+0246,1","+0122,1","10106,1",,,,,,,,,,,"240,N,+0147,1","99999,9,09487,1","9,9,999,9,-002,1",,"SYN07443063 32997 00000 10246 20122 39487 40106 333 20147 59002 555 00000 10000=",
"43063099999","2025-03-09T06:00:00","4","18.5333333","73.85","558.0","PUNE, IN","FM-12","99999","V020","090,1,N,0021,1","99999,9,9,N","010000,1,9,9","+0330,1","+0071,1","10095,1",,,,,,,,,,,,"99999,9,09492,1","9,9,999,9,+002,1",,"SYN05243063 32997 00904 10330 20071 39492 40095 333 58002=",
"43063099999","2025-03-09T09:00:00","4","18.5333333","73.85","558.0","PUNE, IN","FM-12","99999","V020","090,1,N,0005,1","99999,9,9,N","010000,1,9,9","+0360,1","+0050,1","10058,1",,,,,,,,,,,,"99999,9,09463,1","9,9,999,9,+012,1",,"SYN05243063 32997 00901 10360 20050 39463 40058 333 58012=",
"43063099999","2025-03-09T12:00:00","4","18.5333333","73.85","558.0","PUNE, IN","FM-12","99999","V020","999,9,C,0000,1","99999,9,9,N","010000,1,9,9","+0356,1","+0073,1","10050,1",,,,,,,,,,,,"99999,9,09455,1","9,9,999,9,+013,1",,"SYN05843063 32997 00000 10356 20073 39455 40050 333 10375 58013=",
"43063099999","2025-03-09T15:00:00","4","18.5333333","73.85","558.0","PUNE, IN","FM-12","99999","V020","999,9,C,0000,1","99999,9,9,N","004000,1,9,9","+0250,1","+0101,1","10095,1",,,,,,,,,,,,"99999,9,09476,1","9,9,999,9,+011,1",,"SYN05243063 32996 00000 10250 20101 39476 40095 333 58011=",
"43063099999","2025-03-09T18:00:00","4","18.5333333","73.85","558.0","PUNE, IN","FM-12","99999","V020","999,9,C,0000,1","99999,9,9,N","004000,1,9,9","+0226,1","+0113,1","10116,1",,,,,,,,,,,,"99999,9,09492,1","9,9,999,9,+015,1",,"SYN05243063 32996 00000 10226 20113 39492 40116 333 58015=",
"43063099999","2025-03-09T21:00:00","4","18.5333333","73.85","558.0","PUNE, IN","FM-12","99999","V020","999,9,C,0000,1","99999,9,9,N","004000,1,9,9","+0190,1","+0117,1","10117,1",,,,,,,,,,,,"99999,9,09485,1","9,9,999,9,+020,1",,"SYN05243063 32996 00000 10190 20117 39485 40117 333 58020=",
"43063099999","2025-03-10T00:00:00","4","18.5333333","73.85","558.0","PUNE, IN","FM-12","99999","V020","999,9,C,0000,1","99999,9,9,N","004000,1,9,9","+0174,1","+0122,1","10120,1",,,,,,,,,,,,"99999,9,09486,1","9,9,999,9,+021,1",,"SYN05243063 32996 00000 10174 20122 39486 40120 333 58021=",
"43063099999","2025-03-10T03:00:00","4","18.5333333","73.85","558.0","PUNE, IN","FM-12","99999","V020","999,9,C,0000,1","99999,9,9,N","010000,1,9,9","+0226,1","+0145,1","10138,1",,,,,,,,,,,"240,N,+0165,1","99999,9,09512,1","9,9,999,9,+025,1",,"SYN07443063 32997 00000 10226 20145 39512 40138 333 20165 58025 555 00000 10000=",
"43063099999","2025-03-10T06:00:00","4","18.5333333","73.85","558.0","PUNE, IN","FM-12","99999","V020","090,1,N,0015,1","99999,9,9,N","010000,1,9,9","+0328,1","+0129,1","10120,1",,,,,,,,,,,,"99999,9,09515,1","9,9,999,9,+023,1",,"SYN05243063 32997 00903 10328 20129 39515 40120 333 58023=",
"43063099999","2025-03-10T09:00:00","4","18.5333333","73.85","558.0","PUNE, IN","FM-12","99999","V020","090,1,N,0031,1","99999,9,9,N","010000,1,9,9","+0362,1","+0061,1","10078,1",,,,,,,,,,,,"99999,9,09484,1","9,9,999,9,+021,1",,"SYN05243063 32997 00906 10362 20061 39484 40078 333 58021=",
"43063099999","2025-03-10T12:00:00","4","18.5333333","73.85","558.0","PUNE, IN","FM-12","99999","V020","090,1,N,0026,1","99999,9,9,N","010000,1,9,9","+0344,1","+0101,1","10078,1",,,,,,,,,,,,"99999,9,09479,1","9,9,999,9,+024,1",,"SYN05843063 32997 00905 10344 20101 39479 40078 333 10369 58024=",
"43063099999","2025-03-10T15:00:00","4","18.5333333","73.85","558.0","PUNE, IN","FM-12","99999","V020","999,9,C,0000,1","99999,9,9,N","004000,1,9,9","+0262,1","+0131,1","10115,1",,,,,,,,,,,,"99999,9,09499,1","9,9,999,9,+023,1",,"SYN05243063 32996 00000 10262 20131 39499 40115 333 58023=",
"43063099999","2025-03-10T18:00:00","4","18.5333333","73.85","558.0","PUNE, IN","FM-12","99999","V020","999,9,C,0000,1","99999,9,9,N","004000,1,9,9","+0228,1","+0132,1","10133,1",,,,,,,,,,,,"99999,9,09508,1","9,9,999,9,+016,1",,"SYN05243063 32996 00000 10228 20132 39508 40133 333 58016=",
"43063099999","2025-03-10T21:00:00","4","18.5333333","73.85","558.0","PUNE, IN","FM-12","99999","V020","999,9,C,0000,1","99999,9,9,N","004000,1,9,9","+0206,1","+0129,1","10128,1",,,,,,,,,,,,"99999,9,09499,1","9,9,999,9,+014,1",,"SYN05243063 32996 00000 10206 20129 39499 40128 333 58014=",
"43063099999","2025-03-11T00:00:00","4","18.5333333","73.85","558.0","PUNE, IN","FM-12","99999","V020","999,9,C,0000,1","99999,9,9,N","004000,1,9,9","+0188,1","+0142,1","10132,1",,,,,,,,,,,,"99999,9,09499,1","9,9,999,9,+013,1",,"SYN05243063 32996 00000 10188 20142 39499 40132 333 58013=",
"43063099999","2025-03-11T03:00:00","4","18.5333333","73.85","558.0","PUNE, IN","FM-12","99999","V020","160,1,N,0005,1","99999,9,9,N","010000,1,9,9","+0228,1","+0147,1","10151,1",,,,,,,,,,,"240,N,+0174,1","99999,9,09525,1","9,9,999,9,+013,1",,"SYN07443063 32997 01601 10228 20147 39525 40151 333 20174 58013 555 00000 10000=",
"43063099999","2025-03-11T06:00:00","4","18.5333333","73.85","558.0","PUNE, IN","FM-12","99999","V020","090,1,N,0021,1","99999,9,9,N","010000,1,9,9","+0322,1","+0150,1","10131,1",,,,,,,,,,,,"99999,9,09526,1","9,9,999,9,+011,1",,"SYN05243063 32997 00904 10322 20150 39526 40131 333 58011=",
"43063099999","2025-03-11T09:00:00","4","18.5333333","73.85","558.0","PUNE, IN","FM-12","99999","V020","090,1,N,0031,1","99999,9,9,N","010000,1,9,9","+0352,1","+0100,1","10092,1",,,,,,,,,,,,"99999,9,09494,1","9,9,999,9,+010,1",,"SYN05243063 32997 00906 10352 20100 39494 40092 333 58010=",
"43063099999","2025-03-11T12:00:00","4","18.5333333","73.85","558.0","PUNE, IN","FM-12","99999","V020","090,1,N,0010,1","99999,9,9,N","010000,1,9,9","+0346,1","+0115,1","10088,1",,,,,,,,,,,,"99999,9,09489,1","9,9,999,9,+010,1",,"SYN05843063 32997 00902 10346 20115 39489 40088 333 10360 58010=",
"43063099999","2025-03-11T15:00:00","4","18.5333333","73.85","558.0","PUNE, IN","FM-12","99999","V020","999,9,C,0000,1","99999,9,9,N","004000,1,9,9","+0264,1","+0137,1","10115,1",,,,,,,,,,,,"99999,9,09499,1","9,9,999,9,+000,1",,"SYN05243063 32996 00000 10264 20137 39499 40115 333 58000=",
"43063099999","2025-03-11T18:00:00","4","18.5333333","73.85","558.0","PUNE, IN","FM-12","99999","V020","999,9,C,0000,1","99999,9,9,N","004000,1,9,9","+0234,1","+0139,1","10131,1",,,,,,,,,,,,"99999,9,09509,1","9,9,999,9,+001,1",,"SYN05243063 32996 00000 10234 20139 39509 40131 333 58001=",
"43063099999","2025-03-11T21:00:00","4","18.5333333","73.85","558.0","PUNE, IN","FM-12","99999","V020","999,9,C,0000,1","99999,9,9,N","004000,1,9,9","+0214,1","+0145,1","10110,1",,,,,,,,,,,,"99999,9,09493,1","9,9,999,9,-006,1",,"SYN05243063 32996 00000 10214 20145 39493 40110 333 59006=",
"43063099999","2025-03-12T00:00:00","4","18.5333333","73.85","558.0","PUNE, IN","FM-12","99999","V020","999,9,C,0000,1","99999,9,9,N","004000,1,9,9","+0196,1","+0140,1","10123,1",,,,,,,,,,,,"99999,9,09492,1","9,9,999,9,-007,1",,"SYN05243063 32996 00000 10196 20140 39492 40123 333 59007=",
"43063099999","2025-03-12T03:00:00","4","18.5333333","73.85","558.0","PUNE, IN","FM-12","99999","V020","999,9,C,0000,1","99999,9,9,N","004000,1,9,9","+0238,1","+0159,1","10130,1",,"0,1,02,1","0,1,02,1",,,,,,,,"240,N,+0181,1","99999,9,09508,1","9,9,999,9,-017,1","05,1","SYN08043063 31996 00000 10238 20159 39508 40130 70500 333 20181 59017 555 00000 10000=",
"43063099999","2025-03-12T06:00:00","4","18.5333333","73.85","558.0","PUNE, IN","FM-12","99999","V020","090,1,N,0010,1","99999,9,9,N","010000,1,9,9","+0342,1","+0127,1","10105,1",,,,,,,,,,,,"99999,9,09505,1","9,9,999,9,-021,1",,"SYN05243063 32997 00902 10342 20127 39505 40105 333 59021=",
"43063099999","2025-03-12T09:00:00","4","18.5333333","73.85","558.0","PUNE, IN","FM-12","99999","V020","090,1,N,0015,1","99999,9,9,N","010000,1,9,9","+0370,1","+0071,1","10069,1",,,,,,,,,,,,"99999,9,09475,1","9,9,999,9,-019,1",,"SYN05243063 32997 00903 10370 20071 39475 40069 333 59019=",
"43063099999","2025-03-12T12:00:00","4","18.5333333","73.85","558.0","PUNE, IN","FM-12","99999","V020","090,1,N,0010,1","99999,9,9,N","010000,1,9,9","+0362,1","+0079,1","10053,1",,,,,,,,,,,,"99999,9,09460,1","9,9,999,9,-029,1",,"SYN05843063 32997 00902 10362 20079 39460 40053 333 10382 59029=",
"43063099999","2025-03-12T15:00:00","4","18.5333333","73.85","558.0","PUNE, IN","FM-12","99999","V020","999,9,C,0000,1","99999,9,9,N","004000,1,9,9","+0302,1","+0147,1","10090,1",,,,,,,,,,,,"99999,9,09484,1","9,9,999,9,-015,1",,"SYN05243063 32996 00000 10302 20147 39484 40090 333 59015=",
"43063099999","2025-03-12T18:00:00","4","18.5333333","73.85","558.0","PUNE, IN","FM-12","99999","V020","999,9,C,0000,1","99999,9,9,N","004000,1,9,9","+0246,1","+0142,1","10116,1",,,,,,,,,,,,"99999,9,09495,1","9,9,999,9,-014,1",,"SYN05243063 32996 00000 10246 20142 39495 40116 333 59014=",
"43063099999","2025-03-12T21:00:00","4","18.5333333","73.85","558.0","PUNE, IN","FM-12","99999","V020","999,9,C,0000,1","99999,9,9,N","004000,1,9,9","+0216,1","+0144,1","10107,1",,,,,,,,,,,,"99999,9,09484,1","9,9,999,9,-009,1",,"SYN05243063 32996 00000 10216 20144 39484 40107 333 59009=",
"43063099999","2025-03-13T00:00:00","4","18.5333333","73.85","558.0","PUNE, IN","FM-12","99999","V020","999,9,C,0000,1","99999,9,9,N","004000,1,9,9","+0196,1","+0136,1","10110,1",,,,,,,,,,,,"99999,9,09480,1","9,9,999,9,-012,1",,"SYN05243063 32996 00000 10196 20136 39480 40110 333 59012=",
"43063099999","2025-03-13T03:00:00","4","18.5333333","73.85","558.0","PUNE, IN","FM-12","99999","V020","999,9,C,0000,1","99999,9,9,N","010000,1,9,9","+0248,1","+0156,1","10115,1",,,,,,,,,,,"240,N,+0184,1","99999,9,09496,1","9,9,999,9,-012,1",,"SYN07443063 32997 00000 10248 20156 39496 40115 333 20184 59012 555 00000 10000=",
"43063099999","2025-03-13T06:00:00","4","18.5333333","73.85","558.0","PUNE, IN","FM-12","99999","V020","090,1,N,0005,1","99999,9,9,N","010000,1,9,9","+0354,1","+0123,1","10097,1",,,,,,,,,,,,"99999,9,09499,1","9,9,999,9,-006,1",,"SYN05243063 32997 00901 10354 20123 39499 40097 333 59006=",
"43063099999","2025-03-13T09:00:00","4","18.5333333","73.85","558.0","PUNE, IN","FM-12","99999","V020","270,1,N,0015,1","99999,9,9,N","010000,1,9,9","+0378,1","+0075,1","10049,1",,,,,,,,,,,,"99999,9,09458,1","9,9,999,9,-017,1",,"SYN05243063 32997 02703 10378 20075 39458 40049 333 59017=",
"43063099999","2025-03-13T12:00:00","4","18.5333333","73.85","558.0","PUNE, IN","FM-12","99999","V020","270,1,N,0015,1","99999,9,9,N","010000,1,9,9","+0360,1","+0081,1","10042,1",,,,,,,,,,,,"99999,9,09448,1","9,9,999,9,-012,1",,"SYN05843063 32997 02703 10360 20081 39448 40042 333 10387 59012=",
"43063099999","2025-03-13T15:00:00","4","18.5333333","73.85","558.0","PUNE, IN","FM-12","99999","V020","270,1,N,0015,1","99999,9,9,N","004000,1,9,9","+0302,1","+0139,1","10080,1",,,,,,,,,,,,"99999,9,09474,1","9,9,999,9,-010,1",,"SYN05243063 32996 02703 10302 20139 39474 40080 333 59010=",
"43063099999","2025-03-13T18:00:00","4","18.5333333","73.85","558.0","PUNE, IN","FM-12","99999","V020","999,9,C,0000,1","99999,9,9,N","004000,1,9,9","+0254,1","+0163,1","10103,1",,,,,,,,,,,,"99999,9,09486,1","9,9,999,9,-009,1",,"SYN05243063 32996 00000 10254 20163 39486 40103 333 59009=",
"43063099999","2025-03-13T21:00:00","4","18.5333333","73.85","558.0","PUNE, IN","FM-12","99999","V020","999,9,C,0000,1","22000,1,9,N","004000,1,9,9","+0220,1","+0152,1","10096,1",,,,,,"02,1,+06000,1,00,1",,,"9,AGL   ,+99999,+99999","02,99,1,02,1,99,9,06000,1,99,9,99,9",,"99999,9,09471,1","9,9,999,9,-013,1",,"SYN06443063 32996 20000 10220 20152 39471 40096 80001 333 59013 82070=",
"43063099999","2025-03-14T00:00:00","4","18.5333333","73.85","558.0","PUNE, IN","FM-12","99999","V020","999,9,C,0000,1","99999,9,9,N","004000,1,9,9","+0196,1","+0147,1","10107,1",,,,,,,,,,,,"99999,9,09477,1","9,9,999,9,-003,1",,"SYN05243063 32996 00000 10196 20147 39477 40107 333 59003=",
"43063099999","2025-03-14T03:00:00","4","18.5333333","73.85","558.0","PUNE, IN","FM-12","99999","V020","999,9,C,0000,1","99999,9,9,N","010000,1,9,9","+0236,1","+0171,1","10124,1",,,,,,,,,,,"240,N,+0185,1","99999,9,09502,1","9,9,999,9,+006,1",,"SYN07443063 32997 00000 10236 20171 39502 40124 333 20185 58006 555 00000 10000=",
"43063099999","2025-03-14T06:00:00","4","18.5333333","73.85","558.0","PUNE, IN","FM-12","99999","V020","090,1,N,0005,1","99999,9,9,N","010000,1,9,9","+0350,2","+0101,1","10104,1",,,,,,,,,,,,"99999,9,09504,1","9,9,999,9,+005,1",,"SYN05243063 32997 00901 10350 20101 39504 40104 333 58005=",
"43063099999","2025-03-14T09:00:00","4","18.5333333","73.85","558.0","PUNE, IN","FM-12","99999","V020","270,1,N,0010,1","99999,9,9,N","010000,1,9,9","+0378,1","+0062,1","10060,1",,,,,,,,,,,,"99999,9,09469,1","9,9,999,9,+011,1",,"SYN05243063 32997 02702 10378 20062 39469 40060 333 58011=",
"43063099999","2025-03-14T12:00:00","4","18.5333333","73.85","558.0","PUNE, IN","FM-12","99999","V020","270,1,N,0010,1","99999,9,9,N","010000,1,9,9","+0356,1","+0085,1","10054,1",,,,,,,,,,,,"99999,9,09459,1","9,9,999,9,+011,1",,"SYN05843063 32997 02702 10356 20085 39459 40054 333 10387 58011=",
"43063099999","2025-03-14T15:00:00","4","18.5333333","73.85","558.0","PUNE, IN","FM-12","99999","V020","999,9,C,0000,1","99999,9,9,N","004000,1,9,9","+0300,1","+0161,1","10091,1",,,,,,,,,,,,"99999,9,09482,1","9,9,999,9,+008,1",,"SYN05243063 32996 00000 10300 20161 39482 40091 333 58008=",
"43063099999","2025-03-14T18:00:00","4","18.5333333","73.85","558.0","PUNE, IN","FM-12","99999","V020","999,9,C,0000,1","99999,9,9,N","004000,1,9,9","+0234,1","+0150,1","10114,1",,,,,,,,,,,,"99999,9,09492,1","9,9,999,9,+006,1",,"SYN05243063 32996 00000 10234 20150 39492 40114 333 58006=",
"43063099999","2025-03-14T21:00:00","4","18.5333333","73.85","558.0","PUNE, IN","FM-12","99999","V020","999,9,C,0000,1","99999,9,9,N","004000,1,9,9","+0204,1","+0130,1","10104,1",,,,,,,,,,,,"99999,9,09476,1","9,9,999,9,+005,1",,"SYN05243063 32996 00000 10204 20130 39476 40104 333 58005=",
"43063099999","2025-03-15T00:00:00","4","18.5333333","73.85","558.0","PUNE, IN","FM-12","99999","V020","999,9,C,0000,1","99999,9,9,N","004000,1,9,9","+0184,1","+0114,1","10113,1",,,,,,,,,,,,"99999,9,09481,1","9,9,999,9,+004,1",,"SYN05243063 32996 00000 10184 20114 39481 40113 333 58004=",
"43063099999","2025-03-15T03:00:00","4","18.5333333","73.85","558.0","PUNE, IN","FM-12","99999","V020","999,9,C,0000,1","01800,1,C,N","010000,1,9,9","+0234,1","+0154,1","10126,1",,,,,,"04,1,+00780,1,06,1","04,1,+01800,1,03,1",,"9,AGL   ,+99999,+99999","06,99,1,04,1,99,9,00780,1,99,9,99,9","240,N,+0173,1","99999,9,09504,1","9,9,999,9,+002,1",,"SYN07643063 32597 60000 10234 20154 39504 40126 84530 333 20173 58002 84626 84356=",
"43063099999","2025-03-15T06:00:00","4","18.5333333","73.85","558.0","PUNE, IN","FM-12","99999","V020","090,1,N,0021,1","22000,1,9,N","010000,1,9,9","+0338,1","+0068,1","10108,1",,,,,,"03,1,+00780,1,06,1","99,9,+99999,9,00,1",,"9,AGL   ,+99999,+99999","04,99,1,03,1,99,9,00780,1,99,9,99,9",,"99999,9,09506,1","9,9,999,9,+002,1",,"SYN06443063 32597 40904 10338 20068 39506 40108 83501 333 58002 83626=",
"43063099999","2025-03-15T09:00:00","4","18.5333333","73.85","558.0","PUNE, IN","FM-12","99999","V020","090,1,N,0005,1","22000,1,9,N","010000,1,9,9","+0370,1","+0051,1","10072,1",,,,,,"01,1,+00780,1,06,1","99,9,+99999,9,00,1",,"9,AGL   ,+99999,+99999","02,99,1,01,1,99,9,00780,1,99,9,99,9",,"99999,9,09478,1","9,9,999,9,+009,1",,"SYN06443063 32597 20901 10370 20051 39478 40072 81501 333 58009 81626=",
"43063099999","2025-03-15T12:00:00","4","18.5333333","73.85","558.0","PUNE, IN","FM-12","99999","V020","270,1,N,0010,1","22000,1,9,N","010000,1,9,9","+0360,1","+0050,1","10064,1",,,,,,"01,1,+01800,1,03,1","03,1,+05400,1,01,1",,"9,AGL   ,+99999,+99999","03,99,1,01,1,99,9,01800,1,99,9,99,9",,"99999,9,09469,1","9,9,999,9,+010,1",,"SYN07643063 32797 32702 10360 20050 39469 40064 81309 333 10387 58010 81356 83168=",
"43063099999","2025-03-15T15:00:00","4","18.5333333","73.85","558.0","PUNE, IN","FM-12","99999","V020","320,1,N,0010,1","22000,1,9,N","004000,1,9,9","+0300,1","+0105,1","10104,1",,,,,,"03,1,+01800,1,03,1",,,"9,AGL   ,+99999,+99999","03,99,1,03,1,99,9,01800,1,99,9,99,9",,"99999,9,09494,1","9,9,999,9,+012,1",,"SYN06443063 32796 33202 10300 20105 39494 40104 83030 333 58012 83356=",
"43063099999","2025-03-15T18:00:00","4","18.5333333","73.85","558.0","PUNE, IN","FM-12","99999","V020","999,9,C,0000,1","99999,9,9,N","004000,1,9,9","+0238,1","+0120,1","10125,1",,,,,,,,,,,,"99999,9,09503,1","9,9,999,9,+011,1",,"SYN05243063 32996 00000 10238 20120 39503 40125 333 58011=",
"43063099999","2025-03-15T21:00:00","4","18.5333333","73.85","558.0","PUNE, IN","FM-12","99999","V020","999,9,C,0000,1","22000,1,9,N","004000,1,9,9","+0210,1","+0117,1","10114,1",,,,,,"01,1,+00780,1,06,1",,,"9,AGL   ,+99999,+99999","01,99,1,01,1,99,9,00780,1,99,9,99,9",,"99999,9,09486,1","9,9,999,9,+010,1",,"SYN06443063 32596 10000 10210 20117 39486 40114 81500 333 58010 81626=",
"43063099999","2025-03-16T00:00:00","4","18.5333333","73.85","558.0","PUNE, IN","FM-12","99999","V020","999,9,C,0000,1","22000,1,9,N","004000,1,9,9","+0188,1","+0107,1","10126,1",,,,,,"02,1,+00780,1,06,1",,,"9,AGL   ,+99999,+99999","02,99,1,02,1,99,9,00780,1,99,9,99,9",,"99999,9,09493,1","9,9,999,9,+017,1",,"SYN06443063 32596 20000 10188 20107 39493 40126 82500 333 58017 82626=",
"43063099999","2025-03-16T03:00:00","4","18.5333333","73.85","558.0","PUNE, IN","FM-12","99999","V020","999,9,C,0000,1","00780,1,C,N","010000,1,9,9","+0244,1","+0140,1","10134,1",,,,,,"06,1,+00780,1,06,1",,,"9,AGL   ,+99999,+99999","06,99,1,06,1,99,9,00780,1,99,9,99,9","240,N,+0182,1","99999,9,09512,1","9,9,999,9,+008,1",,"SYN07043063 32597 60000 10244 20140 39512 40134 86500 333 20182 58008 86626=",
"43063099999","2025-03-16T06:00:00","4","18.5333333","73.85","558.0","PUNE, IN","FM-12","99999","V020","090,1,N,0005,1","99999,9,9,N","010000,1,9,9","+0336,1","+0088,1","10110,1",,,,,,,,,,,,"99999,9,09508,1","9,9,999,9,+002,1",,"SYN05243063 32997 00901 10336 20088 39508 40110 333 58002=",
"43063099999","2025-03-16T09:00:00","4","18.5333333","73.85","558.0","PUNE, IN","FM-12","99999","V020","270,1,N,0015,1","22000,1,9,N","010000,1,9,9","+0372,1","+0069,1","10066,1",,,,,,"02,1,+06000,1,00,1",,,"9,AGL   ,+99999,+99999","02,99,1,02,1,99,9,06000,1,99,9,99,9",,"99999,9,09474,1","9,9,999,9,-004,1",,"SYN06443063 32997 22703 10372 20069 39474 40066 80001 333 59004 82070=",
"43063099999","2025-03-16T12:00:00","4","18.5333333","73.85","558.0","PUNE, IN","FM-12","99999","V020","270,1,N,0015,1","22000,1,9,N","010000,1,9,9","+0356,1","+0073,1","10055,1",,,,,,"01,1,+00780,1,06,1","99,9,+99999,9,00,1",,"9,AGL   ,+99999,+99999","02,99,1,01,1,99,9,00780,1,99,9,99,9",,"99999,9,09460,1","9,9,999,9,-009,1",,"SYN07043063 32597 22703 10356 20073 39460 40055 81501 333 10382 59009 81626=",
"43063099999","2025-03-16T15:00:00","4","18.5333333","73.85","558.0","PUNE, IN","FM-12","99999","V020","270,1,N,0005,1","99999,9,9,N","004000,1,9,9","+0304,1","+0089,1","10086,1",,,,,,,,,,,,"99999,9,09480,1","9,9,999,9,-014,1",,"SYN05243063 32996 02701 10304 20089 39480 40086 333 59014=",
"43063099999","2025-03-16T18:00:00","4","18.5333333","73.85","558.0","PUNE, IN","FM-12","99999","V020","999,9,C,0000,1","99999,9,9,N","004000,1,9,9","+0236,1","+0122,1","10118,1",,,,,,,,,,,,"99999,9,09496,1","9,9,999,9,-007,1",,"SYN05243063 32996 00000 10236 20122 39496 40118 333 59007=",
"43063099999","2025-03-16T21:00:00","4","18.5333333","73.85","558.0","PUNE, IN","FM-12","99999","V020","270,1,N,0010,1","22000,1,9,N","004000,1,9,9","+0214,1","+0134,1","10109,1",,,,,,"01,1,+01800,1,03,1","99,9,+99999,9,00,1",,"9,AGL   ,+99999,+99999","02,99,1,01,1,99,9,01800,1,99,9,99,9",,"99999,9,09484,1","9,9,999,9,-002,1",,"SYN06443063 32796 22702 10214 20134 39484 40109 81031 333 59002 81356=",
"43063099999","2025-03-17T00:00:00","4","18.5333333","73.85","558.0","PUNE, IN","FM-12","99999","V020","270,1,N,0005,1","22000,1,9,N","004000,1,9,9","+0200,1","+0140,1","10115,1",,,,,,"01,1,+00780,1,06,1","99,9,+99999,9,00,1",,"9,AGL   ,+99999,+99999","02,99,1,01,1,99,9,00780,1,99,9,99,9",,"99999,9,09485,1","9,9,999,9,-008,1",,"SYN06443063 32596 22701 10200 20140 39485 40115 81501 333 59008 81626=",
"43063099999","2025-03-17T03:00:00","4","18.5333333","73.85","558.0","PUNE, IN","FM-12","99999","V020","999,9,C,0000,1","22000,1,9,N","010000,1,9,9","+0250,1","+0143,1","10126,1",,,,,,"02,1,+00780,1,06,1","99,9,+99999,9,00,1",,"9,AGL   ,+99999,+99999","03,99,1,02,1,99,9,00780,1,99,9,99,9","240,N,+0184,1","99999,9,09505,1","9,9,999,9,-007,1",,"SYN08643063 32597 30000 10250 20143 39505 40126 82501 333 20184 59007 82626 555 00000 10000=",
"43063099999","2025-03-17T06:00:00","4","18.5333333","73.85","558.0","PUNE, IN","FM-12","99999","V020","270,1,N,0010,1","99999,9,9,N","010000,1,9,9","+0338,1","+0102,1","10108,1",,,,,,,,,,,,"99999,9,09506,1","9,9,999,9,+000,1",,"SYN05243063 32997 02702 10338 20102 39506 40108 333 58000=",
"43063099999","2025-03-17T09:00:00","4","18.5333333","73.85","558.0","PUNE, IN","FM-12","99999","V020","090,1,N,0005,1","22000,1,9,N","010000,1,9,9","+0370,1","+0071,1","10069,1",,,,,,"01,1,+00780,1,06,1","99,9,+99999,9,00,1",,"9,AGL   ,+99999,+99999","02,99,1,01,1,99,9,00780,1,99,9,99,9",,"99999,9,09475,1","9,9,999,9,+001,1",,"SYN06443063 32597 20901 10370 20071 39475 40069 81501 333 58001 81626=",
"43063099999","2025-03-17T12:00:00","4","18.5333333","73.85","558.0","PUNE, IN","FM-12","99999","V020","270,1,N,0015,1","22000,1,9,N","010000,1,9,9","+0352,1","+0065,1","10065,1",,,,,,"03,1,+06000,1,00,1",,,"9,AGL   ,+99999,+99999","03,99,1,03,1,99,9,06000,1,99,9,99,9",,"99999,9,09470,1","9,9,999,9,+010,1",,"SYN07043063 32997 32703 10352 20065 39470 40065 80001 333 10382 58010 83070=",
"43063099999","2025-03-17T15:00:00","4","18.5333333","73.85","558.0","PUNE, IN","FM-12","99999","V020","270,1,N,0021,1","22000,1,9,N","004000,1,9,9","+0302,1","+0098,1","10094,1",,,,,,"03,1,+06000,1,00,1",,,"9,AGL   ,+99999,+99999","03,99,1,03,1,99,9,06000,1,99,9,99,9",,"99999,9,09488,1","9,9,999,9,+008,1",,"SYN06443063 32996 32704 10302 20098 39488 40094 80001 333 58008 83070=",
"43063099999","2025-03-17T18:00:00","4","18.5333333","73.85","558.0","PUNE, IN","FM-12","99999","V020","270,1,N,0005,1","22000,1,9,N","004000,1,9,9","+0228,1","+0098,1","10126,1",,,,,,"01,1,+00780,1,06,1","99,9,+99999,9,00,1",,"9,AGL   ,+99999,+99999","03,99,1,01,1,99,9,00780,1,99,9,99,9",,"99999,9,09501,1","9,9,999,9,+005,1",,"SYN06443063 32596 32701 10228 20098 39501 40126 81501 333 58005 81626=",
"43063099999","2025-03-17T21:00:00","4","18.5333333","73.85","558.0","PUNE, IN","FM-12","99999","V020","270,1,N,0005,1","99999,9,9,N","004000,1,9,9","+0200,1","+0109,1","10113,1",,,,,,,,,,,,"99999,9,09483,1","9,9,999,9,-001,1",,"SYN05243063 32996 02701 10200 20109 39483 40113 333 59001=",
"43063099999","2025-03-18T00:00:00","4","18.5333333","73.85","558.0","PUNE, IN","FM-12","99999","V020","270,1,N,0005,1","99999,9,9,N","004000,1,9,9","+0176,1","+0096,1","10113,1",,,,,,,,,,,,"99999,9,09479,1","9,9,999,9,-006,1",,"SYN05243063 32996 02701 10176 20096 39479 40113 333 59006=",
"43063099999","2025-03-18T03:00:00","4","18.5333333","73.85","558.0","PUNE, IN","FM-12","99999","V020","999,9,C,0000,1","22000,1,9,N","010000,1,9,9","+0246,1","+0118,1","10120,1",,,,,,"01,1,+06000,1,00,1",,,"9,AGL   ,+99999,+99999","01,99,1,01,1,99,9,06000,1,99,9,99,9","240,N,+0167,1","99999,9,09499,1","9,9,999,9,-006,1",,"SYN08643063 32997 10000 10246 20118 39499 40120 80001 333 20167 59006 81070 555 00000 10000=",
"43063099999","2025-03-18T06:00:00","4","18.5333333","73.85","558.0","PUNE, IN","FM-12","99999","V020","090,1,N,0010,1","99999,9,9,N","010000,1,9,9","+0344,1","+0062,1","10095,1",,,,,,,,,,,,"99999,9,09495,1","9,9,999,9,-011,1",,"SYN05243063 32997 00902 10344 20062 39495 40095 333 59011=",
"43063099999","2025-03-18T09:00:00","4","18.5333333","73.85","558.0","PUNE, IN","FM-12","99999","V020","090,1,N,0015,1","99999,9,9,N","010000,1,9,9","+0376,1","+0077,1","10055,1",,,,,,,,,,,,"99999,9,09464,1","9,9,999,9,-011,1",,"SYN05243063 32997 00903 10376 20077 39464 40055 333 59011=",
"43063099999","2025-03-18T12:00:00","4","18.5333333","73.85","558.0","PUNE, IN","FM-12","99999","V020","270,1,N,0021,1","99999,9,9,N","010000,1,9,9","+0360,1","+0087,1","10054,1",,,,,,,,,,,,"99999,9,09459,1","9,9,999,9,-011,1",,"SYN05843063 32997 02704 10360 20087 39459 40054 333 10387 59011=",
"43063099999","2025-03-18T15:00:00","4","18.5333333","73.85","558.0","PUNE, IN","FM-12","99999","V020","270,1,N,0021,1","99999,9,9,N","004000,1,9,9","+0294,1","+0145,1","10095,1",,,,,,,,,,,,"99999,9,09486,1","9,9,999,9,-002,1",,"SYN05243063 32996 02704 10294 20145 39486 40095 333 59002=",
"43063099999","2025-03-18T18:00:00","4","18.5333333","73.85","558.0","PUNE, IN","FM-12","99999","V020","999,9,C,0000,1","22000,1,9,N","004000,1,9,9","+0252,1","+0134,1","10113,1",,,,,,"01,1,+06000,1,00,1",,,"9,AGL   ,+99999,+99999","01,99,1,01,1,99,9,06000,1,99,9,99,9",,"99999,9,09495,1","9,9,999,9,-006,1",,"SYN06443063 32996 10000 10252 20134 39495 40113 80001 333 59006 81070=",
"43063099999","2025-03-18T21:00:00","4","18.5333333","73.85","558.0","PUNE, IN","FM-12","99999","V020","999,9,C,0000,1","99999,9,9,N","004000,1,9,9","+0200,1","+0117,1","10112,1",,,,,,,,,,,,"99999,9,09482,1","9,9,999,9,-001,1",,"SYN05243063 32996 00000 10200 20117 39482 40112 333 59001=",
"43063099999","2025-03-19T00:00:00","4","18.5333333","73.85","558.0","PUNE, IN","FM-12","99999","V020","999,9,C,0000,1","22000,1,9,N","004000,1,9,9","+0194,1","+0114,1","10116,1",,,,,,"02,1,+00780,1,06,1","03,1,+06000,1,00,1",,"9,AGL   ,+99999,+99999","04,99,1,02,1,99,9,00780,1,99,9,99,9",,"99999,9,09486,1","9,9,999,9,-007,1",,"SYN07043063 32596 40000 10194 20114 39486 40116 82501 333 59007 82626 83070=",
"43063099999","2025-03-19T03:00:00","4","18.5333333","73.85","558.0","PUNE, IN","FM-12","99999","V020","270,1,N,0005,1","22000,1,9,N","010000,1,9,9","+0240,1","+0114,1","10131,1",,,,,,"01,1,+00780,1,06,1","99,9,+99999,9,00,1",,"9,AGL   ,+99999,+99999","02,99,1,01,1,99,9,00780,1,99,9,99,9","240,N,+0181,1","99999,9,09509,1","9,9,999,9,+010,1",,"SYN08643063 32597 22701 10240 20114 39509 40131 81501 333 20181 58010 81626 555 00000 10000=",
"43063099999","2025-03-19T06:00:00","4","18.5333333","73.85","558.0","PUNE, IN","FM-12","99999","V020","140,1,N,0010,1","99999,9,9,N","010000,1,9,9","+0346,1","+0033,1","10109,1",,,,,,,,,,,,"99999,9,09509,1","9,9,999,9,+014,1",,"SYN05243063 32997 01402 10346 20033 39509 40109 333 58014=",
"43063099999","2025-03-19T09:00:00","4","18.5333333","73.85","558.0","PUNE, IN","FM-12","99999","V020","140,1,N,0005,1","22000,1,9,N","010000,1,9,9","+0380,1","+0039,1","10069,1",,,,,,"02,1,+06000,1,00,1",,,"9,AGL   ,+99999,+99999","02,99,1,02,1,99,9,06000,1,99,9,99,9",,"99999,9,09477,1","9,9,999,9,+013,1",,"SYN06443063 32997 21401 10380 20039 39477 40069 80001 333 58013 82070=",
"43063099999","2025-03-19T12:00:00","4","18.5333333","73.85","558.0","PUNE, IN","FM-12","99999","V020","270,1,N,0021,1","99999,9,9,N","010000,1,9,9","+0350,1","+0042,1","10074,1",,,,,,,,,,,,"99999,9,09475,1","9,9,999,9,+016,1",,"SYN05843063 32997 02704 10350 20042 39475 40074 333 10387 58016=",
"43063099999","2025-03-19T15:00:00","4","18.5333333","73.85","558.0","PUNE, IN","FM-12","99999","V020","270,1,N,0005,1","99999,9,9,N","004000,1,9,9","+0288,1","+0141,1","10113,1",,,,,,,,,,,,"99999,9,09501,1","9,9,999,9,+015,1",,"SYN05243063 32996 02701 10288 20141 39501 40113 333 58015=",
"43063099999","2025-03-19T18:00:00","4","18.5333333","73.85","558.0","PUNE, IN","FM-12","99999","V020","270,1,N,0010,1","22000,1,9,N","004000,1,9,9","+0262,1","+0109,1","10130,1",,,,,,"02,1,+00780,1,06,1",,,"9,AGL   ,+99999,+99999","02,99,1,02,1,99,9,00780,1,99,9,99,9",,"99999,9,09513,1","9,9,999,9,+018,1",,"SYN06443063 32596 22702 10262 20109 39513 40130 82500 333 58018 82626=",
"43063099999","2025-03-19T21:00:00","4","18.5333333","73.85","558.0","PUNE, IN","FM-12","99999","V020","999,9,C,0000,1","22000,1,9,N","004000,1,9,9","+0210,1","+0105,1","10130,1",,,,,,"01,1,+00780,1,06,1",,,"9,AGL   ,+99999,+99999","01,99,1,01,1,99,9,00780,1,99,9,99,9",,"99999,9,09501,1","9,9,999,9,+019,1",,"SYN06443063 32596 10000 10210 20105 39501 40130 81500 333 58019 81626=",
"43063099999","2025-03-20T00:00:00","4","18.5333333","73.85","558.0","PUNE, IN","FM-12","99999","V020","999,9,C,0000,1","22000,1,9,N","004000,1,9,9","+0184,1","+0110,1","10138,1",,,,,,"01,1,+00780,1,06,1",,,"9,AGL   ,+99999,+99999","01,99,1,01,1,99,9,00780,1,99,9,99,9",,"99999,9,09505,1","9,9,999,9,+019,1",,"SYN06443063 32596 10000 10184 20110 39505 40138 81500 333 58019 81626=",
"43063099999","2025-03-20T03:00:00","4","18.5333333","73.85","558.0","PUNE, IN","FM-12","99999","V020","999,9,C,0000,1","22000,1,9,N","010000,1,9,9","+0244,1","+0124,1","10147,1",,,,,,"01,1,+00780,1,06,1","99,9,+99999,9,03,1","99,9,+99999,9,00,1","9,AGL   ,+99999,+99999","03,99,1,01,1,99,9,00780,1,99,9,99,9","240,N,+0175,1","99999,9,09525,1","9,9,999,9,+016,1",,"SYN08643063 32597 30000 10244 20124 39525 40147 81531 333 20175 58016 81626 555 00000 10000=",
"43063099999","2025-03-20T06:00:00","4","18.5333333","73.85","558.0","PUNE, IN","FM-12","99999","V020","090,1,N,0005,1","22000,1,9,N","010000,1,9,9","+0332,1","+0037,1","10127,1",,,,,,"03,1,+01800,1,03,1",,,"9,AGL   ,+99999,+99999","03,99,1,03,1,99,9,01800,1,99,9,99,9",,"99999,9,09524,1","9,9,999,9,+015,1",,"SYN06443063 32797 30901 10332 20037 39524 40127 83030 333 58015 83356=",
"43063099999","2025-03-20T09:00:00","4","18.5333333","73.85","558.0","PUNE, IN","FM-12","99999","V020","270,1,N,0015,1","22000,1,9,N","010000,1,9,9","+0360,1","+0013,1","10092,1",,,,,,"02,1,+06000,1,00,1",,,"9,AGL   ,+99999,+99999","02,99,1,02,1,99,9,06000,1,99,9,99,9",,"99999,9,09495,1","9,9,999,9,+018,1",,"SYN06443063 32997 22703 10360 20013 39495 40092 80001 333 58018 82070=",
"43063099999","2025-03-20T12:00:00","4","18.5333333","73.85","558.0","PUNE, IN","FM-12","99999","V020","270,1,N,0010,1","22000,1,9,N","010000,1,9,9","+0340,1","+0026,1","10090,1",,,,,,"01,1,+00780,1,06,1","99,9,+99999,9,00,1",,"9,AGL   ,+99999,+99999","02,99,1,01,1,99,9,00780,1,99,9,99,9",,"99999,9,09489,1","9,9,999,9,+014,1",,"SYN07043063 32597 22702 10340 20026 39489 40090 81501 333 10365 58014 81626=",
"43063099999","2025-03-20T15:00:00","4","18.5333333","73.85","558.0","PUNE, IN","FM-12","99999","V020","270,1,N,0010,1","99999,9,9,N","004000,1,9,9","+0294,1","+0074,1","10121,1",,,,,,,,,,,,"99999,9,09510,1","9,9,999,9,+009,1",,"SYN05243063 32996 02702 10294 20074 39510 40121 333 58009=",
"43063099999","2025-03-20T18:00:00","4","18.5333333","73.85","558.0","PUNE, IN","FM-12","99999","V020","999,9,C,0000,1","99999,9,9,N","004000,1,9,9","+0222,1","+0090,1","10144,1",,,,,,,,,,,,"99999,9,09518,1","9,9,999,9,+005,1",,"SYN05243063 32996 00000 10222 20090 39518 40144 333 58005=",
"43063099999","2025-03-20T21:00:00","4","18.5333333","73.85","558.0","PUNE, IN","FM-12","99999","V020","270,1,N,0005,1","99999,9,9,N","004000,1,9,9","+0196,1","+0073,1","10140,1",,,,,,,,,,,,"99999,9,09509,1","9,9,999,9,+008,1",,"SYN05243063 32996 02701 10196 20073 39509 40140 333 58008=",
"43063099999","2025-03-21T00:00:00","4","18.5333333","73.85","558.0","PUNE, IN","FM-12","99999","V020","999,9,C,0000,1","22000,1,9,N","004000,1,9,9","+0184,1","+0080,1","10152,1",,,,,,"02,1,+00780,1,06,1",,,"9,AGL   ,+99999,+99999","02,99,1,02,1,99,9,00780,1,99,9,99,9",,"99999,9,09517,1","9,9,999,9,+012,1",,"SYN06443063 32596 20000 10184 20080 39517 40152 82500 333 58012 82626=",
"43063099999","2025-03-21T03:00:00","4","18.5333333","73.85","558.0","PUNE, IN","FM-12","99999","V020","999,9,C,0000,1","22000,1,9,N","010000,1,9,9","+0230,1","+0109,1","10163,1",,,,,,"01,1,+00780,1,06,1","03,1,+01800,1,03,1","99,9,+99999,9,00,1","9,AGL   ,+99999,+99999","04,99,1,01,1,99,9,00780,1,99,9,99,9","240,N,+0170,1","99999,9,09536,1","9,9,999,9,+011,1",,"SYN09243063 32597 40000 10230 20109 39536 40163 81531 333 20170 58011 81626 83356 555 00000 10000=",
"43063099999","2025-03-21T06:00:00","4","18.5333333","73.85","558.0","PUNE, IN","FM-12","99999","V020","090,1,N,0005,1","22000,1,9,N","010000,1,9,9","+0320,1","+0076,1","10140,1",,,,,,"01,1,+06000,1,00,1",,,"9,AGL   ,+99999,+99999","01,99,1,01,1,99,9,06000,1,99,9,99,9",,"99999,9,09533,1","9,9,999,9,+009,1",,"SYN06443063 32997 10901 10320 20076 39533 40140 80001 333 58009 81070=",
"43063099999","2025-03-21T09:00:00","4","18.5333333","73.85","558.0","PUNE, IN","FM-12","99999","V020","270,1,N,0015,1","22000,1,9,N","010000,1,9,9","+0356,1","+0061,1","10094,1",,,,,,"02,1,+00780,1,06,1","99,9,+99999,9,00,1",,"9,AGL   ,+99999,+99999","03,99,1,02,1,99,9,00780,1,99,9,99,9",,"99999,9,09496,1","9,9,999,9,+001,1",,"SYN06443063 32597 32703 10356 20061 39496 40094 82501 333 58001 82626=",
"43063099999","2025-03-21T12:00:00","4","18.5333333","73.85","558.0","PUNE, IN","FM-12","99999","V020","270,1,N,0010,1","22000,1,9,N","010000,1,9,9","+0338,1","+0050,1","10086,1",,,,,,"01,1,+00780,1,06,1","99,9,+99999,9,03,1","99,9,+99999,9,00,1","9,AGL   ,+99999,+99999","03,99,1,01,1,99,9,00780,1,99,9,99,9",,"99999,9,09486,1","9,9,999,9,-003,1",,"SYN07043063 32597 32702 10338 20050 39486 40086 81531 333 10368 59003 81626=",
"43063099999","2025-03-21T15:00:00","4","18.5333333","73.85","558.0","PUNE, IN","FM-12","99999","V020","270,1,N,0010,1","99999,9,9,N","004000,1,9,9","+0280,1","+0103,1","10116,1",,,,,,,,,,,,"99999,9,09502,1","9,9,999,9,-008,1",,"SYN05243063 32996 02702 10280 20103 39502 40116 333 59008=",
"43063099999","2025-03-21T18:00:00","4","18.5333333","73.85","558.0","PUNE, IN","FM-12","99999","V020","270,1,N,0005,1","22000,1,9,N","004000,1,9,9","+0240,1","+0127,1","10137,1",,,,,,"01,1,+00780,1,06,1",,,"9,AGL   ,+99999,+99999","01,99,1,01,1,99,9,00780,1,99,9,99,9",,"99999,9,09514,1","9,9,999,9,-004,1",,"SYN06443063 32596 12701 10240 20127 39514 40137 81500 333 59004 81626=",
"43063099999","2025-03-21T21:00:00","4","18.5333333","73.85","558.0","PUNE, IN","FM-12","99999","V020","999,9,C,0000,1","99999,9,9,N","004000,1,9,9","+0200,1","+0113,1","10133,1",,,,,,,,,,,,"99999,9,09502,1","9,9,999,9,-007,1",,"SYN05243063 32996 00000 10200 20113 39502 40133 333 59007=",
"43063099999","2025-03-22T00:00:00","4","18.5333333","73.85","558.0","PUNE, IN","FM-12","99999","V020","999,9,C,0000,1","99999,9,9,N","004000,1,9,9","+0170,1","+0106,1","10138,1",,,,,,,,,,,,"99999,9,09500,1","9,9,999,9,-017,1",,"SYN05243063 32996 00000 10170 20106 39500 40138 333 59017=",
"43063099999","2025-03-22T03:00:00","4","18.5333333","73.85","558.0","PUNE, IN","FM-12","99999","V020","999,9,C,0000,1","99999,9,9,N","010000,1,9,9","+0240,1","+0114,1","10148,1",,,,,,,,,,,"240,N,+0154,1","99999,9,09524,1","9,9,999,9,-012,1",,"SYN07443063 32997 00000 10240 20114 39524 40148 333 20154 59012 555 00000 10000=",
"43063099999","2025-03-22T06:00:00","4","18.5333333","73.85","558.0","PUNE, IN","FM-12","99999","V020","090,1,N,0005,1","99999,9,9,N","010000,1,9,9","+0318,1","+0089,1","10126,1",,,,,,,,,,,,"99999,9,09519,1","9,9,999,9,-014,1",,"SYN05243063 32997 00901 10318 20089 39519 40126 333 59014=",
"43063099999","2025-03-22T09:00:00","4","18.5333333","73.85","558.0","PUNE, IN","FM-12","99999","V020","290,1,N,0015,1","99999,9,9,N","010000,1,9,9","+0346,1","+0053,1","10084,1",,,,,,,,,,,,"99999,9,09485,1","9,9,999,9,-011,1",,"SYN05243063 32997 02903 10346 20053 39485 40084 333 59011=",
"43063099999","2025-03-22T12:00:00","4","18.5333333","73.85","558.0","PUNE, IN","FM-12","99999","V020","270,1,N,0015,1","99999,9,9,N","010000,1,9,9","+0354,1","+0050,1","10069,1",,,,,,,,,,,,"99999,9,09473,1","9,9,999,9,-013,1",,"SYN05843063 32997 02703 10354 20050 39473 40069 333 10366 59013=",
"43063099999","2025-03-22T15:00:00","4","18.5333333","73.85","558.0","PUNE, IN","FM-12","99999","V020","270,1,N,0005,1","99999,9,9,N","004000,1,9,9","+0284,1","+0118,1","10105,1",,,,,,,,,,,,"99999,9,09493,1","9,9,999,9,-009,1",,"SYN05243063 32996 02701 10284 20118 39493 40105 333 59009=",
"43063099999","2025-03-22T18:00:00","4","18.5333333","73.85","558.0","PUNE, IN","FM-12","99999","V020","270,1,N,0005,1","99999,9,9,N","004000,1,9,9","+0238,1","+0124,1","10126,1",,,,,,,,,,,,"99999,9,09504,1","9,9,999,9,-010,1",,"SYN05243063 32996 02701 10238 20124 39504 40126 333 59010=",
"43063099999","2025-03-22T21:00:00","4","18.5333333","73.85","558.0","PUNE, IN","FM-12","99999","V020","999,9,C,0000,1","99999,9,9,N","004000,1,9,9","+0198,1","+0115,1","10122,1",,,,,,,,,,,,"99999,9,09491,1","9,9,999,9,-011,1",,"SYN05243063 32996 00000 10198 20115 39491 40122 333 59011=",
"43063099999","2025-03-23T00:00:00","4","18.5333333","73.85","558.0","PUNE, IN","FM-12","99999","V020","999,9,C,0000,1","99999,9,9,N","004000,1,9,9","+0184,1","+0126,1","10129,1",,,,,,,,,,,,"99999,9,09496,1","9,9,999,9,-004,1",,"SYN05243063 32996 00000 10184 20126 39496 40129 333 59004=",
"43063099999","2025-03-23T03:00:00","4","18.5333333","73.85","558.0","PUNE, IN","FM-12","99999","V020","250,1,N,0005,1","99999,9,9,N","010000,1,9,9","+0244,1","+0147,1","10145,1",,,,,,,,,,,"240,N,+0172,1","99999,9,09523,1","9,9,999,9,-001,1",,"SYN07443063 32997 02501 10244 20147 39523 40145 333 20172 59001 555 00000 10000=",
"43063099999","2025-03-23T06:00:00","4","18.5333333","73.85","558.0","PUNE, IN","FM-12","99999","V020","090,1,N,0015,1","99999,9,9,N","010000,1,9,9","+0334,1","+0061,1","10120,1",,,,,,,,,,,,"99999,9,09517,1","9,9,999,9,-002,1",,"SYN05243063 32997 00903 10334 20061 39517 40120 333 59002=",
"43063099999","2025-03-23T09:00:00","4","18.5333333","73.85","558.0","PUNE, IN","FM-12","99999","V020","090,1,N,0015,1","99999,9,9,N","010000,1,9,9","+0364,1","+0023,1","10080,1",,,,,,,,,,,,"99999,9,09486,1","9,9,999,9,+001,1",,"SYN05243063 32997 00903 10364 20023 39486 40080 333 58001=",
"43063099999","2025-03-23T12:00:00","4","18.5333333","73.85","558.0","PUNE, IN","FM-12","99999","V020","999,9,C,0000,1","99999,9,9,N","010000,1,9,9","+0366,1","+0075,1","10073,1",,,,,,,,,,,,"99999,9,09479,1","9,9,999,9,+006,1",,"SYN05843063 32997 00000 10366 20075 39479 40073 333 10378 58006=",
"43063099999","2025-03-23T15:00:00","4","18.5333333","73.85","558.0","PUNE, IN","FM-12","99999","V020","270,1,N,0015,1","99999,9,9,N","004000,1,9,9","+0292,1","+0154,1","10117,1",,,,,,,,,,,,"99999,9,09507,1","9,9,999,9,+014,1",,"SYN05243063 32996 02703 10292 20154 39507 40117 333 58014=",
"43063099999","2025-03-23T18:00:00","4","18.5333333","73.85","558.0","PUNE, IN","FM-12","99999","V020","999,9,C,0000,1","99999,9,9,N","004000,1,9,9","+0244,1","+0159,1","10138,1",,,,,,,,,,,,"99999,9,09516,1","9,9,999,9,+012,1",,"SYN05243063 32996 00000 10244 20159 39516 40138 333 58012=",
"43063099999","2025-03-23T21:00:00","4","18.5333333","73.85","558.0","PUNE, IN","FM-12","99999","V020","999,9,C,0000,1","99999,9,9,N","004000,1,9,9","+0208,1","+0149,1","10128,1",,,,,,,,,,,,"99999,9,09499,1","9,9,999,9,+008,1",,"SYN05243063 32996 00000 10208 20149 39499 40128 333 58008=",
"43063099999","2025-03-24T00:00:00","4","18.5333333","73.85","558.0","PUNE, IN","FM-12","99999","V020","999,9,C,0000,1","99999,9,9,N","004000,1,9,9","+0194,1","+0137,1","10133,1",,,,,,,,,,,,"99999,9,09502,1","9,9,999,9,+006,1",,"SYN05243063 32996 00000 10194 20137 39502 40133 333 58006=",
"43063099999","2025-03-24T03:00:00","4","18.5333333","73.85","558.0","PUNE, IN","FM-12","99999","V020","999,9,C,0000,1","99999,9,9,N","010000,1,9,9","+0250,1","+0139,1","10147,1",,,,,,,,,,,"240,N,+0177,1","99999,9,09525,1","9,9,999,9,+002,1",,"SYN07443063 32997 00000 10250 20139 39525 40147 333 20177 58002 555 00000 10000=",
"43063099999","2025-03-24T06:00:00","4","18.5333333","73.85","558.0","PUNE, IN","FM-12","99999","V020","090,1,N,0030,1","99999,9,9,N","010000,1,9,9","+0346,1","+0047,1","10120,1",,,,,,,,,,,,"99999,9,09519,1","9,9,999,9,+002,1",,"SYN05243063 32997 00903 10346 20047 39519 40120 333 58002=",
"43063099999","2025-03-24T09:00:00","4","18.5333333","73.85","558.0","PUNE, IN","FM-12","99999","V020","090,1,N,0010,1","99999,9,9,N","010000,1,9,9","+0370,1","+0058,1","10077,1",,,,,,,,,,,,"99999,9,09483,1","9,9,999,9,-003,1",,"SYN05243063 32997 00902 10370 20058 39483 40077 333 59003=",
"43063099999","2025-03-24T12:00:00","4","18.5333333","73.85","558.0","PUNE, IN","FM-12","99999","V020","090,1,N,0010,1","99999,9,9,N","010000,1,9,9","+0362,1","+0061,1","10062,1",,,,,,,,,,,,"99999,9,09469,1","9,9,999,9,-010,1",,"SYN05843063 32997 00902 10362 20061 39469 40062 333 10382 59010=",
"43063099999","2025-03-24T15:00:00","4","18.5333333","73.85","558.0","PUNE, IN","FM-12","99999","V020","270,1,N,0021,1","99999,9,9,N","004000,1,9,9","+0304,1","+0173,2","10103,1",,,,,,,,,,,,"99999,9,09495,1","9,9,999,9,-012,1",,"SYN05243063 32996 02704 10304 20173 39495 40103 333 59012=",
"43063099999","2025-03-24T18:00:00","4","18.5333333","73.85","558.0","PUNE, IN","FM-12","99999","V020","999,9,C,0000,1","99999,9,9,N","004000,1,9,9","+0254,1","+0177,1","10118,1",,,,,,,,,,,,"99999,9,09500,1","9,9,999,9,-016,1",,"SYN05243063 32996 00000 10254 20177 39500 40118 333 59016=",
"43063099999","2025-03-24T21:00:00","4","18.5333333","73.85","558.0","PUNE, IN","FM-12","99999","V020","999,9,C,0000,1","99999,9,9,N","004000,1,9,9","+0222,1","+0162,1","10105,1",,,,,,,,,,,,"99999,9,09482,1","9,9,999,9,-017,1",,"SYN05243063 32996 00000 10222 20162 39482 40105 333 59017=",
"43063099999","2025-03-25T00:00:00","4","18.5333333","73.85","558.0","PUNE, IN","FM-12","99999","V020","999,9,C,0000,1","99999,9,9,N","004000,1,9,9","+0196,1","+0154,1","10106,1",,,,,,,,,,,,"99999,9,09476,1","9,9,999,9,-026,1",,"SYN05243063 32996 00000 10196 20154 39476 40106 333 59026=",
"43063099999","2025-03-25T03:00:00","4","18.5333333","73.85","558.0","PUNE, IN","FM-12","99999","V020","999,9,C,0000,1","99999,9,9,N","010000,1,9,9","+0250,1","+0186,1","10115,1",,,,,,,,,,,"240,N,+0186,1","99999,9,09495,1","9,9,999,9,-030,1",,"SYN07443063 32997 00000 10250 20186 39495 40115 333 20186 59030 555 00000 10000=",
"43063099999","2025-03-25T06:00:00","4","18.5333333","73.85","558.0","PUNE, IN","FM-12","99999","V020","090,1,N,0015,1","99999,9,9,N","010000,1,9,9","+0348,1","+0070,2","10087,1",,,,,,,,,,,,"99999,9,09488,1","9,9,999,9,-031,1",,"SYN05243063 32997 00903 10348 20070 39488 40087 333 59031=",
"43063099999","2025-03-25T09:00:00","4","18.5333333","73.85","558.0","PUNE, IN","FM-12","99999","V020","090,1,N,0010,1","99999,9,9,N","010000,1,9,9","+0372,1","+0049,1","10046,1",,,,,,,,,,,,"99999,9,09455,1","9,9,999,9,-028,1",,"SYN05243063 32997 00902 10372 20049 39455 40046 333 59028=",
"43063099999","2025-03-25T12:00:00","4","18.5333333","73.85","558.0","PUNE, IN","FM-12","99999","V020","999,9,C,0000,1","22000,1,9,N","010000,1,9,9","+0362,1","+0144,1","10034,1",,,,,,"02,1,+06000,1,00,1",,,"9,AGL   ,+99999,+99999","02,99,1,02,1,99,9,06000,1,99,9,99,9",,"99999,9,09442,1","9,9,999,9,-027,1",,"SYN07043063 32997 20000 10362 20144 39442 40034 80001 333 10382 59027 82070=",
"43063099999","2025-03-25T15:00:00","4","18.5333333","73.85","558.0","PUNE, IN","FM-12","99999","V020","270,1,N,0010,1","99999,9,9,N","004000,1,9,9","+0298,1","+0187,1","10072,1",,,,,,,,,,,,"99999,9,09465,1","9,9,999,9,-030,1",,"SYN05243063 32996 02702 10298 20187 39465 40072 333 59030=",
"43063099999","2025-03-25T18:00:00","4","18.5333333","73.85","558.0","PUNE, IN","FM-12","99999","V020","270,1,N,0005,1","99999,9,9,N","004000,1,9,9","+0270,1","+0189,1","10089,1",,,,,,,,,,,,"99999,9,09475,1","9,9,999,9,-025,1",,"SYN05243063 32996 02701 10270 20189 39475 40089 333 59025=",
"43063099999","2025-03-25T21:00:00","4","18.5333333","73.85","558.0","PUNE, IN","FM-12","99999","V020","270,1,N,0005,1","99999,9,9,N","004000,1,9,9","+0224,1","+0157,1","10079,1",,,,,,,,,,,,"99999,9,09458,1","9,9,999,9,-024,1",,"SYN05243063 32996 02701 10224 20157 39458 40079 333 59024=",
"43063099999","2025-03-26T00:00:00","4","18.5333333","73.85","558.0","PUNE, IN","FM-12","99999","V020","270,1,N,0005,1","99999,9,9,N","004000,1,9,9","+0224,1","+0157,1","10079,1",,,,,,,,,,,,"99999,9,09458,1","9,9,999,9,-018,1",,"SYN05243063 32996 02701 10224 20157 39458 40079 333 59018=",
"43063099999","2025-03-26T03:00:00","4","18.5333333","73.85","558.0","PUNE, IN","FM-12","99999","V020","999,9,C,0000,1","22000,1,9,N","010000,1,9,9","+0258,1","+0164,1","10094,1",,,,,,"01,1,+00780,1,06,1",,,"9,AGL   ,+99999,+99999","01,99,1,01,1,99,9,00780,1,99,9,99,9","240,N,+0199,1","99999,9,09477,1","9,9,999,9,-018,1",,"SYN08643063 32597 10000 10258 20164 39477 40094 81500 333 20199 59018 81626 555 00000 10000=",
"43063099999","2025-03-26T06:00:00","4","18.5333333","73.85","558.0","PUNE, IN","FM-12","99999","V020","270,1,N,0005,1","99999,9,9,N","010000,1,9,9","+0348,1","+0070,1","10071,1",,,,,,,,,,,,"99999,9,09472,1","9,9,999,9,-016,1",,"SYN05243063 32997 02701 10348 20070 39472 40071 333 59016=",
"43063099999","2025-03-26T09:00:00","4","18.5333333","73.85","558.0","PUNE, IN","FM-12","99999","V020","110,1,N,0010,1","22000,1,9,N","010000,1,9,9","+0378,1","+0042,1","10032,1",,,,,,"01,1,+00840,1,08,1",,,"9,AGL   ,+99999,+99999","01,99,1,01,1,99,9,00840,1,99,9,99,9",,"99999,9,09442,1","9,9,999,9,-013,1",,"SYN06443063 32597 11102 10378 20042 39442 40032 81200 333 59013 81828=",
"43063099999","2025-03-26T12:00:00","4","18.5333333","73.85","558.0","PUNE, IN","FM-12","99999","V020","270,1,N,0021,1","99999,9,9,N","010000,1,9,9","+0340,1","+0120,1","10039,1",,,,,,,,,,,,"99999,9,09441,1","9,9,999,9,-001,1",,"SYN05843063 32997 02704 10340 20120 39441 40039 333 10386 59001=",
"43063099999","2025-03-26T15:00:00","4","18.5333333","73.85","558.0","PUNE, IN","FM-12","99999","V020","270,1,N,0005,1","99999,9,9,N","004000,1,9,9","+0284,1","+0155,1","10070,1",,,,,,,,,,,,"99999,9,09461,1","9,9,999,9,-004,1",,"SYN05243063 32996 02701 10284 20155 39461 40070 333 59004=",
"43063099999","2025-03-26T18:00:00","4","18.5333333","73.85","558.0","PUNE, IN","FM-12","99999","V020","999,9,C,0000,1","22000,1,9,N","004000,1,9,9","+0254,1","+0057,1","10093,1",,,,,,"01,1,+00780,1,06,1",,,"9,AGL   ,+99999,+99999","01,99,1,01,1,99,9,00780,1,99,9,99,9",,"99999,9,09476,1","9,9,999,9,+001,1",,"SYN06443063 32596 10000 10254 20057 39476 40093 81500 333 58001 81626=",
"43063099999","2025-03-26T21:00:00","4","18.5333333","73.85","558.0","PUNE, IN","FM-12","99999","V020","999,9,C,0000,1","99999,9,9,N","004000,1,9,9","+0236,1","+0066,1","10087,1",,,,,,,,,,,,"99999,9,09467,1","9,9,999,9,+009,1",,"SYN05243063 32996 00000 10236 20066 39467 40087 333 58009=",
"43063099999","2025-03-27T00:00:00","4","18.5333333","73.85","558.0","PUNE, IN","FM-12","99999","V020","999,9,C,0000,1","22000,1,9,N","004000,1,9,9","+0228,1","+0071,1","10091,1",,,,,,"02,1,+06000,1,00,1",,,"9,AGL   ,+99999,+99999","02,99,1,02,1,99,9,06000,1,99,9,99,9",,"99999,9,09469,1","9,9,999,9,+011,1",,"SYN06443063 32996 20000 10228 20071 39469 40091 80001 333 58011 82070=",
"43063099999","2025-03-27T03:00:00","4","18.5333333","73.85","558.0","PUNE, IN","FM-12","99999","V020","999,9,C,0000,1","99999,9,9,N","010000,1,9,9","+0264,1","+0098,1","10103,1",,,,,,,,,,,"240,N,+0195,1","99999,9,09488,1","9,9,999,9,+011,1",,"SYN07443063 32997 00000 10264 20098 39488 40103 333 20195 58011 555 00000 10000=",
"43063099999","2025-03-27T06:00:00","4","18.5333333","73.85","558.0","PUNE, IN","FM-12","99999","V020","290,1,N,0021,1","22000,1,9,N","010000,1,9,9","+0338,1","+0056,1","10086,1",,,,,,"01,1,+01800,1,03,1","03,1,+06000,1,00,1",,"9,AGL   ,+99999,+99999","03,99,1,01,1,99,9,01800,1,99,9,99,9",,"99999,9,09486,1","9,9,999,9,+014,1",,"SYN07043063 32797 32904 10338 20056 39486 40086 81031 333 58014 81356 83070=",
"43063099999","2025-03-27T09:00:00","4","18.5333333","73.85","558.0","PUNE, IN","FM-12","99999","V020","270,1,N,0026,1","22000,1,9,N","010000,1,9,9","+0356,1","+0085,1","10054,1",,,,,,"03,1,+01800,1,03,1","99,9,+99999,9,00,1",,"9,AGL   ,+99999,+99999","04,99,1,03,1,99,9,01800,1,99,9,99,9",,"99999,9,09459,1","9,9,999,9,+017,1",,"SYN06443063 32797 42705 10356 20085 39459 40054 83031 333 58017 83356=",
"43063099999","2025-03-27T12:00:00","4","18.5333333","73.85","558.0","PUNE, IN","FM-12","99999","V020","270,1,N,0026,1","22000,1,9,N","010000,1,9,9","+0332,1","+0107,1","10049,1",,,,,,"02,1,+06000,1,00,1",,,"9,AGL   ,+99999,+99999","02,99,1,02,1,99,9,06000,1,99,9,99,9",,"99999,9,09450,1","9,9,999,9,+009,1",,"SYN07043063 32997 22705 10332 20107 39450 40049 80001 333 10364 58009 82070=",
"43063099999","2025-03-27T15:00:00","4","18.5333333","73.85","558.0","PUNE, IN","FM-12","99999","V020","290,1,N,0010,1","99999,9,9,N","004000,1,9,9","+0280,1","+0130,1","10080,1",,,,,,,,,,,,"99999,9,09469,1","9,9,999,9,+008,1",,"SYN05243063 32996 02902 10280 20130 39469 40080 333 58008=",
"43063099999","2025-03-27T18:00:00","4","18.5333333","73.85","558.0","PUNE, IN","FM-12","99999","V020","999,9,C,0000,1","99999,9,9,N","004000,1,9,9","+0244,1","+0159,1","10093,1",,,,,,,,,,,,"99999,9,09474,1","9,9,999,9,-002,1",,"SYN05243063 32996 00000 10244 20159 39474 40093 333 59002=",
"43063099999","2025-03-27T21:00:00","4","18.5333333","73.85","558.0","PUNE, IN","FM-12","99999","V020","999,9,C,0000,1","22000,1,9,9","004000,1,9,9","+0210,1","+0133,1","10086,1","99,9999,9,9",,,"0,1,99,9","0,1,99,9",,,,,"00,99,1,99,9,99,9,99999,9,99,9,99,9",,"99999,9,09460,1","9,9,999,9,-007,1",,"SYN004BUFR",
"43063099999","2025-03-28T00:00:00","4","18.5333333","73.85","558.0","PUNE, IN","FM-12","99999","V020","999,9,C,0000,1","22000,1,9,9","004000,1,9,9","+0192,1","+0131,1","10092,1","99,9999,9,9",,,"0,1,99,9","0,1,99,9",,,,,"00,99,1,99,9,99,9,99999,9,99,9,99,9",,"99999,9,09463,1","9,9,999,9,-006,1",,"SYN004BUFR",
"43063099999","2025-03-28T03:00:00","4","18.5333333","73.85","558.0","PUNE, IN","FM-12","99999","V020","999,9,C,0000,1","22000,1,9,9","010000,1,9,9","+0260,1","+0148,1","10100,1","99,9999,9,9",,,"0,1,99,9","0,1,99,9",,,,,"00,99,1,99,9,99,9,99999,9,99,9,99,9","120,N,+0182,1","99999,9,09483,1","9,9,999,9,-005,1",,"SYN004BUFR",
"43063099999","2025-03-28T06:00:00","4","18.5333333","73.85","558.0","PUNE, IN","FM-12","99999","V020","999,9,C,0000,1","99999,9,9,N","010000,1,9,9","+0344,1","+0080,1","10078,1",,,,,,,,,,,,"99999,9,09479,1","9,9,999,9,-007,1",,"SYN05243063 32997 00000 10344 20080 39479 40078 333 59007=",
"43063099999","2025-03-28T09:00:00","4","18.5333333","73.85","558.0","PUNE, IN","FM-12","99999","V020","090,1,N,0005,1","22000,1,9,N","010000,1,9,9","+0371,1","+0101,1","10036,1",,,,,,"01,1,+00780,1,06,1",,,"9,AGL   ,+99999,+99999","01,99,1,01,1,99,9,00780,1,99,9,99,9",,"99999,9,09446,1","9,9,999,9,-017,1",,"SYN06443063 32597 10901 10371 20101 39446 40036 81500 333 59017 81626=",
"43063099999","2025-03-28T12:00:00","4","18.5333333","73.85","558.0","PUNE, IN","FM-12","99999","V020","270,1,N,0015,1","22000,1,9,N","010000,1,9,9","+0354,1","+0128,1","10029,1",,,,,,"02,1,+00780,1,06,1",,,"9,AGL   ,+99999,+99999","02,99,1,02,1,99,9,00780,1,99,9,99,9",,"99999,9,09436,1","9,9,999,9,-014,1",,"SYN07043063 32597 22703 10354 20128 39436 40029 82500 333 10384 59014 82626=",
"43063099999","2025-03-28T15:00:00","4","18.5333333","73.85","558.0","PUNE, IN","FM-12","99999","V020","999,9,C,0000,1","99999,9,9,N","004000,1,9,9","+0306,1","+0136,1","10065,1",,,,,,,,,,,,"99999,9,09460,1","9,9,999,9,-009,1",,"SYN05243063 32996 00000 10306 20136 39460 40065 333 59009=",
"43063099999","2025-03-28T18:00:00","4","18.5333333","73.85","558.0","PUNE, IN","FM-12","99999","V020","999,9,C,0000,1","99999,9,9,N","004000,1,9,9","+0260,1","+0159,1","10087,1",,,,,,,,,,,,"99999,9,09470,1","9,9,999,9,-004,1",,"SYN05243063 32996 00000 10260 20159 39470 40087 333 59004=",
"43063099999","2025-03-28T21:00:00","4","18.5333333","73.85","558.0","PUNE, IN","FM-12","99999","V020","999,9,C,0000,1","99999,9,9,N","004000,1,9,9","+0232,1","+0159,1","10078,1",,,,,,,,,,,,"99999,9,09458,1","9,9,999,9,-002,1",,"SYN05243063 32996 00000 10232 20159 39458 40078 333 59002=",
"43063099999","2025-03-29T00:00:00","4","18.5333333","73.85","558.0","PUNE, IN","FM-12","99999","V020","999,9,C,0000,1","99999,9,9,N","004000,1,9,9","+0218,1","+0150,1","10079,1",,,,,,,,,,,,"99999,9,09455,1","9,9,999,9,-008,1",,"SYN05243063 32996 00000 10218 20150 39455 40079 333 59008=",
"43063099999","2025-03-29T03:00:00","4","18.5333333","73.85","558.0","PUNE, IN","FM-12","99999","V020","999,9,C,0000,1","99999,9,9,N","010000,1,9,9","+0262,1","+0173,1","10091,1",,,,,,,,,,,"240,N,+0203,1","99999,9,09477,1","9,9,999,9,-006,1",,"SYN07443063 32997 00000 10262 20173 39477 40091 333 20203 59006 555 00000 10000=",
"43063099999","2025-03-29T06:00:00","4","18.5333333","73.85","558.0","PUNE, IN","FM-12","99999","V020","090,1,N,0010,1","22000,1,9,N","010000,1,9,9","+0336,1","+0076,1","10077,1",,,,,,"01,1,+00780,1,06,1","03,1,+06000,1,00,1",,"9,AGL   ,+99999,+99999","03,99,1,01,1,99,9,00780,1,99,9,99,9",,"99999,9,09478,1","9,9,999,9,-001,1",,"SYN07043063 32597 30902 10336 20076 39478 40077 81501 333 59001 81626 83070=",
"43063099999","2025-03-29T09:00:00","4","18.5333333","73.85","558.0","PUNE, IN","FM-12","99999","V020","270,1,N,0005,1","99999,9,9,N","010000,1,9,9","+0368,1","+0122,1","10038,1",,,,,,,,,,,,"99999,9,09446,1","9,9,999,9,+000,1",,"SYN05243063 32997 02701 10368 20122 39446 40038 333 58000=",
"43063099999","2025-03-29T12:00:00","4","18.5333333","73.85","558.0","PUNE, IN","FM-12","99999","V020","999,9,C,0000,1","22000,1,9,N","010000,1,9,9","+0362,1","+0131,1","10025,1",,,,,,"02,1,+00780,1,06,1","03,1,+06000,1,00,1",,"9,AGL   ,+99999,+99999","04,99,1,02,1,99,9,00780,1,99,9,99,9",,"99999,9,09434,1","9,9,999,9,-002,1",,"SYN07643063 32597 40000 10362 20131 39434 40025 82501 333 10378 59002 82626 83070=",
"43063099999","2025-03-29T15:00:00","4","18.5333333","73.85","558.0","PUNE, IN","FM-12","99999","V020","270,1,N,0015,1","22000,1,9,N","004000,1,9,9","+0316,1","+0129,1","10059,1",,,,,,"03,1,+00780,1,06,1",,,"9,AGL   ,+99999,+99999","03,99,1,03,1,99,9,00780,1,99,9,99,9",,"99999,9,09456,1","9,9,999,9,-004,1",,"SYN06443063 32596 32703 10316 20129 39456 40059 83500 333 59004 83626=",
"43063099999","2025-03-29T18:00:00","4","18.5333333","73.85","558.0","PUNE, IN","FM-12","99999","V020","999,9,C,0000,1","22000,1,9,N","004000,1,9,9","+0258,1","+0117,1","10086,1",,,,,,"01,1,+00780,1,06,1",,,"9,AGL   ,+99999,+99999","01,99,1,01,1,99,9,00780,1,99,9,99,9",,"99999,9,09469,1","9,9,999,9,-001,1",,"SYN06443063 32596 10000 10258 20117 39469 40086 81500 333 59001 81626=",
"43063099999","2025-03-29T21:00:00","4","18.5333333","73.85","558.0","PUNE, IN","FM-12","99999","V020","999,9,C,0000,1","22000,1,9,N","004000,1,9,9","+0240,1","+0135,1","10075,1",,,,,,"01,1,+00780,1,06,1","99,9,+99999,9,03,1",,"9,AGL   ,+99999,+99999","02,99,1,01,1,99,9,00780,1,99,9,99,9",,"99999,9,09456,1","9,9,999,9,-002,1",,"SYN06443063 32596 20000 10240 20135 39456 40075 81530 333 59002 81626=",
"43063099999","2025-03-30T00:00:00","4","18.5333333","73.85","558.0","PUNE, IN","FM-12","99999","V020","999,9,C,0000,1","22000,1,9,N","004000,1,9,9","+0242,1","+0145,1","10073,1",,,,,,"04,1,+00780,1,06,1",,,"9,AGL   ,+99999,+99999","04,99,1,04,1,99,9,00780,1,99,9,99,9",,"99999,9,09456,1","9,9,999,9,+001,1",,"SYN06443063 32596 40000 10242 20145 39456 40073 84500 333 58001 84626=",
"43063099999","2025-03-30T03:00:00","4","18.5333333","73.85","558.0","PUNE, IN","FM-12","99999","V020","999,9,C,0000,1","01800,1,C,N","010000,1,9,9","+0268,1","+0151,1","10097,1",,,,,,"02,1,+00780,1,06,1","04,1,+01800,1,03,1",,"9,AGL   ,+99999,+99999","06,99,1,02,1,99,9,00780,1,99,9,99,9","240,N,+0215,1","99999,9,09482,1","9,9,999,9,+005,1",,"SYN09243063 32597 60000 10268 20151 39482 40097 82530 333 20215 58005 82626 84356 555 00000 10000=",
"43063099999","2025-03-30T06:00:00","4","18.5333333","73.85","558.0","PUNE, IN","FM-12","99999","V020","999,9,C,0000,1","01800,1,9,N","010000,1,9,9","+0352,1","+0053,1","10073,1",,,,,,"07,1,+01800,1,02,1",,,"9,AGL   ,+99999,+99999","07,99,1,07,1,99,9,01800,1,99,9,99,9",,"99999,9,09477,1","9,9,999,9,-001,1",,"SYN06443063 32797 70000 10352 20053 39477 40073 87030 333 59001 87256=",
"43063099999","2025-03-30T09:00:00","4","18.5333333","73.85","558.0","PUNE, IN","FM-12","99999","V020","090,1,N,0021,1","22000,1,9,N","010000,1,9,9","+0380,1","+0079,1","10038,1",,,,,,"02,1,+00780,1,06,1","99,9,+99999,9,03,1","99,9,+99999,9,00,1","9,AGL   ,+99999,+99999","04,99,1,02,1,99,9,00780,1,99,9,99,9",,"99999,9,09448,1","9,9,999,9,+002,1",,"SYN06443063 32597 40904 10380 20079 39448 40038 82531 333 58002 82626=",
"43063099999","2025-03-30T12:00:00","4","18.5333333","73.85","558.0","PUNE, IN","FM-12","99999","V020","070,1,N,0005,1","01800,1,C,N","010000,1,9,9","+0374,1","+0107,1","10026,1",,,,,,"03,1,+00780,1,06,1","05,1,+01800,1,03,1",,"9,AGL   ,+99999,+99999","06,99,1,03,1,99,9,00780,1,99,9,99,9",,"99999,9,09436,1","9,9,999,9,+002,1",,"SYN07643063 32597 60701 10374 20107 39436 40026 83530 333 10390 58002 83626 85356=",
"43063099999","2025-03-30T15:00:00","4","18.5333333","73.85","558.0","PUNE, IN","FM-12","99999","V020","090,1,N,0015,1","99999,9,9,N","004000,1,9,9","+0308,1","+0156,1","10069,1",,,,,,,,,,,,"99999,9,09464,1","9,9,999,9,+008,1",,"SYN05243063 32996 00903 10308 20156 39464 40069 333 58008=",
"43063099999","2025-03-30T18:00:00","4","18.5333333","73.85","558.0","PUNE, IN","FM-12","99999","V020","999,9,C,0000,1","22000,1,9,N","004000,1,9,9","+0276,1","+0145,1","10088,1",,,,,,"03,1,+00780,1,06,1",,,"9,AGL   ,+99999,+99999","03,99,1,03,1,99,9,00780,1,99,9,99,9",,"99999,9,09476,1","9,9,999,9,+007,1",,"SYN06443063 32596 30000 10276 20145 39476 40088 83500 333 58007 83626=",
"43063099999","2025-03-30T21:00:00","4","18.5333333","73.85","558.0","PUNE, IN","FM-12","99999","V020","999,9,C,0000,1","99999,9,9,N","004000,1,9,9","+0248,1","+0145,1","10079,1",,,,,,,,,,,,"99999,9,09461,1","9,9,999,9,+005,1",,"SYN05243063 32996 00000 10248 20145 39461 40079 333 58005=",
"43063099999","2025-03-31T00:00:00","4","18.5333333","73.85","558.0","PUNE, IN","FM-12","99999","V020","999,9,C,0000,1","99999,9,9,N","004000,1,9,9","+0222,1","+0136,1","10081,1",,,,,,,,,,,,"99999,9,09459,1","9,9,999,9,+003,1",,"SYN05243063 32996 00000 10222 20136 39459 40081 333 58003=",
"43063099999","2025-03-31T03:00:00","4","18.5333333","73.85","558.0","PUNE, IN","FM-12","99999","V020","999,9,C,0000,1","22000,1,9,N","010000,1,9,9","+0254,1","+0160,1","10097,1",,,,,,"01,1,+01800,1,03,1","99,9,+99999,9,01,1",,"9,AGL   ,+99999,+99999","03,99,1,01,1,99,9,01800,1,99,9,99,9","240,N,+0212,1","99999,9,09480,1","9,9,999,9,-002,1",,"SYN08643063 32797 30000 10254 20160 39480 40097 81039 333 20212 59002 81356 555 00000 10000=",
"43063099999","2025-03-31T06:00:00","4","18.5333333","73.85","558.0","PUNE, IN","FM-12","99999","V020","090,1,N,0005,1","22000,1,9,N","010000,1,9,9","+0354,1","+0075,1","10070,1",,,,,,"03,1,+01800,1,03,1",,,"9,AGL   ,+99999,+99999","03,99,1,03,1,99,9,01800,1,99,9,99,9",,"99999,9,09474,1","9,9,999,9,-003,1",,"SYN06443063 32797 30901 10354 20075 39474 40070 83070 333 59003 83356=",
"43063099999","2025-03-31T09:00:00","4","18.5333333","73.85","558.0","PUNE, IN","FM-12","99999","V020","090,1,N,0005,1","06000,1,C,N","010000,1,9,9","+0382,1","+0088,1","10039,1",,,,,,"02,1,+01800,1,03,1","05,1,+06000,1,00,1",,"9,AGL   ,+99999,+99999","06,99,1,02,1,99,9,01800,1,99,9,99,9",,"99999,9,09450,1","9,9,999,9,+002,1",,"SYN07043063 32797 60901 10382 20088 39450 40039 82031 333 58002 82356 85070=",
"43063099999","2025-03-31T12:00:00","4","18.5333333","73.85","558.0","PUNE, IN","FM-12","99999","V020","270,1,N,0015,1","99999,9,9,N","010000,1,9,9","+0354,1","+0146,1","10032,1",,,,,,"03,1,+00780,1,06,1","99,9,+99999,9,00,1",,"9,AGL   ,+99999,+99999","06,99,1,03,1,99,9,00780,1,99,9,99,9",,"99999,9,09438,1","9,9,999,9,+002,1",,"SYN07043063 32597 62703 10354 20146 39438 40032 84801 333 10392 58002 83626=",
"43063099999","2025-03-31T15:00:00","4","18.5333333","73.85","558.0","PUNE, IN","FM-12","99999","V020","270,1,N,0021,1","22000,1,9,N","004000,1,9,9","+0310,1","+0199,1","10067,1",,,,,,"04,1,+00780,1,06,1",,,"9,AGL   ,+99999,+99999","04,99,1,04,1,99,9,00780,1,99,9,99,9",,"99999,9,09462,1","9,9,999,9,-002,1",,"SYN06443063 32596 42704 10310 20199 39462 40067 84500 333 59002 84626=",
"43063099999","2025-03-31T18:00:00","4","18.5333333","73.85","558.0","PUNE, IN","FM-12","99999","V020","999,9,C,0000,1","22000,1,9,9","004000,1,9,9","+0277,1","+0170,1","10075,1","99,9999,9,9",,,"0,1,99,9","0,1,99,9",,,,,"00,99,1,99,9,99,9,99999,9,99,9,99,9",,"99999,9,09464,1","9,9,999,9,-012,1",,"SYN004BUFR",
"43063099999","2025-03-31T21:00:00","4","18.5333333","73.85","558.0","PUNE, IN","FM-12","99999","V020","270,1,N,0005,1","22000,1,9,N","004000,1,9,9","+0244,1","+0144,1","10069,1",,,,,,"02,1,+00780,1,06,1",,,"9,AGL   ,+99999,+99999","02,99,1,02,1,99,9,00780,1,99,9,99,9",,"99999,9,09451,1","9,9,999,9,-010,1",,"SYN06443063 32596 22701 10244 20144 39451 40069 82500 333 59010 82626=",
"43063099999","2025-04-01T00:00:00","4","18.5333333","73.85","558.0","PUNE, IN","FM-12","99999","V020","270,1,N,0005,1","99999,9,9,N","004000,1,9,9","+0230,1","+0160,1","10077,1",,,,,,,,,,,,"99999,9,09455,1","9,9,999,9,-004,1",,"SYN05243063 32996 02701 10230 20160 39455 40077 333 59004=",
"43063099999","2025-04-01T03:00:00","4","18.5333333","73.85","558.0","PUNE, IN","FM-12","99999","V020","999,9,C,0000,1","01800,1,C,N","010000,1,9,9","+0272,1","+0177,1","10079,1",,,,,,"02,1,+00780,1,06,1","03,1,+01800,1,03,1","99,9,+99999,9,00,1","9,AGL   ,+99999,+99999","06,99,1,02,1,99,9,00780,1,99,9,99,9","240,N,+0226,1","99999,9,09468,1","9,9,999,9,-012,1",,"SYN09243063 32597 60000 10272 20177 39468 40079 82531 333 20226 59012 82626 83356 555 00000 10000=",
"43063099999","2025-04-01T06:00:00","4","18.5333333","73.85","558.0","PUNE, IN","FM-12","99999","V020","999,9,C,0000,1","01800,1,C,N","004000,1,9,9","+0308,1","+0135,1","10084,1",,,,,,"03,1,+00780,1,06,1","05,1,+01800,1,03,1",,"9,AGL   ,+99999,+99999","07,99,1,03,1,99,9,00780,1,99,9,99,9",,"99999,9,09478,1","9,9,999,9,+004,1",,"SYN07043063 32596 70000 10308 20135 39478 40084 83530 333 58004 83626 85356=",
"43063099999","2025-04-01T09:00:00","4","18.5333333","73.85","558.0","PUNE, IN","FM-12","99999","V020","270,1,N,0010,1","01800,1,C,N","010000,1,9,9","+0340,1","+0129,1","10052,1",,,,,,"02,1,+00780,1,06,1","05,1,+01800,1,03,1",,"9,AGL   ,+99999,+99999","07,99,1,02,1,99,9,00780,1,99,9,99,9",,"99999,9,09453,1","9,9,999,9,+003,1",,"SYN07043063 32597 72702 10340 20129 39453 40052 83530 333 58003 82626 85356=",
"43063099999","2025-04-01T12:00:00","4","18.5333333","73.85","558.0","PUNE, IN","FM-12","99999","V020","320,1,N,0005,1","01800,1,C,N","010000,1,9,9","+0342,1","+0141,1","10032,1",,,,,,"02,1,+00780,1,06,1","03,1,+01800,1,03,1","99,9,+99999,9,00,1","9,AGL   ,+99999,+99999","06,99,1,02,1,99,9,00780,1,99,9,99,9",,"99999,9,09437,1","9,9,999,9,-001,1",,"SYN07643063 32597 63201 10342 20141 39437 40032 82531 333 10354 59001 82626 83356=",
"43063099999","2025-04-01T15:00:00","4","18.5333333","73.85","558.0","PUNE, IN","FM-12","99999","V020","999,9,C,0000,1","99999,9,9,N","004000,1,9,9","+0292,1","+0138,1","10064,1",,,,,,"03,1,+00780,1,06,1","99,9,+99999,9,00,1",,"9,AGL   ,+99999,+99999","06,99,1,03,1,99,9,00780,1,99,9,99,9",,"99999,9,09457,1","9,9,999,9,-005,1",,"SYN06443063 32596 60000 10292 20138 39457 40064 84801 333 59005 83626=",
"43063099999","2025-04-01T18:00:00","4","18.5333333","73.85","558.0","PUNE, IN","FM-12","99999","V020","090,1,N,0021,1","99999,9,9,N","004000,1,9,9","+0276,1","+0157,1","10093,1","15,0000,9,1","9,1,02,1","6,1,02,1",,,"04,1,+00780,1,06,1",,,"9,AGL   ,+99999,+99999","06,99,1,04,1,99,9,00780,1,99,9,99,9",,"99999,9,09480,1","9,9,999,9,+016,1","02,1","SYN07643063 21596 60904 10276 20157 39480 40093 70296 86800 333 58016 6990/ 84626=","Q01  00002PRCP15"
"43063099999","2025-04-01T21:00:00","4","18.5333333","73.85","558.0","PUNE, IN","FM-12","99999","V020","090,1,N,0041,1","99999,9,9,N","004000,1,9,9","+0266,1","+0144,1","10080,1","18,0000,9,1",,,,,"04,1,+00780,1,06,1","99,9,+99999,9,00,1",,"9,AGL   ,+99999,+99999","06,99,1,04,1,99,9,00780,1,99,9,99,9",,"99999,9,09467,1","9,9,999,9,+016,1",,"SYN07043063 22596 60908 10266 20144 39467 40080 84501 333 58016 6990/ 84626=","Q01  00002PRCP18"
"43063099999","2025-04-02T00:00:00","4","18.5333333","73.85","558.0","PUNE, IN","FM-12","99999","V020","090,1,N,0005,1","01800,1,C,N","004000,1,9,9","+0250,1","+0155,1","10078,1","21,0000,9,1",,,,,"02,1,+00780,1,06,1","03,1,+01800,1,03,1","99,9,+99999,9,00,1","9,AGL   ,+99999,+99999","05,99,1,02,1,99,9,00780,1,99,9,99,9",,"99999,9,09460,1","9,9,999,9,+005,1",,"SYN07643063 22596 50901 10250 20155 39460 40078 82531 333 58005 6990/ 82626 83356=","Q01  00002PRCP21"
"43063099999","2025-04-02T03:00:00","4","18.5333333","73.85","558.0","PUNE, IN","FM-12","99999","V020","999,9,C,0000,1","99999,9,9,N","010000,1,9,9","+0262,1","+0166,1","10096,1","24,0000,9,1",,,,,"02,1,+00780,1,06,1","03,1,+06000,1,00,1","99,9,+99999,9,00,1","9,AGL   ,+99999,+99999","05,99,1,02,1,99,9,00780,1,99,9,99,9","240,N,+0232,1","99999,9,09481,1","9,9,999,9,+013,1",,"SYN09843063 22597 50000 10262 20166 39481 40096 82531 333 20232 58013 6990/ 82626 83070 555 00000 10000=","Q01  00002PRCP24"
"43063099999","2025-04-02T06:00:00","4","18.5333333","73.85","558.0","PUNE, IN","FM-12","99999","V020","090,1,N,0015,1","22000,1,9,N","010000,1,9,9","+0314,1","+0157,1","10091,1",,,,,,"01,1,+00780,1,06,1","03,1,+01800,1,03,1","99,9,+99999,9,00,1","9,AGL   ,+99999,+99999","04,99,1,01,1,99,9,00780,1,99,9,99,9",,"99999,9,09487,1","9,9,999,9,+009,1",,"SYN07043063 32597 40903 10314 20157 39487 40091 81531 333 58009 81626 83356=",
"43063099999","2025-04-02T09:00:00","4","18.5333333","73.85","558.0","PUNE, IN","FM-12","99999","V020","090,1,N,0015,1","22000,1,9,N","010000,1,9,9","+0340,1","+0159,1","10058,1",,,,,,"03,1,+06000,1,00,1",,,"9,AGL   ,+99999,+99999","03,99,1,03,1,99,9,06000,1,99,9,99,9",,"99999,9,09459,1","9,9,999,9,+006,1",,"SYN06443063 32997 30903 10340 20159 39459 40058 80001 333 58006 83070=",
"43063099999","2025-04-02T12:00:00","4","18.5333333","73.85","558.0","PUNE, IN","FM-12","99999","V020","090,1,N,0005,1","22000,1,9,N","010000,1,9,9","+0338,1","+0152,1","10043,1",,,,,,"02,1,+06000,1,00,1",,,"9,AGL   ,+99999,+99999","02,99,1,02,1,99,9,06000,1,99,9,99,9",,"99999,9,09445,1","9,9,999,9,+008,1",,"SYN07043063 32997 20901 10338 20152 39445 40043 80001 333 10351 58008 82070=",
"43063099999","2025-04-02T15:00:00","4","18.5333333","73.85","558.0","PUNE, IN","FM-12","99999","V020","270,1,N,0010,1","22000,1,9,9","004000,1,9,9","+0305,1","+0158,1","10077,1","99,9999,9,9",,,"0,1,99,9","0,1,99,9","01,1,+00780,1,06,1",,,"9,AGL   ,+99999,+99999","02,99,1,01,1,99,9,00780,1,99,9,99,9",,"99999,9,09472,1","9,9,999,9,+015,1",,"SYN004BUFR",
"43063099999","2025-04-02T18:00:00","4","18.5333333","73.85","558.0","PUNE, IN","FM-12","99999","V020","999,9,C,0000,1","99999,9,9,N","004000,1,9,9","+0252,1","+0130,1","10100,1",,,,,,,,,,,,"99999,9,09483,1","9,9,999,9,+003,1",,"SYN05243063 32996 00000 10252 20130 39483 40100 333 58003=",
"43063099999","2025-04-02T21:00:00","4","18.5333333","73.85","558.0","PUNE, IN","FM-12","99999","V020","999,9,C,0000,1","99999,9,9,N","004000,1,9,9","+0226,1","+0141,1","10101,1",,,,,,,,,,,,"99999,9,09478,1","9,9,999,9,+011,1",,"SYN05243063 32996 00000 10226 20141 39478 40101 333 58011=",
"43063099999","2025-04-03T00:00:00","4","18.5333333","73.85","558.0","PUNE, IN","FM-12","99999","V020","999,9,C,0000,1","99999,9,9,N","004000,1,9,9","+0214,1","+0163,1","10101,1",,,,,,,,,,,,"99999,9,09476,1","9,9,999,9,+016,1",,"SYN05243063 32996 00000 10214 20163 39476 40101 333 58016=",
"43063099999","2025-04-03T03:00:00","4","18.5333333","73.85","558.0","PUNE, IN","FM-12","99999","V020","230,1,N,0005,1","99999,9,9,N","010000,1,9,9","+0262,1","+0193,1","10124,1",,,,,,,,,,,"240,N,+0208,1","99999,9,09508,1","9,9,999,9,+027,1",,"SYN07443063 32997 02301 10262 20193 39508 40124 333 20208 58027 555 00000 10000=",
"43063099999","2025-04-03T06:00:00","4","18.5333333","73.85","558.0","PUNE, IN","FM-12","99999","V020","140,1,N,0010,1","99999,9,9,N","010000,1,9,9","+0332,1","+0156,1","10105,1",,,,,,,,,,,,"99999,9,09503,1","9,9,999,9,+016,1",,"SYN05243063 32997 01402 10332 20156 39503 40105 333 58016=",
"43063099999","2025-04-03T09:00:00","4","18.5333333","73.85","558.0","PUNE, IN","FM-12","99999","V020","140,1,N,0010,1","00840,1,C,N","010000,1,9,9","+0348,1","+0150,1","10072,1",,,,,,"02,1,+00780,1,06,1","04,1,+00840,1,08,1",,"9,AGL   ,+99999,+99999","05,99,1,02,1,99,9,00780,1,99,9,99,9",,"99999,9,09473,1","9,9,999,9,+014,1",,"SYN07043063 32597 51402 10348 20150 39473 40072 85800 333 58014 82626 84828=",
"43063099999","2025-04-03T12:00:00","4","18.5333333","73.85","558.0","PUNE, IN","FM-12","99999","V020","180,1,N,0015,1","00840,1,C,N","004000,1,9,9","+0210,2","+0192,1","10104,1","09,0060,3,1","9,1,02,1","6,1,02,1",,,"03,1,+00780,1,06,1","04,1,+00840,1,08,1","01,1,+00900,1,09,1","9,AGL   ,+99999,+99999","08,99,1,03,1,99,9,00780,1,99,9,99,9",,"99999,9,09476,1","9,9,999,9,+031,1","95,1","SYN09443063 21596 81803 10210 20192 39476 40104 79596 889// 333 10360 58031 6006/ 83626 84828 81930=",
"43063099999","2025-04-03T15:00:00","4","18.5333333","73.85","558.0","PUNE, IN","FM-12","99999","V020","999,9,C,0000,1","00780,1,C,N","004000,1,9,9","+0214,1","+0202,1","10125,1","12,0070,3,1","9,1,02,1","6,1,02,1",,,"06,1,+00780,1,06,1",,,"9,AGL   ,+99999,+99999","06,99,1,06,1,99,9,00780,1,99,9,99,9",,"99999,9,09498,1","9,9,999,9,+026,1","02,1","SYN07643063 32596 60000 10214 20202 39498 40125 70296 86500 333 58026 6007/ 86626=",
"43063099999","2025-04-03T18:00:00","4","18.5333333","73.85","558.0","PUNE, IN","FM-12","99999","V020","999,9,C,0000,1","00780,1,C,N","004000,1,9,9","+0218,1","+0206,1","10148,1","15,0070,3,1","9,1,02,1","6,1,02,1",,,"05,1,+00780,1,06,1",,,"9,AGL   ,+99999,+99999","05,99,1,05,1,99,9,00780,1,99,9,99,9",,"99999,9,09520,1","9,9,999,9,+037,1","02,1","SYN07643063 32596 50000 10218 20206 39520 40148 70296 85500 333 58037 6007/ 85626=",
"43063099999","2025-04-03T21:00:00","4","18.5333333","73.85","558.0","PUNE, IN","FM-12","99999","V020","999,9,C,0000,1","00780,1,C,N","004000,1,9,9","+0204,1","+0195,1","10136,1","18,0070,3,1",,,,,"05,1,+00780,1,06,1",,,"9,AGL   ,+99999,+99999","05,99,1,05,1,99,9,00780,1,99,9,99,9",,"99999,9,09507,1","9,9,999,9,+029,1",,"SYN07043063 22596 50000 10204 20195 39507 40136 85500 333 58029 6007/ 85626=",
"43063099999","2025-04-04T00:00:00","4","18.5333333","73.85","558.0","PUNE, IN","FM-12","99999","V020","999,9,C,0000,1","06000,1,C,N","004000,1,9,9","+0194,1","+0191,1","10142,1","21,0070,3,1",,,,,"02,1,+00780,1,06,1","04,1,+06000,1,00,1",,"9,AGL   ,+99999,+99999","05,99,1,02,1,99,9,00780,1,99,9,99,9",,"99999,9,09510,1","9,9,999,9,+034,1",,"SYN07643063 22596 50000 10194 20191 39510 40142 82501 333 58034 6007/ 82626 84070=",
"43063099999","2025-04-04T03:00:00","4","18.5333333","73.85","558.0","PUNE, IN","FM-12","99999","V020","140,1,N,0005,1","99999,9,9,N","010000,1,9,9","+0238,1","+0190,1","10145,1","24,0070,3,1",,,,,,,,,,"240,N,+0184,1","99999,9,09521,1","9,9,999,9,+013,1",,"SYN08043063 22997 01401 10238 20190 39521 40145 333 20184 58013 6007/ 555 00075 10007=",
"43063099999","2025-04-04T06:00:00","4","18.5333333","73.85","558.0","PUNE, IN","FM-12","99999","V020","180,1,N,0005,1","99999,9,9,N","010000,1,9,9","+0308,1","+0167,1","10127,1",,,,,,,,,,,,"99999,9,09518,1","9,9,999,9,+015,1",,"SYN05243063 32997 01801 10308 20167 39518 40127 333 58015=",
"43063099999","2025-04-04T09:00:00","4","18.5333333","73.85","558.0","PUNE, IN","FM-12","99999","V020","090,1,N,0005,1","22000,1,9,N","010000,1,9,9","+0352,1","+0134,1","10080,1",,,,,,"02,1,+00780,1,06,1","99,9,+99999,9,00,1",,"9,AGL   ,+99999,+99999","04,99,1,02,1,99,9,00780,1,99,9,99,9",,"99999,9,09484,1","9,9,999,9,+011,1",,"SYN06443063 32597 40901 10352 20134 39484 40080 83801 333 58011 82626=",
"43063099999","2025-04-04T12:00:00","4","18.5333333","73.85","558.0","PUNE, IN","FM-12","99999","V020","999,9,C,0000,1","99999,9,9,N","004000,1,9,9","+0332,1","+0160,1","10065,1",,"2,1,02,1","2,1,02,1",,,"03,1,+00780,1,06,1","01,1,+00900,1,09,1",,"9,AGL   ,+99999,+99999","07,99,1,03,1,99,9,00780,1,99,9,99,9",,"99999,9,09466,1","9,9,999,9,-010,1","17,1","SYN08243063 31596 70000 10332 20160 39466 40065 71722 86901 333 10362 59010 83626 81930=",
"43063099999","2025-04-04T15:00:00","4","18.5333333","73.85","558.0","PUNE, IN","FM-12","99999","V020","999,9,C,0000,1","22000,1,9,N","004000,1,9,9","+0254,1","+0152,1","10108,1",,"9,1,02,1","0,1,02,1",,,"01,1,+00780,1,06,1",,,"9,AGL   ,+99999,+99999","01,99,1,01,1,99,9,00780,1,99,9,99,9",,"99999,9,09490,1","9,9,999,9,-008,1","01,1","SYN07043063 31596 10000 10254 20152 39490 40108 70190 81500 333 59008 81626=",
"43063099999","2025-04-04T18:00:00","4","18.5333333","73.85","558.0","PUNE, IN","FM-12","99999","V020","999,9,C,0000,1","99999,9,9,N","004000,1,9,9","+0216,1","+9999,9","10129,1",,"9,1,02,1","0,1,02,1",,,,,,,,,"99999,9,09502,1","9,9,999,9,-018,1","00,1","SYN05243063 31996 00000 10216 39502 40129 70090 333 59018=",
"43063099999","2025-04-04T21:00:00","4","18.5333333","73.85","558.0","PUNE, IN","FM-12","99999","V020","999,9,C,0000,1","99999,9,9,N","004000,1,9,9","+0198,1","+0163,1","10115,1",,,,,,,,,,,,"99999,9,09485,1","9,9,999,9,-022,1",,"SYN05243063 32996 00000 10198 20163 39485 40115 333 59022=",
"43063099999","2025-04-05T00:00:00","4","18.5333333","73.85","558.0","PUNE, IN","FM-12","99999","V020","999,9,C,0000,1","99999,9,9,N","004000,1,9,9","+0198,1","+0163,1","10115,1",,,,,,,,,,,,"99999,9,09485,1","9,9,999,9,-022,1",,"SYN05243063 32996 00000 10198 20163 39485 40115 333 59022=",
"43063099999","2025-04-05T03:00:00","4","18.5333333","73.85","558.0","PUNE, IN","FM-12","99999","V020","999,9,C,0000,1","99999,9,9,N","010000,1,9,9","+0250,1","+0169,1","10129,1",,,,,,,,,,,"240,N,+0174,1","99999,9,09508,1","9,9,999,9,-013,1",,"SYN07443063 32997 00000 10250 20169 39508 40129 333 20174 59013 555 00000 10007=",
"43063099999","2025-04-05T06:00:00","4","18.5333333","73.85","558.0","PUNE, IN","FM-12","99999","V020","090,1,N,0005,1","99999,9,9,N","010000,1,9,9","+0350,1","+0111,1","10107,1",,,,,,,,,,,,"99999,9,09507,1","9,9,999,9,-011,1",,"SYN05243063 32997 00901 10350 20111 39507 40107 333 59011=",
"43063099999","2025-04-05T09:00:00","4","18.5333333","73.85","558.0","PUNE, IN","FM-12","99999","V020","090,1,N,0026,1","22000,1,9,N","010000,1,9,9","+0372,1","+0075,1","10066,1",,,,,,"01,1,+00800,1,06,1",,,"9,AGL   ,+99999,+99999","01,99,1,01,1,99,9,00800,1,99,9,99,9",,"99999,9,09475,1","9,9,009,1,+999,9",,"SYN06043063 32597 10905 10372 20075 39475 40066 59009 81500 81626=",
"43063099999","2025-04-05T12:00:00","4","18.5333333","73.85","558.0","PUNE, IN","FM-12","99999","V020","090,1,N,0021,1","22000,1,9,N","010000,1,9,9","+0362,1","+0061,1","10047,1",,,,,,"03,1,+00780,1,06,1",,,"9,AGL   ,+99999,+99999","03,99,1,03,1,99,9,00780,1,99,9,99,9",,"99999,9,09454,1","9,9,999,9,-012,1",,"SYN07043063 32597 30904 10362 20061 39454 40047 83500 333 10380 59012 83626=",
"43063099999","2025-04-05T15:00:00","4","18.5333333","73.85","558.0","PUNE, IN","FM-12","99999","V020","090,1,N,0005,1","99999,9,9,N","004000,1,9,9","+0278,1","+0118,1","10088,1",,,,,,,,,,,,"99999,9,09475,1","9,9,999,9,-015,1",,"SYN05243063 32996 00901 10278 20118 39475 40088 333 59015=",
"43063099999","2025-04-05T18:00:00","4","18.5333333","73.85","558.0","PUNE, IN","FM-12","99999","V020","999,9,C,0000,1","99999,9,9,N","004000,1,9,9","+0242,1","+0160,1","10102,1",,,,,,,,,,,,"99999,9,09483,1","9,9,999,9,-019,1",,"SYN05243063 32996 00000 10242 20160 39483 40102 333 59019=",
"43063099999","2025-04-05T21:00:00","4","18.5333333","73.85","558.0","PUNE, IN","FM-12","99999","V020","999,9,C,0000,1","99999,9,9,N","004000,1,9,9","+0210,1","+0148,1","10101,1",,,,,,,,,,,,"99999,9,09473,1","9,9,999,9,-012,1",,"SYN05243063 32996 00000 10210 20148 39473 40101 333 59012=",
"43063099999","2025-04-06T00:00:00","4","18.5333333","73.85","558.0","PUNE, IN","FM-12","99999","V020","999,9,C,0000,1","99999,9,9,N","004000,1,9,9","+0188,1","+0149,1","10107,1",,,,,,,,,,,,"99999,9,09475,1","9,9,999,9,-014,1",,"SYN05243063 32996 00000 10188 20149 39475 40107 333 59014=",
"43063099999","2025-04-06T03:00:00","4","18.5333333","73.85","558.0","PUNE, IN","FM-12","99999","V020","999,9,C,0000,1","99999,9,9,N","010000,1,9,9","+0254,1","+0152,1","10112,1",,,,,,,,,,,"240,N,+0176,1","99999,9,09494,1","9,9,999,9,-014,1",,"SYN07443063 32997 00000 10254 20152 39494 40112 333 20176 59014 555 00000 10007=",
"43063099999","2025-04-06T06:00:00","4","18.5333333","73.85","558.0","PUNE, IN","FM-12","99999","V020","090,1,N,0015,1","99999,9,9,N","010000,1,9,9","+0362,1","+0101,1","10087,1",,,,,,,,,,,,"99999,9,09491,1","9,9,999,9,-016,1",,"SYN05243063 32997 00903 10362 20101 39491 40087 333 59016=",
"43063099999","2025-04-06T09:00:00","4","18.5333333","73.85","558.0","PUNE, IN","FM-12","99999","V020","090,1,N,0015,1","99999,9,9,N","010000,1,9,9","+0388,1","+0028,1","10045,1",,,,,,,,,,,,"99999,9,09456,1","9,9,019,1,+999,9",,"SYN04843063 32997 00903 10388 20028 39456 40045 59019=",
"43063099999","2025-04-06T12:00:00","4","18.5333333","73.85","558.0","PUNE, IN","FM-12","99999","V020","090,1,N,0010,1","22000,1,9,N","010000,1,9,9","+0370,1","+0051,1","10038,1",,,,,,"03,1,+00780,1,06,1",,,"9,AGL   ,+99999,+99999","03,99,1,03,1,99,9,00780,1,99,9,99,9",,"99999,9,09446,1","9,9,999,9,-008,1",,"SYN07043063 32597 30902 10370 20051 39446 40038 83500 333 10392 59008 83626=",
"43063099999","2025-04-06T15:00:00","4","18.5333333","73.85","558.0","PUNE, IN","FM-12","99999","V020","270,1,N,0010,1","22000,1,9,N","004000,1,9,9","+0312,1","+0153,1","10073,1",,,,,,"01,1,+00780,1,06,1",,,"9,AGL   ,+99999,+99999","01,99,1,01,1,99,9,00780,1,99,9,99,9",,"99999,9,09470,1","9,9,999,9,-005,1",,"SYN06443063 32596 12702 10312 20153 39470 40073 81500 333 59005 81626=",
"43063099999","2025-04-06T18:00:00","4","18.5333333","73.85","558.0","PUNE, IN","FM-12","99999","V020","999,9,C,0000,1","99999,9,9,N","004000,1,9,9","+0252,1","+0150,1","10098,1",,,,,,,,,,,,"99999,9,09481,1","9,9,999,9,-002,1",,"SYN05243063 32996 00000 10252 20150 39481 40098 333 59002=",
"43063099999","2025-04-06T21:00:00","4","18.5333333","73.85","558.0","PUNE, IN","FM-12","99999","V020","999,9,C,0000,1","99999,9,9,N","004000,1,9,9","+0216,1","+0140,1","10094,1",,,,,,,,,,,,"99999,9,09469,1","9,9,999,9,-004,1",,"SYN05243063 32996 00000 10216 20140 39469 40094 333 59004=",
"43063099999","2025-04-07T00:00:00","4","18.5333333","73.85","558.0","PUNE, IN","FM-12","99999","V020","999,9,C,0000,1","99999,9,9,N","004000,1,9,9","+0198,1","+0142,1","10100,1",,,,,,,,,,,,"99999,9,09471,1","9,9,999,9,-004,1",,"SYN05243063 32996 00000 10198 20142 39471 40100 333 59004=",
"43063099999","2025-04-07T03:00:00","4","18.5333333","73.85","558.0","PUNE, IN","FM-12","99999","V020","999,9,C,0000,1","99999,9,9,N","010000,1,9,9","+0276,1","+0145,1","10107,1",,,,,,,,,,,"240,N,+0185,1","99999,9,09493,1","9,9,999,9,-001,1",,"SYN07443063 32997 00000 10276 20145 39493 40107 333 20185 59001 555 00000 10007=",
"43063099999","2025-04-07T06:00:00","4","18.5333333","73.85","558.0","PUNE, IN","FM-12","99999","V020","140,1,N,0005,1","99999,9,9,N","010000,1,9,9","+0376,1","+0051,1","10077,1",,,,,,,,,,,,"99999,9,09485,1","9,9,999,9,-006,1",,"SYN05243063 32997 01401 10376 20051 39485 40077 333 59006=",
"43063099999","2025-04-07T09:00:00","4","18.5333333","73.85","558.0","PUNE, IN","FM-12","99999","V020","180,1,N,0010,1","22000,1,9,N","010000,1,9,9","+0396,1","+0055,1","10038,1",,,,,,"02,1,+00780,1,06,1",,,"9,AGL   ,+99999,+99999","03,99,1,02,1,99,9,00780,1,99,9,99,9",,"99999,9,09451,1","9,9,999,9,-005,1",,"SYN06443063 32597 31802 10396 20055 39451 40038 83800 333 59005 82626=",
"43063099999","2025-04-07T12:00:00","4","18.5333333","73.85","558.0","PUNE, IN","FM-12","99999","V020","140,1,N,0010,1","22000,1,9,N","010000,1,9,9","+0380,1","+0073,1","10032,1",,,,,,"02,1,+00780,1,06,1",,,"9,AGL   ,+99999,+99999","03,99,1,02,1,99,9,00780,1,99,9,99,9",,"99999,9,09442,1","9,9,999,9,-004,1",,"SYN07043063 32597 31402 10380 20073 39442 40032 83800 333 10402 59004 82626=",
"43063099999","2025-04-07T15:00:00","4","18.5333333","73.85","558.0","PUNE, IN","FM-12","99999","V020","999,9,C,0000,1","22000,1,9,N","004000,1,9,9","+0312,1","+0157,1","10070,1",,,,,,"02,1,+00780,1,06,1",,,"9,AGL   ,+99999,+99999","02,99,1,02,1,99,9,00780,1,99,9,99,9",,"99999,9,09467,1","9,9,999,9,-003,1",,"SYN06443063 32596 20000 10312 20157 39467 40070 82500 333 59003 82626=",
"43063099999","2025-04-07T18:00:00","4","18.5333333","73.85","558.0","PUNE, IN","FM-12","99999","V020","999,9,C,0000,1","99999,9,9,N","004000,1,9,9","+0254,1","+0148,1","10097,1",,,,,,,,,,,,"99999,9,09480,1","9,9,999,9,-001,1",,"SYN05243063 32996 00000 10254 20148 39480 40097 333 59001=",
"43063099999","2025-04-07T21:00:00","4","18.5333333","73.85","558.0","PUNE, IN","FM-12","99999","V020","999,9,C,0000,1","00780,1,C,N","004000,1,9,9","+0240,1","+0139,1","10088,1",,,,,,"06,1,+00780,1,06,1",,,"9,AGL   ,+99999,+99999","06,99,1,06,1,99,9,00780,1,99,9,99,9",,"99999,9,09468,1","9,9,999,9,-001,1",,"SYN06443063 32596 60000 10240 20139 39468 40088 86500 333 59001 86626=",
"43063099999","2025-04-08T00:00:00","4","18.5333333","73.85","558.0","PUNE, IN","FM-12","99999","V020","999,9,C,0000,1","00780,1,C,N","004000,1,9,9","+0234,1","+0135,1","10092,1",,,,,,"05,1,+00780,1,06,1",,,"9,AGL   ,+99999,+99999","05,99,1,05,1,99,9,00780,1,99,9,99,9",,"99999,9,09471,1","9,9,999,9,+000,1",,"SYN06443063 32596 50000 10234 20135 39471 40092 85500 333 58000 85626=",
"43063099999","2025-04-08T03:00:00","4","18.5333333","73.85","558.0","PUNE, IN","FM-12","99999","V020","090,1,N,0015,1","22000,1,9,N","010000,1,9,9","+0290,1","+0155,1","10104,1",,,,,,"02,1,+00780,1,06,1",,,"9,AGL   ,+99999,+99999","02,99,1,02,1,99,9,00780,1,99,9,99,9","240,N,+0210,1","99999,9,09492,1","9,9,999,9,-001,1",,"SYN08643063 32597 20903 10290 20155 39492 40104 82500 333 20210 59001 82626 555 00000 10007=",
"43063099999","2025-04-08T06:00:00","4","18.5333333","73.85","558.0","PUNE, IN","FM-12","99999","V020","090,1,N,0026,1","99999,9,9,N","010000,1,9,9","+0372,1","+0049,1","10087,1",,,,,,,,,,,,"99999,9,09493,1","9,9,999,9,+008,1",,"SYN05243063 32997 00905 10372 20049 39493 40087 333 58008=",
"43063099999","2025-04-08T09:00:00","4","18.5333333","73.85","558.0","PUNE, IN","FM-12","99999","V020","090,1,N,0010,1","22000,1,9,N","010000,1,9,9","+0400,1","+0035,1","10054,1",,,,,,"02,1,+00780,1,06,1","99,9,+99999,9,00,1",,"9,AGL   ,+99999,+99999","04,99,1,02,1,99,9,00780,1,99,9,99,9",,"99999,9,09467,1","9,9,999,9,+016,1",,"SYN06443063 32597 40902 10400 20035 39467 40054 83801 333 58016 82626=",
"43063099999","2025-04-08T12:00:00","4","18.5333333","73.85","558.0","PUNE, IN","FM-12","99999","V020","090,1,N,0015,1","22000,1,9,N","010000,1,9,9","+0390,1","+0017,1","10038,1",,,,,,"03,1,+00780,1,06,1","99,9,+99999,9,00,1",,"9,AGL   ,+99999,+99999","04,99,1,03,1,99,9,00780,1,99,9,99,9",,"99999,9,09451,1","9,9,999,9,+009,1",,"SYN07043063 32597 40903 10390 20017 39451 40038 83501 333 10413 58009 83626=",
"43063099999","2025-04-08T15:00:00","4","18.5333333","73.85","558.0","PUNE, IN","FM-12","99999","V020","270,1,N,0021,1","22000,1,9,N","004000,1,9,9","+0326,1","+0175,2","10074,1",,,,,,"01,1,+00780,1,06,1",,,"9,AGL   ,+99999,+99999","01,99,1,01,1,99,9,00780,1,99,9,99,9",,"99999,9,09472,1","9,9,999,9,+005,1",,"SYN06443063 32596 12704 10326 20175 39472 40074 81500 333 58005 81626=",
"43063099999","2025-04-08T18:00:00","4","18.5333333","73.85","558.0","PUNE, IN","FM-12","99999","V020","270,1,N,0005,1","22000,1,9,N","004000,1,9,9","+0270,1","+0164,1","10091,1",,,,,,"02,1,+00780,1,06,1",,,"9,AGL   ,+99999,+99999","02,99,1,02,1,99,9,00780,1,99,9,99,9",,"99999,9,09476,1","9,9,999,9,-004,1",,"SYN06443063 32596 22701 10270 20164 39476 40091 82500 333 59004 82626=",
"43063099999","2025-04-08T21:00:00","4","18.5333333","73.85","558.0","PUNE, IN","FM-12","99999","V020","999,9,C,0000,1","22000,1,9,N","004000,1,9,9","+0264,1","+0157,1","10081,1",,,,,,"03,1,+00780,1,06,1","99,9,+99999,9,03,1",,"9,AGL   ,+99999,+99999","04,99,1,03,1,99,9,00780,1,99,9,99,9",,"99999,9,09468,1","9,9,999,9,+000,1",,"SYN06443063 32596 40000 10264 20157 39468 40081 83530 333 58000 83626=",
"43063099999","2025-04-09T00:00:00","4","18.5333333","73.85","558.0","PUNE, IN","FM-12","99999","V020","270,1,N,0015,1","22000,1,9,N","004000,1,9,9","+0254,1","+0191,1","10094,1",,,,,,"02,1,+00780,1,06,1",,,"9,AGL   ,+99999,+99999","02,99,1,02,1,99,9,00780,1,99,9,99,9",,"99999,9,09477,1","9,9,999,9,+006,1",,"SYN06443063 32596 22703 10254 20191 39477 40094 82500 333 58006 82626=",
"43063099999","2025-04-09T03:00:00","4","18.5333333","73.85","558.0","PUNE, IN","FM-12","99999","V020","270,1,N,0021,1","99999,9,9,N","010000,1,9,9","+0280,1","+0194,1","10114,1",,,,,,,,,,,"240,N,+0246,1","99999,9,09500,1","9,9,999,9,+008,1",,"SYN07443063 32997 02704 10280 20194 39500 40114 333 20246 58008 555 00000 10007=",
"43063099999","2025-04-09T06:00:00","4","18.5333333","73.85","558.0","PUNE, IN","FM-12","99999","V020","270,1,N,0005,1","99999,9,9,N","010000,1,9,9","+0360,1","+0123,1","10084,1",,,,,,,,,,,,"99999,9,09488,1","9,9,999,9,-004,1",,"SYN05243063 32997 02701 10360 20123 39488 40084 333 59004=",
"43063099999","2025-04-09T09:00:00","4","18.5333333","73.85","558.0","PUNE, IN","FM-12","99999","V020","090,1,N,0015,1","99999,9,9,N","010000,1,9,9","+0390,1","+0114,1","10041,1",,,,,,,,,,,,"99999,9,09452,1","9,9,999,9,-015,1",,"SYN05243063 32997 00903 10390 20114 39452 40041 333 59015=",
"43063099999","2025-04-09T12:00:00","4","18.5333333","73.85","558.0","PUNE, IN","FM-12","99999","V020","270,1,N,0005,1","22000,1,9,N","010000,1,9,9","+0388,1","+0116,1","10021,1",,,,,,"01,1,+00780,1,06,1","99,9,+99999,9,03,1",,"9,AGL   ,+99999,+99999","02,99,1,01,1,99,9,00780,1,99,9,99,9",,"99999,9,09434,1","9,9,999,9,-017,1",,"SYN07043063 32597 22701 10388 20116 39434 40021 81530 333 10407 59017 81626=",
"43063099999","2025-04-09T15:00:00","4","18.5333333","73.85","558.0","PUNE, IN","FM-12","99999","V020","270,1,N,0031,1","99999,9,9,N","004000,1,9,9","+0318,1","+0198,1","10058,1",,,,,,,,,,,,"99999,9,09455,1","9,9,999,9,-017,1",,"SYN05243063 32996 02706 10318 20198 39455 40058 333 59017=",
"43063099999","2025-04-09T18:00:00","4","18.5333333","73.85","558.0","PUNE, IN","FM-12","99999","V020","270,1,N,0015,1","22000,1,9,9","004000,1,9,9","+0295,1","+0193,1","10069,1","99,9999,9,9",,,"0,1,99,9","0,1,99,9","02,1,+00780,1,06,1",,,"9,AGL   ,+99999,+99999","02,99,1,02,1,99,9,00780,1,99,9,99,9",,"99999,9,09462,1","9,9,999,9,-012,1",,"SYN004BUFR",
"43063099999","2025-04-09T21:00:00","4","18.5333333","73.85","558.0","PUNE, IN","FM-12","99999","V020","270,1,N,0026,1","01800,1,C,N","004000,1,9,9","+0280,1","+0183,1","10063,1",,,,,,"02,1,+00780,1,06,1","03,1,+01800,1,03,1",,"9,AGL   ,+99999,+99999","05,99,1,02,1,99,9,00780,1,99,9,99,9",,"99999,9,09452,1","9,9,999,9,-016,1",,"SYN07043063 32996 52705 10280 20183 39452 40063 82530 333 59016 82626 83356=",
"43063099999","2025-04-10T00:00:00","4","18.5333333","73.85","558.0","PUNE, IN","FM-12","99999","V020","270,1,N,0015,1","22000,1,9,N","004000,1,9,9","+0256,1","+0212,1","10076,1",,,,,,"03,1,+00780,1,06,1",,,"9,AGL   ,+99999,+99999","03,99,1,03,1,99,9,00780,1,99,9,99,9",,"99999,9,09460,1","9,9,999,9,-017,1",,"SYN06443063 32596 32703 10256 20212 39460 40076 83500 333 59017 83626=",
"43063099999","2025-04-10T03:00:00","4","18.5333333","73.85","558.0","PUNE, IN","FM-12","99999","V020","270,1,N,0010,1","22000,1,9,N","010000,1,9,9","+0274,1","+0194,1","10085,1",,,,,,"01,1,+00780,1,06,1","99,9,+99999,9,03,1",,"9,AGL   ,+99999,+99999","02,99,1,01,1,99,9,00780,1,99,9,99,9","240,N,+0249,1","99999,9,09475,1","9,9,999,9,-025,1",,"SYN08643063 32597 22702 10274 20194 39475 40085 81530 333 20249 59025 81626 555 00000 10007=",
"43063099999","2025-04-10T06:00:00","4","18.5333333","73.85","558.0","PUNE, IN","FM-12","99999","V020","270,1,N,0005,1","99999,9,9,N","010000,1,9,9","+0330,1","+0153,1","10067,1",,,,,,,,,,,,"99999,9,09466,1","9,9,999,9,-022,1",,"SYN05243063 32997 02701 10330 20153 39466 40067 333 59022=",
"43063099999","2025-04-10T09:00:00","4","18.5333333","73.85","558.0","PUNE, IN","FM-12","99999","V020","270,1,N,0010,1","22000,1,9,N","010000,1,9,9","+0384,1","+0103,1","10021,1",,"0,1,02,1","0,1,02,1",,,"01,1,+00780,1,06,1",,,"9,AGL   ,+99999,+99999","02,99,1,01,1,99,9,00780,1,99,9,99,9",,"99999,9,09433,1","9,9,999,9,-019,1","28,1","SYN06443063 32597 22702 10384 20103 39433 40021 72800 333 59019 81626=",
"43063099999","2025-04-10T12:00:00","4","18.5333333","73.85","558.0","PUNE, IN","FM-12","99999","V020","230,1,N,0015,1","00840,1,C,N","010000,1,9,9","+0360,1","+0150,1","10016,1",,"2,1,02,1","2,1,02,1",,,"02,1,+00780,1,06,1","03,1,+00840,1,08,1","01,1,+00900,1,09,1","9,AGL   ,+99999,+99999","05,99,1,02,1,99,9,00780,1,99,9,99,9",,"99999,9,09423,1","9,9,999,9,-011,1","17,1","SYN08843063 32597 52303 10360 20150 39423 40016 71722 85900 333 10397 59011 82626 83828 81930=",
"43063099999","2025-04-10T15:00:00","4","18.5333333","73.85","558.0","PUNE, IN","FM-12","99999","V020","270,1,N,0010,1","22000,1,9,N","004000,1,9,9","+0292,1","+0211,1","10040,1",,,,,,"01,1,+00780,1,06,1",,,"9,AGL   ,+99999,+99999","01,99,1,01,1,99,9,00780,1,99,9,99,9",,"99999,9,09440,1","9,9,999,9,-015,1",,"SYN05843063 32596 12702 10292 20211 39440 40040 333 59015 81626=",
"43063099999","2025-04-10T18:00:00","4","18.5333333","73.85","558.0","PUNE, IN","FM-12","99999","V020","270,1,N,0021,1","99999,9,9,N","004000,1,9,9","+0264,1","+0211,1","10070,1",,,,,,,,,,,,"99999,9,09457,1","9,9,999,9,-005,1",,"SYN05243063 32996 02704 10264 20211 39457 40070 333 59005=",
"43063099999","2025-04-10T21:00:00","4","18.5333333","73.85","558.0","PUNE, IN","FM-12","99999","V020","270,1,N,0010,1","99999,9,9,N","004000,1,9,9","+0250,1","+0190,1","10065,1",,,,,,,,,,,,"99999,9,09448,1","9,9,999,9,-004,1",,"SYN05243063 32996 02702 10250 20190 39448 40065 333 59004=",
"43063099999","2025-04-11T00:00:00","4","18.5333333","73.85","558.0","PUNE, IN","FM-12","99999","V020","270,1,N,0015,1","01800,1,C,N","004000,1,9,9","+0242,1","+0191,1","10064,1",,,,,,"03,1,+00780,1,06,1","05,1,+01800,1,03,1",,"9,AGL   ,+99999,+99999","06,99,1,03,1,99,9,00780,1,99,9,99,9",,"99999,9,09447,1","9,9,999,9,-013,1",,"SYN07043063 32596 62703 10242 20191 39447 40064 83530 333 59013 83626 85356=",
"43063099999","2025-04-11T03:00:00","4","18.5333333","73.85","558.0","PUNE, IN","FM-12","99999","V020","270,1,N,0010,1","01800,1,C,N","010000,1,9,9","+0270,1","+0161,1","10082,1",,,,,,"03,1,+00780,1,06,1","04,1,+01800,1,03,1",,"9,AGL   ,+99999,+99999","07,99,1,03,1,99,9,00780,1,99,9,99,9","240,N,+0238,1","99999,9,09469,1","9,9,999,9,-006,1",,"SYN07643063 32597 72702 10270 20161 39469 40082 83530 333 20238 59006 83626 84356=",
"43063099999","2025-04-11T06:00:00","4","18.5333333","73.85","558.0","PUNE, IN","FM-12","99999","V020","270,1,N,0021,1","99999,9,9,N","010000,1,9,9","+0328,1","+0120,1","10067,1",,,,,,,,,,,,"99999,9,09466,1","9,9,999,9,+000,1",,"SYN05243063 32997 02704 10328 20120 39466 40067 333 58000=",
"43063099999","2025-04-11T09:00:00","4","18.5333333","73.85","558.0","PUNE, IN","FM-12","99999","V020","270,1,N,0015,1","99999,9,9,N","010000,1,9,9","+0374,1","+0079,1","10028,1",,,,,,"01,1,+00780,1,06,1","04,1,+01800,1,03,1",,"9,AGL   ,+99999,+99999","05,99,1,01,1,99,9,00780,1,99,9,99,9",,"99999,9,09438,1","9,9,999,9,+005,1",,"SYN07043063 32597 52703 10374 20079 39438 40028 81530 333 58005 81626 84356=",
"43063099999","2025-04-11T12:00:00","4","18.5333333","73.85","558.0","PUNE, IN","FM-12","99999","V020","290,1,N,0015,1","99999,9,9,N","010000,1,9,9","+0352,1","+0094,1","10021,1",,,,,,"01,1,+00780,1,06,1","04,1,+01800,1,03,1",,"9,AGL   ,+99999,+99999","05,99,1,01,1,99,9,00780,1,99,9,99,9",,"99999,9,09428,1","9,9,999,9,+005,1",,"SYN07643063 32597 52903 10352 20094 39428 40021 82830 333 10381 58005 81626 84356=",
"43063099999","2025-04-11T15:00:00","4","18.5333333","73.85","558.0","PUNE, IN","FM-12","99999","V020","270,1,N,0031,1","22000,1,9,N","004000,1,9,9","+0290,1","+0192,1","10057,1",,,,,,"02,1,+00780,1,06,1",,,"9,AGL   ,+99999,+99999","02,99,1,02,1,99,9,00780,1,99,9,99,9",,"99999,9,09449,1","9,9,999,9,+009,1",,"SYN06443063 32596 22706 10290 20192 39449 40057 82500 333 58009 82626=",
"43063099999","2025-04-11T18:00:00","4","18.5333333","73.85","558.0","PUNE, IN","FM-12","99999","V020","270,1,N,0021,1","22000,1,9,N","004000,1,9,9","+0262,1","+0190,1","10079,1",,,,,,"02,1,+00780,1,06,1",,,"9,AGL   ,+99999,+99999","02,99,1,02,1,99,9,00780,1,99,9,99,9",,"99999,9,09466,1","9,9,999,9,+009,1",,"SYN06443063 32596 22704 10262 20190 39466 40079 82500 333 58009 82626=",
"43063099999","2025-04-11T21:00:00","4","18.5333333","73.85","558.0","PUNE, IN","FM-12","99999","V020","270,1,N,0015,1","22000,1,9,N","004000,1,9,9","+0248,1","+0163,1","10070,1",,,,,,"03,1,+00780,1,06,1",,,"9,AGL   ,+99999,+99999","03,99,1,03,1,99,9,00780,1,99,9,99,9",,"99999,9,09452,1","9,9,999,9,+004,1",,"SYN06443063 32596 32703 10248 20163 39452 40070 83500 333 58004 83626=",
"43063099999","2025-04-12T00:00:00","4","18.5333333","73.85","558.0","PUNE, IN","FM-12","99999","V020","270,1,N,0015,1","22000,1,9,N","004000,1,9,9","+0232,1","+0116,1","10080,1",,,,,,"03,1,+00780,1,06,1",,,"9,AGL   ,+99999,+99999","03,99,1,03,1,99,9,00780,1,99,9,99,9",,"99999,9,09460,1","9,9,999,9,+013,1",,"SYN06443063 32596 32703 10232 20116 39460 40080 83500 333 58013 83626=",
"43063099999","2025-04-12T03:00:00","4","18.5333333","73.85","558.0","PUNE, IN","FM-12","99999","V020","270,1,N,0031,1","99999,9,9,N","010000,1,9,9","+0260,1","+0170,1","10095,1",,,,,,,,,,,"240,N,+0217,1","99999,9,09478,1","9,9,999,9,+009,1",,"SYN07443063 32997 02706 10260 20170 39478 40095 333 20217 58009 555 00000 10007=",
"43063099999","2025-04-12T06:00:00","4","18.5333333","73.85","558.0","PUNE, IN","FM-12","99999","V020","270,1,N,0021,1","99999,9,9,N","010000,1,9,9","+0352,1","+0120,1","10069,1",,,,,,,,,,,,"99999,9,09473,1","9,9,999,9,+007,1",,"SYN05243063 32997 02704 10352 20120 39473 40069 333 58007=",
"43063099999","2025-04-12T09:00:00","4","18.5333333","73.85","558.0","PUNE, IN","FM-12","99999","V020","270,1,N,0026,1","22000,1,9,N","010000,1,9,9","+0370,1","+0130,1","10047,1",,,,,,"01,1,+00780,1,06,1","99,9,+99999,9,00,1",,"9,AGL   ,+99999,+99999","02,99,1,01,1,99,9,00780,1,99,9,99,9",,"99999,9,09454,1","9,9,999,9,+016,1",,"SYN06443063 32597 22705 10370 20130 39454 40047 81501 333 58016 81626=",
"43063099999","2025-04-12T12:00:00","4","18.5333333","73.85","558.0","PUNE, IN","FM-12","99999","V020","270,1,N,0041,1","22000,1,9,N","010000,1,9,9","+0348,1","+0127,1","10047,1",,,,,,"01,1,+00780,1,06,1","99,9,+99999,9,00,1",,"9,AGL   ,+99999,+99999","02,99,1,01,1,99,9,00780,1,99,9,99,9",,"99999,9,09450,1","9,9,999,9,+022,1",,"SYN07043063 32597 22708 10348 20127 39450 40047 81501 333 10377 58022 81626=",
"43063099999","2025-04-12T15:00:00","4","18.5333333","73.85","558.0","PUNE, IN","FM-12","99999","V020","270,1,N,0026,1","99999,9,9,N","004000,1,9,9","+0282,1","+0164,1","10084,1",,,,,,,,,,,,"99999,9,09473,1","9,9,999,9,+024,1",,"SYN05243063 32996 02705 10282 20164 39473 40084 333 58024=",
"43063099999","2025-04-12T18:00:00","4","18.5333333","73.85","558.0","PUNE, IN","FM-12","99999","V020","270,1,N,0010,1","99999,9,9,N","004000,1,9,9","+0246,1","+0168,1","10099,1",,,,,,,,,,,,"99999,9,09480,1","9,9,999,9,+014,1",,"SYN05243063 32996 02702 10246 20168 39480 40099 333 58014=",
"43063099999","2025-04-12T21:00:00","4","18.5333333","73.85","558.0","PUNE, IN","FM-12","99999","V020","270,1,N,0021,1","99999,9,9,N","004000,1,9,9","+0230,1","+0194,1","10092,1",,,,,,,,,,,,"99999,9,09470,1","9,9,999,9,+018,1",,"SYN05243063 32996 02704 10230 20194 39470 40092 333 58018=",
"43063099999","2025-04-13T00:00:00","4","18.5333333","73.85","558.0","PUNE, IN","FM-12","99999","V020","270,1,N,0021,1","99999,9,9,N","004000,1,9,9","+0220,1","+0193,1","10101,1",,,,,,,,,,,,"99999,9,09476,1","9,9,999,9,+016,1",,"SYN05243063 32996 02704 10220 20193 39476 40101 333 58016=",
"43063099999","2025-04-13T03:00:00","4","18.5333333","73.85","558.0","PUNE, IN","FM-12","99999","V020","270,1,N,0005,1","99999,9,9,N","010000,1,9,9","+0258,1","+0175,1","10116,1",,,,,,,,,,,"240,N,+0214,1","99999,9,09498,1","9,9,999,9,+020,1",,"SYN05843063 32997 02701 10258 20175 39498 40116 333 20214 58020=",
"43063099999","2025-04-13T06:00:00","4","18.5333333","73.85","558.0","PUNE, IN","FM-12","99999","V020","090,1,N,0010,1","99999,9,9,N","010000,1,9,9","+0350,1","+0112,1","10096,1",,,,,,,,,,,,"99999,9,09496,1","9,9,999,9,+023,1",,"SYN05243063 32997 00902 10350 20112 39496 40096 333 58023=",
"43063099999","2025-04-13T09:00:00","4","18.5333333","73.85","558.0","PUNE, IN","FM-12","99999","V020","270,1,N,0021,1","22000,1,9,N","010000,1,9,9","+0378,1","+0103,1","10055,1",,,,,,"03,1,+00780,1,06,1",,,"9,AGL   ,+99999,+99999","04,99,1,03,1,99,9,00780,1,99,9,99,9",,"99999,9,09464,1","9,9,999,9,+010,1",,"SYN06443063 32597 42704 10378 20103 39464 40055 84800 333 58010 83626=",
"43063099999","2025-04-13T12:00:00","4","18.5333333","73.85","558.0","PUNE, IN","FM-12","99999","V020","270,1,N,0021,1","99999,9,9,N","010000,1,9,9","+0326,1","+0107,1","10058,1",,,,,,"04,1,+00780,1,06,1","99,9,+99999,9,03,1",,"9,AGL   ,+99999,+99999","06,99,1,04,1,99,9,00780,1,99,9,99,9",,"99999,9,09457,1","9,9,999,9,+007,1",,"SYN07043063 32597 62704 10326 20107 39457 40058 85830 333 10385 58007 84626=",
"43063099999","2025-04-13T15:00:00","4","18.5333333","73.85","558.0","PUNE, IN","FM-12","99999","V020","999,9,C,0000,1","22000,1,9,N","004000,1,9,9","+0276,1","+0116,1","10091,1",,"9,1,02,1","2,1,02,1",,,"03,1,+00780,1,06,1",,,"9,AGL   ,+99999,+99999","03,99,1,03,1,99,9,00780,1,99,9,99,9",,"99999,9,09479,1","9,9,999,9,+006,1","02,1","SYN07043063 31596 30000 10276 20116 39479 40091 70292 83500 333 58006 83626=",
"43063099999","2025-04-13T18:00:00","4","18.5333333","73.85","558.0","PUNE, IN","FM-12","99999","V020","270,1,N,0005,1","22000,1,9,N","004000,1,9,9","+0238,1","+0128,1","10105,1",,"9,1,02,1","2,1,02,1",,,"02,1,+00780,1,06,1",,,"9,AGL   ,+99999,+99999","02,99,1,02,1,99,9,00780,1,99,9,99,9",,"99999,9,09484,1","9,9,999,9,+004,1","02,1","SYN07043063 31596 22701 10238 20128 39484 40105 70292 82500 333 58004 82626=",
"43063099999","2025-04-13T21:00:00","4","18.5333333","73.85","558.0","PUNE, IN","FM-12","99999","V020","999,9,C,0000,1","99999,9,9,N","004000,1,9,9","+0216,1","+0133,1","10093,1",,,,,,,,,,,,"99999,9,09469,1","9,9,999,9,-001,1",,"SYN05243063 32996 00000 10216 20133 39469 40093 333 59001=",
"43063099999","2025-04-14T00:00:00","4","18.5333333","73.85","558.0","PUNE, IN","FM-12","99999","V020","999,9,C,0000,1","99999,9,9,N","004000,1,9,9","+0190,1","+0129,1","10104,1",,,,,,,,,,,,"99999,9,09472,1","9,9,999,9,-004,1",,"SYN05243063 32996 00000 10190 20129 39472 40104 333 59004=",
"43063099999","2025-04-14T03:00:00","4","18.5333333","73.85","558.0","PUNE, IN","FM-12","99999","V020","270,1,N,0005,1","99999,9,9,N","010000,1,9,9","+0290,1","+0151,1","10101,1",,,,,,,,,,,"240,N,+0183,1","99999,9,09490,1","9,9,999,9,-008,1",,"SYN07443063 32997 02701 10290 20151 39490 40101 333 20183 59008 555 00000 10007=",
"43063099999","2025-04-14T06:00:00","4","18.5333333","73.85","558.0","PUNE, IN","FM-12","99999","V020","270,1,N,0010,1","99999,9,9,N","010000,1,9,9","+0360,1","+0081,1","10081,1",,,,,,,,,,,,"99999,9,09485,1","9,9,999,9,-011,1",,"SYN05243063 32997 02702 10360 20081 39485 40081 333 59011=",
"43063099999","2025-04-14T09:00:00","4","18.5333333","73.85","558.0","PUNE, IN","FM-12","99999","V020","270,1,N,0015,1","22000,1,9,N","010000,1,9,9","+0384,1","+0034,1","10044,1",,,,,,"01,1,+00780,1,06,1",,,"9,AGL   ,+99999,+99999","01,99,1,01,1,99,9,00780,1,99,9,99,9",,"99999,9,09455,1","9,9,999,9,-009,1",,"SYN06443063 32597 12703 10384 20034 39455 40044 81500 333 59009 81626=",
"43063099999","2025-04-14T12:00:00","4","18.5333333","73.85","558.0","PUNE, IN","FM-12","99999","V020","270,1,N,0021,1","99999,9,9,N","010000,1,9,9","+0370,1","+0051,1","10035,1",,,,,,,,,,,,"99999,9,09443,1","9,9,999,9,-014,1",,"SYN05843063 32997 02704 10370 20051 39443 40035 333 10392 59014=",
"43063099999","2025-04-14T15:00:00","4","18.5333333","73.85","558.0","PUNE, IN","FM-12","99999","V020","270,1,N,0010,1","99999,9,9,N","004000,1,9,9","+0320,1","+0097,1","10064,1",,,,,,,,,,,,"99999,9,09462,1","9,9,999,9,-017,1",,"SYN05243063 32996 02702 10320 20097 39462 40064 333 59017=",
"43063099999","2025-04-14T18:00:00","4","18.5333333","73.85","558.0","PUNE, IN","FM-12","99999","V020","270,1,N,0005,1","99999,9,9,N","004000,1,9,9","+0270,1","+0078,1","10087,1",,,,,,,,,,,,"99999,9,09473,1","9,9,999,9,-011,1",,"SYN05243063 32996 02701 10270 20078 39473 40087 333 59011=",
"43063099999","2025-04-14T21:00:00","4","18.5333333","73.85","558.0","PUNE, IN","FM-12","99999","V020","999,9,C,0000,1","99999,9,9,N","004000,1,9,9","+0224,1","+0092,1","10084,1",,,,,,,,,,,,"99999,9,09462,1","9,9,999,9,-007,1",,"SYN05243063 32996 00000 10224 20092 39462 40084 333 59007=",
"43063099999","2025-04-15T00:00:00","4","18.5333333","73.85","558.0","PUNE, IN","FM-12","99999","V020","999,9,C,0000,1","99999,9,9,N","004000,1,9,9","+0212,1","+0094,1","10085,1",,,,,,,,,,,,"99999,9,09461,1","9,9,999,9,-011,1",,"SYN05243063 32996 00000 10212 20094 39461 40085 333 59011=",
"43063099999","2025-04-15T03:00:00","4","18.5333333","73.85","558.0","PUNE, IN","FM-12","99999","V020","999,9,C,0000,1","99999,9,9,N","010000,1,9,9","+0304,1","+0129,1","10084,1",,,,,,,,,,,"240,N,+0196,1","99999,9,09478,1","9,9,999,9,-012,1",,"SYN07443063 32997 00000 10304 20129 39478 40084 333 20196 59012 555 00000 10007=",
"43063099999","2025-04-15T06:00:00","4","18.5333333","73.85","558.0","PUNE, IN","FM-12","99999","V020","290,1,N,0015,1","99999,9,9,N","010000,1,9,9","+0372,1","+0056,1","10068,1",,,,,,,,,,,,"99999,9,09476,1","9,9,999,9,-009,1",,"SYN05243063 32997 02903 10372 20056 39476 40068 333 59009=",
"43063099999","2025-04-15T09:00:00","4","18.5333333","73.85","558.0","PUNE, IN","FM-12","99999","V020","250,1,N,0026,1","22000,1,9,N","010000,1,9,9","+0404,1","+0030,1","10029,1",,,,,,"01,1,+00780,1,06,1",,,"9,AGL   ,+99999,+99999","02,99,1,01,1,99,9,00780,1,99,9,99,9",,"99999,9,09445,1","9,9,999,9,-010,1",,"SYN06443063 32597 22505 10404 20030 39445 40029 82800 333 59010 81626=",
"43063099999","2025-04-15T12:00:00","4","18.5333333","73.85","558.0","PUNE, IN","FM-12","99999","V020","270,1,N,0021,1","22000,1,9,N","010000,1,9,9","+0372,1","+0062,1","10025,1",,,,,,"01,1,+00780,1,06,1",,,"9,AGL   ,+99999,+99999","02,99,1,01,1,99,9,00780,1,99,9,99,9",,"99999,9,09435,1","9,9,999,9,-008,1",,"SYN07043063 32597 22704 10372 20062 39435 40025 82800 333 10408 59008 81626=",
"43063099999","2025-04-15T15:00:00","4","18.5333333","73.85","558.0","PUNE, IN","FM-12","99999","V020","270,1,N,0015,1","22000,1,9,N","004000,1,9,9","+0316,1","+0150,1","10064,1",,,,,,"02,1,+00780,1,06,1",,,"9,AGL   ,+99999,+99999","02,99,1,02,1,99,9,00780,1,99,9,99,9",,"99999,9,09461,1","9,9,999,9,-001,1",,"SYN06443063 32596 22703 10316 20150 39461 40064 82500 333 59001 82626=",
"43063099999","2025-04-15T18:00:00","4","18.5333333","73.85","558.0","PUNE, IN","FM-12","99999","V020","270,1,N,0010,1","99999,9,9,N","004000,1,9,9","+0274,1","+0108,1","10079,1",,,,,,,,,,,,"99999,9,09468,1","9,9,999,9,-005,1",,"SYN05243063 32996 02702 10274 20108 39468 40079 333 59005=",
"43063099999","2025-04-15T21:00:00","4","18.5333333","73.85","558.0","PUNE, IN","FM-12","99999","V020","999,9,C,0000,1","22000,1,9,N","004000,1,9,9","+0240,1","+0105,1","10074,1",,,,,,"02,1,+00780,1,06,1",,,"9,AGL   ,+99999,+99999","02,99,1,02,1,99,9,00780,1,99,9,99,9",,"99999,9,09454,1","9,9,999,9,-008,1",,"SYN06443063 32596 20000 10240 20105 39454 40074 82500 333 59008 82626=",
"43063099999","2025-04-16T00:00:00","4","18.5333333","73.85","558.0","PUNE, IN","FM-12","99999","V020","999,9,C,0000,1","22000,1,9,N","004000,1,9,9","+0204,1","+0101,1","10084,1",,,,,,"03,1,+00780,1,06,1",,,"9,AGL   ,+99999,+99999","03,99,1,03,1,99,9,00780,1,99,9,99,9",,"99999,9,09458,1","9,9,999,9,-003,1",,"SYN06443063 32596 30000 10204 20101 39458 40084 83500 333 59003 83626=",
"43063099999","2025-04-16T03:00:00","4","18.5333333","73.85","558.0","PUNE, IN","FM-12","99999","V020","999,9,C,0000,1","99999,9,9,N","010000,1,9,9","+0292,1","+0121,1","10080,1",,,,,,,,,,,"240,N,+0193,1","99999,9,09471,1","9,9,999,9,-007,1",,"SYN07443063 32997 00000 10292 20121 39471 40080 333 20193 59007 555 00000 10007=",
"43063099999","2025-04-16T06:00:00","4","18.5333333","73.85","558.0","PUNE, IN","FM-12","99999","V020","290,1,N,0015,1","99999,9,9,N","010000,1,9,9","+0380,1","+0101,1","10061,1",,,,,,,,,,,,"99999,9,09470,1","9,9,999,9,-006,1",,"SYN05243063 32997 02903 10380 20101 39470 40061 333 59006=",
"43063099999","2025-04-16T09:00:00","4","18.5333333","73.85","558.0","PUNE, IN","FM-12","99999","V020","270,1,N,0031,1","22000,1,9,N","010000,1,9,9","+0408,1","+0098,1","10031,1",,,,,,"03,1,+00780,1,06,1",,,"9,AGL   ,+99999,+99999","04,99,1,03,1,99,9,00780,1,99,9,99,9",,"99999,9,09447,1","9,9,999,9,+002,1",,"SYN06443063 32597 42706 10408 20098 39447 40031 84800 333 58002 83626=",
"43063099999","2025-04-16T12:00:00","4","18.5333333","73.85","558.0","PUNE, IN","FM-12","99999","V020","270,1,N,0041,1","22000,1,9,N","010000,1,9,9","+0372,1","+0151,1","10030,1",,,,,,"01,1,+00780,1,06,1","99,9,+99999,9,00,1",,"9,AGL   ,+99999,+99999","02,99,1,01,1,99,9,00780,1,99,9,99,9",,"99999,9,09440,1","9,9,999,9,+005,1",,"SYN07043063 32597 22708 10372 20151 39440 40030 81501 333 10412 58005 81626=",
"43063099999","2025-04-16T15:00:00","4","18.5333333","73.85","558.0","PUNE, IN","FM-12","99999","V020","270,1,N,0031,1","99999,9,9,N","004000,1,9,9","+0296,1","+0189,1","10068,1",,,,,,,,,,,,"99999,9,09461,1","9,9,999,9,+000,1",,"SYN05243063 32996 02706 10296 20189 39461 40068 333 58000=",
"43063099999","2025-04-16T18:00:00","4","18.5333333","73.85","558.0","PUNE, IN","FM-12","99999","V020","270,1,N,0015,1","99999,9,9,N","004000,1,9,9","+0268,1","+0180,1","10081,1",,,,,,,,,,,,"99999,9,09468,1","9,9,999,9,+000,1",,"SYN05243063 32996 02703 10268 20180 39468 40081 333 58000=",
"43063099999","2025-04-16T21:00:00","4","18.5333333","73.85","558.0","PUNE, IN","FM-12","99999","V020","290,1,N,0015,1","99999,9,9,N","004000,1,9,9","+0244,1","+0180,1","10078,1",,,,,,,,,,,,"99999,9,09460,1","9,9,999,9,+006,1",,"SYN05243063 32996 02903 10244 20180 39460 40078 333 58006=",
"43063099999","2025-04-17T00:00:00","4","18.5333333","73.85","558.0","PUNE, IN","FM-12","99999","V020","999,9,C,0000,1","99999,9,9,N","004000,1,9,9","+0222,1","+0147,1","10080,1",,,,,,,,,,,,"99999,9,09458,1","9,9,999,9,+000,1",,"SYN05243063 32996 00000 10222 20147 39458 40080 333 58000=",
"43063099999","2025-04-17T03:00:00","4","18.5333333","73.85","558.0","PUNE, IN","FM-12","99999","V020","270,1,N,0005,1","99999,9,9,N","010000,1,9,9","+0284,1","+0090,1","10088,1",,,,,,,,,,,"240,N,+0202,1","99999,9,09477,1","9,9,999,9,+006,1",,"SYN07443063 32997 02701 10284 20090 39477 40088 333 20202 58006 555 00000 10007=",
"43063099999","2025-04-17T06:00:00","4","18.5333333","73.85","558.0","PUNE, IN","FM-12","99999","V020","270,1,N,0010,1","99999,9,9,N","010000,1,9,9","+0370,1","+0125,1","10063,1",,,,,,,,,,,,"99999,9,09470,1","9,9,999,9,+000,1",,"SYN05243063 32997 02702 10370 20125 39470 40063 333 58000=",
"43063099999","2025-04-17T09:00:00","4","18.5333333","73.85","558.0","PUNE, IN","FM-12","99999","V020","270,1,N,0021,1","22000,1,9,N","010000,1,9,9","+0386,1","+0078,1","99999,9",,,,,,"99,9,+00800,1,99,9",,,"9,AGL   ,+99999,+99999","03,99,1,99,9,99,9,00800,1,99,9,99,9",,,,,"SYN06443063 32597 32704 10386 20078 29442 40030 83800 333 59005 82626=",
"43063099999","2025-04-17T12:00:00","4","18.5333333","73.85","558.0","PUNE, IN","FM-12","99999","V020","270,1,N,0015,1","22000,1,9,N","010000,1,9,9","+0370,1","+0120,1","10022,1",,,,,,"02,1,+00780,1,06,1",,,"9,AGL   ,+99999,+99999","03,99,1,02,1,99,9,00780,1,99,9,99,9",,"99999,9,09431,1","9,9,999,9,-009,1",,"SYN07043063 32597 32703 10370 20120 39431 40022 83800 333 10403 59009 82626=",
"43063099999","2025-04-17T15:00:00","4","18.5333333","73.85","558.0","PUNE, IN","FM-12","99999","V020","270,1,N,0041,1","99999,9,9,N","004000,1,9,9","+0300,1","+0207,1","10057,1",,,,,,,,,,,,"99999,9,09450,1","9,9,999,9,-011,1",,"SYN05243063 32996 02708 10300 20207 39450 40057 333 59011=",
"43063099999","2025-04-17T18:00:00","4","18.5333333","73.85","558.0","PUNE, IN","FM-12","99999","V020","270,1,N,0026,1","99999,9,9,N","004000,1,9,9","+0270,1","+0212,1","10074,1",,,,,,,,,,,,"99999,9,09461,1","9,9,999,9,-007,1",,"SYN05243063 32996 02705 10270 20212 39461 40074 333 59007=",
"43063099999","2025-04-17T21:00:00","4","18.5333333","73.85","558.0","PUNE, IN","FM-12","99999","V020","270,1,N,0021,1","99999,9,9,N","004000,1,9,9","+0250,1","+0190,1","10067,1",,,,,,,,,,,,"99999,9,09450,1","9,9,999,9,-010,1",,"SYN05243063 32996 02704 10250 20190 39450 40067 333 59010=",
"43063099999","2025-04-18T00:00:00","4","18.5333333","73.85","558.0","PUNE, IN","FM-12","99999","V020","999,9,C,0000,1","99999,9,9,N","004000,1,9,9","+0230,1","+0160,1","10074,1",,,,,,,,,,,,"99999,9,09452,1","9,9,999,9,-006,1",,"SYN05243063 32996 00000 10230 20160 39452 40074 333 59006=",
"43063099999","2025-04-18T03:00:00","4","18.5333333","73.85","558.0","PUNE, IN","FM-12","99999","V020","999,9,C,0000,1","99999,9,9,N","010000,1,9,9","+0284,1","+0144,1","10080,1",,,,,,,,,,,"240,N,+0216,1","99999,9,09470,1","9,9,999,9,-007,1",,"SYN07443063 32997 00000 10284 20144 39470 40080 333 20216 59007 555 00000 10007=",
"43063099999","2025-04-18T06:00:00","4","18.5333333","73.85","558.0","PUNE, IN","FM-12","99999","V020","270,1,N,0010,1","99999,9,9,N","010000,1,9,9","+0366,1","+0098,1","10058,1",,,,,,,,,,,,"99999,9,09465,1","9,9,999,9,-005,1",,"SYN05243063 32997 02702 10366 20098 39465 40058 333 59005=",
"43063099999","2025-04-18T09:00:00","4","18.5333333","73.85","558.0","PUNE, IN","FM-12","99999","V020","270,1,N,0010,1","22000,1,9,N","010000,1,9,9","+0400,1","+0088,1","10023,1",,,,,,"01,1,+00780,1,06,1",,,"9,AGL   ,+99999,+99999","01,99,1,01,1,99,9,00780,1,99,9,99,9",,"99999,9,09438,1","9,9,999,9,-004,1",,"SYN06443063 32597 12702 10400 20088 39438 40023 81500 333 59004 81626=",
"43063099999","2025-04-18T12:00:00","4","18.5333333","73.85","558.0","PUNE, IN","FM-12","99999","V020","270,1,N,0021,1","22000,1,9,N","010000,1,9,9","+0364,1","+0169,1","10015,1",,,,,,"01,1,+00780,1,06,1",,,"9,AGL   ,+99999,+99999","01,99,1,01,1,99,9,00780,1,99,9,99,9",,"99999,9,09424,1","9,9,999,9,-007,1",,"SYN07043063 32597 12704 10364 20169 39424 40015 81500 333 10405 59007 81626=",
"43063099999","2025-04-18T15:00:00","4","18.5333333","73.85","558.0","PUNE, IN","FM-12","99999","V020","270,1,N,0021,1","22000,1,9,N","004000,1,9,9","+0302,1","+0213,1","10050,1",,,,,,"01,1,+00780,1,06,1","03,1,+01800,1,03,1",,"9,AGL   ,+99999,+99999","03,99,1,01,1,99,9,00780,1,99,9,99,9",,"99999,9,09446,1","9,9,999,9,-004,1",,"SYN07043063 32596 32704 10302 20213 39446 40050 81530 333 59004 81626 83356=",
"43063099999","2025-04-18T18:00:00","4","18.5333333","73.85","558.0","PUNE, IN","FM-12","99999","V020","270,1,N,0021,1","22000,1,9,N","004000,1,9,9","+0278,1","+0198,1","10071,1",,,,,,"01,1,+00780,1,06,1","99,9,+99999,9,03,1",,"9,AGL   ,+99999,+99999","02,99,1,01,1,99,9,00780,1,99,9,99,9",,"99999,9,09460,1","9,9,999,9,-001,1",,"SYN06443063 32596 22704 10278 20198 39460 40071 81530 333 59001 81626=",
"43063099999","2025-04-18T21:00:00","4","18.5333333","73.85","558.0","PUNE, IN","FM-12","99999","V020","270,1,N,0005,1","22000,1,9,N","004000,1,9,9","+0250,1","+0162,1","10067,1",,,,,,"01,1,+00780,1,06,1","99,9,+99999,9,03,1",,"9,AGL   ,+99999,+99999","02,99,1,01,1,99,9,00780,1,99,9,99,9",,"99999,9,09450,1","9,9,999,9,+000,1",,"SYN06443063 32596 22701 10250 20162 39450 40067 81530 333 58000 81626=",
"43063099999","2025-04-19T00:00:00","4","18.5333333","73.85","558.0","PUNE, IN","FM-12","99999","V020","270,1,N,0010,1","22000,1,9,N","004000,1,9,9","+0242,1","+0156,1","10074,1",,,,,,"02,1,+01800,1,03,1",,,"9,AGL   ,+99999,+99999","02,99,1,02,1,99,9,01800,1,99,9,99,9",,"99999,9,09457,1","9,9,999,9,+005,1",,"SYN06443063 32796 22702 10242 20156 39457 40074 82700 333 58005 82356=",
"43063099999","2025-04-19T03:00:00","4","18.5333333","73.85","558.0","PUNE, IN","FM-12","99999","V020","270,1,N,0015,1","22000,1,9,N","010000,1,9,9","+0280,1","+0173,1","10089,1",,,,,,"01,1,+00780,1,06,1",,,"9,AGL   ,+99999,+99999","01,99,1,01,1,99,9,00780,1,99,9,99,9","240,N,+0225,1","99999,9,09476,1","9,9,999,9,+006,1",,"SYN08643063 32597 12703 10280 20173 39476 40089 81500 333 20225 58006 81626 555 00000 10007=",
"43063099999","2025-04-19T06:00:00","4","18.5333333","73.85","558.0","PUNE, IN","FM-12","99999","V020","270,1,N,0026,1","99999,9,9,N","010000,1,9,9","+0352,1","+0089,1","10064,1",,,,,,,,,,,,"99999,9,09469,1","9,9,999,9,+004,1",,"SYN05243063 32997 02705 10352 20089 39469 40064 333 58004=",
"43063099999","2025-04-19T09:00:00","4","18.5333333","73.85","558.0","PUNE, IN","FM-12","99999","V020","270,1,N,0041,1","99999,9,9,N","010000,1,9,9","+0392,1","+0053,1","10026,1",,,,,,,,,,,,"99999,9,09440,1","9,9,999,9,+002,1",,"SYN05243063 32997 02708 10392 20053 39440 40026 333 58002=",
"43063099999","2025-04-19T12:00:00","4","18.5333333","73.85","558.0","PUNE, IN","FM-12","99999","V020","270,1,N,0021,1","99999,9,9,N","010000,1,9,9","+0366,1","+0108,1","10025,1",,,,,,,,,,,,"99999,9,09433,1","9,9,999,9,+009,1",,"SYN05843063 32997 02704 10366 20108 39433 40025 333 10394 58009=",
"43063099999","2025-04-19T15:00:00","4","18.5333333","73.85","558.0","PUNE, IN","FM-12","99999","V020","270,1,N,0026,1","99999,9,9,N","004000,1,9,9","+0306,1","+0194,1","10057,1",,,,,,,,,,,,"99999,9,09452,1","9,9,999,9,+006,1",,"SYN05243063 32996 02705 10306 20194 39452 40057 333 58006=",
"43063099999","2025-04-19T18:00:00","4","18.5333333","73.85","558.0","PUNE, IN","FM-12","99999","V020","270,1,N,0015,1","99999,9,9,N","004000,1,9,9","+0268,1","+0173,1","10078,1",,,,,,,,,,,,"99999,9,09465,1","9,9,999,9,+005,1",,"SYN05243063 32996 02703 10268 20173 39465 40078 333 58005=",
"43063099999","2025-04-19T21:00:00","4","18.5333333","73.85","558.0","PUNE, IN","FM-12","99999","V020","999,9,C,0000,1","99999,9,9,N","004000,1,9,9","+0246,1","+0165,1","10067,1",,,,,,,,,,,,"99999,9,09450,1","9,9,999,9,+000,1",,"SYN05243063 32996 00000 10246 20165 39450 40067 333 58000=",
"43063099999","2025-04-20T00:00:00","4","18.5333333","73.85","558.0","PUNE, IN","FM-12","99999","V020","999,9,C,0000,1","99999,9,9,N","004000,1,9,9","+0214,1","+0149,1","10078,1",,,,,,,,,,,,"99999,9,09454,1","9,9,999,9,-003,1",,"SYN05243063 32996 00000 10214 20149 39454 40078 333 59003=",
"43063099999","2025-04-20T03:00:00","4","18.5333333","73.85","558.0","PUNE, IN","FM-12","99999","V020","270,1,N,0005,1","99999,9,9,N","010000,1,9,9","+0280,1","+0146,1","10087,1",,,,,,,,,,,"240,N,+0200,1","99999,9,09474,1","9,9,999,9,-002,1",,"SYN07443063 32997 02701 10280 20146 39474 40087 333 20200 59002 555 00000 10007=",
"43063099999","2025-04-20T06:00:00","4","18.5333333","73.85","558.0","PUNE, IN","FM-12","99999","V020","270,1,N,0021,1","99999,9,9,N","010000,1,9,9","+0362,1","+0018,2","10067,1",,,,,,,,,,,,"99999,9,09474,1","9,9,999,9,+005,1",,"SYN05243063 32997 02704 10362 20018 39474 40067 333 58005=",
"43063099999","2025-04-20T09:00:00","4","18.5333333","73.85","558.0","PUNE, IN","FM-12","99999","V020","270,1,N,0021,1","99999,9,9,N","010000,1,9,9","+0386,1","+0039,1","10042,1",,,,,,,,,,,,"99999,9,09453,1","9,9,999,9,+013,1",,"SYN05243063 32997 02704 10386 20039 39453 40042 333 58013=",
"43063099999","2025-04-20T12:00:00","4","18.5333333","73.85","558.0","PUNE, IN","FM-12","99999","V020","270,1,N,0021,1","99999,9,9,N","010000,1,9,9","+0366,1","+0087,1","10036,1",,,,,,,,,,,,"99999,9,09444,1","9,9,999,9,+011,1",,"SYN05843063 32997 02704 10366 20087 39444 40036 333 10387 58011=",
"43063099999","2025-04-20T15:00:00","4","18.5333333","73.85","558.0","PUNE, IN","FM-12","99999","V020","270,1,N,0026,1","99999,9,9,N","004000,1,9,9","+0304,1","+0162,1","10071,1",,,,,,,,,,,,"99999,9,09466,1","9,9,999,9,+014,1",,"SYN05243063 32996 02705 10304 20162 39466 40071 333 58014=",
"43063099999","2025-04-20T18:00:00","4","18.5333333","73.85","558.0","PUNE, IN","FM-12","99999","V020","270,1,N,0005,1","99999,9,9,N","004000,1,9,9","+0260,1","+0148,1","10094,1",,,,,,,,,,,,"99999,9,09477,1","9,9,999,9,+012,1",,"SYN05243063 32996 02701 10260 20148 39477 40094 333 58012=",
"43063099999","2025-04-20T21:00:00","4","18.5333333","73.85","558.0","PUNE, IN","FM-12","99999","V020","999,9,C,0000,1","99999,9,9,N","004000,1,9,9","+0236,1","+0156,1","10089,1",,,,,,,,,,,,"99999,9,09469,1","9,9,999,9,+019,1",,"SYN05243063 32996 00000 10236 20156 39469 40089 333 58019=",
"43063099999","2025-04-21T00:00:00","4","18.5333333","73.85","558.0","PUNE, IN","FM-12","99999","V020","999,9,C,0000,1","99999,9,9,N","004000,1,9,9","+0220,1","+0149,1","10092,1",,,,,,,,,,,,"99999,9,09468,1","9,9,999,9,+010,1",,"SYN05243063 32996 00000 10220 20149 39468 40092 333 58010=",
"43063099999","2025-04-21T03:00:00","4","18.5333333","73.85","558.0","PUNE, IN","FM-12","99999","V020","180,1,N,0010,1","22000,1,9,N","010000,1,9,9","+0298,1","+0142,1","10105,1",,,,,,"03,1,+01800,1,03,1","99,9,+99999,9,00,1",,"9,AGL   ,+99999,+99999","04,99,1,03,1,99,9,01800,1,99,9,99,9","240,N,+0204,1","99999,9,09495,1","9,9,999,9,+021,1",,"SYN08643063 32797 41802 10298 20142 39495 40105 83031 333 20204 58021 83356 555 00000 10007=",
"43063099999","2025-04-21T06:00:00","4","18.5333333","73.85","558.0","PUNE, IN","FM-12","99999","V020","180,1,N,0005,1","22000,1,9,N","010000,1,9,9","+0360,1","+0108,1","10087,1",,,,,,"02,1,+06000,1,00,1",,,"9,AGL   ,+99999,+99999","02,99,1,02,1,99,9,06000,1,99,9,99,9",,"99999,9,09490,1","9,9,999,9,+016,1",,"SYN06443063 32997 21801 10360 20108 39490 40087 80001 333 58016 82070=",
"43063099999","2025-04-21T09:00:00","4","18.5333333","73.85","558.0","PUNE, IN","FM-12","99999","V020","270,1,N,0005,1","22000,1,9,N","010000,1,9,9","+0386,1","+0096,1","10055,1",,,,,,"02,1,+06000,1,00,1",,,"9,AGL   ,+99999,+99999","02,99,1,02,1,99,9,06000,1,99,9,99,9",,"99999,9,09466,1","9,9,999,9,+013,1",,"SYN06443063 32997 22701 10386 20096 39466 40055 80001 333 58013 82070=",
"43063099999","2025-04-21T12:00:00","4","18.5333333","73.85","558.0","PUNE, IN","FM-12","99999","V020","270,1,N,0015,1","22000,1,9,N","010000,1,9,9","+0376,1","+0088,1","10048,1",,,,,,"02,1,+06000,1,00,1",,,"9,AGL   ,+99999,+99999","02,99,1,02,1,99,9,06000,1,99,9,99,9",,"99999,9,09457,1","9,9,999,9,+013,1",,"SYN07043063 32997 22703 10376 20088 39457 40048 80001 333 10399 58013 82070=",
"43063099999","2025-04-21T15:00:00","4","18.5333333","73.85","558.0","PUNE, IN","FM-12","99999","V020","320,1,N,0021,1","99999,9,9,N","004000,1,9,9","+0312,1","+0208,2","10088,1",,,,,,,,,,,,"99999,9,09484,1","9,9,999,9,+018,1",,"SYN05243063 32996 03204 10312 20208 39484 40088 333 58018=",
"43063099999","2025-04-21T18:00:00","4","18.5333333","73.85","558.0","PUNE, IN","FM-12","99999","V020","270,1,N,0015,1","99999,9,9,N","004000,1,9,9","+0288,1","+0206,1","10097,1",,,,,,,,,,,,"99999,9,09486,1","9,9,999,9,+009,1",,"SYN05243063 32996 02703 10288 20206 39486 40097 333 58009=",
"43063099999","2025-04-21T21:00:00","4","18.5333333","73.85","558.0","PUNE, IN","FM-12","99999","V020","999,9,C,0000,1","99999,9,9,N","004000,1,9,9","+0254,1","+0184,1","10095,1",,,,,,,,,,,,"99999,9,09478,1","9,9,999,9,+028,1",,"SYN05243063 32996 00000 10254 20184 39478 40095 333 58028=",
"43063099999","2025-04-22T00:00:00","4","18.5333333","73.85","558.0","PUNE, IN","FM-12","99999","V020","999,9,C,0000,1","99999,9,9,N","004000,1,9,9","+0234,1","+0179,1","10098,1",,,,,,,,,,,,"99999,9,09474,1","9,9,999,9,+020,1",,"SYN05243063 32996 00000 10234 20179 39474 40098 333 58020=",
"43063099999","2025-04-22T03:00:00","4","18.5333333","73.85","558.0","PUNE, IN","FM-12","99999","V020","999,9,C,0000,1","22000,1,9,N","010000,1,9,9","+0304,1","+0198,1","10102,1",,,,,,"01,1,+00780,1,06,1",,,"9,AGL   ,+99999,+99999","01,99,1,01,1,99,9,00780,1,99,9,99,9","240,N,+0220,1","99999,9,09495,1","9,9,999,9,+000,1",,"SYN07043063 32597 10000 10304 20198 39495 40102 81500 333 20220 58000 81626=",
"43063099999","2025-04-22T06:00:00","4","18.5333333","73.85","558.0","PUNE, IN","FM-12","99999","V020","090,1,N,0005,1","99999,9,9,N","010000,1,9,9","+0370,1","+0152,1","10089,1",,,,,,,,,,,,"99999,9,09494,1","9,9,999,9,+004,1",,"SYN05243063 32997 00901 10370 20152 39494 40089 333 58004=",
"43063099999","2025-04-22T09:00:00","4","18.5333333","73.85","558.0","PUNE, IN","FM-12","99999","V020","270,1,N,0010,1","22000,1,9,N","010000,1,9,9","+0400,1","+0116,1","10052,1",,,,,,"01,1,+00780,1,06,1",,,"9,AGL   ,+99999,+99999","02,99,1,01,1,99,9,00780,1,99,9,99,9",,"99999,9,09465,1","9,9,999,9,-001,1",,"SYN06443063 32597 22702 10400 20116 39465 40052 82800 333 59001 81626=",
"43063099999","2025-04-22T12:00:00","4","18.5333333","73.85","558.0","PUNE, IN","FM-12","99999","V020","270,1,N,0010,1","00840,1,C,N","010000,1,9,9","+0384,1","+0147,1","10042,1",,,,,,"02,1,+00780,1,06,1","03,1,+00840,1,08,1",,"9,AGL   ,+99999,+99999","05,99,1,02,1,99,9,00780,1,99,9,99,9",,"99999,9,09453,1","9,9,999,9,-004,1",,"SYN07643063 32597 52702 10384 20147 39453 40042 85800 333 10412 59004 82626 83828=",
"43063099999","2025-04-22T15:00:00","4","18.5333333","73.85","558.0","PUNE, IN","FM-12","99999","V020","270,1,N,0010,1","99999,9,C,N","004000,1,9,9","+0324,1","+0180,1","10082,1",,,,,,"02,1,+00780,1,06,1","03,1,+01800,1,03,1",,"9,AGL   ,+99999,+99999","04,99,1,02,1,99,9,00780,1,99,9,99,9",,"99999,9,09480,1","9,9,999,9,-004,1",,"SYN07043063 32596 42702 10324 20180 39480 40082 82530 333 59004 82626 83356=","Q01 018003SCOCIG"
"43063099999","2025-04-22T18:00:00","4","18.5333333","73.85","558.0","PUNE, IN","FM-12","99999","V020","270,1,N,0010,1","99999,9,9,N","004000,1,9,9","+0300,1","+0161,1","10097,1",,,,,,,,,,,,"99999,9,09488,1","9,9,999,9,+002,1",,"SYN05243063 32996 02702 10300 20161 39488 40097 333 58002=",
"43063099999","2025-04-22T21:00:00","4","18.5333333","73.85","558.0","PUNE, IN","FM-12","99999","V020","270,1,N,0005,1","99999,9,9,N","004000,1,9,9","+0262,1","+0135,1","10065,1",,,,,,,,,,,,"99999,9,09471,1","9,9,999,9,-007,1",,"SYN05243063 32996 02701 10262 20135 39471 40065 333 59007=",
"43063099999","2025-04-23T00:00:00","4","18.5333333","73.85","558.0","PUNE, IN","FM-12","99999","V020","270,1,N,0005,1","99999,9,9,N","004000,1,9,9","+0250,1","+0158,1","10085,1",,,,,,,,,,,,"99999,9,09467,1","9,9,999,9,-007,1",,"SYN05243063 32996 02701 10250 20158 39467 40085 333 59007=",
"43063099999","2025-04-23T03:00:00","4","18.5333333","73.85","558.0","PUNE, IN","FM-12","99999","V020","270,1,N,0010,1","22000,1,9,N","010000,1,9,9","+0298,1","+0162,1","10100,1",,,,,,"02,1,+06000,1,00,1",,,"9,AGL   ,+99999,+99999","02,99,1,02,1,99,9,06000,1,99,9,99,9","240,N,+0239,1","99999,9,09490,1","9,9,999,9,-005,1",,"SYN08643063 32997 22702 10298 20162 39490 40100 80001 333 20239 59005 82070 555 00000 10007=",
"43063099999","2025-04-23T06:00:00","4","18.5333333","73.85","558.0","PUNE, IN","FM-12","99999","V020","050,1,N,0010,1","99999,9,9,N","010000,1,9,9","+0358,1","+0120,1","10077,1",,,,,,,,,,,,"99999,9,09481,1",,,"SYN05243063 32997 00502 10358 20120 39481 40077 555 59013=",
"43063099999","2025-04-23T09:00:00","4","18.5333333","73.85","558.0","PUNE, IN","FM-12","99999","V020","270,1,N,0010,1","22000,1,9,N","010000,1,9,9","+0404,1","+0079,1","10027,1",,,,,,"02,1,+00780,1,06,1","03,1,+06000,1,00,1",,"9,AGL   ,+99999,+99999","04,99,1,02,1,99,9,00780,1,99,9,99,9",,"99999,9,09443,1","9,9,999,9,-012,1",,"SYN07043063 32597 42702 10404 20079 39443 40027 82501 333 59012 82626 83070=",
"43063099999","2025-04-23T12:00:00","4","18.5333333","73.85","558.0","PUNE, IN","FM-12","99999","V020","270,1,N,0021,1","22000,1,9,N","010000,1,9,9","+0382,1","+0070,1","10021,1",,,,,,"02,1,+00780,1,06,1",,,"9,AGL   ,+99999,+99999","02,99,1,02,1,99,9,00780,1,99,9,99,9",,"99999,9,09433,1","9,9,999,9,-020,1",,"SYN07043063 32597 22704 10382 20070 39433 40021 82500 333 10412 59020 82626=",
"43063099999","2025-04-23T15:00:00","4","18.5333333","73.85","558.0","PUNE, IN","FM-12","99999","V020","270,1,N,0015,1","99999,9,9,N","004000,1,9,9","+0324,1","+0180,2","10057,1",,,,,,,,,,,,"99999,9,09456,1","9,9,999,9,-024,1",,"SYN05243063 32996 02703 10324 20180 39456 40057 333 59024=",
"43063099999","2025-04-23T18:00:00","4","18.5333333","73.85","558.0","PUNE, IN","FM-12","99999","V020","270,1,N,0010,1","99999,9,9,N","004000,1,9,9","+0296,1","+0196,1","10071,1",,,,,,,,,,,,"99999,9,09464,1","9,9,999,9,-024,1",,"SYN05243063 32996 02702 10296 20196 39464 40071 333 59024=",
"43063099999","2025-04-23T21:00:00","4","18.5333333","73.85","558.0","PUNE, IN","FM-12","99999","V020","270,1,N,0010,1","99999,9,9,N","004000,1,9,9","+0270,1","+0172,1","10063,1",,,,,,,,,,,,"99999,9,09450,1","9,9,999,9,-021,1",,"SYN05243063 32596 02702 10270 20172 39450 40063 333 59021=",
"43063099999","2025-04-24T00:00:00","4","18.5333333","73.85","558.0","PUNE, IN","FM-12","99999","V020","270,1,N,0026,1","22000,1,9,N","004000,1,9,9","+0252,1","+0205,1","10070,1",,,,,,"02,1,+00780,1,06,1",,,"9,AGL   ,+99999,+99999","02,99,1,02,1,99,9,00780,1,99,9,99,9",,"99999,9,09454,1","9,9,999,9,+007,1",,"SYN06443063 32596 22705 10252 20205 39454 40070 82500 333 58007 82626=",
"43063099999","2025-04-24T03:00:00","4","18.5333333","73.85","558.0","PUNE, IN","FM-12","99999","V020","270,1,N,0005,1","01800,1,C,N","010000,1,9,9","+0282,1","+0175,1","10091,1",,,,,,"01,1,+00780,1,06,1","05,1,+01800,1,03,1",,"9,AGL   ,+99999,+99999","06,99,1,01,1,99,9,00780,1,99,9,99,9","240,N,+0244,1","99999,9,09480,1","9,9,999,9,-010,1",,"SYN09243063 32597 62701 10282 20175 39480 40091 81530 333 20244 59010 81626 85356 555 00000 10007=",
"43063099999","2025-04-24T06:00:00","4","18.5333333","73.85","558.0","PUNE, IN","FM-12","99999","V020","270,1,N,0015,1","22000,1,9,N","010000,1,9,9","+0348,1","+0092,1","10072,1",,,,,,"01,1,+06000,1,00,1",,,"9,AGL   ,+99999,+99999","01,99,1,01,1,99,9,06000,1,99,9,99,9",,"99999,9,09473,1","9,9,999,9,-008,1",,"SYN06443063 32997 12703 10348 20092 39473 40072 80001 333 59008 81070=",
"43063099999","2025-04-24T09:00:00","4","18.5333333","73.85","558.0","PUNE, IN","FM-12","99999","V020","270,1,N,0021,1","99999,9,9,N","010000,1,9,9","+0396,1","+0080,1","10028,1",,,,,,,,,,,,"99999,9,09442,1","9,9,999,9,-001,1",,"SYN05243063 32997 02704 10396 20080 39442 40028 333 59001=",
"43063099999","2025-04-24T12:00:00","4","18.5333333","73.85","558.0","PUNE, IN","FM-12","99999","V020","270,1,N,0026,1","99999,9,9,N","010000,1,9,9","+0380,1","+0112,1","10016,1",,,,,,,,,,,,"99999,9,09427,1","9,9,999,9,-006,1",,"SYN05843063 32997 02705 10380 20112 39427 40016 333 10405 59006=",
"43063099999","2025-04-24T15:00:00","4","18.5333333","73.85","558.0","PUNE, IN","FM-12","99999","V020","270,1,N,0026,1","99999,9,9,N","004000,1,9,9","+0302,1","+0192,1","10058,1",,,,,,,,,,,,"99999,9,09453,1","9,9,999,9,-003,1",,"SYN05243063 32996 02705 10302 20192 39453 40058 333 59003=",
"43063099999","2025-04-24T18:00:00","4","18.5333333","73.85","558.0","PUNE, IN","FM-12","99999","V020","270,1,N,0015,1","99999,9,9,N","004000,1,9,9","+0284,1","+0174,1","10070,1",,,,,,,,,,,,"99999,9,09461,1","9,9,999,9,-003,1",,"SYN05243063 32996 02703 10284 20174 39461 40070 333 59003=",
"43063099999","2025-04-24T21:00:00","4","18.5333333","73.85","558.0","PUNE, IN","FM-12","99999","V020","270,1,N,0015,1","22000,1,9,N","004000,1,9,9","+0280,1","+0150,1","10062,1",,,,,,"02,1,+00780,1,06,1","99,9,+99999,9,03,1",,"9,AGL   ,+99999,+99999","03,99,1,02,1,99,9,00780,1,99,9,99,9",,"99999,9,09451,1","9,9,999,9,+001,1",,"SYN06443063 32596 32703 10280 20150 39451 40062 82530 333 58001 82626=",
"43063099999","2025-04-25T00:00:00","4","18.5333333","73.85","558.0","PUNE, IN","FM-12","99999","V020","270,1,N,0005,1","22000,1,9,N","004000,1,9,9","+0250,1","+0155,1","10071,1",,,,,,"02,1,+00780,1,06,1",,,"9,AGL   ,+99999,+99999","02,99,1,02,1,99,9,00780,1,99,9,99,9",,"99999,9,09453,1","9,9,999,9,-001,1",,"SYN06443063 32596 22701 10250 20155 39453 40071 82500 333 59001 82626=",
"43063099999","2025-04-25T03:00:00","4","18.5333333","73.85","558.0","PUNE, IN","FM-12","99999","V020","270,1,N,0010,1","22000,1,9,N","010000,1,9,9","+0292,1","+0146,1","10088,1",,,,,,"02,1,+06000,1,00,1",,,"9,AGL   ,+99999,+99999","02,99,1,02,1,99,9,06000,1,99,9,99,9","240,N,+0240,1","99999,9,09479,1","9,9,999,9,-001,1",,"SYN08643063 32997 22702 10292 20146 39479 40088 80001 333 20240 59001 82070 555 00000 10007=",
"43063099999","2025-04-25T06:00:00","4","18.5333333","73.85","558.0","PUNE, IN","FM-12","99999","V020","270,1,N,0010,1","99999,9,9,N","010000,1,9,9","+0362,1","+0096,1","10069,1",,,,,,,,,,,,"99999,9,09475,1","9,9,999,9,-002,1",,"SYN05243063 32997 02702 10362 20096 39475 40069 333 59002=",
"43063099999","2025-04-25T09:00:00","4","18.5333333","73.85","558.0","PUNE, IN","FM-12","99999","V020","270,1,N,0015,1","99999,9,9,N","010000,1,9,9","+0392,1","+0090,1","10032,1",,,,,,"01,1,+00780,1,06,1","03,1,+01800,1,03,1",,"9,AGL   ,+99999,+99999","99,99,9,01,1,99,9,00780,1,99,9,99,9",,"99999,9,09446,1","9,9,999,9,+004,1",,"SYN07043063 32597 02703 10392 20090 39446 40032 81530 333 58004 81626 83356=",
"43063099999","2025-04-25T12:00:00","4","18.5333333","73.85","558.0","PUNE, IN","FM-12","99999","V020","270,1,N,0015,1","01800,1,C,N","010000,1,9,9","+0364,1","+0134,1","10026,1",,,,,,"02,1,+00780,1,06,1","05,1,+01800,1,03,1",,"9,AGL   ,+99999,+99999","05,99,1,02,1,99,9,00780,1,99,9,99,9",,"99999,9,09435,1","9,9,999,9,+008,1",,"SYN07643063 32597 52703 10364 20134 39435 40026 82530 333 10402 58008 82626 85356=",
"43063099999","2025-04-25T15:00:00","4","18.5333333","73.85","558.0","PUNE, IN","FM-12","99999","V020","270,1,N,0021,1","22000,1,9,N","004000,1,9,9","+0302,1","+0139,1","10062,1",,,,,,"01,1,+00780,1,06,1","03,1,+01800,1,03,1",,"9,AGL   ,+99999,+99999","03,99,1,01,1,99,9,00780,1,99,9,99,9",,"99999,9,09457,1","9,9,999,9,+004,1",,"SYN07043063 32596 32704 10302 20139 39457 40062 81530 333 58004 81626 83356=",
"43063099999","2025-04-25T18:00:00","4","18.5333333","73.85","558.0","PUNE, IN","FM-12","99999","V020","270,1,N,0015,1","99999,9,C,N","004000,1,9,9","+0280,1","+0103,1","10076,1",,,,,,"01,1,+00780,1,06,1","05,2,+01800,1,03,1",,"9,AGL   ,+99999,+99999","03,99,2,01,1,99,9,00780,1,99,9,99,9",,"99999,9,09465,1","9,9,999,9,+004,1",,"SYN07043063 32596 32703 10280 20103 39465 40076 81530 333 58004 81626 85356=","Q01 018003SCOCIG"
"43063099999","2025-04-25T21:00:00","4","18.5333333","73.85","558.0","PUNE, IN","FM-12","99999","V020","270,1,N,0005,1","01800,1,C,N","004000,1,9,9","+0262,1","+0100,1","10075,1",,,,,,"02,1,+00780,1,06,1","05,1,+01800,1,03,1",,"9,AGL   ,+99999,+99999","05,99,1,02,1,99,9,00780,1,99,9,99,9",,"99999,9,09462,1","9,9,999,9,+011,1",,"SYN07043063 32596 52701 10262 20100 39462 40075 82530 333 58011 82626 85356=",
"43063099999","2025-04-26T00:00:00","4","18.5333333","73.85","558.0","PUNE, IN","FM-12","99999","V020","999,9,C,0000,1","22000,1,9,N","004000,1,9,9","+0242,1","+0108,1","10072,1",,,,,,"03,1,+00780,1,06,1","99,9,+99999,9,03,1",,"9,AGL   ,+99999,+99999","04,99,1,03,1,99,9,00780,1,99,9,99,9",,"99999,9,09455,1","9,9,999,9,+002,1",,"SYN06443063 32596 40000 10242 20108 39455 40072 83530 333 58002 83626=",
"43063099999","2025-04-26T03:00:00","4","18.5333333","73.85","558.0","PUNE, IN","FM-12","99999","V020","270,1,N,0005,1","22000,1,9,N","010000,1,9,9","+0284,1","+0095,1","10077,1",,,,,,"01,1,+00780,1,06,1","03,1,+01800,1,03,1",,"9,AGL   ,+99999,+99999","03,99,1,01,1,99,9,00780,1,99,9,99,9","240,N,+0227,1","99999,9,09468,1","9,9,999,9,-011,1",,"SYN07643063 32597 32701 10284 20095 39468 40077 81530 333 20227 59011 81626 83356=",
"43063099999","2025-04-26T06:00:00","4","18.5333333","73.85","558.0","PUNE, IN","FM-12","99999","V020","270,1,N,0031,1","99999,9,9,N","010000,1,9,9","+0356,1","+0048,1","10059,1",,,,,,,,,,,,"99999,9,09464,1","9,9,999,9,-011,1",,"SYN05243063 32997 02706 10356 20048 39464 40059 333 59011=",
"43063099999","2025-04-26T09:00:00","4","18.5333333","73.85","558.0","PUNE, IN","FM-12","99999","V020","270,1,N,0026,1","00840,1,C,N","010000,1,9,9","+0376,1","+0116,1","10035,1",,,,,,"04,1,+00780,1,06,1","03,1,+00840,1,08,1",,"9,AGL   ,+99999,+99999","06,99,1,04,1,99,9,00780,1,99,9,99,9",,"99999,9,09445,1","9,9,999,9,-001,1",,"SYN07043063 32597 62705 10376 20116 39445 40035 86800 333 59001 84626 83828=",
"43063099999","2025-04-26T12:00:00","4","18.5333333","73.85","558.0","PUNE, IN","FM-12","99999","V020","270,1,N,0015,1","99999,9,9,N","010000,1,9,9","+0356,1","+0144,1","10030,1",,,,,,,,,,,,"99999,9,09436,1","9,9,999,9,+001,1",,"SYN05843063 32997 02703 10356 20144 39436 40030 333 10394 58001=",
"43063099999","2025-04-26T15:00:00","4","18.5333333","73.85","558.0","PUNE, IN","FM-12","99999","V020","270,1,N,0015,1","22000,1,9,N","004000,1,9,9","+0304,1","+0146,1","10062,1",,,,,,"02,1,+00780,1,06,1",,,"9,AGL   ,+99999,+99999","02,99,1,02,1,99,9,00780,1,99,9,99,9",,"99999,9,09457,1","9,9,999,9,+000,1",,"SYN06443063 32596 22703 10304 20146 39457 40062 82500 333 58000 82626=",
"43063099999","2025-04-26T18:00:00","4","18.5333333","73.85","558.0","PUNE, IN","FM-12","99999","V020","999,9,C,0000,1","00780,1,C,N","004000,1,9,9","+0270,1","+0145,1","10089,1",,,,,,"05,1,+00780,1,06,1",,,"9,AGL   ,+99999,+99999","05,99,1,05,1,99,9,00780,1,99,9,99,9",,"99999,9,09474,1","9,9,999,9,+009,1",,"SYN06443063 32596 50000 10270 20145 39474 40089 85500 333 58009 85626=",
"43063099999","2025-04-26T21:00:00","4","18.5333333","73.85","558.0","PUNE, IN","FM-12","99999","V020","999,9,C,0000,1","22000,1,9,N","004000,1,9,9","+0254,1","+0141,1","10078,1",,,,,,"02,1,+00780,1,06,1",,,"9,AGL   ,+99999,+99999","02,99,1,02,1,99,9,00780,1,99,9,99,9",,"99999,9,09462,1","9,9,999,9,+000,1",,"SYN06443063 32596 20000 10254 20141 39462 40078 82500 333 58000 82626=",
"43063099999","2025-04-27T00:00:00","4","18.5333333","73.85","558.0","PUNE, IN","FM-12","99999","V020","270,1,N,0005,1","22000,1,9,N","004000,1,9,9","+0238,1","+0124,1","10082,1",,,,,,"02,1,+00780,1,06,1",,,"9,AGL   ,+99999,+99999","02,99,1,02,1,99,9,00780,1,99,9,99,9",,"99999,9,09462,1","9,9,999,9,+007,1",,"SYN06443063 32596 22701 10238 20124 39462 40082 82500 333 58007 82626=",
"43063099999","2025-04-27T03:00:00","4","18.5333333","73.85","558.0","PUNE, IN","FM-12","99999","V020","270,1,N,0005,1","99999,9,9,N","010000,1,9,9","+0284,1","+0104,1","10092,1",,,,,,,,,,,"240,N,+0216,1","99999,9,09481,1","9,9,999,9,+013,1",,"SYN07443063 32997 02701 10284 20104 39481 40092 333 20216 58013 555 00000 10007=",
"43063099999","2025-04-27T06:00:00","4","18.5333333","73.85","558.0","PUNE, IN","FM-12","99999","V020","270,1,N,0010,1","99999,9,9,N","010000,1,9,9","+0362,1","+0121,1","10070,1",,,,,,,,,,,,"99999,9,09476,1","9,9,999,9,+012,1",,"SYN05243063 32997 02702 10362 20121 39476 40070 333 58012=",
"43063099999","2025-04-27T09:00:00","4","18.5333333","73.85","558.0","PUNE, IN","FM-12","99999","V020","140,1,N,0010,1","00840,1,C,N","010000,1,9,9","+0390,1","+0103,1","10044,1",,,,,,"06,1,+00840,1,08,1",,,"9,AGL   ,+99999,+99999","06,99,1,06,1,99,9,00840,1,99,9,99,9",,"99999,9,09455,1","9,9,999,9,+010,1",,"SYN06443063 32597 61402 10390 20103 39455 40044 86200 333 58010 86828=",
"43063099999","2025-04-27T12:00:00","4","18.5333333","73.85","558.0","PUNE, IN","FM-12","99999","V020","270,1,N,0015,1","22000,1,9,N","010000,1,9,9","+0386,1","+0090,1","10017,1",,,,,,"04,1,+00840,1,08,1",,,"9,AGL   ,+99999,+99999","04,99,1,04,1,99,9,00840,1,99,9,99,9",,"99999,9,09427,1","9,9,999,9,-009,1",,"SYN07043063 32597 42703 10386 20090 39427 40017 84200 333 10406 59009 84828=",
"43063099999","2025-04-27T15:00:00","4","18.5333333","73.85","558.0","PUNE, IN","FM-12","99999","V020","270,1,N,0026,1","99999,9,9,N","004000,1,9,9","+0310,1","+0184,1","10063,1",,,,,,,,,,,,"99999,9,09458,1","9,9,999,9,+001,1",,"SYN05243063 32996 02705 10310 20184 39458 40063 333 58001=",
"43063099999","2025-04-27T18:00:00","4","18.5333333","73.85","558.0","PUNE, IN","FM-12","99999","V020","270,1,N,0005,1","99999,9,9,N","004000,1,9,9","+0270,1","+0161,1","10088,1",,,,,,,,,,,,"99999,9,09473,1",,,"SYN05243063 32996 02701 10270 20161 39473 40088 333 53001=",
"43063099999","2025-04-27T21:00:00","4","18.5333333","73.85","558.0","PUNE, IN","FM-12","99999","V020","270,1,N,0005,1","99999,9,9,N","004000,1,9,9","+0236,1","+0149,1","10080,1",,,,,,,,,,,,"99999,9,09460,1","9,9,999,9,-002,1",,"SYN05243063 32996 02701 10236 20149 39460 40080 333 59002=",
"43063099999","2025-04-28T00:00:00","4","18.5333333","73.85","558.0","PUNE, IN","FM-12","99999","V020","270,1,N,0021,1","99999,9,9,N","004000,1,9,9","+0236,1","+0181,1","10082,1",,,,,,,,,,,,"99999,9,09462,1","9,9,999,9,+000,1",,"SYN05243063 32996 02704 10236 20181 39462 40082 333 58000=",
"43063099999","2025-04-28T03:00:00","4","18.5333333","73.85","558.0","PUNE, IN","FM-12","99999","V020","270,1,N,0005,1","99999,9,9,N","010000,1,9,9","+0274,1","+0187,1","10085,1",,,,,,,,,,,"240,N,+0215,1","99999,9,09470,1","9,9,999,9,-011,1",,"SYN07443063 32997 02701 10274 20187 39470 40085 333 20215 59011 555 00000 10007=",
"43063099999","2025-04-28T06:00:00","4","18.5333333","73.85","558.0","PUNE, IN","FM-12","99999","V020","320,1,N,0015,1","99999,9,9,N","010000,1,9,9","+0352,1","+0110,1","10064,1",,,,,,,,,,,,"99999,9,09465,1","9,9,999,9,-005,1",,"SYN05243063 32997 03203 10352 20110 39465 40064 333 59005=",
"43063099999","2025-04-28T09:00:00","4","18.5333333","73.85","558.0","PUNE, IN","FM-12","99999","V020","090,1,N,0010,1","22000,1,9,N","010000,1,9,9","+0400,1","+0035,1","10023,1",,,,,,"01,1,+00780,1,06,1","99,9,+99999,9,00,1",,"9,AGL   ,+99999,+99999","02,99,1,01,1,99,9,00780,1,99,9,99,9",,"99999,9,09437,1","9,9,999,9,-018,1",,"SYN06443063 32597 20902 10400 20035 39437 40023 81501 333 59018 81626=",
"43063099999","2025-04-28T12:00:00","4","18.5333333","73.85","558.0","PUNE, IN","FM-12","99999","V020","270,1,N,0026,1","22000,1,9,N","010000,1,9,9","+0378,1","+0133,1","10011,1",,,,,,"01,1,+00780,1,06,1","99,9,+99999,9,00,1",,"9,AGL   ,+99999,+99999","02,99,1,01,1,99,9,00780,1,99,9,99,9",,"99999,9,09422,1","9,9,999,9,-005,1",,"SYN07043063 32597 22705 10378 20133 39422 40011 81501 333 10408 59005 81626=",
"43063099999","2025-04-28T15:00:00","4","18.5333333","73.85","558.0","PUNE, IN","FM-12","99999","V020","270,1,N,0015,1","99999,9,9,N","004000,1,9,9","+0312,1","+0201,1","99999,9",,,,,,,,,,,,"99999,9,09443,1","9,9,999,9,-015,1",,"SYN05243063 32996 02703 10312 20201 39443 40445 333 59015=",
"43063099999","2025-04-28T18:00:00","4","18.5333333","73.85","558.0","PUNE, IN","FM-12","99999","V020","270,1,N,0015,1","99999,9,9,N","004000,1,9,9","+0288,1","+0203,1","10058,1",,,,,,,,,,,,"99999,9,09450,1","9,9,999,9,-023,1",,"SYN05243063 32996 02703 10288 20203 39450 40058 333 59023=",
"43063099999","2025-04-28T21:00:00","4","18.5333333","73.85","558.0","PUNE, IN","FM-12","99999","V020","999,9,C,0000,1","99999,9,9,N","004000,1,9,9","+0268,1","+0197,1","10052,1",,,,,,,,,,,,"99999,9,09440,1","9,9,999,9,-020,1",,"SYN05243063 32996 00000 10268 20197 39440 40052 333 59020=",
"43063099999","2025-04-29T00:00:00","4","18.5333333","73.85","558.0","PUNE, IN","FM-12","99999","V020","999,9,C,0000,1","99999,9,9,N","004000,1,9,9","+0268,1","+0197,1","10052,1",,,,,,,,,,,,"99999,9,09440,1","9,9,999,9,-020,1",,"SYN05243063 32996 00000 10268 20197 39440 40052 333 59020=",
"43063099999","2025-04-29T03:00:00","4","18.5333333","73.85","558.0","PUNE, IN","FM-12","99999","V020","270,1,N,0005,1","99999,9,9,N","010000,1,9,9","+0282,1","+0189,1","10074,1",,,,,,,,,,,"240,N,+0239,1","99999,9,09465,1","9,9,999,9,-005,1",,"SYN07443063 32997 02701 10282 20189 39465 40074 333 20239 59005 555 00000 10007=",
"43063099999","2025-04-29T06:00:00","4","18.5333333","73.85","558.0","PUNE, IN","FM-12","99999","V020","270,1,N,0015,1","99999,9,9,N","010000,1,9,9","+0362,1","+0117,1","10053,1",,,,,,,,,,,,"99999,9,09460,1","9,9,999,9,-005,1",,"SYN05243063 32997 02703 10362 20117 39460 40053 333 59005=",
"43063099999","2025-04-29T09:00:00","4","18.5333333","73.85","558.0","PUNE, IN","FM-12","99999","V020","290,1,N,0010,1","22000,1,9,N","010000,1,9,9","+0396,1","+0092,1","10017,1",,,,,,"02,1,+00780,1,06,1",,,"9,AGL   ,+99999,+99999","03,99,1,02,1,99,9,00780,1,99,9,99,9",,"99999,9,09431,1","9,9,999,9,-006,1",,"SYN06443063 32597 32902 10396 20092 39431 40017 83800 333 59006 82626=",
"43063099999","2025-04-29T12:00:00","4","18.5333333","73.85","558.0","PUNE, IN","FM-12","99999","V020","270,1,N,0021,1","22000,1,9,N","010000,1,9,9","+0370,1","+0165,1","10024,1",,,,,,"01,1,+00780,1,06,1",,,"9,AGL   ,+99999,+99999","02,99,1,01,1,99,9,00780,1,99,9,99,9",,"99999,9,09432,1","9,9,999,9,+010,1",,"SYN07043063 32597 22704 10370 20165 39432 40024 82800 333 10402 58010 81626=",
"43063099999","2025-04-29T15:00:00","4","18.5333333","73.85","558.0","PUNE, IN","FM-12","99999","V020","270,1,N,0021,1","99999,9,9,N","004000,1,9,9","+0310,1","+0202,1","10051,1",,,,,,,,,,,,"99999,9,09447,1","9,9,999,9,+004,1",,"SYN05243063 32996 02704 10310 20202 39447 40051 333 58004=",
"43063099999","2025-04-29T18:00:00","4","18.5333333","73.85","558.0","PUNE, IN","FM-12","99999","V020","999,9,C,0000,1","99999,9,9,N","004000,1,9,9","+0286,1","+0191,1","10066,1",,,,,,,,,,,,"99999,9,09457,1","9,9,999,9,+007,1",,"SYN05243063 32996 00000 10286 20191 39457 40066 333 58007=",
"43063099999","2025-04-29T21:00:00","4","18.5333333","73.85","558.0","PUNE, IN","FM-12","99999","V020","270,1,N,0010,1","99999,9,9,N","004000,1,9,9","+0262,1","+0200,1","10061,1",,,,,,,,,,,,"99999,9,09449,1","9,9,999,9,+009,1",,"SYN05243063 32996 02702 10262 20200 39449 40061 333 58009=",
"43063099999","2025-04-30T00:00:00","4","18.5333333","73.85","558.0","PUNE, IN","FM-12","99999","V020","270,1,N,0015,1","99999,9,9,N","004000,1,9,9","+0250,1","+0206,1","10075,1",,,,,,,,,,,,"99999,9,09457,1","9,9,999,9,+011,1",,"SYN05243063 32996 02703 10250 20206 39457 40075 333 58011=",
"43063099999","2025-04-30T03:00:00","4","18.5333333","73.85","558.0","PUNE, IN","FM-12","99999","V020","270,1,N,0015,1","22000,1,9,N","010000,1,9,9","+0284,1","+0159,1","10083,1",,,,,,"04,1,+00780,1,06,1",,,"9,AGL   ,+99999,+99999","04,99,1,04,1,99,9,00780,1,99,9,99,9","240,N,+0242,1","99999,9,09470,1","9,9,999,9,+005,1",,"SYN08643063 32597 42703 10284 20159 39470 40083 84500 333 20242 58005 84626 555 00000 10007=",
"43063099999","2025-04-30T06:00:00","4","18.5333333","73.85","558.0","PUNE, IN","FM-12","99999","V020","270,1,N,0021,1","22000,1,9,N","010000,1,9,9","+0360,1","+0118,1","10067,1",,,,,,"03,1,+00780,1,06,1",,,"9,AGL   ,+99999,+99999","03,99,1,03,1,99,9,00780,1,99,9,99,9",,"99999,9,09468,1","9,9,999,9,+008,1",,"SYN06443063 32597 32704 10360 20118 39468 40067 83500 333 58008 83626=",
"43063099999","2025-04-30T09:00:00","4","18.5333333","73.85","558.0","PUNE, IN","FM-12","99999","V020","290,1,N,0026,1","22000,1,9,N","010000,1,9,9","+0386,1","+0066,1","10029,1",,,,,,"01,1,+00780,1,06,1",,,"9,AGL   ,+99999,+99999","01,99,1,01,1,99,9,00780,1,99,9,99,9",,"99999,9,09441,1","9,9,999,9,+010,1",,"SYN06443063 32597 12905 10386 20066 39441 40029 81500 333 58010 81626=",
"43063099999","2025-04-30T12:00:00","4","18.5333333","73.85","558.0","PUNE, IN","FM-12","99999","V020","270,1,N,0015,1","22000,1,9,N","010000,1,9,9","+0366,1","+0167,1","10024,1",,,,,,"01,1,+00780,1,06,1",,,"9,AGL   ,+99999,+99999","01,99,1,01,1,99,9,00780,1,99,9,99,9",,"99999,9,09432,1","9,9,999,9,+000,1",,"SYN07043063 32597 12703 10366 20167 39432 40024 81500 333 10397 58000 81626=",
"43063099999","2025-04-30T15:00:00","4","18.5333333","73.85","558.0","PUNE, IN","FM-12","99999","V020","270,1,N,0021,1","99999,9,9,N","004000,1,9,9","+0310,1","+0215,1","10057,1",,,,,,,,,,,,"99999,9,09453,1","9,9,999,9,+006,1",,"SYN05243063 32996 02704 10310 20215 39453 40057 333 58006=",
"43063099999","2025-04-30T18:00:00","4","18.5333333","73.85","558.0","PUNE, IN","FM-12","99999","V020","270,1,N,0010,1","99999,9,9,N","004000,1,9,9","+0282,1","+0206,1","10076,1",,,,,,,,,,,,"99999,9,09465,1","9,9,999,9,+008,1",,"SYN05243063 32996 02702 10282 20206 39465 40076 333 58008=",
"43063099999","2025-04-30T21:00:00","4","18.5333333","73.85","558.0","PUNE, IN","FM-12","99999","V020","270,1,N,0005,1","99999,9,9,N","004000,1,9,9","+0260,1","+0198,1","10070,1",,,,,,,,,,,,"99999,9,09456,1","9,9,999,9,+007,1",,"SYN05243063 32996 02701 10260 20198 39456 40070 333 58007=",
"43063099999","2025-05-01T00:00:00","4","18.5333333","73.85","558.0","PUNE, IN","FM-12","99999","V020","999,9,C,0000,1","99999,9,9,N","004000,1,9,9","+0238,1","+0180,1","10082,1",,,,,,,,,,,,"99999,9,09462,1","9,9,999,9,+005,1",,"SYN05243063 32996 00000 10238 20180 39462 40082 333 58005=",
"43063099999","2025-05-01T03:00:00","4","18.5333333","73.85","558.0","PUNE, IN","FM-12","99999","V020","999,9,C,0000,1","99999,9,9,N","010000,1,9,9","+0310,1","+0158,1","10083,1",,,,,,,,,,,"240,N,+0225,1","99999,9,09477,1","9,9,999,9,+007,1",,"SYN07443063 32997 00000 10310 20158 39477 40083 333 20225 58007 555 00000 10007=",
"43063099999","2025-05-01T06:00:00","4","18.5333333","73.85","558.0","PUNE, IN","FM-12","99999","V020","320,1,N,0015,1","99999,9,9,N","010000,1,9,9","+0380,1","+0107,1","10064,1",,,,,,,,,,,,"99999,9,09472,1","9,9,999,9,+004,1",,"SYN05243063 32997 03203 10380 20107 39472 40064 333 58004=",
"43063099999","2025-05-01T09:00:00","4","18.5333333","73.85","558.0","PUNE, IN","FM-12","99999","V020","320,1,N,0021,1","99999,9,C,N","010000,1,9,9","+0402,1","+0081,1","10036,1",,,,,,"02,1,+00780,1,06,1","03,1,+00840,1,08,1",,"9,AGL   ,+99999,+99999","04,99,1,02,1,99,9,00780,1,99,9,99,9",,"99999,9,09448,1","9,9,999,9,+007,1",,"SYN07043063 32597 43204 10402 20081 39448 40036 84800 333 58007 82626 83828=","Q01 008403SCOCIG"
"43063099999","2025-05-01T12:00:00","4","18.5333333","73.85","558.0","PUNE, IN","FM-12","99999","V020","320,1,N,0026,1","22000,1,9,N","010000,1,9,9","+0378,1","+0123,1","10033,1",,,,,,"01,1,+00780,1,06,1",,,"9,AGL   ,+99999,+99999","02,99,1,01,1,99,9,00780,1,99,9,99,9",,"99999,9,09439,1","9,9,999,9,+007,1",,"SYN07043063 32597 23205 10378 20123 39439 40033 82800 333 10412 58007 81626=",
"43063099999","2025-05-01T15:00:00","4","18.5333333","73.85","558.0","PUNE, IN","FM-12","99999","V020","270,1,N,0005,1","99999,9,9,N","004000,1,9,9","+0310,1","+0212,1","10068,1",,,,,,,,,,,,"99999,9,09463,1","9,9,999,9,+010,1",,"SYN05243063 32996 02701 10310 20212 39463 40068 333 58010=",
"43063099999","2025-05-01T18:00:00","4","18.5333333","73.85","558.0","PUNE, IN","FM-12","99999","V020","270,1,N,0005,1","99999,9,9,N","004000,1,9,9","+0276,1","+0120,1","10079,1",,,,,,,,,,,,"99999,9,09468,1","9,9,999,9,+003,1",,"SYN05243063 32996 02701 10276 20120 39468 40079 333 58003=",
"43063099999","2025-05-01T21:00:00","4","18.5333333","73.85","558.0","PUNE, IN","FM-12","99999","V020","999,9,C,0000,1","99999,9,9,N","004000,1,9,9","+0230,1","+0122,1","10082,1",,,,,,,,,,,,"99999,9,09460,1","9,9,999,9,+004,1",,"SYN05243063 32996 00000 10230 20122 39460 40082 333 58004=",
"43063099999","2025-05-02T00:00:00","4","18.5333333","73.85","558.0","PUNE, IN","FM-12","99999","V020","999,9,C,0000,1","00780,1,C,N","004000,1,9,9","+0212,1","+0107,1","10092,1",,,,,,"06,1,+00780,1,06,1",,,"9,AGL   ,+99999,+99999","06,99,1,06,1,99,9,00780,1,99,9,99,9",,"99999,9,09468,1","9,9,999,9,+006,1",,"SYN06443063 32596 60000 10212 20107 39468 40092 86500 333 58006 86626=",
"43063099999","2025-05-02T03:00:00","4","18.5333333","73.85","558.0","PUNE, IN","FM-12","99999","V020","270,1,N,0010,1","22000,1,9,N","010000,1,9,9","+0310,1","+0091,1","10084,1",,,,,,"02,1,+00780,1,06,1",,,"9,AGL   ,+99999,+99999","02,99,1,02,1,99,9,00780,1,99,9,99,9","240,N,+0215,1","99999,9,09475,1","9,9,999,9,+003,1",,"SYN07043063 32597 22702 10310 20091 39475 40084 82500 333 20215 58003 82626=",
"43063099999","2025-05-02T06:00:00","4","18.5333333","73.85","558.0","PUNE, IN","FM-12","99999","V020","270,1,N,0015,1","99999,9,9,N","010000,1,9,9","+0376,1","+0064,1","10068,1",,,,,,,,,,,,"99999,9,09473,1","9,9,999,9,+001,1",,"SYN05243063 32997 02703 10376 20064 39473 40068 333 58001=",
"43063099999","2025-05-02T09:00:00","4","18.5333333","73.85","558.0","PUNE, IN","FM-12","99999","V020","270,1,N,0021,1","22000,1,9,N","010000,1,9,9","+0400,1","+0057,1","10041,1",,,,,,"01,1,+00780,1,06,1",,,"9,AGL   ,+99999,+99999","01,99,1,01,1,99,9,00780,1,99,9,99,9",,"99999,9,09454,1","9,9,999,9,+006,1",,"SYN06443063 32597 12704 10400 20057 39454 40041 81500 333 58006 81626=",
"43063099999","2025-05-02T12:00:00","4","18.5333333","73.85","558.0","PUNE, IN","FM-12","99999","V020","290,1,N,0015,1","99999,9,9,N","010000,1,9,9","+0380,1","+0079,1","10034,1",,,,,,,,,,,,"99999,9,09444,1","9,9,999,9,+005,1",,"SYN05843063 32997 02903 10380 20079 39444 40034 333 10406 58005=",
"43063099999","2025-05-02T15:00:00","4","18.5333333","73.85","558.0","PUNE, IN","FM-12","99999","V020","270,1,N,0021,1","99999,9,9,N","004000,1,9,9","+0320,1","+0117,1","10057,1",,,,,,,,,,,,"99999,9,09454,1","9,9,999,9,-009,1",,"SYN05243063 32996 02704 10320 20117 39454 40057 333 59009=",
"43063099999","2025-05-02T18:00:00","4","18.5333333","73.85","558.0","PUNE, IN","FM-12","99999","V020","270,1,N,0005,1","22000,1,9,N","004000,1,9,9","+0276,1","+0092,1","10078,1",,,,,,"02,1,+00780,1,06,1",,,"9,AGL   ,+99999,+99999","02,99,1,02,1,99,9,00780,1,99,9,99,9",,"99999,9,09467,1","9,9,999,9,-001,1",,"SYN06443063 32596 22701 10276 20092 39467 40078 82500 333 59001 82626=",
"43063099999","2025-05-02T21:00:00","4","18.5333333","73.85","558.0","PUNE, IN","FM-12","99999","V020","270,1,N,0010,1","22000,1,9,N","004000,1,9,9","+0268,1","+0063,1","10068,1",,,,,,"03,1,+00780,1,06,1",,,"9,AGL   ,+99999,+99999","03,99,1,03,1,99,9,00780,1,99,9,99,9",,"99999,9,09455,1","9,9,999,9,-005,1",,"SYN06443063 32596 32702 10268 20063 39455 40068 83500 333 59005 83626=",
"43063099999","2025-05-03T00:00:00","4","18.5333333","73.85","558.0","PUNE, IN","FM-12","99999","V020","270,1,N,0005,1","22000,1,9,N","004000,1,9,9","+0262,1","+0085,1","10073,1",,,,,,"04,1,+00780,1,06,1",,,"9,AGL   ,+99999,+99999","04,99,1,04,1,99,9,00780,1,99,9,99,9",,"99999,9,09460,1","9,9,999,9,-008,1",,"SYN06443063 32596 42701 10262 20085 39460 40073 84500 333 59008 84626=",
"43063099999","2025-05-03T03:00:00","4","18.5333333","73.85","558.0","PUNE, IN","FM-12","99999","V020","270,1,N,0010,1","22000,1,9,N","010000,1,9,9","+0300,1","+0090,1","10083,1",,,,,,"03,1,+00780,1,06,1",,,"9,AGL   ,+99999,+99999","03,99,1,03,1,99,9,00780,1,99,9,99,9","240,N,+0253,1","99999,9,09472,1","9,9,999,9,-003,1",,"SYN08643063 32597 32702 10300 20090 39472 40083 83500 333 20253 59003 83626 555 00000 10007=",
"43063099999","2025-05-03T06:00:00","4","18.5333333","73.85","558.0","PUNE, IN","FM-12","99999","V020","270,1,N,0010,1","22000,1,9,N","010000,1,9,9","+0358,1","+0065,1","10079,1",,,,,,"02,1,+00780,1,06,1",,,"9,AGL   ,+99999,+99999","02,99,1,02,1,99,9,00780,1,99,9,99,9",,"99999,9,09479,1","9,9,999,9,+006,1",,"SYN06443063 32597 22702 10358 20065 39479 40079 82500 333 58006 82626=",
"43063099999","2025-05-03T09:00:00","4","18.5333333","73.85","558.0","PUNE, IN","FM-12","99999","V020","270,1,N,0010,1","22000,1,9,N","010000,1,9,9","+0374,1","+0085,1","10048,1",,,,,,"01,1,+00780,1,06,1",,,"9,AGL   ,+99999,+99999","01,99,1,01,1,99,9,00780,1,99,9,99,9",,"99999,9,09457,1","9,9,999,9,+003,1",,"SYN06443063 32597 12702 10374 20085 39457 40048 81500 333 58003 81626=",
"43063099999","2025-05-03T12:00:00","4","18.5333333","73.85","558.0","PUNE, IN","FM-12","99999","V020","270,1,N,0031,1","99999,9,9,N","010000,1,9,9","+0354,1","+0150,1","10033,1",,,,,,,,,,,,"99999,9,09439,1","9,9,999,9,-005,1",,"SYN05843063 32997 02706 10354 20150 39439 40033 333 10382 59005=",
"43063099999","2025-05-03T15:00:00","4","18.5333333","73.85","558.0","PUNE, IN","FM-12","99999","V020","270,1,N,0026,1","99999,9,9,N","004000,1,9,9","+0296,1","+0174,1","10067,1",,,,,,,,,,,,"99999,9,09460,1","9,9,999,9,+006,1",,"SYN05243063 32996 02705 10296 20174 39460 40067 333 58006=",
"43063099999","2025-05-03T18:00:00","4","18.5333333","73.85","558.0","PUNE, IN","FM-12","99999","V020","270,1,N,0021,1","99999,9,9,N","004000,1,9,9","+0264,1","+0168,1","10079,1",,,,,,,,,,,,"99999,9,09466,1","9,9,999,9,-001,1",,"SYN05243063 32996 02704 10264 20168 39466 40079 333 59001=",
"43063099999","2025-05-03T21:00:00","4","18.5333333","73.85","558.0","PUNE, IN","FM-12","99999","V020","270,1,N,0026,1","22000,1,9,N","004000,1,9,9","+0246,1","+0172,1","10073,1",,,,,,"03,1,+00780,1,06,1",,,"9,AGL   ,+99999,+99999","03,99,1,03,1,99,9,00780,1,99,9,99,9",,"99999,9,09455,1","9,9,999,9,+000,1",,"SYN06443063 32596 32705 10246 20172 39455 40073 83500 333 58000 83626=",
"43063099999","2025-05-04T00:00:00","4","18.5333333","73.85","558.0","PUNE, IN","FM-12","99999","V020","270,1,N,0021,1","99999,9,9,N","004000,1,9,9","+0242,1","+0160,1","10074,1",,,,,,,,,,,,"99999,9,09456,1","9,9,999,9,-004,1",,"SYN05243063 32996 02704 10242 20160 39456 40074 333 59004=",
"43063099999","2025-05-04T03:00:00","4","18.5333333","73.85","558.0","PUNE, IN","FM-12","99999","V020","270,1,N,0010,1","99999,9,9,N","010000,1,9,9","+0268,1","+0165,1","10090,1",,,,,,,,,,,"240,N,+0231,1","99999,9,09476,1","9,9,999,9,+004,1",,"SYN07443063 32997 02702 10268 20165 39476 40090 333 20231 58004 555 00000 10007=",
"43063099999","2025-05-04T06:00:00","4","18.5333333","73.85","558.0","PUNE, IN","FM-12","99999","V020","270,1,N,0015,1","99999,9,9,N","010000,1,9,9","+0342,1","+0093,1","10067,1",,,,,,,,,,,,"99999,9,09469,1","9,9,999,9,-010,1",,"SYN05243063 32997 02703 10342 20093 39469 40067 333 59010=",
"43063099999","2025-05-04T09:00:00","4","18.5333333","73.85","558.0","PUNE, IN","FM-12","99999","V020","270,1,N,0010,1","22000,1,9,N","010000,1,9,9","+0362,1","+0117,1","10038,1",,,,,,"01,1,+00780,1,06,1",,,"9,AGL   ,+99999,+99999","01,99,1,01,1,99,9,00780,1,99,9,99,9",,"99999,9,09446,1","9,9,999,9,-011,1",,"SYN06443063 32597 12702 10362 20117 39446 40038 81500 333 59011 81626=",
"43063099999","2025-05-04T12:00:00","4","18.5333333","73.85","558.0","PUNE, IN","FM-12","99999","V020","270,1,N,0021,1","99999,9,9,N","010000,1,9,9","+0352,1","+0124,1","10029,1",,,,,,,,,,,,"99999,9,09435,1","9,9,999,9,-004,1",,"SYN05843063 32997 02704 10352 20124 39435 40029 333 10369 59004=",
"43063099999","2025-05-04T15:00:00","4","18.5333333","73.85","558.0","PUNE, IN","FM-12","99999","V020","270,1,N,0026,1","99999,9,9,N","004000,1,9,9","+0292,1","+0191,1","10057,1",,,,,,,,,,,,"99999,9,09450,1","9,9,999,9,-010,1",,"SYN05243063 32996 02705 10292 20191 39450 40057 333 59010=",
"43063099999","2025-05-04T18:00:00","4","18.5333333","73.85","558.0","PUNE, IN","FM-12","99999","V020","270,1,N,0010,1","99999,9,9,N","004000,1,9,9","+0258,1","+0202,1","10073,1",,,,,,,,,,,,"99999,9,09458,1","9,9,999,9,-008,1",,"SYN05243063 32996 02702 10258 20202 39458 40073 333 59008=",
"43063099999","2025-05-04T21:00:00","4","18.5333333","73.85","558.0","PUNE, IN","FM-12","99999","V020","270,1,N,0010,1","99999,9,9,N","004000,1,9,9","+0240,1","+0192,1","10069,1",,,,,,,,,,,,"99999,9,09450,1","9,9,999,9,-005,1",,"SYN05243063 32996 02702 10240 20192 39450 40069 333 59005=",
"43063099999","2025-05-05T00:00:00","4","18.5333333","73.85","558.0","PUNE, IN","FM-12","99999","V020","999,9,C,0000,1","99999,9,9,N","004000,1,9,9","+0232,1","+0196,1","10068,1",,,,,,,,,,,,"99999,9,09449,1","9,9,999,9,-007,1",,"SYN05243063 32996 00000 10232 20196 39449 40068 333 59007=",
"43063099999","2025-05-05T03:00:00","4","18.5333333","73.85","558.0","PUNE, IN","FM-12","99999","V020","270,1,N,0005,1","22000,1,9,N","010000,1,9,9","+0276,1","+0192,1","10073,1",,,,,,"01,1,+01800,1,03,1",,,"9,AGL   ,+99999,+99999","01,99,1,01,1,99,9,01800,1,99,9,99,9","240,N,+0217,1","99999,9,09462,1","9,9,999,9,-014,1",,"SYN08643063 32797 12701 10276 20192 39462 40073 81030 333 20217 59014 81356 555 00000 10007=",
"43063099999","2025-05-05T06:00:00","4","18.5333333","73.85","558.0","PUNE, IN","FM-12","99999","V020","270,1,N,0010,1","99999,9,9,N","010000,1,9,9","+0348,1","+0137,1","10057,1",,,,,,,,,,,,"99999,9,09460,1","9,9,999,9,-009,1",,"SYN05243063 32997 02702 10348 20137 39460 40057 333 59009=",
"43063099999","2025-05-05T09:00:00","4","18.5333333","73.85","558.0","PUNE, IN","FM-12","99999","V020","270,1,N,0021,1","22000,1,9,9","010000,1,9,9","+0370,1","+0110,1","10028,1","99,9999,9,9",,,"0,1,99,9","0,1,99,9","01,1,+00840,1,08,1",,,"9,AGL   ,+99999,+99999","01,99,1,01,1,99,9,00840,1,99,9,99,9",,"99999,9,09436,1","9,9,999,9,-010,1",,"SYN004BUFR",
"43063099999","2025-05-05T12:00:00","4","18.5333333","73.85","558.0","PUNE, IN","FM-12","99999","V020","270,1,N,0026,1","22000,1,9,N","010000,1,9,9","+0356,1","+0090,1","10024,1",,,,,,"01,1,+00780,1,06,1",,,"9,AGL   ,+99999,+99999","02,99,1,01,1,99,9,00780,1,99,9,99,9",,"99999,9,09430,1","9,9,999,9,-005,1",,"SYN07043063 32597 22705 10356 20090 39430 40024 82800 333 10382 59005 81626=",
"43063099999","2025-05-05T15:00:00","4","18.5333333","73.85","558.0","PUNE, IN","FM-12","99999","V020","270,1,N,0041,1","99999,9,9,N","004000,1,9,9","+0298,1","+0170,1","10065,1",,,,,,,,,,,,"99999,9,09458,1","9,9,999,9,+008,1",,"SYN05243063 32996 02708 10298 20170 39458 40065 333 58008=",
"43063099999","2025-05-05T18:00:00","4","18.5333333","73.85","558.0","PUNE, IN","FM-12","99999","V020","270,1,N,0021,1","99999,9,9,N","004000,1,9,9","+0258,1","+0199,1","10091,1",,,,,,,,,,,,"99999,9,09474,1","9,9,999,9,+016,1",,"SYN05243063 32996 02704 10258 20199 39474 40091 333 58016=",
"43063099999","2025-05-05T21:00:00","4","18.5333333","73.85","558.0","PUNE, IN","FM-12","99999","V020","270,1,N,0015,1","99999,9,9,N","004000,1,9,9","+0246,1","+0201,1","10080,1",,,,,,,,,,,,"99999,9,09462,1","9,9,999,9,+012,1",,"SYN05243063 32996 02703 10246 20201 39462 40080 333 58012=",
"43063099999","2025-05-06T00:00:00","4","18.5333333","73.85","558.0","PUNE, IN","FM-12","99999","V020","270,1,N,0015,1","99999,9,9,N","004000,1,9,9","+0240,1","+0204,1","10086,1",,,,,,,,,,,,"99999,9,09466,1","9,9,999,9,+017,1",,"SYN05243063 32996 02703 10240 20204 39466 40086 333 58017=",
"43063099999","2025-05-06T03:00:00","4","18.5333333","73.85","558.0","PUNE, IN","FM-12","99999","V020","999,9,C,0000,1","22000,1,9,N","010000,1,9,9","+0270,1","+0205,1","10099,1",,,,,,"04,1,+00780,1,06,1",,,"9,AGL   ,+99999,+99999","04,99,1,04,1,99,9,00780,1,99,9,99,9","240,N,+0233,1","99999,9,09484,1","9,9,999,9,+022,1",,"SYN08643063 32597 40000 10270 20205 39484 40099 84500 333 20233 58022 84626 555 00000 10007=",
"43063099999","2025-05-06T06:00:00","4","18.5333333","73.85","558.0","PUNE, IN","FM-12","99999","V020","270,1,N,0010,1","99999,9,9,N","010000,1,9,9","+0330,1","+0181,1","10077,1",,,,,,,,,,"99,99,9,01,1,99,9,00780,1,99,9,99,9",,"99999,9,09475,1","9,9,999,9,+015,1",,"SYN06443063 32597 02702 10330 20181 39475 40077 81500 333 58015 81626=",
"43063099999","2025-05-06T09:00:00","4","18.5333333","73.85","558.0","PUNE, IN","FM-12","99999","V020","270,1,N,0021,1","22000,1,9,N","010000,1,9,9","+0362,1","+0121,1","10041,1",,,,,,"01,1,+00780,1,06,1",,,"9,AGL   ,+99999,+99999","02,99,1,01,1,99,9,00780,1,99,9,99,9",,"99999,9,09449,1","9,9,999,9,+013,1",,"SYN06443063 32597 22704 10362 20121 39449 40041 82800 333 58013 81626=",
"43063099999","2025-05-06T12:00:00","4","18.5333333","73.85","558.0","PUNE, IN","FM-12","99999","V020","270,1,N,0041,1","22000,1,9,N","010000,1,9,9","+0344,1","+0148,1","10025,1",,,,,,"02,1,+00780,1,06,1",,,"9,AGL   ,+99999,+99999","03,99,1,02,1,99,9,00780,1,99,9,99,9",,"99999,9,09430,1","9,9,999,9,+000,1",,"SYN07043063 32597 32708 10344 20148 39430 40025 83800 333 10372 58000 82626=",
"43063099999","2025-05-06T15:00:00","4","18.5333333","73.85","558.0","PUNE, IN","FM-12","99999","V020","270,1,N,0036,1","22000,1,9,N","004000,1,9,9","+0276,1","+0196,1","10076,1",,,,,,"01,1,+00780,1,06,1",,,"9,AGL   ,+99999,+99999","01,99,1,01,1,99,9,00780,1,99,9,99,9",,"99999,9,09465,1","9,9,999,9,+007,1",,"SYN06443063 32596 12707 10276 20196 39465 40076 81500 333 58007 81626=",
"43063099999","2025-05-06T18:00:00","4","18.5333333","73.85","558.0","PUNE, IN","FM-12","99999","V020","270,1,N,0021,1","22000,1,9,N","004000,1,9,9","+0260,1","+0201,1","10099,1",,,,,,"04,1,+00780,1,06,1",,,"9,AGL   ,+99999,+99999","04,99,1,04,1,99,9,00780,1,99,9,99,9",,"99999,9,09482,1","9,9,999,9,+008,1",,"SYN06443063 32596 42704 10260 20201 39482 40099 84500 333 58008 84626=",
"43063099999","2025-05-06T21:00:00","4","18.5333333","73.85","558.0","PUNE, IN","FM-12","99999","V020","270,1,N,0015,1","22000,1,9,N","004000,1,9,9","+0238,1","+0166,1","10067,1",,,,,,"03,1,+00780,1,06,1",,,"9,AGL   ,+99999,+99999","03,99,1,03,1,99,9,00780,1,99,9,99,9",,"99999,9,09448,1","9,9,999,9,-014,1",,"SYN06443063 32596 32703 10238 20166 39448 40067 83500 333 59014 83626=",
"43063099999","2025-05-07T00:00:00","4","18.5333333","73.85","558.0","PUNE, IN","FM-12","99999","V020","999,9,C,0000,1","22000,1,9,N","004000,1,9,9","+0234,1","+0175,1","10075,1",,,,,,"04,1,+00780,1,06,1",,,"9,AGL   ,+99999,+99999","04,99,1,04,1,99,9,00780,1,99,9,99,9",,"99999,9,09455,1","9,9,999,9,-011,1",,"SYN06443063 32596 40000 10234 20175 39455 40075 84500 333 59011 84626=",
"43063099999","2025-05-07T03:00:00","4","18.5333333","73.85","558.0","PUNE, IN","FM-12","99999","V020","270,1,N,0015,1","99999,9,9,N","010000,1,9,9","+0280,1","+0165,1","10075,1",,,,,,,,,,,"240,N,+0228,1","99999,9,09464,1","9,9,999,9,-020,1",,"SYN07443063 32997 02703 10280 20165 39464 40075 333 20228 59020 555 00000 10007=",
"43063099999","2025-05-07T06:00:00","4","18.5333333","73.85","558.0","PUNE, IN","FM-12","99999","V020","270,1,N,0021,1","22000,1,9,N","010000,1,9,9","+0320,1","+0168,1","10063,1",,,,,,"01,1,+00780,1,06,1",,,"9,AGL   ,+99999,+99999","02,99,1,01,1,99,9,00780,1,99,9,99,9",,"99999,9,09460,1","9,9,999,9,-015,1",,"SYN06443063 32597 22704 10320 20168 39460 40063 82800 333 59015 81626=",
"43063099999","2025-05-07T09:00:00","4","18.5333333","73.85","558.0","PUNE, IN","FM-12","99999","V020","270,1,N,0021,1","99999,9,C,N","010000,1,9,9","+0306,1","+0179,1","10046,1",,,,,,"02,1,+00780,1,06,1","03,1,+00840,1,08,1",,"9,AGL   ,+99999,+99999","04,99,1,02,1,99,9,00780,1,99,9,99,9",,"99999,9,09442,1","9,9,999,9,-007,1",,"SYN07043063 32597 42704 10306 20179 39442 40046 84800 333 59007 82626 83828=","Q01 008403SCOCIG"
"43063099999","2025-05-07T12:00:00","4","18.5333333","73.85","558.0","PUNE, IN","FM-12","99999","V020","270,1,N,0026,1","00840,1,C,N","010000,1,9,9","+0316,1","+0166,1","10034,1",,,,,,"02,1,+00780,1,06,1","03,1,+00840,1,08,1",,"9,AGL   ,+99999,+99999","05,99,1,02,1,99,9,00780,1,99,9,99,9",,"99999,9,09433,1","9,9,999,9,+003,1",,"SYN07643063 32597 52705 10316 20166 39433 40034 85800 333 10337 58003 82626 83828=",
"43063099999","2025-05-07T15:00:00","4","18.5333333","73.85","558.0","PUNE, IN","FM-12","99999","V020","270,1,N,0015,1","22000,1,9,N","004000,1,9,9","+0250,1","+0162,1","10073,1",,"2,1,02,1","2,1,02,1",,,"02,1,+00780,1,06,1","01,1,+00900,1,09,1",,"9,AGL   ,+99999,+99999","04,99,1,02,1,99,9,00780,1,99,9,99,9",,"99999,9,09455,1","9,9,999,9,-010,1","13,1","SYN08243063 31596 42703 10250 20162 39455 40073 71322 84900 333 59010 82626 81930 96162=",
"43063099999","2025-05-07T18:00:00","4","18.5333333","73.85","558.0","PUNE, IN","FM-12","99999","V020","270,1,N,0051,1","22000,1,9,N","004000,1,9,9","+0234,1","+0175,1","10086,1",,,,,,"03,1,+00780,1,06,1",,,"9,AGL   ,+99999,+99999","04,99,1,03,1,99,9,00780,1,99,9,99,9",,"99999,9,09466,1","9,9,999,9,-018,1",,"SYN06443063 32596 42710 10234 20175 39466 40086 84800 333 59018 83626=",
"43063099999","2025-05-07T21:00:00","4","18.5333333","73.85","558.0","PUNE, IN","FM-12","99999","V020","270,1,N,0041,1","99999,9,9,N","004000,1,9,9","+0250,1","+0190,1","10053,1",,,,,,"04,1,+00780,1,06,1",,,"9,AGL   ,+99999,+99999","05,99,1,04,1,99,9,00780,1,99,9,99,9",,"99999,9,09436,1","9,9,999,9,-012,1",,"SYN06443063 32596 52708 10250 20190 39436 40053 85800 333 59012 84626=",
"43063099999","2025-05-08T00:00:00","4","18.5333333","73.85","558.0","PUNE, IN","FM-12","99999","V020","270,1,N,0021,1","00780,1,C,N","004000,1,9,9","+0236,1","+0174,1","10061,1","21,0000,2,1","2,1,02,1","2,1,02,1",,,"06,1,+00780,1,06,1",,,"9,AGL   ,+99999,+99999","07,99,1,06,1,99,9,00780,1,99,9,99,9",,"99999,9,09442,1","9,9,999,9,-013,1","50,1","SYN07643063 21596 72704 10236 20174 39442 40061 75022 87800 333 59013 6990/ 86626=",
"43063099999","2025-05-08T03:00:00","4","18.5333333","73.85","558.0","PUNE, IN","FM-12","99999","V020","270,1,N,0015,1","01800,1,C,N","010000,1,9,9","+0252,1","+0175,1","10080,1","24,0000,2,1",,,,,"03,1,+00780,1,06,1","05,1,+01800,1,03,1",,"9,AGL   ,+99999,+99999","07,99,1,03,1,99,9,00780,1,99,9,99,9","240,N,+0223,1","99999,9,09464,1","9,9,999,9,+000,1",,"SYN09843063 22597 72703 10252 20175 39464 40080 83530 333 20223 58000 6990/ 83626 85356 555 00000 10007=",
"43063099999","2025-05-08T06:00:00","4","18.5333333","73.85","558.0","PUNE, IN","FM-12","99999","V020","270,1,N,0005,1","01800,1,C,N","010000,1,9,9","+0278,1","+0188,1","10078,1",,,,,,"03,1,+00780,1,06,1","03,1,+01800,1,03,1",,"9,AGL   ,+99999,+99999","07,99,1,03,1,99,9,00780,1,99,9,99,9",,"99999,9,09467,1","9,9,999,9,+007,1",,"SYN07043063 32597 72701 10278 20188 39467 40078 84830 333 58007 83626 83356=",
"43063099999","2025-05-08T09:00:00","4","18.5333333","73.85","558.0","PUNE, IN","FM-12","99999","V020","270,1,N,0031,1","00840,1,C,N","010000,1,9,9","+0314,1","+0148,1","10049,1",,,,,,"03,1,+00780,1,06,1","03,1,+00840,1,08,1",,"9,AGL   ,+99999,+99999","06,99,1,03,1,99,9,00780,1,99,9,99,9",,"99999,9,09447,1","9,9,999,9,+005,1",,"SYN07043063 32597 62706 10314 20148 39447 40049 85830 333 58005 83626 83828=",
"43063099999","2025-05-08T12:00:00","4","18.5333333","73.85","558.0","PUNE, IN","FM-12","99999","V020","270,1,N,0026,1","01800,1,C,N","010000,1,9,9","+0296,1","+0174,1","10045,1",,,,,,"02,1,+00780,1,06,1","03,1,+01800,1,03,1","99,9,+99999,9,00,1","9,AGL   ,+99999,+99999","06,99,1,02,1,99,9,00780,1,99,9,99,9",,"99999,9,09439,1","9,9,999,9,+006,1",,"SYN07643063 32597 62705 10296 20174 39439 40045 83831 333 10328 58006 82626 83356=",
"43063099999","2025-05-08T15:00:00","4","18.5333333","73.85","558.0","PUNE, IN","FM-12","99999","V020","270,1,N,0021,1","01800,1,C,N","004000,1,9,9","+0260,1","+0177,1","10070,1",,,,,,"02,1,+00780,1,06,1","05,1,+01800,1,03,1",,"9,AGL   ,+99999,+99999","06,99,1,02,1,99,9,00780,1,99,9,99,9",,"99999,9,09455,1","9,9,999,9,+000,1",,"SYN07043063 32596 62704 10260 20177 39455 40070 82530 333 58000 82626 85356=",
"43063099999","2025-05-08T18:00:00","4","18.5333333","73.85","558.0","PUNE, IN","FM-12","99999","V020","270,1,N,0021,1","01800,1,C,N","004000,1,9,9","+0250,1","+0186,1","10089,1",,,,,,"02,1,+00780,1,06,1","03,1,+01800,1,03,1",,"9,AGL   ,+99999,+99999","06,99,1,02,1,99,9,00780,1,99,9,99,9",,"99999,9,09470,1","9,9,999,9,+004,1",,"SYN07043063 32596 62704 10250 20186 39470 40089 83530 333 58004 82626 83356=",
"43063099999","2025-05-08T21:00:00","4","18.5333333","73.85","558.0","PUNE, IN","FM-12","99999","V020","230,1,N,0010,1","22000,1,9,N","004000,1,9,9","+0242,1","+0191,1","10077,1",,,,,,"01,1,+00780,1,06,1",,,"9,AGL   ,+99999,+99999","01,99,1,01,1,99,9,00780,1,99,9,99,9",,"99999,9,09459,1","9,9,999,9,+023,1",,"SYN06443063 32596 12302 10242 20191 39459 40077 81500 333 58023 81626=",
"43063099999","2025-05-09T00:00:00","4","18.5333333","73.85","558.0","PUNE, IN","FM-12","99999","V020","230,1,N,0005,1","22000,1,9,N","004000,1,9,9","+0226,1","+0193,1","10085,1",,,,,,"01,1,+00780,1,06,1","03,1,+01800,1,03,1",,"9,AGL   ,+99999,+99999","03,99,1,01,1,99,9,00780,1,99,9,99,9",,"99999,9,09463,1","9,9,999,9,+021,1",,"SYN07043063 32596 32301 10226 20193 39463 40085 81530 333 58021 81626 83356=",
"43063099999","2025-05-09T03:00:00","4","18.5333333","73.85","558.0","PUNE, IN","FM-12","99999","V020","270,1,N,0010,1","22000,1,9,N","010000,1,9,9","+0270,1","+0196,1","10092,1",,,,,,"02,1,+00780,1,06,1",,,"9,AGL   ,+99999,+99999","02,99,1,02,1,99,9,00780,1,99,9,99,9","240,N,+0217,1","99999,9,09477,1","9,9,999,9,+013,1",,"SYN08643063 32597 22702 10270 20196 39477 40092 82500 333 20217 58013 82626 555 00000 10007=",
"43063099999","2025-05-09T06:00:00","4","18.5333333","73.85","558.0","PUNE, IN","FM-12","99999","V020","270,1,N,0015,1","00840,1,C,N","010000,1,9,9","+0314,1","+0182,1","10081,1",,,,,,"04,1,+00780,1,06,1","04,1,+00840,1,08,1",,"9,AGL   ,+99999,+99999","07,99,1,04,1,99,9,00780,1,99,9,99,9",,"99999,9,09477,1","9,9,999,9,+010,1",,"SYN07043063 32597 72703 10314 20182 39477 40081 87800 333 58010 84626 84828=",
"43063099999","2025-05-09T09:00:00","4","18.5333333","73.85","558.0","PUNE, IN","FM-12","99999","V020","320,1,N,0005,1","00840,1,C,N","010000,1,9,9","+0292,1","+0208,1","10053,1","06,0002,3,1","2,1,02,1","2,1,02,1",,,"03,1,+00780,1,06,1","03,1,+00840,1,08,1",,"9,AGL   ,+99999,+99999","06,99,1,03,1,99,9,00780,1,99,9,99,9",,"99999,9,09447,1","9,9,999,9,+000,1","21,1","SYN08243063 21597 63201 10292 20208 39447 40053 72122 86800 333 58000 6992/ 83626 83828=",
"43063099999","2025-05-09T12:00:00","4","18.5333333","73.85","558.0","PUNE, IN","FM-12","99999","V020","999,9,C,0000,1","00840,1,C,N","010000,1,9,9","+0264,1","+0224,1","10058,1","09,0110,3,1","9,1,02,1","6,1,02,1",,,"04,1,+00780,1,06,1","04,1,+00840,1,08,1",,"9,AGL   ,+99999,+99999","06,99,1,04,1,99,9,00780,1,99,9,99,9",,"99999,9,09446,1","9,9,999,9,+007,1","02,1","SYN08843063 21597 60000 10264 20224 39446 40058 70296 86800 333 10328 58007 6011/ 84626 84828=",
"43063099999","2025-05-09T15:00:00","4","18.5333333","73.85","558.0","PUNE, IN","FM-12","99999","V020","270,1,N,0026,1","22000,1,9,N","004000,1,9,9","+0256,1","+0193,1","10080,1","12,0110,3,1",,,,,"04,1,+00780,1,06,1",,,"9,AGL   ,+99999,+99999","04,99,1,04,1,99,9,00780,1,99,9,99,9",,"99999,9,09464,1","9,9,999,9,+009,1",,"SYN07043063 22596 42705 10256 20193 39464 40080 84500 333 58009 6011/ 84626=",
"43063099999","2025-05-09T18:00:00","4","18.5333333","73.85","558.0","PUNE, IN","FM-12","99999","V020","270,1,N,0021,1","22000,1,9,N","004000,1,9,9","+0242,1","+0203,1","10092,1","15,0110,3,1",,,,,"01,1,+00780,1,06,1",,,"9,AGL   ,+99999,+99999","01,99,1,01,1,99,9,00780,1,99,9,99,9",,"99999,9,09473,1","9,9,999,9,+003,1",,"SYN07043063 22596 12704 10242 20203 39473 40092 81500 333 58003 6011/ 81626=",
"43063099999","2025-05-09T21:00:00","4","18.5333333","73.85","558.0","PUNE, IN","FM-12","99999","V020","999,9,C,0000,1","22000,1,9,N","004000,1,9,9","+0226,1","+0205,1","10082,1","18,0110,3,1",,,,,"04,1,+01800,1,03,1",,,"9,AGL   ,+99999,+99999","04,99,1,04,1,99,9,01800,1,99,9,99,9",,"99999,9,09460,1","9,9,999,9,+001,1",,"SYN07043063 22796 40000 10226 20205 39460 40082 84030 333 58001 6011/ 84356=",
"43063099999","2025-05-10T00:00:00","4","18.5333333","73.85","558.0","PUNE, IN","FM-12","99999","V020","999,9,C,0000,1","99999,9,9,N","004000,1,9,9","+0214,1","+0202,1","10087,1","21,0110,3,1",,,,,,,,,,,"99999,9,09463,1","9,9,999,9,+000,1",,"SYN05843063 22996 00000 10214 20202 39463 40087 333 58000 6011/=",
"43063099999","2025-05-10T03:00:00","4","18.5333333","73.85","558.0","PUNE, IN","FM-12","99999","V020","270,1,N,0005,1","22000,1,9,N","010000,1,9,9","+0264,1","+0208,1","10098,1","24,0110,3,1",,,,,"01,1,+00780,1,06,1",,,"9,AGL   ,+99999,+99999","02,99,1,01,1,99,9,00780,1,99,9,99,9","240,N,+0204,1","99999,9,09483,1","9,9,999,9,+006,1",,"SYN09243063 22597 22701 10264 20208 39483 40098 82800 333 20204 58006 6011/ 81626 555 00112 10019=",
"43063099999","2025-05-10T06:00:00","4","18.5333333","73.85","558.0","PUNE, IN","FM-12","99999","V020","270,1,N,0005,1","22000,1,9,N","010000,1,9,9","+0310,1","+0184,1","10080,1",,,,,,"03,1,+00800,1,08,1",,,"9,AGL   ,+99999,+99999","03,99,1,03,1,99,9,00800,1,99,9,99,9",,"99999,9,09474,1","9,9,999,9,-003,1",,"SYN05843063 32597 32701 10310 20184 39474 40080 83200 333 59003=",
"43063099999","2025-05-10T09:00:00","4","18.5333333","73.85","558.0","PUNE, IN","FM-12","99999","V020","270,1,N,0015,1","99999,9,9,N","010000,1,9,9","+0350,1","+0169,1","10050,1",,,,,,"04,1,+00780,1,06,1",,,"9,AGL   ,+99999,+99999","06,99,1,04,1,99,9,00780,1,99,9,99,9",,"99999,9,09453,1","9,9,999,9,+006,1",,"SYN06443063 32597 62703 10350 20169 39453 40050 86800 333 58006 84626=",
"43063099999","2025-05-10T12:00:00","4","18.5333333","73.85","558.0","PUNE, IN","FM-12","99999","V020","270,1,N,0010,1","99999,9,9,N","010000,1,9,9","+0340,1","+0155,1","10035,1","09,0000,9,1","5,1,02,1","2,1,02,1",,,"04,1,+00780,1,06,1","99,9,+99999,9,00,1",,"9,AGL   ,+99999,+99999","06,99,1,04,1,99,9,00780,1,99,9,99,9",,"99999,9,09437,1","9,9,999,9,-009,1","02,1","SYN08243063 21597 62702 10340 20155 39437 40035 70252 85801 333 10354 59009 6990/ 84626=","Q01  00002PRCP09"
"43063099999","2025-05-10T15:00:00","4","18.5333333","73.85","558.0","PUNE, IN","FM-12","99999","V020","270,1,N,0010,1","22000,1,9,N","004000,1,9,9","+0280,1","+0207,1","10080,1","12,0000,9,1",,,,,"04,1,+00780,1,06,1",,,"9,AGL   ,+99999,+99999","04,99,1,04,1,99,9,00780,1,99,9,99,9",,"99999,9,09469,1","9,9,999,9,+005,1",,"SYN07043063 22596 42702 10280 20207 39469 40080 84500 333 58005 6990/ 84626=","Q01  00002PRCP12"
"43063099999","2025-05-10T18:00:00","4","18.5333333","73.85","558.0","PUNE, IN","FM-12","99999","V020","270,1,N,0010,1","22000,1,9,N","004000,1,9,9","+0260,1","+0216,1","10089,1",,,,,,"03,1,+00780,1,06,1",,,"9,AGL   ,+99999,+99999","03,99,1,03,1,99,9,00780,1,99,9,99,9",,"99999,9,09472,1","9,9,999,9,-001,1",,"SYN06443063 32596 32702 10260 20216 39472 40089 83500 333 59001 83626=",
"43063099999","2025-05-10T21:00:00","4","18.5333333","73.85","558.0","PUNE, IN","FM-12","99999","V020","270,1,N,0005,1","22000,1,9,N","004000,1,9,9","+0244,1","+0209,1","10078,1",,,,,,"01,1,+00780,1,06,1",,,"9,AGL   ,+99999,+99999","01,99,1,01,1,99,9,00780,1,99,9,99,9",,"99999,9,09460,1","9,9,999,9,+000,1",,"SYN06443063 32596 12701 10244 20209 39460 40078 81500 333 58000 81626=",
"43063099999","2025-05-11T00:00:00","4","18.5333333","73.85","558.0","PUNE, IN","FM-12","99999","V020","999,9,C,0000,1","22000,1,9,N","004000,1,9,9","+0230,1","+0207,1","10087,1",,,,,,"02,1,+01800,1,03,1",,,"9,AGL   ,+99999,+99999","02,99,1,02,1,99,9,01800,1,99,9,99,9",,"99999,9,09465,1","9,9,999,9,-002,1",,"SYN06443063 22796 20000 10230 20207 39465 40087 82030 333 59002 82356=",
"43063099999","2025-05-11T03:00:00","4","18.5333333","73.85","558.0","PUNE, IN","FM-12","99999","V020","270,1,N,0005,1","22000,1,9,N","010000,1,9,9","+0278,1","+0208,1","10091,1","24,0000,9,1",,,,,"02,1,+00780,1,06,1",,,"9,AGL   ,+99999,+99999","02,99,1,02,1,99,9,00780,1,99,9,99,9","240,N,+0223,1","99999,9,09478,1","9,9,999,9,-005,1",,"SYN09243063 22597 22701 10278 20208 39478 40091 82500 333 20223 59005 6990/ 82626 555 00000 10019=","Q01  00002PRCP24"
"43063099999","2025-05-11T06:00:00","4","18.5333333","73.85","558.0","PUNE, IN","FM-12","99999","V020","999,9,C,0000,1","22000,1,9,N","010000,1,9,9","+0326,1","+0183,1","10074,1",,,,,,"02,1,+00780,1,06,1",,,"9,AGL   ,+99999,+99999","03,99,1,02,1,99,9,00780,1,99,9,99,9",,"99999,9,09472,1","9,9,999,9,-002,1",,"SYN06443063 32597 30000 10326 20183 39472 40074 83800 333 59002 82626=",
"43063099999","2025-05-11T09:00:00","4","18.5333333","73.85","558.0","PUNE, IN","FM-12","99999","V020","270,1,N,0010,1","00840,1,C,N","010000,1,9,9","+0358,1","+0176,1","10035,1",,,,,,"03,1,+00780,1,06,1","03,1,+00840,1,08,1",,"9,AGL   ,+99999,+99999","05,99,1,03,1,99,9,00780,1,99,9,99,9",,"99999,9,09441,1","9,9,999,9,-012,1",,"SYN07043063 32597 52702 10358 20176 39441 40035 85800 333 59012 83626 83828=",
"43063099999","2025-05-11T12:00:00","4","18.5333333","73.85","558.0","PUNE, IN","FM-12","99999","V020","270,1,N,0010,1","00840,1,C,N","010000,1,9,9","+0300,1","+0193,1","10031,1","09,0000,2,1","9,1,02,1","2,1,02,1",,,"03,1,+00780,1,06,1","03,1,+00840,1,08,1","01,1,+00900,1,09,1","9,AGL   ,+99999,+99999","06,99,1,03,1,99,9,00780,1,99,9,99,9",,"99999,9,09426,1","9,9,999,9,-011,1","50,1","SYN09443063 21597 62702 10300 20193 39426 40031 75092 86900 333 10362 59011 6990/ 83626 83828 81930=",
"43063099999","2025-05-11T15:00:00","4","18.5333333","73.85","558.0","PUNE, IN","FM-12","99999","V020","270,1,N,0021,1","00780,1,C,N","004000,1,9,9","+0274,1","+0194,1","10064,1","12,0000,2,1",,,,,"05,1,+00780,1,06,1",,,"9,AGL   ,+99999,+99999","06,99,1,05,1,99,9,00780,1,99,9,99,9",,"99999,9,09453,1","9,9,999,9,-016,1",,"SYN07043063 22596 62704 10274 20194 39453 40064 86800 333 59016 6990/ 85626=",
"43063099999","2025-05-11T18:00:00","4","18.5333333","73.85","558.0","PUNE, IN","FM-12","99999","V020","270,1,N,0010,1","22000,1,9,N","004000,1,9,9","+0264,1","+0214,1","10076,1","15,0000,2,1",,,,,"04,1,+00780,1,06,1",,,"9,AGL   ,+99999,+99999","04,99,1,04,1,99,9,00780,1,99,9,99,9",,"99999,9,09463,1","9,9,999,9,-009,1",,"SYN07043063 22596 42702 10264 20214 39463 40076 84500 333 59009 6990/ 84626=",
"43063099999","2025-05-11T21:00:00","4","18.5333333","73.85","558.0","PUNE, IN","FM-12","99999","V020","270,1,N,0005,1","22000,1,9,N","004000,1,9,9","+0256,1","+0218,1","10069,1","18,0000,2,1",,,,,"04,1,+00780,1,06,1",,,"9,AGL   ,+99999,+99999","04,99,1,04,1,99,9,00780,1,99,9,99,9",,"99999,9,09453,1","9,9,999,9,-007,1",,"SYN07043063 22596 42701 10256 20218 39453 40069 84500 333 59007 6990/ 84626=",
"43063099999","2025-05-12T00:00:00","4","18.5333333","73.85","558.0","PUNE, IN","FM-12","99999","V020","999,9,C,0000,1","99999,9,9,N","004000,1,9,9","+0250,1","+0221,1","10071,1","21,0000,2,1",,,,,"04,1,+00780,1,06,1","99,9,+99999,9,03,1",,"9,AGL   ,+99999,+99999","06,99,1,04,1,99,9,00780,1,99,9,99,9",,"99999,9,09453,1","9,9,999,9,-012,1",,"SYN07043063 22596 60000 10250 20221 39453 40071 84530 333 59012 6990/ 84626=",
"43063099999","2025-05-12T03:00:00","4","18.5333333","73.85","558.0","PUNE, IN","FM-12","99999","V020","999,9,C,0000,1","99999,9,9,N","010000,1,9,9","+0284,1","+0215,1","10083,1","24,0000,2,1",,,,,"04,1,+00780,1,06,1","99,9,+99999,9,03,1",,"9,AGL   ,+99999,+99999","06,99,1,04,1,99,9,00780,1,99,9,99,9","240,N,+0240,1","99999,9,09473,1","9,9,999,9,-005,1",,"SYN09243063 22597 60000 10284 20215 39473 40083 84530 333 20240 59005 6990/ 84626 555 00000 10019=",
"43063099999","2025-05-12T06:00:00","4","18.5333333","73.85","558.0","PUNE, IN","FM-12","99999","V020","180,1,N,0005,1","22000,1,9,N","010000,1,9,9","+0320,1","+0190,1","10066,1",,,,,,"02,1,+00780,1,06,1",,,"9,AGL   ,+99999,+99999","03,99,1,02,1,99,9,00780,1,99,9,99,9",,"99999,9,09463,1","9,9,999,9,-009,1",,"SYN06443063 32597 31801 10320 20190 39463 40066 83800 333 59009 82626=",
"43063099999","2025-05-12T09:00:00","4","18.5333333","73.85","558.0","PUNE, IN","FM-12","99999","V020","270,1,N,0005,1","99999,9,9,N","010000,1,9,9","+0356,1","+0185,1","10027,1",,,,,,"03,1,+00780,1,06,1",,,"9,AGL   ,+99999,+99999","05,99,1,03,1,99,9,00780,1,99,9,99,9",,"99999,9,09431,1","9,9,999,9,-010,1",,"SYN06443063 32597 52701 10356 20185 39431 40027 85800 333 59010 83626=",
"43063099999","2025-05-12T12:00:00","4","18.5333333","73.85","558.0","PUNE, IN","FM-12","99999","V020","320,1,N,0026,1","00840,1,C,N","010000,1,9,9","+0322,1","+0203,1","10020,1",,,,,,"03,1,+00780,1,06,1","03,1,+00840,1,08,1",,"9,AGL   ,+99999,+99999","05,99,1,03,1,99,9,00780,1,99,9,99,9",,"99999,9,09418,1","9,9,999,9,-008,1",,"SYN07643063 32597 53205 10322 20203 39418 40020 85800 333 10364 59008 83626 83828=",
"43063099999","2025-05-12T15:00:00","4","18.5333333","73.85","558.0","PUNE, IN","FM-12","99999","V020","270,1,N,0005,1","00840,1,C,N","004000,1,9,9","+0260,1","+0210,1","10065,1","12,0030,3,1","9,1,02,1","6,1,02,1",,,"03,1,+00780,1,06,1","03,1,+00840,1,08,1","01,1,+00900,1,09,1","9,AGL   ,+99999,+99999","07,99,1,03,1,99,9,00780,1,99,9,99,9",,"99999,9,09450,1","9,9,999,9,-003,1","17,1","SYN08843063 21596 72701 10260 20210 39450 40065 71796 86930 333 59003 6003/ 83626 83828 81930=",
"43063099999","2025-05-12T21:00:00","4","18.5333333","73.85","558.0","PUNE, IN","FM-12","99999","V020","999,9,C,0000,1","22000,1,9,N","004000,1,9,9","+0230,1","+0218,1","10068,1","18,0030,3,1",,,,,"01,1,+00780,1,06,1","99,9,+99999,9,03,1",,"9,AGL   ,+99999,+99999","02,99,1,01,1,99,9,00780,1,99,9,99,9",,"99999,9,09447,1","9,9,999,9,-006,1",,"SYN07043063 22596 20000 10230 20218 39447 40068 81530 333 59006 6003/ 81626=",
"43063099999","2025-05-13T00:00:00","4","18.5333333","73.85","558.0","PUNE, IN","FM-12","99999","V020","999,9,C,0000,1","22000,1,9,N","004000,1,9,9","+0228,1","+0216,1","10068,1","21,0030,3,1",,,,,"01,1,+00780,1,06,1","03,1,+01800,1,03,1",,"9,AGL   ,+99999,+99999","04,99,1,01,1,99,9,00780,1,99,9,99,9",,"99999,9,09447,1","9,9,999,9,-006,1",,"SYN07643063 22596 40000 10228 20216 39447 40068 81530 333 59006 6003/ 81626 83356=",
"43063099999","2025-05-13T03:00:00","4","18.5333333","73.85","558.0","PUNE, IN","FM-12","99999","V020","270,1,N,0010,1","22000,1,9,N","010000,1,9,9","+0276,1","+0228,1","10080,1","24,0030,3,1",,,,,"01,1,+00780,1,06,1","03,1,+01800,1,03,1",,"9,AGL   ,+99999,+99999","04,99,1,01,1,99,9,00780,1,99,9,99,9","240,N,+0223,1","99999,9,09465,1","9,9,999,9,-008,1",,"SYN09843063 22597 42702 10276 20228 39465 40080 81530 333 20223 59008 6003/ 81626 83356 555 00025 10021=",
"43063099999","2025-05-13T06:00:00","4","18.5333333","73.85","558.0","PUNE, IN","FM-12","99999","V020","270,1,N,0005,1","01800,1,C,N","010000,1,9,9","+0328,1","+0217,1","10062,1",,,,,,"02,1,+00780,1,06,1","03,1,+01800,1,03,1",,"9,AGL   ,+99999,+99999","05,99,1,02,1,99,9,00780,1,99,9,99,9",,"99999,9,09457,1","9,9,999,9,-006,1",,"SYN07043063 32597 52701 10328 20217 39457 40062 82530 333 59006 82626 83356=",
"43063099999","2025-05-13T09:00:00","4","18.5333333","73.85","558.0","PUNE, IN","FM-12","99999","V020","999,9,C,0000,1","00840,1,C,N","004000,1,9,9","+0240,1","+0228,1","10072,1","06,0190,3,1","9,1,02,1","6,1,02,1",,,"03,1,+00780,1,06,1","04,1,+00840,1,08,1","01,1,+00900,1,09,1","9,AGL   ,+99999,+99999","07,99,1,03,1,99,9,00780,1,99,9,99,9",,"99999,9,09452,1","9,9,999,9,+021,1","60,1","SYN08843063 21596 70000 10240 20228 39452 40072 76096 87900 333 58021 6019/ 83626 84828 81930=",
"43063099999","2025-05-13T12:00:00","4","18.5333333","73.85","558.0","PUNE, IN","FM-12","99999","V020","290,1,N,0005,1","01800,1,9,N","010000,1,9,9","+0276,1","+0225,1","10038,1","09,0190,3,1","9,1,02,1","6,1,02,1",,,"03,1,+00780,1,06,1","06,1,+01800,1,03,1",,"9,AGL   ,+99999,+99999","07,99,1,03,1,99,9,00780,1,99,9,99,9",,"99999,9,09429,1","9,9,999,9,+011,1","02,1","SYN08843063 21597 72901 10276 20225 39429 40038 70296 83530 333 10336 58011 6019/ 83626 86356=",
"43063099999","2025-05-13T15:00:00","4","18.5333333","73.85","558.0","PUNE, IN","FM-12","99999","V020","270,1,N,0005,1","22000,1,9,N","004000,1,9,9","+0258,1","+0223,1","10068,1","12,0190,3,1",,,,,"01,1,+00780,1,06,1","03,1,+01800,1,03,1",,"9,AGL   ,+99999,+99999","04,99,1,01,1,99,9,00780,1,99,9,99,9",,"99999,9,09450,1","9,9,999,9,+000,1",,"SYN07643063 22596 42701 10258 20223 39450 40068 81530 333 58000 6019/ 81626 83356=",
"43063099999","2025-05-13T18:00:00","4","18.5333333","73.85","558.0","PUNE, IN","FM-12","99999","V020","270,1,N,0005,1","22000,1,9,N","004000,1,9,9","+0248,1","+0225,1","10080,1","15,0190,3,1",,,,,"02,1,+00780,1,06,1","99,9,+99999,9,03,1",,"9,AGL   ,+99999,+99999","03,99,1,02,1,99,9,00780,1,99,9,99,9",,"99999,9,09459,1","9,9,999,9,-003,1",,"SYN07043063 22596 32701 10248 20225 39459 40080 82530 333 59003 6019/ 82626=",
"43063099999","2025-05-13T21:00:00","4","18.5333333","73.85","558.0","PUNE, IN","FM-12","99999","V020","999,9,C,0000,1","22000,1,9,N","004000,1,9,9","+0248,1","+0228,1","10077,1","18,0190,3,1",,,,,"01,1,+00780,1,06,1","99,9,+99999,9,03,1",,"9,AGL   ,+99999,+99999","02,99,1,01,1,99,9,00780,1,99,9,99,9",,"99999,9,09456,1","9,9,999,9,+009,1",,"SYN07043063 22596 20000 10248 20228 39456 40077 81530 333 58009 6019/ 81626=",
"43063099999","2025-05-14T00:00:00","4","18.5333333","73.85","558.0","PUNE, IN","FM-12","99999","V020","999,9,C,0000,1","22000,1,9,N","004000,1,9,9","+0238,1","+0215,1","10079,1","21,0190,3,1",,,,,"01,1,+00780,1,06,1","99,9,+99999,9,03,1",,"9,AGL   ,+99999,+99999","02,99,1,01,1,99,9,00780,1,99,9,99,9",,"99999,9,09457,1","9,9,999,9,+010,1",,"SYN07043063 22596 20000 10238 20215 39457 40079 81530 333 58010 6019/ 81626=",
"43063099999","2025-05-14T03:00:00","4","18.5333333","73.85","558.0","PUNE, IN","FM-12","99999","V020","999,9,C,0000,1","01800,1,C,N","010000,1,9,9","+0270,1","+0218,1","10080,1","24,0190,3,1",,,,,"02,1,+00780,1,06,1","03,1,+01800,1,03,1",,"9,AGL   ,+99999,+99999","05,99,1,02,1,99,9,00780,1,99,9,99,9","240,N,+0230,1","99999,9,09467,1","9,9,999,9,+002,1",,"SYN09843063 22597 50000 10270 20218 39467 40080 82530 333 20230 58002 6019/ 82626 83356 555 00187 10019=",
"43063099999","2025-05-14T06:00:00","4","18.5333333","73.85","558.0","PUNE, IN","FM-12","99999","V020","140,1,N,0015,1","01800,1,C,N","010000,1,9,9","+0324,1","+0212,1","10069,1",,,,,,"02,1,+00840,1,08,1","03,1,+01800,1,03,1",,"9,AGL   ,+99999,+99999","05,99,1,02,1,99,9,00840,1,99,9,99,9",,"99999,9,09468,1","9,9,999,9,+011,1",,"SYN08943063 32597 51403 10324 20212 39468 40069 82230 333 58011 82828 83356/SMIN90 VAPO1 40600=",
"43063099999","2025-05-14T09:00:00","4","18.5333333","73.85","558.0","PUNE, IN","FM-12","99999","V020","270,1,N,0021,1","00780,1,C,N","010000,1,9,9","+0300,1","+0197,1","10047,1",,,,,,"05,1,+00780,1,06,1",,,"9,AGL   ,+99999,+99999","07,99,1,05,1,99,9,00780,1,99,9,99,9",,"99999,9,09441,1","9,9,999,9,-011,1",,"SYN06443063 32597 72704 10300 20197 39441 40047 87800 333 59011 85626=",
"43063099999","2025-05-14T12:00:00","4","18.5333333","73.85","558.0","PUNE, IN","FM-12","99999","V020","270,1,N,0010,1","00780,1,C,N","010000,1,9,9","+0274,1","+0203,1","10049,1",,"9,1,02,1","2,1,02,1",,,"05,1,+00780,1,06,1",,,"9,AGL   ,+99999,+99999","07,99,1,05,1,99,9,00780,1,99,9,99,9",,"99999,9,09439,1","9,9,999,9,+010,1","02,1","SYN07643063 31597 72702 10274 20203 39439 40049 70292 87800 333 10357 58010 85626=",
"43063099999","2025-05-14T15:00:00","4","18.5333333","73.85","558.0","PUNE, IN","FM-12","99999","V020","270,1,N,0010,1","00780,1,C,N","004000,1,9,9","+0262,1","+0203,1","10069,1",,,,,,"05,1,+00780,1,06,1","99,9,+99999,9,03,1",,"9,AGL   ,+99999,+99999","06,99,1,05,1,99,9,00780,1,99,9,99,9",,"99999,9,09456,1","9,9,999,9,+006,1",,"SYN06443063 32596 62702 10262 20203 39456 40069 85530 333 58006 85626=",
"43063099999","2025-05-14T18:00:00","4","18.5333333","73.85","558.0","PUNE, IN","FM-12","99999","V020","270,1,N,0005,1","01800,1,9,N","004000,1,9,9","+0254,1","+0210,1","10076,1",,,,,,"04,1,+00780,1,06,1","05,1,+01800,1,03,1",,"9,AGL   ,+99999,+99999","07,99,1,04,1,99,9,00780,1,99,9,99,9",,"99999,9,09460,1","9,9,999,9,+001,1",,"SYN07043063 32596 72701 10254 20210 39460 40076 84530 333 58001 84626 85356=",
"43063099999","2025-05-14T21:00:00","4","18.5333333","73.85","558.0","PUNE, IN","FM-12","99999","V020","270,1,N,0005,1","01800,1,C,N","004000,1,9,9","+0250,1","+0221,1","10073,1",,,,,,"02,1,+00780,1,06,1","04,1,+01800,1,03,1",,"9,AGL   ,+99999,+99999","06,99,1,02,1,99,9,00780,1,99,9,99,9",,"99999,9,09455,1","9,9,999,9,-001,1",,"SYN07043063 32596 62701 10250 20221 39455 40073 82530 333 59001 82626 84356=",
"43063099999","2025-05-15T00:00:00","4","18.5333333","73.85","558.0","PUNE, IN","FM-12","99999","V020","270,1,N,0005,1","22000,1,9,N","004000,1,9,9","+0244,1","+0224,1","10073,1",,,,,,"03,1,+01800,1,03,1",,,"9,AGL   ,+99999,+99999","03,99,1,03,1,99,9,01800,1,99,9,99,9",,"99999,9,09455,1","9,9,999,9,-002,1",,"SYN06443063 32796 32701 10244 20224 39455 40073 83030 333 59002 83356=",
"43063099999","2025-05-15T03:00:00","4","18.5333333","73.85","558.0","PUNE, IN","FM-12","99999","V020","270,1,N,0005,1","22000,1,9,N","010000,1,9,9","+0276,1","+0225,1","10084,1",,,,,,"01,1,+00780,1,06,1","03,1,+06000,1,00,1",,"9,AGL   ,+99999,+99999","03,99,1,01,1,99,9,00780,1,99,9,99,9","240,N,+0238,1","99999,9,09471,1","9,9,999,9,+004,1",,"SYN07643063 32597 32701 10276 20225 39471 40084 81501 333 20238 58004 81626 83070=",
"43063099999","2025-05-15T06:00:00","4","18.5333333","73.85","558.0","PUNE, IN","FM-12","99999","V020","360,1,N,0015,1","00840,1,C,N","010000,1,9,9","+0334,1","+0197,1","10064,1",,,,,,"02,1,+00780,1,06,1","03,1,+00840,1,08,1",,"9,AGL   ,+99999,+99999","05,99,1,02,1,99,9,00780,1,99,9,99,9",,"99999,9,09465,1","9,9,999,9,-003,1",,"SYN07043063 32597 53603 10334 20197 39465 40064 84801 333 59003 82626 83828=",
"43063099999","2025-05-15T09:00:00","4","18.5333333","73.85","558.0","PUNE, IN","FM-12","99999","V020","270,1,N,0026,1","00840,1,C,N","010000,1,9,9","+0326,1","+0201,1","10042,1",,"2,1,02,1","2,1,02,1",,,"02,1,+00780,1,06,1","03,1,+00840,1,08,1","01,1,+00900,1,09,1","9,AGL   ,+99999,+99999","06,99,1,02,1,99,9,00780,1,99,9,99,9",,"99999,9,09442,1","9,9,999,9,+001,1","17,1","SYN08243063 31597 62705 10326 20201 39442 40042 71722 86900 333 58001 82626 83828 81930=",
"43063099999","2025-05-15T12:00:00","4","18.5333333","73.85","558.0","PUNE, IN","FM-12","99999","V020","270,1,N,0005,1","00840,1,C,N","010000,1,9,9","+0280,1","+0220,1","10044,1","09,0003,3,1","9,1,02,1","2,1,02,1",,,"03,1,+00780,1,06,1","03,1,+00840,1,08,1","01,1,+00900,1,09,1","9,AGL   ,+99999,+99999","07,99,1,03,1,99,9,00780,1,99,9,99,9",,"99999,9,09444,1","9,9,999,9,+005,1","60,1","SYN09443063 21597 72701 10280 20220 39444 40044 76092 87900 333 10356 58005 6993/ 83626 83828 81930=",
"43063099999","2025-05-15T15:00:00","4","18.5333333","73.85","558.0","PUNE, IN","FM-12","99999","V020","270,1,N,0005,1","00780,1,C,N","004000,1,9,9","+0260,1","+0229,1","10071,1","12,0006,3,1","9,1,02,1","6,1,02,1",,,"06,1,+00780,1,06,1",,,"9,AGL   ,+99999,+99999","08,99,1,06,1,99,9,00780,1,99,9,99,9",,"99999,9,09455,1","9,9,999,9,-001,1","60,1","SYN07643063 21596 82701 10260 20229 39455 40071 76096 888// 333 59001 6996/ 86626=",
"43063099999","2025-05-15T18:00:00","4","18.5333333","73.85","558.0","PUNE, IN","FM-12","99999","V020","999,9,C,0000,1","99999,9,9,N","004000,1,9,9","+0256,1","+0230,1","10079,1","15,0006,3,1","9,1,02,1","6,1,02,1",,,"04,1,+00780,1,06,1",,,"9,AGL   ,+99999,+99999","06,99,1,04,1,99,9,00780,1,99,9,99,9",,"99999,9,09463,1","9,9,999,9,+003,1","02,1","SYN07643063 21596 60000 10256 20230 39463 40079 70296 86800 333 58003 6996/ 84626=",
"43063099999","2025-05-15T21:00:00","4","18.5333333","73.85","558.0","PUNE, IN","FM-12","99999","V020","999,9,C,0000,1","99999,9,9,N","004000,1,9,9","+0250,1","+0230,1","10070,1","18,0006,3,1",,,,,"02,1,+00780,1,06,1","99,9,+99999,9,03,1","99,9,+99999,9,00,1","9,AGL   ,+99999,+99999","05,99,1,02,1,99,9,00780,1,99,9,99,9",,"99999,9,09452,1","9,9,999,9,-003,1",,"SYN07043063 22596 50000 10250 20230 39452 40070 83831 333 59003 6996/ 82626=",
"43063099999","2025-05-16T00:00:00","4","18.5333333","73.85","558.0","PUNE, IN","FM-12","99999","V020","999,9,C,0000,1","22000,1,9,N","004000,1,9,9","+0250,1","+0230,1","10064,1","21,0006,3,1",,,,,"02,1,+00780,1,06,1","99,9,+99999,9,03,1","99,9,+99999,9,00,1","9,AGL   ,+99999,+99999","04,99,1,02,1,99,9,00780,1,99,9,99,9",,"99999,9,09447,1","9,9,999,9,-008,1",,"SYN07043063 22596 40000 10250 20230 39447 40064 82531 333 59008 6996/ 82626=",
"43063099999","2025-05-16T03:00:00","4","18.5333333","73.85","558.0","PUNE, IN","FM-12","99999","V020","270,1,N,0010,1","22000,1,9,N","004000,1,9,9","+0272,1","+0229,1","10074,1","24,0006,3,1",,,,,"02,1,+00780,1,06,1","99,9,+99999,9,00,1",,"9,AGL   ,+99999,+99999","04,99,1,02,1,99,9,00780,1,99,9,99,9","240,N,+0238,1","99999,9,09463,1","9,9,999,9,-008,1",,"SYN09243063 22596 42702 10272 20229 39463 40074 82501 333 20238 59008 6996/ 82626 555 00006 10041=",
"43063099999","2025-05-16T06:00:00","4","18.5333333","73.85","558.0","PUNE, IN","FM-12","99999","V020","270,1,N,0015,1","99999,9,9,N","010000,1,9,9","+0324,1","+0222,1","10064,1",,,,,,"01,1,+00780,1,06,1","03,1,+00840,1,08,1","99,9,+99999,9,00,1","9,AGL   ,+99999,+99999","05,99,1,01,1,99,9,00780,1,99,9,99,9",,"99999,9,09463,1","9,9,999,9,-002,1",,"SYN07043063 32597 52703 10324 20222 39463 40064 83831 333 59002 81626 83828=",
"43063099999","2025-05-16T09:00:00","4","18.5333333","73.85","558.0","PUNE, IN","FM-12","99999","V020","999,9,C,0000,1","00900,1,C,N","010000,1,9,9","+0240,1","+0237,1","10066,1","06,0190,3,1","9,1,02,1","6,1,02,1",,,"04,1,+00780,1,06,1","01,1,+00900,1,09,1",,"9,AGL   ,+99999,+99999","07,99,1,04,1,99,9,00780,1,99,9,99,9",,"99999,9,09444,1","9,9,999,9,+002,1","95,1","SYN08243063 21597 70000 10240 20237 39444 40066 79596 87900 333 58002 6019/ 84626 81930=",
"43063099999","2025-05-16T12:00:00","4","18.5333333","73.85","558.0","PUNE, IN","FM-12","99999","V020","999,9,C,0000,1","00840,1,C,N","010000,1,9,9","+0244,1","+0227,1","10069,1","09,0190,3,1","9,1,02,1","6,1,02,1",,,"04,1,+00780,1,06,1","03,1,+00840,1,08,1","01,1,+00900,1,09,1","9,AGL   ,+99999,+99999","08,99,1,04,1,99,9,00780,1,99,9,99,9",,"99999,9,09448,1","9,9,999,9,+004,1","95,1","SYN09443063 21597 80000 10244 20227 39448 40069 79596 889// 333 10338 58004 6019/ 84626 83828 81930=",
"43063099999","2025-05-16T15:00:00","4","18.5333333","73.85","558.0","PUNE, IN","FM-12","99999","V020","999,9,C,0000,1","01800,1,C,N","004000,1,9,9","+0244,1","+0241,1","10079,1","12,0270,3,1","6,1,02,1","6,1,02,1",,,"04,1,+00780,1,06,1","03,1,+01800,1,03,1",,"9,AGL   ,+99999,+99999","07,99,1,04,1,99,9,00780,1,99,9,99,9",,"99999,9,09461,1","9,9,999,9,+006,1","02,1","SYN08243063 21596 70000 10244 20241 39461 40079 70266 84530 333 58006 6027/ 84626 83356=",
"43063099999","2025-05-16T18:00:00","4","18.5333333","73.85","558.0","PUNE, IN","FM-12","99999","V020","999,9,C,0000,1","01800,1,C,N","004000,1,9,9","+0246,1","+0237,1","10083,1","15,0200,3,1","6,1,02,1","6,1,02,1",,,"03,1,+00780,1,06,1","05,1,+01800,1,03,1",,"9,AGL   ,+99999,+99999","07,99,1,03,1,99,9,00780,1,99,9,99,9",,"99999,9,09465,1","9,9,999,9,+002,1","02,1","SYN08243063 21596 70000 10246 20237 39465 40083 70266 83530 333 58002 6020/ 83626 85356=",
"43063099999","2025-05-16T21:00:00","4","18.5333333","73.85","558.0","PUNE, IN","FM-12","99999","V020","999,9,C,0000,1","01800,1,C,N","004000,1,9,9","+0244,1","+0230,1","10064,1","18,0200,3,1",,,,,"04,1,+00780,1,06,1","03,1,+01800,1,03,1",,"9,AGL   ,+99999,+99999","07,99,1,04,1,99,9,00780,1,99,9,99,9",,"99999,9,09447,1","9,9,999,9,-005,1",,"SYN07643063 22596 70000 10244 20230 39447 40064 84530 333 59005 6020/ 84626 83356=",
"43063099999","2025-05-17T00:00:00","4","18.5333333","73.85","558.0","PUNE, IN","FM-12","99999","V020","999,9,C,0000,1","99999,9,9,N","004000,1,9,9","+0242,1","+0225,1","10064,1","21,0200,3,1",,,,,"05,1,+00800,1,06,1","99,9,+99999,9,03,1",,"9,AGL   ,+99999,+99999","07,99,1,05,1,99,9,00800,1,99,9,99,9",,"99999,9,09447,1","4,9,000,1,+999,9",,"SYN06643063 22596 70000 10242 20225 39447 40064 58000 6020/ 85530 85626=",
"43063099999","2025-05-17T03:00:00","4","18.5333333","73.85","558.0","PUNE, IN","FM-12","99999","V020","320,1,N,0005,1","00780,1,C,N","010000,1,9,9","+0252,1","+0229,1","10083,1","24,0200,3,1",,,,,"05,1,+00780,1,06,1","99,9,+99999,9,03,1",,"9,AGL   ,+99999,+99999","07,99,1,05,1,99,9,00780,1,99,9,99,9","240,N,+0234,1","99999,9,09462,1","9,9,999,9,-001,1",,"SYN09243063 22597 73201 10252 20229 39462 40083 85530 333 20234 59001 6020/ 85626 555 00202 10061=",
"43063099999","2025-05-17T06:00:00","4","18.5333333","73.85","558.0","PUNE, IN","FM-12","99999","V020","320,1,N,0015,1","99999,9,9,N","010000,1,9,9","+0304,1","+0212,1","10071,1",,,,,,"01,1,+00780,1,06,1","03,1,+00840,1,08,1","99,9,+99999,9,00,1","9,AGL   ,+99999,+99999","05,99,1,01,1,99,9,00780,1,99,9,99,9",,"99999,9,09462,1","9,9,999,9,-001,1",,"SYN07043063 32597 53203 10304 20212 39462 40071 83831 333 59001 81626 83828=",
"43063099999","2025-05-17T09:00:00","4","18.5333333","73.85","558.0","PUNE, IN","FM-12","99999","V020","270,1,N,0015,1","00840,1,C,N","010000,1,9,9","+0342,1","+0203,1","10029,1",,,,,,"02,1,+00780,1,06,1","04,1,+00840,1,08,1",,"9,AGL   ,+99999,+99999","05,99,1,02,1,99,9,00780,1,99,9,99,9",,"99999,9,09433,1","9,9,999,9,-011,1",,"SYN07043063 32597 52703 10342 20203 39433 40029 85800 333 59011 82626 84828=",
"43063099999","2025-05-17T12:00:00","4","18.5333333","73.85","558.0","PUNE, IN","FM-12","99999","V020","270,1,N,0026,1","00840,1,C,N","010000,1,9,9","+0290,1","+0218,1","10032,1",,"2,1,02,1","2,1,02,1",,,"03,1,+00780,1,06,1","05,1,+00840,1,08,1","01,1,+00900,1,09,1","9,AGL   ,+99999,+99999","07,99,1,03,1,99,9,00780,1,99,9,99,9",,"99999,9,09425,1","9,9,999,9,-023,1","17,1","SYN08843063 31597 72705 10290 20218 39425 40032 71722 87900 333 10345 59023 83626 85828 81930=",
"43063099999","2025-05-17T15:00:00","4","18.5333333","73.85","558.0","PUNE, IN","FM-12","99999","V020","270,1,N,0015,1","00780,1,C,N","004000,1,9,9","+0278,1","+0224,1","10057,1","12,0000,9,1","9,1,02,1","6,1,02,1",,,"05,1,+00780,1,06,1",,,"9,AGL   ,+99999,+99999","05,99,1,05,1,99,9,00780,1,99,9,99,9",,"99999,9,09443,1","9,9,999,9,-018,1","01,1","SYN07643063 21596 52703 10278 20224 39443 40057 70196 85500 333 59018 6990/ 85626=","Q01  00002PRCP12"
"43063099999","2025-05-17T18:00:00","4","18.5333333","73.85","558.0","PUNE, IN","FM-12","99999","V020","270,1,N,0010,1","22000,1,9,N","004000,1,9,9","+0262,1","+0231,1","10069,1","15,0000,9,1","9,1,02,1","6,1,02,1",,,"03,1,+00780,1,06,1",,,"9,AGL   ,+99999,+99999","03,99,1,03,1,99,9,00780,1,99,9,99,9",,"99999,9,09452,1","9,9,999,9,-013,1","01,1","SYN07643063 21596 32702 10262 20231 39452 40069 70196 83500 333 59013 6990/ 83626=","Q01  00002PRCP15"
"43063099999","2025-05-17T21:00:00","4","18.5333333","73.85","558.0","PUNE, IN","FM-12","99999","V020","270,1,N,0021,1","22000,1,9,N","004000,1,9,9","+0252,1","+0226,1","10062,1","18,0000,9,1",,,,,"04,1,+00780,1,06,1",,,"9,AGL   ,+99999,+99999","04,99,1,04,1,99,9,00780,1,99,9,99,9",,"99999,9,09444,1","9,9,999,9,-003,1",,"SYN07043063 22596 42704 10252 20226 39444 40062 84500 333 59003 6990/ 84626=","Q01  00002PRCP18"
"43063099999","2025-05-18T00:00:00","4","18.5333333","73.85","558.0","PUNE, IN","FM-12","99999","V020","270,1,N,0015,1","22000,1,9,N","004000,1,9,9","+0248,1","+0222,1","10066,1","21,0000,9,1",,,,,"03,1,+00780,1,06,1",,,"9,AGL   ,+99999,+99999","03,99,1,03,1,99,9,00780,1,99,9,99,9",,"99999,9,09445,1","9,9,999,9,-002,1",,"SYN07043063 22596 32703 10248 20222 39445 40066 83500 333 59002 6990/ 83626=","Q01  00002PRCP21"
"43063099999","2025-05-18T03:00:00","4","18.5333333","73.85","558.0","PUNE, IN","FM-12","99999","V020","270,1,N,0010,1","00840,1,C,N","010000,1,9,9","+0260,1","+0223,1","10076,1",,,,,,"02,1,+00780,1,06,1","03,1,+00840,1,08,1",,"9,AGL   ,+99999,+99999","06,99,1,02,1,99,9,00780,1,99,9,99,9","240,N,+0240,1","99999,9,09460,1","9,9,999,9,-002,1",,"SYN09243063 22597 62702 10260 20223 39460 40076 84830 333 20240 59002 82626 83828 555 00000 10061=",
"43063099999","2025-05-18T06:00:00","4","18.5333333","73.85","558.0","PUNE, IN","FM-12","99999","V020","070,1,N,0005,1","01800,1,C,N","010000,1,9,9","+0268,1","+0231,1","10071,1","03,0010,3,1","8,1,02,1","2,1,02,1",,,"03,1,+00780,1,06,1","05,1,+01800,1,03,1",,"9,AGL   ,+99999,+99999","07,99,1,03,1,99,9,00780,1,99,9,99,9",,"99999,9,09458,1","9,9,999,9,-004,1","03,1","SYN08243063 21597 70701 10268 20231 39458 40071 70382 83540 333 59004 6001/ 83626 85356=",
"43063099999","2025-05-18T09:00:00","4","18.5333333","73.85","558.0","PUNE, IN","FM-12","99999","V020","270,1,N,0021,1","00780,1,C,N","004000,1,9,9","+0244,1","+0238,1","10034,1","06,0140,3,1","9,1,02,1","2,1,02,1",,,"05,1,+00780,1,06,1","01,1,+00900,1,09,1",,"9,AGL   ,+99999,+99999","08,99,1,05,1,99,9,00780,1,99,9,99,9",,"99999,9,09419,1","9,9,999,9,-006,1","95,1","SYN08843063 21596 82704 10244 20238 39419 40034 79592 889// 333 10348 59006 6014/ 85626 81930=",
"43063099999","2025-05-18T12:00:00","4","18.5333333","73.85","558.0","PUNE, IN","FM-12","99999","V020","270,1,N,0021,1","00780,1,C,N","004000,1,9,9","+0244,1","+0238,1","10034,1","09,0140,3,1","9,1,02,1","2,1,02,1",,,"05,1,+00780,1,06,1","01,1,+00900,1,09,1",,"9,AGL   ,+99999,+99999","08,99,1,05,1,99,9,00780,1,99,9,99,9",,"99999,9,09419,1","9,9,999,9,-006,1","95,1","SYN08843063 21596 82704 10244 20238 39419 40034 79592 889// 333 10348 59006 6014/ 85626 81930=",
"43063099999","2025-05-18T15:00:00","4","18.5333333","73.85","558.0","PUNE, IN","FM-12","99999","V020","230,1,N,0005,1","00780,1,C,N","004000,1,9,9","+0250,1","+0236,1","10053,1","12,0140,3,1","9,1,02,1","8,1,02,1",,,"05,1,+00780,1,06,1","05,1,+01800,1,03,1",,"9,AGL   ,+99999,+99999","07,99,1,05,1,99,9,00780,1,99,9,99,9",,"99999,9,09436,1","9,9,999,9,-007,1","02,1","SYN08243063 21596 72301 10250 20236 39436 40053 70298 87440 333 59007 6014/ 85626 85356=",
"43063099999","2025-05-18T18:00:00","4","18.5333333","73.85","558.0","PUNE, IN","FM-12","99999","V020","270,1,N,0026,1","00780,1,C,N","004000,1,9,9","+0252,1","+0229,1","10055,1","15,0140,3,1","9,1,02,1","8,1,02,1",,,"07,1,+00780,1,06,1",,,"9,AGL   ,+99999,+99999","07,99,1,07,1,99,9,00780,1,99,9,99,9",,"99999,9,09441,1","9,9,999,9,-011,1","02,1","SYN07643063 21596 72705 10252 20229 39441 40055 70298 87400 333 59011 6014/ 87626=",
"43063099999","2025-05-18T21:00:00","4","18.5333333","73.85","558.0","PUNE, IN","FM-12","99999","V020","270,1,N,0010,1","22000,1,9,N","004000,1,9,9","+0240,1","+0234,1","10043,1","18,0140,3,1",,,,,"04,1,+06000,1,00,1",,,"9,AGL   ,+99999,+99999","04,99,1,04,1,99,9,06000,1,99,9,99,9",,"99999,9,09426,1","9,9,999,9,-018,1",,"SYN07043063 22996 42702 10240 20234 39426 40043 80001 333 59018 6014/ 84070=",
"43063099999","2025-05-19T00:00:00","4","18.5333333","73.85","558.0","PUNE, IN","FM-12","99999","V020","270,1,N,0010,1","22000,1,9,N","004000,1,9,9","+0246,1","+0232,1","10052,1","21,0140,3,1",,,,,"03,1,+06000,1,00,1",,,"9,AGL   ,+99999,+99999","03,99,1,03,1,99,9,06000,1,99,9,99,9",,"99999,9,09435,1","9,9,999,9,-009,1",,"SYN07043063 22996 32702 10246 20232 39435 40052 80001 333 59009 6014/ 83070=",
"43063099999","2025-05-19T03:00:00","4","18.5333333","73.85","558.0","PUNE, IN","FM-12","99999","V020","999,9,C,0000,1","99999,9,9,N","010000,1,9,9","+0264,1","+0230,1","10063,1","24,0140,3,1",,,,,"04,1,+00780,1,06,1","99,9,+99999,9,03,1","99,9,+99999,9,00,1","9,AGL   ,+99999,+99999","07,99,1,04,1,99,9,00780,1,99,9,99,9","240,N,+0239,1","99999,9,09450,1","9,9,999,9,-010,1",,"SYN09243063 22597 70000 10264 20230 39450 40063 84531 333 20239 59010 6014/ 84626 555 00141 10075=",
"43063099999","2025-05-19T06:00:00","4","18.5333333","73.85","558.0","PUNE, IN","FM-12","99999","V020","999,9,C,0000,1","00840,1,C,N","010000,1,9,9","+0312,1","+0227,1","10049,1",,,,,,"03,1,+00780,1,06,1","03,1,+00840,1,08,1",,"9,AGL   ,+99999,+99999","07,99,1,03,1,99,9,00780,1,99,9,99,9",,"99999,9,09447,1","9,9,999,9,-011,1",,"SYN07043063 32597 70000 10312 20227 39447 40049 85801 333 59011 83626 83828=",
"43063099999","2025-05-19T09:00:00","4","18.5333333","73.85","558.0","PUNE, IN","FM-12","99999","V020","999,9,C,0000,1","01800,1,C,N","010000,1,9,9","+0328,1","+0230,1","10022,1",,,,,,"03,1,+00780,1,06,1","05,1,+01800,1,03,1",,"9,AGL   ,+99999,+99999","07,99,1,03,1,99,9,00780,1,99,9,99,9",,"99999,9,09424,1","9,9,999,9,-004,1",,"SYN07043063 32597 70000 10328 20230 39424 40022 83530 333 59004 83626 85356=",
"43063099999","2025-05-19T12:00:00","4","18.5333333","73.85","558.0","PUNE, IN","FM-12","99999","V020","270,1,N,0015,1","00840,1,C,N","010000,1,9,9","+0298,1","+0239,1","10018,1",,"2,1,02,1","2,1,02,1",,,"04,1,+00780,1,06,1","03,1,+00840,1,08,1","01,1,+00900,1,09,1","9,AGL   ,+99999,+99999","08,99,1,04,1,99,9,00780,1,99,9,99,9",,"99999,9,09414,1","9,9,999,9,-005,1","17,1","SYN08843063 31597 82703 10298 20239 39414 40018 71722 889// 333 10345 59005 84626 83828 81930=",
"43063099999","2025-05-19T15:00:00","4","18.5333333","73.85","558.0","PUNE, IN","FM-12","99999","V020","999,9,C,0000,1","00780,1,C,N","004000,1,9,9","+0238,1","+0235,1","10060,1","12,0070,3,1","9,1,02,1","6,1,02,1",,,"05,1,+00780,1,06,1","01,1,+00900,1,09,1",,"9,AGL   ,+99999,+99999","08,99,1,05,1,99,9,00780,1,99,9,99,9",,"99999,9,09441,1","9,9,999,9,+005,1","95,1","SYN08243063 21596 80000 10238 20235 39441 40060 79596 889// 333 58005 6007/ 85626 81930=",
"43063099999","2025-05-19T18:00:00","4","18.5333333","73.85","558.0","PUNE, IN","FM-12","99999","V020","999,9,C,0000,1","00780,1,C,N","004000,1,9,9","+0244,1","+0238,1","10054,1","15,0090,3,1","9,1,02,1","6,1,02,1",,,"05,1,+00780,1,06,1",,,"9,AGL   ,+99999,+99999","07,99,1,05,1,99,9,00780,1,99,9,99,9",,"99999,9,09437,1","9,9,999,9,-004,1","02,1","SYN07643063 21596 70000 10244 20238 39437 40054 70296 87800 333 59004 6009/ 85626=",
"43063099999","2025-05-19T21:00:00","4","18.5333333","73.85","558.0","PUNE, IN","FM-12","99999","V020","999,9,C,0000,1","00780,1,C,N","004000,1,9,9","+0242,1","+0239,1","10036,1","18,0090,3,1",,,,,"05,1,+00780,1,06,1","99,9,+99999,9,00,1",,"9,AGL   ,+99999,+99999","07,99,1,05,1,99,9,00780,1,99,9,99,9",,"99999,9,09421,1","9,9,999,9,-005,1",,"SYN07043063 22596 70000 10242 20239 39421 40036 85501 333 59005 6009/ 85626=",
"43063099999","2025-05-20T00:00:00","4","18.5333333","73.85","558.0","PUNE, IN","FM-12","99999","V020","999,9,C,0000,1","99999,9,9,N","004000,1,9,9","+0242,1","+0236,1","10040,1","21,0090,3,1",,,,,"03,1,+00780,1,06,1","99,9,+99999,9,03,1","99,9,+99999,9,00,1","9,AGL   ,+99999,+99999","05,99,1,03,1,99,9,00780,1,99,9,99,9",,"99999,9,09425,1","9,9,999,9,-010,1",,"SYN07043063 22596 50000 10242 20236 39425 40040 83531 333 59010 6009/ 83626=",
"43063099999","2025-05-20T03:00:00","4","18.5333333","73.85","558.0","PUNE, IN","FM-12","99999","V020","999,9,C,0000,1","22000,1,9,N","010000,1,9,9","+0268,1","+0240,1","10047,1","24,0090,3,1",,,,,"02,1,+00780,1,06,1","99,9,+99999,9,03,1","99,9,+99999,9,00,1","9,AGL   ,+99999,+99999","04,99,1,02,1,99,9,00780,1,99,9,99,9","240,N,+0227,1","99999,9,09436,1","9,9,999,9,-014,1",,"SYN09243063 22597 40000 10268 20240 39436 40047 82531 333 20227 59014 6009/ 82626 555 00087 10083=",
"43063099999","2025-05-20T06:00:00","4","18.5333333","73.85","558.0","PUNE, IN","FM-12","99999","V020","090,1,N,0010,1","99999,9,9,N","010000,1,9,9","+0324,1","+0238,1","10034,1",,,,,,"02,1,+00780,1,06,1","99,9,+99999,9,03,1","99,9,+99999,9,00,1","9,AGL   ,+99999,+99999","06,99,1,02,1,99,9,00780,1,99,9,99,9",,"99999,9,09435,1","9,9,999,9,-012,1",,"SYN06443063 32597 60902 10324 20238 39435 40034 83531 333 59012 82626=",
"43063099999","2025-05-20T09:00:00","4","18.5333333","73.85","558.0","PUNE, IN","FM-12","99999","V020","090,1,N,0005,1","00840,1,C,N","010000,1,9,9","+0338,1","+0228,1","10001,1",,,,,,"03,1,+00780,1,06,1","04,1,+00840,1,08,1",,"9,AGL   ,+99999,+99999","06,99,1,03,1,99,9,00780,1,99,9,99,9",,"99999,9,09402,1","9,9,999,9,-022,1",,"SYN07043063 32597 60901 10338 20228 39402 40001 86800 333 59022 83626 84828=",
"43063099999","2025-05-20T12:00:00","4","18.5333333","73.85","558.0","PUNE, IN","FM-12","99999","V020","270,1,N,0010,1","00840,1,C,N","004000,1,9,9","+0230,1","+0230,1","10032,1","09,0070,3,1","9,1,02,1","6,1,02,1",,,"04,1,+00780,1,06,1","04,1,+00840,1,08,1","01,1,+00900,1,09,1","9,AGL   ,+99999,+99999","08,99,1,04,1,99,9,00780,1,99,9,99,9",,"99999,9,09410,1","9,9,999,9,-004,1","95,1","SYN09443063 21596 82702 10230 20230 39410 40032 79596 889// 333 10348 59004 6007/ 84626 84828 81930=",
"43063099999","2025-05-20T15:00:00","4","18.5333333","73.85","558.0","PUNE, IN","FM-12","99999","V020","090,1,N,0051,1","00840,1,C,N","004000,1,9,9","+0222,1","+0222,1","10069,1","12,0240,3,1","9,1,02,1","6,1,02,1",,,"04,1,+00780,1,06,1","03,1,+00840,1,08,1","01,1,+00900,1,09,1","9,AGL   ,+99999,+99999","08,99,1,04,1,99,9,00780,1,99,9,99,9",,"99999,9,09448,1","9,9,999,9,+007,1","95,1","SYN08843063 21596 80910 10222 20222 39448 40069 79596 889// 333 58007 6024/ 84626 83828 81930=",
"43063099999","2025-05-20T18:00:00","4","18.5333333","73.85","558.0","PUNE, IN","FM-12","99999","V020","999,9,C,0000,1","00780,1,C,N","004000,1,9,9","+0222,1","+0222,1","10062,1","15,0400,3,1","9,1,02,1","6,1,02,1",,,"06,1,+00780,1,06,1","99,9,+99999,9,05,1",,"9,AGL   ,+99999,+99999","08,99,1,06,1,99,9,00780,1,99,9,99,9",,"99999,9,09441,1","9,9,999,9,+004,1","60,1","SYN07643063 21596 80000 10222 20222 39441 40062 76096 86520 333 58004 6040/ 86626=",
"43063099999","2025-05-20T21:00:00","4","18.5333333","73.85","558.0","PUNE, IN","FM-12","99999","V020","999,9,C,0000,1","99999,9,9,N","004000,1,9,9","+0222,1","+0219,1","10023,1","18,0410,3,1","6,1,02,1","2,1,02,1",,,"04,1,+01080,1,06,1","99,9,+99999,9,03,1",,"9,AGL   ,+99999,+99999","07,99,1,04,1,99,9,01080,1,99,9,99,9",,"99999,9,09405,1","9,9,999,9,+016,1","02,1","SYN07643063 21596 70000 10222 20219 39405 40023 70262 84530 333 58016 6041/ 84636=",
"43063099999","2025-05-21T00:00:00","4","18.5333333","73.85","558.0","PUNE, IN","FM-12","99999","V020","999,9,C,0000,1","00780,1,C,N","004000,1,9,9","+0224,1","+0221,1","10050,1","21,0410,3,1","2,1,02,1","2,1,02,1",,,"05,1,+00780,1,06,1","99,9,+99999,9,03,1",,"9,AGL   ,+99999,+99999","07,99,1,05,1,99,9,00780,1,99,9,99,9",,"99999,9,09430,1","9,9,999,9,+005,1","60,1","SYN07643063 21596 70000 10224 20221 39430 40050 76022 85530 333 58005 6041/ 85626=",
"43063099999","2025-05-21T03:00:00","4","18.5333333","73.85","558.0","PUNE, IN","FM-12","99999","V020","090,1,N,0005,1","01800,1,C,N","010000,1,9,9","+0242,1","+0225,1","10056,1","24,0410,3,1",,,,,"02,1,+00780,1,06,1","05,1,+01800,1,03,1","99,9,+99999,9,00,1","9,AGL   ,+99999,+99999","07,99,1,02,1,99,9,00780,1,99,9,99,9","240,N,+0213,1","99999,9,09437,1","9,9,999,9,+001,1",,"SYN09843063 22597 70901 10242 20225 39437 40056 82531 333 20213 58001 6041/ 82626 85356 555 00408 10124=",
"43063099999","2025-05-21T06:00:00","4","18.5333333","73.85","558.0","PUNE, IN","FM-12","99999","V020","090,1,N,0005,1","05400,1,C,N","010000,1,9,9","+0282,1","+0231,1","10051,1",,,,,,"03,1,+00780,1,06,1","04,1,+05400,1,02,1",,"9,AGL   ,+99999,+99999","07,99,1,03,1,99,9,00780,1,99,9,99,9",,"99999,9,09438,1","9,9,999,9,+003,1",,"SYN07043063 32597 70901 10282 20231 39438 40051 84808 333 58003 83626 84268=",
"43063099999","2025-05-21T09:00:00","4","18.5333333","73.85","558.0","PUNE, IN","FM-12","99999","V020","999,9,C,0000,1","05400,1,9,N","010000,1,9,9","+0296,1","+0225,1","10020,1",,,,,,"03,1,+00780,1,06,1","06,1,+05400,1,02,1",,"9,AGL   ,+99999,+99999","07,99,1,03,1,99,9,00780,1,99,9,99,9",,"99999,9,09415,1","9,9,999,9,+013,1",,"SYN07043063 32597 70000 10296 20225 39415 40020 84808 333 58013 83626 86268=",
"43063099999","2025-05-21T12:00:00","4","18.5333333","73.85","558.0","PUNE, IN","FM-12","99999","V020","999,9,C,0000,1","01800,1,C,N","010000,1,9,9","+0304,1","+0228,1","09997,1",,,,,,"03,1,+00780,1,06,1","04,1,+01800,1,03,1",,"9,AGL   ,+99999,+99999","06,99,1,03,1,99,9,00780,1,99,9,99,9",,"99999,9,09396,1","9,9,999,9,-014,1",,"SYN07643063 32597 60000 10304 20228 39396 49997 84870 333 10314 59014 83626 84356=",
"43063099999","2025-05-21T15:00:00","4","18.5333333","73.85","558.0","PUNE, IN","FM-12","99999","V020","090,1,N,0026,1","00840,1,C,N","004000,1,9,9","+0268,1","+0216,1","10036,1",,"9,1,02,1","2,1,02,1",,,"04,1,+00780,1,06,1","03,1,+00840,1,08,1","01,1,+00900,1,09,1","9,AGL   ,+99999,+99999","08,99,1,04,1,99,9,00780,1,99,9,99,9",,"99999,9,09421,1","9,9,999,9,-027,1","17,1","SYN08243063 31596 80905 10268 20216 39421 40036 71792 889// 333 59027 84626 83828 81930=",
"43063099999","2025-05-21T18:00:00","4","18.5333333","73.85","558.0","PUNE, IN","FM-12","99999","V020","999,9,C,0000,1","00840,1,C,N","004000,1,9,9","+0234,1","+0234,1","10055,1","15,0060,3,1","9,1,02,1","6,1,02,1",,,"04,1,+00780,1,06,1","03,1,+00840,1,08,1","01,1,+00900,1,09,1","9,AGL   ,+99999,+99999","08,99,1,04,1,99,9,00780,1,99,9,99,9",,"99999,9,09434,1","9,9,999,9,-007,1","95,1","SYN08843063 21596 80000 10234 20234 39434 40055 79596 889// 333 59007 6006/ 84626 83828 81930=",
"43063099999","2025-05-21T21:00:00","4","18.5333333","73.85","558.0","PUNE, IN","FM-12","99999","V020","999,9,C,0000,1","00780,1,C,N","004000,1,9,9","+0234,1","+0234,1","10040,1","18,0080,3,1","9,1,02,1","6,1,02,1",,,"06,1,+00780,1,06,1",,,"9,AGL   ,+99999,+99999","08,99,1,06,1,99,9,00780,1,99,9,99,9",,"99999,9,09419,1","9,9,999,9,+014,1","60,1","SYN07643063 21596 80000 10234 20234 39419 40040 76096 888// 333 58014 6008/ 86626=",
"43063099999","2025-05-22T00:00:00","4","18.5333333","73.85","558.0","PUNE, IN","FM-12","99999","V020","090,1,N,0005,1","99999,9,9,N","004000,1,9,9","+0238,1","+0229,1","10039,1","21,0080,3,1","6,1,02,1","2,1,02,1",,,"04,1,+00780,1,06,1","99,9,+99999,9,03,1",,"9,AGL   ,+99999,+99999","07,99,1,04,1,99,9,00780,1,99,9,99,9",,"99999,9,09418,1","9,9,999,9,-012,1","60,1","SYN07643063 21596 70901 10238 20229 39418 40039 76062 85830 333 59012 6008/ 84626=",
"43063099999","2025-05-22T03:00:00","4","18.5333333","73.85","558.0","PUNE, IN","FM-12","99999","V020","180,1,N,0010,1","01800,1,9,N","010000,1,9,9","+0250,1","+0227,1","10022,1","24,0080,3,1",,,,,"04,1,+00780,1,06,1","06,1,+01800,1,03,1",,"9,AGL   ,+99999,+99999","08,99,1,04,1,99,9,00780,1,99,9,99,9","240,N,+0226,1","99999,9,09408,1","9,9,999,9,-029,1",,"SYN09843063 22597 81802 10250 20227 39408 40022 84570 333 20226 59029 6008/ 84626 86356 555 00080 10132=",
"43063099999","2025-05-22T06:00:00","4","18.5333333","73.85","558.0","PUNE, IN","FM-12","99999","V020","070,1,N,0010,1","00840,1,C,N","010000,1,9,9","+0284,1","+0233,1","10022,1",,,,,,"03,1,+00780,1,06,1","03,1,+00840,1,08,1","04,1,+05400,1,02,1","9,AGL   ,+99999,+99999","07,99,1,03,1,99,9,00780,1,99,9,99,9",,"99999,9,09415,1","9,9,999,9,-023,1",,"SYN07643063 32597 70702 10284 20233 39415 40022 85808 333 59023 83626 83828 84268=",
"43063099999","2025-05-22T09:00:00","4","18.5333333","73.85","558.0","PUNE, IN","FM-12","99999","V020","090,1,N,0015,1","00780,1,C,N","004000,1,9,9","+0276,1","+0228,1","10007,1","06,0001,3,1","6,1,02,1","2,1,02,1",,,"05,1,+00780,1,06,1",,,"9,AGL   ,+99999,+99999","08,99,1,05,1,99,9,00780,1,99,9,99,9",,"99999,9,09400,1","9,9,999,9,-015,1","50,1","SYN07643063 21596 80903 10276 20228 39400 40007 75062 888// 333 59015 6991/ 85626=",
"43063099999","2025-05-22T12:00:00","4","18.5333333","73.85","558.0","PUNE, IN","FM-12","99999","V020","999,9,C,0000,1","05400,1,9,N","004000,1,9,9","+0266,1","+0244,1","10010,1","09,0003,3,1","9,1,02,1","6,1,02,1",,,"04,1,+00780,1,06,1","05,1,+05400,1,02,1",,"9,AGL   ,+99999,+99999","08,99,1,04,1,99,9,00780,1,99,9,99,9",,"99999,9,09400,1","9,9,999,9,+004,1","50,1","SYN08843063 21596 80000 10266 20244 39400 40010 75096 85807 333 10296 58004 6993/ 84626 85268=",
"43063099999","2025-05-22T15:00:00","4","18.5333333","73.85","558.0","PUNE, IN","FM-12","99999","V020","999,9,C,0000,1","05400,1,9,N","004000,1,9,9","+0256,1","+0242,1","10022,1","12,0005,3,1","5,1,02,1","2,1,02,1",,,"04,1,+00780,1,06,1","06,1,+05400,1,02,1",,"9,AGL   ,+99999,+99999","08,99,1,04,1,99,9,00780,1,99,9,99,9",,"99999,9,09410,1","9,9,999,9,-011,1","50,1","SYN08243063 21596 80000 10256 20242 39410 40022 75052 84507 333 59011 6995/ 84626 86268=",
"43063099999","2025-05-22T18:00:00","4","18.5333333","73.85","558.0","PUNE, IN","FM-12","99999","V020","999,9,C,0000,1","00780,1,C,N","004000,1,9,9","+0248,1","+0237,1","10029,1","15,0006,3,1","5,1,02,1","2,1,02,1",,,"05,1,+00780,1,06,1","05,1,+05400,1,02,1",,"9,AGL   ,+99999,+99999","08,99,1,05,1,99,9,00780,1,99,9,99,9",,"99999,9,09414,1","9,9,999,9,-020,1","51,1","SYN08243063 21596 80000 10248 20237 39414 40029 75152 85507 333 59020 6996/ 85626 85268=",
"43063099999","2025-05-22T21:00:00","4","18.5333333","73.85","558.0","PUNE, IN","FM-12","99999","V020","999,9,C,0000,1","00780,1,C,N","004000,1,9,9","+0238,1","+0232,1","10005,1","18,0020,3,1","5,1,02,1","2,1,02,1",,,"05,1,+00780,1,06,1","05,1,+05400,1,02,1",,"9,AGL   ,+99999,+99999","08,99,1,05,1,99,9,00780,1,99,9,99,9",,"99999,9,09390,1","9,9,999,9,-029,1","50,1","SYN08243063 21596 80000 10238 20232 39390 40005 75052 85507 333 59029 6002/ 85626 85268=",
"43063099999","2025-05-23T00:00:00","4","18.5333333","73.85","558.0","PUNE, IN","FM-12","99999","V020","090,1,N,0005,1","05400,1,9,N","004000,1,9,9","+0232,1","+0229,1","10008,1","21,0070,3,1","5,1,02,1","2,1,02,1",,,"04,1,+00780,1,06,1","07,1,+05400,1,02,1",,"9,AGL   ,+99999,+99999","08,99,1,04,1,99,9,00780,1,99,9,99,9",,"99999,9,09392,1","9,9,999,9,-026,1","55,1","SYN08243063 21596 80901 10232 20229 39392 40008 75552 84507 333 59026 6007/ 84626 87268=",
"43063099999","2025-05-23T03:00:00","4","18.5333333","73.85","558.0","PUNE, IN","FM-12","99999","V020","090,1,N,0005,1","01800,1,9,N","004000,1,9,9","+0238,1","+0232,1","10021,1","24,0100,3,1","6,1,02,1","5,1,02,1",,,"04,1,+00780,1,06,1","06,1,+01800,1,04,1",,"9,AGL   ,+99999,+99999","08,99,1,04,1,99,9,00780,1,99,9,99,9","240,N,+0228,1","99999,9,09405,1","9,9,999,9,-003,1","60,1","SYN10443063 21596 80901 10238 20232 39405 40021 76065 8452/ 333 20228 59003 6010/ 84626 86456 555 00104 10143=",
"43063099999","2025-05-23T06:00:00","4","18.5333333","73.85","558.0","PUNE, IN","FM-12","99999","V020","090,1,N,0010,1","00780,1,C,N","004000,1,9,9","+0244,1","+0235,1","10017,1","03,0020,3,1","6,1,02,1","5,1,02,1",,,"03,1,+00660,1,07,1","03,1,+00780,1,06,1","05,1,+01800,1,04,1","9,AGL   ,+99999,+99999","08,99,1,03,1,99,9,00660,1,99,9,99,9",,"99999,9,09403,1",,"60,1","SYN09443063 21596 80902 10244 20235 39403 40017 76065 8572/ 333 5629/ 59012 6002/ 83722 83626 85456=",
"43063099999","2025-05-23T09:00:00","4","18.5333333","73.85","558.0","PUNE, IN","FM-12","99999","V020","090,1,N,0010,1","00780,1,C,N","004000,1,9,9","+0260,1","+0226,1","09995,1","06,0030,3,1","6,1,02,1","5,1,02,1",,,"02,1,+00660,1,07,1","03,1,+00780,1,06,1","05,1,+05400,1,02,1","9,AGL   ,+99999,+99999","08,99,1,02,1,99,9,00660,1,99,9,99,9",,"99999,9,09385,1",,"02,1","SYN09443063 21596 80902 10260 20226 39385 49995 70265 85707 333 5620/ 59015 6003/ 82722 83626 85268=",
"43063099999","2025-05-23T12:00:00","4","18.5333333","73.85","558.0","PUNE, IN","FM-12","99999","V020","090,1,N,0010,1","00780,1,C,N","004000,1,9,9","+0250,1","+0221,1","09988,1","09,0030,3,1","6,1,02,1","5,1,02,1",,,"02,1,+00660,1,07,1","03,1,+00780,1,06,1","05,1,+05400,1,02,1","9,AGL   ,+99999,+99999","08,99,1,02,1,99,9,00660,1,99,9,99,9",,"99999,9,09375,1",,"02,1","SYN10043063 21596 80902 10250 20221 39375 49988 70265 85707 333 10266 5620/ 59025 6003/ 82722 83626 85268=",
"43063099999","2025-05-23T15:00:00","4","18.5333333","73.85","558.0","PUNE, IN","FM-12","99999","V020","090,1,N,0005,1","00780,1,C,N","004000,1,9,9","+0244,1","+0224,1","09999,1","12,0030,3,1",,,,,"06,1,+00780,1,06,1",,,"9,AGL   ,+99999,+99999","06,99,1,06,1,99,9,00780,1,99,9,99,9",,"99999,9,09386,1","9,9,999,9,-024,1",,"SYN07043063 22596 60901 10244 20224 39386 49999 86500 333 59024 6003/ 86626=",
"43063099999","2025-05-23T18:00:00","4","18.5333333","73.85","558.0","PUNE, IN","FM-12","99999","V020","999,9,C,0000,1","00780,1,C,N","004000,1,9,9","+0242,1","+0225,1","10011,1","15,0030,3,1","5,1,02,1","2,1,02,1",,,"06,1,+00780,1,06,1",,,"9,AGL   ,+99999,+99999","06,99,1,06,1,99,9,00780,1,99,9,99,9",,"99999,9,09397,1","9,9,999,9,-017,1","20,1","SYN07643063 21596 60000 10242 20225 39397 40011 72052 86500 333 59017 6003/ 86626=",
"43063099999","2025-05-23T21:00:00","4","18.5333333","73.85","558.0","PUNE, IN","FM-12","99999","V020","999,9,C,0000,1","00780,1,C,N","004000,1,9,9","+0218,1","+0209,1","10004,1","18,0050,3,1","6,1,02,1","5,1,02,1",,,"02,1,+00660,1,07,1","03,1,+00780,1,06,1","05,1,+01800,1,04,1","9,AGL   ,+99999,+99999","08,99,1,02,1,99,9,00660,1,99,9,99,9",,"99999,9,09385,1",,"60,1","SYN09443063 21596 80000 10218 20209 39385 40004 76065 8472/ 333 5629/ 59005 6005/ 82722 83626 85456=",
"43063099999","2025-05-24T00:00:00","4","18.5333333","73.85","558.0","PUNE, IN","FM-12","99999","V020","999,9,C,0000,1","00780,1,C,N","004000,1,9,9","+0220,1","+0214,1","10002,1","21,0050,3,1","6,1,02,1","5,1,02,1",,,"03,1,+00660,1,07,1","05,1,+00780,1,06,1",,"9,AGL   ,+99999,+99999","08,99,1,03,1,99,9,00660,1,99,9,99,9",,"99999,9,09383,1","9,9,999,9,-009,1","50,1","SYN08243063 21596 80000 10220 20214 39383 40002 75065 8672/ 333 59009 6005/ 83722 85626=",
"43063099999","2025-05-24T03:00:00","4","18.5333333","73.85","558.0","PUNE, IN","FM-12","99999","V020","999,9,C,0000,1","00780,1,C,N","004000,1,9,9","+0230,1","+0221,1","10009,1","24,0080,3,1","6,1,02,1","5,1,02,1",,,"03,1,+00660,1,07,1","05,1,+00780,1,06,1",,"9,AGL   ,+99999,+99999","08,99,1,03,1,99,9,00660,1,99,9,99,9","240,N,+0210,1","99999,9,09391,1",,"02,1","SYN11043063 21596 80000 10230 20221 39391 40009 70265 8672/ 333 20210 5629/ 59014 6008/ 83722 85626 555 00076 10150=",
"43063099999","2025-05-24T06:00:00","4","18.5333333","73.85","558.0","PUNE, IN","FM-12","99999","V020","070,1,N,0031,1","00780,1,C,N","004000,1,9,9","+0254,1","+0222,1","10008,1","03,0000,2,1","6,1,02,1","2,1,02,1",,,"05,1,+00780,1,06,1","03,1,+01800,1,04,1",,"9,AGL   ,+99999,+99999","08,99,1,05,1,99,9,00780,1,99,9,99,9",,"99999,9,09396,1","9,9,999,9,-007,1","60,1","SYN08243063 21596 80706 10254 20222 39396 40008 76062 8552/ 333 59007 6990/ 85626 83456=",
"43063099999","2025-05-24T09:00:00","4","18.5333333","73.85","558.0","PUNE, IN","FM-12","99999","V020","090,1,N,0005,1","01800,1,C,N","010000,1,9,9","+0234,1","+0216,1","10001,1","06,0020,3,1","6,1,02,1","2,1,02,1",,,"03,1,+00660,1,07,1","05,1,+01800,1,04,1",,"9,AGL   ,+99999,+99999","08,99,1,03,1,99,9,00660,1,99,9,99,9",,"99999,9,09382,1",,"60,1","SYN08843063 21597 80901 10234 20216 39382 40001 76062 8572/ 333 5629/ 59003 6002/ 83722 85456=",
"43063099999","2025-05-24T12:00:00","4","18.5333333","73.85","558.0","PUNE, IN","FM-12","99999","V020","020,1,N,0227,1","99999,9,C,N","010000,1,9,9","+9999,9","+0224,1","09984,1","09,0030,3,1","6,1,02,1","5,1,02,1",,,"03,2,+00660,1,07,1","05,2,+00780,1,06,1",,"9,AGL   ,+99999,+99999","01,99,2,03,2,99,9,00660,1,99,9,99,9",,"99999,9,09369,1",,"50,1","SYN08843063 21597 10244 20224 39369 49984 75065 8672/ 333 10266 5629/ 59006 6003/ 83722 85626=","Q01 007803SCOCIG"
"43063099999","2025-05-24T15:00:00","4","18.5333333","73.85","558.0","PUNE, IN","FM-12","99999","V020","090,1,N,0005,1","00780,1,C,N","004000,1,9,9","+0238,1","+0226,1","10006,1","12,0030,3,1","5,1,02,1","2,1,02,1",,,"02,1,+00660,1,07,1","05,1,+00780,1,06,1",,"9,AGL   ,+99999,+99999","08,99,1,02,1,99,9,00660,1,99,9,99,9",,"99999,9,09387,1",,"02,1","SYN08843063 21596 80901 10238 20226 39387 40006 70252 8772/ 333 5629/ 58001 6003/ 82722 85626=",
"43063099999","2025-05-24T18:00:00","4","18.5333333","73.85","558.0","PUNE, IN","FM-12","99999","V020","090,1,N,0005,1","00780,1,C,N","004000,1,9,9","+0234,1","+0219,1","10015,1","15,0030,3,1","5,1,02,1","2,1,02,1",,,"01,1,+00660,1,07,1","06,1,+00780,1,06,1",,"9,AGL   ,+99999,+99999","08,99,1,01,1,99,9,00660,1,99,9,99,9",,"99999,9,09396,1",,"02,1","SYN08843063 21596 80901 10234 20219 39396 40015 70252 8772/ 333 5629/ 59001 6003/ 81722 86626=",
"43063099999","2025-05-24T21:00:00","4","18.5333333","73.85","558.0","PUNE, IN","FM-12","99999","V020","270,1,N,0005,1","01800,1,C,N","004000,1,9,9","+0234,1","+0222,1","10005,1","18,0050,3,1","2,1,02,1","2,1,02,1",,,"03,1,+00660,1,07,1","05,1,+01800,1,04,1",,"9,AGL   ,+99999,+99999","08,99,1,03,1,99,9,00660,1,99,9,99,9",,"99999,9,09386,1",,"60,1","SYN08843063 21596 82701 10234 20222 39386 40005 76022 8572/ 333 5629/ 58001 6005/ 83722 85456=",
"43063099999","2025-05-25T00:00:00","4","18.5333333","73.85","558.0","PUNE, IN","FM-12","99999","V020","270,1,N,0005,1","01800,1,C,N","004000,1,9,9","+0232,1","+0229,1","10004,1","21,0160,3,1","6,1,02,1","5,1,02,1",,,"03,1,+00660,1,07,1","05,1,+01800,1,04,1",,"9,AGL   ,+99999,+99999","08,99,1,03,1,99,9,00660,1,99,9,99,9",,"99999,9,09385,1",,"60,1","SYN08843063 21596 82701 10232 20229 39385 40004 76065 8572/ 333 5629/ 58002 6016/ 83722 85456=",
"43063099999","2025-05-25T03:00:00","4","18.5333333","73.85","558.0","PUNE, IN","FM-12","99999","V020","270,1,N,0005,1","01800,1,C,N","004000,1,9,9","+0234,1","+0228,1","10024,1","24,0200,3,1","6,1,02,1","5,1,02,1",,,"03,1,+00660,1,07,1","03,1,+01800,1,04,1",,"9,AGL   ,+99999,+99999","08,99,1,03,1,99,9,00660,1,99,9,99,9","240,N,+0225,1","99999,9,09404,1",,"60,1","SYN09443063 21596 82701 10234 20228 39404 40024 76065 8572/ 333 20225 5629/ 58013 6020/ 83722 83456=",
"43063099999","2025-05-25T06:00:00","4","18.5333333","73.85","558.0","PUNE, IN","FM-12","99999","V020","320,1,N,0015,1","00780,1,C,N","004000,1,9,9","+0264,1","+0244,1","10019,1","03,0003,3,1","6,1,02,1","5,1,02,1",,,"06,1,+00780,1,06,1","03,1,+01800,1,04,1",,"9,AGL   ,+99999,+99999","08,99,1,06,1,99,9,00780,1,99,9,99,9",,"99999,9,09406,1","9,9,999,9,+010,1","50,1","SYN08243063 21596 83203 10264 20244 39406 40019 75065 8652/ 333 58010 6993/ 86626 83456=",
"43063099999","2025-05-25T09:00:00","4","18.5333333","73.85","558.0","PUNE, IN","FM-12","99999","V020","270,1,N,0021,1","01800,1,9,N","004000,1,9,9","+0272,1","+0235,1","09999,1","06,0003,3,1","5,1,02,1","2,1,02,1",,,"04,1,+00600,1,07,1","05,1,+01800,1,04,1",,"9,AGL   ,+99999,+99999","08,99,1,04,1,99,9,00600,1,99,9,99,9",,"99999,9,09392,1",,"53,1","SYN08843063 21596 82704 10272 20235 39392 49999 75352 8572/ 333 566// 58010 6993/ 84720 85456=",
"43063099999","2025-05-25T12:00:00","4","18.5333333","73.85","558.0","PUNE, IN","FM-12","99999","V020","270,1,N,0010,1","00780,1,C,N","010000,1,9,9","+0254,1","+0219,1","09997,1","09,0008,3,1","5,1,02,1","2,1,02,1",,,"03,1,+00660,1,07,1","03,1,+00780,1,06,1","05,1,+01800,1,04,1","9,AGL   ,+99999,+99999","08,99,1,03,1,99,9,00660,1,99,9,99,9",,"99999,9,09387,1",,"51,1","SYN10043063 21597 82702 10254 20219 39387 49997 75152 8672/ 333 10280 5669/ 58018 6998/ 83722 83626 85456=",
"43063099999","2025-05-25T15:00:00","4","18.5333333","73.85","558.0","PUNE, IN","FM-12","99999","V020","270,1,N,0015,1","00780,1,C,N","002000,1,9,9","+0236,1","+0227,1","10040,1","12,0080,3,1","6,1,02,1","5,1,02,1",,,"03,1,+00660,1,07,1","03,1,+00780,1,06,1","05,1,+01800,1,04,1","9,AGL   ,+99999,+99999","08,99,1,03,1,99,9,00660,1,99,9,99,9",,"99999,9,09419,1",,"63,1","SYN09443063 21595 82703 10236 20227 39419 40040 76365 8572/ 333 5669/ 58032 6008/ 83722 83626 85456=",
"43063099999","2025-05-25T18:00:00","4","18.5333333","73.85","558.0","PUNE, IN","FM-12","99999","V020","999,9,C,0000,1","00780,1,C,N","004000,1,9,9","+0222,1","+0216,1","10047,1","15,0110,3,1","6,1,02,1","5,1,02,1",,,"03,1,+00660,1,07,1","05,1,+00780,1,06,1",,"9,AGL   ,+99999,+99999","08,99,1,03,1,99,9,00660,1,99,9,99,9",,"99999,9,09424,1",,"02,1","SYN08843063 21596 80000 10222 20216 39424 40047 70265 8772/ 333 5669/ 58028 6011/ 83722 85626=",
"43063099999","2025-05-25T21:00:00","4","18.5333333","73.85","558.0","PUNE, IN","FM-12","99999","V020","999,9,C,0000,1","01800,1,C,N","002000,1,9,9","+0220,1","+0214,1","10033,1","18,0200,3,1","6,1,02,1","5,1,02,1",,,"03,1,+00660,1,07,1","05,1,+01800,1,04,1",,"9,AGL   ,+99999,+99999","08,99,1,03,1,99,9,00660,1,99,9,99,9",,"99999,9,09409,1",,"61,1","SYN08843063 21595 80000 10220 20214 39409 40033 76165 8572/ 333 5669/ 58023 6020/ 83722 85456=",
"43063099999","2025-05-26T00:00:00","4","18.5333333","73.85","558.0","PUNE, IN","FM-12","99999","V020","999,9,C,0000,1","00780,1,C,N","004000,1,9,9","+0226,1","+0220,1","10027,1","21,0230,3,1","6,1,02,1","5,1,02,1",,,"03,1,+00660,1,07,1","05,1,+00780,1,06,1",,"9,AGL   ,+99999,+99999","08,99,1,03,1,99,9,00660,1,99,9,99,9",,"99999,9,09405,1",,"02,1","SYN08843063 21596 80000 10226 20220 39405 40027 70265 8772/ 333 5669/ 58020 6023/ 83722 85626=",
"43063099999","2025-05-26T03:00:00","4","18.5333333","73.85","558.0","PUNE, IN","FM-12","99999","V020","230,1,N,0010,1","00780,1,C,N","010000,1,9,9","+0248,1","+0213,1","10030,1","24,0230,3,1",,,,,"03,1,+00660,1,07,1","05,1,+00780,1,06,1",,"9,AGL   ,+99999,+99999","07,99,1,03,1,99,9,00660,1,99,9,99,9","240,N,+0213,1","99999,9,09415,1",,,"SYN08843063 22597 72302 10248 20213 39415 40030 87700 333 20213 56500 58011 6023/ 83722 85626=",
"43063099999","2025-05-26T06:00:00","4","18.5333333","73.85","558.0","PUNE, IN","FM-12","99999","V020","270,1,N,0015,1","99999,9,9,N","010000,1,9,9","+0276,1","+0234,1","10025,1",,,,,,"01,1,+00660,1,07,1","03,1,+00780,1,06,1",,"9,AGL   ,+99999,+99999","07,99,1,01,1,99,9,00660,1,99,9,99,9",,"99999,9,09416,1",,,"SYN07643063 32597 72703 10276 20234 39416 40025 85770 333 56690 58010 81722 83626=",
"43063099999","2025-05-26T09:00:00","4","18.5333333","73.85","558.0","PUNE, IN","FM-12","99999","V020","270,1,N,0010,1","01800,1,C,N","004000,1,9,9","+0244,1","+0233,1","10021,1","06,0110,3,1","6,1,02,1","5,1,02,1",,,"03,1,+00600,1,07,1","05,1,+01800,1,04,1",,"9,AGL   ,+99999,+99999","08,99,1,03,1,99,9,00600,1,99,9,99,9",,"99999,9,09407,1",,"60,1","SYN08843063 21596 82702 10244 20233 39407 40021 76065 8472/ 333 5669/ 58015 6011/ 83720 85456=",
"43063099999","2025-05-26T12:00:00","4","18.5333333","73.85","558.0","PUNE, IN","FM-12","99999","V020","270,1,N,0005,1","01800,1,9,9","004000,1,9,9","+0240,1","+0234,1","10011,1",,"9,1,99,9","6,1,99,9",,,"04,1,+00600,1,07,1","05,1,+01800,1,04,1",,"9,AGL   ,+99999,+99999","08,99,1,04,1,99,9,00600,1,99,9,99,9",,"99999,9,09395,1","9,9,999,9,+008,1","61,1","SYN004BUFR",
"43063099999","2025-05-26T15:00:00","4","18.5333333","73.85","558.0","PUNE, IN","FM-12","99999","V020","270,1,N,0015,1","01800,1,9,N","004000,1,9,9","+0236,1","+0227,1","10021,1","12,0220,3,1","6,1,02,1","5,1,02,1",,,"04,1,+00600,1,07,1","05,1,+01800,1,04,1",,"9,AGL   ,+99999,+99999","08,99,1,04,1,99,9,00600,1,99,9,99,9",,"99999,9,09405,1",,"51,1","SYN08843063 21596 82703 10236 20227 39405 40021 75165 8472/ 333 5669/ 59014 6022/ 84720 85456=",
"43063099999","2025-05-26T18:00:00","4","18.5333333","73.85","558.0","PUNE, IN","FM-12","99999","V020","270,1,N,0015,1","00780,1,C,N","002000,1,9,9","+0238,1","+0229,1","10021,1","15,0230,3,1","6,1,02,1","5,1,02,1",,,"03,1,+00600,1,07,1","04,1,+00780,1,06,1","05,1,+01800,1,04,1","9,AGL   ,+99999,+99999","08,99,1,03,1,99,9,00600,1,99,9,99,9",,"99999,9,09405,1",,"51,1","SYN09443063 21595 82703 10238 20229 39405 40021 75165 8572/ 333 5669/ 59019 6023/ 83720 84626 85456=",
"43063099999","2025-05-26T21:00:00","4","18.5333333","73.85","558.0","PUNE, IN","FM-12","99999","V020","999,9,C,0000,1","01800,1,9,N","002000,1,9,9","+0228,1","+0225,1","10019,1","18,0420,3,1","9,1,02,1","6,1,02,1",,,"04,1,+00600,1,07,1","05,1,+01800,1,04,1",,"9,AGL   ,+99999,+99999","08,99,1,04,1,99,9,00600,1,99,9,99,9",,"99999,9,09401,1",,"55,1","SYN08843063 21595 80000 10228 20225 39401 40019 75596 8472/ 333 5649/ 59008 6042/ 84720 85456=",
"43063099999","2025-05-27T00:00:00","4","18.5333333","73.85","558.0","PUNE, IN","FM-12","99999","V020","999,9,C,0000,1","01800,1,9,9","002000,1,9,9","+0227,1","+0225,1","10018,1",,"9,1,99,9","6,1,99,9",,,"04,1,+00600,1,07,1","05,1,+01800,1,04,1",,"9,AGL   ,+99999,+99999","08,99,1,04,1,99,9,00600,1,99,9,99,9",,"99999,9,09400,1","9,9,999,9,-005,1","50,1","SYN004BUFR",
"43063099999","2025-05-27T06:00:00","4","18.5333333","73.85","558.0","PUNE, IN","FM-12","99999","V020","270,1,N,0010,1","01800,1,C,N","004000,1,9,9","+0246,1","+0232,1","10033,1","03,0007,3,1","6,1,02,1","5,1,02,1",,,"03,1,+00660,1,07,1","05,1,+01800,1,04,1",,"9,AGL   ,+99999,+99999","08,99,1,03,1,99,9,00660,1,99,9,99,9",,"99999,9,09418,1",,"61,1","SYN08843063 21596 82702 10246 20232 39418 40033 76165 8572/ 333 5669/ 58002 6997/ 83722 85456=",
"43063099999","2025-05-27T09:00:00","4","18.5333333","73.85","558.0","PUNE, IN","FM-12","99999","V020","270,1,N,0005,1","01800,1,C,N","004000,1,9,9","+0228,1","+0222,1","10028,1","06,0130,3,1","6,1,02,1","5,1,02,1",,,"03,1,+00660,1,07,1","05,1,+01800,1,04,1",,"9,AGL   ,+99999,+99999","08,99,1,03,1,99,9,00660,1,99,9,99,9",,"99999,9,09406,1",,"61,1","SYN08843063 21596 82701 10228 20222 39406 40028 76165 8572/ 333 5669/ 59001 6013/ 83722 85456=",
"43063099999","2025-05-27T12:00:00","4","18.5333333","73.85","558.0","PUNE, IN","FM-12","99999","V020","270,1,N,0015,1","00780,1,C,N","010000,1,9,9","+0238,1","+0229,1","10004,1","09,0160,3,1","6,1,02,1","5,1,02,1",,,"03,1,+00660,1,07,1","05,1,+00780,1,06,1",,"9,AGL   ,+99999,+99999","08,99,1,03,1,99,9,00660,1,99,9,99,9",,"99999,9,09385,1",,"02,1","SYN09443063 21597 82703 10238 20229 39385 40004 70265 8772/ 333 10248 5669/ 59010 6016/ 83722 85626=",
"43063099999","2025-05-27T15:00:00","4","18.5333333","73.85","558.0","PUNE, IN","FM-12","99999","V020","270,1,N,0015,1","00780,1,9,N","004000,1,9,9","+0232,1","+0217,1","10018,1","12,0160,3,1",,,,,"03,1,+00660,1,07,1","06,1,+00780,1,06,1",,"9,AGL   ,+99999,+99999","07,99,1,03,1,99,9,00660,1,99,9,99,9",,"99999,9,09402,1",,,"SYN08243063 22596 72703 10232 20217 39402 40018 87700 333 56600 59003 6016/ 83722 86626=",
"43063099999","2025-05-27T18:00:00","4","18.5333333","73.85","558.0","PUNE, IN","FM-12","99999","V020","270,1,N,0010,1","22000,1,9,N","004000,1,9,9","+0226,1","+0208,1","10039,1","15,0160,3,1",,,,,"04,1,+00780,1,06,1",,,"9,AGL   ,+99999,+99999","04,99,1,04,1,99,9,00780,1,99,9,99,9",,"99999,9,09420,1","9,9,999,9,+015,1",,"SYN07043063 22596 42702 10226 20208 39420 40039 84500 333 58015 6016/ 84626=",
"43063099999","2025-05-27T21:00:00","4","18.5333333","73.85","558.0","PUNE, IN","FM-12","99999","V020","270,1,N,0015,1","22000,1,9,N","004000,1,9,9","+0228,1","+0213,1","10028,1","18,0160,3,1",,,,,"03,1,+00780,1,06,1",,,"9,AGL   ,+99999,+99999","03,99,1,03,1,99,9,00780,1,99,9,99,9",,"99999,9,09410,1","9,9,999,9,+009,1",,"SYN07043063 22596 32703 10228 20213 39410 40028 83500 333 58009 6016/ 83626=",
"43063099999","2025-05-28T00:00:00","4","18.5333333","73.85","558.0","PUNE, IN","FM-12","99999","V020","999,9,C,0000,1","00780,1,C,N","004000,1,9,9","+0232,1","+0186,1","10016,1","21,0160,3,1",,,,,"06,1,+00780,1,06,1",,,"9,AGL   ,+99999,+99999","06,99,1,06,1,99,9,00780,1,99,9,99,9",,"99999,9,09400,1","9,9,999,9,+000,1",,"SYN07043063 22596 60000 10232 20186 39400 40016 86500 333 58000 6016/ 86626=",
"43063099999","2025-05-28T03:00:00","4","18.5333333","73.85","558.0","PUNE, IN","FM-12","99999","V020","250,1,N,9999,9","99999,9,C,N","010000,1,9,9","+0262,1","+0222,1","10023,1","24,0160,3,1","0,1,02,1","4,1,02,1",,,"01,1,+00660,1,07,1","05,2,+01800,1,03,1",,"9,AGL   ,+99999,+99999","02,99,2,01,1,99,9,00660,1,99,9,99,9","240,N,+0219,1","99999,9,09412,1",,"27,1","SYN11043063 22597 22597 10262 20222 39412 40023 72704 82730 333 20219 56690 58000 6016/ 81722 85356 555 00157 10251=","Q0149.9  3WOSPD Q02 018003SCOCIG"
"43063099999","2025-05-28T06:00:00","4","18.5333333","73.85","558.0","PUNE, IN","FM-12","99999","V020","270,1,N,0015,1","99999,9,9,N","010000,1,9,9","+0282,1","+0234,1","10025,1",,,,,,"01,1,+00660,1,07,1","04,1,+00780,1,06,1",,"9,AGL   ,+99999,+99999","07,99,1,01,1,99,9,00660,1,99,9,99,9",,"99999,9,09418,1",,,"SYN07643063 32597 72703 10282 20234 39418 40025 85701 333 56609 58000 81722 84626=",
"43063099999","2025-05-28T09:00:00","4","18.5333333","73.85","558.0","PUNE, IN","FM-12","99999","V020","270,1,N,0015,1","00780,1,C,N","010000,1,9,9","+0290,1","+0237,1","10009,1",,,,,,"03,1,+00660,1,07,1","04,1,+00780,1,06,1",,"9,AGL   ,+99999,+99999","08,99,1,03,1,99,9,00660,1,99,9,99,9",,"99999,9,09400,1",,,"SYN07643063 32597 82703 10290 20237 39400 40009 8772/ 333 5669/ 59006 83722 84626=",
"43063099999","2025-05-28T12:00:00","4","18.5333333","73.85","558.0","PUNE, IN","FM-12","99999","V020","270,1,N,0015,1","00780,1,C,N","010000,1,9,9","+0246,1","+0214,1","10001,1","09,0070,3,1","6,1,02,1","5,1,02,1",,,"02,1,+00660,1,07,1","05,1,+00780,1,06,1",,"9,AGL   ,+99999,+99999","06,99,1,02,1,99,9,00660,1,99,9,99,9",,"99999,9,09384,1",,"02,1","SYN09443063 21597 62703 10246 20214 39384 40001 70265 86700 333 10292 56600 59001 6007/ 82722 85626=",
"43063099999","2025-05-28T15:00:00","4","18.5333333","73.85","558.0","PUNE, IN","FM-12","99999","V020","270,1,N,0010,1","00780,1,C,N","004000,1,9,9","+0248,1","+0219,1","10019,1","12,0070,3,1",,,,,"02,1,+00660,1,07,1","05,1,+00780,1,06,1",,"9,AGL   ,+99999,+99999","07,99,1,02,1,99,9,00660,1,99,9,99,9",,"99999,9,09405,1",,,"SYN08243063 22596 72702 10248 20219 39405 40019 87700 333 56600 58003 6007/ 82722 85626=",
"43063099999","2025-05-28T18:00:00","4","18.5333333","73.85","558.0","PUNE, IN","FM-12","99999","V020","270,1,N,0021,1","00780,1,C,N","004000,1,9,9","+0252,1","+0229,1","10018,1","15,0070,3,1",,,,,"02,1,+00660,1,07,1","05,1,+00780,1,06,1",,"9,AGL   ,+99999,+99999","06,99,1,02,1,99,9,00660,1,99,9,99,9",,"99999,9,09406,1",,,"SYN08243063 22596 62704 10252 20229 39406 40018 86700 333 56600 59014 6007/ 82722 85626=",
"43063099999","2025-05-28T21:00:00","4","18.5333333","73.85","558.0","PUNE, IN","FM-12","99999","V020","270,1,N,0010,1","00780,1,C,N","004000,1,9,9","+0250,1","+0227,1","10014,1","18,0070,3,1",,,,,"02,1,+00660,1,07,1","05,1,+00780,1,06,1",,"9,AGL   ,+99999,+99999","07,99,1,02,1,99,9,00660,1,99,9,99,9",,"99999,9,09400,1",,,"SYN08243063 22596 72702 10250 20227 39400 40014 87700 333 56600 59010 6007/ 82722 85626=",
"43063099999","2025-05-29T00:00:00","4","18.5333333","73.85","558.0","PUNE, IN","FM-12","99999","V020","270,1,N,0010,1","22000,1,9,N","004000,1,9,9","+0250,1","+0221,1","10006,1","21,0070,3,1",,,,,"03,1,+00780,1,06,1",,,"9,AGL   ,+99999,+99999","03,99,1,03,1,99,9,00780,1,99,9,99,9",,"99999,9,09392,1","9,9,999,9,-008,1",,"SYN07043063 22596 32702 10250 20221 39392 40006 83500 333 59008 6007/ 83626=",
"43063099999","2025-05-29T03:00:00","4","18.5333333","73.85","558.0","PUNE, IN","FM-12","99999","V020","270,1,N,0010,1","99999,9,9,N","010000,1,9,9","+0260,1","+0232,1","10017,1","24,0070,3,1",,,,,"01,1,+00780,1,06,1","03,1,+01800,1,03,1","99,9,+99999,9,00,1","9,AGL   ,+99999,+99999","05,99,1,01,1,99,9,00780,1,99,9,99,9","240,N,+0237,1","99999,9,09401,1","9,9,999,9,-011,1",,"SYN09843063 22597 52702 10260 20232 39401 40017 81631 333 20237 59011 6007/ 81626 83356 555 00072 10258=",
"43063099999","2025-05-29T06:00:00","4","18.5333333","73.85","558.0","PUNE, IN","FM-12","99999","V020","270,1,N,0010,1","06000,1,C,N","010000,1,9,9","+0302,1","+0228,1","10010,1",,,,,,"03,1,+00780,1,06,1","04,1,+06000,1,00,1",,"9,AGL   ,+99999,+99999","07,99,1,03,1,99,9,00780,1,99,9,99,9",,"99999,9,09405,1","9,9,999,9,-013,1",,"SYN07043063 32597 72702 10302 20228 39405 40010 84801 333 59013 83626 84070=",
"43063099999","2025-05-29T09:00:00","4","18.5333333","73.85","558.0","PUNE, IN","FM-12","99999","V020","270,1,N,0041,1","00840,1,C,N","010000,1,9,9","+0310,1","+0219,1","09985,1",,,,,,"03,1,+00780,1,06,1","03,1,+00840,1,08,1",,"9,AGL   ,+99999,+99999","06,99,1,03,1,99,9,00780,1,99,9,99,9",,"99999,9,09385,1","9,9,999,9,-015,1",,"SYN07043063 32597 62708 10310 20219 39385 49985 86800 333 59015 83626 83828=",
"43063099999","2025-05-29T12:00:00","4","18.5333333","73.85","558.0","PUNE, IN","FM-12","99999","V020","270,1,N,0031,1","99999,9,9,N","010000,1,9,9","+0296,1","+0231,1","09977,1",,,,,,"01,1,+00660,1,07,1","03,1,+00780,1,06,1",,"9,AGL   ,+99999,+99999","05,99,1,01,1,99,9,00660,1,99,9,99,9",,"99999,9,09375,1","9,9,999,9,-009,1",,"SYN07643063 32597 52706 10296 20231 39375 49977 85700 333 10320 59009 81722 83626=",
"43063099999","2025-05-29T15:00:00","4","18.5333333","73.85","558.0","PUNE, IN","FM-12","99999","V020","270,1,N,0015,1","99999,9,9,N","010000,1,9,9","+0268,1","+0225,1","10005,1",,,,,,"01,1,+00660,1,07,1","04,1,+00780,1,06,1",,"9,AGL   ,+99999,+99999","05,99,1,01,1,99,9,00660,1,99,9,99,9",,"99999,9,09393,1",,,"SYN07643063 32597 52703 10268 20225 39393 40005 85700 333 56600 59012 81722 84626=",
"43063099999","2025-05-29T18:00:00","4","18.5333333","73.85","558.0","PUNE, IN","FM-12","99999","V020","270,1,N,0015,1","00780,1,C,N","004000,1,9,9","+0260,1","+0232,1","10018,1",,,,,,"01,1,+00660,1,07,1","05,1,+00780,1,06,1",,"9,AGL   ,+99999,+99999","05,99,1,01,1,99,9,00660,1,99,9,99,9",,"99999,9,09408,1",,,"SYN07643063 32596 52703 10260 20232 39408 40018 85700 333 56600 58002 81722 85626=",
"43063099999","2025-05-29T21:00:00","4","18.5333333","73.85","558.0","PUNE, IN","FM-12","99999","V020","270,1,N,0021,1","00780,1,C,9","004000,1,9,9","+0252,1","+0226,1","10013,1","99,9999,9,9",,,"0,1,99,9","0,1,99,9","02,1,+00660,1,07,1","05,1,+00780,1,06,1",,"9,AGL   ,+99999,+99999","07,99,1,02,1,99,9,00660,1,99,9,99,9",,"99999,9,09399,1","9,9,999,9,-001,1",,"SYN004BUFR",
"43063099999","2025-05-30T00:00:00","4","18.5333333","73.85","558.0","PUNE, IN","FM-12","99999","V020","270,1,N,0021,1","22000,1,9,N","004000,1,9,9","+0248,1","+0219,1","10010,1",,,,,,"04,1,+00780,1,06,1",,,"9,AGL   ,+99999,+99999","04,99,1,04,1,99,9,00780,1,99,9,99,9",,"99999,9,09393,1","9,9,999,9,+001,1",,"SYN06443063 32596 42704 10248 20219 39393 40010 84500 333 58001 84626=",
"43063099999","2025-05-30T03:00:00","4","18.5333333","73.85","558.0","PUNE, IN","FM-12","99999","V020","270,1,N,0026,1","22000,1,9,N","010000,1,9,9","+0272,1","+0241,1","10015,1",,,,,,"01,1,+00780,1,06,1",,,"9,AGL   ,+99999,+99999","02,99,1,01,1,99,9,00780,1,99,9,99,9","240,N,+0238,1","99999,9,09408,1","9,9,999,9,+007,1",,"SYN08643063 32597 22705 10272 20241 39408 40015 82800 333 20238 58007 81626 555 00000 10258=",
"43063099999","2025-05-30T06:00:00","4","18.5333333","73.85","558.0","PUNE, IN","FM-12","99999","V020","270,1,N,0031,1","99999,9,C,N","010000,1,9,9","+0306,1","+0220,1","10013,1",,,,,,"02,1,+00780,1,06,1","03,1,+00840,1,08,1",,"9,AGL   ,+99999,+99999","04,99,1,02,1,99,9,00780,1,99,9,99,9",,"99999,9,09410,1","9,9,999,9,+005,1",,"SYN07043063 32597 42706 10306 20220 39410 40013 84800 333 58005 82626 83828=","Q01 008403SCOCIG"
"43063099999","2025-05-30T09:00:00","4","18.5333333","73.85","558.0","PUNE, IN","FM-12","99999","V020","270,1,N,0057,1","99999,9,9,N","010000,1,9,9","+0316,1","+0212,1","10003,1",,,,,,"04,1,+00780,1,06,1",,,"9,AGL   ,+99999,+99999","06,99,1,04,1,99,9,00780,1,99,9,99,9",,"99999,9,09404,1","9,9,999,9,+019,1",,"SYN06443063 32597 62711 10316 20212 39404 40003 86800 333 58019 84626=",
"43063099999","2025-05-30T12:00:00","4","18.5333333","73.85","558.0","PUNE, IN","FM-12","99999","V020","270,1,N,0021,1","99999,9,9,N","010000,1,9,9","+0306,1","+0211,1","09997,1",,,,,,"03,1,+00780,1,06,1",,,"9,AGL   ,+99999,+99999","05,99,1,03,1,99,9,00780,1,99,9,99,9",,"99999,9,09396,1","9,9,999,9,+021,1",,"SYN07043063 32597 52704 10306 20211 39396 49997 85800 333 10325 58021 83626=",
"43063099999","2025-05-30T15:00:00","4","18.5333333","73.85","558.0","PUNE, IN","FM-12","99999","V020","270,1,N,0031,1","99999,9,9,N","004000,1,9,9","+0266,1","+0226,1","10028,1",,,,,,,,,,,,"99999,9,09417,1","9,9,999,9,+024,1",,"SYN05243063 32996 02706 10266 20226 39417 40028 333 58024=",
"43063099999","2025-05-30T18:00:00","4","18.5333333","73.85","558.0","PUNE, IN","FM-12","99999","V020","270,1,N,0021,1","99999,9,9,N","004000,1,9,9","+0252,1","+0211,1","10046,1",,,,,,,,,,,,"99999,9,09432,1","9,9,999,9,+024,1",,"SYN05243063 32996 02704 10252 20211 39432 40046 333 58024=",
"43063099999","2025-05-30T21:00:00","4","18.5333333","73.85","558.0","PUNE, IN","FM-12","99999","V020","270,1,N,0031,1","99999,9,9,N","004000,1,9,9","+0252,1","+0211,1","10036,1",,,,,,,,,,,,"99999,9,09423,1","9,9,999,9,+024,1",,"SYN05243063 32996 02706 10252 20211 39423 40036 333 58024=",
"43063099999","2025-05-31T00:00:00","4","18.5333333","73.85","558.0","PUNE, IN","FM-12","99999","V020","270,1,N,0026,1","22000,1,9,N","004000,1,9,9","+0250,1","+0206,1","10043,1",,,,,,"02,1,+00780,1,06,1",,,"9,AGL   ,+99999,+99999","02,99,1,02,1,99,9,00780,1,99,9,99,9",,"99999,9,09428,1","9,9,999,9,+035,1",,"SYN06443063 32596 22705 10250 20206 39428 40043 82500 333 58035 82626=",
"43063099999","2025-05-31T03:00:00","4","18.5333333","73.85","558.0","PUNE, IN","FM-12","99999","V020","270,1,N,0010,1","22000,1,9,N","010000,1,9,9","+0280,1","+0229,1","10054,1",,,,,,"02,1,+00780,1,06,1","03,1,+06000,1,00,1",,"9,AGL   ,+99999,+99999","04,99,1,02,1,99,9,00780,1,99,9,99,9","240,N,+0244,1","99999,9,09444,1","9,9,999,9,+036,1",,"SYN09243063 32597 42702 10280 20229 39444 40054 82501 333 20244 58036 82626 83070 555 00000 10258=",
"43063099999","2025-05-31T06:00:00","4","18.5333333","73.85","558.0","PUNE, IN","FM-12","99999","V020","270,1,N,0057,1","99999,9,9,N","010000,1,9,9","+0306,1","+0211,1","10053,1",,,,,,"03,1,+00780,1,06,1","99,9,+99999,9,00,1",,"9,AGL   ,+99999,+99999","05,99,1,03,1,99,9,00780,1,99,9,99,9",,"99999,9,09449,1","9,9,999,9,+039,1",,"SYN06443063 32597 52711 10306 20211 39449 40053 84801 333 58039 83626=",
"43063099999","2025-05-31T09:00:00","4","18.5333333","73.85","558.0","PUNE, IN","FM-12","99999","V020","270,1,N,0041,1","99999,9,9,N","010000,1,9,9","+0316,1","+0209,1","10035,1",,,,,,"03,1,+00780,1,06,1","99,9,+99999,9,00,1",,"9,AGL   ,+99999,+99999","06,99,1,03,1,99,9,00780,1,99,9,99,9",,"99999,9,09435,1","9,9,999,9,+031,1",,"SYN06443063 32597 62708 10316 20209 39435 40035 84801 333 58031 83626=",
"43063099999","2025-05-31T12:00:00","4","18.5333333","73.85","558.0","PUNE, IN","FM-12","99999","V020","270,1,N,0021,1","99999,9,9,N","010000,1,9,9","+0298,1","+0201,1","10039,1",,,,,,"02,1,+00780,1,06,1","99,9,+99999,9,00,1",,"9,AGL   ,+99999,+99999","06,99,1,02,1,99,9,00780,1,99,9,99,9",,"99999,9,09434,1","9,9,999,9,+038,1",,"SYN07043063 32597 62704 10298 20201 39434 40039 84801 333 10324 58038 82626=",
"43063099999","2025-05-31T15:00:00","4","18.5333333","73.85","558.0","PUNE, IN","FM-12","99999","V020","270,1,N,0015,1","22000,1,9,N","004000,1,9,9","+0264,1","+0205,1","10055,1",,,,,,"01,1,+00780,1,06,1",,,"9,AGL   ,+99999,+99999","01,99,1,01,1,99,9,00780,1,99,9,99,9",,"99999,9,09443,1","9,9,999,9,+026,1",,"SYN06443063 32596 12703 10264 20205 39443 40055 81500 333 58026 81626=",
"43063099999","2025-05-31T18:00:00","4","18.5333333","73.85","558.0","PUNE, IN","FM-12","99999","V020","270,1,N,0015,1","22000,1,9,N","004000,1,9,9","+0250,1","+0209,1","10072,1",,,,,,"01,1,+00780,1,06,1",,,"9,AGL   ,+99999,+99999","01,99,1,01,1,99,9,00780,1,99,9,99,9",,"99999,9,09455,1","9,9,999,9,+023,1",,"SYN06443063 32596 12703 10250 20209 39455 40072 81500 333 58023 81626=",
"43063099999","2025-05-31T21:00:00","4","18.5333333","73.85","558.0","PUNE, IN","FM-12","99999","V020","270,1,N,0010,1","22000,1,9,N","004000,1,9,9","+0246,1","+0214,1","10054,1",,,,,,"02,1,+00780,1,06,1",,,"9,AGL   ,+99999,+99999","02,99,1,02,1,99,9,00780,1,99,9,99,9",,"99999,9,09438,1","9,9,999,9,+015,1",,"SYN06443063 32596 22702 10246 20214 39438 40054 82500 333 58015 82626=",
"43063099999","2025-06-01T00:00:00","4","18.5333333","73.85","558.0","PUNE, IN","FM-12","99999","V020","270,1,N,0005,1","22000,1,9,N","004000,1,9,9","+0240,1","+0211,1","10061,1",,,,,,"01,1,+00780,1,06,1",,,"9,AGL   ,+99999,+99999","01,99,1,01,1,99,9,00780,1,99,9,99,9",,"99999,9,09442,1","9,9,999,9,+014,1",,"SYN06443063 32596 12701 10240 20211 39442 40061 81500 333 58014 81626=",
"43063099999","2025-06-01T03:00:00","4","18.5333333","73.85","558.0","PUNE, IN","FM-12","99999","V020","270,1,N,0010,1","22000,1,9,N","010000,1,9,9","+0268,1","+0222,1","10067,1",,,,,,"03,1,+00780,1,06,1","99,9,+99999,9,00,1",,"9,AGL   ,+99999,+99999","04,99,1,03,1,99,9,00780,1,99,9,99,9","240,N,+0226,1","99999,9,09454,1","9,9,999,9,+010,1",,"SYN08643063 32597 42702 10268 20222 39454 40067 83501 333 20226 58010 83626 555 00000 10000=",
"43063099999","2025-06-01T06:00:00","4","18.5333333","73.85","558.0","PUNE, IN","FM-12","99999","V020","270,1,N,0015,1","01800,1,9,N","010000,1,9,9","+0264,1","+0224,1","10074,1","03,0010,3,1","6,1,02,1","2,1,02,1",,,"04,1,+00780,1,06,1","05,1,+01800,1,03,1",,"9,AGL   ,+99999,+99999","07,99,1,04,1,99,9,00780,1,99,9,99,9",,"99999,9,09461,1","9,9,999,9,+012,1","02,1","SYN08243063 21597 72703 10264 20224 39461 40074 70262 84530 333 58012 6001/ 84626 85356=",
"43063099999","2025-06-01T09:00:00","4","18.5333333","73.85","558.0","PUNE, IN","FM-12","99999","V020","270,1,N,0021,1","00780,1,C,N","010000,1,9,9","+0282,1","+0219,1","10056,1","06,0010,3,1",,,,,"03,1,+00660,1,07,1","03,1,+00780,1,06,1",,"9,AGL   ,+99999,+99999","07,99,1,03,1,99,9,00660,1,99,9,99,9",,"99999,9,09444,1",,,"SYN08243063 22597 72704 10282 20219 39444 40056 85730 333 56600 58009 6001/ 83722 83626=",
"43063099999","2025-06-01T12:00:00","4","18.5333333","73.85","558.0","PUNE, IN","FM-12","99999","V020","270,1,N,0021,1","00780,1,C,N","010000,1,9,9","+0276,1","+0215,1","10051,1",,"5,1,02,1","2,1,02,1",,,"03,1,+00660,1,07,1","03,1,+00780,1,06,1",,"9,AGL   ,+99999,+99999","07,99,1,03,1,99,9,00660,1,99,9,99,9",,"99999,9,09437,1",,"02,1","SYN08843063 21597 72704 10276 20215 39437 40051 70252 85730 333 10295 56600 58003 83722 83626=",
"43063099999","2025-06-01T15:00:00","4","18.5333333","73.85","558.0","PUNE, IN","FM-12","99999","V020","270,1,N,0005,1","00780,1,C,N","004000,1,9,9","+0256,1","+0212,1","10058,1","12,0010,3,1",,,,,"05,1,+00780,1,06,1",,,"9,AGL   ,+99999,+99999","05,99,1,05,1,99,9,00780,1,99,9,99,9",,"99999,9,09444,1","9,9,999,9,+001,1",,"SYN07043063 22596 52701 10256 20212 39444 40058 85500 333 58001 6001/ 85626=",
"43063099999","2025-06-01T18:00:00","4","18.5333333","73.85","558.0","PUNE, IN","FM-12","99999","V020","270,1,N,0005,1","22000,1,9,N","004000,1,9,9","+0246,1","+0208,1","10065,1","15,0010,3,1",,,,,"02,1,+00780,1,06,1",,,"9,AGL   ,+99999,+99999","02,99,1,02,1,99,9,00780,1,99,9,99,9",,"99999,9,09448,1","9,9,999,9,-007,1",,"SYN07043063 22596 22701 10246 20208 39448 40065 82500 333 59007 6001/ 82626=",
"43063099999","2025-06-01T21:00:00","4","18.5333333","73.85","558.0","PUNE, IN","FM-12","99999","V020","999,9,C,0000,1","22000,1,9,N","004000,1,9,9","+0226,1","+0208,1","10054,1","18,0010,3,1",,,,,"04,1,+00780,1,06,1",,,"9,AGL   ,+99999,+99999","04,99,1,04,1,99,9,00780,1,99,9,99,9",,"99999,9,09433,1","9,9,999,9,-005,1",,"SYN07043063 22596 40000 10226 20208 39433 40054 84500 333 59005 6001/ 84626=",
"43063099999","2025-06-02T00:00:00","4","18.5333333","73.85","558.0","PUNE, IN","FM-12","99999","V020","999,9,C,0000,1","22000,1,9,N","004000,1,9,9","+0226,1","+0208,1","10050,1","21,0010,3,1",,,,,"01,1,+00780,1,06,1","03,1,+06000,1,00,1",,"9,AGL   ,+99999,+99999","03,99,1,01,1,99,9,00780,1,99,9,99,9",,"99999,9,09430,1","9,9,999,9,-012,1",,"SYN07643063 22596 30000 10226 20208 39430 40050 81501 333 59012 6001/ 81626 83070=",
"43063099999","2025-06-02T03:00:00","4","18.5333333","73.85","558.0","PUNE, IN","FM-12","99999","V020","270,1,N,0015,1","00780,1,C,N","010000,1,9,9","+0262,1","+0216,1","10061,1","24,0010,3,1",,,,,"02,1,+00660,1,07,1","03,1,+00780,1,06,1",,"9,AGL   ,+99999,+99999","05,99,1,02,1,99,9,00660,1,99,9,99,9","240,N,+0215,1","99999,9,09445,1",,,"SYN10443063 22597 52703 10262 20216 39445 40061 85700 333 20215 56600 59009 6001/ 82722 83626 555 00012 10001=",
"43063099999","2025-06-02T06:00:00","4","18.5333333","73.85","558.0","PUNE, IN","FM-12","99999","V020","270,1,N,0021,1","00780,1,C,N","010000,1,9,9","+0296,1","+0209,1","10053,1",,,,,,"02,1,+00660,1,07,1","03,1,+00780,1,06,1",,"9,AGL   ,+99999,+99999","05,99,1,02,1,99,9,00660,1,99,9,99,9",,"99999,9,09443,1",,,"SYN07643063 32597 52704 10296 20209 39443 40053 85700 333 56600 59018 82722 83626=",
"43063099999","2025-06-02T09:00:00","4","18.5333333","73.85","558.0","PUNE, IN","FM-12","99999","V020","270,1,N,0026,1","00780,1,C,N","010000,1,9,9","+0310,1","+0209,1","10028,1",,,,,,"02,1,+00660,1,07,1","04,1,+00780,1,06,1",,"9,AGL   ,+99999,+99999","05,99,1,02,1,99,9,00660,1,99,9,99,9",,"99999,9,09425,1",,,"SYN07643063 32597 52705 10310 20209 39425 40028 85700 333 56600 59019 82722 84626=",
"43063099999","2025-06-02T12:00:00","4","18.5333333","73.85","558.0","PUNE, IN","FM-12","99999","V020","270,1,N,0026,1","00780,1,C,N","010000,1,9,9","+0302,1","+0199,1","10027,1",,,,,,"02,1,+00660,1,07,1","04,1,+00780,1,06,1",,"9,AGL   ,+99999,+99999","05,99,1,02,1,99,9,00660,1,99,9,99,9",,"99999,9,09424,1",,,"SYN08243063 32597 52705 10302 20199 39424 40027 85700 333 10336 56600 59013 82722 84626=",
"43063099999","2025-06-02T15:00:00","4","18.5333333","73.85","558.0","PUNE, IN","FM-12","99999","V020","270,1,N,0015,1","22000,1,9,N","004000,1,9,9","+0262,1","+0209,1","10054,1",,,,,,"03,1,+00780,1,06,1",,,"9,AGL   ,+99999,+99999","03,99,1,03,1,99,9,00780,1,99,9,99,9",,"99999,9,09438,1","9,9,999,9,-006,1",,"SYN06443063 32596 32703 10262 20209 39438 40054 83500 333 59006 83626=",
"43063099999","2025-06-02T18:00:00","4","18.5333333","73.85","558.0","PUNE, IN","FM-12","99999","V020","270,1,N,0021,1","99999,9,9,N","004000,1,9,9","+0254,1","+0210,1","10064,1",,,,,,"01,1,+00660,1,07,1","04,1,+00780,1,06,1",,"9,AGL   ,+99999,+99999","05,99,1,01,1,99,9,00660,1,99,9,99,9",,"99999,9,09446,1",,,"SYN07643063 32596 52704 10254 20210 39446 40064 85700 333 56600 59002 81722 84626=",
"43063099999","2025-06-02T21:00:00","4","18.5333333","73.85","558.0","PUNE, IN","FM-12","99999","V020","270,1,N,0005,1","22000,1,9,N","004000,1,9,9","+0242,1","+0210,1","10047,1",,,,,,"01,1,+00660,1,07,1","03,1,+00780,1,06,1",,"9,AGL   ,+99999,+99999","04,99,1,01,1,99,9,00660,1,99,9,99,9",,"99999,9,09431,1",,,"SYN07643063 32596 42701 10242 20210 39431 40047 84700 333 56600 59002 81722 83626=",
"43063099999","2025-06-03T00:00:00","4","18.5333333","73.85","558.0","PUNE, IN","FM-12","99999","V020","270,1,N,0015,1","00780,1,C,N","004000,1,9,9","+0250,1","+0206,1","10049,1",,,,,,"05,1,+00780,1,06,1",,,"9,AGL   ,+99999,+99999","05,99,1,05,1,99,9,00780,1,99,9,99,9",,"99999,9,09433,1","9,9,999,9,+003,1",,"SYN06443063 32596 52703 10250 20206 39433 40049 85500 333 58003 85626=",
"43063099999","2025-06-03T03:00:00","4","18.5333333","73.85","558.0","PUNE, IN","FM-12","99999","V020","270,1,N,0021,1","00780,1,C,N","010000,1,9,9","+0274,1","+0210,1","99999,9",,,,,,"04,1,+00660,1,07,1","04,1,+00780,1,06,1",,"9,AGL   ,+99999,+99999","07,99,1,04,1,99,9,00660,1,99,9,99,9","240,N,+0235,1","99999,9,09452,1",,,"SYN09843063 32597 72704 10274 20210 39452 40163 87700 333 20235 56600 58007 84722 84626 555 00000 10001=",
"43063099999","2025-06-03T06:00:00","4","18.5333333","73.85","558.0","PUNE, IN","FM-12","99999","V020","270,1,N,0021,1","00780,1,C,N","010000,1,9,9","+0306,1","+0211,1","10055,1",,,,,,"03,1,+00660,1,07,1","04,1,+00780,1,06,1",,"9,AGL   ,+99999,+99999","06,99,1,03,1,99,9,00660,1,99,9,99,9",,"99999,9,09450,1",,,"SYN07643063 32597 62704 10306 20211 39450 40055 86700 333 56600 58007 83722 84626=",
"43063099999","2025-06-03T09:00:00","4","18.5333333","73.85","558.0","PUNE, IN","FM-12","99999","V020","270,1,N,0026,1","99999,9,9,N","010000,1,9,9","+0316,1","+0192,1","10033,1",,,,,,"04,1,+00780,1,06,1",,,"9,AGL   ,+99999,+99999","06,99,1,04,1,99,9,00780,1,99,9,99,9",,"99999,9,09431,1","9,9,999,9,+006,1",,"SYN06443063 32597 62705 10316 20192 39431 40033 86800 333 58006 84626=",
"43063099999","2025-06-03T12:00:00","4","18.5333333","73.85","558.0","PUNE, IN","FM-12","99999","V020","270,1,N,0026,1","99999,9,9,N","010000,1,9,9","+0296,1","+0202,1","10033,1",,,,,,"04,1,+00780,1,06,1",,,"9,AGL   ,+99999,+99999","06,99,1,04,1,99,9,00780,1,99,9,99,9",,"99999,9,09428,1","9,9,999,9,+003,1",,"SYN07043063 32597 62705 10296 20202 39428 40033 86800 333 10322 58003 84626=",
"43063099999","2025-06-03T15:00:00","4","18.5333333","73.85","558.0","PUNE, IN","FM-12","99999","V020","270,1,N,0021,1","22000,1,9,N","004000,1,9,9","+0260,1","+0210,1","10055,1",,,,,,"02,1,+00780,1,06,1",,,"9,AGL   ,+99999,+99999","02,99,1,02,1,99,9,00780,1,99,9,99,9",,"99999,9,09441,1","9,9,999,9,+003,1",,"SYN06443063 32596 22704 10260 20210 39441 40055 82500 333 58003 82626=",
"43063099999","2025-06-03T18:00:00","4","18.5333333","73.85","558.0","PUNE, IN","FM-12","99999","V020","999,9,C,0000,1","99999,9,9,N","004000,1,9,9","+0248,1","+0213,1","10067,1",,,,,,,,,,,,"99999,9,09450,1","9,9,999,9,+004,1",,"SYN05243063 32996 00000 10248 20213 39450 40067 333 58004=",
"43063099999","2025-06-03T21:00:00","4","18.5333333","73.85","558.0","PUNE, IN","FM-12","99999","V020","999,9,C,0000,1","00780,1,C,N","004000,1,9,9","+0236,1","+0216,1","10057,1",,,,,,"05,1,+00780,1,06,1",,,"9,AGL   ,+99999,+99999","05,99,1,05,1,99,9,00780,1,99,9,99,9",,"99999,9,09438,1","9,9,999,9,+007,1",,"SYN06443063 32596 50000 10236 20216 39438 40057 85500 333 58007 85626=",
"43063099999","2025-06-04T00:00:00","4","18.5333333","73.85","558.0","PUNE, IN","FM-12","99999","V020","999,9,C,0000,1","22000,1,9,N","004000,1,9,9","+0238,1","+0212,1","10055,1",,,,,,"03,1,+00780,1,06,1",,,"9,AGL   ,+99999,+99999","03,99,1,03,1,99,9,00780,1,99,9,99,9",,"99999,9,09436,1","9,9,999,9,+003,1",,"SYN06443063 32596 30000 10238 20212 39436 40055 83500 333 58003 83626=",
"43063099999","2025-06-04T03:00:00","4","18.5333333","73.85","558.0","PUNE, IN","FM-12","99999","V020","270,1,N,0015,1","00780,1,C,N","010000,1,9,9","+0274,1","+0219,1","10063,1",,,,,,"02,1,+00660,1,07,1","05,1,+00780,1,06,1",,"9,AGL   ,+99999,+99999","07,99,1,02,1,99,9,00660,1,99,9,99,9","240,N,+0226,1","99999,9,09452,1",,,"SYN09843063 32597 72703 10274 20219 39452 40063 87700 333 20226 56600 58000 82722 85626 555 00000 10001=",
"43063099999","2025-06-04T06:00:00","4","18.5333333","73.85","558.0","PUNE, IN","FM-12","99999","V020","270,1,N,0015,1","01800,1,C,N","004000,1,9,9","+0220,1","+0214,1","10096,1","03,0120,3,1","2,1,02,1","2,1,02,1",,,"03,1,+00600,1,07,1","05,1,+01800,1,04,1",,"9,AGL   ,+99999,+99999","08,99,1,03,1,99,9,00600,1,99,9,99,9",,"99999,9,09471,1",,"60,1","SYN08843063 21596 82703 10220 20214 39471 40096 76022 8372/ 333 5669/ 58021 6012/ 83720 85456=",
"43063099999","2025-06-04T09:00:00","4","18.5333333","73.85","558.0","PUNE, IN","FM-12","99999","V020","270,1,N,0005,1","00780,1,C,N","004000,1,9,9","+0224,1","+0221,1","10075,1","06,0160,3,1","6,1,02,1","6,1,02,1",,,"03,1,+00660,1,07,1","05,1,+00780,1,06,1",,"9,AGL   ,+99999,+99999","08,99,1,03,1,99,9,00660,1,99,9,99,9",,"99999,9,09454,1",,"60,1","SYN08843063 21596 82701 10224 20221 39454 40075 76066 8672/ 333 5669/ 58023 6016/ 83722 85626=",
"43063099999","2025-06-04T12:00:00","4","18.5333333","73.85","558.0","PUNE, IN","FM-12","99999","V020","270,1,N,0005,1","00780,1,C,N","010000,1,9,9","+0234,1","+0213,1","10063,1","09,0170,3,1","6,1,02,1","5,1,02,1",,,"03,1,+00660,1,07,1","05,1,+00780,1,06,1",,"9,AGL   ,+99999,+99999","07,99,1,03,1,99,9,00660,1,99,9,99,9",,"99999,9,09444,1",,"50,1","SYN09443063 21597 72701 10234 20213 39444 40063 75065 86730 333 10284 56690 58016 6017/ 83722 85626=",
"43063099999","2025-06-04T15:00:00","4","18.5333333","73.85","558.0","PUNE, IN","FM-12","99999","V020","270,1,N,0005,1","01800,1,C,N","004000,1,9,9","+0230,1","+0209,1","10081,1","12,0170,3,1",,,,,"02,1,+00780,1,06,1","05,1,+01800,1,03,1",,"9,AGL   ,+99999,+99999","07,99,1,02,1,99,9,00780,1,99,9,99,9",,"99999,9,09459,1","9,9,999,9,+018,1",,"SYN07643063 22596 72701 10230 20209 39459 40081 82530 333 58018 6017/ 82626 85356=",
"43063099999","2025-06-04T18:00:00","4","18.5333333","73.85","558.0","PUNE, IN","FM-12","99999","V020","270,1,N,0015,1","01800,1,C,N","004000,1,9,9","+0232,1","+0211,1","10083,1","15,0170,3,1",,,,,"02,1,+00780,1,06,1","04,1,+01800,1,03,1",,"9,AGL   ,+99999,+99999","05,99,1,02,1,99,9,00780,1,99,9,99,9",,"99999,9,09463,1","9,9,999,9,+013,1",,"SYN07643063 22596 52703 10232 20211 39463 40083 82530 333 58013 6017/ 82626 84356=",
"43063099999","2025-06-04T21:00:00","4","18.5333333","73.85","558.0","PUNE, IN","FM-12","99999","V020","270,1,N,0005,1","22000,1,9,N","004000,1,9,9","+0224,1","+0212,1","10074,1","18,0170,3,1",,,,,"01,1,+00780,1,06,1",,,"9,AGL   ,+99999,+99999","01,99,1,01,1,99,9,00780,1,99,9,99,9",,"99999,9,09453,1","9,9,999,9,+015,1",,"SYN07043063 22596 12701 10224 20212 39453 40074 81500 333 58015 6017/ 81626=",
"43063099999","2025-06-05T00:00:00","4","18.5333333","73.85","558.0","PUNE, IN","FM-12","99999","V020","999,9,C,0000,1","22000,1,9,N","004000,1,9,9","+0214,1","+0211,1","10080,1","21,0170,3,1",,,,,"01,1,+00780,1,06,1","99,9,+99999,9,03,1",,"9,AGL   ,+99999,+99999","02,99,1,01,1,99,9,00780,1,99,9,99,9",,"99999,9,09457,1","9,9,999,9,+021,1",,"SYN07043063 22596 20000 10214 20211 39457 40080 81530 333 58021 6017/ 81626=",
"43063099999","2025-06-05T03:00:00","4","18.5333333","73.85","558.0","PUNE, IN","FM-12","99999","V020","270,1,N,0005,1","22000,1,9,N","010000,1,9,9","+0256,1","+0224,1","10094,1","24,0170,3,1",,,,,"02,1,+00780,1,06,1",,,"9,AGL   ,+99999,+99999","02,99,1,02,1,99,9,00780,1,99,9,99,9","240,N,+0209,1","99999,9,09477,1","9,9,999,9,+025,1",,"SYN09243063 22597 22701 10256 20224 39477 40094 82500 333 20209 58025 6017/ 82626 555 00167 10018=",
"43063099999","2025-06-05T06:00:00","4","18.5333333","73.85","558.0","PUNE, IN","FM-12","99999","V020","270,1,N,0010,1","00780,1,C,N","010000,1,9,9","+0288,1","+0222,1","10087,1",,,,,,"01,1,+00660,1,07,1","05,1,+00780,1,06,1",,"9,AGL   ,+99999,+99999","07,99,1,01,1,99,9,00660,1,99,9,99,9",,"99999,9,09476,1",,,"SYN07643063 32597 72702 10288 20222 39476 40087 85730 333 56690 58005 81722 85626=",
"43063099999","2025-06-05T09:00:00","4","18.5333333","73.85","558.0","PUNE, IN","FM-12","99999","V020","270,1,N,0010,1","00780,1,C,N","010000,1,9,9","+0318,1","+0215,1","10062,1",,,,,,"05,1,+00780,1,06,1","03,1,+00900,1,08,1",,"9,AGL   ,+99999,+99999","07,99,1,05,1,99,9,00780,1,99,9,99,9",,"99999,9,09459,1","9,9,999,9,+005,1",,"SYN07043063 32597 72702 10318 20215 39459 40062 87800 333 58005 85626 83830=",
"43063099999","2025-06-05T12:00:00","4","18.5333333","73.85","558.0","PUNE, IN","FM-12","99999","V020","270,1,N,0015,1","99999,9,9,N","010000,1,9,9","+0274,1","+0219,1","10067,1",,,,,,"03,1,+00780,1,06,1","99,9,+99999,9,00,1",,"9,AGL   ,+99999,+99999","05,99,1,03,1,99,9,00780,1,99,9,99,9",,"99999,9,09456,1","9,9,999,9,+012,1",,"SYN07043063 32597 52703 10274 20219 39456 40067 84801 333 10320 58012 83626=",
"43063099999","2025-06-05T15:00:00","4","18.5333333","73.85","558.0","PUNE, IN","FM-12","99999","V020","270,1,N,0005,1","01800,1,C,N","004000,1,9,9","+0254,1","+0210,1","10094,1",,,,,,"03,1,+00780,1,06,1","03,1,+01800,1,03,1",,"9,AGL   ,+99999,+99999","06,99,1,03,1,99,9,00780,1,99,9,99,9",,"99999,9,09477,1","9,9,999,9,+018,1",,"SYN07043063 32596 62701 10254 20210 39477 40094 83530 333 58018 83626 83356=",
"43063099999","2025-06-05T18:00:00","4","18.5333333","73.85","558.0","PUNE, IN","FM-12","99999","V020","270,1,N,0015,1","01800,1,C,N","004000,1,9,9","+0248,1","+0219,1","10105,1",,,,,,"04,1,+00780,1,06,1","03,1,+01800,1,03,1",,"9,AGL   ,+99999,+99999","07,99,1,04,1,99,9,00780,1,99,9,99,9",,"99999,9,09486,1","9,9,999,9,+023,1",,"SYN07043063 32596 72703 10248 20219 39486 40105 84530 333 58023 84626 83356=",
"43063099999","2025-06-05T21:00:00","4","18.5333333","73.85","558.0","PUNE, IN","FM-12","99999","V020","270,1,N,0005,1","01800,1,C,N","004000,1,9,9","+0246,1","+0220,1","10088,1",,,,,,"04,1,+00780,1,06,1","03,1,+01800,1,03,1",,"9,AGL   ,+99999,+99999","07,99,1,04,1,99,9,00780,1,99,9,99,9",,"99999,9,09470,1","9,9,999,9,+017,1",,"SYN07043063 32596 72701 10246 20220 39470 40088 84530 333 58017 84626 83356=",
"43063099999","2025-06-06T00:00:00","4","18.5333333","73.85","558.0","PUNE, IN","FM-12","99999","V020","270,1,N,0010,1","01800,1,C,N","004000,1,9,9","+0238,1","+0212,1","10087,1",,,,,,"04,1,+00780,1,06,1","03,1,+01800,1,03,1",,"9,AGL   ,+99999,+99999","07,99,1,04,1,99,9,00780,1,99,9,99,9",,"99999,9,09467,1","9,9,999,9,+010,1",,"SYN07043063 32596 72702 10238 20212 39467 40087 84530 333 58010 84626 83356=",
"43063099999","2025-06-06T03:00:00","4","18.5333333","73.85","558.0","PUNE, IN","FM-12","99999","V020","270,1,N,0010,1","22000,1,9,N","010000,1,9,9","+0266,1","+0226,1","10100,1",,,,,,"01,1,+00780,1,06,1","03,1,+01800,1,03,1",,"9,AGL   ,+99999,+99999","04,99,1,01,1,99,9,00780,1,99,9,99,9","240,N,+0236,1","99999,9,09485,1","9,9,999,9,+008,1",,"SYN09243063 32597 42702 10266 20226 39485 40100 81530 333 20236 58008 81626 83356 555 00000 10018=",
"43063099999","2025-06-06T06:00:00","4","18.5333333","73.85","558.0","PUNE, IN","FM-12","99999","V020","270,1,N,0010,1","00780,1,C,N","010000,1,9,9","+0298,1","+0221,1","10091,1",,,,,,"05,1,+00780,1,06,1","99,9,+99999,9,03,1",,"9,AGL   ,+99999,+99999","06,99,1,05,1,99,9,00780,1,99,9,99,9",,"99999,9,09482,1","9,9,999,9,+006,1",,"SYN06443063 32597 62702 10298 20221 39482 40091 85530 333 58006 85626=",
"43063099999","2025-06-06T09:00:00","4","18.5333333","73.85","558.0","PUNE, IN","FM-12","99999","V020","270,1,N,0010,1","00840,1,C,N","010000,1,9,9","+0328,1","+0220,1","10061,1",,,,,,"02,1,+00780,1,06,1","03,1,+00840,1,08,1",,"9,AGL   ,+99999,+99999","05,99,1,02,1,99,9,00780,1,99,9,99,9",,"99999,9,09460,1","9,9,999,9,+001,1",,"SYN07043063 32597 52702 10328 20220 39460 40061 85800 333 58001 82626 83828=",
"43063099999","2025-06-06T12:00:00","4","18.5333333","73.85","558.0","PUNE, IN","FM-12","99999","V020","270,1,N,0015,1","99999,9,9,N","010000,1,9,9","+0260,1","+0240,1","10076,1","09,0150,3,1","9,1,02,1","6,1,02,1",,,"04,1,+00780,1,06,1","99,9,+99999,9,03,1",,"9,AGL   ,+99999,+99999","05,99,1,04,1,99,9,00780,1,99,9,99,9",,"99999,9,09460,1","9,9,999,9,+004,1","02,1","SYN08243063 21597 52703 10260 20240 39460 40076 70296 84530 333 10330 58004 6015/ 84626=",
"43063099999","2025-06-06T15:00:00","4","18.5333333","73.85","558.0","PUNE, IN","FM-12","99999","V020","270,1,N,0005,1","99999,9,9,N","004000,1,9,9","+0246,1","+0226,1","10097,1","12,0150,3,1",,,,,"04,1,+00780,1,06,1","99,9,+99999,9,03,1",,"9,AGL   ,+99999,+99999","05,99,1,04,1,99,9,00780,1,99,9,99,9",,"99999,9,09478,1","9,9,999,9,+001,1",,"SYN07043063 22596 52701 10246 20226 39478 40097 84530 333 58001 6015/ 84626=",
"43063099999","2025-06-06T18:00:00","4","18.5333333","73.85","558.0","PUNE, IN","FM-12","99999","V020","270,1,N,0005,1","22000,1,9,N","004000,1,9,9","+0242,1","+0225,1","10101,1","15,0150,3,1",,,,,"01,1,+00780,1,06,1","03,1,+01800,1,03,1",,"9,AGL   ,+99999,+99999","04,99,1,01,1,99,9,00780,1,99,9,99,9",,"99999,9,09482,1","9,9,999,9,-004,1",,"SYN07643063 22596 42701 10242 20225 39482 40101 81530 333 59004 6015/ 81626 83356=",
"43063099999","2025-06-06T21:00:00","4","18.5333333","73.85","558.0","PUNE, IN","FM-12","99999","V020","270,1,N,0005,1","22000,1,9,N","004000,1,9,9","+0236,1","+0218,1","10087,1","18,0150,3,1",,,,,"01,1,+00780,1,06,1","03,1,+01800,1,03,1",,"9,AGL   ,+99999,+99999","03,99,1,01,1,99,9,00780,1,99,9,99,9",,"99999,9,09467,1","9,9,999,9,-003,1",,"SYN07643063 22596 32701 10236 20218 39467 40087 81530 333 59003 6015/ 81626 83356=",
"43063099999","2025-06-07T00:00:00","4","18.5333333","73.85","558.0","PUNE, IN","FM-12","99999","V020","999,9,C,0000,1","22000,1,9,N","004000,1,9,9","+0232,1","+0220,1","10089,1","21,0150,3,1",,,,,"01,1,+00780,1,06,1","03,1,+01800,1,03,1",,"9,AGL   ,+99999,+99999","03,99,1,01,1,99,9,00780,1,99,9,99,9",,"99999,9,09469,1","9,9,999,9,+002,1",,"SYN07643063 22596 30000 10232 20220 39469 40089 81530 333 58002 6015/ 81626 83356=",
"43063099999","2025-06-07T03:00:00","4","18.5333333","73.85","558.0","PUNE, IN","FM-12","99999","V020","270,1,N,0021,1","00780,1,C,N","010000,1,9,9","+0264,1","+0227,1","10103,1","24,0150,3,1",,,,,"02,1,+00600,1,07,1","05,1,+00780,1,06,1",,"9,AGL   ,+99999,+99999","07,99,1,02,1,99,9,00600,1,99,9,99,9","240,N,+0228,1","99999,9,09488,1",,,"SYN08843063 22597 72704 10264 20227 39488 40103 86730 333 20228 56690 58003 6015/ 82720 85626=",
"43063099999","2025-06-07T06:00:00","4","18.5333333","73.85","558.0","PUNE, IN","FM-12","99999","V020","270,1,N,0005,1","00840,1,C,N","010000,1,9,9","+0242,1","+0236,1","10113,1","03,0050,3,1","9,1,02,1","6,1,02,1",,,"04,1,+00780,1,06,1","03,1,+00840,1,08,1","01,1,+00900,1,09,1","9,AGL   ,+99999,+99999","07,99,1,04,1,99,9,00780,1,99,9,99,9",,"99999,9,09492,1","9,9,999,9,+010,1","17,1","SYN08843063 21597 72701 10242 20236 39492 40113 71796 87900 333 58010 6005/ 84626 83828 81930=",
"43063099999","2025-06-07T09:00:00","4","18.5333333","73.85","558.0","PUNE, IN","FM-12","99999","V020","270,1,N,0021,1","00780,1,C,N","010000,1,9,9","+0274,1","+0222,1","10082,1","06,0050,3,1","9,1,02,1","6,1,02,1",,,"05,1,+00780,1,06,1",,,"9,AGL   ,+99999,+99999","07,99,1,05,1,99,9,00780,1,99,9,99,9",,"99999,9,09470,1","9,9,999,9,+010,1","02,1","SYN07643063 21597 72704 10274 20222 39470 40082 70296 87800 333 58010 6005/ 85626=",
"43063099999","2025-06-07T12:00:00","4","18.5333333","73.85","558.0","PUNE, IN","FM-12","99999","V020","270,1,N,0010,1","99999,9,9,N","010000,1,9,9","+0274,1","+0213,1","10076,1","09,0050,3,1","9,1,02,1","6,1,02,1",,,"04,1,+00780,1,06,1","99,9,+99999,9,03,1","99,9,+99999,9,00,1","9,AGL   ,+99999,+99999","07,99,1,04,1,99,9,00780,1,99,9,99,9",,"99999,9,09465,1","9,9,999,9,+005,1","02,1","SYN08243063 21597 72702 10274 20213 39465 40076 70296 84531 333 10292 58005 6005/ 84626=",
"43063099999","2025-06-07T15:00:00","4","18.5333333","73.85","558.0","PUNE, IN","FM-12","99999","V020","270,1,N,0005,1","22000,1,9,N","004000,1,9,9","+0250,1","+0218,1","10091,1","12,0050,3,1",,,,,"02,1,+00780,1,06,1",,,"9,AGL   ,+99999,+99999","02,99,1,02,1,99,9,00780,1,99,9,99,9",,"99999,9,09472,1","9,9,999,9,-006,1",,"SYN07043063 22596 22701 10250 20218 39472 40091 82500 333 59006 6005/ 82626=",
"43063099999","2025-06-07T18:00:00","4","18.5333333","73.85","558.0","PUNE, IN","FM-12","99999","V020","999,9,C,0000,1","22000,1,9,N","004000,1,9,9","+0242,1","+0222,1","10101,1","15,0050,3,1",,,,,"04,1,+00780,1,06,1",,,"9,AGL   ,+99999,+99999","04,99,1,04,1,99,9,00780,1,99,9,99,9",,"99999,9,09482,1","9,9,999,9,+000,1",,"SYN07043063 22596 40000 10242 20222 39482 40101 84500 333 58000 6005/ 84626=",
"43063099999","2025-06-07T21:00:00","4","18.5333333","73.85","558.0","PUNE, IN","FM-12","99999","V020","230,1,N,0015,1","22000,1,9,N","004000,1,9,9","+0238,1","+0215,1","10084,1","18,0050,3,1",,,,,"01,1,+00780,1,06,1",,,"9,AGL   ,+99999,+99999","01,99,1,01,1,99,9,00780,1,99,9,99,9",,"99999,9,09464,1","9,9,999,9,-003,1",,"SYN07043063 22596 12303 10238 20215 39464 40084 81500 333 59003 6005/ 81626=",
"43063099999","2025-06-08T00:00:00","4","18.5333333","73.85","558.0","PUNE, IN","FM-12","99999","V020","230,1,N,0015,1","99999,9,9,N","004000,1,9,9","+0234,1","+0210,1","10087,1","21,0050,3,1",,,,,,,,,,,"99999,9,09467,1","9,9,999,9,-002,1",,"SYN05843063 22996 02303 10234 20210 39467 40087 333 59002 6005/=",
"43063099999","2025-06-08T03:00:00","4","18.5333333","73.85","558.0","PUNE, IN","FM-12","99999","V020","270,1,N,0015,1","22000,1,9,N","010000,1,9,9","+0258,1","+0217,1","10101,1","24,0050,3,1",,,,,"01,1,+00780,1,06,1","03,1,+06000,1,00,1",,"9,AGL   ,+99999,+99999","03,99,1,01,1,99,9,00780,1,99,9,99,9","240,N,+0226,1","99999,9,09484,1","9,9,999,9,-004,1",,"SYN09843063 22597 32703 10258 20217 39484 40101 81501 333 20226 59004 6005/ 81626 83070 555 00050 10038=",
"43063099999","2025-06-08T06:00:00","4","18.5333333","73.85","558.0","PUNE, IN","FM-12","99999","V020","270,1,N,0005,1","00780,1,C,N","010000,1,9,9","+0298,1","+0230,1","10085,1",,,,,,"05,1,+00780,1,06,1","99,9,+99999,9,00,1",,"9,AGL   ,+99999,+99999","06,99,1,05,1,99,9,00780,1,99,9,99,9",,"99999,9,09476,1","9,9,999,9,-016,1",,"SYN06443063 32597 62701 10298 20230 39476 40085 85501 333 59016 85626=",
"43063099999","2025-06-08T09:00:00","4","18.5333333","73.85","558.0","PUNE, IN","FM-12","99999","V020","270,1,N,0015,1","99999,9,9,N","010000,1,9,9","+0310,1","+0209,1","10063,1",,,,,,"04,1,+00780,1,06,1",,,"9,AGL   ,+99999,+99999","06,99,1,04,1,99,9,00780,1,99,9,99,9",,"99999,9,09458,1","9,9,999,9,-012,1",,"SYN06443063 32597 62703 10310 20209 39458 40063 86800 333 59012 84626=",
"43063099999","2025-06-08T15:00:00","4","18.5333333","73.85","558.0","PUNE, IN","FM-12","99999","V020","270,1,N,0041,1","00780,1,C,N","004000,1,9,9","+0264,1","+0224,1","10082,1",,,,,,"05,1,+00780,1,06,1","04,1,+01800,1,03,1",,"9,AGL   ,+99999,+99999","07,99,1,05,1,99,9,00780,1,99,9,99,9",,"99999,9,09469,1","9,9,999,9,-003,1",,"SYN07043063 32596 72708 10264 20224 39469 40082 85530 333 59003 85626 84356=",
"43063099999","2025-06-08T18:00:00","4","18.5333333","73.85","558.0","PUNE, IN","FM-12","99999","V020","270,1,N,0021,1","01800,1,C,9","004000,1,9,9","+0252,1","+0229,1","10092,1","99,9999,9,9",,,"0,1,99,9","0,1,99,9","04,1,+00780,1,06,1","03,1,+01800,1,03,1",,"9,AGL   ,+99999,+99999","06,99,1,04,1,99,9,00780,1,99,9,99,9",,"99999,9,09475,1","9,9,999,9,-005,1",,"SYN004BUFR",
"43063099999","2025-06-08T21:00:00","4","18.5333333","73.85","558.0","PUNE, IN","FM-12","99999","V020","270,1,N,0010,1","01800,1,C,N","004000,1,9,9","+0250,1","+0224,1","10076,1",,,,,,"04,1,+00780,1,06,1","03,1,+01800,1,03,1",,"9,AGL   ,+99999,+99999","06,99,1,04,1,99,9,00780,1,99,9,99,9",,"99999,9,09458,1","9,9,999,9,-006,1",,"SYN07043063 32596 62702 10250 20224 39458 40076 84530 333 59006 84626 83356=",
"43063099999","2025-06-09T00:00:00","4","18.5333333","73.85","558.0","PUNE, IN","FM-12","99999","V020","270,1,N,0010,1","22000,1,9,9","004000,1,9,9","+0245,1","+0221,1","10078,1","99,9999,9,9",,,"0,1,99,9","0,1,99,9","03,1,+00780,1,06,1",,,"9,AGL   ,+99999,+99999","04,99,1,03,1,99,9,00780,1,99,9,99,9",,"99999,9,09460,1","9,9,999,9,-007,1",,"SYN004BUFR",
"43063099999","2025-06-09T03:00:00","4","18.5333333","73.85","558.0","PUNE, IN","FM-12","99999","V020","270,1,N,0010,1","00780,1,C,N","010000,1,9,9","+0262,1","+0225,1","10085,1",,,,,,"03,1,+00660,1,07,1","05,1,+00780,1,06,1",,"9,AGL   ,+99999,+99999","07,99,1,03,1,99,9,00660,1,99,9,99,9","240,N,+0238,1","99999,9,09471,1",,,"SYN09843063 32597 72702 10262 20225 39471 40085 87700 333 20238 56600 59013 83722 85626 555 00000 10038=",
"43063099999","2025-06-09T06:00:00","4","18.5333333","73.85","558.0","PUNE, IN","FM-12","99999","V020","270,1,N,0015,1","00780,1,C,N","010000,1,9,9","+0284,1","+0218,1","10084,1",,,,,,"02,1,+00660,1,07,1","05,1,+00780,1,06,1",,"9,AGL   ,+99999,+99999","07,99,1,02,1,99,9,00660,1,99,9,99,9",,"99999,9,09474,1","9,9,999,9,-002,1",,"SYN07043063 32597 72703 10284 20218 39474 40084 87700 333 59002 82722 85626=",
"43063099999","2025-06-09T09:00:00","4","18.5333333","73.85","558.0","PUNE, IN","FM-12","99999","V020","270,1,N,0015,1","00780,1,C,N","010000,1,9,9","+0308,1","+0235,1","10054,1",,,,,,"02,1,+00660,1,07,1","05,1,+00780,1,06,1",,"9,AGL   ,+99999,+99999","06,99,1,02,1,99,9,00660,1,99,9,99,9",,"99999,9,09450,1",,,"SYN07643063 32597 62703 10308 20235 39450 40054 86700 333 56600 59008 82722 85626=",
"43063099999","2025-06-09T12:00:00","4","18.5333333","73.85","558.0","PUNE, IN","FM-12","99999","V020","270,1,N,0021,1","99999,9,9,9","010000,1,9,9","+0297,1","+0227,1","10045,1","99,9999,9,9",,,"0,1,99,9","0,1,99,9","01,1,+00660,1,07,1","03,1,+00780,1,06,1",,"9,AGL   ,+99999,+99999","05,99,1,01,1,99,9,00660,1,99,9,99,9",,"99999,9,09439,1","9,9,999,9,-010,1",,"SYN004BUFR",
"43063099999","2025-06-09T15:00:00","4","18.5333333","73.85","558.0","PUNE, IN","FM-12","99999","V020","270,1,N,0015,1","22000,1,9,9","004000,1,9,9","+0260,1","+0226,1","10064,1","99,9999,9,9",,,"0,1,99,9","0,1,99,9","02,1,+00780,1,06,1","03,1,+06000,1,00,1",,"9,AGL   ,+99999,+99999","04,99,1,02,1,99,9,00780,1,99,9,99,9",,"99999,9,09449,1","9,9,999,9,-020,1",,"SYN004BUFR",
"43063099999","2025-06-09T18:00:00","4","18.5333333","73.85","558.0","PUNE, IN","FM-12","99999","V020","270,1,N,0021,1","00780,1,C,N","004000,1,9,9","+0254,1","+0222,1","10075,1",,,,,,"05,1,+00780,1,06,1",,,"9,AGL   ,+99999,+99999","05,99,1,05,1,99,9,00780,1,99,9,99,9",,"99999,9,09459,1","9,9,999,9,-016,1",,"SYN06443063 32596 52704 10254 20222 39459 40075 85500 333 59016 85626=",
"43063099999","2025-06-09T21:00:00","4","18.5333333","73.85","558.0","PUNE, IN","FM-12","99999","V020","270,1,N,0021,1","22000,1,9,N","004000,1,9,9","+0240,1","+0214,1","10052,1",,,,,,"03,1,+00780,1,06,1",,,"9,AGL   ,+99999,+99999","03,99,1,03,1,99,9,00780,1,99,9,99,9",,"99999,9,09434,1","9,9,999,9,-014,1",,"SYN06443063 32596 32704 10240 20214 39434 40052 83500 333 59014 83626=",
"43063099999","2025-06-10T00:00:00","4","18.5333333","73.85","558.0","PUNE, IN","FM-12","99999","V020","270,1,N,0010,1","22000,1,9,N","004000,1,9,9","+0232,1","+0211,1","10060,1",,,,,,"03,1,+00780,1,06,1",,,"9,AGL   ,+99999,+99999","03,99,1,03,1,99,9,00780,1,99,9,99,9",,"99999,9,09441,1","9,9,999,9,-019,1",,"SYN06443063 32596 32702 10232 20211 39441 40060 83500 333 59019 83626=",
"43063099999","2025-06-10T03:00:00","4","18.5333333","73.85","558.0","PUNE, IN","FM-12","99999","V020","270,1,N,0010,1","99999,9,9,N","010000,1,9,9","+0264,1","+0221,1","10060,1",,,,,,"01,1,+00660,1,07,1","03,1,+00780,1,06,1",,"9,AGL   ,+99999,+99999","05,99,1,01,1,99,9,00660,1,99,9,99,9","240,N,+0224,1","99999,9,09448,1",,,"SYN09843063 32597 52702 10264 20221 39448 40060 83701 333 20224 56609 59023 81722 83626 555 00000 10038=",
"43063099999","2025-06-10T06:00:00","4","18.5333333","73.85","558.0","PUNE, IN","FM-12","99999","V020","270,1,N,0010,1","22000,1,9,N","010000,1,9,9","+0300,1","+0197,1","10054,1",,,,,,"02,1,+00780,1,06,1","99,9,+99999,9,00,1",,"9,AGL   ,+99999,+99999","03,99,1,02,1,99,9,00780,1,99,9,99,9",,"99999,9,09448,1","9,9,999,9,-026,1",,"SYN06443063 32597 32702 10300 20197 39448 40054 82501 333 59026 82626=",
"43063099999","2025-06-10T09:00:00","4","18.5333333","73.85","558.0","PUNE, IN","FM-12","99999","V020","270,1,N,0026,1","00840,1,C,N","010000,1,9,9","+0302,1","+0222,1","10035,1",,,,,,"04,1,+00780,1,06,1","03,1,+00840,1,08,1",,"9,AGL   ,+99999,+99999","06,99,1,04,1,99,9,00780,1,99,9,99,9",,"99999,9,09431,1","9,9,999,9,-019,1",,"SYN07043063 32597 62705 10302 20222 39431 40035 86800 333 59019 84626 83828=",
"43063099999","2025-06-10T12:00:00","4","18.5333333","73.85","558.0","PUNE, IN","FM-12","99999","V020","270,1,N,0031,1","00780,1,C,N","010000,1,9,9","+0284,1","+0218,1","10031,1",,,,,,"01,1,+00660,1,07,1","05,1,+00780,1,06,1",,"9,AGL   ,+99999,+99999","07,99,1,01,1,99,9,00660,1,99,9,99,9",,"99999,9,09424,1","9,9,999,9,-015,1",,"SYN07643063 32597 72706 10284 20218 39424 40031 86730 333 10315 59015 81722 85626=",
"43063099999","2025-06-10T15:00:00","4","18.5333333","73.85","558.0","PUNE, IN","FM-12","99999","V020","270,1,N,0010,1","22000,1,9,N","004000,1,9,9","+0264,1","+0215,1","10046,1",,,,,,"02,1,+00780,1,06,1","99,9,+99999,9,00,1",,"9,AGL   ,+99999,+99999","03,99,1,02,1,99,9,00780,1,99,9,99,9",,"99999,9,09434,1","9,9,999,9,-015,1",,"SYN06443063 32596 32702 10264 20215 39434 40046 82501 333 59015 82626=",
"43063099999","2025-06-10T18:00:00","4","18.5333333","73.85","558.0","PUNE, IN","FM-12","99999","V020","270,1,N,0010,1","22000,1,9,N","004000,1,9,9","+0254,1","+0225,1","10053,1",,,,,,"01,1,+00780,1,06,1","03,1,+01800,1,03,1",,"9,AGL   ,+99999,+99999","04,99,1,01,1,99,9,00780,1,99,9,99,9",,"99999,9,09439,1","9,9,999,9,-020,1",,"SYN07043063 32596 42702 10254 20225 39439 40053 81530 333 59020 81626 83356=",
"43063099999","2025-06-10T21:00:00","4","18.5333333","73.85","558.0","PUNE, IN","FM-12","99999","V020","270,1,N,0026,1","01800,1,C,N","004000,1,9,9","+0252,1","+0214,1","10029,1",,,,,,"02,1,+00780,1,06,1","03,1,+01800,1,03,1",,"9,AGL   ,+99999,+99999","05,99,1,02,1,99,9,00780,1,99,9,99,9",,"99999,9,09416,1","9,9,999,9,-018,1",,"SYN07043063 32596 52705 10252 20214 39416 40029 82530 333 59018 82626 83356=",
"43063099999","2025-06-11T00:00:00","4","18.5333333","73.85","558.0","PUNE, IN","FM-12","99999","V020","270,1,N,0021,1","01800,1,C,N","004000,1,9,9","+0248,1","+0210,1","10032,1",,,,,,"02,1,+00780,1,06,1","03,1,+01800,1,03,1",,"9,AGL   ,+99999,+99999","05,99,1,02,1,99,9,00780,1,99,9,99,9",,"99999,9,09417,1","9,9,999,9,-024,1",,"SYN07043063 32596 52704 10248 20210 39417 40032 82530 333 59024 82626 83356=",
"43063099999","2025-06-11T03:00:00","4","18.5333333","73.85","558.0","PUNE, IN","FM-12","99999","V020","270,1,N,0010,1","00780,1,C,N","010000,1,9,9","+0266,1","+0214,1","10050,1",,,,,,"02,1,+00660,1,07,1","04,1,+00780,1,06,1",,"9,AGL   ,+99999,+99999","07,99,1,02,1,99,9,00660,1,99,9,99,9","240,N,+0239,1","99999,9,09438,1",,,"SYN09843063 32597 72702 10266 20214 39438 40050 87730 333 20239 56690 59010 82722 84626 555 00000 10038=",
"43063099999","2025-06-11T06:00:00","4","18.5333333","73.85","558.0","PUNE, IN","FM-12","99999","V020","270,1,N,0026,1","00780,1,C,N","010000,1,9,9","+0292,1","+0220,1","10041,1",,,,,,"02,1,+00660,1,07,1","05,1,+00780,1,06,1",,"9,AGL   ,+99999,+99999","07,99,1,02,1,99,9,00660,1,99,9,99,9",,"99999,9,09435,1",,,"SYN07643063 32597 72705 10292 20220 39435 40041 87700 333 56600 59013 82722 85626=",
"43063099999","2025-06-11T09:00:00","4","18.5333333","73.85","558.0","PUNE, IN","FM-12","99999","V020","270,1,N,0026,1","00780,1,C,N","010000,1,9,9","+0300,1","+0226,1","10028,1",,,,,,"02,1,+00660,1,07,1","05,1,+00780,1,06,1",,"9,AGL   ,+99999,+99999","08,99,1,02,1,99,9,00660,1,99,9,99,9",,"99999,9,09423,1",,,"SYN07643063 32597 82705 10300 20226 39423 40028 887// 333 566// 59008 82722 85626=",
"43063099999","2025-06-11T12:00:00","4","18.5333333","73.85","558.0","PUNE, IN","FM-12","99999","V020","270,1,N,0021,1","00780,1,C,N","010000,1,9,9","+0286,1","+0235,1","10005,1",,,,,,"01,1,+00660,1,07,1","05,1,+00780,1,06,1",,"9,AGL   ,+99999,+99999","07,99,1,01,1,99,9,00660,1,99,9,99,9",,"99999,9,09400,1",,,"SYN08243063 32597 72704 10286 20235 39400 40005 87700 333 10307 56600 59024 81722 85626=",
"43063099999","2025-06-11T15:00:00","4","18.5333333","73.85","558.0","PUNE, IN","FM-12","99999","V020","999,9,C,0000,1","00780,1,C,N","004000,1,9,9","+0270,1","+0233,1","10038,1","12,0000,2,1","2,1,02,1","2,1,02,1",,,"05,1,+00780,1,06,1","03,1,+00840,1,08,1","01,1,+00900,1,09,1","9,AGL   ,+99999,+99999","07,99,1,05,1,99,9,00780,1,99,9,99,9",,"99999,9,09427,1","9,9,999,9,-007,1","95,1","SYN08843063 21596 70000 10270 20233 39427 40038 79522 87900 333 59007 6990/ 85626 83828 81930=",
"43063099999","2025-06-11T18:00:00","4","18.5333333","73.85","558.0","PUNE, IN","FM-12","99999","V020","270,1,N,0005,1","00780,1,C,N","002000,1,9,9","+0230,1","+0221,1","10053,1","15,0050,3,1","9,1,02,1","6,1,02,1",,,"05,1,+00780,1,06,1","03,1,+00840,1,08,1","01,1,+00900,1,09,1","9,AGL   ,+99999,+99999","08,99,1,05,1,99,9,00780,1,99,9,99,9",,"99999,9,09432,1","9,9,999,9,-007,1","95,1","SYN08843063 21595 82701 10230 20221 39432 40053 79596 889// 333 59007 6005/ 85626 83828 81930=",
"43063099999","2025-06-12T03:00:00","4","18.5333333","73.85","558.0","PUNE, IN","FM-12","99999","V020","270,1,N,0015,1","00780,1,C,N","010000,1,9,9","+0268,1","+0237,1","10028,1","24,0050,3,1",,,,,"02,1,+00660,1,07,1","03,1,+00780,1,06,1","99,9,+99999,9,00,1","9,AGL   ,+99999,+99999","07,99,1,02,1,99,9,00660,1,99,9,99,9","240,N,+0215,1","99999,9,09417,1",,,"SYN10443063 22597 72703 10268 20237 39417 40028 85731 333 20215 56699 59021 6005/ 82722 83626 555 00053 10043=",
"43063099999","2025-06-12T06:00:00","4","18.5333333","73.85","558.0","PUNE, IN","FM-12","99999","V020","270,1,N,0021,1","00780,1,C,N","010000,1,9,9","+0298,1","+0236,1","10025,1",,,,,,"02,1,+00660,1,07,1","04,1,+00780,1,06,1",,"9,AGL   ,+99999,+99999","07,99,1,02,1,99,9,00660,1,99,9,99,9",,"99999,9,09420,1",,,"SYN07643063 32597 72704 10298 20236 39420 40025 86730 333 56690 59015 82722 84626=",
"43063099999","2025-06-12T09:00:00","4","18.5333333","73.85","558.0","PUNE, IN","FM-12","99999","V020","270,1,N,0010,1","00780,1,C,N","010000,1,9,9","+0302,1","+0232,1","10010,1",,,,,,"01,1,+00660,1,07,1","05,1,+00780,1,06,1",,"9,AGL   ,+99999,+99999","07,99,1,01,1,99,9,00660,1,99,9,99,9",,"99999,9,09399,1",,,"SYN07643063 32597 72702 10302 20232 39399 40010 85701 333 56609 59024 81722 85626=",
"43063099999","2025-06-12T12:00:00","4","18.5333333","73.85","558.0","PUNE, IN","FM-12","99999","V020","270,1,N,0015,1","99999,9,9,N","010000,1,9,9","+0292,1","+0230,1","09988,1",,,,,,"01,1,+00660,1,07,1","03,1,+00780,1,06,1","99,9,+99999,9,00,1","9,AGL   ,+99999,+99999","07,99,1,01,1,99,9,00660,1,99,9,99,9",,"99999,9,09386,1",,,"SYN08243063 32597 72703 10292 20230 39386 49988 84731 333 10310 56699 59014 81722 83626=",
"43063099999","2025-06-12T15:00:00","4","18.5333333","73.85","558.0","PUNE, IN","FM-12","99999","V020","270,1,N,0021,1","06000,1,C,N","004000,1,9,9","+0266,1","+0232,1","10006,1",,,,,,"04,1,+00780,1,06,1","03,1,+06000,1,00,1",,"9,AGL   ,+99999,+99999","06,99,1,04,1,99,9,00780,1,99,9,99,9",,"99999,9,09396,1","9,9,999,9,-031,1",,"SYN07043063 32596 62704 10266 20232 39396 40006 84501 333 59031 84626 83070=",
"43063099999","2025-06-12T18:00:00","4","18.5333333","73.85","558.0","PUNE, IN","FM-12","99999","V020","090,1,N,0015,1","00780,1,C,N","002000,1,9,9","+0228,1","+0222,1","10035,1","15,0240,3,1","9,1,02,1","6,1,02,1",,,"05,1,+00780,1,06,1","03,1,+00840,1,08,1","01,1,+00900,1,09,1","9,AGL   ,+99999,+99999","08,99,1,05,1,99,9,00780,1,99,9,99,9",,"99999,9,09416,1","9,9,999,9,-016,1","95,1","SYN08843063 21595 80903 10228 20222 39416 40035 79596 889// 333 59016 6024/ 85626 83828 81930=",
"43063099999","2025-06-12T21:00:00","4","18.5333333","73.85","558.0","PUNE, IN","FM-12","99999","V020","999,9,C,0000,1","00780,1,C,N","004000,1,9,9","+0238,1","+0226,1","10008,1","18,0260,3,1","9,1,02,1","6,1,02,1",,,"02,1,+00660,1,07,1","05,1,+00780,1,06,1",,"9,AGL   ,+99999,+99999","07,99,1,02,1,99,9,00660,1,99,9,99,9",,"99999,9,09392,1",,"02,1","SYN08843063 21596 70000 10238 20226 39392 40008 70296 87700 333 56600 59016 6026/ 82722 85626=",
"43063099999","2025-06-13T00:00:00","4","18.5333333","73.85","558.0","PUNE, IN","FM-12","99999","V020","230,1,N,0005,1","00780,1,C,N","004000,1,9,9","+0234,1","+0225,1","10017,1","21,0260,3,1","9,1,02,1","6,1,02,1",,,"03,1,+00660,1,07,1","05,1,+00780,1,06,1",,"9,AGL   ,+99999,+99999","07,99,1,03,1,99,9,00660,1,99,9,99,9",,"99999,9,09401,1",,"02,1","SYN08843063 21596 72301 10234 20225 39401 40017 70296 87700 333 56600 59007 6026/ 83722 85626=",
"43063099999","2025-06-13T03:00:00","4","18.5333333","73.85","558.0","PUNE, IN","FM-12","99999","V020","999,9,C,0000,1","00780,1,C,N","004000,1,9,9","+0240,1","+0223,1","10032,1","24,0260,3,1",,,,,"03,1,+00660,1,07,1","05,1,+00780,1,06,1",,"9,AGL   ,+99999,+99999","08,99,1,03,1,99,9,00660,1,99,9,99,9","240,N,+0213,1","99999,9,09415,1",,,"SYN10443063 22596 80000 10240 20223 39415 40032 87730 333 20213 56690 59002 6026/ 83722 85626 555 00258 10069=",
"43063099999","2025-06-13T06:00:00","4","18.5333333","73.85","558.0","PUNE, IN","FM-12","99999","V020","999,9,C,0000,1","01800,1,9,N","010000,1,9,9","+0276,1","+0231,1","10019,1",,,,,,"01,1,+00660,1,07,1","03,1,+00780,1,06,1","05,1,+01800,1,03,1","9,AGL   ,+99999,+99999","07,99,1,01,1,99,9,00660,1,99,9,99,9",,"99999,9,09411,1",,,"SYN08243063 32597 70000 10276 20231 39411 40019 84730 333 56690 59009 81722 83626 85356=",
"43063099999","2025-06-13T09:00:00","4","18.5333333","73.85","558.0","PUNE, IN","FM-12","99999","V020","090,1,N,0005,1","99999,9,9,N","010000,1,9,9","+0298,1","+0236,1","09997,1",,,,,,"01,1,+00660,1,07,1","04,1,+00780,1,06,1",,"9,AGL   ,+99999,+99999","07,99,1,01,1,99,9,00660,1,99,9,99,9",,"99999,9,09394,1",,,"SYN07643063 32597 70901 10298 20236 39394 49997 85730 333 56690 59005 81722 84626=",
"43063099999","2025-06-13T12:00:00","4","18.5333333","73.85","558.0","PUNE, IN","FM-12","99999","V020","270,1,N,0005,1","00780,1,C,N","010000,1,9,9","+0284,1","+0236,1","09986,1",,,,,,"02,1,+00660,1,07,1","05,1,+00780,1,06,1",,"9,AGL   ,+99999,+99999","07,99,1,02,1,99,9,00660,1,99,9,99,9",,"99999,9,09382,1",,,"SYN08243063 32597 72701 10284 20236 39382 49986 87700 333 10308 56600 59004 82722 85626=",
"43063099999","2025-06-13T15:00:00","4","18.5333333","73.85","558.0","PUNE, IN","FM-12","99999","V020","999,9,C,0000,1","00780,1,C,N","004000,1,9,9","+0246,1","+0232,1","10018,1","12,0550,3,1","9,1,02,1","6,1,02,1",,,"03,1,+00600,1,07,1","05,1,+00780,1,06,1","01,1,+00900,1,09,1","9,AGL   ,+99999,+99999","08,99,1,03,1,99,9,00600,1,99,9,99,9",,"99999,9,09404,1",,"95,1","SYN09443063 21596 80000 10246 20232 39404 40018 79596 889// 333 566// 58008 6055/ 83720 85626 81930=",
"43063099999","2025-06-13T18:00:00","4","18.5333333","73.85","558.0","PUNE, IN","FM-12","99999","V020","270,1,N,0005,1","00780,1,C,N","004000,1,9,9","+0244,1","+0238,1","10022,1","15,0630,3,1","9,1,02,1","6,1,02,1",,,"04,1,+00660,1,07,1","03,1,+00780,1,06,1",,"9,AGL   ,+99999,+99999","07,99,1,04,1,99,9,00660,1,99,9,99,9",,"99999,9,09408,1",,"02,1","SYN08843063 21596 72701 10244 20238 39408 40022 70296 87700 333 56600 59008 6063/ 84722 83626=",
"43063099999","2025-06-13T21:00:00","4","18.5333333","73.85","558.0","PUNE, IN","FM-12","99999","V020","999,9,C,0000,1","00780,1,C,N","004000,1,9,9","+0244,1","+0230,1","10011,1","18,0630,3,1","6,1,02,1","2,1,02,1",,,"02,1,+00660,1,07,1","03,1,+00780,1,06,1",,"9,AGL   ,+99999,+99999","07,99,1,02,1,99,9,00660,1,99,9,99,9",,"99999,9,09398,1",,"02,1","SYN08843063 21596 70000 10244 20230 39398 40011 70262 85730 333 56690 58006 6063/ 82722 83626=",
"43063099999","2025-06-14T00:00:00","4","18.5333333","73.85","558.0","PUNE, IN","FM-12","99999","V020","999,9,C,0000,1","00780,1,C,N","004000,1,9,9","+0240,1","+0231,1","10010,1","21,0630,3,1",,,,,"02,1,+00660,1,07,1","05,1,+00780,1,06,1",,"9,AGL   ,+99999,+99999","07,99,1,02,1,99,9,00660,1,99,9,99,9",,"99999,9,09395,1",,,"SYN08243063 22596 70000 10240 20231 39395 40010 86730 333 56690 59006 6063/ 82722 85626=",
"43063099999","2025-06-14T03:00:00","4","18.5333333","73.85","558.0","PUNE, IN","FM-12","99999","V020","999,9,C,0000,1","00780,1,C,N","010000,1,9,9","+0250,1","+0241,1","10018,1","24,0630,3,1",,,,,"02,1,+00660,1,07,1","05,1,+00780,1,06,1",,"9,AGL   ,+99999,+99999","07,99,1,02,1,99,9,00660,1,99,9,99,9","240,N,+0224,1","99999,9,09404,1",,,"SYN10443063 22597 70000 10250 20241 39404 40018 87700 333 20224 56600 59011 6063/ 82722 85626 555 00634 10133=",
"43063099999","2025-06-14T06:00:00","4","18.5333333","73.85","558.0","PUNE, IN","FM-12","99999","V020","140,1,N,0005,1","00780,1,C,N","010000,1,9,9","+0270,1","+0248,1","10015,1",,,,,,"02,1,+00660,1,07,1","04,1,+00780,1,06,1",,"9,AGL   ,+99999,+99999","07,99,1,02,1,99,9,00660,1,99,9,99,9",,"99999,9,09405,1",,,"SYN07643063 32597 71401 10270 20248 39405 40015 87700 333 56600 59006 82722 84626=",
"43063099999","2025-06-14T09:00:00","4","18.5333333","73.85","558.0","PUNE, IN","FM-12","99999","V020","999,9,C,0000,1","99999,9,9,N","010000,1,9,9","+0310,1","+0237,1","09981,1",,,,,,"07,1,+00800,1,07,1",,,"9,AGL   ,+99999,+99999","07,99,1,07,1,99,9,00800,1,99,9,99,9",,"99999,9,09381,1",,,"SYN07643063 32597 70000 10310 20237 39381 49981 87700 333 56600 59013 91722 85626=",
"43063099999","2025-06-14T12:00:00","4","18.5333333","73.85","558.0","PUNE, IN","FM-12","99999","V020","090,1,N,0010,1","00840,1,C,N","010000,1,9,9","+0316,1","+0241,1","09960,1",,,,,,"03,1,+00780,1,06,1","04,1,+00840,1,08,1",,"9,AGL   ,+99999,+99999","07,99,1,03,1,99,9,00780,1,99,9,99,9",,"99999,9,09363,1","9,9,999,9,-019,1",,"SYN07643063 32597 70902 10316 20241 39363 49960 86830 333 10324 59019 83626 84828=",
"43063099999","2025-06-14T15:00:00","4","18.5333333","73.85","558.0","PUNE, IN","FM-12","99999","V020","270,1,N,0005,1","00840,1,C,N","004000,1,9,9","+0258,1","+0238,1","10002,1","12,0003,3,1","9,1,02,1","6,1,02,1",,,"03,1,+00780,1,06,1","04,1,+00840,1,08,1",,"9,AGL   ,+99999,+99999","07,99,1,03,1,99,9,00780,1,99,9,99,9",,"99999,9,09391,1","9,9,999,9,-013,1","02,1","SYN08243063 21596 72701 10258 20238 39391 40002 70296 86830 333 59013 6993/ 83626 84828=",
"43063099999","2025-06-14T18:00:00","4","18.5333333","73.85","558.0","PUNE, IN","FM-12","99999","V020","999,9,C,0000,1","99999,9,9,N","004000,1,9,9","+0254,1","+0240,1","99999,9",,,,,,"99,9,+00800,1,99,9",,,"9,AGL   ,+99999,+99999","06,99,1,99,9,99,9,00800,1,99,9,99,9",,,,,"SYN08843063 21596 60000 10254 20240 43987 49998 70296 86700 333 56600 59021 6993/ 81722 84626=",
"43063099999","2025-06-14T21:00:00","4","18.5333333","73.85","558.0","PUNE, IN","FM-12","99999","V020","999,9,C,0000,1","00780,1,C,N","004000,1,9,9","+0254,1","+0237,1","09983,1","18,0003,3,1",,,,,"02,1,+00660,1,07,1","04,1,+00780,1,06,1",,"9,AGL   ,+99999,+99999","07,99,1,02,1,99,9,00660,1,99,9,99,9",,"99999,9,09373,1",,,"SYN08243063 22596 70000 10254 20237 39373 49983 87700 333 56600 59025 6993/ 82722 84626=",
"43063099999","2025-06-15T00:00:00","4","18.5333333","73.85","558.0","PUNE, IN","FM-12","99999","V020","999,9,C,0000,1","00780,1,C,N","004000,1,9,9","+0254,1","+0243,1","09982,1","21,0003,3,1",,,,,"02,1,+00660,1,07,1","04,1,+00780,1,06,1",,"9,AGL   ,+99999,+99999","07,99,1,02,1,99,9,00660,1,99,9,99,9",,"99999,9,09372,1",,,"SYN08243063 22596 70000 10254 20243 39372 49982 86730 333 56690 59023 6993/ 82722 84626=",
"43063099999","2025-06-15T03:00:00","4","18.5333333","73.85","558.0","PUNE, IN","FM-12","99999","V020","999,9,C,0000,1","00780,1,9,N","010000,1,9,9","+0260,1","+0240,1","09986,1","24,0003,3,1",,,,,"04,1,+00660,1,07,1","05,1,+00780,1,06,1",,"9,AGL   ,+99999,+99999","08,99,1,04,1,99,9,00660,1,99,9,99,9","240,N,+0247,1","99999,9,09376,1",,,"SYN10443063 22597 80000 10260 20240 39376 49986 887// 333 20247 566// 59028 6993/ 84722 85626 555 00003 10133=",
"43063099999","2025-06-15T06:00:00","4","18.5333333","73.85","558.0","PUNE, IN","FM-12","99999","V020","270,1,N,0010,1","00780,1,9,N","010000,1,9,9","+0288,1","+0237,1","09978,1",,,,,,"04,1,+00660,1,07,1","05,1,+00780,1,06,1",,"9,AGL   ,+99999,+99999","08,99,1,04,1,99,9,00660,1,99,9,99,9",,"99999,9,09374,1",,,"SYN07643063 32597 82702 10288 20237 39374 49978 887// 333 566// 59031 84722 85626=",
"43063099999","2025-06-15T09:00:00","4","18.5333333","73.85","558.0","PUNE, IN","FM-12","99999","V020","270,1,N,0010,1","00780,1,C,N","010000,1,9,9","+0286,1","+0244,1","09962,1","06,0000,9,1","5,1,02,1","2,1,02,1",,,"04,1,+00660,1,07,1","04,1,+00780,1,06,1",,"9,AGL   ,+99999,+99999","07,99,1,04,1,99,9,00660,1,99,9,99,9",,"99999,9,09359,1",,"02,1","SYN08843063 21597 72702 10286 20244 39359 49962 70252 87700 333 56600 59022 6990/ 84722 84626=","Q01  00002PRCP06"
"43063099999","2025-06-15T12:00:00","4","18.5333333","73.85","558.0","PUNE, IN","FM-12","99999","V020","270,1,N,0010,1","00660,1,C,N","004000,1,9,9","+0266,1","+0244,1","09957,1","09,0005,3,1","6,1,02,1","5,1,02,1",,,"05,1,+00660,1,07,1","04,1,+00780,1,06,1",,"9,AGL   ,+99999,+99999","08,99,1,05,1,99,9,00660,1,99,9,99,9",,"99999,9,09349,1",,"05,1","SYN09443063 21596 82702 10266 20244 39349 49957 70565 887// 333 10294 566// 59014 6995/ 85722 84626=",
"43063099999","2025-06-15T15:00:00","4","18.5333333","73.85","558.0","PUNE, IN","FM-12","99999","V020","999,9,C,0000,1","00780,1,C,N","004000,1,9,9","+0244,1","+0241,1","09974,1","12,0030,3,1","6,1,02,1","5,1,02,1",,,"03,1,+00660,1,07,1","04,1,+00780,1,06,1",,"9,AGL   ,+99999,+99999","06,99,1,03,1,99,9,00660,1,99,9,99,9",,"99999,9,09363,1",,"02,1","SYN08843063 21596 60000 10244 20241 39363 49974 70265 86700 333 56600 59028 6003/ 83722 84626=",
"43063099999","2025-06-15T18:00:00","4","18.5333333","73.85","558.0","PUNE, IN","FM-12","99999","V020","999,9,C,0000,1","00780,1,C,N","004000,1,9,9","+0244,1","+0238,1","09984,1","15,0030,3,1","6,1,02,1","5,1,02,1",,,"02,1,+00660,1,07,1","04,1,+00780,1,06,1",,"9,AGL   ,+99999,+99999","06,99,1,02,1,99,9,00660,1,99,9,99,9",,"99999,9,09371,1",,"02,1","SYN08843063 21596 60000 10244 20238 39371 49984 70265 85730 333 56690 59016 6003/ 82722 84626=",
"43063099999","2025-06-15T21:00:00","4","18.5333333","73.85","558.0","PUNE, IN","FM-12","99999","V020","230,1,N,0015,1","01800,1,C,N","004000,1,9,9","+0242,1","+0233,1","09963,1","18,0040,3,1","6,1,02,1","5,1,02,1",,,"04,1,+00660,1,07,1","03,1,+01800,1,04,1",,"9,AGL   ,+99999,+99999","08,99,1,04,1,99,9,00660,1,99,9,99,9",,"99999,9,09352,1",,"60,1","SYN08843063 21596 82303 10242 20233 39352 49963 76065 8572/ 333 5669/ 59021 6004/ 84722 83456=",
"43063099999","2025-06-16T00:00:00","4","18.5333333","73.85","558.0","PUNE, IN","FM-12","99999","V020","250,1,N,0021,1","01800,1,C,N","004000,1,9,9","+0238,1","+0232,1","09972,1","21,0130,3,1","6,1,02,1","5,1,02,1",,,"04,1,+00660,1,07,1","04,1,+01800,1,04,1",,"9,AGL   ,+99999,+99999","08,99,1,04,1,99,9,00660,1,99,9,99,9",,"99999,9,09359,1",,"63,1","SYN08843063 21596 82504 10238 20232 39359 49972 76365 8672/ 333 5669/ 59013 6013/ 84722 84456=",
"43063099999","2025-06-16T03:00:00","4","18.5333333","73.85","558.0","PUNE, IN","FM-12","99999","V020","270,1,N,0010,1","01800,1,C,N","004000,1,9,9","+0234,1","+0225,1","09985,1","24,0310,3,1","6,1,02,1","2,1,02,1",,,"03,1,+00660,1,07,1","05,1,+01800,1,04,1",,"9,AGL   ,+99999,+99999","08,99,1,03,1,99,9,00660,1,99,9,99,9","240,N,+0226,1","99999,9,09370,1",,"60,1","SYN11043063 21596 82702 10234 20225 39370 49985 76062 8572/ 333 20226 5669/ 59006 6031/ 83722 85456 555 00306 10163=",
"43063099999","2025-06-16T06:00:00","4","18.5333333","73.85","558.0","PUNE, IN","FM-12","99999","V020","270,1,N,0021,1","01800,1,C,N","010000,1,9,9","+0244,1","+0224,1","09994,1","03,0008,3,1","6,1,02,1","2,1,02,1",,,"04,1,+00660,1,07,1","04,1,+01800,1,04,1",,"9,AGL   ,+99999,+99999","08,99,1,04,1,99,9,00660,1,99,9,99,9",,"99999,9,09381,1",,"60,1","SYN08843063 21597 82704 10244 20224 39381 49994 76062 8672/ 333 5669/ 58007 6998/ 84722 84456=",
"43063099999","2025-06-16T09:00:00","4","18.5333333","73.85","558.0","PUNE, IN","FM-12","99999","V020","270,1,N,0010,1","01800,1,C,N","004000,1,9,9","+0256,1","+0224,1","09986,1","06,0010,3,1","6,1,02,1","5,1,02,1",,,"04,1,+00660,1,07,1","04,1,+01800,1,04,1",,"9,AGL   ,+99999,+99999","08,99,1,04,1,99,9,00660,1,99,9,99,9",,"99999,9,09376,1",,"60,1","SYN08843063 21596 82702 10256 20224 39376 49986 76065 8672/ 333 5669/ 58002 6001/ 84722 84456=",
"43063099999","2025-06-16T12:00:00","4","18.5333333","73.85","558.0","PUNE, IN","FM-12","99999","V020","250,1,N,0010,1","01800,1,C,N","004000,1,9,9","+0236,1","+0221,1","09991,1","09,0060,3,1","6,1,02,1","5,1,02,1",,,"04,1,+00660,1,07,1","04,1,+01800,1,04,1","01,1,+00900,1,09,1","9,AGL   ,+99999,+99999","08,99,1,04,1,99,9,00660,1,99,9,99,9",,"99999,9,09376,1",,"95,1","SYN10043063 21596 82502 10236 20221 39376 49991 79565 8692/ 333 10262 5669/ 58027 6006/ 84722 84456 81930=",
"43063099999","2025-06-16T15:00:00","4","18.5333333","73.85","558.0","PUNE, IN","FM-12","99999","V020","250,1,N,0010,1","00780,1,C,N","004000,1,9,9","+0246,1","+0217,1","10000,1","12,0070,3,1","9,1,02,1","6,1,02,1",,,"03,1,+00660,1,07,1","05,1,+00780,1,06,1",,"9,AGL   ,+99999,+99999","07,99,1,03,1,99,9,00660,1,99,9,99,9",,"99999,9,09387,1",,"02,1","SYN08843063 21596 72502 10246 20217 39387 40000 70296 87700 333 56600 58024 6007/ 83722 85626=",
"43063099999","2025-06-16T18:00:00","4","18.5333333","73.85","558.0","PUNE, IN","FM-12","99999","V020","270,1,N,0026,1","00780,1,C,N","004000,1,9,9","+0244,1","+0215,1","10019,1","15,0090,3,1","6,1,02,1","5,1,02,1",,,"04,1,+00660,1,07,1","03,1,+00780,1,06,1",,"9,AGL   ,+99999,+99999","08,99,1,04,1,99,9,00660,1,99,9,99,9",,"99999,9,09405,1",,"61,1","SYN08843063 21596 82705 10244 20215 39405 40019 76165 8672/ 333 5669/ 58034 6009/ 84722 83626=",
"43063099999","2025-06-16T21:00:00","4","18.5333333","73.85","558.0","PUNE, IN","FM-12","99999","V020","270,1,N,0005,1","22000,1,9,N","004000,1,9,9","+0234,1","+0222,1","10005,1","18,0090,3,1","5,1,02,1","2,1,02,1",,,"01,1,+00660,1,07,1","03,1,+00780,1,06,1",,"9,AGL   ,+99999,+99999","04,99,1,01,1,99,9,00660,1,99,9,99,9",,"99999,9,09390,1",,"01,1","SYN08843063 21596 42701 10234 20222 39390 40005 70152 84700 333 56600 58032 6009/ 81722 83626=",
"43063099999","2025-06-17T00:00:00","4","18.5333333","73.85","558.0","PUNE, IN","FM-12","99999","V020","999,9,C,0000,1","22000,1,9,N","004000,1,9,9","+0236,1","+0219,1","10005,1","21,0090,3,1","5,1,02,1","2,1,02,1",,,"01,1,+00600,1,07,1","03,1,+00780,1,06,1",,"9,AGL   ,+99999,+99999","04,99,1,01,1,99,9,00600,1,99,9,99,9",,"99999,9,09390,1",,"02,1","SYN08843063 21596 40000 10236 20219 39390 40005 70252 84700 333 56600 58031 6009/ 81720 83626=",
"43063099999","2025-06-17T03:00:00","4","18.5333333","73.85","558.0","PUNE, IN","FM-12","99999","V020","270,1,N,0021,1","22000,1,9,N","010000,1,9,9","+0262,1","+0222,1","10017,1","24,0090,3,1",,,,,"02,1,+00660,1,07,1","99,9,+99999,9,00,1",,"9,AGL   ,+99999,+99999","04,99,1,02,1,99,9,00660,1,99,9,99,9","240,N,+0223,1","99999,9,09407,1",,,"SYN08243063 22597 42704 10262 20222 39407 40017 83701 333 20223 56609 58037 6009/ 82722=",
"43063099999","2025-06-17T06:00:00","4","18.5333333","73.85","558.0","PUNE, IN","FM-12","99999","V020","270,1,N,0021,1","00780,1,C,N","010000,1,9,9","+0286,1","+0220,1","10022,1",,,,,,"02,1,+00660,1,07,1","03,1,+00780,1,06,1",,"9,AGL   ,+99999,+99999","06,99,1,02,1,99,9,00660,1,99,9,99,9",,"99999,9,09415,1",,,"SYN07643063 32597 62704 10286 20220 39415 40022 86700 333 56600 58034 82722 83626=",
"43063099999","2025-06-17T09:00:00","4","18.5333333","73.85","558.0","PUNE, IN","FM-12","99999","V020","270,1,N,0026,1","00780,1,C,N","010000,1,9,9","+0284,1","+0227,1","10013,1","06,0010,3,1","5,1,02,1","2,1,02,1",,,"02,1,+00660,1,07,1","03,1,+00780,1,06,1",,"9,AGL   ,+99999,+99999","06,99,1,02,1,99,9,00660,1,99,9,99,9",,"99999,9,09408,1",,"21,1","SYN08843063 21597 62705 10284 20227 39408 40013 72152 86700 333 56600 58032 6001/ 82722 83626=",
"43063099999","2025-06-17T12:00:00","4","18.5333333","73.85","558.0","PUNE, IN","FM-12","99999","V020","270,1,N,0010,1","00780,1,C,N","010000,1,9,9","+0268,1","+0228,1","10011,1","09,0030,3,1","6,1,02,1","5,1,02,1",,,"02,1,+00660,1,07,1","03,1,+00780,1,06,1",,"9,AGL   ,+99999,+99999","06,99,1,02,1,99,9,00660,1,99,9,99,9",,"99999,9,09401,1",,"02,1","SYN09443063 21597 62702 10268 20228 39401 40011 70265 85730 333 10298 56690 58025 6003/ 82722 83626=",
"43063099999","2025-06-17T15:00:00","4","18.5333333","73.85","558.0","PUNE, IN","FM-12","99999","V020","270,1,N,0010,1","00780,1,C,N","004000,1,9,9","+0248,1","+0216,1","10034,1","12,0030,3,1",,,,,"02,1,+00660,1,07,1","03,1,+00780,1,06,1",,"9,AGL   ,+99999,+99999","05,99,1,02,1,99,9,00660,1,99,9,99,9",,"99999,9,09419,1",,,"SYN08243063 22596 52702 10248 20216 39419 40034 85700 333 56600 58032 6003/ 82722 83626=",
"43063099999","2025-06-17T18:00:00","4","18.5333333","73.85","558.0","PUNE, IN","FM-12","99999","V020","270,1,N,0005,1","00780,1,C,N","004000,1,9,9","+0248,1","+0219,1","10036,1","15,0030,3,1",,,,,"02,1,+00660,1,07,1","03,1,+00780,1,06,1",,"9,AGL   ,+99999,+99999","05,99,1,02,1,99,9,00660,1,99,9,99,9",,"99999,9,09421,1",,,"SYN08243063 22596 52701 10248 20219 39421 40036 85700 333 56600 58016 6003/ 82722 83626=",
"43063099999","2025-06-17T21:00:00","4","18.5333333","73.85","558.0","PUNE, IN","FM-12","99999","V020","270,1,N,0010,1","00780,1,C,N","004000,1,9,9","+0244,1","+0221,1","10015,1","18,0030,3,1","2,1,02,1","2,1,02,1",,,"02,1,+00660,1,07,1","05,1,+00780,1,06,1",,"9,AGL   ,+99999,+99999","06,99,1,02,1,99,9,00660,1,99,9,99,9",,"99999,9,09400,1",,"60,1","SYN08843063 21596 62702 10244 20221 39400 40015 76022 86700 333 56600 58010 6003/ 82722 85626=",
"43063099999","2025-06-18T00:00:00","4","18.5333333","73.85","558.0","PUNE, IN","FM-12","99999","V020","270,1,N,0010,1","00780,1,C,N","004000,1,9,9","+0240,1","+0226,1","10018,1","21,0050,3,1","6,1,02,1","2,1,02,1",,,"02,1,+00660,1,07,1","05,1,+00780,1,06,1",,"9,AGL   ,+99999,+99999","06,99,1,02,1,99,9,00660,1,99,9,99,9",,"99999,9,09402,1",,"51,1","SYN08843063 21596 62702 10240 20226 39402 40018 75162 86700 333 56600 58012 6005/ 82722 85626=",
"43063099999","2025-06-18T03:00:00","4","18.5333333","73.85","558.0","PUNE, IN","FM-12","99999","V020","270,1,N,0026,1","00780,1,C,N","010000,1,9,9","+0258,1","+0223,1","10028,1","24,0060,3,1","6,1,02,1","5,1,02,1",,,"02,1,+00660,1,07,1","03,1,+00780,1,06,1",,"9,AGL   ,+99999,+99999","05,99,1,02,1,99,9,00660,1,99,9,99,9","240,N,+0231,1","99999,9,09415,1",,"20,1","SYN11043063 21597 52705 10258 20223 39415 40028 72065 84701 333 20231 56609 58008 6006/ 82722 83626 555 00060 10179=",
"43063099999","2025-06-18T06:00:00","4","18.5333333","73.85","558.0","PUNE, IN","FM-12","99999","V020","270,1,N,0026,1","00780,1,C,N","010000,1,9,9","+0288,1","+0231,1","10020,1","03,0001,3,1","6,1,02,1","5,1,02,1",,,"02,1,+00660,1,07,1","03,1,+00780,1,06,1",,"9,AGL   ,+99999,+99999","06,99,1,02,1,99,9,00660,1,99,9,99,9",,"99999,9,09413,1",,"02,1","SYN08843063 21597 62705 10288 20231 39413 40020 70265 85701 333 56609 59002 6991/ 82722 83626=",
"43063099999","2025-06-18T09:00:00","4","18.5333333","73.85","558.0","PUNE, IN","FM-12","99999","V020","270,1,N,0041,1","00780,1,9,N","010000,1,9,9","+0264,1","+0227,1","10019,1","06,0010,3,1","6,1,02,1","5,1,02,1",,,"04,1,+00600,1,07,1","05,1,+00780,1,06,1",,"9,AGL   ,+99999,+99999","07,99,1,04,1,99,9,00600,1,99,9,99,9",,"99999,9,09409,1",,"20,1","SYN08843063 21597 72708 10264 20227 39409 40019 72065 87700 333 56600 58001 6001/ 84720 85626=",
"43063099999","2025-06-18T12:00:00","4","18.5333333","73.85","558.0","PUNE, IN","FM-12","99999","V020","270,1,N,0015,1","00660,1,C,N","010000,1,9,9","+0246,1","+0232,1","10017,1","09,0010,3,1","6,1,02,1","5,1,02,1",,,"05,1,+00660,1,07,1","04,1,+00780,1,06,1",,"9,AGL   ,+99999,+99999","07,99,1,05,1,99,9,00660,1,99,9,99,9",,"99999,9,09403,1",,"51,1","SYN09443063 21597 72703 10246 20232 39403 40017 75165 87700 333 10290 56600 58002 6001/ 85722 84626=",
"43063099999","2025-06-18T15:00:00","4","18.5333333","73.85","558.0","PUNE, IN","FM-12","99999","V020","270,1,N,0026,1","99999,9,9,N","004000,1,9,9","+0244,1","+9999,9","99999,9",,,,,,"99,9,+00800,1,99,9",,,"9,AGL   ,+99999,+99999","07,99,1,99,9,99,9,00800,1,99,9,99,9",,,,,"SYN08843063 21596 72705 10244 10227 39417 40032 76065 87700 333 56600 59002 6002/ 84722 84626=",
"43063099999","2025-06-18T18:00:00","4","18.5333333","73.85","558.0","PUNE, IN","FM-12","99999","V020","270,1,N,0026,1","99999,9,9,N","004000,1,9,9","+0240,1","+0226,1","10035,1",,,,,,"06,1,+00800,1,03,1","99,9,+99999,9,02,1",,"9,AGL   ,+99999,+99999","07,99,1,06,1,99,9,00800,1,99,9,99,9",,"99999,9,09418,1",,,"SYN08843063 32596 72705 10240 20226 39418 40035 86065 87700 333 56600 59003 6002/ 85722 83626=",
"43063099999","2025-06-18T21:00:00","4","18.5333333","73.85","558.0","PUNE, IN","FM-12","99999","V020","270,1,N,0005,1","00780,1,C,N","004000,1,9,9","+0238,1","+0226,1","10017,1","18,0030,3,1","6,1,02,1","5,1,02,1",,,"04,1,+00660,1,07,1","04,1,+00780,1,06,1",,"9,AGL   ,+99999,+99999","07,99,1,04,1,99,9,00660,1,99,9,99,9",,"99999,9,09401,1",,"50,1","SYN08843063 21596 72701 10238 20226 39401 40017 75065 87700 333 56600 58001 6003/ 84722 84626=",
"43063099999","2025-06-19T00:00:00","4","18.5333333","73.85","558.0","PUNE, IN","FM-12","99999","V020","270,1,N,0021,1","01800,1,C,N","004000,1,9,9","+0234,1","+0228,1","10017,1","21,0070,3,1","6,1,02,1","5,1,02,1",,,"04,1,+00660,1,07,1","04,1,+01800,1,04,1",,"9,AGL   ,+99999,+99999","08,99,1,04,1,99,9,00660,1,99,9,99,9",,"99999,9,09401,1",,"63,1","SYN08843063 21596 82704 10234 20228 39401 40017 76365 8672/ 333 5669/ 59001 6007/ 84722 84456=",
"43063099999","2025-06-19T03:00:00","4","18.5333333","73.85","558.0","PUNE, IN","FM-12","99999","V020","270,1,N,0015,1","01800,1,C,N","004000,1,9,9","+0326,1","+0187,1","10021,1","24,0310,3,1","6,1,02,1","2,1,02,1",,,"03,1,+00600,1,07,1","04,1,+01800,1,02,1",,"9,AGL   ,+99999,+99999","08,99,1,03,1,99,9,00600,1,99,9,99,9","240,N,+0231,1","99999,9,09423,1",,"63,1","SYN11043063 21596 82703 10326 20187 39423 40021 76362 8472/ 333 20231 5669/ 58008 6031/ 83720 84256 555 00313 10210=",
"43063099999","2025-06-19T06:00:00","4","18.5333333","73.85","558.0","PUNE, IN","FM-12","99999","V020","270,1,N,0010,1","01800,1,C,N","010000,1,9,9","+0242,1","+0230,1","10039,1","03,0190,3,1","6,1,02,1","2,1,02,1",,,"04,1,+00600,1,07,1","04,1,+01800,1,04,1",,"9,AGL   ,+99999,+99999","08,99,1,04,1,99,9,00600,1,99,9,99,9",,"99999,9,09424,1",,"61,1","SYN08843063 21597 82702 10242 20230 39424 40039 76162 8472/ 333 5669/ 58011 6019/ 84720 84456=",
"43063099999","2025-06-19T09:00:00","4","18.5333333","73.85","558.0","PUNE, IN","FM-12","99999","V020","270,1,N,0010,1","01800,1,C,N","010000,1,9,9","+0246,1","+0232,1","10035,1","06,0220,3,1","6,1,02,1","5,1,02,1",,,"04,1,+00600,1,07,1","04,1,+01800,1,04,1",,"9,AGL   ,+99999,+99999","08,99,1,04,1,99,9,00600,1,99,9,99,9",,"99999,9,09420,1",,"50,1","SYN08843063 21597 82702 10246 20232 39420 40035 75065 8672/ 333 5669/ 58011 6022/ 84720 84456=",
"43063099999","2025-06-19T12:00:00","4","18.5333333","73.85","558.0","PUNE, IN","FM-12","99999","V020","270,1,N,0010,1","01800,1,C,N","004000,1,9,9","+0242,1","+0228,1","10031,1","09,0230,3,1","6,1,02,1","5,1,02,1",,,"04,1,+00600,1,07,1","04,1,+01800,1,04,1",,"9,AGL   ,+99999,+99999","08,99,1,04,1,99,9,00600,1,99,9,99,9",,"99999,9,09416,1",,"60,1","SYN08843063 21596 82702 10242 20228 39416 40031 76065 8672/ 333 10252 5669/ 6023/ 84720 84456=",
"43063099999","2025-06-19T15:00:00","4","18.5333333","73.85","558.0","PUNE, IN","FM-12","99999","V020","270,1,N,0015,1","01800,1,C,N","004000,1,9,9","+0238,1","+0229,1","10048,1","12,0250,3,1","6,1,02,1","2,1,02,1",,,"03,1,+00600,1,07,1","04,1,+01800,1,04,1",,"9,AGL   ,+99999,+99999","07,99,1,03,1,99,9,00600,1,99,9,99,9",,"99999,9,09430,1",,"21,1","SYN08843063 21596 72703 10238 20229 39430 40048 72162 85720 333 56690 58013 6025/ 83720 84456=",
"43063099999","2025-06-19T18:00:00","4","18.5333333","73.85","558.0","PUNE, IN","FM-12","99999","V020","270,1,N,0005,1","01800,1,C,N","004000,1,9,9","+0236,1","+0224,1","10054,1","15,0250,3,1","6,1,02,1","5,1,02,1",,,"03,1,+00600,1,07,1","04,1,+01800,1,04,1",,"9,AGL   ,+99999,+99999","07,99,1,03,1,99,9,00600,1,99,9,99,9",,"99999,9,09435,1",,"50,1","SYN08843063 21596 72701 10236 20224 39435 40054 75065 85720 333 56690 58017 6025/ 83720 84456=",
"43063099999","2025-06-19T21:00:00","4","18.5333333","73.85","558.0","PUNE, IN","FM-12","99999","V020","270,1,N,0015,1","00780,1,C,N","004000,1,9,9","+0242,1","+0216,1","10034,1","18,0250,3,1","5,1,02,1","2,1,02,1",,,"04,1,+00600,1,07,1","03,1,+00780,1,06,1",,"9,AGL   ,+99999,+99999","07,99,1,04,1,99,9,00600,1,99,9,99,9",,"99999,9,09419,1",,"02,1","SYN08843063 21596 72703 10242 20216 39419 40034 70252 86720 333 56690 58018 6025/ 84720 83626=",
"43063099999","2025-06-20T00:00:00","4","18.5333333","73.85","558.0","PUNE, IN","FM-12","99999","V020","270,1,N,0021,1","00780,1,C,N","004000,1,9,9","+0236,1","+0226,1","10041,1","21,0250,3,1","5,1,02,1","2,1,02,1",,,"04,1,+00600,1,07,1","03,1,+00780,1,06,1",,"9,AGL   ,+99999,+99999","07,99,1,04,1,99,9,00600,1,99,9,99,9",,"99999,9,09424,1",,"50,1","SYN08843063 21596 72704 10236 20226 39424 40041 75052 86720 333 56690 58023 6025/ 84720 83626=",
"43063099999","2025-06-20T03:00:00","4","18.5333333","73.85","558.0","PUNE, IN","FM-12","99999","V020","270,1,N,0015,1","00780,1,C,N","010000,1,9,9","+0252,1","+0229,1","10052,1","24,0250,3,1","5,1,02,1","2,1,02,1",,,"04,1,+00660,1,07,1","03,1,+00780,1,06,1",,"9,AGL   ,+99999,+99999","07,99,1,04,1,99,9,00660,1,99,9,99,9","240,N,+0225,1","99999,9,09438,1",,"20,1","SYN11043063 21597 72703 10252 20229 39438 40052 72052 87700 333 20225 56600 58015 6025/ 84722 83626 555 00254 10236=",
"43063099999","2025-06-20T06:00:00","4","18.5333333","73.85","558.0","PUNE, IN","FM-12","99999","V020","270,1,N,0026,1","00780,1,C,N","010000,1,9,9","+0280,1","+0229,1","10051,1","03,0000,2,1","5,1,02,1","2,1,02,1",,,"04,1,+00660,1,07,1","03,1,+00780,1,06,1",,"9,AGL   ,+99999,+99999","07,99,1,04,1,99,9,00660,1,99,9,99,9",,"99999,9,09441,1",,"20,1","SYN08843063 21597 72705 10280 20229 39441 40051 72052 87700 333 56600 58017 6990/ 84722 83626=",
"43063099999","2025-06-20T09:00:00","4","18.5333333","73.85","558.0","PUNE, IN","FM-12","99999","V020","270,1,N,0031,1","00780,1,C,N","010000,1,9,9","+0254,1","+0225,1","10042,1","06,0002,3,1","2,1,02,1","2,1,02,1",,,"02,1,+00660,1,07,1","03,1,+00780,1,06,1",,"9,AGL   ,+99999,+99999","07,99,1,02,1,99,9,00660,1,99,9,99,9",,"99999,9,09429,1",,"60,1","SYN08843063 21597 72706 10254 20225 39429 40042 76022 85730 333 56690 58009 6992/ 82722 83626=",
"43063099999","2025-06-20T12:00:00","4","18.5333333","73.85","558.0","PUNE, IN","FM-12","99999","V020","270,1,N,0041,1","99999,9,9,N","010000,1,9,9","+0278,1","+0227,1","10029,1","09,0002,3,1","6,1,02,1","2,1,02,1",,,"01,1,+00660,1,07,1","03,1,+00780,1,06,1",,"9,AGL   ,+99999,+99999","06,99,1,01,1,99,9,00660,1,99,9,99,9",,"99999,9,09420,1",,"02,1","SYN09443063 21597 62708 10278 20227 39420 40029 70262 85730 333 10286 56690 58004 6992/ 81722 83626=",
"43063099999","2025-06-20T15:00:00","4","18.5333333","73.85","558.0","PUNE, IN","FM-12","99999","V020","270,1,N,0005,1","00780,1,9,N","004000,1,9,9","+0246,1","+0226,1","10053,1","12,0003,3,1","6,1,02,1","5,1,02,1",,,"03,1,+00660,1,07,1","06,1,+00780,1,06,1",,"9,AGL   ,+99999,+99999","07,99,1,03,1,99,9,00660,1,99,9,99,9",,"99999,9,09436,1",,"20,1","SYN08843063 21596 72701 10246 20226 39436 40053 72065 87700 333 56600 58006 6993/ 83722 86626=",
"43063099999","2025-06-20T18:00:00","4","18.5333333","73.85","558.0","PUNE, IN","FM-12","99999","V020","999,9,C,0000,1","00780,1,C,N","004000,1,9,9","+0238,1","+0224,1","10065,1","15,0020,3,1","6,1,02,1","5,1,02,1",,,"03,1,+00660,1,07,1","05,1,+00780,1,06,1",,"9,AGL   ,+99999,+99999","06,99,1,03,1,99,9,00660,1,99,9,99,9",,"99999,9,09446,1",,"02,1","SYN08843063 21596 60000 10238 20224 39446 40065 70265 86700 333 56600 58011 6002/ 83722 85626=",
"43063099999","2025-06-20T21:00:00","4","18.5333333","73.85","558.0","PUNE, IN","FM-12","99999","V020","270,1,N,0005,1","22000,1,9,N","004000,1,9,9","+0240,1","+0220,1","10047,1","18,0020,3,1",,,,,"01,1,+00660,1,07,1","03,1,+00780,1,06,1",,"9,AGL   ,+99999,+99999","04,99,1,01,1,99,9,00660,1,99,9,99,9",,"99999,9,09430,1",,,"SYN08243063 22596 42701 10240 20220 39430 40047 84700 333 56600 58011 6002/ 81722 83626=",
"43063099999","2025-06-21T00:00:00","4","18.5333333","73.85","558.0","PUNE, IN","FM-12","99999","V020","270,1,N,0015,1","00780,1,9,N","004000,1,9,9","+0240,1","+0223,1","10047,1","21,0020,3,1",,,,,"04,1,+00660,1,07,1","05,1,+00780,1,06,1",,"9,AGL   ,+99999,+99999","07,99,1,04,1,99,9,00660,1,99,9,99,9",,"99999,9,09430,1",,,"SYN08243063 22596 72703 10240 20223 39430 40047 87700 333 56600 58006 6002/ 84722 85626=",
"43063099999","2025-06-21T03:00:00","4","18.5333333","73.85","558.0","PUNE, IN","FM-12","99999","V020","270,1,N,0010,1","00780,1,C,N","010000,1,9,9","+0244,1","+0224,1","10066,1","24,0030,3,1","6,1,02,1","2,1,02,1",,,"03,1,+00660,1,07,1","03,1,+00780,1,06,1",,"9,AGL   ,+99999,+99999","07,99,1,03,1,99,9,00660,1,99,9,99,9","240,N,+0229,1","99999,9,09449,1",,"02,1","SYN11043063 21597 72702 10244 20224 39449 40066 70262 85720 333 20229 56690 58011 6003/ 83722 83626 555 00026 10238=",
"43063099999","2025-06-21T06:00:00","4","18.5333333","73.85","558.0","PUNE, IN","FM-12","99999","V020","270,1,N,0031,1","00780,1,C,N","010000,1,9,9","+0270,1","+0227,1","10060,1","03,0000,2,1","6,1,02,1","2,1,02,1",,,"03,1,+00660,1,07,1","05,1,+00780,1,06,1",,"9,AGL   ,+99999,+99999","07,99,1,03,1,99,9,00660,1,99,9,99,9",,"99999,9,09448,1",,"60,1","SYN08843063 21597 72706 10270 20227 39448 40060 76062 85720 333 56690 58007 6990/ 83722 85626=",
"43063099999","2025-06-21T09:00:00","4","18.5333333","73.85","558.0","PUNE, IN","FM-12","99999","V020","270,1,N,0015,1","00780,1,C,N","010000,1,9,9","+0274,1","+0228,1","10046,1","06,0002,3,1","6,1,02,1","2,1,02,1",,,"03,1,+00660,1,07,1","03,1,+00780,1,06,1",,"9,AGL   ,+99999,+99999","07,99,1,03,1,99,9,00660,1,99,9,99,9",,"99999,9,09436,1",,"02,1","SYN08843063 21597 72703 10274 20228 39436 40046 70262 85720 333 56690 58007 6992/ 83722 83626=",
"43063099999","2025-06-21T12:00:00","4","18.5333333","73.85","558.0","PUNE, IN","FM-12","99999","V020","270,1,N,0021,1","00780,1,C,N","010000,1,9,9","+0274,1","+0216,1","10033,1","09,0005,3,1","6,1,02,1","2,1,02,1",,,"02,1,+00660,1,07,1","05,1,+00780,1,06,1",,"9,AGL   ,+99999,+99999","06,99,1,02,1,99,9,00660,1,99,9,99,9",,"99999,9,09424,1",,"02,1","SYN09443063 21597 62704 10274 20216 39424 40033 70262 86700 333 10292 56600 58004 6995/ 82722 85626=",
"43063099999","2025-06-21T15:00:00","4","18.5333333","73.85","558.0","PUNE, IN","FM-12","99999","V020","270,1,N,0015,1","00780,1,C,N","004000,1,9,9","+0238,1","+0224,1","10058,1","12,0030,3,1","6,1,02,1","2,1,02,1",,,"02,1,+00660,1,07,1","05,1,+00780,1,06,1",,"9,AGL   ,+99999,+99999","06,99,1,02,1,99,9,00660,1,99,9,99,9",,"99999,9,09439,1",,"21,1","SYN08843063 21596 62703 10238 20224 39439 40058 72162 86700 333 56600 58003 6003/ 82722 85626=",
"43063099999","2025-06-21T18:00:00","4","18.5333333","73.85","558.0","PUNE, IN","FM-12","99999","V020","999,9,C,0000,1","00780,1,C,N","004000,1,9,9","+0232,1","+0223,1","10066,1","15,0030,3,1","6,1,02,1","2,1,02,1",,,"02,1,+00660,1,07,1","04,1,+00780,1,06,1",,"9,AGL   ,+99999,+99999","06,99,1,02,1,99,9,00660,1,99,9,99,9",,"99999,9,09447,1",,"02,1","SYN08843063 21596 60000 10232 20223 39447 40066 70262 86700 333 56600 58001 6003/ 82722 84626=",
"43063099999","2025-06-21T21:00:00","4","18.5333333","73.85","558.0","PUNE, IN","FM-12","99999","V020","270,1,N,0021,1","00780,1,C,N","004000,1,9,9","+0242,1","+0216,1","10041,1","18,0030,3,1",,,,,"02,1,+00660,1,07,1","03,1,+00780,1,06,1",,"9,AGL   ,+99999,+99999","05,99,1,02,1,99,9,00660,1,99,9,99,9",,"99999,9,09426,1",,,"SYN08243063 22596 52704 10242 20216 39426 40041 85700 333 56600 59004 6003/ 82722 83626=",
"43063099999","2025-06-22T00:00:00","4","18.5333333","73.85","558.0","PUNE, IN","FM-12","99999","V020","270,1,N,0021,1","00780,1,C,N","004000,1,9,9","+0238,1","+0215,1","10041,1","21,0030,3,1",,,,,"02,1,+00660,1,07,1","03,1,+00780,1,06,1",,"9,AGL   ,+99999,+99999","05,99,1,02,1,99,9,00660,1,99,9,99,9",,"99999,9,09424,1",,,"SYN08243063 22596 52704 10238 20215 39424 40041 85700 333 56600 59006 6003/ 82722 83626=",
"43063099999","2025-06-22T03:00:00","4","18.5333333","73.85","558.0","PUNE, IN","FM-12","99999","V020","270,1,N,0031,1","00780,1,C,N","010000,1,9,9","+0254,1","+0213,1","10054,1","24,0030,3,1",,,,,"02,1,+00660,1,07,1","03,1,+00780,1,06,1",,"9,AGL   ,+99999,+99999","06,99,1,02,1,99,9,00660,1,99,9,99,9","240,N,+0225,1","99999,9,09440,1",,,"SYN10443063 22597 62706 10254 20213 39440 40054 84730 333 20225 56690 59009 6003/ 82722 83626 555 00029 10241=",
"43063099999","2025-06-22T06:00:00","4","18.5333333","73.85","558.0","PUNE, IN","FM-12","99999","V020","270,1,N,0031,1","99999,9,9,N","010000,1,9,9","+0258,1","+0241,1","10052,1",,,,,,"02,1,+00660,1,07,1","02,1,+00780,1,06,1",,"9,AGL   ,+99999,+99999","07,99,1,02,1,99,9,00660,1,99,9,99,9",,"99999,9,09438,1",,,"SYN07643063 32597 72706 10258 20241 39438 40052 85730 333 56690 59010 82722 82626=",
"43063099999","2025-06-22T09:00:00","4","18.5333333","73.85","558.0","PUNE, IN","FM-12","99999","V020","270,1,N,0031,1","00780,1,C,N","010000,1,9,9","+0284,1","+0221,1","10084,1","06,0000,2,1","2,1,02,1","2,1,02,1",,,"03,1,+00660,1,07,1","04,1,+00780,1,06,1",,"9,AGL   ,+99999,+99999","07,99,1,03,1,99,9,00660,1,99,9,99,9",,"99999,9,09423,1",,"60,1","SYN08843063 21597 72706 10284 20221 39423 40084 76022 87700 333 56600 59013 6990/ 83722 84626=",
"43063099999","2025-06-22T12:00:00","4","18.5333333","73.85","558.0","PUNE, IN","FM-12","99999","V020","270,1,N,0031,1","99999,9,9,N","010000,1,9,9","+0278,1","+0208,1","10019,1","09,0000,2,1","6,1,02,1","2,1,02,1",,,"01,1,+00660,1,07,1","02,1,+00780,1,06,1",,"9,AGL   ,+99999,+99999","06,99,1,01,1,99,9,00660,1,99,9,99,9",,"99999,9,09410,1",,"02,1","SYN09443063 21597 62706 10278 20208 39410 40019 70262 86700 333 10296 56600 59014 6990/ 81722 82626=",
"43063099999","2025-06-22T15:00:00","4","18.5333333","73.85","558.0","PUNE, IN","FM-12","99999","V020","270,1,N,0010,1","00780,1,C,N","004000,1,9,9","+0250,1","+0212,1","10042,1","12,0000,2,1","2,1,02,1","2,1,02,1",,,"02,1,+00660,1,07,1","03,1,+00780,1,06,1",,"9,AGL   ,+99999,+99999","05,99,1,02,1,99,9,00660,1,99,9,99,9",,"99999,9,09427,1",,"20,1","SYN08843063 21596 52702 10250 20212 39427 40042 72022 85700 333 56600 59012 6990/ 82722 83626=",
"43063099999","2025-06-22T18:00:00","4","18.5333333","73.85","558.0","PUNE, IN","FM-12","99999","V020","270,1,N,0015,1","00780,1,C,N","004000,1,9,9","+0242,1","+0213,1","10051,1","15,0003,3,1","6,1,02,1","5,1,02,1",,,"02,1,+00660,1,07,1","05,1,+00780,1,06,1",,"9,AGL   ,+99999,+99999","06,99,1,02,1,99,9,00660,1,99,9,99,9",,"99999,9,09434,1",,"02,1","SYN08843063 21596 62703 10242 20213 39434 40051 70265 86700 333 56600 59013 6993/ 82722 85626=",
"43063099999","2025-06-22T21:00:00","4","18.5333333","73.85","558.0","PUNE, IN","FM-12","99999","V020","270,1,N,0010,1","00780,1,C,N","004000,1,9,9","+0242,1","+0216,1","10023,1","18,0003,3,1",,,,,"02,1,+00660,1,07,1","03,1,+00780,1,06,1",,"9,AGL   ,+99999,+99999","05,99,1,02,1,99,9,00660,1,99,9,99,9",,"99999,9,09409,1",,,"SYN08243063 22596 52702 10242 20216 39409 40023 85700 333 56600 59017 6993/ 82722 83626=",
"43063099999","2025-06-23T00:00:00","4","18.5333333","73.85","558.0","PUNE, IN","FM-12","99999","V020","270,1,N,0005,1","00780,1,C,N","004000,1,9,9","+0232,1","+0217,1","10025,1","21,0006,3,1","6,1,02,1","5,1,02,1",,,"02,1,+00660,1,07,1","05,1,+00780,1,06,1",,"9,AGL   ,+99999,+99999","06,99,1,02,1,99,9,00660,1,99,9,99,9",,"99999,9,09409,1",,"21,1","SYN08843063 21596 62701 10232 20217 39409 40025 72165 86700 333 56600 59015 6996/ 82722 85626=",
"43063099999","2025-06-23T03:00:00","4","18.5333333","73.85","558.0","PUNE, IN","FM-12","99999","V020","270,1,N,0021,1","99999,9,9,N","010000,1,9,9","+0260,1","+0213,1","10029,1","24,0006,3,1",,,,,"01,1,+00660,1,07,1","99,9,+99999,9,03,1",,"9,AGL   ,+99999,+99999","05,99,1,01,1,99,9,00660,1,99,9,99,9","240,N,+0227,1","99999,9,09416,1",,,"SYN08243063 22597 52704 10260 20213 39416 40029 84730 333 20227 56690 59024 6996/ 81722=",
"43063099999","2025-06-23T06:00:00","4","18.5333333","73.85","558.0","PUNE, IN","FM-12","99999","V020","270,1,N,0041,1","00780,1,C,N","010000,1,9,9","+0268,1","+0228,1","10035,1","03,0030,3,1","6,1,02,1","2,1,02,1",,,"03,1,+00660,1,07,1","05,1,+00780,1,06,1",,"9,AGL   ,+99999,+99999","07,99,1,03,1,99,9,00660,1,99,9,99,9",,"99999,9,09424,1",,"21,1","SYN08843063 21597 72708 10268 20228 39424 40035 72162 87700 333 56600 59014 6003/ 83722 85626=",
"43063099999","2025-06-23T09:00:00","4","18.5333333","73.85","558.0","PUNE, IN","FM-12","99999","V020","270,1,N,0015,1","00780,1,9,N","004000,1,9,9","+0256,1","+0236,1","10025,1","06,0030,3,1","2,1,02,1","2,1,02,1",,,"04,1,+00600,1,07,1","05,1,+00780,1,06,1",,"9,AGL   ,+99999,+99999","08,99,1,04,1,99,9,00600,1,99,9,99,9",,"99999,9,09412,1",,"60,1","SYN08843063 21596 82703 10256 20236 39412 40025 76022 887// 333 566// 59011 6003/ 84720 85626=",
"43063099999","2025-06-23T12:00:00","4","18.5333333","73.85","558.0","PUNE, IN","FM-12","99999","V020","270,1,N,0026,1","00780,1,C,N","010000,1,9,9","+0272,1","+0217,1","10005,1","09,0040,3,1","6,1,02,1","5,1,02,1",,,"02,1,+00660,1,07,1","05,1,+00780,1,06,1",,"9,AGL   ,+99999,+99999","07,99,1,02,1,99,9,00660,1,99,9,99,9",,"99999,9,09398,1",,"02,1","SYN09443063 21597 72705 10272 20217 39398 40005 70265 87700 333 10289 56600 59012 6004/ 82722 85626=",
"43063099999","2025-06-23T15:00:00","4","18.5333333","73.85","558.0","PUNE, IN","FM-12","99999","V020","270,1,N,0015,1","01800,1,9,N","002000,1,9,9","+0238,1","+0221,1","10030,1","12,0050,3,1","6,1,02,1","5,1,02,1",,,"04,1,+00660,1,07,1","05,1,+01800,1,04,1",,"9,AGL   ,+99999,+99999","08,99,1,04,1,99,9,00660,1,99,9,99,9",,"99999,9,09413,1",,"61,1","SYN08843063 21595 82703 10238 20221 39413 40030 76165 8572/ 333 5669/ 59014 6005/ 84722 85456=",
"43063099999","2025-06-23T18:00:00","4","18.5333333","73.85","558.0","PUNE, IN","FM-12","99999","V020","250,1,N,0005,1","00780,1,C,N","002000,1,9,9","+0242,1","+0219,1","10023,1","15,0050,3,1","6,1,02,1","5,1,02,1",,,"03,1,+00660,1,07,1","03,1,+00780,1,06,1","05,1,+01800,1,04,1","9,AGL   ,+99999,+99999","08,99,1,03,1,99,9,00660,1,99,9,99,9",,"99999,9,09409,1",,"51,1","SYN09443063 21595 82501 10242 20219 39409 40023 75165 8572/ 333 5669/ 59025 6005/ 83722 83626 85456=",
"43063099999","2025-06-23T21:00:00","4","18.5333333","73.85","558.0","PUNE, IN","FM-12","99999","V020","270,1,N,0005,1","00780,1,9,N","004000,1,9,9","+0232,1","+0223,1","10005,1","18,0060,3,1","6,1,02,1","5,1,02,1",,,"04,1,+00660,1,07,1","05,1,+00780,1,06,1",,"9,AGL   ,+99999,+99999","07,99,1,04,1,99,9,00660,1,99,9,99,9",,"99999,9,09390,1",,"50,1","SYN08843063 21596 72701 10232 20223 39390 40005 75065 87700 333 56600 59019 6006/ 84722 85626=",
"43063099999","2025-06-24T00:00:00","4","18.5333333","73.85","558.0","PUNE, IN","FM-12","99999","V020","270,1,N,0041,1","01800,1,C,N","002000,1,9,9","+0232,1","+0226,1","10016,1","21,0090,3,1","6,1,02,1","5,1,02,1",,,"03,1,+00660,1,07,1","05,1,+01800,1,04,1",,"9,AGL   ,+99999,+99999","08,99,1,03,1,99,9,00660,1,99,9,99,9",,"99999,9,09400,1",,"60,1","SYN08843063 21595 82708 10232 20226 39400 40016 76065 8572/ 333 5669/ 59009 6009/ 83722 85456=",
"43063099999","2025-06-24T03:00:00","4","18.5333333","73.85","558.0","PUNE, IN","FM-12","99999","V020","270,1,N,0021,1","01800,1,9,N","004000,1,9,9","+0226,1","+0211,1","10037,1","24,0180,3,1","6,1,02,1","5,1,02,1",,,"04,1,+00600,1,07,1","05,1,+01800,1,04,1",,"9,AGL   ,+99999,+99999","08,99,1,04,1,99,9,00600,1,99,9,99,9","240,N,+0208,1","99999,9,09418,1",,"60,1","SYN11043063 21596 82704 10226 20211 39418 40037 76065 8472/ 333 20208 5669/ 58002 6018/ 84720 85456 555 00181 10260=",
"43063099999","2025-06-24T06:00:00","4","18.5333333","73.85","558.0","PUNE, IN","FM-12","99999","V020","270,1,N,0015,1","00780,1,C,N","010000,1,9,9","+0276,1","+0228,1","10022,1","03,0008,3,1","6,1,02,1","5,1,02,1",,,"02,1,+00660,1,07,1","05,1,+00780,1,06,1",,"9,AGL   ,+99999,+99999","07,99,1,02,1,99,9,00660,1,99,9,99,9",,"99999,9,09413,1",,"02,1","SYN08843063 21597 72703 10276 20228 39413 40022 70265 87700 333 56600 59011 6998/ 82722 85626=",
"43063099999","2025-06-24T09:00:00","4","18.5333333","73.85","558.0","PUNE, IN","FM-12","99999","V020","270,1,N,0031,1","00780,1,C,N","010000,1,9,9","+0288,1","+0219,1","10004,1","06,0009,3,1","5,1,02,1","2,1,02,1",,,"03,1,+00660,1,07,1","03,1,+00780,1,06,1",,"9,AGL   ,+99999,+99999","06,99,1,03,1,99,9,00660,1,99,9,99,9",,"99999,9,09399,1",,"02,1","SYN08843063 21597 62706 10288 20219 39399 40004 70252 86730 333 56690 59013 6999/ 83722 83626=",
"43063099999","2025-06-24T12:00:00","4","18.5333333","73.85","558.0","PUNE, IN","FM-12","99999","V020","270,1,N,0021,1","00780,1,C,N","010000,1,9,9","+0270,1","+0215,1","10003,1","09,0009,3,1","5,1,02,1","2,1,02,1",,,"03,1,+00660,1,07,1","04,1,+00780,1,06,1",,"9,AGL   ,+99999,+99999","07,99,1,03,1,99,9,00660,1,99,9,99,9",,"99999,9,09393,1",,"02,1","SYN09443063 21597 72704 10270 20215 39393 40003 70252 85730 333 10297 56690 59005 6999/ 83722 84626=",
"43063099999","2025-06-24T15:00:00","4","18.5333333","73.85","558.0","PUNE, IN","FM-12","99999","V020","270,1,N,0021,1","00780,1,C,N","004000,1,9,9","+0254,1","+0219,1","10020,1","12,0009,3,1",,,,,"02,1,+00660,1,07,1","05,1,+00780,1,06,1",,"9,AGL   ,+99999,+99999","07,99,1,02,1,99,9,00660,1,99,9,99,9",,"99999,9,09408,1",,,"SYN08243063 22596 72704 10254 20219 39408 40020 87700 333 56600 59005 6999/ 82722 85626=",
"43063099999","2025-06-24T18:00:00","4","18.5333333","73.85","558.0","PUNE, IN","FM-12","99999","V020","270,1,N,0026,1","00780,1,C,N","004000,1,9,9","+0250,1","+0218,1","10028,1","15,0009,3,1",,,,,"01,1,+00660,1,07,1","05,1,+00780,1,06,1",,"9,AGL   ,+99999,+99999","06,99,1,01,1,99,9,00660,1,99,9,99,9",,"99999,9,09413,1",,,"SYN08243063 22596 62705 10250 20218 39413 40028 86700 333 56600 58004 6999/ 81722 85626=",
"43063099999","2025-06-24T21:00:00","4","18.5333333","73.85","558.0","PUNE, IN","FM-12","99999","V020","270,1,N,0051,1","00780,1,C,N","004000,1,9,9","+0250,1","+0215,1","10007,1","18,0009,3,1",,,,,"02,1,+00660,1,07,1","03,1,+00780,1,06,1",,"9,AGL   ,+99999,+99999","05,99,1,02,1,99,9,00660,1,99,9,99,9",,"99999,9,09393,1",,,"SYN08243063 22596 52710 10250 20215 39393 40007 85700 333 56600 58003 6999/ 82722 83626=",
"43063099999","2025-06-25T00:00:00","4","18.5333333","73.85","558.0","PUNE, IN","FM-12","99999","V020","270,1,N,0026,1","00780,1,C,N","004000,1,9,9","+0246,1","+0220,1","10005,1","21,0009,3,1",,,,,"02,1,+00660,1,07,1","05,1,+00780,1,06,1",,"9,AGL   ,+99999,+99999","06,99,1,02,1,99,9,00660,1,99,9,99,9",,"99999,9,09391,1",,,"SYN08243063 22596 62705 10246 20220 39391 40005 86700 333 56600 59009 6999/ 82722 85626=",
"43063099999","2025-06-25T03:00:00","4","18.5333333","73.85","558.0","PUNE, IN","FM-12","99999","V020","270,1,N,0010,1","00780,1,C,N","010000,1,9,9","+0254,1","+0219,1","10020,1","24,0009,3,1",,,,,"03,1,+00660,1,07,1","04,1,+00780,1,06,1",,"9,AGL   ,+99999,+99999","08,99,1,03,1,99,9,00660,1,99,9,99,9","240,N,+0239,1","99999,9,09408,1",,,"SYN08843063 22597 82702 10254 20219 39408 40020 8673/ 333 20239 5669/ 59005 6999/ 83722 84626=",
"43063099999","2025-06-25T06:00:00","4","18.5333333","73.85","558.0","PUNE, IN","FM-12","99999","V020","270,1,N,0015,1","00780,1,C,N","010000,1,9,9","+0266,1","+0226,1","10021,1","03,0000,9,1",,,,,"04,1,+00660,1,07,1","04,1,+00780,1,06,1",,"9,AGL   ,+99999,+99999","08,99,1,04,1,99,9,00660,1,99,9,99,9",,"99999,9,09410,1",,,"SYN08243063 21597 82703 10266 20226 39410 40021 8773/ 333 5669/ 59003 6990/ 84722 84626=","Q01  00002PRCP03"
"43063099999","2025-06-25T09:00:00","4","18.5333333","73.85","558.0","PUNE, IN","FM-12","99999","V020","270,1,N,0021,1","99999,9,9,N","010000,1,9,9","+0272,1","+0223,1","10003,1",,,,,,"99,9,+00800,1,99,9",,,"9,AGL   ,+99999,+99999","08,99,1,99,9,99,9,00800,1,99,9,99,9",,"99999,9,09396,1","6,1,069,1,+999,9",,"SYN07843063 22597 82704 10272 20223 39396 40003 5669/ 59003 6990/ 83722 85626 8773/=",
"43063099999","2025-06-25T12:00:00","4","18.5333333","73.85","558.0","PUNE, IN","FM-12","99999","V020","020,1,N,9999,9","22000,1,9,N","010000,1,9,9","+9999,9","+0219,1","09989,1","09,0000,9,1",,,,,"01,1,+00660,1,07,1","03,2,+00780,1,06,1","99,9,+99999,9,00,1","9,AGL   ,+99999,+99999","01,99,2,01,1,99,9,00660,1,99,9,99,9",,"99999,9,09383,1",,,"SYN08243063 22597 10274 20219 39383 49989 83731 333 10285 56699 59010 6990/ 81722 83626=","Q01  00002PRCP09"
"43063099999","2025-06-25T15:00:00","4","18.5333333","73.85","558.0","PUNE, IN","FM-12","99999","V020","270,1,N,0015,1","00780,1,C,N","004000,1,9,9","+0250,1","+0218,1","10018,1","12,0000,9,1",,,,,"03,1,+00660,1,07,1","04,1,+00780,1,06,1",,"9,AGL   ,+99999,+99999","07,99,1,03,1,99,9,00660,1,99,9,99,9",,"99999,9,09404,1",,,"SYN08243063 22596 72703 10250 20218 39404 40018 85730 333 56690 59004 6990/ 83722 84626=","Q01  00002PRCP12"
"43063099999","2025-06-25T18:00:00","4","18.5333333","73.85","558.0","PUNE, IN","FM-12","99999","V020","270,1,N,0005,1","00780,1,C,N","004000,1,9,9","+0246,1","+0220,1","10021,1","15,0000,9,1",,,,,"03,1,+00660,1,07,1","04,1,+00780,1,06,1",,"9,AGL   ,+99999,+99999","07,99,1,03,1,99,9,00660,1,99,9,99,9",,"99999,9,09407,1",,,"SYN08243063 32596 72701 10246 20220 39407 40021 85730 333 56690 59006 6990/ 83722 84626=","Q01  00002PRCP15"
"43063099999","2025-06-25T21:00:00","4","18.5333333","73.85","558.0","PUNE, IN","FM-12","99999","V020","270,1,N,0005,1","00780,1,C,N","004000,1,9,9","+0252,1","+0217,1","10005,1","18,0000,9,1",,,,,"03,1,+00660,1,07,1","04,1,+00780,1,06,1",,"9,AGL   ,+99999,+99999","07,99,1,03,1,99,9,00660,1,99,9,99,9",,"99999,9,09393,1",,,"SYN08243063 22596 72701 10252 20217 39393 40005 85730 333 56690 58000 6990/ 83722 84626=","Q01  00002PRCP18"
"43063099999","2025-06-26T00:00:00","4","18.5333333","73.85","558.0","PUNE, IN","FM-12","99999","V020","270,1,N,0005,1","00780,1,C,N","004000,1,9,9","+0248,1","+0219,1","10009,1","21,0000,9,1",,,,,"03,1,+00660,1,07,1","04,1,+00780,1,06,1",,"9,AGL   ,+99999,+99999","07,99,1,03,1,99,9,00660,1,99,9,99,9",,"99999,9,09395,1",,,"SYN08243063 22596 72701 10248 20219 39395 40009 85730 333 56690 58004 6990/ 83722 84626=","Q01  00002PRCP21"
"43063099999","2025-06-26T03:00:00","4","18.5333333","73.85","558.0","PUNE, IN","FM-12","99999","V020","270,1,N,0005,1","00780,1,C,N","010000,1,9,9","+0260,1","+0223,1","10021,1","24,0000,9,1",,,,,"02,1,+00660,1,07,1","04,1,+00780,1,06,1",,"9,AGL   ,+99999,+99999","07,99,1,02,1,99,9,00660,1,99,9,99,9","240,N,+0240,1","99999,9,09409,1",,,"SYN10443063 22597 72701 10260 20223 39409 40021 85730 333 20240 56690 58001 6990/ 82722 84626 555 00000 10261=","Q01  00002PRCP24"
"43063099999","2025-06-26T06:00:00","4","18.5333333","73.85","558.0","PUNE, IN","FM-12","99999","V020","270,1,N,0021,1","00780,1,C,N","010000,1,9,9","+0292,1","+0217,1","10013,1","03,0002,3,1","6,1,02,1","2,1,02,1",,,"03,1,+00660,1,07,1","04,1,+00780,1,06,1",,"9,AGL   ,+99999,+99999","07,99,1,03,1,99,9,00660,1,99,9,99,9",,"99999,9,09410,1",,"02,1","SYN08843063 21597 72704 10292 20217 39410 40013 70262 85730 333 56690 58000 6992/ 83722 84626=",
"43063099999","2025-06-26T09:00:00","4","18.5333333","73.85","558.0","PUNE, IN","FM-12","99999","V020","270,1,N,0041,1","00780,1,C,N","010000,1,9,9","+0282,1","+0219,1","10007,1","06,0002,3,1",,,,,"02,1,+00660,1,07,1","03,1,+00780,1,06,1","05,1,+01800,1,03,1","9,AGL   ,+99999,+99999","07,99,1,02,1,99,9,00660,1,99,9,99,9",,"99999,9,09402,1",,,"SYN08843063 22597 72708 10282 20219 39402 40007 84730 333 56690 58006 6992/ 82722 83626 85356=",
"43063099999","2025-06-26T12:00:00","4","18.5333333","73.85","558.0","PUNE, IN","FM-12","99999","V020","270,1,N,0021,1","01800,1,9,N","010000,1,9,9","+0252,1","+0217,1","10011,1","09,0002,3,1","2,1,02,1","2,1,02,1",,,"04,1,+00660,1,07,1","05,1,+01800,1,04,1",,"9,AGL   ,+99999,+99999","08,99,1,04,1,99,9,00660,1,99,9,99,9",,"99999,9,09397,1",,"50,1","SYN09443063 21597 82704 10252 20217 39397 40011 75022 8572/ 333 10295 5669/ 58014 6992/ 84722 85456=",
"43063099999","2025-06-26T15:00:00","4","18.5333333","73.85","558.0","PUNE, IN","FM-12","99999","V020","270,1,N,0005,1","00780,1,C,N","004000,1,9,9","+0240,1","+0220,1","10025,1","12,0003,3,1","5,1,02,1","2,1,02,1",,,"04,1,+00660,1,07,1","03,1,+00780,1,06,1",,"9,AGL   ,+99999,+99999","07,99,1,04,1,99,9,00660,1,99,9,99,9",,"99999,9,09409,1",,"50,1","SYN08843063 21596 72701 10240 20220 39409 40025 75052 87700 333 56600 58005 6993/ 84722 83626=",
"43063099999","2025-06-26T18:00:00","4","18.5333333","73.85","558.0","PUNE, IN","FM-12","99999","V020","270,1,N,0005,1","00780,1,C,N","004000,1,9,9","+0240,1","+0226,1","10028,1","15,0004,3,1","5,1,02,1","2,1,02,1",,,"03,1,+00660,1,07,1","04,1,+00780,1,06,1",,"9,AGL   ,+99999,+99999","06,99,1,03,1,99,9,00660,1,99,9,99,9",,"99999,9,09411,1",,"20,1","SYN08843063 21596 62701 10240 20226 39411 40028 72052 86700 333 56600 58004 6994/ 83722 84626=",
"43063099999","2025-06-26T21:00:00","4","18.5333333","73.85","558.0","PUNE, IN","FM-12","99999","V020","270,1,N,0005,1","00780,1,C,N","004000,1,9,9","+0240,1","+0223,1","10015,1","18,0004,3,1",,,,,"03,1,+00660,1,07,1","05,1,+00780,1,06,1",,"9,AGL   ,+99999,+99999","07,99,1,03,1,99,9,00660,1,99,9,99,9",,"99999,9,09399,1",,,"SYN08243063 22596 72701 10240 20223 39399 40015 87700 333 56600 58006 6994/ 83722 85626=",
"43063099999","2025-06-27T00:00:00","4","18.5333333","73.85","558.0","PUNE, IN","FM-12","99999","V020","270,1,N,0005,1","00780,1,C,N","004000,1,9,9","+0246,1","+0218,1","10009,1","21,0004,3,1",,,,,"03,1,+00660,1,07,1","03,1,+00780,1,06,1",,"9,AGL   ,+99999,+99999","06,99,1,03,1,99,9,00660,1,99,9,99,9",,"99999,9,09395,1",,,"SYN08243063 22596 62701 10246 20218 39395 40009 86700 333 56600 58002 6994/ 83722 83626=",
"43063099999","2025-06-27T03:00:00","4","18.5333333","73.85","558.0","PUNE, IN","FM-12","99999","V020","270,1,N,0015,1","01800,1,C,N","010000,1,9,9","+0256,1","+0218,1","10019,1","24,0004,3,1",,,,,"03,1,+00660,1,07,1","05,1,+01800,1,03,1",,"9,AGL   ,+99999,+99999","07,99,1,03,1,99,9,00660,1,99,9,99,9","240,N,+0230,1","99999,9,09407,1",,,"SYN10443063 22597 72703 10256 20218 39407 40019 84730 333 20230 56690 59002 6994/ 83722 85356 555 00004 10261=",
"43063099999","2025-06-27T06:00:00","4","18.5333333","73.85","558.0","PUNE, IN","FM-12","99999","V020","270,1,N,0010,1","00780,1,C,N","010000,1,9,9","+0274,1","+0225,1","10025,1",,,,,,"02,1,+00660,1,07,1","05,1,+00780,1,06,1",,"9,AGL   ,+99999,+99999","07,99,1,02,1,99,9,00660,1,99,9,99,9",,"99999,9,09416,1",,,"SYN07643063 32597 72702 10274 20225 39416 40025 85730 333 56690 58006 82722 85626=",
"43063099999","2025-06-27T09:00:00","4","18.5333333","73.85","558.0","PUNE, IN","FM-12","99999","V020","270,1,N,0021,1","00780,1,C,N","010000,1,9,9","+0278,1","+0234,1","10021,1","06,0000,2,1","2,1,02,1","2,1,02,1",,,"03,1,+00660,1,07,1","05,1,+00780,1,06,1",,"9,AGL   ,+99999,+99999","07,99,1,03,1,99,9,00660,1,99,9,99,9",,"99999,9,09412,1",,"50,1","SYN08843063 21597 72704 10278 20234 39412 40021 75022 87700 333 56600 58010 6990/ 83722 85626=",
"43063099999","2025-06-27T12:00:00","4","18.5333333","73.85","558.0","PUNE, IN","FM-12","99999","V020","270,1,N,0015,1","00780,1,C,N","010000,1,9,9","+0262,1","+0222,1","10017,1","09,0010,3,1","6,1,02,1","5,1,02,1",,,"02,1,+00660,1,07,1","05,1,+00780,1,06,1",,"9,AGL   ,+99999,+99999","06,99,1,02,1,99,9,00660,1,99,9,99,9",,"99999,9,09407,1",,"21,1","SYN09443063 21597 62703 10262 20222 39407 40017 72165 86700 333 10282 56600 58010 6001/ 82722 85626=",
"43063099999","2025-06-27T15:00:00","4","18.5333333","73.85","558.0","PUNE, IN","FM-12","99999","V020","270,1,N,0015,1","00780,1,C,N","004000,1,9,9","+0248,1","+0219,1","10038,1","12,0010,3,1","2,1,02,1","2,1,02,1",,,"04,1,+00660,1,07,1","04,1,+00780,1,06,1",,"9,AGL   ,+99999,+99999","07,99,1,04,1,99,9,00660,1,99,9,99,9",,"99999,9,09423,1",,"51,1","SYN08843063 21596 72703 10248 20219 39423 40038 75122 87700 333 56600 58014 6001/ 84722 84626=",
"43063099999","2025-06-27T18:00:00","4","18.5333333","73.85","558.0","PUNE, IN","FM-12","99999","V020","270,1,N,0015,1","22000,1,9,N","004000,1,9,9","+0238,1","+0212,1","10046,1","15,0010,3,1","5,1,02,1","2,1,02,1",,,"02,1,+00780,1,06,1",,,"9,AGL   ,+99999,+99999","02,99,1,02,1,99,9,00780,1,99,9,99,9",,"99999,9,09429,1","9,9,999,9,+018,1","02,1","SYN07643063 21596 22703 10238 20212 39429 40046 70252 82500 333 58018 6001/ 82626=",
"43063099999","2025-06-27T21:00:00","4","18.5333333","73.85","558.0","PUNE, IN","FM-12","99999","V020","999,9,C,0000,1","22000,1,9,N","004000,1,9,9","+0228,1","+0213,1","10039,1","18,0010,3,1",,,,,"01,1,+00660,1,07,1","04,1,+00780,1,06,1",,"9,AGL   ,+99999,+99999","04,99,1,01,1,99,9,00660,1,99,9,99,9",,"99999,9,09420,1",,,"SYN08243063 22596 40000 10228 20213 39420 40039 84700 333 56600 58021 6001/ 81722 84626=",
"43063099999","2025-06-28T00:00:00","4","18.5333333","73.85","558.0","PUNE, IN","FM-12","99999","V020","999,9,C,0000,1","22000,1,9,N","004000,1,9,9","+0230,1","+0215,1","10039,1","21,0010,3,1",,,,,"01,1,+00660,1,07,1","03,1,+00780,1,06,1",,"9,AGL   ,+99999,+99999","04,99,1,01,1,99,9,00660,1,99,9,99,9",,"99999,9,09420,1",,,"SYN08243063 22596 40000 10230 20215 39420 40039 84700 333 56600 58025 6001/ 81722 83626=",
"43063099999","2025-06-28T03:00:00","4","18.5333333","73.85","558.0","PUNE, IN","FM-12","99999","V020","270,1,N,0010,1","00780,1,C,N","010000,1,9,9","+0252,1","+0214,1","10025,1","24,0010,3,1","6,1,02,1","5,1,02,1",,,"03,1,+00660,1,07,1","05,1,+00780,1,06,1",,"9,AGL   ,+99999,+99999","07,99,1,03,1,99,9,00660,1,99,9,99,9","240,N,+0217,1","99999,9,09412,1",,"60,1","SYN11043063 21597 72702 10252 20214 39412 40025 76065 87700 333 20217 56600 58005 6001/ 83722 85626 555 00015 10263=",
"43063099999","2025-06-28T06:00:00","4","18.5333333","73.85","558.0","PUNE, IN","FM-12","99999","V020","270,1,N,0021,1","00780,1,C,N","010000,1,9,9","+0282,1","+0206,1","10037,1",,"6,1,02,1","5,1,02,1",,,"02,1,+00660,1,07,1","03,1,+00780,1,06,1",,"9,AGL   ,+99999,+99999","06,99,1,02,1,99,9,00660,1,99,9,99,9",,"99999,9,09430,1",,"02,1","SYN08243063 31597 62704 10282 20206 39430 40037 70265 86700 333 56600 58014 82722 83626=",
"43063099999","2025-06-28T09:00:00","4","18.5333333","73.85","558.0","PUNE, IN","FM-12","99999","V020","270,1,N,0015,1","00780,1,C,N","010000,1,9,9","+0266,1","+0229,1","10032,1","06,0005,3,1","6,1,02,1","5,1,02,1",,,"03,1,+00660,1,07,1","04,1,+00780,1,06,1",,"9,AGL   ,+99999,+99999","06,99,1,03,1,99,9,00660,1,99,9,99,9",,"99999,9,09421,1",,"50,1","SYN08843063 21597 62703 10266 20229 39421 40032 75065 86700 333 56600 58009 6995/ 83722 84626=",
"43063099999","2025-06-28T12:00:00","4","18.5333333","73.85","558.0","PUNE, IN","FM-12","99999","V020","270,1,N,0021,1","00780,1,C,N","010000,1,9,9","+0274,1","+0203,1","10026,1","09,0005,3,1","6,1,02,1","5,1,02,1",,,"03,1,+00660,1,07,1","03,1,+00780,1,06,1",,"9,AGL   ,+99999,+99999","06,99,1,03,1,99,9,00660,1,99,9,99,9",,"99999,9,09417,1",,"02,1","SYN09443063 21597 62704 10274 20203 39417 40026 70265 85730 333 10295 56690 58010 6995/ 83722 83626=",
"43063099999","2025-06-28T15:00:00","4","18.5333333","73.85","558.0","PUNE, IN","FM-12","99999","V020","270,1,N,0015,1","00780,1,C,N","004000,1,9,9","+0250,1","+0206,1","10042,1","12,0005,3,1","6,1,02,1","5,1,02,1",,,"02,1,+00660,1,07,1","05,1,+00780,1,06,1",,"9,AGL   ,+99999,+99999","06,99,1,02,1,99,9,00660,1,99,9,99,9",,"99999,9,09427,1",,"02,1","SYN08843063 21596 62703 10250 20206 39427 40042 70265 86700 333 56600 58004 6995/ 82722 85626=",
"43063099999","2025-06-28T18:00:00","4","18.5333333","73.85","558.0","PUNE, IN","FM-12","99999","V020","270,1,N,0015,1","00780,1,C,N","004000,1,9,9","+0248,1","+0210,1","10050,1","15,0005,3,1","6,1,02,1","5,1,02,1",,,"01,1,+00660,1,07,1","05,1,+00780,1,06,1",,"9,AGL   ,+99999,+99999","05,99,1,01,1,99,9,00660,1,99,9,99,9",,"99999,9,09433,1",,"02,1","SYN08843063 21596 52703 10248 20210 39433 40050 70265 85700 333 56600 58004 6995/ 81722 85626=",
"43063099999","2025-06-28T21:00:00","4","18.5333333","73.85","558.0","PUNE, IN","FM-12","99999","V020","270,1,N,0021,1","00780,1,C,N","004000,1,9,9","+0232,1","+0202,1","10044,1","18,0010,3,1","6,1,02,1","5,1,02,1",,,"03,1,+00660,1,07,1","05,1,+00780,1,06,1",,"9,AGL   ,+99999,+99999","07,99,1,03,1,99,9,00660,1,99,9,99,9",,"99999,9,09427,1",,"02,1","SYN08843063 21596 72704 10232 20202 39427 40044 70265 87700 333 56600 58007 6001/ 83722 85626=",
"43063099999","2025-06-29T00:00:00","4","18.5333333","73.85","558.0","PUNE, IN","FM-12","99999","V020","270,1,N,0015,1","00780,1,C,N","004000,1,9,9","+0220,1","+0199,1","10040,1","21,0030,3,1","6,1,02,1","5,1,02,1",,,"01,1,+00660,1,07,1","05,1,+00780,1,06,1",,"9,AGL   ,+99999,+99999","05,99,1,01,1,99,9,00660,1,99,9,99,9",,"99999,9,09418,1",,"02,1","SYN08843063 21596 52703 10220 20199 39418 40040 70265 85700 333 56600 59002 6003/ 81722 85626=",
"43063099999","2025-06-29T03:00:00","4","18.5333333","73.85","558.0","PUNE, IN","FM-12","99999","V020","270,1,N,0015,1","00780,1,C,N","010000,1,9,9","+0250,1","+0215,1","10049,1","24,0030,3,1","5,1,02,1","2,1,02,1",,,"03,1,+00660,1,07,1","04,1,+00780,1,06,1",,"9,AGL   ,+99999,+99999","07,99,1,03,1,99,9,00660,1,99,9,99,9","240,N,+0209,1","99999,9,09432,1",,"02,1","SYN11043063 21597 72703 10250 20215 39432 40049 70252 86730 333 20209 56690 58020 6003/ 83722 84626 555 00029 10265=",
"43063099999","2025-06-29T06:00:00","4","18.5333333","73.85","558.0","PUNE, IN","FM-12","99999","V020","270,1,N,0021,1","01800,1,C,N","010000,1,9,9","+0260,1","+0201,1","10049,1","03,0001,3,1","6,1,02,1","2,1,02,1",,,"03,1,+00660,1,07,1","04,1,+01800,1,03,1",,"9,AGL   ,+99999,+99999","07,99,1,03,1,99,9,00660,1,99,9,99,9",,"99999,9,09435,1",,"02,1","SYN08843063 21597 72704 10260 20201 39435 40049 70262 85730 333 56690 58005 6991/ 83722 84356=",
"43063099999","2025-06-29T09:00:00","4","18.5333333","73.85","558.0","PUNE, IN","FM-12","99999","V020","270,1,N,0021,1","01800,1,C,N","010000,1,9,9","+0278,1","+0214,1","10032,1","06,0005,3,1","6,1,02,1","2,1,02,1",,,"03,1,+00660,1,07,1","04,1,+01800,1,03,1",,"9,AGL   ,+99999,+99999","07,99,1,03,1,99,9,00660,1,99,9,99,9",,"99999,9,09423,1",,"02,1","SYN08843063 21597 72704 10278 20214 39423 40032 70262 85730 333 56690 58002 6995/ 83722 84356=",
"43063099999","2025-06-29T12:00:00","4","18.5333333","73.85","558.0","PUNE, IN","FM-12","99999","V020","270,1,N,0021,1","00780,1,C,N","010000,1,9,9","+0258,1","+0220,1","10031,1","09,0006,3,1","6,1,02,1","2,1,02,1",,,"04,1,+00660,1,07,1","04,1,+00780,1,06,1",,"9,AGL   ,+99999,+99999","08,99,1,04,1,99,9,00660,1,99,9,99,9",,"99999,9,09418,1",,"60,1","SYN09443063 21597 82704 10258 20220 39418 40031 76062 8773/ 333 10285 5669/ 58001 6996/ 84722 84626=",
"43063099999","2025-06-29T15:00:00","4","18.5333333","73.85","558.0","PUNE, IN","FM-12","99999","V020","270,1,N,0015,1","00780,1,C,N","004000,1,9,9","+0246,1","+0208,1","10043,1","12,0006,3,1",,,,,"03,1,+00660,1,07,1","04,1,+00780,1,06,1",,"9,AGL   ,+99999,+99999","06,99,1,03,1,99,9,00660,1,99,9,99,9",,"99999,9,09428,1",,,"SYN08243063 22596 62703 10246 20208 39428 40043 84730 333 56690 58001 6996/ 83722 84626=",
"43063099999","2025-06-29T18:00:00","4","18.5333333","73.85","558.0","PUNE, IN","FM-12","99999","V020","270,1,N,0010,1","00780,1,C,N","004000,1,9,9","+0242,1","+0210,1","10050,1","15,0006,3,1",,,,,"03,1,+00660,1,07,1","04,1,+00780,1,06,1",,"9,AGL   ,+99999,+99999","07,99,1,03,1,99,9,00660,1,99,9,99,9",,"99999,9,09433,1",,,"SYN08243063 22596 72702 10242 20210 39433 40050 85730 333 56690 58000 6996/ 83722 84626=",
"43063099999","2025-06-29T21:00:00","4","18.5333333","73.85","558.0","PUNE, IN","FM-12","99999","V020","270,1,N,0010,1","00780,1,C,N","004000,1,9,9","+0242,1","+0216,1","10026,1","18,0007,3,1","6,1,02,1","5,1,02,1",,,"04,1,+00660,1,07,1","04,1,+00780,1,06,1",,"9,AGL   ,+99999,+99999","07,99,1,04,1,99,9,00660,1,99,9,99,9",,"99999,9,09411,1",,"02,1","SYN08843063 21596 72702 10242 20216 39411 40026 70265 86730 333 56690 59016 6997/ 84722 84626=",
"43063099999","2025-06-30T00:00:00","4","18.5333333","73.85","558.0","PUNE, IN","FM-12","99999","V020","270,1,N,0005,1","00780,1,C,N","004000,1,9,9","+0232,1","+0217,1","10027,1","21,0010,3,1","6,1,02,1","5,1,02,1",,,"04,1,+00660,1,07,1","04,1,+00780,1,06,1",,"9,AGL   ,+99999,+99999","07,99,1,04,1,99,9,00660,1,99,9,99,9",,"99999,9,09410,1",,"50,1","SYN08843063 21596 72701 10232 20217 39410 40027 75065 87700 333 56600 59008 6001/ 84722 84626=",
"43063099999","2025-06-30T03:00:00","4","18.5333333","73.85","558.0","PUNE, IN","FM-12","99999","V020","270,1,N,0005,1","00780,1,C,N","010000,1,9,9","+0240,1","+0226,1","10043,1","24,0020,3,1","6,1,02,1","5,1,02,1",,,"04,1,+00660,1,07,1","04,1,+00780,1,06,1",,"9,AGL   ,+99999,+99999","08,99,1,04,1,99,9,00660,1,99,9,99,9","240,N,+0224,1","99999,9,09426,1",,"60,1","SYN11043063 21597 82701 10240 20226 39426 40043 76065 887// 333 20224 566// 59006 6002/ 84722 84626 555 00020 10267=",
"43063099999","2025-06-30T06:00:00","4","18.5333333","73.85","558.0","PUNE, IN","FM-12","99999","V020","270,1,N,0026,1","01800,1,C,N","010000,1,9,9","+0278,1","+0221,1","10036,1","03,0001,3,1","6,1,02,1","5,1,02,1",,,"02,1,+00660,1,07,1","04,1,+01800,1,03,1",,"9,AGL   ,+99999,+99999","06,99,1,02,1,99,9,00660,1,99,9,99,9",,"99999,9,09427,1",,"02,1","SYN08843063 21597 62705 10278 20221 39427 40036 70265 83730 333 56690 59008 6991/ 82722 84356=",
"43063099999","2025-06-30T09:00:00","4","18.5333333","73.85","558.0","PUNE, IN","FM-12","99999","V020","270,1,N,0026,1","00780,1,C,N","010000,1,9,9","+0280,1","+0232,1","10024,1","06,0009,3,1","6,1,02,1","2,1,02,1",,,"02,1,+00660,1,07,1","04,1,+00780,1,06,1",,"9,AGL   ,+99999,+99999","07,99,1,02,1,99,9,00660,1,99,9,99,9",,"99999,9,09415,1",,"21,1","SYN08843063 21597 72705 10280 20232 39415 40024 72162 87700 333 56600 59008 6999/ 82722 84626=",
"43063099999","2025-06-30T12:00:00","4","18.5333333","73.85","558.0","PUNE, IN","FM-12","99999","V020","270,1,N,0010,1","99999,9,9,N","010000,1,9,9","+0258,1","+0229,1","10018,1",,"6,1,02,1","2,1,02,1",,,"05,1,+00800,1,07,1","99,9,+99999,9,03,1",,"9,AGL   ,+99999,+99999","07,99,1,05,1,99,9,00800,1,99,9,99,9",,"99999,9,09406,1",,"21,1","SYN09543063 21597 72702 10258 20229 39406 40018 72162 85730 333 10287 566920 59012 6002/ 82722 83626=",
"43063099999","2025-06-30T15:00:00","4","18.5333333","73.85","558.0","PUNE, IN","FM-12","99999","V020","270,1,N,0005,1","00780,1,C,N","002000,1,9,9","+0238,1","+0224,1","10044,1","12,0020,3,1","6,1,02,1","5,1,02,1",,,"04,1,+00660,1,07,1","04,1,+00780,1,06,1",,"9,AGL   ,+99999,+99999","08,99,1,04,1,99,9,00660,1,99,9,99,9",,"99999,9,09427,1",,"50,1","SYN08843063 21595 82701 10238 20224 39427 40044 75065 887// 333 566// 59001 6002/ 84722 84626=",
"43063099999","2025-06-30T18:00:00","4","18.5333333","73.85","558.0","PUNE, IN","FM-12","99999","V020","270,1,N,0026,1","00780,1,C,N","002000,1,9,9","+0234,1","+0219,1","10054,1","15,0030,3,1","6,1,02,1","5,1,02,1",,,"04,1,+00660,1,07,1","04,1,+00780,1,06,1",,"9,AGL   ,+99999,+99999","08,99,1,04,1,99,9,00660,1,99,9,99,9",,"99999,9,09435,1",,"50,1","SYN08843063 21595 82705 10234 20219 39435 40054 75065 887// 333 566// 58002 6003/ 84722 84626=",
"43063099999","2025-06-30T21:00:00","4","18.5333333","73.85","558.0","PUNE, IN","FM-12","99999","V020","270,1,N,0005,1","00780,1,C,N","004000,1,9,9","+0230,1","+0218,1","10037,1","18,0030,3,1","6,1,02,1","2,1,02,1",,,"03,1,+00660,1,07,1","04,1,+00780,1,06,1",,"9,AGL   ,+99999,+99999","06,99,1,03,1,99,9,00660,1,99,9,99,9",,"99999,9,09418,1",,"20,1","SYN08843063 21596 62701 10230 20218 39418 40037 72062 86700 333 56600 58007 6003/ 83722 84626=",
"43063099999","2025-07-01T00:00:00","4","18.5333333","73.85","558.0","PUNE, IN","FM-12","99999","V020","270,1,N,0005,1","00780,1,C,N","004000,1,9,9","+0232,1","+0214,1","10031,1","21,0030,3,1","6,1,02,1","5,1,02,1",,,"02,1,+00660,1,07,1","04,1,+00780,1,06,1",,"9,AGL   ,+99999,+99999","06,99,1,02,1,99,9,00660,1,99,9,99,9",,"99999,9,09414,1",,"02,1","SYN08843063 21596 62701 10232 20214 39414 40031 70265 86700 333 56600 58004 6003/ 82722 84626=",
"43063099999","2025-07-01T03:00:00","4","18.5333333","73.85","558.0","PUNE, IN","FM-12","99999","V020","270,1,N,0010,1","01800,1,9,N","010000,1,9,9","+0250,1","+0227,1","10043,1","24,0040,3,1","6,1,02,1","2,1,02,1",,,"01,1,+00660,1,07,1","03,1,+00780,1,06,1","05,1,+01800,1,03,1","9,AGL   ,+99999,+99999","07,99,1,01,1,99,9,00660,1,99,9,99,9","240,N,+0224,1","99999,9,09428,1",,"21,1","SYN11643063 21597 72702 10250 20227 39428 40043 72162 84730 333 20224 56690 58002 6004/ 81722 83626 85356 555 00037 10271=",
"43063099999","2025-07-01T06:00:00","4","18.5333333","73.85","558.0","PUNE, IN","FM-12","99999","V020","270,1,N,0031,1","00780,1,C,N","010000,1,9,9","+0260,1","+0226,1","10048,1","03,0004,3,1","6,1,02,1","2,1,02,1",,,"02,1,+00660,1,07,1","04,1,+00780,1,06,1",,"9,AGL   ,+99999,+99999","07,99,1,02,1,99,9,00660,1,99,9,99,9",,"99999,9,09434,1",,"02,1","SYN08843063 21597 72706 10260 20226 39434 40048 70262 87700 333 56600 58007 6994/ 82722 84626=",
"43063099999","2025-07-01T09:00:00","4","18.5333333","73.85","558.0","PUNE, IN","FM-12","99999","V020","270,1,N,0015,1","00780,1,C,N","010000,1,9,9","+0266,1","+0220,1","10035,1","06,0004,3,1","2,1,02,1","2,1,02,1",,,"02,1,+00660,1,07,1","05,1,+00780,1,06,1",,"9,AGL   ,+99999,+99999","07,99,1,02,1,99,9,00660,1,99,9,99,9",,"99999,9,09424,1",,"20,1","SYN08843063 21597 72703 10266 20220 39424 40035 72022 87700 333 56600 58009 6994/ 82722 85626=",
"43063099999","2025-07-01T12:00:00","4","18.5333333","73.85","558.0","PUNE, IN","FM-12","99999","V020","270,1,N,0021,1","00780,1,C,N","010000,1,9,9","+0252,1","+0217,1","10026,1","09,0008,3,1","6,1,02,1","5,1,02,1",,,"02,1,+00660,1,07,1","05,1,+00780,1,06,1",,"9,AGL   ,+99999,+99999","07,99,1,02,1,99,9,00660,1,99,9,99,9",,"99999,9,09413,1",,"02,1","SYN09443063 21597 72704 10252 20217 39413 40026 70265 87700 333 10283 56600 58007 6998/ 82722 85626=",
"43063099999","2025-07-01T15:00:00","4","18.5333333","73.85","558.0","PUNE, IN","FM-12","99999","V020","270,1,N,0026,1","00780,1,9,N","004000,1,9,9","+0242,1","+0216,1","10039,1","12,0009,3,1","5,1,02,1","2,1,02,1",,,"04,1,+00660,1,07,1","05,1,+00780,1,06,1",,"9,AGL   ,+99999,+99999","07,99,1,04,1,99,9,00660,1,99,9,99,9",,"99999,9,09424,1",,"50,1","SYN08843063 21596 72705 10242 20216 39424 40039 75052 87700 333 56600 59003 6999/ 84722 85626=",
"43063099999","2025-07-01T18:00:00","4","18.5333333","73.85","558.0","PUNE, IN","FM-12","99999","V020","270,1,N,0021,1","00780,1,C,N","004000,1,9,9","+0242,1","+0213,1","10044,1","15,0009,3,1","5,1,02,1","2,1,02,1",,,"03,1,+00660,1,07,1","05,1,+00780,1,06,1",,"9,AGL   ,+99999,+99999","07,99,1,03,1,99,9,00660,1,99,9,99,9",,"99999,9,09429,1",,"50,1","SYN08843063 21596 72704 10242 20213 39429 40044 75052 87700 333 56600 59006 6999/ 83722 85626=",
"43063099999","2025-07-01T21:00:00","4","18.5333333","73.85","558.0","PUNE, IN","FM-12","99999","V020","270,1,N,0010,1","00780,1,C,N","004000,1,9,9","+0232,1","+0223,1","10032,1","18,0030,3,1","5,1,02,1","2,1,02,1",,,"03,1,+00660,1,07,1","03,1,+00780,1,06,1","05,1,+01800,1,04,1","9,AGL   ,+99999,+99999","08,99,1,03,1,99,9,00660,1,99,9,99,9",,"99999,9,09415,1",,"61,1","SYN09443063 21596 82702 10232 20223 39415 40032 76152 8572/ 333 5669/ 59003 6003/ 83722 83626 85456=",
"43063099999","2025-07-02T00:00:00","4","18.5333333","73.85","558.0","PUNE, IN","FM-12","99999","V020","270,1,N,0010,1","00780,1,C,N","004000,1,9,9","+0228,1","+0222,1","10028,1","21,0050,3,1","6,1,02,1","5,1,02,1",,,"04,1,+00660,1,07,1","04,1,+00780,1,06,1",,"9,AGL   ,+99999,+99999","08,99,1,04,1,99,9,00660,1,99,9,99,9",,"99999,9,09410,1",,"50,1","SYN08843063 21596 82702 10228 20222 39410 40028 75065 8772/ 333 5669/ 59004 6005/ 84722 84626=",
"43063099999","2025-07-02T03:00:00","4","18.5333333","73.85","558.0","PUNE, IN","FM-12","99999","V020","270,1,N,0010,1","00780,1,C,N","010000,1,9,9","+0242,1","+0225,1","10036,1","24,0060,3,1","6,1,02,1","5,1,02,1",,,"03,1,+00660,1,07,1","05,1,+00780,1,06,1",,"9,AGL   ,+99999,+99999","07,99,1,03,1,99,9,00660,1,99,9,99,9","240,N,+0224,1","99999,9,09421,1",,"20,1","SYN11043063 21597 72702 10242 20225 39421 40036 72065 87700 333 20224 56600 59007 6006/ 83722 85626 555 00059 10277=",
"43063099999","2025-07-02T06:00:00","4","18.5333333","73.85","558.0","PUNE, IN","FM-12","99999","V020","270,1,N,0021,1","00780,1,9,N","004000,1,9,9","+0262,1","+0225,1","10036,1","03,0001,3,1","6,1,02,1","5,1,02,1",,,"04,1,+00600,1,07,1","05,1,+00780,1,06,1",,"9,AGL   ,+99999,+99999","08,99,1,04,1,99,9,00600,1,99,9,99,9",,"99999,9,09427,1",,"60,1","SYN08843063 21596 82704 10262 20225 39427 40036 76065 887// 333 566// 59007 6991/ 84720 85626=",
"43063099999","2025-07-02T09:00:00","4","18.5333333","73.85","558.0","PUNE, IN","FM-12","99999","V020","270,1,N,0015,1","00780,1,9,N","004000,1,9,9","+0254,1","+0228,1","10026,1","06,0020,3,1","6,1,02,1","5,1,02,1",,,"04,1,+00600,1,07,1","05,1,+00780,1,06,1",,"9,AGL   ,+99999,+99999","08,99,1,04,1,99,9,00600,1,99,9,99,9",,"99999,9,09413,1",,"21,1","SYN08843063 21596 82703 10254 20228 39413 40026 72165 887// 333 566// 59011 6002/ 84720 85626=",
"43063099999","2025-07-02T12:00:00","4","18.5333333","73.85","558.0","PUNE, IN","FM-12","99999","V020","270,1,N,0010,1","00780,1,9,N","010000,1,9,9","+0254,1","+0222,1","10017,1","09,0020,3,1","6,1,02,1","5,1,02,1",,,"04,1,+00660,1,07,1","05,1,+00780,1,06,1",,"9,AGL   ,+99999,+99999","08,99,1,04,1,99,9,00660,1,99,9,99,9",,"99999,9,09405,1",,"02,1","SYN09443063 21597 82702 10254 20222 39405 40017 70265 887// 333 10267 566// 59008 6002/ 84722 85626=",
"43063099999","2025-07-02T15:00:00","4","18.5333333","73.85","558.0","PUNE, IN","FM-12","99999","V020","270,1,N,0021,1","01800,1,9,N","004000,1,9,9","+0234,1","+0222,1","10033,1","12,0070,3,1","6,1,02,1","5,1,02,1",,,"04,1,+00660,1,07,1","05,1,+01800,1,04,1",,"9,AGL   ,+99999,+99999","08,99,1,04,1,99,9,00660,1,99,9,99,9",,"99999,9,09416,1",,"60,1","SYN08843063 21596 82704 10234 20222 39416 40033 76065 8472/ 333 56600 59008 6007/ 84722 85456=",
"43063099999","2025-07-02T18:00:00","4","18.5333333","73.85","558.0","PUNE, IN","FM-12","99999","V020","270,1,N,0015,1","00780,1,C,N","004000,1,9,9","+0234,1","+0222,1","10042,1","15,0100,3,1","6,1,02,1","5,1,02,1",,,"03,1,+00660,1,07,1","05,1,+00780,1,06,1",,"9,AGL   ,+99999,+99999","07,99,1,03,1,99,9,00660,1,99,9,99,9",,"99999,9,09425,1",,"50,1","SYN08843063 21596 72703 10234 20222 39425 40042 75065 87700 333 56600 59004 6010/ 83722 85626=",
"43063099999","2025-07-02T21:00:00","4","18.5333333","73.85","558.0","PUNE, IN","FM-12","99999","V020","270,1,N,0021,1","00780,1,C,N","004000,1,9,9","+0236,1","+0215,1","10023,1","18,0120,3,1","6,1,02,1","5,1,02,1",,,"02,1,+00660,1,07,1","05,1,+00780,1,06,1",,"9,AGL   ,+99999,+99999","06,99,1,02,1,99,9,00660,1,99,9,99,9",,"99999,9,09407,1",,"02,1","SYN08843063 21596 62704 10236 20215 39407 40023 70265 86700 333 56600 59008 6012/ 82722 85626=",
"43063099999","2025-07-03T00:00:00","4","18.5333333","73.85","558.0","PUNE, IN","FM-12","99999","V020","270,1,N,0021,1","00780,1,C,N","004000,1,9,9","+0234,1","+0219,1","10021,1","21,0130,3,1","6,1,02,1","5,1,02,1",,,"03,1,+00600,1,07,1","05,1,+00780,1,06,1",,"9,AGL   ,+99999,+99999","07,99,1,03,1,99,9,00600,1,99,9,99,9",,"99999,9,09405,1",,"50,1","SYN08843063 21596 72704 10234 20219 39405 40021 75065 87700 333 56600 59005 6013/ 83720 85626=",
"43063099999","2025-07-03T03:00:00","4","18.5333333","73.85","558.0","PUNE, IN","FM-12","99999","V020","270,1,N,0026,1","00780,1,9,N","010000,1,9,9","+0244,1","+0244,1","10037,1","24,0130,3,1","6,1,02,1","5,1,02,1",,,"04,1,+00660,1,07,1","05,1,+00780,1,06,1",,"9,AGL   ,+99999,+99999","08,99,1,04,1,99,9,00660,1,99,9,99,9","240,N,+0219,1","99999,9,09422,1",,"02,1","SYN11043063 21597 82705 10244 20244 39422 40037 70265 8773/ 333 20219 5669/ 58001 6013/ 84722 85626 555 00135 10291=",
"43063099999","2025-07-03T06:00:00","4","18.5333333","73.85","558.0","PUNE, IN","FM-12","99999","V020","270,1,N,0026,1","00780,1,C,N","010000,1,9,9","+0268,1","+0216,1","10035,1","03,0003,3,1","6,1,02,1","5,1,02,1",,,"03,1,+00660,1,07,1","04,1,+00780,1,06,1",,"9,AGL   ,+99999,+99999","07,99,1,03,1,99,9,00660,1,99,9,99,9",,"99999,9,09424,1",,"02,1","SYN08843063 21597 72705 10268 20216 39424 40035 70265 86730 333 56690 59003 6993/ 83722 84626=",
"43063099999","2025-07-03T09:00:00","4","18.5333333","73.85","558.0","PUNE, IN","FM-12","99999","V020","270,1,N,0031,1","00780,1,C,N","010000,1,9,9","+0272,1","+0217,1","10026,1","06,0004,3,1","6,1,02,1","2,1,02,1",,,"04,1,+00660,1,07,1","04,1,+00780,1,06,1",,"9,AGL   ,+99999,+99999","08,99,1,04,1,99,9,00660,1,99,9,99,9",,"99999,9,09417,1",,"21,1","SYN08843063 21597 82706 10272 20217 39417 40026 72162 887// 333 566// 58004 6994/ 84722 84626=",
"43063099999","2025-07-03T12:00:00","4","18.5333333","73.85","558.0","PUNE, IN","FM-12","99999","V020","270,1,N,0015,1","01800,1,C,N","010000,1,9,9","+0262,1","+0212,1","10019,1","09,0004,3,1","6,1,02,1","2,1,02,1",,,"02,1,+00660,1,07,1","05,1,+01800,1,03,1",,"9,AGL   ,+99999,+99999","06,99,1,02,1,99,9,00660,1,99,9,99,9",,"99999,9,09410,1",,"02,1","SYN09443063 21597 62703 10262 20212 39410 40019 70262 83730 333 10284 56690 58005 6994/ 82722 85356=",
"43063099999","2025-07-03T15:00:00","4","18.5333333","73.85","558.0","PUNE, IN","FM-12","99999","V020","270,1,N,0015,1","00780,1,C,N","004000,1,9,9","+0244,1","+0218,1","10040,1","12,0004,3,1","6,1,02,1","2,1,02,1",,,"04,1,+00660,1,07,1","04,1,+00780,1,06,1",,"9,AGL   ,+99999,+99999","07,99,1,04,1,99,9,00660,1,99,9,99,9",,"99999,9,09425,1",,"02,1","SYN08843063 21596 72703 10244 20218 39425 40040 70262 84730 333 56690 58009 6994/ 84722 84626=",
"43063099999","2025-07-03T18:00:00","4","18.5333333","73.85","558.0","PUNE, IN","FM-12","99999","V020","270,1,N,0010,1","00780,1,C,N","004000,1,9,9","+0236,1","+0218,1","10050,1","15,0009,3,1","6,1,02,1","2,1,02,1",,,"04,1,+00660,1,07,1","04,1,+00780,1,06,1",,"9,AGL   ,+99999,+99999","07,99,1,04,1,99,9,00660,1,99,9,99,9",,"99999,9,09431,1",,"21,1","SYN08843063 21596 72702 10236 20218 39431 40050 72162 87700 333 56600 58006 6999/ 84722 84626=",
"43063099999","2025-07-03T21:00:00","4","18.5333333","73.85","558.0","PUNE, IN","FM-12","99999","V020","270,1,N,0005,1","00780,1,C,N","004000,1,9,9","+0232,1","+0223,1","10034,1","18,0010,3,1","6,1,02,1","5,1,02,1",,,"04,1,+00660,1,07,1","04,1,+00780,1,06,1",,"9,AGL   ,+99999,+99999","07,99,1,04,1,99,9,00660,1,99,9,99,9",,"99999,9,09417,1",,"50,1","SYN08843063 21596 72701 10232 20223 39417 40034 75065 87700 333 56600 58010 6001/ 84722 84626=",
"43063099999","2025-07-04T00:00:00","4","18.5333333","73.85","558.0","PUNE, IN","FM-12","99999","V020","270,1,N,0010,1","00780,1,C,N","004000,1,9,9","+0234,1","+0222,1","10037,1","21,0010,3,1","6,1,02,1","5,1,02,1",,,"04,1,+00660,1,07,1","04,1,+00780,1,06,1",,"9,AGL   ,+99999,+99999","07,99,1,04,1,99,9,00660,1,99,9,99,9",,"99999,9,09420,1",,"50,1","SYN08843063 21596 72702 10234 20222 39420 40037 75065 86730 333 56690 58015 6001/ 84722 84626=",
"43063099999","2025-07-04T03:00:00","4","18.5333333","73.85","558.0","PUNE, IN","FM-12","99999","V020","270,1,N,0021,1","00780,1,C,N","004000,1,9,9","+0246,1","+0220,1","10050,1","24,0020,3,1","6,1,02,1","5,1,02,1",,,"03,1,+00660,1,07,1","04,1,+00780,1,06,1",,"9,AGL   ,+99999,+99999","07,99,1,03,1,99,9,00660,1,99,9,99,9","240,N,+0225,1","99999,9,09433,1",,"50,1","SYN11043063 21596 72704 10246 20220 39433 40050 75065 86730 333 20225 56690 58011 6002/ 83722 84626 555 00016 10292=",
"43063099999","2025-07-04T06:00:00","4","18.5333333","73.85","558.0","PUNE, IN","FM-12","99999","V020","270,1,N,0026,1","00780,1,C,N","010000,1,9,9","+0266,1","+0229,1","10048,1","03,0004,3,1","6,1,02,1","5,1,02,1",,,"03,1,+00660,1,07,1","05,1,+00780,1,06,1",,"9,AGL   ,+99999,+99999","07,99,1,03,1,99,9,00660,1,99,9,99,9",,"99999,9,09436,1",,"21,1","SYN08843063 21597 72705 10266 20229 39436 40048 72165 87700 333 56600 58012 6994/ 83722 85626=",
"43063099999","2025-07-04T09:00:00","4","18.5333333","73.85","558.0","PUNE, IN","FM-12","99999","V020","270,1,N,0041,1","00780,1,C,N","010000,1,9,9","+0290,1","+0218,1","10031,1","06,0006,3,1","6,1,02,1","2,1,02,1",,,"02,1,+00660,1,07,1","04,1,+00780,1,06,1",,"9,AGL   ,+99999,+99999","07,99,1,02,1,99,9,00660,1,99,9,99,9",,"99999,9,09424,1",,"02,1","SYN08843063 21597 72708 10290 20218 39424 40031 70262 86730 333 56690 58007 6996/ 82722 84626=",
"43063099999","2025-07-04T12:00:00","4","18.5333333","73.85","558.0","PUNE, IN","FM-12","99999","V020","270,1,N,0031,1","00780,1,C,N","010000,1,9,9","+0268,1","+0213,1","10027,1","09,0006,3,1","6,1,02,1","2,1,02,1",,,"03,1,+00660,1,07,1","05,1,+00780,1,06,1",,"9,AGL   ,+99999,+99999","07,99,1,03,1,99,9,00660,1,99,9,99,9",,"99999,9,09416,1",,"02,1","SYN09443063 21597 72706 10268 20213 39416 40027 70262 87700 333 10297 56600 58006 6996/ 83722 85626=",
"43063099999","2025-07-04T15:00:00","4","18.5333333","73.85","558.0","PUNE, IN","FM-12","99999","V020","250,1,N,0015,1","22000,1,9,N","004000,1,9,9","+0248,1","+0207,1","10048,1","12,0006,3,1",,,,,"02,1,+00780,1,06,1","99,9,+99999,9,03,1",,"9,AGL   ,+99999,+99999","03,99,1,02,1,99,9,00780,1,99,9,99,9",,"99999,9,09431,1","9,9,999,9,+006,1",,"SYN07043063 22596 32503 10248 20207 39431 40048 82530 333 58006 6996/ 82626=",
"43063099999","2025-07-04T18:00:00","4","18.5333333","73.85","558.0","PUNE, IN","FM-12","99999","V020","270,1,N,0010,1","00780,1,C,N","004000,1,9,9","+0234,1","+0216,1","10054,1","15,0007,3,1","6,1,02,1","2,1,02,1",,,"03,1,+00660,1,07,1","04,1,+00780,1,06,1",,"9,AGL   ,+99999,+99999","06,99,1,03,1,99,9,00660,1,99,9,99,9",,"99999,9,09435,1",,"21,1","SYN08843063 21596 62702 10234 20216 39435 40054 72162 86700 333 56600 58004 6997/ 83722 84626=",
"43063099999","2025-07-04T21:00:00","4","18.5333333","73.85","558.0","PUNE, IN","FM-12","99999","V020","270,1,N,0015,1","00780,1,C,N","004000,1,9,9","+0238,1","+0218,1","10038,1","18,0009,3,1","5,1,02,1","2,1,02,1",,,"04,1,+00660,1,07,1","04,1,+00780,1,06,1",,"9,AGL   ,+99999,+99999","07,99,1,04,1,99,9,00660,1,99,9,99,9",,"99999,9,09421,1",,"50,1","SYN08843063 21596 72703 10238 20218 39421 40038 75052 87700 333 56600 58004 6999/ 84722 84626=",
"43063099999","2025-07-05T00:00:00","4","18.5333333","73.85","558.0","PUNE, IN","FM-12","99999","V020","270,1,N,0015,1","01800,1,C,N","004000,1,9,9","+0232,1","+0217,1","10033,1","21,0030,3,1","6,1,02,1","5,1,02,1",,,"04,1,+00660,1,07,1","04,1,+01800,1,04,1",,"9,AGL   ,+99999,+99999","08,99,1,04,1,99,9,00660,1,99,9,99,9",,"99999,9,09416,1",,"60,1","SYN08843063 21596 82703 10232 20217 39416 40033 76065 8672/ 333 5669/ 59004 6003/ 84722 84456=",
"43063099999","2025-07-05T03:00:00","4","18.5333333","73.85","558.0","PUNE, IN","FM-12","99999","V020","270,1,N,0010,1","00780,1,9,N","010000,1,9,9","+0250,1","+0221,1","10046,1","24,0030,3,1","6,1,02,1","5,1,02,1",,,"04,1,+00600,1,07,1","05,1,+00780,1,06,1",,"9,AGL   ,+99999,+99999","07,99,1,04,1,99,9,00600,1,99,9,99,9","240,N,+0227,1","99999,9,09430,1",,"60,1","SYN11043063 21597 72702 10250 20221 39430 40046 76065 87700 333 20227 56600 59003 6003/ 84720 85626 555 00030 10295=",
"43063099999","2025-07-05T06:00:00","4","18.5333333","73.85","558.0","PUNE, IN","FM-12","99999","V020","270,1,N,0010,1","01800,1,9,N","004000,1,9,9","+0246,1","+0226,1","10054,1","03,0010,3,1","6,1,02,1","5,1,02,1",,,"04,1,+00600,1,07,1","05,1,+01800,1,04,1",,"9,AGL   ,+99999,+99999","08,99,1,04,1,99,9,00600,1,99,9,99,9",,"99999,9,09437,1",,"60,1","SYN08843063 21596 82702 10246 20226 39437 40054 76065 8472/ 333 566// 58001 6001/ 84720 85456=",
"43063099999","2025-07-05T09:00:00","4","18.5333333","73.85","558.0","PUNE, IN","FM-12","99999","V020","270,1,N,0041,1","00780,1,C,N","004000,1,9,9","+0264,1","+0224,1","10028,1","06,0050,3,1","6,1,02,1","5,1,02,1",,,"03,1,+00660,1,07,1","05,1,+00780,1,06,1",,"9,AGL   ,+99999,+99999","08,99,1,03,1,99,9,00660,1,99,9,99,9",,"99999,9,09417,1",,"02,1","SYN08843063 21596 82708 10264 20224 39417 40028 70265 887// 333 566// 59007 6005/ 83722 85626=",
"43063099999","2025-07-05T12:00:00","4","18.5333333","73.85","558.0","PUNE, IN","FM-12","99999","V020","270,1,N,0026,1","00780,1,9,N","004000,1,9,9","+0256,1","+0209,1","10027,1","09,0050,3,1","6,1,02,1","5,1,02,1",,,"04,1,+00660,1,07,1","05,1,+00780,1,06,1",,"9,AGL   ,+99999,+99999","08,99,1,04,1,99,9,00660,1,99,9,99,9",,"99999,9,09414,1",,"02,1","SYN09443063 21596 82705 10256 20209 39414 40027 70265 887// 333 10272 566// 59002 6005/ 84722 85626=",
"43063099999","2025-07-05T15:00:00","4","18.5333333","73.85","558.0","PUNE, IN","FM-12","99999","V020","270,1,N,0026,1","00780,1,C,N","004000,1,9,9","+0238,1","+0215,1","10042,1","12,0050,3,1","6,1,02,1","2,1,02,1",,,"03,1,+00660,1,07,1","04,1,+00780,1,06,1",,"9,AGL   ,+99999,+99999","06,99,1,03,1,99,9,00660,1,99,9,99,9",,"99999,9,09425,1",,"20,1","SYN08843063 21596 62705 10238 20215 39425 40042 72062 86700 333 56600 59006 6005/ 83722 84626=",
"43063099999","2025-07-05T18:00:00","4","18.5333333","73.85","558.0","PUNE, IN","FM-12","99999","V020","270,1,N,0010,1","00780,1,C,N","004000,1,9,9","+0236,1","+0219,1","10043,1","15,0050,3,1","6,1,02,1","5,1,02,1",,,"03,1,+00660,1,07,1","05,1,+00780,1,06,1",,"9,AGL   ,+99999,+99999","07,99,1,03,1,99,9,00660,1,99,9,99,9",,"99999,9,09426,1",,"02,1","SYN08843063 21596 72702 10236 20219 39426 40043 70265 87700 333 56600 59009 6005/ 83722 85626=",
"43063099999","2025-07-05T21:00:00","4","18.5333333","73.85","558.0","PUNE, IN","FM-12","99999","V020","270,1,N,0015,1","00780,1,C,N","004000,1,9,9","+0238,1","+0215,1","10030,1","18,0060,3,1","6,1,02,1","2,1,02,1",,,"03,1,+00660,1,07,1","04,1,+00780,1,06,1",,"9,AGL   ,+99999,+99999","07,99,1,03,1,99,9,00660,1,99,9,99,9",,"99999,9,09413,1",,"02,1","SYN08843063 21596 72703 10238 20215 39413 40030 70262 87700 333 56600 59008 6006/ 83722 84626=",
"43063099999","2025-07-06T00:00:00","4","18.5333333","73.85","558.0","PUNE, IN","FM-12","99999","V020","270,1,N,0010,1","00780,1,C,N","004000,1,9,9","+0234,1","+0213,1","10025,1","21,0060,3,1","6,1,02,1","2,1,02,1",,,"03,1,+00660,1,07,1","04,1,+00780,1,06,1",,"9,AGL   ,+99999,+99999","06,99,1,03,1,99,9,00660,1,99,9,99,9",,"99999,9,09409,1",,"21,1","SYN08843063 21596 62702 10234 20213 39409 40025 72162 86700 333 56600 59007 6006/ 83722 84626=",
"43063099999","2025-07-06T03:00:00","4","18.5333333","73.85","558.0","PUNE, IN","FM-12","99999","V020","270,1,N,0015,1","00780,1,C,N","010000,1,9,9","+0252,1","+0214,1","10033,1","24,0060,3,1",,,,,"03,1,+00660,1,07,1","05,1,+00780,1,06,1",,"9,AGL   ,+99999,+99999","07,99,1,03,1,99,9,00660,1,99,9,99,9","240,N,+0227,1","99999,9,09420,1",,,"SYN10443063 22597 72703 10252 20214 39420 40033 87700 333 20227 56600 59010 6006/ 83722 85626 555 00059 10301=",
"43063099999","2025-07-06T06:00:00","4","18.5333333","73.85","558.0","PUNE, IN","FM-12","99999","V020","270,1,N,0026,1","00780,1,C,N","010000,1,9,9","+0270,1","+0218,1","10033,1",,,,,,"02,1,+00660,1,07,1","05,1,+00780,1,06,1",,"9,AGL   ,+99999,+99999","07,99,1,02,1,99,9,00660,1,99,9,99,9",,"99999,9,09422,1",,,"SYN07643063 32597 72705 10270 20218 39422 40033 87700 333 56600 59015 82722 85626=",
"43063099999","2025-07-06T09:00:00","4","18.5333333","73.85","558.0","PUNE, IN","FM-12","99999","V020","270,1,N,0021,1","00780,1,9,N","004000,1,9,9","+0244,1","+0244,1","10034,1","06,0001,3,1","6,1,02,1","5,1,02,1",,,"04,1,+00660,1,07,1","06,1,+00780,1,06,1",,"9,AGL   ,+99999,+99999","08,99,1,04,1,99,9,00660,1,99,9,99,9",,"99999,9,09419,1",,"60,1","SYN08843063 21596 82704 10244 20244 39419 40034 76065 887// 333 566// 58002 6991/ 84722 86626=",
"43063099999","2025-07-06T12:00:00","4","18.5333333","73.85","558.0","PUNE, IN","FM-12","99999","V020","270,1,N,0021,1","00780,1,C,N","004000,1,9,9","+0250,1","+0212,1","10020,1","09,0020,3,1","6,1,02,1","5,1,02,1",,,"03,1,+00660,1,07,1","04,1,+00780,1,06,1",,"9,AGL   ,+99999,+99999","07,99,1,03,1,99,9,00660,1,99,9,99,9",,"99999,9,09406,1",,"50,1","SYN09443063 21596 72704 10250 20212 39406 40020 75065 86730 333 10272 56690 59008 6002/ 83722 84626=",
"43063099999","2025-07-06T15:00:00","4","18.5333333","73.85","558.0","PUNE, IN","FM-12","99999","V020","270,1,N,0010,1","00780,1,C,N","004000,1,9,9","+0238,1","+0215,1","10038,1","12,0020,3,1","6,1,02,1","5,1,02,1",,,"04,1,+00660,1,07,1","04,1,+00780,1,06,1",,"9,AGL   ,+99999,+99999","07,99,1,04,1,99,9,00660,1,99,9,99,9",,"99999,9,09421,1",,"50,1","SYN08843063 21596 72702 10238 20215 39421 40038 75065 87700 333 56600 59004 6002/ 84722 84626=",
"43063099999","2025-07-06T18:00:00","4","18.5333333","73.85","558.0","PUNE, IN","FM-12","99999","V020","999,9,C,0000,1","00780,1,C,N","004000,1,9,9","+0230,1","+0224,1","10045,1","15,0060,3,1","6,1,02,1","5,1,02,1",,,"04,1,+00660,1,07,1","04,1,+00780,1,06,1",,"9,AGL   ,+99999,+99999","07,99,1,04,1,99,9,00660,1,99,9,99,9",,"99999,9,09426,1",,"02,1","SYN08843063 21596 70000 10230 20224 39426 40045 70265 87700 333 56600 58000 6006/ 84722 84626=",
"43063099999","2025-07-06T21:00:00","4","18.5333333","73.85","558.0","PUNE, IN","FM-12","99999","V020","270,1,N,0015,1","00780,1,C,N","004000,1,9,9","+0232,1","+0223,1","10031,1","18,0070,3,1","6,1,02,1","5,1,02,1",,,"04,1,+00600,1,07,1","04,1,+00780,1,06,1",,"9,AGL   ,+99999,+99999","08,99,1,04,1,99,9,00600,1,99,9,99,9",,"99999,9,09414,1",,"60,1","SYN08843063 21596 82703 10232 20223 39414 40031 76065 887// 333 566// 58001 6007/ 84720 84626=",
"43063099999","2025-07-07T00:00:00","4","18.5333333","73.85","558.0","PUNE, IN","FM-12","99999","V020","270,1,N,0005,1","00780,1,C,N","004000,1,9,9","+0228,1","+0219,1","10034,1","21,0090,3,1","6,1,02,1","5,1,02,1",,,"04,1,+00600,1,07,1","04,1,+00780,1,06,1",,"9,AGL   ,+99999,+99999","07,99,1,04,1,99,9,00600,1,99,9,99,9",,"99999,9,09415,1",,"50,1","SYN08843063 21596 72701 10228 20219 39415 40034 75065 87700 333 56600 58006 6009/ 84720 84626=",
"43063099999","2025-07-07T03:00:00","4","18.5333333","73.85","558.0","PUNE, IN","FM-12","99999","V020","270,1,N,0010,1","00780,1,C,N","010000,1,9,9","+0240,1","+0220,1","10045,1","24,0090,3,1","6,1,02,1","5,1,02,1",,,"04,1,+00600,1,07,1","04,1,+00780,1,06,1",,"9,AGL   ,+99999,+99999","08,99,1,04,1,99,9,00600,1,99,9,99,9","240,N,+0223,1","99999,9,09428,1",,"02,1","SYN11043063 21597 82702 10240 20220 39428 40045 70265 8773/ 333 20223 5669/ 58008 6009/ 84720 84626 555 00089 10310=",
"43063099999","2025-07-07T06:00:00","4","18.5333333","73.85","558.0","PUNE, IN","FM-12","99999","V020","270,1,N,0015,1","00780,1,9,N","004000,1,9,9","+0256,1","+0218,1","10046,1","03,0000,2,1","6,1,02,1","5,1,02,1",,,"04,1,+00600,1,07,1","05,1,+00780,1,06,1",,"9,AGL   ,+99999,+99999","08,99,1,04,1,99,9,00600,1,99,9,99,9",,"99999,9,09432,1",,"60,1","SYN08843063 21596 82703 10256 20218 39432 40046 76065 887// 333 566// 58010 6990/ 84720 85626=",
"43063099999","2025-07-07T09:00:00","4","18.5333333","73.85","558.0","PUNE, IN","FM-12","99999","V020","270,1,N,0021,1","00780,1,C,N","010000,1,9,9","+0278,1","+0217,1","10028,1","06,0006,3,1","6,1,02,1","2,1,02,1",,,"03,1,+00660,1,07,1","04,1,+00780,1,06,1",,"9,AGL   ,+99999,+99999","07,99,1,03,1,99,9,00660,1,99,9,99,9",,"99999,9,09419,1",,"02,1","SYN08843063 21597 72704 10278 20217 39419 40028 70262 87700 333 56600 58000 6996/ 83722 84626=",
"43063099999","2025-07-07T12:00:00","4","18.5333333","73.85","558.0","PUNE, IN","FM-12","99999","V020","270,1,N,0015,1","00780,1,9,N","010000,1,9,9","+0250,1","+0215,1","10035,1","09,0007,3,1","6,1,02,1","5,1,02,1",,,"04,1,+00660,1,07,1","05,1,+00780,1,06,1",,"9,AGL   ,+99999,+99999","08,99,1,04,1,99,9,00660,1,99,9,99,9",,"99999,9,09420,1",,"02,1","SYN09443063 21597 82703 10250 20215 39420 40035 70265 887// 333 10286 566// 58014 6997/ 84722 85626=",
"43063099999","2025-07-07T15:00:00","4","18.5333333","73.85","558.0","PUNE, IN","FM-12","99999","V020","270,1,N,0010,1","00780,1,C,N","004000,1,9,9","+0246,1","+0211,1","10049,1","12,0007,3,1",,,,,"02,1,+00660,1,07,1","05,1,+00780,1,06,1",,"9,AGL   ,+99999,+99999","07,99,1,02,1,99,9,00660,1,99,9,99,9",,"99999,9,09432,1",,,"SYN08243063 22596 72702 10246 20211 39432 40049 87700 333 56600 58001 6997/ 82722 85626=",
"43063099999","2025-07-07T18:00:00","4","18.5333333","73.85","558.0","PUNE, IN","FM-12","99999","V020","270,1,N,0015,1","00780,1,C,N","004000,1,9,9","+0242,1","+0216,1","10054,1","15,0007,3,1","5,1,02,1","2,1,02,1",,,"03,1,+00660,1,07,1","05,1,+00780,1,06,1",,"9,AGL   ,+99999,+99999","07,99,1,03,1,99,9,00660,1,99,9,99,9",,"99999,9,09437,1",,"02,1","SYN08843063 21596 72703 10242 20216 39437 40054 70252 87700 333 56600 58011 6997/ 83722 85626=",
"43063099999","2025-07-07T21:00:00","4","18.5333333","73.85","558.0","PUNE, IN","FM-12","99999","V020","270,1,N,0010,1","00780,1,C,N","004000,1,9,9","+0240,1","+0214,1","10039,1","18,0007,3,1",,,,,"02,1,+00660,1,07,1","05,1,+00780,1,06,1",,"9,AGL   ,+99999,+99999","06,99,1,02,1,99,9,00660,1,99,9,99,9",,"99999,9,09422,1",,,"SYN08243063 22596 62702 10240 20214 39422 40039 86700 333 56600 58008 6997/ 82722 85626=",
"43063099999","2025-07-08T00:00:00","4","18.5333333","73.85","558.0","PUNE, IN","FM-12","99999","V020","270,1,N,0010,1","00780,1,C,N","004000,1,9,9","+0236,1","+0212,1","10040,1","21,0007,3,1",,,,,"03,1,+00660,1,07,1","05,1,+00780,1,06,1",,"9,AGL   ,+99999,+99999","07,99,1,03,1,99,9,00660,1,99,9,99,9",,"99999,9,09423,1",,,"SYN08243063 22596 72702 10236 20212 39423 40040 87700 333 56600 58008 6997/ 83722 85626=",
"43063099999","2025-07-08T03:00:00","4","18.5333333","73.85","558.0","PUNE, IN","FM-12","99999","V020","270,1,N,0010,1","00780,1,9,N","010000,1,9,9","+0250,1","+0215,1","10053,1","24,0007,3,1",,,,,"04,1,+00660,1,07,1","05,1,+00780,1,06,1",,"9,AGL   ,+99999,+99999","08,99,1,04,1,99,9,00660,1,99,9,99,9","240,N,+0228,1","99999,9,09436,1",,,"SYN10443063 22597 82702 10250 20215 39436 40053 887// 333 20228 566// 58008 6997/ 84722 85626 555 00007 10311=",
"43063099999","2025-07-08T06:00:00","4","18.5333333","73.85","558.0","PUNE, IN","FM-12","99999","V020","270,1,N,0010,1","00780,1,C,N","010000,1,9,9","+0268,1","+0222,1","10052,1",,,,,,"03,1,+00660,1,07,1","04,1,+00780,1,06,1",,"9,AGL   ,+99999,+99999","07,99,1,03,1,99,9,00660,1,99,9,99,9",,"99999,9,09440,1",,,"SYN07643063 32597 72702 10268 20222 39440 40052 86730 333 56690 58008 83722 84626=",
"43063099999","2025-07-08T09:00:00","4","18.5333333","73.85","558.0","PUNE, IN","FM-12","99999","V020","270,1,N,0021,1","00780,1,C,N","010000,1,9,9","+0262,1","+0219,1","10041,1",,,,,,"03,1,+00660,1,07,1","05,1,+00780,1,06,1",,"9,AGL   ,+99999,+99999","07,99,1,03,1,99,9,00660,1,99,9,99,9",,"99999,9,09430,1",,,"SYN07643063 32597 72704 10262 20219 39430 40041 87700 333 56600 58011 83722 85626=",
"43063099999","2025-07-08T12:00:00","4","18.5333333","73.85","558.0","PUNE, IN","FM-12","99999","V020","270,1,N,0015,1","00780,1,9,N","010000,1,9,9","+0260,1","+0217,1","10038,1",,,,,,"03,1,+00660,1,07,1","06,1,+00780,1,06,1",,"9,AGL   ,+99999,+99999","08,99,1,03,1,99,9,00660,1,99,9,99,9",,"99999,9,09425,1",,,"SYN08243063 32597 82703 10260 20217 39425 40038 887// 333 10284 566// 58005 83722 86626=",
"43063099999","2025-07-08T15:00:00","4","18.5333333","73.85","558.0","PUNE, IN","FM-12","99999","V020","270,1,N,0005,1","00780,1,C,N","004000,1,9,9","+0238,1","+0221,1","10058,1","12,0002,3,1","2,1,02,1","2,1,02,1",,,"02,1,+00660,1,07,1","04,1,+00780,1,06,1",,"9,AGL   ,+99999,+99999","05,99,1,02,1,99,9,00660,1,99,9,99,9",,"99999,9,09439,1",,"21,1","SYN08843063 21596 52701 10238 20221 39439 40058 72122 85700 333 56600 58007 6992/ 82722 84626=",
"43063099999","2025-07-08T18:00:00","4","18.5333333","73.85","558.0","PUNE, IN","FM-12","99999","V020","270,1,N,0005,1","00780,1,C,N","004000,1,9,9","+0234,1","+0216,1","10062,1","15,0004,3,1","6,1,02,1","2,1,02,1",,,"02,1,+00660,1,07,1","03,1,+00780,1,06,1",,"9,AGL   ,+99999,+99999","06,99,1,02,1,99,9,00660,1,99,9,99,9",,"99999,9,09443,1",,"21,1","SYN08843063 21596 62701 10234 20216 39443 40062 72162 85730 333 56690 58006 6994/ 82722 83626=",
"43063099999","2025-07-08T21:00:00","4","18.5333333","73.85","558.0","PUNE, IN","FM-12","99999","V020","270,1,N,0010,1","00780,1,C,N","004000,1,9,9","+0238,1","+0212,1","10042,1","18,0004,3,1",,,,,"03,1,+00660,1,07,1","05,1,+00780,1,06,1",,"9,AGL   ,+99999,+99999","07,99,1,03,1,99,9,00660,1,99,9,99,9",,"99999,9,09425,1",,,"SYN08243063 22596 72702 10238 20212 39425 40042 87700 333 56600 58003 6994/ 83722 85626=",
"43063099999","2025-07-09T00:00:00","4","18.5333333","73.85","558.0","PUNE, IN","FM-12","99999","V020","270,1,N,0010,1","00780,1,C,N","004000,1,9,9","+0240,1","+0211,1","10039,1","21,0004,3,1",,,,,"02,1,+00660,1,07,1","05,1,+00780,1,06,1",,"9,AGL   ,+99999,+99999","06,99,1,02,1,99,9,00660,1,99,9,99,9",,"99999,9,09422,1",,,"SYN08243063 22596 62702 10240 20211 39422 40039 86700 333 56600 59001 6994/ 82722 85626=",
"43063099999","2025-07-09T03:00:00","4","18.5333333","73.85","558.0","PUNE, IN","FM-12","99999","V020","270,1,N,0010,1","00780,1,C,N","010000,1,9,9","+0248,1","+0213,1","10053,1","24,0004,3,1",,,,,"03,1,+00660,1,07,1","05,1,+00780,1,06,1",,"9,AGL   ,+99999,+99999","07,99,1,03,1,99,9,00660,1,99,9,99,9","240,N,+0227,1","99999,9,09436,1",,,"SYN08843063 22597 72702 10248 20213 39436 40053 87700 333 20227 56600 58000 6994/ 83722 85626=",
"43063099999","2025-07-09T06:00:00","4","18.5333333","73.85","558.0","PUNE, IN","FM-12","99999","V020","270,1,N,0015,1","99999,9,9,N","010000,1,9,9","+0276,1","+0215,1","10050,1",,,,,,"01,1,+00660,1,07,1","03,1,+00780,1,06,1",,"9,AGL   ,+99999,+99999","07,99,1,01,1,99,9,00660,1,99,9,99,9",,"99999,9,09440,1",,,"SYN07643063 32597 72703 10276 20215 39440 40050 86730 333 56690 58000 81722 83626=",
"43063099999","2025-07-09T09:00:00","4","18.5333333","73.85","558.0","PUNE, IN","FM-12","99999","V020","270,1,N,0026,1","00780,1,C,N","010000,1,9,9","+0286,1","+0217,1","10034,1",,,,,,"02,1,+00660,1,07,1","05,1,+00780,1,06,1",,"9,AGL   ,+99999,+99999","07,99,1,02,1,99,9,00660,1,99,9,99,9",,"99999,9,09427,1",,,"SYN07643063 32597 72705 10286 20217 39427 40034 87700 333 56600 59007 82722 85626=",
"43063099999","2025-07-09T12:00:00","4","18.5333333","73.85","558.0","PUNE, IN","FM-12","99999","V020","270,1,N,0010,1","01800,1,C,N","004000,1,9,9","+0240,1","+0226,1","10052,1","09,0060,3,1","6,1,02,1","5,1,02,1",,,"03,1,+00600,1,07,1","05,1,+01800,1,04,1",,"9,AGL   ,+99999,+99999","08,99,1,03,1,99,9,00600,1,99,9,99,9",,"99999,9,09433,1",,"60,1","SYN09443063 21596 82702 10240 20226 39433 40052 76065 8372/ 333 10297 5669/ 58008 6006/ 83720 85456=",
"43063099999","2025-07-09T15:00:00","4","18.5333333","73.85","558.0","PUNE, IN","FM-12","99999","V020","999,9,C,0000,1","00780,1,C,N","004000,1,9,9","+0230,1","+0224,1","10061,1","12,0190,3,1","6,1,02,1","5,1,02,1",,,"03,1,+00660,1,07,1","04,1,+00780,1,06,1",,"9,AGL   ,+99999,+99999","08,99,1,03,1,99,9,00660,1,99,9,99,9",,"99999,9,09440,1",,"20,1","SYN08843063 21596 82700 10230 20224 39440 40061 72065 8672/ 333 5669/ 58001 6019/ 83722 84626=",
"43063099999","2025-07-09T18:00:00","4","18.5333333","73.85","558.0","PUNE, IN","FM-12","99999","V020","999,9,C,0000,1","00780,1,C,N","004000,1,9,9","+0222,1","+0216,1","10061,1","15,0190,3,1","6,1,02,1","5,1,02,1",,,"02,1,+00660,1,07,1","03,1,+00780,1,06,1",,"9,AGL   ,+99999,+99999","05,99,1,02,1,99,9,00660,1,99,9,99,9",,"99999,9,09440,1",,"02,1","SYN08843063 21596 50000 10222 20216 39440 40061 70265 85700 333 56600 59003 6019/ 82722 83626=",
"43063099999","2025-07-09T21:00:00","4","18.5333333","73.85","558.0","PUNE, IN","FM-12","99999","V020","999,9,C,0000,1","06000,1,C,N","004000,1,9,9","+0218,1","+0212,1","10056,1","18,0190,3,1",,,,,"04,1,+00780,1,06,1","03,1,+06000,1,00,1",,"9,AGL   ,+99999,+99999","06,99,1,04,1,99,9,00780,1,99,9,99,9",,"99999,9,09433,1","9,9,999,9,+008,1",,"SYN07643063 22596 60000 10218 20212 39433 40056 84501 333 58008 6019/ 84626 83070=",
"43063099999","2025-07-10T00:00:00","4","18.5333333","73.85","558.0","PUNE, IN","FM-12","99999","V020","999,9,C,0000,1","22000,1,9,N","004000,1,9,9","+0224,1","+0212,1","10049,1","21,0190,3,1",,,,,"02,1,+00780,1,06,1","99,9,+99999,9,03,1",,"9,AGL   ,+99999,+99999","03,99,1,02,1,99,9,00780,1,99,9,99,9",,"99999,9,09430,1","9,9,999,9,+005,1",,"SYN07043063 22596 30000 10224 20212 39430 40049 82530 333 58005 6019/ 82626=",
"43063099999","2025-07-10T03:00:00","4","18.5333333","73.85","558.0","PUNE, IN","FM-12","99999","V020","999,9,C,0000,1","00780,1,C,N","010000,1,9,9","+0240,1","+0223,1","10062,1","24,0190,3,1",,,,,"02,1,+00660,1,07,1","03,1,+00780,1,06,1","05,1,+01800,1,03,1","9,AGL   ,+99999,+99999","07,99,1,02,1,99,9,00660,1,99,9,99,9","240,N,+0214,1","99999,9,09443,1",,,"SYN11043063 22597 70000 10240 20223 39443 40062 85730 333 20214 56690 58007 6019/ 82722 83626 85356 555 00187 10330=",
"43063099999","2025-07-10T06:00:00","4","18.5333333","73.85","558.0","PUNE, IN","FM-12","99999","V020","270,1,N,0010,1","00780,1,C,N","010000,1,9,9","+0276,1","+0225,1","10057,1","03,0000,9,1","5,1,02,1","2,1,02,1",,,"02,1,+00660,1,07,1","03,1,+00780,1,06,1","05,1,+01800,1,03,1","9,AGL   ,+99999,+99999","07,99,1,02,1,99,9,00660,1,99,9,99,9",,"99999,9,09447,1",,"02,1","SYN09443063 21597 72702 10276 20225 39447 40057 70252 84730 333 56690 58007 6990/ 82722 83626 85356=","Q01  00002PRCP03"
"43063099999","2025-07-10T09:00:00","4","18.5333333","73.85","558.0","PUNE, IN","FM-12","99999","V020","270,1,N,0015,1","00780,1,C,N","010000,1,9,9","+0284,1","+0221,1","10044,1","06,0000,9,1",,,,,"03,1,+00660,1,07,1","04,1,+00780,1,06,1",,"9,AGL   ,+99999,+99999","07,99,1,03,1,99,9,00660,1,99,9,99,9",,"99999,9,09436,1",,,"SYN08243063 22597 72703 10284 20221 39436 40044 85730 333 56690 59004 6990/ 83722 84626=","Q01  00002PRCP06"
"43063099999","2025-07-10T12:00:00","4","18.5333333","73.85","558.0","PUNE, IN","FM-12","99999","V020","270,1,N,0015,1","00780,1,C,N","010000,1,9,9","+0284,1","+0224,1","10028,1","09,0000,9,1",,,,,"02,1,+00660,1,07,1","04,1,+00780,1,06,1",,"9,AGL   ,+99999,+99999","07,99,1,02,1,99,9,00660,1,99,9,99,9",,"99999,9,09421,1",,,"SYN08843063 22597 72703 10284 20224 39421 40028 85730 333 10292 56690 59012 6990/ 82722 84626=","Q01  00002PRCP09"
"43063099999","2025-07-10T15:00:00","4","18.5333333","73.85","558.0","PUNE, IN","FM-12","99999","V020","270,1,N,0010,1","00780,1,C,N","004000,1,9,9","+0248,1","+0222,1","10056,1","12,0000,9,1",,,,,"02,1,+00660,1,07,1","03,1,+00780,1,06,1",,"9,AGL   ,+99999,+99999","06,99,1,02,1,99,9,00660,1,99,9,99,9",,"99999,9,09439,1",,,"SYN08243063 22596 62702 10248 20222 39439 40056 84701 333 56609 59001 6990/ 82722 83626=","Q01  00002PRCP12"
"43063099999","2025-07-10T18:00:00","4","18.5333333","73.85","558.0","PUNE, IN","FM-12","99999","V020","999,9,C,0000,1","99999,9,9,N","004000,1,9,9","+0234,1","+0216,1","10065,1","15,0000,9,1",,,,,"01,1,+00660,1,07,1","03,1,+00780,1,06,1",,"9,AGL   ,+99999,+99999","05,99,1,01,1,99,9,00660,1,99,9,99,9",,"99999,9,09446,1",,,"SYN08243063 22596 50000 10234 20216 39446 40065 83730 333 56690 58006 6990/ 81722 83626=","Q01  00002PRCP15"
"43063099999","2025-07-10T21:00:00","4","18.5333333","73.85","558.0","PUNE, IN","FM-12","99999","V020","999,9,C,0000,1","22000,1,9,N","004000,1,9,9","+0234,1","+0216,1","10046,1","18,0000,9,1",,,,,"01,1,+00660,1,07,1","03,1,+01800,1,03,1",,"9,AGL   ,+99999,+99999","03,99,1,01,1,99,9,00660,1,99,9,99,9",,"99999,9,09429,1",,,"SYN08243063 22596 30000 10234 20216 39429 40046 81530 333 56690 59004 6990/ 81722 83356=","Q01  00002PRCP18"
"43063099999","2025-07-11T00:00:00","4","18.5333333","73.85","558.0","PUNE, IN","FM-12","99999","V020","270,1,N,0005,1","00780,1,C,N","004000,1,9,9","+0232,1","+0217,1","10051,1","21,0000,2,1","5,1,02,1","2,1,02,1",,,"04,1,+00660,1,07,1","04,1,+00780,1,06,1",,"9,AGL   ,+99999,+99999","07,99,1,04,1,99,9,00660,1,99,9,99,9",,"99999,9,09432,1",,"50,1","SYN08843063 21596 72701 10232 20217 39432 40051 75052 86730 333 56690 58002 6990/ 84722 84626=",
"43063099999","2025-07-11T03:00:00","4","18.5333333","73.85","558.0","PUNE, IN","FM-12","99999","V020","270,1,N,0005,1","00780,1,C,N","010000,1,9,9","+0248,1","+0222,1","10059,1","24,0001,3,1","5,1,02,1","2,1,02,1",,,"03,1,+00660,1,07,1","03,1,+00780,1,06,1","05,1,+01800,1,03,1","9,AGL   ,+99999,+99999","07,99,1,03,1,99,9,00660,1,99,9,99,9","240,N,+0219,1","99999,9,09442,1",,"02,1","SYN11643063 21597 72701 10248 20222 39442 40059 70252 85730 333 20219 56690 59001 6991/ 83722 83626 85356 555 00001 10330=",
"43063099999","2025-07-11T06:00:00","4","18.5333333","73.85","558.0","PUNE, IN","FM-12","99999","V020","270,1,N,0015,1","00780,1,C,N","010000,1,9,9","+0280,1","+0213,1","10058,1",,"5,1,02,1","2,1,02,1",,,"03,1,+00660,1,07,1","03,1,+00780,1,04,1",,"9,AGL   ,+99999,+99999","07,99,1,03,1,99,9,00660,1,99,9,99,9",,"99999,9,09448,1",,"02,1","SYN08243063 31597 72703 10280 20213 39448 40058 70252 87700 333 56600 58001 83722 83426=",
"43063099999","2025-07-11T09:00:00","4","18.5333333","73.85","558.0","PUNE, IN","FM-12","99999","V020","270,1,N,0010,1","00780,1,C,N","010000,1,9,9","+0278,1","+0221,1","10047,1",,,,,,"03,1,+00660,1,07,1","05,1,+00780,1,06,1",,"9,AGL   ,+99999,+99999","07,99,1,03,1,99,9,00660,1,99,9,99,9",,"99999,9,09437,1",,,"SYN07643063 32597 72702 10278 20221 39437 40047 87700 333 56600 58001 83722 85626=",
"43063099999","2025-07-11T12:00:00","4","18.5333333","73.85","558.0","PUNE, IN","FM-12","99999","V020","270,1,N,0010,1","01800,1,C,N","010000,1,9,9","+0248,1","+0225,1","10044,1","09,0070,3,1","6,1,02,1","2,1,02,1",,,"03,1,+00660,1,07,1","05,1,+01800,1,03,1",,"9,AGL   ,+99999,+99999","07,99,1,03,1,99,9,00660,1,99,9,99,9",,"99999,9,09429,1",,"60,1","SYN09443063 21597 72702 10248 20225 39429 40044 76062 84730 333 10298 56690 58008 6007/ 83722 85356=",
"43063099999","2025-07-11T15:00:00","4","18.5333333","73.85","558.0","PUNE, IN","FM-12","99999","V020","270,1,N,0015,1","00780,1,C,N","004000,1,9,9","+0244,1","+0215,1","10054,1","12,0070,3,1",,,,,"02,1,+00660,1,07,1","03,1,+00780,1,06,1",,"9,AGL   ,+99999,+99999","05,99,1,02,1,99,9,00660,1,99,9,99,9",,"99999,9,09437,1",,,"SYN08243063 22596 52703 10244 20215 39437 40054 85700 333 56600 59002 6007/ 82722 83626=",
"43063099999","2025-07-11T18:00:00","4","18.5333333","73.85","558.0","PUNE, IN","FM-12","99999","V020","270,1,N,0010,1","00780,1,C,N","004000,1,9,9","+0238,1","+0221,1","10071,1","15,0070,3,1",,,,,"02,1,+00660,1,07,1","03,1,+00780,1,06,1",,"9,AGL   ,+99999,+99999","05,99,1,02,1,99,9,00660,1,99,9,99,9",,"99999,9,09451,1",,,"SYN08243063 22596 52702 10238 20221 39451 40071 85700 333 56600 58005 6007/ 82722 83626=",
"43063099999","2025-07-11T21:00:00","4","18.5333333","73.85","558.0","PUNE, IN","FM-12","99999","V020","270,1,N,0010,1","00780,1,C,N","004000,1,9,9","+0236,1","+0212,1","10055,1","18,0070,3,1",,,,,"01,1,+00660,1,07,1","05,1,+00780,1,06,1",,"9,AGL   ,+99999,+99999","06,99,1,01,1,99,9,00660,1,99,9,99,9",,"99999,9,09436,1",,,"SYN08243063 22596 62702 10236 20212 39436 40055 86700 333 56600 58007 6007/ 81722 85626=",
"43063099999","2025-07-12T00:00:00","4","18.5333333","73.85","558.0","PUNE, IN","FM-12","99999","V020","270,1,N,0021,1","00780,1,C,N","004000,1,9,9","+0238,1","+0215,1","10057,1","21,0070,3,1","2,1,02,1","2,1,02,1",,,"03,1,+00660,1,07,1","05,1,+00780,1,06,1",,"9,AGL   ,+99999,+99999","07,99,1,03,1,99,9,00660,1,99,9,99,9",,"99999,9,09438,1",,"50,1","SYN08843063 21596 72704 10238 20215 39438 40057 75022 87700 333 56600 58006 6007/ 83722 85626=",
"43063099999","2025-07-12T03:00:00","4","18.5333333","73.85","558.0","PUNE, IN","FM-12","99999","V020","270,1,N,0010,1","00780,1,C,N","010000,1,9,9","+0254,1","+0219,1","10061,1","24,0070,3,1",,,,,"03,1,+00660,1,07,1","03,1,+00780,1,06,1",,"9,AGL   ,+99999,+99999","06,99,1,03,1,99,9,00660,1,99,9,99,9","240,N,+0227,1","99999,9,09447,1",,,"SYN10443063 22597 62702 10254 20219 39447 40061 85730 333 20227 56690 58005 6007/ 83722 83626 555 00066 10337=",
"43063099999","2025-07-12T06:00:00","4","18.5333333","73.85","558.0","PUNE, IN","FM-12","99999","V020","270,1,N,0021,1","00780,1,C,N","010000,1,9,9","+0282,1","+0219,1","10057,1",,,,,,"03,1,+00660,1,07,1","03,1,+00780,1,06,1",,"9,AGL   ,+99999,+99999","06,99,1,03,1,99,9,00660,1,99,9,99,9",,"99999,9,09449,1",,,"SYN07643063 32597 62704 10282 20219 39449 40057 86700 333 56600 58001 83722 83626=",
"43063099999","2025-07-12T09:00:00","4","18.5333333","73.85","558.0","PUNE, IN","FM-12","99999","V020","270,1,N,0026,1","99999,9,9,N","010000,1,9,9","+0288,1","+0210,1","10048,1",,,,,,"01,1,+00660,1,07,1","03,1,+00780,1,06,1",,"9,AGL   ,+99999,+99999","06,99,1,01,1,99,9,00660,1,99,9,99,9",,"99999,9,09440,1",,,"SYN07643063 32597 62705 10288 20210 39440 40048 86700 333 56600 58003 81722 83626=",
"43063099999","2025-07-12T12:00:00","4","18.5333333","73.85","558.0","PUNE, IN","FM-12","99999","V020","270,1,N,0021,1","22000,1,9,N","010000,1,9,9","+0272,1","+0211,1","10041,1",,,,,,"01,1,+00780,1,06,1","99,9,+99999,9,03,1",,"9,AGL   ,+99999,+99999","04,99,1,01,1,99,9,00780,1,99,9,99,9",,"99999,9,09431,1","9,9,999,9,+002,1",,"SYN07043063 32597 42704 10272 20211 39431 40041 83830 333 10346 58002 81626=",
"43063099999","2025-07-12T15:00:00","4","18.5333333","73.85","558.0","PUNE, IN","FM-12","99999","V020","270,1,N,0010,1","99999,9,C,N","010000,1,9,9","+0244,1","+0215,1","10063,1",,,,,,"02,1,+00660,1,07,1","03,1,+00780,1,06,1",,"9,AGL   ,+99999,+99999","04,99,1,02,1,99,9,00660,1,99,9,99,9",,"99999,9,09446,1",,,"SYN07643063 32597 42702 10244 20215 39446 40063 84700 333 56600 58009 82722 83626=","Q01 007803SCOCIG"
"43063099999","2025-07-12T18:00:00","4","18.5333333","73.85","558.0","PUNE, IN","FM-12","99999","V020","270,1,N,0010,1","00780,1,C,N","004000,1,9,9","+0234,1","+0213,1","10071,1",,,,,,"03,1,+00660,1,07,1","03,1,+00780,1,06,1",,"9,AGL   ,+99999,+99999","05,99,1,03,1,99,9,00660,1,99,9,99,9",,"99999,9,09451,1",,,"SYN07643063 32596 52702 10234 20213 39451 40071 85700 333 56600 58000 83722 83626=",
"43063099999","2025-07-12T21:00:00","4","18.5333333","73.85","558.0","PUNE, IN","FM-12","99999","V020","270,1,N,0005,1","00780,1,C,N","004000,1,9,9","+0236,1","+0213,1","10054,1",,,,,,"03,1,+00660,1,07,1","03,1,+00780,1,06,1",,"9,AGL   ,+99999,+99999","06,99,1,03,1,99,9,00660,1,99,9,99,9",,"99999,9,09435,1",,,"SYN07643063 32596 62701 10236 20213 39435 40054 86700 333 56600 59001 83722 83626=",
"43063099999","2025-07-13T00:00:00","4","18.5333333","73.85","558.0","PUNE, IN","FM-12","99999","V020","270,1,N,0005,1","00780,1,C,N","004000,1,9,9","+0230,1","+0209,1","10058,1",,,,,,"03,1,+00660,1,07,1","03,1,+00780,1,06,1",,"9,AGL   ,+99999,+99999","05,99,1,03,1,99,9,00660,1,99,9,99,9",,"99999,9,09437,1",,,"SYN07643063 32596 52701 10230 20209 39437 40058 85700 333 56600 59001 83722 83626=",
"43063099999","2025-07-13T03:00:00","4","18.5333333","73.85","558.0","PUNE, IN","FM-12","99999","V020","270,1,N,0010,1","99999,9,9,N","010000,1,9,9","+0244,1","+0218,1","10065,1",,,,,,"01,1,+00660,1,07,1","02,1,+00780,1,06,1","99,9,+99999,9,00,1","9,AGL   ,+99999,+99999","06,99,1,01,1,99,9,00660,1,99,9,99,9","240,N,+0224,1","99999,9,09448,1",,,"SYN09843063 32597 62702 10244 20218 39448 40065 83731 333 20224 56699 58001 81722 82626 555 00000 10337=",
"43063099999","2025-07-13T06:00:00","4","18.5333333","73.85","558.0","PUNE, IN","FM-12","99999","V020","270,1,N,0021,1","00780,1,C,N","010000,1,9,9","+0278,1","+0221,1","10058,1",,,,,,"02,1,+00660,1,07,1","03,1,+00780,1,06,1",,"9,AGL   ,+99999,+99999","05,99,1,02,1,99,9,00660,1,99,9,99,9",,"99999,9,09448,1",,,"SYN07643063 32597 52704 10278 20221 39448 40058 85740 333 56600 59001 82722 83626=",
"43063099999","2025-07-13T09:00:00","4","18.5333333","73.85","558.0","PUNE, IN","FM-12","99999","V020","270,1,N,0051,1","00780,1,C,N","010000,1,9,9","+0272,1","+0214,1","10040,1",,,,,,"02,1,+00660,1,07,1","05,1,+00780,1,06,1",,"9,AGL   ,+99999,+99999","07,99,1,02,1,99,9,00660,1,99,9,99,9",,"99999,9,09430,1",,,"SYN07643063 32597 72710 10272 20214 39430 40040 87700 333 56600 59010 82722 85626=",
"43063099999","2025-07-13T12:00:00","4","18.5333333","73.85","558.0","PUNE, IN","FM-12","99999","V020","270,1,N,0021,1","00780,1,C,N","010000,1,9,9","+0270,1","+0212,1","10033,1","09,0000,9,1",,,,,"02,1,+00660,1,07,1","03,1,+00780,1,06,1",,"9,AGL   ,+99999,+99999","07,99,1,02,1,99,9,00660,1,99,9,99,9",,"99999,9,09422,1",,,"SYN08843063 21597 72704 10270 20212 39422 40033 86700 333 10282 56600 59009 6990/ 82722 83626=","Q01  00002PRCP09"
"43063099999","2025-07-13T15:00:00","4","18.5333333","73.85","558.0","PUNE, IN","FM-12","99999","V020","270,1,N,0021,1","00780,1,C,N","004000,1,9,9","+0244,1","+0212,1","10053,1","12,0000,9,1",,,,,"02,1,+00660,1,07,1","05,1,+00780,1,06,1",,"9,AGL   ,+99999,+99999","06,99,1,02,1,99,9,00660,1,99,9,99,9",,"99999,9,09436,1",,,"SYN08243063 22596 62704 10244 20212 39436 40053 86700 333 56600 59010 6990/ 82722 85626=","Q01  00002PRCP12"
"43063099999","2025-07-13T18:00:00","4","18.5333333","73.85","558.0","PUNE, IN","FM-12","99999","V020","270,1,N,0015,1","00780,1,C,N","004000,1,9,9","+0236,1","+0212,1","10062,1","15,0004,3,1","6,1,02,1","5,1,02,1",,,"02,1,+00660,1,07,1","05,1,+00780,1,06,1",,"9,AGL   ,+99999,+99999","06,99,1,02,1,99,9,00660,1,99,9,99,9",,"99999,9,09443,1",,"02,1","SYN08843063 21596 62703 10236 20212 39443 40062 70265 86700 333 56600 59008 6994/ 82722 85626=",
"43063099999","2025-07-13T21:00:00","4","18.5333333","73.85","558.0","PUNE, IN","FM-12","99999","V020","270,1,N,0015,1","00780,1,C,N","004000,1,9,9","+0234,1","+0213,1","10042,1","18,0005,3,1","2,1,02,1","2,1,02,1",,,"03,1,+00660,1,07,1","05,1,+00780,1,06,1",,"9,AGL   ,+99999,+99999","07,99,1,03,1,99,9,00660,1,99,9,99,9",,"99999,9,09425,1",,"50,1","SYN08843063 21596 72703 10234 20213 39425 40042 75022 87700 333 56600 59010 6995/ 83722 85626=",
"43063099999","2025-07-14T00:00:00","4","18.5333333","73.85","558.0","PUNE, IN","FM-12","99999","V020","270,1,N,0015,1","00780,1,C,N","004000,1,9,9","+0236,1","+0212,1","10037,1","21,0005,3,1","6,1,02,1","5,1,02,1",,,"03,1,+00660,1,07,1","05,1,+00780,1,06,1",,"9,AGL   ,+99999,+99999","07,99,1,03,1,99,9,00660,1,99,9,99,9",,"99999,9,09420,1",,"50,1","SYN08843063 21596 72703 10236 20212 39420 40037 75065 87700 333 56600 59017 6995/ 83722 85626=",
"43063099999","2025-07-14T03:00:00","4","18.5333333","73.85","558.0","PUNE, IN","FM-12","99999","V020","270,1,N,0010,1","99999,9,9,N","010000,1,9,9","+9999,9","+0222,1","99999,9",,,,,,"99,9,+00800,1,99,9",,,"9,AGL   ,+99999,+99999","08,99,1,99,9,99,9,00800,1,99,9,99,9",,,,,"SYN09443063 21597 82702 20222 20242 39428 40043 75052 887// 333 20224 566// 59020 6995/ 84722 85626=",
"43063099999","2025-07-14T06:00:00","4","18.5333333","73.85","558.0","PUNE, IN","FM-12","99999","V020","270,1,N,0026,1","00780,1,C,N","010000,1,9,9","+0260,1","+0216,1","10046,1","03,0003,3,1","6,1,02,1","5,1,02,1",,,"03,1,+00660,1,07,1","04,1,+00780,1,06,1",,"9,AGL   ,+99999,+99999","07,99,1,03,1,99,9,00660,1,99,9,99,9",,"99999,9,09432,1",,"02,1","SYN08843063 21597 72705 10260 20216 39432 40046 70265 87700 333 56600 59016 6993/ 83722 84626=",
"43063099999","2025-07-14T09:00:00","4","18.5333333","73.85","558.0","PUNE, IN","FM-12","99999","V020","270,1,N,0015,1","00780,1,C,N","004000,1,9,9","+0268,1","+0216,1","10029,1","06,0003,3,1","5,1,02,1","2,1,02,1",,,"04,1,+00660,1,07,1","04,1,+00780,1,06,1",,"9,AGL   ,+99999,+99999","07,99,1,04,1,99,9,00660,1,99,9,99,9",,"99999,9,09418,1",,"50,1","SYN08843063 21596 72703 10268 20216 39418 40029 75052 87700 333 56600 59012 6993/ 84722 84626=",
"43063099999","2025-07-14T12:00:00","4","18.5333333","73.85","558.0","PUNE, IN","FM-12","99999","V020","270,1,N,0015,1","00780,1,9,N","004000,1,9,9","+0260,1","+0213,1","10028,1","09,0003,3,1","5,1,02,1","2,1,02,1",,,"04,1,+00600,1,07,1","05,1,+00780,1,06,1",,"9,AGL   ,+99999,+99999","08,99,1,04,1,99,9,00600,1,99,9,99,9",,"99999,9,09415,1",,"50,1","SYN09443063 21596 82703 10260 20213 39415 40028 75052 887// 333 10284 566// 59007 6993/ 84720 85626=",
"43063099999","2025-07-14T15:00:00","4","18.5333333","73.85","558.0","PUNE, IN","FM-12","99999","V020","270,1,N,0005,1","01800,1,C,N","004000,1,9,9","+0230,1","+0224,1","10049,1","12,0060,3,1","6,1,02,1","5,1,02,1",,,"04,1,+00600,1,07,1","04,1,+01800,1,04,1",,"9,AGL   ,+99999,+99999","08,99,1,04,1,99,9,00600,1,99,9,99,9",,"99999,9,09430,1",,"51,1","SYN08843063 21596 82701 10230 20224 39430 40049 75165 8572/ 333 5669/ 59006 6006/ 84720 84456=",
"43063099999","2025-07-14T18:00:00","4","18.5333333","73.85","558.0","PUNE, IN","FM-12","99999","V020","270,1,N,0005,1","00780,1,9,9","004000,1,9,9","+0225,1","+0221,1","10049,1",,"6,1,99,9","5,1,99,9",,,"04,1,+00660,1,07,1","06,1,+00780,1,06,1",,"9,AGL   ,+99999,+99999","08,99,1,04,1,99,9,00660,1,99,9,99,9",,"99999,9,09430,1","9,9,999,9,-013,1","50,1","SYN004BUFR",
"43063099999","2025-07-14T21:00:00","4","18.5333333","73.85","558.0","PUNE, IN","FM-12","99999","V020","270,1,N,0010,1","00780,1,C,N","004000,1,9,9","+0228,1","+0222,1","10034,1","18,0070,3,1","5,1,02,1","2,1,02,1",,,"04,1,+00660,1,07,1","04,1,+00780,1,06,1",,"9,AGL   ,+99999,+99999","07,99,1,04,1,99,9,00660,1,99,9,99,9",,"99999,9,09415,1",,"50,1","SYN08843063 21596 72702 10228 20222 39415 40034 75052 87700 333 56600 59010 6007/ 84722 84626=",
"43063099999","2025-07-15T00:00:00","4","18.5333333","73.85","558.0","PUNE, IN","FM-12","99999","V020","999,9,C,0000,1","00780,1,C,N","004000,1,9,9","+0230,1","+0221,1","10028,1","21,0070,3,1","5,1,02,1","2,1,02,1",,,"03,1,+00660,1,07,1","03,1,+00780,1,06,1",,"9,AGL   ,+99999,+99999","06,99,1,03,1,99,9,00660,1,99,9,99,9",,"99999,9,09410,1",,"02,1","SYN08843063 21596 60000 10230 20221 39410 40028 70252 86700 333 56600 59010 6007/ 83722 83626=",
"43063099999","2025-07-15T03:00:00","4","18.5333333","73.85","558.0","PUNE, IN","FM-12","99999","V020","270,1,N,0005,1","00780,1,9,N","010000,1,9,9","+0240,1","+0226,1","10046,1","24,0070,3,1","6,1,02,1","5,1,02,1",,,"04,1,+00600,1,07,1","05,1,+00780,1,06,1",,"9,AGL   ,+99999,+99999","08,99,1,04,1,99,9,00600,1,99,9,99,9","240,N,+0223,1","99999,9,09429,1",,"02,1","SYN11043063 21597 82701 10240 20226 39429 40046 70265 887// 333 20223 566// 58001 6007/ 84720 85626 555 00069 10344=",
"43063099999","2025-07-15T06:00:00","4","18.5333333","73.85","558.0","PUNE, IN","FM-12","99999","V020","270,1,N,0005,1","01800,1,C,N","004000,1,9,9","+0234,1","+0228,1","10057,1","03,0070,3,1","6,1,02,1","5,1,02,1",,,"04,1,+00600,1,07,1","04,1,+01800,1,04,1",,"9,AGL   ,+99999,+99999","08,99,1,04,1,99,9,00600,1,99,9,99,9",,"99999,9,09438,1",,"61,1","SYN08843063 21596 82701 10234 20228 39438 40057 76165 8672/ 333 5669/ 58006 6007/ 84720 84456=",
"43063099999","2025-07-15T09:00:00","4","18.5333333","73.85","558.0","PUNE, IN","FM-12","99999","V020","270,1,N,0010,1","00780,1,C,N","010000,1,9,9","+0254,1","+0228,1","10028,1","06,0080,3,1","6,1,02,1","5,1,02,1",,,"04,1,+00600,1,07,1","03,1,+00780,1,06,1",,"9,AGL   ,+99999,+99999","07,99,1,04,1,99,9,00600,1,99,9,99,9",,"99999,9,09415,1",,"02,1","SYN08843063 21597 72702 10254 20228 39415 40028 70265 86720 333 56690 59003 6008/ 84720 83626=",
"43063099999","2025-07-15T12:00:00","4","18.5333333","73.85","558.0","PUNE, IN","FM-12","99999","V020","270,1,N,0026,1","00780,1,C,N","010000,1,9,9","+0250,1","+0221,1","10023,1","09,0080,3,1","6,1,02,1","5,1,02,1",,,"04,1,+00600,1,07,1","03,1,+00780,1,06,1",,"9,AGL   ,+99999,+99999","08,99,1,04,1,99,9,00600,1,99,9,99,9",,"99999,9,09409,1",,"50,1","SYN09443063 21597 82705 10250 20221 39409 40023 75065 8772/ 333 10266 5669/ 59006 6008/ 84720 83626=",
"43063099999","2025-07-15T15:00:00","4","18.5333333","73.85","558.0","PUNE, IN","FM-12","99999","V020","999,9,C,0000,1","00780,1,C,N","004000,1,9,9","+0242,1","+0225,1","10039,1","12,0080,3,1",,,,,"04,1,+00600,1,07,1","03,1,+00780,1,06,1",,"9,AGL   ,+99999,+99999","07,99,1,04,1,99,9,00600,1,99,9,99,9",,"99999,9,09424,1",,,"SYN08243063 22596 70000 10242 20225 39424 40039 87700 333 56600 59006 6008/ 84720 83626=",
"43063099999","2025-07-15T18:00:00","4","18.5333333","73.85","558.0","PUNE, IN","FM-12","99999","V020","270,1,N,0005,1","00780,1,C,N","004000,1,9,9","+0234,1","+0219,1","10050,1","15,0080,3,1",,,,,"03,1,+00600,1,07,1","04,1,+00780,1,06,1",,"9,AGL   ,+99999,+99999","07,99,1,03,1,99,9,00600,1,99,9,99,9",,"99999,9,09431,1",,,"SYN08243063 22596 72701 10234 20219 39431 40050 87700 333 56600 58001 6008/ 83720 84626=",
"43063099999","2025-07-15T21:00:00","4","18.5333333","73.85","558.0","PUNE, IN","FM-12","99999","V020","999,9,C,0000,1","00780,1,C,N","004000,1,9,9","+0234,1","+0222,1","10036,1","18,0080,3,1",,,,,"03,1,+00600,1,07,1","05,1,+00780,1,06,1",,"9,AGL   ,+99999,+99999","07,99,1,03,1,99,9,00600,1,99,9,99,9",,"99999,9,09419,1",,,"SYN08243063 22596 70000 10234 20222 39419 40036 87700 333 56600 58004 6008/ 83720 85626=",
"43063099999","2025-07-16T00:00:00","4","18.5333333","73.85","558.0","PUNE, IN","FM-12","99999","V020","999,9,C,0000,1","00780,1,C,N","004000,1,9,9","+0232,1","+0217,1","10037,1","21,0080,3,1",,,,,"03,1,+00600,1,07,1","05,1,+00780,1,06,1",,"9,AGL   ,+99999,+99999","07,99,1,03,1,99,9,00600,1,99,9,99,9",,"99999,9,09420,1",,,"SYN08243063 22596 70000 10232 20217 39420 40037 87700 333 56600 58010 6008/ 83720 85626=",
"43063099999","2025-07-16T03:00:00","4","18.5333333","73.85","558.0","PUNE, IN","FM-12","99999","V020","270,1,N,0005,1","00780,1,C,N","010000,1,9,9","+0250,1","+0227,1","10048,1","24,0080,3,1",,,,,"03,1,+00660,1,07,1","03,1,+00780,1,06,1",,"9,AGL   ,+99999,+99999","06,99,1,03,1,99,9,00660,1,99,9,99,9","240,N,+0224,1","99999,9,09431,1",,,"SYN10443063 22597 62701 10250 20227 39431 40048 85701 333 20224 56609 58002 6008/ 83722 83626 555 00083 10352=",
"43063099999","2025-07-16T06:00:00","4","18.5333333","73.85","558.0","PUNE, IN","FM-12","99999","V020","270,1,N,0021,1","00780,1,C,N","010000,1,9,9","+0284,1","+0236,1","10035,1",,,,,,"02,1,+00660,1,07,1","03,1,+00780,1,06,1",,"9,AGL   ,+99999,+99999","06,99,1,02,1,99,9,00660,1,99,9,99,9",,"99999,9,09428,1",,,"SYN07643063 32597 62704 10284 20236 39428 40035 86700 333 56600 59010 82722 83626=",
"43063099999","2025-07-16T09:00:00","4","18.5333333","73.85","558.0","PUNE, IN","FM-12","99999","V020","270,1,N,0031,1","99999,9,9,N","010000,1,9,9","+0288,1","+0222,1","10024,1",,,,,,"01,1,+00660,1,07,1","04,1,+00780,1,06,1",,"9,AGL   ,+99999,+99999","07,99,1,01,1,99,9,00660,1,99,9,99,9",,"99999,9,09417,1",,,"SYN07643063 32597 72706 10288 20222 39417 40024 85701 333 56609 58002 81722 84626=",
"43063099999","2025-07-16T12:00:00","4","18.5333333","73.85","558.0","PUNE, IN","FM-12","99999","V020","270,1,N,0031,1","06000,1,C,N","010000,1,9,9","+0278,1","+0221,1","10020,1",,,,,,"02,1,+00780,1,06,1","05,1,+06000,1,00,1",,"9,AGL   ,+99999,+99999","06,99,1,02,1,99,9,00780,1,99,9,99,9",,"99999,9,09411,1","9,9,999,9,+002,1",,"SYN07643063 32597 62706 10278 20221 39411 40020 82501 333 10302 58002 82626 85070=",
"43063099999","2025-07-16T15:00:00","4","18.5333333","73.85","558.0","PUNE, IN","FM-12","99999","V020","270,1,N,0010,1","00780,1,C,N","004000,1,9,9","+0246,1","+0223,1","10042,1",,"3,1,02,1","0,1,02,1",,,"02,1,+00660,1,07,1","04,1,+00780,1,06,1",,"9,AGL   ,+99999,+99999","07,99,1,02,1,99,9,00660,1,99,9,99,9",,"99999,9,09427,1",,,"SYN07643063 32596 72702 10246 20223 39427 40042 75730 333 56690 58003 82722 84626=",
"43063099999","2025-07-16T18:00:00","4","18.5333333","73.85","558.0","PUNE, IN","FM-12","99999","V020","270,1,N,0010,1","99999,9,9,N","004000,1,9,9","+0238,1","+0218,1","10055,1",,,,,,"01,1,+00660,1,07,1","04,1,+00780,1,06,1",,"9,AGL   ,+99999,+99999","06,99,1,01,1,99,9,00660,1,99,9,99,9",,"99999,9,09436,1",,,"SYN07643063 32596 62702 10238 20218 39436 40055 84730 333 56690 58005 81722 84626=",
"43063099999","2025-07-16T21:00:00","4","18.5333333","73.85","558.0","PUNE, IN","FM-12","99999","V020","270,1,N,0005,1","00780,1,C,N","004000,1,9,9","+0234,1","+0216,1","10040,1",,,,,,"02,1,+00660,1,07,1","03,1,+00780,1,06,1",,"9,AGL   ,+99999,+99999","06,99,1,02,1,99,9,00660,1,99,9,99,9",,"99999,9,09423,1",,,"SYN07643063 32596 62701 10234 20216 39423 40040 84701 333 56609 58004 82722 83626=",
"43063099999","2025-07-17T00:00:00","4","18.5333333","73.85","558.0","PUNE, IN","FM-12","99999","V020","999,9,C,0000,1","00780,1,C,N","004000,1,9,9","+0230,1","+0218,1","10045,1",,,,,,"02,1,+00660,1,07,1","03,1,+00780,1,06,1",,"9,AGL   ,+99999,+99999","06,99,1,02,1,99,9,00660,1,99,9,99,9",,"99999,9,09426,1",,,"SYN07643063 32596 60000 10230 20218 39426 40045 84701 333 56609 58006 82722 83626=",
"43063099999","2025-07-17T03:00:00","4","18.5333333","73.85","558.0","PUNE, IN","FM-12","99999","V020","270,1,N,0010,1","06000,1,C,N","010000,1,9,9","+0250,1","+0224,1","10055,1",,,,,,"01,1,+00660,1,07,1","05,1,+06000,1,00,1",,"9,AGL   ,+99999,+99999","06,99,1,01,1,99,9,00660,1,99,9,99,9","240,N,+0225,1","99999,9,09438,1",,,"SYN08243063 32597 62702 10250 20224 39438 40055 82701 333 20225 56609 58007 81722 85070=",
"43063099999","2025-07-17T06:00:00","4","18.5333333","73.85","558.0","PUNE, IN","FM-12","99999","V020","270,1,N,0015,1","00780,1,C,N","010000,1,9,9","+0284,1","+0224,1","10042,1",,,,,,"02,1,+00660,1,07,1","03,1,+00780,1,06,1",,"9,AGL   ,+99999,+99999","07,99,1,02,1,99,9,00660,1,99,9,99,9",,"99999,9,09434,1",,,"SYN07643063 32597 72703 10284 20224 39434 40042 85701 333 56609 58006 82722 83626=",
"43063099999","2025-07-17T09:00:00","4","18.5333333","73.85","558.0","PUNE, IN","FM-12","99999","V020","270,1,N,0026,1","99999,9,9,N","010000,1,9,9","+0306,1","+0217,1","10024,1",,,,,,"01,1,+00660,1,07,1","04,1,+00780,1,06,1",,"9,AGL   ,+99999,+99999","07,99,1,01,1,99,9,00660,1,99,9,99,9",,"99999,9,09421,1",,,"SYN07643063 32597 72705 10306 20217 39421 40024 85701 333 56609 58004 81722 84626=",
"43063099999","2025-07-17T12:00:00","4","18.5333333","73.85","558.0","PUNE, IN","FM-12","99999","V020","270,1,N,0021,1","06000,1,C,N","010000,1,9,9","+0280,1","+0223,1","10023,1",,,,,,"02,1,+00780,1,06,1","05,1,+06000,1,00,1","99,9,+99999,9,00,1","9,AGL   ,+99999,+99999","07,99,1,02,1,99,9,00780,1,99,9,99,9",,"99999,9,09414,1","9,9,999,9,+013,1",,"SYN07643063 32597 72704 10280 20223 39414 40023 83831 333 10312 58013 82626 85070=",
"43063099999","2025-07-17T15:00:00","4","18.5333333","73.85","558.0","PUNE, IN","FM-12","99999","V020","270,1,N,0021,1","00780,1,C,N","004000,1,9,9","+0256,1","+0224,1","10043,1",,,,,,"01,1,+00660,1,07,1","05,1,+00780,1,06,1",,"9,AGL   ,+99999,+99999","06,99,1,01,1,99,9,00660,1,99,9,99,9",,"99999,9,09430,1",,,"SYN07643063 32596 62704 10256 20224 39430 40043 86700 333 56600 58003 81722 85626=",
"43063099999","2025-07-17T18:00:00","4","18.5333333","73.85","558.0","PUNE, IN","FM-12","99999","V020","270,1,N,0010,1","22000,1,9,N","004000,1,9,9","+0244,1","+0224,1","10061,1",,,,,,"04,1,+00780,1,06,1",,,"9,AGL   ,+99999,+99999","04,99,1,04,1,99,9,00780,1,99,9,99,9",,"99999,9,09444,1","9,9,999,9,+008,1",,"SYN06443063 32596 42702 10244 20224 39444 40061 84500 333 58008 84626=",
"43063099999","2025-07-17T21:00:00","4","18.5333333","73.85","558.0","PUNE, IN","FM-12","99999","V020","270,1,N,0010,1","99999,9,9,N","004000,1,9,9","+0240,1","+0220,1","10053,1",,,,,,"03,1,+00780,1,06,1","99,9,+99999,9,00,1",,"9,AGL   ,+99999,+99999","05,99,1,03,1,99,9,00780,1,99,9,99,9",,"99999,9,09433,1","9,9,999,9,+010,1",,"SYN06443063 32596 52702 10240 20220 39433 40053 83501 333 58010 83626=",
"43063099999","2025-07-18T00:00:00","4","18.5333333","73.85","558.0","PUNE, IN","FM-12","99999","V020","270,1,N,0015,1","00780,1,C,N","004000,1,9,9","+0236,1","+0218,1","10048,1",,,,,,"02,1,+00660,1,07,1","05,1,+00780,1,06,1",,"9,AGL   ,+99999,+99999","06,99,1,02,1,99,9,00660,1,99,9,99,9",,"99999,9,09430,1",,,"SYN07643063 32596 62703 10236 20218 39430 40048 86700 333 56600 58004 82722 85626=",
"43063099999","2025-07-18T03:00:00","4","18.5333333","73.85","558.0","PUNE, IN","FM-12","99999","V020","270,1,N,0005,1","00780,1,C,N","010000,1,9,9","+0248,1","+0219,1","10057,1",,,,,,"03,1,+00660,1,07,1","03,1,+00780,1,06,1",,"9,AGL   ,+99999,+99999","07,99,1,03,1,99,9,00660,1,99,9,99,9","240,N,+0228,1","99999,9,09440,1",,,"SYN09843063 32597 72701 10248 20219 39440 40057 85701 333 20228 56609 58002 83722 83626 555 00000 10352=",
"43063099999","2025-07-18T06:00:00","4","18.5333333","73.85","558.0","PUNE, IN","FM-12","99999","V020","270,1,N,0015,1","00780,1,C,N","010000,1,9,9","+0270,1","+0218,1","10056,1",,,,,,"03,1,+00660,1,07,1","05,1,+00780,1,06,1",,"9,AGL   ,+99999,+99999","07,99,1,03,1,99,9,00660,1,99,9,99,9",,"99999,9,09444,1",,,"SYN07643063 32597 72703 10270 20218 39444 40056 87700 333 56600 58010 83722 85626=",
"43063099999","2025-07-18T09:00:00","4","18.5333333","73.85","558.0","PUNE, IN","FM-12","99999","V020","270,1,N,0021,1","00780,1,C,N","010000,1,9,9","+0290,1","+0221,1","10037,1",,,,,,"03,1,+00660,1,07,1","05,1,+00780,1,06,1",,"9,AGL   ,+99999,+99999","07,99,1,03,1,99,9,00660,1,99,9,99,9",,"99999,9,09430,1",,,"SYN07643063 32597 72704 10290 20221 39430 40037 87700 333 56600 58009 83722 85626=",
"43063099999","2025-07-18T12:00:00","4","18.5333333","73.85","558.0","PUNE, IN","FM-12","99999","V020","270,1,N,0021,1","00780,1,C,N","010000,1,9,9","+0256,1","+0218,1","10031,1",,,,,,"03,1,+00660,1,07,1","04,1,+00780,1,06,1",,"9,AGL   ,+99999,+99999","07,99,1,03,1,99,9,00660,1,99,9,99,9",,"99999,9,09418,1",,,"SYN08243063 32597 72704 10256 20218 39418 40031 86730 333 10294 56690 58004 83722 84626=",
"43063099999","2025-07-18T15:00:00","4","18.5333333","73.85","558.0","PUNE, IN","FM-12","99999","V020","230,1,N,0015,1","00780,1,C,N","004000,1,9,9","+0248,1","+0219,1","10053,1",,,,,,"02,1,+00660,1,07,1","04,1,+00780,1,06,1",,"9,AGL   ,+99999,+99999","06,99,1,02,1,99,9,00660,1,99,9,99,9",,"99999,9,09436,1",,,"SYN07643063 32596 62303 10248 20219 39436 40053 85730 333 56690 58006 82722 84626=",
"43063099999","2025-07-18T18:00:00","4","18.5333333","73.85","558.0","PUNE, IN","FM-12","99999","V020","270,1,N,0005,1","22000,1,9,N","004000,1,9,9","+0236,1","+0215,1","10058,1",,,,,,"02,1,+00780,1,06,1","03,1,+06000,1,00,1",,"9,AGL   ,+99999,+99999","04,99,1,02,1,99,9,00780,1,99,9,99,9",,"99999,9,09439,1","9,9,999,9,-003,1",,"SYN07043063 32596 42701 10236 20215 39439 40058 82501 333 59003 82626 83070=",
"43063099999","2025-07-18T21:00:00","4","18.5333333","73.85","558.0","PUNE, IN","FM-12","99999","V020","270,1,N,0021,1","06000,1,C,N","004000,1,9,9","+0232,1","+0214,1","10033,1",,,,,,"03,1,+00780,1,06,1","04,1,+06000,1,00,1",,"9,AGL   ,+99999,+99999","06,99,1,03,1,99,9,00780,1,99,9,99,9",,"99999,9,09416,1","9,9,999,9,-017,1",,"SYN07043063 32596 62704 10232 20214 39416 40033 83501 333 59017 83626 84070=",
"43063099999","2025-07-19T00:00:00","4","18.5333333","73.85","558.0","PUNE, IN","FM-12","99999","V020","999,9,C,0000,1","06000,1,C,N","004000,1,9,9","+0224,1","+0209,1","10031,1",,,,,,"03,1,+00780,1,06,1","04,1,+06000,1,00,1",,"9,AGL   ,+99999,+99999","06,99,1,03,1,99,9,00780,1,99,9,99,9",,"99999,9,09412,1","9,9,999,9,-018,1",,"SYN07043063 32596 60000 10224 20209 39412 40031 83501 333 59018 83626 84070=",
"43063099999","2025-07-19T03:00:00","4","18.5333333","73.85","558.0","PUNE, IN","FM-12","99999","V020","270,1,N,0010,1","00780,1,C,N","010000,1,9,9","+0248,1","+0216,1","10039,1",,,,,,"02,1,+00660,1,07,1","04,1,+00780,1,06,1","99,9,+99999,9,00,1","9,AGL   ,+99999,+99999","07,99,1,02,1,99,9,00660,1,99,9,99,9","240,N,+0218,1","99999,9,09424,1",,,"SYN09843063 32597 72702 10248 20216 39424 40039 85731 333 20218 56699 59016 82722 84626 555 00000 10352=",
"43063099999","2025-07-19T06:00:00","4","18.5333333","73.85","558.0","PUNE, IN","FM-12","99999","V020","270,1,N,0015,1","99999,9,9,N","010000,1,9,9","+0284,1","+0211,1","10034,1",,,,,,"01,1,+00660,1,07,1","04,1,+00780,1,06,1","99,9,+99999,9,00,1","9,AGL   ,+99999,+99999","06,99,1,01,1,99,9,00660,1,99,9,99,9",,"99999,9,09427,1",,,"SYN07643063 32597 62703 10284 20211 39427 40034 84731 333 56699 59017 81722 84626=",
"43063099999","2025-07-19T09:00:00","4","18.5333333","73.85","558.0","PUNE, IN","FM-12","99999","V020","270,1,N,0015,1","00780,1,C,N","010000,1,9,9","+0290,1","+0221,1","10013,1","06,0000,2,1","2,1,02,1","2,1,02,1",,,"01,1,+00660,1,07,1","05,1,+00780,1,06,1",,"9,AGL   ,+99999,+99999","07,99,1,01,1,99,9,00660,1,99,9,99,9",,"99999,9,09408,1",,"20,1","SYN08843063 21597 72703 10290 20221 39408 40013 72022 87700 333 56600 59022 6990/ 81722 85626=",
"43063099999","2025-07-19T12:00:00","4","18.5333333","73.85","558.0","PUNE, IN","FM-12","99999","V020","270,1,N,0015,1","99999,9,9,N","010000,1,9,9","+0272,1","+0211,1","10004,1","09,0000,2,1","5,1,02,1","2,1,02,1",,,"03,1,+00780,1,06,1",,,"9,AGL   ,+99999,+99999","05,99,1,03,1,99,9,00780,1,99,9,99,9",,"99999,9,09397,1","9,9,999,9,-021,1","02,1","SYN08243063 21597 52703 10272 20211 39397 40004 70252 85800 333 10298 59021 6990/ 83626=",
"43063099999","2025-07-19T15:00:00","4","18.5333333","73.85","558.0","PUNE, IN","FM-12","99999","V020","270,1,N,0010,1","00780,1,C,N","004000,1,9,9","+0246,1","+0217,1","10030,1","12,0000,2,1","2,1,02,1","2,1,02,1",,,"03,1,+00660,1,07,1","05,1,+00780,1,06,1",,"9,AGL   ,+99999,+99999","07,99,1,03,1,99,9,00660,1,99,9,99,9",,"99999,9,09415,1",,"50,1","SYN08843063 21596 72702 10246 20217 39415 40030 75022 87700 333 56600 59021 6990/ 83722 85626=",
"43063099999","2025-07-19T18:00:00","4","18.5333333","73.85","558.0","PUNE, IN","FM-12","99999","V020","270,1,N,0010,1","22000,1,9,N","004000,1,9,9","+0236,1","+0215,1","10037,1","15,0000,2,1","5,1,02,1","2,1,02,1",,,"03,1,+00780,1,06,1",,,"9,AGL   ,+99999,+99999","03,99,1,03,1,99,9,00780,1,99,9,99,9",,"99999,9,09420,1","9,9,999,9,-019,1","02,1","SYN07643063 21596 32702 10236 20215 39420 40037 70252 83500 333 59019 6990/ 83626=",
"43063099999","2025-07-19T21:00:00","4","18.5333333","73.85","558.0","PUNE, IN","FM-12","99999","V020","270,1,N,0005,1","00780,1,C,N","004000,1,9,9","+0232,1","+0214,1","10019,1","18,0000,2,1",,,,,"05,1,+00780,1,06,1",,,"9,AGL   ,+99999,+99999","05,99,1,05,1,99,9,00780,1,99,9,99,9",,"99999,9,09403,1","9,9,999,9,-013,1",,"SYN07043063 22596 52701 10232 20214 39403 40019 85500 333 59013 6990/ 85626=",
"43063099999","2025-07-20T00:00:00","4","18.5333333","73.85","558.0","PUNE, IN","FM-12","99999","V020","999,9,C,0000,1","22000,1,9,N","004000,1,9,9","+0224,1","+0212,1","10017,1","21,0000,2,1",,,,,"02,1,+00780,1,06,1","99,9,+99999,9,00,1",,"9,AGL   ,+99999,+99999","03,99,1,02,1,99,9,00780,1,99,9,99,9",,"99999,9,09399,1","9,9,999,9,-013,1",,"SYN07043063 22596 30000 10224 20212 39399 40017 82501 333 59013 6990/ 82626=",
"43063099999","2025-07-20T03:00:00","4","18.5333333","73.85","558.0","PUNE, IN","FM-12","99999","V020","270,1,N,0005,1","00780,1,C,N","010000,1,9,9","+0254,1","+0219,1","10027,1","24,0000,2,1",,,,,"05,1,+00780,1,06,1",,,"9,AGL   ,+99999,+99999","05,99,1,05,1,99,9,00780,1,99,9,99,9","240,N,+0214,1","99999,9,09414,1","9,9,999,9,-010,1",,"SYN09243063 22597 52701 10254 20219 39414 40027 85500 333 20214 59010 6990/ 85626 555 00000 10352=",
"43063099999","2025-07-20T06:00:00","4","18.5333333","73.85","558.0","PUNE, IN","FM-12","99999","V020","270,1,N,0031,1","00780,1,C,N","010000,1,9,9","+0274,1","+0213,1","10021,1",,,,,,"02,1,+00660,1,07,1","05,1,+00780,1,06,1",,"9,AGL   ,+99999,+99999","07,99,1,02,1,99,9,00660,1,99,9,99,9",,"99999,9,09412,1",,,"SYN07643063 32597 72706 10274 20213 39412 40021 87700 333 56600 59015 82722 85626=",
"43063099999","2025-07-20T09:00:00","4","18.5333333","73.85","558.0","PUNE, IN","FM-12","99999","V020","270,1,N,0015,1","00780,1,C,N","010000,1,9,9","+0270,1","+0227,1","10009,1","06,0001,3,1","5,1,02,1","2,1,02,1",,,"03,1,+00660,1,07,1","05,1,+00780,1,06,1",,"9,AGL   ,+99999,+99999","07,99,1,03,1,99,9,00660,1,99,9,99,9",,"99999,9,09399,1",,"50,1","SYN08843063 21597 72703 10270 20227 39399 40009 75052 87700 333 56600 59009 6991/ 83722 85626=",
"43063099999","2025-07-20T12:00:00","4","18.5333333","73.85","558.0","PUNE, IN","FM-12","99999","V020","270,1,N,0026,1","00780,1,9,N","010000,1,9,9","+0250,1","+0224,1","10009,1","09,0001,3,1","5,1,02,1","2,1,02,1",,,"04,1,+00660,1,07,1","05,1,+00780,1,06,1",,"9,AGL   ,+99999,+99999","08,99,1,04,1,99,9,00660,1,99,9,99,9",,"99999,9,09395,1",,"20,1","SYN09443063 21597 82705 10250 20224 39395 40009 72052 887// 333 10292 566// 59002 6991/ 84722 85626=",
"43063099999","2025-07-20T15:00:00","4","18.5333333","73.85","558.0","PUNE, IN","FM-12","99999","V020","270,1,N,0015,1","00780,1,C,N","004000,1,9,9","+0232,1","+0214,1","10028,1","12,0005,3,1","6,1,02,1","5,1,02,1",,,"03,1,+00660,1,07,1","04,1,+00780,1,06,1",,"9,AGL   ,+99999,+99999","07,99,1,03,1,99,9,00660,1,99,9,99,9",,"99999,9,09411,1",,"02,1","SYN08843063 21596 72703 10232 20214 39411 40028 70265 87700 333 56600 59004 6995/ 83722 84626=",
"43063099999","2025-07-20T18:00:00","4","18.5333333","73.85","558.0","PUNE, IN","FM-12","99999","V020","270,1,N,0010,1","00780,1,C,N","004000,1,9,9","+0230,1","+0209,1","10041,1","15,0005,3,1","6,1,02,1","5,1,02,1",,,"02,1,+00660,1,07,1","03,1,+00780,1,05,1",,"9,AGL   ,+99999,+99999","05,99,1,02,1,99,9,00660,1,99,9,99,9",,"99999,9,09422,1",,"02,1","SYN08843063 21596 52702 10230 20209 39422 40041 70265 85700 333 56600 58002 6995/ 82722 83526=",
"43063099999","2025-07-20T21:00:00","4","18.5333333","73.85","558.0","PUNE, IN","FM-12","99999","V020","270,1,N,0015,1","00780,1,C,N","004000,1,9,9","+0230,1","+0209,1","10025,1","18,0005,3,1",,,,,"02,1,+00660,1,07,1","05,1,+00780,1,06,1",,"9,AGL   ,+99999,+99999","07,99,1,02,1,99,9,00660,1,99,9,99,9",,"99999,9,09407,1",,,"SYN08243063 22596 72703 10230 20209 39407 40025 87700 333 56600 58004 6995/ 82722 85626=",
"43063099999","2025-07-21T00:00:00","4","18.5333333","73.85","558.0","PUNE, IN","FM-12","99999","V020","270,1,N,0015,1","00780,1,C,N","004000,1,9,9","+0228,1","+0210,1","10018,1","21,0005,3,1",,,,,"02,1,+00660,1,07,1","05,1,+00780,1,06,1",,"9,AGL   ,+99999,+99999","07,99,1,02,1,99,9,00660,1,99,9,99,9",,"99999,9,09400,1",,,"SYN08243063 22596 72703 10228 20210 39400 40018 87700 333 56600 58001 6995/ 82722 85626=",
"43063099999","2025-07-21T03:00:00","4","18.5333333","73.85","558.0","PUNE, IN","FM-12","99999","V020","270,1,N,0005,1","01800,1,C,N","010000,1,9,9","+0252,1","+0223,1","10033,1","24,0005,3,1",,,,,"01,1,+00660,1,07,1","05,1,+01800,1,03,1",,"9,AGL   ,+99999,+99999","07,99,1,01,1,99,9,00660,1,99,9,99,9","240,N,+0223,1","99999,9,09420,1",,,"SYN10443063 22597 72701 10252 20223 39420 40033 83730 333 20223 56690 58006 6995/ 81722 85356 555 00005 10353=",
"43063099999","2025-07-21T06:00:00","4","18.5333333","73.85","558.0","PUNE, IN","FM-12","99999","V020","270,1,N,0021,1","00780,1,C,N","010000,1,9,9","+0278,1","+0221,1","10030,1",,,,,,"02,1,+00660,1,07,1","04,1,+00780,1,06,1",,"9,AGL   ,+99999,+99999","07,99,1,02,1,99,9,00660,1,99,9,99,9",,"99999,9,09421,1",,,"SYN07643063 32597 72704 10278 20221 39421 40030 86730 333 56690 58009 82722 84626=",
"43063099999","2025-07-21T09:00:00","4","18.5333333","73.85","558.0","PUNE, IN","FM-12","99999","V020","270,1,N,0021,1","00780,1,C,N","010000,1,9,9","+0290,1","+0224,1","10016,1","06,0000,2,1","2,1,02,1","2,1,02,1",,,"01,1,+00660,1,07,1","05,1,+00780,1,06,1",,"9,AGL   ,+99999,+99999","07,99,1,01,1,99,9,00660,1,99,9,99,9",,"99999,9,09410,1",,"20,1","SYN08843063 21597 72704 10290 20224 39410 40016 72022 87700 333 56600 58011 6990/ 81722 85626=",
"43063099999","2025-07-21T12:00:00","4","18.5333333","73.85","558.0","PUNE, IN","FM-12","99999","V020","270,1,N,0021,1","00780,1,C,N","010000,1,9,9","+0272,1","+0214,1","10012,1","09,0000,2,1","5,1,02,1","2,1,02,1",,,"02,1,+00660,1,07,1","05,1,+00780,1,06,1",,"9,AGL   ,+99999,+99999","07,99,1,02,1,99,9,00660,1,99,9,99,9",,"99999,9,09405,1",,"02,1","SYN09443063 21597 72704 10272 20214 39405 40012 70252 87700 333 10302 56600 58010 6990/ 82722 85626=",
"43063099999","2025-07-21T15:00:00","4","18.5333333","73.85","558.0","PUNE, IN","FM-12","99999","V020","270,1,N,0015,1","00780,1,C,N","004000,1,9,9","+0240,1","+0220,1","10043,1","12,0000,2,1","2,1,02,1","2,1,02,1",,,"03,1,+00660,1,07,1","05,1,+00780,1,06,1",,"9,AGL   ,+99999,+99999","07,99,1,03,1,99,9,00660,1,99,9,99,9",,"99999,9,09426,1",,"50,1","SYN08843063 21596 72703 10240 20220 39426 40043 75022 87700 333 56600 58015 6990/ 83722 85626=",
"43063099999","2025-07-21T18:00:00","4","18.5333333","73.85","558.0","PUNE, IN","FM-12","99999","V020","270,1,N,0005,1","00780,1,C,N","004000,1,9,9","+0234,1","+0213,1","10052,1","15,0000,2,1","5,1,02,1","2,1,02,1",,,"02,1,+00660,1,07,1","05,1,+00780,1,06,1",,"9,AGL   ,+99999,+99999","07,99,1,02,1,99,9,00660,1,99,9,99,9",,"99999,9,09433,1",,"02,1","SYN08843063 21596 72701 10234 20213 39433 40052 70252 87700 333 56600 58011 6990/ 82722 85626=",
"43063099999","2025-07-21T21:00:00","4","18.5333333","73.85","558.0","PUNE, IN","FM-12","99999","V020","270,1,N,0026,1","99999,9,9,N","004000,1,9,9","+0232,1","+0211,1","10039,1","18,0000,2,1",,,,,"01,1,+00660,1,07,1","04,1,+00780,1,06,1",,"9,AGL   ,+99999,+99999","05,99,1,01,1,99,9,00660,1,99,9,99,9",,"99999,9,09422,1",,,"SYN08243063 22596 52705 10232 20211 39422 40039 85700 333 56600 58015 6990/ 81722 84626=",
"43063099999","2025-07-22T00:00:00","4","18.5333333","73.85","558.0","PUNE, IN","FM-12","99999","V020","270,1,N,0010,1","00780,1,C,N","004000,1,9,9","+0230,1","+0212,1","10043,1","21,0000,2,1","2,1,02,1","2,1,02,1",,,"02,1,+00660,1,07,1","04,1,+00780,1,06,1",,"9,AGL   ,+99999,+99999","06,99,1,02,1,99,9,00660,1,99,9,99,9",,"99999,9,09424,1",,"50,1","SYN08843063 21596 62702 10230 20212 39424 40043 75022 86700 333 56600 58024 6990/ 82722 84626=",
"43063099999","2025-07-22T03:00:00","4","18.5333333","73.85","558.0","PUNE, IN","FM-12","99999","V020","270,1,N,0010,1","99999,9,9,N","010000,1,9,9","+0250,1","+0215,1","10050,1","24,0000,2,1",,,,,"01,1,+00660,1,07,1","03,1,+00780,1,06,1",,"9,AGL   ,+99999,+99999","06,99,1,01,1,99,9,00660,1,99,9,99,9","240,N,+0225,1","99999,9,09433,1",,,"SYN10443063 22597 62702 10250 20215 39433 40050 84730 333 20225 56690 58013 6990/ 81722 83626 555 00000 10353=",
"43063099999","2025-07-22T06:00:00","4","18.5333333","73.85","558.0","PUNE, IN","FM-12","99999","V020","270,1,N,0046,1","00780,1,C,N","010000,1,9,9","+0274,1","+0213,1","10041,1",,,,,,"03,1,+00660,1,07,1","05,1,+00780,1,06,1",,"9,AGL   ,+99999,+99999","07,99,1,03,1,99,9,00660,1,99,9,99,9",,"99999,9,09431,1",,,"SYN07643063 32597 72709 10274 20213 39431 40041 87700 333 56600 58010 83722 85626=",
"43063099999","2025-07-22T09:00:00","4","18.5333333","73.85","558.0","PUNE, IN","FM-12","99999","V020","270,1,N,0021,1","00780,1,9,N","010000,1,9,9","+0276,1","+0215,1","10022,1",,,,,,"04,1,+00660,1,07,1","05,1,+00780,1,06,1",,"9,AGL   ,+99999,+99999","08,99,1,04,1,99,9,00660,1,99,9,99,9",,"99999,9,09413,1",,,"SYN07643063 32597 82704 10276 20215 39413 40022 887// 333 566// 58003 84722 85626=",
"43063099999","2025-07-22T12:00:00","4","18.5333333","73.85","558.0","PUNE, IN","FM-12","99999","V020","270,1,N,0021,1","00780,1,9,N","010000,1,9,9","+0262,1","+0225,1","10016,1","09,0001,3,1","6,1,02,1","5,1,02,1",,,"04,1,+00600,1,07,1","05,1,+00780,1,06,1",,"9,AGL   ,+99999,+99999","08,99,1,04,1,99,9,00600,1,99,9,99,9",,"99999,9,09406,1",,"60,1","SYN09443063 21597 82704 10262 20225 39406 40016 76065 887// 333 10289 566// 58001 6991/ 84720 85626=",
"43063099999","2025-07-22T15:00:00","4","18.5333333","73.85","558.0","PUNE, IN","FM-12","99999","V020","270,1,N,0026,1","00780,1,C,N","004000,1,9,9","+0246,1","+0223,1","10039,1","12,0001,3,1","6,1,02,1","5,1,02,1",,,"03,1,+00660,1,07,1","05,1,+00780,1,06,1",,"9,AGL   ,+99999,+99999","07,99,1,03,1,99,9,00660,1,99,9,99,9",,"99999,9,09424,1",,"50,1","SYN08843063 21596 72705 10246 20223 39424 40039 75065 87700 333 56600 59002 6991/ 83722 85626=",
"43063099999","2025-07-22T18:00:00","4","18.5333333","73.85","558.0","PUNE, IN","FM-12","99999","V020","270,1,N,0021,1","00780,1,C,N","004000,1,9,9","+0240,1","+0217,1","10048,1","15,0001,3,1","6,1,02,1","5,1,02,1",,,"02,1,+00660,1,07,1","05,1,+00780,1,06,1",,"9,AGL   ,+99999,+99999","07,99,1,02,1,99,9,00660,1,99,9,99,9",,"99999,9,09430,1",,"50,1","SYN08843063 21596 72704 10240 20217 39430 40048 75065 87700 333 56600 59003 6991/ 82722 85626=",
"43063099999","2025-07-22T21:00:00","4","18.5333333","73.85","558.0","PUNE, IN","FM-12","99999","V020","270,1,N,0026,1","00780,1,C,N","004000,1,9,9","+0234,1","+0213,1","10035,1","18,0001,3,1","5,1,02,1","2,1,02,1",,,"03,1,+00660,1,07,1","05,1,+00780,1,06,1",,"9,AGL   ,+99999,+99999","07,99,1,03,1,99,9,00660,1,99,9,99,9",,"99999,9,09418,1",,"02,1","SYN08843063 21596 72705 10234 20213 39418 40035 70252 87700 333 56600 59009 6991/ 83722 85626=",
"43063099999","2025-07-23T00:00:00","4","18.5333333","73.85","558.0","PUNE, IN","FM-12","99999","V020","270,1,N,0005,1","01800,1,9,N","004000,1,9,9","+0222,1","+0219,1","10030,1","21,0030,3,1","6,1,02,1","5,1,02,1",,,"04,1,+00600,1,07,1","05,1,+01800,1,04,1",,"9,AGL   ,+99999,+99999","08,99,1,04,1,99,9,00600,1,99,9,99,9",,"99999,9,09411,1",,"60,1","SYN08843063 21596 82701 10222 20219 39411 40030 76065 8572/ 333 5669/ 59010 6003/ 84720 85456=",
"43063099999","2025-07-23T03:00:00","4","18.5333333","73.85","558.0","PUNE, IN","FM-12","99999","V020","270,1,N,0031,1","00780,1,C,N","010000,1,9,9","+0236,1","+0213,1","10035,1","24,0030,3,1","6,1,02,1","5,1,02,1",,,"03,1,+00660,1,07,1","04,1,+00780,1,06,1",,"9,AGL   ,+99999,+99999","08,99,1,03,1,99,9,00660,1,99,9,99,9","240,N,+0212,1","99999,9,09418,1",,"02,1","SYN11043063 21597 82706 10236 20213 39418 40035 70265 86720 333 20212 56690 59015 6003/ 83722 84626 555 00035 10356=",
"43063099999","2025-07-23T06:00:00","4","18.5333333","73.85","558.0","PUNE, IN","FM-12","99999","V020","270,1,N,0021,1","00780,1,C,N","010000,1,9,9","+0256,1","+0221,1","10035,1",,,,,,"03,1,+00660,1,07,1","04,1,+00780,1,06,1",,"9,AGL   ,+99999,+99999","07,99,1,03,1,99,9,00660,1,99,9,99,9",,"99999,9,09422,1",,,"SYN07643063 32597 72704 10256 20221 39422 40035 86730 333 56690 59009 83722 84626=",
"43063099999","2025-07-23T09:00:00","4","18.5333333","73.85","558.0","PUNE, IN","FM-12","99999","V020","270,1,N,0021,1","00780,1,C,N","010000,1,9,9","+0258,1","+0211,1","10019,1","06,0000,9,1","6,1,02,1","2,1,02,1",,,"03,1,+00660,1,07,1","04,1,+00780,1,06,1",,"9,AGL   ,+99999,+99999","07,99,1,03,1,99,9,00660,1,99,9,99,9",,"99999,9,09407,1","9,9,999,9,-006,1","02,1","SYN08843063 21597 72704 10258 20211 39407 40019 70262 86730 333 59006 56690 6990/ 83722 84626=","Q01  00002PRCP06"
"43063099999","2025-07-23T12:00:00","4","18.5333333","73.85","558.0","PUNE, IN","FM-12","99999","V020","270,1,N,0015,1","00780,1,C,N","010000,1,9,9","+0240,1","+0220,1","10015,1","09,0000,2,1","6,1,02,1","5,1,02,1",,,"03,1,+00660,1,07,1","05,1,+00780,1,06,1",,"9,AGL   ,+99999,+99999","07,99,1,03,1,99,9,00660,1,99,9,99,9",,"99999,9,09399,1",,"50,1","SYN09443063 21597 72703 10240 20220 39399 40015 75065 87700 333 10269 56600 59007 6990/ 83722 85626=",
"43063099999","2025-07-23T15:00:00","4","18.5333333","73.85","558.0","PUNE, IN","FM-12","99999","V020","270,1,N,0015,1","00780,1,C,N","004000,1,9,9","+0230,1","+0212,1","10025,1","12,0000,2,1","5,1,02,1","2,1,02,1",,,"03,1,+00660,1,07,1","04,1,+00780,1,06,1",,"9,AGL   ,+99999,+99999","06,99,1,03,1,99,9,00660,1,99,9,99,9",,"99999,9,09409,1",,"20,1","SYN08843063 21596 62703 10230 20212 39409 40025 72052 86700 333 56600 59015 6990/ 83722 84626=",
"43063099999","2025-07-23T18:00:00","4","18.5333333","73.85","558.0","PUNE, IN","FM-12","99999","V020","270,1,N,0005,1","00780,1,C,N","004000,1,9,9","+0230,1","+0215,1","10034,1","15,0001,3,1","5,1,02,1","2,1,02,1",,,"03,1,+00660,1,07,1","03,1,+00780,1,06,1",,"9,AGL   ,+99999,+99999","06,99,1,03,1,99,9,00660,1,99,9,99,9",,"99999,9,09415,1",,"02,1","SYN08843063 21596 62701 10230 20215 39415 40034 70252 86700 333 56600 59015 6991/ 83722 83626=",
"43063099999","2025-07-23T21:00:00","4","18.5333333","73.85","558.0","PUNE, IN","FM-12","99999","V020","270,1,N,0005,1","00780,1,C,N","002000,1,9,9","+0224,1","+0218,1","10019,1","18,0006,3,1","2,1,02,1","2,1,02,1",,,"04,1,+00660,1,07,1","04,1,+00780,1,06,1",,"9,AGL   ,+99999,+99999","07,99,1,04,1,99,9,00660,1,99,9,99,9",,"99999,9,09401,1",,"60,1","SYN08843063 21595 72701 10224 20218 39401 40019 76022 87700 333 56600 59017 6996/ 84722 84626=",
"43063099999","2025-07-24T00:00:00","4","18.5333333","73.85","558.0","PUNE, IN","FM-12","99999","V020","270,1,N,0005,1","00780,1,C,N","004000,1,9,9","+0228,1","+0216,1","10011,1","21,0009,3,1","6,1,02,1","5,1,02,1",,,"03,1,+00660,1,07,1","04,1,+00780,1,06,1",,"9,AGL   ,+99999,+99999","07,99,1,03,1,99,9,00660,1,99,9,99,9",,"99999,9,09393,1",,"20,1","SYN08843063 21596 72701 10228 20216 39393 40011 72065 87700 333 56600 59018 6999/ 83722 84626=",
"43063099999","2025-07-24T03:00:00","4","18.5333333","73.85","558.0","PUNE, IN","FM-12","99999","V020","270,1,N,0005,1","00780,1,C,N","010000,1,9,9","+0234,1","+0222,1","10024,1","24,0020,3,1","6,1,02,1","5,1,02,1",,,"03,1,+00660,1,07,1","03,1,+00780,1,06,1",,"9,AGL   ,+99999,+99999","07,99,1,03,1,99,9,00660,1,99,9,99,9","240,N,+0219,1","99999,9,09408,1",,"20,1","SYN11043063 21597 72701 10234 20222 39408 40024 72065 86730 333 20219 56690 59010 6002/ 83722 83626 555 00019 10358=",
"43063099999","2025-07-24T06:00:00","4","18.5333333","73.85","558.0","PUNE, IN","FM-12","99999","V020","270,1,N,0031,1","00780,1,C,N","010000,1,9,9","+0240,1","+0226,1","10026,1","03,0001,3,1","6,1,02,1","5,1,02,1",,,"03,1,+00660,1,07,1","03,1,+00780,1,06,1",,"9,AGL   ,+99999,+99999","07,99,1,03,1,99,9,00660,1,99,9,99,9",,"99999,9,09410,1",,"20,1","SYN08843063 21597 72706 10240 20226 39410 40026 72065 86730 333 56690 59012 6991/ 83722 83626=",
"43063099999","2025-07-24T09:00:00","4","18.5333333","73.85","558.0","PUNE, IN","FM-12","99999","V020","270,1,N,0015,1","00780,1,9,N","010000,1,9,9","+0252,1","+0220,1","10008,1","06,0001,3,1",,,,,"03,1,+00660,1,07,1","06,1,+00780,1,06,1",,"9,AGL   ,+99999,+99999","08,99,1,03,1,99,9,00660,1,99,9,99,9",,"99999,9,09396,1",,,"SYN08243063 22597 82703 10252 20220 39396 40008 887// 333 566// 59011 6991/ 83722 86626=",
"43063099999","2025-07-24T12:00:00","4","18.5333333","73.85","558.0","PUNE, IN","FM-12","99999","V020","270,1,N,0015,1","00780,1,9,N","010000,1,9,9","+0234,1","+0222,1","09999,1","09,0002,3,1","2,1,02,1","2,1,02,1",,,"04,1,+00660,1,07,1","06,1,+00780,1,06,1",,"9,AGL   ,+99999,+99999","08,99,1,04,1,99,9,00660,1,99,9,99,9",,"99999,9,09384,1",,"50,1","SYN09443063 21597 82703 10234 20222 39384 49999 75022 887// 333 10261 566// 59016 6992/ 84722 86626=",
"43063099999","2025-07-24T15:00:00","4","18.5333333","73.85","558.0","PUNE, IN","FM-12","99999","V020","999,9,C,0000,1","01800,1,C,N","004000,1,9,9","+0236,1","+0215,1","10013,1","12,0002,3,1",,,,,"04,1,+00780,1,06,1","04,1,+01800,1,03,1",,"9,AGL   ,+99999,+99999","07,99,1,04,1,99,9,00780,1,99,9,99,9",,"99999,9,09397,1","9,9,999,9,-012,1",,"SYN07643063 22596 70000 10236 20215 39397 40013 84530 333 59012 6992/ 84626 84356=",
"43063099999","2025-07-24T18:00:00","4","18.5333333","73.85","558.0","PUNE, IN","FM-12","99999","V020","999,9,C,0000,1","01800,1,9,N","004000,1,9,9","+0234,1","+0222,1","10022,1","15,0002,3,1","3,1,02,1",,,,"04,1,+00780,1,06,1","05,1,+01800,1,03,1",,"9,AGL   ,+99999,+99999","08,99,1,04,1,99,9,00780,1,99,9,99,9",,"99999,9,09406,1","9,9,999,9,-009,1","45,1","SYN07643063 22596 80000 10234 20222 39406 40022 7453/ 333 59009 6992/ 84626 85356=",
"43063099999","2025-07-24T21:00:00","4","18.5333333","73.85","558.0","PUNE, IN","FM-12","99999","V020","999,9,C,0000,1","01800,1,C,N","004000,1,9,9","+0232,1","+0226,1","10002,1","18,0005,3,1","6,1,02,1","5,1,02,1",,,"04,1,+00780,1,06,1","04,1,+01800,1,04,1",,"9,AGL   ,+99999,+99999","08,99,1,04,1,99,9,00780,1,99,9,99,9",,"99999,9,09387,1","9,9,999,9,-014,1","50,1","SYN08243063 21596 80000 10232 20226 39387 40002 75065 8452/ 333 59014 6995/ 84626 84456=",
"43063099999","2025-07-25T00:00:00","4","18.5333333","73.85","558.0","PUNE, IN","FM-12","99999","V020","270,1,N,0005,1","01800,1,C,N","004000,1,9,9","+0230,1","+0227,1","10000,1","21,0040,3,1","6,1,02,1","5,1,02,1",,,"04,1,+00660,1,07,1","04,1,+01800,1,04,1",,"9,AGL   ,+99999,+99999","08,99,1,04,1,99,9,00660,1,99,9,99,9",,"99999,9,09383,1",,"61,1","SYN08843063 21596 82701 10230 20227 39383 40000 76165 8672/ 333 5669/ 59010 6004/ 84722 84456=",
"43063099999","2025-07-25T03:00:00","4","18.5333333","73.85","558.0","PUNE, IN","FM-12","99999","V020","999,9,C,0000,1","01800,1,C,N","010000,1,9,9","+0234,1","+0225,1","10016,1","24,0070,3,1","6,1,02,1","2,1,02,1",,,"04,1,+00600,1,07,1","04,1,+01800,1,04,1",,"9,AGL   ,+99999,+99999","08,99,1,04,1,99,9,00600,1,99,9,99,9","240,N,+0223,1","99999,9,09400,1",,"61,1","SYN11043063 21597 80000 10234 20225 39400 40016 76162 8472/ 333 20223 5669/ 59008 6007/ 84720 84456 555 00065 10365=",
"43063099999","2025-07-25T06:00:00","4","18.5333333","73.85","558.0","PUNE, IN","FM-12","99999","V020","270,1,N,0005,1","01800,1,C,N","004000,1,9,9","+0240,1","+0226,1","10024,1","03,0010,3,1","6,1,02,1","5,1,02,1",,,"04,1,+00660,1,07,1","04,1,+01800,1,04,1",,"9,AGL   ,+99999,+99999","08,99,1,04,1,99,9,00660,1,99,9,99,9",,"99999,9,09408,1",,"61,1","SYN08843063 21596 82701 10240 20226 39408 40024 76165 8472/ 333 5669/ 59002 6001/ 84722 84456=",
"43063099999","2025-07-25T09:00:00","4","18.5333333","73.85","558.0","PUNE, IN","FM-12","99999","V020","270,1,N,0005,1","01800,1,C,N","004000,1,9,9","+0250,1","+0230,1","10009,1","06,0020,3,1","6,1,02,1","5,1,02,1",,,"03,1,+00600,1,07,1","05,1,+01800,1,04,1",,"9,AGL   ,+99999,+99999","08,99,1,03,1,99,9,00600,1,99,9,99,9",,"99999,9,09395,1",,"50,1","SYN08843063 21596 82701 10250 20230 39395 40009 75065 8472/ 333 5669/ 59015 6002/ 83720 85456=",
"43063099999","2025-07-25T12:00:00","4","18.5333333","73.85","558.0","PUNE, IN","FM-12","99999","V020","270,1,N,0015,1","01800,1,9,N","004000,1,9,9","+0236,1","+0221,1","09998,1","09,0030,3,1","6,1,02,1","5,1,02,1",,,"04,1,+00600,1,07,1","05,1,+01800,1,04,1",,"9,AGL   ,+99999,+99999","08,99,1,04,1,99,9,00600,1,99,9,99,9",,"99999,9,09383,1",,"50,1","SYN09443063 21596 82703 10236 20221 39383 49998 75065 8472/ 333 10259 5669/ 59001 6003/ 84720 85456=",
"43063099999","2025-07-25T15:00:00","4","18.5333333","73.85","558.0","PUNE, IN","FM-12","99999","V020","270,1,N,0010,1","00600,1,C,N","004000,1,9,9","+0232,1","+0220,1","10016,1","12,0030,3,1","5,1,02,1","2,1,02,1",,,"05,1,+00600,1,07,1","03,1,+01800,1,04,1",,"9,AGL   ,+99999,+99999","08,99,1,05,1,99,9,00600,1,99,9,99,9",,"99999,9,09400,1",,"50,1","SYN08843063 21596 82702 10232 20220 39400 40016 75052 8672/ 333 5669/ 58003 6003/ 85720 83456=",
"43063099999","2025-07-25T18:00:00","4","18.5333333","73.85","558.0","PUNE, IN","FM-12","99999","V020","270,1,N,0010,1","00780,1,C,N","004000,1,9,9","+0232,1","+0220,1","10021,1","15,0030,3,1","5,1,02,1","2,1,02,1",,,"04,1,+00600,1,07,1","03,1,+00780,1,06,1",,"9,AGL   ,+99999,+99999","08,99,1,04,1,99,9,00600,1,99,9,99,9",,"99999,9,09405,1",,"50,1","SYN08843063 21596 82702 10232 20220 39405 40021 75052 8672/ 333 5669/ 59001 6003/ 84720 83626=",
"43063099999","2025-07-25T21:00:00","4","18.5333333","73.85","558.0","PUNE, IN","FM-12","99999","V020","270,1,N,0010,1","01800,1,C,N","002000,1,9,9","+0232,1","+0223,1","10004,1","18,0040,3,1","5,1,02,1","2,1,02,1",,,"04,1,+00600,1,07,1","03,1,+01800,1,04,1",,"9,AGL   ,+99999,+99999","08,99,1,04,1,99,9,00600,1,99,9,99,9",,"99999,9,09389,1",,"50,1","SYN08843063 21595 82702 10232 20223 39389 40004 75052 8672/ 333 5669/ 58002 6004/ 84720 83456=",
"43063099999","2025-07-26T00:00:00","4","18.5333333","73.85","558.0","PUNE, IN","FM-12","99999","V020","270,1,N,0010,1","01800,1,C,N","002000,1,9,9","+0230,1","+0227,1","10006,1","21,0080,3,1","6,1,02,1","5,1,02,1",,,"04,1,+00600,1,07,1","04,1,+01800,1,04,1",,"9,AGL   ,+99999,+99999","08,99,1,04,1,99,9,00600,1,99,9,99,9",,"99999,9,09389,1",,"60,1","SYN08843063 21595 82702 10230 20227 39389 40006 76065 8472/ 333 5669/ 58006 6008/ 84720 84456=",
"43063099999","2025-07-26T03:00:00","4","18.5333333","73.85","558.0","PUNE, IN","FM-12","99999","V020","270,1,N,0010,1","01800,1,9,N","004000,1,9,9","+0234,1","+0228,1","10023,1","24,0130,3,1","6,1,02,1","5,1,02,1",,,"04,1,+00600,1,07,1","05,1,+01800,1,04,1",,"9,AGL   ,+99999,+99999","08,99,1,04,1,99,9,00600,1,99,9,99,9","240,N,+0222,1","99999,9,09407,1",,"60,1","SYN11043063 21596 82702 10234 20228 39407 40023 76065 8472/ 333 20222 5669/ 58007 6013/ 84720 85456 555 00131 10378=",
"43063099999","2025-07-26T06:00:00","4","18.5333333","73.85","558.0","PUNE, IN","FM-12","99999","V020","270,1,N,0021,1","01800,1,C,N","004000,1,9,9","+0244,1","+0224,1","10026,1","03,0010,3,1","6,1,02,1","5,1,02,1",,,"03,1,+00600,1,07,1","05,1,+01800,1,04,1",,"9,AGL   ,+99999,+99999","08,99,1,03,1,99,9,00600,1,99,9,99,9",,"99999,9,09411,1",,"51,1","SYN08843063 21596 82704 10244 20224 39411 40026 75165 8472/ 333 5669/ 58003 6001/ 83720 85456=",
"43063099999","2025-07-26T09:00:00","4","18.5333333","73.85","558.0","PUNE, IN","FM-12","99999","V020","270,1,N,0010,1","01800,1,C,N","004000,1,9,9","+0248,1","+0222,1","10015,1","06,0020,3,1","6,1,02,1","5,1,02,1",,,"04,1,+00600,1,07,1","03,1,+01800,1,04,1",,"9,AGL   ,+99999,+99999","08,99,1,04,1,99,9,00600,1,99,9,99,9",,"99999,9,09401,1",,"51,1","SYN08843063 21596 82702 10248 20222 39401 40015 75165 8572/ 333 5669/ 58006 6002/ 84720 83456=",
"43063099999","2025-07-26T12:00:00","4","18.5333333","73.85","558.0","PUNE, IN","FM-12","99999","V020","270,1,N,0015,1","01800,1,C,N","010000,1,9,9","+0236,1","+0222,1","10009,1","09,0020,3,1","6,1,02,1","5,1,02,1",,,"04,1,+00600,1,07,1","03,1,+01800,1,04,1",,"9,AGL   ,+99999,+99999","08,99,1,04,1,99,9,00600,1,99,9,99,9",,"99999,9,09393,1",,"20,1","SYN09443063 21597 82703 10236 20222 39393 40009 72065 8572/ 333 10266 5669/ 58010 6002/ 84720 83456=",
"43063099999","2025-07-26T15:00:00","4","18.5333333","73.85","558.0","PUNE, IN","FM-12","99999","V020","270,1,N,0015,1","00780,1,C,N","004000,1,9,9","+0234,1","+0222,1","10024,1","12,0020,3,1","5,1,02,1","5,1,02,1",,,"03,1,+00660,1,07,1","05,1,+00780,1,06,1",,"9,AGL   ,+99999,+99999","07,99,1,03,1,99,9,00660,1,99,9,99,9",,"99999,9,09408,1",,"50,1","SYN08843063 21596 72703 10234 20222 39408 40024 75055 87700 333 56600 58008 6002/ 83722 85626=",
"43063099999","2025-07-26T18:00:00","4","18.5333333","73.85","558.0","PUNE, IN","FM-12","99999","V020","270,1,N,0026,1","01800,1,9,N","004000,1,9,9","+0232,1","+0217,1","10033,1","15,0030,3,1","6,1,02,1","5,1,02,1",,,"04,1,+00600,1,07,1","05,1,+01800,1,04,1",,"9,AGL   ,+99999,+99999","08,99,1,04,1,99,9,00600,1,99,9,99,9",,"99999,9,09416,1",,"60,1","SYN08843063 21596 82705 10232 20217 39416 40033 76065 8472/ 333 5669/ 58011 6003/ 84720 85456=",
"43063099999","2025-07-26T21:00:00","4","18.5333333","73.85","558.0","PUNE, IN","FM-12","99999","V020","270,1,N,0046,1","01800,1,9,N","004000,1,9,9","+0226,1","+0217,1","10021,1","18,0070,3,1","6,1,02,1","5,1,02,1",,,"04,1,+00600,1,07,1","05,1,+01800,1,04,1",,"9,AGL   ,+99999,+99999","08,99,1,04,1,99,9,00600,1,99,9,99,9",,"99999,9,09408,1",,"60,1","SYN08843063 21596 82709 10226 20217 39408 40021 76065 8472/ 333 5669/ 58019 6007/ 84720 85456=",
"43063099999","2025-07-27T00:00:00","4","18.5333333","73.85","558.0","PUNE, IN","FM-12","99999","V020","270,1,N,0046,1","00780,1,C,N","004000,1,9,9","+0230,1","+0209,1","10020,1","21,0080,3,1","6,1,02,1","5,1,02,1",,,"02,1,+00660,1,07,1","05,1,+00780,1,06,1",,"9,AGL   ,+99999,+99999","06,99,1,02,1,99,9,00660,1,99,9,99,9",,"99999,9,09402,1",,"02,1","SYN08843063 21596 62709 10230 20209 39402 40020 70265 86700 333 56600 58013 6008/ 82722 85626=",
"43063099999","2025-07-27T03:00:00","4","18.5333333","73.85","558.0","PUNE, IN","FM-12","99999","V020","270,1,N,0026,1","00780,1,C,N","004000,1,9,9","+0234,1","+0213,1","10036,1","24,0080,3,1","6,1,02,1","5,1,02,1",,,"04,1,+00660,1,07,1","04,1,+00780,1,06,1",,"9,AGL   ,+99999,+99999","08,99,1,04,1,99,9,00660,1,99,9,99,9","240,N,+0219,1","99999,9,09419,1",,"50,1","SYN11043063 21596 82705 10234 20213 39419 40036 75065 8773/ 333 20219 5669/ 58012 6008/ 84722 84626 555 00082 10386=",
"43063099999","2025-07-27T06:00:00","4","18.5333333","73.85","558.0","PUNE, IN","FM-12","99999","V020","270,1,N,0041,1","00780,1,C,N","004000,1,9,9","+0256,1","+0212,1","10039,1","03,0000,2,1","6,1,02,1","5,1,02,1",,,"04,1,+00600,1,07,1","04,1,+00780,1,06,1",,"9,AGL   ,+99999,+99999","08,99,1,04,1,99,9,00600,1,99,9,99,9",,"99999,9,09426,1",,"60,1","SYN08843063 21596 82708 10256 20212 39426 40039 76065 8773/ 333 5669/ 58015 6990/ 84720 84626=",
"43063099999","2025-07-27T09:00:00","4","18.5333333","73.85","558.0","PUNE, IN","FM-12","99999","V020","270,1,N,0026,1","00780,1,C,N","010000,1,9,9","+0258,1","+0220,1","10025,1","06,0008,3,1","6,1,02,1","5,1,02,1",,,"03,1,+00660,1,07,1","04,1,+00780,1,06,1",,"9,AGL   ,+99999,+99999","07,99,1,03,1,99,9,00660,1,99,9,99,9",,"99999,9,09412,1",,"02,1","SYN08843063 21597 72705 10258 20220 39412 40025 70265 87700 333 56600 58011 6998/ 83722 84626=",
"43063099999","2025-07-27T12:00:00","4","18.5333333","73.85","558.0","PUNE, IN","FM-12","99999","V020","270,1,N,0026,1","00780,1,9,N","004000,1,9,9","+0250,1","+0212,1","10025,1","09,0010,3,1","6,1,02,1","5,1,02,1",,,"04,1,+00600,1,07,1","05,1,+00780,1,06,1",,"9,AGL   ,+99999,+99999","08,99,1,04,1,99,9,00600,1,99,9,99,9",,"99999,9,09410,1",,"60,1","SYN08843063 21596 82705 10250 20212 39410 40025 76065 887// 333 10263 566// 6001/ 84720 85626=",
"43063099999","2025-07-27T15:00:00","4","18.5333333","73.85","558.0","PUNE, IN","FM-12","99999","V020","270,1,N,0015,1","00780,1,9,N","004000,1,9,9","+0234,1","+0216,1","10038,1","12,0010,3,1","6,1,02,1","5,1,02,1",,,"04,1,+00600,1,07,1","05,1,+00780,1,06,1",,"9,AGL   ,+99999,+99999","08,99,1,04,1,99,9,00600,1,99,9,99,9",,"99999,9,09421,1",,"60,1","SYN08843063 21596 82703 10234 20216 39421 40038 76065 8773/ 333 5669/ 58013 6001/ 84720 85626=",
"43063099999","2025-07-27T18:00:00","4","18.5333333","73.85","558.0","PUNE, IN","FM-12","99999","V020","270,1,N,0021,1","00780,1,9,N","004000,1,9,9","+0232,1","+0214,1","10051,1","15,0030,3,1","6,1,02,1","5,1,02,1",,,"04,1,+00600,1,07,1","05,1,+00780,1,06,1",,"9,AGL   ,+99999,+99999","08,99,1,04,1,99,9,00600,1,99,9,99,9",,"99999,9,09432,1",,"50,1","SYN08843063 21596 82704 10232 20214 39432 40051 75065 887// 333 566// 58016 6003/ 84720 85626=",
"43063099999","2025-07-27T21:00:00","4","18.5333333","73.85","558.0","PUNE, IN","FM-12","99999","V020","270,1,N,0010,1","00780,1,C,N","004000,1,9,9","+0232,1","+0208,1","10038,1","18,0030,3,1","6,1,02,1","5,1,02,1",,,"04,1,+00600,1,07,1","04,1,+00780,1,06,1",,"9,AGL   ,+99999,+99999","08,99,1,04,1,99,9,00600,1,99,9,99,9",,"99999,9,09421,1",,"21,1","SYN08843063 21596 82702 10232 20208 39421 40038 72165 8773/ 333 5669/ 58018 6003/ 84720 84626=",
"43063099999","2025-07-28T00:00:00","4","18.5333333","73.85","558.0","PUNE, IN","FM-12","99999","V020","270,1,N,0010,1","01800,1,C,N","004000,1,9,9","+0218,1","+0209,1","10045,1","21,0050,3,1","6,1,02,1","5,1,02,1",,,"04,1,+00600,1,07,1","04,1,+01800,1,04,1",,"9,AGL   ,+99999,+99999","08,99,1,04,1,99,9,00600,1,99,9,99,9",,"99999,9,09423,1",,"61,1","SYN08843063 21596 82702 10218 20209 39423 40045 76165 8672/ 333 5669/ 58021 6005/ 84720 84456=",
"43063099999","2025-07-28T03:00:00","4","18.5333333","73.85","558.0","PUNE, IN","FM-12","99999","V020","270,1,N,0010,1","00780,1,C,N","010000,1,9,9","+0230,1","+0215,1","10056,1","24,0060,3,1","6,1,02,1","5,1,02,1",,,"04,1,+00600,1,07,1","03,1,+00780,1,06,1",,"9,AGL   ,+99999,+99999","07,99,1,04,1,99,9,00600,1,99,9,99,9","240,N,+0211,1","99999,9,09436,1",,"50,1","SYN11043063 21597 72702 10230 20215 39436 40056 75065 86720 333 20211 56690 58017 6006/ 84720 83626 555 00060 10392=",
"43063099999","2025-07-28T06:00:00","4","18.5333333","73.85","558.0","PUNE, IN","FM-12","99999","V020","270,1,N,0041,1","00780,1,C,N","010000,1,9,9","+0250,1","+0227,1","10052,1","03,0002,3,1","5,1,02,1","2,1,02,1",,,"03,1,+00600,1,07,1","03,1,+00780,1,06,1",,"9,AGL   ,+99999,+99999","07,99,1,03,1,99,9,00600,1,99,9,99,9",,"99999,9,09436,1",,"21,1","SYN08843063 21597 72708 10250 20227 39436 40052 72152 85730 333 56690 58010 6992/ 83720 83626=",
"43063099999","2025-07-28T09:00:00","4","18.5333333","73.85","558.0","PUNE, IN","FM-12","99999","V020","270,1,N,0041,1","00780,1,9,N","004000,1,9,9","+0248,1","+0213,1","10043,1","06,0004,3,1","5,1,02,1","2,1,02,1",,,"04,1,+00660,1,07,1","05,1,+00780,1,06,1",,"9,AGL   ,+99999,+99999","08,99,1,04,1,99,9,00660,1,99,9,99,9",,"99999,9,09428,1",,"50,1","SYN08843063 21596 82708 10248 20213 39428 40043 75052 887// 333 566// 58016 6994/ 84722 85626=",
"43063099999","2025-07-28T12:00:00","4","18.5333333","73.85","558.0","PUNE, IN","FM-12","99999","V020","270,1,N,0026,1","00780,1,C,N","010000,1,9,9","+0250,1","+0215,1","10035,1","09,0007,3,1","5,1,02,1","2,1,02,1",,,"02,1,+00660,1,07,1","04,1,+00780,1,06,1",,"9,AGL   ,+99999,+99999","07,99,1,02,1,99,9,00660,1,99,9,99,9",,"99999,9,09420,1",,"02,1","SYN09443063 21597 72705 10250 20215 39420 40035 70252 85730 333 10271 56690 58010 6997/ 82722 84626=",
"43063099999","2025-07-28T15:00:00","4","18.5333333","73.85","558.0","PUNE, IN","FM-12","99999","V020","270,1,N,0015,1","00780,1,C,N","004000,1,9,9","+0234,1","+0213,1","10052,1","12,0008,3,1","5,1,02,1","2,1,02,1",,,"03,1,+00660,1,07,1","04,1,+00780,1,06,1",,"9,AGL   ,+99999,+99999","06,99,1,03,1,99,9,00660,1,99,9,99,9",,"99999,9,09433,1",,"50,1","SYN08843063 21596 62703 10234 20213 39433 40052 75052 86700 333 56600 58012 6998/ 83722 84626=",
"43063099999","2025-07-28T18:00:00","4","18.5333333","73.85","558.0","PUNE, IN","FM-12","99999","V020","270,1,N,0015,1","00780,1,C,N","002000,1,9,9","+0230,1","+0218,1","10061,1","15,0010,3,1","5,1,02,1","2,1,02,1",,,"03,1,+00660,1,07,1","04,1,+00780,1,06,1",,"9,AGL   ,+99999,+99999","07,99,1,03,1,99,9,00660,1,99,9,99,9",,"99999,9,09440,1",,"50,1","SYN08843063 21595 72703 10230 20218 39440 40061 75052 87700 333 56600 58008 6001/ 83722 84626=",
"43063099999","2025-07-28T21:00:00","4","18.5333333","73.85","558.0","PUNE, IN","FM-12","99999","V020","270,1,N,0026,1","00780,1,C,N","002000,1,9,9","+0228,1","+0216,1","10048,1","18,0020,3,1","5,1,02,1","2,1,02,1",,,"04,1,+00600,1,07,1","04,1,+00780,1,06,1",,"9,AGL   ,+99999,+99999","07,99,1,04,1,99,9,00600,1,99,9,99,9",,"99999,9,09429,1",,"50,1","SYN08843063 21595 72705 10228 20216 39429 40048 75052 87700 333 56600 58008 6002/ 84720 84626=",
"43063099999","2025-07-29T00:00:00","4","18.5333333","73.85","558.0","PUNE, IN","FM-12","99999","V020","270,1,N,0026,1","00780,1,C,N","004000,1,9,9","+0228,1","+0210,1","10045,1","21,0020,3,1","5,1,02,1","2,1,02,1",,,"03,1,+00600,1,07,1","04,1,+00780,1,06,1",,"9,AGL   ,+99999,+99999","06,99,1,03,1,99,9,00600,1,99,9,99,9",,"99999,9,09426,1",,"02,1","SYN08843063 21596 62705 10228 20210 39426 40045 70252 86700 333 56600 58003 6002/ 83720 84626=",
"43063099999","2025-07-29T06:00:00","4","18.5333333","73.85","558.0","PUNE, IN","FM-12","99999","V020","270,1,N,0021,1","00780,1,C,N","010000,1,9,9","+0242,1","+0222,1","10053,1","03,0005,3,1","6,1,02,1","5,1,02,1",,,"03,1,+00660,1,07,1","04,1,+00780,1,06,1",,"9,AGL   ,+99999,+99999","07,99,1,03,1,99,9,00660,1,99,9,99,9",,"99999,9,09436,1",,"21,1","SYN08843063 21597 72704 10242 20222 39436 40053 72165 87700 333 56600 58000 6995/ 83722 84626=",
"43063099999","2025-07-29T09:00:00","4","18.5333333","73.85","558.0","PUNE, IN","FM-12","99999","V020","270,1,N,0021,1","00780,1,C,N","010000,1,9,9","+0260,1","+0216,1","10037,1","06,0007,3,1","6,1,02,1","5,1,02,1",,,"03,1,+00660,1,07,1","05,1,+00780,1,06,1",,"9,AGL   ,+99999,+99999","07,99,1,03,1,99,9,00660,1,99,9,99,9",,"99999,9,09424,1",,"02,1","SYN08843063 21597 72704 10260 20216 39424 40037 70265 87700 333 56600 59004 6997/ 83722 85626=",
"43063099999","2025-07-29T12:00:00","4","18.5333333","73.85","558.0","PUNE, IN","FM-12","99999","V020","270,1,N,0057,1","00780,1,C,9","010000,1,9,9","+0250,1","+0212,1","10036,1",,"6,1,99,9","5,1,99,9",,,"02,1,+00660,1,07,1","03,1,+00780,1,06,1","05,1,+01800,1,03,1","9,AGL   ,+99999,+99999","07,99,1,02,1,99,9,00660,1,99,9,99,9",,"99999,9,09421,1","9,9,999,9,+001,1","02,1","SYN004BUFR",
"43063099999","2025-07-29T15:00:00","4","18.5333333","73.85","558.0","PUNE, IN","FM-12","99999","V020","270,1,N,0015,1","00780,1,C,N","004000,1,9,9","+0232,1","+0217,1","10047,1","12,0008,3,1","5,1,02,1","2,1,02,1",,,"03,1,+00660,1,07,1","03,1,+00780,1,06,1",,"9,AGL   ,+99999,+99999","05,99,1,03,1,99,9,00660,1,99,9,99,9",,"99999,9,09430,1",,"20,1","SYN08843063 21596 52703 10232 20217 39430 40047 72052 85700 333 56600 59003 6998/ 83722 83626=",
"43063099999","2025-07-29T18:00:00","4","18.5333333","73.85","558.0","PUNE, IN","FM-12","99999","V020","270,1,N,0026,1","00780,1,C,N","004000,1,9,9","+0232,1","+0214,1","10054,1","15,0008,3,1","5,1,02,1","2,1,02,1",,,"03,1,+00660,1,07,1","03,1,+00780,1,06,1",,"9,AGL   ,+99999,+99999","06,99,1,03,1,99,9,00660,1,99,9,99,9",,"99999,9,09435,1",,"02,1","SYN08843063 21596 62705 10232 20214 39435 40054 70252 86700 333 56600 59005 6998/ 83722 83626=",
"43063099999","2025-07-29T21:00:00","4","18.5333333","73.85","558.0","PUNE, IN","FM-12","99999","V020","270,1,N,0015,1","00780,1,9,N","004000,1,9,9","+0232,1","+0210,1","10036,1","18,0008,3,1",,,,,"04,1,+00660,1,07,1","05,1,+00780,1,06,1",,"9,AGL   ,+99999,+99999","08,99,1,04,1,99,9,00660,1,99,9,99,9",,"99999,9,09419,1",,,"SYN08243063 22596 82703 10232 20210 39419 40036 887// 333 56600 59010 6998/ 84722 85626=",
"43063099999","2025-07-30T00:00:00","4","18.5333333","73.85","558.0","PUNE, IN","FM-12","99999","V020","270,1,N,0031,1","00780,1,9,N","004000,1,9,9","+0230,1","+0208,1","10031,1","21,0030,3,1","6,1,02,1","5,1,02,1",,,"04,1,+00600,1,07,1","06,1,+00780,1,06,1",,"9,AGL   ,+99999,+99999","08,99,1,04,1,99,9,00600,1,99,9,99,9",,"99999,9,09412,1",,"21,1","SYN08843063 21596 82706 10230 20208 39412 40031 72165 887// 333 56600 59014 6003/ 84720 86626=",
"43063099999","2025-07-30T03:00:00","4","18.5333333","73.85","558.0","PUNE, IN","FM-12","99999","V020","270,1,N,0015,1","00600,1,C,N","004000,1,9,9","+0236,1","+0215,1","10048,1","24,0030,3,1","6,1,02,1","5,1,02,1",,,"05,1,+00600,1,07,1","07,1,+00780,1,06,1",,"9,AGL   ,+99999,+99999","08,99,1,05,1,99,9,00600,1,99,9,99,9","240,N,+0219,1","99999,9,09430,1",,"50,1","SYN11043063 21596 82703 10236 20215 39430 40048 75065 887// 333 20219 566// 59001 6003/ 85720 87626 555 00028 10397=",
"43063099999","2025-07-30T06:00:00","4","18.5333333","73.85","558.0","PUNE, IN","FM-12","99999","V020","270,1,N,0051,1","00600,1,C,N","004000,1,9,9","+0260,1","+0216,1","10043,1","03,0001,3,1","6,1,02,1","5,1,02,1",,,"05,1,+00600,1,07,1",,,"9,AGL   ,+99999,+99999","07,99,1,05,1,99,9,00600,1,99,9,99,9",,"99999,9,09430,1",,"50,1","SYN08243063 21596 72710 10260 20216 39430 40043 75065 87700 333 56600 59006 6991/ 85720=",
"43063099999","2025-07-30T09:00:00","4","18.5333333","73.85","558.0","PUNE, IN","FM-12","99999","V020","270,1,N,0026,1","00780,1,C,N","010000,1,9,9","+0250,1","+0221,1","10038,1","06,0002,3,1","5,1,02,1","2,1,02,1",,,"03,1,+00660,1,07,1","05,1,+00780,1,06,1",,"9,AGL   ,+99999,+99999","07,99,1,03,1,99,9,00660,1,99,9,99,9",,"99999,9,09423,1",,"20,1","SYN08843063 21597 72705 10250 20221 39423 40038 72052 87700 333 56600 59001 6992/ 83722 85626=",
"43063099999","2025-07-30T12:00:00","4","18.5333333","73.85","558.0","PUNE, IN","FM-12","99999","V020","270,1,N,0021,1","00660,1,C,N","010000,1,9,9","+0240,1","+0223,1","10040,1","09,0003,3,1","6,1,02,1","5,1,02,1",,,"05,1,+00660,1,07,1","04,1,+00780,1,06,1",,"9,AGL   ,+99999,+99999","08,99,1,05,1,99,9,00660,1,99,9,99,9",,"99999,9,09423,1",,"20,1","SYN09443063 21597 82704 10240 20223 39423 40040 72065 887// 333 10265 566// 58002 6993/ 85722 84626=",
"43063099999","2025-07-30T15:00:00","4","18.5333333","73.85","558.0","PUNE, IN","FM-12","99999","V020","270,1,N,0041,1","00780,1,C,N","004000,1,9,9","+0240,1","+0214,1","10053,1","12,0005,3,1","6,1,02,1","5,1,02,1",,,"03,1,+00660,1,07,1","05,1,+00780,1,06,1",,"9,AGL   ,+99999,+99999","07,99,1,03,1,99,9,00660,1,99,9,99,9",,"99999,9,09434,1",,"02,1","SYN08843063 21596 72708 10240 20214 39434 40053 70265 87700 333 56600 58004 6995/ 83722 85626=",
"43063099999","2025-07-30T18:00:00","4","18.5333333","73.85","558.0","PUNE, IN","FM-12","99999","V020","270,1,N,0015,1","00780,1,C,N","004000,1,9,9","+0236,1","+0221,1","10055,1","15,0007,3,1","6,1,02,1","5,1,02,1",,,"03,1,+00600,1,07,1","05,1,+00780,1,06,1",,"9,AGL   ,+99999,+99999","07,99,1,03,1,99,9,00600,1,99,9,99,9",,"99999,9,09436,1",,"21,1","SYN08843063 21596 72703 10236 20221 39436 40055 72165 87700 333 56600 58001 6997/ 83720 85626=",
"43063099999","2025-07-30T21:00:00","4","18.5333333","73.85","558.0","PUNE, IN","FM-12","99999","V020","270,1,N,0021,1","00600,1,C,N","004000,1,9,9","+0234,1","+0216,1","10039,1","18,0007,3,1","5,1,02,1","2,1,02,1",,,"05,1,+00600,1,07,1",,,"9,AGL   ,+99999,+99999","07,99,1,05,1,99,9,00600,1,99,9,99,9",,"99999,9,09422,1",,"50,1","SYN08243063 21596 72704 10234 20216 39422 40039 75052 87700 333 56600 58003 6997/ 85720=",
"43063099999","2025-07-31T00:00:00","4","18.5333333","73.85","558.0","PUNE, IN","FM-12","99999","V020","270,1,N,0051,1","00780,1,C,N","004000,1,9,9","+0238,1","+0212,1","10037,1","21,0009,3,1","6,1,02,1","5,1,02,1",,,"03,1,+00600,1,07,1","05,1,+00780,1,06,1",,"9,AGL   ,+99999,+99999","07,99,1,03,1,99,9,00600,1,99,9,99,9",,"99999,9,09420,1",,"02,1","SYN08843063 21596 72710 10238 20212 39420 40037 70265 87700 333 56600 58008 6999/ 83720 85626=",
"43063099999","2025-07-31T03:00:00","4","18.5333333","73.85","558.0","PUNE, IN","FM-12","99999","V020","270,1,N,0010,1","00780,1,9,N","004000,1,9,9","+0234,1","+0219,1","10059,1","24,0010,3,1","6,1,02,1","5,1,02,1",,,"04,1,+00600,1,07,1","05,1,+00780,1,06,1",,"9,AGL   ,+99999,+99999","08,99,1,04,1,99,9,00600,1,99,9,99,9","240,N,+0234,1","99999,9,09440,1",,"50,1","SYN11043063 21596 82702 10234 20219 39440 40059 75065 887// 333 20234 566// 58010 6001/ 84720 85626 555 00010 10398=",
"43063099999","2025-07-31T06:00:00","4","18.5333333","73.85","558.0","PUNE, IN","FM-12","99999","V020","270,1,N,0031,1","00780,1,C,N","004000,1,9,9","+0264,1","+0221,1","10051,1","03,0000,2,1","6,1,02,1","5,1,02,1",,,"04,1,+00600,1,07,1","04,1,+00780,1,06,1",,"9,AGL   ,+99999,+99999","07,99,1,04,1,99,9,00600,1,99,9,99,9",,"99999,9,09439,1",,"50,1","SYN08843063 21596 72706 10264 20221 39439 40051 75065 87700 333 56600 58009 6990/ 84720 84626=",
"43063099999","2025-07-31T09:00:00","4","18.5333333","73.85","558.0","PUNE, IN","FM-12","99999","V020","270,1,N,0026,1","00780,1,C,N","010000,1,9,9","+0260,1","+0229,1","10044,1","06,0004,3,1","6,1,02,1","5,1,02,1",,,"04,1,+00600,1,07,1","04,1,+00780,1,06,1",,"9,AGL   ,+99999,+99999","07,99,1,04,1,99,9,00600,1,99,9,99,9",,"99999,9,09430,1",,"50,1","SYN08843063 21597 72705 10260 20229 39430 40044 75065 87700 333 56600 58007 6994/ 84720 84626=",
"43063099999","2025-07-31T12:00:00","4","18.5333333","73.85","558.0","PUNE, IN","FM-12","99999","V020","270,1,N,0021,1","00780,1,C,N","010000,1,9,9","+0250,1","+0224,1","10045,1","09,0005,3,1","6,1,02,1","5,1,02,1",,,"04,1,+00600,1,07,1","04,1,+00780,1,06,1",,"9,AGL   ,+99999,+99999","07,99,1,04,1,99,9,00600,1,99,9,99,9",,"99999,9,09429,1",,"20,1","SYN09443063 21597 72704 10250 20224 39429 40045 72065 87700 333 10268 56600 58006 6995/ 84720 84626=",
"43063099999","2025-07-31T15:00:00","4","18.5333333","73.85","558.0","PUNE, IN","FM-12","99999","V020","999,9,C,0000,1","00780,1,C,N","004000,1,9,9","+0234,1","+0219,1","10062,1","12,0009,3,1","6,1,02,1","5,1,02,1",,,"03,1,+00600,1,07,1","04,1,+00780,1,06,1",,"9,AGL   ,+99999,+99999","07,99,1,03,1,99,9,00600,1,99,9,99,9",,"99999,9,09443,1",,"21,1","SYN08843063 21596 70000 10234 20219 39443 40062 72165 86730 333 56690 58009 6999/ 83720 84626=",
"43063099999","2025-07-31T18:00:00","4","18.5333333","73.85","558.0","PUNE, IN","FM-12","99999","V020","270,1,N,0005,1","00780,1,C,N","004000,1,9,9","+0228,1","+0216,1","10075,1","15,0010,3,1","6,1,02,1","5,1,02,1",,,"03,1,+00600,1,07,1","04,1,+00780,1,06,1",,"9,AGL   ,+99999,+99999","07,99,1,03,1,99,9,00600,1,99,9,99,9",,"99999,9,09453,1",,"21,1","SYN08843063 21596 72701 10228 20216 39453 40075 72165 86730 333 56690 58017 6001/ 83720 84626=",
"43063099999","2025-07-31T21:00:00","4","18.5333333","73.85","558.0","PUNE, IN","FM-12","99999","V020","270,1,N,0010,1","00780,1,C,N","004000,1,9,9","+0230,1","+0212,1","10055,1","18,0010,3,1","5,1,02,1","2,1,02,1",,,"04,1,+00600,1,07,1","03,1,+00780,1,06,1",,"9,AGL   ,+99999,+99999","07,99,1,04,1,99,9,00600,1,99,9,99,9",,"99999,9,09434,1",,"50,1","SYN08843063 21596 72702 10230 20212 39434 40055 75052 86730 333 56690 58012 6001/ 84720 83626=",
"43063099999","2025-08-01T00:00:00","4","18.5333333","73.85","558.0","PUNE, IN","FM-12","99999","V020","270,1,N,0005,1","00780,1,C,N","004000,1,9,9","+0224,1","+0209,1","10057,1","21,0020,3,1","6,1,02,1","5,1,02,1",,,"04,1,+00600,1,07,1","04,1,+00780,1,06,1",,"9,AGL   ,+99999,+99999","07,99,1,04,1,99,9,00600,1,99,9,99,9",,"99999,9,09436,1",,"50,1","SYN08843063 21596 72701 10224 20209 39436 40057 75065 86730 333 56690 58016 6002/ 84720 84626=",
"43063099999","2025-08-01T03:00:00","4","18.5333333","73.85","558.0","PUNE, IN","FM-12","99999","V020","270,1,N,0015,1","00780,1,C,N","010000,1,9,9","+0234,1","+0216,1","10066,1","24,0030,3,1","6,1,02,1","2,1,02,1",,,"04,1,+00600,1,07,1","03,1,+00780,1,06,1",,"9,AGL   ,+99999,+99999","07,99,1,04,1,99,9,00600,1,99,9,99,9","240,N,+0214,1","99999,9,09447,1",,"21,1","SYN11043063 21597 72703 10234 20216 39447 40066 72162 86730 333 20214 56690 58007 6003/ 84720 83626 555 00026 10400=",
"43063099999","2025-08-01T06:00:00","4","18.5333333","73.85","558.0","PUNE, IN","FM-12","99999","V020","270,1,N,0026,1","00780,1,C,N","010000,1,9,9","+0256,1","+0215,1","10066,1","03,0000,2,1","6,1,02,1","5,1,02,1",,,"03,1,+00660,1,07,1","03,1,+00780,1,06,1",,"9,AGL   ,+99999,+99999","07,99,1,03,1,99,9,00660,1,99,9,99,9",,"99999,9,09451,1",,"02,1","SYN08843063 21597 72705 10256 20215 39451 40066 70265 86730 333 56690 58012 6990/ 83722 83626=",
"43063099999","2025-08-01T09:00:00","4","18.5333333","73.85","558.0","PUNE, IN","FM-12","99999","V020","270,1,N,0026,1","00780,1,C,N","010000,1,9,9","+0278,1","+0214,1","10050,1","06,0000,2,1",,,,,"03,1,+00660,1,07,1","05,1,+00780,1,06,1",,"9,AGL   ,+99999,+99999","07,99,1,03,1,99,9,00660,1,99,9,99,9",,"99999,9,09440,1",,,"SYN08243063 22597 72705 10278 20214 39440 40050 86730 333 56600 58010 6990/ 83722 85626=",
"43063099999","2025-08-01T12:00:00","4","18.5333333","73.85","558.0","PUNE, IN","FM-12","99999","V020","270,1,N,0026,1","00780,1,C,N","010000,1,9,9","+0268,1","+0213,1","10051,1","09,0000,2,1",,,,,"02,1,+00660,1,07,1","03,1,+00780,1,06,1",,"9,AGL   ,+99999,+99999","06,99,1,02,1,99,9,00660,1,99,9,99,9",,"99999,9,09439,1",,,"SYN08843063 22597 62705 10268 20213 39439 40051 85730 333 10290 56690 58010 6990/ 82722 83626=",
"43063099999","2025-08-01T15:00:00","4","18.5333333","73.85","558.0","PUNE, IN","FM-12","99999","V020","270,1,N,0010,1","00780,1,C,N","004000,1,9,9","+0246,1","+0214,1","10069,1","12,0000,2,1",,,,,"02,1,+00660,1,07,1","04,1,+00780,1,06,1",,"9,AGL   ,+99999,+99999","06,99,1,02,1,99,9,00660,1,99,9,99,9",,"99999,9,09451,1",,,"SYN08243063 22596 62702 10246 20214 39451 40069 85730 333 56690 58008 6990/ 82722 84626=",
"43063099999","2025-08-01T18:00:00","4","18.5333333","73.85","558.0","PUNE, IN","FM-12","99999","V020","270,1,N,0015,1","00780,1,C,N","004000,1,9,9","+0238,1","+0215,1","10074,1","15,0000,2,1",,,,,"02,1,+00660,1,07,1","05,1,+00780,1,06,1",,"9,AGL   ,+99999,+99999","06,99,1,02,1,99,9,00660,1,99,9,99,9",,"99999,9,09454,1",,,"SYN08243063 22596 62703 10238 20215 39454 40074 86700 333 56600 58001 6990/ 82722 85626=",
"43063099999","2025-08-01T21:00:00","4","18.5333333","73.85","558.0","PUNE, IN","FM-12","99999","V020","999,9,C,0000,1","00780,1,C,N","004000,1,9,9","+0228,1","+0216,1","10062,1","18,0002,3,1","2,1,02,1","2,1,02,1",,,"03,1,+00660,1,07,1","05,1,+00780,1,06,1",,"9,AGL   ,+99999,+99999","07,99,1,03,1,99,9,00660,1,99,9,99,9",,"99999,9,09441,1",,"21,1","SYN08843063 21596 70000 10228 20216 39441 40062 72122 87700 333 56600 58007 6992/ 83722 85626=",
"43063099999","2025-08-02T00:00:00","4","18.5333333","73.85","558.0","PUNE, IN","FM-12","99999","V020","999,9,C,0000,1","00780,1,C,N","004000,1,9,9","+0226,1","+0217,1","10058,1","21,0002,3,1","6,1,02,1","2,1,02,1",,,"02,1,+00660,1,07,1","03,1,+00780,1,06,1",,"9,AGL   ,+99999,+99999","05,99,1,02,1,99,9,00660,1,99,9,99,9",,"99999,9,09437,1",,"02,1","SYN08843063 21596 50000 10226 20217 39437 40058 70262 85700 333 56600 58001 6992/ 82722 83626=",
"43063099999","2025-08-02T03:00:00","4","18.5333333","73.85","558.0","PUNE, IN","FM-12","99999","V020","270,1,N,0015,1","00780,1,C,N","004000,1,9,9","+0240,1","+0217,1","10073,1","24,0002,3,1","5,1,02,1","2,1,02,1",,,"03,1,+00600,1,07,1","05,1,+00780,1,06,1",,"9,AGL   ,+99999,+99999","08,99,1,03,1,99,9,00600,1,99,9,99,9","240,N,+0223,1","99999,9,09453,1",,"50,1","SYN11043063 21596 82703 10240 20217 39453 40073 75052 887// 333 20223 566// 58006 6992/ 83720 85626 555 00002 10401=",
"43063099999","2025-08-02T06:00:00","4","18.5333333","73.85","558.0","PUNE, IN","FM-12","99999","V020","270,1,N,0026,1","00780,1,C,N","010000,1,9,9","+0266,1","+0220,1","10067,1",,"5,1,02,1","2,1,02,1",,,"02,1,+00660,1,07,1","03,1,+00780,1,06,1",,"9,AGL   ,+99999,+99999","06,99,1,02,1,99,9,00660,1,99,9,99,9",,"99999,9,09454,1",,"02,1","SYN08243063 31597 62705 10266 20220 39454 40067 70252 84730 333 56690 58003 82722 83626=",
"43063099999","2025-08-02T09:00:00","4","18.5333333","73.85","558.0","PUNE, IN","FM-12","99999","V020","270,1,N,0021,1","00780,1,C,N","010000,1,9,9","+0272,1","+0217,1","10050,1","06,0000,2,1","5,1,02,1","2,1,02,1",,,"03,1,+00660,1,07,1","05,1,+00780,1,06,1",,"9,AGL   ,+99999,+99999","07,99,1,03,1,99,9,00660,1,99,9,99,9",,"99999,9,09440,1",,"20,1","SYN08843063 21597 72704 10272 20217 39440 40050 72052 87700 333 56600 58000 6990/ 83722 85626=",
"43063099999","2025-08-02T12:00:00","4","18.5333333","73.85","558.0","PUNE, IN","FM-12","99999","V020","270,1,N,0015,1","00780,1,9,N","004000,1,9,9","+0236,1","+0224,1","10057,1","09,0010,3,1","6,1,02,1","5,1,02,1",,,"04,1,+00600,1,07,1","05,1,+00780,1,06,1",,"9,AGL   ,+99999,+99999","08,99,1,04,1,99,9,00600,1,99,9,99,9",,"99999,9,09438,1",,"50,1","SYN09443063 21596 82703 10236 20224 39438 40057 75065 887// 333 10290 566// 59001 6001/ 84720 85626=",
"43063099999","2025-08-02T15:00:00","4","18.5333333","73.85","558.0","PUNE, IN","FM-12","99999","V020","270,1,N,0010,1","00780,1,9,N","010000,1,9,9","+0234,1","+0213,1","10067,1","12,0010,3,1","5,1,02,1","2,1,02,1",,,"04,1,+00660,1,07,1","05,1,+00780,1,06,1",,"9,AGL   ,+99999,+99999","07,99,1,04,1,99,9,00660,1,99,9,99,9",,"99999,9,09448,1",,"02,1","SYN08843063 21597 72702 10234 20213 39448 40067 70252 87700 333 56600 59003 6001/ 84722 85626=",
"43063099999","2025-08-02T18:00:00","4","18.5333333","73.85","558.0","PUNE, IN","FM-12","99999","V020","270,1,N,0010,1","01800,1,C,N","004000,1,9,9","+0232,1","+0211,1","10078,1","15,0010,3,1","5,1,02,1","2,1,02,1",,,"03,1,+00660,1,07,1","05,1,+01800,1,03,1",,"9,AGL   ,+99999,+99999","05,99,1,03,1,99,9,00660,1,99,9,99,9",,"99999,9,09458,1",,"02,1","SYN08843063 21596 52702 10232 20211 39458 40078 70252 83730 333 56690 58003 6001/ 83722 85356=",
"43063099999","2025-08-02T21:00:00","4","18.5333333","73.85","558.0","PUNE, IN","FM-12","99999","V020","270,1,N,0005,1","00780,1,C,N","004000,1,9,9","+0244,1","+0209,1","10064,1","18,0010,3,1",,,,,"02,1,+00660,1,07,1","03,1,+00780,1,06,1",,"9,AGL   ,+99999,+99999","05,99,1,02,1,99,9,00660,1,99,9,99,9",,"99999,9,09443,1",,,"SYN08243063 22596 52701 10244 20209 39443 40064 84730 333 56690 58002 6001/ 82722 83626=",
"43063099999","2025-08-03T00:00:00","4","18.5333333","73.85","558.0","PUNE, IN","FM-12","99999","V020","999,9,C,0000,1","22000,1,9,N","004000,1,9,9","+0222,1","+0210,1","10068,1","21,0010,3,1",,,,,"02,1,+00660,1,07,1",,,"9,AGL   ,+99999,+99999","02,99,1,02,1,99,9,00660,1,99,9,99,9",,"99999,9,09447,1",,,"SYN07643063 22596 20000 10222 20210 39447 40068 82700 333 56600 58010 6001/ 82722=",
"43063099999","2025-08-03T03:00:00","4","18.5333333","73.85","558.0","PUNE, IN","FM-12","99999","V020","270,1,N,0010,1","00780,1,C,N","010000,1,9,9","+0248,1","+0213,1","10075,1","24,0010,3,1",,,,,"02,1,+00660,1,07,1","03,1,+00780,1,06,1",,"9,AGL   ,+99999,+99999","05,99,1,02,1,99,9,00660,1,99,9,99,9","240,N,+0210,1","99999,9,09457,1",,,"SYN10443063 22597 52702 10248 20213 39457 40075 85700 333 20210 56600 58004 6001/ 82722 83626 555 00011 10402=",
"43063099999","2025-08-03T06:00:00","4","18.5333333","73.85","558.0","PUNE, IN","FM-12","99999","V020","270,1,N,0010,1","00780,1,C,N","010000,1,9,9","+0274,1","+0213,1","10069,1",,,,,,"02,1,+00660,1,07,1","05,1,+00780,1,06,1",,"9,AGL   ,+99999,+99999","06,99,1,02,1,99,9,00660,1,99,9,99,9",,"99999,9,09458,1",,,"SYN07643063 32597 62702 10274 20213 39458 40069 86700 333 56600 58004 82722 85626=",
"43063099999","2025-08-03T09:00:00","4","18.5333333","73.85","558.0","PUNE, IN","FM-12","99999","V020","270,1,N,0010,1","99999,9,9,N","010000,1,9,9","+0304,1","+0208,1","10048,1",,,,,,"01,1,+00660,1,07,1","04,1,+00780,1,06,1",,"9,AGL   ,+99999,+99999","06,99,1,01,1,99,9,00660,1,99,9,99,9",,"99999,9,09444,1",,,"SYN07643063 32597 62702 10304 20208 39444 40048 86700 333 56600 58004 81722 84626=",
"43063099999","2025-08-03T12:00:00","4","18.5333333","73.85","558.0","PUNE, IN","FM-12","99999","V020","270,1,N,0010,1","00780,1,C,N","010000,1,9,9","+0266,1","+0214,1","10055,1",,,,,,"02,1,+00660,1,07,1","04,1,+00780,1,06,1",,"9,AGL   ,+99999,+99999","07,99,1,02,1,99,9,00660,1,99,9,99,9",,"99999,9,09443,1",,,"SYN08243063 32597 72702 10266 20214 39443 40055 86730 333 10307 56690 58005 82722 84626=",
"43063099999","2025-08-03T15:00:00","4","18.5333333","73.85","558.0","PUNE, IN","FM-12","99999","V020","270,1,N,0015,1","22000,1,9,N","004000,1,9,9","+0248,1","+0216,1","10075,1",,,,,,"04,1,+00780,1,06,1",,,"9,AGL   ,+99999,+99999","04,99,1,04,1,99,9,00780,1,99,9,99,9",,"99999,9,09457,1","9,9,999,9,+009,1",,"SYN06443063 32596 42703 10248 20216 39457 40075 84500 333 58009 84626=",
"43063099999","2025-08-03T18:00:00","4","18.5333333","73.85","558.0","PUNE, IN","FM-12","99999","V020","270,1,N,0010,1","22000,1,9,N","004000,1,9,9","+0234,1","+0207,1","10087,1",,,,,,"02,1,+00780,1,06,1",,,"9,AGL   ,+99999,+99999","02,99,1,02,1,99,9,00780,1,99,9,99,9",,"99999,9,09467,1","9,9,999,9,+009,1",,"SYN06443063 32596 22702 10234 20207 39467 40087 82500 333 58009 82626=",
"43063099999","2025-08-03T21:00:00","4","18.5333333","73.85","558.0","PUNE, IN","FM-12","99999","V020","270,1,N,0010,1","22000,1,9,N","004000,1,9,9","+0230,1","+0209,1","10073,1",,,,,,"01,1,+00780,1,06,1",,,"9,AGL   ,+99999,+99999","01,99,1,01,1,99,9,00780,1,99,9,99,9",,"99999,9,09451,1","9,9,999,9,+008,1",,"SYN06443063 32596 12702 10230 20209 39451 40073 81500 333 58008 81626=",
"43063099999","2025-08-04T00:00:00","4","18.5333333","73.85","558.0","PUNE, IN","FM-12","99999","V020","270,1,N,0005,1","00780,1,C,N","004000,1,9,9","+0224,1","+0212,1","10077,1",,,,,,"02,1,+00660,1,07,1","05,1,+00780,1,06,1",,"9,AGL   ,+99999,+99999","06,99,1,02,1,99,9,00660,1,99,9,99,9",,"99999,9,09455,1",,,"SYN07643063 32596 62701 10224 20212 39455 40077 86700 333 56600 58008 82722 85626=",
"43063099999","2025-08-04T03:00:00","4","18.5333333","73.85","558.0","PUNE, IN","FM-12","99999","V020","270,1,N,0005,1","00780,1,9,N","010000,1,9,9","+0244,1","+0218,1","10092,1",,,,,,"04,1,+00660,1,07,1","05,1,+00780,1,06,1",,"9,AGL   ,+99999,+99999","07,99,1,04,1,99,9,00660,1,99,9,99,9","240,N,+0216,1","99999,9,09473,1",,,"SYN09843063 32597 72701 10244 20218 39473 40092 87700 333 20216 56600 58016 84722 85626 555 00000 10402=",
"43063099999","2025-08-04T06:00:00","4","18.5333333","73.85","558.0","PUNE, IN","FM-12","99999","V020","270,1,N,0005,1","00780,1,C,N","010000,1,9,9","+0276,1","+0209,1","10086,1",,,,,,"03,1,+00660,1,07,1","05,1,+00780,1,06,1",,"9,AGL   ,+99999,+99999","07,99,1,03,1,99,9,00660,1,99,9,99,9",,"99999,9,09474,1",,,"SYN07643063 32597 72701 10276 20209 39474 40086 87700 333 56600 58016 83722 85626=",
"43063099999","2025-08-04T09:00:00","4","18.5333333","73.85","558.0","PUNE, IN","FM-12","99999","V020","270,1,N,0026,1","00780,1,C,N","010000,1,9,9","+0294,1","+0207,1","10061,1",,,,,,"02,1,+00660,1,07,1","05,1,+00780,1,06,1",,"9,AGL   ,+99999,+99999","08,99,1,02,1,99,9,00660,1,99,9,99,9",,"99999,9,09454,1",,,"SYN07643063 32597 82705 10294 20207 39454 40061 8773/ 333 5669/ 58010 82722 85626=",
"43063099999","2025-08-04T12:00:00","4","18.5333333","73.85","558.0","PUNE, IN","FM-12","99999","V020","270,1,N,0031,1","00780,1,C,N","010000,1,9,9","+0274,1","+0216,1","10058,1",,,,,,"06,1,+00780,1,06,1",,,"9,AGL   ,+99999,+99999","06,99,1,06,1,99,9,00780,1,99,9,99,9",,"99999,9,09448,1","9,9,999,9,+005,1",,"SYN07043063 32597 62706 10274 20216 39448 40058 86500 333 10296 58005 86626=",
"43063099999","2025-08-04T15:00:00","4","18.5333333","73.85","558.0","PUNE, IN","FM-12","99999","V020","270,1,N,0015,1","22000,1,9,N","004000,1,9,9","+0246,1","+0217,1","10080,1",,,,,,"02,1,+00780,1,06,1",,,"9,AGL   ,+99999,+99999","02,99,1,02,1,99,9,00780,1,99,9,99,9",,"99999,9,09462,1","9,9,999,9,+005,1",,"SYN06443063 32596 22703 10246 20217 39462 40080 82500 333 58005 82626=",
"43063099999","2025-08-04T18:00:00","4","18.5333333","73.85","558.0","PUNE, IN","FM-12","99999","V020","270,1,N,0010,1","22000,1,9,N","004000,1,9,9","+0236,1","+0213,1","10088,1",,,,,,"03,1,+00780,1,06,1",,,"9,AGL   ,+99999,+99999","03,99,1,03,1,99,9,00780,1,99,9,99,9",,"99999,9,09468,1","9,9,999,9,+001,1",,"SYN12243063 32596 32702 10236 20213 39468 40088 83500 333 58001 83626/43192 22596 40000 10264 20250 40090 84500 333 59008 6993/=",
"43063099999","2025-08-04T21:00:00","4","18.5333333","73.85","558.0","PUNE, IN","FM-12","99999","V020","270,1,N,0005,1","00780,1,C,N","004000,1,9,9","+0230,1","+0209,1","10073,1",,,,,,"05,1,+00780,1,06,1",,,"9,AGL   ,+99999,+99999","05,99,1,05,1,99,9,00780,1,99,9,99,9",,"99999,9,09451,1","9,9,999,9,+000,1",,"SYN06443063 32596 52701 10230 20209 39451 40073 85500 333 58000 85626=",
"43063099999","2025-08-05T00:00:00","4","18.5333333","73.85","558.0","PUNE, IN","FM-12","99999","V020","270,1,N,0015,1","00780,1,C,N","004000,1,9,9","+0232,1","+0214,1","10073,1",,,,,,"02,1,+00660,1,07,1","04,1,+00780,1,06,1",,"9,AGL   ,+99999,+99999","06,99,1,02,1,99,9,00660,1,99,9,99,9",,"99999,9,09453,1",,,"SYN07643063 32596 62703 10232 20214 39453 40073 86700 333 56600 59002 82722 84626=",
"43063099999","2025-08-05T03:00:00","4","18.5333333","73.85","558.0","PUNE, IN","FM-12","99999","V020","270,1,N,0021,1","00780,1,C,N","010000,1,9,9","+0252,1","+0214,1","10085,1",,,,,,"02,1,+00660,1,07,1","04,1,+00780,1,06,1",,"9,AGL   ,+99999,+99999","07,99,1,02,1,99,9,00660,1,99,9,99,9","240,N,+0224,1","99999,9,09469,1",,,"SYN09843063 32597 72704 10252 20214 39469 40085 86730 333 20224 56690 59004 82722 84626 555 00000 10402=",
"43063099999","2025-08-05T06:00:00","4","18.5333333","73.85","558.0","PUNE, IN","FM-12","99999","V020","270,1,N,0010,1","00780,1,C,N","010000,1,9,9","+0282,1","+0219,1","10078,1",,,,,,"02,1,+00660,1,07,1","04,1,+00780,1,06,1",,"9,AGL   ,+99999,+99999","06,99,1,02,1,99,9,00660,1,99,9,99,9",,"99999,9,09469,1",,,"SYN07643063 32597 62702 10282 20219 39469 40078 85730 333 56690 59005 82722 84626=",
"43063099999","2025-08-05T09:00:00","4","18.5333333","73.85","558.0","PUNE, IN","FM-12","99999","V020","270,1,N,0031,1","01800,1,9,N","010000,1,9,9","+0298,1","+0218,1","10056,1",,,,,,"04,1,+00780,1,06,1","06,1,+01800,1,03,1",,"9,AGL   ,+99999,+99999","07,99,1,04,1,99,9,00780,1,99,9,99,9",,"99999,9,09450,1","9,9,999,9,-004,1",,"SYN07043063 32597 72706 10298 20218 39450 40056 83530 333 59004 84626 86356=",
"43063099999","2025-08-05T12:00:00","4","18.5333333","73.85","558.0","PUNE, IN","FM-12","99999","V020","270,1,N,0021,1","01800,1,C,N","010000,1,9,9","+0280,1","+0213,1","10055,1",,,,,,"03,1,+00780,1,06,1","05,1,+01800,1,03,1",,"9,AGL   ,+99999,+99999","06,99,1,03,1,99,9,00780,1,99,9,99,9",,"99999,9,09445,1","9,9,999,9,-003,1",,"SYN07643063 32597 62704 10280 20213 39445 40055 83530 333 10304 59003 83626 85356=",
"43063099999","2025-08-05T15:00:00","4","18.5333333","73.85","558.0","PUNE, IN","FM-12","99999","V020","270,1,N,0021,1","22000,1,9,N","004000,1,9,9","+0244,1","+0206,1","10074,1",,,,,,"02,1,+00780,1,06,1",,,"9,AGL   ,+99999,+99999","02,99,1,02,1,99,9,00780,1,99,9,99,9",,"99999,9,09456,1","9,9,999,9,-006,1",,"SYN06443063 32596 22704 10244 20206 39456 40074 82500 333 59006 82626=",
"43063099999","2025-08-05T18:00:00","4","18.5333333","73.85","558.0","PUNE, IN","FM-12","99999","V020","270,1,N,0010,1","00780,1,C,N","004000,1,9,9","+0240,1","+0217,1","10083,1",,,,,,"05,1,+00780,1,06,1",,,"9,AGL   ,+99999,+99999","05,99,1,05,1,99,9,00780,1,99,9,99,9",,"99999,9,09463,1","9,9,999,9,-005,1",,"SYN06443063 32596 52702 10240 20217 39463 40083 85500 333 59005 85626=",
"43063099999","2025-08-05T21:00:00","4","18.5333333","73.85","558.0","PUNE, IN","FM-12","99999","V020","270,1,N,0015,1","00780,1,C,N","004000,1,9,9","+0238,1","+0215,1","10067,1",,,,,,"05,1,+00780,1,06,1",,,"9,AGL   ,+99999,+99999","05,99,1,05,1,99,9,00780,1,99,9,99,9",,"99999,9,09448,1","9,9,999,9,-003,1",,"SYN06443063 32596 52703 10238 20215 39448 40067 85500 333 59003 85626=",
"43063099999","2025-08-06T00:00:00","4","18.5333333","73.85","558.0","PUNE, IN","FM-12","99999","V020","270,1,N,0010,1","22000,1,9,N","004000,1,9,9","+0232,1","+0214,1","10073,1",,,,,,"04,1,+00780,1,06,1",,,"9,AGL   ,+99999,+99999","04,99,1,04,1,99,9,00780,1,99,9,99,9",,"99999,9,09453,1","9,9,999,9,+000,1",,"SYN06443063 32596 42702 10232 20214 39453 40073 84500 333 58000 84626=",
"43063099999","2025-08-06T03:00:00","4","18.5333333","73.85","558.0","PUNE, IN","FM-12","99999","V020","270,1,N,0010,1","00780,1,9,N","010000,1,9,9","+0240,1","+0214,1","10089,1",,,,,,"03,1,+00660,1,07,1","06,1,+00780,1,06,1",,"9,AGL   ,+99999,+99999","08,99,1,03,1,99,9,00660,1,99,9,99,9","240,N,+0225,1","99999,9,09469,1",,,"SYN09843063 32597 82702 10240 20214 39469 40089 887// 333 20225 566// 58000 83722 86626 555 00000 10402=",
"43063099999","2025-08-06T06:00:00","4","18.5333333","73.85","558.0","PUNE, IN","FM-12","99999","V020","270,1,N,0015,1","00780,1,C,N","010000,1,9,9","+0264,1","+0215,1","10089,1",,,,,,"03,1,+00660,1,07,1","05,1,+00780,1,06,1",,"9,AGL   ,+99999,+99999","08,99,1,03,1,99,9,00660,1,99,9,99,9",,"99999,9,09474,1",,,"SYN07643063 32597 82703 10264 20215 39474 40089 887// 333 566// 58005 83722 85626=",
"43063099999","2025-08-06T09:00:00","4","18.5333333","73.85","558.0","PUNE, IN","FM-12","99999","V020","270,1,N,0015,1","00780,1,C,N","010000,1,9,9","+0278,1","+0211,1","10062,1",,,,,,"01,1,+00660,1,07,1","05,1,+00780,1,06,1",,"9,AGL   ,+99999,+99999","07,99,1,01,1,99,9,00660,1,99,9,99,9",,"99999,9,09451,1",,,"SYN07643063 32597 72703 10278 20211 39451 40062 87700 333 56600 58001 81722 85626=",
"43063099999","2025-08-06T12:00:00","4","18.5333333","73.85","558.0","PUNE, IN","FM-12","99999","V020","270,1,N,0010,1","00780,1,C,N","010000,1,9,9","+0280,1","+0210,1","10050,1",,,,,,"05,1,+00780,1,06,1",,,"9,AGL   ,+99999,+99999","07,99,1,05,1,99,9,00780,1,99,9,99,9",,"99999,9,09440,1","9,9,999,9,-005,1",,"SYN07043063 32597 72702 10280 20210 39440 40050 87800 333 10285 59005 85626=",
"43063099999","2025-08-06T15:00:00","4","18.5333333","73.85","558.0","PUNE, IN","FM-12","99999","V020","270,1,N,0005,1","01800,1,C,N","004000,1,9,9","+0244,1","+0218,1","10070,1",,,,,,"03,1,+00780,1,06,1","04,1,+01800,1,03,1",,"9,AGL   ,+99999,+99999","06,99,1,03,1,99,9,00780,1,99,9,99,9",,"99999,9,09452,1","9,9,999,9,-004,1",,"SYN07043063 32596 62701 10244 20218 39452 40070 83530 333 59004 83626 84356=",
"43063099999","2025-08-06T18:00:00","4","18.5333333","73.85","558.0","PUNE, IN","FM-12","99999","V020","999,9,C,0000,1","01800,1,C,N","004000,1,9,9","+0234,1","+0213,1","10081,1",,,,,,"02,1,+00780,1,06,1","04,1,+01800,1,03,1",,"9,AGL   ,+99999,+99999","05,99,1,02,1,99,9,00780,1,99,9,99,9",,"99999,9,09461,1","9,9,999,9,-002,1",,"SYN07043063 32596 50000 10234 20213 39461 40081 82530 333 59002 82626 84356=",
"43063099999","2025-08-06T21:00:00","4","18.5333333","73.85","558.0","PUNE, IN","FM-12","99999","V020","999,9,C,0000,1","01800,1,C,N","004000,1,9,9","+0228,1","+0213,1","10068,1",,,,,,"02,1,+00780,1,06,1","05,1,+01800,1,03,1",,"9,AGL   ,+99999,+99999","06,99,1,02,1,99,9,00780,1,99,9,99,9",,"99999,9,09447,1","9,9,999,9,-001,1",,"SYN07043063 32596 60000 10228 20213 39447 40068 82530 333 59001 82626 85356=",
"43063099999","2025-08-07T00:00:00","4","18.5333333","73.85","558.0","PUNE, IN","FM-12","99999","V020","999,9,C,0000,1","01800,1,C,N","004000,1,9,9","+0220,1","+0208,1","10072,1",,,,,,"02,1,+00780,1,06,1","05,1,+01800,1,03,1",,"9,AGL   ,+99999,+99999","06,99,1,02,1,99,9,00780,1,99,9,99,9",,"99999,9,09449,1","9,9,999,9,-004,1",,"SYN07043063 32596 60000 10220 20208 39449 40072 82530 333 59004 82626 85356=",
"43063099999","2025-08-07T03:00:00","4","18.5333333","73.85","558.0","PUNE, IN","FM-12","99999","V020","270,1,N,0010,1","99999,9,9,N","010000,1,9,9","+0246,1","+0217,1","10078,1",,,,,,"01,1,+00780,1,06,1","03,1,+06000,1,00,1","99,9,+99999,9,00,1","9,AGL   ,+99999,+99999","05,99,1,01,1,99,9,00780,1,99,9,99,9","240,N,+0213,1","99999,9,09460,1","9,9,999,9,-009,1",,"SYN09243063 32597 52702 10246 20217 39460 40078 81531 333 20213 59009 81626 83070 555 00000 10402=",
"43063099999","2025-08-07T06:00:00","4","18.5333333","73.85","558.0","PUNE, IN","FM-12","99999","V020","270,1,N,0010,1","99999,9,9,N","010000,1,9,9","+0298,1","+0214,1","10067,1",,,,,,"04,1,+00780,1,06,1",,,"9,AGL   ,+99999,+99999","06,99,1,04,1,99,9,00780,1,99,9,99,9",,"99999,9,09460,1","9,9,999,9,-014,1",,"SYN06443063 32597 62702 10298 20214 39460 40067 86800 333 59014 84626=",
"43063099999","2025-08-07T09:00:00","4","18.5333333","73.85","558.0","PUNE, IN","FM-12","99999","V020","270,1,N,0021,1","00840,1,C,N","010000,1,9,9","+0286,1","+0235,1","10051,1","06,0002,3,1","6,1,02,1","2,1,02,1",,,"03,1,+00780,1,06,1","04,1,+00840,1,08,1","99,9,+99999,9,00,1","9,AGL   ,+99999,+99999","07,99,1,03,1,99,9,00780,1,99,9,99,9",,"99999,9,09443,1","9,9,999,9,-008,1","21,1","SYN08243063 21597 72704 10286 20235 39443 40051 72162 85831 333 59008 6992/ 83626 84828=",
"43063099999","2025-08-07T12:00:00","4","18.5333333","73.85","558.0","PUNE, IN","FM-12","99999","V020","270,1,N,0010,1","99999,9,9,N","010000,1,9,9","+0276,1","+0218,1","10042,1",,,,,,"99,9,+00800,1,99,9",,,"9,AGL   ,+99999,+99999","06,99,1,99,9,99,9,00800,1,99,9,99,9",,"99999,9,09432,1",,,"SYN08843063 31597 62702 10276 20218 39432 40042 40262 83830 333 10309 59008 6992/ 82626 84356=",
"43063099999","2025-08-07T15:00:00","4","18.5333333","73.85","558.0","PUNE, IN","FM-12","99999","V020","270,1,N,0010,1","99999,9,9,N","004000,1,9,9","+0250,1","+0212,1","10071,1","12,0002,3,1",,,,,"04,1,+00780,1,06,1",,,"9,AGL   ,+99999,+99999","06,99,1,04,1,99,9,00780,1,99,9,99,9",,"99999,9,09453,1","9,9,999,9,+003,1",,"SYN07043063 22596 62702 10250 20212 39453 40071 86800 333 58003 6992/ 84626=",
"43063099999","2025-08-07T18:00:00","4","18.5333333","73.85","558.0","PUNE, IN","FM-12","99999","V020","270,1,N,0005,1","00780,1,C,N","004000,1,9,9","+0244,1","+0215,1","10075,1","15,0002,3,1",,,,,"05,1,+00780,1,06,1",,,"9,AGL   ,+99999,+99999","07,99,1,05,1,99,9,00780,1,99,9,99,9",,"99999,9,09457,1","9,9,999,9,-004,1",,"SYN07043063 22596 72701 10244 20215 39457 40075 87800 333 59004 6992/ 85626=",
"43063099999","2025-08-07T21:00:00","4","18.5333333","73.85","558.0","PUNE, IN","FM-12","99999","V020","270,1,N,0005,1","00780,1,C,N","004000,1,9,9","+0238,1","+0212,1","10062,1","18,0002,3,1",,,,,"05,1,+00780,1,06,1",,,"9,AGL   ,+99999,+99999","07,99,1,05,1,99,9,00780,1,99,9,99,9",,"99999,9,09443,1","9,9,999,9,-004,1",,"SYN07043063 22596 72701 10238 20212 39443 40062 87800 333 59004 6992/ 85626=",
"43063099999","2025-08-08T00:00:00","4","18.5333333","73.85","558.0","PUNE, IN","FM-12","99999","V020","999,9,C,0000,1","00780,1,C,N","004000,1,9,9","+0236,1","+0212,1","10063,1","21,0002,3,1",,,,,"05,1,+00780,1,06,1",,,"9,AGL   ,+99999,+99999","07,99,1,05,1,99,9,00780,1,99,9,99,9",,"99999,9,09444,1","9,9,999,9,-005,1",,"SYN07043063 22596 70000 10236 20212 39444 40063 87800 333 59005 6992/ 85626=",
"43063099999","2025-08-08T03:00:00","4","18.5333333","73.85","558.0","PUNE, IN","FM-12","99999","V020","270,1,N,0010,1","00780,1,C,N","010000,1,9,9","+0246,1","+0211,1","10079,1","24,0002,3,1",,,,,"02,1,+00660,1,07,1","06,1,+00780,1,06,1",,"9,AGL   ,+99999,+99999","07,99,1,02,1,99,9,00660,1,99,9,99,9","240,N,+0226,1","99999,9,09461,1","9,9,999,9,+001,1",,"SYN09843063 22597 72702 10246 20211 39461 40079 87700 333 20226 58001 6992/ 82722 86626 555 00002 10402=",
"43063099999","2025-08-08T06:00:00","4","18.5333333","73.85","558.0","PUNE, IN","FM-12","99999","V020","270,1,N,0010,1","00780,1,C,N","010000,1,9,9","+0268,1","+0219,1","10087,1",,,,,,"03,1,+00660,1,07,1","04,1,+00780,1,06,1",,"9,AGL   ,+99999,+99999","08,99,1,03,1,99,9,00660,1,99,9,99,9",,"99999,9,09472,1",,,"SYN07643063 32597 82702 10268 20219 39472 40087 887// 333 566// 58012 83722 84626=",
"43063099999","2025-08-08T09:00:00","4","18.5333333","73.85","558.0","PUNE, IN","FM-12","99999","V020","270,1,N,0010,1","00780,1,C,N","010000,1,9,9","+0292,1","+0217,1","10062,1",,,,,,"03,1,+00660,1,07,1","04,1,+00780,1,06,1",,"9,AGL   ,+99999,+99999","08,99,1,03,1,99,9,00660,1,99,9,99,9",,"99999,9,09455,1",,,"SYN07643063 32597 82702 10292 20217 39455 40062 887// 333 566// 58012 83722 84626=",
"43063099999","2025-08-08T12:00:00","4","18.5333333","73.85","558.0","PUNE, IN","FM-12","99999","V020","270,1,N,0021,1","00780,1,C,N","010000,1,9,9","+0238,1","+0224,1","10075,1","09,0010,3,1","6,1,02,1","5,1,02,1",,,"04,1,+00660,1,07,1","04,1,+00780,1,06,1",,"9,AGL   ,+99999,+99999","08,99,1,04,1,99,9,00660,1,99,9,99,9",,"99999,9,09455,1",,"02,1","SYN09443063 21597 82704 10238 20224 39455 40075 70265 887// 333 10294 566// 58023 6001/ 84722 84626=",
"43063099999","2025-08-08T15:00:00","4","18.5333333","73.85","558.0","PUNE, IN","FM-12","99999","V020","270,1,N,0010,1","00780,1,C,N","004000,1,9,9","+0234,1","+0216,1","99999,9","12,0010,3,1","6,1,02,1","5,1,02,1",,,"03,1,+00660,1,07,1","05,1,+00780,1,06,1",,"9,AGL   ,+99999,+99999","08,99,1,03,1,99,9,00660,1,99,9,99,9",,"99999,9,09472,1",,"20,1","SYN08843063 21596 82702 10234 20216 39472 4093/ 72065 887// 333 566// 58019 6001/ 83722 85626=",
"43063099999","2025-08-08T18:00:00","4","18.5333333","73.85","558.0","PUNE, IN","FM-12","99999","V020","999,9,C,0000,1","00780,1,C,N","004000,1,9,9","+0232,1","+0217,1","10109,1","15,0010,3,1","6,1,02,1","2,1,02,1",,,"05,1,+00780,1,06,1",,,"9,AGL   ,+99999,+99999","07,99,1,05,1,99,9,00780,1,99,9,99,9",,"99999,9,09488,1","9,9,999,9,+031,1","02,1","SYN07643063 21596 70000 10232 20217 39488 40109 70262 87800 333 58031 6001/ 85626=",
"43063099999","2025-08-09T00:00:00","4","18.5333333","73.85","558.0","PUNE, IN","FM-12","99999","V020","999,9,C,0000,1","01800,1,C,N","004000,1,9,9","+0240,1","+0211,1","10089,1","21,0010,3,1",,,,,"03,1,+00780,1,06,1","04,1,+01800,1,03,1",,"9,AGL   ,+99999,+99999","07,99,1,03,1,99,9,00780,1,99,9,99,9",,"99999,9,09469,1","9,9,999,9,+025,1",,"SYN07643063 22596 70000 10240 20211 39469 40089 83530 333 58025 6001/ 83626 84356=",
"43063099999","2025-08-09T03:00:00","4","18.5333333","73.85","558.0","PUNE, IN","FM-12","99999","V020","270,1,N,0005,1","01800,1,9,N","010000,1,9,9","+0244,1","+0221,1","10101,1","24,0010,3,1",,,,,"01,1,+00660,1,07,1","03,1,+00780,1,06,1","05,1,+01800,1,03,1","9,AGL   ,+99999,+99999","08,99,1,01,1,99,9,00660,1,99,9,99,9","240,N,+0223,1","99999,9,09482,1",,,"SYN11043063 22597 82701 10244 20221 39482 40101 8473/ 333 20223 5669/ 58021 6001/ 81722 83626 85356 555 00012 10403=",
"43063099999","2025-08-09T06:00:00","4","18.5333333","73.85","558.0","PUNE, IN","FM-12","99999","V020","270,1,N,0015,1","00780,1,C,N","010000,1,9,9","+0282,1","+0216,1","10095,1",,,,,,"02,1,+00660,1,07,1","03,1,+00780,1,06,1",,"9,AGL   ,+99999,+99999","07,99,1,02,1,99,9,00660,1,99,9,99,9",,"99999,9,09484,1",,,"SYN07643063 32597 72703 10282 20216 39484 40095 85730 333 56690 58012 82722 83626=",
"43063099999","2025-08-09T09:00:00","4","18.5333333","73.85","558.0","PUNE, IN","FM-12","99999","V020","270,1,N,0010,1","00780,1,C,N","010000,1,9,9","+0288,1","+0219,1","10073,1","06,0000,9,1","5,1,02,1","2,1,02,1",,,"02,1,+00660,1,07,1","04,1,+00780,1,06,1",,"9,AGL   ,+99999,+99999","08,99,1,02,1,99,9,00660,1,99,9,99,9",,"99999,9,09464,1",,"02,1","SYN08843063 21597 82702 10288 20219 39464 40073 70252 8673/ 333 5669/ 58009 6990/ 82722 84626=","Q01  00002PRCP06"
"43063099999","2025-08-09T12:00:00","4","18.5333333","73.85","558.0","PUNE, IN","FM-12","99999","V020","270,1,N,0015,1","00780,1,C,9","010000,1,9,9","+0250,1","+0221,1","10076,1",,"6,1,99,9","5,1,99,9",,,"03,1,+00660,1,07,1","05,1,+00780,1,06,1",,"9,AGL   ,+99999,+99999","07,99,1,03,1,99,9,00660,1,99,9,99,9",,"99999,9,09458,1","9,9,999,9,+003,1","02,1","SYN004BUFR",
"43063099999","2025-08-09T15:00:00","4","18.5333333","73.85","558.0","PUNE, IN","FM-12","99999","V020","270,1,N,0010,1","99999,9,9,N","004000,1,9,9","+0242,1","+0210,1","10088,1","12,0020,3,1",,,,,"01,1,+00660,1,07,1","03,1,+00780,1,06,1",,"9,AGL   ,+99999,+99999","06,99,1,01,1,99,9,00660,1,99,9,99,9",,"99999,9,09470,1",,,"SYN08243063 22596 62702 10242 20210 39470 40088 84730 333 56690 59002 6002/ 81722 83626=",
"43063099999","2025-08-09T18:00:00","4","18.5333333","73.85","558.0","PUNE, IN","FM-12","99999","V020","270,1,N,0015,1","00780,1,C,N","004000,1,9,9","+0236,1","+0213,1","10100,1","15,0020,3,1",,,,,"02,1,+00660,1,07,1","04,1,+00780,1,06,1",,"9,AGL   ,+99999,+99999","07,99,1,02,1,99,9,00660,1,99,9,99,9",,"99999,9,09479,1",,,"SYN08243063 22596 72703 10236 20213 39479 40100 86730 333 56690 59009 6002/ 82722 84626=",
"43063099999","2025-08-09T21:00:00","4","18.5333333","73.85","558.0","PUNE, IN","FM-12","99999","V020","999,9,C,0000,1","99999,9,9,N","004000,1,9,9","+0228,1","+0210,1","10088,1","18,0020,3,1",,,,,"01,1,+00660,1,07,1","04,1,+00780,1,06,1",,"9,AGL   ,+99999,+99999","06,99,1,01,1,99,9,00660,1,99,9,99,9",,"99999,9,09466,1",,,"SYN08243063 22596 60000 10228 20210 39466 40088 84730 333 56690 59001 6002/ 81722 84626=",
"43063099999","2025-08-10T00:00:00","4","18.5333333","73.85","558.0","PUNE, IN","FM-12","99999","V020","999,9,C,0000,1","22000,1,9,N","004000,1,9,9","+0218,1","+0206,1","10085,1","21,0020,3,1",,,,,"01,1,+00660,1,07,1","03,1,+00780,1,06,1",,"9,AGL   ,+99999,+99999","04,99,1,01,1,99,9,00660,1,99,9,99,9",,"99999,9,09461,1",,,"SYN08243063 22596 40000 10218 20206 39461 40085 83730 333 56690 59008 6002/ 81722 83626=",
"43063099999","2025-08-10T03:00:00","4","18.5333333","73.85","558.0","PUNE, IN","FM-12","99999","V020","270,1,N,0005,1","99999,9,9,N","010000,1,9,9","+0250,1","+0218,1","99999,9","24,0020,3,1",,,,,"01,1,+00660,1,07,1","03,1,+00780,1,06,1","99,9,+99999,9,00,1","9,AGL   ,+99999,+99999","06,99,1,01,1,99,9,00660,1,99,9,99,9","240,N,+0210,1","99999,9,09473,1",,,"SYN09843063 22597 62701 10250 20218 39473 84731 333 20210 56699 59009 6002/ 81722 83626 555 00023 10405=",
"43063099999","2025-08-10T06:00:00","4","18.5333333","73.85","558.0","PUNE, IN","FM-12","99999","V020","270,1,N,0021,1","99999,9,9,N","010000,1,9,9","+0286,1","+0204,1","10086,1",,,,,,"04,1,+00780,1,06,1",,,"9,AGL   ,+99999,+99999","06,99,1,04,1,99,9,00780,1,99,9,99,9",,"99999,9,09475,1","9,9,999,9,-009,1",,"SYN06443063 32597 62704 10286 20204 39475 40086 86800 333 59009 84626=",
"43063099999","2025-08-10T09:00:00","4","18.5333333","73.85","558.0","PUNE, IN","FM-12","99999","V020","270,1,N,0021,1","00840,1,C,N","010000,1,9,9","+0302,1","+0196,1","10054,1",,,,,,"02,1,+00780,1,06,1","03,1,+00840,1,08,1",,"9,AGL   ,+99999,+99999","06,99,1,02,1,99,9,00780,1,99,9,99,9",,"99999,9,09450,1","9,9,999,9,-014,1",,"SYN07043063 32597 62704 10302 20196 39450 40054 84830 333 59014 82626 83828=",
"43063099999","2025-08-10T12:00:00","4","18.5333333","73.85","558.0","PUNE, IN","FM-12","99999","V020","270,1,N,0021,1","00780,1,C,N","010000,1,9,9","+0264,1","+0208,1","10059,1",,,,,,"01,1,+00660,1,07,1","05,1,+00780,1,06,1",,"9,AGL   ,+99999,+99999","07,99,1,01,1,99,9,00660,1,99,9,99,9",,"99999,9,09447,1",,,"SYN08243063 32597 72704 10264 20208 39447 40059 85730 333 10312 56690 59011 81722 85626=",
"43063099999","2025-08-10T15:00:00","4","18.5333333","73.85","558.0","PUNE, IN","FM-12","99999","V020","270,1,N,0010,1","22000,1,9,N","004000,1,9,9","+0238,1","+0205,1","10084,1",,,,,,"01,1,+00660,1,07,1","03,1,+00780,1,06,1",,"9,AGL   ,+99999,+99999","04,99,1,01,1,99,9,00660,1,99,9,99,9",,"99999,9,09464,1",,,"SYN07643063 32596 42702 10238 20205 39464 40084 84700 333 56600 59006 81722 83626=",
"43063099999","2025-08-10T18:00:00","4","18.5333333","73.85","558.0","PUNE, IN","FM-12","99999","V020","999,9,C,0000,1","22000,1,9,N","004000,1,9,9","+0232,1","+0208,1","10090,1","15,0000,2,1","5,1,02,1","2,1,02,1",,,"01,1,+00660,1,07,1","03,1,+00780,1,06,1",,"9,AGL   ,+99999,+99999","04,99,1,01,1,99,9,00660,1,99,9,99,9",,"99999,9,09470,1",,"20,1","SYN08843063 21596 40000 10232 20208 39470 40090 72052 84700 333 56600 59009 6990/ 81722 83626=",
"43063099999","2025-08-10T21:00:00","4","18.5333333","73.85","558.0","PUNE, IN","FM-12","99999","V020","270,1,N,0010,1","00780,1,C,N","004000,1,9,9","+0232,1","+0211,1","10080,1","18,0000,2,1",,,,,"02,1,+00660,1,07,1","05,1,+00780,1,06,1",,"9,AGL   ,+99999,+99999","07,99,1,02,1,99,9,00660,1,99,9,99,9",,"99999,9,09460,1",,,"SYN08243063 22596 72702 10232 20211 39460 40080 87700 333 56600 59006 6990/ 82722 85626=",
"43063099999","2025-08-11T00:00:00","4","18.5333333","73.85","558.0","PUNE, IN","FM-12","99999","V020","270,1,N,0015,1","99999,9,9,N","004000,1,9,9","+0228,1","+0210,1","10079,1","21,0000,2,1",,,,,"04,1,+00780,1,06,1","99,9,+99999,9,03,1",,"9,AGL   ,+99999,+99999","05,99,1,04,1,99,9,00780,1,99,9,99,9",,"99999,9,09457,1","9,9,999,9,-004,1",,"SYN07043063 22596 52703 10228 20210 39457 40079 84530 333 59004 6990/ 84626=",
"43063099999","2025-08-11T03:00:00","4","18.5333333","73.85","558.0","PUNE, IN","FM-12","99999","V020","270,1,N,0010,1","99999,9,9,N","010000,1,9,9","+0250,1","+0209,1","10092,1","24,0000,2,1",,,,,"01,1,+00660,1,07,1","03,1,+00780,1,06,1","99,9,+99999,9,00,1","9,AGL   ,+99999,+99999","06,99,1,01,1,99,9,00660,1,99,9,99,9","240,N,+0224,1","99999,9,09473,1",,,"SYN10443063 22597 62702 10250 20209 39473 40092 84731 333 20224 56699 58000 6990/ 81722 83626 555 00000 10405=",
"43063099999","2025-08-11T06:00:00","4","18.5333333","73.85","558.0","PUNE, IN","FM-12","99999","V020","270,1,N,0015,1","99999,9,9,N","010000,1,9,9","+0280,1","+0194,1","10084,1",,,,,,"03,1,+00780,1,06,1","99,9,+99999,9,03,1",,"9,AGL   ,+99999,+99999","06,99,1,03,1,99,9,00780,1,99,9,99,9",,"99999,9,09471,1","9,9,999,9,-004,1",,"SYN06443063 32597 62703 10280 20194 39471 40084 85830 333 59004 83626=",
"43063099999","2025-08-11T09:00:00","4","18.5333333","73.85","558.0","PUNE, IN","FM-12","99999","V020","270,1,N,0026,1","00840,1,C,N","010000,1,9,9","+0306,1","+0214,1","10057,1",,,,,,"03,1,+00780,1,06,1","03,1,+00840,1,08,1",,"9,AGL   ,+99999,+99999","06,99,1,03,1,99,9,00780,1,99,9,99,9",,"99999,9,09452,1","9,9,999,9,+002,1",,"SYN07043063 32597 62705 10306 20214 39452 40057 85830 333 58002 83626 83828=",
"43063099999","2025-08-11T12:00:00","4","18.5333333","73.85","558.0","PUNE, IN","FM-12","99999","V020","270,1,N,0015,1","00840,1,C,N","010000,1,9,9","+0264,1","+0208,1","10063,1",,,,,,"04,1,+00780,1,06,1","03,1,+00840,1,08,1",,"9,AGL   ,+99999,+99999","07,99,1,04,1,99,9,00780,1,99,9,99,9",,"99999,9,09450,1","9,9,999,9,+003,1",,"SYN07643063 32597 72703 10264 20208 39450 40063 86830 333 10309 58003 84626 83828=",
"43063099999","2025-08-11T15:00:00","4","18.5333333","73.85","558.0","PUNE, IN","FM-12","99999","V020","270,1,N,0010,1","00780,1,C,N","004000,1,9,9","+0230,1","+0215,1","10087,1","12,0003,3,1","6,1,02,1","5,1,02,1",,,"02,1,+00660,1,07,1","05,1,+00780,1,06,1",,"9,AGL   ,+99999,+99999","07,99,1,02,1,99,9,00660,1,99,9,99,9",,"99999,9,09465,1",,"20,1","SYN08843063 21596 72702 10230 20215 39465 40087 72065 87700 333 56600 58001 6993/ 82722 85626=",
"43063099999","2025-08-11T18:00:00","4","18.5333333","73.85","558.0","PUNE, IN","FM-12","99999","V020","999,9,C,0000,1","22000,1,9,N","004000,1,9,9","+0230,1","+0212,1","10091,1","15,0003,3,1","6,1,02,1","5,1,02,1",,,"03,1,+00780,1,06,1",,,"9,AGL   ,+99999,+99999","03,99,1,03,1,99,9,00780,1,99,9,99,9",,"99999,9,09469,1","9,9,999,9,-001,1","01,1","SYN07643063 21596 30000 10230 20212 39469 40091 70165 83500 333 59001 6993/ 83626=",
"43063099999","2025-08-11T21:00:00","4","18.5333333","73.85","558.0","PUNE, IN","FM-12","99999","V020","999,9,C,0000,1","99999,9,9,N","004000,1,9,9","+0228,1","+0210,1","10079,1","18,0003,3,1",,,,,"01,1,+00780,1,06,1","03,1,+01800,1,03,1","99,9,+99999,9,00,1","9,AGL   ,+99999,+99999","05,99,1,01,1,99,9,00780,1,99,9,99,9",,"99999,9,09457,1","9,9,999,9,-003,1",,"SYN07643063 22596 50000 10228 20210 39457 40079 81531 333 59003 6993/ 81626 83356=",
"43063099999","2025-08-12T00:00:00","4","18.5333333","73.85","558.0","PUNE, IN","FM-12","99999","V020","270,1,N,0010,1","22000,1,9,N","004000,1,9,9","+0226,1","+0205,1","10069,1","21,0003,3,1",,,,,"02,1,+00780,1,06,1","99,9,+99999,9,00,1",,"9,AGL   ,+99999,+99999","03,99,1,02,1,99,9,00780,1,99,9,99,9",,"99999,9,09448,1","9,9,999,9,-009,1",,"SYN07043063 22596 32702 10226 20205 39448 40069 82501 333 59009 6993/ 82626=",
"43063099999","2025-08-12T03:00:00","4","18.5333333","73.85","558.0","PUNE, IN","FM-12","99999","V020","270,1,N,0015,1","00780,1,C,N","010000,1,9,9","+0246,1","+0205,1","10079,1","24,0003,3,1",,,,,"02,1,+00660,1,07,1","04,1,+00780,1,06,1",,"9,AGL   ,+99999,+99999","07,99,1,02,1,99,9,00660,1,99,9,99,9","240,N,+0218,1","99999,9,09461,1",,,"SYN10443063 22597 72703 10246 20205 39461 40079 85701 333 20218 56609 59012 6993/ 82722 84626 555 00003 10406=",
"43063099999","2025-08-12T06:00:00","4","18.5333333","73.85","558.0","PUNE, IN","FM-12","99999","V020","270,1,N,0021,1","00780,1,C,N","010000,1,9,9","+0270,1","+0209,1","10074,1",,,,,,"02,1,+00660,1,07,1","04,1,+00780,1,06,1",,"9,AGL   ,+99999,+99999","07,99,1,02,1,99,9,00660,1,99,9,99,9",,"99999,9,09461,1",,,"SYN07643063 32597 72704 10270 20209 39461 40074 86701 333 56609 59010 82722 84626=",
"43063099999","2025-08-12T09:00:00","4","18.5333333","73.85","558.0","PUNE, IN","FM-12","99999","V020","270,1,N,0026,1","00780,1,C,N","010000,1,9,9","+0276,1","+0209,1","10057,1",,,,,,"02,1,+00660,1,07,1","04,1,+00780,1,06,1",,"9,AGL   ,+99999,+99999","07,99,1,02,1,99,9,00660,1,99,9,99,9",,"99999,9,09447,1",,,"SYN07643063 32597 72705 10276 20209 39447 40057 87700 333 56600 59005 82722 84626=",
"43063099999","2025-08-12T12:00:00","4","18.5333333","73.85","558.0","PUNE, IN","FM-12","99999","V020","270,1,N,0026,1","00840,1,C,N","010000,1,9,9","+0286,1","+0204,1","10036,1",,,,,,"03,1,+00780,1,06,1","03,1,+00840,1,08,1",,"9,AGL   ,+99999,+99999","06,99,1,03,1,99,9,00780,1,99,9,99,9",,"99999,9,09429,1","9,9,999,9,-021,1",,"SYN07643063 32597 62705 10286 20204 39429 40036 85830 333 10292 59021 83626 83828=",
"43063099999","2025-08-12T15:00:00","4","18.5333333","73.85","558.0","PUNE, IN","FM-12","99999","V020","270,1,N,0010,1","01800,1,C,N","010000,1,9,9","+0240,1","+0211,1","10066,1",,,,,,"03,1,+00780,1,06,1","03,1,+01800,1,03,1",,"9,AGL   ,+99999,+99999","05,99,1,03,1,99,9,00780,1,99,9,99,9",,"99999,9,09447,1","9,9,999,9,-018,1",,"SYN07043063 32597 52702 10240 20211 39447 40066 83530 333 59018 83626 83356=",
"43063099999","2025-08-12T18:00:00","4","18.5333333","73.85","558.0","PUNE, IN","FM-12","99999","V020","270,1,N,0005,1","22000,1,9,9","004000,1,9,9","+0232,1","+0205,1","10069,1","99,9999,9,9",,,"0,1,99,9","0,1,99,9","02,1,+00780,1,06,1","03,1,+06000,1,00,1",,"9,AGL   ,+99999,+99999","04,99,1,02,1,99,9,00780,1,99,9,99,9",,"99999,9,09450,1","9,9,999,9,-019,1",,"SYN004BUFR",
"43063099999","2025-08-12T21:00:00","4","18.5333333","73.85","558.0","PUNE, IN","FM-12","99999","V020","999,9,C,0000,1","00780,1,C,N","004000,1,9,9","+0224,1","+0203,1","10055,1",,,,,,"02,1,+00660,1,07,1","03,1,+00780,1,06,1",,"9,AGL   ,+99999,+99999","06,99,1,02,1,99,9,00660,1,99,9,99,9",,"99999,9,09434,1",,,"SYN07643063 32596 60000 10224 20203 39434 40055 84730 333 56690 59023 82722 83626=",
"43063099999","2025-08-13T00:00:00","4","18.5333333","73.85","558.0","PUNE, IN","FM-12","99999","V020","270,1,N,0010,1","00780,1,C,N","004000,1,9,9","+0224,1","+0212,1","10050,1","21,0000,2,1","6,1,02,1","5,1,02,1",,,"03,1,+00660,1,07,1","03,1,+00780,1,06,1",,"9,AGL   ,+99999,+99999","07,99,1,03,1,99,9,00660,1,99,9,99,9",,"99999,9,09430,1",,"21,1","SYN08843063 21596 72702 10224 20212 39430 40050 72165 85730 333 56690 59018 6990/ 83722 83626=",
"43063099999","2025-08-13T03:00:00","4","18.5333333","73.85","558.0","PUNE, IN","FM-12","99999","V020","270,1,N,0015,1","00780,1,C,N","010000,1,9,9","+0238,1","+0212,1","10058,1","24,0000,2,1",,,,,"03,1,+00660,1,07,1","03,1,+00780,1,06,1",,"9,AGL   ,+99999,+99999","07,99,1,03,1,99,9,00660,1,99,9,99,9","240,N,+0218,1","99999,9,09439,1",,,"SYN10443063 22597 72703 10238 20212 39439 40058 85730 333 20218 56690 59022 6990/ 83722 83626 555 00000 10406=",
"43063099999","2025-08-13T06:00:00","4","18.5333333","73.85","558.0","PUNE, IN","FM-12","99999","V020","270,1,N,0015,1","00780,1,C,N","010000,1,9,9","+0270,1","+0218,1","10051,1",,,,,,"03,1,+00660,1,07,1","05,1,+00780,1,06,1",,"9,AGL   ,+99999,+99999","07,99,1,03,1,99,9,00660,1,99,9,99,9",,"99999,9,09439,1",,,"SYN07643063 32597 72703 10270 20218 39439 40051 87700 333 56600 59022 83722 85626=",
"43063099999","2025-08-13T09:00:00","4","18.5333333","73.85","558.0","PUNE, IN","FM-12","99999","V020","270,1,N,0015,1","00780,1,C,N","010000,1,9,9","+0270,1","+0212,1","10031,1",,,,,,"03,1,+00660,1,07,1","05,1,+00780,1,06,1",,"9,AGL   ,+99999,+99999","07,99,1,03,1,99,9,00660,1,99,9,99,9",,"99999,9,09420,1",,,"SYN07643063 32597 72703 10270 20212 39420 40031 87700 333 56600 59027 83722 85626=",
"43063099999","2025-08-13T12:00:00","4","18.5333333","73.85","558.0","PUNE, IN","FM-12","99999","V020","270,1,N,0015,1","00780,1,C,N","010000,1,9,9","+0246,1","+0208,1","10032,1",,,,,,"02,1,+00660,1,07,1","05,1,+00780,1,06,1",,"9,AGL   ,+99999,+99999","07,99,1,02,1,99,9,00660,1,99,9,99,9",,"99999,9,09417,1",,,"SYN08243063 32597 72703 10246 20208 39417 40032 87700 333 10308 56600 59012 82722 85626=",
"43063099999","2025-08-13T15:00:00","4","18.5333333","73.85","558.0","PUNE, IN","FM-12","99999","V020","270,1,N,0015,1","00780,1,C,N","004000,1,9,9","+0240,1","+0211,1","10050,1",,,,,,"03,1,+00660,1,07,1","05,1,+00780,1,06,1",,"9,AGL   ,+99999,+99999","07,99,1,03,1,99,9,00660,1,99,9,99,9",,"99999,9,09431,1",,,"SYN07643063 32596 72703 10240 20211 39431 40050 87700 333 56600 59016 83722 85626=",
"43063099999","2025-08-13T18:00:00","4","18.5333333","73.85","558.0","PUNE, IN","FM-12","99999","V020","270,1,N,0010,1","00780,1,C,N","004000,1,9,9","+0230,1","+0212,1","10054,1",,,,,,"02,1,+00660,1,07,1","03,1,+00780,1,06,1",,"9,AGL   ,+99999,+99999","05,99,1,02,1,99,9,00660,1,99,9,99,9",,"99999,9,09433,1",,,"SYN07643063 32596 52702 10230 20212 39433 40054 85700 333 56600 59017 82722 83626=",
"43063099999","2025-08-13T21:00:00","4","18.5333333","73.85","558.0","PUNE, IN","FM-12","99999","V020","270,1,N,0010,1","00780,1,C,N","004000,1,9,9","+0230,1","+0215,1","10039,1",,,,,,"02,1,+00660,1,07,1","03,1,+00780,1,06,1",,"9,AGL   ,+99999,+99999","05,99,1,02,1,99,9,00660,1,99,9,99,9",,"99999,9,09420,1",,,"SYN07643063 32596 52702 10230 20215 39420 40039 85700 333 56600 59014 82722 83626=",
"43063099999","2025-08-14T00:00:00","4","18.5333333","73.85","558.0","PUNE, IN","FM-12","99999","V020","270,1,N,0005,1","00780,1,C,N","004000,1,9,9","+0230,1","+0215,1","10042,1",,,,,,"02,1,+00660,1,07,1","04,1,+00780,1,06,1",,"9,AGL   ,+99999,+99999","06,99,1,02,1,99,9,00660,1,99,9,99,9",,"99999,9,09423,1",,,"SYN07643063 32596 62701 10230 20215 39423 40042 86700 333 56600 59007 82722 84626=",
"43063099999","2025-08-14T03:00:00","4","18.5333333","73.85","558.0","PUNE, IN","FM-12","99999","V020","270,1,N,0010,1","00780,1,C,N","010000,1,9,9","+0242,1","+0210,1","10055,1",,,,,,"02,1,+00660,1,07,1","04,1,+00780,1,06,1",,"9,AGL   ,+99999,+99999","07,99,1,02,1,99,9,00660,1,99,9,99,9","240,N,+0223,1","99999,9,09438,1",,,"SYN09843063 32597 72702 10242 20210 39438 40055 86730 333 20223 56690 59001 82722 84626 555 00000 10406=",
"43063099999","2025-08-14T06:00:00","4","18.5333333","73.85","558.0","PUNE, IN","FM-12","99999","V020","270,1,N,0010,1","00780,1,9,N","010000,1,9,9","+0258,1","+0211,1","10052,1",,,,,,"03,1,+00660,1,07,1","06,1,+00780,1,06,1",,"9,AGL   ,+99999,+99999","07,99,1,03,1,99,9,00660,1,99,9,99,9",,"99999,9,09438,1",,,"SYN07643063 32597 72702 10258 20211 39438 40052 87700 333 56600 59001 83722 86626=",
"43063099999","2025-08-14T09:00:00","4","18.5333333","73.85","558.0","PUNE, IN","FM-12","99999","V020","270,1,N,0021,1","00780,1,C,N","010000,1,9,9","+0294,1","+0216,1","10025,1",,,,,,"01,1,+00660,1,07,1","05,1,+00780,1,06,1",,"9,AGL   ,+99999,+99999","07,99,1,01,1,99,9,00660,1,99,9,99,9",,"99999,9,09420,1",,,"SYN07643063 32597 72704 10294 20216 39420 40025 87700 333 56600 58000 81722 85626=",
"43063099999","2025-08-14T12:00:00","4","18.5333333","73.85","558.0","PUNE, IN","FM-12","99999","V020","270,1,N,0021,1","00780,1,C,N","010000,1,9,9","+0266,1","+0211,1","10024,1",,,,,,"02,1,+00660,1,07,1","05,1,+00780,1,06,1",,"9,AGL   ,+99999,+99999","07,99,1,02,1,99,9,00660,1,99,9,99,9",,"99999,9,09413,1",,,"SYN08243063 32597 72704 10266 20211 39413 40024 87700 333 10298 56600 59004 82722 85626=",
"43063099999","2025-08-14T15:00:00","4","18.5333333","73.85","558.0","PUNE, IN","FM-12","99999","V020","270,1,N,0005,1","00780,1,9,N","004000,1,9,9","+0242,1","+0213,1","10042,1","12,0000,2,1","2,1,02,1","2,1,02,1",,,"03,1,+00660,1,07,1","06,1,+00780,1,06,1",,"9,AGL   ,+99999,+99999","07,99,1,03,1,99,9,00660,1,99,9,99,9",,"99999,9,09427,1",,"50,1","SYN08843063 21596 72701 10242 20213 39427 40042 75022 87700 333 56600 59004 6990/ 83722 86626=",
"43063099999","2025-08-14T18:00:00","4","18.5333333","73.85","558.0","PUNE, IN","FM-12","99999","V020","270,1,N,0010,1","99999,9,9,N","004000,1,9,9","+0236,1","+0213,1","10047,1","15,0000,2,1","5,1,02,1","2,1,02,1",,,"01,1,+00660,1,07,1","04,1,+00780,1,06,1",,"9,AGL   ,+99999,+99999","05,99,1,01,1,99,9,00660,1,99,9,99,9",,"99999,9,09430,1",,"01,1","SYN08843063 21596 52702 10236 20213 39430 40047 70152 85700 333 56600 59003 6990/ 81722 84626=",
"43063099999","2025-08-14T21:00:00","4","18.5333333","73.85","558.0","PUNE, IN","FM-12","99999","V020","270,1,N,0010,1","00780,1,C,N","004000,1,9,9","+0232,1","+0214,1","10032,1","18,0000,2,1","5,1,02,1","2,1,02,1",,,"02,1,+00660,1,07,1","05,1,+00780,1,06,1",,"9,AGL   ,+99999,+99999","06,99,1,02,1,99,9,00660,1,99,9,99,9",,"99999,9,09415,1",,"02,1","SYN08843063 21596 62702 10232 20214 39415 40032 70252 86700 333 56600 59005 6990/ 82722 85626=",
"43063099999","2025-08-15T00:00:00","4","18.5333333","73.85","558.0","PUNE, IN","FM-12","99999","V020","270,1,N,0015,1","00780,1,C,N","004000,1,9,9","+0228,1","+0213,1","10032,1","21,0000,2,1","5,1,02,1","2,1,02,1",,,"03,1,+00660,1,07,1","05,1,+00780,1,06,1",,"9,AGL   ,+99999,+99999","07,99,1,03,1,99,9,00660,1,99,9,99,9",,"99999,9,09413,1",,"20,1","SYN08843063 21596 72703 10228 20213 39413 40032 72052 87700 333 56600 59010 6990/ 83722 85626=",
"43063099999","2025-08-15T03:00:00","4","18.5333333","73.85","558.0","PUNE, IN","FM-12","99999","V020","270,1,N,0005,1","00780,1,C,N","004000,1,9,9","+0238,1","+0215,1","10051,1","24,0000,2,1","6,1,02,1","5,1,02,1",,,"03,1,+00660,1,07,1","05,1,+00780,1,06,1",,"9,AGL   ,+99999,+99999","08,99,1,03,1,99,9,00660,1,99,9,99,9","240,N,+0225,1","99999,9,09432,1",,"50,1","SYN11043063 21596 82701 10238 20215 39432 40051 75065 887// 333 20225 566// 59006 6990/ 83722 85626 555 00000 10406=",
"43063099999","2025-08-15T06:00:00","4","18.5333333","73.85","558.0","PUNE, IN","FM-12","99999","V020","270,1,N,0010,1","00780,1,C,N","004000,1,9,9","+0260,1","+0216,1","10058,1","03,0000,2,1","6,1,02,1","5,1,02,1",,,"03,1,+00660,1,07,1","05,1,+00780,1,06,1",,"9,AGL   ,+99999,+99999","08,99,1,03,1,99,9,00660,1,99,9,99,9",,"99999,9,09437,1",,"50,1","SYN08843063 21596 82702 10260 20216 39437 40058 75065 887// 333 566// 59001 6990/ 83722 85626=",
"43063099999","2025-08-15T09:00:00","4","18.5333333","73.85","558.0","PUNE, IN","FM-12","99999","V020","270,1,N,0015,1","00780,1,9,N","010000,1,9,9","+0264,1","+0215,1","10028,1","06,0000,2,1",,,,,"04,1,+00660,1,07,1","05,1,+00780,1,06,1",,"9,AGL   ,+99999,+99999","08,99,1,04,1,99,9,00660,1,99,9,99,9",,"99999,9,09417,1",,,"SYN08243063 22597 82703 10264 20215 39417 40028 887// 333 566// 59003 6990/ 84722 85626=",
"43063099999","2025-08-15T12:00:00","4","18.5333333","73.85","558.0","PUNE, IN","FM-12","99999","V020","270,1,N,0021,1","00780,1,9,N","010000,1,9,9","+0254,1","+0207,1","10018,1","09,0000,2,1",,,,,"04,1,+00660,1,07,1","05,1,+00780,1,06,1",,"9,AGL   ,+99999,+99999","08,99,1,04,1,99,9,00660,1,99,9,99,9",,"99999,9,09406,1",,,"SYN08843063 22597 82704 10254 20207 39406 40018 887// 333 10272 566// 59007 6990/ 84722 85626=",
"43063099999","2025-08-15T15:00:00","4","18.5333333","73.85","558.0","PUNE, IN","FM-12","99999","V020","270,1,N,0021,1","00780,1,C,N","004000,1,9,9","+0236,1","+0206,1","10043,1","12,0000,2,1",,,,,"04,1,+00660,1,07,1","04,1,+00780,1,06,1",,"9,AGL   ,+99999,+99999","08,99,1,04,1,99,9,00660,1,99,9,99,9",,"99999,9,09426,1",,,"SYN08243063 22596 82704 10236 20206 39426 40043 8773/ 333 5669/ 59001 6990/ 84722 84626=",
"43063099999","2025-08-15T18:00:00","4","18.5333333","73.85","558.0","PUNE, IN","FM-12","99999","V020","270,1,N,0010,1","00780,1,C,N","004000,1,9,9","+0234,1","+0207,1","10041,1","15,0000,2,1",,,,,"04,1,+00660,1,07,1","04,1,+00780,1,06,1",,"9,AGL   ,+99999,+99999","08,99,1,04,1,99,9,00660,1,99,9,99,9",,"99999,9,09424,1",,,"SYN08243063 22596 82702 10234 20207 39424 40041 8773/ 333 5669/ 59006 6990/ 84722 84626=",
"43063099999","2025-08-15T21:00:00","4","18.5333333","73.85","558.0","PUNE, IN","FM-12","99999","V020","999,9,C,0000,1","00780,1,C,N","004000,1,9,9","+0234,1","+0213,1","10025,1","18,0000,2,1",,,,,"03,1,+00660,1,07,1","05,1,+00780,1,06,1",,"9,AGL   ,+99999,+99999","07,99,1,03,1,99,9,00660,1,99,9,99,9",,"99999,9,09409,1",,,"SYN08243063 22596 70000 10234 20213 39409 40025 87700 333 56600 59006 6990/ 83722 85626=",
"43063099999","2025-08-16T00:00:00","4","18.5333333","73.85","558.0","PUNE, IN","FM-12","99999","V020","999,9,C,0000,1","99999,9,9,N","004000,1,9,9","+0228,1","+0216,1","10023,1","21,0001,3,1","6,1,02,1","5,1,02,1",,,"04,1,+00660,1,07,1",,,"9,AGL   ,+99999,+99999","08,99,1,04,1,99,9,00660,1,99,9,99,9",,"99999,9,09405,1",,"02,1","SYN08843063 21596 80000 10228 20216 39405 40023 70265 887// 333 566// 59008 6991/ 84722 75626=",
"43063099999","2025-08-16T03:00:00","4","18.5333333","73.85","558.0","PUNE, IN","FM-12","99999","V020","270,1,N,0005,1","01800,1,C,N","004000,1,9,9","+0236,1","+0218,1","10032,1","24,0001,3,1","6,1,02,1","5,1,02,1",,,"04,1,+00600,1,07,1","03,1,+01800,1,04,1",,"9,AGL   ,+99999,+99999","08,99,1,04,1,99,9,00600,1,99,9,99,9","240,N,+0222,1","99999,9,09415,1",,"60,1","SYN11043063 21596 82701 10236 20218 39415 40032 76065 8672/ 333 20222 5669/ 59017 6991/ 84720 83456 555 00001 10406=",
"43063099999","2025-08-16T06:00:00","4","18.5333333","73.85","558.0","PUNE, IN","FM-12","99999","V020","270,1,N,0026,1","00780,1,9,N","010000,1,9,9","+0262,1","+0206,1","10030,1",,,,,,"04,1,+00660,1,07,1","05,1,+00780,1,06,1",,"9,AGL   ,+99999,+99999","08,99,1,04,1,99,9,00660,1,99,9,99,9",,"99999,9,09419,1",,,"SYN07643063 32597 82705 10262 20206 39419 40030 8773/ 333 5669/ 59018 84722 85626=",
"43063099999","2025-08-16T09:00:00","4","18.5333333","73.85","558.0","PUNE, IN","FM-12","99999","V020","270,1,N,0031,1","01800,1,C,N","004000,1,9,9","+0240,1","+0211,1","10019,1","06,0007,3,1","5,1,02,1","2,1,02,1",,,"04,1,+00660,1,07,1","04,1,+01800,1,04,1",,"9,AGL   ,+99999,+99999","08,99,1,04,1,99,9,00660,1,99,9,99,9",,"99999,9,09403,1",,"60,1","SYN08843063 21596 82706 10240 20211 39403 40019 76052 8672/ 333 5669/ 59014 6997/ 84722 84456=",
"43063099999","2025-08-16T12:00:00","4","18.5333333","73.85","558.0","PUNE, IN","FM-12","99999","V020","270,1,N,0026,1","01800,1,C,N","010000,1,9,9","+0238,1","+0224,1","10008,1","09,0009,3,1","6,1,02,1","5,1,02,1",,,"04,1,+00600,1,07,1","04,1,+01800,1,04,1",,"9,AGL   ,+99999,+99999","08,99,1,04,1,99,9,00600,1,99,9,99,9",,"99999,9,09392,1",,"50,1","SYN09443063 21597 82705 10238 20224 39392 40008 75065 8672/ 333 10266 5669/ 59014 6999/ 84720 84456=",
"43063099999","2025-08-16T15:00:00","4","18.5333333","73.85","558.0","PUNE, IN","FM-12","99999","V020","270,1,N,0010,1","00780,1,C,N","004000,1,9,9","+0236,1","+0212,1","10021,1","12,0010,3,1","6,1,02,1","5,1,02,1",,,"03,1,+00600,1,07,1","05,1,+00780,1,06,1",,"9,AGL   ,+99999,+99999","07,99,1,03,1,99,9,00600,1,99,9,99,9",,"99999,9,09405,1",,"50,1","SYN08843063 21596 72702 10236 20212 39405 40021 75065 87700 333 56600 59021 6001/ 83720 85626=",
"43063099999","2025-08-16T18:00:00","4","18.5333333","73.85","558.0","PUNE, IN","FM-12","99999","V020","270,1,N,0005,1","00780,1,9,N","004000,1,9,9","+0232,1","+0217,1","10027,1","15,0010,3,1","6,1,02,1","5,1,02,1",,,"04,1,+00600,1,07,1","05,1,+00780,1,06,1",,"9,AGL   ,+99999,+99999","08,99,1,04,1,99,9,00600,1,99,9,99,9",,"99999,9,09410,1",,"60,1","SYN08843063 21596 82701 10232 20217 39410 40027 76065 887// 333 566// 59014 6001/ 84720 85626=",
"43063099999","2025-08-16T21:00:00","4","18.5333333","73.85","558.0","PUNE, IN","FM-12","99999","V020","999,9,C,0000,1","00780,1,C,N","004000,1,9,9","+0226,1","+0217,1","10012,1","18,0030,3,1","6,1,02,1","5,1,02,1",,,"03,1,+00600,1,07,1","05,1,+00780,1,06,1",,"9,AGL   ,+99999,+99999","07,99,1,03,1,99,9,00600,1,99,9,99,9",,"99999,9,09394,1",,"50,1","SYN08843063 21596 70000 10226 20217 39394 40012 75065 87700 333 56600 59015 6003/ 83720 85626=",
"43063099999","2025-08-17T00:00:00","4","18.5333333","73.85","558.0","PUNE, IN","FM-12","99999","V020","999,9,C,0000,1","00780,1,C,N","004000,1,9,9","+0226,1","+0217,1","10010,1","21,0030,3,1","6,1,02,1","5,1,02,1",,,"02,1,+00660,1,07,1","05,1,+00780,1,06,1",,"9,AGL   ,+99999,+99999","06,99,1,02,1,99,9,00660,1,99,9,99,9",,"99999,9,09392,1",,"02,1","SYN08843063 21596 60000 10226 20217 39392 40010 70265 86700 333 56600 59013 6003/ 82722 85626=",
"43063099999","2025-08-17T03:00:00","4","18.5333333","73.85","558.0","PUNE, IN","FM-12","99999","V020","270,1,N,0005,1","00780,1,C,N","010000,1,9,9","+0236,1","+0206,1","10020,1","24,0030,3,1","5,1,02,1","2,1,02,1",,,"04,1,+00660,1,07,1","04,1,+00780,1,06,1",,"9,AGL   ,+99999,+99999","08,99,1,04,1,99,9,00660,1,99,9,99,9","240,N,+0218,1","99999,9,09404,1",,"02,1","SYN09443063 22597 82701 10236 20206 39404 40020 70252 887// 333 20218 566// 59011 6003/ 84722 84626=",
"43063099999","2025-08-17T06:00:00","4","18.5333333","73.85","558.0","PUNE, IN","FM-12","99999","V020","270,1,N,0021,1","00780,1,C,N","010000,1,9,9","+0266,1","+0220,1","10014,1","03,0002,3,1","6,1,02,1","5,1,02,1",,,"03,1,+00660,1,07,1","03,1,+00780,1,06,1",,"9,AGL   ,+99999,+99999","07,99,1,03,1,99,9,00660,1,99,9,99,9",,"99999,9,09404,1",,"02,1","SYN08843063 21597 72704 10266 20220 39404 40014 70265 86730 333 56690 59015 6992/ 83722 83626=",
"43063099999","2025-08-17T09:00:00","4","18.5333333","73.85","558.0","PUNE, IN","FM-12","99999","V020","270,1,N,0026,1","00780,1,C,N","010000,1,9,9","+0268,1","+0216,1","09998,1","06,0002,3,1","5,1,02,1","2,1,02,1",,,"03,1,+00660,1,07,1","05,1,+00780,1,06,1",,"9,AGL   ,+99999,+99999","07,99,1,03,1,99,9,00660,1,99,9,99,9",,"99999,9,09390,1",,"20,1","SYN08843063 21597 72705 10268 20216 39390 49998 72052 87700 333 56600 59013 6992/ 83722 85626=",
"43063099999","2025-08-17T12:00:00","4","18.5333333","73.85","558.0","PUNE, IN","FM-12","99999","V020","270,1,N,0021,1","00780,1,C,N","010000,1,9,9","+0256,1","+0200,1","10003,1","09,0002,3,1","5,1,02,1","2,1,02,1",,,"02,1,+00660,1,07,1","03,1,+00780,1,06,1",,"9,AGL   ,+99999,+99999","07,99,1,02,1,99,9,00660,1,99,9,99,9",,"99999,9,09391,1",,"02,1","SYN09443063 21597 72704 10256 20200 39391 40003 70252 84730 333 10290 56690 59001 6992/ 82722 83626=",
"43063099999","2025-08-17T15:00:00","4","18.5333333","73.85","558.0","PUNE, IN","FM-12","99999","V020","270,1,N,0010,1","00780,1,C,N","004000,1,9,9","+0240,1","+0211,1","10029,1","12,0002,3,1",,,,,"02,1,+00660,1,07,1","03,1,+00780,1,06,1",,"9,AGL   ,+99999,+99999","05,99,1,02,1,99,9,00660,1,99,9,99,9",,"99999,9,09412,1",,,"SYN08243063 22596 52702 10240 20211 39412 40029 84730 333 56690 58007 6992/ 82722 83626=",
"43063099999","2025-08-17T18:00:00","4","18.5333333","73.85","558.0","PUNE, IN","FM-12","99999","V020","270,1,N,0010,1","00780,1,C,N","004000,1,9,9","+0230,1","+0215,1","10042,1","15,0003,3,1","5,1,02,1","2,1,02,1",,,"03,1,+00660,1,07,1","03,1,+00780,1,06,1",,"9,AGL   ,+99999,+99999","06,99,1,03,1,99,9,00660,1,99,9,99,9",,"99999,9,09423,1",,"20,1","SYN08843063 21596 62702 10230 20215 39423 40042 72052 85730 333 56690 58013 6993/ 83722 83626=",
"43063099999","2025-08-17T21:00:00","4","18.5333333","73.85","558.0","PUNE, IN","FM-12","99999","V020","270,1,N,0015,1","00780,1,C,N","004000,1,9,9","+0224,1","+0209,1","10031,1","18,0008,3,1","6,1,02,1","2,1,02,1",,,"03,1,+00660,1,07,1","03,1,+00780,1,06,1",,"9,AGL   ,+99999,+99999","06,99,1,03,1,99,9,00660,1,99,9,99,9",,"99999,9,09412,1",,"02,1","SYN08843063 21596 62703 10224 20209 39412 40031 70262 86700 333 56600 58018 6998/ 83722 83626=",
"43063099999","2025-08-18T00:00:00","4","18.5333333","73.85","558.0","PUNE, IN","FM-12","99999","V020","999,9,C,0000,1","00780,1,C,N","004000,1,9,9","+0228,1","+0210,1","10032,1","21,0008,3,1","6,1,02,1","2,1,02,1",,,"03,1,+00660,1,07,1","03,1,+00780,1,06,1",,"9,AGL   ,+99999,+99999","06,99,1,03,1,99,9,00660,1,99,9,99,9",,"99999,9,09413,1",,"02,1","SYN08843063 21596 60000 10228 20210 39413 40032 70262 85730 333 56690 58021 6998/ 83722 83626=",
"43063099999","2025-08-18T03:00:00","4","18.5333333","73.85","558.0","PUNE, IN","FM-12","99999","V020","270,1,N,0005,1","01800,1,C,N","010000,1,9,9","+0228,1","+0216,1","10044,1","24,0010,3,1","5,1,02,1","2,1,02,1",,,"03,1,+00660,1,07,1","03,1,+01800,1,04,1",,"9,AGL   ,+99999,+99999","08,99,1,03,1,99,9,00660,1,99,9,99,9","240,N,+0218,1","99999,9,09425,1",,"50,1","SYN11043063 21597 82701 10228 20216 39425 40044 75052 8672/ 333 20218 5669/ 58021 6001/ 83722 83456 555 00010 10409=",
"43063099999","2025-08-18T06:00:00","4","18.5333333","73.85","558.0","PUNE, IN","FM-12","99999","V020","270,1,N,0010,1","01800,1,C,N","004000,1,9,9","+0240,1","+0223,1","10047,1","03,0020,3,1","6,1,02,1","5,1,02,1",,,"04,1,+00600,1,07,1","04,1,+01800,1,04,1",,"9,AGL   ,+99999,+99999","08,99,1,04,1,99,9,00600,1,99,9,99,9",,"99999,9,09430,1",,"60,1","SYN08843063 21596 82702 10240 20223 39430 40047 76065 8572/ 333 5669/ 58026 6002/ 84720 84456=",
"43063099999","2025-08-18T09:00:00","4","18.5333333","73.85","558.0","PUNE, IN","FM-12","99999","V020","270,1,N,0021,1","01800,1,9,N","004000,1,9,9","+0226,1","+0217,1","10051,1","06,0220,3,1","6,1,02,1","6,1,02,1",,,"04,1,+00600,1,07,1","06,1,+01800,1,04,1",,"9,AGL   ,+99999,+99999","08,99,1,04,1,99,9,00600,1,99,9,99,9",,"99999,9,09430,1",,"63,1","SYN08843063 21596 82704 10226 20217 39430 40051 76366 8572/ 333 5669/ 58040 6022/ 84720 86456=",
"43063099999","2025-08-18T12:00:00","4","18.5333333","73.85","558.0","PUNE, IN","FM-12","99999","V020","270,1,N,0026,1","01800,1,C,N","010000,1,9,9","+0228,1","+0219,1","10033,1","09,0300,3,1","6,1,02,1","5,1,02,1",,,"03,1,+00660,1,07,1","05,1,+01800,1,04,1",,"9,AGL   ,+99999,+99999","08,99,1,03,1,99,9,00660,1,99,9,99,9",,"99999,9,09414,1",,"50,1","SYN09443063 21597 82705 10228 20219 39414 40033 75065 8572/ 333 10245 5669/ 58023 6030/ 83722 85456=",
"43063099999","2025-08-18T15:00:00","4","18.5333333","73.85","558.0","PUNE, IN","FM-12","99999","V020","270,1,N,0010,1","00780,1,C,N","004000,1,9,9","+0226,1","+0211,1","10039,1","12,0300,3,1","5,1,02,1","2,1,02,1",,,"03,1,+00660,1,07,1","03,1,+00780,1,06,1",,"9,AGL   ,+99999,+99999","05,99,1,03,1,99,9,00660,1,99,9,99,9",,"99999,9,09420,1",,"01,1","SYN08843063 21596 52702 10226 20211 39420 40039 70152 85700 333 56600 58008 6030/ 83722 83626=",
"43063099999","2025-08-18T18:00:00","4","18.5333333","73.85","558.0","PUNE, IN","FM-12","99999","V020","999,9,C,0000,1","00780,1,C,N","004000,1,9,9","+0224,1","+0218,1","10045,1","15,0300,3,1","5,1,02,1","2,1,02,1",,,"03,1,+00660,1,07,1","03,1,+00780,1,06,1",,"9,AGL   ,+99999,+99999","06,99,1,03,1,99,9,00660,1,99,9,99,9",,"99999,9,09426,1",,"50,1","SYN08843063 21596 60000 10224 20218 39426 40045 75052 86700 333 56600 58003 6030/ 83722 83626=",
"43063099999","2025-08-18T21:00:00","4","18.5333333","73.85","558.0","PUNE, IN","FM-12","99999","V020","270,1,N,0010,1","00780,1,C,N","004000,1,9,9","+0224,1","+0212,1","10020,1","18,0300,3,1","5,1,02,1","2,1,02,1",,,"03,1,+00660,1,07,1","04,1,+00780,1,06,1",,"9,AGL   ,+99999,+99999","07,99,1,03,1,99,9,00660,1,99,9,99,9",,"99999,9,09402,1",,"50,1","SYN08843063 21596 72702 10224 20212 39402 40020 75052 87700 333 56600 59010 6030/ 83722 84626=",
"43063099999","2025-08-19T00:00:00","4","18.5333333","73.85","558.0","PUNE, IN","FM-12","99999","V020","270,1,N,0010,1","00780,1,C,N","004000,1,9,9","+0222,1","+0216,1","10020,1","21,0300,3,1","5,1,02,1","2,1,02,1",,,"03,1,+00660,1,07,1","04,1,+00780,1,06,1",,"9,AGL   ,+99999,+99999","07,99,1,03,1,99,9,00660,1,99,9,99,9",,"99999,9,09402,1",,"50,1","SYN08843063 21596 72702 10222 20216 39402 40020 75052 87700 333 56600 59011 6030/ 83722 84626=",
"43063099999","2025-08-19T03:00:00","4","18.5333333","73.85","558.0","PUNE, IN","FM-12","99999","V020","999,9,C,0000,1","01800,1,9,N","004000,1,9,9","+0230,1","+0224,1","10034,1","24,0350,3,1","6,1,02,1","5,1,02,1",,,"03,1,+00600,1,07,1","07,1,+01800,1,04,1",,"9,AGL   ,+99999,+99999","08,99,1,03,1,99,9,00600,1,99,9,99,9","240,N,+0214,1","99999,9,09415,1",,"60,1","SYN11043063 21596 80000 10230 20224 39415 40034 76065 8372/ 333 20214 5669/ 59010 6035/ 83720 87456 555 00352 10445=",
"43063099999","2025-08-19T06:00:00","4","18.5333333","73.85","558.0","PUNE, IN","FM-12","99999","V020","270,1,N,0010,1","01800,1,9,N","004000,1,9,9","+0232,1","+0226,1","10037,1","03,0230,3,1","6,1,02,1","5,1,02,1",,,"03,1,+00600,1,07,1","07,1,+01800,1,04,1",,"9,AGL   ,+99999,+99999","08,99,1,03,1,99,9,00600,1,99,9,99,9",,"99999,9,09420,1",,"60,1","SYN08843063 21596 82702 10232 20226 39420 40037 76065 8372/ 333 5669/ 59010 6023/ 83720 87456=",
"43063099999","2025-08-19T09:00:00","4","18.5333333","73.85","558.0","PUNE, IN","FM-12","99999","V020","270,1,N,0015,1","01800,1,9,N","004000,1,9,9","+0240,1","+0231,1","10075,1","06,0320,3,1","6,1,02,1","2,1,02,1",,,"04,1,+00600,1,07,1","06,1,+01800,1,04,1",,"9,AGL   ,+99999,+99999","08,99,1,04,1,99,9,00600,1,99,9,99,9",,"99999,9,09405,1",,"60,1","SYN08843063 21596 82703 10240 20231 39405 40075 76062 8472/ 333 5669/ 59025 6032/ 84720 86456=",
"43063099999","2025-08-19T12:00:00","4","18.5333333","73.85","558.0","PUNE, IN","FM-12","99999","V020","270,1,N,0021,1","01800,1,9,N","004000,1,9,9","+0234,1","+0222,1","10016,1","09,0410,3,1","6,1,02,1","2,1,02,1",,,"04,1,+00600,1,07,1","06,1,+01800,1,04,1",,"9,AGL   ,+99999,+99999","08,99,1,04,1,99,9,00600,1,99,9,99,9",,"99999,9,09400,1",,"60,1","SYN09443063 21596 82704 10234 20222 39400 40016 76062 8472/ 333 10242 5669/ 59014 6041/ 84720 86456=",
"43063099999","2025-08-19T15:00:00","4","18.5333333","73.85","558.0","PUNE, IN","FM-12","99999","V020","270,1,N,0005,1","01800,1,C,N","004000,1,9,9","+0226,1","+0217,1","10034,1","12,0450,3,1","6,1,02,1","5,1,02,1",,,"03,1,+00600,1,07,1","05,1,+01800,1,04,1",,"9,AGL   ,+99999,+99999","08,99,1,03,1,99,9,00600,1,99,9,99,9",,"99999,9,09415,1",,"60,1","SYN08843063 21596 82701 10226 20217 39415 40034 76065 8472/ 333 5669/ 59005 6045/ 83720 85456=",
"43063099999","2025-08-19T18:00:00","4","18.5333333","73.85","558.0","PUNE, IN","FM-12","99999","V020","270,1,N,0010,1","01800,1,9,N","004000,1,9,9","+0222,1","+0213,1","10044,1","15,0510,3,1","6,1,02,1","6,1,02,1",,,"04,1,+00600,1,07,1","05,1,+01800,1,04,1",,"9,AGL   ,+99999,+99999","08,99,1,04,1,99,9,00600,1,99,9,99,9",,"99999,9,09425,1",,"60,1","SYN08843063 21596 82702 10222 20213 39425 40044 76066 8472/ 333 5669/ 59001 6051/ 84720 85456=",
"43063099999","2025-08-19T21:00:00","4","18.5333333","73.85","558.0","PUNE, IN","FM-12","99999","V020","270,1,N,0005,1","01800,1,C,N","004000,1,9,9","+0224,1","+0212,1","10021,1","18,0560,3,1","6,1,02,1","6,1,02,1",,,"03,1,+00600,1,07,1","05,1,+01800,1,04,1",,"9,AGL   ,+99999,+99999","08,99,1,03,1,99,9,00600,1,99,9,99,9",,"99999,9,09403,1",,"60,1","SYN08843063 21596 82701 10224 20212 39403 40021 76066 8572/ 333 5669/ 58001 6056/ 83720 85456=",
"43063099999","2025-08-20T00:00:00","4","18.5333333","73.85","558.0","PUNE, IN","FM-12","99999","V020","270,1,N,0010,1","01800,1,9,N","004000,1,9,9","+0226,1","+0217,1","10020,1","21,0570,3,1","6,1,02,1","5,1,02,1",,,"04,1,+00600,1,07,1","05,1,+01800,1,04,1",,"9,AGL   ,+99999,+99999","08,99,1,04,1,99,9,00600,1,99,9,99,9",,"99999,9,09402,1",,"60,1","SYN08843063 21596 82702 10226 20217 39402 40020 76065 8472/ 333 5669/ 58000 6057/ 84720 85456=",
"43063099999","2025-08-20T03:00:00","4","18.5333333","73.85","558.0","PUNE, IN","FM-12","99999","V020","270,1,N,0005,1","01800,1,9,N","004000,1,9,9","+0232,1","+0223,1","10037,1","24,0610,3,1","6,1,02,1","5,1,02,1",,,"04,1,+00600,1,07,1","05,1,+01800,1,04,1",,"9,AGL   ,+99999,+99999","08,99,1,04,1,99,9,00600,1,99,9,99,9","240,N,+0214,1","99999,9,09420,1",,"60,1","SYN11043063 21596 82701 10232 20223 39420 40037 76065 8472/ 333 20214 5669/ 58005 6061/ 84720 85456 555 00608 10505=",
"43063099999","2025-08-20T06:00:00","4","18.5333333","73.85","558.0","PUNE, IN","FM-12","99999","V020","270,1,N,0031,1","00780,1,C,N","010000,1,9,9","+0242,1","+0219,1","10042,1","03,0004,3,1","6,1,02,1","5,1,02,1",,,"03,1,+00660,1,07,1","04,1,+00780,1,06,1",,"9,AGL   ,+99999,+99999","08,99,1,03,1,99,9,00660,1,99,9,99,9",,"99999,9,09427,1",,"60,1","SYN08843063 21597 82706 10242 20219 39427 40042 76065 8672/ 333 5669/ 58007 6994/ 83722 84626=",
"43063099999","2025-08-20T09:00:00","4","18.5333333","73.85","558.0","PUNE, IN","FM-12","99999","V020","270,1,N,0021,1","00780,1,C,N","010000,1,9,9","+0244,1","+0224,1","10034,1","06,0010,3,1","5,1,02,1","2,1,02,1",,,"04,1,+00600,1,07,1","03,1,+00780,1,06,1",,"9,AGL   ,+99999,+99999","08,99,1,04,1,99,9,00600,1,99,9,99,9",,"99999,9,09419,1",,"21,1","SYN08843063 21597 82704 10244 20224 39419 40034 72152 8672/ 333 5669/ 58014 6001/ 84720 83626=",
"43063099999","2025-08-20T12:00:00","4","18.5333333","73.85","558.0","PUNE, IN","FM-12","99999","V020","270,1,N,0015,1","00780,1,C,N","010000,1,9,9","+0242,1","+0219,1","10026,1","09,0020,3,1","6,1,02,1","5,1,02,1",,,"04,1,+00600,1,07,1","03,1,+00780,1,06,1",,"9,AGL   ,+99999,+99999","07,99,1,04,1,99,9,00600,1,99,9,99,9",,"99999,9,09411,1",,"20,1","SYN09443063 21597 72703 10242 20219 39411 40026 72065 87700 333 10256 56600 58011 6002/ 84720 83626=",
"43063099999","2025-08-20T15:00:00","4","18.5333333","73.85","558.0","PUNE, IN","FM-12","99999","V020","270,1,N,0005,1","00780,1,C,N","004000,1,9,9","+0234,1","+0213,1","10050,1","12,0020,3,1","6,1,02,1","5,1,02,1",,,"04,1,+00600,1,07,1","04,1,+00780,1,06,1",,"9,AGL   ,+99999,+99999","07,99,1,04,1,99,9,00600,1,99,9,99,9",,"99999,9,09431,1",,"60,1","SYN08843063 21596 72701 10234 20213 39431 40050 76065 87700 333 56600 58016 6002/ 84720 84626=",
"43063099999","2025-08-20T18:00:00","4","18.5333333","73.85","558.0","PUNE, IN","FM-12","99999","V020","270,1,N,0005,1","00780,1,C,N","004000,1,9,9","+0230,1","+0215,1","10067,1","15,0020,3,1","6,1,02,1","5,1,02,1",,,"04,1,+00600,1,07,1","04,1,+00780,1,06,1",,"9,AGL   ,+99999,+99999","07,99,1,04,1,99,9,00600,1,99,9,99,9",,"99999,9,09446,1",,"50,1","SYN08843063 21596 72701 10230 20215 39446 40067 75065 87700 333 56600 58021 6002/ 84720 84626=",
"43063099999","2025-08-20T21:00:00","4","18.5333333","73.85","558.0","PUNE, IN","FM-12","99999","V020","270,1,N,0031,1","00780,1,9,N","004000,1,9,9","+0232,1","+0214,1","10055,1","18,0030,3,1","6,1,02,1","5,1,02,1",,,"04,1,+00600,1,07,1","05,1,+00780,1,06,1",,"9,AGL   ,+99999,+99999","08,99,1,04,1,99,9,00600,1,99,9,99,9",,"99999,9,09436,1",,"60,1","SYN08843063 21596 82706 10232 20214 39436 40055 76065 887// 333 566// 58033 6003/ 84720 85626=",
"43063099999","2025-08-21T00:00:00","4","18.5333333","73.85","558.0","PUNE, IN","FM-12","99999","V020","270,1,N,0005,1","00780,1,C,N","004000,1,9,9","+0224,1","+0215,1","10058,1","21,0040,3,1","6,1,02,1","5,1,02,1",,,"04,1,+00600,1,07,1","04,1,+00780,1,06,1",,"9,AGL   ,+99999,+99999","07,99,1,04,1,99,9,00600,1,99,9,99,9",,"99999,9,09437,1",,"50,1","SYN08843063 21596 72701 10224 20215 39437 40058 75065 87700 333 56600 58035 6004/ 84720 84626=",
"43063099999","2025-08-21T03:00:00","4","18.5333333","73.85","558.0","PUNE, IN","FM-12","99999","V020","270,1,N,0026,1","00780,1,C,N","004000,1,9,9","+0236,1","+0222,1","10076,1","24,0040,3,1","6,1,02,1","5,1,02,1",,,"04,1,+00600,1,07,1","03,1,+00780,1,06,1",,"9,AGL   ,+99999,+99999","08,99,1,04,1,99,9,00600,1,99,9,99,9","240,N,+0217,1","99999,9,09456,1",,"60,1","SYN11043063 21596 82705 10236 20222 39456 40076 76065 8672/ 333 20217 5669/ 58036 6004/ 84720 83626 555 00040 10509=",
"43063099999","2025-08-21T06:00:00","4","18.5333333","73.85","558.0","PUNE, IN","FM-12","99999","V020","270,1,N,0046,1","00780,1,C,N","010000,1,9,9","+0258,1","+0214,1","10075,1","03,0005,3,1","6,1,02,1","5,1,02,1",,,"04,1,+00600,1,07,1","03,1,+00780,1,06,1",,"9,AGL   ,+99999,+99999","07,99,1,04,1,99,9,00600,1,99,9,99,9",,"99999,9,09459,1",,"50,1","SYN08843063 21597 72709 10258 20214 39459 40075 75065 87700 333 56600 58032 6995/ 84720 83626=",
"43063099999","2025-08-21T09:00:00","4","18.5333333","73.85","558.0","PUNE, IN","FM-12","99999","V020","270,1,N,0046,1","00780,1,C,N","010000,1,9,9","+0278,1","+0200,1","10054,1","06,0005,3,1","5,1,02,1","2,1,02,1",,,"03,1,+00660,1,07,1","04,1,+00780,1,06,1",,"9,AGL   ,+99999,+99999","07,99,1,03,1,99,9,00660,1,99,9,99,9",,"99999,9,09444,1",,"02,1","SYN08843063 21597 72709 10278 20200 39444 40054 70252 86730 333 56690 58025 6995/ 83722 84626=",
"43063099999","2025-08-21T12:00:00","4","18.5333333","73.85","558.0","PUNE, IN","FM-12","99999","V020","270,1,N,0021,1","00780,1,C,N","010000,1,9,9","+0260,1","+0216,1","10057,1","09,0009,3,1","6,1,02,1","5,1,02,1",,,"03,1,+00660,1,07,1","03,1,+00780,1,06,1",,"9,AGL   ,+99999,+99999","06,99,1,03,1,99,9,00660,1,99,9,99,9",,"99999,9,09443,1",,"02,1","SYN09443063 21597 62704 10260 20216 39443 40057 70265 85730 333 10281 56690 58032 6999/ 83722 83626=",
"43063099999","2025-08-21T15:00:00","4","18.5333333","73.85","558.0","PUNE, IN","FM-12","99999","V020","270,1,N,0021,1","00780,1,C,N","004000,1,9,9","+0236,1","+0206,1","10085,1","12,0009,3,1",,,,,"03,1,+00660,1,07,1","03,1,+00780,1,06,1",,"9,AGL   ,+99999,+99999","05,99,1,03,1,99,9,00660,1,99,9,99,9",,"99999,9,09465,1",,,"SYN08243063 22596 52704 10236 20206 39465 40085 85700 333 56600 58034 6999/ 83722 83626=",
"43063099999","2025-08-21T18:00:00","4","18.5333333","73.85","558.0","PUNE, IN","FM-12","99999","V020","270,1,N,0010,1","00780,1,C,N","004000,1,9,9","+0224,1","+0212,1","10095,1","15,0010,3,1","6,1,02,1","2,1,02,1",,,"04,1,+00660,1,07,1","03,1,+00780,1,06,1",,"9,AGL   ,+99999,+99999","06,99,1,04,1,99,9,00660,1,99,9,99,9",,"99999,9,09472,1",,"02,1","SYN08843063 21596 62702 10224 20212 39472 40095 70262 86700 333 56600 58026 6001/ 84722 83626=",
"43063099999","2025-08-21T21:00:00","4","18.5333333","73.85","558.0","PUNE, IN","FM-12","99999","V020","270,1,N,0015,1","00780,1,C,N","004000,1,9,9","+0228,1","+0210,1","10077,1","18,0010,3,1","6,1,02,1","2,1,02,1",,,"03,1,+00660,1,07,1","03,1,+00780,1,06,1",,"9,AGL   ,+99999,+99999","05,99,1,03,1,99,9,00660,1,99,9,99,9",,"99999,9,09455,1",,"02,1","SYN08843063 21596 52703 10228 20210 39455 40077 70262 85700 333 56600 58019 6001/ 83722 83626=",
"43063099999","2025-08-22T00:00:00","4","18.5333333","73.85","558.0","PUNE, IN","FM-12","99999","V020","270,1,N,0021,1","00780,1,C,N","004000,1,9,9","+0228,1","+0210,1","10071,1","21,0010,3,1","6,1,02,1","5,1,02,1",,,"03,1,+00660,1,07,1","03,1,+00780,1,06,1",,"9,AGL   ,+99999,+99999","05,99,1,03,1,99,9,00660,1,99,9,99,9",,"99999,9,09450,1",,"02,1","SYN08843063 21596 52704 10228 20210 39450 40071 70265 85700 333 56600 58017 6001/ 83722 83626=",
"43063099999","2025-08-22T03:00:00","4","18.5333333","73.85","558.0","PUNE, IN","FM-12","99999","V020","270,1,N,0010,1","00780,1,9,N","004000,1,9,9","+0234,1","+0213,1","10086,1","24,0010,3,1","5,1,02,1","2,1,02,1",,,"04,1,+00660,1,07,1","05,1,+00780,1,06,1",,"9,AGL   ,+99999,+99999","08,99,1,04,1,99,9,00660,1,99,9,99,9","240,N,+0215,1","99999,9,09466,1",,"50,1","SYN11043063 21596 82702 10234 20213 39466 40086 75052 887// 333 20215 5669/ 58010 6001/ 84722 85626 555 00013 10511=",
"43063099999","2025-08-22T06:00:00","4","18.5333333","73.85","558.0","PUNE, IN","FM-12","99999","V020","250,1,N,0021,1","00780,1,C,N","010000,1,9,9","+0248,1","+0219,1","10086,1","03,0002,3,1","6,1,02,1","5,1,02,1",,,"03,1,+00660,1,07,1","03,1,+00780,1,06,1",,"9,AGL   ,+99999,+99999","07,99,1,03,1,99,9,00660,1,99,9,99,9",,"99999,9,09468,1",,"20,1","SYN08843063 21597 72504 10248 20219 39468 40086 72065 85701 333 56609 58009 6992/ 83722 83626=",
"43063099999","2025-08-22T09:00:00","4","18.5333333","73.85","558.0","PUNE, IN","FM-12","99999","V020","270,1,N,0057,1","00780,1,C,N","010000,1,9,9","+0264,1","+0208,1","10066,1","06,0003,3,1","6,1,02,1","2,1,02,1",,,"03,1,+00660,1,07,1","04,1,+00780,1,06,1",,"9,AGL   ,+99999,+99999","07,99,1,03,1,99,9,00660,1,99,9,99,9",,"99999,9,09453,1",,"02,1","SYN08843063 21597 72711 10264 20208 39453 40066 70262 85730 333 56690 58009 6993/ 83722 84626=",
"43063099999","2025-08-22T12:00:00","4","18.5333333","73.85","558.0","PUNE, IN","FM-12","99999","V020","270,1,N,0026,1","00780,1,9,N","010000,1,9,9","+0244,1","+0215,1","10062,1","09,0010,3,1","6,1,02,1","5,1,02,1",,,"04,1,+00660,1,07,1","05,1,+00780,1,06,1",,"9,AGL   ,+99999,+99999","07,99,1,04,1,99,9,00660,1,99,9,99,9",,"99999,9,09445,1",,"02,1","SYN09443063 21597 72705 10244 20215 39445 40062 70265 86730 333 10278 56690 58002 6001/ 84722 85626=",
"43063099999","2025-08-22T15:00:00","4","18.5333333","73.85","558.0","PUNE, IN","FM-12","99999","V020","999,9,C,0000,1","00780,1,C,N","004000,1,9,9","+0224,1","+0209,1","10082,1","12,0010,3,1",,,,,"02,1,+00660,1,07,1","04,1,+00780,1,06,1",,"9,AGL   ,+99999,+99999","06,99,1,02,1,99,9,00660,1,99,9,99,9",,"99999,9,09460,1",,,"SYN08243063 22596 60000 10224 20209 39460 40082 86700 333 56600 59005 6001/ 82722 84626=",
"43063099999","2025-08-22T18:00:00","4","18.5333333","73.85","558.0","PUNE, IN","FM-12","99999","V020","999,9,C,0000,1","00780,1,C,N","004000,1,9,9","+0224,1","+0206,1","10082,1","15,0020,3,1","6,1,02,1","2,1,02,1",,,"03,1,+00660,1,07,1","03,1,+00780,1,06,1",,"9,AGL   ,+99999,+99999","06,99,1,03,1,99,9,00660,1,99,9,99,9",,"99999,9,09460,1",,"02,1","SYN08843063 21596 60000 10224 20206 39460 40082 70262 86700 333 56600 59012 6002/ 83722 83626=",
"43063099999","2025-08-22T21:00:00","4","18.5333333","73.85","558.0","PUNE, IN","FM-12","99999","V020","270,1,N,0015,1","00780,1,C,N","004000,1,9,9","+0224,1","+0203,1","10061,1","18,0020,3,1","6,1,02,1","5,1,02,1",,,"03,1,+00660,1,07,1","03,1,+00780,1,06,1",,"9,AGL   ,+99999,+99999","05,99,1,03,1,99,9,00660,1,99,9,99,9",,"99999,9,09440,1",,"50,1","SYN08843063 21596 52703 10224 20203 39440 40061 75065 85700 333 56600 59015 6002/ 83722 83626=",
"43063099999","2025-08-23T00:00:00","4","18.5333333","73.85","558.0","PUNE, IN","FM-12","99999","V020","270,1,N,0015,1","00780,1,C,N","004000,1,9,9","+0220,1","+0205,1","10063,1","21,0030,3,1","6,1,02,1","5,1,02,1",,,"03,1,+00660,1,07,1","03,1,+00780,1,06,1",,"9,AGL   ,+99999,+99999","05,99,1,03,1,99,9,00660,1,99,9,99,9",,"99999,9,09440,1",,"20,1","SYN08843063 21596 52703 10220 20205 39440 40063 72065 85700 333 56600 59010 6003/ 83722 83626=",
"43063099999","2025-08-23T03:00:00","4","18.5333333","73.85","558.0","PUNE, IN","FM-12","99999","V020","270,1,N,0021,1","00780,1,9,N","010000,1,9,9","+0242,1","+0197,1","10071,1","24,0030,3,1","5,1,02,1","2,1,02,1",,,"04,1,+00660,1,07,1","05,1,+00780,1,06,1",,"9,AGL   ,+99999,+99999","07,99,1,04,1,99,9,00660,1,99,9,99,9","240,N,+0211,1","99999,9,09453,1",,"02,1","SYN11043063 21597 72704 10242 20197 39453 40071 70252 87700 333 20211 56600 59013 6003/ 84722 85626 555 00027 10513=",
"43063099999","2025-08-23T06:00:00","4","18.5333333","73.85","558.0","PUNE, IN","FM-12","99999","V020","270,1,N,0010,1","00780,1,C,N","010000,1,9,9","+0246,1","+0217,1","10078,1","03,0007,3,1","6,1,02,1","5,1,02,1",,,"03,1,+00660,1,07,1","05,1,+00780,1,06,1",,"9,AGL   ,+99999,+99999","07,99,1,03,1,99,9,00660,1,99,9,99,9",,"99999,9,09460,1",,"20,1","SYN08843063 21597 72702 10246 20217 39460 40078 72065 87700 333 56600 59008 6997/ 83722 85626=",
"43063099999","2025-08-23T09:00:00","4","18.5333333","73.85","558.0","PUNE, IN","FM-12","99999","V020","270,1,N,0051,1","00780,1,C,N","010000,1,9,9","+0262,1","+0209,1","10059,1","06,0008,3,1","5,1,02,1","2,1,02,1",,,"02,1,+00660,1,07,1","04,1,+00780,1,06,1",,"9,AGL   ,+99999,+99999","06,99,1,02,1,99,9,00660,1,99,9,99,9",,"99999,9,09447,1",,"02,1","SYN08843063 21597 62710 10262 20209 39447 40059 70252 84730 333 56690 59006 6998/ 82722 84626=",
"43063099999","2025-08-23T12:00:00","4","18.5333333","73.85","558.0","PUNE, IN","FM-12","99999","V020","270,1,N,0041,1","00780,1,9,N","010000,1,9,9","+0250,1","+0206,1","10058,1","09,0008,3,1","5,1,02,1","2,1,02,1",,,"04,1,+00660,1,07,1","05,1,+00780,1,06,1",,"9,AGL   ,+99999,+99999","08,99,1,04,1,99,9,00660,1,99,9,99,9",,"99999,9,09441,1",,"50,1","SYN09443063 21597 82708 10250 20206 39441 40058 75052 8773/ 333 10272 5669/ 59004 6998/ 84722 85626=",
"43063099999","2025-08-23T15:00:00","4","18.5333333","73.85","558.0","PUNE, IN","FM-12","99999","V020","270,1,N,0015,1","00780,1,C,N","004000,1,9,9","+0230,1","+0206,1","10076,1","12,0008,3,1","5,1,02,1","2,1,02,1",,,"03,1,+00660,1,07,1","05,1,+00780,1,06,1",,"9,AGL   ,+99999,+99999","07,99,1,03,1,99,9,00660,1,99,9,99,9",,"99999,9,09456,1",,"50,1","SYN08843063 21596 72703 10230 20206 39456 40076 75052 87700 333 56600 59004 6998/ 83722 85626=",
"43063099999","2025-08-23T18:00:00","4","18.5333333","73.85","558.0","PUNE, IN","FM-12","99999","V020","270,1,N,0005,1","00780,1,C,N","004000,1,9,9","+0220,1","+0205,1","10087,1","15,0020,3,1","6,1,02,1","5,1,02,1",,,"02,1,+00660,1,07,1","05,1,+00780,1,06,1",,"9,AGL   ,+99999,+99999","06,99,1,02,1,99,9,00660,1,99,9,99,9",,"99999,9,09463,1",,"20,1","SYN08843063 21596 62701 10220 20205 39463 40087 72065 86700 333 56600 58003 6002/ 82722 85626=",
"43063099999","2025-08-23T21:00:00","4","18.5333333","73.85","558.0","PUNE, IN","FM-12","99999","V020","270,1,N,0046,1","00780,1,C,N","004000,1,9,9","+0222,1","+0204,1","10069,1","18,0030,3,1","6,1,02,1","5,1,02,1",,,"02,1,+00660,1,07,1","05,1,+00780,1,06,1",,"9,AGL   ,+99999,+99999","06,99,1,02,1,99,9,00660,1,99,9,99,9",,"99999,9,09448,1",,"02,1","SYN08843063 21596 62709 10222 20204 39448 40069 70265 86700 333 56600 58008 6003/ 82722 85626=",
"43063099999","2025-08-24T00:00:00","4","18.5333333","73.85","558.0","PUNE, IN","FM-12","99999","V020","270,1,N,0057,1","00780,1,C,N","004000,1,9,9","+0226,1","+0202,1","10068,1","21,0030,3,1","6,1,02,1","5,1,02,1",,,"03,1,+00660,1,07,1","05,1,+00780,1,06,1",,"9,AGL   ,+99999,+99999","07,99,1,03,1,99,9,00660,1,99,9,99,9",,"99999,9,09447,1",,"50,1","SYN08843063 21596 72711 10226 20202 39447 40068 75065 87700 333 56600 58007 6003/ 83722 85626=",
"43063099999","2025-08-24T06:00:00","4","18.5333333","73.85","558.0","PUNE, IN","FM-12","99999","V020","270,1,N,0026,1","00780,1,C,N","010000,1,9,9","+0260,1","+0213,1","10081,1","03,0001,3,1","6,1,02,1","5,1,02,1",,,"03,1,+00660,1,07,1","04,1,+00780,1,06,1",,"9,AGL   ,+99999,+99999","06,99,1,03,1,99,9,00660,1,99,9,99,9",,"99999,9,09465,1",,"02,1","SYN08843063 21597 62705 10260 20213 39465 40081 70265 86700 333 56600 58005 6991/ 83722 84626=",
"43063099999","2025-08-24T09:00:00","4","18.5333333","73.85","558.0","PUNE, IN","FM-12","99999","V020","270,1,N,0031,1","01800,1,C,N","010000,1,9,9","+0272,1","+0211,1","10063,1","06,0001,3,1",,,,,"02,1,+00660,1,07,1","03,1,+01800,1,03,1",,"9,AGL   ,+99999,+99999","06,99,1,02,1,99,9,00660,1,99,9,99,9",,"99999,9,09452,1",,,"SYN08243063 22597 62706 10272 20211 39452 40063 84730 333 56690 58005 6991/ 82722 83356=",
"43063099999","2025-08-24T12:00:00","4","18.5333333","73.85","558.0","PUNE, IN","FM-12","99999","V020","270,1,N,0051,1","00780,1,C,N","010000,1,9,9","+0254,1","+0204,1","10062,1","09,0001,3,1","5,1,02,1","2,1,02,1",,,"03,1,+00660,1,07,1","03,1,+00780,1,06,1",,"9,AGL   ,+99999,+99999","06,99,1,03,1,99,9,00660,1,99,9,99,9",,"99999,9,09448,1",,"02,1","SYN09443063 21597 62710 10254 20204 39448 40062 70252 85730 333 10277 56690 58007 6991/ 83722 83626=",
"43063099999","2025-08-24T15:00:00","4","18.5333333","73.85","558.0","PUNE, IN","FM-12","99999","V020","270,1,N,0010,1","22000,1,9,N","004000,1,9,9","+0226,1","+0208,1","10084,1","12,0002,3,1","6,1,02,1","2,1,02,1",,,"02,1,+00660,1,07,1",,,"9,AGL   ,+99999,+99999","02,99,1,02,1,99,9,00660,1,99,9,99,9",,"99999,9,09462,1",,"02,1","SYN08243063 21596 22702 10226 20208 39462 40084 70262 82700 333 56600 58006 6992/ 82722=",
"43063099999","2025-08-24T18:00:00","4","18.5333333","73.85","558.0","PUNE, IN","FM-12","99999","V020","270,1,N,0005,1","00780,1,C,N","004000,1,9,9","+0226,1","+0206,1","10090,1","15,0002,3,1","6,1,02,1","2,1,02,1",,,"03,1,+00660,1,07,1","04,1,+00780,1,06,1",,"9,AGL   ,+99999,+99999","06,99,1,03,1,99,9,00660,1,99,9,99,9",,"99999,9,09468,1",,"02,1","SYN08843063 21596 62701 10226 20206 39468 40090 70262 86700 333 56600 58005 6992/ 83722 84626=",
