timestamp,station_id,city,source,temperature,humidity,pressure,wind_speed,wind_direction,precipitation
2023-01-01 03:00:00,43057099999,Mumbai,NOAA,20.0,77.8,1017.1,0.0,,
2023-01-01 12:00:00,43057099999,Mumbai,NOAA,25.8,64.5,1014.3,1.0,340.0,
2023-01-02 03:00:00,43057099999,Mumbai,NOAA,20.4,87.2,1016.2,0.0,,
2023-01-02 12:00:00,43057099999,Mumbai,NOAA,26.4,72.2,1013.3,0.0,,
2023-01-03 03:00:00,43057099999,Mumbai,NOAA,21.4,87.3,1016.2,0.5,50.0,
2023-01-03 06:00:00,43057099999,Mumbai,NOAA,27.4,59.1,1016.5,0.0,,
2023-01-03 12:00:00,43057099999,Mumbai,NOAA,25.6,74.4,1012.9,0.5,320.0,
2023-01-04 03:00:00,43057099999,Mumbai,NOAA,21.0,82.0,1015.1,0.0,,
2023-01-04 12:00:00,43057099999,Mumbai,NOAA,25.6,69.9,1011.7,0.0,,
2023-01-05 03:00:00,43057099999,Mumbai,NOAA,22.2,85.8,1015.4,0.0,,
2023-01-05 12:00:00,43057099999,Mumbai,NOAA,27.4,67.3,1013.0,0.0,,
2023-01-06 03:00:00,43057099999,Mumbai,NOAA,24.5,82.9,1017.4,1.5,110.0,
2023-01-06 12:00:00,43057099999,Mumbai,NOAA,29.0,64.4,1014.3,0.0,,
2023-01-07 03:00:00,43057099999,Mumbai,NOAA,25.0,86.6,1017.4,0.0,,
2023-01-07 12:00:00,43057099999,Mumbai,NOAA,28.2,76.2,1013.9,0.5,290.0,
2023-01-08 03:00:00,43057099999,Mumbai,NOAA,24.2,81.3,1016.6,0.0,,
2023-01-08 12:00:00,43057099999,Mumbai,NOAA,27.6,61.7,1013.0,1.0,320.0,
2023-01-09 03:00:00,43057099999,Mumbai,NOAA,23.0,73.0,1017.6,0.0,,
2023-01-09 06:00:00,43057099999,Mumbai,NOAA,28.2,34.6,1018.2,1.0,20.0,
2023-01-09 12:00:00,43057099999,Mumbai,NOAA,26.6,46.5,1014.3,0.0,,
2023-01-10 03:00:00,43057099999,Mumbai,NOAA,21.6,71.8,1017.3,0.0,,
2023-01-10 12:00:00,43057099999,Mumbai,NOAA,27.0,62.8,1013.2,0.0,,
2023-01-11 03:00:00,43057099999,Mumbai,NOAA,21.4,78.5,1015.1,0.0,,
2023-01-11 06:00:00,43057099999,Mumbai,NOAA,26.6,55.6,1015.7,0.0,,
2023-01-11 12:00:00,43057099999,Mumbai,NOAA,25.4,76.7,1011.9,0.0,,
2023-01-12 03:00:00,43057099999,Mumbai,NOAA,21.0,78.4,1014.4,0.0,,
2023-01-12 12:00:00,43057099999,Mumbai,NOAA,25.4,74.3,1011.1,1.0,340.0,
2023-01-13 03:00:00,43057099999,Mumbai,NOAA,22.0,87.3,1015.0,0.0,,
2023-01-13 12:00:00,43057099999,Mumbai,NOAA,24.6,62.2,1012.5,0.0,,
2023-01-14 03:00:00,43057099999,Mumbai,NOAA,19.0,66.4,1015.5,0.0,,
2023-01-14 06:00:00,43057099999,Mumbai,NOAA,24.0,50.2,1015.6,0.0,,
2023-01-14 12:00:00,43057099999,Mumbai,NOAA,23.4,45.0,1012.2,1.5,340.0,
2023-01-15 00:00:00,43057099999,Mumbai,NOAA,17.4,63.1,1011.6,0.0,,
2023-01-15 03:00:00,43057099999,Mumbai,NOAA,19.4,71.9,1013.7,0.0,,
2023-01-15 09:00:00,43057099999,Mumbai,NOAA,26.0,49.8,1010.4,0.0,,
2023-01-15 12:00:00,43057099999,Mumbai,NOAA,24.6,57.7,1010.1,0.0,,
2023-01-16 03:00:00,43057099999,Mumbai,NOAA,19.6,88.2,1013.9,0.0,,
2023-01-16 12:00:00,43057099999,Mumbai,NOAA,24.0,64.5,1010.6,0.0,,
2023-01-17 03:00:00,43057099999,Mumbai,NOAA,19.8,86.6,1013.8,0.0,,
2023-01-17 06:00:00,43057099999,Mumbai,NOAA,24.8,65.1,1014.6,0.0,,
2023-01-17 12:00:00,43057099999,Mumbai,NOAA,24.8,69.8,1011.2,0.5,320.0,
2023-01-18 03:00:00,43057099999,Mumbai,NOAA,20.4,77.8,1014.7,1.0,70.0,
2023-01-18 06:00:00,43057099999,Mumbai,NOAA,26.0,57.6,1015.4,1.0,70.0,
2023-01-18 12:00:00,43057099999,Mumbai,NOAA,27.4,56.5,1011.7,0.5,290.0,
2023-01-19 03:00:00,43057099999,Mumbai,NOAA,20.0,94.0,1015.3,0.0,,
2023-01-19 06:00:00,43057099999,Mumbai,NOAA,25.4,68.6,1015.7,0.0,,
2023-01-19 09:00:00,43057099999,Mumbai,NOAA,28.0,59.6,1012.4,0.0,,
2023-01-19 12:00:00,43057099999,Mumbai,NOAA,26.2,67.5,1011.6,0.0,,
2023-01-20 03:00:00,43057099999,Mumbai,NOAA,20.6,92.3,1014.7,0.0,,
2023-01-20 12:00:00,43057099999,Mumbai,NOAA,26.2,63.4,1012.0,0.0,,
2023-01-21 00:00:00,43057099999,Mumbai,NOAA,21.2,85.7,1013.1,0.0,,
2023-01-21 03:00:00,43057099999,Mumbai,NOAA,21.8,89.0,1015.3,0.0,,
2023-01-21 12:00:00,43057099999,Mumbai,NOAA,25.6,35.5,1012.0,0.0,,
2023-01-22 03:00:00,43057099999,Mumbai,NOAA,20.6,51.7,1014.7,0.0,,
2023-01-22 12:00:00,43057099999,Mumbai,NOAA,23.6,51.1,1011.3,1.5,320.0,
2023-01-23 00:00:00,43057099999,Mumbai,NOAA,19.2,66.5,1011.7,0.0,,
2023-01-23 03:00:00,43057099999,Mumbai,NOAA,20.0,55.8,1013.7,0.0,,
2023-01-23 06:00:00,43057099999,Mumbai,NOAA,24.4,50.3,1014.2,0.5,320.0,
2023-01-23 09:00:00,43057099999,Mumbai,NOAA,25.2,46.1,1011.1,0.0,,
2023-01-23 12:00:00,43057099999,Mumbai,NOAA,23.2,52.0,1010.7,1.0,340.0,
2023-01-24 03:00:00,43057099999,Mumbai,NOAA,20.0,50.8,1014.0,0.0,,
2023-01-24 12:00:00,43057099999,Mumbai,NOAA,23.4,52.0,1011.6,1.0,340.0,
2023-01-25 03:00:00,43057099999,Mumbai,NOAA,19.4,58.3,1014.4,0.0,,
2023-01-25 06:00:00,43057099999,Mumbai,NOAA,23.8,47.0,1014.2,0.0,,
2023-01-25 12:00:00,43057099999,Mumbai,NOAA,23.6,51.1,1011.3,1.0,340.0,
2023-01-26 03:00:00,43057099999,Mumbai,NOAA,20.0,55.8,1013.6,0.0,,
2023-01-26 06:00:00,43057099999,Mumbai,NOAA,24.8,49.8,1013.6,0.0,,
2023-01-26 12:00:00,43057099999,Mumbai,NOAA,25.0,69.8,1010.3,0.5,340.0,
2023-01-27 03:00:00,43057099999,Mumbai,NOAA,22.2,79.1,1012.5,0.0,,
2023-01-27 06:00:00,43057099999,Mumbai,NOAA,28.0,50.6,1012.5,0.0,,
2023-01-27 12:00:00,43057099999,Mumbai,NOAA,26.2,74.9,1009.4,0.5,290.0,
2023-01-28 03:00:00,43057099999,Mumbai,NOAA,22.6,89.6,1012.1,0.0,,
2023-01-28 06:00:00,43057099999,Mumbai,NOAA,28.0,42.3,1012.0,0.0,,
2023-01-28 12:00:00,43057099999,Mumbai,NOAA,27.4,78.4,1008.4,0.5,270.0,
2023-01-29 03:00:00,43057099999,Mumbai,NOAA,23.0,84.3,1011.3,0.0,,
2023-01-29 12:00:00,43057099999,Mumbai,NOAA,26.6,78.2,1008.4,0.0,,
2023-01-30 03:00:00,43057099999,Mumbai,NOAA,23.0,82.7,1014.3,0.0,,
2023-01-30 12:00:00,43057099999,Mumbai,NOAA,24.6,78.4,1011.6,1.0,340.0,
2023-01-31 03:00:00,43057099999,Mumbai,NOAA,22.0,73.8,1014.2,0.0,,
2023-01-31 12:00:00,43057099999,Mumbai,NOAA,26.2,73.6,1010.1,1.5,290.0,
2023-02-01 03:00:00,43057099999,Mumbai,NOAA,23.4,76.3,1012.9,0.0,,
2023-02-01 12:00:00,43057099999,Mumbai,NOAA,27.0,69.7,1009.9,0.5,290.0,
2023-02-02 03:00:00,43057099999,Mumbai,NOAA,25.0,53.8,1013.5,1.5,50.0,
2023-02-02 06:00:00,43057099999,Mumbai,NOAA,29.4,38.5,1013.7,0.5,50.0,
2023-02-02 12:00:00,43057099999,Mumbai,NOAA,27.4,67.3,1010.3,1.0,290.0,
2023-02-03 03:00:00,43057099999,Mumbai,NOAA,22.4,72.4,1014.3,0.0,,
2023-02-03 06:00:00,43057099999,Mumbai,NOAA,30.0,31.8,1014.7,0.0,,
2023-02-03 09:00:00,43057099999,Mumbai,NOAA,30.2,48.4,1011.4,1.0,290.0,
2023-02-03 12:00:00,43057099999,Mumbai,NOAA,27.0,64.0,1010.9,1.0,290.0,
2023-02-04 03:00:00,43057099999,Mumbai,NOAA,22.0,68.8,1012.7,0.0,,
2023-02-04 09:00:00,43057099999,Mumbai,NOAA,29.4,48.5,1010.2,1.0,340.0,
2023-02-04 12:00:00,43057099999,Mumbai,NOAA,28.2,58.5,1009.5,1.0,290.0,
2023-02-05 03:00:00,43057099999,Mumbai,NOAA,22.0,87.3,1011.9,0.0,,
2023-02-05 06:00:00,43057099999,Mumbai,NOAA,28.4,41.6,1012.5,1.0,90.0,
2023-02-05 12:00:00,43057099999,Mumbai,NOAA,27.4,72.9,1009.3,1.0,290.0,
2023-02-06 03:00:00,43057099999,Mumbai,NOAA,21.4,92.9,1012.6,0.0,,
2023-02-06 12:00:00,43057099999,Mumbai,NOAA,27.2,46.1,1009.8,0.5,320.0,
2023-02-07 03:00:00,43057099999,Mumbai,NOAA,22.4,72.4,1012.7,0.0,,
2023-02-07 12:00:00,43057099999,Mumbai,NOAA,26.6,59.6,1009.3,1.0,340.0,
2023-02-08 03:00:00,43057099999,Mumbai,NOAA,21.8,89.0,1012.8,0.0,,
2023-02-08 12:00:00,43057099999,Mumbai,NOAA,27.4,61.7,1009.5,1.0,290.0,
2023-02-09 03:00:00,43057099999,Mumbai,NOAA,22.0,77.1,1012.2,0.0,,
2023-02-09 06:00:00,43057099999,Mumbai,NOAA,30.0,41.2,1013.0,0.0,,
2023-02-09 12:00:00,43057099999,Mumbai,NOAA,28.8,63.9,1010.4,0.5,320.0,
2023-02-10 03:00:00,43057099999,Mumbai,NOAA,22.0,82.1,1014.4,0.0,,
2023-02-10 06:00:00,43057099999,Mumbai,NOAA,28.6,50.1,1015.0,0.0,,
2023-02-10 12:00:00,43057099999,Mumbai,NOAA,27.0,69.7,1010.6,0.5,320.0,
2023-02-11 03:00:00,43057099999,Mumbai,NOAA,21.4,70.0,1015.5,0.0,,
2023-02-11 06:00:00,43057099999,Mumbai,NOAA,28.6,37.3,1015.8,0.0,,
2023-02-11 12:00:00,43057099999,Mumbai,NOAA,27.2,48.5,1011.7,1.0,290.0,
2023-02-12 03:00:00,43057099999,Mumbai,NOAA,20.0,64.1,1015.0,0.0,,
2023-02-12 12:00:00,43057099999,Mumbai,NOAA,28.4,51.0,1011.6,1.0,340.0,
2023-02-13 03:00:00,43057099999,Mumbai,NOAA,25.4,50.2,1015.0,1.0,50.0,
2023-02-13 06:00:00,43057099999,Mumbai,NOAA,32.8,15.7,1015.6,1.0,50.0,
2023-02-13 09:00:00,43057099999,Mumbai,NOAA,32.0,42.6,1012.0,0.0,,
2023-02-13 12:00:00,43057099999,Mumbai,NOAA,28.0,55.6,1011.4,1.0,340.0,
2023-02-14 00:00:00,43057099999,Mumbai,NOAA,22.8,74.4,1012.9,0.0,,
2023-02-14 03:00:00,43057099999,Mumbai,NOAA,23.0,68.1,1015.3,1.0,50.0,
2023-02-14 12:00:00,43057099999,Mumbai,NOAA,28.2,69.1,1010.8,0.5,320.0,
2023-02-15 03:00:00,43057099999,Mumbai,NOAA,22.8,69.8,1013.2,0.5,70.0,
2023-02-15 12:00:00,43057099999,Mumbai,NOAA,28.6,66.7,1009.2,1.0,290.0,
2023-02-16 00:00:00,43057099999,Mumbai,NOAA,23.0,76.3,1010.7,1.0,70.0,
2023-02-16 03:00:00,43057099999,Mumbai,NOAA,22.6,72.9,1013.4,1.0,70.0,
2023-02-16 12:00:00,43057099999,Mumbai,NOAA,30.0,40.2,1010.0,0.5,340.0,
2023-02-17 03:00:00,43057099999,Mumbai,NOAA,24.4,66.3,1013.8,0.0,,
2023-02-17 12:00:00,43057099999,Mumbai,NOAA,31.0,43.7,1010.1,1.0,340.0,
2023-02-18 03:00:00,43057099999,Mumbai,NOAA,24.6,72.4,1013.5,0.0,,
2023-02-18 12:00:00,43057099999,Mumbai,NOAA,29.8,59.6,1009.9,1.0,320.0,
2023-02-19 03:00:00,43057099999,Mumbai,NOAA,23.6,73.1,1013.9,0.0,,
2023-02-19 12:00:00,43057099999,Mumbai,NOAA,28.0,73.0,1009.9,0.0,,
2023-02-20 03:00:00,43057099999,Mumbai,NOAA,24.0,88.1,1014.1,0.0,,
2023-02-20 06:00:00,43057099999,Mumbai,NOAA,29.6,60.7,1014.2,0.0,,
2023-02-20 12:00:00,43057099999,Mumbai,NOAA,29.0,76.3,1010.8,2.1,320.0,
2023-02-21 03:00:00,43057099999,Mumbai,NOAA,24.0,91.3,1014.5,0.0,,
2023-02-21 06:00:00,43057099999,Mumbai,NOAA,30.0,42.3,1014.8,0.0,,
2023-02-21 12:00:00,43057099999,Mumbai,NOAA,28.2,70.4,1011.7,1.0,290.0,
2023-02-22 03:00:00,43057099999,Mumbai,NOAA,23.2,82.7,1014.0,0.0,,
2023-02-22 06:00:00,43057099999,Mumbai,NOAA,28.2,71.7,1014.6,1.0,340.0,
2023-02-22 12:00:00,43057099999,Mumbai,NOAA,26.8,72.3,1010.8,0.5,290.0,
2023-02-23 03:00:00,43057099999,Mumbai,NOAA,22.4,79.1,1013.2,0.0,,
2023-02-23 12:00:00,43057099999,Mumbai,NOAA,27.8,68.6,1010.0,1.0,290.0,
2023-02-24 03:00:00,43057099999,Mumbai,NOAA,22.6,89.6,1013.8,0.0,,
2023-02-24 12:00:00,43057099999,Mumbai,NOAA,29.2,55.6,1011.0,0.0,,
2023-02-25 03:00:00,43057099999,Mumbai,NOAA,24.4,47.7,1016.1,0.0,,
2023-02-25 09:00:00,43057099999,Mumbai,NOAA,31.6,53.1,1013.0,1.0,290.0,
2023-02-25 12:00:00,43057099999,Mumbai,NOAA,29.2,65.6,1012.3,1.0,290.0,
2023-02-26 03:00:00,43057099999,Mumbai,NOAA,22.8,68.1,1016.2,0.0,,
2023-02-26 12:00:00,43057099999,Mumbai,NOAA,29.4,60.6,1012.6,0.5,340.0,
2023-02-27 03:00:00,43057099999,Mumbai,NOAA,24.4,79.9,1015.8,0.0,,
2023-02-27 12:00:00,43057099999,Mumbai,NOAA,29.8,59.6,1012.9,1.0,290.0,
2023-02-28 03:00:00,43057099999,Mumbai,NOAA,24.0,78.4,1016.2,0.0,,
2023-02-28 12:00:00,43057099999,Mumbai,NOAA,28.0,60.7,1013.2,0.5,290.0,
2023-03-01 03:00:00,43057099999,Mumbai,NOAA,24.0,71.4,1016.9,0.0,,
2023-03-01 06:00:00,43057099999,Mumbai,NOAA,31.2,23.8,1017.4,0.0,,
2023-03-01 12:00:00,43057099999,Mumbai,NOAA,29.4,71.0,1013.0,0.0,,
2023-03-02 03:00:00,43057099999,Mumbai,NOAA,24.6,78.4,1016.9,0.0,,
2023-03-02 12:00:00,43057099999,Mumbai,NOAA,31.4,36.6,1013.0,0.0,,
2023-03-04 03:00:00,43057099999,Mumbai,NOAA,25.6,74.4,1017.7,0.0,,
2023-03-04 12:00:00,43057099999,Mumbai,NOAA,32.0,54.6,1012.7,0.0,,
2023-03-05 03:00:00,43057099999,Mumbai,NOAA,26.0,79.1,1017.1,0.0,,
2023-03-05 12:00:00,43057099999,Mumbai,NOAA,32.2,72.0,1012.4,0.0,,
2023-03-06 03:00:00,43057099999,Mumbai,NOAA,28.0,48.1,1015.1,1.0,90.0,
2023-03-06 09:00:00,43057099999,Mumbai,NOAA,37.0,22.6,1011.3,0.0,,
2023-03-06 12:00:00,43057099999,Mumbai,NOAA,31.6,48.4,1010.8,0.0,,
2023-03-07 03:00:00,43057099999,Mumbai,NOAA,26.4,56.6,1015.1,1.0,70.0,
2023-03-07 06:00:00,43057099999,Mumbai,NOAA,29.4,47.5,1015.4,1.5,90.0,0.0
2023-03-07 12:00:00,43057099999,Mumbai,NOAA,33.0,38.0,1011.1,0.0,,0.0
2023-03-08 03:00:00,43057099999,Mumbai,NOAA,26.0,47.9,1015.0,0.0,,0.0
2023-03-08 06:00:00,43057099999,Mumbai,NOAA,31.2,38.0,1015.5,0.0,,
2023-03-08 12:00:00,43057099999,Mumbai,NOAA,29.0,69.7,1010.8,1.0,290.0,
2023-03-09 03:00:00,43057099999,Mumbai,NOAA,26.2,46.1,1014.3,0.0,,
2023-03-09 06:00:00,43057099999,Mumbai,NOAA,32.5,46.0,1014.7,0.0,,
2023-03-09 12:00:00,43057099999,Mumbai,NOAA,30.8,50.1,1010.3,0.0,,
2023-03-10 03:00:00,43057099999,Mumbai,NOAA,27.0,42.0,1014.3,0.0,,
2023-03-10 06:00:00,43057099999,Mumbai,NOAA,33.8,26.0,1014.0,0.0,,
2023-03-10 12:00:00,43057099999,Mumbai,NOAA,30.6,44.1,1009.4,1.0,320.0,
2023-03-11 03:00:00,43057099999,Mumbai,NOAA,26.0,59.1,1013.2,0.0,,
2023-03-11 12:00:00,43057099999,Mumbai,NOAA,30.4,69.1,1009.2,0.5,320.0,
2023-03-12 03:00:00,43057099999,Mumbai,NOAA,26.8,75.9,1012.7,0.0,,
2023-03-12 12:00:00,43057099999,Mumbai,NOAA,31.4,60.0,1008.9,0.0,,
2023-03-13 03:00:00,43057099999,Mumbai,NOAA,27.8,71.6,1011.3,1.0,70.0,
2023-03-13 12:00:00,43057099999,Mumbai,NOAA,31.4,57.5,1008.0,0.0,,
2023-03-14 03:00:00,43057099999,Mumbai,NOAA,27.2,72.4,1011.1,0.0,,
2023-03-14 06:00:00,43057099999,Mumbai,NOAA,31.6,46.4,1010.3,0.0,,
2023-03-14 12:00:00,43057099999,Mumbai,NOAA,31.2,76.2,1006.7,0.0,,
2023-03-15 03:00:00,43057099999,Mumbai,NOAA,27.6,56.6,1009.3,0.0,,
2023-03-15 06:00:00,43057099999,Mumbai,NOAA,31.0,63.3,1008.8,0.0,,
2023-03-15 12:00:00,43057099999,Mumbai,NOAA,31.0,68.0,1006.0,0.0,,
2023-03-16 03:00:00,43057099999,Mumbai,NOAA,27.4,82.7,1010.8,0.0,,0.0
2023-03-16 12:00:00,43057099999,Mumbai,NOAA,30.6,76.1,1007.8,0.0,,
2023-03-17 03:00:00,43057099999,Mumbai,NOAA,26.4,67.1,1012.0,0.0,,
2023-03-17 12:00:00,43057099999,Mumbai,NOAA,29.2,65.6,1007.6,1.0,290.0,
2023-03-18 03:00:00,43057099999,Mumbai,NOAA,26.4,85.6,1010.7,0.0,,
2023-03-18 12:00:00,43057099999,Mumbai,NOAA,30.0,67.4,1006.4,1.0,290.0,
2023-03-19 03:00:00,43057099999,Mumbai,NOAA,26.6,82.6,1010.4,0.0,,
2023-03-19 12:00:00,43057099999,Mumbai,NOAA,29.0,55.5,1007.4,2.1,250.0,
2023-03-20 03:00:00,43057099999,Mumbai,NOAA,26.8,65.1,1009.9,0.0,,
2023-03-20 12:00:00,43057099999,Mumbai,NOAA,29.4,53.2,1007.1,0.0,,
2023-03-21 03:00:00,43057099999,Mumbai,NOAA,22.0,91.2,1010.8,1.0,70.0,25.0
2023-03-21 12:00:00,43057099999,Mumbai,NOAA,28.4,56.1,1008.2,0.0,,0.4
2023-03-22 03:00:00,43057099999,Mumbai,NOAA,26.2,77.7,1012.3,0.0,,0.4
2023-03-22 12:00:00,43057099999,Mumbai,NOAA,29.0,54.2,1008.7,0.0,,
2023-03-23 03:00:00,43057099999,Mumbai,NOAA,26.2,76.3,1012.0,0.0,,
2023-03-23 06:00:00,43057099999,Mumbai,NOAA,29.8,58.5,1012.7,0.0,,
2023-03-23 12:00:00,43057099999,Mumbai,NOAA,28.4,56.8,1009.0,0.5,290.0,
2023-03-24 03:00:00,43057099999,Mumbai,NOAA,26.2,77.7,1011.7,0.0,,
2023-03-24 12:00:00,43057099999,Mumbai,NOAA,29.6,59.6,1009.5,0.0,,
2023-03-25 03:00:00,43057099999,Mumbai,NOAA,25.0,61.2,1012.8,0.0,,
2023-03-25 12:00:00,43057099999,Mumbai,NOAA,27.8,45.6,1010.2,0.5,290.0,
2023-03-26 03:00:00,43057099999,Mumbai,NOAA,25.4,61.3,1013.3,0.0,,
2023-03-26 12:00:00,43057099999,Mumbai,NOAA,28.8,50.2,1009.7,0.0,,
2023-03-27 03:00:00,43057099999,Mumbai,NOAA,25.6,76.2,1012.7,0.0,,
2023-03-27 06:00:00,43057099999,Mumbai,NOAA,29.4,58.1,1013.2,0.5,270.0,
2023-03-27 12:00:00,43057099999,Mumbai,NOAA,29.2,57.0,1009.2,0.5,290.0,
2023-03-28 03:00:00,43057099999,Mumbai,NOAA,26.4,79.7,1012.1,0.0,,
2023-03-28 12:00:00,43057099999,Mumbai,NOAA,29.6,57.1,1008.5,1.0,320.0,
2023-03-29 03:00:00,43057099999,Mumbai,NOAA,25.6,76.2,1012.1,0.0,,
2023-03-29 06:00:00,43057099999,Mumbai,NOAA,30.2,55.1,1012.6,0.0,,
2023-03-29 12:00:00,43057099999,Mumbai,NOAA,29.2,63.3,1009.6,1.0,290.0,
2023-03-30 00:00:00,43057099999,Mumbai,NOAA,25.0,74.3,1010.0,0.0,,
2023-03-30 03:00:00,43057099999,Mumbai,NOAA,26.6,79.7,1012.1,0.0,,
2023-03-30 12:00:00,43057099999,Mumbai,NOAA,28.6,60.1,1008.4,0.0,,
2023-03-31 00:00:00,43057099999,Mumbai,NOAA,27.2,79.8,1011.4,0.0,,
2023-03-31 03:00:00,43057099999,Mumbai,NOAA,27.2,79.8,1011.4,0.0,,
2023-03-31 06:00:00,43057099999,Mumbai,NOAA,31.0,58.5,1011.7,0.0,,
2023-03-31 12:00:00,43057099999,Mumbai,NOAA,30.0,60.0,1008.0,0.0,,
2023-04-01 00:00:00,43057099999,Mumbai,NOAA,26.4,72.2,1010.0,0.0,,
2023-04-01 03:00:00,43057099999,Mumbai,NOAA,26.2,71.8,1012.0,0.0,,
2023-04-01 06:00:00,43057099999,Mumbai,NOAA,30.4,48.4,1012.0,0.0,,
2023-04-01 12:00:00,43057099999,Mumbai,NOAA,29.6,60.7,1008.6,1.0,290.0,
2023-04-02 03:00:00,43057099999,Mumbai,NOAA,27.2,71.1,1011.9,0.0,,
2023-04-02 12:00:00,43057099999,Mumbai,NOAA,29.2,57.0,1008.2,0.5,290.0,
2023-04-03 00:00:00,43057099999,Mumbai,NOAA,26.0,70.4,1008.6,0.0,,
2023-04-03 03:00:00,43057099999,Mumbai,NOAA,26.8,78.3,1011.0,0.0,,
2023-04-03 12:00:00,43057099999,Mumbai,NOAA,29.0,64.4,1008.3,1.0,290.0,
2023-04-04 03:00:00,43057099999,Mumbai,NOAA,27.0,84.2,1011.9,0.0,,
2023-04-04 06:00:00,43057099999,Mumbai,NOAA,30.4,66.7,1012.0,1.0,290.0,
2023-04-04 12:00:00,43057099999,Mumbai,NOAA,29.4,72.3,1008.5,1.0,290.0,
2023-04-05 00:00:00,43057099999,Mumbai,NOAA,25.4,83.5,1009.0,0.0,,
2023-04-05 03:00:00,43057099999,Mumbai,NOAA,26.8,84.2,1011.5,0.0,,
2023-04-05 12:00:00,43057099999,Mumbai,NOAA,29.0,77.7,1008.1,1.0,340.0,
2023-04-06 03:00:00,43057099999,Mumbai,NOAA,26.2,63.4,1010.8,0.0,,
2023-04-06 06:00:00,43057099999,Mumbai,NOAA,32.2,52.3,1011.6,1.0,290.0,
2023-04-06 12:00:00,43057099999,Mumbai,NOAA,30.0,67.4,1007.5,1.0,340.0,
2023-04-07 03:00:00,43057099999,Mumbai,NOAA,28.4,53.7,1011.3,0.0,,
2023-04-07 06:00:00,43057099999,Mumbai,NOAA,32.4,55.0,1011.7,0.0,,
2023-04-07 12:00:00,43057099999,Mumbai,NOAA,31.4,46.0,1007.7,1.0,340.0,
2023-04-08 03:00:00,43057099999,Mumbai,NOAA,29.0,81.9,1013.3,0.0,,
2023-04-08 06:00:00,43057099999,Mumbai,NOAA,33.0,56.5,1013.4,0.0,,
2023-04-08 12:00:00,43057099999,Mumbai,NOAA,31.2,64.5,1010.0,0.0,,
2023-04-09 03:00:00,43057099999,Mumbai,NOAA,29.2,73.6,1014.3,0.0,,
2023-04-09 06:00:00,43057099999,Mumbai,NOAA,34.0,51.8,1014.0,0.0,,
2023-04-09 12:00:00,43057099999,Mumbai,NOAA,30.4,70.4,1009.8,0.0,,
2023-04-10 03:00:00,43057099999,Mumbai,NOAA,29.2,79.1,1012.8,0.5,90.0,
2023-04-10 12:00:00,43057099999,Mumbai,NOAA,30.8,69.2,1008.4,0.0,,
2023-04-11 00:00:00,43057099999,Mumbai,NOAA,28.0,74.3,1009.4,0.0,,
2023-04-11 03:00:00,43057099999,Mumbai,NOAA,28.2,80.4,1012.1,0.0,,
2023-04-11 12:00:00,43057099999,Mumbai,NOAA,31.2,64.5,1009.1,1.0,290.0,
2023-04-12 03:00:00,43057099999,Mumbai,NOAA,29.4,67.3,1012.5,0.0,,
2023-04-12 12:00:00,43057099999,Mumbai,NOAA,31.0,63.3,1007.8,1.0,340.0,
2023-04-13 03:00:00,43057099999,Mumbai,NOAA,30.0,75.5,1011.2,0.0,,
2023-04-13 12:00:00,43057099999,Mumbai,NOAA,31.0,72.2,1007.9,1.0,320.0,
2023-04-14 03:00:00,43057099999,Mumbai,NOAA,29.2,79.1,1012.1,0.0,,
2023-04-14 12:00:00,43057099999,Mumbai,NOAA,30.6,67.9,1007.7,1.0,340.0,
2023-04-15 03:00:00,43057099999,Mumbai,NOAA,29.2,76.3,1011.9,0.0,,
2023-04-15 06:00:00,43057099999,Mumbai,NOAA,32.4,70.3,1011.5,0.5,290.0,
2023-04-15 12:00:00,43057099999,Mumbai,NOAA,30.0,60.0,1007.5,1.0,340.0,
2023-04-16 03:00:00,43057099999,Mumbai,NOAA,28.0,82.3,1010.5,0.0,,
2023-04-16 12:00:00,43057099999,Mumbai,NOAA,30.2,71.6,1006.6,1.0,290.0,
2023-04-17 03:00:00,43057099999,Mumbai,NOAA,28.6,74.9,1009.8,0.0,,
2023-04-17 12:00:00,43057099999,Mumbai,NOAA,30.2,82.6,1007.3,1.5,290.0,
2023-04-18 03:00:00,43057099999,Mumbai,NOAA,28.0,58.1,1011.1,0.0,,
2023-04-18 12:00:00,43057099999,Mumbai,NOAA,30.8,73.0,1006.9,0.5,340.0,
2023-04-19 03:00:00,43057099999,Mumbai,NOAA,29.6,68.5,1009.0,0.0,,
2023-04-19 12:00:00,43057099999,Mumbai,NOAA,32.4,49.2,1003.8,1.0,340.0,
2023-04-20 03:00:00,43057099999,Mumbai,NOAA,29.6,81.0,1007.4,0.0,,
2023-04-20 12:00:00,43057099999,Mumbai,NOAA,31.0,58.5,1003.6,1.5,290.0,
2023-04-21 03:00:00,43057099999,Mumbai,NOAA,28.0,80.4,1008.0,0.0,,
2023-04-21 12:00:00,43057099999,Mumbai,NOAA,29.6,69.8,1005.6,1.0,290.0,
2023-04-22 03:00:00,43057099999,Mumbai,NOAA,28.4,74.8,1008.6,0.0,,
2023-04-22 06:00:00,43057099999,Mumbai,NOAA,32.2,62.8,1009.4,0.0,,
2023-04-22 09:00:00,43057099999,Mumbai,NOAA,32.0,58.0,1007.4,0.0,,
2023-04-22 12:00:00,43057099999,Mumbai,NOAA,30.2,63.9,1005.9,1.5,320.0,
2023-04-23 03:00:00,43057099999,Mumbai,NOAA,28.8,76.2,1008.9,0.0,,
2023-04-23 12:00:00,43057099999,Mumbai,NOAA,29.4,72.3,1005.7,1.5,320.0,
2023-04-24 03:00:00,43057099999,Mumbai,NOAA,27.4,81.2,1009.3,0.0,,
2023-04-24 12:00:00,43057099999,Mumbai,NOAA,30.2,75.6,1005.2,1.5,270.0,
2023-04-25 03:00:00,43057099999,Mumbai,NOAA,29.0,88.0,1008.8,0.0,,
2023-04-25 09:00:00,43057099999,Mumbai,NOAA,33.0,66.8,1006.9,2.1,250.0,
2023-04-25 12:00:00,43057099999,Mumbai,NOAA,30.4,74.2,1006.2,1.0,250.0,
2023-04-26 03:00:00,43057099999,Mumbai,NOAA,29.4,77.7,1009.8,0.5,90.0,
2023-04-26 12:00:00,43057099999,Mumbai,NOAA,30.6,66.7,1006.6,1.5,250.0,
2023-04-27 03:00:00,43057099999,Mumbai,NOAA,28.6,74.9,1010.0,0.0,,
2023-04-27 12:00:00,43057099999,Mumbai,NOAA,29.8,64.9,1006.5,1.0,270.0,
2023-04-28 03:00:00,43057099999,Mumbai,NOAA,28.6,76.2,1010.9,0.0,,
2023-04-28 12:00:00,43057099999,Mumbai,NOAA,30.0,62.3,1007.2,1.0,290.0,
2023-04-29 00:00:00,43057099999,Mumbai,NOAA,26.8,82.7,1008.6,0.0,,
2023-04-29 03:00:00,43057099999,Mumbai,NOAA,28.2,76.2,1010.6,0.0,,
2023-04-29 12:00:00,43057099999,Mumbai,NOAA,31.4,54.1,1006.1,2.1,290.0,
2023-04-30 03:00:00,43057099999,Mumbai,NOAA,27.4,87.3,1009.0,0.0,,2.0
2023-04-30 12:00:00,43057099999,Mumbai,NOAA,31.4,66.5,1005.1,0.0,,
2023-05-01 03:00:00,43057099999,Mumbai,NOAA,28.4,76.2,1008.3,0.0,,
2023-05-01 06:00:00,43057099999,Mumbai,NOAA,31.6,51.8,1008.8,1.5,290.0,
2023-05-01 12:00:00,43057099999,Mumbai,NOAA,31.4,57.5,1005.7,1.5,270.0,
2023-05-02 03:00:00,43057099999,Mumbai,NOAA,26.2,88.8,1009.1,0.0,,12.0
2023-05-02 12:00:00,43057099999,Mumbai,NOAA,31.2,51.4,1005.4,0.0,,
2023-05-03 03:00:00,43057099999,Mumbai,NOAA,29.0,61.7,1010.7,0.0,,
2023-05-03 12:00:00,43057099999,Mumbai,NOAA,30.6,59.1,1007.1,1.5,290.0,
2023-05-04 03:00:00,43057099999,Mumbai,NOAA,28.6,77.6,1010.4,0.5,90.0,
2023-05-04 12:00:00,43057099999,Mumbai,NOAA,30.4,60.1,1005.8,1.0,290.0,
2023-05-05 03:00:00,43057099999,Mumbai,NOAA,29.0,76.3,1009.1,0.0,,
2023-05-05 12:00:00,43057099999,Mumbai,NOAA,30.8,59.5,1005.6,1.0,290.0,
2023-05-06 03:00:00,43057099999,Mumbai,NOAA,29.2,69.7,1009.6,0.0,,
2023-05-06 06:00:00,43057099999,Mumbai,NOAA,32.4,58.4,1007.1,1.0,290.0,
2023-05-06 12:00:00,43057099999,Mumbai,NOAA,31.2,59.6,1005.8,1.0,290.0,
2023-05-07 03:00:00,43057099999,Mumbai,NOAA,29.4,73.6,1010.1,0.0,,0.0
2023-05-07 12:00:00,43057099999,Mumbai,NOAA,30.4,72.9,1005.8,1.5,290.0,
2023-05-08 03:00:00,43057099999,Mumbai,NOAA,29.4,77.7,1009.0,0.0,,
2023-05-08 12:00:00,43057099999,Mumbai,NOAA,31.2,69.7,1005.1,1.0,290.0,
2023-05-09 03:00:00,43057099999,Mumbai,NOAA,29.4,79.1,1009.6,0.0,,
2023-05-09 12:00:00,43057099999,Mumbai,NOAA,30.8,74.3,1005.4,0.5,270.0,
2023-05-10 03:00:00,43057099999,Mumbai,NOAA,30.4,82.6,1008.6,0.0,,
2023-05-10 12:00:00,43057099999,Mumbai,NOAA,32.0,79.9,1004.5,1.0,290.0,
2023-05-11 00:00:00,43057099999,Mumbai,NOAA,29.4,89.5,1007.0,0.0,,
2023-05-11 03:00:00,43057099999,Mumbai,NOAA,29.8,79.6,1008.8,0.0,,
2023-05-11 06:00:00,43057099999,Mumbai,NOAA,34.0,61.7,1008.6,0.0,,
2023-05-11 12:00:00,43057099999,Mumbai,NOAA,32.4,76.8,1005.3,0.0,,
2023-05-12 03:00:00,43057099999,Mumbai,NOAA,30.6,77.0,1009.6,0.0,,
2023-05-12 12:00:00,43057099999,Mumbai,NOAA,32.0,74.9,1006.0,1.0,200.0,
2023-05-13 03:00:00,43057099999,Mumbai,NOAA,30.4,81.1,1010.0,0.0,,
2023-05-13 12:00:00,43057099999,Mumbai,NOAA,33.0,65.6,1007.6,0.0,,
2023-05-14 03:00:00,43057099999,Mumbai,NOAA,30.2,74.2,1009.8,0.0,,
2023-05-14 12:00:00,43057099999,Mumbai,NOAA,33.0,66.8,1006.1,0.0,,
2023-05-15 03:00:00,43057099999,Mumbai,NOAA,30.2,75.6,1010.4,0.0,,
2023-05-15 12:00:00,43057099999,Mumbai,NOAA,32.4,65.5,1007.5,0.0,,
2023-05-16 03:00:00,43057099999,Mumbai,NOAA,30.0,70.3,1011.4,0.0,,
2023-05-16 12:00:00,43057099999,Mumbai,NOAA,33.0,60.0,1009.4,1.0,290.0,
2023-05-17 03:00:00,43057099999,Mumbai,NOAA,29.6,68.5,1011.7,0.0,,
2023-05-17 12:00:00,43057099999,Mumbai,NOAA,32.2,63.9,1008.7,1.0,290.0,
2023-05-18 03:00:00,43057099999,Mumbai,NOAA,29.4,71.0,1013.6,0.0,,
2023-05-18 12:00:00,43057099999,Mumbai,NOAA,31.4,72.2,1009.7,1.5,290.0,
2023-05-19 03:00:00,43057099999,Mumbai,NOAA,30.0,72.9,1011.5,0.0,,
2023-05-19 06:00:00,43057099999,Mumbai,NOAA,33.0,63.3,1011.5,1.5,290.0,
2023-05-19 12:00:00,43057099999,Mumbai,NOAA,31.0,73.5,1008.0,1.5,290.0,
2023-05-20 03:00:00,43057099999,Mumbai,NOAA,30.0,69.0,1010.3,0.0,,
2023-05-20 12:00:00,43057099999,Mumbai,NOAA,31.8,66.1,1008.2,1.0,290.0,
2023-05-21 03:00:00,43057099999,Mumbai,NOAA,30.2,70.3,1011.2,0.0,,
2023-05-21 12:00:00,43057099999,Mumbai,NOAA,31.2,66.8,1009.0,1.0,290.0,
2023-05-22 03:00:00,43057099999,Mumbai,NOAA,29.6,79.6,1012.5,0.0,,
2023-05-22 12:00:00,43057099999,Mumbai,NOAA,31.4,64.5,1009.4,1.0,270.0,
2023-05-23 03:00:00,43057099999,Mumbai,NOAA,30.2,78.3,1012.7,0.0,,
2023-05-23 12:00:00,43057099999,Mumbai,NOAA,31.4,69.7,1008.7,1.5,290.0,
2023-05-24 03:00:00,43057099999,Mumbai,NOAA,30.4,74.2,1011.1,0.0,,
2023-05-24 12:00:00,43057099999,Mumbai,NOAA,32.6,61.7,1009.3,0.0,,
2023-05-25 03:00:00,43057099999,Mumbai,NOAA,30.8,65.5,1012.1,0.0,,
2023-05-25 12:00:00,43057099999,Mumbai,NOAA,31.8,61.2,1010.0,1.0,250.0,
2023-05-26 00:00:00,43057099999,Mumbai,NOAA,29.0,84.9,1011.0,0.0,,4.0
2023-05-26 03:00:00,43057099999,Mumbai,NOAA,30.8,74.3,1012.6,0.0,,4.0
2023-05-26 12:00:00,43057099999,Mumbai,NOAA,32.8,62.1,1010.7,0.0,,0.4
2023-05-27 03:00:00,43057099999,Mumbai,NOAA,30.4,75.6,1011.2,0.0,,0.4
2023-05-27 12:00:00,43057099999,Mumbai,NOAA,32.4,61.7,1009.1,1.0,250.0,
2023-05-28 03:00:00,43057099999,Mumbai,NOAA,31.0,72.2,1010.5,0.0,,
2023-05-28 06:00:00,43057099999,Mumbai,NOAA,33.2,61.1,1010.4,0.0,,
2023-05-28 09:00:00,43057099999,Mumbai,NOAA,34.2,59.5,1008.9,0.0,,
2023-05-28 12:00:00,43057099999,Mumbai,NOAA,32.2,66.2,1007.5,0.0,,
2023-05-29 03:00:00,43057099999,Mumbai,NOAA,30.6,74.3,1008.9,0.0,,
2023-05-29 12:00:00,43057099999,Mumbai,NOAA,31.6,72.3,1007.0,1.0,270.0,
2023-05-30 03:00:00,43057099999,Mumbai,NOAA,31.0,72.2,1009.7,0.0,,
2023-05-30 12:00:00,43057099999,Mumbai,NOAA,32.2,67.8,1007.4,1.5,290.0,
2023-05-31 03:00:00,43057099999,Mumbai,NOAA,31.4,76.2,1010.1,0.0,,
2023-05-31 09:00:00,43057099999,Mumbai,NOAA,34.0,67.4,1007.4,1.5,270.0,
2023-05-31 12:00:00,43057099999,Mumbai,NOAA,32.4,67.9,1006.2,1.5,290.0,
2023-06-01 03:00:00,43057099999,Mumbai,NOAA,30.8,77.0,1009.1,0.0,,
2023-06-02 03:00:00,43057099999,Mumbai,NOAA,30.6,67.9,1010.1,0.0,,
2023-06-02 12:00:00,43057099999,Mumbai,NOAA,32.0,67.4,1008.1,0.5,270.0,
2023-06-03 03:00:00,43057099999,Mumbai,NOAA,31.0,72.2,1009.6,0.0,,
2023-06-03 12:00:00,43057099999,Mumbai,NOAA,32.4,65.5,1006.8,0.5,290.0,
2023-06-04 03:00:00,43057099999,Mumbai,NOAA,31.8,77.6,1009.8,0.0,,
2023-06-04 12:00:00,43057099999,Mumbai,NOAA,33.0,70.4,1006.8,0.0,,
2023-06-05 03:00:00,43057099999,Mumbai,NOAA,30.0,79.7,1009.2,0.0,,0.0
2023-06-05 12:00:00,43057099999,Mumbai,NOAA,33.4,63.8,1006.3,1.0,270.0,
2023-06-06 03:00:00,43057099999,Mumbai,NOAA,31.0,72.2,1009.2,0.0,,
2023-06-06 12:00:00,43057099999,Mumbai,NOAA,33.2,66.0,1004.7,0.5,270.0,
2023-06-07 03:00:00,43057099999,Mumbai,NOAA,31.2,69.7,1007.3,0.0,,
2023-06-07 12:00:00,43057099999,Mumbai,NOAA,33.4,55.6,1005.3,1.0,270.0,
2023-06-08 03:00:00,43057099999,Mumbai,NOAA,30.2,75.6,1008.5,0.0,,
2023-06-09 03:00:00,43057099999,Mumbai,NOAA,30.6,74.3,1007.0,2.6,110.0,
2023-06-09 12:00:00,43057099999,Mumbai,NOAA,33.6,68.5,1003.4,1.0,270.0,
2023-06-10 03:00:00,43057099999,Mumbai,NOAA,31.4,69.7,1004.1,2.6,110.0,
2023-06-10 12:00:00,43057099999,Mumbai,NOAA,33.0,63.3,1002.0,2.1,110.0,
2023-06-11 03:00:00,43057099999,Mumbai,NOAA,30.8,68.0,1003.9,2.1,110.0,0.7
2023-06-11 09:00:00,43057099999,Mumbai,NOAA,32.4,52.7,1002.5,2.1,110.0,
2023-06-11 12:00:00,43057099999,Mumbai,NOAA,31.6,69.8,1002.4,1.5,70.0,
2023-06-12 03:00:00,43057099999,Mumbai,NOAA,30.0,75.5,1002.6,5.1,110.0,7.0
2023-06-12 12:00:00,43057099999,Mumbai,NOAA,31.2,72.2,1001.3,1.0,50.0,
2023-06-13 03:00:00,43057099999,Mumbai,NOAA,29.4,84.9,1004.4,6.7,110.0,1.0
2023-06-13 12:00:00,43057099999,Mumbai,NOAA,31.6,78.9,1003.4,0.0,,2.0
2023-06-14 00:00:00,43057099999,Mumbai,NOAA,29.8,75.5,1004.4,2.6,270.0,10.0
2023-06-14 03:00:00,43057099999,Mumbai,NOAA,30.4,74.2,1006.5,5.1,270.0,10.0
2023-06-14 12:00:00,43057099999,Mumbai,NOAA,31.4,73.5,1005.5,1.5,340.0,0.0
2023-06-15 12:00:00,43057099999,Mumbai,NOAA,32.6,64.4,1005.2,1.0,320.0,
2023-06-16 00:00:00,43057099999,Mumbai,NOAA,30.4,76.9,1004.2,2.6,110.0,
2023-06-16 03:00:00,43057099999,Mumbai,NOAA,31.2,72.2,1005.8,2.6,110.0,
2023-06-16 12:00:00,43057099999,Mumbai,NOAA,31.6,74.9,1005.1,2.1,270.0,
2023-06-17 03:00:00,43057099999,Mumbai,NOAA,30.6,79.7,1007.2,1.0,230.0,2.0
2023-06-17 12:00:00,43057099999,Mumbai,NOAA,31.4,73.5,1006.2,2.1,250.0,
2023-06-18 03:00:00,43057099999,Mumbai,NOAA,30.4,79.7,1007.9,1.0,250.0,0.6
2023-06-18 06:00:00,43057099999,Mumbai,NOAA,32.8,67.9,1008.1,1.0,250.0,
2023-06-18 12:00:00,43057099999,Mumbai,NOAA,32.6,69.1,1006.4,0.0,,
2023-06-19 03:00:00,43057099999,Mumbai,NOAA,30.4,75.6,1007.4,2.1,270.0,
2023-06-19 06:00:00,43057099999,Mumbai,NOAA,33.0,64.4,1007.4,1.5,270.0,
2023-06-19 12:00:00,43057099999,Mumbai,NOAA,32.6,65.5,1004.8,1.0,250.0,
2023-06-20 03:00:00,43057099999,Mumbai,NOAA,30.6,74.3,1005.9,0.0,,
2023-06-20 12:00:00,43057099999,Mumbai,NOAA,32.6,61.7,1004.5,1.0,270.0,
2023-06-21 00:00:00,43057099999,Mumbai,NOAA,29.2,76.3,1004.6,0.0,,
2023-06-21 03:00:00,43057099999,Mumbai,NOAA,30.8,77.0,1006.1,1.0,270.0,
2023-06-21 12:00:00,43057099999,Mumbai,NOAA,33.0,63.3,1004.6,1.0,270.0,
2023-06-22 03:00:00,43057099999,Mumbai,NOAA,31.0,77.5,1006.9,1.0,250.0,
2023-06-22 12:00:00,43057099999,Mumbai,NOAA,33.0,63.3,1004.1,0.0,,
2023-06-23 03:00:00,43057099999,Mumbai,NOAA,30.6,75.6,1006.1,1.0,230.0,
2023-06-23 12:00:00,43057099999,Mumbai,NOAA,32.8,65.6,1003.5,1.0,270.0,
2023-06-24 03:00:00,43057099999,Mumbai,NOAA,29.8,81.1,1004.0,0.0,,0.2
2023-06-24 12:00:00,43057099999,Mumbai,NOAA,28.0,88.9,1003.3,2.6,230.0,1.0
2023-06-25 03:00:00,43057099999,Mumbai,NOAA,26.0,88.8,1004.3,0.0,,86.0
2023-06-26 03:00:00,43057099999,Mumbai,NOAA,28.4,87.9,1005.4,7.7,250.0,64.0
2023-06-26 12:00:00,43057099999,Mumbai,NOAA,30.0,81.1,1003.9,3.1,250.0,
2023-06-27 03:00:00,43057099999,Mumbai,NOAA,27.6,90.5,1005.0,0.0,,50.0
2023-06-27 12:00:00,43057099999,Mumbai,NOAA,27.0,87.3,1003.9,2.6,250.0,11.0
2023-06-28 03:00:00,43057099999,Mumbai,NOAA,27.4,92.1,1005.8,1.0,250.0,24.0
2023-06-28 12:00:00,43057099999,Mumbai,NOAA,26.6,88.8,1005.1,0.0,,77.0
2023-06-29 03:00:00,43057099999,Mumbai,NOAA,26.4,90.4,1006.5,1.0,250.0,148.0
2023-06-29 12:00:00,43057099999,Mumbai,NOAA,28.6,84.9,1004.5,1.0,250.0,1.0
2023-06-30 03:00:00,43057099999,Mumbai,NOAA,28.0,85.8,1006.5,5.1,250.0,30.0
2023-06-30 12:00:00,43057099999,Mumbai,NOAA,27.0,88.8,1004.7,2.1,250.0,26.0
2023-07-01 03:00:00,43057099999,Mumbai,NOAA,26.6,88.8,1007.0,2.1,250.0,45.0
2023-07-01 12:00:00,43057099999,Mumbai,NOAA,28.0,92.1,1005.7,1.0,250.0,7.0
2023-07-02 03:00:00,43057099999,Mumbai,NOAA,28.0,87.3,1006.3,2.6,250.0,14.0
2023-07-02 12:00:00,43057099999,Mumbai,NOAA,29.0,88.0,1004.0,1.0,250.0,20.0
2023-07-03 03:00:00,43057099999,Mumbai,NOAA,28.0,87.3,1004.5,1.0,250.0,22.0
2023-07-03 12:00:00,43057099999,Mumbai,NOAA,31.0,82.7,1001.8,0.0,,1.0
2023-07-04 03:00:00,43057099999,Mumbai,NOAA,27.0,92.1,1002.7,0.0,,42.0
2023-07-04 12:00:00,43057099999,Mumbai,NOAA,27.0,92.1,1000.0,5.1,250.0,18.0
2023-07-05 03:00:00,43057099999,Mumbai,NOAA,27.0,90.4,1001.1,0.0,,33.0
2023-07-05 12:00:00,43057099999,Mumbai,NOAA,27.6,92.1,998.6,0.0,,5.0
2023-07-06 03:00:00,43057099999,Mumbai,NOAA,26.4,94.8,1002.0,0.0,,10.0
2023-07-06 12:00:00,43057099999,Mumbai,NOAA,27.8,82.8,1000.9,2.6,250.0,4.0
2023-07-07 03:00:00,43057099999,Mumbai,NOAA,27.6,87.3,1003.5,2.1,250.0,20.0
2023-07-07 12:00:00,43057099999,Mumbai,NOAA,27.2,92.1,1002.0,4.1,230.0,2.0
2023-07-08 00:00:00,43057099999,Mumbai,NOAA,27.4,90.5,1003.9,5.1,250.0,38.0
2023-07-08 03:00:00,43057099999,Mumbai,NOAA,28.0,88.9,1004.8,5.1,250.0,40.0
2023-07-08 12:00:00,43057099999,Mumbai,NOAA,30.0,78.3,1004.4,3.1,230.0,0.4
2023-07-09 03:00:00,43057099999,Mumbai,NOAA,29.0,84.9,1006.0,4.6,230.0,6.0
2023-07-09 12:00:00,43057099999,Mumbai,NOAA,28.4,84.8,1005.4,2.1,230.0,
2023-07-10 03:00:00,43057099999,Mumbai,NOAA,29.4,84.4,1006.9,2.6,250.0,2.0
2023-07-10 12:00:00,43057099999,Mumbai,NOAA,29.8,85.0,1005.5,1.5,250.0,1.0
2023-07-11 03:00:00,43057099999,Mumbai,NOAA,29.0,86.4,1007.6,2.6,250.0,2.0
2023-07-11 12:00:00,43057099999,Mumbai,NOAA,30.4,79.7,1005.3,2.6,250.0,
2023-07-12 03:00:00,43057099999,Mumbai,NOAA,29.0,88.0,1006.2,1.0,250.0,1.0
2023-07-12 06:00:00,43057099999,Mumbai,NOAA,29.8,85.0,1006.2,1.0,250.0,0.0
2023-07-12 12:00:00,43057099999,Mumbai,NOAA,30.4,88.1,1004.1,0.0,,0.6
2023-07-13 03:00:00,43057099999,Mumbai,NOAA,29.4,88.0,1005.1,1.0,250.0,0.6
2023-07-13 06:00:00,43057099999,Mumbai,NOAA,31.8,77.6,1005.6,0.5,250.0,
2023-07-13 12:00:00,43057099999,Mumbai,NOAA,31.2,82.7,1003.9,1.0,250.0,0.6
2023-07-14 03:00:00,43057099999,Mumbai,NOAA,26.6,93.7,1006.7,2.1,250.0,45.0
2023-07-14 12:00:00,43057099999,Mumbai,NOAA,25.4,91.4,1006.4,1.0,250.0,38.0
2023-07-15 03:00:00,43057099999,Mumbai,NOAA,27.2,92.1,1007.5,2.6,250.0,83.0
2023-07-15 06:00:00,43057099999,Mumbai,NOAA,30.0,83.5,1008.2,2.6,250.0,
2023-07-15 09:00:00,43057099999,Mumbai,NOAA,30.8,82.6,1006.8,1.0,250.0,
2023-07-15 12:00:00,43057099999,Mumbai,NOAA,29.6,81.0,1006.0,2.1,250.0,
2023-07-16 03:00:00,43057099999,Mumbai,NOAA,28.6,89.0,1006.8,1.0,250.0,0.6
2023-07-16 12:00:00,43057099999,Mumbai,NOAA,29.4,84.9,1005.0,1.5,270.0,3.0
2023-07-17 03:00:00,43057099999,Mumbai,NOAA,26.0,92.0,1006.0,1.5,250.0,35.0
2023-07-17 12:00:00,43057099999,Mumbai,NOAA,26.8,90.4,1003.0,3.1,250.0,51.0
2023-07-18 03:00:00,43057099999,Mumbai,NOAA,26.8,90.4,1004.8,1.0,270.0,106.0
2023-07-18 12:00:00,43057099999,Mumbai,NOAA,26.0,90.4,1002.0,3.1,250.0,25.0
2023-07-19 03:00:00,43057099999,Mumbai,NOAA,25.6,94.8,1002.6,2.6,250.0,98.0
2023-07-19 12:00:00,43057099999,Mumbai,NOAA,26.0,94.8,1000.1,1.5,250.0,63.0
2023-07-20 03:00:00,43057099999,Mumbai,NOAA,28.4,87.9,1002.1,3.1,250.0,85.0
2023-07-20 12:00:00,43057099999,Mumbai,NOAA,27.0,88.8,1001.4,1.5,250.0,16.0
2023-07-21 03:00:00,43057099999,Mumbai,NOAA,26.0,92.0,1004.3,1.0,270.0,23.0
2023-07-21 12:00:00,43057099999,Mumbai,NOAA,26.2,94.8,1003.4,1.5,250.0,92.0
2023-07-22 03:00:00,43057099999,Mumbai,NOAA,27.2,92.1,1005.2,5.1,270.0,103.0
2023-07-22 12:00:00,43057099999,Mumbai,NOAA,27.4,89.9,1003.0,1.5,250.0,7.0
2023-07-23 03:00:00,43057099999,Mumbai,NOAA,26.4,93.7,1004.0,1.0,250.0,35.0
2023-07-23 12:00:00,43057099999,Mumbai,NOAA,27.2,90.5,1002.4,1.0,250.0,9.0
2023-07-24 03:00:00,43057099999,Mumbai,NOAA,27.0,92.1,1004.5,2.6,270.0,45.0
2023-07-24 12:00:00,43057099999,Mumbai,NOAA,28.4,86.4,1002.3,1.5,250.0,4.0
2023-07-25 03:00:00,43057099999,Mumbai,NOAA,27.0,90.4,1005.8,2.6,270.0,28.0
2023-07-25 12:00:00,43057099999,Mumbai,NOAA,27.5,89.9,1004.8,1.5,250.0,
2023-07-26 03:00:00,43057099999,Mumbai,NOAA,27.2,92.1,1007.3,0.0,,45.0
2023-07-26 12:00:00,43057099999,Mumbai,NOAA,26.0,92.0,1005.8,1.0,250.0,103.0
2023-07-27 03:00:00,43057099999,Mumbai,NOAA,25.4,91.4,1008.0,2.6,250.0,223.0
2023-07-27 12:00:00,43057099999,Mumbai,NOAA,25.4,91.4,1005.9,2.1,250.0,86.0
2023-07-28 03:00:00,43057099999,Mumbai,NOAA,25.0,91.4,1007.9,5.1,270.0,116.0
2023-07-28 12:00:00,43057099999,Mumbai,NOAA,27.0,92.1,1006.5,0.0,,7.0
2023-07-29 03:00:00,43057099999,Mumbai,NOAA,27.0,90.4,1008.3,1.0,250.0,8.0
2023-07-29 12:00:00,43057099999,Mumbai,NOAA,28.0,90.5,1007.0,1.5,250.0,7.0
2023-07-30 03:00:00,43057099999,Mumbai,NOAA,26.6,90.4,1008.1,1.0,250.0,13.0
2023-07-30 12:00:00,43057099999,Mumbai,NOAA,30.0,83.5,1005.4,1.0,250.0,
2023-07-31 12:00:00,43057099999,Mumbai,NOAA,28.6,90.5,1005.3,1.5,250.0,1.0
2023-08-01 00:00:00,43057099999,Mumbai,NOAA,28.0,85.8,1005.5,2.6,270.0,2.0
2023-08-01 03:00:00,43057099999,Mumbai,NOAA,28.0,88.9,1006.8,2.6,270.0,2.0
2023-08-01 12:00:00,43057099999,Mumbai,NOAA,28.8,86.4,1005.7,2.1,250.0,6.0
2023-08-02 03:00:00,43057099999,Mumbai,NOAA,29.0,86.4,1007.6,2.6,270.0,11.0
2023-08-02 12:00:00,43057099999,Mumbai,NOAA,28.4,87.9,1006.4,2.1,250.0,0.0
2023-08-03 03:00:00,43057099999,Mumbai,NOAA,28.0,87.3,1007.1,2.6,250.0,0.6
2023-08-03 12:00:00,43057099999,Mumbai,NOAA,29.2,84.9,1005.9,2.6,250.0,0.6
2023-08-03 15:00:00,43057099999,Mumbai,NOAA,28.4,86.4,1007.2,2.1,250.0,0.6
2023-08-04 00:00:00,43057099999,Mumbai,NOAA,28.0,88.9,1006.2,2.6,230.0,2.0
2023-08-04 03:00:00,43057099999,Mumbai,NOAA,28.4,88.9,1007.5,2.6,230.0,2.0
2023-08-04 12:00:00,43057099999,Mumbai,NOAA,29.2,88.5,1007.0,1.5,250.0,0.6
2023-08-05 03:00:00,43057099999,Mumbai,NOAA,28.0,88.9,1009.9,1.0,250.0,3.0
2023-08-05 06:00:00,43057099999,Mumbai,NOAA,30.0,79.7,1010.4,2.1,250.0,
2023-08-05 12:00:00,43057099999,Mumbai,NOAA,29.0,81.9,1009.0,2.1,230.0,
2023-08-06 03:00:00,43057099999,Mumbai,NOAA,28.2,83.3,1010.1,2.1,230.0,
2023-08-06 06:00:00,43057099999,Mumbai,NOAA,30.4,75.6,1010.0,1.0,250.0,0.2
2023-08-06 12:00:00,43057099999,Mumbai,NOAA,30.4,79.7,1007.8,1.0,250.0,0.2
2023-08-07 03:00:00,43057099999,Mumbai,NOAA,29.2,88.0,1007.9,2.6,250.0,0.2
2023-08-07 12:00:00,43057099999,Mumbai,NOAA,29.0,88.0,1006.6,1.0,250.0,1.0
2023-08-08 03:00:00,43057099999,Mumbai,NOAA,29.2,65.2,1007.8,5.1,250.0,1.0
2023-08-08 06:00:00,43057099999,Mumbai,NOAA,31.0,79.8,1008.3,2.6,250.0,
2023-08-08 12:00:00,43057099999,Mumbai,NOAA,29.8,86.5,1007.2,1.5,250.0,0.2
2023-08-09 03:00:00,43057099999,Mumbai,NOAA,28.8,89.5,1010.5,2.6,250.0,0.2
2023-08-09 12:00:00,43057099999,Mumbai,NOAA,30.6,77.0,1009.3,0.0,,
2023-08-10 03:00:00,43057099999,Mumbai,NOAA,28.0,88.9,1010.9,1.0,250.0,4.0
2023-08-11 03:00:00,43057099999,Mumbai,NOAA,28.4,88.9,1010.5,1.0,250.0,3.0
2023-08-11 12:00:00,43057099999,Mumbai,NOAA,31.0,74.8,1008.6,1.0,250.0,0.4
2023-08-12 03:00:00,43057099999,Mumbai,NOAA,28.4,88.9,1010.6,2.6,250.0,1.0
2023-08-12 12:00:00,43057099999,Mumbai,NOAA,31.0,79.8,1008.3,1.0,250.0,0.4
2023-08-13 03:00:00,43057099999,Mumbai,NOAA,28.4,86.4,1008.9,1.5,250.0,0.4
2023-08-13 12:00:00,43057099999,Mumbai,NOAA,30.2,75.6,1007.2,2.1,250.0,0.5
2023-08-14 06:00:00,43057099999,Mumbai,NOAA,30.0,78.3,1009.9,2.6,250.0,
2023-08-14 12:00:00,43057099999,Mumbai,NOAA,30.4,75.6,1007.7,1.0,250.0,
2023-08-15 03:00:00,43057099999,Mumbai,NOAA,27.4,92.1,1009.6,1.0,250.0,1.0
2023-08-15 12:00:00,43057099999,Mumbai,NOAA,30.0,78.3,1008.2,2.6,250.0,0.0
2023-08-16 03:00:00,43057099999,Mumbai,NOAA,28.2,87.4,1010.3,1.0,250.0,0.2
2023-08-16 12:00:00,43057099999,Mumbai,NOAA,30.0,75.5,1008.5,0.5,250.0,
2023-08-17 03:00:00,43057099999,Mumbai,NOAA,27.8,88.9,1010.3,0.0,,2.0
2023-08-17 12:00:00,43057099999,Mumbai,NOAA,30.4,75.6,1008.6,1.0,250.0,2.0
2023-08-18 03:00:00,43057099999,Mumbai,NOAA,28.8,86.4,1008.9,1.0,250.0,2.0
2023-08-18 12:00:00,43057099999,Mumbai,NOAA,29.2,79.1,1007.3,1.0,270.0,0.7
2023-08-19 03:00:00,43057099999,Mumbai,NOAA,29.0,86.4,1007.5,1.0,250.0,0.7
2023-08-19 12:00:00,43057099999,Mumbai,NOAA,26.8,92.1,1006.1,0.0,,7.0
2023-08-20 03:00:00,43057099999,Mumbai,NOAA,28.2,84.8,1007.8,1.5,230.0,9.0
2023-08-20 12:00:00,43057099999,Mumbai,NOAA,30.0,74.2,1006.4,1.0,270.0,
2023-08-21 03:00:00,43057099999,Mumbai,NOAA,28.6,84.9,1008.3,1.0,270.0,0.0
2023-08-21 12:00:00,43057099999,Mumbai,NOAA,29.0,83.4,1006.5,1.0,270.0,0.2
2023-08-22 03:00:00,43057099999,Mumbai,NOAA,27.8,90.5,1007.9,1.0,270.0,3.0
2023-08-22 12:00:00,43057099999,Mumbai,NOAA,28.4,85.3,1006.8,1.0,290.0,3.0
2023-08-23 03:00:00,43057099999,Mumbai,NOAA,28.0,87.9,1008.0,1.0,270.0,5.0
2023-08-23 12:00:00,43057099999,Mumbai,NOAA,29.4,77.7,1006.8,1.0,250.0,1.0
2023-08-24 03:00:00,43057099999,Mumbai,NOAA,27.6,90.5,1007.3,0.0,,6.0
2023-08-24 12:00:00,43057099999,Mumbai,NOAA,29.0,90.6,1005.4,2.1,230.0,3.0
2023-08-25 00:00:00,43057099999,Mumbai,NOAA,27.4,92.1,1004.9,1.0,250.0,7.0
2023-08-25 03:00:00,43057099999,Mumbai,NOAA,28.4,87.9,1006.8,1.0,250.0,7.0
2023-08-25 12:00:00,43057099999,Mumbai,NOAA,28.8,92.2,1005.9,1.0,270.0,3.0
2023-08-26 03:00:00,43057099999,Mumbai,NOAA,28.6,84.9,1008.1,2.1,270.0,10.0
2023-08-26 12:00:00,43057099999,Mumbai,NOAA,27.4,92.1,1007.4,2.6,250.0,16.0
2023-08-27 00:00:00,43057099999,Mumbai,NOAA,26.6,93.7,1008.0,1.0,250.0,23.0
2023-08-27 03:00:00,43057099999,Mumbai,NOAA,27.4,92.1,1010.0,1.0,250.0,14.0
2023-08-27 09:00:00,43057099999,Mumbai,NOAA,31.6,72.3,1008.4,1.5,250.0,
2023-08-27 12:00:00,43057099999,Mumbai,NOAA,28.6,84.9,1007.6,1.0,230.0,0.0
2023-08-28 03:00:00,43057099999,Mumbai,NOAA,26.6,93.7,1009.7,1.0,250.0,14.0
2023-08-28 12:00:00,43057099999,Mumbai,NOAA,27.4,93.7,1007.5,1.5,250.0,5.0
2023-08-29 03:00:00,43057099999,Mumbai,NOAA,27.0,92.1,1009.0,0.0,,7.0
2023-08-29 06:00:00,43057099999,Mumbai,NOAA,31.0,69.2,1009.6,0.0,,
2023-08-29 12:00:00,43057099999,Mumbai,NOAA,30.2,71.6,1007.2,0.0,,
2023-08-30 03:00:00,43057099999,Mumbai,NOAA,28.4,86.4,1010.5,0.0,,
2023-08-30 12:00:00,43057099999,Mumbai,NOAA,30.8,70.4,1007.8,1.0,250.0,
2023-08-31 03:00:00,43057099999,Mumbai,NOAA,27.6,87.3,1010.4,1.0,250.0,
2023-08-31 12:00:00,43057099999,Mumbai,NOAA,30.2,74.2,1007.1,0.0,,
2023-09-01 03:00:00,43057099999,Mumbai,NOAA,28.6,90.5,1010.2,0.0,,0.6
2023-09-01 12:00:00,43057099999,Mumbai,NOAA,31.0,78.4,1006.6,1.0,290.0,
2023-09-02 03:00:00,43057099999,Mumbai,NOAA,25.6,91.4,1010.2,0.0,,53.0
2023-09-02 12:00:00,43057099999,Mumbai,NOAA,28.0,88.9,1007.3,0.0,,31.0
2023-09-03 03:00:00,43057099999,Mumbai,NOAA,25.4,94.8,1009.2,0.0,,35.0
2023-09-03 12:00:00,43057099999,Mumbai,NOAA,26.6,87.2,1006.7,0.0,,0.4
2023-09-04 03:00:00,43057099999,Mumbai,NOAA,26.0,92.0,1007.0,0.0,,6.0
2023-09-04 12:00:00,43057099999,Mumbai,NOAA,30.0,74.2,1005.0,0.0,,
2023-09-05 03:00:00,43057099999,Mumbai,NOAA,27.4,90.5,1007.7,0.0,,
2023-09-05 12:00:00,43057099999,Mumbai,NOAA,29.8,72.8,1004.0,0.0,,
2023-09-06 03:00:00,43057099999,Mumbai,NOAA,28.4,86.4,1007.2,0.0,,
2023-09-07 03:00:00,43057099999,Mumbai,NOAA,27.0,93.2,1006.8,0.0,,3.0
2023-09-07 12:00:00,43057099999,Mumbai,NOAA,25.2,93.1,1004.7,0.0,,44.0
2023-09-08 03:00:00,43057099999,Mumbai,NOAA,27.6,90.5,1006.5,0.0,,50.0
2023-09-08 12:00:00,43057099999,Mumbai,NOAA,26.0,92.0,1005.7,0.0,,46.0
2023-09-09 03:00:00,43057099999,Mumbai,NOAA,27.4,92.1,1007.4,0.0,,53.0
2023-09-09 12:00:00,43057099999,Mumbai,NOAA,29.4,86.4,1005.0,0.0,,4.0
2023-09-10 03:00:00,43057099999,Mumbai,NOAA,28.8,89.5,1007.1,0.0,,5.0
2023-09-10 12:00:00,43057099999,Mumbai,NOAA,30.0,81.1,1005.1,0.5,250.0,0.0
2023-09-11 03:00:00,43057099999,Mumbai,NOAA,29.0,74.9,1007.5,0.0,,0.0
2023-09-11 12:00:00,43057099999,Mumbai,NOAA,30.0,78.3,1005.7,0.0,,0.4
2023-09-12 03:00:00,43057099999,Mumbai,NOAA,28.4,87.9,1008.1,0.0,,0.6
2023-09-12 12:00:00,43057099999,Mumbai,NOAA,30.6,71.7,1006.4,0.5,270.0,
2023-09-13 03:00:00,43057099999,Mumbai,NOAA,29.0,83.4,1007.8,0.0,,
2023-09-13 12:00:00,43057099999,Mumbai,NOAA,30.6,74.3,1005.0,1.0,250.0,0.0
2023-09-14 03:00:00,43057099999,Mumbai,NOAA,28.6,87.9,1008.1,0.0,,0.0
2023-09-14 12:00:00,43057099999,Mumbai,NOAA,27.6,85.8,1005.5,0.0,,
2023-09-15 03:00:00,43057099999,Mumbai,NOAA,27.4,88.9,1007.6,1.0,270.0,0.0
2023-09-15 12:00:00,43057099999,Mumbai,NOAA,31.0,74.8,1005.7,1.0,250.0,0.2
2023-09-16 03:00:00,43057099999,Mumbai,NOAA,28.0,88.9,1007.1,1.5,250.0,2.0
2023-09-16 06:00:00,43057099999,Mumbai,NOAA,29.4,83.4,1007.5,1.5,250.0,
2023-09-16 12:00:00,43057099999,Mumbai,NOAA,29.0,86.4,1005.3,1.0,250.0,
2023-09-17 03:00:00,43057099999,Mumbai,NOAA,28.4,84.8,1006.6,1.0,250.0,2.0
2023-09-17 12:00:00,43057099999,Mumbai,NOAA,29.2,79.1,1003.9,1.0,250.0,
2023-09-18 03:00:00,43057099999,Mumbai,NOAA,28.2,90.5,1005.5,1.5,250.0,15.0
2023-09-18 12:00:00,43057099999,Mumbai,NOAA,28.0,90.5,1003.9,2.6,250.0,3.0
2023-09-19 03:00:00,43057099999,Mumbai,NOAA,27.4,90.5,1007.3,0.0,,6.0
2023-09-19 12:00:00,43057099999,Mumbai,NOAA,30.0,85.0,1005.7,1.0,250.0,0.8
2023-09-20 03:00:00,43057099999,Mumbai,NOAA,28.2,88.9,1007.7,0.0,,15.0
2023-09-20 12:00:00,43057099999,Mumbai,NOAA,28.2,90.5,1005.4,0.0,,7.0
2023-09-21 03:00:00,43057099999,Mumbai,NOAA,27.4,90.5,1008.4,0.0,,20.0
2023-09-21 12:00:00,43057099999,Mumbai,NOAA,29.0,90.6,1006.4,0.0,,0.6
2023-09-22 03:00:00,43057099999,Mumbai,NOAA,26.8,90.4,1008.9,0.0,,28.0
2023-09-22 12:00:00,43057099999,Mumbai,NOAA,26.4,90.4,1006.7,0.0,,77.0
2023-09-23 03:00:00,43057099999,Mumbai,NOAA,26.6,90.4,1009.6,0.0,,77.0
2023-09-23 12:00:00,43057099999,Mumbai,NOAA,26.4,92.0,1008.5,0.0,,16.0
2023-09-24 03:00:00,43057099999,Mumbai,NOAA,26.2,92.0,1010.8,0.0,,21.0
2023-09-24 12:00:00,43057099999,Mumbai,NOAA,26.4,90.4,1008.0,0.0,,3.0
2023-09-25 03:00:00,43057099999,Mumbai,NOAA,26.6,90.4,1009.4,0.0,,3.0
2023-09-25 06:00:00,43057099999,Mumbai,NOAA,29.2,79.1,1009.5,1.0,250.0,
2023-09-25 12:00:00,43057099999,Mumbai,NOAA,28.4,81.9,1006.6,0.0,,
2023-09-26 03:00:00,43057099999,Mumbai,NOAA,27.0,92.1,1008.9,0.0,,82.0
2023-09-26 12:00:00,43057099999,Mumbai,NOAA,30.6,79.7,1005.7,0.0,,
2023-09-27 03:00:00,43057099999,Mumbai,NOAA,26.4,92.0,1008.6,49.4,150.0,
2023-09-27 12:00:00,43057099999,Mumbai,NOAA,25.6,90.3,1006.0,0.0,,13.0
2023-09-28 00:00:00,43057099999,Mumbai,NOAA,26.0,90.4,1005.2,0.0,,19.0
2023-09-28 03:00:00,43057099999,Mumbai,NOAA,27.0,90.4,1007.4,0.0,,20.0
2023-09-29 03:00:00,43057099999,Mumbai,NOAA,27.6,90.5,1006.5,1.0,250.0,24.0
2023-09-29 06:00:00,43057099999,Mumbai,NOAA,30.4,82.6,1006.8,0.0,,
2023-09-29 12:00:00,43057099999,Mumbai,NOAA,29.0,90.6,1002.7,0.0,,2.0
2023-09-30 03:00:00,43057099999,Mumbai,NOAA,27.4,84.2,1006.2,0.0,,4.0
2023-09-30 06:00:00,43057099999,Mumbai,NOAA,32.4,58.4,1006.0,0.0,,
2023-09-30 12:00:00,43057099999,Mumbai,NOAA,30.4,85.5,1002.9,0.0,,
2023-10-01 03:00:00,43057099999,Mumbai,NOAA,26.4,92.0,1006.5,0.0,,21.0
2023-10-01 12:00:00,43057099999,Mumbai,NOAA,29.0,89.5,1004.9,0.0,,0.2
2023-10-02 03:00:00,43057099999,Mumbai,NOAA,26.6,87.2,1009.7,0.0,,3.0
2023-10-02 06:00:00,43057099999,Mumbai,NOAA,28.2,86.3,1010.6,0.0,,
2023-10-02 12:00:00,43057099999,Mumbai,NOAA,29.6,83.5,1008.3,0.0,,
2023-10-03 03:00:00,43057099999,Mumbai,NOAA,27.4,87.3,1011.8,0.0,,
2023-10-03 06:00:00,43057099999,Mumbai,NOAA,30.0,71.6,1011.9,0.0,,
2023-10-03 09:00:00,43057099999,Mumbai,NOAA,31.0,63.3,1008.4,0.0,,
2023-10-03 12:00:00,43057099999,Mumbai,NOAA,29.4,71.0,1008.3,0.0,,
2023-10-04 03:00:00,43057099999,Mumbai,NOAA,28.0,88.9,1011.9,0.0,,
2023-10-04 06:00:00,43057099999,Mumbai,NOAA,30.2,76.9,1011.5,0.0,,
2023-10-04 09:00:00,43057099999,Mumbai,NOAA,31.8,68.6,1009.2,0.0,,
2023-10-04 12:00:00,43057099999,Mumbai,NOAA,30.0,78.3,1009.2,0.0,,
2023-10-05 03:00:00,43057099999,Mumbai,NOAA,28.0,85.8,1012.1,0.0,,
2023-10-05 12:00:00,43057099999,Mumbai,NOAA,30.0,76.9,1008.8,1.0,250.0,
2023-10-06 03:00:00,43057099999,Mumbai,NOAA,28.4,86.4,1011.2,0.5,50.0,
2023-10-06 06:00:00,43057099999,Mumbai,NOAA,29.6,74.1,1010.8,0.0,,
2023-10-06 09:00:00,43057099999,Mumbai,NOAA,32.0,66.2,1008.0,1.0,340.0,
2023-10-06 12:00:00,43057099999,Mumbai,NOAA,30.4,71.6,1008.0,0.0,,
2023-10-07 03:00:00,43057099999,Mumbai,NOAA,28.0,85.8,1011.1,1.0,250.0,
2023-10-07 06:00:00,43057099999,Mumbai,NOAA,31.0,68.0,1010.6,0.0,,
2023-10-07 09:00:00,43057099999,Mumbai,NOAA,31.0,68.0,1008.3,1.5,250.0,
2023-10-07 12:00:00,43057099999,Mumbai,NOAA,30.4,75.6,1008.4,0.0,,
2023-10-08 03:00:00,43057099999,Mumbai,NOAA,28.2,84.8,1011.5,0.0,,
2023-10-08 06:00:00,43057099999,Mumbai,NOAA,31.6,72.3,1011.4,0.0,,
2023-10-08 09:00:00,43057099999,Mumbai,NOAA,32.0,72.3,1009.1,0.5,340.0,
2023-10-08 12:00:00,43057099999,Mumbai,NOAA,30.4,82.6,1008.9,0.5,340.0,
2023-10-09 03:00:00,43057099999,Mumbai,NOAA,29.0,88.0,1013.5,0.0,,
2023-10-09 06:00:00,43057099999,Mumbai,NOAA,32.0,60.1,1013.3,0.0,,
2023-10-09 09:00:00,43057099999,Mumbai,NOAA,32.0,71.1,1010.9,1.0,340.0,
2023-10-09 12:00:00,43057099999,Mumbai,NOAA,31.0,81.2,1010.3,1.5,340.0,
2023-10-10 03:00:00,43057099999,Mumbai,NOAA,28.0,87.3,1013.8,0.0,,
2023-10-10 06:00:00,43057099999,Mumbai,NOAA,32.4,65.5,1013.2,0.0,,
2023-10-10 09:00:00,43057099999,Mumbai,NOAA,31.6,74.9,1010.8,0.0,,
2023-10-10 12:00:00,43057099999,Mumbai,NOAA,30.0,82.5,1010.3,0.5,320.0,
2023-10-11 03:00:00,43057099999,Mumbai,NOAA,28.0,84.8,1013.3,0.0,,
2023-10-11 06:00:00,43057099999,Mumbai,NOAA,31.4,74.9,1012.9,0.0,,
2023-10-11 09:00:00,43057099999,Mumbai,NOAA,31.4,77.5,1010.3,0.0,,
2023-10-11 12:00:00,43057099999,Mumbai,NOAA,30.0,64.6,1010.1,1.0,340.0,
2023-10-12 03:00:00,43057099999,Mumbai,NOAA,28.2,87.4,1012.9,0.0,,
2023-10-12 09:00:00,43057099999,Mumbai,NOAA,31.4,73.5,1010.7,1.0,340.0,
2023-10-12 12:00:00,43057099999,Mumbai,NOAA,29.8,83.5,1010.6,1.0,320.0,
2023-10-13 03:00:00,43057099999,Mumbai,NOAA,28.4,92.1,1013.8,0.0,,
2023-10-13 06:00:00,43057099999,Mumbai,NOAA,32.4,74.1,1013.3,0.0,,
2023-10-13 09:00:00,43057099999,Mumbai,NOAA,33.0,78.2,1011.0,0.0,,
2023-10-13 12:00:00,43057099999,Mumbai,NOAA,31.0,87.1,1010.4,0.0,,
2023-10-14 03:00:00,43057099999,Mumbai,NOAA,28.2,88.9,1013.7,0.0,,
2023-10-14 06:00:00,43057099999,Mumbai,NOAA,32.2,69.0,1013.6,0.0,,
2023-10-14 09:00:00,43057099999,Mumbai,NOAA,33.4,70.9,1011.0,0.0,,
2023-10-14 12:00:00,43057099999,Mumbai,NOAA,31.0,78.4,1010.4,0.0,,
2023-10-15 03:00:00,43057099999,Mumbai,NOAA,28.6,89.0,1012.6,0.0,,
2023-10-15 06:00:00,43057099999,Mumbai,NOAA,32.0,72.3,1012.1,0.0,,
2023-10-15 09:00:00,43057099999,Mumbai,NOAA,32.6,69.1,1009.0,0.0,,
2023-10-15 12:00:00,43057099999,Mumbai,NOAA,30.4,76.9,1008.5,0.0,,
2023-10-16 03:00:00,43057099999,Mumbai,NOAA,28.4,87.9,1011.9,0.0,,
2023-10-16 06:00:00,43057099999,Mumbai,NOAA,31.4,66.1,1011.2,0.0,,
2023-10-16 09:00:00,43057099999,Mumbai,NOAA,33.0,70.4,1009.1,0.0,,
2023-10-16 12:00:00,43057099999,Mumbai,NOAA,31.0,79.8,1008.5,0.0,,
2023-10-17 03:00:00,43057099999,Mumbai,NOAA,28.2,86.3,1013.1,0.0,,
2023-10-17 06:00:00,43057099999,Mumbai,NOAA,31.4,77.5,1013.0,0.0,,
2023-10-17 09:00:00,43057099999,Mumbai,NOAA,32.6,75.5,1010.7,1.0,340.0,
2023-10-17 12:00:00,43057099999,Mumbai,NOAA,31.0,85.6,1010.6,1.0,290.0,
2023-10-18 03:00:00,43057099999,Mumbai,NOAA,28.4,88.9,1013.9,0.0,,
2023-10-18 12:00:00,43057099999,Mumbai,NOAA,31.0,77.5,1010.8,0.0,,
2023-10-19 03:00:00,43057099999,Mumbai,NOAA,29.0,73.6,1013.4,0.0,,
2023-10-19 09:00:00,43057099999,Mumbai,NOAA,32.6,59.5,1011.1,0.0,,
2023-10-19 12:00:00,43057099999,Mumbai,NOAA,31.4,63.3,1010.4,0.0,,
2023-10-20 00:00:00,43057099999,Mumbai,NOAA,28.0,83.3,1011.1,0.0,,
2023-10-20 03:00:00,43057099999,Mumbai,NOAA,28.6,84.9,1013.2,0.0,,
2023-10-20 12:00:00,43057099999,Mumbai,NOAA,31.4,76.2,1010.2,0.0,,
2023-10-21 03:00:00,43057099999,Mumbai,NOAA,28.4,80.4,1013.6,0.0,,
2023-10-21 06:00:00,43057099999,Mumbai,NOAA,32.0,58.0,1013.2,0.0,,
2023-10-21 09:00:00,43057099999,Mumbai,NOAA,35.0,41.8,1010.8,0.0,,
2023-10-21 12:00:00,43057099999,Mumbai,NOAA,31.6,72.3,1011.1,0.0,,
2023-10-22 03:00:00,43057099999,Mumbai,NOAA,29.2,86.4,1014.5,0.0,,
2023-10-22 06:00:00,43057099999,Mumbai,NOAA,32.6,60.6,1013.9,0.0,,
2023-10-22 12:00:00,43057099999,Mumbai,NOAA,31.0,78.4,1011.2,0.0,,
2023-10-23 03:00:00,43057099999,Mumbai,NOAA,28.0,82.8,1013.6,0.0,,
2023-10-23 12:00:00,43057099999,Mumbai,NOAA,31.0,73.5,1010.2,0.0,,
2023-10-24 03:00:00,43057099999,Mumbai,NOAA,28.4,86.4,1012.9,0.0,,
2023-10-24 12:00:00,43057099999,Mumbai,NOAA,31.0,65.6,1010.0,0.0,,
2023-10-25 03:00:00,43057099999,Mumbai,NOAA,28.4,84.8,1014.4,0.0,,
2023-10-25 12:00:00,43057099999,Mumbai,NOAA,32.0,58.0,1011.5,0.0,,
2023-10-26 03:00:00,43057099999,Mumbai,NOAA,27.6,84.2,1015.0,0.0,,
2023-10-26 06:00:00,43057099999,Mumbai,NOAA,33.0,43.6,1014.7,0.0,,
2023-10-26 12:00:00,43057099999,Mumbai,NOAA,30.6,65.5,1011.6,0.0,,
2023-10-27 03:00:00,43057099999,Mumbai,NOAA,27.0,81.2,1013.7,1.0,70.0,
2023-10-27 06:00:00,43057099999,Mumbai,NOAA,32.6,41.1,1013.4,0.0,,
2023-10-27 09:00:00,43057099999,Mumbai,NOAA,34.2,50.0,1010.1,1.0,290.0,
2023-10-27 12:00:00,43057099999,Mumbai,NOAA,30.4,60.1,1009.7,0.0,,
2023-10-28 03:00:00,43057099999,Mumbai,NOAA,26.4,74.9,1013.0,1.0,90.0,
2023-10-28 06:00:00,43057099999,Mumbai,NOAA,32.8,44.4,1012.9,1.0,90.0,
2023-10-28 09:00:00,43057099999,Mumbai,NOAA,35.2,34.5,1009.9,0.0,,
2023-10-28 12:00:00,43057099999,Mumbai,NOAA,31.0,58.5,1010.1,0.0,,
2023-10-29 03:00:00,43057099999,Mumbai,NOAA,27.4,83.2,1012.4,0.5,90.0,
2023-10-29 06:00:00,43057099999,Mumbai,NOAA,32.4,44.0,1012.4,0.0,,
2023-10-29 12:00:00,43057099999,Mumbai,NOAA,31.4,58.5,1009.6,0.0,,
2023-10-30 03:00:00,43057099999,Mumbai,NOAA,26.8,69.3,1012.5,0.0,,
2023-10-30 09:00:00,43057099999,Mumbai,NOAA,34.4,40.1,1009.3,0.0,,
2023-10-30 12:00:00,43057099999,Mumbai,NOAA,31.0,58.5,1009.5,0.0,,
2023-10-31 03:00:00,43057099999,Mumbai,NOAA,27.4,75.6,1013.0,0.0,,
2023-10-31 12:00:00,43057099999,Mumbai,NOAA,31.0,64.4,1010.3,0.5,270.0,
2023-11-01 00:00:00,43057099999,Mumbai,NOAA,27.0,85.7,1011.8,0.0,,
2023-11-01 03:00:00,43057099999,Mumbai,NOAA,27.0,71.0,1014.1,0.0,,
2023-11-01 12:00:00,43057099999,Mumbai,NOAA,30.6,65.5,1011.2,0.0,,
2023-11-02 03:00:00,43057099999,Mumbai,NOAA,27.0,85.7,1013.6,0.0,,
2023-11-02 06:00:00,43057099999,Mumbai,NOAA,32.8,48.7,1012.9,0.5,70.0,
2023-11-02 09:00:00,43057099999,Mumbai,NOAA,34.4,44.0,1010.6,0.0,,
2023-11-02 12:00:00,43057099999,Mumbai,NOAA,31.0,65.6,1010.2,0.0,,
2023-11-03 03:00:00,43057099999,Mumbai,NOAA,27.2,81.2,1011.8,0.0,,
2023-11-03 12:00:00,43057099999,Mumbai,NOAA,31.0,73.5,1008.0,0.0,,
2023-11-04 03:00:00,43057099999,Mumbai,NOAA,27.0,81.2,1010.7,1.0,90.0,
2023-11-04 06:00:00,43057099999,Mumbai,NOAA,32.4,48.3,1010.1,0.0,,
2023-11-04 12:00:00,43057099999,Mumbai,NOAA,33.0,61.1,1007.7,0.0,,
2023-11-05 03:00:00,43057099999,Mumbai,NOAA,27.8,84.3,1012.4,0.0,,
2023-11-05 12:00:00,43057099999,Mumbai,NOAA,31.4,72.2,1009.5,0.0,,
2023-11-06 03:00:00,43057099999,Mumbai,NOAA,27.0,85.7,1013.7,0.0,,
2023-11-06 06:00:00,43057099999,Mumbai,NOAA,31.8,46.7,1013.6,0.0,,
2023-11-06 12:00:00,43057099999,Mumbai,NOAA,30.4,58.0,1011.3,0.0,,
2023-11-07 03:00:00,43057099999,Mumbai,NOAA,26.4,84.1,1014.1,1.0,90.0,
2023-11-07 09:00:00,43057099999,Mumbai,NOAA,34.0,49.7,1010.7,0.0,,
2023-11-07 12:00:00,43057099999,Mumbai,NOAA,30.6,70.4,1009.0,0.0,,
2023-11-08 03:00:00,43057099999,Mumbai,NOAA,27.8,82.8,1012.8,1.5,110.0,
2023-11-08 12:00:00,43057099999,Mumbai,NOAA,27.4,81.2,1012.1,5.1,140.0,14.0
2023-11-09 03:00:00,43057099999,Mumbai,NOAA,26.0,88.8,1013.8,0.0,,24.0
2023-11-09 12:00:00,43057099999,Mumbai,NOAA,30.0,71.6,1010.5,0.0,,
2023-11-10 03:00:00,43057099999,Mumbai,NOAA,26.4,87.7,1014.4,0.0,,1.0
2023-11-10 12:00:00,43057099999,Mumbai,NOAA,30.2,66.2,1012.3,0.0,,
2023-11-11 03:00:00,43057099999,Mumbai,NOAA,26.4,85.6,1015.4,1.0,50.0,
2023-11-11 06:00:00,43057099999,Mumbai,NOAA,31.6,63.8,1014.9,1.0,50.0,
2023-11-11 09:00:00,43057099999,Mumbai,NOAA,33.6,65.0,1011.9,0.0,,
2023-11-11 12:00:00,43057099999,Mumbai,NOAA,31.2,81.2,1011.7,0.5,320.0,
2023-11-12 03:00:00,43057099999,Mumbai,NOAA,27.4,74.2,1014.9,1.0,50.0,
2023-11-12 12:00:00,43057099999,Mumbai,NOAA,31.4,63.3,1011.7,0.0,,
2023-11-13 03:00:00,43057099999,Mumbai,NOAA,28.0,80.4,1014.3,1.0,110.0,
2023-11-13 12:00:00,43057099999,Mumbai,NOAA,31.4,68.5,1011.3,0.0,,
2023-11-13 15:00:00,43057099999,Mumbai,NOAA,29.8,79.6,1013.4,0.0,,
2023-11-14 03:00:00,43057099999,Mumbai,NOAA,26.6,85.7,1014.3,0.0,,
2023-11-14 12:00:00,43057099999,Mumbai,NOAA,30.4,70.4,1010.9,0.0,,
2023-11-15 00:00:00,43057099999,Mumbai,NOAA,26.4,85.6,1012.2,0.0,,
2023-11-15 03:00:00,43057099999,Mumbai,NOAA,26.0,85.6,1014.3,0.0,,
2023-11-15 12:00:00,43057099999,Mumbai,NOAA,31.0,63.3,1010.8,0.0,,
2023-11-16 03:00:00,43057099999,Mumbai,NOAA,26.0,82.6,1014.2,0.0,,
2023-11-16 12:00:00,43057099999,Mumbai,NOAA,30.4,55.5,1011.6,0.0,,
2023-11-17 03:00:00,43057099999,Mumbai,NOAA,26.4,77.3,1014.3,0.0,,
2023-11-17 12:00:00,43057099999,Mumbai,NOAA,30.0,53.7,1010.7,0.0,,
2023-11-18 03:00:00,43057099999,Mumbai,NOAA,25.8,84.1,1013.5,0.0,,
2023-11-18 09:00:00,43057099999,Mumbai,NOAA,32.2,36.6,1010.5,0.0,,
2023-11-18 12:00:00,43057099999,Mumbai,NOAA,30.0,53.7,1010.5,0.0,,
2023-11-19 03:00:00,43057099999,Mumbai,NOAA,26.0,85.6,1013.1,0.0,,
2023-11-19 12:00:00,43057099999,Mumbai,NOAA,30.4,60.1,1010.5,0.0,,
2023-11-20 03:00:00,43057099999,Mumbai,NOAA,27.4,69.8,1013.8,0.0,,
2023-11-20 12:00:00,43057099999,Mumbai,NOAA,27.0,68.0,1010.6,0.0,,
2023-11-21 03:00:00,43057099999,Mumbai,NOAA,27.2,81.2,1014.0,0.0,,
2023-11-21 12:00:00,43057099999,Mumbai,NOAA,31.0,64.4,1010.5,0.0,,
2023-11-22 03:00:00,43057099999,Mumbai,NOAA,26.4,73.6,1013.6,0.0,,
2023-11-22 12:00:00,43057099999,Mumbai,NOAA,29.4,69.8,1009.7,0.0,,
2023-11-23 03:00:00,43057099999,Mumbai,NOAA,25.6,69.9,1011.5,0.0,,
2023-11-23 12:00:00,43057099999,Mumbai,NOAA,29.2,68.5,1007.6,0.0,,
2023-11-24 03:00:00,43057099999,Mumbai,NOAA,26.2,71.8,1010.7,0.0,,
2023-11-24 06:00:00,43057099999,Mumbai,NOAA,32.0,62.7,1010.9,0.0,,
2023-11-24 09:00:00,43057099999,Mumbai,NOAA,33.4,56.9,1008.3,0.0,,
2023-11-24 12:00:00,43057099999,Mumbai,NOAA,30.4,76.9,1008.5,0.0,,
2023-11-25 03:00:00,43057099999,Mumbai,NOAA,27.2,82.7,1012.6,1.0,70.0,
2023-11-25 06:00:00,43057099999,Mumbai,NOAA,33.0,57.5,1012.3,1.0,90.0,
2023-11-25 09:00:00,43057099999,Mumbai,NOAA,33.2,52.2,1009.8,0.0,,
2023-11-25 12:00:00,43057099999,Mumbai,NOAA,30.4,70.4,1009.9,0.0,,
2023-11-26 00:00:00,43057099999,Mumbai,NOAA,25.0,91.4,1012.4,0.5,110.0,9.0
2023-11-26 03:00:00,43057099999,Mumbai,NOAA,25.0,91.4,1012.4,0.5,110.0,9.0
2023-11-26 06:00:00,43057099999,Mumbai,NOAA,29.4,72.3,1013.0,0.0,,
2023-11-26 09:00:00,43057099999,Mumbai,NOAA,30.0,74.2,1009.9,0.0,,
2023-11-26 12:00:00,43057099999,Mumbai,NOAA,29.4,82.0,1010.1,0.0,,
2023-11-27 03:00:00,43057099999,Mumbai,NOAA,26.4,83.6,1012.2,0.0,,6.0
2023-11-27 12:00:00,43057099999,Mumbai,NOAA,28.2,77.5,1009.0,0.0,,2.0
2023-11-28 03:00:00,43057099999,Mumbai,NOAA,25.6,83.5,1011.7,0.0,,2.0
2023-11-28 06:00:00,43057099999,Mumbai,NOAA,29.4,60.6,1011.8,0.0,,
2023-11-28 09:00:00,43057099999,Mumbai,NOAA,29.4,54.6,1009.4,0.5,290.0,
2023-11-28 12:00:00,43057099999,Mumbai,NOAA,27.6,60.6,1008.7,0.0,,
2023-11-29 03:00:00,43057099999,Mumbai,NOAA,24.8,86.5,1012.6,0.0,,
2023-11-29 06:00:00,43057099999,Mumbai,NOAA,28.8,61.6,1012.8,0.0,,
2023-11-29 09:00:00,43057099999,Mumbai,NOAA,29.0,51.8,1010.2,0.0,,
2023-11-29 12:00:00,43057099999,Mumbai,NOAA,27.4,64.4,1010.2,0.0,,
2023-11-30 03:00:00,43057099999,Mumbai,NOAA,23.0,82.7,1013.0,0.0,,
2023-11-30 06:00:00,43057099999,Mumbai,NOAA,29.0,50.5,1012.8,0.0,,
2023-11-30 09:00:00,43057099999,Mumbai,NOAA,29.4,48.5,1010.4,0.0,,
2023-11-30 12:00:00,43057099999,Mumbai,NOAA,27.6,56.6,1010.4,0.0,,
2023-12-01 03:00:00,43057099999,Mumbai,NOAA,24.4,84.9,1012.0,1.0,90.0,
2023-12-01 06:00:00,43057099999,Mumbai,NOAA,28.6,70.5,1012.9,0.0,,
2023-12-01 12:00:00,43057099999,Mumbai,NOAA,27.6,69.8,1009.4,0.0,,
2023-12-02 03:00:00,43057099999,Mumbai,NOAA,25.2,85.0,1011.7,0.0,,
2023-12-02 06:00:00,43057099999,Mumbai,NOAA,28.4,70.4,1011.5,0.5,70.0,
2023-12-02 09:00:00,43057099999,Mumbai,NOAA,31.0,59.5,1008.7,0.0,,
2023-12-02 12:00:00,43057099999,Mumbai,NOAA,28.8,68.0,1008.2,1.0,290.0,
2023-12-03 03:00:00,43057099999,Mumbai,NOAA,26.2,85.6,1012.1,0.0,,
2023-12-03 06:00:00,43057099999,Mumbai,NOAA,30.6,59.1,1012.1,1.0,90.0,
2023-12-03 09:00:00,43057099999,Mumbai,NOAA,32.8,54.1,1009.1,0.0,,
2023-12-03 12:00:00,43057099999,Mumbai,NOAA,29.8,72.8,1008.9,0.0,,
2023-12-04 03:00:00,43057099999,Mumbai,NOAA,26.4,85.6,1011.4,0.0,,
2023-12-04 12:00:00,43057099999,Mumbai,NOAA,29.4,83.4,1008.1,2.1,320.0,
2023-12-05 03:00:00,43057099999,Mumbai,NOAA,26.0,84.1,1009.9,0.0,,
2023-12-05 12:00:00,43057099999,Mumbai,NOAA,29.0,80.5,1007.7,0.5,290.0,
2023-12-06 03:00:00,43057099999,Mumbai,NOAA,26.0,84.1,1011.2,0.0,,
2023-12-06 12:00:00,43057099999,Mumbai,NOAA,29.0,74.9,1008.6,0.0,,
2023-12-07 03:00:00,43057099999,Mumbai,NOAA,25.0,75.7,1012.5,0.0,,
2023-12-07 12:00:00,43057099999,Mumbai,NOAA,28.6,65.1,1009.4,0.0,,
2023-12-08 03:00:00,43057099999,Mumbai,NOAA,25.0,85.0,1012.9,0.0,,
2023-12-08 12:00:00,43057099999,Mumbai,NOAA,29.2,69.7,1009.9,1.0,320.0,
2023-12-09 03:00:00,43057099999,Mumbai,NOAA,24.8,81.9,1014.4,0.0,,
2023-12-09 06:00:00,43057099999,Mumbai,NOAA,24.8,81.9,1014.4,0.0,,
2023-12-09 12:00:00,43057099999,Mumbai,NOAA,28.0,74.3,1010.4,1.0,290.0,
2023-12-10 03:00:00,43057099999,Mumbai,NOAA,25.2,79.0,1012.8,1.0,70.0,
2023-12-10 12:00:00,43057099999,Mumbai,NOAA,29.0,69.7,1009.3,1.0,320.0,
2023-12-11 03:00:00,43057099999,Mumbai,NOAA,24.4,79.9,1013.0,0.0,,
2023-12-11 12:00:00,43057099999,Mumbai,NOAA,28.8,68.0,1010.3,1.0,340.0,
2023-12-12 03:00:00,43057099999,Mumbai,NOAA,24.8,81.9,1012.4,0.0,,
2023-12-12 06:00:00,43057099999,Mumbai,NOAA,29.4,58.1,1012.2,0.0,,
2023-12-12 09:00:00,43057099999,Mumbai,NOAA,30.0,57.5,1009.5,0.0,,
2023-12-12 12:00:00,43057099999,Mumbai,NOAA,27.4,60.2,1009.5,0.0,,
2023-12-13 03:00:00,43057099999,Mumbai,NOAA,23.0,81.2,1013.2,0.0,,
2023-12-13 12:00:00,43057099999,Mumbai,NOAA,28.8,61.6,1009.8,0.0,,
2023-12-14 03:00:00,43057099999,Mumbai,NOAA,25.0,53.8,1014.0,0.0,,
2023-12-14 12:00:00,43057099999,Mumbai,NOAA,29.4,59.5,1011.2,0.0,,
2023-12-15 03:00:00,43057099999,Mumbai,NOAA,24.6,66.3,1015.2,1.0,70.0,
2023-12-15 12:00:00,43057099999,Mumbai,NOAA,29.4,46.4,1011.9,0.0,,
2023-12-16 03:00:00,43057099999,Mumbai,NOAA,23.0,79.2,1015.0,0.0,,
2023-12-16 09:00:00,43057099999,Mumbai,NOAA,31.0,31.0,1011.6,0.0,,
2023-12-16 12:00:00,43057099999,Mumbai,NOAA,28.8,42.2,1011.6,1.0,320.0,
2023-12-17 03:00:00,43057099999,Mumbai,NOAA,23.6,64.0,1013.7,0.0,,
2023-12-17 12:00:00,43057099999,Mumbai,NOAA,30.0,71.6,1010.7,0.0,,
2023-12-18 03:00:00,43057099999,Mumbai,NOAA,26.0,57.6,1015.1,1.5,90.0,
2023-12-18 06:00:00,43057099999,Mumbai,NOAA,29.0,55.5,1004.1,1.5,20.0,
2023-12-18 09:00:00,43057099999,Mumbai,NOAA,30.4,54.2,1011.5,1.0,290.0,
2023-12-18 12:00:00,43057099999,Mumbai,NOAA,29.4,46.4,1011.4,0.0,,
2023-12-19 03:00:00,43057099999,Mumbai,NOAA,26.0,57.6,1015.1,1.5,90.0,
2023-12-19 06:00:00,43057099999,Mumbai,NOAA,28.6,47.6,1015.1,1.0,70.0,
2023-12-19 09:00:00,43057099999,Mumbai,NOAA,31.0,41.5,1012.5,0.0,,
2023-12-19 12:00:00,43057099999,Mumbai,NOAA,29.2,59.1,1012.5,0.0,,
2023-12-20 03:00:00,43057099999,Mumbai,NOAA,24.8,58.5,1015.4,0.5,110.0,
2023-12-20 12:00:00,43057099999,Mumbai,NOAA,28.0,62.2,1012.2,0.0,,
2023-12-21 03:00:00,43057099999,Mumbai,NOAA,25.2,64.0,1014.0,0.0,,
2023-12-21 12:00:00,43057099999,Mumbai,NOAA,29.2,65.6,1011.4,0.0,,
2023-12-22 03:00:00,43057099999,Mumbai,NOAA,25.0,77.1,1014.1,0.0,,
2023-12-22 12:00:00,43057099999,Mumbai,NOAA,28.2,66.2,1011.4,0.0,,
2023-12-23 03:00:00,43057099999,Mumbai,NOAA,24.2,88.1,1014.5,0.0,,
2023-12-23 09:00:00,43057099999,Mumbai,NOAA,27.2,58.7,1011.7,0.0,,
2023-12-23 12:00:00,43057099999,Mumbai,NOAA,28.0,71.6,1012.0,0.5,290.0,
2023-12-24 03:00:00,43057099999,Mumbai,NOAA,23.6,82.8,1016.3,0.0,,
2023-12-24 12:00:00,43057099999,Mumbai,NOAA,28.2,66.2,1012.8,0.0,,
2023-12-26 12:00:00,43057099999,Mumbai,NOAA,29.2,65.6,1013.0,0.0,,
2023-12-27 03:00:00,43057099999,Mumbai,NOAA,24.4,84.9,1017.0,0.0,,
2023-12-27 06:00:00,43057099999,Mumbai,NOAA,29.6,56.0,1017.1,0.0,,
2023-12-27 09:00:00,43057099999,Mumbai,NOAA,30.8,59.5,1013.3,0.0,,
2023-12-27 12:00:00,43057099999,Mumbai,NOAA,28.4,76.2,1012.5,0.0,,
2023-12-28 03:00:00,43057099999,Mumbai,NOAA,24.2,86.5,1015.1,0.0,,
2023-12-28 06:00:00,43057099999,Mumbai,NOAA,29.0,65.6,1014.4,0.0,,
2023-12-28 09:00:00,43057099999,Mumbai,NOAA,32.0,39.5,1011.2,0.0,,
2023-12-28 12:00:00,43057099999,Mumbai,NOAA,28.8,70.9,1011.4,0.0,,
2023-12-29 03:00:00,43057099999,Mumbai,NOAA,24.0,86.5,1014.8,0.0,,
2023-12-29 12:00:00,43057099999,Mumbai,NOAA,30.0,60.0,1011.3,0.0,,
2023-12-30 03:00:00,43057099999,Mumbai,NOAA,24.2,86.5,1014.2,0.0,,
2023-12-30 09:00:00,43057099999,Mumbai,NOAA,30.6,59.1,1012.0,0.0,,
2023-12-30 12:00:00,43057099999,Mumbai,NOAA,28.6,74.9,1011.0,0.0,,
2023-12-31 00:00:00,43057099999,Mumbai,NOAA,23.4,88.0,1012.0,0.0,,
2023-12-31 03:00:00,43057099999,Mumbai,NOAA,24.0,88.1,1013.5,0.0,,
2023-12-31 12:00:00,43057099999,Mumbai,NOAA,28.4,71.7,1010.0,0.0,,
2024-01-01 03:00:00,43057099999,Mumbai,NOAA,24.2,83.4,1013.7,0.0,,
2024-01-01 12:00:00,43057099999,Mumbai,NOAA,28.2,74.3,1010.8,0.0,,
2024-01-02 03:00:00,43057099999,Mumbai,NOAA,24.0,86.5,1013.3,0.0,,
2024-01-02 06:00:00,43057099999,Mumbai,NOAA,27.4,68.5,1013.2,0.0,,
2024-01-02 12:00:00,43057099999,Mumbai,NOAA,27.2,84.2,1010.2,0.0,,
2024-01-03 03:00:00,43057099999,Mumbai,NOAA,23.2,84.3,1012.8,0.0,,
2024-01-03 06:00:00,43057099999,Mumbai,NOAA,27.4,69.8,1013.0,0.0,,
2024-01-03 12:00:00,43057099999,Mumbai,NOAA,26.8,79.7,1009.3,1.0,290.0,
2024-01-04 03:00:00,43057099999,Mumbai,NOAA,22.0,85.7,1013.7,0.0,,
2024-01-04 06:00:00,43057099999,Mumbai,NOAA,26.6,78.2,1013.9,1.0,340.0,
2024-01-04 09:00:00,43057099999,Mumbai,NOAA,27.0,79.7,1010.6,1.0,290.0,
2024-01-04 12:00:00,43057099999,Mumbai,NOAA,26.0,85.6,1010.0,0.0,,
2024-01-05 03:00:00,43057099999,Mumbai,NOAA,20.4,88.9,1013.6,0.0,,
2024-01-05 06:00:00,43057099999,Mumbai,NOAA,26.4,66.3,1013.4,0.0,,
2024-01-05 12:00:00,43057099999,Mumbai,NOAA,26.6,76.4,1010.5,0.0,,
2024-01-06 03:00:00,43057099999,Mumbai,NOAA,22.0,77.1,1013.4,0.0,,
2024-01-06 06:00:00,43057099999,Mumbai,NOAA,27.4,48.9,1013.2,0.0,,
2024-01-06 12:00:00,43057099999,Mumbai,NOAA,27.0,72.3,1010.7,1.0,340.0,
2024-01-07 00:00:00,43057099999,Mumbai,NOAA,24.0,86.5,1011.6,0.0,,
2024-01-07 03:00:00,43057099999,Mumbai,NOAA,23.6,87.0,1013.7,0.0,,
2024-01-07 09:00:00,43057099999,Mumbai,NOAA,29.4,67.3,1010.6,0.0,,
2024-01-07 12:00:00,43057099999,Mumbai,NOAA,27.8,74.3,1010.1,1.0,320.0,
2024-01-08 03:00:00,43057099999,Mumbai,NOAA,25.0,85.0,1013.8,0.0,,
2024-01-08 06:00:00,43057099999,Mumbai,NOAA,29.4,60.6,1014.0,0.0,,
2024-01-08 12:00:00,43057099999,Mumbai,NOAA,29.4,55.6,1010.5,0.0,,
2024-01-09 03:00:00,43057099999,Mumbai,NOAA,25.0,88.1,1013.6,0.0,,
2024-01-09 06:00:00,43057099999,Mumbai,NOAA,29.2,59.1,1014.2,0.0,,
2024-01-09 12:00:00,43057099999,Mumbai,NOAA,29.4,73.6,1011.5,0.0,,
2024-01-10 03:00:00,43057099999,Mumbai,NOAA,25.6,79.1,1013.9,0.0,,
2024-01-10 12:00:00,43057099999,Mumbai,NOAA,29.0,58.0,1011.1,0.0,,
2024-01-11 03:00:00,43057099999,Mumbai,NOAA,25.4,85.0,1015.0,0.0,,
2024-01-11 12:00:00,43057099999,Mumbai,NOAA,29.2,83.4,1011.4,1.0,320.0,
2024-01-12 03:00:00,43057099999,Mumbai,NOAA,25.6,87.1,1013.6,1.0,50.0,
2024-01-12 06:00:00,43057099999,Mumbai,NOAA,31.6,48.4,1013.8,0.0,,
2024-01-12 12:00:00,43057099999,Mumbai,NOAA,29.4,79.1,1011.1,0.0,,
2024-01-13 03:00:00,43057099999,Mumbai,NOAA,25.0,83.5,1014.1,0.0,,
2024-01-13 06:00:00,43057099999,Mumbai,NOAA,31.0,56.0,1015.1,0.0,,
2024-01-13 09:00:00,43057099999,Mumbai,NOAA,30.2,70.3,1012.7,0.0,,
2024-01-13 12:00:00,43057099999,Mumbai,NOAA,29.0,68.0,1012.5,1.5,320.0,
2024-01-14 03:00:00,43057099999,Mumbai,NOAA,24.6,75.6,1015.6,0.0,,
2024-01-14 06:00:00,43057099999,Mumbai,NOAA,32.0,36.3,1015.5,1.0,20.0,
2024-01-14 09:00:00,43057099999,Mumbai,NOAA,32.0,41.5,1012.6,0.0,,
2024-01-14 12:00:00,43057099999,Mumbai,NOAA,29.6,48.8,1012.5,1.5,320.0,
2024-01-15 03:00:00,43057099999,Mumbai,NOAA,23.2,45.0,1015.4,0.0,,
2024-01-15 12:00:00,43057099999,Mumbai,NOAA,27.0,48.4,1012.4,1.0,290.0,
2024-01-16 03:00:00,43057099999,Mumbai,NOAA,20.4,60.9,1013.8,0.0,,
2024-01-16 06:00:00,43057099999,Mumbai,NOAA,27.4,45.2,1013.7,0.0,,
2024-01-16 09:00:00,43057099999,Mumbai,NOAA,28.0,50.6,1010.6,0.0,,
2024-01-16 12:00:00,43057099999,Mumbai,NOAA,26.8,49.3,1010.3,0.0,,
2024-01-17 03:00:00,43057099999,Mumbai,NOAA,21.8,79.0,1012.3,0.0,,
2024-01-17 09:00:00,43057099999,Mumbai,NOAA,28.4,44.1,1010.0,0.0,,
2024-01-17 12:00:00,43057099999,Mumbai,NOAA,26.0,68.3,1010.0,0.0,,
2024-01-18 03:00:00,43057099999,Mumbai,NOAA,22.4,79.1,1014.5,0.0,,
2024-01-18 12:00:00,43057099999,Mumbai,NOAA,26.6,49.3,1011.3,0.0,,
2024-01-19 03:00:00,43057099999,Mumbai,NOAA,20.4,77.8,1014.1,0.0,,
2024-01-19 12:00:00,43057099999,Mumbai,NOAA,26.4,67.9,1011.0,0.0,,
2024-01-20 03:00:00,43057099999,Mumbai,NOAA,21.4,87.3,1015.2,0.0,,
2024-01-20 06:00:00,43057099999,Mumbai,NOAA,26.0,67.4,1015.9,0.0,,
2024-01-20 12:00:00,43057099999,Mumbai,NOAA,26.2,60.7,1012.6,1.0,320.0,
2024-01-21 03:00:00,43057099999,Mumbai,NOAA,21.0,63.0,1014.9,0.0,,
2024-01-21 06:00:00,43057099999,Mumbai,NOAA,26.6,58.1,1014.9,0.0,,
2024-01-21 12:00:00,43057099999,Mumbai,NOAA,26.8,65.1,1011.1,1.5,320.0,
2024-01-22 03:00:00,43057099999,Mumbai,NOAA,22.2,84.2,1014.7,0.0,,
2024-01-22 06:00:00,43057099999,Mumbai,NOAA,28.2,43.7,1015.3,0.0,,
2024-01-22 09:00:00,43057099999,Mumbai,NOAA,29.4,47.5,1013.0,0.0,,
2024-01-22 12:00:00,43057099999,Mumbai,NOAA,27.4,57.6,1013.1,0.0,,
2024-01-23 03:00:00,43057099999,Mumbai,NOAA,20.8,34.1,1015.8,0.0,,
2024-01-23 09:00:00,43057099999,Mumbai,NOAA,28.0,35.4,1012.6,1.0,290.0,
2024-01-23 12:00:00,43057099999,Mumbai,NOAA,26.0,47.2,1012.1,2.1,320.0,
2024-01-24 03:00:00,43057099999,Mumbai,NOAA,20.4,46.7,1015.4,0.0,,
2024-01-24 06:00:00,43057099999,Mumbai,NOAA,25.4,41.3,1015.6,1.0,70.0,
2024-01-24 09:00:00,43057099999,Mumbai,NOAA,28.4,33.7,1012.6,0.0,,
2024-01-24 12:00:00,43057099999,Mumbai,NOAA,26.2,50.1,1011.6,0.0,,
2024-01-25 03:00:00,43057099999,Mumbai,NOAA,22.0,61.3,1016.2,0.0,,
2024-01-25 06:00:00,43057099999,Mumbai,NOAA,27.4,37.9,1017.0,0.0,,
2024-01-25 09:00:00,43057099999,Mumbai,NOAA,29.0,40.2,1013.7,1.0,290.0,
2024-01-25 12:00:00,43057099999,Mumbai,NOAA,26.8,59.7,1013.5,1.0,320.0,
2024-01-26 00:00:00,43057099999,Mumbai,NOAA,21.0,79.9,1014.2,0.0,,
2024-01-26 03:00:00,43057099999,Mumbai,NOAA,22.0,79.0,1017.1,0.0,,
2024-01-26 09:00:00,43057099999,Mumbai,NOAA,31.0,48.0,1014.7,0.0,,
2024-01-26 12:00:00,43057099999,Mumbai,NOAA,27.6,61.7,1014.6,1.0,290.0,
2024-01-27 03:00:00,43057099999,Mumbai,NOAA,23.0,77.7,1016.8,0.0,,
2024-01-27 09:00:00,43057099999,Mumbai,NOAA,30.2,48.4,1014.6,0.0,,
2024-01-27 12:00:00,43057099999,Mumbai,NOAA,28.4,70.4,1013.8,0.0,,
2024-01-28 03:00:00,43057099999,Mumbai,NOAA,22.8,76.2,1016.3,0.0,,
2024-01-28 12:00:00,43057099999,Mumbai,NOAA,28.4,61.2,1013.8,0.0,,
2024-01-29 03:00:00,43057099999,Mumbai,NOAA,23.2,69.9,1016.6,0.0,,
2024-01-29 06:00:00,43057099999,Mumbai,NOAA,28.4,46.4,1017.4,0.0,,
2024-01-29 09:00:00,43057099999,Mumbai,NOAA,29.0,54.2,1014.1,1.0,320.0,
2024-01-29 12:00:00,43057099999,Mumbai,NOAA,27.4,65.6,1013.5,0.0,,
2024-01-29 15:00:00,43057099999,Mumbai,NOAA,26.0,60.6,1015.3,0.0,,
2024-01-30 03:00:00,43057099999,Mumbai,NOAA,21.8,72.3,1015.6,0.0,,
2024-01-30 06:00:00,43057099999,Mumbai,NOAA,29.0,54.2,1015.8,0.0,,
2024-01-30 09:00:00,43057099999,Mumbai,NOAA,28.6,62.7,1013.3,1.0,320.0,
2024-01-30 12:00:00,43057099999,Mumbai,NOAA,26.8,68.0,1012.5,1.0,320.0,
2024-01-31 03:00:00,43057099999,Mumbai,NOAA,23.4,76.3,1015.8,0.0,,
2024-01-31 06:00:00,43057099999,Mumbai,NOAA,28.0,59.6,1015.7,0.0,,
2024-01-31 09:00:00,43057099999,Mumbai,NOAA,29.0,60.6,1012.6,0.0,,
2024-01-31 12:00:00,43057099999,Mumbai,NOAA,27.0,71.0,1012.9,0.0,,
2024-02-01 03:00:00,43057099999,Mumbai,NOAA,23.0,85.8,1016.6,0.0,,
2024-02-01 06:00:00,43057099999,Mumbai,NOAA,27.0,71.0,1017.3,0.0,,
2024-02-01 09:00:00,43057099999,Mumbai,NOAA,28.0,71.6,1014.4,0.0,,
2024-02-01 12:00:00,43057099999,Mumbai,NOAA,26.0,67.8,1013.7,0.0,,
2024-02-02 03:00:00,43057099999,Mumbai,NOAA,22.0,84.2,1016.7,0.0,,
2024-02-02 06:00:00,43057099999,Mumbai,NOAA,26.6,66.7,1017.3,0.0,,
2024-02-02 09:00:00,43057099999,Mumbai,NOAA,28.4,66.3,1014.0,0.0,,
2024-02-02 12:00:00,43057099999,Mumbai,NOAA,26.4,72.2,1012.7,0.0,,
2024-02-03 03:00:00,43057099999,Mumbai,NOAA,22.4,85.8,1015.4,0.0,,
2024-02-03 06:00:00,43057099999,Mumbai,NOAA,29.6,52.3,1015.6,0.0,,
2024-02-03 12:00:00,43057099999,Mumbai,NOAA,29.4,72.3,1012.6,1.0,320.0,
2024-02-04 03:00:00,43057099999,Mumbai,NOAA,22.8,85.8,1016.3,0.0,,
2024-02-04 12:00:00,43057099999,Mumbai,NOAA,30.0,72.9,1013.6,0.0,,
2024-02-05 03:00:00,43057099999,Mumbai,NOAA,23.4,90.7,1016.6,0.0,,
2024-02-05 09:00:00,43057099999,Mumbai,NOAA,30.0,53.7,1014.8,0.0,,
2024-02-05 12:00:00,43057099999,Mumbai,NOAA,28.4,60.0,1013.7,0.0,,
2024-02-06 03:00:00,43057099999,Mumbai,NOAA,23.2,86.4,1016.9,0.0,,
2024-02-06 12:00:00,43057099999,Mumbai,NOAA,27.6,75.6,1013.6,1.0,320.0,
2024-02-07 03:00:00,43057099999,Mumbai,NOAA,23.8,88.0,1017.5,0.0,,
2024-02-07 09:00:00,43057099999,Mumbai,NOAA,29.4,69.8,1015.0,1.0,320.0,
2024-02-07 12:00:00,43057099999,Mumbai,NOAA,27.0,71.0,1014.1,1.0,320.0,
2024-02-08 03:00:00,43057099999,Mumbai,NOAA,22.0,75.6,1016.6,0.0,,
2024-02-08 06:00:00,43057099999,Mumbai,NOAA,29.0,60.6,1017.1,0.0,,
2024-02-08 09:00:00,43057099999,Mumbai,NOAA,29.2,59.1,1013.8,1.0,290.0,
2024-02-08 12:00:00,43057099999,Mumbai,NOAA,27.4,71.1,1012.3,1.5,320.0,
2024-02-09 00:00:00,43057099999,Mumbai,NOAA,23.0,81.2,1013.2,0.0,,
2024-02-09 03:00:00,43057099999,Mumbai,NOAA,22.8,85.8,1015.6,0.0,,
2024-02-09 12:00:00,43057099999,Mumbai,NOAA,27.0,61.2,1013.0,0.0,,
2024-02-10 03:00:00,43057099999,Mumbai,NOAA,21.0,69.9,1016.6,0.0,,
2024-02-10 06:00:00,43057099999,Mumbai,NOAA,28.6,47.6,1017.2,0.0,,
2024-02-10 12:00:00,43057099999,Mumbai,NOAA,26.6,58.1,1014.3,1.5,340.0,
2024-02-11 00:00:00,43057099999,Mumbai,NOAA,21.8,59.3,1014.3,0.0,,
2024-02-11 03:00:00,43057099999,Mumbai,NOAA,20.4,69.3,1016.7,0.0,,
2024-02-11 09:00:00,43057099999,Mumbai,NOAA,28.6,52.4,1014.9,0.0,,
2024-02-11 12:00:00,43057099999,Mumbai,NOAA,26.4,67.9,1014.4,1.0,320.0,
2024-02-12 03:00:00,43057099999,Mumbai,NOAA,22.0,85.7,1016.5,0.0,,
2024-02-12 12:00:00,43057099999,Mumbai,NOAA,27.4,67.3,1013.2,0.0,,
2024-02-13 03:00:00,43057099999,Mumbai,NOAA,21.6,68.7,1016.1,0.0,,
2024-02-13 12:00:00,43057099999,Mumbai,NOAA,27.2,60.1,1013.4,1.0,290.0,
2024-02-14 03:00:00,43057099999,Mumbai,NOAA,22.8,55.8,1016.3,0.0,,
2024-02-14 06:00:00,43057099999,Mumbai,NOAA,30.0,42.3,1016.3,0.0,,
2024-02-14 09:00:00,43057099999,Mumbai,NOAA,29.0,51.8,1013.4,0.0,,
2024-02-14 12:00:00,43057099999,Mumbai,NOAA,27.4,61.7,1012.5,1.0,340.0,
2024-02-15 03:00:00,43057099999,Mumbai,NOAA,21.8,62.4,1015.0,0.0,,
2024-02-15 06:00:00,43057099999,Mumbai,NOAA,30.0,50.5,1015.2,0.0,,
2024-02-15 09:00:00,43057099999,Mumbai,NOAA,29.2,58.0,1012.2,1.0,290.0,
2024-02-15 12:00:00,43057099999,Mumbai,NOAA,27.6,72.9,1011.3,1.5,320.0,
2024-02-16 00:00:00,43057099999,Mumbai,NOAA,24.2,88.1,1012.0,0.0,,
2024-02-16 03:00:00,43057099999,Mumbai,NOAA,23.6,88.0,1014.6,0.0,,
2024-02-16 12:00:00,43057099999,Mumbai,NOAA,29.0,74.9,1011.8,1.0,290.0,
2024-02-17 03:00:00,43057099999,Mumbai,NOAA,24.2,84.9,1013.7,0.0,,
2024-02-17 06:00:00,43057099999,Mumbai,NOAA,30.6,61.7,1014.2,0.0,,
2024-02-17 09:00:00,43057099999,Mumbai,NOAA,32.6,59.5,1011.1,0.0,,
2024-02-17 12:00:00,43057099999,Mumbai,NOAA,30.2,65.0,1010.4,0.0,,
2024-02-18 03:00:00,43057099999,Mumbai,NOAA,24.0,86.5,1012.6,0.0,,
2024-02-18 12:00:00,43057099999,Mumbai,NOAA,27.4,75.6,1009.8,0.0,,
2024-02-19 03:00:00,43057099999,Mumbai,NOAA,23.8,89.7,1012.5,0.0,,
2024-02-19 06:00:00,43057099999,Mumbai,NOAA,29.6,67.3,1014.2,0.0,,
2024-02-19 09:00:00,43057099999,Mumbai,NOAA,30.6,54.5,1011.6,0.0,,
2024-02-19 12:00:00,43057099999,Mumbai,NOAA,28.6,50.1,1011.0,0.0,,
2024-02-20 03:00:00,43057099999,Mumbai,NOAA,23.4,86.4,1014.5,0.0,,
2024-02-20 09:00:00,43057099999,Mumbai,NOAA,30.4,51.9,1012.1,1.0,290.0,
2024-02-20 12:00:00,43057099999,Mumbai,NOAA,27.2,56.1,1011.6,1.0,340.0,
2024-02-21 03:00:00,43057099999,Mumbai,NOAA,23.4,88.0,1014.4,0.0,,
2024-02-21 12:00:00,43057099999,Mumbai,NOAA,27.0,69.7,1011.6,0.0,,
2024-02-22 00:00:00,43057099999,Mumbai,NOAA,23.8,86.4,1012.1,0.0,,
2024-02-22 03:00:00,43057099999,Mumbai,NOAA,24.0,86.5,1014.7,0.0,,
2024-02-22 12:00:00,43057099999,Mumbai,NOAA,27.0,71.0,1012.1,1.0,340.0,
2024-02-23 03:00:00,43057099999,Mumbai,NOAA,23.0,85.8,1015.3,0.0,,
2024-02-23 06:00:00,43057099999,Mumbai,NOAA,28.0,65.0,1014.9,0.0,,
2024-02-23 12:00:00,43057099999,Mumbai,NOAA,27.0,56.1,1011.1,1.5,320.0,
2024-02-24 03:00:00,43057099999,Mumbai,NOAA,23.2,57.7,1014.1,0.0,,
2024-02-24 12:00:00,43057099999,Mumbai,NOAA,27.8,34.0,1010.7,1.5,340.0,
2024-02-25 03:00:00,43057099999,Mumbai,NOAA,21.0,38.7,1012.3,0.0,,
2024-02-25 06:00:00,43057099999,Mumbai,NOAA,29.6,24.2,1012.3,0.0,,
2024-02-25 09:00:00,43057099999,Mumbai,NOAA,31.4,25.8,1009.1,1.0,290.0,
2024-02-25 12:00:00,43057099999,Mumbai,NOAA,28.2,49.7,1008.4,1.5,320.0,
2024-02-26 03:00:00,43057099999,Mumbai,NOAA,23.6,66.9,1011.1,0.0,,
2024-02-26 09:00:00,43057099999,Mumbai,NOAA,33.4,40.1,1008.8,0.0,,
2024-02-26 12:00:00,43057099999,Mumbai,NOAA,29.4,68.5,1009.0,0.0,,
2024-02-27 03:00:00,43057099999,Mumbai,NOAA,25.2,88.2,1013.3,0.0,,
2024-02-27 12:00:00,43057099999,Mumbai,NOAA,28.4,69.2,1010.3,1.0,320.0,
2024-02-28 03:00:00,43057099999,Mumbai,NOAA,24.0,57.2,1013.1,0.0,,
2024-02-28 12:00:00,43057099999,Mumbai,NOAA,28.0,74.3,1008.7,0.0,,
2024-02-29 03:00:00,43057099999,Mumbai,NOAA,25.6,88.7,1012.2,0.0,,
2024-02-29 12:00:00,43057099999,Mumbai,NOAA,31.2,59.6,1018.6,0.0,,
2024-03-01 03:00:00,43057099999,Mumbai,NOAA,24.0,88.1,1013.1,0.0,,3.0
2024-03-01 09:00:00,43057099999,Mumbai,NOAA,30.4,51.2,1011.4,0.0,,
2024-03-01 12:00:00,43057099999,Mumbai,NOAA,28.0,71.6,1010.4,1.0,290.0,
2024-03-02 03:00:00,43057099999,Mumbai,NOAA,25.0,88.1,1013.9,0.0,,
2024-03-02 06:00:00,43057099999,Mumbai,NOAA,30.0,71.6,1014.5,0.0,,
2024-03-02 09:00:00,43057099999,Mumbai,NOAA,30.2,69.1,1012.0,1.0,290.0,
2024-03-02 12:00:00,43057099999,Mumbai,NOAA,28.2,70.4,1011.2,0.0,,
2024-03-03 03:00:00,43057099999,Mumbai,NOAA,25.2,83.5,1014.5,1.0,290.0,
2024-03-03 06:00:00,43057099999,Mumbai,NOAA,27.8,67.4,1015.1,1.0,340.0,
2024-03-03 09:00:00,43057099999,Mumbai,NOAA,28.0,62.2,1012.4,0.0,,
2024-03-03 12:00:00,43057099999,Mumbai,NOAA,25.0,68.1,1011.9,1.0,320.0,
2024-03-04 00:00:00,43057099999,Mumbai,NOAA,21.0,75.0,1012.9,0.0,,
2024-03-04 03:00:00,43057099999,Mumbai,NOAA,21.2,73.1,1015.2,0.0,,
2024-03-04 09:00:00,43057099999,Mumbai,NOAA,27.4,53.8,1013.5,1.5,340.0,
2024-03-04 12:00:00,43057099999,Mumbai,NOAA,25.4,51.9,1012.2,1.5,340.0,
2024-03-05 03:00:00,43057099999,Mumbai,NOAA,22.4,61.4,1014.5,1.5,340.0,
2024-03-05 12:00:00,43057099999,Mumbai,NOAA,27.0,51.0,1011.3,1.0,320.0,
2024-03-06 00:00:00,43057099999,Mumbai,NOAA,23.0,73.0,1011.7,0.0,,
2024-03-06 03:00:00,43057099999,Mumbai,NOAA,23.4,73.1,1014.1,0.0,,
2024-03-06 12:00:00,43057099999,Mumbai,NOAA,27.4,43.8,1010.8,0.0,,
2024-03-07 03:00:00,43057099999,Mumbai,NOAA,22.4,72.4,1013.8,0.0,,
2024-03-07 09:00:00,43057099999,Mumbai,NOAA,30.4,51.9,1010.6,1.0,290.0,
2024-03-07 12:00:00,43057099999,Mumbai,NOAA,28.8,55.1,1009.9,1.0,290.0,
2024-03-08 03:00:00,43057099999,Mumbai,NOAA,24.2,57.2,1013.8,0.0,,
2024-03-08 12:00:00,43057099999,Mumbai,NOAA,29.4,45.2,1010.3,1.0,340.0,
2024-03-09 00:00:00,43057099999,Mumbai,NOAA,23.4,52.4,1011.3,0.0,,
2024-03-09 03:00:00,43057099999,Mumbai,NOAA,24.4,61.8,1013.4,0.0,,
2024-03-09 06:00:00,43057099999,Mumbai,NOAA,31.0,43.7,1013.4,1.0,340.0,
2024-03-09 12:00:00,43057099999,Mumbai,NOAA,29.4,48.5,1010.9,1.0,340.0,
2024-03-10 03:00:00,43057099999,Mumbai,NOAA,24.4,78.4,1014.2,0.0,,
2024-03-10 12:00:00,43057099999,Mumbai,NOAA,28.4,58.6,1012.3,1.0,320.0,
2024-03-11 03:00:00,43057099999,Mumbai,NOAA,22.6,75.7,1015.9,0.0,,
2024-03-11 06:00:00,43057099999,Mumbai,NOAA,31.0,34.2,1016.3,1.0,340.0,
2024-03-11 09:00:00,43057099999,Mumbai,NOAA,30.0,60.0,1013.5,1.5,340.0,
2024-03-11 12:00:00,43057099999,Mumbai,NOAA,28.4,61.2,1012.4,1.0,340.0,
2024-03-12 03:00:00,43057099999,Mumbai,NOAA,26.0,64.5,1014.9,0.0,,
2024-03-12 12:00:00,43057099999,Mumbai,NOAA,29.2,66.8,1011.7,1.0,320.0,
2024-03-13 03:00:00,43057099999,Mumbai,NOAA,25.6,85.1,1014.6,0.0,,
2024-03-13 12:00:00,43057099999,Mumbai,NOAA,27.8,63.3,1011.2,1.0,340.0,
2024-03-14 03:00:00,43057099999,Mumbai,NOAA,24.4,88.1,1015.4,0.0,,
2024-03-14 12:00:00,43057099999,Mumbai,NOAA,27.4,74.2,1011.9,1.0,320.0,
2024-03-15 03:00:00,43057099999,Mumbai,NOAA,23.6,82.8,1014.6,0.0,,
2024-03-15 09:00:00,43057099999,Mumbai,NOAA,30.0,53.7,1011.6,1.0,340.0,
2024-03-15 12:00:00,43057099999,Mumbai,NOAA,27.0,60.1,1010.7,1.0,340.0,
2024-03-16 03:00:00,43057099999,Mumbai,NOAA,23.4,88.0,1013.7,0.0,,
2024-03-16 12:00:00,43057099999,Mumbai,NOAA,28.0,60.7,1010.6,1.0,320.0,
2024-03-17 03:00:00,43057099999,Mumbai,NOAA,24.4,86.5,1013.6,0.0,,
2024-03-17 12:00:00,43057099999,Mumbai,NOAA,28.0,69.1,1011.2,0.0,,
2024-03-18 03:00:00,43057099999,Mumbai,NOAA,25.0,88.1,1013.7,0.0,,
2024-03-18 09:00:00,43057099999,Mumbai,NOAA,30.4,56.6,1011.0,1.0,340.0,
2024-03-18 12:00:00,43057099999,Mumbai,NOAA,28.4,70.4,1009.8,0.0,,
2024-03-19 03:00:00,43057099999,Mumbai,NOAA,25.0,88.1,1014.0,0.0,,
2024-03-19 09:00:00,43057099999,Mumbai,NOAA,31.8,48.8,1010.3,0.0,,
2024-03-19 12:00:00,43057099999,Mumbai,NOAA,30.0,61.1,1009.3,0.0,,
2024-03-20 03:00:00,43057099999,Mumbai,NOAA,24.8,86.5,1013.5,0.0,,
2024-03-20 12:00:00,43057099999,Mumbai,NOAA,32.0,32.5,1007.9,0.0,,
2024-03-21 03:00:00,43057099999,Mumbai,NOAA,26.8,54.6,1010.8,0.0,,
2024-03-21 06:00:00,43057099999,Mumbai,NOAA,34.0,33.1,1010.9,0.0,,
2024-03-21 12:00:00,43057099999,Mumbai,NOAA,32.6,33.3,1007.4,1.0,290.0,
2024-03-22 03:00:00,43057099999,Mumbai,NOAA,26.6,85.7,1011.1,0.0,,
2024-03-22 12:00:00,43057099999,Mumbai,NOAA,28.4,76.2,1007.3,0.0,,
2024-03-23 03:00:00,43057099999,Mumbai,NOAA,24.4,88.1,1011.1,0.0,,
2024-03-23 12:00:00,43057099999,Mumbai,NOAA,28.4,62.3,1007.7,0.0,,
2024-03-24 03:00:00,43057099999,Mumbai,NOAA,24.6,78.4,1011.7,0.0,,
2024-03-24 12:00:00,43057099999,Mumbai,NOAA,27.6,69.8,1009.1,1.0,320.0,
2024-03-25 03:00:00,43057099999,Mumbai,NOAA,24.8,74.2,1013.2,0.0,,
2024-03-25 06:00:00,43057099999,Mumbai,NOAA,29.8,62.2,1012.7,0.0,,
2024-03-25 12:00:00,43057099999,Mumbai,NOAA,27.6,72.9,1009.1,1.0,340.0,
2024-03-26 03:00:00,43057099999,Mumbai,NOAA,25.0,83.5,1012.0,0.0,,
2024-03-26 06:00:00,43057099999,Mumbai,NOAA,29.4,69.8,1012.0,0.0,,
2024-03-27 03:00:00,43057099999,Mumbai,NOAA,25.4,88.2,1014.0,0.0,,
2024-03-27 09:00:00,43057099999,Mumbai,NOAA,30.4,67.9,1011.9,1.0,340.0,
2024-03-27 12:00:00,43057099999,Mumbai,NOAA,29.0,77.7,1010.9,1.0,290.0,
2024-04-02 03:00:00,43057099999,Mumbai,NOAA,26.4,81.1,1009.8,0.0,,
2024-04-03 03:00:00,43057099999,Mumbai,NOAA,26.4,87.2,1010.6,0.0,,
2024-04-03 12:00:00,43057099999,Mumbai,NOAA,29.0,69.7,1008.5,1.0,290.0,
2024-04-04 03:00:00,43057099999,Mumbai,NOAA,26.8,75.0,1011.1,0.0,,
2024-04-04 12:00:00,43057099999,Mumbai,NOAA,29.4,67.3,1008.5,2.1,290.0,
2024-04-05 03:00:00,43057099999,Mumbai,NOAA,27.4,84.2,1011.2,0.0,,
2024-04-05 12:00:00,43057099999,Mumbai,NOAA,32.0,49.4,1007.0,0.0,,
2024-04-06 03:00:00,43057099999,Mumbai,NOAA,28.2,59.6,1010.3,0.0,,
2024-04-06 06:00:00,43057099999,Mumbai,NOAA,33.0,46.7,1009.9,0.0,,
2024-04-06 12:00:00,43057099999,Mumbai,NOAA,32.0,42.6,1005.9,1.0,340.0,
2024-04-07 03:00:00,43057099999,Mumbai,NOAA,29.2,64.4,1009.6,0.0,,
2024-04-07 12:00:00,43057099999,Mumbai,NOAA,30.0,48.0,1006.7,1.0,320.0,
2024-04-08 03:00:00,43057099999,Mumbai,NOAA,27.0,81.2,1010.2,0.0,,
2024-04-08 06:00:00,43057099999,Mumbai,NOAA,32.0,62.7,1010.4,0.0,,
2024-04-08 09:00:00,43057099999,Mumbai,NOAA,31.4,66.1,1007.8,0.0,,
2024-04-08 12:00:00,43057099999,Mumbai,NOAA,30.0,75.5,1006.7,0.0,,
2024-04-09 03:00:00,43057099999,Mumbai,NOAA,27.2,84.2,1009.6,0.0,,
2024-04-09 12:00:00,43057099999,Mumbai,NOAA,30.4,78.3,1007.0,1.0,290.0,
2024-04-10 03:00:00,43057099999,Mumbai,NOAA,27.4,85.7,1010.5,0.0,,
2024-04-10 06:00:00,43057099999,Mumbai,NOAA,31.6,68.5,1010.5,0.0,,
2024-04-10 09:00:00,43057099999,Mumbai,NOAA,32.0,66.2,1008.3,0.0,,
2024-04-10 12:00:00,43057099999,Mumbai,NOAA,30.0,75.5,1007.5,1.5,290.0,
2024-04-11 03:00:00,43057099999,Mumbai,NOAA,27.4,84.2,1010.6,0.0,,
2024-04-11 06:00:00,43057099999,Mumbai,NOAA,30.0,56.5,1010.9,0.0,,
2024-04-11 09:00:00,43057099999,Mumbai,NOAA,32.4,59.5,1008.5,1.0,270.0,
2024-04-11 12:00:00,43057099999,Mumbai,NOAA,30.4,72.9,1007.8,1.0,290.0,
2024-04-12 03:00:00,43057099999,Mumbai,NOAA,27.2,68.5,1010.7,0.0,,
2024-04-12 12:00:00,43057099999,Mumbai,NOAA,29.8,59.6,1007.3,1.0,290.0,
2024-04-13 03:00:00,43057099999,Mumbai,NOAA,27.0,78.3,1011.5,0.0,,
2024-04-13 12:00:00,43057099999,Mumbai,NOAA,29.6,63.3,1008.3,1.0,320.0,
2024-04-14 03:00:00,43057099999,Mumbai,NOAA,26.4,73.6,1012.6,0.0,,
2024-04-14 12:00:00,43057099999,Mumbai,NOAA,30.2,74.2,1008.0,1.5,290.0,
2024-04-15 03:00:00,43057099999,Mumbai,NOAA,28.6,83.4,1011.4,0.0,,
2024-04-15 12:00:00,43057099999,Mumbai,NOAA,31.4,78.9,1006.8,1.0,290.0,
2024-04-19 03:00:00,43057099999,Mumbai,NOAA,29.4,76.3,1008.0,0.0,,
2024-04-19 06:00:00,43057099999,Mumbai,NOAA,33.6,62.7,1008.2,0.0,,
2024-04-19 12:00:00,43057099999,Mumbai,NOAA,31.4,74.9,1004.5,0.0,,
2024-04-20 03:00:00,43057099999,Mumbai,NOAA,30.0,76.9,1007.5,0.0,,
2024-04-20 09:00:00,43057099999,Mumbai,NOAA,33.0,60.0,1006.3,1.0,290.0,
2024-04-20 12:00:00,43057099999,Mumbai,NOAA,31.8,48.8,1006.1,1.0,290.0,
2024-04-21 03:00:00,43057099999,Mumbai,NOAA,29.4,64.5,1008.6,0.0,,
2024-04-21 06:00:00,43057099999,Mumbai,NOAA,32.0,65.0,1009.2,0.0,,
2024-04-21 09:00:00,43057099999,Mumbai,NOAA,31.8,60.1,1007.3,1.5,290.0,
2024-04-21 12:00:00,43057099999,Mumbai,NOAA,31.2,42.6,1006.5,1.0,340.0,
2024-04-22 03:00:00,43057099999,Mumbai,NOAA,29.4,71.0,1009.9,0.0,,
2024-04-22 06:00:00,43057099999,Mumbai,NOAA,32.4,61.7,1010.3,0.0,,
2024-04-22 12:00:00,43057099999,Mumbai,NOAA,30.6,46.4,1006.8,1.5,290.0,
2024-04-23 00:00:00,43057099999,Mumbai,NOAA,28.4,71.7,1007.4,0.0,,
2024-04-23 03:00:00,43057099999,Mumbai,NOAA,28.8,70.9,1009.0,0.0,,
2024-04-23 06:00:00,43057099999,Mumbai,NOAA,31.6,63.8,1008.9,0.0,,
2024-04-23 09:00:00,43057099999,Mumbai,NOAA,31.6,68.5,1006.3,1.0,290.0,
2024-04-23 12:00:00,43057099999,Mumbai,NOAA,30.2,66.2,1004.9,1.5,320.0,
2024-04-24 03:00:00,43057099999,Mumbai,NOAA,29.0,76.3,1007.8,0.0,,
2024-04-24 06:00:00,43057099999,Mumbai,NOAA,31.8,67.3,1007.9,0.0,,
2024-04-24 12:00:00,43057099999,Mumbai,NOAA,30.4,72.9,1004.3,1.0,290.0,
2024-04-25 03:00:00,43057099999,Mumbai,NOAA,29.2,83.4,1008.3,0.0,,
2024-04-25 12:00:00,43057099999,Mumbai,NOAA,30.4,61.6,1004.7,1.5,290.0,
2024-04-26 03:00:00,43057099999,Mumbai,NOAA,29.2,76.3,1007.9,0.0,,
2024-04-26 12:00:00,43057099999,Mumbai,NOAA,31.0,76.1,1005.0,1.0,290.0,
2024-04-27 03:00:00,43057099999,Mumbai,NOAA,29.6,75.5,1008.8,0.0,,
2024-04-27 12:00:00,43057099999,Mumbai,NOAA,31.6,72.3,1004.4,1.0,290.0,
2024-04-28 03:00:00,43057099999,Mumbai,NOAA,30.6,67.9,1007.9,0.0,,
2024-04-28 09:00:00,43057099999,Mumbai,NOAA,33.8,56.0,1005.3,1.0,320.0,
2024-04-28 12:00:00,43057099999,Mumbai,NOAA,33.0,50.9,1004.3,2.1,320.0,
2024-04-29 03:00:00,43057099999,Mumbai,NOAA,31.0,58.5,1009.2,0.0,,
2024-04-29 06:00:00,43057099999,Mumbai,NOAA,34.4,50.1,1009.5,0.0,,
2024-04-29 09:00:00,43057099999,Mumbai,NOAA,35.0,35.1,1007.1,2.6,320.0,
2024-04-29 12:00:00,43057099999,Mumbai,NOAA,34.0,31.2,1005.7,1.5,320.0,
2024-04-30 03:00:00,43057099999,Mumbai,NOAA,30.0,76.9,1008.6,0.0,,
2024-04-30 12:00:00,43057099999,Mumbai,NOAA,33.0,58.6,1004.6,1.0,320.0,
2024-05-02 03:00:00,43057099999,Mumbai,NOAA,28.2,83.3,1007.7,0.0,,
2024-05-02 06:00:00,43057099999,Mumbai,NOAA,32.4,63.9,1007.8,0.0,,
2024-05-02 09:00:00,43057099999,Mumbai,NOAA,32.8,53.1,1005.5,1.0,270.0,
2024-05-02 12:00:00,43057099999,Mumbai,NOAA,31.2,58.5,1005.1,1.0,290.0,
2024-05-03 03:00:00,43057099999,Mumbai,NOAA,27.6,81.3,1009.7,0.0,,
2024-05-03 06:00:00,43057099999,Mumbai,NOAA,31.8,57.9,1009.1,0.0,,
2024-05-03 09:00:00,43057099999,Mumbai,NOAA,32.8,61.0,1006.3,0.0,,
2024-05-03 12:00:00,43057099999,Mumbai,NOAA,31.0,68.0,1005.5,1.0,290.0,
2024-05-04 03:00:00,43057099999,Mumbai,NOAA,28.4,80.4,1010.5,0.0,,
2024-05-04 06:00:00,43057099999,Mumbai,NOAA,30.4,61.6,1010.5,0.0,,
2024-05-04 12:00:00,43057099999,Mumbai,NOAA,31.4,77.5,1006.5,1.0,290.0,
2024-05-05 03:00:00,43057099999,Mumbai,NOAA,29.6,90.1,1008.0,0.0,,
2024-05-05 09:00:00,43057099999,Mumbai,NOAA,33.0,70.4,1005.9,1.0,290.0,
2024-05-05 12:00:00,43057099999,Mumbai,NOAA,32.0,67.4,1005.4,1.0,290.0,
2024-05-06 03:00:00,43057099999,Mumbai,NOAA,29.8,78.2,1008.9,0.0,,
2024-05-06 12:00:00,43057099999,Mumbai,NOAA,31.0,69.2,1006.3,1.0,290.0,
2024-05-07 03:00:00,43057099999,Mumbai,NOAA,29.6,76.8,1009.2,0.0,,
2024-05-07 12:00:00,43057099999,Mumbai,NOAA,32.2,66.2,1007.7,1.5,250.0,
2024-05-08 03:00:00,43057099999,Mumbai,NOAA,29.4,72.8,1009.8,0.0,,
2024-05-08 12:00:00,43057099999,Mumbai,NOAA,31.2,66.8,1005.9,1.5,320.0,
2024-05-09 03:00:00,43057099999,Mumbai,NOAA,30.0,78.3,1008.8,0.0,,
2024-05-09 12:00:00,43057099999,Mumbai,NOAA,31.2,69.7,1005.6,1.0,290.0,
2024-05-10 03:00:00,43057099999,Mumbai,NOAA,29.4,76.3,1010.1,0.0,,
2024-05-10 12:00:00,43057099999,Mumbai,NOAA,31.4,67.3,1007.1,1.5,320.0,
2024-05-11 03:00:00,43057099999,Mumbai,NOAA,30.4,79.7,1010.6,0.0,,
2024-05-11 12:00:00,43057099999,Mumbai,NOAA,31.6,72.3,1006.8,1.0,290.0,
2024-05-12 03:00:00,43057099999,Mumbai,NOAA,30.4,75.6,1011.6,0.0,,
2024-05-12 09:00:00,43057099999,Mumbai,NOAA,33.4,66.1,1008.1,1.0,290.0,
2024-05-12 12:00:00,43057099999,Mumbai,NOAA,31.8,68.6,1006.3,1.5,290.0,
2024-05-13 03:00:00,43057099999,Mumbai,NOAA,30.4,84.0,1010.0,0.0,,
2024-05-13 09:00:00,43057099999,Mumbai,NOAA,33.0,70.4,1007.2,1.5,320.0,
2024-05-13 12:00:00,43057099999,Mumbai,NOAA,28.4,94.9,1008.3,5.1,320.0,0.0
2024-05-14 03:00:00,43057099999,Mumbai,NOAA,30.2,74.2,1008.6,0.0,,0.4
2024-05-14 09:00:00,43057099999,Mumbai,NOAA,34.6,63.3,1006.8,1.0,230.0,
2024-05-14 12:00:00,43057099999,Mumbai,NOAA,33.2,69.6,1005.6,1.5,290.0,
2024-05-15 00:00:00,43057099999,Mumbai,NOAA,30.4,82.6,1008.2,0.0,,
2024-05-15 03:00:00,43057099999,Mumbai,NOAA,30.6,71.7,1010.2,0.0,,
2024-05-15 12:00:00,43057099999,Mumbai,NOAA,34.0,66.2,1005.4,2.6,320.0,
2024-05-16 03:00:00,43057099999,Mumbai,NOAA,31.4,85.6,1009.6,0.0,,
2024-05-16 12:00:00,43057099999,Mumbai,NOAA,32.6,74.2,1006.7,0.0,,
2024-05-17 00:00:00,43057099999,Mumbai,NOAA,29.6,68.5,1008.2,0.0,,
2024-05-17 03:00:00,43057099999,Mumbai,NOAA,30.2,66.2,1009.4,0.0,,
2024-05-17 12:00:00,43057099999,Mumbai,NOAA,33.4,60.1,1004.2,1.0,270.0,
2024-05-18 03:00:00,43057099999,Mumbai,NOAA,30.0,79.7,1007.1,0.0,,
2024-05-18 09:00:00,43057099999,Mumbai,NOAA,34.2,66.6,1003.8,0.0,,
2024-05-18 12:00:00,43057099999,Mumbai,NOAA,32.8,76.8,1001.8,1.0,290.0,
2024-05-19 03:00:00,43057099999,Mumbai,NOAA,30.2,81.1,1005.5,0.0,,
2024-05-19 06:00:00,43057099999,Mumbai,NOAA,34.0,66.2,1005.1,0.0,,
2024-05-19 09:00:00,43057099999,Mumbai,NOAA,34.0,68.6,1002.5,0.0,,
2024-05-19 12:00:00,43057099999,Mumbai,NOAA,32.6,76.8,1000.1,0.0,,
2024-05-20 03:00:00,43057099999,Mumbai,NOAA,30.6,79.7,1004.8,0.0,,
2024-05-20 06:00:00,43057099999,Mumbai,NOAA,34.0,67.4,1005.5,0.0,,
2024-05-20 09:00:00,43057099999,Mumbai,NOAA,34.2,65.5,1003.7,2.1,290.0,
2024-05-20 12:00:00,43057099999,Mumbai,NOAA,32.0,77.6,1001.5,0.0,,
2024-05-21 03:00:00,43057099999,Mumbai,NOAA,30.4,79.7,1004.7,0.0,,
2024-05-21 12:00:00,43057099999,Mumbai,NOAA,32.8,76.8,1000.7,1.0,270.0,
2024-05-22 03:00:00,43057099999,Mumbai,NOAA,31.2,81.2,1004.7,0.0,,
2024-05-22 06:00:00,43057099999,Mumbai,NOAA,34.0,71.0,1004.1,0.0,,
2024-05-22 09:00:00,43057099999,Mumbai,NOAA,33.4,72.2,1002.2,0.0,,
2024-05-22 12:00:00,43057099999,Mumbai,NOAA,32.0,76.3,1000.5,0.0,,
2024-05-23 03:00:00,43057099999,Mumbai,NOAA,30.8,82.6,1004.0,0.0,,
2024-05-23 06:00:00,43057099999,Mumbai,NOAA,34.6,67.9,1003.7,0.5,270.0,
2024-05-23 12:00:00,43057099999,Mumbai,NOAA,32.4,75.5,1000.5,1.0,290.0,
2024-05-24 03:00:00,43057099999,Mumbai,NOAA,31.4,81.3,1003.2,0.0,,
2024-05-24 06:00:00,43057099999,Mumbai,NOAA,34.0,67.4,1003.3,0.5,250.0,
2024-05-24 12:00:00,43057099999,Mumbai,NOAA,32.4,67.9,1001.3,1.5,270.0,
2024-05-25 03:00:00,43057099999,Mumbai,NOAA,30.8,75.6,1004.3,0.0,,
2024-05-25 06:00:00,43057099999,Mumbai,NOAA,34.0,66.2,1004.8,0.0,,
2024-05-25 09:00:00,43057099999,Mumbai,NOAA,34.0,63.9,1003.1,2.1,270.0,
2024-05-25 12:00:00,43057099999,Mumbai,NOAA,33.0,65.6,1001.9,1.0,270.0,
2024-05-26 03:00:00,43057099999,Mumbai,NOAA,30.8,79.8,1005.5,0.0,,
2024-05-26 06:00:00,43057099999,Mumbai,NOAA,33.4,69.7,1006.1,0.0,,
2024-05-26 12:00:00,43057099999,Mumbai,NOAA,32.8,65.6,1002.6,1.5,270.0,
2024-05-27 03:00:00,43057099999,Mumbai,NOAA,30.6,78.3,1004.9,0.0,,
2024-05-27 06:00:00,43057099999,Mumbai,NOAA,33.6,69.7,1005.3,2.6,340.0,
2024-05-27 09:00:00,43057099999,Mumbai,NOAA,32.0,74.9,1003.9,1.0,270.0,
2024-05-27 12:00:00,43057099999,Mumbai,NOAA,31.0,77.5,1002.8,1.0,250.0,
2024-05-28 03:00:00,43057099999,Mumbai,NOAA,31.0,78.4,1005.9,0.0,,
2024-05-28 06:00:00,43057099999,Mumbai,NOAA,34.4,62.1,1005.8,1.0,250.0,
2024-05-28 09:00:00,43057099999,Mumbai,NOAA,35.0,60.1,1003.7,1.5,270.0,
2024-05-28 12:00:00,43057099999,Mumbai,NOAA,32.8,65.6,1002.9,2.1,230.0,
2024-05-29 03:00:00,43057099999,Mumbai,NOAA,31.0,73.5,1005.4,1.0,290.0,
2024-05-29 12:00:00,43057099999,Mumbai,NOAA,32.4,69.1,1003.2,1.0,290.0,
2024-05-30 03:00:00,43057099999,Mumbai,NOAA,30.8,75.6,1005.9,1.0,250.0,
2024-05-30 12:00:00,43057099999,Mumbai,NOAA,32.4,67.9,1004.7,1.5,270.0,
2024-05-31 03:00:00,43057099999,Mumbai,NOAA,30.6,82.6,1007.6,0.0,,
2024-05-31 06:00:00,43057099999,Mumbai,NOAA,34.6,65.5,1007.5,1.0,250.0,
2024-05-31 09:00:00,43057099999,Mumbai,NOAA,34.6,63.3,1006.0,0.0,,
2024-05-31 12:00:00,43057099999,Mumbai,NOAA,33.0,66.8,1005.0,1.0,340.0,
2024-06-01 03:00:00,43057099999,Mumbai,NOAA,30.4,78.3,1007.2,0.5,270.0,
2024-06-01 12:00:00,43057099999,Mumbai,NOAA,32.8,65.6,1005.0,2.1,270.0,
2024-06-02 03:00:00,43057099999,Mumbai,NOAA,31.0,73.5,1007.5,0.0,,
2024-06-02 06:00:00,43057099999,Mumbai,NOAA,34.4,59.6,1007.4,0.0,,
2024-06-02 12:00:00,43057099999,Mumbai,NOAA,33.0,62.2,1004.8,1.0,270.0,
2024-06-03 03:00:00,43057099999,Mumbai,NOAA,31.6,72.3,1007.3,0.0,,
2024-06-03 09:00:00,43057099999,Mumbai,NOAA,34.4,58.5,1006.4,0.0,,
2024-06-03 12:00:00,43057099999,Mumbai,NOAA,33.2,66.0,1005.0,0.0,,
2024-06-04 03:00:00,43057099999,Mumbai,NOAA,30.4,76.9,1007.4,0.0,,
2024-06-04 06:00:00,43057099999,Mumbai,NOAA,35.0,60.1,1008.3,0.0,,
2024-06-04 12:00:00,43057099999,Mumbai,NOAA,33.8,61.6,1005.1,0.0,,
2024-06-05 03:00:00,43057099999,Mumbai,NOAA,31.4,74.9,1008.6,0.0,,0.2
2024-06-05 06:00:00,43057099999,Mumbai,NOAA,32.2,63.9,1008.6,1.0,270.0,2.0
2024-06-05 09:00:00,43057099999,Mumbai,NOAA,33.8,59.5,1006.4,0.0,,2.0
2024-06-05 12:00:00,43057099999,Mumbai,NOAA,33.2,62.2,1005.3,0.0,,2.0
2024-06-06 03:00:00,43057099999,Mumbai,NOAA,30.0,78.3,1009.3,0.0,,2.0
2024-06-06 06:00:00,43057099999,Mumbai,NOAA,33.8,61.6,1009.1,0.0,,1.0
2024-06-06 12:00:00,43057099999,Mumbai,NOAA,33.0,65.6,1005.5,1.0,270.0,1.0
2024-06-07 00:00:00,43057099999,Mumbai,NOAA,30.4,74.2,1005.9,0.0,,1.0
2024-06-07 03:00:00,43057099999,Mumbai,NOAA,31.0,68.0,1007.2,0.0,,1.0
2024-06-07 12:00:00,43057099999,Mumbai,NOAA,32.4,61.7,1003.6,0.0,,
2024-06-07 15:00:00,43057099999,Mumbai,NOAA,31.0,62.1,1005.8,0.0,,
2024-06-08 00:00:00,43057099999,Mumbai,NOAA,30.4,74.2,1004.8,0.0,,
2024-06-08 03:00:00,43057099999,Mumbai,NOAA,29.4,77.7,1006.2,0.0,,4.0
2024-06-08 06:00:00,43057099999,Mumbai,NOAA,32.4,59.5,1005.7,0.0,,
2024-06-08 09:00:00,43057099999,Mumbai,NOAA,33.4,63.8,1003.5,0.0,,
2024-06-08 12:00:00,43057099999,Mumbai,NOAA,32.4,66.7,1001.6,0.0,,
2024-06-09 03:00:00,43057099999,Mumbai,NOAA,25.2,89.8,1005.9,0.0,,9.0
2024-06-09 06:00:00,43057099999,Mumbai,NOAA,26.2,82.6,1006.0,0.0,,0.2
2024-06-09 12:00:00,43057099999,Mumbai,NOAA,30.0,71.6,1004.5,0.0,,0.2
2024-06-10 00:00:00,43057099999,Mumbai,NOAA,25.4,88.2,1006.0,0.0,,52.0
2024-06-10 03:00:00,43057099999,Mumbai,NOAA,25.4,88.2,1006.5,0.0,,53.0
2024-06-10 12:00:00,43057099999,Mumbai,NOAA,28.4,73.0,1005.0,0.0,,
2024-06-11 03:00:00,43057099999,Mumbai,NOAA,26.0,88.8,1007.7,0.0,,53.0
2024-06-11 06:00:00,43057099999,Mumbai,NOAA,29.4,88.0,1007.9,0.0,,
2024-06-11 12:00:00,43057099999,Mumbai,NOAA,29.4,76.3,1005.1,0.0,,20.0
2024-06-12 03:00:00,43057099999,Mumbai,NOAA,28.8,79.0,1008.7,0.0,,20.0
2024-06-12 06:00:00,43057099999,Mumbai,NOAA,31.4,73.5,1008.2,0.0,,
2024-06-12 12:00:00,43057099999,Mumbai,NOAA,30.8,70.4,1005.4,0.0,,
2024-06-13 03:00:00,43057099999,Mumbai,NOAA,28.6,84.9,1007.7,0.0,,
2024-06-13 06:00:00,43057099999,Mumbai,NOAA,32.0,67.4,1007.9,0.0,,
2024-06-13 09:00:00,43057099999,Mumbai,NOAA,31.0,65.6,1006.2,0.0,,
2024-06-13 12:00:00,43057099999,Mumbai,NOAA,30.4,72.9,1005.2,1.0,250.0,
2024-06-14 03:00:00,43057099999,Mumbai,NOAA,26.0,92.0,1007.2,0.0,,53.0
2024-06-14 06:00:00,43057099999,Mumbai,NOAA,27.2,84.2,1006.7,0.0,,3.0
2024-06-14 12:00:00,43057099999,Mumbai,NOAA,29.4,77.7,1004.5,0.0,,6.0
2024-06-15 03:00:00,43057099999,Mumbai,NOAA,27.4,81.2,1006.0,0.0,,6.0
2024-06-15 12:00:00,43057099999,Mumbai,NOAA,30.6,74.3,1003.6,0.0,,
2024-06-16 03:00:00,43057099999,Mumbai,NOAA,28.6,77.6,1006.3,0.0,,
2024-06-16 06:00:00,43057099999,Mumbai,NOAA,33.6,67.3,1006.6,0.0,,
2024-06-16 09:00:00,43057099999,Mumbai,NOAA,32.6,59.5,1004.9,0.0,,
2024-06-16 12:00:00,43057099999,Mumbai,NOAA,32.0,69.8,1003.9,1.0,250.0,
2024-06-17 03:00:00,43057099999,Mumbai,NOAA,30.4,82.6,1006.3,0.0,,
2024-06-17 09:00:00,43057099999,Mumbai,NOAA,28.8,81.9,1005.7,0.0,,6.0
2024-06-17 12:00:00,43057099999,Mumbai,NOAA,29.0,83.4,1004.7,0.0,,6.0
2024-06-18 03:00:00,43057099999,Mumbai,NOAA,29.4,77.7,1006.0,0.0,,13.0
2024-06-18 06:00:00,43057099999,Mumbai,NOAA,30.4,65.1,1006.4,0.0,,
2024-06-18 09:00:00,43057099999,Mumbai,NOAA,27.8,88.9,1005.8,0.0,,8.0
2024-06-18 12:00:00,43057099999,Mumbai,NOAA,28.0,88.9,1004.6,0.0,,8.0
2024-06-19 03:00:00,43057099999,Mumbai,NOAA,27.4,90.5,1004.1,0.0,,55.0
2024-06-19 09:00:00,43057099999,Mumbai,NOAA,30.8,78.4,1002.9,0.0,,3.0
2024-06-19 12:00:00,43057099999,Mumbai,NOAA,29.4,82.0,1001.9,0.0,,8.0
2024-06-20 03:00:00,43057099999,Mumbai,NOAA,29.4,83.4,1002.8,0.0,,29.0
2024-06-20 06:00:00,43057099999,Mumbai,NOAA,30.4,81.1,1003.5,0.0,,0.2
2024-06-20 12:00:00,43057099999,Mumbai,NOAA,30.8,81.2,1000.9,1.0,230.0,0.4
2024-06-21 03:00:00,43057099999,Mumbai,NOAA,31.0,79.8,1003.7,0.0,,2.0
2024-06-21 06:00:00,43057099999,Mumbai,NOAA,33.0,72.9,1004.5,0.0,,
2024-06-21 09:00:00,43057099999,Mumbai,NOAA,33.4,71.7,1003.1,0.0,,
2024-06-21 12:00:00,43057099999,Mumbai,NOAA,31.4,67.3,1001.6,0.0,,
2024-06-22 03:00:00,43057099999,Mumbai,NOAA,29.2,88.0,1002.6,0.0,,2.0
2024-06-22 06:00:00,43057099999,Mumbai,NOAA,31.0,77.5,1002.4,0.0,,0.6
2024-06-22 12:00:00,43057099999,Mumbai,NOAA,27.6,84.2,1000.0,0.0,,22.0
2024-06-23 03:00:00,43057099999,Mumbai,NOAA,28.2,84.8,1002.2,0.0,,23.0
2024-06-23 12:00:00,43057099999,Mumbai,NOAA,28.2,77.5,998.7,0.0,,5.0
2024-06-24 03:00:00,43057099999,Mumbai,NOAA,28.2,84.8,1000.5,0.0,,6.0
2024-06-24 06:00:00,43057099999,Mumbai,NOAA,32.0,69.8,1000.1,0.0,,
2024-06-24 09:00:00,43057099999,Mumbai,NOAA,32.4,67.9,998.5,0.0,,
2024-06-24 12:00:00,43057099999,Mumbai,NOAA,31.4,69.7,997.5,0.0,,
2024-06-25 03:00:00,43057099999,Mumbai,NOAA,29.0,81.9,999.2,0.0,,
2024-06-25 06:00:00,43057099999,Mumbai,NOAA,31.0,69.2,998.4,0.0,,
2024-06-25 12:00:00,43057099999,Mumbai,NOAA,31.4,72.7,995.3,2.1,140.0,
2024-06-26 03:00:00,43057099999,Mumbai,NOAA,28.2,88.9,997.2,1.0,140.0,13.0
2024-06-26 06:00:00,43057099999,Mumbai,NOAA,31.6,72.3,998.1,1.0,360.0,0.4
2024-06-26 09:00:00,43057099999,Mumbai,NOAA,30.4,81.1,996.7,5.1,290.0,1.0
2024-06-26 12:00:00,43057099999,Mumbai,NOAA,29.0,88.0,996.4,2.1,290.0,2.0
2024-06-27 03:00:00,43057099999,Mumbai,NOAA,27.0,85.7,1000.1,0.0,,47.0
2024-06-27 06:00:00,43057099999,Mumbai,NOAA,29.4,77.7,1001.2,1.0,290.0,0.4
2024-06-27 09:00:00,43057099999,Mumbai,NOAA,28.4,86.4,,1.0,140.0,3.0
2024-06-27 12:00:00,43057099999,Mumbai,NOAA,28.0,87.3,999.2,0.0,,10.0
2024-06-28 03:00:00,43057099999,Mumbai,NOAA,27.4,81.2,1001.7,0.0,,79.0
2024-06-28 09:00:00,43057099999,Mumbai,NOAA,27.4,90.5,1001.0,0.0,,19.0
2024-06-28 12:00:00,43057099999,Mumbai,NOAA,27.8,82.8,1000.2,2.1,270.0,21.0
2024-06-29 03:00:00,43057099999,Mumbai,NOAA,28.8,81.9,1003.0,0.0,,25.0
2024-06-29 12:00:00,43057099999,Mumbai,NOAA,30.0,79.7,1001.5,1.0,230.0,3.0
2024-06-30 03:00:00,43057099999,Mumbai,NOAA,28.6,84.9,1003.5,1.0,290.0,16.0
2024-06-30 06:00:00,43057099999,Mumbai,NOAA,29.4,82.0,1003.9,1.0,250.0,
2024-06-30 09:00:00,43057099999,Mumbai,NOAA,29.4,83.4,1002.4,1.0,250.0,2.0
2024-06-30 12:00:00,43057099999,Mumbai,NOAA,29.4,79.1,1001.8,1.0,250.0,2.0
2024-07-01 03:00:00,43057099999,Mumbai,NOAA,29.4,80.5,1002.6,0.0,,9.0
2024-07-01 06:00:00,43057099999,Mumbai,NOAA,30.4,75.6,1002.9,5.1,250.0,
2024-07-01 12:00:00,43057099999,Mumbai,NOAA,30.2,75.6,1000.3,1.5,230.0,0.8
2024-07-02 00:00:00,43057099999,Mumbai,NOAA,28.0,84.8,1000.2,8.2,250.0,29.0
2024-07-02 03:00:00,43057099999,Mumbai,NOAA,29.0,80.5,1001.9,6.2,250.0,29.0
2024-07-02 06:00:00,43057099999,Mumbai,NOAA,30.4,76.9,1002.9,4.1,250.0,0.2
2024-07-02 12:00:00,43057099999,Mumbai,NOAA,30.2,79.7,1000.9,1.5,230.0,0.2
2024-07-03 03:00:00,43057099999,Mumbai,NOAA,29.6,79.6,1003.1,1.5,230.0,0.2
2024-07-03 12:00:00,43057099999,Mumbai,NOAA,30.0,75.5,1001.9,0.0,,0.2
2024-07-04 00:00:00,43057099999,Mumbai,NOAA,28.4,83.3,1002.5,5.1,250.0,3.0
2024-07-04 03:00:00,43057099999,Mumbai,NOAA,29.4,83.4,1004.3,4.1,250.0,3.0
2024-07-04 06:00:00,43057099999,Mumbai,NOAA,31.4,74.9,1004.8,4.1,250.0,
2024-07-04 09:00:00,43057099999,Mumbai,NOAA,31.6,76.2,1003.2,1.5,230.0,
2024-07-04 12:00:00,43057099999,Mumbai,NOAA,28.6,87.9,1002.4,0.0,,0.8
2024-07-05 03:00:00,43057099999,Mumbai,NOAA,29.2,83.4,1003.0,2.6,270.0,3.0
2024-07-05 06:00:00,43057099999,Mumbai,NOAA,30.2,78.3,1002.9,1.0,270.0,0.1
2024-07-05 09:00:00,43057099999,Mumbai,NOAA,30.0,81.1,1001.3,0.0,,3.0
2024-07-05 12:00:00,43057099999,Mumbai,NOAA,30.0,75.5,,4.1,250.0,3.0
2024-07-06 03:00:00,43057099999,Mumbai,NOAA,29.4,79.1,1001.0,7.7,250.0,7.0
2024-07-06 06:00:00,43057099999,Mumbai,NOAA,30.2,78.3,1001.9,6.2,250.0,0.2
2024-07-06 09:00:00,43057099999,Mumbai,NOAA,30.4,75.6,1000.7,2.6,250.0,0.2
2024-07-06 12:00:00,43057099999,Mumbai,NOAA,30.4,74.7,999.4,2.6,250.0,2.0
2024-07-07 03:00:00,43057099999,Mumbai,NOAA,27.6,90.5,1002.4,1.5,270.0,61.0
2024-07-07 06:00:00,43057099999,Mumbai,NOAA,28.2,77.5,1003.4,1.0,270.0,3.0
2024-07-07 09:00:00,43057099999,Mumbai,NOAA,29.0,81.9,1001.6,0.0,,3.0
2024-07-07 12:00:00,43057099999,Mumbai,NOAA,29.6,81.0,1000.5,1.0,270.0,3.0
2024-07-08 03:00:00,43057099999,Mumbai,NOAA,27.5,91.6,1002.3,0.0,,
2024-07-08 06:00:00,43057099999,Mumbai,NOAA,27.0,88.8,1002.6,0.0,,0.2
2024-07-08 09:00:00,43057099999,Mumbai,NOAA,26.5,89.9,1001.3,0.0,,
2024-07-08 12:00:00,43057099999,Mumbai,NOAA,26.4,90.4,1000.5,1.0,250.0,102.0
2024-07-09 03:00:00,43057099999,Mumbai,NOAA,25.4,90.3,1003.4,0.0,,161.0
2024-07-09 06:00:00,43057099999,Mumbai,NOAA,27.4,84.2,1003.7,1.0,140.0,
2024-07-09 09:00:00,43057099999,Mumbai,NOAA,27.4,84.2,1003.6,1.5,250.0,0.0
2024-07-09 12:00:00,43057099999,Mumbai,NOAA,26.2,87.2,1002.8,1.0,270.0,3.0
2024-07-10 03:00:00,43057099999,Mumbai,NOAA,26.4,84.1,1006.6,2.6,140.0,3.0
2024-07-10 06:00:00,43057099999,Mumbai,NOAA,29.4,75.0,1006.7,1.0,140.0,
2024-07-10 09:00:00,43057099999,Mumbai,NOAA,27.0,85.7,1005.6,0.0,,7.0
2024-07-10 12:00:00,43057099999,Mumbai,NOAA,28.4,81.9,1004.6,2.1,250.0,7.0
2024-07-11 03:00:00,43057099999,Mumbai,NOAA,26.2,87.2,1007.2,0.0,,59.0
2024-07-11 06:00:00,43057099999,Mumbai,NOAA,28.0,80.4,1007.5,0.0,,0.2
2024-07-11 12:00:00,43057099999,Mumbai,NOAA,26.4,90.4,1003.9,1.0,320.0,29.0
2024-07-12 03:00:00,43057099999,Mumbai,NOAA,25.4,91.4,1004.7,0.0,,86.0
2024-07-12 06:00:00,43057099999,Mumbai,NOAA,25.6,91.4,1004.6,0.0,,5.0
2024-07-12 09:00:00,43057099999,Mumbai,NOAA,27.2,90.5,1003.0,1.5,250.0,6.0
2024-07-12 12:00:00,43057099999,Mumbai,NOAA,27.0,87.3,1002.6,1.5,250.0,10.0
2024-07-13 06:00:00,43057099999,Mumbai,NOAA,25.4,90.3,1004.5,1.5,250.0,14.0
2024-07-13 12:00:00,43057099999,Mumbai,NOAA,26.0,88.8,1001.7,5.1,250.0,48.0
2024-07-14 06:00:00,43057099999,Mumbai,NOAA,27.4,92.1,1001.4,1.0,290.0,2.0
2024-07-15 03:00:00,43057099999,Mumbai,NOAA,27.2,90.5,1001.1,0.0,,7.0
2024-07-15 06:00:00,43057099999,Mumbai,NOAA,26.6,90.4,1001.5,0.0,,0.6
2024-07-15 09:00:00,43057099999,Mumbai,NOAA,26.4,90.4,,2.6,250.0,21.0
2024-07-15 12:00:00,43057099999,Mumbai,NOAA,27.0,85.7,999.2,0.0,,21.0
2024-07-16 03:00:00,43057099999,Mumbai,NOAA,26.4,90.4,1000.8,2.1,250.0,22.0
2024-07-16 06:00:00,43057099999,Mumbai,NOAA,28.4,81.9,1001.4,2.1,250.0,
2024-07-16 12:00:00,43057099999,Mumbai,NOAA,27.6,82.7,999.7,1.0,270.0,0.8
2024-07-17 03:00:00,43057099999,Mumbai,NOAA,27.0,90.4,1002.8,1.0,160.0,10.0
2024-07-17 06:00:00,43057099999,Mumbai,NOAA,28.4,86.4,1003.0,0.0,,11.0
2024-07-17 09:00:00,43057099999,Mumbai,NOAA,29.4,82.0,1001.7,2.1,250.0,1.0
2024-07-17 12:00:00,43057099999,Mumbai,NOAA,28.0,87.3,1000.7,0.0,,2.0
2024-07-18 03:00:00,43057099999,Mumbai,NOAA,25.0,89.8,1003.1,0.0,,101.0
2024-07-18 06:00:00,43057099999,Mumbai,NOAA,25.0,91.4,1004.1,0.0,,40.0
2024-07-18 09:00:00,43057099999,Mumbai,NOAA,25.0,91.4,1002.3,0.0,,75.0
2024-07-18 12:00:00,43057099999,Mumbai,NOAA,26.0,90.4,1000.6,1.0,250.0,79.0
2024-07-18 15:00:00,43057099999,Mumbai,NOAA,26.2,88.8,1001.7,0.0,,79.0
2024-07-19 00:00:00,43057099999,Mumbai,NOAA,26.8,85.7,999.7,2.6,250.0,94.0
2024-07-19 03:00:00,43057099999,Mumbai,NOAA,26.4,90.4,1001.7,1.5,290.0,115.0
2024-07-19 06:00:00,43057099999,Mumbai,NOAA,25.8,92.0,1001.9,1.0,270.0,40.0
2024-07-19 12:00:00,43057099999,Mumbai,NOAA,27.0,87.3,998.7,1.5,250.0,66.0
2024-07-20 03:00:00,43057099999,Mumbai,NOAA,26.4,90.4,1001.8,1.5,250.0,111.0
2024-07-20 12:00:00,43057099999,Mumbai,NOAA,26.4,85.6,1000.8,2.6,250.0,21.0
2024-07-21 03:00:00,43057099999,Mumbai,NOAA,27.2,82.7,1001.4,1.0,250.0,22.0
2024-07-21 09:00:00,43057099999,Mumbai,NOAA,27.0,90.4,1001.7,1.0,250.0,32.0
2024-07-21 12:00:00,43057099999,Mumbai,NOAA,26.6,90.4,1001.2,2.1,270.0,40.0
2024-07-22 03:00:00,43057099999,Mumbai,NOAA,25.8,90.4,1004.3,3.1,270.0,71.0
2024-07-22 12:00:00,43057099999,Mumbai,NOAA,26.2,90.4,1002.7,3.1,250.0,35.0
2024-07-23 03:00:00,43057099999,Mumbai,NOAA,26.4,90.4,1005.2,1.0,250.0,93.0
2024-07-23 06:00:00,43057099999,Mumbai,NOAA,27.0,85.7,1005.4,1.0,250.0,0.2
2024-07-23 09:00:00,43057099999,Mumbai,NOAA,27.0,87.3,1002.7,2.1,270.0,14.0
2024-07-23 12:00:00,43057099999,Mumbai,NOAA,27.0,87.3,1002.7,2.1,270.0,14.0
2024-07-24 03:00:00,43057099999,Mumbai,NOAA,27.2,85.7,1002.9,2.6,250.0,38.0
2024-07-24 09:00:00,43057099999,Mumbai,NOAA,28.4,77.6,1000.7,6.2,250.0,0.7
2024-07-24 12:00:00,43057099999,Mumbai,NOAA,27.4,85.7,999.5,6.2,250.0,3.0
2024-07-25 03:00:00,43057099999,Mumbai,NOAA,26.4,90.4,1000.5,6.2,250.0,63.0
2024-07-25 06:00:00,43057099999,Mumbai,NOAA,25.4,90.3,1001.6,5.1,250.0,29.0
2024-07-25 09:00:00,43057099999,Mumbai,NOAA,26.2,87.2,1000.4,6.2,270.0,34.0
2024-07-25 12:00:00,43057099999,Mumbai,NOAA,26.4,87.2,999.8,5.1,270.0,45.0
2024-07-26 00:00:00,43057099999,Mumbai,NOAA,26.6,87.2,1001.0,1.5,250.0,57.0
2024-07-26 03:00:00,43057099999,Mumbai,NOAA,27.2,85.7,1003.1,1.5,250.0,57.0
2024-07-26 06:00:00,43057099999,Mumbai,NOAA,27.6,85.8,1003.5,1.0,250.0,0.3
2024-07-26 09:00:00,43057099999,Mumbai,NOAA,28.4,86.4,1002.3,4.1,250.0,0.3
2024-07-26 12:00:00,43057099999,Mumbai,NOAA,28.4,81.9,1001.8,2.6,250.0,0.3
2024-07-27 03:00:00,43057099999,Mumbai,NOAA,27.2,85.7,1004.6,5.1,250.0,5.0
2024-07-27 09:00:00,43057099999,Mumbai,NOAA,28.2,81.8,1002.8,5.1,250.0,0.6
2024-07-27 12:00:00,43057099999,Mumbai,NOAA,28.4,81.9,1001.7,4.1,250.0,0.6
2024-07-28 03:00:00,43057099999,Mumbai,NOAA,27.6,88.9,1002.3,1.0,250.0,4.0
2024-07-28 06:00:00,43057099999,Mumbai,NOAA,29.0,83.4,1001.7,1.0,250.0,
2024-07-28 09:00:00,43057099999,Mumbai,NOAA,29.0,86.4,1000.0,1.0,250.0,0.3
2024-07-28 12:00:00,43057099999,Mumbai,NOAA,28.6,84.9,999.1,2.1,250.0,0.3
2024-07-29 03:00:00,43057099999,Mumbai,NOAA,27.6,87.3,1000.0,1.5,250.0,1.0
2024-07-29 06:00:00,43057099999,Mumbai,NOAA,28.4,87.9,1000.1,4.1,250.0,0.0
2024-07-29 09:00:00,43057099999,Mumbai,NOAA,27.0,92.1,999.1,5.1,250.0,5.0
2024-07-29 12:00:00,43057099999,Mumbai,NOAA,27.8,85.8,998.4,5.1,250.0,6.0
2024-07-30 03:00:00,43057099999,Mumbai,NOAA,27.0,90.4,1002.9,2.6,250.0,10.0
2024-07-30 06:00:00,43057099999,Mumbai,NOAA,27.4,92.1,1003.7,4.1,250.0,9.0
2024-07-30 12:00:00,43057099999,Mumbai,NOAA,29.2,82.0,1002.7,1.5,270.0,9.0
2024-07-31 03:00:00,43057099999,Mumbai,NOAA,27.4,87.3,1005.7,1.5,250.0,15.0
2024-07-31 06:00:00,43057099999,Mumbai,NOAA,28.4,84.8,1006.1,2.1,250.0,2.0
2024-07-31 12:00:00,43057099999,Mumbai,NOAA,29.0,80.5,1004.2,3.1,250.0,3.0
2024-08-01 03:00:00,43057099999,Mumbai,NOAA,28.0,83.3,1004.8,2.6,250.0,3.0
2024-08-01 06:00:00,43057099999,Mumbai,NOAA,29.0,77.7,1005.9,2.6,250.0,1.0
2024-08-01 09:00:00,43057099999,Mumbai,NOAA,28.8,79.0,1004.6,2.6,250.0,1.0
2024-08-01 12:00:00,43057099999,Mumbai,NOAA,28.6,81.9,1003.9,3.6,250.0,2.0
2024-08-02 03:00:00,43057099999,Mumbai,NOAA,27.4,81.2,1005.0,5.1,250.0,18.0
2024-08-02 06:00:00,43057099999,Mumbai,NOAA,28.2,78.9,1005.3,2.1,250.0,0.1
2024-08-02 09:00:00,43057099999,Mumbai,NOAA,28.2,83.3,1004.0,2.1,250.0,1.0
2024-08-02 12:00:00,43057099999,Mumbai,NOAA,28.0,83.3,1003.0,5.1,250.0,2.0
2024-08-02 15:00:00,43057099999,Mumbai,NOAA,27.4,84.2,1004.7,8.2,250.0,5.0
2024-08-03 00:00:00,43057099999,Mumbai,NOAA,27.4,82.7,1003.2,5.1,250.0,6.0
2024-08-03 03:00:00,43057099999,Mumbai,NOAA,27.4,81.2,1004.8,6.2,250.0,7.0
2024-08-03 12:00:00,43057099999,Mumbai,NOAA,27.0,92.1,1003.8,6.2,250.0,43.0
2024-08-04 03:00:00,43057099999,Mumbai,NOAA,26.8,88.8,1005.3,6.2,230.0,57.0
2024-08-04 06:00:00,43057099999,Mumbai,NOAA,27.0,90.4,1006.5,3.6,230.0,9.0
2024-08-04 12:00:00,43057099999,Mumbai,NOAA,27.6,82.7,1004.3,2.1,230.0,10.0
2024-08-04 15:00:00,43057099999,Mumbai,NOAA,27.4,85.7,1005.6,3.1,230.0,11.0
2024-08-05 03:00:00,43057099999,Mumbai,NOAA,27.8,82.8,1006.5,1.5,230.0,12.0
2024-08-05 06:00:00,43057099999,Mumbai,NOAA,28.6,80.4,1007.4,1.5,230.0,0.0
2024-08-05 09:00:00,43057099999,Mumbai,NOAA,28.8,84.9,1005.9,1.5,230.0,2.0
2024-08-05 12:00:00,43057099999,Mumbai,NOAA,27.4,84.2,1005.4,2.1,250.0,2.0
2024-08-06 03:00:00,43057099999,Mumbai,NOAA,27.4,84.2,1006.8,1.0,250.0,8.0
2024-08-06 12:00:00,43057099999,Mumbai,NOAA,27.4,88.9,1005.1,1.0,270.0,2.0
2024-08-07 03:00:00,43057099999,Mumbai,NOAA,28.0,84.8,1007.0,1.0,250.0,4.0
2024-08-07 06:00:00,43057099999,Mumbai,NOAA,29.0,76.3,1007.3,0.0,,0.1
2024-08-07 09:00:00,43057099999,Mumbai,NOAA,31.0,72.2,1005.9,2.6,250.0,0.1
2024-08-07 12:00:00,43057099999,Mumbai,NOAA,29.8,74.2,1005.6,2.6,250.0,0.1
2024-08-08 03:00:00,43057099999,Mumbai,NOAA,28.4,83.3,1007.8,1.0,250.0,0.3
2024-08-08 06:00:00,43057099999,Mumbai,NOAA,29.8,78.2,1007.9,2.6,250.0,0.4
2024-08-08 12:00:00,43057099999,Mumbai,NOAA,30.0,74.2,1006.8,1.5,270.0,0.4
2024-08-09 03:00:00,43057099999,Mumbai,NOAA,27.4,85.7,1008.6,2.1,270.0,5.0
2024-08-09 06:00:00,43057099999,Mumbai,NOAA,29.0,83.4,1009.3,1.5,270.0,3.0
2024-08-09 12:00:00,43057099999,Mumbai,NOAA,29.0,72.3,1007.7,2.1,250.0,3.0
2024-08-10 00:00:00,43057099999,Mumbai,NOAA,27.4,85.7,1007.7,1.0,250.0,5.0
2024-08-10 03:00:00,43057099999,Mumbai,NOAA,27.6,87.3,1009.0,2.1,250.0,5.0
2024-08-10 06:00:00,43057099999,Mumbai,NOAA,30.0,82.5,1011.8,2.1,230.0,
2024-08-10 12:00:00,43057099999,Mumbai,NOAA,29.0,72.3,1007.5,1.0,250.0,0.8
2024-08-10 15:00:00,43057099999,Mumbai,NOAA,28.4,77.6,1008.1,1.0,250.0,0.8
2024-08-11 03:00:00,43057099999,Mumbai,NOAA,28.2,81.8,1008.0,0.0,,1.0
2024-08-11 09:00:00,43057099999,Mumbai,NOAA,30.4,71.6,1007.5,1.0,290.0,
2024-08-11 12:00:00,43057099999,Mumbai,NOAA,28.0,84.8,1005.1,1.0,270.0,2.0
2024-08-11 15:00:00,43057099999,Mumbai,NOAA,28.0,81.8,1007.1,0.0,,2.0
2024-08-13 00:00:00,43057099999,Mumbai,NOAA,27.4,88.9,1006.5,0.0,,3.0
2024-08-13 03:00:00,43057099999,Mumbai,NOAA,27.6,87.3,1008.2,0.0,,6.0
2024-08-13 12:00:00,43057099999,Mumbai,NOAA,30.4,72.9,1005.2,1.0,270.0,
2024-08-14 03:00:00,43057099999,Mumbai,NOAA,27.4,87.3,1008.0,0.0,,0.2
2024-08-14 06:00:00,43057099999,Mumbai,NOAA,,,1008.2,7.2,30.0,
2024-08-14 12:00:00,43057099999,Mumbai,NOAA,30.4,70.4,1005.4,2.6,250.0,
2024-08-14 15:00:00,43057099999,Mumbai,NOAA,29.0,73.6,1006.7,1.0,250.0,
2024-08-15 00:00:00,43057099999,Mumbai,NOAA,28.4,80.4,1005.7,0.0,,
2024-08-15 03:00:00,43057099999,Mumbai,NOAA,28.4,86.4,1007.0,0.0,,
2024-08-15 06:00:00,43057099999,Mumbai,NOAA,31.0,72.2,1007.0,0.0,,
2024-08-15 12:00:00,43057099999,Mumbai,NOAA,30.8,70.4,1003.7,1.5,290.0,
2024-08-16 00:00:00,43057099999,Mumbai,NOAA,28.0,81.8,1004.1,0.0,,
2024-08-16 03:00:00,43057099999,Mumbai,NOAA,28.2,80.4,1005.4,0.0,,
2024-08-16 06:00:00,43057099999,Mumbai,NOAA,31.0,70.9,1006.1,0.0,,
2024-08-16 12:00:00,43057099999,Mumbai,NOAA,31.0,68.0,1003.3,1.0,250.0,
2024-08-17 03:00:00,43057099999,Mumbai,NOAA,28.4,86.4,1006.4,0.0,,
2024-08-17 06:00:00,43057099999,Mumbai,NOAA,30.6,71.7,1006.9,0.0,,0.4
2024-08-17 09:00:00,43057099999,Mumbai,NOAA,32.2,62.8,1005.2,0.0,,0.4
2024-08-17 12:00:00,43057099999,Mumbai,NOAA,31.2,63.3,1004.1,0.0,,0.4
2024-08-17 15:00:00,43057099999,Mumbai,NOAA,30.2,71.6,1005.7,0.0,,0.4
2024-08-18 00:00:00,43057099999,Mumbai,NOAA,28.4,86.4,1006.1,0.0,,3.0
2024-08-18 03:00:00,43057099999,Mumbai,NOAA,27.0,89.9,1006.7,0.0,,34.0
2024-08-18 06:00:00,43057099999,Mumbai,NOAA,29.4,91.1,1007.3,0.0,,
2024-08-18 09:00:00,43057099999,Mumbai,NOAA,31.4,72.2,1005.4,0.0,,
2024-08-18 12:00:00,43057099999,Mumbai,NOAA,30.6,74.3,1004.2,1.0,320.0,
2024-08-18 15:00:00,43057099999,Mumbai,NOAA,29.8,78.2,1006.1,0.0,,
2024-08-19 00:00:00,43057099999,Mumbai,NOAA,29.0,81.9,1005.7,0.0,,
2024-08-19 03:00:00,43057099999,Mumbai,NOAA,28.4,83.3,1006.5,0.0,,
2024-08-19 06:00:00,43057099999,Mumbai,NOAA,31.4,76.2,1006.8,0.0,,
2024-08-19 09:00:00,43057099999,Mumbai,NOAA,31.4,74.9,1003.5,1.5,320.0,
2024-08-19 12:00:00,43057099999,Mumbai,NOAA,30.4,76.9,1003.2,1.0,340.0,
2024-08-19 15:00:00,43057099999,Mumbai,NOAA,29.8,81.1,1005.3,0.0,,0.0
2024-08-20 06:00:00,43057099999,Mumbai,NOAA,29.0,73.6,1006.6,0.0,,0.2
2024-08-20 09:00:00,43057099999,Mumbai,NOAA,29.0,73.6,1004.2,1.0,320.0,0.6
2024-08-20 12:00:00,43057099999,Mumbai,NOAA,28.6,83.4,1004.5,0.0,,1.0
2024-08-21 03:00:00,43057099999,Mumbai,NOAA,27.6,88.9,1006.4,0.0,,2.0
2024-08-21 06:00:00,43057099999,Mumbai,NOAA,30.8,71.7,1006.7,0.0,,
2024-08-21 12:00:00,43057099999,Mumbai,NOAA,31.0,77.5,1003.0,0.0,,
2024-08-22 00:00:00,43057099999,Mumbai,NOAA,29.0,89.5,1004.3,0.0,,
2024-08-22 03:00:00,43057099999,Mumbai,NOAA,28.4,84.3,1005.5,0.0,,
2024-08-22 06:00:00,43057099999,Mumbai,NOAA,32.0,63.9,1005.7,0.0,,
2024-08-22 12:00:00,43057099999,Mumbai,NOAA,31.2,74.8,1002.6,1.0,250.0,
2024-08-23 03:00:00,43057099999,Mumbai,NOAA,29.0,81.9,1006.3,1.0,140.0,0.0
2024-08-23 06:00:00,43057099999,Mumbai,NOAA,29.6,81.0,1006.5,1.0,140.0,0.0
2024-08-23 09:00:00,43057099999,Mumbai,NOAA,30.0,79.7,1004.3,0.0,,0.0
2024-08-23 12:00:00,43057099999,Mumbai,NOAA,29.4,84.9,1003.0,0.0,,0.0
2024-08-24 03:00:00,43057099999,Mumbai,NOAA,27.0,87.3,1007.4,0.0,,14.0
2024-08-24 06:00:00,43057099999,Mumbai,NOAA,26.6,87.2,1007.9,5.1,250.0,4.0
2024-08-24 09:00:00,43057099999,Mumbai,NOAA,27.0,85.7,1006.3,4.1,270.0,7.0
2024-08-24 12:00:00,43057099999,Mumbai,NOAA,26.4,87.2,1005.0,4.1,270.0,17.0
2024-08-25 03:00:00,43057099999,Mumbai,NOAA,26.6,88.8,1006.2,2.6,270.0,46.0
2024-08-25 06:00:00,43057099999,Mumbai,NOAA,27.6,87.3,1005.9,4.1,270.0,12.0
2024-08-25 09:00:00,43057099999,Mumbai,NOAA,27.4,85.7,1004.5,6.2,290.0,14.0
2024-08-25 12:00:00,43057099999,Mumbai,NOAA,26.8,85.7,1003.7,4.1,290.0,19.0
2024-08-26 03:00:00,43057099999,Mumbai,NOAA,28.0,81.8,1004.1,3.1,270.0,20.0
2024-08-26 06:00:00,43057099999,Mumbai,NOAA,28.6,80.4,1004.3,6.2,270.0,0.4
2024-08-26 09:00:00,43057099999,Mumbai,NOAA,29.2,73.6,1002.9,5.1,270.0,1.0
2024-08-26 12:00:00,43057099999,Mumbai,NOAA,28.8,77.6,1002.2,6.2,250.0,1.0
2024-08-26 15:00:00,43057099999,Mumbai,NOAA,28.0,85.8,1003.8,5.1,270.0,3.0
2024-08-27 03:00:00,43057099999,Mumbai,NOAA,28.6,76.2,1004.7,6.2,270.0,15.0
2024-08-27 06:00:00,43057099999,Mumbai,NOAA,29.0,77.7,1005.3,6.2,270.0,0.4
2024-08-27 09:00:00,43057099999,Mumbai,NOAA,26.0,90.4,1004.0,3.1,250.0,14.0
2024-08-27 12:00:00,43057099999,Mumbai,NOAA,27.4,85.7,1003.7,4.1,250.0,17.0
2024-08-27 15:00:00,43057099999,Mumbai,NOAA,27.4,81.2,1005.3,3.1,270.0,17.0
2024-08-28 00:00:00,43057099999,Mumbai,NOAA,27.8,79.8,1004.0,5.1,270.0,21.0
2024-08-28 03:00:00,43057099999,Mumbai,NOAA,27.4,90.5,1005.8,6.2,250.0,24.0
2024-08-28 06:00:00,43057099999,Mumbai,NOAA,29.2,77.7,1006.3,5.1,250.0,0.0
2024-08-28 09:00:00,43057099999,Mumbai,NOAA,30.0,75.5,1004.6,5.1,270.0,0.0
2024-08-28 12:00:00,43057099999,Mumbai,NOAA,28.4,80.4,1004.3,5.1,270.0,0.0
2024-08-28 15:00:00,43057099999,Mumbai,NOAA,28.4,83.8,1005.8,5.1,270.0,0.8
2024-08-29 03:00:00,43057099999,Mumbai,NOAA,28.4,83.3,1005.7,5.1,270.0,3.0
2024-08-29 06:00:00,43057099999,Mumbai,NOAA,29.4,84.9,1006.4,5.1,270.0,0.4
2024-08-29 09:00:00,43057099999,Mumbai,NOAA,29.4,83.4,1004.2,2.1,250.0,1.0
2024-08-29 12:00:00,43057099999,Mumbai,NOAA,29.4,80.5,1003.5,2.1,250.0,1.0
2024-08-29 15:00:00,43057099999,Mumbai,NOAA,28.8,81.9,1005.2,1.0,250.0,1.0
2024-08-30 00:00:00,43057099999,Mumbai,NOAA,28.2,86.3,1004.0,0.0,,1.0
2024-08-30 03:00:00,43057099999,Mumbai,NOAA,28.4,83.3,1006.3,1.5,250.0,1.0
2024-08-30 06:00:00,43057099999,Mumbai,NOAA,30.4,76.9,1007.2,1.0,270.0,
2024-08-30 09:00:00,43057099999,Mumbai,NOAA,31.6,76.2,1005.4,0.0,,
2024-08-30 12:00:00,43057099999,Mumbai,NOAA,30.0,75.5,1004.8,1.5,270.0,
2024-08-31 03:00:00,43057099999,Mumbai,NOAA,28.0,87.3,1007.6,0.0,,0.4
2024-08-31 06:00:00,43057099999,Mumbai,NOAA,31.0,74.8,1008.4,0.0,,
2024-08-31 12:00:00,43057099999,Mumbai,NOAA,30.6,71.7,1005.9,1.5,270.0,
2024-09-01 00:00:00,43057099999,Mumbai,NOAA,27.8,82.8,1006.4,0.0,,1.0
2024-09-01 03:00:00,43057099999,Mumbai,NOAA,28.0,81.8,1007.7,0.0,,1.0
2024-09-01 06:00:00,43057099999,Mumbai,NOAA,30.2,78.3,1008.1,1.0,320.0,
2024-09-01 09:00:00,43057099999,Mumbai,NOAA,30.6,77.0,1006.2,1.0,270.0,
2024-09-01 12:00:00,43057099999,Mumbai,NOAA,29.8,79.6,1005.1,0.0,,
2024-09-02 03:00:00,43057099999,Mumbai,NOAA,27.6,85.8,1006.1,1.0,320.0,1.0
2024-09-02 06:00:00,43057099999,Mumbai,NOAA,28.8,84.9,1006.8,0.0,,
2024-09-02 09:00:00,43057099999,Mumbai,NOAA,29.0,88.0,1004.9,2.6,290.0,0.6
2024-09-02 12:00:00,43057099999,Mumbai,NOAA,27.0,90.4,1003.6,1.5,290.0,2.0
2024-09-03 00:00:00,43057099999,Mumbai,NOAA,27.4,85.7,1004.4,1.0,290.0,6.0
2024-09-03 03:00:00,43057099999,Mumbai,NOAA,27.0,88.8,1006.7,1.5,290.0,6.0
2024-09-03 06:00:00,43057099999,Mumbai,NOAA,29.4,84.9,1007.2,1.0,270.0,1.0
2024-09-03 09:00:00,43057099999,Mumbai,NOAA,30.4,71.6,1005.3,1.0,270.0,1.0
2024-09-03 12:00:00,43057099999,Mumbai,NOAA,29.8,79.6,1005.2,1.5,270.0,1.0
2024-09-03 15:00:00,43057099999,Mumbai,NOAA,28.4,83.3,1006.9,1.0,270.0,1.0
2024-09-04 03:00:00,43057099999,Mumbai,NOAA,27.6,81.3,1008.5,1.5,270.0,1.0
2024-09-04 06:00:00,43057099999,Mumbai,NOAA,30.6,70.4,1008.4,1.5,270.0,
2024-09-04 09:00:00,43057099999,Mumbai,NOAA,31.4,69.7,1006.2,1.5,270.0,
2024-09-04 12:00:00,43057099999,Mumbai,NOAA,29.8,81.1,1005.2,2.6,270.0,0.2
2024-09-05 03:00:00,43057099999,Mumbai,NOAA,27.4,84.2,1007.0,1.5,250.0,11.0
2024-09-05 06:00:00,43057099999,Mumbai,NOAA,30.0,75.5,1007.2,1.5,270.0,0.6
2024-09-05 12:00:00,43057099999,Mumbai,NOAA,27.4,88.9,1004.2,1.5,320.0,2.0
2024-09-05 15:00:00,43057099999,Mumbai,NOAA,26.6,88.8,1005.7,0.0,,11.0
2024-09-06 03:00:00,43057099999,Mumbai,NOAA,27.8,81.3,1007.3,0.0,,13.0
2024-09-06 06:00:00,43057099999,Mumbai,NOAA,29.4,75.0,1008.1,1.5,250.0,1.0
2024-09-06 09:00:00,43057099999,Mumbai,NOAA,29.6,76.8,1006.6,2.1,320.0,1.0
2024-09-06 12:00:00,43057099999,Mumbai,NOAA,28.0,87.3,1005.8,1.5,290.0,5.0
2024-09-07 03:00:00,43057099999,Mumbai,NOAA,27.8,82.8,1008.0,1.5,270.0,5.0
2024-09-07 06:00:00,43057099999,Mumbai,NOAA,30.8,73.0,1008.5,1.5,270.0,
2024-09-07 09:00:00,43057099999,Mumbai,NOAA,31.4,69.7,1006.6,1.0,270.0,
2024-09-07 12:00:00,43057099999,Mumbai,NOAA,30.4,70.4,1006.1,0.0,,
2024-09-08 00:00:00,43057099999,Mumbai,NOAA,28.2,83.3,1006.9,0.0,,0.0
2024-09-08 03:00:00,43057099999,Mumbai,NOAA,28.4,79.0,1008.6,1.0,270.0,0.0
2024-09-08 06:00:00,43057099999,Mumbai,NOAA,31.6,67.3,1008.6,1.0,270.0,
2024-09-08 09:00:00,43057099999,Mumbai,NOAA,32.4,63.9,1006.3,1.5,270.0,
2024-09-08 12:00:00,43057099999,Mumbai,NOAA,31.0,69.2,1005.7,0.0,,
2024-09-09 03:00:00,43057099999,Mumbai,NOAA,27.6,84.2,1006.1,0.0,,3.0
2024-09-09 06:00:00,43057099999,Mumbai,NOAA,31.6,68.5,1006.3,1.0,290.0,
2024-09-09 12:00:00,43057099999,Mumbai,NOAA,30.0,66.2,1003.0,0.0,,
2024-09-10 03:00:00,43057099999,Mumbai,NOAA,27.6,82.7,1005.2,0.0,,0.4
2024-09-10 06:00:00,43057099999,Mumbai,NOAA,31.4,71.0,1005.5,1.0,290.0,
2024-09-10 09:00:00,43057099999,Mumbai,NOAA,28.4,87.9,1003.7,0.0,,5.0
2024-09-10 12:00:00,43057099999,Mumbai,NOAA,29.2,65.6,1002.9,1.0,270.0,5.0
2024-09-11 03:00:00,43057099999,Mumbai,NOAA,27.6,85.8,1005.6,0.0,,5.0
2024-09-11 06:00:00,43057099999,Mumbai,NOAA,31.0,66.8,1005.9,1.0,270.0,
2024-09-11 09:00:00,43057099999,Mumbai,NOAA,31.0,65.6,1005.7,1.0,270.0,
2024-09-11 12:00:00,43057099999,Mumbai,NOAA,28.4,76.2,1004.5,0.0,,
2024-09-12 03:00:00,43057099999,Mumbai,NOAA,26.4,87.2,1007.7,0.0,,10.0
2024-09-12 06:00:00,43057099999,Mumbai,NOAA,27.6,84.2,1008.0,0.0,,1.0
2024-09-12 09:00:00,43057099999,Mumbai,NOAA,29.2,82.0,1006.4,1.0,270.0,3.0
2024-09-12 12:00:00,43057099999,Mumbai,NOAA,29.0,76.3,1006.5,0.0,,3.0
2024-09-13 03:00:00,43057099999,Mumbai,NOAA,27.8,77.0,1008.7,1.0,270.0,4.0
2024-09-13 06:00:00,43057099999,Mumbai,NOAA,30.8,68.0,1009.3,1.0,270.0,
2024-09-14 03:00:00,43057099999,Mumbai,NOAA,27.2,78.3,1008.1,1.5,270.0,9.0
2024-09-14 06:00:00,43057099999,Mumbai,NOAA,30.0,67.4,1008.3,2.1,270.0,
2024-09-14 09:00:00,43057099999,Mumbai,NOAA,30.0,67.4,1008.3,2.1,270.0,
2024-09-14 12:00:00,43057099999,Mumbai,NOAA,29.6,68.5,1005.8,1.0,270.0,
2024-09-14 15:00:00,43057099999,Mumbai,NOAA,27.0,82.7,1007.5,0.0,,8.0
2024-09-15 03:00:00,43057099999,Mumbai,NOAA,24.8,89.7,1008.6,0.0,,21.0
2024-09-15 06:00:00,43057099999,Mumbai,NOAA,25.4,91.4,1009.4,0.0,,16.0
2024-09-15 12:00:00,43057099999,Mumbai,NOAA,27.4,79.8,1007.1,0.0,,19.0
2024-09-16 03:00:00,43057099999,Mumbai,NOAA,27.0,85.7,1009.8,0.0,,19.0
2024-09-16 06:00:00,43057099999,Mumbai,NOAA,30.8,68.0,1010.0,0.0,,
2024-09-16 09:00:00,43057099999,Mumbai,NOAA,30.0,63.8,1007.8,0.0,,
2024-09-16 12:00:00,43057099999,Mumbai,NOAA,29.6,69.8,1007.4,0.0,,
2024-09-16 15:00:00,43057099999,Mumbai,NOAA,27.8,74.3,1008.8,0.0,,
2024-09-17 00:00:00,43057099999,Mumbai,NOAA,27.0,84.2,1008.5,0.0,,
2024-09-17 03:00:00,43057099999,Mumbai,NOAA,27.2,76.9,1010.4,0.0,,
2024-09-17 06:00:00,43057099999,Mumbai,NOAA,30.6,59.1,1010.2,0.0,,
2024-09-17 09:00:00,43057099999,Mumbai,NOAA,31.4,57.5,1008.1,10.3,300.0,
2024-09-17 12:00:00,43057099999,Mumbai,NOAA,29.8,63.4,1007.0,1.0,320.0,
2024-09-18 03:00:00,43057099999,Mumbai,NOAA,26.8,84.2,1008.2,0.0,,
2024-09-18 06:00:00,43057099999,Mumbai,NOAA,30.6,61.7,1007.8,0.0,,
2024-09-18 09:00:00,43057099999,Mumbai,NOAA,32.0,58.0,1005.5,0.0,,
2024-09-18 12:00:00,43057099999,Mumbai,NOAA,30.2,61.2,1005.2,0.0,,
2024-09-18 15:00:00,43057099999,Mumbai,NOAA,28.6,70.5,1006.6,0.0,,
2024-09-19 00:00:00,43057099999,Mumbai,NOAA,27.0,84.2,1006.8,0.0,,
2024-09-19 03:00:00,43057099999,Mumbai,NOAA,27.4,84.2,1008.5,0.0,,
2024-09-19 06:00:00,43057099999,Mumbai,NOAA,30.2,69.1,1008.7,0.0,,
2024-09-19 09:00:00,43057099999,Mumbai,NOAA,32.4,52.7,1006.3,0.0,,
2024-09-19 12:00:00,43057099999,Mumbai,NOAA,30.0,61.1,1005.6,0.0,,
2024-09-20 03:00:00,43057099999,Mumbai,NOAA,27.0,85.7,1008.4,0.0,,
2024-09-20 09:00:00,43057099999,Mumbai,NOAA,31.8,62.7,1006.9,0.0,,
2024-09-20 12:00:00,43057099999,Mumbai,NOAA,30.2,71.6,1005.7,0.0,,
2024-09-21 00:00:00,43057099999,Mumbai,NOAA,27.0,78.3,1007.4,0.0,,
2024-09-21 03:00:00,43057099999,Mumbai,NOAA,27.6,82.7,1009.4,0.0,,
2024-09-21 06:00:00,43057099999,Mumbai,NOAA,31.0,65.6,1009.7,0.0,,
2024-09-21 12:00:00,43057099999,Mumbai,NOAA,29.6,69.8,1006.6,1.0,320.0,
2024-09-21 15:00:00,43057099999,Mumbai,NOAA,28.4,71.7,1008.5,0.0,,
2024-09-22 00:00:00,43057099999,Mumbai,NOAA,27.6,78.4,1007.7,0.0,,
2024-09-22 03:00:00,43057099999,Mumbai,NOAA,27.8,79.8,1009.1,0.0,,
2024-09-22 06:00:00,43057099999,Mumbai,NOAA,31.8,66.1,1009.1,0.0,,
2024-09-22 12:00:00,43057099999,Mumbai,NOAA,30.2,65.0,1006.4,1.0,320.0,
2024-09-23 03:00:00,43057099999,Mumbai,NOAA,27.0,90.4,1008.0,0.0,,24.0
2024-09-23 09:00:00,43057099999,Mumbai,NOAA,30.6,78.3,1004.8,1.0,290.0,0.8
2024-09-23 12:00:00,43057099999,Mumbai,NOAA,29.6,83.5,1005.7,1.0,290.0,0.8
2024-09-24 03:00:00,43057099999,Mumbai,NOAA,25.6,90.3,1006.5,0.0,,16.0
2024-09-24 06:00:00,43057099999,Mumbai,NOAA,26.4,88.8,1006.7,0.0,,0.4
2024-09-24 09:00:00,43057099999,Mumbai,NOAA,27.4,82.7,1003.5,0.0,,0.4
2024-09-24 12:00:00,43057099999,Mumbai,NOAA,27.6,82.7,1002.9,0.0,,0.4
2024-09-25 03:00:00,43057099999,Mumbai,NOAA,26.4,90.4,1004.8,0.0,,41.0
2024-09-25 12:00:00,43057099999,Mumbai,NOAA,28.4,87.9,1002.3,0.0,,15.0
2024-09-26 03:00:00,43057099999,Mumbai,NOAA,26.4,90.4,1003.8,0.0,,169.0
2024-09-26 06:00:00,43057099999,Mumbai,NOAA,27.0,90.4,1004.0,0.0,,1.0
2024-09-26 09:00:00,43057099999,Mumbai,NOAA,27.8,84.3,1002.0,1.0,320.0,1.0
2024-09-26 12:00:00,43057099999,Mumbai,NOAA,26.8,87.2,1001.8,0.0,,2.0
2024-09-27 00:00:00,43057099999,Mumbai,NOAA,26.0,92.0,1002.4,4.1,290.0,43.0
2024-09-27 03:00:00,43057099999,Mumbai,NOAA,26.0,90.4,1004.9,0.0,,43.0
2024-09-27 06:00:00,43057099999,Mumbai,NOAA,25.8,90.4,1005.9,0.0,,13.0
2024-09-27 12:00:00,43057099999,Mumbai,NOAA,26.2,88.8,1003.8,2.1,290.0,18.0
2024-09-28 03:00:00,43057099999,Mumbai,NOAA,26.0,88.8,1008.3,0.0,,31.0
2024-09-28 06:00:00,43057099999,Mumbai,NOAA,27.0,87.3,1008.9,0.0,,0.8
2024-09-28 09:00:00,43057099999,Mumbai,NOAA,26.4,88.8,1007.2,0.0,,5.0
2024-09-28 12:00:00,43057099999,Mumbai,NOAA,26.4,88.8,1007.4,0.0,,7.0
2024-09-29 03:00:00,43057099999,Mumbai,NOAA,26.4,85.6,1011.1,1.0,160.0,7.0
2024-09-29 06:00:00,43057099999,Mumbai,NOAA,29.8,78.2,1011.2,0.0,,
2024-09-29 09:00:00,43057099999,Mumbai,NOAA,31.2,70.9,1009.0,0.0,,
2024-09-29 12:00:00,43057099999,Mumbai,NOAA,29.6,76.8,1008.8,0.0,,
2024-09-29 15:00:00,43057099999,Mumbai,NOAA,27.4,88.9,1010.9,0.0,,0.4
2024-09-30 03:00:00,43057099999,Mumbai,NOAA,27.2,90.5,1012.5,0.0,,0.4
2024-09-30 06:00:00,43057099999,Mumbai,NOAA,30.4,71.6,1011.7,0.0,,
2024-09-30 12:00:00,43057099999,Mumbai,NOAA,30.0,71.6,1007.6,1.0,320.0,
2024-09-30 15:00:00,43057099999,Mumbai,NOAA,28.6,83.4,1009.4,0.0,,
2024-10-01 03:00:00,43057099999,Mumbai,NOAA,28.6,87.9,1009.5,0.0,,
2024-10-01 06:00:00,43057099999,Mumbai,NOAA,31.0,70.9,1008.7,0.0,,
2024-10-01 09:00:00,43057099999,Mumbai,NOAA,32.2,70.3,1006.0,1.0,320.0,
2024-10-01 12:00:00,43057099999,Mumbai,NOAA,31.0,79.8,1005.1,1.5,360.0,
2024-10-02 03:00:00,43057099999,Mumbai,NOAA,29.0,89.5,1009.4,0.0,,
2024-10-02 09:00:00,43057099999,Mumbai,NOAA,32.0,72.3,1007.4,0.0,,
2024-10-02 12:00:00,43057099999,Mumbai,NOAA,31.4,80.3,1007.5,0.0,,
2024-10-02 15:00:00,43057099999,Mumbai,NOAA,29.0,88.0,1009.5,0.0,,1.0
2024-10-03 03:00:00,43057099999,Mumbai,NOAA,28.4,87.9,1010.7,0.0,,1.0
2024-10-03 06:00:00,43057099999,Mumbai,NOAA,32.0,67.0,1010.3,0.0,,
2024-10-03 09:00:00,43057099999,Mumbai,NOAA,33.2,60.0,1007.8,0.0,,
2024-10-03 12:00:00,43057099999,Mumbai,NOAA,31.0,69.2,1007.0,0.0,,
2024-10-03 15:00:00,43057099999,Mumbai,NOAA,29.6,76.8,1009.3,0.0,,
2024-10-04 00:00:00,43057099999,Mumbai,NOAA,28.0,84.8,1008.3,0.0,,0.4
2024-10-04 03:00:00,43057099999,Mumbai,NOAA,28.2,87.4,1010.5,0.0,,0.4
2024-10-04 09:00:00,43057099999,Mumbai,NOAA,32.8,57.5,1008.2,0.0,,
2024-10-04 12:00:00,43057099999,Mumbai,NOAA,30.4,65.1,1007.6,0.0,,2.0
2024-10-05 03:00:00,43057099999,Mumbai,NOAA,27.6,85.8,1011.1,0.0,,3.0
2024-10-05 09:00:00,43057099999,Mumbai,NOAA,32.6,56.0,1008.1,1.0,270.0,
2024-10-05 12:00:00,43057099999,Mumbai,NOAA,30.6,58.0,1007.8,0.0,,
2024-10-06 00:00:00,43057099999,Mumbai,NOAA,28.0,85.8,1008.9,0.0,,
2024-10-06 03:00:00,43057099999,Mumbai,NOAA,28.0,84.8,1010.8,0.0,,
2024-10-06 09:00:00,43057099999,Mumbai,NOAA,31.6,68.5,1007.5,1.5,340.0,
2024-10-06 12:00:00,43057099999,Mumbai,NOAA,30.4,79.7,1006.9,3.1,340.0,
2024-10-07 00:00:00,43057099999,Mumbai,NOAA,25.4,88.2,1009.2,0.0,,8.0
2024-10-07 03:00:00,43057099999,Mumbai,NOAA,26.0,88.8,1011.1,0.0,,8.0
2024-10-07 06:00:00,43057099999,Mumbai,NOAA,31.0,59.5,1010.9,0.0,,
2024-10-07 09:00:00,43057099999,Mumbai,NOAA,33.8,45.5,1008.4,0.0,,
2024-10-07 12:00:00,43057099999,Mumbai,NOAA,32.0,63.9,1007.4,0.0,,
2024-10-08 00:00:00,43057099999,Mumbai,NOAA,28.0,85.8,1009.8,0.0,,
2024-10-08 03:00:00,43057099999,Mumbai,NOAA,28.0,84.8,1012.1,0.0,,
2024-10-08 12:00:00,43057099999,Mumbai,NOAA,31.2,81.2,1007.9,0.0,,
2024-10-08 15:00:00,43057099999,Mumbai,NOAA,30.2,85.0,1009.6,0.0,,
2024-10-09 00:00:00,43057099999,Mumbai,NOAA,28.4,86.4,1007.9,0.0,,0.0
2024-10-09 03:00:00,43057099999,Mumbai,NOAA,26.8,87.2,1009.7,0.0,,0.4
2024-10-09 06:00:00,43057099999,Mumbai,NOAA,28.4,81.9,1010.3,0.0,,
2024-10-09 12:00:00,43057099999,Mumbai,NOAA,26.0,88.8,1007.4,0.0,,3.0
2024-10-10 03:00:00,43057099999,Mumbai,NOAA,26.2,85.6,1007.7,0.0,,5.0
2024-10-10 06:00:00,43057099999,Mumbai,NOAA,29.0,79.1,1008.5,0.0,,
2024-10-10 12:00:00,43057099999,Mumbai,NOAA,29.0,80.5,1005.2,0.0,,
2024-10-11 03:00:00,43057099999,Mumbai,NOAA,25.4,86.6,1007.3,0.0,,43.0
2024-10-11 06:00:00,43057099999,Mumbai,NOAA,30.0,66.2,1007.2,0.0,,
2024-10-11 09:00:00,43057099999,Mumbai,NOAA,31.6,66.1,1004.7,1.0,290.0,
2024-10-11 12:00:00,43057099999,Mumbai,NOAA,30.4,71.6,1005.1,0.0,,0.0
2024-10-12 00:00:00,43057099999,Mumbai,NOAA,26.4,87.2,1006.4,0.0,,3.0
2024-10-12 03:00:00,43057099999,Mumbai,NOAA,26.8,85.7,1009.0,0.0,,3.0
2024-10-12 06:00:00,43057099999,Mumbai,NOAA,30.0,66.2,1007.9,0.0,,
2024-10-12 09:00:00,43057099999,Mumbai,NOAA,31.4,64.5,1006.0,0.0,,
2024-10-12 12:00:00,43057099999,Mumbai,NOAA,28.2,81.8,1006.2,0.0,,1.0
2024-10-13 03:00:00,43057099999,Mumbai,NOAA,27.4,87.3,1010.2,0.0,,2.0
2024-10-13 06:00:00,43057099999,Mumbai,NOAA,31.2,68.4,1009.3,0.0,,
2024-10-13 09:00:00,43057099999,Mumbai,NOAA,31.6,67.3,1006.3,0.0,,
2024-10-13 12:00:00,43057099999,Mumbai,NOAA,30.0,76.9,1005.5,0.0,,
2024-10-13 15:00:00,43057099999,Mumbai,NOAA,26.8,88.8,1009.6,0.0,,19.0
2024-10-14 00:00:00,43057099999,Mumbai,NOAA,25.6,90.3,1008.9,0.0,,35.0
2024-10-14 03:00:00,43057099999,Mumbai,NOAA,25.8,85.6,1010.0,0.0,,35.0
2024-10-14 06:00:00,43057099999,Mumbai,NOAA,30.4,67.9,1009.5,0.0,,
2024-10-14 09:00:00,43057099999,Mumbai,NOAA,32.0,62.7,1006.9,0.0,,
2024-10-14 12:00:00,43057099999,Mumbai,NOAA,29.4,75.0,1007.2,0.0,,
2024-10-15 03:00:00,43057099999,Mumbai,NOAA,26.0,85.6,1010.7,0.0,,13.0
2024-10-15 06:00:00,43057099999,Mumbai,NOAA,28.6,72.2,1010.7,0.0,,
2024-10-15 12:00:00,43057099999,Mumbai,NOAA,29.4,69.8,1007.5,0.0,,
2024-10-15 15:00:00,43057099999,Mumbai,NOAA,27.4,81.2,1009.7,0.0,,0.0
2024-10-16 00:00:00,43057099999,Mumbai,NOAA,26.6,84.1,1008.4,0.0,,0.0
2024-10-16 03:00:00,43057099999,Mumbai,NOAA,26.6,85.7,1009.5,0.0,,0.0
2024-10-16 06:00:00,43057099999,Mumbai,NOAA,28.2,81.8,1010.1,0.0,,
2024-10-16 09:00:00,43057099999,Mumbai,NOAA,30.0,75.5,1007.0,0.0,,
2024-10-16 12:00:00,43057099999,Mumbai,NOAA,29.4,77.7,1006.9,0.0,,
2024-10-16 15:00:00,43057099999,Mumbai,NOAA,29.0,83.4,1008.6,0.0,,
2024-10-17 03:00:00,43057099999,Mumbai,NOAA,27.8,87.3,1009.7,0.0,,0.2
2024-10-17 06:00:00,43057099999,Mumbai,NOAA,29.2,76.8,1009.6,0.0,,
2024-10-17 12:00:00,43057099999,Mumbai,NOAA,29.8,78.2,1005.2,1.0,320.0,
2024-10-18 03:00:00,43057099999,Mumbai,NOAA,29.2,82.9,1008.0,0.0,,
2024-10-18 06:00:00,43057099999,Mumbai,NOAA,31.4,76.2,1008.3,0.0,,
2024-10-18 12:00:00,43057099999,Mumbai,NOAA,30.0,76.9,1006.7,1.0,270.0,
2024-10-18 15:00:00,43057099999,Mumbai,NOAA,27.0,90.4,1009.1,0.0,,4.0
2024-10-19 00:00:00,43057099999,Mumbai,NOAA,26.0,88.8,1008.5,0.0,,18.0
2024-10-19 03:00:00,43057099999,Mumbai,NOAA,26.2,88.8,1010.7,0.0,,18.0
2024-10-19 06:00:00,43057099999,Mumbai,NOAA,30.4,70.4,1011.0,0.0,,
2024-10-19 09:00:00,43057099999,Mumbai,NOAA,31.0,70.9,1008.8,0.0,,
2024-10-19 12:00:00,43057099999,Mumbai,NOAA,29.6,78.2,1007.9,0.0,,
2024-10-20 03:00:00,43057099999,Mumbai,NOAA,27.4,87.3,1011.9,0.0,,
2024-10-20 06:00:00,43057099999,Mumbai,NOAA,32.0,60.1,1011.8,0.0,,
2024-10-20 09:00:00,43057099999,Mumbai,NOAA,32.8,56.4,1008.8,1.0,270.0,
2024-10-20 12:00:00,43057099999,Mumbai,NOAA,30.4,69.1,1008.8,1.0,290.0,
2024-10-20 15:00:00,43057099999,Mumbai,NOAA,29.0,74.9,1012.3,1.5,110.0,
2024-10-21 00:00:00,43057099999,Mumbai,NOAA,26.0,85.6,1009.8,0.0,,
2024-10-21 03:00:00,43057099999,Mumbai,NOAA,26.0,87.2,1011.9,0.0,,
2024-10-21 06:00:00,43057099999,Mumbai,NOAA,31.4,54.1,1011.7,0.0,,
2024-10-21 09:00:00,43057099999,Mumbai,NOAA,32.4,56.0,1008.5,0.0,,
2024-10-21 12:00:00,43057099999,Mumbai,NOAA,30.4,63.9,1008.0,0.0,,
2024-10-21 15:00:00,43057099999,Mumbai,NOAA,29.0,73.6,1010.7,0.0,,
2024-10-22 03:00:00,43057099999,Mumbai,NOAA,27.4,82.7,1012.5,0.0,,
2024-10-22 06:00:00,43057099999,Mumbai,NOAA,33.0,56.5,1011.5,0.0,,
2024-10-22 09:00:00,43057099999,Mumbai,NOAA,33.4,53.6,1008.8,0.0,,
2024-10-22 12:00:00,43057099999,Mumbai,NOAA,31.6,73.6,1008.5,0.0,,
2024-10-22 15:00:00,43057099999,Mumbai,NOAA,30.0,78.3,1010.6,0.0,,
2024-10-23 03:00:00,43057099999,Mumbai,NOAA,27.4,82.7,1012.4,0.0,,
2024-10-23 06:00:00,43057099999,Mumbai,NOAA,31.4,66.1,1012.5,1.0,50.0,
2024-10-23 09:00:00,43057099999,Mumbai,NOAA,32.6,66.7,1008.2,1.0,340.0,
2024-10-23 12:00:00,43057099999,Mumbai,NOAA,31.6,76.2,1007.8,1.0,320.0,
2024-10-23 15:00:00,43057099999,Mumbai,NOAA,30.4,79.7,1009.6,0.0,,
2024-10-24 03:00:00,43057099999,Mumbai,NOAA,27.8,82.8,1011.8,0.0,,
2024-10-24 06:00:00,43057099999,Mumbai,NOAA,32.0,55.6,1011.4,0.0,,
2024-10-24 09:00:00,43057099999,Mumbai,NOAA,33.4,54.6,1008.4,0.0,,
2024-10-24 12:00:00,43057099999,Mumbai,NOAA,31.6,62.3,1007.9,0.0,,
2024-10-25 00:00:00,43057099999,Mumbai,NOAA,27.6,81.3,1008.8,0.0,,
2024-10-25 03:00:00,43057099999,Mumbai,NOAA,27.2,84.2,1011.4,0.0,,
2024-10-25 06:00:00,43057099999,Mumbai,NOAA,31.8,53.2,1011.1,0.0,,
2024-10-25 09:00:00,43057099999,Mumbai,NOAA,32.6,54.0,1009.4,0.0,,
2024-10-25 12:00:00,43057099999,Mumbai,NOAA,30.4,61.6,1008.2,0.0,,
2024-10-26 03:00:00,43057099999,Mumbai,NOAA,26.4,79.7,1012.2,0.0,,
2024-10-26 06:00:00,43057099999,Mumbai,NOAA,31.5,44.9,1011.4,1.0,90.0,
2024-10-26 09:00:00,43057099999,Mumbai,NOAA,32.6,47.5,1008.0,0.0,,
2024-10-26 12:00:00,43057099999,Mumbai,NOAA,30.4,55.5,1008.0,0.0,,
2024-10-26 15:00:00,43057099999,Mumbai,NOAA,30.0,61.1,1009.8,0.0,,
2024-10-27 00:00:00,43057099999,Mumbai,NOAA,26.0,82.6,1009.2,0.0,,
2024-10-27 03:00:00,43057099999,Mumbai,NOAA,26.2,83.6,1011.3,0.0,,
2024-10-27 06:00:00,43057099999,Mumbai,NOAA,30.4,63.9,1010.6,0.0,,
2024-10-27 09:00:00,43057099999,Mumbai,NOAA,31.8,54.2,1006.8,0.0,,
2024-10-27 12:00:00,43057099999,Mumbai,NOAA,30.8,59.5,1006.6,0.0,,
2024-10-28 03:00:00,43057099999,Mumbai,NOAA,27.4,87.3,1009.5,0.0,,
2024-10-28 06:00:00,43057099999,Mumbai,NOAA,30.4,63.9,1008.9,0.0,,
2024-10-28 09:00:00,43057099999,Mumbai,NOAA,32.0,67.4,1005.9,0.0,,
2024-10-28 12:00:00,43057099999,Mumbai,NOAA,30.4,74.2,1005.8,0.0,,
2024-10-29 03:00:00,43057099999,Mumbai,NOAA,27.2,90.5,1010.5,0.0,,
2024-10-29 06:00:00,43057099999,Mumbai,NOAA,31.0,77.5,1010.3,0.0,,
2024-10-29 09:00:00,43057099999,Mumbai,NOAA,31.4,69.7,1008.0,1.0,270.0,
2024-10-29 12:00:00,43057099999,Mumbai,NOAA,30.4,71.6,1007.5,0.0,,
2024-10-30 03:00:00,43057099999,Mumbai,NOAA,27.8,87.3,1010.7,0.0,,
2024-10-30 09:00:00,43057099999,Mumbai,NOAA,32.4,62.8,1008.5,0.0,,
2024-10-30 12:00:00,43057099999,Mumbai,NOAA,30.6,74.3,1008.3,0.0,,
2024-10-31 03:00:00,43057099999,Mumbai,NOAA,28.4,87.9,1011.3,0.0,,
2024-10-31 06:00:00,43057099999,Mumbai,NOAA,32.0,60.1,1011.5,0.0,,
2024-10-31 12:00:00,43057099999,Mumbai,NOAA,31.4,60.0,1008.1,0.0,,
2024-11-01 03:00:00,43057099999,Mumbai,NOAA,28.4,83.3,1012.9,0.0,,
2024-11-01 06:00:00,43057099999,Mumbai,NOAA,31.4,71.0,1013.3,0.0,,
2024-11-01 09:00:00,43057099999,Mumbai,NOAA,32.0,69.8,1010.7,1.0,200.0,
2024-11-01 12:00:00,43057099999,Mumbai,NOAA,30.4,71.6,1010.0,0.0,,
2024-11-02 03:00:00,43057099999,Mumbai,NOAA,28.2,87.4,1013.2,0.0,,
2024-11-02 06:00:00,43057099999,Mumbai,NOAA,32.6,51.8,1013.0,0.0,,
2024-11-02 09:00:00,43057099999,Mumbai,NOAA,33.6,53.6,1010.3,0.0,,
2024-11-02 12:00:00,43057099999,Mumbai,NOAA,31.4,62.2,1009.7,1.0,320.0,
2024-11-03 03:00:00,43057099999,Mumbai,NOAA,27.2,78.3,1012.9,0.0,,
2024-11-03 06:00:00,43057099999,Mumbai,NOAA,33.0,45.6,1012.8,0.0,,
2024-11-03 09:00:00,43057099999,Mumbai,NOAA,34.0,45.6,1010.0,0.0,,
2024-11-03 12:00:00,43057099999,Mumbai,NOAA,31.0,58.5,1010.1,0.0,,
2024-11-03 15:00:00,43057099999,Mumbai,NOAA,30.4,66.7,1011.2,0.0,,
2024-11-04 00:00:00,43057099999,Mumbai,NOAA,27.4,82.7,1010.3,0.0,,
2024-11-04 03:00:00,43057099999,Mumbai,NOAA,27.4,79.3,1012.1,1.0,50.0,
2024-11-04 06:00:00,43057099999,Mumbai,NOAA,31.6,54.1,1012.3,1.0,50.0,
2024-11-04 09:00:00,43057099999,Mumbai,NOAA,33.8,35.7,1009.0,1.0,90.0,
2024-11-04 12:00:00,43057099999,Mumbai,NOAA,32.4,50.5,1008.7,1.0,290.0,
2024-11-04 15:00:00,43057099999,Mumbai,NOAA,29.8,66.1,1010.3,0.0,,
2024-11-05 00:00:00,43057099999,Mumbai,NOAA,27.4,67.3,1010.7,0.0,,
2024-11-05 03:00:00,43057099999,Mumbai,NOAA,27.4,78.4,1012.9,0.0,,
2024-11-05 09:00:00,43057099999,Mumbai,NOAA,34.4,51.6,1009.8,0.0,,
2024-11-05 12:00:00,43057099999,Mumbai,NOAA,31.6,51.8,1009.8,0.0,,
2024-11-06 03:00:00,43057099999,Mumbai,NOAA,27.0,81.2,1014.2,1.0,50.0,
2024-11-06 06:00:00,43057099999,Mumbai,NOAA,32.4,61.7,1013.8,0.0,,
2024-11-06 09:00:00,43057099999,Mumbai,NOAA,34.2,40.8,1010.9,1.0,320.0,
2024-11-06 12:00:00,43057099999,Mumbai,NOAA,33.6,58.0,1010.1,0.0,,
2024-11-07 03:00:00,43057099999,Mumbai,NOAA,26.4,67.9,1014.0,1.0,90.0,
2024-11-07 06:00:00,43057099999,Mumbai,NOAA,31.6,49.6,1013.5,1.0,50.0,
2024-11-07 09:00:00,43057099999,Mumbai,NOAA,34.4,33.6,1010.4,1.0,320.0,
2024-11-07 12:00:00,43057099999,Mumbai,NOAA,31.4,49.6,1010.1,0.0,,
2024-11-08 00:00:00,43057099999,Mumbai,NOAA,26.4,77.7,1011.1,0.0,,
2024-11-08 03:00:00,43057099999,Mumbai,NOAA,26.4,77.7,1013.8,0.0,,
2024-11-08 06:00:00,43057099999,Mumbai,NOAA,31.4,52.8,1013.0,1.0,50.0,
2024-11-08 09:00:00,43057099999,Mumbai,NOAA,33.6,38.2,1009.9,0.0,,
2024-11-08 12:00:00,43057099999,Mumbai,NOAA,31.0,52.3,1009.6,0.0,,
2024-11-08 15:00:00,43057099999,Mumbai,NOAA,29.4,63.3,1011.8,0.0,,
2024-11-09 00:00:00,43057099999,Mumbai,NOAA,26.0,79.1,1011.3,0.0,,
2024-11-09 03:00:00,43057099999,Mumbai,NOAA,26.0,79.1,1014.0,0.0,,
2024-11-09 06:00:00,43057099999,Mumbai,NOAA,31.0,53.6,1013.2,0.0,,
2024-11-09 09:00:00,43057099999,Mumbai,NOAA,33.4,30.5,1009.9,0.0,,
2024-11-09 12:00:00,43057099999,Mumbai,NOAA,31.0,38.2,1010.1,0.0,,
2024-11-10 00:00:00,43057099999,Mumbai,NOAA,26.0,73.1,1011.5,0.0,,
2024-11-10 03:00:00,43057099999,Mumbai,NOAA,26.0,76.3,1014.0,0.0,,
2024-11-10 06:00:00,43057099999,Mumbai,NOAA,31.4,50.5,1013.6,1.0,50.0,
2024-11-10 09:00:00,43057099999,Mumbai,NOAA,33.0,30.9,1010.4,1.0,50.0,
2024-11-10 12:00:00,43057099999,Mumbai,NOAA,31.4,31.7,1010.0,0.0,,
2024-11-11 03:00:00,43057099999,Mumbai,NOAA,25.4,73.0,1014.3,0.0,,
2024-11-11 06:00:00,43057099999,Mumbai,NOAA,30.4,58.0,1013.3,1.0,50.0,
2024-11-11 09:00:00,43057099999,Mumbai,NOAA,32.4,38.8,1009.7,0.0,,
2024-11-11 12:00:00,43057099999,Mumbai,NOAA,30.4,41.9,1009.4,0.0,,
2024-11-12 03:00:00,43057099999,Mumbai,NOAA,25.4,73.0,1013.3,1.0,90.0,
2024-11-12 06:00:00,43057099999,Mumbai,NOAA,30.8,53.6,1012.7,1.0,90.0,
2024-11-12 09:00:00,43057099999,Mumbai,NOAA,32.8,38.4,1009.3,0.0,,
2024-11-12 12:00:00,43057099999,Mumbai,NOAA,30.4,44.0,1008.6,0.0,,
2024-11-12 15:00:00,43057099999,Mumbai,NOAA,29.2,61.7,1010.6,0.0,,
2024-11-13 03:00:00,43057099999,Mumbai,NOAA,25.4,66.9,1011.2,0.0,,
2024-11-13 06:00:00,43057099999,Mumbai,NOAA,30.6,51.0,1010.8,1.0,90.0,
2024-11-13 09:00:00,43057099999,Mumbai,NOAA,33.0,37.5,1007.5,0.0,,
2024-11-13 12:00:00,43057099999,Mumbai,NOAA,30.4,46.3,1007.5,1.0,320.0,
2024-11-14 03:00:00,43057099999,Mumbai,NOAA,25.6,69.9,1011.9,1.0,50.0,
2024-11-14 06:00:00,43057099999,Mumbai,NOAA,32.2,51.4,1012.0,1.0,90.0,
2024-11-14 09:00:00,43057099999,Mumbai,NOAA,33.6,38.2,1009.4,0.0,,
2024-11-14 12:00:00,43057099999,Mumbai,NOAA,31.0,59.5,1008.8,0.0,,
2024-11-14 15:00:00,43057099999,Mumbai,NOAA,28.8,61.6,1011.0,0.0,,
2024-11-15 00:00:00,43057099999,Mumbai,NOAA,26.2,66.2,1010.2,0.0,,
2024-11-15 03:00:00,43057099999,Mumbai,NOAA,26.4,70.5,1013.1,0.0,,
2024-11-15 06:00:00,43057099999,Mumbai,NOAA,28.4,69.2,1013.7,0.0,,
2024-11-15 09:00:00,43057099999,Mumbai,NOAA,30.4,66.7,1010.7,0.0,,
2024-11-15 12:00:00,43057099999,Mumbai,NOAA,29.4,73.6,1010.1,0.0,,
2024-11-15 15:00:00,43057099999,Mumbai,NOAA,28.0,78.4,1011.7,0.0,,
2024-11-16 00:00:00,43057099999,Mumbai,NOAA,25.8,73.0,1010.1,0.0,,
2024-11-16 03:00:00,43057099999,Mumbai,NOAA,25.4,74.3,1012.4,0.0,,
2024-11-16 06:00:00,43057099999,Mumbai,NOAA,29.4,71.0,1011.9,0.0,,
2024-11-16 09:00:00,43057099999,Mumbai,NOAA,32.4,47.2,1008.8,0.0,,
2024-11-16 12:00:00,43057099999,Mumbai,NOAA,30.0,70.3,1008.5,0.0,,
2024-11-17 00:00:00,43057099999,Mumbai,NOAA,28.0,80.4,1009.3,0.0,,
2024-11-17 03:00:00,43057099999,Mumbai,NOAA,27.6,82.7,1011.0,1.0,140.0,
2024-11-17 06:00:00,43057099999,Mumbai,NOAA,31.4,54.1,1011.6,0.0,,
2024-11-17 09:00:00,43057099999,Mumbai,NOAA,33.6,37.2,1008.9,0.0,,
2024-11-17 12:00:00,43057099999,Mumbai,NOAA,30.6,62.8,1008.8,0.0,,
2024-11-17 15:00:00,43057099999,Mumbai,NOAA,28.6,74.9,1010.4,1.0,320.0,
2024-11-22 03:00:00,43057099999,Mumbai,NOAA,24.4,77.0,1012.8,0.0,,
2024-11-22 06:00:00,43057099999,Mumbai,NOAA,29.2,59.1,1012.4,1.0,90.0,
2024-11-22 09:00:00,43057099999,Mumbai,NOAA,31.0,42.6,1009.6,0.0,,
2024-11-22 12:00:00,43057099999,Mumbai,NOAA,29.0,51.8,1009.0,0.0,,
2024-11-22 15:00:00,43057099999,Mumbai,NOAA,27.4,60.2,1011.1,0.0,,
2024-11-23 00:00:00,43057099999,Mumbai,NOAA,23.8,78.3,1011.4,0.0,,
2024-11-23 03:00:00,43057099999,Mumbai,NOAA,24.0,78.4,1013.7,0.0,,
2024-11-23 06:00:00,43057099999,Mumbai,NOAA,28.2,58.5,1013.4,0.0,,
2024-11-23 09:00:00,43057099999,Mumbai,NOAA,29.6,41.9,1010.8,0.0,,
2024-11-23 12:00:00,43057099999,Mumbai,NOAA,27.4,51.4,1010.8,0.0,,
2024-11-24 03:00:00,43057099999,Mumbai,NOAA,23.4,86.4,1013.9,1.0,70.0,
2024-11-24 06:00:00,43057099999,Mumbai,NOAA,28.6,63.9,1013.6,0.0,,
2024-11-24 09:00:00,43057099999,Mumbai,NOAA,30.6,40.9,1010.7,0.0,,
2024-11-24 12:00:00,43057099999,Mumbai,NOAA,29.0,55.5,1010.6,0.0,,
2024-11-24 15:00:00,43057099999,Mumbai,NOAA,26.8,66.8,1012.6,0.0,,
2024-11-25 00:00:00,43057099999,Mumbai,NOAA,24.0,78.4,1011.2,1.0,140.0,
2024-11-25 03:00:00,43057099999,Mumbai,NOAA,24.0,78.4,1013.7,1.0,110.0,
2024-11-25 06:00:00,43057099999,Mumbai,NOAA,29.0,51.8,1013.3,1.5,90.0,
2024-11-25 09:00:00,43057099999,Mumbai,NOAA,31.0,36.3,1010.2,0.0,,
2024-11-25 12:00:00,43057099999,Mumbai,NOAA,28.0,50.6,1009.6,0.0,,
2024-11-25 15:00:00,43057099999,Mumbai,NOAA,27.0,61.2,1012.0,0.0,,
2024-11-26 00:00:00,43057099999,Mumbai,NOAA,23.6,66.9,1011.3,0.0,,
2024-11-26 03:00:00,43057099999,Mumbai,NOAA,24.0,64.5,1013.7,1.0,110.0,
2024-11-26 06:00:00,43057099999,Mumbai,NOAA,29.4,48.5,1013.2,1.0,110.0,
2024-11-26 09:00:00,43057099999,Mumbai,NOAA,31.2,28.5,1009.6,0.0,,
2024-11-26 12:00:00,43057099999,Mumbai,NOAA,28.4,45.2,1009.4,1.0,340.0,
2024-11-26 15:00:00,43057099999,Mumbai,NOAA,26.8,55.7,1011.6,1.5,360.0,
2024-11-27 03:00:00,43057099999,Mumbai,NOAA,23.0,63.5,1012.8,1.5,90.0,
2024-11-27 06:00:00,43057099999,Mumbai,NOAA,30.0,44.5,1012.0,1.0,90.0,
2024-11-27 12:00:00,43057099999,Mumbai,NOAA,28.0,43.4,1008.6,0.0,,
2024-11-27 15:00:00,43057099999,Mumbai,NOAA,27.0,53.3,1011.2,1.0,340.0,
2024-11-28 00:00:00,43057099999,Mumbai,NOAA,24.6,59.2,1010.5,0.0,,
2024-11-28 03:00:00,43057099999,Mumbai,NOAA,23.4,62.4,1013.1,1.0,110.0,
2024-11-28 06:00:00,43057099999,Mumbai,NOAA,29.0,44.5,1013.3,0.0,,
2024-11-28 09:00:00,43057099999,Mumbai,NOAA,31.4,27.8,1009.1,1.0,70.0,
2024-11-28 12:00:00,43057099999,Mumbai,NOAA,29.6,28.1,1008.4,1.0,140.0,
2024-11-29 03:00:00,43057099999,Mumbai,NOAA,22.4,51.1,1013.3,1.5,90.0,
2024-11-29 06:00:00,43057099999,Mumbai,NOAA,29.2,42.6,1012.8,1.0,90.0,
2024-11-29 12:00:00,43057099999,Mumbai,NOAA,28.0,38.8,1009.0,0.0,,
2024-11-29 15:00:00,43057099999,Mumbai,NOAA,26.0,52.4,1010.8,1.0,320.0,
2024-11-30 00:00:00,43057099999,Mumbai,NOAA,22.0,52.0,1009.5,0.0,,
2024-11-30 03:00:00,43057099999,Mumbai,NOAA,22.0,54.8,1011.3,0.0,,
2024-11-30 06:00:00,43057099999,Mumbai,NOAA,29.2,42.6,1011.2,0.0,,
2024-11-30 09:00:00,43057099999,Mumbai,NOAA,29.0,42.3,1007.7,0.0,,
2024-11-30 12:00:00,43057099999,Mumbai,NOAA,26.4,52.8,1007.5,0.0,,
2024-11-30 15:00:00,43057099999,Mumbai,NOAA,25.4,60.1,1009.5,0.0,,
2024-12-02 00:00:00,43057099999,Mumbai,NOAA,23.6,78.3,1006.1,0.0,,
2024-12-02 03:00:00,43057099999,Mumbai,NOAA,23.8,75.0,1009.1,0.0,,
2024-12-02 09:00:00,43057099999,Mumbai,NOAA,32.0,52.3,1006.2,0.0,,
2024-12-02 12:00:00,43057099999,Mumbai,NOAA,29.4,58.1,1005.9,0.0,,
2024-12-02 15:00:00,43057099999,Mumbai,NOAA,28.4,62.3,1007.9,0.0,,
2024-12-03 00:00:00,43057099999,Mumbai,NOAA,26.0,80.6,1007.5,0.0,,
2024-12-03 03:00:00,43057099999,Mumbai,NOAA,25.4,71.6,1010.2,0.0,,
2024-12-03 06:00:00,43057099999,Mumbai,NOAA,31.6,56.5,1010.5,0.0,,
2024-12-03 09:00:00,43057099999,Mumbai,NOAA,30.6,61.7,1008.2,0.0,,
2024-12-03 12:00:00,43057099999,Mumbai,NOAA,28.6,72.2,1007.5,1.5,340.0,
2024-12-04 00:00:00,43057099999,Mumbai,NOAA,27.4,81.2,1008.3,1.0,90.0,
2024-12-04 03:00:00,43057099999,Mumbai,NOAA,27.2,81.2,1011.2,1.0,110.0,
2024-12-04 06:00:00,43057099999,Mumbai,NOAA,32.8,64.4,1011.0,0.0,,
2024-12-04 12:00:00,43057099999,Mumbai,NOAA,30.2,75.6,1008.4,1.0,320.0,
2024-12-05 03:00:00,43057099999,Mumbai,NOAA,27.0,88.8,1011.9,0.0,,
2024-12-05 06:00:00,43057099999,Mumbai,NOAA,31.4,71.0,1012.3,0.0,,
2024-12-05 09:00:00,43057099999,Mumbai,NOAA,32.6,66.7,1009.1,1.0,290.0,
2024-12-05 12:00:00,43057099999,Mumbai,NOAA,30.0,82.5,1009.2,1.0,320.0,
2024-12-05 15:00:00,43057099999,Mumbai,NOAA,28.4,83.3,1011.4,0.0,,
2024-12-06 00:00:00,43057099999,Mumbai,NOAA,26.8,90.4,1010.4,0.0,,
2024-12-06 03:00:00,43057099999,Mumbai,NOAA,26.6,90.4,1012.5,0.0,,
2024-12-06 06:00:00,43057099999,Mumbai,NOAA,31.2,69.7,1012.2,0.0,,
2024-12-06 09:00:00,43057099999,Mumbai,NOAA,30.0,71.6,1009.0,1.0,340.0,
2024-12-06 12:00:00,43057099999,Mumbai,NOAA,29.0,74.9,1008.3,0.0,,
2024-12-07 03:00:00,43057099999,Mumbai,NOAA,24.4,75.6,1011.8,0.0,,
2024-12-07 06:00:00,43057099999,Mumbai,NOAA,29.2,55.6,1011.4,0.0,,
2024-12-07 09:00:00,43057099999,Mumbai,NOAA,29.8,48.0,1009.2,0.0,,
2024-12-07 12:00:00,43057099999,Mumbai,NOAA,27.4,47.6,1009.2,0.0,,
2024-12-08 00:00:00,43057099999,Mumbai,NOAA,23.6,52.4,1010.0,0.0,,
2024-12-08 03:00:00,43057099999,Mumbai,NOAA,22.2,58.2,1012.7,0.0,,
2024-12-08 06:00:00,43057099999,Mumbai,NOAA,28.4,40.5,1012.9,0.0,,
2024-12-08 09:00:00,43057099999,Mumbai,NOAA,28.2,37.9,1009.9,1.0,340.0,
2024-12-08 12:00:00,43057099999,Mumbai,NOAA,26.6,44.1,1009.2,1.0,340.0,
2024-12-08 15:00:00,43057099999,Mumbai,NOAA,25.0,46.1,1011.1,2.1,340.0,
2024-12-09 00:00:00,43057099999,Mumbai,NOAA,20.6,43.9,1011.0,0.0,,
2024-12-09 03:00:00,43057099999,Mumbai,NOAA,20.8,42.8,1013.1,0.0,,
2024-12-09 09:00:00,43057099999,Mumbai,NOAA,27.4,30.4,1009.5,0.0,,
2024-12-09 12:00:00,43057099999,Mumbai,NOAA,26.2,46.1,1009.4,1.5,290.0,
2024-12-09 15:00:00,43057099999,Mumbai,NOAA,25.0,43.4,1011.3,0.0,,
2024-12-10 00:00:00,43057099999,Mumbai,NOAA,22.4,45.0,1009.9,0.0,,
2024-12-10 03:00:00,43057099999,Mumbai,NOAA,23.0,46.1,1012.0,1.5,70.0,
2024-12-10 09:00:00,43057099999,Mumbai,NOAA,29.0,41.2,1009.6,1.0,320.0,
2024-12-10 12:00:00,43057099999,Mumbai,NOAA,26.6,55.6,1009.5,1.0,320.0,
2024-12-10 15:00:00,43057099999,Mumbai,NOAA,25.4,64.0,1011.5,0.0,,
2024-12-11 00:00:00,43057099999,Mumbai,NOAA,23.8,67.4,1010.6,0.0,,
2024-12-11 03:00:00,43057099999,Mumbai,NOAA,23.4,66.9,1012.9,1.0,110.0,
2024-12-11 06:00:00,43057099999,Mumbai,NOAA,30.2,49.3,1012.8,1.0,90.0,
2024-12-11 09:00:00,43057099999,Mumbai,NOAA,32.4,36.9,1010.2,1.0,90.0,
2024-12-11 12:00:00,43057099999,Mumbai,NOAA,27.6,68.6,1009.8,1.0,320.0,
2024-12-11 15:00:00,43057099999,Mumbai,NOAA,26.0,70.4,1011.7,1.5,340.0,
2024-12-12 03:00:00,43057099999,Mumbai,NOAA,23.4,76.3,1012.5,1.0,90.0,
2024-12-12 06:00:00,43057099999,Mumbai,NOAA,29.6,47.6,1013.3,0.0,,
2024-12-12 09:00:00,43057099999,Mumbai,NOAA,28.8,49.2,1010.4,1.5,290.0,
2024-12-12 12:00:00,43057099999,Mumbai,NOAA,26.6,63.9,1009.9,0.0,,
2024-12-13 03:00:00,43057099999,Mumbai,NOAA,23.0,68.1,1013.4,1.5,90.0,
2024-12-13 06:00:00,43057099999,Mumbai,NOAA,28.8,48.0,1013.5,2.1,90.0,
2024-12-13 09:00:00,43057099999,Mumbai,NOAA,31.2,31.5,1010.3,0.0,,
2024-12-13 12:00:00,43057099999,Mumbai,NOAA,27.2,53.7,1009.8,1.0,340.0,
2024-12-14 03:00:00,43057099999,Mumbai,NOAA,22.6,60.2,1014.1,1.5,90.0,
2024-12-14 06:00:00,43057099999,Mumbai,NOAA,28.0,48.1,1014.6,2.1,90.0,
2024-12-14 09:00:00,43057099999,Mumbai,NOAA,30.6,28.5,1011.1,1.0,90.0,
2024-12-14 12:00:00,43057099999,Mumbai,NOAA,29.0,33.4,1010.6,0.0,,
2024-12-15 03:00:00,43057099999,Mumbai,NOAA,23.0,51.6,1014.9,1.0,140.0,
2024-12-15 06:00:00,43057099999,Mumbai,NOAA,28.4,44.1,1015.6,1.5,90.0,
2024-12-15 09:00:00,43057099999,Mumbai,NOAA,31.6,27.1,1011.9,0.0,,
2024-12-15 12:00:00,43057099999,Mumbai,NOAA,28.4,46.4,1011.5,0.0,,
2024-12-16 00:00:00,43057099999,Mumbai,NOAA,21.4,63.5,1012.1,0.0,,
2024-12-16 03:00:00,43057099999,Mumbai,NOAA,21.0,69.9,1014.6,0.0,,
2024-12-16 06:00:00,43057099999,Mumbai,NOAA,28.8,42.2,1014.5,0.0,,
2024-12-16 09:00:00,43057099999,Mumbai,NOAA,31.0,20.7,1011.1,0.0,,
2024-12-16 12:00:00,43057099999,Mumbai,NOAA,27.0,49.7,1010.2,0.0,,
2024-12-16 15:00:00,43057099999,Mumbai,NOAA,25.0,58.1,1011.7,0.0,,
2024-12-17 00:00:00,43057099999,Mumbai,NOAA,21.0,78.4,1011.6,0.0,,
2024-12-17 03:00:00,43057099999,Mumbai,NOAA,20.4,77.8,1013.5,0.0,,
2024-12-17 09:00:00,43057099999,Mumbai,NOAA,29.4,34.0,1009.9,0.0,,
2024-12-17 12:00:00,43057099999,Mumbai,NOAA,26.2,53.8,1009.2,1.0,320.0,
2024-12-17 15:00:00,43057099999,Mumbai,NOAA,24.0,69.2,1010.9,1.0,320.0,
2024-12-18 03:00:00,43057099999,Mumbai,NOAA,20.0,79.8,1012.4,1.0,90.0,
2024-12-18 06:00:00,43057099999,Mumbai,NOAA,26.8,59.7,1011.7,0.0,,
2024-12-19 00:00:00,43057099999,Mumbai,NOAA,22.0,82.1,1009.6,0.0,,
2024-12-19 03:00:00,43057099999,Mumbai,NOAA,21.0,83.5,1011.6,1.0,140.0,
2024-12-19 06:00:00,43057099999,Mumbai,NOAA,25.6,65.7,1012.1,0.0,,
2024-12-19 09:00:00,43057099999,Mumbai,NOAA,28.6,52.4,1009.3,1.0,320.0,
2024-12-19 12:00:00,43057099999,Mumbai,NOAA,26.4,59.6,1008.4,1.0,320.0,
2024-12-20 03:00:00,43057099999,Mumbai,NOAA,21.4,88.9,1012.2,0.0,,
2024-12-20 06:00:00,43057099999,Mumbai,NOAA,26.2,77.7,1012.4,0.0,,
2024-12-20 12:00:00,43057099999,Mumbai,NOAA,25.6,73.0,1008.8,1.0,320.0,
2024-12-21 03:00:00,43057099999,Mumbai,NOAA,21.8,89.0,1011.9,0.0,,
2024-12-21 06:00:00,43057099999,Mumbai,NOAA,26.0,71.7,1012.3,0.0,,
2024-12-21 09:00:00,43057099999,Mumbai,NOAA,27.8,59.5,1009.3,1.0,270.0,
2024-12-21 12:00:00,43057099999,Mumbai,NOAA,26.8,59.7,1009.7,1.5,270.0,
2024-12-21 15:00:00,43057099999,Mumbai,NOAA,24.6,72.4,1012.2,0.0,,
2024-12-22 03:00:00,43057099999,Mumbai,NOAA,22.6,87.4,1012.6,1.0,90.0,
2024-12-22 06:00:00,43057099999,Mumbai,NOAA,27.4,74.2,1012.9,1.0,140.0,
2024-12-22 09:00:00,43057099999,Mumbai,NOAA,29.0,60.6,1010.0,0.0,,
2024-12-22 12:00:00,43057099999,Mumbai,NOAA,27.8,64.5,1009.9,1.0,270.0,
2024-12-22 15:00:00,43057099999,Mumbai,NOAA,26.2,66.2,1011.7,0.0,,
2024-12-23 00:00:00,43057099999,Mumbai,NOAA,24.0,84.9,1010.8,0.0,,
2024-12-23 03:00:00,43057099999,Mumbai,NOAA,23.8,86.4,1012.9,0.0,,
2024-12-23 09:00:00,43057099999,Mumbai,NOAA,27.6,67.3,1010.5,1.0,320.0,
2024-12-23 12:00:00,43057099999,Mumbai,NOAA,26.2,71.8,1010.6,1.5,360.0,
2024-12-23 15:00:00,43057099999,Mumbai,NOAA,25.6,67.3,1012.4,1.5,360.0,
2024-12-24 00:00:00,43057099999,Mumbai,NOAA,22.8,71.1,1010.9,0.0,,
2024-12-24 03:00:00,43057099999,Mumbai,NOAA,22.4,71.1,1013.0,0.0,,
2024-12-24 06:00:00,43057099999,Mumbai,NOAA,27.0,61.2,1013.4,0.0,,
2024-12-24 12:00:00,43057099999,Mumbai,NOAA,25.4,61.3,1010.7,1.5,340.0,
2024-12-25 03:00:00,43057099999,Mumbai,NOAA,21.0,71.7,1013.9,0.0,,
2024-12-25 06:00:00,43057099999,Mumbai,NOAA,26.2,56.6,1014.3,0.0,,
2024-12-25 09:00:00,43057099999,Mumbai,NOAA,28.4,56.1,1011.3,1.0,320.0,
2024-12-25 12:00:00,43057099999,Mumbai,NOAA,26.2,66.2,1011.2,1.0,340.0,
2024-12-25 15:00:00,43057099999,Mumbai,NOAA,25.4,75.7,1014.0,0.0,,
2024-12-26 00:00:00,43057099999,Mumbai,NOAA,24.0,54.3,1013.4,0.0,,
2024-12-26 03:00:00,43057099999,Mumbai,NOAA,24.0,65.8,1015.5,0.0,,
2024-12-26 06:00:00,43057099999,Mumbai,NOAA,27.2,61.7,1016.7,0.0,,
2024-12-26 09:00:00,43057099999,Mumbai,NOAA,27.6,64.5,1013.7,1.0,340.0,
2024-12-26 12:00:00,43057099999,Mumbai,NOAA,26.8,78.3,1013.3,1.0,340.0,
2024-12-26 15:00:00,43057099999,Mumbai,NOAA,25.4,75.7,1015.3,0.0,,
2024-12-27 00:00:00,43057099999,Mumbai,NOAA,22.8,63.4,1013.8,0.0,,
2024-12-27 03:00:00,43057099999,Mumbai,NOAA,23.4,71.7,1016.0,1.0,110.0,
2024-12-27 06:00:00,43057099999,Mumbai,NOAA,29.0,51.8,1016.4,0.0,,
2024-12-27 12:00:00,43057099999,Mumbai,NOAA,26.0,84.1,1013.0,1.5,340.0,
2024-12-27 15:00:00,43057099999,Mumbai,NOAA,25.4,82.0,1015.3,1.0,340.0,
2024-12-28 00:00:00,43057099999,Mumbai,NOAA,24.6,71.0,1013.7,0.0,,
2024-12-28 03:00:00,43057099999,Mumbai,NOAA,24.2,75.1,1016.0,1.0,110.0,
2024-12-28 06:00:00,43057099999,Mumbai,NOAA,27.6,63.3,1016.3,0.0,,
2024-12-28 09:00:00,43057099999,Mumbai,NOAA,28.0,63.4,1013.1,1.0,340.0,
2024-12-28 12:00:00,43057099999,Mumbai,NOAA,26.4,74.9,1013.0,1.5,340.0,
2024-12-28 15:00:00,43057099999,Mumbai,NOAA,25.4,82.0,1014.6,1.0,340.0,
2024-12-29 03:00:00,43057099999,Mumbai,NOAA,23.0,81.2,1015.7,0.0,,
2024-12-29 06:00:00,43057099999,Mumbai,NOAA,28.0,69.1,1015.8,0.0,,
2024-12-29 12:00:00,43057099999,Mumbai,NOAA,27.2,72.4,1012.9,2.1,340.0,
2024-12-29 15:00:00,43057099999,Mumbai,NOAA,26.0,70.4,1015.2,1.0,340.0,
2024-12-30 00:00:00,43057099999,Mumbai,NOAA,23.4,69.9,1013.2,0.0,,
2024-12-30 03:00:00,43057099999,Mumbai,NOAA,24.0,76.9,1015.4,0.0,,
2024-12-30 06:00:00,43057099999,Mumbai,NOAA,29.8,64.9,1015.8,1.0,110.0,
2024-12-30 09:00:00,43057099999,Mumbai,NOAA,31.0,57.0,1013.0,0.0,,
2024-12-30 12:00:00,43057099999,Mumbai,NOAA,28.0,74.3,1012.7,1.5,320.0,
2024-12-30 15:00:00,43057099999,Mumbai,NOAA,26.2,77.7,1014.8,1.0,320.0,
2024-12-31 00:00:00,43057099999,Mumbai,NOAA,23.8,86.4,1013.7,0.0,,
2024-12-31 03:00:00,43057099999,Mumbai,NOAA,24.0,84.9,1015.6,1.0,50.0,
2024-12-31 06:00:00,43057099999,Mumbai,NOAA,30.0,57.5,1016.5,0.0,,
2024-12-31 12:00:00,43057099999,Mumbai,NOAA,27.8,68.6,1013.1,1.0,320.0,
2025-01-01 03:00:00,43057099999,Mumbai,NOAA,23.6,82.8,1014.8,0.0,,
2025-01-01 06:00:00,43057099999,Mumbai,NOAA,28.8,62.8,1015.4,0.0,,
2025-01-01 09:00:00,43057099999,Mumbai,NOAA,31.0,52.3,1012.2,0.0,,
2025-01-01 12:00:00,43057099999,Mumbai,NOAA,28.0,75.7,1011.2,1.0,320.0,
2025-01-01 15:00:00,43057099999,Mumbai,NOAA,26.8,68.0,1013.4,1.0,340.0,
2025-01-02 00:00:00,43057099999,Mumbai,NOAA,23.4,77.8,1012.4,0.0,,
2025-01-02 03:00:00,43057099999,Mumbai,NOAA,23.0,77.7,1014.4,1.0,90.0,
2025-01-02 09:00:00,43057099999,Mumbai,NOAA,31.2,51.4,1012.1,1.0,290.0,
2025-01-02 12:00:00,43057099999,Mumbai,NOAA,28.4,61.2,1011.5,1.5,340.0,
2025-01-03 03:00:00,43057099999,Mumbai,NOAA,23.2,69.9,1015.2,1.5,110.0,
2025-01-03 09:00:00,43057099999,Mumbai,NOAA,32.2,25.2,1012.1,0.0,,
2025-01-03 12:00:00,43057099999,Mumbai,NOAA,29.0,46.8,1011.0,0.0,,
2025-01-03 15:00:00,43057099999,Mumbai,NOAA,26.8,58.6,1012.3,1.5,340.0,
2025-01-04 00:00:00,43057099999,Mumbai,NOAA,22.0,82.1,1011.8,0.0,,
2025-01-04 03:00:00,43057099999,Mumbai,NOAA,21.2,75.0,1013.9,0.0,,
2025-01-04 12:00:00,43057099999,Mumbai,NOAA,27.2,51.0,1010.3,1.0,320.0,
2025-01-04 15:00:00,43057099999,Mumbai,NOAA,25.4,69.9,1012.5,0.0,,
2025-01-05 00:00:00,43057099999,Mumbai,NOAA,22.4,77.6,1011.1,0.0,,
2025-01-05 03:00:00,43057099999,Mumbai,NOAA,22.4,79.1,1013.4,0.0,,
2025-01-05 06:00:00,43057099999,Mumbai,NOAA,27.0,53.3,1013.8,0.0,,
2025-01-05 09:00:00,43057099999,Mumbai,NOAA,28.2,53.3,1010.7,1.0,290.0,
2025-01-05 12:00:00,43057099999,Mumbai,NOAA,25.2,66.8,1010.4,2.6,320.0,
2025-01-05 15:00:00,43057099999,Mumbai,NOAA,24.0,75.0,1012.8,2.1,340.0,
2025-01-06 00:00:00,43057099999,Mumbai,NOAA,21.6,56.2,1011.5,0.0,,
2025-01-06 03:00:00,43057099999,Mumbai,NOAA,20.0,58.8,1014.0,0.0,,
2025-01-06 06:00:00,43057099999,Mumbai,NOAA,25.2,52.9,1014.3,1.0,320.0,
2025-01-06 09:00:00,43057099999,Mumbai,NOAA,26.4,50.2,1013.3,1.0,320.0,
2025-01-06 12:00:00,43057099999,Mumbai,NOAA,25.0,53.8,1010.7,2.1,320.0,
2025-01-07 00:00:00,43057099999,Mumbai,NOAA,19.8,68.8,1012.1,0.0,,
2025-01-07 03:00:00,43057099999,Mumbai,NOAA,19.4,63.5,1014.0,0.0,,
2025-01-07 09:00:00,43057099999,Mumbai,NOAA,28.2,53.3,1010.2,1.0,320.0,
2025-01-07 12:00:00,43057099999,Mumbai,NOAA,25.6,68.6,1009.9,1.0,340.0,
2025-01-08 03:00:00,43057099999,Mumbai,NOAA,22.4,66.3,1013.5,1.5,90.0,
2025-01-08 06:00:00,43057099999,Mumbai,NOAA,26.4,54.2,1013.7,0.0,,
2025-01-08 09:00:00,43057099999,Mumbai,NOAA,27.6,51.5,1010.7,1.0,320.0,
2025-01-08 12:00:00,43057099999,Mumbai,NOAA,26.4,58.1,1010.0,1.0,340.0,
2025-01-08 15:00:00,43057099999,Mumbai,NOAA,25.6,60.1,1011.5,1.0,340.0,
2025-01-09 00:00:00,43057099999,Mumbai,NOAA,22.8,63.4,1011.1,1.0,90.0,
2025-01-09 03:00:00,43057099999,Mumbai,NOAA,23.0,51.6,1013.3,1.0,90.0,
2025-01-09 06:00:00,43057099999,Mumbai,NOAA,28.4,42.7,1013.8,1.0,140.0,
2025-01-09 09:00:00,43057099999,Mumbai,NOAA,29.8,32.6,1010.6,1.0,110.0,
2025-01-09 12:00:00,43057099999,Mumbai,NOAA,28.0,50.6,1010.6,0.0,,
2025-01-09 15:00:00,43057099999,Mumbai,NOAA,25.2,71.1,1013.0,0.0,,
2025-01-10 00:00:00,43057099999,Mumbai,NOAA,22.0,79.0,1012.0,1.0,70.0,
2025-01-10 03:00:00,43057099999,Mumbai,NOAA,21.2,75.0,1014.6,0.0,,
2025-01-10 09:00:00,43057099999,Mumbai,NOAA,29.0,36.7,1012.3,0.0,,
2025-01-10 12:00:00,43057099999,Mumbai,NOAA,27.4,47.6,1011.6,1.0,270.0,
2025-01-10 15:00:00,43057099999,Mumbai,NOAA,25.4,75.7,1013.6,0.0,,
2025-01-11 03:00:00,43057099999,Mumbai,NOAA,22.0,82.1,1015.4,0.0,,
2025-01-11 12:00:00,43057099999,Mumbai,NOAA,25.2,69.8,1012.1,1.0,320.0,
2025-01-11 15:00:00,43057099999,Mumbai,NOAA,24.0,72.3,1013.8,1.5,320.0,
2025-01-12 00:00:00,43057099999,Mumbai,NOAA,22.0,77.1,1013.7,1.0,320.0,
2025-01-12 03:00:00,43057099999,Mumbai,NOAA,21.8,73.7,1015.5,0.0,,
2025-01-12 06:00:00,43057099999,Mumbai,NOAA,26.2,58.0,1015.8,0.0,,
2025-01-12 09:00:00,43057099999,Mumbai,NOAA,27.0,56.1,1012.4,1.0,320.0,
2025-01-12 12:00:00,43057099999,Mumbai,NOAA,26.0,66.2,1011.8,1.5,320.0,
2025-01-12 15:00:00,43057099999,Mumbai,NOAA,25.0,68.1,1013.2,2.1,340.0,
2025-01-13 03:00:00,43057099999,Mumbai,NOAA,22.8,66.3,1013.5,1.0,90.0,
2025-01-13 06:00:00,43057099999,Mumbai,NOAA,28.2,54.6,1013.1,1.0,90.0,
2025-01-13 09:00:00,43057099999,Mumbai,NOAA,32.4,39.8,1009.7,0.0,,
2025-01-13 12:00:00,43057099999,Mumbai,NOAA,27.4,65.6,1009.2,0.0,,
2025-01-14 03:00:00,43057099999,Mumbai,NOAA,24.4,79.9,1012.8,1.0,140.0,
2025-01-14 06:00:00,43057099999,Mumbai,NOAA,28.4,65.1,1013.4,1.0,140.0,
2025-01-14 09:00:00,43057099999,Mumbai,NOAA,31.0,54.6,1010.6,1.0,270.0,
2025-01-14 12:00:00,43057099999,Mumbai,NOAA,28.6,73.5,1010.4,0.0,,
2025-01-14 15:00:00,43057099999,Mumbai,NOAA,26.2,84.1,1012.3,0.0,,
2025-01-15 00:00:00,43057099999,Mumbai,NOAA,24.2,88.1,1012.2,0.0,,
2025-01-15 03:00:00,43057099999,Mumbai,NOAA,23.6,88.0,1014.5,0.0,,
2025-01-15 06:00:00,43057099999,Mumbai,NOAA,28.0,77.5,1014.9,0.0,,
2025-01-15 09:00:00,43057099999,Mumbai,NOAA,29.2,73.6,1012.3,1.0,290.0,
2025-01-15 12:00:00,43057099999,Mumbai,NOAA,26.4,79.7,1012.0,1.5,320.0,
2025-01-16 03:00:00,43057099999,Mumbai,NOAA,22.4,79.1,1014.9,0.0,,
2025-01-16 06:00:00,43057099999,Mumbai,NOAA,27.0,61.2,1015.4,0.0,,
2025-01-16 09:00:00,43057099999,Mumbai,NOAA,27.8,62.2,1012.4,3.1,340.0,
2025-01-16 12:00:00,43057099999,Mumbai,NOAA,26.2,71.8,1012.4,2.6,340.0,
2025-01-16 15:00:00,43057099999,Mumbai,NOAA,25.0,80.4,1014.5,1.0,340.0,
2025-01-17 00:00:00,43057099999,Mumbai,NOAA,23.4,79.7,1012.3,0.0,,
2025-01-17 03:00:00,43057099999,Mumbai,NOAA,23.8,79.8,1013.8,1.0,90.0,
2025-01-17 06:00:00,43057099999,Mumbai,NOAA,29.8,51.4,1013.5,0.0,,
2025-01-17 12:00:00,43057099999,Mumbai,NOAA,28.0,75.7,1009.2,1.5,290.0,
2025-01-18 03:00:00,43057099999,Mumbai,NOAA,23.8,71.8,1013.5,0.0,,
2025-01-18 06:00:00,43057099999,Mumbai,NOAA,30.4,42.9,1013.4,0.0,,
2025-01-18 09:00:00,43057099999,Mumbai,NOAA,33.0,46.7,1010.2,0.0,,
2025-01-18 12:00:00,43057099999,Mumbai,NOAA,28.6,62.7,1009.6,1.0,320.0,
2025-01-18 15:00:00,43057099999,Mumbai,NOAA,27.0,60.1,1011.6,1.5,320.0,
2025-01-19 00:00:00,43057099999,Mumbai,NOAA,23.4,84.3,1011.6,0.0,,
2025-01-19 03:00:00,43057099999,Mumbai,NOAA,23.4,82.8,1014.2,0.0,,
2025-01-19 06:00:00,43057099999,Mumbai,NOAA,28.6,50.1,1014.8,0.0,,
2025-01-19 09:00:00,43057099999,Mumbai,NOAA,32.6,42.2,1011.5,0.0,,
2025-01-19 12:00:00,43057099999,Mumbai,NOAA,29.0,64.4,1010.8,1.0,320.0,
2025-01-19 15:00:00,43057099999,Mumbai,NOAA,26.8,68.0,1012.2,1.0,340.0,
2025-01-20 00:00:00,43057099999,Mumbai,NOAA,23.0,71.2,1011.2,0.0,,
2025-01-20 03:00:00,43057099999,Mumbai,NOAA,23.4,77.8,1013.4,0.0,,
2025-01-20 06:00:00,43057099999,Mumbai,NOAA,29.6,46.4,1013.8,0.0,,
2025-01-20 09:00:00,43057099999,Mumbai,NOAA,32.0,43.6,1011.1,0.0,,
2025-01-20 12:00:00,43057099999,Mumbai,NOAA,28.4,53.7,1010.0,0.0,,
2025-01-21 03:00:00,43057099999,Mumbai,NOAA,23.8,82.8,1012.4,0.0,,
2025-01-21 06:00:00,43057099999,Mumbai,NOAA,27.4,64.4,1012.9,0.0,,
2025-01-21 09:00:00,43057099999,Mumbai,NOAA,30.6,49.7,1009.8,0.0,,
2025-01-21 12:00:00,43057099999,Mumbai,NOAA,28.0,66.2,1009.2,1.5,320.0,
2025-01-22 03:00:00,43057099999,Mumbai,NOAA,23.0,84.3,1011.7,0.0,,
2025-01-22 06:00:00,43057099999,Mumbai,NOAA,28.2,62.3,1012.5,0.0,,
2025-01-22 09:00:00,43057099999,Mumbai,NOAA,29.4,58.1,1009.3,1.5,340.0,
2025-01-22 12:00:00,43057099999,Mumbai,NOAA,27.0,69.7,1008.8,1.5,340.0,
2025-01-22 15:00:00,43057099999,Mumbai,NOAA,26.0,70.4,1010.7,2.1,340.0,
2025-01-23 00:00:00,43057099999,Mumbai,NOAA,23.8,61.3,1010.1,0.0,,
2025-01-23 03:00:00,43057099999,Mumbai,NOAA,23.4,59.6,1012.4,0.0,,
2025-01-23 06:00:00,43057099999,Mumbai,NOAA,26.6,46.5,1012.8,0.0,,
2025-01-23 12:00:00,43057099999,Mumbai,NOAA,26.4,60.7,1008.7,1.5,340.0,
2025-01-24 03:00:00,43057099999,Mumbai,NOAA,21.6,65.3,1010.5,0.0,,
2025-01-24 06:00:00,43057099999,Mumbai,NOAA,29.0,46.8,1011.0,0.0,,
2025-01-24 09:00:00,43057099999,Mumbai,NOAA,29.8,59.6,1008.3,1.0,320.0,
2025-01-24 12:00:00,43057099999,Mumbai,NOAA,27.4,65.6,1008.7,1.5,340.0,
2025-01-24 15:00:00,43057099999,Mumbai,NOAA,26.6,71.0,1010.4,1.0,320.0,
2025-01-25 00:00:00,43057099999,Mumbai,NOAA,24.0,86.5,1009.3,0.0,,
2025-01-25 03:00:00,43057099999,Mumbai,NOAA,24.0,83.3,1011.8,0.0,,
2025-01-25 06:00:00,43057099999,Mumbai,NOAA,29.4,53.2,1012.4,0.0,,
2025-01-25 09:00:00,43057099999,Mumbai,NOAA,31.0,56.0,1009.8,1.0,270.0,
2025-01-25 12:00:00,43057099999,Mumbai,NOAA,28.2,71.7,1008.9,1.5,320.0,
2025-01-25 15:00:00,43057099999,Mumbai,NOAA,27.0,68.0,1011.0,0.0,,
2025-01-26 00:00:00,43057099999,Mumbai,NOAA,24.4,86.5,1009.8,0.0,,
2025-01-26 03:00:00,43057099999,Mumbai,NOAA,23.8,86.4,1012.2,0.0,,
2025-01-26 09:00:00,43057099999,Mumbai,NOAA,31.0,59.5,1009.0,1.0,290.0,
2025-01-26 12:00:00,43057099999,Mumbai,NOAA,27.6,78.4,1008.1,1.0,320.0,
2025-01-26 15:00:00,43057099999,Mumbai,NOAA,26.4,72.2,1010.3,0.0,,
2025-01-27 00:00:00,43057099999,Mumbai,NOAA,23.6,88.0,1009.5,0.0,,
2025-01-27 03:00:00,43057099999,Mumbai,NOAA,23.4,89.6,1011.4,0.0,,
2025-01-27 09:00:00,43057099999,Mumbai,NOAA,29.0,69.7,1008.4,1.0,340.0,
2025-01-27 12:00:00,43057099999,Mumbai,NOAA,27.4,69.8,1007.3,1.5,340.0,
2025-01-27 15:00:00,43057099999,Mumbai,NOAA,26.4,62.3,1009.1,1.5,320.0,
2025-01-28 00:00:00,43057099999,Mumbai,NOAA,23.0,71.2,1007.9,0.0,,
2025-01-28 03:00:00,43057099999,Mumbai,NOAA,22.8,81.2,1010.5,0.0,,
2025-01-28 06:00:00,43057099999,Mumbai,NOAA,28.8,60.1,1011.6,0.0,,
2025-01-28 09:00:00,43057099999,Mumbai,NOAA,28.0,63.4,1009.5,1.0,340.0,
2025-01-28 12:00:00,43057099999,Mumbai,NOAA,27.2,72.4,1009.1,1.0,290.0,
2025-01-29 03:00:00,43057099999,Mumbai,NOAA,21.4,83.6,1013.3,0.0,,
2025-01-29 06:00:00,43057099999,Mumbai,NOAA,27.8,50.5,1014.4,1.0,320.0,
2025-01-29 12:00:00,43057099999,Mumbai,NOAA,27.0,68.0,1010.1,1.5,290.0,
2025-01-30 03:00:00,43057099999,Mumbai,NOAA,23.0,79.2,1011.8,0.0,,
2025-01-30 06:00:00,43057099999,Mumbai,NOAA,27.4,60.2,1013.0,0.0,,
2025-01-30 09:00:00,43057099999,Mumbai,NOAA,28.4,58.6,1009.8,1.5,340.0,
2025-01-30 12:00:00,43057099999,Mumbai,NOAA,27.2,47.3,1008.4,1.5,340.0,
2025-01-30 15:00:00,43057099999,Mumbai,NOAA,25.8,56.1,1009.9,1.5,340.0,
2025-01-31 00:00:00,43057099999,Mumbai,NOAA,23.2,68.6,1009.5,0.0,,
2025-01-31 03:00:00,43057099999,Mumbai,NOAA,21.6,70.5,1012.0,0.0,,
2025-01-31 06:00:00,43057099999,Mumbai,NOAA,27.6,51.5,1012.8,1.0,340.0,
2025-01-31 12:00:00,43057099999,Mumbai,NOAA,26.4,52.8,1009.0,2.6,290.0,
2025-02-01 03:00:00,43057099999,Mumbai,NOAA,22.4,84.2,1012.7,0.0,,
2025-02-01 06:00:00,43057099999,Mumbai,NOAA,27.4,59.1,1013.3,1.0,140.0,
2025-02-01 09:00:00,43057099999,Mumbai,NOAA,28.6,61.2,1011.0,1.5,320.0,
2025-02-01 12:00:00,43057099999,Mumbai,NOAA,26.8,63.9,1010.2,2.1,320.0,
2025-02-01 15:00:00,43057099999,Mumbai,NOAA,25.4,74.3,1011.8,2.1,320.0,
2025-02-02 00:00:00,43057099999,Mumbai,NOAA,22.0,56.7,1010.5,0.0,,
2025-02-02 03:00:00,43057099999,Mumbai,NOAA,22.0,61.3,1012.8,0.0,,
2025-02-02 06:00:00,43057099999,Mumbai,NOAA,29.0,43.4,1013.5,0.0,,
2025-02-02 09:00:00,43057099999,Mumbai,NOAA,29.4,46.4,1010.3,1.0,340.0,
2025-02-02 12:00:00,43057099999,Mumbai,NOAA,27.8,59.5,1009.6,1.5,340.0,
2025-02-02 15:00:00,43057099999,Mumbai,NOAA,27.0,58.6,1011.3,1.5,340.0,
2025-02-03 00:00:00,43057099999,Mumbai,NOAA,24.0,61.3,1010.3,0.0,,
2025-02-03 03:00:00,43057099999,Mumbai,NOAA,23.6,78.3,1012.4,0.0,,
2025-02-03 09:00:00,43057099999,Mumbai,NOAA,27.0,61.2,1010.4,2.6,340.0,
2025-02-03 12:00:00,43057099999,Mumbai,NOAA,27.0,61.2,1010.4,2.6,340.0,
2025-02-03 15:00:00,43057099999,Mumbai,NOAA,26.0,63.3,1012.8,1.5,340.0,
2025-02-04 00:00:00,43057099999,Mumbai,NOAA,22.0,59.7,1011.3,0.0,,
2025-02-04 03:00:00,43057099999,Mumbai,NOAA,22.4,66.3,1013.9,0.0,,
2025-02-04 09:00:00,43057099999,Mumbai,NOAA,29.2,60.6,1012.1,1.5,320.0,
2025-02-04 12:00:00,43057099999,Mumbai,NOAA,28.2,59.6,1011.2,1.5,320.0,
2025-02-04 15:00:00,43057099999,Mumbai,NOAA,26.0,71.7,1012.6,0.0,,
2025-02-05 00:00:00,43057099999,Mumbai,NOAA,22.4,49.4,1011.3,0.0,,
2025-02-05 03:00:00,43057099999,Mumbai,NOAA,22.4,52.5,1013.5,0.0,,
2025-02-05 06:00:00,43057099999,Mumbai,NOAA,28.8,35.4,1013.6,0.0,,
2025-02-05 12:00:00,43057099999,Mumbai,NOAA,27.4,56.5,1009.4,2.6,340.0,
2025-02-06 00:00:00,43057099999,Mumbai,NOAA,23.0,63.5,1009.7,0.0,,
2025-02-06 03:00:00,43057099999,Mumbai,NOAA,23.0,69.8,1011.7,0.0,,
2025-02-06 06:00:00,43057099999,Mumbai,NOAA,29.8,45.6,1012.3,0.0,,
2025-02-06 12:00:00,43057099999,Mumbai,NOAA,28.0,70.4,1008.6,1.0,340.0,
2025-02-07 03:00:00,43057099999,Mumbai,NOAA,24.0,84.9,1012.6,0.0,,
2025-02-07 06:00:00,43057099999,Mumbai,NOAA,30.4,60.1,1013.9,0.0,,
2025-02-07 09:00:00,43057099999,Mumbai,NOAA,33.0,52.2,1010.9,1.5,320.0,
2025-02-07 12:00:00,43057099999,Mumbai,NOAA,30.0,67.4,1010.4,1.5,340.0,
2025-02-07 15:00:00,43057099999,Mumbai,NOAA,28.0,58.1,1012.0,0.0,,
2025-02-08 00:00:00,43057099999,Mumbai,NOAA,25.0,85.0,1010.6,0.0,,
2025-02-08 03:00:00,43057099999,Mumbai,NOAA,24.4,84.9,1012.8,0.0,,
2025-02-08 06:00:00,43057099999,Mumbai,NOAA,30.6,54.5,1013.7,0.0,,
2025-02-08 09:00:00,43057099999,Mumbai,NOAA,33.0,46.7,1010.7,0.0,,
2025-02-08 12:00:00,43057099999,Mumbai,NOAA,30.0,70.3,1009.8,1.0,320.0,
2025-02-09 03:00:00,43057099999,Mumbai,NOAA,24.4,91.4,1012.3,0.0,,
2025-02-09 06:00:00,43057099999,Mumbai,NOAA,31.0,51.4,1013.1,0.0,,
2025-02-09 09:00:00,43057099999,Mumbai,NOAA,31.2,62.2,1009.6,1.0,340.0,
2025-02-09 12:00:00,43057099999,Mumbai,NOAA,29.6,66.1,1009.1,1.0,340.0,
2025-02-09 15:00:00,43057099999,Mumbai,NOAA,28.8,48.0,1011.1,1.5,340.0,
2025-02-10 00:00:00,43057099999,Mumbai,NOAA,26.4,58.1,1011.2,1.0,360.0,
2025-02-10 03:00:00,43057099999,Mumbai,NOAA,25.4,57.1,1013.7,0.0,,
2025-02-10 06:00:00,43057099999,Mumbai,NOAA,29.8,51.4,1014.8,0.0,,
2025-02-10 09:00:00,43057099999,Mumbai,NOAA,30.4,50.9,1011.8,1.0,340.0,
2025-02-10 12:00:00,43057099999,Mumbai,NOAA,28.4,70.4,1010.8,1.5,320.0,
2025-02-10 15:00:00,43057099999,Mumbai,NOAA,27.2,65.6,1012.8,1.5,320.0,
2025-02-11 00:00:00,43057099999,Mumbai,NOAA,25.0,71.1,1011.8,1.0,320.0,
2025-02-11 03:00:00,43057099999,Mumbai,NOAA,23.4,71.7,1014.4,0.0,,
2025-02-11 09:00:00,43057099999,Mumbai,NOAA,29.4,55.6,1013.0,1.5,340.0,
2025-02-11 12:00:00,43057099999,Mumbai,NOAA,27.4,64.4,1011.7,2.1,340.0,
2025-02-12 03:00:00,43057099999,Mumbai,NOAA,22.0,70.5,1015.6,0.0,,
2025-02-12 12:00:00,43057099999,Mumbai,NOAA,27.6,63.3,1011.3,1.5,340.0,
2025-02-12 15:00:00,43057099999,Mumbai,NOAA,26.4,72.2,1012.8,2.6,340.0,
2025-02-13 00:00:00,43057099999,Mumbai,NOAA,22.4,85.8,1011.7,0.0,,
2025-02-13 03:00:00,43057099999,Mumbai,NOAA,22.2,74.3,1013.9,0.0,,
2025-02-13 12:00:00,43057099999,Mumbai,NOAA,28.8,55.1,1010.1,2.6,340.0,
2025-02-14 00:00:00,43057099999,Mumbai,NOAA,23.6,68.7,1011.7,0.0,,
2025-02-14 03:00:00,43057099999,Mumbai,NOAA,24.6,72.4,1013.6,0.0,,
2025-02-14 06:00:00,43057099999,Mumbai,NOAA,32.4,44.0,1014.5,0.0,,
2025-02-14 12:00:00,43057099999,Mumbai,NOAA,29.0,54.2,1009.6,3.1,340.0,
2025-02-14 15:00:00,43057099999,Mumbai,NOAA,27.4,60.2,1011.1,6.2,340.0,
2025-02-15 00:00:00,43057099999,Mumbai,NOAA,23.8,81.3,1010.6,0.0,,
2025-02-15 03:00:00,43057099999,Mumbai,NOAA,23.4,79.7,1013.1,0.0,,
2025-02-15 06:00:00,43057099999,Mumbai,NOAA,29.8,51.4,1013.4,0.0,,
2025-02-15 12:00:00,43057099999,Mumbai,NOAA,28.8,55.1,1009.0,3.1,340.0,
2025-02-16 03:00:00,43057099999,Mumbai,NOAA,24.6,53.4,1012.9,2.1,340.0,
2025-02-16 06:00:00,43057099999,Mumbai,NOAA,29.8,42.2,1013.4,0.0,,
2025-02-16 09:00:00,43057099999,Mumbai,NOAA,31.2,46.0,1010.7,1.5,320.0,
2025-02-16 12:00:00,43057099999,Mumbai,NOAA,28.8,50.2,1010.5,1.5,320.0,
2025-02-17 03:00:00,43057099999,Mumbai,NOAA,24.2,73.7,1013.9,0.0,,
2025-02-17 06:00:00,43057099999,Mumbai,NOAA,30.0,53.7,1014.4,0.0,,
2025-02-17 09:00:00,43057099999,Mumbai,NOAA,30.0,60.0,1011.4,2.6,320.0,
2025-02-17 12:00:00,43057099999,Mumbai,NOAA,27.8,66.1,1010.5,4.1,320.0,
2025-02-17 15:00:00,43057099999,Mumbai,NOAA,27.0,65.6,1011.9,3.1,320.0,
2025-02-18 00:00:00,43057099999,Mumbai,NOAA,25.0,81.9,1011.5,1.0,320.0,
2025-02-18 03:00:00,43057099999,Mumbai,NOAA,24.0,75.0,1014.1,0.0,,
2025-02-18 06:00:00,43057099999,Mumbai,NOAA,30.6,45.2,1014.3,0.0,,
2025-02-18 12:00:00,43057099999,Mumbai,NOAA,27.8,64.5,1010.6,3.6,340.0,
2025-02-18 15:00:00,43057099999,Mumbai,NOAA,27.2,66.8,1011.9,1.0,340.0,
2025-02-19 03:00:00,43057099999,Mumbai,NOAA,24.2,88.1,1012.8,0.0,,
2025-02-19 06:00:00,43057099999,Mumbai,NOAA,29.6,57.1,1013.1,0.0,,
2025-02-19 09:00:00,43057099999,Mumbai,NOAA,30.2,54.1,1010.4,2.1,340.0,
2025-02-19 12:00:00,43057099999,Mumbai,NOAA,28.4,61.2,1009.3,2.1,340.0,
2025-02-19 15:00:00,43057099999,Mumbai,NOAA,27.0,68.0,1011.1,1.0,340.0,
2025-02-20 03:00:00,43057099999,Mumbai,NOAA,23.6,75.0,1012.9,0.0,,
2025-02-20 09:00:00,43057099999,Mumbai,NOAA,30.2,60.1,1010.6,2.1,340.0,
2025-02-20 12:00:00,43057099999,Mumbai,NOAA,28.8,57.6,1009.9,2.6,340.0,
2025-02-20 15:00:00,43057099999,Mumbai,NOAA,27.8,59.5,1011.6,4.6,340.0,
2025-02-21 00:00:00,43057099999,Mumbai,NOAA,24.0,58.6,1011.7,0.0,,
2025-02-21 03:00:00,43057099999,Mumbai,NOAA,25.2,54.2,1014.1,0.0,,
2025-02-21 06:00:00,43057099999,Mumbai,NOAA,32.4,36.0,1014.5,1.0,90.0,
2025-02-21 09:00:00,43057099999,Mumbai,NOAA,31.4,52.8,1011.7,2.1,320.0,
2025-02-21 12:00:00,43057099999,Mumbai,NOAA,29.6,56.0,1010.9,3.1,320.0,
2025-02-22 00:00:00,43057099999,Mumbai,NOAA,24.6,69.3,1011.7,0.0,,
2025-02-22 03:00:00,43057099999,Mumbai,NOAA,25.2,68.5,1013.7,0.0,,
2025-02-22 06:00:00,43057099999,Mumbai,NOAA,33.0,29.0,1015.0,0.0,,
2025-02-22 09:00:00,43057099999,Mumbai,NOAA,34.2,44.8,1012.2,1.0,290.0,
2025-02-22 12:00:00,43057099999,Mumbai,NOAA,28.6,69.2,1011.5,2.1,320.0,
2025-02-23 00:00:00,43057099999,Mumbai,NOAA,24.6,80.4,1012.5,0.0,,
2025-02-23 03:00:00,43057099999,Mumbai,NOAA,24.8,72.4,1014.5,0.0,,
2025-02-23 06:00:00,43057099999,Mumbai,NOAA,31.4,48.4,1015.5,0.0,,
2025-02-23 09:00:00,43057099999,Mumbai,NOAA,32.2,45.9,1012.0,1.5,320.0,
2025-02-23 12:00:00,43057099999,Mumbai,NOAA,29.8,63.4,1011.1,1.5,320.0,
2025-02-24 00:00:00,43057099999,Mumbai,NOAA,25.0,74.3,1012.0,0.0,,
2025-02-24 03:00:00,43057099999,Mumbai,NOAA,25.4,68.6,1014.6,0.0,,
2025-02-24 06:00:00,43057099999,Mumbai,NOAA,33.8,35.7,1015.0,0.0,,
2025-02-24 09:00:00,43057099999,Mumbai,NOAA,36.0,,,0.0,,
2025-02-24 12:00:00,43057099999,Mumbai,NOAA,30.4,59.0,1011.4,1.5,320.0,
2025-02-24 15:00:00,43057099999,Mumbai,NOAA,28.8,61.6,1013.3,1.5,320.0,
2025-02-25 03:00:00,43057099999,Mumbai,NOAA,25.6,69.9,1014.5,1.0,90.0,
2025-02-25 06:00:00,43057099999,Mumbai,NOAA,32.8,32.5,1015.6,0.0,,
2025-02-25 09:00:00,43057099999,Mumbai,NOAA,34.4,34.5,1012.8,1.5,290.0,
2025-02-25 12:00:00,43057099999,Mumbai,NOAA,31.0,53.6,1012.6,1.0,320.0,
2025-02-25 15:00:00,43057099999,Mumbai,NOAA,28.2,59.6,1015.4,0.0,,
2025-02-26 00:00:00,43057099999,Mumbai,NOAA,25.2,77.6,1013.5,0.0,,
2025-02-26 03:00:00,43057099999,Mumbai,NOAA,25.8,73.0,1015.9,0.0,,
2025-02-26 06:00:00,43057099999,Mumbai,NOAA,31.8,41.2,1016.3,0.0,,
2025-02-26 09:00:00,43057099999,Mumbai,NOAA,34.6,41.2,1013.0,1.5,270.0,
2025-02-26 12:00:00,43057099999,Mumbai,NOAA,31.2,59.6,1011.9,1.5,290.0,
2025-02-26 15:00:00,43057099999,Mumbai,NOAA,29.2,63.3,1013.5,0.0,,
2025-02-27 00:00:00,43057099999,Mumbai,NOAA,25.4,75.7,1012.5,0.0,,
2025-02-27 03:00:00,43057099999,Mumbai,NOAA,26.0,72.2,1014.7,0.0,,
2025-02-27 06:00:00,43057099999,Mumbai,NOAA,31.6,54.1,1014.9,0.0,,
2025-02-27 09:00:00,43057099999,Mumbai,NOAA,34.2,44.8,1011.3,1.5,290.0,
2025-02-27 12:00:00,43057099999,Mumbai,NOAA,31.2,58.5,1009.7,1.5,290.0,
2025-02-27 15:00:00,43057099999,Mumbai,NOAA,28.8,68.0,1012.5,0.0,,
2025-02-28 03:00:00,43057099999,Mumbai,NOAA,26.2,79.1,1013.4,1.0,140.0,
2025-02-28 09:00:00,43057099999,Mumbai,NOAA,30.8,66.7,1010.5,2.1,290.0,
2025-03-01 00:00:00,43057099999,Mumbai,NOAA,26.4,73.6,1010.3,0.0,,
2025-03-01 03:00:00,43057099999,Mumbai,NOAA,26.4,73.6,1012.6,0.0,,
2025-03-01 06:00:00,43057099999,Mumbai,NOAA,30.2,61.2,1013.3,1.0,290.0,
2025-03-01 09:00:00,43057099999,Mumbai,NOAA,30.8,62.8,1010.4,2.1,290.0,
2025-03-01 12:00:00,43057099999,Mumbai,NOAA,29.0,64.4,1009.5,2.6,290.0,
2025-03-01 15:00:00,43057099999,Mumbai,NOAA,28.4,61.2,1010.9,1.0,340.0,
2025-03-02 03:00:00,43057099999,Mumbai,NOAA,26.6,66.7,1011.2,1.0,320.0,
2025-03-02 06:00:00,43057099999,Mumbai,NOAA,31.6,45.2,1012.2,0.0,,
2025-03-02 09:00:00,43057099999,Mumbai,NOAA,32.0,54.6,1009.0,2.1,320.0,
2025-03-02 12:00:00,43057099999,Mumbai,NOAA,28.8,68.0,1008.5,2.6,340.0,
2025-03-03 00:00:00,43057099999,Mumbai,NOAA,26.2,58.0,1009.7,0.0,,
2025-03-03 03:00:00,43057099999,Mumbai,NOAA,25.8,62.9,1011.9,0.0,,
2025-03-03 06:00:00,43057099999,Mumbai,NOAA,30.8,54.6,1012.3,0.0,,
2025-03-03 09:00:00,43057099999,Mumbai,NOAA,30.8,59.5,1009.6,2.1,290.0,
2025-03-03 12:00:00,43057099999,Mumbai,NOAA,29.4,64.5,1009.0,2.6,290.0,
2025-03-03 15:00:00,43057099999,Mumbai,NOAA,28.4,60.0,1010.4,2.6,320.0,
2025-03-04 00:00:00,43057099999,Mumbai,NOAA,25.6,71.7,1010.0,0.0,,
2025-03-04 03:00:00,43057099999,Mumbai,NOAA,27.0,58.6,1012.4,0.0,,
2025-03-04 06:00:00,43057099999,Mumbai,NOAA,31.6,45.2,1013.1,1.5,340.0,
2025-03-04 09:00:00,43057099999,Mumbai,NOAA,31.0,58.5,1010.4,4.1,340.0,
2025-03-04 12:00:00,43057099999,Mumbai,NOAA,29.2,61.7,1009.5,4.1,340.0,
2025-03-04 15:00:00,43057099999,Mumbai,NOAA,28.2,65.0,1011.1,3.1,340.0,
2025-03-05 00:00:00,43057099999,Mumbai,NOAA,26.0,49.8,1010.1,0.0,,
2025-03-05 03:00:00,43057099999,Mumbai,NOAA,24.4,49.3,1012.2,0.0,,
2025-03-05 06:00:00,43057099999,Mumbai,NOAA,33.0,37.1,1012.6,0.0,,
2025-03-05 09:00:00,43057099999,Mumbai,NOAA,33.0,44.7,1009.8,1.0,320.0,
2025-03-05 12:00:00,43057099999,Mumbai,NOAA,30.2,54.1,1009.1,2.6,340.0,
2025-03-05 15:00:00,43057099999,Mumbai,NOAA,28.2,61.1,1010.6,2.6,340.0,
2025-03-06 00:00:00,43057099999,Mumbai,NOAA,25.0,43.4,1011.0,0.0,,
2025-03-06 03:00:00,43057099999,Mumbai,NOAA,25.4,46.5,1013.4,1.0,90.0,
2025-03-06 06:00:00,43057099999,Mumbai,NOAA,32.6,22.3,1013.8,1.0,90.0,
2025-03-06 09:00:00,43057099999,Mumbai,NOAA,33.0,36.6,1011.0,1.0,320.0,
2025-03-06 12:00:00,43057099999,Mumbai,NOAA,29.0,50.5,1009.7,2.1,340.0,
2025-03-07 00:00:00,43057099999,Mumbai,NOAA,24.0,79.8,1009.3,0.0,,
2025-03-07 03:00:00,43057099999,Mumbai,NOAA,23.4,68.6,1012.1,0.0,,
2025-03-07 06:00:00,43057099999,Mumbai,NOAA,33.4,27.8,1012.1,0.0,,
2025-03-07 12:00:00,43057099999,Mumbai,NOAA,30.6,46.4,1007.2,1.5,320.0,
2025-03-08 03:00:00,43057099999,Mumbai,NOAA,25.4,71.6,1010.0,0.0,,
2025-03-08 06:00:00,43057099999,Mumbai,NOAA,32.0,39.5,1010.1,0.0,,
2025-03-08 09:00:00,43057099999,Mumbai,NOAA,32.4,58.4,1007.4,2.1,320.0,
2025-03-08 12:00:00,43057099999,Mumbai,NOAA,30.0,60.0,1006.3,2.1,320.0,
2025-03-08 15:00:00,43057099999,Mumbai,NOAA,28.0,77.5,1007.4,1.5,320.0,
2025-03-09 00:00:00,43057099999,Mumbai,NOAA,25.4,85.0,1007.5,0.0,,
2025-03-09 03:00:00,43057099999,Mumbai,NOAA,25.0,86.6,1009.7,0.0,,
2025-03-09 06:00:00,43057099999,Mumbai,NOAA,30.4,63.9,1010.2,0.0,,
2025-03-09 12:00:00,43057099999,Mumbai,NOAA,29.0,77.7,1006.6,2.1,340.0,
2025-03-10 03:00:00,43057099999,Mumbai,NOAA,25.6,87.1,1011.1,0.0,,
2025-03-10 06:00:00,43057099999,Mumbai,NOAA,34.4,31.7,1011.7,0.0,,
2025-03-10 09:00:00,43057099999,Mumbai,NOAA,35.8,34.2,1008.7,1.0,320.0,
2025-03-10 12:00:00,43057099999,Mumbai,NOAA,33.0,36.6,1007.8,1.0,320.0,
2025-03-11 00:00:00,43057099999,Mumbai,NOAA,27.0,69.7,1009.8,0.0,,
2025-03-11 03:00:00,43057099999,Mumbai,NOAA,26.6,73.6,1012.8,0.0,,
2025-03-11 06:00:00,43057099999,Mumbai,NOAA,34.4,29.9,1013.3,0.0,,
2025-03-11 09:00:00,43057099999,Mumbai,NOAA,35.0,40.8,1010.0,1.0,250.0,
2025-03-11 12:00:00,43057099999,Mumbai,NOAA,32.0,67.4,1009.0,0.0,,
2025-03-11 15:00:00,43057099999,Mumbai,NOAA,30.4,71.6,1011.1,0.0,,
2025-03-12 00:00:00,43057099999,Mumbai,NOAA,28.0,81.8,1009.7,0.0,,
2025-03-12 03:00:00,43057099999,Mumbai,NOAA,28.0,75.7,1011.3,0.0,,
2025-03-12 06:00:00,43057099999,Mumbai,NOAA,34.4,33.6,1011.6,0.0,,
2025-03-12 09:00:00,43057099999,Mumbai,NOAA,34.6,52.3,1008.6,1.0,320.0,
2025-03-12 12:00:00,43057099999,Mumbai,NOAA,32.6,65.5,1007.0,1.0,290.0,
2025-03-12 15:00:00,43057099999,Mumbai,NOAA,30.4,74.2,1009.3,0.0,,
2025-03-13 00:00:00,43057099999,Mumbai,NOAA,28.0,80.4,1009.1,0.0,,
2025-03-13 03:00:00,43057099999,Mumbai,NOAA,27.4,81.2,1010.8,0.0,,
2025-03-13 06:00:00,43057099999,Mumbai,NOAA,32.4,66.7,1011.6,0.0,,
2025-03-13 09:00:00,43057099999,Mumbai,NOAA,33.8,67.3,1008.2,1.5,290.0,
2025-03-13 12:00:00,43057099999,Mumbai,NOAA,31.6,72.3,1006.9,1.5,270.0,
2025-03-13 15:00:00,43057099999,Mumbai,NOAA,29.4,84.9,1008.6,0.0,,
2025-03-14 00:00:00,43057099999,Mumbai,NOAA,27.4,87.3,1009.0,0.0,,
2025-03-14 03:00:00,43057099999,Mumbai,NOAA,27.2,88.9,1011.6,0.0,,
2025-03-14 06:00:00,43057099999,Mumbai,NOAA,31.4,68.5,1012.0,0.0,,
2025-03-14 09:00:00,43057099999,Mumbai,NOAA,33.0,53.2,1009.4,2.1,290.0,
2025-03-14 12:00:00,43057099999,Mumbai,NOAA,31.2,51.4,1007.9,1.5,290.0,
2025-03-14 15:00:00,43057099999,Mumbai,NOAA,29.6,63.3,1009.1,1.0,290.0,
2025-03-15 00:00:00,43057099999,Mumbai,NOAA,27.4,84.2,1009.2,0.0,,
2025-03-15 03:00:00,43057099999,Mumbai,NOAA,26.6,81.1,1011.3,0.0,,
2025-03-15 06:00:00,43057099999,Mumbai,NOAA,32.4,37.8,1012.1,0.0,,
2025-03-15 09:00:00,43057099999,Mumbai,NOAA,32.0,56.9,1009.9,1.0,320.0,
2025-03-15 12:00:00,43057099999,Mumbai,NOAA,30.8,54.6,1009.2,2.1,320.0,
2025-03-15 15:00:00,43057099999,Mumbai,NOAA,28.8,73.5,1010.6,2.6,320.0,
2025-03-16 00:00:00,43057099999,Mumbai,NOAA,25.0,72.4,1011.0,0.0,,
2025-03-16 03:00:00,43057099999,Mumbai,NOAA,25.4,68.6,1012.8,0.0,,
2025-03-16 06:00:00,43057099999,Mumbai,NOAA,31.0,48.0,1012.9,0.0,,
2025-03-16 09:00:00,43057099999,Mumbai,NOAA,31.0,59.5,1009.8,3.1,320.0,
2025-03-16 12:00:00,43057099999,Mumbai,NOAA,29.2,66.8,1008.0,3.1,340.0,
2025-03-16 15:00:00,43057099999,Mumbai,NOAA,28.4,70.4,1009.3,2.6,320.0,
2025-03-17 00:00:00,43057099999,Mumbai,NOAA,27.4,75.6,1010.2,0.0,,
2025-03-17 03:00:00,43057099999,Mumbai,NOAA,27.0,79.7,1012.0,0.0,,
2025-03-17 09:00:00,43057099999,Mumbai,NOAA,31.0,53.6,1010.1,2.1,340.0,
2025-03-17 12:00:00,43057099999,Mumbai,NOAA,30.0,61.1,1009.4,1.0,340.0,
2025-03-17 15:00:00,43057099999,Mumbai,NOAA,28.4,69.2,1010.6,1.5,340.0,
2025-03-18 00:00:00,43057099999,Mumbai,NOAA,26.0,77.7,1009.6,0.0,,
2025-03-18 03:00:00,43057099999,Mumbai,NOAA,26.0,79.1,1011.2,0.0,,
2025-03-18 06:00:00,43057099999,Mumbai,NOAA,30.4,58.0,1011.7,0.0,,
2025-03-18 09:00:00,43057099999,Mumbai,NOAA,31.2,50.5,1009.5,2.6,290.0,
2025-03-18 12:00:00,43057099999,Mumbai,NOAA,29.6,48.8,1008.8,1.5,320.0,
2025-03-18 15:00:00,43057099999,Mumbai,NOAA,28.4,61.2,1010.3,0.0,,
2025-03-19 00:00:00,43057099999,Mumbai,NOAA,26.4,79.7,1010.4,0.0,,
2025-03-19 03:00:00,43057099999,Mumbai,NOAA,26.2,77.7,1012.8,0.0,,
2025-03-19 06:00:00,43057099999,Mumbai,NOAA,30.8,53.6,1013.5,0.0,,
2025-03-19 12:00:00,43057099999,Mumbai,NOAA,29.6,57.1,1010.1,2.1,320.0,
2025-03-20 00:00:00,43057099999,Mumbai,NOAA,26.0,71.7,1012.0,0.0,,
2025-03-20 03:00:00,43057099999,Mumbai,NOAA,25.4,77.6,1014.2,0.0,,
2025-03-20 06:00:00,43057099999,Mumbai,NOAA,31.6,54.1,1014.7,1.0,290.0,
2025-03-20 09:00:00,43057099999,Mumbai,NOAA,32.0,50.1,1012.4,1.5,340.0,
2025-03-20 12:00:00,43057099999,Mumbai,NOAA,30.4,54.2,1011.8,1.0,340.0,
2025-03-20 15:00:00,43057099999,Mumbai,NOAA,29.0,68.0,1012.9,0.0,,
2025-03-21 00:00:00,43057099999,Mumbai,NOAA,27.0,58.6,1013.5,1.0,340.0,
2025-03-21 03:00:00,43057099999,Mumbai,NOAA,26.8,68.0,1015.6,0.0,,
2025-03-21 06:00:00,43057099999,Mumbai,NOAA,32.4,42.9,1016.0,0.0,,
2025-03-21 09:00:00,43057099999,Mumbai,NOAA,32.0,45.6,1012.9,1.5,320.0,
2025-03-21 12:00:00,43057099999,Mumbai,NOAA,30.0,50.5,1011.8,1.5,320.0,
2025-03-21 15:00:00,43057099999,Mumbai,NOAA,28.0,67.4,1013.0,1.5,320.0,
2025-03-22 00:00:00,43057099999,Mumbai,NOAA,25.4,77.6,1012.2,0.0,,
2025-03-22 03:00:00,43057099999,Mumbai,NOAA,25.6,80.5,1014.7,0.0,,
2025-03-22 06:00:00,43057099999,Mumbai,NOAA,31.4,48.4,1014.4,0.0,,
2025-03-22 09:00:00,43057099999,Mumbai,NOAA,32.2,49.2,1011.4,2.1,320.0,
2025-03-22 12:00:00,43057099999,Mumbai,NOAA,30.4,63.9,1009.8,1.5,320.0,
2025-03-22 15:00:00,43057099999,Mumbai,NOAA,28.6,76.2,1011.4,1.0,320.0,
2025-03-23 00:00:00,43057099999,Mumbai,NOAA,26.0,85.6,1011.6,0.0,,
2025-03-23 03:00:00,43057099999,Mumbai,NOAA,26.0,87.2,1013.4,0.0,,
2025-03-23 06:00:00,43057099999,Mumbai,NOAA,31.2,69.7,1013.3,1.0,230.0,
2025-03-23 09:00:00,43057099999,Mumbai,NOAA,32.4,56.0,1010.5,1.5,320.0,
2025-03-23 12:00:00,43057099999,Mumbai,NOAA,30.6,63.9,1010.1,1.5,320.0,
2025-03-23 15:00:00,43057099999,Mumbai,NOAA,29.4,68.5,1012.1,0.0,,
2025-03-24 00:00:00,43057099999,Mumbai,NOAA,26.6,82.6,1011.5,0.0,,
2025-03-24 03:00:00,43057099999,Mumbai,NOAA,26.8,85.7,1014.5,0.0,,
2025-03-24 06:00:00,43057099999,Mumbai,NOAA,31.4,67.3,1013.8,1.0,250.0,
2025-03-24 09:00:00,43057099999,Mumbai,NOAA,32.0,66.2,1010.2,2.1,290.0,
2025-03-24 12:00:00,43057099999,Mumbai,NOAA,30.4,63.9,1009.1,1.5,290.0,
2025-03-24 15:00:00,43057099999,Mumbai,NOAA,29.6,69.8,1011.2,1.0,290.0,
2025-03-25 00:00:00,43057099999,Mumbai,NOAA,26.4,77.7,1008.6,0.0,,
2025-03-25 03:00:00,43057099999,Mumbai,NOAA,27.4,81.2,1011.0,0.0,,
2025-03-25 06:00:00,43057099999,Mumbai,NOAA,32.0,62.7,1010.8,1.0,320.0,
2025-03-25 09:00:00,43057099999,Mumbai,NOAA,31.6,67.3,1007.4,3.1,320.0,
2025-03-25 12:00:00,43057099999,Mumbai,NOAA,30.4,69.1,1006.3,2.1,320.0,
2025-03-25 15:00:00,43057099999,Mumbai,NOAA,29.2,79.1,1008.3,1.0,340.0,
2025-03-26 00:00:00,43057099999,Mumbai,NOAA,26.4,85.6,1007.4,0.0,,
2025-03-26 03:00:00,43057099999,Mumbai,NOAA,26.6,87.2,1009.7,0.0,,
2025-03-26 06:00:00,43057099999,Mumbai,NOAA,31.0,65.6,1010.2,1.0,320.0,
2025-03-26 09:00:00,43057099999,Mumbai,NOAA,31.2,58.5,1007.7,2.1,320.0,
2025-03-26 12:00:00,43057099999,Mumbai,NOAA,29.4,63.3,1006.8,1.5,320.0,
2025-03-27 00:00:00,43057099999,Mumbai,NOAA,26.6,78.2,1009.2,0.0,,
2025-03-27 03:00:00,43057099999,Mumbai,NOAA,26.4,76.3,1011.1,0.0,,
2025-03-27 06:00:00,43057099999,Mumbai,NOAA,30.0,65.0,1011.6,0.0,,
2025-03-27 09:00:00,43057099999,Mumbai,NOAA,30.0,63.8,1009.1,2.6,340.0,
2025-03-27 12:00:00,43057099999,Mumbai,NOAA,28.0,70.4,1007.5,2.1,340.0,
2025-03-27 15:00:00,43057099999,Mumbai,NOAA,27.0,68.0,1009.1,1.5,340.0,
2025-03-28 00:00:00,43057099999,Mumbai,NOAA,26.0,74.9,1008.4,0.0,,
2025-03-28 03:00:00,43057099999,Mumbai,NOAA,26.2,81.1,1010.8,0.0,,
2025-03-28 06:00:00,43057099999,Mumbai,NOAA,30.2,66.2,1010.5,1.0,320.0,
2025-03-28 09:00:00,43057099999,Mumbai,NOAA,31.0,56.0,1007.4,1.0,320.0,
2025-03-28 12:00:00,43057099999,Mumbai,NOAA,30.4,61.6,1005.9,1.0,320.0,
2025-03-29 00:00:00,43057099999,Mumbai,NOAA,27.8,34.0,1006.3,0.0,,
2025-03-29 03:00:00,43057099999,Mumbai,NOAA,26.2,37.8,1008.5,0.0,,
2025-03-29 06:00:00,43057099999,Mumbai,NOAA,34.2,21.9,1008.1,0.0,,
2025-03-29 09:00:00,43057099999,Mumbai,NOAA,31.8,47.6,1005.9,1.5,320.0,
2025-03-29 12:00:00,43057099999,Mumbai,NOAA,30.0,63.8,1004.7,2.1,340.0,
2025-03-29 15:00:00,43057099999,Mumbai,NOAA,29.0,64.4,1007.3,0.0,,
2025-03-30 00:00:00,43057099999,Mumbai,NOAA,27.4,71.1,1006.7,0.0,,
2025-03-30 03:00:00,43057099999,Mumbai,NOAA,27.4,78.4,1009.1,0.0,,
2025-03-30 06:00:00,43057099999,Mumbai,NOAA,31.8,62.7,1009.0,0.0,,
2025-03-30 09:00:00,43057099999,Mumbai,NOAA,30.8,69.2,1006.2,4.1,340.0,
2025-03-30 12:00:00,43057099999,Mumbai,NOAA,30.0,67.4,1005.2,2.1,340.0,
2025-03-30 15:00:00,43057099999,Mumbai,NOAA,29.4,44.1,1007.7,0.0,,
2025-03-31 00:00:00,43057099999,Mumbai,NOAA,27.2,78.3,1007.3,0.0,,
2025-03-31 03:00:00,43057099999,Mumbai,NOAA,27.8,84.3,1009.5,0.0,,
2025-03-31 06:00:00,43057099999,Mumbai,NOAA,31.6,62.3,1009.3,0.0,,
2025-03-31 09:00:00,43057099999,Mumbai,NOAA,32.4,58.4,1006.7,0.0,,
2025-03-31 12:00:00,43057099999,Mumbai,NOAA,30.4,65.1,1005.4,0.0,,
2025-03-31 15:00:00,43057099999,Mumbai,NOAA,29.4,62.1,1007.1,0.0,,
2025-04-01 00:00:00,43057099999,Mumbai,NOAA,27.4,77.0,1006.3,0.0,,
2025-04-01 03:00:00,43057099999,Mumbai,NOAA,27.8,81.3,1008.5,0.0,,
2025-04-01 06:00:00,43057099999,Mumbai,NOAA,31.0,64.4,1008.5,0.0,,
2025-04-01 09:00:00,43057099999,Mumbai,NOAA,32.8,57.5,1006.2,1.0,270.0,
2025-04-01 12:00:00,43057099999,Mumbai,NOAA,30.2,76.9,1004.8,1.0,340.0,
2025-04-01 15:00:00,43057099999,Mumbai,NOAA,29.0,69.7,1006.3,0.0,,
2025-04-02 00:00:00,43057099999,Mumbai,NOAA,28.0,81.8,1006.3,0.0,,
2025-04-02 03:00:00,43057099999,Mumbai,NOAA,28.0,83.3,1008.1,0.0,,
2025-04-02 09:00:00,43057099999,Mumbai,NOAA,33.6,61.6,1006.8,1.5,270.0,
2025-04-02 12:00:00,43057099999,Mumbai,NOAA,31.6,77.6,1005.9,1.5,290.0,
2025-04-02 15:00:00,43057099999,Mumbai,NOAA,30.0,79.7,1009.0,0.0,,
2025-04-03 03:00:00,43057099999,Mumbai,NOAA,28.4,80.4,1012.4,0.0,,
2025-04-03 06:00:00,43057099999,Mumbai,NOAA,33.0,68.0,1012.5,0.0,,
2025-04-03 09:00:00,43057099999,Mumbai,NOAA,33.6,67.3,1010.0,1.5,270.0,
2025-04-03 12:00:00,43057099999,Mumbai,NOAA,31.6,77.6,1008.4,1.5,290.0,
2025-04-03 15:00:00,43057099999,Mumbai,NOAA,30.6,84.1,1011.0,0.0,,
2025-04-04 00:00:00,43057099999,Mumbai,NOAA,29.0,88.0,1012.0,0.0,,
2025-04-04 03:00:00,43057099999,Mumbai,NOAA,29.0,88.0,1013.8,0.0,,
2025-04-04 06:00:00,43057099999,Mumbai,NOAA,32.6,70.3,1013.6,0.0,,
2025-04-04 09:00:00,43057099999,Mumbai,NOAA,33.4,66.1,1010.6,1.5,320.0,
2025-04-04 12:00:00,43057099999,Mumbai,NOAA,31.0,73.5,1009.8,3.1,340.0,
2025-04-04 15:00:00,43057099999,Mumbai,NOAA,28.0,51.9,1010.5,0.0,,
2025-04-05 00:00:00,43057099999,Mumbai,NOAA,27.4,81.2,1010.0,0.0,,
2025-04-05 03:00:00,43057099999,Mumbai,NOAA,27.4,75.6,1011.9,1.0,90.0,
2025-04-05 09:00:00,43057099999,Mumbai,NOAA,33.6,46.3,1009.0,1.5,290.0,
2025-04-05 12:00:00,43057099999,Mumbai,NOAA,31.0,72.2,1006.8,0.0,,
2025-04-05 15:00:00,43057099999,Mumbai,NOAA,30.0,76.9,1008.3,1.5,340.0,
2025-04-06 00:00:00,43057099999,Mumbai,NOAA,26.4,82.6,1008.2,0.0,,
2025-04-06 03:00:00,43057099999,Mumbai,NOAA,27.8,87.3,1010.4,0.0,,
2025-04-06 06:00:00,43057099999,Mumbai,NOAA,32.8,70.4,1010.9,1.5,250.0,
2025-04-06 09:00:00,43057099999,Mumbai,NOAA,33.6,66.1,1007.6,2.1,270.0,
2025-04-06 12:00:00,43057099999,Mumbai,NOAA,31.4,74.9,1006.6,1.0,290.0,
2025-04-07 00:00:00,43057099999,Mumbai,NOAA,27.4,87.3,1008.3,0.0,,
2025-04-07 03:00:00,43057099999,Mumbai,NOAA,27.8,84.3,1010.5,0.0,,
2025-04-07 06:00:00,43057099999,Mumbai,NOAA,32.8,66.7,1010.3,1.0,270.0,
2025-04-07 09:00:00,43057099999,Mumbai,NOAA,34.0,63.9,1006.9,2.1,290.0,
2025-04-07 12:00:00,43057099999,Mumbai,NOAA,32.6,55.0,1005.2,2.1,320.0,
2025-04-07 15:00:00,43057099999,Mumbai,NOAA,31.4,58.5,1007.2,1.5,320.0,
2025-04-08 00:00:00,43057099999,Mumbai,NOAA,28.4,77.6,1008.2,0.0,,
2025-04-08 03:00:00,43057099999,Mumbai,NOAA,28.6,81.9,1010.5,0.0,,
2025-04-08 06:00:00,43057099999,Mumbai,NOAA,33.4,64.9,1011.1,0.0,,
2025-04-08 09:00:00,43057099999,Mumbai,NOAA,33.6,63.8,1008.2,1.5,290.0,
2025-04-08 12:00:00,43057099999,Mumbai,NOAA,32.2,61.6,1006.5,1.5,320.0,
2025-04-08 15:00:00,43057099999,Mumbai,NOAA,31.2,59.6,1008.4,1.0,320.0,
2025-04-09 00:00:00,43057099999,Mumbai,NOAA,29.0,81.9,1009.6,0.0,,
2025-04-09 03:00:00,43057099999,Mumbai,NOAA,29.0,84.9,1011.2,0.0,,
2025-04-09 06:00:00,43057099999,Mumbai,NOAA,33.4,70.9,1010.7,1.0,270.0,
2025-04-09 09:00:00,43057099999,Mumbai,NOAA,33.6,72.2,1007.1,2.1,270.0,
2025-04-09 12:00:00,43057099999,Mumbai,NOAA,31.2,79.8,1005.2,3.1,290.0,
2025-04-09 15:00:00,43057099999,Mumbai,NOAA,30.2,82.6,1007.0,0.0,,
2025-04-10 00:00:00,43057099999,Mumbai,NOAA,29.0,88.0,1007.7,0.0,,
2025-04-10 03:00:00,43057099999,Mumbai,NOAA,29.0,81.9,1009.8,0.0,,
2025-04-10 06:00:00,43057099999,Mumbai,NOAA,33.2,63.3,1009.0,1.5,230.0,
2025-04-10 09:00:00,43057099999,Mumbai,NOAA,34.0,67.4,1006.5,1.5,270.0,
2025-04-10 12:00:00,43057099999,Mumbai,NOAA,32.0,69.8,1004.8,0.0,,
2025-04-10 15:00:00,43057099999,Mumbai,NOAA,30.4,74.2,1006.0,0.0,,
2025-04-11 00:00:00,43057099999,Mumbai,NOAA,28.0,87.3,1006.4,0.0,,
2025-04-11 03:00:00,43057099999,Mumbai,NOAA,28.4,87.9,1008.4,1.0,140.0,
2025-04-11 06:00:00,43057099999,Mumbai,NOAA,32.8,69.2,1008.4,0.0,,
2025-04-11 09:00:00,43057099999,Mumbai,NOAA,33.4,66.1,1005.9,1.0,290.0,
2025-04-11 12:00:00,43057099999,Mumbai,NOAA,30.4,76.9,1005.2,2.6,290.0,
2025-04-11 15:00:00,43057099999,Mumbai,NOAA,29.6,78.2,1007.2,1.5,290.0,
2025-04-12 00:00:00,43057099999,Mumbai,NOAA,27.8,85.8,1007.9,0.0,,
2025-04-12 03:00:00,43057099999,Mumbai,NOAA,28.4,83.3,1009.9,0.0,,
2025-04-12 06:00:00,43057099999,Mumbai,NOAA,33.0,60.0,1010.2,0.0,,
2025-04-12 09:00:00,43057099999,Mumbai,NOAA,33.0,62.2,1008.4,2.1,270.0,
2025-04-12 12:00:00,43057099999,Mumbai,NOAA,31.4,69.7,1007.8,2.1,270.0,
2025-04-12 15:00:00,43057099999,Mumbai,NOAA,30.0,72.9,1009.2,0.0,,
2025-04-13 00:00:00,43057099999,Mumbai,NOAA,27.0,78.3,1009.4,0.0,,
2025-04-13 03:00:00,43057099999,Mumbai,NOAA,27.6,82.7,1011.9,0.0,,
2025-04-13 06:00:00,43057099999,Mumbai,NOAA,33.0,58.6,1012.0,1.0,270.0,
2025-04-13 09:00:00,43057099999,Mumbai,NOAA,33.2,61.1,1009.6,1.5,290.0,
2025-04-13 12:00:00,43057099999,Mumbai,NOAA,31.0,76.1,1008.0,3.1,290.0,
2025-04-13 15:00:00,43057099999,Mumbai,NOAA,30.0,78.3,1009.9,0.0,,
2025-04-14 00:00:00,43057099999,Mumbai,NOAA,28.0,84.8,1008.7,0.0,,
2025-04-14 03:00:00,43057099999,Mumbai,NOAA,27.6,87.3,1010.7,0.0,,
2025-04-14 06:00:00,43057099999,Mumbai,NOAA,33.0,64.4,1010.5,0.0,,
2025-04-14 09:00:00,43057099999,Mumbai,NOAA,33.4,63.8,1007.7,1.5,320.0,
2025-04-14 12:00:00,43057099999,Mumbai,NOAA,32.4,51.4,1006.4,1.5,320.0,
2025-04-14 15:00:00,43057099999,Mumbai,NOAA,30.4,70.4,1007.8,1.5,320.0,
2025-04-15 00:00:00,43057099999,Mumbai,NOAA,29.0,80.5,1007.7,0.0,,
2025-04-15 03:00:00,43057099999,Mumbai,NOAA,29.2,82.0,1009.6,0.0,,
2025-04-15 06:00:00,43057099999,Mumbai,NOAA,32.6,70.3,1009.8,1.5,320.0,
2025-04-15 09:00:00,43057099999,Mumbai,NOAA,33.4,62.3,1007.3,1.5,320.0,
2025-04-15 12:00:00,43057099999,Mumbai,NOAA,31.0,65.6,1006.0,1.5,320.0,
2025-04-15 15:00:00,43057099999,Mumbai,NOAA,29.6,79.6,1007.6,1.0,340.0,
2025-04-16 00:00:00,43057099999,Mumbai,NOAA,28.0,78.4,1007.2,0.0,,
2025-04-16 03:00:00,43057099999,Mumbai,NOAA,28.6,77.6,1009.1,0.0,,
2025-04-16 06:00:00,43057099999,Mumbai,NOAA,32.4,66.7,1009.5,1.5,290.0,
2025-04-16 09:00:00,43057099999,Mumbai,NOAA,32.2,67.8,1007.6,1.5,290.0,
2025-04-16 12:00:00,43057099999,Mumbai,NOAA,31.0,70.9,1007.1,1.0,270.0,
2025-04-16 15:00:00,43057099999,Mumbai,NOAA,29.6,81.0,1008.6,0.0,,
2025-04-17 00:00:00,43057099999,Mumbai,NOAA,27.4,84.2,1007.6,0.0,,
2025-04-17 03:00:00,43057099999,Mumbai,NOAA,28.0,88.9,1009.6,0.0,,
2025-04-17 09:00:00,43057099999,Mumbai,NOAA,33.0,64.4,1007.3,1.5,290.0,
2025-04-17 12:00:00,43057099999,Mumbai,NOAA,30.8,75.6,1005.9,1.5,320.0,
2025-04-17 15:00:00,43057099999,Mumbai,NOAA,29.4,82.0,1007.4,1.0,320.0,
2025-04-18 00:00:00,43057099999,Mumbai,NOAA,27.4,85.7,1007.0,0.0,,
2025-04-18 03:00:00,43057099999,Mumbai,NOAA,28.0,88.9,1009.0,0.0,,
2025-04-18 06:00:00,43057099999,Mumbai,NOAA,32.0,69.8,1009.1,1.0,290.0,
2025-04-18 09:00:00,43057099999,Mumbai,NOAA,33.2,63.3,1006.9,1.5,270.0,
2025-04-18 12:00:00,43057099999,Mumbai,NOAA,31.4,72.2,1005.4,1.5,290.0,
2025-04-18 15:00:00,43057099999,Mumbai,NOAA,29.6,82.0,1006.8,0.0,,
2025-04-19 00:00:00,43057099999,Mumbai,NOAA,28.0,87.3,1007.6,0.0,,
2025-04-19 03:00:00,43057099999,Mumbai,NOAA,29.0,88.0,1009.6,1.0,140.0,
2025-04-19 06:00:00,43057099999,Mumbai,NOAA,32.2,65.1,1009.7,1.5,270.0,
2025-04-19 09:00:00,43057099999,Mumbai,NOAA,32.0,63.9,1007.3,1.0,290.0,
2025-04-19 12:00:00,43057099999,Mumbai,NOAA,30.8,73.0,1005.9,2.1,290.0,
2025-04-19 15:00:00,43057099999,Mumbai,NOAA,29.6,76.8,1007.4,1.0,290.0,
2025-04-20 00:00:00,43057099999,Mumbai,NOAA,28.2,87.4,1006.8,0.0,,
2025-04-20 03:00:00,43057099999,Mumbai,NOAA,28.8,86.4,1008.7,0.0,,
2025-04-20 06:00:00,43057099999,Mumbai,NOAA,33.2,68.4,1009.6,1.0,270.0,
2025-04-20 09:00:00,43057099999,Mumbai,NOAA,33.4,64.9,1007.7,2.1,270.0,
2025-04-20 12:00:00,43057099999,Mumbai,NOAA,31.4,72.2,1007.1,1.5,290.0,
2025-04-20 15:00:00,43057099999,Mumbai,NOAA,29.8,79.6,1008.4,0.0,,
2025-04-21 00:00:00,43057099999,Mumbai,NOAA,28.4,86.4,1008.1,0.0,,
2025-04-21 03:00:00,43057099999,Mumbai,NOAA,29.2,84.9,1010.6,0.0,,
2025-04-21 06:00:00,43057099999,Mumbai,NOAA,33.0,70.4,1011.4,1.0,250.0,
2025-04-21 12:00:00,43057099999,Mumbai,NOAA,31.2,72.2,1008.7,2.1,290.0,
2025-04-21 15:00:00,43057099999,Mumbai,NOAA,30.0,82.5,1010.4,0.0,,
2025-04-22 00:00:00,43057099999,Mumbai,NOAA,28.0,78.4,1009.0,0.0,,
2025-04-22 03:00:00,43057099999,Mumbai,NOAA,28.4,81.9,1011.4,0.0,,
2025-04-22 06:00:00,43057099999,Mumbai,NOAA,33.0,57.5,1011.2,1.0,290.0,
2025-04-22 09:00:00,43057099999,Mumbai,NOAA,32.6,77.7,1008.8,3.1,320.0,
2025-04-22 12:00:00,43057099999,Mumbai,NOAA,31.6,74.9,1007.5,1.5,320.0,
2025-04-22 15:00:00,43057099999,Mumbai,NOAA,30.8,75.6,1009.0,0.0,,
2025-04-23 00:00:00,43057099999,Mumbai,NOAA,28.4,84.8,1008.4,0.0,,
2025-04-23 03:00:00,43057099999,Mumbai,NOAA,29.0,89.5,1010.5,0.0,,
2025-04-23 06:00:00,43057099999,Mumbai,NOAA,33.0,75.5,1010.1,0.0,,
2025-04-23 09:00:00,43057099999,Mumbai,NOAA,33.4,68.5,1007.2,2.6,270.0,
2025-04-23 12:00:00,43057099999,Mumbai,NOAA,31.8,72.3,1005.5,2.1,290.0,
2025-04-24 00:00:00,43057099999,Mumbai,NOAA,28.4,86.4,1006.9,0.0,,
2025-04-24 03:00:00,43057099999,Mumbai,NOAA,29.2,88.0,1009.3,0.0,,
2025-04-24 06:00:00,43057099999,Mumbai,NOAA,33.2,70.5,1009.5,1.5,230.0,
2025-04-24 09:00:00,43057099999,Mumbai,NOAA,34.0,63.9,1006.8,1.5,270.0,
2025-04-24 12:00:00,43057099999,Mumbai,NOAA,31.8,69.8,1005.7,1.0,320.0,
2025-04-24 15:00:00,43057099999,Mumbai,NOAA,30.4,75.6,1007.0,0.0,,
2025-04-25 00:00:00,43057099999,Mumbai,NOAA,28.2,83.3,1006.9,0.0,,
2025-04-25 03:00:00,43057099999,Mumbai,NOAA,28.6,83.4,1009.6,0.0,,
2025-04-25 06:00:00,43057099999,Mumbai,NOAA,32.8,65.6,1010.3,1.0,290.0,
2025-04-25 09:00:00,43057099999,Mumbai,NOAA,32.8,57.5,1007.3,1.0,290.0,
2025-04-25 12:00:00,43057099999,Mumbai,NOAA,31.4,54.1,1006.0,2.1,290.0,
2025-04-25 15:00:00,43057099999,Mumbai,NOAA,30.4,61.6,1007.7,0.0,,
2025-04-26 00:00:00,43057099999,Mumbai,NOAA,28.0,73.0,1007.1,0.0,,
2025-04-26 03:00:00,43057099999,Mumbai,NOAA,29.0,78.1,1009.0,0.0,,
2025-04-26 06:00:00,43057099999,Mumbai,NOAA,32.4,62.8,1009.1,0.0,,
2025-04-26 09:00:00,43057099999,Mumbai,NOAA,33.2,61.1,1007.1,1.5,290.0,
2025-04-26 12:00:00,43057099999,Mumbai,NOAA,31.8,66.1,1006.1,1.0,320.0,
2025-04-26 15:00:00,43057099999,Mumbai,NOAA,30.4,70.4,1007.6,0.0,,
2025-04-27 03:00:00,43057099999,Mumbai,NOAA,28.4,83.3,1009.5,0.0,,
2025-04-27 06:00:00,43057099999,Mumbai,NOAA,32.6,65.5,1009.7,0.0,,
2025-04-27 09:00:00,43057099999,Mumbai,NOAA,33.2,63.3,1007.2,1.0,290.0,
2025-04-27 12:00:00,43057099999,Mumbai,NOAA,31.6,71.0,1005.5,2.1,320.0,
2025-04-27 15:00:00,43057099999,Mumbai,NOAA,30.6,73.0,1007.4,0.0,,
2025-04-28 00:00:00,43057099999,Mumbai,NOAA,28.6,81.9,1007.6,1.5,180.0,
2025-04-28 03:00:00,43057099999,Mumbai,NOAA,29.2,82.0,1009.1,0.0,,
2025-04-28 06:00:00,43057099999,Mumbai,NOAA,33.4,61.2,1008.8,0.0,,
2025-04-28 09:00:00,43057099999,Mumbai,NOAA,33.4,58.0,1006.1,1.0,290.0,
2025-04-28 12:00:00,43057099999,Mumbai,NOAA,31.4,68.5,1004.4,1.0,320.0,
2025-04-28 15:00:00,43057099999,Mumbai,NOAA,30.0,79.7,1006.2,0.0,,
2025-04-29 00:00:00,43057099999,Mumbai,NOAA,28.0,83.3,1006.3,0.0,,
2025-04-29 03:00:00,43057099999,Mumbai,NOAA,30.4,81.1,1008.2,0.0,,
2025-04-29 06:00:00,43057099999,Mumbai,NOAA,33.4,66.1,1008.2,0.0,,
2025-04-29 09:00:00,43057099999,Mumbai,NOAA,33.6,63.8,1006.0,1.0,270.0,
2025-04-29 12:00:00,43057099999,Mumbai,NOAA,31.6,69.8,1004.9,1.5,270.0,
2025-04-29 15:00:00,43057099999,Mumbai,NOAA,30.2,76.9,1006.3,0.0,,
2025-04-30 00:00:00,43057099999,Mumbai,NOAA,28.4,88.9,1007.3,0.0,,
2025-04-30 03:00:00,43057099999,Mumbai,NOAA,30.0,79.7,1009.5,0.0,,
2025-04-30 06:00:00,43057099999,Mumbai,NOAA,33.0,63.3,1009.2,0.0,,
2025-04-30 09:00:00,43057099999,Mumbai,NOAA,33.8,63.9,1007.2,2.1,270.0,
2025-04-30 12:00:00,43057099999,Mumbai,NOAA,31.4,72.2,1006.2,1.5,290.0,
2025-04-30 15:00:00,43057099999,Mumbai,NOAA,30.0,78.3,1007.0,0.0,,
2025-05-01 00:00:00,43057099999,Mumbai,NOAA,28.2,83.3,1008.0,0.0,,
2025-05-01 03:00:00,43057099999,Mumbai,NOAA,29.8,76.9,1009.1,0.0,,
2025-05-01 06:00:00,43057099999,Mumbai,NOAA,33.4,64.9,1009.5,1.0,270.0,
2025-05-01 09:00:00,43057099999,Mumbai,NOAA,33.8,65.0,1007.9,1.0,270.0,
2025-05-01 12:00:00,43057099999,Mumbai,NOAA,31.6,72.3,1006.7,1.0,270.0,
2025-05-01 15:00:00,43057099999,Mumbai,NOAA,30.2,79.7,1007.2,0.0,,
2025-05-02 00:00:00,43057099999,Mumbai,NOAA,28.6,81.9,1008.3,0.0,,
2025-05-02 03:00:00,43057099999,Mumbai,NOAA,29.6,82.0,1009.8,0.0,,
2025-05-02 06:00:00,43057099999,Mumbai,NOAA,33.4,64.9,1009.4,1.0,270.0,
2025-05-02 09:00:00,43057099999,Mumbai,NOAA,33.4,64.9,1008.1,1.0,340.0,
2025-05-02 12:00:00,43057099999,Mumbai,NOAA,32.0,65.0,1006.5,1.0,340.0,
2025-05-02 15:00:00,43057099999,Mumbai,NOAA,30.4,74.2,1007.7,0.0,,
2025-05-03 00:00:00,43057099999,Mumbai,NOAA,28.4,83.3,1007.6,0.0,,
2025-05-03 03:00:00,43057099999,Mumbai,NOAA,29.4,90.1,1009.4,0.0,,
2025-05-03 06:00:00,43057099999,Mumbai,NOAA,34.0,59.5,1010.0,0.0,,
2025-05-03 09:00:00,43057099999,Mumbai,NOAA,33.8,63.9,1008.3,2.1,250.0,
2025-05-03 12:00:00,43057099999,Mumbai,NOAA,31.4,71.0,1006.6,2.1,270.0,
2025-05-03 15:00:00,43057099999,Mumbai,NOAA,30.2,72.9,1007.4,1.0,270.0,
2025-05-04 00:00:00,43057099999,Mumbai,NOAA,28.8,76.2,1007.2,0.0,,
2025-05-04 03:00:00,43057099999,Mumbai,NOAA,29.8,74.2,1009.5,0.0,,
2025-05-04 06:00:00,43057099999,Mumbai,NOAA,34.0,58.4,1010.1,1.0,290.0,
2025-05-04 12:00:00,43057099999,Mumbai,NOAA,31.6,66.1,1006.0,1.5,270.0,
2025-05-04 15:00:00,43057099999,Mumbai,NOAA,30.4,74.2,1006.7,0.0,,
2025-05-05 03:00:00,43057099999,Mumbai,NOAA,29.6,82.0,1008.0,0.0,,
2025-05-05 06:00:00,43057099999,Mumbai,NOAA,33.6,61.6,1008.3,1.0,270.0,
2025-05-05 09:00:00,43057099999,Mumbai,NOAA,34.0,60.6,1006.7,1.0,320.0,
2025-05-05 12:00:00,43057099999,Mumbai,NOAA,31.6,69.8,1005.4,1.5,270.0,
2025-05-05 15:00:00,43057099999,Mumbai,NOAA,30.4,74.2,1008.1,1.0,270.0,
2025-05-06 00:00:00,43057099999,Mumbai,NOAA,29.4,80.5,1008.2,0.0,,
2025-05-06 03:00:00,43057099999,Mumbai,NOAA,30.4,79.7,1009.4,0.0,,
2025-05-06 06:00:00,43057099999,Mumbai,NOAA,33.6,63.8,1009.3,1.5,230.0,
2025-05-06 09:00:00,43057099999,Mumbai,NOAA,33.2,64.5,1007.0,1.5,270.0,
2025-05-06 12:00:00,43057099999,Mumbai,NOAA,31.6,71.0,1005.5,2.1,270.0,
2025-05-06 15:00:00,43057099999,Mumbai,NOAA,30.6,73.0,1007.7,1.0,270.0,
2025-05-07 00:00:00,43057099999,Mumbai,NOAA,27.2,84.2,1007.1,0.0,,3.0
2025-05-07 03:00:00,43057099999,Mumbai,NOAA,28.2,80.4,1008.1,1.0,140.0,3.0
2025-05-07 06:00:00,43057099999,Mumbai,NOAA,32.0,69.8,1008.1,1.5,270.0,
2025-05-07 09:00:00,43057099999,Mumbai,NOAA,30.6,73.0,1006.2,0.0,,
2025-05-07 12:00:00,43057099999,Mumbai,NOAA,25.4,90.3,1006.2,1.5,340.0,3.0
2025-05-07 15:00:00,43057099999,Mumbai,NOAA,24.4,94.7,1008.3,0.0,,12.0
2025-05-08 00:00:00,43057099999,Mumbai,NOAA,26.8,73.7,1005.7,1.5,230.0,21.0
2025-05-08 03:00:00,43057099999,Mumbai,NOAA,26.6,85.7,1008.1,2.6,230.0,23.0
2025-05-08 06:00:00,43057099999,Mumbai,NOAA,29.4,80.5,1008.5,1.0,140.0,
2025-05-08 09:00:00,43057099999,Mumbai,NOAA,30.2,71.6,1007.1,0.0,,
2025-05-08 12:00:00,43057099999,Mumbai,NOAA,29.6,74.1,1006.1,1.0,250.0,
2025-05-08 15:00:00,43057099999,Mumbai,NOAA,28.2,80.4,1006.9,0.0,,
2025-05-09 00:00:00,43057099999,Mumbai,NOAA,25.6,93.1,1007.2,1.0,140.0,22.0
2025-05-09 03:00:00,43057099999,Mumbai,NOAA,27.6,82.7,1009.3,1.0,160.0,22.0
2025-05-09 06:00:00,43057099999,Mumbai,NOAA,29.8,75.5,1010.1,1.5,270.0,
2025-05-09 09:00:00,43057099999,Mumbai,NOAA,31.6,66.1,1007.4,1.0,270.0,
2025-05-09 12:00:00,43057099999,Mumbai,NOAA,30.4,75.6,1006.5,1.0,290.0,
2025-05-09 15:00:00,43057099999,Mumbai,NOAA,29.4,79.1,1008.0,0.0,,
2025-05-10 00:00:00,43057099999,Mumbai,NOAA,28.4,86.4,1007.4,0.0,,
2025-05-10 03:00:00,43057099999,Mumbai,NOAA,29.0,79.1,1009.2,0.0,,
2025-05-10 06:00:00,43057099999,Mumbai,NOAA,32.4,61.7,1009.7,1.0,290.0,
2025-05-10 09:00:00,43057099999,Mumbai,NOAA,31.8,68.6,1007.9,2.1,270.0,
2025-05-10 12:00:00,43057099999,Mumbai,NOAA,30.8,73.0,1006.0,1.5,270.0,
2025-05-10 15:00:00,43057099999,Mumbai,NOAA,29.8,79.6,1008.2,0.0,,
2025-05-11 00:00:00,43057099999,Mumbai,NOAA,27.0,92.1,1007.7,0.0,,13.0
2025-05-11 03:00:00,43057099999,Mumbai,NOAA,28.0,92.1,1009.0,0.0,,13.0
2025-05-11 09:00:00,43057099999,Mumbai,NOAA,32.8,66.7,1006.3,1.0,270.0,
2025-05-11 12:00:00,43057099999,Mumbai,NOAA,31.4,69.7,1004.7,0.0,,
2025-05-11 15:00:00,43057099999,Mumbai,NOAA,30.0,74.2,1006.9,0.0,,
2025-05-12 00:00:00,43057099999,Mumbai,NOAA,29.4,84.9,1006.3,0.0,,
2025-05-12 03:00:00,43057099999,Mumbai,NOAA,30.4,81.1,1008.1,0.0,,
2025-05-12 06:00:00,43057099999,Mumbai,NOAA,32.8,62.1,1007.8,0.0,,
2025-05-12 09:00:00,43057099999,Mumbai,NOAA,33.0,66.8,1005.5,2.6,270.0,
2025-05-12 12:00:00,43057099999,Mumbai,NOAA,31.6,69.8,1003.7,1.5,290.0,
2025-05-12 15:00:00,43057099999,Mumbai,NOAA,30.4,75.6,1005.9,0.0,,
2025-05-13 00:00:00,43057099999,Mumbai,NOAA,29.4,86.4,1005.8,0.0,,
2025-05-13 03:00:00,43057099999,Mumbai,NOAA,30.4,84.0,1008.0,0.0,,
2025-05-13 06:00:00,43057099999,Mumbai,NOAA,34.0,61.7,1008.1,0.0,,
2025-05-13 09:00:00,43057099999,Mumbai,NOAA,33.4,63.8,1005.7,1.5,290.0,
2025-05-13 12:00:00,43057099999,Mumbai,NOAA,31.8,71.0,1004.5,1.0,320.0,
2025-05-13 15:00:00,43057099999,Mumbai,NOAA,30.6,75.6,1006.6,0.0,,
2025-05-14 00:00:00,43057099999,Mumbai,NOAA,29.6,88.0,1006.8,0.0,,
2025-05-14 03:00:00,43057099999,Mumbai,NOAA,30.2,82.6,1007.8,0.0,,
2025-05-14 06:00:00,43057099999,Mumbai,NOAA,33.6,65.0,1008.1,1.0,270.0,
2025-05-14 09:00:00,43057099999,Mumbai,NOAA,33.0,65.6,1005.8,1.5,320.0,
2025-05-14 12:00:00,43057099999,Mumbai,NOAA,31.4,77.5,1005.3,1.0,290.0,
2025-05-14 15:00:00,43057099999,Mumbai,NOAA,30.8,78.4,1006.7,0.0,,
2025-05-15 00:00:00,43057099999,Mumbai,NOAA,29.2,86.4,1006.7,0.0,,
2025-05-15 03:00:00,43057099999,Mumbai,NOAA,30.0,85.0,1008.2,0.0,,
2025-05-15 06:00:00,43057099999,Mumbai,NOAA,33.6,68.5,1008.4,0.0,,
2025-05-15 09:00:00,43057099999,Mumbai,NOAA,33.6,65.0,1006.1,1.5,290.0,
2025-05-15 12:00:00,43057099999,Mumbai,NOAA,31.8,68.6,1005.9,1.0,320.0,
2025-05-15 15:00:00,43057099999,Mumbai,NOAA,30.8,73.0,1006.4,0.0,,
2025-05-16 00:00:00,43057099999,Mumbai,NOAA,28.6,90.5,1006.0,0.0,,1.0
2025-05-16 03:00:00,43057099999,Mumbai,NOAA,29.6,88.0,1007.6,0.0,,1.0
2025-05-16 06:00:00,43057099999,Mumbai,NOAA,33.6,65.0,1008.2,0.0,,
2025-05-16 09:00:00,43057099999,Mumbai,NOAA,32.4,67.9,1006.0,0.0,,
2025-05-16 12:00:00,43057099999,Mumbai,NOAA,31.4,69.7,1005.5,0.0,,
2025-05-16 15:00:00,43057099999,Mumbai,NOAA,30.6,75.6,1007.3,0.0,,
2025-05-17 00:00:00,43057099999,Mumbai,NOAA,30.0,81.1,1006.5,0.0,,
2025-05-17 03:00:00,43057099999,Mumbai,NOAA,28.2,92.1,1007.7,0.0,,8.0
2025-05-17 06:00:00,43057099999,Mumbai,NOAA,28.4,92.1,1008.0,0.0,,14.0
2025-05-17 09:00:00,43057099999,Mumbai,NOAA,31.0,79.8,1006.2,1.5,270.0,14.0
2025-05-17 12:00:00,43057099999,Mumbai,NOAA,31.0,70.9,1005.0,2.1,270.0,14.0
2025-05-17 15:00:00,43057099999,Mumbai,NOAA,30.0,75.5,1006.5,0.0,,14.0
2025-05-18 00:00:00,43057099999,Mumbai,NOAA,29.0,86.4,1006.0,0.0,,14.0
2025-05-18 03:00:00,43057099999,Mumbai,NOAA,30.2,82.6,1007.5,0.0,,14.0
2025-05-18 06:00:00,43057099999,Mumbai,NOAA,33.2,63.3,1007.2,2.1,290.0,
2025-05-18 09:00:00,43057099999,Mumbai,NOAA,33.0,62.2,1004.9,1.5,320.0,
2025-05-18 12:00:00,43057099999,Mumbai,NOAA,31.8,63.8,1003.5,1.5,320.0,
2025-05-18 15:00:00,43057099999,Mumbai,NOAA,30.4,74.2,1004.7,0.0,,
2025-05-19 03:00:00,43057099999,Mumbai,NOAA,30.2,81.1,1005.9,0.0,,
2025-05-19 06:00:00,43057099999,Mumbai,NOAA,32.8,67.9,1006.3,1.0,270.0,
2025-05-19 09:00:00,43057099999,Mumbai,NOAA,33.2,69.6,1004.6,2.1,270.0,
2025-05-19 12:00:00,43057099999,Mumbai,NOAA,32.0,71.1,1002.7,3.1,290.0,
2025-05-19 15:00:00,43057099999,Mumbai,NOAA,31.0,74.8,1004.6,1.0,290.0,
2025-05-20 00:00:00,43057099999,Mumbai,NOAA,30.4,78.3,1003.6,0.0,,
2025-05-20 03:00:00,43057099999,Mumbai,NOAA,31.4,80.3,1004.7,1.0,340.0,
2025-05-20 06:00:00,43057099999,Mumbai,NOAA,32.6,74.2,1004.8,1.5,320.0,
2025-05-20 09:00:00,43057099999,Mumbai,NOAA,32.8,72.9,1002.1,1.5,320.0,
2025-05-20 12:00:00,43057099999,Mumbai,NOAA,31.8,74.9,1001.3,2.6,320.0,
2025-05-20 15:00:00,43057099999,Mumbai,NOAA,28.8,83.4,1003.7,0.0,,0.1
2025-05-21 00:00:00,43057099999,Mumbai,NOAA,26.0,92.0,1003.8,0.0,,23.0
2025-05-21 03:00:00,43057099999,Mumbai,NOAA,27.0,92.1,1004.4,0.0,,23.0
2025-05-21 06:00:00,43057099999,Mumbai,NOAA,28.8,81.9,1005.1,0.0,,
2025-05-21 09:00:00,43057099999,Mumbai,NOAA,31.6,80.3,1002.8,1.0,320.0,
2025-05-21 12:00:00,43057099999,Mumbai,NOAA,31.0,73.5,1000.8,1.0,320.0,
2025-05-21 15:00:00,43057099999,Mumbai,NOAA,30.2,82.6,1003.1,1.0,290.0,
2025-05-22 00:00:00,43057099999,Mumbai,NOAA,26.4,92.0,1001.7,1.5,90.0,10.0
2025-05-22 03:00:00,43057099999,Mumbai,NOAA,26.8,90.4,1002.8,0.0,,10.0
2025-05-22 06:00:00,43057099999,Mumbai,NOAA,30.8,69.2,1002.9,0.0,,
2025-05-22 09:00:00,43057099999,Mumbai,NOAA,32.0,61.6,1000.3,1.0,320.0,
2025-05-22 12:00:00,43057099999,Mumbai,NOAA,30.2,78.3,1000.7,0.0,,0.6
2025-05-22 15:00:00,43057099999,Mumbai,NOAA,29.2,84.9,1001.5,0.0,,0.6
2025-05-23 00:00:00,43057099999,Mumbai,NOAA,26.6,93.7,999.5,0.0,,6.0
2025-05-23 03:00:00,43057099999,Mumbai,NOAA,27.8,93.8,1000.5,0.0,,6.0
2025-05-23 06:00:00,43057099999,Mumbai,NOAA,29.6,92.2,1000.2,0.0,,0.0
2025-05-23 09:00:00,43057099999,Mumbai,NOAA,31.4,84.2,998.2,0.0,,0.2
2025-05-23 12:00:00,43057099999,Mumbai,NOAA,29.4,75.0,996.9,4.1,290.0,0.2
2025-05-23 15:00:00,43057099999,Mumbai,NOAA,29.8,76.9,998.6,0.0,,0.2
2025-05-24 00:00:00,43057099999,Mumbai,NOAA,29.0,83.4,998.3,0.0,,0.2
2025-05-24 03:00:00,43057099999,Mumbai,NOAA,30.0,82.5,,0.0,,0.2
2025-05-24 06:00:00,43057099999,Mumbai,NOAA,31.0,81.2,999.8,0.0,,0.0
2025-05-24 09:00:00,43057099999,Mumbai,NOAA,31.8,77.6,998.8,1.5,320.0,0.0
2025-05-24 12:00:00,43057099999,Mumbai,NOAA,31.4,74.9,997.0,1.0,320.0,0.0
2025-05-24 15:00:00,43057099999,Mumbai,NOAA,30.6,84.1,999.4,2.1,320.0,0.0
2025-05-25 00:00:00,43057099999,Mumbai,NOAA,26.4,90.4,999.3,0.0,,28.0
2025-05-25 03:00:00,43057099999,Mumbai,NOAA,26.8,92.1,1001.4,0.0,,35.0
2025-05-25 06:00:00,43057099999,Mumbai,NOAA,28.0,93.8,1002.7,1.5,320.0,3.0
2025-05-25 09:00:00,43057099999,Mumbai,NOAA,28.8,92.2,1000.8,1.0,320.0,4.0
2025-05-25 12:00:00,43057099999,Mumbai,NOAA,28.8,90.6,1000.4,1.5,320.0,4.0
2025-05-25 15:00:00,43057099999,Mumbai,NOAA,29.2,89.5,1002.3,4.1,320.0,4.0
2025-05-26 00:00:00,43057099999,Mumbai,NOAA,28.0,88.9,1000.9,7.2,290.0,72.0
2025-05-26 03:00:00,43057099999,Mumbai,NOAA,27.6,92.1,1002.0,3.1,290.0,135.0
2025-05-26 06:00:00,43057099999,Mumbai,NOAA,26.0,93.7,1003.8,4.1,270.0,105.0
2025-05-26 12:00:00,43057099999,Mumbai,NOAA,27.0,93.7,1000.4,1.0,230.0,144.0
2025-05-27 00:00:00,43057099999,Mumbai,NOAA,26.6,92.0,1001.7,0.0,,159.0
2025-05-27 03:00:00,43057099999,Mumbai,NOAA,26.4,92.0,1003.2,0.0,,162.0
2025-05-27 06:00:00,43057099999,Mumbai,NOAA,26.4,93.7,1003.8,0.0,,0.2
2025-05-27 09:00:00,43057099999,Mumbai,NOAA,26.0,93.7,1001.9,0.0,,17.0
2025-05-27 12:00:00,43057099999,Mumbai,NOAA,25.6,94.8,,0.0,,17.0
2025-05-27 15:00:00,43057099999,Mumbai,NOAA,26.0,92.0,1002.2,1.0,140.0,17.0
2025-05-28 00:00:00,43057099999,Mumbai,NOAA,26.6,90.4,1001.2,0.0,,17.0
2025-05-28 03:00:00,43057099999,Mumbai,NOAA,26.6,90.4,1002.9,1.0,140.0,17.0
2025-05-28 06:00:00,43057099999,Mumbai,NOAA,28.4,86.4,1003.1,0.0,,
2025-05-28 09:00:00,43057099999,Mumbai,NOAA,29.8,85.0,1001.7,1.5,,
2025-05-28 12:00:00,43057099999,Mumbai,NOAA,25.4,93.1,1000.0,1.0,140.0,30.0
2025-05-28 15:00:00,43057099999,Mumbai,NOAA,25.4,93.1,1001.8,1.0,140.0,30.0
2025-05-29 00:00:00,43057099999,Mumbai,NOAA,26.8,93.7,1000.4,0.0,,30.0
2025-05-29 03:00:00,43057099999,Mumbai,NOAA,27.6,92.1,1001.7,0.0,,30.0
2025-05-29 06:00:00,43057099999,Mumbai,NOAA,30.4,82.6,1001.5,1.0,230.0,
2025-05-29 09:00:00,43057099999,Mumbai,NOAA,31.6,82.7,,0.0,,
2025-05-29 12:00:00,43057099999,Mumbai,NOAA,30.8,84.1,999.1,1.0,270.0,
2025-05-29 15:00:00,43057099999,Mumbai,NOAA,30.0,86.5,1000.8,1.0,270.0,
2025-05-30 00:00:00,43057099999,Mumbai,NOAA,30.0,89.6,1000.6,1.5,270.0,
2025-05-30 03:00:00,43057099999,Mumbai,NOAA,30.2,89.6,1002.4,1.0,270.0,
2025-05-30 06:00:00,43057099999,Mumbai,NOAA,32.4,75.5,1003.2,2.1,270.0,
2025-05-30 09:00:00,43057099999,Mumbai,NOAA,32.8,72.9,1002.3,1.5,270.0,
2025-05-30 12:00:00,43057099999,Mumbai,NOAA,31.4,78.9,1001.4,1.5,270.0,
2025-05-30 15:00:00,43057099999,Mumbai,NOAA,30.4,84.0,1003.1,1.5,270.0,
2025-05-31 00:00:00,43057099999,Mumbai,NOAA,30.2,86.5,1004.5,1.5,270.0,
2025-05-31 03:00:00,43057099999,Mumbai,NOAA,30.4,88.1,1006.2,1.0,270.0,
2025-05-31 06:00:00,43057099999,Mumbai,NOAA,31.6,81.8,1007.0,1.5,230.0,3.0
2025-05-31 09:00:00,43057099999,Mumbai,NOAA,32.0,74.9,1006.0,2.1,250.0,3.0
2025-05-31 12:00:00,43057099999,Mumbai,NOAA,31.0,78.4,1004.8,2.1,250.0,3.0
2025-05-31 15:00:00,43057099999,Mumbai,NOAA,30.0,79.7,1005.6,0.0,,3.0
2025-06-01 00:00:00,43057099999,Mumbai,NOAA,28.8,89.5,1005.1,1.5,270.0,6.0
2025-06-01 03:00:00,43057099999,Mumbai,NOAA,30.0,88.0,1006.6,0.0,,6.0
2025-06-01 06:00:00,43057099999,Mumbai,NOAA,31.8,73.6,1007.0,2.1,250.0,0.8
2025-06-01 09:00:00,43057099999,Mumbai,NOAA,31.8,72.3,1005.6,2.1,270.0,0.8
2025-06-01 12:00:00,43057099999,Mumbai,NOAA,31.0,73.5,1004.8,2.1,250.0,0.8
2025-06-01 15:00:00,43057099999,Mumbai,NOAA,29.8,82.5,1005.4,0.0,,0.8
2025-06-02 00:00:00,43057099999,Mumbai,NOAA,28.4,90.5,1004.1,1.5,160.0,1.0
2025-06-02 03:00:00,43057099999,Mumbai,NOAA,29.0,92.2,1005.5,0.0,,2.0
2025-06-02 06:00:00,43057099999,Mumbai,NOAA,31.8,74.9,1005.6,1.5,270.0,0.0
2025-06-02 09:00:00,43057099999,Mumbai,NOAA,32.0,76.3,1004.0,2.1,270.0,0.0
2025-06-02 12:00:00,43057099999,Mumbai,NOAA,31.4,76.2,1003.5,3.1,250.0,0.0
2025-06-02 15:00:00,43057099999,Mumbai,NOAA,30.0,83.5,1004.7,2.1,230.0,0.4
2025-06-03 00:00:00,43057099999,Mumbai,NOAA,30.0,81.1,1004.2,2.1,230.0,0.4
2025-06-03 03:00:00,43057099999,Mumbai,NOAA,30.6,82.6,1006.0,1.5,230.0,0.4
2025-06-03 06:00:00,43057099999,Mumbai,NOAA,32.4,71.6,1006.3,2.1,,
2025-06-03 09:00:00,43057099999,Mumbai,NOAA,31.6,78.9,1004.5,1.5,270.0,1.0
2025-06-03 12:00:00,43057099999,Mumbai,NOAA,31.4,78.9,1003.6,2.1,270.0,1.0
2025-06-03 15:00:00,43057099999,Mumbai,NOAA,30.4,81.1,1004.9,2.1,250.0,1.0
2025-06-04 00:00:00,43057099999,Mumbai,NOAA,27.0,90.4,1004.3,0.0,,5.0
2025-06-04 03:00:00,43057099999,Mumbai,NOAA,27.8,87.3,1006.3,1.0,140.0,5.0
2025-06-04 06:00:00,43057099999,Mumbai,NOAA,27.6,92.1,1007.2,1.0,110.0,9.0
2025-06-04 09:00:00,43057099999,Mumbai,NOAA,27.0,92.1,1007.1,3.1,140.0,9.0
2025-06-04 12:00:00,43057099999,Mumbai,NOAA,27.0,90.4,1005.8,1.5,140.0,16.0
2025-06-04 15:00:00,43057099999,Mumbai,NOAA,27.0,87.3,1007.3,0.0,,16.0
2025-06-05 00:00:00,43057099999,Mumbai,NOAA,26.8,88.8,1007.0,0.0,,16.0
2025-06-05 03:00:00,43057099999,Mumbai,NOAA,28.2,86.3,1009.3,1.0,110.0,16.0
2025-06-05 06:00:00,43057099999,Mumbai,NOAA,31.8,73.6,1009.6,1.0,110.0,
2025-06-05 09:00:00,43057099999,Mumbai,NOAA,32.4,70.3,1008.1,0.0,,
2025-06-05 12:00:00,43057099999,Mumbai,NOAA,31.2,76.2,1007.1,0.0,,
2025-06-05 15:00:00,43057099999,Mumbai,NOAA,30.0,79.7,1009.2,0.0,,
2025-06-06 00:00:00,43057099999,Mumbai,NOAA,28.6,86.4,1008.4,0.0,,
2025-06-06 03:00:00,43057099999,Mumbai,NOAA,29.0,81.9,1010.3,0.0,,
2025-06-06 06:00:00,43057099999,Mumbai,NOAA,32.0,66.2,1010.3,0.0,,
2025-06-06 09:00:00,43057099999,Mumbai,NOAA,31.2,78.9,1009.4,3.1,290.0,
2025-06-06 12:00:00,43057099999,Mumbai,NOAA,30.4,72.9,1008.1,1.0,290.0,
2025-06-06 15:00:00,43057099999,Mumbai,NOAA,30.0,79.7,1009.0,0.0,,
2025-06-07 00:00:00,43057099999,Mumbai,NOAA,29.2,86.4,1008.6,0.0,,9.0
2025-06-07 03:00:00,43057099999,Mumbai,NOAA,27.6,92.1,1010.4,0.0,,12.0
2025-06-07 06:00:00,43057099999,Mumbai,NOAA,30.6,77.0,1010.6,0.0,,
2025-06-07 09:00:00,43057099999,Mumbai,NOAA,25.2,96.5,1010.2,6.2,140.0,33.0
2025-06-07 12:00:00,43057099999,Mumbai,NOAA,25.4,96.5,1008.5,0.0,,41.0
2025-06-07 15:00:00,43057099999,Mumbai,NOAA,25.8,94.8,1009.2,0.0,,41.0
2025-06-08 00:00:00,43057099999,Mumbai,NOAA,26.2,93.7,1008.4,0.0,,41.0
2025-06-08 03:00:00,43057099999,Mumbai,NOAA,27.4,90.5,1009.9,1.0,140.0,41.0
2025-06-08 06:00:00,43057099999,Mumbai,NOAA,30.4,76.9,1009.8,0.0,,
2025-06-08 09:00:00,43057099999,Mumbai,NOAA,31.6,74.9,1008.3,1.0,290.0,
2025-06-08 15:00:00,43057099999,Mumbai,NOAA,30.2,79.7,1008.8,0.0,,
2025-06-09 00:00:00,43057099999,Mumbai,NOAA,29.6,83.5,1007.2,1.5,320.0,
2025-06-09 03:00:00,43057099999,Mumbai,NOAA,30.0,74.2,1009.1,1.0,320.0,
2025-06-09 06:00:00,43057099999,Mumbai,NOAA,32.2,70.3,1009.3,1.5,320.0,
2025-06-09 09:00:00,43057099999,Mumbai,NOAA,30.4,85.5,1007.5,1.5,290.0,1.0
2025-06-09 12:00:00,43057099999,Mumbai,NOAA,30.4,78.3,1006.0,1.5,290.0,1.0
2025-06-09 15:00:00,43057099999,Mumbai,NOAA,30.0,78.3,1006.8,1.5,290.0,1.0
2025-06-10 00:00:00,43057099999,Mumbai,NOAA,29.2,82.0,1004.7,0.0,,1.0
2025-06-10 03:00:00,43057099999,Mumbai,NOAA,29.6,82.0,1006.7,0.0,,1.0
2025-06-10 06:00:00,43057099999,Mumbai,NOAA,32.4,67.9,1006.9,1.5,320.0,
2025-06-10 09:00:00,43057099999,Mumbai,NOAA,32.4,67.9,1005.3,1.5,320.0,
2025-06-10 12:00:00,43057099999,Mumbai,NOAA,30.8,78.4,1004.4,2.1,320.0,
2025-06-10 15:00:00,43057099999,Mumbai,NOAA,30.2,75.6,1005.3,1.5,320.0,0.0
2025-06-11 00:00:00,43057099999,Mumbai,NOAA,29.6,83.5,1003.3,0.0,,0.0
2025-06-11 03:00:00,43057099999,Mumbai,NOAA,30.2,81.1,1005.4,1.0,320.0,0.0
2025-06-11 06:00:00,43057099999,Mumbai,NOAA,32.2,75.0,1005.4,1.0,320.0,
2025-06-11 09:00:00,43057099999,Mumbai,NOAA,32.4,72.8,1004.0,1.5,320.0,
2025-06-11 12:00:00,43057099999,Mumbai,NOAA,31.4,77.5,1002.4,1.0,320.0,
2025-06-11 15:00:00,43057099999,Mumbai,NOAA,31.0,79.8,1003.4,1.5,320.0,
2025-06-12 03:00:00,43057099999,Mumbai,NOAA,30.4,88.1,1003.1,1.5,320.0,0.1
2025-06-12 06:00:00,43057099999,Mumbai,NOAA,31.8,76.2,1003.8,2.1,340.0,
2025-06-12 09:00:00,43057099999,Mumbai,NOAA,32.0,71.1,1001.4,1.5,320.0,
2025-06-12 12:00:00,43057099999,Mumbai,NOAA,31.2,76.2,1000.1,1.5,320.0,
2025-06-12 15:00:00,43057099999,Mumbai,NOAA,30.4,81.1,1000.9,1.0,320.0,
2025-06-13 00:00:00,43057099999,Mumbai,NOAA,26.8,93.7,1001.6,2.6,320.0,18.0
2025-06-13 03:00:00,43057099999,Mumbai,NOAA,27.0,92.6,1003.1,0.0,,18.0
2025-06-13 06:00:00,43057099999,Mumbai,NOAA,28.0,87.3,1003.1,0.0,,
2025-06-13 09:00:00,43057099999,Mumbai,NOAA,29.0,77.7,1001.3,1.0,320.0,0.2
2025-06-13 12:00:00,43057099999,Mumbai,NOAA,29.0,88.0,999.8,1.5,320.0,1.0
2025-06-13 15:00:00,43057099999,Mumbai,NOAA,28.0,90.5,1000.8,1.0,320.0,6.0
2025-06-14 00:00:00,43057099999,Mumbai,NOAA,27.4,92.1,,0.0,,24.0
2025-06-14 03:00:00,43057099999,Mumbai,NOAA,28.2,93.8,1001.2,0.0,,25.0
2025-06-14 06:00:00,43057099999,Mumbai,NOAA,29.4,88.0,1001.2,0.0,,0.2
2025-06-14 09:00:00,43057099999,Mumbai,NOAA,30.8,77.0,999.5,1.0,320.0,0.2
2025-06-14 12:00:00,43057099999,Mumbai,NOAA,30.4,79.7,998.2,1.5,320.0,0.2
2025-06-14 15:00:00,43057099999,Mumbai,NOAA,29.4,86.4,999.0,2.1,320.0,0.2
2025-06-15 00:00:00,43057099999,Mumbai,NOAA,27.6,93.7,997.8,0.0,,24.0
2025-06-15 03:00:00,43057099999,Mumbai,NOAA,27.4,93.7,998.0,0.0,,34.0
2025-06-15 06:00:00,43057099999,Mumbai,NOAA,27.4,95.4,998.2,1.0,140.0,0.6
2025-06-15 09:00:00,43057099999,Mumbai,NOAA,27.6,90.5,996.4,0.0,,3.0
2025-06-15 12:00:00,43057099999,Mumbai,NOAA,27.4,92.1,995.6,1.0,140.0,7.0
2025-06-15 15:00:00,43057099999,Mumbai,NOAA,27.4,92.1,996.6,0.0,,7.0
2025-06-16 00:00:00,43057099999,Mumbai,NOAA,27.0,93.7,995.9,5.1,270.0,92.0
2025-06-16 03:00:00,43057099999,Mumbai,NOAA,26.6,93.7,997.9,5.7,270.0,100.0
2025-06-16 06:00:00,43057099999,Mumbai,NOAA,27.8,90.5,998.8,4.1,250.0,1.0
2025-06-16 12:00:00,43057099999,Mumbai,NOAA,26.4,90.4,998.6,3.1,270.0,42.0
2025-06-16 15:00:00,43057099999,Mumbai,NOAA,26.4,90.4,1000.0,3.1,270.0,63.0
2025-06-17 00:00:00,43057099999,Mumbai,NOAA,28.4,84.8,1000.0,3.6,250.0,63.0
2025-06-17 03:00:00,43057099999,Mumbai,NOAA,29.4,83.4,1001.7,4.1,250.0,63.0
2025-06-17 05:00:00,43057099999,Mumbai,NOAA,29.6,82.0,1001.8,3.1,250.0,
2025-06-17 06:00:00,43057099999,Mumbai,NOAA,31.0,77.5,1002.6,3.6,230.0,
2025-06-17 09:00:00,43057099999,Mumbai,NOAA,30.8,78.4,1001.8,3.1,270.0,
2025-06-17 12:00:00,43057099999,Mumbai,NOAA,30.2,79.7,1000.6,4.1,250.0,
2025-06-17 15:00:00,43057099999,Mumbai,NOAA,29.6,82.0,1001.8,3.1,250.0,
2025-06-18 00:00:00,43057099999,Mumbai,NOAA,29.0,86.4,1000.7,4.1,270.0,4.0
2025-06-18 03:00:00,43057099999,Mumbai,NOAA,28.4,88.9,1002.9,6.2,270.0,7.0
2025-06-18 06:00:00,43057099999,Mumbai,NOAA,27.6,92.1,1002.9,3.1,270.0,14.0
2025-06-18 09:00:00,43057099999,Mumbai,NOAA,27.4,93.7,1002.2,1.5,290.0,32.0
2025-06-18 12:00:00,43057099999,Mumbai,NOAA,27.2,92.1,1001.4,3.1,270.0,48.0
2025-06-18 15:00:00,43057099999,Mumbai,NOAA,27.0,92.1,1002.8,1.0,270.0,55.0
2025-06-19 00:00:00,43057099999,Mumbai,NOAA,27.0,92.1,1000.8,4.1,270.0,116.0
2025-06-19 03:00:00,43057099999,Mumbai,NOAA,27.4,92.1,1002.9,3.1,270.0,143.0
2025-06-19 06:00:00,43057099999,Mumbai,NOAA,28.0,92.1,1003.7,5.1,270.0,0.2
2025-06-19 09:00:00,43057099999,Mumbai,NOAA,28.4,90.5,1003.1,4.1,270.0,1.0
2025-06-19 12:00:00,43057099999,Mumbai,NOAA,28.6,87.9,1002.5,4.1,270.0,1.0
2025-06-19 15:00:00,43057099999,Mumbai,NOAA,28.6,86.4,1004.0,5.1,270.0,1.0
2025-06-20 00:00:00,43057099999,Mumbai,NOAA,28.4,86.4,1003.6,4.1,290.0,0.8
2025-06-20 03:00:00,43057099999,Mumbai,NOAA,29.0,86.4,1005.5,4.1,290.0,1.0
2025-06-20 06:00:00,43057099999,Mumbai,NOAA,29.8,83.5,1005.8,1.0,290.0,1.0
2025-06-20 09:00:00,43057099999,Mumbai,NOAA,31.0,81.2,1004.6,3.1,270.0,1.0
2025-06-20 12:00:00,43057099999,Mumbai,NOAA,30.2,79.7,1003.6,2.1,270.0,1.0
2025-06-20 15:00:00,43057099999,Mumbai,NOAA,29.6,83.5,1004.9,2.6,250.0,1.0
2025-06-21 00:00:00,43057099999,Mumbai,NOAA,29.2,86.4,1004.0,4.1,290.0,1.0
2025-06-21 03:00:00,43057099999,Mumbai,NOAA,29.2,86.4,1006.0,5.1,290.0,1.0
2025-06-21 06:00:00,43057099999,Mumbai,NOAA,30.4,79.7,1006.3,4.1,250.0,
2025-06-21 09:00:00,43057099999,Mumbai,NOAA,30.8,78.4,1005.3,1.5,250.0,
2025-06-21 12:00:00,43057099999,Mumbai,NOAA,30.2,81.1,1004.0,3.1,270.0,0.2
2025-06-22 00:00:00,43057099999,Mumbai,NOAA,29.0,83.4,1003.6,5.1,270.0,2.0
2025-06-22 03:00:00,43057099999,Mumbai,NOAA,29.0,83.4,1005.3,4.1,270.0,2.0
2025-06-22 06:00:00,43057099999,Mumbai,NOAA,29.8,86.5,1005.4,4.1,270.0,2.0
2025-06-22 09:00:00,43057099999,Mumbai,NOAA,30.8,78.4,1003.4,4.1,270.0,2.0
2025-06-22 12:00:00,43057099999,Mumbai,NOAA,30.4,79.7,1002.2,3.1,270.0,2.0
2025-06-22 15:00:00,43057099999,Mumbai,NOAA,29.6,83.5,1003.5,3.1,270.0,2.0
2025-06-23 00:00:00,43057099999,Mumbai,NOAA,29.0,84.9,1001.9,5.1,250.0,6.0
2025-06-23 03:00:00,43057099999,Mumbai,NOAA,29.0,83.4,1003.5,5.1,250.0,6.0
2025-06-23 06:00:00,43057099999,Mumbai,NOAA,29.4,75.4,1003.7,5.1,250.0,
2025-06-23 09:00:00,43057099999,Mumbai,NOAA,30.0,82.5,1002.2,4.1,270.0,
2025-06-23 12:00:00,43057099999,Mumbai,NOAA,30.0,81.1,1000.9,4.1,270.0,
2025-06-23 15:00:00,43057099999,Mumbai,NOAA,27.4,92.1,1001.8,3.1,270.0,13.0
2025-06-24 00:00:00,43057099999,Mumbai,NOAA,27.4,92.1,1000.2,4.1,270.0,61.0
2025-06-24 03:00:00,43057099999,Mumbai,NOAA,28.2,86.3,1002.1,4.1,270.0,61.0
2025-06-24 06:00:00,43057099999,Mumbai,NOAA,29.2,86.4,1002.6,4.1,270.0,
2025-06-24 09:00:00,43057099999,Mumbai,NOAA,29.4,83.4,1001.0,5.1,270.0,
2025-06-24 12:00:00,43057099999,Mumbai,NOAA,29.4,83.4,1000.8,4.1,250.0,
2025-06-24 15:00:00,43057099999,Mumbai,NOAA,29.4,84.4,1001.8,4.1,250.0,
2025-06-25 00:00:00,43057099999,Mumbai,NOAA,29.0,86.4,1000.1,4.1,270.0,
2025-06-25 03:00:00,43057099999,Mumbai,NOAA,29.0,86.4,1001.9,4.1,270.0,
2025-06-25 06:00:00,43057099999,Mumbai,NOAA,29.6,85.0,1002.3,4.1,270.0,
2025-06-25 09:00:00,43057099999,Mumbai,NOAA,30.8,81.2,1000.9,2.6,270.0,
2025-06-25 12:00:00,43057099999,Mumbai,NOAA,30.0,79.7,999.8,3.6,270.0,
2025-06-25 15:00:00,43057099999,Mumbai,NOAA,29.0,89.5,1001.4,3.6,270.0,3.0
2025-06-26 00:00:00,43057099999,Mumbai,NOAA,29.0,88.0,1000.3,3.1,270.0,3.0
2025-06-26 03:00:00,43057099999,Mumbai,NOAA,29.0,88.0,1001.8,4.1,270.0,3.0
2025-06-26 06:00:00,43057099999,Mumbai,NOAA,29.0,83.4,1002.5,6.2,270.0,
2025-06-26 09:00:00,43057099999,Mumbai,NOAA,27.4,87.3,1001.8,5.1,270.0,4.0
2025-06-26 12:00:00,43057099999,Mumbai,NOAA,27.6,92.1,1000.6,2.6,250.0,13.0
2025-06-26 15:00:00,43057099999,Mumbai,NOAA,28.2,88.9,1001.5,3.1,290.0,14.0
2025-06-27 00:00:00,43057099999,Mumbai,NOAA,29.0,88.0,1000.3,5.1,270.0,14.0
2025-06-27 03:00:00,43057099999,Mumbai,NOAA,29.0,88.0,1001.7,4.1,270.0,15.0
2025-06-27 06:00:00,43057099999,Mumbai,NOAA,28.8,87.9,1002.9,4.1,270.0,3.0
2025-06-27 09:00:00,43057099999,Mumbai,NOAA,28.0,88.9,1002.5,2.1,250.0,19.0
2025-06-27 12:00:00,43057099999,Mumbai,NOAA,28.8,87.9,1001.4,3.6,250.0,22.0
2025-06-27 15:00:00,43057099999,Mumbai,NOAA,29.0,84.9,1002.6,4.1,250.0,22.0
2025-06-28 00:00:00,43057099999,Mumbai,NOAA,28.4,83.3,1002.9,4.1,270.0,23.0
2025-06-28 03:00:00,43057099999,Mumbai,NOAA,29.0,83.4,1004.1,3.1,270.0,23.0
2025-06-28 06:00:00,43057099999,Mumbai,NOAA,30.8,77.0,1004.5,5.1,270.0,
2025-06-28 09:00:00,43057099999,Mumbai,NOAA,30.4,75.6,1003.4,5.1,270.0,
2025-06-28 12:00:00,43057099999,Mumbai,NOAA,30.0,76.9,1002.6,4.6,250.0,
2025-06-28 15:00:00,43057099999,Mumbai,NOAA,27.8,87.3,1004.0,3.1,250.0,1.0
2025-06-29 00:00:00,43057099999,Mumbai,NOAA,28.0,88.9,1003.0,3.1,250.0,6.0
2025-06-29 03:00:00,43057099999,Mumbai,NOAA,29.0,86.4,1004.5,3.1,250.0,6.0
2025-06-29 06:00:00,43057099999,Mumbai,NOAA,30.4,79.7,1005.1,4.1,270.0,
2025-06-29 09:00:00,43057099999,Mumbai,NOAA,30.2,78.3,1004.0,2.1,270.0,
2025-06-29 12:00:00,43057099999,Mumbai,NOAA,29.6,82.0,1002.7,2.1,250.0,
2025-06-29 15:00:00,43057099999,Mumbai,NOAA,29.2,80.5,1003.8,3.1,250.0,
2025-06-30 00:00:00,43057099999,Mumbai,NOAA,28.4,87.9,1002.4,4.1,270.0,0.6
2025-06-30 03:00:00,43057099999,Mumbai,NOAA,29.2,84.9,1004.0,2.6,270.0,0.6
2025-06-30 06:00:00,43057099999,Mumbai,NOAA,29.8,79.6,1004.6,5.1,250.0,0.0
2025-06-30 09:00:00,43057099999,Mumbai,NOAA,29.4,80.5,1003.3,5.1,270.0,0.2
2025-06-30 12:00:00,43057099999,Mumbai,NOAA,29.0,86.4,1001.8,5.1,270.0,5.0
2025-06-30 15:00:00,43057099999,Mumbai,NOAA,28.8,83.4,1003.8,4.6,270.0,5.0
2025-07-01 00:00:00,43057099999,Mumbai,NOAA,29.0,86.4,1002.8,4.1,250.0,5.0
2025-07-01 03:00:00,43057099999,Mumbai,NOAA,28.8,89.5,1004.4,3.1,250.0,6.0
2025-07-01 06:00:00,43057099999,Mumbai,NOAA,29.8,82.5,1005.2,4.1,270.0,
2025-07-01 09:00:00,43057099999,Mumbai,NOAA,30.6,77.0,1004.1,5.1,270.0,
2025-07-01 12:00:00,43057099999,Mumbai,NOAA,29.4,79.1,1002.8,3.1,270.0,
2025-07-01 15:00:00,43057099999,Mumbai,NOAA,29.2,80.5,1003.6,4.1,250.0,
2025-07-02 00:00:00,43057099999,Mumbai,NOAA,28.6,87.9,1002.4,3.1,270.0,7.0
2025-07-02 03:00:00,43057099999,Mumbai,NOAA,29.2,86.4,1003.5,2.6,270.0,7.0
2025-07-02 06:00:00,43057099999,Mumbai,NOAA,29.8,83.5,1004.0,4.1,250.0,0.2
2025-07-02 09:00:00,43057099999,Mumbai,NOAA,29.2,88.0,1002.6,4.1,270.0,1.0
2025-07-02 12:00:00,43057099999,Mumbai,NOAA,26.4,94.8,1001.8,3.1,270.0,22.0
2025-07-02 15:00:00,43057099999,Mumbai,NOAA,26.8,92.1,1003.0,5.7,270.0,23.0
2025-07-03 00:00:00,43057099999,Mumbai,NOAA,27.8,87.3,1001.8,5.1,250.0,46.0
2025-07-03 03:00:00,43057099999,Mumbai,NOAA,28.8,84.9,1003.5,4.1,270.0,46.0
2025-07-03 06:00:00,43057099999,Mumbai,NOAA,30.0,81.1,1004.0,4.1,250.0,3.0
2025-07-03 09:00:00,43057099999,Mumbai,NOAA,30.0,79.7,1002.9,2.6,250.0,3.0
2025-07-03 12:00:00,43057099999,Mumbai,NOAA,28.4,88.9,1002.3,5.7,250.0,8.0
2025-07-03 15:00:00,43057099999,Mumbai,NOAA,28.4,87.9,1003.8,2.6,250.0,10.0
2025-07-04 00:00:00,43057099999,Mumbai,NOAA,28.4,86.4,1002.8,6.7,270.0,15.0
2025-07-04 03:00:00,43057099999,Mumbai,NOAA,29.0,86.4,1004.9,6.2,270.0,15.0
2025-07-04 06:00:00,43057099999,Mumbai,NOAA,29.6,85.0,1005.2,6.7,270.0,3.0
2025-07-04 09:00:00,43057099999,Mumbai,NOAA,29.8,83.5,1004.0,2.1,270.0,3.0
2025-07-04 12:00:00,43057099999,Mumbai,NOAA,29.4,83.4,1003.1,2.1,270.0,3.0
2025-07-04 15:00:00,43057099999,Mumbai,NOAA,27.4,92.1,1004.2,5.7,270.0,4.0
2025-07-05 00:00:00,43057099999,Mumbai,NOAA,27.6,90.5,1002.9,6.2,270.0,9.0
2025-07-05 03:00:00,43057099999,Mumbai,NOAA,28.4,87.9,1004.2,6.2,270.0,9.0
2025-07-05 06:00:00,43057099999,Mumbai,NOAA,29.4,80.5,1004.8,6.7,270.0,0.0
2025-07-05 09:00:00,43057099999,Mumbai,NOAA,29.8,78.2,1003.2,5.1,270.0,0.0
2025-07-05 12:00:00,43057099999,Mumbai,NOAA,29.2,80.5,1002.6,5.1,270.0,0.0
2025-07-05 15:00:00,43057099999,Mumbai,NOAA,28.0,88.9,1003.6,4.6,270.0,0.4
2025-07-06 00:00:00,43057099999,Mumbai,NOAA,28.0,90.5,1002.1,5.1,270.0,4.0
2025-07-06 03:00:00,43057099999,Mumbai,NOAA,28.0,90.5,1003.4,6.7,270.0,8.0
2025-07-06 06:00:00,43057099999,Mumbai,NOAA,29.0,83.4,1004.2,6.2,270.0,
2025-07-06 09:00:00,43057099999,Mumbai,NOAA,29.8,79.6,1002.8,5.7,270.0,
2025-07-06 12:00:00,43057099999,Mumbai,NOAA,28.4,84.8,1001.7,6.2,270.0,0.2
2025-07-06 15:00:00,43057099999,Mumbai,NOAA,28.4,88.9,1003.2,3.1,270.0,0.4
2025-07-07 00:00:00,43057099999,Mumbai,NOAA,28.6,84.9,1002.7,2.6,270.0,1.0
2025-07-07 03:00:00,43057099999,Mumbai,NOAA,28.8,83.4,1004.1,2.6,270.0,1.0
2025-07-07 06:00:00,43057099999,Mumbai,NOAA,29.4,82.0,1004.6,2.6,250.0,
2025-07-07 09:00:00,43057099999,Mumbai,NOAA,29.4,83.4,1003.9,4.1,270.0,0.2
2025-07-07 12:00:00,43057099999,Mumbai,NOAA,29.0,83.4,1003.5,3.1,270.0,0.2
2025-07-07 15:00:00,43057099999,Mumbai,NOAA,28.8,84.9,1004.6,3.1,270.0,0.2
2025-07-08 00:00:00,43057099999,Mumbai,NOAA,28.4,87.9,1003.4,3.1,270.0,0.2
2025-07-08 03:00:00,43057099999,Mumbai,NOAA,28.8,86.4,1005.3,4.1,270.0,0.2
2025-07-08 06:00:00,43057099999,Mumbai,NOAA,29.6,85.0,1005.8,4.1,250.0,
2025-07-08 09:00:00,43057099999,Mumbai,NOAA,30.0,82.5,1004.6,3.1,270.0,
2025-07-08 12:00:00,43057099999,Mumbai,NOAA,29.4,84.9,1003.8,2.6,270.0,0.0
2025-07-08 15:00:00,43057099999,Mumbai,NOAA,28.6,89.0,1005.1,2.1,250.0,0.2
2025-07-09 00:00:00,43057099999,Mumbai,NOAA,28.4,87.9,1003.5,2.1,250.0,0.2
2025-07-09 03:00:00,43057099999,Mumbai,NOAA,27.8,92.1,1005.1,1.5,250.0,3.0
2025-07-09 06:00:00,43057099999,Mumbai,NOAA,29.0,89.5,1005.6,2.1,270.0,0.4
2025-07-09 09:00:00,43057099999,Mumbai,NOAA,29.4,88.0,1004.7,2.1,270.0,0.4
2025-07-09 12:00:00,43057099999,Mumbai,NOAA,29.2,89.5,1004.1,3.1,270.0,0.6
2025-07-09 15:00:00,43057099999,Mumbai,NOAA,28.8,89.5,1005.3,2.1,270.0,0.6
2025-07-10 00:00:00,43057099999,Mumbai,NOAA,28.2,88.9,1004.5,1.5,270.0,0.6
2025-07-10 03:00:00,43057099999,Mumbai,NOAA,28.4,87.9,1005.5,1.5,270.0,0.6
2025-07-10 06:00:00,43057099999,Mumbai,NOAA,30.8,77.0,1006.6,1.5,250.0,
2025-07-10 09:00:00,43057099999,Mumbai,NOAA,30.8,77.0,1005.1,2.1,250.0,
2025-07-10 12:00:00,43057099999,Mumbai,NOAA,29.8,82.5,1003.7,3.1,270.0,0.0
2025-07-10 15:00:00,43057099999,Mumbai,NOAA,28.8,86.4,1004.9,2.1,270.0,0.0
2025-07-11 00:00:00,43057099999,Mumbai,NOAA,28.4,88.9,1004.3,1.0,270.0,0.0
2025-07-11 03:00:00,43057099999,Mumbai,NOAA,28.8,89.5,1005.6,1.5,270.0,0.0
2025-07-11 06:00:00,43057099999,Mumbai,NOAA,30.6,81.2,1006.1,2.1,270.0,
2025-07-11 09:00:00,43057099999,Mumbai,NOAA,31.2,77.5,1005.5,1.0,270.0,
2025-07-11 12:00:00,43057099999,Mumbai,NOAA,28.0,90.5,1004.5,1.0,290.0,3.0
2025-07-11 15:00:00,43057099999,Mumbai,NOAA,27.8,92.1,1005.3,1.0,290.0,3.0
2025-07-12 00:00:00,43057099999,Mumbai,NOAA,27.2,93.7,1005.4,0.0,,7.0
2025-07-12 03:00:00,43057099999,Mumbai,NOAA,27.4,95.4,1006.3,1.5,270.0,11.0
2025-07-12 06:00:00,43057099999,Mumbai,NOAA,29.6,82.0,1006.8,1.0,270.0,
2025-07-12 09:00:00,43057099999,Mumbai,NOAA,30.6,77.0,1005.8,1.5,270.0,
2025-07-12 12:00:00,43057099999,Mumbai,NOAA,30.2,79.7,1004.8,2.6,270.0,
2025-07-12 15:00:00,43057099999,Mumbai,NOAA,29.4,80.5,1006.2,2.6,270.0,
2025-07-13 00:00:00,43057099999,Mumbai,NOAA,28.4,86.4,1005.0,2.1,270.0,0.2
2025-07-13 03:00:00,43057099999,Mumbai,NOAA,28.6,86.4,1006.4,1.5,270.0,0.2
2025-07-13 06:00:00,43057099999,Mumbai,NOAA,29.4,89.5,1006.5,2.6,270.0,1.0
2025-07-13 09:00:00,43057099999,Mumbai,NOAA,30.4,82.6,1004.8,1.0,290.0,1.0
2025-07-13 12:00:00,43057099999,Mumbai,NOAA,29.2,83.4,1003.7,2.1,270.0,3.0
2025-07-13 15:00:00,43057099999,Mumbai,NOAA,27.4,93.7,1004.9,1.5,270.0,11.0
2025-07-14 00:00:00,43057099999,Mumbai,NOAA,27.5,89.9,1003.3,1.0,270.0,
2025-07-14 03:00:00,43057099999,Mumbai,NOAA,27.6,92.1,1004.3,2.6,270.0,15.0
2025-07-14 06:00:00,43057099999,Mumbai,NOAA,28.4,92.1,1004.6,2.6,270.0,2.0
2025-07-14 09:00:00,43057099999,Mumbai,NOAA,27.6,92.1,1003.4,4.1,270.0,2.0
2025-07-14 12:00:00,43057099999,Mumbai,NOAA,27.0,93.7,1002.8,2.1,270.0,6.0
2025-07-14 15:00:00,43057099999,Mumbai,NOAA,27.0,93.7,1004.2,2.1,270.0,11.0
2025-07-15 00:00:00,43057099999,Mumbai,NOAA,27.6,88.9,1001.9,2.1,270.0,12.0
2025-07-15 03:00:00,43057099999,Mumbai,NOAA,27.4,92.1,1003.4,4.1,270.0,12.0
2025-07-15 06:00:00,43057099999,Mumbai,NOAA,26.4,93.7,1004.2,4.1,290.0,4.0
2025-07-15 09:00:00,43057099999,Mumbai,NOAA,27.6,92.1,1003.0,2.6,270.0,4.0
2025-07-15 12:00:00,43057099999,Mumbai,NOAA,28.0,87.3,1002.9,2.6,270.0,4.0
2025-07-15 15:00:00,43057099999,Mumbai,NOAA,28.0,84.8,1003.4,1.5,270.0,4.0
2025-07-16 00:00:00,43057099999,Mumbai,NOAA,27.8,90.5,1003.1,1.0,270.0,5.0
2025-07-16 03:00:00,43057099999,Mumbai,NOAA,28.2,88.9,1004.4,1.0,270.0,5.0
2025-07-16 06:00:00,43057099999,Mumbai,NOAA,30.2,85.0,1004.5,1.5,290.0,
2025-07-16 09:00:00,43057099999,Mumbai,NOAA,30.4,79.7,1003.6,2.1,270.0,
2025-07-16 12:00:00,43057099999,Mumbai,NOAA,29.6,79.6,1002.5,2.6,290.0,
2025-07-16 15:00:00,43057099999,Mumbai,NOAA,28.4,84.8,1004.3,1.5,290.0,
2025-07-17 00:00:00,43057099999,Mumbai,NOAA,28.2,87.4,1003.5,1.5,270.0,
2025-07-17 03:00:00,43057099999,Mumbai,NOAA,28.4,88.9,1005.4,1.0,270.0,
2025-07-17 06:00:00,43057099999,Mumbai,NOAA,30.6,79.7,1005.1,1.0,270.0,
2025-07-17 09:00:00,43057099999,Mumbai,NOAA,30.6,75.6,1004.0,1.0,290.0,
2025-07-17 12:00:00,43057099999,Mumbai,NOAA,29.8,81.1,1003.0,1.0,270.0,
2025-07-17 15:00:00,43057099999,Mumbai,NOAA,28.8,84.9,1004.7,0.0,,
2025-07-18 00:00:00,43057099999,Mumbai,NOAA,28.2,84.8,1004.1,0.0,,
2025-07-18 03:00:00,43057099999,Mumbai,NOAA,28.4,86.4,1005.5,0.0,,
2025-07-18 06:00:00,43057099999,Mumbai,NOAA,30.8,75.6,1006.2,1.5,270.0,
2025-07-18 09:00:00,43057099999,Mumbai,NOAA,31.0,73.5,1004.7,2.6,270.0,
2025-07-18 12:00:00,43057099999,Mumbai,NOAA,30.0,78.3,1003.0,1.5,270.0,
2025-07-18 15:00:00,43057099999,Mumbai,NOAA,29.0,79.1,1004.7,0.0,,
2025-07-19 00:00:00,43057099999,Mumbai,NOAA,28.0,83.3,1002.2,2.6,270.0,0.6
2025-07-19 03:00:00,43057099999,Mumbai,NOAA,28.4,83.3,1003.5,1.0,270.0,0.6
2025-07-19 06:00:00,43057099999,Mumbai,NOAA,30.0,79.7,1004.1,1.0,270.0,
2025-07-19 09:00:00,43057099999,Mumbai,NOAA,30.2,81.1,1002.4,1.5,320.0,1.0
2025-07-19 12:00:00,43057099999,Mumbai,NOAA,29.8,79.6,1000.8,1.5,320.0,1.0
2025-07-19 15:00:00,43057099999,Mumbai,NOAA,29.0,83.4,1002.2,1.5,290.0,1.0
2025-07-20 00:00:00,43057099999,Mumbai,NOAA,28.2,83.3,1000.8,1.0,270.0,1.0
2025-07-20 03:00:00,43057099999,Mumbai,NOAA,27.4,92.1,1002.2,1.0,270.0,1.0
2025-07-20 06:00:00,43057099999,Mumbai,NOAA,29.2,79.1,1002.6,2.6,290.0,
2025-07-20 09:00:00,43057099999,Mumbai,NOAA,29.0,80.5,1001.2,1.0,290.0,
2025-07-20 12:00:00,43057099999,Mumbai,NOAA,27.2,96.5,1000.2,0.0,,7.0
2025-07-20 15:00:00,43057099999,Mumbai,NOAA,27.4,85.7,1001.9,0.0,,7.0
2025-07-21 00:00:00,43057099999,Mumbai,NOAA,27.2,92.1,1001.6,0.0,,10.0
2025-07-21 03:00:00,43057099999,Mumbai,NOAA,26.8,93.7,1003.6,0.0,,11.0
2025-07-21 06:00:00,43057099999,Mumbai,NOAA,27.4,93.7,1003.9,0.0,,1.0
2025-07-21 09:00:00,43057099999,Mumbai,NOAA,26.6,94.8,1002.8,1.0,340.0,6.0
2025-07-21 12:00:00,43057099999,Mumbai,NOAA,26.4,94.8,1002.5,1.0,270.0,8.0
2025-07-21 15:00:00,43057099999,Mumbai,NOAA,26.4,94.8,1004.0,0.0,,8.0
2025-07-22 00:00:00,43057099999,Mumbai,NOAA,25.4,93.1,1003.9,0.0,,40.0
2025-07-22 03:00:00,43057099999,Mumbai,NOAA,25.8,93.1,1004.8,0.0,,40.0
2025-07-22 06:00:00,43057099999,Mumbai,NOAA,26.8,95.4,1004.9,0.0,,3.0
2025-07-22 12:00:00,43057099999,Mumbai,NOAA,27.0,93.7,1002.2,1.0,290.0,6.0
2025-07-22 15:00:00,43057099999,Mumbai,NOAA,25.6,94.8,1004.1,2.1,290.0,23.0
2025-07-23 00:00:00,43057099999,Mumbai,NOAA,25.0,94.8,1002.7,0.0,,67.0
2025-07-23 03:00:00,43057099999,Mumbai,NOAA,25.4,94.8,1003.4,0.0,,87.0
2025-07-23 06:00:00,43057099999,Mumbai,NOAA,26.4,94.8,1003.4,0.0,,23.0
2025-07-23 09:00:00,43057099999,Mumbai,NOAA,27.4,93.7,1001.9,2.6,270.0,24.0
2025-07-23 12:00:00,43057099999,Mumbai,NOAA,27.4,87.3,1000.9,2.6,270.0,25.0
2025-07-23 15:00:00,43057099999,Mumbai,NOAA,27.4,85.7,1002.2,2.6,270.0,25.0
2025-07-24 00:00:00,43057099999,Mumbai,NOAA,26.4,93.7,1000.3,1.0,270.0,28.0
2025-07-24 03:00:00,43057099999,Mumbai,NOAA,27.4,88.9,1001.6,3.6,270.0,29.0
2025-07-24 06:00:00,43057099999,Mumbai,NOAA,28.4,84.8,1002.4,3.1,270.0,0.4
2025-07-24 09:00:00,43057099999,Mumbai,NOAA,27.6,87.3,1000.9,2.1,270.0,0.4
2025-07-24 12:00:00,43057099999,Mumbai,NOAA,26.6,93.7,999.6,0.0,,11.0
2025-07-24 15:00:00,43057099999,Mumbai,NOAA,25.8,93.1,1000.5,0.0,,14.0
2025-07-25 00:00:00,43057099999,Mumbai,NOAA,26.6,90.4,998.9,2.6,270.0,22.0
2025-07-25 03:00:00,43057099999,Mumbai,NOAA,27.4,90.5,1000.7,4.1,290.0,22.0
2025-07-25 06:00:00,43057099999,Mumbai,NOAA,27.4,92.1,1001.8,2.6,290.0,6.0
2025-07-25 09:00:00,43057099999,Mumbai,NOAA,27.4,92.1,1000.7,4.1,270.0,9.0
2025-07-25 12:00:00,43057099999,Mumbai,NOAA,26.8,90.4,999.7,4.1,270.0,11.0
2025-07-25 15:00:00,43057099999,Mumbai,NOAA,26.4,90.4,1001.1,3.1,270.0,12.0
2025-07-26 00:00:00,43057099999,Mumbai,NOAA,26.4,92.0,1000.1,7.7,270.0,17.0
2025-07-26 03:00:00,43057099999,Mumbai,NOAA,27.4,85.7,1002.1,6.2,270.0,17.0
2025-07-26 06:00:00,43057099999,Mumbai,NOAA,28.4,83.3,1002.9,6.2,270.0,0.2
2025-07-26 09:00:00,43057099999,Mumbai,NOAA,28.2,81.8,1001.7,7.2,270.0,0.2
2025-07-26 12:00:00,43057099999,Mumbai,NOAA,27.0,90.4,1001.1,5.1,270.0,1.0
2025-07-26 15:00:00,43057099999,Mumbai,NOAA,27.0,90.4,1002.3,6.2,270.0,3.0
2025-07-27 00:00:00,43057099999,Mumbai,NOAA,27.0,84.2,1002.0,6.7,270.0,9.0
2025-07-27 03:00:00,43057099999,Mumbai,NOAA,27.6,82.7,1003.3,5.7,270.0,9.0
2025-07-27 06:00:00,43057099999,Mumbai,NOAA,28.0,80.4,1004.4,3.6,270.0,0.2
2025-07-27 09:00:00,43057099999,Mumbai,NOAA,28.6,77.6,1003.1,3.1,270.0,0.2
2025-07-27 12:00:00,43057099999,Mumbai,NOAA,28.4,81.9,1002.7,3.1,250.0,0.2
2025-07-27 15:00:00,43057099999,Mumbai,NOAA,27.6,87.3,1004.1,5.7,250.0,0.6
2025-07-28 00:00:00,43057099999,Mumbai,NOAA,26.4,93.7,1003.9,4.1,250.0,6.0
2025-07-28 03:00:00,43057099999,Mumbai,NOAA,26.8,84.2,1005.3,4.6,270.0,7.0
2025-07-28 09:00:00,43057099999,Mumbai,NOAA,28.2,81.8,1004.7,3.1,270.0,0.0
2025-07-28 12:00:00,43057099999,Mumbai,NOAA,28.2,86.3,1003.8,5.1,250.0,0.2
2025-07-28 15:00:00,43057099999,Mumbai,NOAA,28.0,88.9,1005.2,5.1,270.0,0.2
2025-07-29 00:00:00,43057099999,Mumbai,NOAA,26.0,92.0,1004.9,6.2,270.0,2.0
2025-07-29 06:00:00,43057099999,Mumbai,NOAA,26.8,93.7,1006.1,3.1,270.0,6.0
2025-07-29 09:00:00,43057099999,Mumbai,NOAA,27.4,88.9,1004.9,3.1,270.0,6.0
2025-07-29 12:00:00,43057099999,Mumbai,NOAA,27.2,92.1,1004.3,2.6,270.0,
2025-07-29 15:00:00,43057099999,Mumbai,NOAA,27.0,92.1,1005.1,4.1,270.0,9.0
2025-07-30 00:00:00,43057099999,Mumbai,NOAA,27.2,90.5,1003.6,4.1,290.0,9.0
2025-07-30 03:00:00,43057099999,Mumbai,NOAA,26.8,92.1,1005.2,2.1,290.0,11.0
2025-07-30 06:00:00,43057099999,Mumbai,NOAA,27.8,90.5,1005.3,1.5,270.0,
2025-07-30 09:00:00,43057099999,Mumbai,NOAA,27.8,90.5,1004.5,3.1,270.0,0.2
2025-07-30 12:00:00,43057099999,Mumbai,NOAA,27.4,92.1,1004.0,3.1,270.0,0.6
2025-07-30 15:00:00,43057099999,Mumbai,NOAA,27.4,90.5,1005.2,2.1,270.0,0.6
2025-07-31 00:00:00,43057099999,Mumbai,NOAA,27.4,88.9,1004.1,4.1,290.0,3.0
2025-07-31 03:00:00,43057099999,Mumbai,NOAA,27.4,88.9,1006.0,3.1,270.0,3.0
2025-07-31 06:00:00,43057099999,Mumbai,NOAA,28.2,86.3,1006.2,3.1,270.0,
2025-07-31 09:00:00,43057099999,Mumbai,NOAA,28.8,83.4,1005.1,2.1,270.0,
2025-07-31 12:00:00,43057099999,Mumbai,NOAA,28.4,84.8,1004.5,2.1,270.0,
2025-07-31 15:00:00,43057099999,Mumbai,NOAA,28.0,87.3,1005.8,2.1,250.0,
2025-08-01 00:00:00,43057099999,Mumbai,NOAA,28.0,87.3,1004.8,4.1,270.0,
2025-08-01 03:00:00,43057099999,Mumbai,NOAA,28.0,87.3,1006.4,4.1,270.0,
2025-08-01 06:00:00,43057099999,Mumbai,NOAA,29.6,79.6,1006.9,4.1,270.0,
2025-08-01 09:00:00,43057099999,Mumbai,NOAA,30.0,86.5,1005.9,2.1,270.0,
2025-08-01 12:00:00,43057099999,Mumbai,NOAA,29.0,80.5,1005.7,2.6,270.0,
2025-08-01 15:00:00,43057099999,Mumbai,NOAA,28.0,85.8,1006.7,2.1,270.0,
2025-08-02 00:00:00,43057099999,Mumbai,NOAA,27.4,85.7,1005.1,2.6,270.0,
2025-08-02 03:00:00,43057099999,Mumbai,NOAA,27.4,84.2,1006.9,2.6,270.0,
2025-08-02 06:00:00,43057099999,Mumbai,NOAA,28.6,80.4,1007.3,1.5,270.0,
2025-08-02 09:00:00,43057099999,Mumbai,NOAA,28.6,84.9,1005.9,1.0,250.0,
2025-08-02 12:00:00,43057099999,Mumbai,NOAA,28.4,83.3,1005.3,0.0,,
2025-08-02 15:00:00,43057099999,Mumbai,NOAA,28.0,87.3,1006.3,1.0,270.0,0.0
2025-08-03 00:00:00,43057099999,Mumbai,NOAA,26.8,88.8,1006.0,0.0,,0.2
2025-08-03 03:00:00,43057099999,Mumbai,NOAA,26.6,94.8,1007.3,0.0,,3.0
2025-08-03 06:00:00,43057099999,Mumbai,NOAA,29.2,80.5,1007.7,1.0,230.0,
2025-08-03 09:00:00,43057099999,Mumbai,NOAA,31.0,78.4,1006.8,1.5,270.0,
2025-08-03 12:00:00,43057099999,Mumbai,NOAA,29.0,90.6,1006.0,2.1,270.0,
2025-08-03 15:00:00,43057099999,Mumbai,NOAA,28.4,87.9,1007.5,2.1,270.0,
2025-08-04 00:00:00,43057099999,Mumbai,NOAA,27.8,87.3,1007.1,1.5,270.0,
2025-08-04 03:00:00,43057099999,Mumbai,NOAA,27.8,88.9,1008.9,1.5,270.0,0.2
2025-08-04 06:00:00,43057099999,Mumbai,NOAA,27.8,74.3,1009.3,2.1,270.0,
2025-08-04 09:00:00,43057099999,Mumbai,NOAA,30.6,73.0,1007.6,1.0,290.0,
2025-08-04 12:00:00,43057099999,Mumbai,NOAA,29.4,76.3,1006.9,1.0,290.0,
2025-08-04 15:00:00,43057099999,Mumbai,NOAA,28.0,81.8,1008.0,0.0,,
2025-08-05 00:00:00,43057099999,Mumbai,NOAA,27.4,85.7,1007.0,0.0,,
2025-08-05 03:00:00,43057099999,Mumbai,NOAA,28.0,85.8,1008.5,0.0,,
2025-08-05 06:00:00,43057099999,Mumbai,NOAA,30.6,73.0,1009.1,1.0,270.0,
2025-08-05 09:00:00,43057099999,Mumbai,NOAA,30.6,71.7,1007.3,1.0,290.0,
2025-08-05 12:00:00,43057099999,Mumbai,NOAA,30.0,83.5,1006.5,3.1,270.0,
2025-08-05 15:00:00,43057099999,Mumbai,NOAA,29.0,79.1,1007.5,2.1,270.0,
2025-08-06 00:00:00,43057099999,Mumbai,NOAA,27.5,83.7,1006.8,1.0,270.0,
2025-08-06 03:00:00,43057099999,Mumbai,NOAA,27.4,88.9,1008.4,0.0,,1.0
2025-08-06 06:00:00,43057099999,Mumbai,NOAA,28.4,80.4,1009.1,0.0,,
2025-08-06 09:00:00,43057099999,Mumbai,NOAA,30.0,78.3,1006.8,0.0,,
2025-08-06 12:00:00,43057099999,Mumbai,NOAA,28.6,80.4,1005.7,1.5,290.0,
2025-08-06 15:00:00,43057099999,Mumbai,NOAA,28.0,81.8,1006.7,0.0,,
2025-08-07 00:00:00,43057099999,Mumbai,NOAA,26.4,93.7,1006.2,0.0,,2.0
2025-08-07 03:00:00,43057099999,Mumbai,NOAA,25.8,94.8,1008.3,0.0,,10.0
2025-08-07 06:00:00,43057099999,Mumbai,NOAA,26.6,94.8,1008.8,0.0,,0.8
2025-08-07 09:00:00,43057099999,Mumbai,NOAA,28.0,81.8,1007.2,0.0,,0.8
2025-08-07 12:00:00,43057099999,Mumbai,NOAA,28.0,84.8,1005.7,1.0,320.0,0.8
2025-08-07 15:00:00,43057099999,Mumbai,NOAA,27.4,85.7,1006.6,0.0,,0.8
2025-08-08 00:00:00,43057099999,Mumbai,NOAA,26.4,90.4,1005.7,1.0,290.0,3.0
2025-08-08 03:00:00,43057099999,Mumbai,NOAA,27.0,90.4,1007.6,1.0,290.0,3.0
2025-08-08 06:00:00,43057099999,Mumbai,NOAA,29.0,79.1,1008.7,1.0,290.0,
2025-08-08 09:00:00,43057099999,Mumbai,NOAA,29.0,77.7,1007.8,0.0,,
2025-08-08 12:00:00,43057099999,Mumbai,NOAA,29.0,74.9,1007.2,0.0,,
2025-08-09 00:00:00,43057099999,Mumbai,NOAA,26.4,93.7,1008.6,0.0,,5.0
2025-08-09 03:00:00,43057099999,Mumbai,NOAA,26.8,95.4,1010.1,0.0,,6.0
2025-08-09 06:00:00,43057099999,Mumbai,NOAA,29.4,82.0,1010.6,0.0,,
2025-08-09 09:00:00,43057099999,Mumbai,NOAA,30.6,71.7,1008.8,1.0,290.0,
2025-08-09 12:00:00,43057099999,Mumbai,NOAA,29.6,74.1,1007.5,1.0,290.0,
2025-08-09 15:00:00,43057099999,Mumbai,NOAA,27.6,87.3,1008.8,0.0,,2.0
2025-08-10 00:00:00,43057099999,Mumbai,NOAA,27.0,85.7,1007.8,0.0,,2.0
2025-08-10 03:00:00,43057099999,Mumbai,NOAA,27.4,85.7,1009.1,0.0,,2.0
2025-08-10 06:00:00,43057099999,Mumbai,NOAA,30.0,71.6,1009.6,0.0,,
2025-08-10 09:00:00,43057099999,Mumbai,NOAA,30.4,69.1,1007.8,1.5,270.0,
2025-08-10 12:00:00,43057099999,Mumbai,NOAA,29.0,74.9,1006.7,1.0,320.0,
2025-08-10 15:00:00,43057099999,Mumbai,NOAA,26.6,92.0,1008.0,0.0,,5.0
2025-08-11 00:00:00,43057099999,Mumbai,NOAA,26.4,92.0,1007.5,0.0,,8.0
2025-08-11 03:00:00,43057099999,Mumbai,NOAA,27.0,85.7,1009.1,0.0,,8.0
2025-08-11 06:00:00,43057099999,Mumbai,NOAA,30.4,71.6,1009.4,1.0,270.0,
2025-08-11 09:00:00,43057099999,Mumbai,NOAA,30.8,68.0,1007.7,2.1,270.0,
2025-08-11 12:00:00,43057099999,Mumbai,NOAA,29.0,74.9,1006.6,1.0,270.0,
2025-08-11 15:00:00,43057099999,Mumbai,NOAA,28.2,78.9,1007.9,1.5,270.0,
2025-08-12 00:00:00,43057099999,Mumbai,NOAA,26.2,88.8,1006.4,0.0,,2.0
2025-08-12 03:00:00,43057099999,Mumbai,NOAA,25.6,94.8,1007.7,0.0,,9.0
2025-08-12 06:00:00,43057099999,Mumbai,NOAA,29.0,76.3,1008.0,1.5,290.0,0.0
2025-08-12 09:00:00,43057099999,Mumbai,NOAA,30.4,70.4,1006.5,1.0,290.0,0.2
2025-08-12 12:00:00,43057099999,Mumbai,NOAA,29.0,73.6,1005.2,2.6,290.0,0.2
2025-08-12 15:00:00,43057099999,Mumbai,NOAA,28.0,80.4,1006.2,0.0,,0.2
2025-08-13 00:00:00,43057099999,Mumbai,NOAA,26.0,92.0,1004.3,0.0,,6.0
2025-08-13 03:00:00,43057099999,Mumbai,NOAA,26.4,85.6,1005.5,0.0,,6.0
2025-08-13 06:00:00,43057099999,Mumbai,NOAA,27.4,88.9,1005.7,0.0,,3.0
2025-08-13 09:00:00,43057099999,Mumbai,NOAA,28.0,81.8,1004.0,0.0,,3.0
2025-08-13 12:00:00,43057099999,Mumbai,NOAA,27.2,88.9,1003.2,0.0,,3.0
2025-08-13 15:00:00,43057099999,Mumbai,NOAA,26.2,94.8,1004.3,0.0,,9.0
2025-08-14 00:00:00,43057099999,Mumbai,NOAA,26.2,90.4,1003.2,0.0,,11.0
2025-08-14 03:00:00,43057099999,Mumbai,NOAA,25.4,94.8,1005.3,0.0,,53.0
2025-08-14 06:00:00,43057099999,Mumbai,NOAA,25.2,94.8,1005.8,0.0,,34.0
2025-08-14 09:00:00,43057099999,Mumbai,NOAA,26.8,95.4,1003.6,0.0,,35.0
2025-08-14 12:00:00,43057099999,Mumbai,NOAA,26.4,95.9,1002.6,0.0,,35.0
2025-08-14 15:00:00,43057099999,Mumbai,NOAA,26.0,93.7,1004.1,0.0,,35.0
2025-08-15 00:00:00,43057099999,Mumbai,NOAA,25.4,93.1,1002.9,0.0,,43.0
2025-08-15 03:00:00,43057099999,Mumbai,NOAA,25.6,93.1,1004.6,0.0,,45.0
2025-08-15 06:00:00,43057099999,Mumbai,NOAA,25.4,94.8,1005.2,0.0,,0.8
2025-08-15 09:00:00,43057099999,Mumbai,NOAA,25.0,96.5,1003.7,0.0,,13.0
2025-08-15 12:00:00,43057099999,Mumbai,NOAA,25.0,96.5,1002.3,1.0,320.0,17.0
2025-08-15 15:00:00,43057099999,Mumbai,NOAA,25.6,94.8,1003.5,1.0,270.0,17.0
2025-08-15 21:00:00,43057099999,Mumbai,NOAA,25.0,96.5,1002.3,1.0,320.0,17.0
2025-08-16 00:00:00,43057099999,Mumbai,NOAA,25.4,93.1,1001.8,0.0,,70.0
2025-08-16 03:00:00,43057099999,Mumbai,NOAA,25.4,93.1,1003.1,0.0,,83.0
2025-08-16 06:00:00,43057099999,Mumbai,NOAA,25.0,94.8,1003.4,0.0,,21.0
2025-08-16 09:00:00,43057099999,Mumbai,NOAA,25.0,94.8,1001.4,0.0,,37.0
2025-08-16 12:00:00,43057099999,Mumbai,NOAA,25.6,94.8,1000.6,1.5,270.0,39.0
2025-08-16 15:00:00,43057099999,Mumbai,NOAA,26.0,94.8,1002.0,1.5,270.0,39.0
2025-08-17 00:00:00,43057099999,Mumbai,NOAA,25.4,91.4,1000.5,4.1,270.0,52.0
2025-08-17 03:00:00,43057099999,Mumbai,NOAA,25.4,94.8,1000.7,1.5,270.0,55.0
2025-08-17 06:00:00,43057099999,Mumbai,NOAA,25.0,94.8,1001.6,1.5,270.0,5.0
2025-08-17 09:00:00,43057099999,Mumbai,NOAA,24.8,94.8,1000.8,4.1,270.0,16.0
2025-08-17 12:00:00,43057099999,Mumbai,NOAA,25.4,94.8,1000.7,1.5,290.0,20.0
2025-08-17 15:00:00,43057099999,Mumbai,NOAA,25.4,94.8,1003.0,0.0,,21.0
2025-08-18 00:00:00,43057099999,Mumbai,NOAA,26.0,90.4,1002.3,4.1,270.0,23.0
2025-08-18 03:00:00,43057099999,Mumbai,NOAA,25.4,94.8,1003.8,4.1,270.0,38.0
2025-08-18 06:00:00,43057099999,Mumbai,NOAA,25.0,96.5,1004.6,4.1,270.0,29.0
2025-08-18 09:00:00,43057099999,Mumbai,NOAA,25.6,94.8,1002.9,4.1,270.0,42.0
2025-08-18 12:00:00,43057099999,Mumbai,NOAA,26.0,94.8,1002.3,4.1,270.0,45.0
2025-08-18 15:00:00,43057099999,Mumbai,NOAA,26.0,94.8,1003.6,2.6,270.0,55.0
2025-08-19 00:00:00,43057099999,Mumbai,NOAA,26.0,93.7,1001.1,4.6,270.0,80.0
2025-08-19 03:00:00,43057099999,Mumbai,NOAA,25.4,94.8,1002.3,5.7,270.0,110.0
2025-08-19 06:00:00,43057099999,Mumbai,NOAA,25.6,94.8,1003.0,6.2,270.0,14.0
2025-08-19 09:00:00,43057099999,Mumbai,NOAA,25.8,94.8,1001.8,7.2,270.0,29.0
2025-08-19 12:00:00,43057099999,Mumbai,NOAA,25.2,94.8,1001.0,6.2,270.0,63.0
2025-08-19 15:00:00,43057099999,Mumbai,NOAA,25.2,94.8,1002.4,6.2,270.0,67.0
2025-08-20 00:00:00,43057099999,Mumbai,NOAA,25.6,94.8,1001.2,7.2,270.0,100.0
2025-08-20 03:00:00,43057099999,Mumbai,NOAA,26.0,94.8,1003.3,3.1,270.0,107.0
2025-08-20 06:00:00,43057099999,Mumbai,NOAA,26.8,85.7,1004.6,6.2,270.0,0.0
2025-08-20 09:00:00,43057099999,Mumbai,NOAA,27.0,84.2,1003.3,4.1,270.0,0.0
2025-08-20 12:00:00,43057099999,Mumbai,NOAA,26.6,88.8,1002.6,4.1,250.0,0.4
2025-08-20 15:00:00,43057099999,Mumbai,NOAA,26.0,92.0,1004.3,2.1,270.0,5.0
2025-08-21 00:00:00,43057099999,Mumbai,NOAA,26.0,92.0,1005.3,2.1,250.0,23.0
2025-08-21 03:00:00,43057099999,Mumbai,NOAA,26.4,87.2,1007.2,2.6,270.0,23.0
2025-08-21 06:00:00,43057099999,Mumbai,NOAA,27.6,84.2,1007.9,4.1,250.0,0.0
2025-08-21 09:00:00,43057099999,Mumbai,NOAA,28.0,83.3,1006.4,2.1,270.0,1.0
2025-08-21 12:00:00,43057099999,Mumbai,NOAA,27.4,84.2,1006.1,2.1,270.0,1.0
2025-08-21 15:00:00,43057099999,Mumbai,NOAA,27.4,85.7,1008.4,3.1,270.0,1.0
2025-08-22 00:00:00,43057099999,Mumbai,NOAA,27.0,87.3,1007.2,0.0,,4.0
2025-08-22 03:00:00,43057099999,Mumbai,NOAA,27.0,87.3,1008.8,0.0,,4.0
2025-08-22 06:00:00,43057099999,Mumbai,NOAA,27.4,84.2,1009.5,0.0,,1.0
2025-08-22 09:00:00,43057099999,Mumbai,NOAA,28.2,78.9,1007.5,0.0,,2.0
2025-08-22 12:00:00,43057099999,Mumbai,NOAA,27.6,79.8,1006.6,4.1,270.0,2.0
2025-08-22 15:00:00,43057099999,Mumbai,NOAA,27.2,82.7,1008.0,4.1,270.0,2.0
2025-08-23 00:00:00,43057099999,Mumbai,NOAA,27.2,87.3,1006.0,0.0,,2.0
2025-08-23 03:00:00,43057099999,Mumbai,NOAA,26.4,92.0,1007.9,0.0,,4.0
2025-08-23 06:00:00,43057099999,Mumbai,NOAA,28.0,78.4,1008.5,2.6,270.0,
2025-08-23 09:00:00,43057099999,Mumbai,NOAA,28.8,79.0,1007.1,1.5,270.0,
2025-08-23 12:00:00,43057099999,Mumbai,NOAA,28.0,80.4,1006.2,1.5,270.0,
2025-08-23 15:00:00,43057099999,Mumbai,NOAA,27.0,85.7,1007.8,1.0,250.0,0.4
2025-08-24 00:00:00,43057099999,Mumbai,NOAA,27.0,85.7,1006.7,3.1,250.0,0.6
2025-08-24 06:00:00,43057099999,Mumbai,NOAA,29.5,75.9,1008.9,3.1,270.0,
2025-08-24 09:00:00,43057099999,Mumbai,NOAA,28.4,81.9,1007.8,1.5,270.0,1.0
2025-08-24 12:00:00,43057099999,Mumbai,NOAA,27.6,82.7,1006.8,2.1,270.0,3.0
2025-08-24 15:00:00,43057099999,Mumbai,NOAA,27.4,84.2,1008.3,2.1,270.0,3.0
