timestamp,station_id,city,source,temperature,humidity,pressure,wind_speed,wind_direction,precipitation
2023-01-01 00:00:00,43295099999,Bengaluru,NOAA,17.2,86.3,,1.0,,
2023-01-01 03:00:00,43295099999,Bengaluru,NOAA,21.0,70.8,,0.0,,
2023-01-01 06:00:00,43295099999,Bengaluru,NOAA,26.4,36.4,,1.0,140.0,
2023-01-01 09:00:00,43295099999,Bengaluru,NOAA,28.4,34.8,,1.0,90.0,
2023-01-01 12:00:00,43295099999,Bengaluru,NOAA,26.6,41.3,,2.1,90.0,
2023-01-01 15:00:00,43295099999,Bengaluru,NOAA,21.8,62.4,,0.0,,
2023-01-01 18:00:00,43295099999,Bengaluru,NOAA,20.0,73.4,,2.1,90.0,
2023-01-01 21:00:00,43295099999,Bengaluru,NOAA,18.6,83.2,,2.1,90.0,
2023-01-02 00:00:00,43295099999,Bengaluru,NOAA,17.2,92.1,,0.0,,
2023-01-02 03:00:00,43295099999,Bengaluru,NOAA,19.4,81.8,,1.0,,
2023-01-02 06:00:00,43295099999,Bengaluru,NOAA,25.0,36.7,,3.1,70.0,
2023-01-02 09:00:00,43295099999,Bengaluru,NOAA,27.2,36.4,,1.5,90.0,
2023-01-02 12:00:00,43295099999,Bengaluru,NOAA,24.8,40.0,,2.6,90.0,
2023-01-02 15:00:00,43295099999,Bengaluru,NOAA,21.2,58.7,,2.6,140.0,
2023-01-02 18:00:00,43295099999,Bengaluru,NOAA,19.0,76.1,,1.5,180.0,
2023-01-02 21:00:00,43295099999,Bengaluru,NOAA,17.4,82.6,,1.5,140.0,
2023-01-03 00:00:00,43295099999,Bengaluru,NOAA,16.6,89.7,,0.0,,
2023-01-03 03:00:00,43295099999,Bengaluru,NOAA,19.0,88.7,,1.0,50.0,
2023-01-03 06:00:00,43295099999,Bengaluru,NOAA,23.6,51.4,,2.6,90.0,
2023-01-03 09:00:00,43295099999,Bengaluru,NOAA,25.6,40.0,,2.6,90.0,
2023-01-03 12:00:00,43295099999,Bengaluru,NOAA,24.2,46.8,,2.6,90.0,
2023-01-03 15:00:00,43295099999,Bengaluru,NOAA,20.8,69.0,,1.0,,
2023-01-03 18:00:00,43295099999,Bengaluru,NOAA,19.2,83.3,,1.5,140.0,
2023-01-03 21:00:00,43295099999,Bengaluru,NOAA,18.6,90.4,,1.5,140.0,
2023-01-04 00:00:00,43295099999,Bengaluru,NOAA,17.2,93.8,,1.5,140.0,
2023-01-04 03:00:00,43295099999,Bengaluru,NOAA,18.0,82.6,,3.1,140.0,
2023-01-04 06:00:00,43295099999,Bengaluru,NOAA,23.8,52.8,,1.5,140.0,
2023-01-04 09:00:00,43295099999,Bengaluru,NOAA,25.4,42.1,,2.6,90.0,
2023-01-04 12:00:00,43295099999,Bengaluru,NOAA,23.4,48.4,,1.5,90.0,
2023-01-04 15:00:00,43295099999,Bengaluru,NOAA,20.6,65.9,,2.1,230.0,
2023-01-04 18:00:00,43295099999,Bengaluru,NOAA,19.4,83.3,,2.6,140.0,
2023-01-04 21:00:00,43295099999,Bengaluru,NOAA,18.0,86.4,,2.6,140.0,
2023-01-05 00:00:00,43295099999,Bengaluru,NOAA,17.0,92.1,,2.6,90.0,
2023-01-05 03:00:00,43295099999,Bengaluru,NOAA,18.2,83.2,,2.1,140.0,
2023-01-05 06:00:00,43295099999,Bengaluru,NOAA,21.6,60.8,,1.5,140.0,
2023-01-05 09:00:00,43295099999,Bengaluru,NOAA,24.0,54.6,,2.6,90.0,
2023-01-05 12:00:00,43295099999,Bengaluru,NOAA,23.0,56.2,,1.0,90.0,
2023-01-05 15:00:00,43295099999,Bengaluru,NOAA,21.0,72.6,,1.5,230.0,
2023-01-05 18:00:00,43295099999,Bengaluru,NOAA,19.2,81.7,,2.6,90.0,
2023-01-06 00:00:00,43295099999,Bengaluru,NOAA,16.6,95.6,,1.5,140.0,
2023-01-06 03:00:00,43295099999,Bengaluru,NOAA,17.6,88.1,,1.5,90.0,
2023-01-06 06:00:00,43295099999,Bengaluru,NOAA,24.0,51.9,,4.1,90.0,
2023-01-06 09:00:00,43295099999,Bengaluru,NOAA,25.6,43.6,,1.0,90.0,
2023-01-06 12:00:00,43295099999,Bengaluru,NOAA,23.4,56.6,,4.1,90.0,
2023-01-06 15:00:00,43295099999,Bengaluru,NOAA,21.2,72.7,,2.6,140.0,
2023-01-06 18:00:00,43295099999,Bengaluru,NOAA,19.4,83.3,,2.1,90.0,
2023-01-06 21:00:00,43295099999,Bengaluru,NOAA,18.2,90.4,,2.1,90.0,
2023-01-07 00:00:00,43295099999,Bengaluru,NOAA,17.0,90.3,,1.5,50.0,
2023-01-07 03:00:00,43295099999,Bengaluru,NOAA,17.8,88.1,,3.1,90.0,
2023-01-07 06:00:00,43295099999,Bengaluru,NOAA,23.4,59.3,,3.1,90.0,
2023-01-07 09:00:00,43295099999,Bengaluru,NOAA,24.8,51.4,,2.6,90.0,
2023-01-07 12:00:00,43295099999,Bengaluru,NOAA,23.6,56.7,,1.5,90.0,
2023-01-07 15:00:00,43295099999,Bengaluru,NOAA,22.0,65.3,,1.5,90.0,
2023-01-07 18:00:00,43295099999,Bengaluru,NOAA,20.6,77.4,,1.5,90.0,
2023-01-07 21:00:00,43295099999,Bengaluru,NOAA,19.0,87.1,,1.0,,
2023-01-08 00:00:00,43295099999,Bengaluru,NOAA,18.0,92.1,,1.5,90.0,
2023-01-08 03:00:00,43295099999,Bengaluru,NOAA,18.6,88.7,,2.6,90.0,
2023-01-08 06:00:00,43295099999,Bengaluru,NOAA,23.4,51.0,,2.6,90.0,
2023-01-08 09:00:00,43295099999,Bengaluru,NOAA,26.0,44.0,,1.5,90.0,
2023-01-08 12:00:00,43295099999,Bengaluru,NOAA,24.0,49.2,,1.0,90.0,
2023-01-08 15:00:00,43295099999,Bengaluru,NOAA,20.0,70.2,,0.0,,
2023-01-08 18:00:00,43295099999,Bengaluru,NOAA,19.0,74.7,,1.5,50.0,
2023-01-08 21:00:00,43295099999,Bengaluru,NOAA,17.0,82.5,,0.0,,
2023-01-09 00:00:00,43295099999,Bengaluru,NOAA,16.0,85.7,,1.5,140.0,
2023-01-09 03:00:00,43295099999,Bengaluru,NOAA,17.4,76.9,,0.0,,
2023-01-09 06:00:00,43295099999,Bengaluru,NOAA,24.2,34.4,,0.0,,
2023-01-09 09:00:00,43295099999,Bengaluru,NOAA,26.6,21.6,,2.1,90.0,
2023-01-09 12:00:00,43295099999,Bengaluru,NOAA,24.4,24.3,,1.5,90.0,
2023-01-09 15:00:00,43295099999,Bengaluru,NOAA,18.2,44.2,,0.0,,
2023-01-09 18:00:00,43295099999,Bengaluru,NOAA,17.0,74.8,,0.0,,
2023-01-09 21:00:00,43295099999,Bengaluru,NOAA,16.4,89.7,,1.5,90.0,
2023-01-10 00:00:00,43295099999,Bengaluru,NOAA,15.0,93.7,,1.5,90.0,
2023-01-10 03:00:00,43295099999,Bengaluru,NOAA,17.0,80.4,,1.0,,
2023-01-10 06:00:00,43295099999,Bengaluru,NOAA,22.2,46.8,,1.0,,
2023-01-10 09:00:00,43295099999,Bengaluru,NOAA,27.0,20.4,,1.5,70.0,
2023-01-10 12:00:00,43295099999,Bengaluru,NOAA,24.6,25.8,,1.5,90.0,
2023-01-10 15:00:00,43295099999,Bengaluru,NOAA,20.4,56.3,,2.1,160.0,
2023-01-10 18:00:00,43295099999,Bengaluru,NOAA,18.0,77.5,,2.6,140.0,
2023-01-10 21:00:00,43295099999,Bengaluru,NOAA,16.4,81.9,,1.5,140.0,
2023-01-11 00:00:00,43295099999,Bengaluru,NOAA,15.0,85.6,,0.0,,
2023-01-11 03:00:00,43295099999,Bengaluru,NOAA,18.4,74.1,,1.0,,
2023-01-11 06:00:00,43295099999,Bengaluru,NOAA,25.4,26.5,,1.5,90.0,
2023-01-11 09:00:00,43295099999,Bengaluru,NOAA,27.2,19.7,,0.0,,
2023-01-11 12:00:00,43295099999,Bengaluru,NOAA,25.4,29.3,,1.0,,
2023-01-11 15:00:00,43295099999,Bengaluru,NOAA,19.4,51.7,,1.0,,
2023-01-11 18:00:00,43295099999,Bengaluru,NOAA,17.4,69.7,,1.5,140.0,
2023-01-11 21:00:00,43295099999,Bengaluru,NOAA,15.6,79.7,,1.5,140.0,
2023-01-12 00:00:00,43295099999,Bengaluru,NOAA,15.0,87.3,,0.0,,
2023-01-12 03:00:00,43295099999,Bengaluru,NOAA,19.0,70.9,,0.0,,
2023-01-12 06:00:00,43295099999,Bengaluru,NOAA,26.0,30.2,,0.0,,
2023-01-12 09:00:00,43295099999,Bengaluru,NOAA,28.6,16.6,,1.5,90.0,
2023-01-12 12:00:00,43295099999,Bengaluru,NOAA,26.0,15.8,,1.5,70.0,
2023-01-12 15:00:00,43295099999,Bengaluru,NOAA,21.0,42.6,,2.1,180.0,
2023-01-12 18:00:00,43295099999,Bengaluru,NOAA,19.0,59.4,,2.6,140.0,
2023-01-12 21:00:00,43295099999,Bengaluru,NOAA,16.4,76.2,,1.5,180.0,
2023-01-13 00:00:00,43295099999,Bengaluru,NOAA,15.4,83.4,,0.0,,
2023-01-13 03:00:00,43295099999,Bengaluru,NOAA,18.2,72.1,,0.0,,
2023-01-13 06:00:00,43295099999,Bengaluru,NOAA,25.6,30.7,,0.0,,
2023-01-13 09:00:00,43295099999,Bengaluru,NOAA,28.2,26.2,,0.0,,
2023-01-13 12:00:00,43295099999,Bengaluru,NOAA,25.6,35.2,,0.0,,
2023-01-13 15:00:00,43295099999,Bengaluru,NOAA,20.6,53.4,,1.5,140.0,
2023-01-13 18:00:00,43295099999,Bengaluru,NOAA,18.8,72.7,,2.1,140.0,
2023-01-13 21:00:00,43295099999,Bengaluru,NOAA,17.0,84.1,,1.0,,
2023-01-14 00:00:00,43295099999,Bengaluru,NOAA,16.4,92.0,,1.0,140.0,
2023-01-14 03:00:00,43295099999,Bengaluru,NOAA,17.4,82.6,,0.0,,
2023-01-14 06:00:00,43295099999,Bengaluru,NOAA,25.0,28.7,,0.0,,
2023-01-14 09:00:00,43295099999,Bengaluru,NOAA,28.0,18.3,,0.0,,
2023-01-14 12:00:00,43295099999,Bengaluru,NOAA,26.8,27.1,,0.0,,
2023-01-14 15:00:00,43295099999,Bengaluru,NOAA,19.8,48.1,,0.0,,
2023-01-14 18:00:00,43295099999,Bengaluru,NOAA,17.2,62.6,,1.5,180.0,
2023-01-14 21:00:00,43295099999,Bengaluru,NOAA,15.2,79.6,,0.0,,
2023-01-15 00:00:00,43295099999,Bengaluru,NOAA,14.8,83.3,,0.0,,
2023-01-15 03:00:00,43295099999,Bengaluru,NOAA,18.4,65.4,,0.0,,
2023-01-15 06:00:00,43295099999,Bengaluru,NOAA,26.0,26.0,,1.0,,
2023-01-15 09:00:00,43295099999,Bengaluru,NOAA,29.6,17.3,,0.0,,
2023-01-15 12:00:00,43295099999,Bengaluru,NOAA,26.4,28.7,,1.0,,
2023-01-15 15:00:00,43295099999,Bengaluru,NOAA,20.8,50.7,,1.5,90.0,
2023-01-15 18:00:00,43295099999,Bengaluru,NOAA,18.6,76.1,,3.1,90.0,
2023-01-15 21:00:00,43295099999,Bengaluru,NOAA,16.4,85.7,,1.5,90.0,
2023-01-16 00:00:00,43295099999,Bengaluru,NOAA,14.4,93.7,,0.0,,
2023-01-16 03:00:00,43295099999,Bengaluru,NOAA,19.4,80.2,,0.0,,
2023-01-16 06:00:00,43295099999,Bengaluru,NOAA,27.4,30.2,,1.0,,
2023-01-16 09:00:00,43295099999,Bengaluru,NOAA,29.4,20.6,,1.0,,
2023-01-16 12:00:00,43295099999,Bengaluru,NOAA,26.6,30.0,,0.0,,
2023-01-16 15:00:00,43295099999,Bengaluru,NOAA,21.2,46.9,,0.0,,
2023-01-16 18:00:00,43295099999,Bengaluru,NOAA,19.0,62.6,,2.6,140.0,
2023-01-17 00:00:00,43295099999,Bengaluru,NOAA,15.6,85.6,,1.5,90.0,
2023-01-17 03:00:00,43295099999,Bengaluru,NOAA,18.0,81.1,,0.0,,
2023-01-17 06:00:00,43295099999,Bengaluru,NOAA,26.6,31.2,,1.0,140.0,
2023-01-17 09:00:00,43295099999,Bengaluru,NOAA,28.4,20.7,,0.0,,
2023-01-17 12:00:00,43295099999,Bengaluru,NOAA,26.0,30.2,,0.0,,
2023-01-17 15:00:00,43295099999,Bengaluru,NOAA,21.0,48.1,,0.0,,
2023-01-17 18:00:00,43295099999,Bengaluru,NOAA,18.4,74.1,,0.0,,
2023-01-17 21:00:00,43295099999,Bengaluru,NOAA,16.4,81.9,,1.0,,
2023-01-18 00:00:00,43295099999,Bengaluru,NOAA,15.2,91.4,,0.0,,
2023-01-18 03:00:00,43295099999,Bengaluru,NOAA,16.0,93.8,,1.5,140.0,
2023-01-18 06:00:00,43295099999,Bengaluru,NOAA,23.8,44.8,,1.5,360.0,
2023-01-18 09:00:00,43295099999,Bengaluru,NOAA,28.0,21.1,1053.2,1.5,90.0,
2023-01-18 12:00:00,43295099999,Bengaluru,NOAA,25.4,23.9,,1.5,90.0,
2023-01-18 15:00:00,43295099999,Bengaluru,NOAA,21.0,55.3,,1.5,230.0,
2023-01-18 18:00:00,43295099999,Bengaluru,NOAA,18.4,76.0,,2.6,140.0,
2023-01-18 21:00:00,43295099999,Bengaluru,NOAA,17.2,88.0,,3.1,180.0,
2023-01-19 00:00:00,43295099999,Bengaluru,NOAA,15.8,92.0,,3.1,230.0,
2023-01-19 03:00:00,43295099999,Bengaluru,NOAA,18.8,79.6,,1.0,50.0,
2023-01-19 06:00:00,43295099999,Bengaluru,NOAA,25.0,28.7,,1.5,360.0,
2023-01-19 09:00:00,43295099999,Bengaluru,NOAA,27.8,18.9,,1.5,70.0,
2023-01-19 12:00:00,43295099999,Bengaluru,NOAA,25.6,24.1,,1.5,70.0,
2023-01-19 15:00:00,43295099999,Bengaluru,NOAA,20.6,50.6,,1.0,,
2023-01-19 18:00:00,43295099999,Bengaluru,NOAA,18.4,74.1,,2.1,140.0,
2023-01-19 21:00:00,43295099999,Bengaluru,NOAA,16.8,84.1,,1.5,140.0,
2023-01-20 00:00:00,43295099999,Bengaluru,NOAA,15.4,87.3,,1.0,,
2023-01-20 03:00:00,43295099999,Bengaluru,NOAA,18.6,84.8,,2.1,90.0,
2023-01-20 06:00:00,43295099999,Bengaluru,NOAA,22.4,57.1,,3.6,90.0,
2023-01-20 09:00:00,43295099999,Bengaluru,NOAA,25.2,48.0,,1.5,90.0,
2023-01-20 12:00:00,43295099999,Bengaluru,NOAA,23.8,50.1,,1.0,,
2023-01-20 15:00:00,43295099999,Bengaluru,NOAA,21.8,65.3,,2.1,140.0,
2023-01-20 18:00:00,43295099999,Bengaluru,NOAA,19.4,85.5,,1.5,180.0,
2023-01-20 21:00:00,43295099999,Bengaluru,NOAA,18.4,88.7,,2.6,180.0,
2023-01-21 00:00:00,43295099999,Bengaluru,NOAA,17.4,92.1,,2.6,180.0,
2023-01-21 03:00:00,43295099999,Bengaluru,NOAA,18.4,90.4,,1.5,90.0,
2023-01-21 06:00:00,43295099999,Bengaluru,NOAA,22.0,62.5,,3.1,90.0,
2023-01-21 09:00:00,43295099999,Bengaluru,NOAA,25.2,48.0,,1.5,90.0,
2023-01-21 12:00:00,43295099999,Bengaluru,NOAA,24.0,49.2,,1.5,90.0,
2023-01-21 15:00:00,43295099999,Bengaluru,NOAA,21.0,64.7,,0.0,,
2023-01-21 18:00:00,43295099999,Bengaluru,NOAA,19.2,79.7,,1.5,360.0,
2023-01-21 21:00:00,43295099999,Bengaluru,NOAA,17.2,90.3,,1.0,,
2023-01-22 00:00:00,43295099999,Bengaluru,NOAA,16.4,93.8,,1.0,180.0,
2023-01-22 03:00:00,43295099999,Bengaluru,NOAA,17.4,86.4,,1.5,90.0,
2023-01-22 06:00:00,43295099999,Bengaluru,NOAA,23.8,51.5,,2.1,90.0,
2023-01-22 09:00:00,43295099999,Bengaluru,NOAA,26.4,32.0,,2.6,90.0,
2023-01-22 12:00:00,43295099999,Bengaluru,NOAA,24.4,32.4,,2.6,90.0,
2023-01-22 15:00:00,43295099999,Bengaluru,NOAA,21.0,57.2,,1.5,90.0,
2023-01-22 18:00:00,43295099999,Bengaluru,NOAA,19.2,69.6,,4.1,90.0,
2023-01-22 21:00:00,43295099999,Bengaluru,NOAA,17.8,81.0,,1.0,,
2023-01-23 00:00:00,43295099999,Bengaluru,NOAA,17.0,84.1,,2.6,180.0,
2023-01-23 03:00:00,43295099999,Bengaluru,NOAA,19.4,78.2,,1.0,50.0,
2023-01-23 06:00:00,43295099999,Bengaluru,NOAA,22.0,67.0,,1.5,90.0,
2023-01-23 09:00:00,43295099999,Bengaluru,NOAA,22.0,68.3,,1.5,90.0,
2023-01-23 12:00:00,43295099999,Bengaluru,NOAA,22.6,63.0,,1.5,90.0,
2023-01-23 15:00:00,43295099999,Bengaluru,NOAA,20.4,82.4,,1.0,,
2023-01-23 21:00:00,43295099999,Bengaluru,NOAA,19.4,90.5,,2.6,140.0,
2023-01-24 00:00:00,43295099999,Bengaluru,NOAA,19.0,90.4,,2.6,140.0,
2023-01-24 03:00:00,43295099999,Bengaluru,NOAA,19.2,83.3,,1.0,,
2023-01-24 06:00:00,43295099999,Bengaluru,NOAA,24.0,55.7,,2.1,90.0,
2023-01-24 09:00:00,43295099999,Bengaluru,NOAA,25.4,53.2,,1.5,90.0,
2023-01-24 12:00:00,43295099999,Bengaluru,NOAA,24.8,56.6,,1.0,,
2023-01-24 15:00:00,43295099999,Bengaluru,NOAA,22.6,63.0,,1.0,,
2023-01-24 18:00:00,43295099999,Bengaluru,NOAA,20.2,73.4,,0.0,,
2023-01-24 21:00:00,43295099999,Bengaluru,NOAA,18.0,82.6,,0.0,,
2023-01-25 00:00:00,43295099999,Bengaluru,NOAA,16.8,88.0,,2.1,140.0,
2023-01-25 03:00:00,43295099999,Bengaluru,NOAA,18.0,77.5,,1.5,90.0,
2023-01-25 06:00:00,43295099999,Bengaluru,NOAA,23.0,56.2,,1.5,70.0,
2023-01-25 09:00:00,43295099999,Bengaluru,NOAA,27.2,31.0,,2.6,90.0,
2023-01-25 12:00:00,43295099999,Bengaluru,NOAA,26.0,32.4,,1.0,,
2023-01-25 15:00:00,43295099999,Bengaluru,NOAA,21.4,48.5,,0.0,,
2023-01-25 18:00:00,43295099999,Bengaluru,NOAA,19.6,68.3,,1.5,90.0,
2023-01-25 21:00:00,43295099999,Bengaluru,NOAA,18.6,84.8,,1.5,140.0,
2023-01-26 00:00:00,43295099999,Bengaluru,NOAA,17.4,92.1,,2.1,140.0,
2023-01-26 03:00:00,43295099999,Bengaluru,NOAA,17.8,73.5,,1.0,90.0,
2023-01-26 06:00:00,43295099999,Bengaluru,NOAA,24.4,32.4,,1.5,50.0,
2023-01-26 09:00:00,43295099999,Bengaluru,NOAA,28.0,24.9,,1.5,50.0,
2023-01-26 12:00:00,43295099999,Bengaluru,NOAA,26.2,31.6,,1.0,,
2023-01-26 15:00:00,43295099999,Bengaluru,NOAA,22.0,50.7,,1.5,140.0,
2023-01-26 18:00:00,43295099999,Bengaluru,NOAA,19.6,70.1,,2.6,180.0,
2023-01-26 21:00:00,43295099999,Bengaluru,NOAA,18.2,86.4,,2.1,180.0,
2023-01-27 00:00:00,43295099999,Bengaluru,NOAA,17.8,88.1,,2.1,140.0,
2023-01-27 03:00:00,43295099999,Bengaluru,NOAA,19.4,64.8,,1.5,140.0,
2023-01-27 06:00:00,43295099999,Bengaluru,NOAA,25.0,33.2,,2.1,140.0,
2023-01-27 09:00:00,43295099999,Bengaluru,NOAA,28.2,27.3,,1.5,140.0,
2023-01-27 12:00:00,43295099999,Bengaluru,NOAA,26.4,30.8,,0.0,,
2023-01-27 15:00:00,43295099999,Bengaluru,NOAA,21.4,54.3,,1.0,90.0,
2023-01-27 18:00:00,43295099999,Bengaluru,NOAA,19.8,65.3,,1.5,140.0,
2023-01-27 21:00:00,43295099999,Bengaluru,NOAA,17.8,81.0,,1.5,140.0,
2023-01-28 00:00:00,43295099999,Bengaluru,NOAA,16.6,88.0,,0.0,,
2023-01-28 03:00:00,43295099999,Bengaluru,NOAA,19.0,53.0,,0.0,,
2023-01-28 06:00:00,43295099999,Bengaluru,NOAA,25.6,25.2,,2.6,140.0,
2023-01-28 09:00:00,43295099999,Bengaluru,NOAA,28.0,19.2,,2.1,70.0,
2023-01-28 12:00:00,43295099999,Bengaluru,NOAA,26.0,23.7,,3.1,90.0,
2023-01-28 15:00:00,43295099999,Bengaluru,NOAA,22.2,53.8,,1.5,140.0,
2023-01-28 18:00:00,43295099999,Bengaluru,NOAA,20.0,70.2,,2.6,50.0,
2023-01-28 21:00:00,43295099999,Bengaluru,NOAA,17.6,,,1.0,,
2023-01-29 00:00:00,43295099999,Bengaluru,NOAA,16.4,78.2,,0.0,,
2023-01-29 03:00:00,43295099999,Bengaluru,NOAA,19.4,59.9,,2.1,90.0,
2023-01-29 06:00:00,43295099999,Bengaluru,NOAA,26.2,31.6,,2.6,140.0,
2023-01-29 09:00:00,43295099999,Bengaluru,NOAA,28.8,26.2,,3.1,90.0,
2023-01-29 12:00:00,43295099999,Bengaluru,NOAA,25.4,38.4,,3.1,90.0,
2023-01-29 15:00:00,43295099999,Bengaluru,NOAA,22.0,59.7,,1.5,90.0,
2023-01-29 18:00:00,43295099999,Bengaluru,NOAA,20.6,77.4,,2.1,140.0,
2023-01-29 21:00:00,43295099999,Bengaluru,NOAA,19.2,87.1,,1.5,140.0,
2023-01-30 00:00:00,43295099999,Bengaluru,NOAA,18.4,90.4,,1.5,140.0,
2023-01-30 03:00:00,43295099999,Bengaluru,NOAA,20.2,76.8,,1.0,90.0,
2023-01-30 06:00:00,43295099999,Bengaluru,NOAA,25.6,52.3,,1.5,140.0,
2023-01-30 09:00:00,43295099999,Bengaluru,NOAA,26.8,49.6,,2.1,90.0,
2023-01-30 12:00:00,43295099999,Bengaluru,NOAA,26.2,52.8,,1.5,90.0,
2023-01-30 15:00:00,43295099999,Bengaluru,NOAA,23.8,67.0,,1.5,90.0,
2023-01-30 18:00:00,43295099999,Bengaluru,NOAA,21.0,77.4,,3.1,50.0,
2023-01-30 21:00:00,43295099999,Bengaluru,NOAA,20.4,85.6,,2.6,90.0,
2023-01-31 00:00:00,43295099999,Bengaluru,NOAA,20.0,88.8,,0.0,,
2023-01-31 03:00:00,43295099999,Bengaluru,NOAA,20.0,81.8,,1.0,140.0,
2023-01-31 06:00:00,43295099999,Bengaluru,NOAA,25.6,47.1,,1.5,50.0,
2023-01-31 09:00:00,43295099999,Bengaluru,NOAA,28.2,37.7,,2.1,50.0,
2023-01-31 12:00:00,43295099999,Bengaluru,NOAA,26.2,40.7,,3.1,90.0,
2023-01-31 15:00:00,43295099999,Bengaluru,NOAA,23.0,51.9,,1.5,90.0,
2023-01-31 18:00:00,43295099999,Bengaluru,NOAA,20.4,67.1,,1.5,90.0,
2023-01-31 21:00:00,43295099999,Bengaluru,NOAA,18.4,81.1,,1.5,90.0,
2023-02-01 00:00:00,43295099999,Bengaluru,NOAA,16.4,88.0,,0.0,,
2023-02-01 03:00:00,43295099999,Bengaluru,NOAA,19.2,66.0,,2.6,90.0,
2023-02-01 06:00:00,43295099999,Bengaluru,NOAA,26.2,39.6,,3.1,20.0,
2023-02-01 09:00:00,43295099999,Bengaluru,NOAA,28.0,32.1,,3.1,90.0,
2023-02-01 12:00:00,43295099999,Bengaluru,NOAA,26.0,40.4,,4.1,90.0,
2023-02-01 15:00:00,43295099999,Bengaluru,NOAA,23.0,59.2,,2.6,180.0,
2023-02-01 18:00:00,43295099999,Bengaluru,NOAA,21.2,69.5,,2.6,140.0,
2023-02-01 21:00:00,43295099999,Bengaluru,NOAA,20.0,63.7,,2.6,90.0,
2023-02-02 00:00:00,43295099999,Bengaluru,NOAA,19.0,61.0,,2.1,140.0,
2023-02-02 03:00:00,43295099999,Bengaluru,NOAA,19.6,55.3,,3.1,70.0,
2023-02-02 06:00:00,43295099999,Bengaluru,NOAA,23.4,31.9,,4.1,70.0,
2023-02-02 09:00:00,43295099999,Bengaluru,NOAA,,,,,20.0,
2023-02-02 12:00:00,43295099999,Bengaluru,NOAA,25.0,45.2,,3.1,70.0,
2023-02-02 15:00:00,43295099999,Bengaluru,NOAA,22.4,59.8,,1.5,90.0,
2023-02-02 18:00:00,43295099999,Bengaluru,NOAA,20.4,62.5,,1.5,90.0,
2023-02-02 21:00:00,43295099999,Bengaluru,NOAA,19.0,67.7,,1.5,90.0,
2023-02-03 00:00:00,43295099999,Bengaluru,NOAA,17.4,82.6,,1.0,,
2023-02-03 03:00:00,43295099999,Bengaluru,NOAA,19.6,55.3,,3.1,70.0,
2023-02-03 06:00:00,43295099999,Bengaluru,NOAA,24.4,61.8,,3.1,70.0,
2023-02-03 09:00:00,43295099999,Bengaluru,NOAA,25.6,50.9,,3.1,70.0,
2023-02-03 12:00:00,43295099999,Bengaluru,NOAA,24.4,60.3,,1.0,,
2023-02-03 15:00:00,43295099999,Bengaluru,NOAA,23.2,68.1,,0.0,,
2023-02-03 18:00:00,43295099999,Bengaluru,NOAA,22.4,58.3,,2.6,140.0,
2023-02-03 21:00:00,43295099999,Bengaluru,NOAA,20.0,65.3,,0.0,,
2023-02-04 00:00:00,43295099999,Bengaluru,NOAA,19.8,58.8,,2.6,180.0,
2023-02-04 03:00:00,43295099999,Bengaluru,NOAA,21.4,50.2,,2.6,90.0,
2023-02-04 06:00:00,43295099999,Bengaluru,NOAA,27.2,27.8,,2.1,90.0,
2023-02-04 09:00:00,43295099999,Bengaluru,NOAA,29.6,21.8,,3.1,90.0,
2023-02-04 12:00:00,43295099999,Bengaluru,NOAA,28.0,26.0,,2.1,70.0,
2023-02-04 15:00:00,43295099999,Bengaluru,NOAA,23.8,48.8,,1.0,,
2023-02-04 18:00:00,43295099999,Bengaluru,NOAA,21.8,67.0,,2.1,70.0,
2023-02-04 21:00:00,43295099999,Bengaluru,NOAA,20.2,78.8,,2.1,70.0,
2023-02-05 00:00:00,43295099999,Bengaluru,NOAA,18.8,87.1,,1.0,,
2023-02-05 03:00:00,43295099999,Bengaluru,NOAA,22.0,64.1,,0.5,,
2023-02-05 06:00:00,43295099999,Bengaluru,NOAA,29.0,19.1,,2.6,70.0,
2023-02-05 09:00:00,43295099999,Bengaluru,NOAA,30.8,20.1,,2.1,70.0,
2023-02-05 12:00:00,43295099999,Bengaluru,NOAA,28.6,24.9,,1.0,,
2023-02-05 15:00:00,43295099999,Bengaluru,NOAA,24.2,33.2,,2.1,140.0,
2023-02-05 18:00:00,43295099999,Bengaluru,NOAA,21.2,60.3,,2.6,90.0,
2023-02-05 21:00:00,43295099999,Bengaluru,NOAA,19.8,73.4,,1.5,70.0,
2023-02-06 00:00:00,43295099999,Bengaluru,NOAA,18.6,64.2,,2.1,140.0,
2023-02-06 03:00:00,43295099999,Bengaluru,NOAA,22.0,55.2,,1.5,90.0,
2023-02-06 06:00:00,43295099999,Bengaluru,NOAA,27.6,34.8,,2.1,90.0,
2023-02-06 09:00:00,43295099999,Bengaluru,NOAA,30.0,24.3,,1.5,90.0,
2023-02-06 12:00:00,43295099999,Bengaluru,NOAA,28.0,23.1,,1.5,90.0,
2023-02-06 15:00:00,43295099999,Bengaluru,NOAA,22.8,50.5,,1.0,,
2023-02-06 18:00:00,43295099999,Bengaluru,NOAA,21.2,61.9,,1.5,140.0,
2023-02-06 21:00:00,43295099999,Bengaluru,NOAA,20.0,72.0,,1.5,90.0,
2023-02-07 00:00:00,43295099999,Bengaluru,NOAA,18.4,83.2,,0.0,,
2023-02-07 03:00:00,43295099999,Bengaluru,NOAA,21.6,66.5,,1.5,90.0,
2023-02-07 06:00:00,43295099999,Bengaluru,NOAA,27.0,38.3,,1.5,90.0,
2023-02-07 09:00:00,43295099999,Bengaluru,NOAA,30.4,24.9,,1.5,90.0,
2023-02-07 12:00:00,43295099999,Bengaluru,NOAA,29.2,25.9,,0.5,,
2023-02-07 15:00:00,43295099999,Bengaluru,NOAA,23.8,51.5,,0.0,,
2023-02-07 18:00:00,43295099999,Bengaluru,NOAA,22.0,49.3,,2.1,50.0,
2023-02-07 21:00:00,43295099999,Bengaluru,NOAA,20.0,67.1,,1.5,90.0,
2023-02-08 00:00:00,43295099999,Bengaluru,NOAA,19.0,74.7,,0.0,,
2023-02-08 03:00:00,43295099999,Bengaluru,NOAA,21.6,65.3,,1.0,,
2023-02-08 06:00:00,43295099999,Bengaluru,NOAA,28.0,40.7,,2.1,90.0,
2023-02-08 09:00:00,43295099999,Bengaluru,NOAA,30.0,35.8,,1.5,50.0,
2023-02-08 12:00:00,43295099999,Bengaluru,NOAA,29.6,33.4,,1.0,,
2023-02-08 15:00:00,43295099999,Bengaluru,NOAA,24.8,50.1,,1.5,90.0,
2023-02-08 18:00:00,43295099999,Bengaluru,NOAA,22.4,59.8,,2.6,140.0,
2023-02-08 21:00:00,43295099999,Bengaluru,NOAA,20.8,74.0,,1.5,140.0,
2023-02-09 00:00:00,43295099999,Bengaluru,NOAA,19.0,84.9,,0.0,,
2023-02-09 03:00:00,43295099999,Bengaluru,NOAA,20.4,84.0,,0.0,,
2023-02-09 06:00:00,43295099999,Bengaluru,NOAA,27.8,41.7,,3.1,90.0,
2023-02-09 09:00:00,43295099999,Bengaluru,NOAA,30.0,28.0,,2.6,90.0,
2023-02-09 12:00:00,43295099999,Bengaluru,NOAA,28.6,28.0,,2.1,70.0,
2023-02-09 15:00:00,43295099999,Bengaluru,NOAA,24.2,44.4,,1.5,90.0,
2023-02-09 18:00:00,43295099999,Bengaluru,NOAA,21.4,57.3,,1.5,50.0,
2023-02-09 21:00:00,43295099999,Bengaluru,NOAA,19.6,64.8,,0.0,,
2023-02-10 00:00:00,43295099999,Bengaluru,NOAA,18.4,76.0,,0.0,,
2023-02-10 03:00:00,43295099999,Bengaluru,NOAA,21.2,70.9,,1.5,90.0,
2023-02-10 06:00:00,43295099999,Bengaluru,NOAA,28.0,36.4,,3.1,70.0,
2023-02-10 09:00:00,43295099999,Bengaluru,NOAA,30.0,23.3,,2.6,20.0,
2023-02-10 12:00:00,43295099999,Bengaluru,NOAA,28.2,24.3,,2.1,70.0,
2023-02-10 15:00:00,43295099999,Bengaluru,NOAA,23.4,40.7,,1.5,50.0,
2023-02-10 18:00:00,43295099999,Bengaluru,NOAA,21.2,58.7,,1.0,,
2023-02-10 21:00:00,43295099999,Bengaluru,NOAA,19.0,76.1,,1.0,,
2023-02-11 00:00:00,43295099999,Bengaluru,NOAA,16.8,84.1,,0.0,,
2023-02-11 03:00:00,43295099999,Bengaluru,NOAA,19.2,69.6,,1.5,90.0,
2023-02-11 06:00:00,43295099999,Bengaluru,NOAA,27.6,24.3,,2.1,50.0,
2023-02-11 09:00:00,43295099999,Bengaluru,NOAA,29.6,16.4,,2.1,50.0,
2023-02-11 12:00:00,43295099999,Bengaluru,NOAA,29.0,20.9,,2.1,50.0,
2023-02-11 15:00:00,43295099999,Bengaluru,NOAA,23.0,45.2,,0.0,,
2023-02-11 18:00:00,43295099999,Bengaluru,NOAA,21.6,50.2,,0.0,,
2023-02-11 21:00:00,43295099999,Bengaluru,NOAA,19.2,65.2,,0.0,,
2023-02-12 00:00:00,43295099999,Bengaluru,NOAA,17.0,76.8,,0.0,,
2023-02-12 03:00:00,43295099999,Bengaluru,NOAA,21.0,67.7,,0.0,,
2023-02-12 06:00:00,43295099999,Bengaluru,NOAA,28.6,26.0,,3.1,70.0,
2023-02-12 09:00:00,43295099999,Bengaluru,NOAA,31.8,15.0,,3.1,70.0,
2023-02-12 12:00:00,43295099999,Bengaluru,NOAA,30.0,19.7,,3.1,70.0,
2023-02-12 15:00:00,43295099999,Bengaluru,NOAA,24.4,41.8,953.7,0.0,,
2023-02-12 18:00:00,43295099999,Bengaluru,NOAA,22.2,44.1,,1.0,90.0,
2023-02-12 21:00:00,43295099999,Bengaluru,NOAA,19.2,59.8,,0.0,,
2023-02-13 00:00:00,43295099999,Bengaluru,NOAA,17.4,69.7,,0.0,,
2023-02-13 03:00:00,43295099999,Bengaluru,NOAA,23.2,41.5,,1.0,50.0,
2023-02-13 06:00:00,43295099999,Bengaluru,NOAA,29.0,29.4,,1.5,70.0,
2023-02-13 09:00:00,43295099999,Bengaluru,NOAA,31.0,23.9,,3.1,70.0,
2023-02-13 12:00:00,43295099999,Bengaluru,NOAA,29.4,28.0,,3.1,70.0,
2023-02-13 15:00:00,43295099999,Bengaluru,NOAA,25.0,34.3,,1.5,140.0,
2023-02-13 18:00:00,43295099999,Bengaluru,NOAA,21.4,49.8,,0.0,,
2023-02-13 21:00:00,43295099999,Bengaluru,NOAA,19.0,57.8,,0.0,,
2023-02-14 00:00:00,43295099999,Bengaluru,NOAA,17.0,69.6,,0.0,,
2023-02-14 03:00:00,43295099999,Bengaluru,NOAA,22.0,49.3,,1.0,70.0,
2023-02-14 06:00:00,43295099999,Bengaluru,NOAA,27.4,26.0,,1.0,70.0,
2023-02-14 09:00:00,43295099999,Bengaluru,NOAA,31.0,21.3,,2.6,70.0,
2023-02-14 12:00:00,43295099999,Bengaluru,NOAA,29.6,22.7,,1.5,70.0,
2023-02-14 15:00:00,43295099999,Bengaluru,NOAA,24.0,40.1,,0.0,,
2023-02-14 18:00:00,43295099999,Bengaluru,NOAA,21.6,48.9,,1.0,,
2023-02-14 21:00:00,43295099999,Bengaluru,NOAA,18.8,60.9,,0.0,,
2023-02-15 00:00:00,43295099999,Bengaluru,NOAA,17.4,75.4,,0.0,,
2023-02-15 03:00:00,43295099999,Bengaluru,NOAA,22.0,56.7,,1.5,70.0,
2023-02-15 06:00:00,43295099999,Bengaluru,NOAA,28.6,29.9,,1.5,70.0,
2023-02-15 09:00:00,43295099999,Bengaluru,NOAA,31.6,20.4,,2.6,50.0,
2023-02-15 12:00:00,43295099999,Bengaluru,NOAA,29.4,24.3,,3.1,50.0,
2023-02-15 15:00:00,43295099999,Bengaluru,NOAA,24.4,37.1,,1.5,50.0,
2023-02-15 18:00:00,43295099999,Bengaluru,NOAA,22.0,53.8,,1.5,90.0,
2023-02-15 21:00:00,43295099999,Bengaluru,NOAA,14.2,92.5,,0.0,,
2023-02-16 00:00:00,43295099999,Bengaluru,NOAA,17.4,75.4,,0.0,,
2023-02-16 03:00:00,43295099999,Bengaluru,NOAA,22.6,51.5,,2.1,50.0,
2023-02-16 06:00:00,43295099999,Bengaluru,NOAA,29.4,25.1,,3.1,70.0,
2023-02-16 09:00:00,43295099999,Bengaluru,NOAA,31.0,20.4,,3.1,70.0,
2023-02-16 12:00:00,43295099999,Bengaluru,NOAA,29.6,21.8,,2.6,70.0,
2023-02-16 15:00:00,43295099999,Bengaluru,NOAA,24.6,44.8,,1.5,90.0,
2023-02-16 18:00:00,43295099999,Bengaluru,NOAA,21.6,66.5,,1.5,90.0,
2023-02-16 21:00:00,43295099999,Bengaluru,NOAA,19.8,74.8,,1.5,90.0,
2023-02-17 00:00:00,43295099999,Bengaluru,NOAA,18.2,83.2,,0.0,,
2023-02-17 03:00:00,43295099999,Bengaluru,NOAA,22.0,49.3,,1.5,50.0,
2023-02-17 06:00:00,43295099999,Bengaluru,NOAA,28.0,24.9,,2.6,70.0,
2023-02-17 09:00:00,43295099999,Bengaluru,NOAA,30.0,23.3,,2.1,70.0,
2023-02-17 12:00:00,43295099999,Bengaluru,NOAA,29.4,23.3,,0.0,,
2023-02-17 15:00:00,43295099999,Bengaluru,NOAA,23.4,43.3,,1.5,90.0,
2023-02-17 18:00:00,43295099999,Bengaluru,NOAA,21.4,58.8,,2.1,140.0,
2023-02-17 21:00:00,43295099999,Bengaluru,NOAA,19.8,70.1,,1.5,90.0,
2023-02-18 00:00:00,43295099999,Bengaluru,NOAA,18.8,76.1,,0.0,,
2023-02-18 03:00:00,43295099999,Bengaluru,NOAA,22.2,56.7,,1.5,50.0,
2023-02-18 06:00:00,43295099999,Bengaluru,NOAA,28.2,30.4,,3.1,70.0,
2023-02-18 09:00:00,43295099999,Bengaluru,NOAA,30.8,28.2,,3.1,70.0,
2023-02-18 12:00:00,43295099999,Bengaluru,NOAA,28.2,33.4,,3.1,70.0,
2023-02-18 15:00:00,43295099999,Bengaluru,NOAA,23.8,44.8,,0.0,,
2023-02-18 18:00:00,43295099999,Bengaluru,NOAA,22.0,59.7,,2.1,90.0,
2023-02-18 21:00:00,43295099999,Bengaluru,NOAA,20.0,73.4,,1.0,,
2023-02-19 00:00:00,43295099999,Bengaluru,NOAA,18.6,83.2,,1.0,,
2023-02-19 03:00:00,43295099999,Bengaluru,NOAA,21.6,65.3,,2.6,50.0,
2023-02-19 06:00:00,43295099999,Bengaluru,NOAA,28.6,32.9,,2.6,50.0,
2023-02-19 09:00:00,43295099999,Bengaluru,NOAA,30.4,26.6,,3.1,50.0,
2023-02-19 12:00:00,43295099999,Bengaluru,NOAA,29.2,33.7,,2.6,50.0,
2023-02-19 15:00:00,43295099999,Bengaluru,NOAA,24.6,43.6,,1.5,90.0,
2023-02-19 18:00:00,43295099999,Bengaluru,NOAA,22.0,64.1,,0.0,,
2023-02-19 21:00:00,43295099999,Bengaluru,NOAA,20.0,,,1.5,50.0,
2023-02-20 00:00:00,43295099999,Bengaluru,NOAA,19.2,81.7,,1.5,50.0,
2023-02-20 03:00:00,43295099999,Bengaluru,NOAA,21.0,74.1,,2.1,50.0,
2023-02-20 09:00:00,43295099999,Bengaluru,NOAA,30.4,34.3,,3.1,50.0,
2023-02-20 12:00:00,43295099999,Bengaluru,NOAA,30.0,28.9,,1.0,,
2023-02-20 15:00:00,43295099999,Bengaluru,NOAA,24.0,49.2,,0.0,,
2023-02-20 18:00:00,43295099999,Bengaluru,NOAA,22.2,51.1,,1.5,90.0,
2023-02-20 21:00:00,43295099999,Bengaluru,NOAA,20.4,54.8,,1.5,140.0,
2023-02-21 00:00:00,43295099999,Bengaluru,NOAA,18.8,67.7,,1.0,,
2023-02-21 03:00:00,43295099999,Bengaluru,NOAA,23.0,44.0,,2.1,90.0,
2023-02-21 06:00:00,43295099999,Bengaluru,NOAA,28.4,28.7,,2.6,90.0,
2023-02-21 09:00:00,43295099999,Bengaluru,NOAA,31.0,24.9,,2.6,90.0,
2023-02-21 12:00:00,43295099999,Bengaluru,NOAA,30.0,26.3,,3.1,50.0,
2023-02-21 15:00:00,43295099999,Bengaluru,NOAA,24.2,42.9,,0.0,,
2023-02-21 18:00:00,43295099999,Bengaluru,NOAA,22.4,49.8,,0.0,,
2023-02-21 21:00:00,43295099999,Bengaluru,NOAA,20.6,61.3,,1.0,,
2023-02-22 00:00:00,43295099999,Bengaluru,NOAA,19.0,69.5,,1.0,,
2023-02-22 06:00:00,43295099999,Bengaluru,NOAA,28.8,29.2,,3.1,70.0,
2023-02-22 09:00:00,43295099999,Bengaluru,NOAA,30.6,23.3,,2.1,70.0,
2023-02-22 12:00:00,43295099999,Bengaluru,NOAA,30.0,25.1,,2.1,70.0,
2023-02-22 15:00:00,43295099999,Bengaluru,NOAA,25.4,34.9,,1.0,,
2023-02-22 18:00:00,43295099999,Bengaluru,NOAA,22.0,53.8,,2.1,90.0,
2023-02-22 21:00:00,43295099999,Bengaluru,NOAA,19.0,64.3,,1.0,,
2023-02-23 00:00:00,43295099999,Bengaluru,NOAA,17.6,68.3,,1.5,90.0,
2023-02-23 03:00:00,43295099999,Bengaluru,NOAA,22.2,40.1,,1.0,,
2023-02-23 06:00:00,43295099999,Bengaluru,NOAA,28.2,17.7,,3.1,50.0,
2023-02-23 09:00:00,43295099999,Bengaluru,NOAA,30.8,16.7,,2.6,50.0,
2023-02-23 12:00:00,43295099999,Bengaluru,NOAA,29.4,17.0,,2.1,50.0,
2023-02-23 15:00:00,43295099999,Bengaluru,NOAA,24.0,32.9,,0.0,,
2023-02-23 18:00:00,43295099999,Bengaluru,NOAA,22.0,50.7,,0.0,,
2023-02-23 21:00:00,43295099999,Bengaluru,NOAA,18.8,70.9,,1.0,,
2023-02-24 00:00:00,43295099999,Bengaluru,NOAA,18.8,72.7,,0.0,,
2023-02-24 03:00:00,43295099999,Bengaluru,NOAA,21.8,52.0,,0.0,,
2023-02-24 06:00:00,43295099999,Bengaluru,NOAA,27.6,20.4,,3.1,110.0,
2023-02-24 09:00:00,43295099999,Bengaluru,NOAA,31.8,19.9,,3.1,90.0,
2023-02-24 12:00:00,43295099999,Bengaluru,NOAA,30.4,16.0,,1.0,,
2023-02-24 15:00:00,43295099999,Bengaluru,NOAA,24.8,26.0,,1.5,90.0,
2023-02-24 18:00:00,43295099999,Bengaluru,NOAA,22.2,41.5,,1.5,90.0,
2023-02-24 21:00:00,43295099999,Bengaluru,NOAA,19.8,57.2,,1.0,,
2023-02-25 00:00:00,43295099999,Bengaluru,NOAA,17.0,76.8,,0.0,,
2023-02-25 03:00:00,43295099999,Bengaluru,NOAA,24.0,34.1,,1.5,50.0,
2023-02-25 06:00:00,43295099999,Bengaluru,NOAA,29.0,19.9,,2.6,90.0,
2023-02-25 09:00:00,43295099999,Bengaluru,NOAA,32.0,13.7,,2.6,90.0,
2023-02-25 12:00:00,43295099999,Bengaluru,NOAA,30.2,18.3,,2.6,50.0,
2023-02-25 15:00:00,43295099999,Bengaluru,NOAA,26.0,30.2,,2.1,140.0,
2023-02-25 18:00:00,43295099999,Bengaluru,NOAA,22.4,45.7,,1.5,90.0,
2023-02-25 21:00:00,43295099999,Bengaluru,NOAA,20.4,53.4,,1.5,90.0,
2023-02-26 00:00:00,43295099999,Bengaluru,NOAA,19.0,45.3,,2.6,90.0,
2023-02-26 03:00:00,43295099999,Bengaluru,NOAA,23.0,25.2,,1.5,50.0,
2023-02-26 06:00:00,43295099999,Bengaluru,NOAA,28.0,22.0,,3.1,50.0,
2023-02-26 09:00:00,43295099999,Bengaluru,NOAA,30.8,18.5,,2.6,50.0,
2023-02-26 12:00:00,43295099999,Bengaluru,NOAA,38.6,14.2,,2.1,50.0,
2023-02-26 15:00:00,43295099999,Bengaluru,NOAA,24.6,43.6,,2.1,90.0,
2023-02-26 18:00:00,43295099999,Bengaluru,NOAA,21.8,52.0,,2.6,90.0,
2023-02-26 21:00:00,43295099999,Bengaluru,NOAA,19.0,78.1,,2.1,90.0,
2023-02-27 00:00:00,43295099999,Bengaluru,NOAA,17.0,84.1,,0.0,,
2023-02-27 03:00:00,43295099999,Bengaluru,NOAA,22.0,41.2,,2.1,90.0,
2023-02-27 06:00:00,43295099999,Bengaluru,NOAA,26.8,24.1,,3.1,90.0,
2023-02-27 09:00:00,43295099999,Bengaluru,NOAA,30.0,20.6,,2.6,90.0,
2023-02-27 12:00:00,43295099999,Bengaluru,NOAA,29.6,18.2,,2.1,90.0,
2023-02-27 15:00:00,43295099999,Bengaluru,NOAA,23.6,33.5,,0.0,,
2023-02-27 18:00:00,43295099999,Bengaluru,NOAA,21.0,42.6,,0.0,,
2023-02-27 21:00:00,43295099999,Bengaluru,NOAA,18.0,56.8,,0.0,,
2023-02-28 00:00:00,43295099999,Bengaluru,NOAA,17.6,63.1,,0.0,,
2023-02-28 03:00:00,43295099999,Bengaluru,NOAA,22.6,51.5,,1.5,50.0,
2023-02-28 09:00:00,43295099999,Bengaluru,NOAA,30.0,15.5,,3.1,50.0,
2023-02-28 12:00:00,43295099999,Bengaluru,NOAA,28.2,35.7,,2.1,50.0,
2023-02-28 15:00:00,43295099999,Bengaluru,NOAA,25.0,55.6,,1.5,90.0,
2023-02-28 18:00:00,43295099999,Bengaluru,NOAA,22.2,66.7,,2.6,90.0,
2023-02-28 21:00:00,43295099999,Bengaluru,NOAA,20.6,75.4,,2.1,90.0,
2023-03-01 00:00:00,43295099999,Bengaluru,NOAA,19.8,83.9,,2.6,140.0,
2023-03-01 06:00:00,43295099999,Bengaluru,NOAA,27.6,26.4,,1.5,90.0,
2023-03-01 09:00:00,43295099999,Bengaluru,NOAA,29.8,37.6,,2.1,90.0,
2023-03-01 12:00:00,43295099999,Bengaluru,NOAA,28.0,41.7,,1.5,90.0,
2023-03-01 15:00:00,43295099999,Bengaluru,NOAA,25.0,51.5,,2.1,140.0,
2023-03-01 18:00:00,43295099999,Bengaluru,NOAA,23.0,64.7,,2.6,90.0,
2023-03-01 21:00:00,43295099999,Bengaluru,NOAA,20.0,75.3,,2.6,140.0,
2023-03-02 00:00:00,43295099999,Bengaluru,NOAA,19.0,78.1,,2.6,90.0,
2023-03-02 03:00:00,43295099999,Bengaluru,NOAA,22.4,32.7,,2.1,90.0,
2023-03-02 06:00:00,43295099999,Bengaluru,NOAA,27.4,19.1,,3.1,50.0,
2023-03-02 09:00:00,43295099999,Bengaluru,NOAA,29.0,21.8,,2.6,50.0,
2023-03-02 12:00:00,43295099999,Bengaluru,NOAA,28.2,27.3,,2.1,90.0,
2023-03-02 15:00:00,43295099999,Bengaluru,NOAA,24.0,41.4,,2.1,140.0,
2023-03-02 18:00:00,43295099999,Bengaluru,NOAA,21.2,35.9,,2.1,140.0,
2023-03-02 21:00:00,43295099999,Bengaluru,NOAA,18.2,50.3,,2.1,140.0,
2023-03-03 09:00:00,43295099999,Bengaluru,NOAA,30.8,20.1,,2.1,50.0,
2023-03-03 12:00:00,43295099999,Bengaluru,NOAA,28.8,25.3,,1.0,90.0,
2023-03-03 15:00:00,43295099999,Bengaluru,NOAA,24.6,36.1,,2.6,70.0,
2023-03-03 18:00:00,43295099999,Bengaluru,NOAA,22.0,44.0,,2.6,140.0,
2023-03-03 21:00:00,43295099999,Bengaluru,NOAA,19.8,44.9,,2.1,90.0,
2023-03-04 00:00:00,43295099999,Bengaluru,NOAA,18.6,40.2,,1.5,50.0,
2023-03-04 03:00:00,43295099999,Bengaluru,NOAA,22.0,32.1,,1.0,50.0,
2023-03-04 06:00:00,43295099999,Bengaluru,NOAA,29.4,17.9,,3.1,50.0,
2023-03-04 09:00:00,43295099999,Bengaluru,NOAA,32.0,9.5,,3.1,50.0,
2023-03-04 12:00:00,43295099999,Bengaluru,NOAA,29.4,16.0,,3.1,50.0,
2023-03-04 15:00:00,43295099999,Bengaluru,NOAA,25.0,36.7,,2.6,70.0,
2023-03-04 18:00:00,43295099999,Bengaluru,NOAA,23.0,50.6,,2.1,50.0,
2023-03-05 00:00:00,43295099999,Bengaluru,NOAA,19.4,46.1,,1.5,50.0,
2023-03-05 03:00:00,43295099999,Bengaluru,NOAA,23.6,28.5,,0.0,,
2023-03-05 06:00:00,43295099999,Bengaluru,NOAA,29.8,19.4,,2.6,50.0,
2023-03-05 09:00:00,43295099999,Bengaluru,NOAA,31.6,22.2,,2.6,50.0,
2023-03-05 12:00:00,43295099999,Bengaluru,NOAA,29.2,25.9,,2.1,50.0,
2023-03-05 15:00:00,43295099999,Bengaluru,NOAA,25.6,41.1,,2.6,140.0,
2023-03-05 18:00:00,43295099999,Bengaluru,NOAA,23.0,48.0,,4.6,90.0,
2023-03-05 21:00:00,43295099999,Bengaluru,NOAA,19.0,66.0,,1.5,50.0,
2023-03-06 00:00:00,43295099999,Bengaluru,NOAA,18.6,69.0,,0.0,,
2023-03-06 03:00:00,43295099999,Bengaluru,NOAA,24.0,35.2,,0.0,,
2023-03-06 06:00:00,43295099999,Bengaluru,NOAA,29.4,25.1,,3.1,90.0,
2023-03-06 09:00:00,43295099999,Bengaluru,NOAA,31.4,21.8,,1.5,90.0,
2023-03-06 12:00:00,43295099999,Bengaluru,NOAA,29.4,26.2,,1.0,,
2023-03-06 15:00:00,43295099999,Bengaluru,NOAA,24.8,36.4,,2.1,140.0,
2023-03-06 18:00:00,43295099999,Bengaluru,NOAA,22.6,51.5,,1.0,,
2023-03-06 21:00:00,43295099999,Bengaluru,NOAA,20.4,62.5,,0.0,,
2023-03-07 00:00:00,43295099999,Bengaluru,NOAA,17.4,73.4,,0.0,,
2023-03-07 03:00:00,43295099999,Bengaluru,NOAA,23.4,49.7,,0.0,,
2023-03-07 06:00:00,43295099999,Bengaluru,NOAA,29.4,20.6,,2.6,50.0,
2023-03-07 09:00:00,43295099999,Bengaluru,NOAA,30.8,17.6,,3.1,50.0,
2023-03-07 15:00:00,43295099999,Bengaluru,NOAA,25.2,33.5,,2.6,90.0,
2023-03-07 18:00:00,43295099999,Bengaluru,NOAA,22.6,52.9,,2.1,50.0,
2023-03-07 21:00:00,43295099999,Bengaluru,NOAA,21.0,78.9,,0.0,,
2023-03-08 03:00:00,43295099999,Bengaluru,NOAA,22.2,51.1,,2.1,90.0,
2023-03-08 06:00:00,43295099999,Bengaluru,NOAA,27.6,35.8,,3.1,90.0,
2023-03-08 09:00:00,43295099999,Bengaluru,NOAA,30.0,32.8,,2.1,50.0,
2023-03-08 12:00:00,43295099999,Bengaluru,NOAA,28.4,35.8,,3.1,70.0,
2023-03-08 15:00:00,43295099999,Bengaluru,NOAA,24.6,39.7,,1.5,90.0,
2023-03-08 18:00:00,43295099999,Bengaluru,NOAA,21.8,59.3,,2.6,90.0,
2023-03-08 21:00:00,43295099999,Bengaluru,NOAA,20.0,70.2,,0.0,,
2023-03-09 00:00:00,43295099999,Bengaluru,NOAA,18.6,70.8,,0.0,,
2023-03-09 03:00:00,43295099999,Bengaluru,NOAA,22.0,50.7,,0.0,,
2023-03-09 06:00:00,43295099999,Bengaluru,NOAA,27.8,36.1,,3.1,90.0,
2023-03-09 09:00:00,43295099999,Bengaluru,NOAA,29.2,36.7,,1.5,90.0,
2023-03-09 12:00:00,43295099999,Bengaluru,NOAA,27.4,47.9,,2.1,90.0,
2023-03-09 15:00:00,43295099999,Bengaluru,NOAA,25.6,57.2,,1.5,140.0,
2023-03-09 18:00:00,43295099999,Bengaluru,NOAA,22.6,75.3,,2.6,50.0,
2023-03-09 21:00:00,43295099999,Bengaluru,NOAA,20.2,85.6,,0.0,,
2023-03-10 00:00:00,43295099999,Bengaluru,NOAA,19.2,81.7,,0.0,,
2023-03-10 03:00:00,43295099999,Bengaluru,NOAA,23.0,49.3,,0.0,,
2023-03-10 06:00:00,43295099999,Bengaluru,NOAA,28.0,29.0,,3.1,90.0,
2023-03-10 09:00:00,43295099999,Bengaluru,NOAA,29.8,48.3,,2.6,90.0,
2023-03-10 12:00:00,43295099999,Bengaluru,NOAA,28.0,64.6,,1.5,90.0,
2023-03-10 15:00:00,43295099999,Bengaluru,NOAA,24.4,56.2,,2.1,140.0,
2023-03-10 18:00:00,43295099999,Bengaluru,NOAA,22.0,65.3,,1.5,140.0,
2023-03-10 21:00:00,43295099999,Bengaluru,NOAA,20.0,76.8,,0.0,,
2023-03-11 00:00:00,43295099999,Bengaluru,NOAA,17.8,86.4,,0.0,,
2023-03-11 03:00:00,43295099999,Bengaluru,NOAA,22.6,51.5,,0.0,,
2023-03-11 06:00:00,43295099999,Bengaluru,NOAA,28.6,38.3,,2.1,90.0,
2023-03-11 12:00:00,43295099999,Bengaluru,NOAA,29.0,31.5,,2.6,90.0,
2023-03-11 15:00:00,43295099999,Bengaluru,NOAA,25.4,50.6,,3.1,90.0,
2023-03-11 18:00:00,43295099999,Bengaluru,NOAA,22.8,65.9,,1.5,50.0,
2023-03-11 21:00:00,43295099999,Bengaluru,NOAA,20.0,78.8,,2.1,90.0,
2023-03-12 00:00:00,43295099999,Bengaluru,NOAA,18.0,92.1,,0.0,,
2023-03-12 03:00:00,43295099999,Bengaluru,NOAA,23.0,46.4,,0.0,,
2023-03-12 06:00:00,43295099999,Bengaluru,NOAA,29.0,33.4,,1.0,90.0,
2023-03-12 09:00:00,43295099999,Bengaluru,NOAA,31.8,24.3,,3.1,70.0,
2023-03-12 12:00:00,43295099999,Bengaluru,NOAA,30.0,28.0,,2.6,90.0,
2023-03-12 15:00:00,43295099999,Bengaluru,NOAA,25.8,57.6,,3.1,90.0,
2023-03-12 18:00:00,43295099999,Bengaluru,NOAA,23.2,68.1,,2.6,90.0,
2023-03-12 21:00:00,43295099999,Bengaluru,NOAA,21.2,79.4,,2.1,90.0,
2023-03-13 00:00:00,43295099999,Bengaluru,NOAA,20.0,87.2,,0.0,,
2023-03-13 03:00:00,43295099999,Bengaluru,NOAA,24.0,61.3,,0.0,,
2023-03-13 06:00:00,43295099999,Bengaluru,NOAA,29.2,31.8,,2.1,90.0,
2023-03-13 09:00:00,43295099999,Bengaluru,NOAA,32.4,21.6,,2.1,90.0,
2023-03-13 12:00:00,43295099999,Bengaluru,NOAA,30.0,24.3,,3.1,110.0,
2023-03-13 15:00:00,43295099999,Bengaluru,NOAA,26.4,51.8,,2.6,140.0,
2023-03-13 18:00:00,43295099999,Bengaluru,NOAA,24.0,65.8,,2.1,90.0,
2023-03-13 21:00:00,43295099999,Bengaluru,NOAA,22.0,79.5,,2.6,90.0,
2023-03-14 00:00:00,43295099999,Bengaluru,NOAA,20.0,78.8,,0.0,,
2023-03-14 03:00:00,43295099999,Bengaluru,NOAA,24.8,48.8,,2.1,90.0,
2023-03-14 06:00:00,43295099999,Bengaluru,NOAA,31.0,24.9,,3.1,70.0,
2023-03-14 09:00:00,43295099999,Bengaluru,NOAA,32.2,32.8,,1.0,,
2023-03-14 12:00:00,43295099999,Bengaluru,NOAA,30.8,34.8,,1.0,,
2023-03-14 15:00:00,43295099999,Bengaluru,NOAA,26.8,38.0,,3.1,90.0,
2023-03-14 18:00:00,43295099999,Bengaluru,NOAA,24.6,51.0,,1.5,90.0,
2023-03-14 21:00:00,43295099999,Bengaluru,NOAA,22.0,62.5,,2.6,90.0,
2023-03-15 00:00:00,43295099999,Bengaluru,NOAA,20.4,84.0,,1.5,90.0,
2023-03-15 03:00:00,43295099999,Bengaluru,NOAA,24.2,70.1,,0.0,,
2023-03-15 06:00:00,43295099999,Bengaluru,NOAA,31.0,39.9,,1.0,,
2023-03-15 09:00:00,43295099999,Bengaluru,NOAA,32.6,20.2,,1.0,90.0,
2023-03-15 12:00:00,43295099999,Bengaluru,NOAA,32.0,21.1,,1.0,90.0,
2023-03-15 15:00:00,43295099999,Bengaluru,NOAA,27.0,58.6,,3.1,160.0,
2023-03-15 18:00:00,43295099999,Bengaluru,NOAA,25.0,73.3,,3.1,180.0,
2023-03-15 21:00:00,43295099999,Bengaluru,NOAA,23.0,93.0,,2.1,180.0,
2023-03-16 00:00:00,43295099999,Bengaluru,NOAA,22.4,92.9,,1.5,50.0,
2023-03-16 03:00:00,43295099999,Bengaluru,NOAA,24.4,73.2,,2.6,70.0,
2023-03-16 06:00:00,43295099999,Bengaluru,NOAA,29.0,53.1,,1.0,,
2023-03-16 09:00:00,43295099999,Bengaluru,NOAA,31.2,52.7,,1.0,,
2023-03-16 12:00:00,43295099999,Bengaluru,NOAA,28.0,63.4,,1.0,,
2023-03-16 15:00:00,43295099999,Bengaluru,NOAA,23.2,78.7,,3.1,70.0,0.0
2023-03-16 18:00:00,43295099999,Bengaluru,NOAA,23.6,83.3,,3.1,70.0,0.0
2023-03-16 21:00:00,43295099999,Bengaluru,NOAA,21.0,96.4,,1.0,,3.0
2023-03-17 00:00:00,43295099999,Bengaluru,NOAA,20.2,98.2,,1.0,,3.0
2023-03-17 03:00:00,43295099999,Bengaluru,NOAA,21.6,92.9,,1.0,,3.0
2023-03-17 06:00:00,43295099999,Bengaluru,NOAA,27.0,69.3,,1.0,,
2023-03-17 09:00:00,43295099999,Bengaluru,NOAA,30.6,71.2,,1.0,,
2023-03-17 12:00:00,43295099999,Bengaluru,NOAA,30.4,75.1,,1.0,,
2023-03-17 15:00:00,43295099999,Bengaluru,NOAA,26.2,86.1,1050.3,2.6,180.0,
2023-03-17 18:00:00,43295099999,Bengaluru,NOAA,21.0,96.4,,3.1,50.0,4.0
2023-03-17 21:00:00,43295099999,Bengaluru,NOAA,20.6,96.4,,1.5,50.0,5.0
2023-03-18 00:00:00,43295099999,Bengaluru,NOAA,20.6,96.4,,2.6,140.0,5.0
2023-03-18 03:00:00,43295099999,Bengaluru,NOAA,22.4,87.9,,2.1,90.0,5.0
2023-03-18 06:00:00,43295099999,Bengaluru,NOAA,27.4,61.7,,2.1,70.0,
2023-03-18 09:00:00,43295099999,Bengaluru,NOAA,30.4,47.8,,1.5,70.0,
2023-03-18 12:00:00,43295099999,Bengaluru,NOAA,29.2,52.2,,1.0,,
2023-03-18 15:00:00,43295099999,Bengaluru,NOAA,24.6,65.1,,2.6,180.0,0.1
2023-03-18 18:00:00,43295099999,Bengaluru,NOAA,24.4,71.0,,2.1,180.0,0.1
2023-03-18 21:00:00,43295099999,Bengaluru,NOAA,23.0,75.3,,1.5,50.0,0.1
2023-03-19 00:00:00,43295099999,Bengaluru,NOAA,21.6,86.2,,2.6,90.0,0.1
2023-03-19 03:00:00,43295099999,Bengaluru,NOAA,23.8,68.3,,1.0,,0.1
2023-03-19 06:00:00,43295099999,Bengaluru,NOAA,29.0,40.7,,2.1,230.0,
2023-03-19 09:00:00,43295099999,Bengaluru,NOAA,31.8,30.4,,3.1,230.0,
2023-03-19 12:00:00,43295099999,Bengaluru,NOAA,29.6,34.3,,3.1,230.0,
2023-03-19 15:00:00,43295099999,Bengaluru,NOAA,27.0,48.8,,3.1,180.0,
2023-03-19 18:00:00,43295099999,Bengaluru,NOAA,24.8,55.2,,2.6,200.0,
2023-03-19 21:00:00,43295099999,Bengaluru,NOAA,23.0,64.7,,3.1,230.0,
2023-03-20 00:00:00,43295099999,Bengaluru,NOAA,22.0,68.3,,1.5,230.0,
2023-03-20 03:00:00,43295099999,Bengaluru,NOAA,24.2,77.4,,0.0,,
2023-03-20 06:00:00,43295099999,Bengaluru,NOAA,29.4,44.6,,3.1,270.0,
2023-03-20 09:00:00,43295099999,Bengaluru,NOAA,30.8,32.0,,3.1,230.0,
2023-03-20 12:00:00,43295099999,Bengaluru,NOAA,29.8,33.4,,3.1,230.0,
2023-03-20 15:00:00,43295099999,Bengaluru,NOAA,27.4,32.3,,3.1,140.0,
2023-03-20 18:00:00,43295099999,Bengaluru,NOAA,25.0,40.4,,2.6,140.0,
2023-03-20 21:00:00,43295099999,Bengaluru,NOAA,23.2,52.3,,2.1,140.0,
2023-03-21 00:00:00,43295099999,Bengaluru,NOAA,21.2,67.7,,1.5,140.0,
2023-03-21 03:00:00,43295099999,Bengaluru,NOAA,25.0,60.8,,1.0,,
2023-03-21 06:00:00,43295099999,Bengaluru,NOAA,28.8,34.3,,2.1,290.0,
2023-03-21 09:00:00,43295099999,Bengaluru,NOAA,32.4,35.7,,3.1,290.0,
2023-03-21 12:00:00,43295099999,Bengaluru,NOAA,30.6,23.3,,1.5,320.0,
2023-03-21 15:00:00,43295099999,Bengaluru,NOAA,25.0,45.2,,1.5,50.0,
2023-03-21 18:00:00,43295099999,Bengaluru,NOAA,23.4,40.7,,1.5,140.0,
2023-03-21 21:00:00,43295099999,Bengaluru,NOAA,23.0,69.4,,0.0,,
2023-03-22 00:00:00,43295099999,Bengaluru,NOAA,22.4,86.3,,0.0,,
2023-03-22 03:00:00,43295099999,Bengaluru,NOAA,24.6,61.9,,0.0,,
2023-03-22 06:00:00,43295099999,Bengaluru,NOAA,29.6,39.3,,1.0,,
2023-03-22 09:00:00,43295099999,Bengaluru,NOAA,33.0,33.7,,1.5,160.0,
2023-03-22 12:00:00,43295099999,Bengaluru,NOAA,31.0,36.0,,0.0,,
2023-03-22 15:00:00,43295099999,Bengaluru,NOAA,28.2,50.0,,2.1,50.0,
2023-03-22 18:00:00,43295099999,Bengaluru,NOAA,25.8,57.6,,1.0,,
2023-03-23 00:00:00,43295099999,Bengaluru,NOAA,22.6,70.7,,0.0,,
2023-03-23 03:00:00,43295099999,Bengaluru,NOAA,24.2,71.4,,1.0,,
2023-03-23 06:00:00,43295099999,Bengaluru,NOAA,30.2,43.2,,1.5,270.0,
2023-03-23 09:00:00,43295099999,Bengaluru,NOAA,33.0,33.7,,2.1,270.0,
2023-03-23 12:00:00,43295099999,Bengaluru,NOAA,32.4,30.2,,1.5,270.0,
2023-03-23 15:00:00,43295099999,Bengaluru,NOAA,27.4,46.7,,0.0,,
2023-03-23 18:00:00,43295099999,Bengaluru,NOAA,25.6,71.2,,3.1,140.0,
2023-03-23 21:00:00,43295099999,Bengaluru,NOAA,24.4,71.9,,2.6,160.0,
2023-03-24 00:00:00,43295099999,Bengaluru,NOAA,23.2,75.4,,1.5,140.0,
2023-03-24 03:00:00,43295099999,Bengaluru,NOAA,25.2,87.1,,1.5,230.0,
2023-03-24 06:00:00,43295099999,Bengaluru,NOAA,30.8,51.3,,1.5,270.0,
2023-03-24 09:00:00,43295099999,Bengaluru,NOAA,33.4,34.2,,1.5,230.0,
2023-03-24 12:00:00,43295099999,Bengaluru,NOAA,32.2,36.6,,1.0,230.0,
2023-03-24 15:00:00,43295099999,Bengaluru,NOAA,28.0,52.2,,3.1,140.0,
2023-03-24 18:00:00,43295099999,Bengaluru,NOAA,24.8,64.7,,2.6,140.0,
2023-03-24 21:00:00,43295099999,Bengaluru,NOAA,24.0,70.0,,2.1,140.0,
2023-03-25 00:00:00,43295099999,Bengaluru,NOAA,23.8,70.0,,1.5,140.0,
2023-03-25 03:00:00,43295099999,Bengaluru,NOAA,25.8,67.0,,0.0,,
2023-03-25 06:00:00,43295099999,Bengaluru,NOAA,30.6,50.0,,2.1,230.0,
2023-03-25 09:00:00,43295099999,Bengaluru,NOAA,31.6,40.6,,1.5,250.0,
2023-03-25 12:00:00,43295099999,Bengaluru,NOAA,29.0,48.4,,2.6,90.0,
2023-03-25 15:00:00,43295099999,Bengaluru,NOAA,27.0,58.6,,1.5,140.0,
2023-03-25 18:00:00,43295099999,Bengaluru,NOAA,25.0,70.7,,2.1,180.0,
2023-03-25 21:00:00,43295099999,Bengaluru,NOAA,24.2,70.1,,0.0,,
2023-03-26 00:00:00,43295099999,Bengaluru,NOAA,23.4,74.0,,1.5,180.0,
2023-03-26 06:00:00,43295099999,Bengaluru,NOAA,29.8,43.9,,2.1,230.0,
2023-03-26 09:00:00,43295099999,Bengaluru,NOAA,32.6,36.0,,2.1,230.0,
2023-03-26 12:00:00,43295099999,Bengaluru,NOAA,31.6,35.7,,1.0,230.0,
2023-03-26 15:00:00,43295099999,Bengaluru,NOAA,28.0,54.6,,1.5,110.0,
2023-03-26 18:00:00,43295099999,Bengaluru,NOAA,25.6,64.1,,1.5,140.0,
2023-03-26 21:00:00,43295099999,Bengaluru,NOAA,24.0,77.4,,2.1,230.0,0.2
2023-03-27 00:00:00,43295099999,Bengaluru,NOAA,22.8,81.7,,2.6,230.0,0.2
2023-03-27 03:00:00,43295099999,Bengaluru,NOAA,25.4,57.1,,2.1,230.0,0.2
2023-03-27 09:00:00,43295099999,Bengaluru,NOAA,34.0,16.9,,2.1,270.0,
2023-03-27 12:00:00,43295099999,Bengaluru,NOAA,32.2,13.3,,1.0,270.0,
2023-03-27 15:00:00,43295099999,Bengaluru,NOAA,27.0,40.7,,0.0,,
2023-03-27 18:00:00,43295099999,Bengaluru,NOAA,24.2,49.3,,0.0,,
2023-03-27 21:00:00,43295099999,Bengaluru,NOAA,24.0,62.9,,1.0,,
2023-03-28 00:00:00,43295099999,Bengaluru,NOAA,22.8,67.6,,0.0,,
2023-03-28 03:00:00,43295099999,Bengaluru,NOAA,27.4,37.7,,0.0,,
2023-03-28 06:00:00,43295099999,Bengaluru,NOAA,31.8,22.5,,1.5,270.0,
2023-03-28 09:00:00,43295099999,Bengaluru,NOAA,34.6,20.7,,1.0,,
2023-03-28 12:00:00,43295099999,Bengaluru,NOAA,32.8,24.7,,0.5,,
2023-03-28 15:00:00,43295099999,Bengaluru,NOAA,28.8,45.9,,2.6,110.0,
2023-03-28 18:00:00,43295099999,Bengaluru,NOAA,26.0,64.5,,3.1,110.0,
2023-03-28 21:00:00,43295099999,Bengaluru,NOAA,24.2,77.4,,1.5,230.0,
2023-03-29 00:00:00,43295099999,Bengaluru,NOAA,23.8,80.3,,1.5,230.0,
2023-03-29 03:00:00,43295099999,Bengaluru,NOAA,26.0,70.0,,1.0,,
2023-03-29 06:00:00,43295099999,Bengaluru,NOAA,31.0,46.2,,1.0,230.0,
2023-03-29 09:00:00,43295099999,Bengaluru,NOAA,32.0,38.2,,1.5,140.0,
2023-03-29 12:00:00,43295099999,Bengaluru,NOAA,28.4,46.7,,2.1,230.0,
2023-03-29 15:00:00,43295099999,Bengaluru,NOAA,27.8,45.0,,1.5,230.0,
2023-03-29 18:00:00,43295099999,Bengaluru,NOAA,26.0,65.8,,1.5,140.0,0.0
2023-03-29 21:00:00,43295099999,Bengaluru,NOAA,24.6,73.3,,2.1,230.0,0.0
2023-03-30 00:00:00,43295099999,Bengaluru,NOAA,23.8,75.9,,1.5,140.0,0.0
2023-03-30 03:00:00,43295099999,Bengaluru,NOAA,24.8,63.5,,1.5,230.0,0.0
2023-03-30 06:00:00,43295099999,Bengaluru,NOAA,30.0,39.9,,1.5,290.0,
2023-03-30 09:00:00,43295099999,Bengaluru,NOAA,32.4,31.2,,1.5,270.0,
2023-03-30 12:00:00,43295099999,Bengaluru,NOAA,30.8,36.7,,1.5,270.0,
2023-03-30 18:00:00,43295099999,Bengaluru,NOAA,23.6,71.3,,2.6,140.0,0.0
2023-03-30 21:00:00,43295099999,Bengaluru,NOAA,23.0,67.7,,1.0,,0.0
2023-03-31 00:00:00,43295099999,Bengaluru,NOAA,22.6,70.7,,2.1,140.0,0.0
2023-03-31 03:00:00,43295099999,Bengaluru,NOAA,25.0,72.0,,1.5,270.0,0.0
2023-03-31 06:00:00,43295099999,Bengaluru,NOAA,30.6,47.9,,1.5,250.0,
2023-03-31 09:00:00,43295099999,Bengaluru,NOAA,33.8,27.7,,1.5,250.0,
2023-03-31 12:00:00,43295099999,Bengaluru,NOAA,32.4,,,1.5,270.0,
2023-03-31 15:00:00,43295099999,Bengaluru,NOAA,29.0,46.3,,1.5,320.0,0.0
2023-03-31 18:00:00,43295099999,Bengaluru,NOAA,26.2,60.7,,1.0,,0.0
2023-03-31 21:00:00,43295099999,Bengaluru,NOAA,25.0,67.6,,0.0,,0.0
2023-04-01 00:00:00,43295099999,Bengaluru,NOAA,24.0,67.0,,0.0,,0.0
2023-04-01 03:00:00,43295099999,Bengaluru,NOAA,24.8,67.6,,1.5,250.0,0.0
2023-04-01 06:00:00,43295099999,Bengaluru,NOAA,31.0,41.0,,1.5,250.0,
2023-04-01 09:00:00,43295099999,Bengaluru,NOAA,33.8,30.2,,1.5,250.0,
2023-04-01 12:00:00,43295099999,Bengaluru,NOAA,33.0,30.1,,1.0,,
2023-04-01 15:00:00,43295099999,Bengaluru,NOAA,28.6,55.1,,1.0,,
2023-04-01 18:00:00,43295099999,Bengaluru,NOAA,26.6,59.6,,1.0,,
2023-04-01 21:00:00,43295099999,Bengaluru,NOAA,25.0,65.1,,1.0,,
2023-04-02 00:00:00,43295099999,Bengaluru,NOAA,23.8,71.3,,1.0,,
2023-04-02 03:00:00,43295099999,Bengaluru,NOAA,25.4,69.4,,0.0,,
2023-04-02 06:00:00,43295099999,Bengaluru,NOAA,30.6,40.6,,1.0,250.0,
2023-04-02 09:00:00,43295099999,Bengaluru,NOAA,33.2,30.4,,1.5,270.0,
2023-04-02 12:00:00,43295099999,Bengaluru,NOAA,32.8,28.9,,1.5,250.0,
2023-04-02 15:00:00,43295099999,Bengaluru,NOAA,28.1,56.7,,2.1,230.0,
2023-04-02 18:00:00,43295099999,Bengaluru,NOAA,26.4,65.8,,2.6,140.0,
2023-04-02 21:00:00,43295099999,Bengaluru,NOAA,25.4,68.1,,0.0,,
2023-04-03 00:00:00,43295099999,Bengaluru,NOAA,23.2,78.7,,2.6,180.0,
2023-04-03 03:00:00,43295099999,Bengaluru,NOAA,25.0,66.4,,1.5,230.0,
2023-04-03 06:00:00,43295099999,Bengaluru,NOAA,30.0,46.2,,1.5,250.0,
2023-04-03 09:00:00,43295099999,Bengaluru,NOAA,32.6,36.0,,1.5,250.0,
2023-04-03 12:00:00,43295099999,Bengaluru,NOAA,31.2,39.2,,1.0,,
2023-04-03 15:00:00,43295099999,Bengaluru,NOAA,28.0,63.4,,4.6,90.0,
2023-04-03 18:00:00,43295099999,Bengaluru,NOAA,24.0,90.2,,2.1,140.0,1.0
2023-04-03 21:00:00,43295099999,Bengaluru,NOAA,22.8,73.9,,0.0,,1.0
2023-04-04 00:00:00,43295099999,Bengaluru,NOAA,22.4,75.2,,1.0,,1.0
2023-04-04 09:00:00,43295099999,Bengaluru,NOAA,30.8,45.9,,3.1,230.0,
2023-04-04 12:00:00,43295099999,Bengaluru,NOAA,29.0,49.6,,2.6,230.0,
2023-04-04 15:00:00,43295099999,Bengaluru,NOAA,26.0,68.7,,1.5,180.0,0.0
2023-04-04 18:00:00,43295099999,Bengaluru,NOAA,24.8,74.7,,0.0,,0.0
2023-04-04 21:00:00,43295099999,Bengaluru,NOAA,23.6,80.3,,0.0,,0.0
2023-04-05 00:00:00,43295099999,Bengaluru,NOAA,23.6,75.0,,0.0,,0.0
2023-04-05 03:00:00,43295099999,Bengaluru,NOAA,26.2,67.0,,0.0,,0.0
2023-04-05 06:00:00,43295099999,Bengaluru,NOAA,32.0,46.2,,1.0,,
2023-04-05 15:00:00,43295099999,Bengaluru,NOAA,28.2,52.3,,1.5,180.0,
2023-04-05 18:00:00,43295099999,Bengaluru,NOAA,25.4,59.7,,1.0,,
2023-04-05 21:00:00,43295099999,Bengaluru,NOAA,25.0,66.4,,1.0,,
2023-04-06 00:00:00,43295099999,Bengaluru,NOAA,23.2,78.7,,1.0,,
2023-04-06 03:00:00,43295099999,Bengaluru,NOAA,25.6,75.3,,1.0,270.0,
2023-04-06 06:00:00,43295099999,Bengaluru,NOAA,30.6,45.8,,1.5,230.0,
2023-04-06 09:00:00,43295099999,Bengaluru,NOAA,33.2,35.7,,1.5,110.0,
2023-04-06 12:00:00,43295099999,Bengaluru,NOAA,30.4,43.5,,2.6,140.0,0.0
2023-04-06 15:00:00,43295099999,Bengaluru,NOAA,28.0,54.6,,0.0,,0.0
2023-04-06 18:00:00,43295099999,Bengaluru,NOAA,26.2,60.7,,3.1,140.0,0.0
2023-04-06 21:00:00,43295099999,Bengaluru,NOAA,24.2,71.4,,1.0,,0.0
2023-04-07 00:00:00,43295099999,Bengaluru,NOAA,22.8,86.3,,1.5,180.0,0.0
2023-04-07 03:00:00,43295099999,Bengaluru,NOAA,25.6,72.5,,1.0,140.0,0.0
2023-04-07 06:00:00,43295099999,Bengaluru,NOAA,30.4,33.4,,2.1,90.0,
2023-04-07 09:00:00,43295099999,Bengaluru,NOAA,32.0,32.5,,2.6,140.0,
2023-04-07 12:00:00,43295099999,Bengaluru,NOAA,30.0,39.9,,2.1,110.0,
2023-04-07 15:00:00,43295099999,Bengaluru,NOAA,27.0,51.3,,1.0,,
2023-04-07 18:00:00,43295099999,Bengaluru,NOAA,25.0,59.6,,1.0,,
2023-04-07 21:00:00,43295099999,Bengaluru,NOAA,23.2,68.1,,1.0,360.0,
2023-04-08 00:00:00,43295099999,Bengaluru,NOAA,22.0,74.7,,1.0,,
2023-04-08 03:00:00,43295099999,Bengaluru,NOAA,26.8,62.3,,1.5,90.0,
2023-04-08 06:00:00,43295099999,Bengaluru,NOAA,31.4,28.0,,1.5,90.0,
2023-04-08 09:00:00,43295099999,Bengaluru,NOAA,33.0,19.2,,2.1,90.0,
2023-04-08 12:00:00,43295099999,Bengaluru,NOAA,30.4,23.9,,2.6,90.0,
2023-04-08 15:00:00,43295099999,Bengaluru,NOAA,27.2,43.2,,1.5,230.0,
2023-04-08 18:00:00,43295099999,Bengaluru,NOAA,25.0,59.6,,2.6,180.0,
2023-04-08 21:00:00,43295099999,Bengaluru,NOAA,22.6,73.4,,2.6,140.0,
2023-04-09 00:00:00,43295099999,Bengaluru,NOAA,21.2,82.5,,1.0,,
2023-04-09 03:00:00,43295099999,Bengaluru,NOAA,25.6,62.9,,1.0,,
2023-04-09 06:00:00,43295099999,Bengaluru,NOAA,30.2,32.0,,1.5,90.0,
2023-04-09 09:00:00,43295099999,Bengaluru,NOAA,34.0,18.3,,2.6,90.0,
2023-04-09 12:00:00,43295099999,Bengaluru,NOAA,31.0,23.7,,2.6,90.0,
2023-04-09 15:00:00,43295099999,Bengaluru,NOAA,27.0,47.5,,2.1,90.0,
2023-04-09 18:00:00,43295099999,Bengaluru,NOAA,25.0,65.1,,3.1,90.0,
2023-04-09 21:00:00,43295099999,Bengaluru,NOAA,23.2,75.4,,1.5,90.0,
2023-04-10 00:00:00,43295099999,Bengaluru,NOAA,21.8,86.3,,0.0,,
2023-04-10 03:00:00,43295099999,Bengaluru,NOAA,26.0,59.1,,2.1,90.0,
2023-04-10 06:00:00,43295099999,Bengaluru,NOAA,31.6,23.9,,2.1,110.0,
2023-04-10 09:00:00,43295099999,Bengaluru,NOAA,32.6,31.4,,2.1,90.0,
2023-04-10 12:00:00,43295099999,Bengaluru,NOAA,31.0,36.0,,2.1,90.0,
2023-04-10 15:00:00,43295099999,Bengaluru,NOAA,26.6,53.2,,1.5,90.0,
2023-04-10 18:00:00,43295099999,Bengaluru,NOAA,25.0,58.1,,1.0,,
2023-04-11 03:00:00,43295099999,Bengaluru,NOAA,27.2,55.1,,0.0,,
2023-04-11 06:00:00,43295099999,Bengaluru,NOAA,32.0,20.2,,0.0,,
2023-04-11 09:00:00,43295099999,Bengaluru,NOAA,35.0,14.7,,2.1,110.0,
2023-04-11 18:00:00,43295099999,Bengaluru,NOAA,25.6,48.4,,2.6,140.0,
2023-04-11 21:00:00,43295099999,Bengaluru,NOAA,23.4,60.8,,1.5,110.0,
2023-04-12 00:00:00,43295099999,Bengaluru,NOAA,22.4,67.1,,1.0,,
2023-04-12 03:00:00,43295099999,Bengaluru,NOAA,28.0,38.6,,0.0,,
2023-04-12 06:00:00,43295099999,Bengaluru,NOAA,33.0,21.6,,0.0,,
2023-04-12 09:00:00,43295099999,Bengaluru,NOAA,35.0,14.7,,1.5,90.0,
2023-04-12 12:00:00,43295099999,Bengaluru,NOAA,32.6,10.4,,1.5,90.0,
2023-04-12 15:00:00,43295099999,Bengaluru,NOAA,29.0,37.6,,1.5,180.0,
2023-04-12 18:00:00,43295099999,Bengaluru,NOAA,25.2,49.2,,1.0,,
2023-04-12 21:00:00,43295099999,Bengaluru,NOAA,,,,11.3,20.0,
2023-04-13 00:00:00,43295099999,Bengaluru,NOAA,,,,3.1,20.0,
2023-04-13 03:00:00,43295099999,Bengaluru,NOAA,28.2,47.5,,0.0,,
2023-04-13 06:00:00,43295099999,Bengaluru,NOAA,33.2,18.8,,4.1,90.0,
2023-04-13 09:00:00,43295099999,Bengaluru,NOAA,36.0,16.1,,4.1,90.0,
2023-04-13 12:00:00,43295099999,Bengaluru,NOAA,33.2,19.6,,4.1,90.0,
2023-04-13 15:00:00,43295099999,Bengaluru,NOAA,29.0,28.5,,1.5,90.0,
2023-04-13 18:00:00,43295099999,Bengaluru,NOAA,26.0,42.8,,1.0,,
2023-04-13 21:00:00,43295099999,Bengaluru,NOAA,24.0,48.3,,0.0,,
2023-04-14 00:00:00,43295099999,Bengaluru,NOAA,22.0,59.7,,0.0,,
2023-04-14 03:00:00,43295099999,Bengaluru,NOAA,27.0,55.0,,1.0,,
2023-04-14 06:00:00,43295099999,Bengaluru,NOAA,33.0,30.1,,1.0,,
2023-04-14 09:00:00,43295099999,Bengaluru,NOAA,35.0,19.7,,1.0,,
2023-04-14 12:00:00,43295099999,Bengaluru,NOAA,33.2,18.0,,1.0,,
2023-04-14 15:00:00,43295099999,Bengaluru,NOAA,28.8,35.2,,1.5,140.0,
2023-04-14 18:00:00,43295099999,Bengaluru,NOAA,25.8,42.5,,0.0,,
2023-04-15 00:00:00,43295099999,Bengaluru,NOAA,23.2,65.2,,0.0,,
2023-04-15 03:00:00,43295099999,Bengaluru,NOAA,26.4,63.4,,3.1,290.0,
2023-04-15 06:00:00,43295099999,Bengaluru,NOAA,32.0,20.2,,2.1,320.0,
2023-04-15 09:00:00,43295099999,Bengaluru,NOAA,34.0,21.4,,0.0,,
2023-04-15 12:00:00,43295099999,Bengaluru,NOAA,31.4,25.3,,2.1,110.0,
2023-04-15 15:00:00,43295099999,Bengaluru,NOAA,27.8,36.1,,1.5,140.0,
2023-04-15 18:00:00,43295099999,Bengaluru,NOAA,24.8,45.1,,0.0,,
2023-04-16 00:00:00,43295099999,Bengaluru,NOAA,20.4,65.8,,1.0,,
2023-04-16 03:00:00,43295099999,Bengaluru,NOAA,28.0,44.0,,1.5,180.0,
2023-04-16 06:00:00,43295099999,Bengaluru,NOAA,33.8,18.0,,0.0,,
2023-04-16 09:00:00,43295099999,Bengaluru,NOAA,35.6,18.3,,3.1,140.0,
2023-04-16 12:00:00,43295099999,Bengaluru,NOAA,33.2,19.6,,2.1,180.0,
2023-04-16 15:00:00,43295099999,Bengaluru,NOAA,28.0,32.1,,1.5,90.0,
2023-04-16 18:00:00,43295099999,Bengaluru,NOAA,25.4,47.1,,1.0,90.0,
2023-04-16 21:00:00,43295099999,Bengaluru,NOAA,23.6,56.7,,0.0,,
2023-04-17 00:00:00,43295099999,Bengaluru,NOAA,21.4,68.2,,0.0,,
2023-04-17 03:00:00,43295099999,Bengaluru,NOAA,25.6,69.5,,2.6,180.0,
2023-04-17 06:00:00,43295099999,Bengaluru,NOAA,32.2,30.9,,1.5,90.0,
2023-04-17 09:00:00,43295099999,Bengaluru,NOAA,34.2,24.1,,1.5,90.0,
2023-04-17 12:00:00,43295099999,Bengaluru,NOAA,32.4,22.5,,0.0,,
2023-04-17 15:00:00,43295099999,Bengaluru,NOAA,28.0,24.9,,1.0,90.0,
2023-04-17 18:00:00,43295099999,Bengaluru,NOAA,25.4,40.7,,1.0,140.0,
2023-04-17 21:00:00,43295099999,Bengaluru,NOAA,23.0,50.6,,0.0,,
2023-04-18 00:00:00,43295099999,Bengaluru,NOAA,21.4,63.5,,0.0,,
2023-04-18 03:00:00,43295099999,Bengaluru,NOAA,28.8,38.3,,1.0,,
2023-04-18 06:00:00,43295099999,Bengaluru,NOAA,32.4,34.8,,1.0,,
2023-04-18 12:00:00,43295099999,Bengaluru,NOAA,33.4,23.9,,2.1,110.0,
2023-04-18 15:00:00,43295099999,Bengaluru,NOAA,29.0,38.6,,1.5,140.0,
2023-04-18 18:00:00,43295099999,Bengaluru,NOAA,27.0,46.3,,2.1,180.0,
2023-04-19 00:00:00,43295099999,Bengaluru,NOAA,23.0,69.4,,0.0,,
2023-04-19 03:00:00,43295099999,Bengaluru,NOAA,28.2,57.1,,1.0,200.0,
2023-04-19 06:00:00,43295099999,Bengaluru,NOAA,32.2,43.2,,1.0,140.0,
2023-04-19 09:00:00,43295099999,Bengaluru,NOAA,35.6,22.0,,1.0,140.0,
2023-04-19 12:00:00,43295099999,Bengaluru,NOAA,33.2,24.5,,1.0,90.0,
2023-04-19 15:00:00,43295099999,Bengaluru,NOAA,28.6,40.3,,0.0,,
2023-04-19 18:00:00,43295099999,Bengaluru,NOAA,27.0,45.1,,0.0,,
2023-04-20 00:00:00,43295099999,Bengaluru,NOAA,24.4,80.9,,0.0,,
2023-04-20 03:00:00,43295099999,Bengaluru,NOAA,26.4,68.8,,0.0,,
2023-04-20 06:00:00,43295099999,Bengaluru,NOAA,32.2,49.5,,1.0,90.0,
2023-04-20 09:00:00,43295099999,Bengaluru,NOAA,35.2,31.9,,2.1,180.0,
2023-04-20 12:00:00,43295099999,Bengaluru,NOAA,34.0,31.4,,1.5,230.0,
2023-04-20 15:00:00,43295099999,Bengaluru,NOAA,29.8,37.6,,0.0,,
2023-04-20 18:00:00,43295099999,Bengaluru,NOAA,28.4,45.5,,1.0,200.0,
2023-04-21 00:00:00,43295099999,Bengaluru,NOAA,24.2,80.8,,0.0,,
2023-04-21 03:00:00,43295099999,Bengaluru,NOAA,26.0,74.0,,1.5,180.0,
2023-04-21 06:00:00,43295099999,Bengaluru,NOAA,30.2,54.1,,1.5,180.0,
2023-04-21 09:00:00,43295099999,Bengaluru,NOAA,33.6,38.9,,1.5,180.0,
2023-04-21 12:00:00,43295099999,Bengaluru,NOAA,28.0,49.6,,2.1,180.0,
2023-04-21 15:00:00,43295099999,Bengaluru,NOAA,24.6,79.4,,0.0,,
2023-04-21 18:00:00,43295099999,Bengaluru,NOAA,23.2,81.7,,2.1,90.0,7.0
2023-04-21 21:00:00,43295099999,Bengaluru,NOAA,22.8,84.8,,1.5,230.0,7.0
2023-04-22 00:00:00,43295099999,Bengaluru,NOAA,23.4,71.3,,1.0,,7.0
2023-04-22 03:00:00,43295099999,Bengaluru,NOAA,25.0,71.1,,0.0,,7.0
2023-04-22 09:00:00,43295099999,Bengaluru,NOAA,34.0,35.7,,2.1,140.0,
2023-04-22 12:00:00,43295099999,Bengaluru,NOAA,31.0,44.2,,1.0,,
2023-04-22 15:00:00,43295099999,Bengaluru,NOAA,27.2,53.7,,2.6,230.0,
2023-04-22 18:00:00,43295099999,Bengaluru,NOAA,26.6,60.8,,1.5,180.0,
2023-04-22 21:00:00,43295099999,Bengaluru,NOAA,26.2,63.4,,1.5,180.0,
2023-04-23 03:00:00,43295099999,Bengaluru,NOAA,27.0,64.0,,1.0,,
2023-04-23 06:00:00,43295099999,Bengaluru,NOAA,32.4,37.6,,2.1,270.0,
2023-04-23 09:00:00,43295099999,Bengaluru,NOAA,33.8,27.7,,1.0,,
2023-04-23 12:00:00,43295099999,Bengaluru,NOAA,32.6,31.6,,1.0,,
2023-04-23 15:00:00,43295099999,Bengaluru,NOAA,28.2,59.6,,0.0,,
2023-04-23 18:00:00,43295099999,Bengaluru,NOAA,26.6,68.8,,1.5,180.0,
2023-04-23 21:00:00,43295099999,Bengaluru,NOAA,24.0,83.9,,0.0,,
2023-04-24 00:00:00,43295099999,Bengaluru,NOAA,23.2,84.8,,0.0,,
2023-04-24 03:00:00,43295099999,Bengaluru,NOAA,26.8,63.5,,1.0,,
2023-04-24 09:00:00,43295099999,Bengaluru,NOAA,32.2,43.2,,1.5,90.0,
2023-04-24 12:00:00,43295099999,Bengaluru,NOAA,32.2,38.3,,1.5,180.0,
2023-04-24 15:00:00,43295099999,Bengaluru,NOAA,27.6,64.1,,3.1,90.0,
2023-04-24 18:00:00,43295099999,Bengaluru,NOAA,26.0,76.7,,2.1,90.0,
2023-04-25 00:00:00,43295099999,Bengaluru,NOAA,23.8,88.6,,2.6,90.0,
2023-04-25 03:00:00,43295099999,Bengaluru,NOAA,26.0,74.0,,1.5,140.0,
2023-04-25 12:00:00,43295099999,Bengaluru,NOAA,30.4,39.3,,2.1,90.0,
2023-04-25 15:00:00,43295099999,Bengaluru,NOAA,27.4,59.1,,1.5,140.0,
2023-04-25 18:00:00,43295099999,Bengaluru,NOAA,26.4,64.6,,2.1,140.0,
2023-04-25 21:00:00,43295099999,Bengaluru,NOAA,25.0,78.0,,3.1,140.0,
2023-04-26 00:00:00,43295099999,Bengaluru,NOAA,24.2,80.8,,2.1,230.0,
2023-04-26 03:00:00,43295099999,Bengaluru,NOAA,25.4,75.2,,2.1,180.0,
2023-04-26 06:00:00,43295099999,Bengaluru,NOAA,30.0,48.3,,1.0,320.0,
2023-04-26 09:00:00,43295099999,Bengaluru,NOAA,32.4,33.9,,1.5,270.0,
2023-04-26 12:00:00,43295099999,Bengaluru,NOAA,30.6,35.5,,2.1,90.0,
2023-04-26 18:00:00,43295099999,Bengaluru,NOAA,26.6,62.3,,3.1,140.0,
2023-04-26 21:00:00,43295099999,Bengaluru,NOAA,24.8,74.7,,2.1,140.0,
2023-04-27 00:00:00,43295099999,Bengaluru,NOAA,24.6,78.0,,1.5,140.0,
2023-04-27 03:00:00,43295099999,Bengaluru,NOAA,25.8,73.9,,2.1,90.0,
2023-04-27 06:00:00,43295099999,Bengaluru,NOAA,30.0,49.5,,1.5,110.0,
2023-04-27 09:00:00,43295099999,Bengaluru,NOAA,32.8,33.4,,1.0,90.0,
2023-04-27 12:00:00,43295099999,Bengaluru,NOAA,31.0,36.0,,1.5,90.0,
2023-04-27 15:00:00,43295099999,Bengaluru,NOAA,27.8,49.6,,2.1,140.0,
2023-04-27 18:00:00,43295099999,Bengaluru,NOAA,25.8,69.9,,2.1,180.0,
2023-04-27 21:00:00,43295099999,Bengaluru,NOAA,24.0,77.4,,1.5,140.0,
2023-04-28 00:00:00,43295099999,Bengaluru,NOAA,22.8,84.8,,0.0,,
2023-04-28 03:00:00,43295099999,Bengaluru,NOAA,25.6,68.2,,1.5,90.0,
2023-04-28 06:00:00,43295099999,Bengaluru,NOAA,31.6,43.5,,1.5,160.0,
2023-04-28 09:00:00,43295099999,Bengaluru,NOAA,33.2,41.3,,1.5,290.0,
2023-04-28 12:00:00,43295099999,Bengaluru,NOAA,31.4,45.4,,2.1,140.0,
2023-04-28 15:00:00,43295099999,Bengaluru,NOAA,28.6,44.7,,2.1,140.0,
2023-04-28 18:00:00,43295099999,Bengaluru,NOAA,26.8,62.3,,2.6,90.0,
2023-04-28 21:00:00,43295099999,Bengaluru,NOAA,25.6,71.2,,2.1,140.0,
2023-04-29 00:00:00,43295099999,Bengaluru,NOAA,25.0,82.4,,1.5,90.0,
2023-04-29 03:00:00,43295099999,Bengaluru,NOAA,25.6,73.9,,1.0,90.0,
2023-04-29 06:00:00,43295099999,Bengaluru,NOAA,29.6,50.4,,1.0,90.0,
2023-04-29 09:00:00,43295099999,Bengaluru,NOAA,25.2,92.0,,2.1,90.0,20.0
2023-04-29 12:00:00,43295099999,Bengaluru,NOAA,27.4,72.0,,1.5,50.0,20.0
2023-04-29 15:00:00,43295099999,Bengaluru,NOAA,24.4,80.9,,2.6,90.0,20.0
2023-04-29 18:00:00,43295099999,Bengaluru,NOAA,23.6,81.8,,1.5,270.0,20.0
2023-04-29 21:00:00,43295099999,Bengaluru,NOAA,23.4,81.7,,0.0,,20.0
2023-04-30 00:00:00,43295099999,Bengaluru,NOAA,23.0,84.8,,0.0,,20.0
2023-04-30 03:00:00,43295099999,Bengaluru,NOAA,25.6,69.5,,1.0,,20.0
2023-04-30 06:00:00,43295099999,Bengaluru,NOAA,28.4,59.7,,1.0,,
2023-04-30 09:00:00,43295099999,Bengaluru,NOAA,30.8,39.9,,2.1,90.0,
2023-04-30 12:00:00,43295099999,Bengaluru,NOAA,29.4,42.4,,0.0,,
2023-04-30 15:00:00,43295099999,Bengaluru,NOAA,26.0,68.7,,4.6,140.0,0.0
2023-04-30 18:00:00,43295099999,Bengaluru,NOAA,24.0,88.6,,3.1,230.0,3.0
2023-04-30 21:00:00,43295099999,Bengaluru,NOAA,23.0,93.0,,0.0,,25.0
2023-05-01 00:00:00,43295099999,Bengaluru,NOAA,22.4,92.9,,1.5,140.0,26.0
2023-05-01 03:00:00,43295099999,Bengaluru,NOAA,23.4,84.8,,0.0,,26.0
2023-05-01 06:00:00,43295099999,Bengaluru,NOAA,28.4,50.1,,2.1,270.0,
2023-05-01 09:00:00,43295099999,Bengaluru,NOAA,29.6,52.6,,0.0,,
2023-05-01 15:00:00,43295099999,Bengaluru,NOAA,23.0,86.4,,1.0,140.0,25.0
2023-05-01 18:00:00,43295099999,Bengaluru,NOAA,22.8,88.0,,2.6,140.0,25.0
2023-05-01 21:00:00,43295099999,Bengaluru,NOAA,22.2,89.6,,0.0,,27.0
2023-05-02 00:00:00,43295099999,Bengaluru,NOAA,21.4,91.2,,0.0,,27.0
2023-05-02 03:00:00,43295099999,Bengaluru,NOAA,23.0,86.4,,1.0,,27.0
2023-05-02 06:00:00,43295099999,Bengaluru,NOAA,25.0,76.6,,2.1,270.0,
2023-05-02 09:00:00,43295099999,Bengaluru,NOAA,29.0,56.6,,0.0,,
2023-05-02 12:00:00,43295099999,Bengaluru,NOAA,28.6,58.3,,1.5,270.0,
2023-05-02 18:00:00,43295099999,Bengaluru,NOAA,24.6,82.4,,2.6,110.0,
2023-05-03 00:00:00,43295099999,Bengaluru,NOAA,22.4,87.9,,1.5,270.0,0.0
2023-05-03 03:00:00,43295099999,Bengaluru,NOAA,22.0,92.9,,1.5,270.0,0.8
2023-05-03 06:00:00,43295099999,Bengaluru,NOAA,24.8,82.4,,2.1,180.0,0.0
2023-05-03 09:00:00,43295099999,Bengaluru,NOAA,28.0,61.8,,0.0,,0.0
2023-05-03 12:00:00,43295099999,Bengaluru,NOAA,26.0,81.6,,0.0,,2.0
2023-05-03 18:00:00,43295099999,Bengaluru,NOAA,23.0,86.4,,2.1,90.0,8.0
2023-05-04 00:00:00,43295099999,Bengaluru,NOAA,21.8,76.1,,0.0,,12.0
2023-05-04 03:00:00,43295099999,Bengaluru,NOAA,23.4,88.0,,0.0,,14.0
2023-05-04 06:00:00,43295099999,Bengaluru,NOAA,26.0,75.3,,1.0,270.0,
2023-05-04 09:00:00,43295099999,Bengaluru,NOAA,30.0,48.3,,1.0,270.0,
2023-05-04 18:00:00,43295099999,Bengaluru,NOAA,21.4,48.8,,2.6,90.0,39.0
2023-05-05 00:00:00,43295099999,Bengaluru,NOAA,21.6,96.4,,2.6,230.0,40.0
2023-05-05 03:00:00,43295099999,Bengaluru,NOAA,22.6,91.2,,1.5,270.0,40.0
2023-05-05 06:00:00,43295099999,Bengaluru,NOAA,26.4,61.9,,1.5,270.0,
2023-05-05 09:00:00,43295099999,Bengaluru,NOAA,27.8,55.6,,2.1,230.0,
2023-05-05 12:00:00,43295099999,Bengaluru,NOAA,27.4,55.1,,2.6,230.0,
2023-05-05 18:00:00,43295099999,Bengaluru,NOAA,23.4,84.8,,1.0,90.0,0.0
2023-05-06 00:00:00,43295099999,Bengaluru,NOAA,22.4,84.7,,2.1,230.0,0.0
2023-05-06 06:00:00,43295099999,Bengaluru,NOAA,27.4,62.9,,2.1,270.0,
2023-05-06 09:00:00,43295099999,Bengaluru,NOAA,27.4,72.0,,2.1,180.0,0.0
2023-05-06 12:00:00,43295099999,Bengaluru,NOAA,24.0,91.9,,2.1,90.0,1.0
2023-05-06 15:00:00,43295099999,Bengaluru,NOAA,24.0,85.4,,2.1,90.0,1.0
2023-05-06 18:00:00,43295099999,Bengaluru,NOAA,22.6,87.9,,2.1,160.0,3.0
2023-05-07 00:00:00,43295099999,Bengaluru,NOAA,21.4,87.8,,2.6,270.0,3.0
2023-05-07 03:00:00,43295099999,Bengaluru,NOAA,22.2,94.6,,2.6,230.0,3.0
2023-05-07 06:00:00,43295099999,Bengaluru,NOAA,25.0,82.4,,1.5,290.0,1.0
2023-05-07 09:00:00,43295099999,Bengaluru,NOAA,27.8,65.7,,1.0,250.0,1.0
2023-05-07 12:00:00,43295099999,Bengaluru,NOAA,26.2,64.6,,2.1,270.0,1.0
2023-05-07 15:00:00,43295099999,Bengaluru,NOAA,24.4,77.4,,0.0,,1.0
2023-05-07 18:00:00,43295099999,Bengaluru,NOAA,23.4,84.8,,1.0,,1.0
2023-05-08 00:00:00,43295099999,Bengaluru,NOAA,21.4,91.2,,1.0,,6.0
2023-05-08 03:00:00,43295099999,Bengaluru,NOAA,24.4,87.0,,1.0,290.0,6.0
2023-05-08 06:00:00,43295099999,Bengaluru,NOAA,26.6,71.8,,1.0,290.0,
2023-05-08 09:00:00,43295099999,Bengaluru,NOAA,29.0,61.7,,0.0,,
2023-05-08 12:00:00,43295099999,Bengaluru,NOAA,23.2,89.6,,2.1,270.0,5.0
2023-05-08 18:00:00,43295099999,Bengaluru,NOAA,23.0,93.0,,0.0,,5.0
2023-05-09 00:00:00,43295099999,Bengaluru,NOAA,21.4,94.6,,0.0,,5.0
2023-05-09 03:00:00,43295099999,Bengaluru,NOAA,25.4,76.7,,0.0,,5.0
2023-05-09 06:00:00,43295099999,Bengaluru,NOAA,28.4,66.3,,1.5,270.0,
2023-05-09 09:00:00,43295099999,Bengaluru,NOAA,31.4,49.6,,1.5,70.0,
2023-05-09 12:00:00,43295099999,Bengaluru,NOAA,28.0,65.8,,2.1,110.0,0.6
2023-05-09 15:00:00,43295099999,Bengaluru,NOAA,25.2,82.5,,0.0,,0.6
2023-05-09 18:00:00,43295099999,Bengaluru,NOAA,24.6,88.6,,1.0,270.0,0.6
2023-05-10 00:00:00,43295099999,Bengaluru,NOAA,22.8,93.0,,1.0,270.0,0.6
2023-05-10 03:00:00,43295099999,Bengaluru,NOAA,25.8,78.1,,1.5,270.0,0.6
2023-05-10 06:00:00,43295099999,Bengaluru,NOAA,30.2,67.4,,1.5,20.0,
2023-05-10 09:00:00,43295099999,Bengaluru,NOAA,32.4,36.6,,1.5,230.0,
2023-05-10 12:00:00,43295099999,Bengaluru,NOAA,31.0,57.0,,1.5,270.0,
2023-05-10 18:00:00,43295099999,Bengaluru,NOAA,26.4,77.3,,0.0,,
2023-05-10 21:00:00,43295099999,Bengaluru,NOAA,25.2,85.5,,1.0,,
2023-05-11 00:00:00,43295099999,Bengaluru,NOAA,24.0,82.3,,1.0,,
2023-05-11 03:00:00,43295099999,Bengaluru,NOAA,25.8,81.0,,1.5,230.0,
2023-05-11 06:00:00,43295099999,Bengaluru,NOAA,30.8,59.1,,1.5,270.0,
2023-05-11 12:00:00,43295099999,Bengaluru,NOAA,30.8,52.6,,1.5,180.0,
2023-05-11 18:00:00,43295099999,Bengaluru,NOAA,24.0,88.6,,2.6,270.0,0.0
2023-05-11 21:00:00,43295099999,Bengaluru,NOAA,21.2,92.9,,0.0,,13.0
2023-05-12 00:00:00,43295099999,Bengaluru,NOAA,21.2,94.6,,1.5,290.0,13.0
2023-05-12 03:00:00,43295099999,Bengaluru,NOAA,23.6,88.0,,2.6,270.0,13.0
2023-05-12 06:00:00,43295099999,Bengaluru,NOAA,28.6,71.3,,2.6,270.0,
2023-05-12 09:00:00,43295099999,Bengaluru,NOAA,,,,6.2,30.0,
2023-05-12 12:00:00,43295099999,Bengaluru,NOAA,30.4,55.5,,1.0,,
2023-05-12 15:00:00,43295099999,Bengaluru,NOAA,27.4,66.9,,1.5,270.0,
2023-05-12 18:00:00,43295099999,Bengaluru,NOAA,23.0,82.2,,2.6,230.0,
2023-05-12 21:00:00,43295099999,Bengaluru,NOAA,23.6,84.8,,2.1,270.0,
2023-05-13 00:00:00,43295099999,Bengaluru,NOAA,22.8,91.3,,2.1,230.0,
2023-05-13 03:00:00,43295099999,Bengaluru,NOAA,24.2,87.0,,2.1,140.0,
2023-05-13 06:00:00,43295099999,Bengaluru,NOAA,28.0,72.5,,2.6,290.0,
2023-05-13 09:00:00,43295099999,Bengaluru,NOAA,30.0,63.4,,3.1,270.0,
2023-05-13 12:00:00,43295099999,Bengaluru,NOAA,30.0,62.3,,2.1,250.0,
2023-05-13 15:00:00,43295099999,Bengaluru,NOAA,25.8,64.1,,3.1,230.0,
2023-05-13 18:00:00,43295099999,Bengaluru,NOAA,24.4,88.6,,4.1,270.0,
2023-05-13 21:00:00,43295099999,Bengaluru,NOAA,23.0,89.6,,4.1,230.0,
2023-05-14 00:00:00,43295099999,Bengaluru,NOAA,22.6,91.2,,4.1,230.0,
2023-05-14 03:00:00,43295099999,Bengaluru,NOAA,24.0,82.3,,3.1,270.0,
2023-05-14 06:00:00,43295099999,Bengaluru,NOAA,29.4,53.6,,3.1,290.0,
2023-05-14 09:00:00,43295099999,Bengaluru,NOAA,32.0,42.0,,4.1,270.0,
2023-05-14 12:00:00,43295099999,Bengaluru,NOAA,30.8,45.0,,4.1,290.0,
2023-05-14 15:00:00,43295099999,Bengaluru,NOAA,28.0,64.6,,0.0,,
2023-05-14 18:00:00,43295099999,Bengaluru,NOAA,26.4,71.4,,1.5,270.0,
2023-05-14 21:00:00,43295099999,Bengaluru,NOAA,25.0,81.4,,2.1,230.0,
2023-05-15 00:00:00,43295099999,Bengaluru,NOAA,23.6,88.0,,2.6,180.0,
2023-05-15 03:00:00,43295099999,Bengaluru,NOAA,25.0,73.3,,3.1,230.0,
2023-05-15 06:00:00,43295099999,Bengaluru,NOAA,30.0,49.5,,4.1,270.0,
2023-05-15 09:00:00,43295099999,Bengaluru,NOAA,32.2,57.0,,1.5,270.0,
2023-05-15 12:00:00,43295099999,Bengaluru,NOAA,31.2,59.6,,2.1,230.0,
2023-05-15 15:00:00,43295099999,Bengaluru,NOAA,27.4,59.1,,0.0,,
2023-05-15 18:00:00,43295099999,Bengaluru,NOAA,26.4,65.8,,1.0,230.0,
2023-05-15 21:00:00,43295099999,Bengaluru,NOAA,25.0,80.9,,1.5,270.0,
2023-05-16 00:00:00,43295099999,Bengaluru,NOAA,23.6,84.8,,1.5,230.0,
2023-05-16 03:00:00,43295099999,Bengaluru,NOAA,25.6,76.7,,2.6,250.0,
2023-05-16 06:00:00,43295099999,Bengaluru,NOAA,30.6,50.0,,2.6,270.0,
2023-05-16 09:00:00,43295099999,Bengaluru,NOAA,34.0,32.2,,2.1,320.0,
2023-05-16 12:00:00,43295099999,Bengaluru,NOAA,32.4,32.0,,2.1,230.0,
2023-05-16 15:00:00,43295099999,Bengaluru,NOAA,29.0,51.8,,1.5,140.0,
2023-05-16 18:00:00,43295099999,Bengaluru,NOAA,27.0,62.4,,0.0,,
2023-05-16 21:00:00,43295099999,Bengaluru,NOAA,26.2,58.0,,0.0,,
2023-05-17 00:00:00,43295099999,Bengaluru,NOAA,24.6,68.8,,0.0,,
2023-05-17 03:00:00,43295099999,Bengaluru,NOAA,27.4,68.1,,0.0,,
2023-05-17 06:00:00,43295099999,Bengaluru,NOAA,32.4,34.8,,1.5,50.0,
2023-05-17 09:00:00,43295099999,Bengaluru,NOAA,34.0,29.6,,1.0,,
2023-05-17 12:00:00,43295099999,Bengaluru,NOAA,32.4,35.7,,0.0,,
2023-05-17 15:00:00,43295099999,Bengaluru,NOAA,29.5,49.7,,1.0,230.0,
2023-05-17 18:00:00,43295099999,Bengaluru,NOAA,27.6,62.9,,2.1,110.0,0.0
2023-05-17 21:00:00,43295099999,Bengaluru,NOAA,26.4,71.4,,2.1,140.0,0.0
2023-05-18 00:00:00,43295099999,Bengaluru,NOAA,25.8,78.1,,1.5,250.0,0.0
2023-05-18 03:00:00,43295099999,Bengaluru,NOAA,28.6,67.5,,0.0,,0.0
2023-05-18 06:00:00,43295099999,Bengaluru,NOAA,32.8,45.0,,1.5,290.0,
2023-05-18 09:00:00,43295099999,Bengaluru,NOAA,34.0,32.2,,1.5,290.0,
2023-05-18 12:00:00,43295099999,Bengaluru,NOAA,31.2,54.0,,2.6,180.0,
2023-05-18 15:00:00,43295099999,Bengaluru,NOAA,28.2,52.3,,2.1,140.0,
2023-05-18 18:00:00,43295099999,Bengaluru,NOAA,26.8,63.5,,2.6,230.0,
2023-05-18 21:00:00,43295099999,Bengaluru,NOAA,26.4,70.1,,1.5,230.0,
2023-05-19 00:00:00,43295099999,Bengaluru,NOAA,24.8,82.4,,1.5,230.0,
2023-05-19 03:00:00,43295099999,Bengaluru,NOAA,26.6,71.8,,0.0,,
2023-05-19 06:00:00,43295099999,Bengaluru,NOAA,32.4,41.6,,1.5,230.0,
2023-05-19 09:00:00,43295099999,Bengaluru,NOAA,34.8,30.6,,1.5,290.0,
2023-05-19 12:00:00,43295099999,Bengaluru,NOAA,33.0,33.7,,1.0,230.0,
2023-05-19 15:00:00,43295099999,Bengaluru,NOAA,30.4,45.5,,1.5,180.0,0.0
2023-05-19 18:00:00,43295099999,Bengaluru,NOAA,27.4,72.0,,0.0,,0.0
2023-05-19 21:00:00,43295099999,Bengaluru,NOAA,25.2,87.1,,0.0,,0.0
2023-05-20 00:00:00,43295099999,Bengaluru,NOAA,24.2,88.6,,2.1,270.0,0.0
2023-05-20 03:00:00,43295099999,Bengaluru,NOAA,25.4,76.7,,2.1,270.0,0.0
2023-05-20 06:00:00,43295099999,Bengaluru,NOAA,30.4,47.8,,1.5,320.0,
2023-05-20 09:00:00,43295099999,Bengaluru,NOAA,33.0,35.7,,2.1,270.0,
2023-05-20 12:00:00,43295099999,Bengaluru,NOAA,21.4,91.2,,2.6,140.0,26.0
2023-05-20 15:00:00,43295099999,Bengaluru,NOAA,22.6,91.2,,2.6,70.0,27.0
2023-05-20 18:00:00,43295099999,Bengaluru,NOAA,22.6,94.7,,0.0,,30.0
2023-05-20 21:00:00,43295099999,Bengaluru,NOAA,21.6,89.5,,1.5,230.0,30.0
2023-05-21 00:00:00,43295099999,Bengaluru,NOAA,22.0,87.9,,1.5,180.0,30.0
2023-05-21 03:00:00,43295099999,Bengaluru,NOAA,24.2,74.6,,0.0,,30.0
2023-05-21 06:00:00,43295099999,Bengaluru,NOAA,28.0,61.8,,2.1,230.0,
2023-05-21 09:00:00,43295099999,Bengaluru,NOAA,32.6,49.9,,3.1,230.0,
2023-05-21 12:00:00,43295099999,Bengaluru,NOAA,21.7,93.5,,5.1,140.0,
2023-05-21 18:00:00,43295099999,Bengaluru,NOAA,22.0,92.9,,2.1,200.0,31.0
2023-05-21 21:00:00,43295099999,Bengaluru,NOAA,21.4,92.9,,3.1,200.0,31.0
2023-05-22 00:00:00,43295099999,Bengaluru,NOAA,21.4,94.6,,1.0,230.0,31.0
2023-05-22 03:00:00,43295099999,Bengaluru,NOAA,23.7,82.3,,1.5,180.0,31.4
2023-05-22 06:00:00,43295099999,Bengaluru,NOAA,29.0,62.8,,1.5,230.0,
2023-05-22 09:00:00,43295099999,Bengaluru,NOAA,31.0,49.5,,2.1,110.0,
2023-05-22 12:00:00,43295099999,Bengaluru,NOAA,30.0,59.7,,1.0,,
2023-05-22 15:00:00,43295099999,Bengaluru,NOAA,22.0,91.2,,2.6,230.0,16.0
2023-05-22 18:00:00,43295099999,Bengaluru,NOAA,21.6,92.9,,2.1,230.0,16.0
2023-05-22 21:00:00,43295099999,Bengaluru,NOAA,22.0,91.2,,2.1,230.0,16.0
2023-05-23 00:00:00,43295099999,Bengaluru,NOAA,22.0,92.9,,0.0,,16.0
2023-05-23 03:00:00,43295099999,Bengaluru,NOAA,24.2,86.0,,1.5,230.0,16.0
2023-05-23 06:00:00,43295099999,Bengaluru,NOAA,30.0,54.1,,1.5,180.0,
2023-05-23 09:00:00,43295099999,Bengaluru,NOAA,32.2,43.2,,1.5,180.0,
2023-05-23 12:00:00,43295099999,Bengaluru,NOAA,30.4,50.0,,1.5,230.0,
2023-05-23 15:00:00,43295099999,Bengaluru,NOAA,28.0,67.0,,3.1,230.0,
2023-05-23 18:00:00,43295099999,Bengaluru,NOAA,21.0,92.9,,1.0,,25.0
2023-05-24 00:00:00,43295099999,Bengaluru,NOAA,21.2,94.6,,2.1,230.0,26.0
2023-05-24 03:00:00,43295099999,Bengaluru,NOAA,23.6,86.4,,2.1,230.0,26.0
2023-05-24 06:00:00,43295099999,Bengaluru,NOAA,28.0,68.2,,2.1,230.0,
2023-05-24 09:00:00,43295099999,Bengaluru,NOAA,31.0,60.6,,2.6,230.0,
2023-05-24 12:00:00,43295099999,Bengaluru,NOAA,30.0,62.3,,3.1,180.0,
2023-05-24 15:00:00,43295099999,Bengaluru,NOAA,24.6,83.9,,2.1,140.0,1.0
2023-05-24 18:00:00,43295099999,Bengaluru,NOAA,24.6,73.3,,3.1,90.0,1.0
2023-05-24 21:00:00,43295099999,Bengaluru,NOAA,23.0,81.7,,2.1,270.0,1.0
2023-05-25 00:00:00,43295099999,Bengaluru,NOAA,22.0,89.5,,2.1,290.0,1.0
2023-05-25 03:00:00,43295099999,Bengaluru,NOAA,24.4,80.9,,2.1,270.0,1.0
2023-05-25 06:00:00,43295099999,Bengaluru,NOAA,29.0,62.8,,2.1,270.0,
2023-05-25 09:00:00,43295099999,Bengaluru,NOAA,30.4,52.2,,2.1,270.0,
2023-05-25 12:00:00,43295099999,Bengaluru,NOAA,27.4,64.0,,0.0,,
2023-05-25 18:00:00,43295099999,Bengaluru,NOAA,24.0,85.4,,1.5,230.0,
2023-05-25 21:00:00,43295099999,Bengaluru,NOAA,23.0,91.3,,2.6,230.0,
2023-05-26 00:00:00,43295099999,Bengaluru,NOAA,22.4,92.9,,3.1,230.0,
2023-05-26 03:00:00,43295099999,Bengaluru,NOAA,23.8,83.3,,1.5,230.0,
2023-05-26 06:00:00,43295099999,Bengaluru,NOAA,29.0,54.2,,1.5,180.0,
2023-05-26 09:00:00,43295099999,Bengaluru,NOAA,31.0,46.2,,2.6,270.0,
2023-05-26 12:00:00,43295099999,Bengaluru,NOAA,30.0,49.5,,2.6,270.0,
2023-05-26 15:00:00,43295099999,Bengaluru,NOAA,26.8,63.5,,2.1,270.0,
2023-05-26 18:00:00,43295099999,Bengaluru,NOAA,23.0,91.3,,2.1,230.0,
2023-05-26 21:00:00,43295099999,Bengaluru,NOAA,23.0,91.3,,2.1,230.0,
2023-05-27 00:00:00,43295099999,Bengaluru,NOAA,22.0,92.9,,2.6,230.0,
2023-05-27 03:00:00,43295099999,Bengaluru,NOAA,24.4,79.4,,4.1,230.0,
2023-05-27 06:00:00,43295099999,Bengaluru,NOAA,29.4,61.8,,4.1,290.0,
2023-05-27 09:00:00,43295099999,Bengaluru,NOAA,30.8,50.4,,2.6,290.0,
2023-05-27 12:00:00,43295099999,Bengaluru,NOAA,30.2,53.1,,2.6,270.0,0.0
2023-05-27 15:00:00,43295099999,Bengaluru,NOAA,26.6,71.8,,0.0,,0.0
2023-05-27 18:00:00,43295099999,Bengaluru,NOAA,26.4,81.6,,0.0,,0.0
2023-05-27 21:00:00,43295099999,Bengaluru,NOAA,25.0,87.1,,1.5,230.0,0.0
2023-05-28 00:00:00,43295099999,Bengaluru,NOAA,23.6,93.0,,1.0,270.0,0.0
2023-05-28 03:00:00,43295099999,Bengaluru,NOAA,25.2,87.1,,2.6,290.0,0.0
2023-05-28 06:00:00,43295099999,Bengaluru,NOAA,29.6,64.5,,2.6,290.0,
2023-05-28 09:00:00,43295099999,Bengaluru,NOAA,32.0,49.1,,2.6,290.0,
2023-05-28 12:00:00,43295099999,Bengaluru,NOAA,31.2,48.3,,2.1,270.0,
2023-05-28 15:00:00,43295099999,Bengaluru,NOAA,27.2,70.6,,1.5,140.0,
2023-05-28 18:00:00,43295099999,Bengaluru,NOAA,25.4,72.5,,2.6,230.0,
2023-05-28 21:00:00,43295099999,Bengaluru,NOAA,23.0,81.7,,1.5,180.0,
2023-05-29 00:00:00,43295099999,Bengaluru,NOAA,24.0,77.4,,1.5,290.0,
2023-05-29 03:00:00,43295099999,Bengaluru,NOAA,28.0,69.9,,2.1,270.0,
2023-05-29 06:00:00,43295099999,Bengaluru,NOAA,32.0,52.3,,1.5,270.0,
2023-05-29 09:00:00,43295099999,Bengaluru,NOAA,28.0,69.9,,1.5,270.0,0.0
2023-05-29 12:00:00,43295099999,Bengaluru,NOAA,27.4,78.8,,0.0,,0.0
2023-05-29 15:00:00,43295099999,Bengaluru,NOAA,25.8,78.1,,0.0,,0.0
2023-05-29 18:00:00,43295099999,Bengaluru,NOAA,25.4,90.3,,1.5,270.0,0.0
2023-05-29 21:00:00,43295099999,Bengaluru,NOAA,25.2,92.0,,1.5,270.0,0.0
2023-05-30 00:00:00,43295099999,Bengaluru,NOAA,24.0,93.0,,1.5,270.0,0.0
2023-05-30 03:00:00,43295099999,Bengaluru,NOAA,26.6,83.1,,1.0,230.0,0.0
2023-05-30 06:00:00,43295099999,Bengaluru,NOAA,30.0,64.6,,1.0,290.0,
2023-05-30 09:00:00,43295099999,Bengaluru,NOAA,22.6,98.2,,2.1,290.0,16.0
2023-05-30 12:00:00,43295099999,Bengaluru,NOAA,25.6,92.0,,1.5,180.0,
2023-05-30 15:00:00,43295099999,Bengaluru,NOAA,20.4,96.4,,1.5,110.0,61.0
2023-05-30 18:00:00,43295099999,Bengaluru,NOAA,20.4,96.4,,1.5,270.0,65.0
2023-05-30 21:00:00,43295099999,Bengaluru,NOAA,20.4,96.4,,0.0,,65.0
2023-05-31 00:00:00,43295099999,Bengaluru,NOAA,20.0,94.6,,1.5,270.0,65.0
2023-05-31 03:00:00,43295099999,Bengaluru,NOAA,22.4,91.2,,1.5,270.0,65.0
2023-05-31 06:00:00,43295099999,Bengaluru,NOAA,28.0,65.8,,1.5,290.0,
2023-05-31 09:00:00,43295099999,Bengaluru,NOAA,29.8,60.7,,1.5,290.0,
2023-05-31 12:00:00,43295099999,Bengaluru,NOAA,29.4,62.9,,1.5,230.0,
2023-05-31 15:00:00,43295099999,Bengaluru,NOAA,26.2,80.1,,1.0,,
2023-05-31 18:00:00,43295099999,Bengaluru,NOAA,24.8,80.9,,1.0,,
2023-05-31 21:00:00,43295099999,Bengaluru,NOAA,23.4,75.4,,1.0,,
2023-06-01 00:00:00,43295099999,Bengaluru,NOAA,21.6,91.2,,1.0,,
2023-06-01 03:00:00,43295099999,Bengaluru,NOAA,23.6,93.0,,1.5,230.0,
2023-06-01 06:00:00,43295099999,Bengaluru,NOAA,29.8,63.4,,1.5,270.0,
2023-06-01 09:00:00,43295099999,Bengaluru,NOAA,30.6,61.7,,2.6,230.0,
2023-06-01 12:00:00,43295099999,Bengaluru,NOAA,28.8,70.1,,2.6,230.0,
2023-06-01 15:00:00,43295099999,Bengaluru,NOAA,27.0,77.4,,2.1,230.0,
2023-06-01 18:00:00,43295099999,Bengaluru,NOAA,25.0,85.5,,1.5,180.0,0.0
2023-06-01 21:00:00,43295099999,Bengaluru,NOAA,23.8,90.2,,1.5,230.0,0.0
2023-06-02 00:00:00,43295099999,Bengaluru,NOAA,23.0,91.3,,2.6,270.0,0.0
2023-06-02 03:00:00,43295099999,Bengaluru,NOAA,23.0,91.3,,2.6,230.0,0.0
2023-06-02 06:00:00,43295099999,Bengaluru,NOAA,27.6,86.3,,1.5,270.0,
2023-06-02 09:00:00,43295099999,Bengaluru,NOAA,31.0,58.8,,1.5,230.0,
2023-06-02 12:00:00,43295099999,Bengaluru,NOAA,29.6,50.4,,2.1,230.0,
2023-06-02 15:00:00,43295099999,Bengaluru,NOAA,27.0,65.2,,0.0,,
2023-06-02 18:00:00,43295099999,Bengaluru,NOAA,26.0,75.3,,1.5,270.0,
2023-06-02 21:00:00,43295099999,Bengaluru,NOAA,24.4,90.3,,2.1,270.0,
2023-06-03 00:00:00,43295099999,Bengaluru,NOAA,23.4,93.0,,2.1,230.0,
2023-06-03 03:00:00,43295099999,Bengaluru,NOAA,24.2,83.9,,2.6,230.0,
2023-06-03 06:00:00,43295099999,Bengaluru,NOAA,29.2,62.9,,2.6,270.0,
2023-06-03 09:00:00,43295099999,Bengaluru,NOAA,32.6,47.8,,1.5,70.0,
2023-06-03 12:00:00,43295099999,Bengaluru,NOAA,31.6,50.0,,1.5,270.0,
2023-06-03 15:00:00,43295099999,Bengaluru,NOAA,28.0,63.4,,0.0,,
2023-06-03 18:00:00,43295099999,Bengaluru,NOAA,26.6,78.7,,3.1,230.0,
2023-06-03 21:00:00,43295099999,Bengaluru,NOAA,24.0,90.2,,4.6,230.0,
2023-06-04 00:00:00,43295099999,Bengaluru,NOAA,23.4,94.7,,4.1,230.0,
2023-06-04 03:00:00,43295099999,Bengaluru,NOAA,24.0,82.3,,1.5,140.0,
2023-06-04 06:00:00,43295099999,Bengaluru,NOAA,27.6,68.2,,2.6,230.0,
2023-06-04 09:00:00,43295099999,Bengaluru,NOAA,29.6,63.3,,4.1,270.0,
2023-06-04 12:00:00,43295099999,Bengaluru,NOAA,29.0,51.8,,3.1,270.0,
2023-06-04 15:00:00,43295099999,Bengaluru,NOAA,26.6,59.6,,1.5,230.0,
2023-06-04 18:00:00,43295099999,Bengaluru,NOAA,26.6,59.6,,1.5,230.0,
2023-06-04 21:00:00,43295099999,Bengaluru,NOAA,24.2,78.9,,1.0,,
2023-06-05 00:00:00,43295099999,Bengaluru,NOAA,23.0,83.2,,1.0,,
2023-06-05 03:00:00,43295099999,Bengaluru,NOAA,24.4,80.9,,3.1,230.0,
2023-06-05 06:00:00,43295099999,Bengaluru,NOAA,29.0,60.2,,5.1,230.0,
2023-06-05 09:00:00,43295099999,Bengaluru,NOAA,31.0,49.5,,2.6,270.0,
2023-06-05 12:00:00,43295099999,Bengaluru,NOAA,30.2,47.5,,2.6,230.0,
2023-06-05 15:00:00,43295099999,Bengaluru,NOAA,27.6,61.7,,2.1,230.0,
2023-06-05 18:00:00,43295099999,Bengaluru,NOAA,26.2,70.0,,3.1,230.0,
2023-06-05 21:00:00,43295099999,Bengaluru,NOAA,24.2,80.8,,2.6,290.0,
2023-06-06 00:00:00,43295099999,Bengaluru,NOAA,22.8,83.2,,2.6,230.0,
2023-06-06 03:00:00,43295099999,Bengaluru,NOAA,25.4,74.3,,2.6,230.0,
2023-06-06 06:00:00,43295099999,Bengaluru,NOAA,29.0,53.1,,5.1,320.0,
2023-06-06 09:00:00,43295099999,Bengaluru,NOAA,30.8,55.3,,1.0,,
2023-06-06 12:00:00,43295099999,Bengaluru,NOAA,26.2,83.1,,2.1,230.0,4.0
2023-06-06 15:00:00,43295099999,Bengaluru,NOAA,25.4,79.5,,0.0,,5.0
2023-06-06 18:00:00,43295099999,Bengaluru,NOAA,24.8,78.0,,2.1,230.0,5.0
2023-06-06 21:00:00,43295099999,Bengaluru,NOAA,24.0,83.9,,4.6,270.0,5.0
2023-06-07 00:00:00,43295099999,Bengaluru,NOAA,22.8,89.6,,4.6,250.0,5.0
2023-06-07 03:00:00,43295099999,Bengaluru,NOAA,23.6,81.8,,2.1,230.0,4.0
2023-06-07 06:00:00,43295099999,Bengaluru,NOAA,28.0,64.6,,2.6,230.0,
2023-06-07 09:00:00,43295099999,Bengaluru,NOAA,31.2,55.0,,2.1,230.0,
2023-06-07 12:00:00,43295099999,Bengaluru,NOAA,29.4,60.6,,1.5,230.0,
2023-06-07 15:00:00,43295099999,Bengaluru,NOAA,25.0,73.3,,2.1,290.0,0.2
2023-06-07 18:00:00,43295099999,Bengaluru,NOAA,24.4,79.4,,3.1,230.0,0.2
2023-06-07 21:00:00,43295099999,Bengaluru,NOAA,23.6,83.3,,2.6,230.0,0.2
2023-06-08 00:00:00,43295099999,Bengaluru,NOAA,23.0,88.0,,2.1,270.0,0.2
2023-06-08 03:00:00,43295099999,Bengaluru,NOAA,25.0,80.9,,2.6,230.0,0.2
2023-06-08 06:00:00,43295099999,Bengaluru,NOAA,29.2,62.9,,2.6,230.0,
2023-06-08 09:00:00,43295099999,Bengaluru,NOAA,31.4,44.6,,2.6,250.0,
2023-06-08 15:00:00,43295099999,Bengaluru,NOAA,26.6,66.3,,2.6,230.0,
2023-06-08 18:00:00,43295099999,Bengaluru,NOAA,25.0,73.3,,2.6,230.0,
2023-06-08 21:00:00,43295099999,Bengaluru,NOAA,23.6,78.8,,3.1,230.0,
2023-06-09 00:00:00,43295099999,Bengaluru,NOAA,22.6,83.2,,3.1,230.0,
2023-06-09 03:00:00,43295099999,Bengaluru,NOAA,24.4,80.9,,2.6,270.0,
2023-06-09 06:00:00,43295099999,Bengaluru,NOAA,28.6,63.5,,1.5,270.0,
2023-06-09 09:00:00,43295099999,Bengaluru,NOAA,31.4,48.7,,1.5,250.0,
2023-06-09 12:00:00,43295099999,Bengaluru,NOAA,30.6,47.9,,3.1,230.0,
2023-06-09 15:00:00,43295099999,Bengaluru,NOAA,26.0,68.7,,2.6,230.0,1.0
2023-06-09 18:00:00,43295099999,Bengaluru,NOAA,24.0,82.3,,3.1,230.0,1.0
2023-06-09 21:00:00,43295099999,Bengaluru,NOAA,22.4,84.7,,2.1,180.0,1.0
2023-06-10 00:00:00,43295099999,Bengaluru,NOAA,21.6,89.5,,2.6,230.0,1.0
2023-06-10 03:00:00,43295099999,Bengaluru,NOAA,23.6,78.8,,2.1,180.0,1.0
2023-06-10 06:00:00,43295099999,Bengaluru,NOAA,27.8,57.0,,2.6,180.0,
2023-06-10 09:00:00,43295099999,Bengaluru,NOAA,30.0,51.8,,2.6,230.0,
2023-06-10 12:00:00,43295099999,Bengaluru,NOAA,27.2,58.7,,4.1,270.0,
2023-06-10 15:00:00,43295099999,Bengaluru,NOAA,24.0,77.4,,5.1,230.0,0.0
2023-06-10 18:00:00,43295099999,Bengaluru,NOAA,23.0,81.7,,4.1,230.0,0.0
2023-06-10 21:00:00,43295099999,Bengaluru,NOAA,22.0,86.3,,3.1,230.0,0.0
2023-06-11 00:00:00,43295099999,Bengaluru,NOAA,21.6,91.2,,4.1,230.0,0.0
2023-06-11 03:00:00,43295099999,Bengaluru,NOAA,24.2,77.4,,2.6,270.0,0.0
2023-06-11 06:00:00,43295099999,Bengaluru,NOAA,27.8,64.5,,3.1,270.0,
2023-06-11 09:00:00,43295099999,Bengaluru,NOAA,30.0,57.5,,2.6,230.0,
2023-06-11 12:00:00,43295099999,Bengaluru,NOAA,28.0,59.6,,3.1,270.0,0.1
2023-06-11 15:00:00,43295099999,Bengaluru,NOAA,24.8,78.0,,2.1,230.0,0.5
2023-06-11 18:00:00,43295099999,Bengaluru,NOAA,24.0,82.3,,1.5,250.0,0.5
2023-06-11 21:00:00,43295099999,Bengaluru,NOAA,23.0,88.0,,1.5,270.0,0.5
2023-06-12 00:00:00,43295099999,Bengaluru,NOAA,22.4,89.6,,2.1,230.0,0.5
2023-06-12 03:00:00,43295099999,Bengaluru,NOAA,23.0,88.0,,2.6,270.0,0.5
2023-06-12 06:00:00,43295099999,Bengaluru,NOAA,28.6,62.4,,2.6,230.0,
2023-06-12 09:00:00,43295099999,Bengaluru,NOAA,31.6,45.8,,4.1,230.0,
2023-06-12 12:00:00,43295099999,Bengaluru,NOAA,30.4,50.0,,4.1,230.0,
2023-06-12 15:00:00,43295099999,Bengaluru,NOAA,24.0,78.4,,1.0,,18.0
2023-06-12 18:00:00,43295099999,Bengaluru,NOAA,22.6,89.6,,2.1,230.0,21.0
2023-06-12 21:00:00,43295099999,Bengaluru,NOAA,22.0,92.9,,2.1,230.0,21.0
2023-06-13 00:00:00,43295099999,Bengaluru,NOAA,21.6,96.4,,2.1,230.0,21.0
2023-06-13 03:00:00,43295099999,Bengaluru,NOAA,23.2,84.8,,4.6,230.0,21.0
2023-06-13 06:00:00,43295099999,Bengaluru,NOAA,27.8,64.5,,4.6,230.0,
2023-06-13 09:00:00,43295099999,Bengaluru,NOAA,30.8,50.4,,3.1,270.0,
2023-06-13 12:00:00,43295099999,Bengaluru,NOAA,30.0,45.1,,2.1,230.0,
2023-06-13 15:00:00,43295099999,Bengaluru,NOAA,25.0,79.5,,2.6,270.0,0.0
2023-06-13 18:00:00,43295099999,Bengaluru,NOAA,24.2,76.0,,2.6,230.0,0.0
2023-06-13 21:00:00,43295099999,Bengaluru,NOAA,23.0,84.8,,2.6,270.0,0.0
2023-06-14 00:00:00,43295099999,Bengaluru,NOAA,22.2,86.3,,2.6,230.0,0.0
2023-06-14 03:00:00,43295099999,Bengaluru,NOAA,23.8,80.3,,2.1,270.0,0.0
2023-06-14 06:00:00,43295099999,Bengaluru,NOAA,28.0,59.6,,3.1,270.0,
2023-06-14 09:00:00,43295099999,Bengaluru,NOAA,31.6,46.7,,3.1,270.0,
2023-06-14 12:00:00,43295099999,Bengaluru,NOAA,30.0,46.2,,1.5,230.0,
2023-06-14 15:00:00,43295099999,Bengaluru,NOAA,24.0,85.4,,2.1,270.0,2.0
2023-06-14 18:00:00,43295099999,Bengaluru,NOAA,24.2,77.4,,4.1,270.0,
2023-06-14 21:00:00,43295099999,Bengaluru,NOAA,23.0,84.8,,3.1,250.0,2.0
2023-06-15 00:00:00,43295099999,Bengaluru,NOAA,22.2,86.3,,3.1,270.0,
2023-06-15 03:00:00,43295099999,Bengaluru,NOAA,24.0,80.3,,2.1,270.0,2.0
2023-06-15 06:00:00,43295099999,Bengaluru,NOAA,28.2,62.3,,2.1,270.0,
2023-06-15 09:00:00,43295099999,Bengaluru,NOAA,30.8,48.2,,2.1,230.0,
2023-06-15 12:00:00,43295099999,Bengaluru,NOAA,30.0,46.2,,1.5,230.0,
2023-06-15 15:00:00,43295099999,Bengaluru,NOAA,28.4,56.1,,1.5,290.0,
2023-06-15 18:00:00,43295099999,Bengaluru,NOAA,25.8,71.3,,2.6,230.0,
2023-06-15 21:00:00,43295099999,Bengaluru,NOAA,23.4,80.2,,2.6,270.0,
2023-06-16 00:00:00,43295099999,Bengaluru,NOAA,22.6,84.7,,5.1,270.0,
2023-06-16 03:00:00,43295099999,Bengaluru,NOAA,23.6,83.3,,2.6,230.0,
2023-06-16 06:00:00,43295099999,Bengaluru,NOAA,28.4,59.7,,2.1,230.0,
2023-06-16 09:00:00,43295099999,Bengaluru,NOAA,31.0,44.2,,4.1,230.0,
2023-06-16 12:00:00,43295099999,Bengaluru,NOAA,30.2,44.3,,3.1,270.0,
2023-06-16 15:00:00,43295099999,Bengaluru,NOAA,28.0,52.2,,2.1,250.0,
2023-06-16 18:00:00,43295099999,Bengaluru,NOAA,24.8,74.7,,2.6,230.0,
2023-06-16 21:00:00,43295099999,Bengaluru,NOAA,23.4,78.8,,2.6,270.0,
2023-06-17 00:00:00,43295099999,Bengaluru,NOAA,22.6,89.6,,2.1,230.0,
2023-06-17 03:00:00,43295099999,Bengaluru,NOAA,24.4,79.4,,4.6,270.0,
2023-06-17 06:00:00,43295099999,Bengaluru,NOAA,28.8,61.3,,4.1,270.0,
2023-06-17 09:00:00,43295099999,Bengaluru,NOAA,30.8,51.3,,2.6,270.0,
2023-06-17 12:00:00,43295099999,Bengaluru,NOAA,30.0,48.3,,2.1,290.0,
2023-06-17 15:00:00,43295099999,Bengaluru,NOAA,26.0,75.3,,1.5,230.0,1.0
2023-06-17 18:00:00,43295099999,Bengaluru,NOAA,25.2,73.8,,3.1,230.0,1.0
2023-06-17 21:00:00,43295099999,Bengaluru,NOAA,23.2,83.2,,2.6,270.0,1.0
2023-06-18 00:00:00,43295099999,Bengaluru,NOAA,23.0,81.7,,2.1,230.0,1.0
2023-06-18 03:00:00,43295099999,Bengaluru,NOAA,23.4,83.3,,3.1,320.0,1.0
2023-06-18 06:00:00,43295099999,Bengaluru,NOAA,25.6,69.5,,3.1,270.0,
2023-06-18 09:00:00,43295099999,Bengaluru,NOAA,27.8,61.8,,2.6,270.0,
2023-06-18 12:00:00,43295099999,Bengaluru,NOAA,27.2,65.2,,1.5,230.0,0.0
2023-06-18 15:00:00,43295099999,Bengaluru,NOAA,24.0,76.0,,4.6,270.0,0.0
2023-06-18 18:00:00,43295099999,Bengaluru,NOAA,23.0,88.0,,4.1,270.0,0.0
2023-06-18 21:00:00,43295099999,Bengaluru,NOAA,22.6,87.9,,4.1,270.0,0.0
2023-06-19 00:00:00,43295099999,Bengaluru,NOAA,22.4,87.9,,4.1,270.0,0.0
2023-06-19 03:00:00,43295099999,Bengaluru,NOAA,22.2,89.6,,3.1,270.0,0.0
2023-06-19 06:00:00,43295099999,Bengaluru,NOAA,26.0,74.0,,3.1,270.0,
2023-06-19 09:00:00,43295099999,Bengaluru,NOAA,27.6,70.7,,2.1,270.0,
2023-06-19 12:00:00,43295099999,Bengaluru,NOAA,28.0,67.0,,1.5,290.0,
2023-06-19 15:00:00,43295099999,Bengaluru,NOAA,26.0,75.3,,0.0,,0.0
2023-06-19 18:00:00,43295099999,Bengaluru,NOAA,24.0,88.6,,1.5,290.0,0.6
2023-06-19 21:00:00,43295099999,Bengaluru,NOAA,23.2,89.6,,0.0,,0.6
2023-06-20 00:00:00,43295099999,Bengaluru,NOAA,22.8,93.0,,1.5,200.0,0.7
2023-06-20 03:00:00,43295099999,Bengaluru,NOAA,22.6,96.4,,1.5,270.0,2.0
2023-06-20 06:00:00,43295099999,Bengaluru,NOAA,20.8,94.6,,1.5,270.0,16.0
2023-06-20 09:00:00,43295099999,Bengaluru,NOAA,23.4,91.3,,1.5,230.0,19.0
2023-06-20 12:00:00,43295099999,Bengaluru,NOAA,24.4,85.4,,1.5,270.0,19.0
2023-06-20 15:00:00,43295099999,Bengaluru,NOAA,24.0,87.0,,2.1,230.0,19.0
2023-06-20 18:00:00,43295099999,Bengaluru,NOAA,22.4,91.2,,1.5,230.0,19.0
2023-06-20 21:00:00,43295099999,Bengaluru,NOAA,22.2,91.2,,1.5,230.0,19.0
2023-06-21 00:00:00,43295099999,Bengaluru,NOAA,21.8,92.9,,1.5,230.0,19.0
2023-06-21 03:00:00,43295099999,Bengaluru,NOAA,22.8,88.0,,3.1,270.0,19.0
2023-06-21 06:00:00,43295099999,Bengaluru,NOAA,24.8,78.0,,2.6,270.0,
2023-06-21 09:00:00,43295099999,Bengaluru,NOAA,27.4,66.9,,2.1,230.0,0.0
2023-06-21 12:00:00,43295099999,Bengaluru,NOAA,25.0,79.5,,2.1,270.0,0.0
2023-06-21 15:00:00,43295099999,Bengaluru,NOAA,23.0,88.0,,2.1,230.0,0.4
2023-06-21 18:00:00,43295099999,Bengaluru,NOAA,22.0,96.4,,2.1,270.0,3.0
2023-06-21 21:00:00,43295099999,Bengaluru,NOAA,21.6,96.4,,1.5,230.0,3.0
2023-06-22 00:00:00,43295099999,Bengaluru,NOAA,21.4,92.9,,2.1,230.0,3.0
2023-06-22 03:00:00,43295099999,Bengaluru,NOAA,23.6,84.8,,2.1,290.0,3.0
2023-06-22 06:00:00,43295099999,Bengaluru,NOAA,27.2,65.2,,2.6,270.0,
2023-06-22 09:00:00,43295099999,Bengaluru,NOAA,29.4,57.0,,2.1,270.0,
2023-06-22 12:00:00,43295099999,Bengaluru,NOAA,29.4,57.0,,2.1,230.0,
2023-06-22 15:00:00,43295099999,Bengaluru,NOAA,25.4,72.5,,0.0,,
2023-06-22 18:00:00,43295099999,Bengaluru,NOAA,23.0,93.0,,1.5,270.0,8.0
2023-06-22 21:00:00,43295099999,Bengaluru,NOAA,22.6,92.9,,1.5,270.0,8.0
2023-06-23 00:00:00,43295099999,Bengaluru,NOAA,21.6,94.6,,2.1,250.0,
2023-06-23 03:00:00,43295099999,Bengaluru,NOAA,22.2,91.2,,2.6,270.0,8.0
2023-06-23 06:00:00,43295099999,Bengaluru,NOAA,27.0,69.3,,2.6,270.0,
2023-06-23 09:00:00,43295099999,Bengaluru,NOAA,28.2,62.3,,2.6,230.0,
2023-06-23 12:00:00,43295099999,Bengaluru,NOAA,27.6,61.7,,2.6,270.0,
2023-06-23 15:00:00,43295099999,Bengaluru,NOAA,24.4,82.4,,1.5,270.0,0.2
2023-06-23 18:00:00,43295099999,Bengaluru,NOAA,23.6,84.8,,0.0,,0.2
2023-06-23 21:00:00,43295099999,Bengaluru,NOAA,22.4,87.9,,1.5,270.0,0.2
2023-06-24 00:00:00,43295099999,Bengaluru,NOAA,21.6,92.9,,2.6,230.0,0.2
2023-06-24 03:00:00,43295099999,Bengaluru,NOAA,22.0,86.3,,2.6,230.0,0.2
2023-06-24 06:00:00,43295099999,Bengaluru,NOAA,25.2,72.0,,3.1,140.0,
2023-06-24 09:00:00,43295099999,Bengaluru,NOAA,26.4,68.8,,4.1,230.0,
2023-06-24 12:00:00,43295099999,Bengaluru,NOAA,26.0,70.0,,4.1,250.0,
2023-06-24 15:00:00,43295099999,Bengaluru,NOAA,23.0,88.0,,2.1,230.0,0.6
2023-06-24 18:00:00,43295099999,Bengaluru,NOAA,22.0,87.9,,2.1,230.0,0.6
2023-06-24 21:00:00,43295099999,Bengaluru,NOAA,21.6,89.5,,2.1,270.0,0.6
2023-06-25 00:00:00,43295099999,Bengaluru,NOAA,21.0,91.1,,2.1,270.0,0.6
2023-06-25 03:00:00,43295099999,Bengaluru,NOAA,23.0,84.8,,2.1,270.0,0.6
2023-06-25 06:00:00,43295099999,Bengaluru,NOAA,26.4,65.8,,3.1,270.0,
2023-06-25 09:00:00,43295099999,Bengaluru,NOAA,28.4,52.7,,4.1,230.0,
2023-06-25 12:00:00,43295099999,Bengaluru,NOAA,28.0,53.2,,2.6,230.0,
2023-06-25 18:00:00,43295099999,Bengaluru,NOAA,22.4,89.6,,1.5,230.0,7.0
2023-06-25 21:00:00,43295099999,Bengaluru,NOAA,21.8,89.5,,2.1,230.0,7.0
2023-06-26 00:00:00,43295099999,Bengaluru,NOAA,21.4,91.2,,3.1,230.0,7.0
2023-06-26 03:00:00,43295099999,Bengaluru,NOAA,22.4,86.3,,2.6,290.0,7.0
2023-06-26 06:00:00,43295099999,Bengaluru,NOAA,25.6,64.1,,3.1,290.0,
2023-06-26 09:00:00,43295099999,Bengaluru,NOAA,27.0,62.4,,2.6,270.0,
2023-06-26 12:00:00,43295099999,Bengaluru,NOAA,26.2,63.4,,2.6,270.0,
2023-06-26 15:00:00,43295099999,Bengaluru,NOAA,25.0,63.5,,2.1,250.0,
2023-06-26 18:00:00,43295099999,Bengaluru,NOAA,23.4,74.0,,2.6,250.0,
2023-06-26 21:00:00,43295099999,Bengaluru,NOAA,22.0,79.5,,2.1,250.0,
2023-06-27 00:00:00,43295099999,Bengaluru,NOAA,21.0,85.6,,1.5,230.0,
2023-06-27 03:00:00,43295099999,Bengaluru,NOAA,22.0,84.7,,2.6,290.0,
2023-06-27 06:00:00,43295099999,Bengaluru,NOAA,24.8,72.0,,2.6,290.0,
2023-06-27 09:00:00,43295099999,Bengaluru,NOAA,29.0,58.0,,2.1,270.0,
2023-06-27 12:00:00,43295099999,Bengaluru,NOAA,27.4,64.0,,2.6,290.0,
2023-06-27 15:00:00,43295099999,Bengaluru,NOAA,23.4,84.8,,2.6,230.0,2.0
2023-06-27 18:00:00,43295099999,Bengaluru,NOAA,22.4,87.4,,4.1,230.0,2.0
2023-06-27 21:00:00,43295099999,Bengaluru,NOAA,21.6,82.5,,2.6,270.0,2.0
2023-06-28 00:00:00,43295099999,Bengaluru,NOAA,20.8,87.2,,3.1,270.0,2.0
2023-06-28 03:00:00,43295099999,Bengaluru,NOAA,22.0,83.1,,2.1,270.0,2.0
2023-06-28 06:00:00,43295099999,Bengaluru,NOAA,25.8,64.1,,3.1,230.0,
2023-06-28 09:00:00,43295099999,Bengaluru,NOAA,28.0,58.1,,2.1,230.0,
2023-06-28 12:00:00,43295099999,Bengaluru,NOAA,27.4,60.2,,2.6,230.0,
2023-06-28 15:00:00,43295099999,Bengaluru,NOAA,24.8,67.6,,2.1,230.0,
2023-06-28 18:00:00,43295099999,Bengaluru,NOAA,23.0,78.7,,2.1,230.0,
2023-06-28 21:00:00,43295099999,Bengaluru,NOAA,21.2,91.2,,2.1,270.0,
2023-06-29 00:00:00,43295099999,Bengaluru,NOAA,21.0,91.1,,2.1,270.0,
2023-06-29 03:00:00,43295099999,Bengaluru,NOAA,22.0,86.3,,2.6,230.0,
2023-06-29 06:00:00,43295099999,Bengaluru,NOAA,26.6,68.8,,1.0,230.0,
2023-06-29 09:00:00,43295099999,Bengaluru,NOAA,29.0,55.5,,3.1,270.0,
2023-06-29 12:00:00,43295099999,Bengaluru,NOAA,23.0,86.4,,3.1,230.0,1.0
2023-06-29 18:00:00,43295099999,Bengaluru,NOAA,22.0,84.7,,2.1,230.0,
2023-06-29 21:00:00,43295099999,Bengaluru,NOAA,21.8,86.3,,2.6,230.0,2.0
2023-06-30 00:00:00,43295099999,Bengaluru,NOAA,21.2,92.9,,2.6,270.0,
2023-06-30 03:00:00,43295099999,Bengaluru,NOAA,22.0,87.9,,2.6,230.0,2.0
2023-06-30 06:00:00,43295099999,Bengaluru,NOAA,26.6,66.3,,2.1,230.0,
2023-06-30 09:00:00,43295099999,Bengaluru,NOAA,29.4,48.8,,3.1,230.0,
2023-06-30 12:00:00,43295099999,Bengaluru,NOAA,28.8,43.9,,3.1,290.0,
2023-06-30 15:00:00,43295099999,Bengaluru,NOAA,26.2,65.8,,2.6,270.0,
2023-06-30 18:00:00,43295099999,Bengaluru,NOAA,23.8,78.8,,3.1,270.0,
2023-06-30 21:00:00,43295099999,Bengaluru,NOAA,22.6,87.9,,2.6,230.0,
2023-07-01 00:00:00,43295099999,Bengaluru,NOAA,22.0,89.5,,2.6,230.0,
2023-07-01 03:00:00,43295099999,Bengaluru,NOAA,22.6,84.7,,1.5,270.0,
2023-07-01 06:00:00,43295099999,Bengaluru,NOAA,27.2,66.4,,2.1,270.0,
2023-07-01 09:00:00,43295099999,Bengaluru,NOAA,30.4,46.6,,2.1,270.0,
2023-07-01 12:00:00,43295099999,Bengaluru,NOAA,28.4,50.1,,2.6,270.0,0.0
2023-07-01 15:00:00,43295099999,Bengaluru,NOAA,26.4,63.4,,3.1,270.0,0.0
2023-07-01 18:00:00,43295099999,Bengaluru,NOAA,24.8,73.3,,2.1,270.0,
2023-07-01 21:00:00,43295099999,Bengaluru,NOAA,23.2,81.7,,2.1,270.0,0.0
2023-07-02 00:00:00,43295099999,Bengaluru,NOAA,22.6,84.7,,2.1,290.0,0.0
2023-07-02 03:00:00,43295099999,Bengaluru,NOAA,23.0,83.2,,3.1,230.0,0.0
2023-07-02 06:00:00,43295099999,Bengaluru,NOAA,25.0,73.3,,4.1,270.0,
2023-07-02 09:00:00,43295099999,Bengaluru,NOAA,27.6,64.1,,3.1,270.0,
2023-07-02 12:00:00,43295099999,Bengaluru,NOAA,27.0,67.6,,1.5,230.0,0.0
2023-07-02 15:00:00,43295099999,Bengaluru,NOAA,22.6,92.9,,2.6,270.0,18.0
2023-07-02 18:00:00,43295099999,Bengaluru,NOAA,22.0,92.9,,2.1,270.0,18.0
2023-07-02 21:00:00,43295099999,Bengaluru,NOAA,21.6,92.9,,2.1,270.0,18.0
2023-07-03 00:00:00,43295099999,Bengaluru,NOAA,21.6,92.9,,3.1,270.0,18.0
2023-07-03 03:00:00,43295099999,Bengaluru,NOAA,23.6,83.3,,2.1,270.0,18.0
2023-07-03 06:00:00,43295099999,Bengaluru,NOAA,27.0,64.0,,3.1,270.0,
2023-07-03 09:00:00,43295099999,Bengaluru,NOAA,29.0,53.1,,2.6,270.0,
2023-07-03 12:00:00,43295099999,Bengaluru,NOAA,24.2,85.4,,2.1,290.0,3.0
2023-07-03 15:00:00,43295099999,Bengaluru,NOAA,22.0,91.2,,2.6,270.0,4.0
2023-07-03 18:00:00,43295099999,Bengaluru,NOAA,21.6,91.2,,2.6,270.0,4.0
2023-07-03 21:00:00,43295099999,Bengaluru,NOAA,21.0,91.1,,2.6,270.0,4.0
2023-07-04 00:00:00,43295099999,Bengaluru,NOAA,20.6,92.8,,3.1,270.0,4.0
2023-07-04 03:00:00,43295099999,Bengaluru,NOAA,21.4,89.5,,2.6,250.0,4.0
2023-07-04 06:00:00,43295099999,Bengaluru,NOAA,24.6,79.4,,2.1,230.0,
2023-07-04 09:00:00,43295099999,Bengaluru,NOAA,26.6,70.1,,4.1,230.0,0.0
2023-07-04 12:00:00,43295099999,Bengaluru,NOAA,23.6,89.7,,2.1,230.0,1.0
2023-07-04 15:00:00,43295099999,Bengaluru,NOAA,22.6,79.6,,3.1,230.0,1.0
2023-07-04 18:00:00,43295099999,Bengaluru,NOAA,21.4,89.5,,3.1,230.0,1.0
2023-07-04 21:00:00,43295099999,Bengaluru,NOAA,20.6,89.4,,2.6,70.0,1.0
2023-07-05 00:00:00,43295099999,Bengaluru,NOAA,20.4,91.1,,3.1,270.0,1.0
2023-07-05 03:00:00,43295099999,Bengaluru,NOAA,21.0,87.8,,2.1,230.0,1.0
2023-07-05 06:00:00,43295099999,Bengaluru,NOAA,24.2,77.4,,2.6,270.0,
2023-07-05 09:00:00,43295099999,Bengaluru,NOAA,25.4,68.1,,2.6,230.0,0.0
2023-07-05 12:00:00,43295099999,Bengaluru,NOAA,24.0,72.7,,3.1,230.0,0.0
2023-07-05 15:00:00,43295099999,Bengaluru,NOAA,23.0,76.8,,2.1,270.0,0.0
2023-07-05 18:00:00,43295099999,Bengaluru,NOAA,21.8,84.7,,2.6,290.0,0.0
2023-07-05 21:00:00,43295099999,Bengaluru,NOAA,21.2,91.2,,2.1,270.0,0.3
2023-07-06 00:00:00,43295099999,Bengaluru,NOAA,21.0,96.4,,2.6,230.0,0.3
2023-07-06 03:00:00,43295099999,Bengaluru,NOAA,21.6,87.9,,4.1,230.0,0.3
2023-07-06 06:00:00,43295099999,Bengaluru,NOAA,24.6,71.9,,4.1,230.0,0.0
2023-07-06 09:00:00,43295099999,Bengaluru,NOAA,26.0,65.8,,4.1,230.0,0.2
2023-07-06 12:00:00,43295099999,Bengaluru,NOAA,24.2,71.4,,4.1,230.0,0.3
2023-07-06 15:00:00,43295099999,Bengaluru,NOAA,22.0,87.9,,3.1,230.0,0.3
2023-07-06 18:00:00,43295099999,Bengaluru,NOAA,21.4,91.2,,3.1,230.0,0.3
2023-07-06 21:00:00,43295099999,Bengaluru,NOAA,21.0,92.9,,2.6,270.0,0.3
2023-07-07 00:00:00,43295099999,Bengaluru,NOAA,20.8,92.9,,3.1,230.0,0.3
2023-07-07 03:00:00,43295099999,Bengaluru,NOAA,21.6,91.2,,3.1,270.0,0.3
2023-07-07 06:00:00,43295099999,Bengaluru,NOAA,24.4,79.4,,4.1,230.0,
2023-07-07 09:00:00,43295099999,Bengaluru,NOAA,26.4,65.8,,4.1,230.0,0.0
2023-07-07 12:00:00,43295099999,Bengaluru,NOAA,23.2,93.0,,2.6,230.0,7.0
2023-07-07 15:00:00,43295099999,Bengaluru,NOAA,22.2,94.6,,2.1,270.0,8.0
2023-07-07 18:00:00,43295099999,Bengaluru,NOAA,21.8,91.2,,2.6,270.0,8.0
2023-07-07 21:00:00,43295099999,Bengaluru,NOAA,21.0,96.4,,2.6,230.0,8.0
2023-07-08 00:00:00,43295099999,Bengaluru,NOAA,21.0,92.9,,2.6,230.0,8.0
2023-07-08 03:00:00,43295099999,Bengaluru,NOAA,21.4,91.2,,1.5,270.0,8.0
2023-07-08 06:00:00,43295099999,Bengaluru,NOAA,23.4,86.4,,2.1,230.0,0.2
2023-07-08 09:00:00,43295099999,Bengaluru,NOAA,22.0,91.2,,2.1,230.0,7.0
2023-07-08 12:00:00,43295099999,Bengaluru,NOAA,22.8,91.3,,2.1,230.0,8.0
2023-07-08 15:00:00,43295099999,Bengaluru,NOAA,22.4,87.9,,2.1,230.0,8.0
2023-07-08 18:00:00,43295099999,Bengaluru,NOAA,21.8,89.5,,2.1,230.0,8.0
2023-07-08 21:00:00,43295099999,Bengaluru,NOAA,21.4,91.2,,3.1,230.0,8.0
2023-07-09 00:00:00,43295099999,Bengaluru,NOAA,21.4,91.2,,2.6,230.0,8.0
2023-07-09 03:00:00,43295099999,Bengaluru,NOAA,22.0,89.5,,2.1,230.0,8.0
2023-07-09 06:00:00,43295099999,Bengaluru,NOAA,25.4,68.1,,3.1,230.0,0.1
2023-07-09 09:00:00,43295099999,Bengaluru,NOAA,26.0,74.0,,2.1,270.0,0.2
2023-07-09 12:00:00,43295099999,Bengaluru,NOAA,26.6,68.8,,2.1,230.0,0.2
2023-07-09 15:00:00,43295099999,Bengaluru,NOAA,25.0,72.0,,1.5,270.0,0.2
2023-07-09 18:00:00,43295099999,Bengaluru,NOAA,23.0,86.4,,1.5,230.0,1.0
2023-07-09 21:00:00,43295099999,Bengaluru,NOAA,22.0,92.9,,1.5,230.0,1.0
2023-07-10 00:00:00,43295099999,Bengaluru,NOAA,21.6,94.6,,1.0,230.0,1.0
2023-07-10 03:00:00,43295099999,Bengaluru,NOAA,22.6,90.7,,1.5,270.0,1.0
2023-07-10 06:00:00,43295099999,Bengaluru,NOAA,25.6,75.3,,2.1,230.0,
2023-07-10 09:00:00,43295099999,Bengaluru,NOAA,27.2,61.3,,1.5,250.0,0.1
2023-07-10 12:00:00,43295099999,Bengaluru,NOAA,23.4,89.6,,2.1,250.0,3.0
2023-07-10 15:00:00,43295099999,Bengaluru,NOAA,22.6,94.7,,1.5,270.0,10.0
2023-07-10 18:00:00,43295099999,Bengaluru,NOAA,22.4,96.4,,1.5,270.0,10.0
2023-07-10 21:00:00,43295099999,Bengaluru,NOAA,21.6,96.4,,1.0,230.0,10.0
2023-07-11 00:00:00,43295099999,Bengaluru,NOAA,21.4,94.6,,1.5,230.0,10.0
2023-07-11 03:00:00,43295099999,Bengaluru,NOAA,21.8,87.9,,2.1,230.0,10.0
2023-07-11 06:00:00,43295099999,Bengaluru,NOAA,23.4,78.8,,1.5,230.0,0.0
2023-07-11 09:00:00,43295099999,Bengaluru,NOAA,26.4,67.5,,2.6,290.0,0.0
2023-07-11 12:00:00,43295099999,Bengaluru,NOAA,25.8,67.0,,2.1,290.0,0.0
2023-07-11 15:00:00,43295099999,Bengaluru,NOAA,20.8,94.6,,1.5,270.0,15.0
2023-07-11 18:00:00,43295099999,Bengaluru,NOAA,20.8,96.4,,1.5,230.0,15.0
2023-07-11 21:00:00,43295099999,Bengaluru,NOAA,21.0,92.9,,1.5,230.0,15.0
2023-07-12 00:00:00,43295099999,Bengaluru,NOAA,20.8,96.4,,2.1,270.0,15.0
2023-07-12 03:00:00,43295099999,Bengaluru,NOAA,21.4,92.9,,2.1,270.0,15.0
2023-07-12 06:00:00,43295099999,Bengaluru,NOAA,25.0,79.5,,1.5,290.0,
2023-07-12 09:00:00,43295099999,Bengaluru,NOAA,27.4,66.9,,2.1,230.0,
2023-07-12 12:00:00,43295099999,Bengaluru,NOAA,24.0,83.9,,1.5,230.0,7.0
2023-07-12 15:00:00,43295099999,Bengaluru,NOAA,23.2,84.8,,1.5,270.0,12.0
2023-07-12 18:00:00,43295099999,Bengaluru,NOAA,22.0,87.9,,2.1,270.0,12.0
2023-07-12 21:00:00,43295099999,Bengaluru,NOAA,21.2,92.9,,2.1,230.0,12.0
2023-07-13 00:00:00,43295099999,Bengaluru,NOAA,21.0,94.6,,2.6,230.0,12.0
2023-07-13 03:00:00,43295099999,Bengaluru,NOAA,22.0,89.5,,1.5,230.0,12.0
2023-07-13 06:00:00,43295099999,Bengaluru,NOAA,25.6,69.5,,2.1,230.0,
2023-07-13 09:00:00,43295099999,Bengaluru,NOAA,24.0,87.0,,1.5,230.0,2.0
2023-07-13 12:00:00,43295099999,Bengaluru,NOAA,25.2,43.5,,1.5,230.0,3.0
2023-07-13 15:00:00,43295099999,Bengaluru,NOAA,21.4,92.9,,0.5,,24.0
2023-07-13 18:00:00,43295099999,Bengaluru,NOAA,21.0,94.6,,2.6,230.0,25.0
2023-07-13 21:00:00,43295099999,Bengaluru,NOAA,20.6,94.6,,2.1,230.0,25.0
2023-07-14 00:00:00,43295099999,Bengaluru,NOAA,20.4,96.4,,2.1,230.0,25.0
2023-07-14 03:00:00,43295099999,Bengaluru,NOAA,21.0,94.6,,2.1,290.0,25.0
2023-07-14 06:00:00,43295099999,Bengaluru,NOAA,24.8,76.6,,2.1,230.0,
2023-07-14 09:00:00,43295099999,Bengaluru,NOAA,26.6,66.3,,2.6,230.0,
2023-07-14 12:00:00,43295099999,Bengaluru,NOAA,26.4,64.6,,2.6,230.0,
2023-07-14 15:00:00,43295099999,Bengaluru,NOAA,22.8,86.3,,1.5,230.0,1.0
2023-07-14 18:00:00,43295099999,Bengaluru,NOAA,22.2,86.3,,1.5,230.0,1.0
2023-07-14 21:00:00,43295099999,Bengaluru,NOAA,21.2,89.5,,2.1,230.0,1.0
2023-07-15 00:00:00,43295099999,Bengaluru,NOAA,20.6,91.1,,3.1,230.0,1.0
2023-07-15 03:00:00,43295099999,Bengaluru,NOAA,22.4,84.7,,2.6,230.0,1.0
2023-07-15 06:00:00,43295099999,Bengaluru,NOAA,25.6,76.7,,3.1,230.0,
2023-07-15 09:00:00,43295099999,Bengaluru,NOAA,28.4,63.5,,2.6,270.0,
2023-07-15 12:00:00,43295099999,Bengaluru,NOAA,28.0,67.0,,1.5,270.0,0.0
2023-07-15 15:00:00,43295099999,Bengaluru,NOAA,23.8,88.6,,1.5,270.0,2.0
2023-07-15 18:00:00,43295099999,Bengaluru,NOAA,23.0,86.4,,2.6,270.0,2.0
2023-07-15 21:00:00,43295099999,Bengaluru,NOAA,22.0,87.9,,2.1,230.0,2.0
2023-07-16 00:00:00,43295099999,Bengaluru,NOAA,21.8,91.2,,3.1,230.0,2.0
2023-07-16 03:00:00,43295099999,Bengaluru,NOAA,22.6,86.3,,2.1,230.0,2.0
2023-07-16 06:00:00,43295099999,Bengaluru,NOAA,25.4,73.9,,1.5,290.0,
2023-07-16 09:00:00,43295099999,Bengaluru,NOAA,27.6,60.2,,2.1,230.0,
2023-07-16 12:00:00,43295099999,Bengaluru,NOAA,26.4,61.9,,2.1,230.0,0.0
2023-07-16 15:00:00,43295099999,Bengaluru,NOAA,24.2,77.4,,1.5,270.0,0.0
2023-07-16 18:00:00,43295099999,Bengaluru,NOAA,22.6,83.2,,1.5,270.0,0.0
2023-07-16 21:00:00,43295099999,Bengaluru,NOAA,21.6,89.5,,2.1,230.0,0.0
2023-07-17 00:00:00,43295099999,Bengaluru,NOAA,21.0,94.6,,2.1,230.0,0.0
2023-07-17 03:00:00,43295099999,Bengaluru,NOAA,22.2,87.9,,3.1,230.0,0.0
2023-07-17 06:00:00,43295099999,Bengaluru,NOAA,25.6,71.2,,4.1,230.0,
2023-07-17 09:00:00,43295099999,Bengaluru,NOAA,26.6,64.7,,2.6,230.0,
2023-07-17 12:00:00,43295099999,Bengaluru,NOAA,26.6,63.5,,3.1,230.0,
2023-07-17 15:00:00,43295099999,Bengaluru,NOAA,24.0,74.6,,2.1,270.0,0.2
2023-07-17 18:00:00,43295099999,Bengaluru,NOAA,23.0,81.7,,2.6,270.0,0.2
2023-07-17 21:00:00,43295099999,Bengaluru,NOAA,21.8,87.9,,2.6,270.0,0.2
2023-07-18 00:00:00,43295099999,Bengaluru,NOAA,21.4,89.5,,3.1,270.0,0.2
2023-07-18 03:00:00,43295099999,Bengaluru,NOAA,22.2,87.9,,2.6,230.0,0.2
2023-07-18 06:00:00,43295099999,Bengaluru,NOAA,25.6,69.5,,3.1,230.0,
2023-07-18 09:00:00,43295099999,Bengaluru,NOAA,27.4,54.1,,4.1,230.0,
2023-07-18 12:00:00,43295099999,Bengaluru,NOAA,26.4,59.6,,4.1,230.0,
2023-07-18 15:00:00,43295099999,Bengaluru,NOAA,24.0,70.0,,2.6,270.0,
2023-07-18 18:00:00,43295099999,Bengaluru,NOAA,22.8,78.2,,3.1,270.0,
2023-07-18 21:00:00,43295099999,Bengaluru,NOAA,22.8,78.2,,3.1,270.0,
2023-07-19 00:00:00,43295099999,Bengaluru,NOAA,21.0,91.1,,3.1,270.0,
2023-07-19 03:00:00,43295099999,Bengaluru,NOAA,22.0,83.1,,2.1,270.0,
2023-07-19 06:00:00,43295099999,Bengaluru,NOAA,24.8,66.3,,2.6,270.0,
2023-07-19 09:00:00,43295099999,Bengaluru,NOAA,27.0,64.0,,2.1,270.0,
2023-07-19 12:00:00,43295099999,Bengaluru,NOAA,25.0,67.6,,5.1,270.0,0.0
2023-07-19 15:00:00,43295099999,Bengaluru,NOAA,23.6,75.9,,4.1,270.0,0.0
2023-07-19 18:00:00,43295099999,Bengaluru,NOAA,22.4,83.2,,4.6,230.0,0.0
2023-07-19 21:00:00,43295099999,Bengaluru,NOAA,21.6,87.9,,3.1,230.0,0.0
2023-07-20 00:00:00,43295099999,Bengaluru,NOAA,21.2,91.2,,4.1,230.0,0.0
2023-07-20 03:00:00,43295099999,Bengaluru,NOAA,22.6,79.6,,3.1,230.0,0.0
2023-07-20 06:00:00,43295099999,Bengaluru,NOAA,25.0,66.4,,4.1,180.0,
2023-07-20 09:00:00,43295099999,Bengaluru,NOAA,28.0,50.9,,5.1,270.0,
2023-07-20 12:00:00,43295099999,Bengaluru,NOAA,26.5,55.3,,4.1,270.0,
2023-07-20 15:00:00,43295099999,Bengaluru,NOAA,24.2,70.1,,4.1,270.0,
2023-07-20 18:00:00,43295099999,Bengaluru,NOAA,23.2,77.3,,4.1,270.0,
2023-07-20 21:00:00,43295099999,Bengaluru,NOAA,23.0,81.7,,3.1,230.0,
2023-07-21 00:00:00,43295099999,Bengaluru,NOAA,22.0,81.1,,3.1,230.0,
2023-07-21 03:00:00,43295099999,Bengaluru,NOAA,22.6,81.6,,3.1,230.0,
2023-07-21 06:00:00,43295099999,Bengaluru,NOAA,25.8,64.1,,5.1,270.0,
2023-07-21 09:00:00,43295099999,Bengaluru,NOAA,26.6,64.7,,5.1,230.0,
2023-07-21 12:00:00,43295099999,Bengaluru,NOAA,25.2,70.7,,4.1,270.0,
2023-07-21 15:00:00,43295099999,Bengaluru,NOAA,23.4,81.7,,4.1,250.0,
2023-07-21 18:00:00,43295099999,Bengaluru,NOAA,22.6,84.7,,3.1,270.0,0.0
2023-07-21 21:00:00,43295099999,Bengaluru,NOAA,22.2,83.1,,5.1,270.0,0.0
2023-07-22 00:00:00,43295099999,Bengaluru,NOAA,21.8,86.3,,3.1,270.0,0.0
2023-07-22 03:00:00,43295099999,Bengaluru,NOAA,22.6,84.7,,3.1,270.0,0.0
2023-07-22 06:00:00,43295099999,Bengaluru,NOAA,24.2,77.4,,5.1,270.0,0.0
2023-07-22 09:00:00,43295099999,Bengaluru,NOAA,25.0,75.2,,6.2,270.0,0.0
2023-07-22 12:00:00,43295099999,Bengaluru,NOAA,24.4,73.7,,5.1,230.0,0.0
2023-07-22 15:00:00,43295099999,Bengaluru,NOAA,22.6,83.2,,4.1,230.0,0.0
2023-07-22 18:00:00,43295099999,Bengaluru,NOAA,21.4,91.2,,2.1,230.0,0.2
2023-07-22 21:00:00,43295099999,Bengaluru,NOAA,21.0,91.1,,3.1,270.0,0.2
2023-07-23 00:00:00,43295099999,Bengaluru,NOAA,21.0,91.1,,3.1,270.0,0.2
2023-07-23 03:00:00,43295099999,Bengaluru,NOAA,22.0,86.3,,4.1,270.0,0.2
2023-07-23 06:00:00,43295099999,Bengaluru,NOAA,25.2,68.1,,5.1,270.0,
2023-07-23 09:00:00,43295099999,Bengaluru,NOAA,25.4,73.9,,4.1,270.0,0.0
2023-07-23 12:00:00,43295099999,Bengaluru,NOAA,23.0,86.4,,1.5,270.0,0.5
2023-07-23 15:00:00,43295099999,Bengaluru,NOAA,22.0,96.4,,2.1,230.0,4.0
2023-07-23 18:00:00,43295099999,Bengaluru,NOAA,21.0,96.4,,3.1,230.0,5.0
2023-07-23 21:00:00,43295099999,Bengaluru,NOAA,20.2,97.6,,3.1,270.0,7.0
2023-07-24 00:00:00,43295099999,Bengaluru,NOAA,20.4,96.4,,3.1,270.0,7.0
2023-07-24 03:00:00,43295099999,Bengaluru,NOAA,21.4,92.9,,3.1,230.0,7.0
2023-07-24 09:00:00,43295099999,Bengaluru,NOAA,23.2,89.6,,1.5,270.0,2.0
2023-07-24 12:00:00,43295099999,Bengaluru,NOAA,21.4,94.6,,2.6,230.0,5.0
2023-07-24 15:00:00,43295099999,Bengaluru,NOAA,21.2,94.6,,3.1,230.0,6.0
2023-07-24 18:00:00,43295099999,Bengaluru,NOAA,20.7,95.2,,2.1,230.0,
2023-07-24 21:00:00,43295099999,Bengaluru,NOAA,20.4,96.4,,3.1,230.0,6.0
2023-07-25 00:00:00,43295099999,Bengaluru,NOAA,20.4,96.4,,2.1,230.0,
2023-07-25 03:00:00,43295099999,Bengaluru,NOAA,20.8,96.4,,3.1,230.0,7.0
2023-07-25 06:00:00,43295099999,Bengaluru,NOAA,22.8,78.2,,3.1,250.0,0.0
2023-07-25 09:00:00,43295099999,Bengaluru,NOAA,24.0,80.3,,2.6,270.0,0.0
2023-07-25 12:00:00,43295099999,Bengaluru,NOAA,22.2,94.6,,1.5,230.0,
2023-07-25 15:00:00,43295099999,Bengaluru,NOAA,21.4,92.9,,1.5,230.0,5.0
2023-07-25 18:00:00,43295099999,Bengaluru,NOAA,21.0,94.6,,1.0,270.0,12.0
2023-07-25 21:00:00,43295099999,Bengaluru,NOAA,20.2,94.6,,1.0,270.0,12.0
2023-07-26 00:00:00,43295099999,Bengaluru,NOAA,20.0,94.6,,1.0,230.0,12.0
2023-07-26 03:00:00,43295099999,Bengaluru,NOAA,20.6,98.2,,1.5,270.0,12.0
2023-07-26 06:00:00,43295099999,Bengaluru,NOAA,22.0,91.2,,2.1,230.0,0.1
2023-07-26 09:00:00,43295099999,Bengaluru,NOAA,23.4,81.7,,2.6,230.0,0.1
2023-07-26 12:00:00,43295099999,Bengaluru,NOAA,22.0,91.2,,3.1,270.0,4.0
2023-07-26 15:00:00,43295099999,Bengaluru,NOAA,20.8,96.4,,1.5,230.0,4.0
2023-07-26 18:00:00,43295099999,Bengaluru,NOAA,20.4,98.2,,1.5,230.0,4.0
2023-07-26 21:00:00,43295099999,Bengaluru,NOAA,19.8,98.2,,1.5,230.0,6.0
2023-07-27 00:00:00,43295099999,Bengaluru,NOAA,29.2,51.9,,1.5,230.0,7.0
2023-07-27 03:00:00,43295099999,Bengaluru,NOAA,20.0,90.5,,2.6,230.0,7.0
2023-07-27 06:00:00,43295099999,Bengaluru,NOAA,22.8,76.7,,3.1,230.0,
2023-07-27 09:00:00,43295099999,Bengaluru,NOAA,25.4,65.2,,1.5,230.0,
2023-07-27 12:00:00,43295099999,Bengaluru,NOAA,24.2,70.1,,3.1,270.0,
2023-07-27 15:00:00,43295099999,Bengaluru,NOAA,23.0,78.7,,1.5,270.0,0.0
2023-07-27 18:00:00,43295099999,Bengaluru,NOAA,21.6,91.2,,3.1,230.0,0.0
2023-07-27 21:00:00,43295099999,Bengaluru,NOAA,20.8,87.2,,3.1,230.0,0.0
2023-07-28 00:00:00,43295099999,Bengaluru,NOAA,20.8,80.9,,1.5,270.0,0.0
2023-07-28 03:00:00,43295099999,Bengaluru,NOAA,21.4,87.8,,2.1,270.0,0.0
2023-07-28 06:00:00,43295099999,Bengaluru,NOAA,25.2,69.4,,2.6,230.0,
2023-07-28 09:00:00,43295099999,Bengaluru,NOAA,26.8,67.6,,1.5,270.0,
2023-07-28 12:00:00,43295099999,Bengaluru,NOAA,25.4,73.9,,2.1,230.0,0.0
2023-07-28 15:00:00,43295099999,Bengaluru,NOAA,23.0,91.3,,2.1,270.0,1.0
2023-07-28 18:00:00,43295099999,Bengaluru,NOAA,22.2,89.6,,2.1,230.0,1.0
2023-07-28 21:00:00,43295099999,Bengaluru,NOAA,21.0,91.1,,3.1,230.0,2.0
2023-07-29 00:00:00,43295099999,Bengaluru,NOAA,20.4,91.1,,2.6,230.0,2.0
2023-07-29 03:00:00,43295099999,Bengaluru,NOAA,21.2,91.2,,1.5,230.0,2.0
2023-07-29 06:00:00,43295099999,Bengaluru,NOAA,24.0,74.6,,2.1,230.0,0.0
2023-07-29 09:00:00,43295099999,Bengaluru,NOAA,25.8,62.9,,3.1,250.0,0.0
2023-07-29 12:00:00,43295099999,Bengaluru,NOAA,24.8,74.7,,4.1,250.0,0.0
2023-07-29 15:00:00,43295099999,Bengaluru,NOAA,22.8,81.7,,2.6,290.0,0.6
2023-07-29 18:00:00,43295099999,Bengaluru,NOAA,21.8,84.7,,2.1,290.0,0.6
2023-07-29 21:00:00,43295099999,Bengaluru,NOAA,21.0,89.5,,1.0,270.0,0.6
2023-07-30 00:00:00,43295099999,Bengaluru,NOAA,20.2,92.8,,2.1,230.0,0.6
2023-07-30 03:00:00,43295099999,Bengaluru,NOAA,21.4,87.8,,2.6,230.0,0.6
2023-07-30 06:00:00,43295099999,Bengaluru,NOAA,26.0,67.0,,3.1,290.0,
2023-07-30 09:00:00,43295099999,Bengaluru,NOAA,28.4,52.7,,4.1,270.0,
2023-07-30 12:00:00,43295099999,Bengaluru,NOAA,27.6,66.9,,1.5,270.0,
2023-07-30 15:00:00,43295099999,Bengaluru,NOAA,25.2,69.4,,2.1,270.0,
2023-07-30 18:00:00,43295099999,Bengaluru,NOAA,23.0,76.8,,2.1,270.0,
2023-07-30 21:00:00,43295099999,Bengaluru,NOAA,21.4,89.5,,3.1,270.0,
2023-07-31 00:00:00,43295099999,Bengaluru,NOAA,21.4,89.5,,3.1,270.0,
2023-07-31 03:00:00,43295099999,Bengaluru,NOAA,23.0,86.4,,3.1,270.0,
2023-07-31 06:00:00,43295099999,Bengaluru,NOAA,25.6,64.1,,4.1,270.0,
2023-07-31 09:00:00,43295099999,Bengaluru,NOAA,28.6,55.1,,3.1,270.0,
2023-07-31 12:00:00,43295099999,Bengaluru,NOAA,27.4,61.7,,2.6,230.0,
2023-07-31 15:00:00,43295099999,Bengaluru,NOAA,25.0,73.3,,2.1,270.0,
2023-07-31 18:00:00,43295099999,Bengaluru,NOAA,23.0,83.2,,2.6,290.0,
2023-07-31 21:00:00,43295099999,Bengaluru,NOAA,21.8,87.9,,3.1,230.0,
2023-08-01 00:00:00,43295099999,Bengaluru,NOAA,21.0,92.9,,2.6,270.0,
2023-08-01 03:00:00,43295099999,Bengaluru,NOAA,22.0,89.5,,3.1,270.0,0.0
2023-08-01 06:00:00,43295099999,Bengaluru,NOAA,26.2,72.7,,3.1,250.0,
2023-08-01 09:00:00,43295099999,Bengaluru,NOAA,27.0,69.3,,2.1,230.0,0.0
2023-08-01 12:00:00,43295099999,Bengaluru,NOAA,27.4,57.6,,4.1,230.0,0.0
2023-08-01 15:00:00,43295099999,Bengaluru,NOAA,25.0,72.0,,4.1,270.0,0.0
2023-08-01 18:00:00,43295099999,Bengaluru,NOAA,22.6,87.9,,2.6,230.0,0.0
2023-08-01 21:00:00,43295099999,Bengaluru,NOAA,21.2,91.2,,3.1,230.0,0.0
2023-08-02 00:00:00,43295099999,Bengaluru,NOAA,20.0,94.6,,3.1,270.0,0.0
2023-08-02 03:00:00,43295099999,Bengaluru,NOAA,21.4,84.1,,3.1,270.0,0.0
2023-08-02 06:00:00,43295099999,Bengaluru,NOAA,26.0,67.0,,3.1,250.0,
2023-08-02 09:00:00,43295099999,Bengaluru,NOAA,28.2,52.3,,2.6,230.0,
2023-08-02 12:00:00,43295099999,Bengaluru,NOAA,27.2,55.1,,3.1,230.0,
2023-08-02 15:00:00,43295099999,Bengaluru,NOAA,25.0,65.1,,3.1,250.0,
2023-08-02 18:00:00,43295099999,Bengaluru,NOAA,23.0,81.7,,4.1,270.0,
2023-08-02 21:00:00,43295099999,Bengaluru,NOAA,21.4,89.5,,3.1,270.0,
2023-08-03 00:00:00,43295099999,Bengaluru,NOAA,20.8,91.1,,3.1,270.0,
2023-08-03 03:00:00,43295099999,Bengaluru,NOAA,22.0,86.3,,2.6,270.0,
2023-08-03 06:00:00,43295099999,Bengaluru,NOAA,25.3,66.0,,2.6,290.0,
2023-08-03 09:00:00,43295099999,Bengaluru,NOAA,27.8,51.8,,2.6,230.0,
2023-08-03 12:00:00,43295099999,Bengaluru,NOAA,27.0,52.3,,3.1,230.0,0.0
2023-08-03 15:00:00,43295099999,Bengaluru,NOAA,25.0,67.6,,2.6,250.0,0.0
2023-08-03 18:00:00,43295099999,Bengaluru,NOAA,22.8,78.2,,2.6,250.0,0.0
2023-08-03 21:00:00,43295099999,Bengaluru,NOAA,21.2,85.7,,2.6,270.0,0.0
2023-08-04 00:00:00,43295099999,Bengaluru,NOAA,20.4,92.8,,2.6,270.0,0.0
2023-08-04 03:00:00,43295099999,Bengaluru,NOAA,22.4,83.2,,4.1,230.0,0.0
2023-08-04 06:00:00,43295099999,Bengaluru,NOAA,26.2,61.8,,4.1,270.0,
2023-08-04 09:00:00,43295099999,Bengaluru,NOAA,29.2,55.6,,3.1,270.0,
2023-08-04 12:00:00,43295099999,Bengaluru,NOAA,27.6,53.1,,2.6,270.0,
2023-08-04 15:00:00,43295099999,Bengaluru,NOAA,25.0,69.4,,2.6,270.0,0.0
2023-08-04 18:00:00,43295099999,Bengaluru,NOAA,23.2,80.2,,3.1,230.0,0.0
2023-08-04 21:00:00,43295099999,Bengaluru,NOAA,21.6,87.9,,2.1,270.0,0.0
2023-08-05 00:00:00,43295099999,Bengaluru,NOAA,20.8,91.1,,3.1,290.0,0.0
2023-08-05 03:00:00,43295099999,Bengaluru,NOAA,22.0,87.9,,4.1,250.0,0.0
2023-08-05 06:00:00,43295099999,Bengaluru,NOAA,26.4,65.8,,3.1,230.0,
2023-08-05 09:00:00,43295099999,Bengaluru,NOAA,28.4,62.3,,3.1,230.0,
2023-08-05 12:00:00,43295099999,Bengaluru,NOAA,27.4,57.6,,3.1,230.0,
2023-08-05 15:00:00,43295099999,Bengaluru,NOAA,25.4,64.0,,4.1,270.0,
2023-08-05 18:00:00,43295099999,Bengaluru,NOAA,23.0,83.2,,3.1,250.0,0.1
2023-08-05 21:00:00,43295099999,Bengaluru,NOAA,22.0,87.9,,2.6,270.0,0.1
2023-08-06 00:00:00,43295099999,Bengaluru,NOAA,21.4,87.8,,4.1,270.0,0.2
2023-08-06 03:00:00,43295099999,Bengaluru,NOAA,22.4,89.6,,3.1,250.0,0.2
2023-08-06 06:00:00,43295099999,Bengaluru,NOAA,24.8,74.7,,2.6,230.0,
2023-08-06 09:00:00,43295099999,Bengaluru,NOAA,28.4,63.5,,3.1,250.0,
2023-08-06 12:00:00,43295099999,Bengaluru,NOAA,28.0,61.8,,1.0,290.0,
2023-08-06 15:00:00,43295099999,Bengaluru,NOAA,23.8,90.2,,0.0,,2.0
2023-08-06 18:00:00,43295099999,Bengaluru,NOAA,23.0,89.6,,2.1,230.0,2.0
2023-08-06 21:00:00,43295099999,Bengaluru,NOAA,21.8,89.5,,1.0,270.0,2.0
2023-08-07 00:00:00,43295099999,Bengaluru,NOAA,21.2,92.9,,1.5,270.0,2.0
2023-08-07 03:00:00,43295099999,Bengaluru,NOAA,21.4,87.8,,3.1,230.0,2.0
2023-08-07 06:00:00,43295099999,Bengaluru,NOAA,25.8,68.2,,4.1,270.0,
2023-08-07 09:00:00,43295099999,Bengaluru,NOAA,28.2,51.3,,4.1,230.0,
2023-08-07 12:00:00,43295099999,Bengaluru,NOAA,27.8,50.9,,2.6,270.0,
2023-08-07 18:00:00,43295099999,Bengaluru,NOAA,23.8,78.8,,2.1,230.0,0.0
2023-08-07 21:00:00,43295099999,Bengaluru,NOAA,22.0,84.7,,2.1,270.0,0.0
2023-08-08 00:00:00,43295099999,Bengaluru,NOAA,21.2,92.9,,1.5,270.0,0.0
2023-08-08 03:00:00,43295099999,Bengaluru,NOAA,22.0,86.3,,3.1,270.0,0.0
2023-08-08 06:00:00,43295099999,Bengaluru,NOAA,26.0,62.9,,3.1,270.0,
2023-08-08 09:00:00,43295099999,Bengaluru,NOAA,28.0,60.7,,2.1,230.0,
2023-08-08 12:00:00,43295099999,Bengaluru,NOAA,27.4,54.1,,0.0,,
2023-08-08 15:00:00,43295099999,Bengaluru,NOAA,25.0,67.6,,1.0,290.0,
2023-08-08 18:00:00,43295099999,Bengaluru,NOAA,22.4,91.2,,1.5,250.0,1.0
2023-08-08 21:00:00,43295099999,Bengaluru,NOAA,21.4,91.2,,1.0,270.0,1.0
2023-08-09 00:00:00,43295099999,Bengaluru,NOAA,21.4,91.2,,1.0,230.0,1.0
2023-08-09 03:00:00,43295099999,Bengaluru,NOAA,22.4,84.7,,1.5,270.0,1.0
2023-08-09 06:00:00,43295099999,Bengaluru,NOAA,27.4,64.0,,2.1,290.0,
2023-08-09 09:00:00,43295099999,Bengaluru,NOAA,29.0,54.2,,2.1,290.0,
2023-08-09 12:00:00,43295099999,Bengaluru,NOAA,28.6,56.5,,1.5,290.0,
2023-08-09 15:00:00,43295099999,Bengaluru,NOAA,25.2,63.6,,2.1,270.0,
2023-08-09 18:00:00,43295099999,Bengaluru,NOAA,24.2,78.9,,2.1,270.0,
2023-08-09 21:00:00,43295099999,Bengaluru,NOAA,23.0,88.0,,1.5,270.0,
2023-08-10 00:00:00,43295099999,Bengaluru,NOAA,22.0,91.2,,2.1,270.0,
2023-08-10 03:00:00,43295099999,Bengaluru,NOAA,22.8,83.2,,2.1,290.0,
2023-08-10 06:00:00,43295099999,Bengaluru,NOAA,27.2,68.1,,1.5,290.0,
2023-08-10 09:00:00,43295099999,Bengaluru,NOAA,29.0,60.2,,1.5,270.0,
2023-08-10 12:00:00,43295099999,Bengaluru,NOAA,28.6,60.1,,1.5,320.0,
2023-08-10 15:00:00,43295099999,Bengaluru,NOAA,26.2,64.6,,1.5,270.0,
2023-08-10 18:00:00,43295099999,Bengaluru,NOAA,24.0,82.3,,0.0,,
2023-08-10 21:00:00,43295099999,Bengaluru,NOAA,23.2,88.0,,1.0,270.0,
2023-08-11 00:00:00,43295099999,Bengaluru,NOAA,22.4,91.2,,1.5,290.0,
2023-08-11 03:00:00,43295099999,Bengaluru,NOAA,23.0,80.2,,1.5,270.0,
2023-08-11 06:00:00,43295099999,Bengaluru,NOAA,27.6,68.2,,1.5,270.0,
2023-08-11 09:00:00,43295099999,Bengaluru,NOAA,29.8,50.4,,2.1,320.0,
2023-08-11 12:00:00,43295099999,Bengaluru,NOAA,28.4,51.3,,0.0,,
2023-08-11 15:00:00,43295099999,Bengaluru,NOAA,25.6,69.5,,2.1,270.0,
2023-08-11 18:00:00,43295099999,Bengaluru,NOAA,24.8,76.6,,2.1,270.0,
2023-08-11 21:00:00,43295099999,Bengaluru,NOAA,23.2,83.2,,1.5,270.0,
2023-08-12 00:00:00,43295099999,Bengaluru,NOAA,,,,13.4,20.0,
2023-08-12 03:00:00,43295099999,Bengaluru,NOAA,23.8,80.3,,2.6,270.0,
2023-08-12 06:00:00,43295099999,Bengaluru,NOAA,27.2,62.8,,1.5,320.0,
2023-08-12 09:00:00,43295099999,Bengaluru,NOAA,30.4,50.0,,1.0,320.0,
2023-08-12 12:00:00,43295099999,Bengaluru,NOAA,28.4,56.1,,1.5,230.0,
2023-08-12 15:00:00,43295099999,Bengaluru,NOAA,25.2,72.0,,1.5,270.0,
2023-08-12 18:00:00,43295099999,Bengaluru,NOAA,24.2,78.9,,2.1,230.0,
2023-08-12 21:00:00,43295099999,Bengaluru,NOAA,23.0,80.2,,1.5,270.0,
2023-08-13 00:00:00,43295099999,Bengaluru,NOAA,21.8,87.9,,1.5,270.0,
2023-08-13 03:00:00,43295099999,Bengaluru,NOAA,23.2,78.7,,2.1,270.0,
2023-08-13 06:00:00,43295099999,Bengaluru,NOAA,27.0,61.2,,2.1,320.0,
2023-08-13 09:00:00,43295099999,Bengaluru,NOAA,30.0,48.3,,1.5,230.0,
2023-08-13 12:00:00,43295099999,Bengaluru,NOAA,29.0,49.6,,1.5,270.0,
2023-08-13 15:00:00,43295099999,Bengaluru,NOAA,25.0,75.2,,2.1,270.0,0.4
2023-08-13 18:00:00,43295099999,Bengaluru,NOAA,22.6,83.2,,2.1,270.0,0.4
2023-08-13 21:00:00,43295099999,Bengaluru,NOAA,22.6,83.2,,1.5,270.0,0.4
2023-08-14 00:00:00,43295099999,Bengaluru,NOAA,20.0,,,1.5,270.0,0.4
2023-08-14 03:00:00,43295099999,Bengaluru,NOAA,22.8,81.7,,1.5,320.0,0.4
2023-08-14 06:00:00,43295099999,Bengaluru,NOAA,27.0,65.2,,1.5,290.0,
2023-08-14 09:00:00,43295099999,Bengaluru,NOAA,29.8,52.7,,1.5,230.0,
2023-08-14 12:00:00,43295099999,Bengaluru,NOAA,29.2,50.0,,1.5,230.0,
2023-08-14 15:00:00,43295099999,Bengaluru,NOAA,26.6,59.6,,1.5,230.0,
2023-08-14 18:00:00,43295099999,Bengaluru,NOAA,25.0,65.1,,1.5,250.0,
2023-08-14 21:00:00,43295099999,Bengaluru,NOAA,23.0,80.2,,1.5,230.0,
2023-08-15 00:00:00,43295099999,Bengaluru,NOAA,21.6,82.5,,3.1,230.0,
2023-08-15 03:00:00,43295099999,Bengaluru,NOAA,23.8,71.3,,2.6,230.0,
2023-08-15 06:00:00,43295099999,Bengaluru,NOAA,28.8,49.5,,2.6,230.0,
2023-08-15 09:00:00,43295099999,Bengaluru,NOAA,29.8,43.9,,1.5,230.0,
2023-08-15 12:00:00,43295099999,Bengaluru,NOAA,29.0,39.6,,1.5,230.0,
2023-08-15 15:00:00,43295099999,Bengaluru,NOAA,26.6,58.1,,2.1,230.0,
2023-08-15 18:00:00,43295099999,Bengaluru,NOAA,25.0,63.5,,2.1,230.0,
2023-08-15 21:00:00,43295099999,Bengaluru,NOAA,22.6,81.6,,1.5,230.0,
2023-08-16 00:00:00,43295099999,Bengaluru,NOAA,22.0,84.7,,1.5,230.0,
2023-08-16 03:00:00,43295099999,Bengaluru,NOAA,24.0,72.7,,1.5,230.0,
2023-08-16 06:00:00,43295099999,Bengaluru,NOAA,27.6,55.5,,1.5,230.0,
2023-08-16 09:00:00,43295099999,Bengaluru,NOAA,30.6,39.6,,3.1,250.0,
2023-08-16 12:00:00,43295099999,Bengaluru,NOAA,29.8,41.7,,2.1,230.0,
2023-08-16 15:00:00,43295099999,Bengaluru,NOAA,27.0,57.5,,1.5,270.0,
2023-08-16 18:00:00,43295099999,Bengaluru,NOAA,25.6,71.2,,1.5,230.0,0.0
2023-08-16 21:00:00,43295099999,Bengaluru,NOAA,23.6,83.3,,2.1,270.0,0.0
2023-08-17 00:00:00,43295099999,Bengaluru,NOAA,22.2,86.3,,3.1,270.0,0.0
2023-08-17 03:00:00,43295099999,Bengaluru,NOAA,23.6,75.9,,3.1,250.0,0.0
2023-08-17 06:00:00,43295099999,Bengaluru,NOAA,27.8,57.0,,4.1,270.0,
2023-08-17 09:00:00,43295099999,Bengaluru,NOAA,30.0,48.3,,4.1,270.0,
2023-08-17 12:00:00,43295099999,Bengaluru,NOAA,28.8,51.8,,3.1,230.0,
2023-08-17 15:00:00,43295099999,Bengaluru,NOAA,26.6,59.6,,1.5,270.0,
2023-08-17 18:00:00,43295099999,Bengaluru,NOAA,24.2,73.2,,2.6,270.0,0.0
2023-08-17 21:00:00,43295099999,Bengaluru,NOAA,22.2,83.1,,2.1,270.0,0.0
2023-08-18 00:00:00,43295099999,Bengaluru,NOAA,21.6,82.5,,2.6,270.0,0.0
2023-08-18 03:00:00,43295099999,Bengaluru,NOAA,22.4,81.6,,3.1,250.0,0.0
2023-08-18 06:00:00,43295099999,Bengaluru,NOAA,26.6,60.8,,3.1,250.0,
2023-08-18 09:00:00,43295099999,Bengaluru,NOAA,28.0,59.6,,2.1,230.0,
2023-08-18 12:00:00,43295099999,Bengaluru,NOAA,28.1,52.9,,2.1,230.0,
2023-08-18 15:00:00,43295099999,Bengaluru,NOAA,25.0,63.5,,2.6,270.0,0.0
2023-08-18 18:00:00,43295099999,Bengaluru,NOAA,23.4,75.4,,2.6,270.0,0.0
2023-08-18 21:00:00,43295099999,Bengaluru,NOAA,22.0,86.3,,3.1,270.0,0.0
2023-08-19 00:00:00,43295099999,Bengaluru,NOAA,21.6,89.5,,3.1,270.0,0.0
2023-08-19 03:00:00,43295099999,Bengaluru,NOAA,22.0,86.3,,2.1,270.0,0.0
2023-08-19 06:00:00,43295099999,Bengaluru,NOAA,25.4,70.7,,4.1,230.0,0.0
2023-08-19 09:00:00,43295099999,Bengaluru,NOAA,27.6,60.2,,2.6,230.0,0.0
2023-08-19 12:00:00,43295099999,Bengaluru,NOAA,22.8,91.3,,2.6,270.0,8.0
2023-08-19 15:00:00,43295099999,Bengaluru,NOAA,22.8,83.2,,2.1,270.0,8.0
2023-08-19 18:00:00,43295099999,Bengaluru,NOAA,21.8,80.5,,2.6,270.0,8.0
2023-08-19 21:00:00,43295099999,Bengaluru,NOAA,21.0,87.8,,2.6,270.0,8.0
2023-08-20 00:00:00,43295099999,Bengaluru,NOAA,20.4,87.2,,2.6,270.0,8.0
2023-08-20 03:00:00,43295099999,Bengaluru,NOAA,21.8,87.9,,1.5,270.0,8.0
2023-08-20 06:00:00,43295099999,Bengaluru,NOAA,26.0,65.8,,2.6,270.0,
2023-08-20 09:00:00,43295099999,Bengaluru,NOAA,28.6,60.1,,2.6,270.0,
2023-08-20 12:00:00,43295099999,Bengaluru,NOAA,28.0,63.4,,3.1,270.0,
2023-08-20 15:00:00,43295099999,Bengaluru,NOAA,25.8,69.9,,1.5,320.0,0.0
2023-08-20 18:00:00,43295099999,Bengaluru,NOAA,23.4,80.2,,2.1,270.0,0.0
2023-08-20 21:00:00,43295099999,Bengaluru,NOAA,23.0,84.8,,1.5,230.0,0.0
2023-08-21 00:00:00,43295099999,Bengaluru,NOAA,21.8,86.3,,1.5,270.0,0.0
2023-08-21 03:00:00,43295099999,Bengaluru,NOAA,22.6,81.6,,1.5,270.0,0.0
2023-08-21 06:00:00,43295099999,Bengaluru,NOAA,27.0,62.4,,1.5,270.0,
2023-08-21 09:00:00,43295099999,Bengaluru,NOAA,30.0,48.3,,2.1,270.0,
2023-08-21 12:00:00,43295099999,Bengaluru,NOAA,29.0,48.4,,2.1,270.0,
2023-08-21 15:00:00,43295099999,Bengaluru,NOAA,25.2,69.4,,1.5,270.0,
2023-08-21 18:00:00,43295099999,Bengaluru,NOAA,24.2,76.0,,2.1,270.0,
2023-08-21 21:00:00,43295099999,Bengaluru,NOAA,22.8,86.3,,1.5,230.0,
2023-08-22 00:00:00,43295099999,Bengaluru,NOAA,22.0,84.7,,1.5,270.0,
2023-08-22 03:00:00,43295099999,Bengaluru,NOAA,25.0,75.2,,2.6,270.0,
2023-08-22 06:00:00,43295099999,Bengaluru,NOAA,27.4,62.9,,1.5,270.0,
2023-08-22 09:00:00,43295099999,Bengaluru,NOAA,30.2,54.1,,1.5,320.0,
2023-08-22 12:00:00,43295099999,Bengaluru,NOAA,29.0,58.0,,1.5,230.0,
2023-08-22 15:00:00,43295099999,Bengaluru,NOAA,25.6,76.7,,1.5,270.0,
2023-08-22 18:00:00,43295099999,Bengaluru,NOAA,25.4,69.4,,1.5,270.0,
2023-08-22 21:00:00,43295099999,Bengaluru,NOAA,23.6,75.9,,1.5,270.0,
2023-08-23 00:00:00,43295099999,Bengaluru,NOAA,22.2,86.3,,1.5,270.0,
2023-08-23 03:00:00,43295099999,Bengaluru,NOAA,22.3,82.1,,1.5,270.0,
2023-08-23 06:00:00,43295099999,Bengaluru,NOAA,27.4,60.2,,2.1,270.0,
2023-08-23 09:00:00,43295099999,Bengaluru,NOAA,30.4,45.5,,2.1,270.0,
2023-08-23 12:00:00,43295099999,Bengaluru,NOAA,30.4,44.6,,2.6,270.0,
2023-08-23 15:00:00,43295099999,Bengaluru,NOAA,26.6,53.2,,1.5,270.0,
2023-08-23 18:00:00,43295099999,Bengaluru,NOAA,25.8,65.7,,0.0,,
2023-08-23 21:00:00,43295099999,Bengaluru,NOAA,24.0,77.4,,2.1,270.0,0.0
2023-08-24 00:00:00,43295099999,Bengaluru,NOAA,22.4,83.2,,2.6,270.0,0.0
2023-08-24 03:00:00,43295099999,Bengaluru,NOAA,22.4,84.7,,1.5,270.0,0.0
2023-08-24 06:00:00,43295099999,Bengaluru,NOAA,27.0,56.1,,2.1,270.0,
2023-08-24 09:00:00,43295099999,Bengaluru,NOAA,29.2,50.9,,2.1,270.0,
2023-08-24 15:00:00,43295099999,Bengaluru,NOAA,26.0,57.6,,1.5,270.0,
2023-08-24 18:00:00,43295099999,Bengaluru,NOAA,24.6,65.9,,2.6,270.0,
2023-08-24 21:00:00,43295099999,Bengaluru,NOAA,22.6,83.2,,2.6,230.0,
2023-08-25 00:00:00,43295099999,Bengaluru,NOAA,21.6,84.1,,2.6,270.0,
2023-08-25 03:00:00,43295099999,Bengaluru,NOAA,23.0,72.1,,1.0,230.0,
2023-08-25 06:00:00,43295099999,Bengaluru,NOAA,28.0,50.9,,1.0,270.0,
2023-08-25 09:00:00,43295099999,Bengaluru,NOAA,31.0,38.9,,1.5,270.0,
2023-08-25 12:00:00,43295099999,Bengaluru,NOAA,30.0,45.1,,1.5,230.0,
2023-08-25 15:00:00,43295099999,Bengaluru,NOAA,27.0,50.7,,1.5,270.0,
2023-08-25 18:00:00,43295099999,Bengaluru,NOAA,25.0,66.4,,2.1,230.0,
2023-08-25 21:00:00,43295099999,Bengaluru,NOAA,23.0,88.0,,2.1,250.0,
2023-08-26 00:00:00,43295099999,Bengaluru,NOAA,22.4,87.9,,1.5,230.0,
2023-08-26 03:00:00,43295099999,Bengaluru,NOAA,23.0,80.2,,1.0,230.0,
2023-08-26 06:00:00,43295099999,Bengaluru,NOAA,28.8,56.5,,1.5,270.0,
2023-08-26 09:00:00,43295099999,Bengaluru,NOAA,30.0,50.5,,2.1,230.0,
2023-08-26 12:00:00,43295099999,Bengaluru,NOAA,30.0,50.5,,2.1,270.0,
2023-08-26 15:00:00,43295099999,Bengaluru,NOAA,27.2,66.4,,1.5,270.0,
2023-08-26 18:00:00,43295099999,Bengaluru,NOAA,24.6,78.0,,1.5,270.0,
2023-08-26 21:00:00,43295099999,Bengaluru,NOAA,23.8,81.8,,2.1,270.0,
2023-08-27 00:00:00,43295099999,Bengaluru,NOAA,22.6,83.2,,2.1,270.0,
2023-08-27 03:00:00,43295099999,Bengaluru,NOAA,23.4,72.6,,1.0,270.0,
2023-08-27 09:00:00,43295099999,Bengaluru,NOAA,31.2,49.5,,1.5,230.0,
2023-08-27 12:00:00,43295099999,Bengaluru,NOAA,28.4,58.6,,1.5,270.0,0.0
2023-08-27 15:00:00,43295099999,Bengaluru,NOAA,27.0,52.3,,2.1,270.0,0.0
2023-08-27 21:00:00,43295099999,Bengaluru,NOAA,23.8,78.8,,2.1,270.0,0.0
2023-08-28 00:00:00,43295099999,Bengaluru,NOAA,22.6,79.6,,2.1,270.0,0.0
2023-08-28 03:00:00,43295099999,Bengaluru,NOAA,24.4,67.5,,1.5,270.0,0.0
2023-08-28 06:00:00,43295099999,Bengaluru,NOAA,29.4,46.7,,1.5,290.0,
2023-08-28 09:00:00,43295099999,Bengaluru,NOAA,31.8,39.9,,1.5,270.0,
2023-08-28 12:00:00,43295099999,Bengaluru,NOAA,30.2,45.4,,1.5,270.0,
2023-08-28 15:00:00,43295099999,Bengaluru,NOAA,28.6,52.7,,2.1,320.0,
2023-08-28 18:00:00,43295099999,Bengaluru,NOAA,26.2,67.0,,2.1,270.0,
2023-08-28 21:00:00,43295099999,Bengaluru,NOAA,24.0,74.6,,1.5,230.0,
2023-08-29 00:00:00,43295099999,Bengaluru,NOAA,23.0,76.8,,2.6,270.0,
2023-08-29 03:00:00,43295099999,Bengaluru,NOAA,24.6,70.6,,1.0,270.0,
2023-08-29 06:00:00,43295099999,Bengaluru,NOAA,28.2,51.3,,2.1,230.0,
2023-08-29 09:00:00,43295099999,Bengaluru,NOAA,29.0,50.9,,2.1,230.0,
2023-08-29 12:00:00,43295099999,Bengaluru,NOAA,29.0,50.9,,1.5,270.0,
2023-08-29 15:00:00,43295099999,Bengaluru,NOAA,26.6,60.8,,2.1,270.0,
2023-08-29 18:00:00,43295099999,Bengaluru,NOAA,25.0,67.6,,2.1,270.0,
2023-08-29 21:00:00,43295099999,Bengaluru,NOAA,23.4,78.8,,2.1,230.0,
2023-08-30 00:00:00,43295099999,Bengaluru,NOAA,22.0,83.1,,2.1,270.0,
2023-08-30 03:00:00,43295099999,Bengaluru,NOAA,25.0,66.4,,1.0,230.0,
2023-08-30 06:00:00,43295099999,Bengaluru,NOAA,28.8,50.5,,2.1,270.0,
2023-08-30 09:00:00,43295099999,Bengaluru,NOAA,31.8,35.1,,2.1,270.0,
2023-08-30 12:00:00,43295099999,Bengaluru,NOAA,30.0,41.0,,1.5,270.0,
2023-08-30 15:00:00,43295099999,Bengaluru,NOAA,28.0,54.6,,2.1,270.0,
2023-08-30 18:00:00,43295099999,Bengaluru,NOAA,26.4,64.6,,1.5,270.0,
2023-08-30 21:00:00,43295099999,Bengaluru,NOAA,24.0,85.4,,2.1,230.0,0.4
2023-08-31 00:00:00,43295099999,Bengaluru,NOAA,23.4,84.8,,2.1,270.0,0.4
2023-08-31 03:00:00,43295099999,Bengaluru,NOAA,24.4,77.4,,1.0,270.0,0.4
2023-08-31 06:00:00,43295099999,Bengaluru,NOAA,27.8,61.8,,1.0,270.0,
2023-08-31 09:00:00,43295099999,Bengaluru,NOAA,30.6,52.2,,2.1,290.0,
2023-08-31 12:00:00,43295099999,Bengaluru,NOAA,28.2,53.6,,0.0,,
2023-08-31 15:00:00,43295099999,Bengaluru,NOAA,25.2,75.2,,1.5,230.0,
2023-08-31 18:00:00,43295099999,Bengaluru,NOAA,20.6,92.8,,1.5,140.0,65.0
2023-08-31 21:00:00,43295099999,Bengaluru,NOAA,20.5,95.8,,2.1,230.0,
2023-09-01 00:00:00,43295099999,Bengaluru,NOAA,20.2,98.2,,1.5,270.0,89.0
2023-09-01 03:00:00,43295099999,Bengaluru,NOAA,22.4,87.9,,0.0,,89.0
2023-09-01 06:00:00,43295099999,Bengaluru,NOAA,27.2,69.3,,1.0,270.0,
2023-09-01 09:00:00,43295099999,Bengaluru,NOAA,29.0,61.7,,0.0,,
2023-09-01 12:00:00,43295099999,Bengaluru,NOAA,27.4,69.4,,0.0,,
2023-09-01 15:00:00,43295099999,Bengaluru,NOAA,24.6,80.9,,1.5,180.0,
2023-09-01 18:00:00,43295099999,Bengaluru,NOAA,24.2,80.8,,2.6,230.0,
2023-09-01 21:00:00,43295099999,Bengaluru,NOAA,23.0,89.6,,2.6,180.0,
2023-09-02 00:00:00,43295099999,Bengaluru,NOAA,22.2,92.9,,2.6,270.0,
2023-09-02 03:00:00,43295099999,Bengaluru,NOAA,24.8,78.0,1050.0,1.5,270.0,
2023-09-02 06:00:00,43295099999,Bengaluru,NOAA,27.8,61.8,,1.0,290.0,
2023-09-02 09:00:00,43295099999,Bengaluru,NOAA,28.6,61.2,,1.5,290.0,0.0
2023-09-02 12:00:00,43295099999,Bengaluru,NOAA,24.6,79.4,,1.5,290.0,0.3
2023-09-02 15:00:00,43295099999,Bengaluru,NOAA,24.0,82.3,,1.5,230.0,0.3
2023-09-02 18:00:00,43295099999,Bengaluru,NOAA,23.4,86.4,,1.5,230.0,0.3
2023-09-02 21:00:00,43295099999,Bengaluru,NOAA,22.8,89.6,,2.1,230.0,0.4
2023-09-03 00:00:00,43295099999,Bengaluru,NOAA,21.6,92.9,,1.0,230.0,2.0
2023-09-03 03:00:00,43295099999,Bengaluru,NOAA,22.4,87.9,,2.1,270.0,2.0
2023-09-03 06:00:00,43295099999,Bengaluru,NOAA,26.6,66.3,,2.1,270.0,
2023-09-03 09:00:00,43295099999,Bengaluru,NOAA,27.0,62.4,,1.5,290.0,
2023-09-03 12:00:00,43295099999,Bengaluru,NOAA,26.4,63.4,,1.5,270.0,
2023-09-03 15:00:00,43295099999,Bengaluru,NOAA,25.0,70.7,,1.5,320.0,
2023-09-03 18:00:00,43295099999,Bengaluru,NOAA,23.2,72.6,,3.1,270.0,0.0
2023-09-03 21:00:00,43295099999,Bengaluru,NOAA,22.0,79.5,,2.6,230.0,0.0
2023-09-04 00:00:00,43295099999,Bengaluru,NOAA,21.6,86.2,,2.6,270.0,0.0
2023-09-04 03:00:00,43295099999,Bengaluru,NOAA,21.4,91.2,,2.1,230.0,0.2
2023-09-04 06:00:00,43295099999,Bengaluru,NOAA,24.8,63.5,,3.1,270.0,
2023-09-04 09:00:00,43295099999,Bengaluru,NOAA,24.6,64.7,,5.1,270.0,
2023-09-04 12:00:00,43295099999,Bengaluru,NOAA,23.2,72.6,,3.1,270.0,0.0
2023-09-04 15:00:00,43295099999,Bengaluru,NOAA,22.4,76.7,,1.5,230.0,
2023-09-04 18:00:00,43295099999,Bengaluru,NOAA,21.4,86.2,,2.6,230.0,0.0
2023-09-04 21:00:00,43295099999,Bengaluru,NOAA,21.4,82.5,,1.5,230.0,0.0
2023-09-05 00:00:00,43295099999,Bengaluru,NOAA,21.0,85.6,,2.1,230.0,0.0
2023-09-05 03:00:00,43295099999,Bengaluru,NOAA,22.0,84.7,,1.5,230.0,0.0
2023-09-05 06:00:00,43295099999,Bengaluru,NOAA,25.0,63.5,,3.1,270.0,
2023-09-05 09:00:00,43295099999,Bengaluru,NOAA,26.4,64.6,,3.1,320.0,0.0
2023-09-05 12:00:00,43295099999,Bengaluru,NOAA,24.0,90.2,,2.1,270.0,3.0
2023-09-05 15:00:00,43295099999,Bengaluru,NOAA,21.4,94.6,,1.0,270.0,18.0
2023-09-05 18:00:00,43295099999,Bengaluru,NOAA,21.0,96.4,,1.0,270.0,25.0
2023-09-05 21:00:00,43295099999,Bengaluru,NOAA,20.6,96.4,,1.5,230.0,25.0
2023-09-06 00:00:00,43295099999,Bengaluru,NOAA,20.6,96.4,,1.5,230.0,25.0
2023-09-06 03:00:00,43295099999,Bengaluru,NOAA,21.2,96.4,,1.5,270.0,25.0
2023-09-06 06:00:00,43295099999,Bengaluru,NOAA,23.4,84.8,,1.5,230.0,
2023-09-06 09:00:00,43295099999,Bengaluru,NOAA,27.4,60.2,,3.1,270.0,
2023-09-06 12:00:00,43295099999,Bengaluru,NOAA,26.2,64.6,,4.6,270.0,
2023-09-06 15:00:00,43295099999,Bengaluru,NOAA,22.8,83.2,,1.5,270.0,0.0
2023-09-06 18:00:00,43295099999,Bengaluru,NOAA,22.8,86.3,,3.1,270.0,0.0
2023-09-06 21:00:00,43295099999,Bengaluru,NOAA,22.0,87.9,,2.1,250.0,0.0
2023-09-07 00:00:00,43295099999,Bengaluru,NOAA,21.8,87.9,,2.6,270.0,0.0
2023-09-07 03:00:00,43295099999,Bengaluru,NOAA,23.2,78.7,,2.1,230.0,0.0
2023-09-07 06:00:00,43295099999,Bengaluru,NOAA,27.0,61.2,,1.5,230.0,0.0
2023-09-07 09:00:00,43295099999,Bengaluru,NOAA,28.0,52.2,,4.1,250.0,0.0
2023-09-07 12:00:00,43295099999,Bengaluru,NOAA,26.4,64.6,,4.1,250.0,0.0
2023-09-07 15:00:00,43295099999,Bengaluru,NOAA,22.4,89.6,,1.5,270.0,4.0
2023-09-07 18:00:00,43295099999,Bengaluru,NOAA,22.2,91.2,,3.1,230.0,4.0
2023-09-07 21:00:00,43295099999,Bengaluru,NOAA,21.6,89.5,,3.1,230.0,4.0
2023-09-08 00:00:00,43295099999,Bengaluru,NOAA,21.2,92.9,,2.6,230.0,4.0
2023-09-08 03:00:00,43295099999,Bengaluru,NOAA,22.0,87.9,,2.6,250.0,4.0
2023-09-08 06:00:00,43295099999,Bengaluru,NOAA,25.4,65.2,,2.6,270.0,
2023-09-08 09:00:00,43295099999,Bengaluru,NOAA,28.0,48.7,,4.1,250.0,
2023-09-08 12:00:00,43295099999,Bengaluru,NOAA,26.2,55.5,,4.1,250.0,
2023-09-08 15:00:00,43295099999,Bengaluru,NOAA,24.8,74.7,,2.1,230.0,0.0
2023-09-08 18:00:00,43295099999,Bengaluru,NOAA,23.0,80.2,,2.1,230.0,0.0
2023-09-08 21:00:00,43295099999,Bengaluru,NOAA,21.6,87.9,,2.1,230.0,0.0
2023-09-09 00:00:00,43295099999,Bengaluru,NOAA,21.0,92.9,,2.1,230.0,0.0
2023-09-09 03:00:00,43295099999,Bengaluru,NOAA,25.0,72.0,,2.6,230.0,0.0
2023-09-09 06:00:00,43295099999,Bengaluru,NOAA,27.2,51.4,,3.1,270.0,
2023-09-09 09:00:00,43295099999,Bengaluru,NOAA,29.0,54.2,,2.6,270.0,
2023-09-09 12:00:00,43295099999,Bengaluru,NOAA,28.2,51.3,,2.6,230.0,
2023-09-09 15:00:00,43295099999,Bengaluru,NOAA,25.0,63.5,,2.1,250.0,
2023-09-09 18:00:00,43295099999,Bengaluru,NOAA,23.4,78.8,,3.1,270.0,
2023-09-09 21:00:00,43295099999,Bengaluru,NOAA,22.2,83.1,,3.1,270.0,
2023-09-10 00:00:00,43295099999,Bengaluru,NOAA,21.6,86.2,,2.6,270.0,
2023-09-10 03:00:00,43295099999,Bengaluru,NOAA,22.2,86.3,,2.1,230.0,
2023-09-10 06:00:00,43295099999,Bengaluru,NOAA,26.6,55.6,,3.1,270.0,
2023-09-10 09:00:00,43295099999,Bengaluru,NOAA,29.0,54.2,,3.1,270.0,
2023-09-10 12:00:00,43295099999,Bengaluru,NOAA,28.0,49.6,,2.1,270.0,
2023-09-10 15:00:00,43295099999,Bengaluru,NOAA,24.2,82.3,,2.6,270.0,1.0
2023-09-10 18:00:00,43295099999,Bengaluru,NOAA,23.0,83.2,,3.1,270.0,1.0
2023-09-10 21:00:00,43295099999,Bengaluru,NOAA,21.6,89.5,,2.6,270.0,1.0
2023-09-11 00:00:00,43295099999,Bengaluru,NOAA,21.4,87.8,,2.1,250.0,1.0
2023-09-11 03:00:00,43295099999,Bengaluru,NOAA,22.8,81.7,,2.6,230.0,1.0
2023-09-11 06:00:00,43295099999,Bengaluru,NOAA,25.8,72.6,,2.6,230.0,
2023-09-11 09:00:00,43295099999,Bengaluru,NOAA,28.0,61.8,,3.1,270.0,
2023-09-11 12:00:00,43295099999,Bengaluru,NOAA,26.8,62.3,,2.1,270.0,
2023-09-11 15:00:00,43295099999,Bengaluru,NOAA,23.6,80.3,,1.5,270.0,
2023-09-11 18:00:00,43295099999,Bengaluru,NOAA,22.6,87.9,,1.5,230.0,
2023-09-11 21:00:00,43295099999,Bengaluru,NOAA,21.6,87.9,,2.1,230.0,
2023-09-12 00:00:00,43295099999,Bengaluru,NOAA,21.0,91.1,,1.5,230.0,
2023-09-12 03:00:00,43295099999,Bengaluru,NOAA,21.8,87.9,,4.1,270.0,
2023-09-12 06:00:00,43295099999,Bengaluru,NOAA,27.6,62.9,,2.1,290.0,
2023-09-12 09:00:00,43295099999,Bengaluru,NOAA,29.0,53.1,,3.1,290.0,
2023-09-12 12:00:00,43295099999,Bengaluru,NOAA,28.4,51.3,,2.1,290.0,
2023-09-12 15:00:00,43295099999,Bengaluru,NOAA,24.8,73.3,,2.1,270.0,
2023-09-12 18:00:00,43295099999,Bengaluru,NOAA,23.2,84.8,,2.1,270.0,
2023-09-12 21:00:00,43295099999,Bengaluru,NOAA,22.0,87.9,,2.1,230.0,
2023-09-13 00:00:00,43295099999,Bengaluru,NOAA,21.2,89.5,,2.1,230.0,
2023-09-13 03:00:00,43295099999,Bengaluru,NOAA,23.0,84.8,,2.6,270.0,
2023-09-13 06:00:00,43295099999,Bengaluru,NOAA,26.0,67.0,,3.1,270.0,
2023-09-13 09:00:00,43295099999,Bengaluru,NOAA,28.2,58.5,,2.1,230.0,
2023-09-13 12:00:00,43295099999,Bengaluru,NOAA,27.4,62.9,,2.6,270.0,0.0
2023-09-13 15:00:00,43295099999,Bengaluru,NOAA,22.0,92.9,,1.5,270.0,18.0
2023-09-13 18:00:00,43295099999,Bengaluru,NOAA,21.4,96.4,,1.5,270.0,19.0
2023-09-13 21:00:00,43295099999,Bengaluru,NOAA,20.4,94.6,,1.5,230.0,19.0
2023-09-14 00:00:00,43295099999,Bengaluru,NOAA,20.0,94.6,,1.5,230.0,19.0
2023-09-14 03:00:00,43295099999,Bengaluru,NOAA,21.6,91.2,,2.6,270.0,19.0
2023-09-14 06:00:00,43295099999,Bengaluru,NOAA,25.2,70.7,,2.6,270.0,
2023-09-14 09:00:00,43295099999,Bengaluru,NOAA,26.2,67.0,,2.1,270.0,
2023-09-14 12:00:00,43295099999,Bengaluru,NOAA,26.2,67.0,,2.1,270.0,
2023-09-14 15:00:00,43295099999,Bengaluru,NOAA,23.6,83.3,,3.1,270.0,0.0
2023-09-14 18:00:00,43295099999,Bengaluru,NOAA,22.0,87.9,,2.6,230.0,0.0
2023-09-14 21:00:00,43295099999,Bengaluru,NOAA,21.4,91.2,,4.1,270.0,0.0
2023-09-15 00:00:00,43295099999,Bengaluru,NOAA,21.0,92.9,,3.1,250.0,0.0
2023-09-15 03:00:00,43295099999,Bengaluru,NOAA,23.0,83.2,,1.5,270.0,0.0
2023-09-15 06:00:00,43295099999,Bengaluru,NOAA,26.2,67.0,,3.1,270.0,
2023-09-15 09:00:00,43295099999,Bengaluru,NOAA,26.8,68.8,,4.1,250.0,
2023-09-15 12:00:00,43295099999,Bengaluru,NOAA,25.2,79.5,,2.1,270.0,0.2
2023-09-15 15:00:00,43295099999,Bengaluru,NOAA,23.2,91.3,,2.6,230.0,1.0
2023-09-15 18:00:00,43295099999,Bengaluru,NOAA,23.0,88.0,,3.1,270.0,1.0
2023-09-15 21:00:00,43295099999,Bengaluru,NOAA,22.0,89.5,,2.1,230.0,1.0
2023-09-16 00:00:00,43295099999,Bengaluru,NOAA,21.6,91.2,,1.5,270.0,1.0
2023-09-16 03:00:00,43295099999,Bengaluru,NOAA,22.0,91.2,,1.5,250.0,1.0
2023-09-16 06:00:00,43295099999,Bengaluru,NOAA,24.0,83.9,,2.1,270.0,
2023-09-16 09:00:00,43295099999,Bengaluru,NOAA,27.6,64.1,,3.1,270.0,
2023-09-16 12:00:00,43295099999,Bengaluru,NOAA,25.6,65.3,,0.0,,
2023-09-16 15:00:00,43295099999,Bengaluru,NOAA,24.4,76.0,,2.6,230.0,
2023-09-16 18:00:00,43295099999,Bengaluru,NOAA,23.0,80.2,,2.6,230.0,
2023-09-16 21:00:00,43295099999,Bengaluru,NOAA,22.0,87.9,,2.1,230.0,0.0
2023-09-17 00:00:00,43295099999,Bengaluru,NOAA,21.8,89.5,,2.1,230.0,0.0
2023-09-17 03:00:00,43295099999,Bengaluru,NOAA,23.4,80.2,,2.6,270.0,0.0
2023-09-17 06:00:00,43295099999,Bengaluru,NOAA,26.2,68.7,,2.6,270.0,
2023-09-17 09:00:00,43295099999,Bengaluru,NOAA,28.8,61.3,,2.1,270.0,
2023-09-17 12:00:00,43295099999,Bengaluru,NOAA,27.6,64.1,,1.5,320.0,
2023-09-17 15:00:00,43295099999,Bengaluru,NOAA,24.0,90.2,,1.0,,7.0
2023-09-17 18:00:00,43295099999,Bengaluru,NOAA,22.4,92.9,,1.0,,9.0
2023-09-17 21:00:00,43295099999,Bengaluru,NOAA,21.6,92.9,,1.5,230.0,9.0
2023-09-18 00:00:00,43295099999,Bengaluru,NOAA,21.0,94.6,,1.5,230.0,9.0
2023-09-18 03:00:00,43295099999,Bengaluru,NOAA,22.0,89.5,,1.5,270.0,9.0
2023-09-18 06:00:00,43295099999,Bengaluru,NOAA,25.6,73.9,,2.1,270.0,
2023-09-18 09:00:00,43295099999,Bengaluru,NOAA,28.0,61.8,,1.5,230.0,
2023-09-18 12:00:00,43295099999,Bengaluru,NOAA,25.0,80.9,,4.1,230.0,0.4
2023-09-18 15:00:00,43295099999,Bengaluru,NOAA,22.8,93.0,,2.6,230.0,22.0
2023-09-18 18:00:00,43295099999,Bengaluru,NOAA,22.0,92.9,,2.6,230.0,22.0
2023-09-18 21:00:00,43295099999,Bengaluru,NOAA,21.6,94.6,,3.1,270.0,22.0
2023-09-19 00:00:00,43295099999,Bengaluru,NOAA,21.4,92.9,,2.6,270.0,22.0
2023-09-19 03:00:00,43295099999,Bengaluru,NOAA,23.0,85.8,,2.6,270.0,22.0
2023-09-19 06:00:00,43295099999,Bengaluru,NOAA,27.6,61.7,,2.1,270.0,
2023-09-19 09:00:00,43295099999,Bengaluru,NOAA,29.6,56.0,,2.1,270.0,
2023-09-19 12:00:00,43295099999,Bengaluru,NOAA,28.0,55.6,,2.1,270.0,
2023-09-20 00:00:00,43295099999,Bengaluru,NOAA,21.0,92.9,,1.5,230.0,1.0
2023-09-20 03:00:00,43295099999,Bengaluru,NOAA,22.4,89.6,,2.1,270.0,1.0
2023-09-20 06:00:00,43295099999,Bengaluru,NOAA,26.8,67.6,,1.5,250.0,
2023-09-20 09:00:00,43295099999,Bengaluru,NOAA,28.0,60.7,,1.5,180.0,
2023-09-20 12:00:00,43295099999,Bengaluru,NOAA,26.4,77.3,,1.0,230.0,0.4
2023-09-20 15:00:00,43295099999,Bengaluru,NOAA,22.4,91.2,,2.1,270.0,11.0
2023-09-20 18:00:00,43295099999,Bengaluru,NOAA,22.0,96.4,,1.5,270.0,
2023-09-20 21:00:00,43295099999,Bengaluru,NOAA,22.0,92.9,,2.1,250.0,11.0
2023-09-21 00:00:00,43295099999,Bengaluru,NOAA,21.0,94.6,,1.5,250.0,11.0
2023-09-21 03:00:00,43295099999,Bengaluru,NOAA,21.6,91.2,,2.1,270.0,11.0
2023-09-21 06:00:00,43295099999,Bengaluru,NOAA,25.0,76.6,,1.5,250.0,
2023-09-21 09:00:00,43295099999,Bengaluru,NOAA,26.8,68.8,,2.1,230.0,
2023-09-21 12:00:00,43295099999,Bengaluru,NOAA,26.2,69.6,,2.1,230.0,
2023-09-21 15:00:00,43295099999,Bengaluru,NOAA,24.4,82.4,,0.5,,
2023-09-21 18:00:00,43295099999,Bengaluru,NOAA,23.4,86.4,,2.1,270.0,0.0
2023-09-21 21:00:00,43295099999,Bengaluru,NOAA,21.6,94.6,,1.5,270.0,20.0
2023-09-22 00:00:00,43295099999,Bengaluru,NOAA,21.0,94.6,,1.5,270.0,20.0
2023-09-22 03:00:00,43295099999,Bengaluru,NOAA,22.0,92.9,,1.5,230.0,20.0
2023-09-22 06:00:00,43295099999,Bengaluru,NOAA,26.2,70.0,,1.5,230.0,
2023-09-22 09:00:00,43295099999,Bengaluru,NOAA,29.0,61.7,,1.5,230.0,
2023-09-22 12:00:00,43295099999,Bengaluru,NOAA,28.4,67.5,,1.0,230.0,
2023-09-22 15:00:00,43295099999,Bengaluru,NOAA,26.0,74.0,,2.1,230.0,0.0
2023-09-22 18:00:00,43295099999,Bengaluru,NOAA,23.2,89.6,,2.6,230.0,1.0
2023-09-22 21:00:00,43295099999,Bengaluru,NOAA,21.8,91.2,,1.5,230.0,1.0
2023-09-23 00:00:00,43295099999,Bengaluru,NOAA,22.2,94.6,,2.1,270.0,1.0
2023-09-23 03:00:00,43295099999,Bengaluru,NOAA,23.2,86.4,,2.1,250.0,1.0
2023-09-23 06:00:00,43295099999,Bengaluru,NOAA,26.8,70.6,,2.1,250.0,
2023-09-23 09:00:00,43295099999,Bengaluru,NOAA,29.6,60.7,,2.1,230.0,
2023-09-23 12:00:00,43295099999,Bengaluru,NOAA,28.8,59.0,,1.5,230.0,
2023-09-23 15:00:00,43295099999,Bengaluru,NOAA,26.4,77.3,,1.5,230.0,
2023-09-23 18:00:00,43295099999,Bengaluru,NOAA,23.8,93.0,,1.5,230.0,1.0
2023-09-23 21:00:00,43295099999,Bengaluru,NOAA,22.4,96.4,,2.1,230.0,2.0
2023-09-24 00:00:00,43295099999,Bengaluru,NOAA,21.6,96.4,,2.6,250.0,6.0
2023-09-24 03:00:00,43295099999,Bengaluru,NOAA,22.0,96.4,,2.1,230.0,6.0
2023-09-24 06:00:00,43295099999,Bengaluru,NOAA,25.8,76.7,,2.1,230.0,
2023-09-24 09:00:00,43295099999,Bengaluru,NOAA,28.4,66.3,,1.5,,
2023-09-24 12:00:00,43295099999,Bengaluru,NOAA,28.4,61.2,,1.5,230.0,
2023-09-24 15:00:00,43295099999,Bengaluru,NOAA,25.6,81.0,,2.1,270.0,
2023-09-24 18:00:00,43295099999,Bengaluru,NOAA,23.0,91.3,,2.6,230.0,5.0
2023-09-24 21:00:00,43295099999,Bengaluru,NOAA,22.0,89.5,,1.5,270.0,6.0
2023-09-25 00:00:00,43295099999,Bengaluru,NOAA,22.0,87.9,,2.1,230.0,6.0
2023-09-25 03:00:00,43295099999,Bengaluru,NOAA,22.0,89.5,,1.5,230.0,6.0
2023-09-25 06:00:00,43295099999,Bengaluru,NOAA,25.6,72.5,,2.1,250.0,
2023-09-25 09:00:00,43295099999,Bengaluru,NOAA,27.4,70.7,,1.5,230.0,
2023-09-25 12:00:00,43295099999,Bengaluru,NOAA,22.4,89.6,,3.1,230.0,20.0
2023-09-25 15:00:00,43295099999,Bengaluru,NOAA,22.0,92.9,,1.5,230.0,22.0
2023-09-25 18:00:00,43295099999,Bengaluru,NOAA,21.8,94.6,,1.5,270.0,23.0
2023-09-25 21:00:00,43295099999,Bengaluru,NOAA,21.6,94.6,,1.5,270.0,23.0
2023-09-26 00:00:00,43295099999,Bengaluru,NOAA,21.2,92.9,,1.5,270.0,23.0
2023-09-26 03:00:00,43295099999,Bengaluru,NOAA,22.2,87.9,,1.5,230.0,23.0
2023-09-26 06:00:00,43295099999,Bengaluru,NOAA,25.8,69.9,,1.5,230.0,
2023-09-26 09:00:00,43295099999,Bengaluru,NOAA,,,,41.2,20.0,
2023-09-26 12:00:00,43295099999,Bengaluru,NOAA,,,,38.1,20.0,
2023-09-26 15:00:00,43295099999,Bengaluru,NOAA,23.4,83.3,,1.5,230.0,1.0
2023-09-26 18:00:00,43295099999,Bengaluru,NOAA,22.2,84.7,,1.5,230.0,2.0
2023-09-26 21:00:00,43295099999,Bengaluru,NOAA,21.4,87.8,,2.1,230.0,2.0
2023-09-27 00:00:00,43295099999,Bengaluru,NOAA,21.2,89.5,,2.1,230.0,2.0
2023-09-27 03:00:00,43295099999,Bengaluru,NOAA,22.4,84.7,,1.5,230.0,2.0
2023-09-27 06:00:00,43295099999,Bengaluru,NOAA,26.2,65.8,,1.5,270.0,
2023-09-27 09:00:00,43295099999,Bengaluru,NOAA,27.4,60.2,,1.5,270.0,
2023-09-27 12:00:00,43295099999,Bengaluru,NOAA,26.0,67.0,,1.5,270.0,
2023-09-27 15:00:00,43295099999,Bengaluru,NOAA,25.0,69.4,,2.6,230.0,
2023-09-27 18:00:00,43295099999,Bengaluru,NOAA,22.8,75.3,,2.6,230.0,
2023-09-27 21:00:00,43295099999,Bengaluru,NOAA,21.4,89.5,,2.1,230.0,
2023-09-28 00:00:00,43295099999,Bengaluru,NOAA,21.0,91.1,,2.6,230.0,
2023-09-28 03:00:00,43295099999,Bengaluru,NOAA,22.2,86.3,,1.5,230.0,
2023-09-28 06:00:00,43295099999,Bengaluru,NOAA,25.5,69.9,,1.5,230.0,
2023-09-28 09:00:00,43295099999,Bengaluru,NOAA,27.4,65.2,,1.5,230.0,
2023-09-28 18:00:00,43295099999,Bengaluru,NOAA,21.4,92.9,,2.1,230.0,4.0
2023-09-28 21:00:00,43295099999,Bengaluru,NOAA,20.4,96.4,,2.1,230.0,5.0
2023-09-29 03:00:00,43295099999,Bengaluru,NOAA,21.6,87.9,,2.1,230.0,5.0
2023-09-29 06:00:00,43295099999,Bengaluru,NOAA,25.2,72.0,,1.5,230.0,
2023-09-29 09:00:00,43295099999,Bengaluru,NOAA,26.4,65.8,,2.1,230.0,
2023-09-29 12:00:00,43295099999,Bengaluru,NOAA,25.6,65.3,,1.5,230.0,
2023-09-29 15:00:00,43295099999,Bengaluru,NOAA,23.2,78.7,,2.1,230.0,
2023-09-29 21:00:00,43295099999,Bengaluru,NOAA,21.2,89.5,,2.6,230.0,
2023-09-30 00:00:00,43295099999,Bengaluru,NOAA,21.0,91.1,,3.1,230.0,
2023-09-30 03:00:00,43295099999,Bengaluru,NOAA,22.0,89.5,,2.6,230.0,0.0
2023-09-30 06:00:00,43295099999,Bengaluru,NOAA,25.0,75.2,,2.6,230.0,
2023-09-30 09:00:00,43295099999,Bengaluru,NOAA,27.0,66.4,,3.1,230.0,
2023-09-30 12:00:00,43295099999,Bengaluru,NOAA,24.6,78.0,,2.1,230.0,0.4
2023-09-30 15:00:00,43295099999,Bengaluru,NOAA,23.2,80.2,,2.1,230.0,0.4
2023-09-30 18:00:00,43295099999,Bengaluru,NOAA,22.0,84.7,,2.1,230.0,0.4
2023-09-30 21:00:00,43295099999,Bengaluru,NOAA,21.6,86.2,,2.1,230.0,0.4
2023-10-01 00:00:00,43295099999,Bengaluru,NOAA,21.2,91.2,,2.1,230.0,0.4
2023-10-01 03:00:00,43295099999,Bengaluru,NOAA,21.8,89.5,,3.1,230.0,0.4
2023-10-01 06:00:00,43295099999,Bengaluru,NOAA,26.0,72.6,,3.1,230.0,
2023-10-01 09:00:00,43295099999,Bengaluru,NOAA,28.0,59.6,,4.1,230.0,
2023-10-01 12:00:00,43295099999,Bengaluru,NOAA,26.4,64.6,,2.1,230.0,
2023-10-01 15:00:00,43295099999,Bengaluru,NOAA,24.4,74.6,,3.1,270.0,
2023-10-01 18:00:00,43295099999,Bengaluru,NOAA,22.4,84.7,,2.6,230.0,
2023-10-01 21:00:00,43295099999,Bengaluru,NOAA,21.6,89.5,,2.6,270.0,
2023-10-02 00:00:00,43295099999,Bengaluru,NOAA,21.0,92.9,,3.1,230.0,
2023-10-02 03:00:00,43295099999,Bengaluru,NOAA,22.0,87.9,,3.1,230.0,
2023-10-02 06:00:00,43295099999,Bengaluru,NOAA,27.4,60.2,,4.1,270.0,
2023-10-02 09:00:00,43295099999,Bengaluru,NOAA,28.6,50.4,,2.1,230.0,
2023-10-02 12:00:00,43295099999,Bengaluru,NOAA,27.8,54.5,,2.1,230.0,
2023-10-02 15:00:00,43295099999,Bengaluru,NOAA,,,,22.6,20.0,
2023-10-02 18:00:00,43295099999,Bengaluru,NOAA,23.4,75.4,,1.5,230.0,
2023-10-02 21:00:00,43295099999,Bengaluru,NOAA,21.4,87.8,,2.1,230.0,
2023-10-03 00:00:00,43295099999,Bengaluru,NOAA,20.8,92.3,,1.5,230.0,
2023-10-03 03:00:00,43295099999,Bengaluru,NOAA,23.2,75.8,,2.1,230.0,
2023-10-03 06:00:00,43295099999,Bengaluru,NOAA,27.0,60.1,,2.1,250.0,
2023-10-03 09:00:00,43295099999,Bengaluru,NOAA,29.0,55.5,,1.5,290.0,
2023-10-03 12:00:00,43295099999,Bengaluru,NOAA,28.4,53.7,,1.5,230.0,
2023-10-03 15:00:00,43295099999,Bengaluru,NOAA,24.2,73.2,,0.0,,
2023-10-03 18:00:00,43295099999,Bengaluru,NOAA,24.2,78.9,,2.1,230.0,
2023-10-03 21:00:00,43295099999,Bengaluru,NOAA,22.6,83.2,,1.5,230.0,
2023-10-04 00:00:00,43295099999,Bengaluru,NOAA,21.6,89.5,,2.6,250.0,
2023-10-04 03:00:00,43295099999,Bengaluru,NOAA,24.0,74.6,,2.6,230.0,
2023-10-04 06:00:00,43295099999,Bengaluru,NOAA,28.2,58.5,,1.5,270.0,
2023-10-04 09:00:00,43295099999,Bengaluru,NOAA,28.8,55.5,,1.5,230.0,
2023-10-04 12:00:00,43295099999,Bengaluru,NOAA,27.0,65.2,,1.0,,0.0
2023-10-04 15:00:00,43295099999,Bengaluru,NOAA,24.6,71.9,,1.5,270.0,0.0
2023-10-04 18:00:00,43295099999,Bengaluru,NOAA,24.2,74.6,,0.0,,0.0
2023-10-04 21:00:00,43295099999,Bengaluru,NOAA,23.4,80.2,,1.5,270.0,0.0
2023-10-05 00:00:00,43295099999,Bengaluru,NOAA,22.4,89.6,,2.1,230.0,0.0
2023-10-05 03:00:00,43295099999,Bengaluru,NOAA,23.4,84.8,,2.1,230.0,0.0
2023-10-05 06:00:00,43295099999,Bengaluru,NOAA,27.4,64.0,,2.6,270.0,
2023-10-05 09:00:00,43295099999,Bengaluru,NOAA,29.2,60.6,,1.0,,
2023-10-05 12:00:00,43295099999,Bengaluru,NOAA,28.4,61.2,,1.5,340.0,
2023-10-05 15:00:00,43295099999,Bengaluru,NOAA,26.0,74.0,,1.5,270.0,
2023-10-05 18:00:00,43295099999,Bengaluru,NOAA,24.6,79.4,,1.5,270.0,
2023-10-06 00:00:00,43295099999,Bengaluru,NOAA,22.8,86.3,,2.6,230.0,
2023-10-06 03:00:00,43295099999,Bengaluru,NOAA,24.4,79.4,,1.5,230.0,
2023-10-06 06:00:00,43295099999,Bengaluru,NOAA,28.4,59.7,,1.5,320.0,
2023-10-06 09:00:00,43295099999,Bengaluru,NOAA,29.0,53.1,,1.5,270.0,
2023-10-06 12:00:00,43295099999,Bengaluru,NOAA,27.2,58.7,,1.5,270.0,
2023-10-06 15:00:00,43295099999,Bengaluru,NOAA,24.4,74.6,,1.0,,
2023-10-06 18:00:00,43295099999,Bengaluru,NOAA,22.8,84.8,,1.0,,
2023-10-06 21:00:00,43295099999,Bengaluru,NOAA,23.0,83.2,,2.1,230.0,
2023-10-07 00:00:00,43295099999,Bengaluru,NOAA,22.8,89.6,,1.5,230.0,
2023-10-07 03:00:00,43295099999,Bengaluru,NOAA,23.2,84.8,,1.5,320.0,
2023-10-07 06:00:00,43295099999,Bengaluru,NOAA,29.0,54.2,,2.1,340.0,
2023-10-07 09:00:00,43295099999,Bengaluru,NOAA,29.2,54.5,,1.0,,
2023-10-07 12:00:00,43295099999,Bengaluru,NOAA,28.4,59.7,,1.0,,
2023-10-07 15:00:00,43295099999,Bengaluru,NOAA,25.4,72.5,,2.1,110.0,
2023-10-07 18:00:00,43295099999,Bengaluru,NOAA,24.2,80.8,,1.5,140.0,
2023-10-07 21:00:00,43295099999,Bengaluru,NOAA,23.6,78.8,,1.5,230.0,
2023-10-08 00:00:00,43295099999,Bengaluru,NOAA,22.6,84.7,,0.0,,
2023-10-08 03:00:00,43295099999,Bengaluru,NOAA,24.6,78.0,,0.0,,
2023-10-08 06:00:00,43295099999,Bengaluru,NOAA,28.4,62.3,,1.5,200.0,
2023-10-08 09:00:00,43295099999,Bengaluru,NOAA,28.4,62.3,,1.0,,
2023-10-08 12:00:00,43295099999,Bengaluru,NOAA,27.6,66.9,,0.0,,
2023-10-08 15:00:00,43295099999,Bengaluru,NOAA,22.6,87.9,,2.1,270.0,1.0
2023-10-08 18:00:00,43295099999,Bengaluru,NOAA,22.2,92.9,,1.5,270.0,7.0
2023-10-08 21:00:00,43295099999,Bengaluru,NOAA,22.4,91.2,,1.5,270.0,8.0
2023-10-09 00:00:00,43295099999,Bengaluru,NOAA,22.2,94.6,,1.5,270.0,13.0
2023-10-09 03:00:00,43295099999,Bengaluru,NOAA,22.4,94.7,,1.5,230.0,14.0
2023-10-09 06:00:00,43295099999,Bengaluru,NOAA,26.0,80.1,,1.0,,0.1
2023-10-09 09:00:00,43295099999,Bengaluru,NOAA,28.4,67.5,,1.5,50.0,0.1
2023-10-09 12:00:00,43295099999,Bengaluru,NOAA,24.6,87.0,,1.5,50.0,0.1
2023-10-09 15:00:00,43295099999,Bengaluru,NOAA,21.0,92.9,,0.0,,39.0
2023-10-09 18:00:00,43295099999,Bengaluru,NOAA,21.0,92.9,,2.1,140.0,59.0
2023-10-09 21:00:00,43295099999,Bengaluru,NOAA,21.0,96.4,,0.0,,66.0
2023-10-10 00:00:00,43295099999,Bengaluru,NOAA,20.8,96.4,,0.0,,66.0
2023-10-10 03:00:00,43295099999,Bengaluru,NOAA,20.8,96.4,,0.0,,66.0
2023-10-10 06:00:00,43295099999,Bengaluru,NOAA,26.8,67.6,,0.0,,
2023-10-10 09:00:00,43295099999,Bengaluru,NOAA,28.8,60.1,,1.5,20.0,
2023-10-10 12:00:00,43295099999,Bengaluru,NOAA,28.8,56.5,,1.5,20.0,
2023-10-10 15:00:00,43295099999,Bengaluru,NOAA,23.8,90.2,,1.0,,1.0
2023-10-10 18:00:00,43295099999,Bengaluru,NOAA,23.0,89.6,,1.0,,1.0
2023-10-10 21:00:00,43295099999,Bengaluru,NOAA,22.0,89.5,,2.6,230.0,1.0
2023-10-11 00:00:00,43295099999,Bengaluru,NOAA,22.0,91.2,,1.5,180.0,1.0
2023-10-11 03:00:00,43295099999,Bengaluru,NOAA,22.2,89.6,,0.0,,1.0
2023-10-11 06:00:00,43295099999,Bengaluru,NOAA,25.8,78.1,,1.0,50.0,
2023-10-11 09:00:00,43295099999,Bengaluru,NOAA,28.0,68.2,,1.5,270.0,
2023-10-11 12:00:00,43295099999,Bengaluru,NOAA,23.4,93.0,,0.0,,5.0
2023-10-11 15:00:00,43295099999,Bengaluru,NOAA,22.6,89.6,,0.0,,5.0
2023-10-11 18:00:00,43295099999,Bengaluru,NOAA,21.7,91.8,,0.0,,
2023-10-11 21:00:00,43295099999,Bengaluru,NOAA,21.6,89.5,,0.0,,5.0
2023-10-12 00:00:00,43295099999,Bengaluru,NOAA,21.4,91.2,,0.0,,5.0
2023-10-12 03:00:00,43295099999,Bengaluru,NOAA,23.4,86.4,,0.0,,5.0
2023-10-12 06:00:00,43295099999,Bengaluru,NOAA,27.2,64.0,,1.5,230.0,
2023-10-12 09:00:00,43295099999,Bengaluru,NOAA,28.6,47.0,,1.5,180.0,
2023-10-12 12:00:00,43295099999,Bengaluru,NOAA,25.8,62.9,,0.0,,
2023-10-12 15:00:00,43295099999,Bengaluru,NOAA,22.8,75.3,,0.0,,
2023-10-12 18:00:00,43295099999,Bengaluru,NOAA,21.6,81.0,,1.0,90.0,
2023-10-12 21:00:00,43295099999,Bengaluru,NOAA,20.8,87.2,,0.5,110.0,
2023-10-13 00:00:00,43295099999,Bengaluru,NOAA,20.0,87.2,,0.0,,
2023-10-13 03:00:00,43295099999,Bengaluru,NOAA,20.0,87.2,,0.0,,
2023-10-13 06:00:00,43295099999,Bengaluru,NOAA,28.4,38.0,,2.1,320.0,
2023-10-13 09:00:00,43295099999,Bengaluru,NOAA,30.4,30.4,,1.0,,
2023-10-13 12:00:00,43295099999,Bengaluru,NOAA,28.0,33.1,,1.0,,
2023-10-13 15:00:00,43295099999,Bengaluru,NOAA,23.0,60.3,,0.0,,
2023-10-13 18:00:00,43295099999,Bengaluru,NOAA,21.4,76.0,,0.0,,
2023-10-13 21:00:00,43295099999,Bengaluru,NOAA,20.8,82.4,,0.0,,
2023-10-14 00:00:00,43295099999,Bengaluru,NOAA,20.6,91.1,,0.0,,
2023-10-14 03:00:00,43295099999,Bengaluru,NOAA,20.6,91.1,,0.0,,
2023-10-14 06:00:00,43295099999,Bengaluru,NOAA,28.4,47.9,,0.0,,
2023-10-14 09:00:00,43295099999,Bengaluru,NOAA,30.0,37.9,,1.0,50.0,
2023-10-14 12:00:00,43295099999,Bengaluru,NOAA,28.2,47.5,,1.0,,
2023-10-14 15:00:00,43295099999,Bengaluru,NOAA,24.2,64.2,,1.0,50.0,
2023-10-14 18:00:00,43295099999,Bengaluru,NOAA,23.2,89.6,,1.5,110.0,1.0
2023-10-14 21:00:00,43295099999,Bengaluru,NOAA,22.2,91.2,,1.5,140.0,1.0
2023-10-15 00:00:00,43295099999,Bengaluru,NOAA,22.0,91.2,,0.0,,1.0
2023-10-15 03:00:00,43295099999,Bengaluru,NOAA,22.0,91.2,,0.0,,1.0
2023-10-15 06:00:00,43295099999,Bengaluru,NOAA,28.0,65.8,,1.0,90.0,
2023-10-15 09:00:00,43295099999,Bengaluru,NOAA,29.2,47.5,,1.5,140.0,
2023-10-15 12:00:00,43295099999,Bengaluru,NOAA,28.0,63.4,,1.5,230.0,
2023-10-15 15:00:00,43295099999,Bengaluru,NOAA,24.2,78.9,,1.5,90.0,
2023-10-15 18:00:00,43295099999,Bengaluru,NOAA,23.2,86.4,,1.0,,
2023-10-15 21:00:00,43295099999,Bengaluru,NOAA,23.4,86.4,,1.0,,
2023-10-16 00:00:00,43295099999,Bengaluru,NOAA,22.6,87.9,,0.0,,
2023-10-16 03:00:00,43295099999,Bengaluru,NOAA,22.6,87.9,,0.0,,
2023-10-16 06:00:00,43295099999,Bengaluru,NOAA,27.2,65.2,,1.5,140.0,
2023-10-16 09:00:00,43295099999,Bengaluru,NOAA,28.2,56.0,,2.1,110.0,
2023-10-16 12:00:00,43295099999,Bengaluru,NOAA,26.8,61.2,,1.5,50.0,
2023-10-16 15:00:00,43295099999,Bengaluru,NOAA,24.8,70.6,,1.0,140.0,
2023-10-16 18:00:00,43295099999,Bengaluru,NOAA,23.2,86.4,,1.5,140.0,
2023-10-16 21:00:00,43295099999,Bengaluru,NOAA,22.4,87.9,,2.1,140.0,
2023-10-17 00:00:00,43295099999,Bengaluru,NOAA,22.2,87.9,,1.0,,
2023-10-17 03:00:00,43295099999,Bengaluru,NOAA,24.0,76.0,,0.0,,
2023-10-17 06:00:00,43295099999,Bengaluru,NOAA,28.6,41.4,,2.6,50.0,
2023-10-17 09:00:00,43295099999,Bengaluru,NOAA,29.4,45.5,,1.0,,
2023-10-17 12:00:00,43295099999,Bengaluru,NOAA,27.4,55.1,,0.0,,
2023-10-17 15:00:00,43295099999,Bengaluru,NOAA,24.8,67.6,,1.5,140.0,
2023-10-17 18:00:00,43295099999,Bengaluru,NOAA,22.8,73.9,,1.5,50.0,
2023-10-17 21:00:00,43295099999,Bengaluru,NOAA,21.1,67.3,,2.1,140.0,
2023-10-18 00:00:00,43295099999,Bengaluru,NOAA,20.0,76.8,,0.0,,
2023-10-18 03:00:00,43295099999,Bengaluru,NOAA,23.6,56.7,,1.0,,
2023-10-18 06:00:00,43295099999,Bengaluru,NOAA,27.6,50.5,,2.1,70.0,
2023-10-18 09:00:00,43295099999,Bengaluru,NOAA,29.4,44.6,,2.1,50.0,
2023-10-18 12:00:00,43295099999,Bengaluru,NOAA,27.0,51.3,,1.5,50.0,
2023-10-18 15:00:00,43295099999,Bengaluru,NOAA,24.0,71.4,,1.5,140.0,
2023-10-18 18:00:00,43295099999,Bengaluru,NOAA,22.4,78.1,,1.5,90.0,
2023-10-18 21:00:00,43295099999,Bengaluru,NOAA,21.0,85.6,,0.0,,
2023-10-19 00:00:00,43295099999,Bengaluru,NOAA,19.6,87.1,,0.0,,
2023-10-19 03:00:00,43295099999,Bengaluru,NOAA,24.2,68.8,,0.5,,
2023-10-19 06:00:00,43295099999,Bengaluru,NOAA,28.2,47.5,,1.5,50.0,
2023-10-19 09:00:00,43295099999,Bengaluru,NOAA,29.0,45.1,,1.5,140.0,
2023-10-19 12:00:00,43295099999,Bengaluru,NOAA,28.2,46.6,,1.5,320.0,
2023-10-19 15:00:00,43295099999,Bengaluru,NOAA,24.0,65.8,,0.0,,
2023-10-19 18:00:00,43295099999,Bengaluru,NOAA,22.6,81.6,,1.5,90.0,
2023-10-19 21:00:00,43295099999,Bengaluru,NOAA,21.4,86.2,,1.0,,
2023-10-20 00:00:00,43295099999,Bengaluru,NOAA,20.2,85.6,,0.0,,
2023-10-20 03:00:00,43295099999,Bengaluru,NOAA,20.2,85.6,,0.0,,
2023-10-20 06:00:00,43295099999,Bengaluru,NOAA,27.4,52.7,,1.0,50.0,
2023-10-20 09:00:00,43295099999,Bengaluru,NOAA,29.4,43.5,,1.5,50.0,
2023-10-20 12:00:00,43295099999,Bengaluru,NOAA,27.4,50.4,,1.0,,
2023-10-20 15:00:00,43295099999,Bengaluru,NOAA,25.0,63.5,,2.1,90.0,
2023-10-20 18:00:00,43295099999,Bengaluru,NOAA,22.8,75.3,,1.0,90.0,
2023-10-20 21:00:00,43295099999,Bengaluru,NOAA,22.2,81.1,,1.5,90.0,
2023-10-21 00:00:00,43295099999,Bengaluru,NOAA,21.0,89.5,,0.5,90.0,
2023-10-21 03:00:00,43295099999,Bengaluru,NOAA,21.0,89.5,,0.5,90.0,
2023-10-21 06:00:00,43295099999,Bengaluru,NOAA,27.8,50.9,,2.1,90.0,
2023-10-21 09:00:00,43295099999,Bengaluru,NOAA,29.6,44.7,,1.0,,
2023-10-21 12:00:00,43295099999,Bengaluru,NOAA,27.6,54.1,,0.0,,
2023-10-21 15:00:00,43295099999,Bengaluru,NOAA,24.6,71.9,,0.0,,
2023-10-21 18:00:00,43295099999,Bengaluru,NOAA,23.0,80.2,,1.5,50.0,
2023-10-21 21:00:00,43295099999,Bengaluru,NOAA,22.6,79.6,,0.0,,
2023-10-22 00:00:00,43295099999,Bengaluru,NOAA,22.4,76.7,,0.0,,
2023-10-22 03:00:00,43295099999,Bengaluru,NOAA,24.0,58.6,,0.0,,
2023-10-22 06:00:00,43295099999,Bengaluru,NOAA,28.8,50.5,,1.0,,
2023-10-22 09:00:00,43295099999,Bengaluru,NOAA,30.2,38.0,,1.5,360.0,
2023-10-22 12:00:00,43295099999,Bengaluru,NOAA,27.6,44.7,,1.0,50.0,
2023-10-22 15:00:00,43295099999,Bengaluru,NOAA,24.6,63.4,,1.5,50.0,
2023-10-22 18:00:00,43295099999,Bengaluru,NOAA,22.2,76.6,,0.0,,
2023-10-22 21:00:00,43295099999,Bengaluru,NOAA,20.8,82.4,,0.0,,
2023-10-23 00:00:00,43295099999,Bengaluru,NOAA,19.8,87.1,,0.0,,
2023-10-23 03:00:00,43295099999,Bengaluru,NOAA,23.8,65.3,,0.5,90.0,
2023-10-23 06:00:00,43295099999,Bengaluru,NOAA,28.2,39.9,,1.0,360.0,
2023-10-23 09:00:00,43295099999,Bengaluru,NOAA,29.7,25.4,,1.0,320.0,
2023-10-23 12:00:00,43295099999,Bengaluru,NOAA,27.8,30.7,,1.0,320.0,
2023-10-23 15:00:00,43295099999,Bengaluru,NOAA,22.0,55.2,,0.0,,
2023-10-23 18:00:00,43295099999,Bengaluru,NOAA,20.0,60.4,,0.0,,
2023-10-23 21:00:00,43295099999,Bengaluru,NOAA,18.9,63.8,,0.5,20.0,
2023-10-24 00:00:00,43295099999,Bengaluru,NOAA,17.4,75.4,,0.0,,
2023-10-24 03:00:00,43295099999,Bengaluru,NOAA,24.4,57.6,,0.0,,
2023-10-24 06:00:00,43295099999,Bengaluru,NOAA,27.8,29.7,,1.0,230.0,
2023-10-24 09:00:00,43295099999,Bengaluru,NOAA,30.8,21.8,,1.5,360.0,
2023-10-24 12:00:00,43295099999,Bengaluru,NOAA,28.0,29.0,,1.5,320.0,
2023-10-24 15:00:00,43295099999,Bengaluru,NOAA,22.6,43.3,,0.0,,
2023-10-24 18:00:00,43295099999,Bengaluru,NOAA,20.2,56.2,,0.0,,
2023-10-24 21:00:00,43295099999,Bengaluru,NOAA,18.8,64.2,,0.0,,
2023-10-25 00:00:00,43295099999,Bengaluru,NOAA,17.8,72.1,,0.0,,
2023-10-25 03:00:00,43295099999,Bengaluru,NOAA,24.4,67.5,,1.5,140.0,
2023-10-25 06:00:00,43295099999,Bengaluru,NOAA,28.2,33.4,,1.5,90.0,
2023-10-25 09:00:00,43295099999,Bengaluru,NOAA,30.8,20.9,,1.0,,
2023-10-25 12:00:00,43295099999,Bengaluru,NOAA,28.0,30.0,,1.5,50.0,
2023-10-25 15:00:00,43295099999,Bengaluru,NOAA,22.6,50.2,,0.0,,
2023-10-25 18:00:00,43295099999,Bengaluru,NOAA,20.8,55.3,,0.0,,
2023-10-25 21:00:00,43295099999,Bengaluru,NOAA,19.6,70.1,,0.0,,
2023-10-26 00:00:00,43295099999,Bengaluru,NOAA,19.2,84.9,,0.0,,
2023-10-26 03:00:00,43295099999,Bengaluru,NOAA,23.4,74.0,,1.5,50.0,
2023-10-26 06:00:00,43295099999,Bengaluru,NOAA,27.8,46.2,,3.1,50.0,
2023-10-26 09:00:00,43295099999,Bengaluru,NOAA,29.6,33.4,,1.0,50.0,
2023-10-26 12:00:00,43295099999,Bengaluru,NOAA,27.6,38.0,,0.5,50.0,
2023-10-26 15:00:00,43295099999,Bengaluru,NOAA,22.8,53.3,,0.0,,
2023-10-26 18:00:00,43295099999,Bengaluru,NOAA,22.0,68.3,,1.0,90.0,
2023-10-26 21:00:00,43295099999,Bengaluru,NOAA,20.6,80.4,,0.5,90.0,
2023-10-27 00:00:00,43295099999,Bengaluru,NOAA,20.0,90.5,,0.0,,
2023-10-27 03:00:00,43295099999,Bengaluru,NOAA,24.0,64.1,,1.0,90.0,
2023-10-27 06:00:00,43295099999,Bengaluru,NOAA,27.2,43.2,,1.5,50.0,
2023-10-27 09:00:00,43295099999,Bengaluru,NOAA,28.8,43.9,,1.5,320.0,
2023-10-27 12:00:00,43295099999,Bengaluru,NOAA,26.8,49.6,,1.5,50.0,
2023-10-27 15:00:00,43295099999,Bengaluru,NOAA,23.6,64.0,,1.5,140.0,
2023-10-27 18:00:00,43295099999,Bengaluru,NOAA,23.4,78.8,,3.1,110.0,
2023-10-27 21:00:00,43295099999,Bengaluru,NOAA,21.8,86.3,,2.1,90.0,
2023-10-28 00:00:00,43295099999,Bengaluru,NOAA,21.2,85.7,,1.5,110.0,
2023-10-28 03:00:00,43295099999,Bengaluru,NOAA,24.4,70.1,,1.5,50.0,
2023-10-28 06:00:00,43295099999,Bengaluru,NOAA,28.8,55.5,,1.5,90.0,
2023-10-28 09:00:00,43295099999,Bengaluru,NOAA,28.4,50.1,,1.5,50.0,
2023-10-28 12:00:00,43295099999,Bengaluru,NOAA,26.8,53.6,,1.0,50.0,
2023-10-28 15:00:00,43295099999,Bengaluru,NOAA,24.2,68.8,,1.5,90.0,
2023-10-28 18:00:00,43295099999,Bengaluru,NOAA,22.8,76.7,,1.5,90.0,
2023-10-28 21:00:00,43295099999,Bengaluru,NOAA,22.0,86.3,,1.5,90.0,
2023-10-29 00:00:00,43295099999,Bengaluru,NOAA,21.8,87.9,,1.0,90.0,
2023-10-29 03:00:00,43295099999,Bengaluru,NOAA,23.4,78.8,,2.1,90.0,
2023-10-29 06:00:00,43295099999,Bengaluru,NOAA,27.4,59.1,,2.1,90.0,
2023-10-29 09:00:00,43295099999,Bengaluru,NOAA,28.0,54.6,,2.1,110.0,
2023-10-29 12:00:00,43295099999,Bengaluru,NOAA,27.0,57.5,,3.1,110.0,
2023-10-29 15:00:00,43295099999,Bengaluru,NOAA,24.5,67.1,,1.5,90.0,
2023-10-29 18:00:00,43295099999,Bengaluru,NOAA,23.5,72.2,,1.0,90.0,
2023-10-29 21:00:00,43295099999,Bengaluru,NOAA,22.3,84.2,,0.5,90.0,
2023-10-30 00:00:00,43295099999,Bengaluru,NOAA,20.9,88.9,,0.5,140.0,
2023-10-30 03:00:00,43295099999,Bengaluru,NOAA,22.0,84.7,,2.1,110.0,
2023-10-30 06:00:00,43295099999,Bengaluru,NOAA,26.2,65.8,,3.1,140.0,
2023-10-30 09:00:00,43295099999,Bengaluru,NOAA,26.8,58.6,,2.1,90.0,
2023-10-30 12:00:00,43295099999,Bengaluru,NOAA,25.8,64.1,,2.1,90.0,4.0
2023-10-30 15:00:00,43295099999,Bengaluru,NOAA,21.6,89.5,,1.5,90.0,9.0
2023-10-30 18:00:00,43295099999,Bengaluru,NOAA,21.0,91.1,,1.0,90.0,9.0
2023-10-30 21:00:00,43295099999,Bengaluru,NOAA,20.7,90.0,,1.5,90.0,9.0
2023-10-31 00:00:00,43295099999,Bengaluru,NOAA,20.0,90.5,,1.0,50.0,9.0
2023-10-31 03:00:00,43295099999,Bengaluru,NOAA,21.4,86.2,,2.1,90.0,9.0
2023-10-31 06:00:00,43295099999,Bengaluru,NOAA,25.2,65.2,,2.1,90.0,
2023-10-31 09:00:00,43295099999,Bengaluru,NOAA,26.6,62.3,,0.0,,
2023-10-31 12:00:00,43295099999,Bengaluru,NOAA,25.4,64.0,,1.0,,
2023-10-31 15:00:00,43295099999,Bengaluru,NOAA,23.4,75.4,,2.1,50.0,
2023-10-31 18:00:00,43295099999,Bengaluru,NOAA,22.0,87.9,,3.1,110.0,
2023-10-31 21:00:00,43295099999,Bengaluru,NOAA,21.0,87.8,,0.0,,
2023-11-01 00:00:00,43295099999,Bengaluru,NOAA,21.0,85.6,,2.1,110.0,
2023-11-01 03:00:00,43295099999,Bengaluru,NOAA,21.4,86.2,,1.5,110.0,
2023-11-01 06:00:00,43295099999,Bengaluru,NOAA,25.4,58.6,,0.5,70.0,
2023-11-01 09:00:00,43295099999,Bengaluru,NOAA,28.0,52.2,,1.0,50.0,
2023-11-01 12:00:00,43295099999,Bengaluru,NOAA,26.8,52.3,,1.0,50.0,
2023-11-01 15:00:00,43295099999,Bengaluru,NOAA,24.2,65.8,,1.0,90.0,
2023-11-01 18:00:00,43295099999,Bengaluru,NOAA,22.4,79.6,,1.0,90.0,
2023-11-01 21:00:00,43295099999,Bengaluru,NOAA,21.4,86.2,,1.0,90.0,
2023-11-02 00:00:00,43295099999,Bengaluru,NOAA,20.6,85.6,,1.0,90.0,
2023-11-02 03:00:00,43295099999,Bengaluru,NOAA,22.4,84.7,,1.5,360.0,
2023-11-02 06:00:00,43295099999,Bengaluru,NOAA,26.2,64.6,,1.0,90.0,
2023-11-02 09:00:00,43295099999,Bengaluru,NOAA,27.8,55.6,,1.5,90.0,
2023-11-02 12:00:00,43295099999,Bengaluru,NOAA,27.0,61.2,,1.0,,
2023-11-02 15:00:00,43295099999,Bengaluru,NOAA,24.6,76.1,,1.5,50.0,
2023-11-02 18:00:00,43295099999,Bengaluru,NOAA,23.4,86.4,,2.1,270.0,0.0
2023-11-02 21:00:00,43295099999,Bengaluru,NOAA,22.8,88.0,,1.5,140.0,0.0
2023-11-03 00:00:00,43295099999,Bengaluru,NOAA,21.8,89.5,,1.5,90.0,0.0
2023-11-03 03:00:00,43295099999,Bengaluru,NOAA,24.0,78.8,,2.1,70.0,0.0
2023-11-03 06:00:00,43295099999,Bengaluru,NOAA,28.4,52.7,,2.1,90.0,
2023-11-03 09:00:00,43295099999,Bengaluru,NOAA,30.0,46.2,,3.1,90.0,
2023-11-03 12:00:00,43295099999,Bengaluru,NOAA,25.0,69.4,,2.1,90.0,2.0
2023-11-03 15:00:00,43295099999,Bengaluru,NOAA,23.0,88.0,,1.5,90.0,2.0
2023-11-03 18:00:00,43295099999,Bengaluru,NOAA,22.4,87.9,,1.5,90.0,2.0
2023-11-03 21:00:00,43295099999,Bengaluru,NOAA,21.6,89.5,,1.5,90.0,2.0
2023-11-04 00:00:00,43295099999,Bengaluru,NOAA,21.0,91.1,,1.0,90.0,2.0
2023-11-04 03:00:00,43295099999,Bengaluru,NOAA,22.0,86.3,,1.5,90.0,2.0
2023-11-04 06:00:00,43295099999,Bengaluru,NOAA,27.0,64.0,,1.5,90.0,
2023-11-04 09:00:00,43295099999,Bengaluru,NOAA,28.0,61.8,,1.5,90.0,
2023-11-04 12:00:00,43295099999,Bengaluru,NOAA,23.4,84.8,,2.1,50.0,0.0
2023-11-04 15:00:00,43295099999,Bengaluru,NOAA,22.8,88.0,,0.0,,0.7
2023-11-04 18:00:00,43295099999,Bengaluru,NOAA,22.2,92.9,,0.0,,2.0
2023-11-04 21:00:00,43295099999,Bengaluru,NOAA,21.6,92.9,,1.0,90.0,2.0
2023-11-05 00:00:00,43295099999,Bengaluru,NOAA,21.4,92.9,,1.0,70.0,2.0
2023-11-05 03:00:00,43295099999,Bengaluru,NOAA,23.4,81.7,,1.5,70.0,2.0
2023-11-05 06:00:00,43295099999,Bengaluru,NOAA,26.0,67.0,,1.5,90.0,
2023-11-05 09:00:00,43295099999,Bengaluru,NOAA,27.4,61.7,,1.0,90.0,
2023-11-05 12:00:00,43295099999,Bengaluru,NOAA,25.4,66.9,,1.0,90.0,
2023-11-05 15:00:00,43295099999,Bengaluru,NOAA,23.8,80.3,,2.1,140.0,
2023-11-05 18:00:00,43295099999,Bengaluru,NOAA,22.8,84.8,,2.1,140.0,
2023-11-05 21:00:00,43295099999,Bengaluru,NOAA,22.4,87.9,,1.0,160.0,
2023-11-06 00:00:00,43295099999,Bengaluru,NOAA,22.2,87.9,,1.0,160.0,
2023-11-06 03:00:00,43295099999,Bengaluru,NOAA,24.2,80.8,,1.5,90.0,
2023-11-06 06:00:00,43295099999,Bengaluru,NOAA,26.6,63.5,,1.0,,
2023-11-06 09:00:00,43295099999,Bengaluru,NOAA,27.8,58.1,,1.0,,
2023-11-06 12:00:00,43295099999,Bengaluru,NOAA,22.8,89.6,,1.0,,0.4
2023-11-06 15:00:00,43295099999,Bengaluru,NOAA,22.4,92.9,,1.5,140.0,3.0
2023-11-06 21:00:00,43295099999,Bengaluru,NOAA,19.8,90.5,,0.0,,67.0
2023-11-07 00:00:00,43295099999,Bengaluru,NOAA,19.8,96.3,,0.0,,71.0
2023-11-07 03:00:00,43295099999,Bengaluru,NOAA,20.6,98.2,,0.0,,71.0
2023-11-07 06:00:00,43295099999,Bengaluru,NOAA,23.0,86.4,,0.0,,0.1
2023-11-07 09:00:00,43295099999,Bengaluru,NOAA,25.0,75.2,,1.5,50.0,0.1
2023-11-07 12:00:00,43295099999,Bengaluru,NOAA,21.6,89.5,,1.0,90.0,26.0
2023-11-07 15:00:00,43295099999,Bengaluru,NOAA,21.8,92.9,,0.0,,27.0
2023-11-07 18:00:00,43295099999,Bengaluru,NOAA,21.6,92.9,,1.0,90.0,27.0
2023-11-07 21:00:00,43295099999,Bengaluru,NOAA,21.4,92.9,,0.0,,27.0
2023-11-08 00:00:00,43295099999,Bengaluru,NOAA,21.0,92.9,,1.0,90.0,29.0
2023-11-08 03:00:00,43295099999,Bengaluru,NOAA,23.0,84.8,,1.5,140.0,29.0
2023-11-08 06:00:00,43295099999,Bengaluru,NOAA,25.0,75.2,,1.5,90.0,
2023-11-08 09:00:00,43295099999,Bengaluru,NOAA,27.0,67.6,,1.5,90.0,
2023-11-08 12:00:00,43295099999,Bengaluru,NOAA,25.2,75.2,,1.5,90.0,
2023-11-08 15:00:00,43295099999,Bengaluru,NOAA,22.4,89.6,,0.0,,
2023-11-08 18:00:00,43295099999,Bengaluru,NOAA,21.8,91.2,,0.0,,
2023-11-08 21:00:00,43295099999,Bengaluru,NOAA,21.8,91.2,,1.0,70.0,
2023-11-09 00:00:00,43295099999,Bengaluru,NOAA,21.0,92.9,,1.0,90.0,
2023-11-09 03:00:00,43295099999,Bengaluru,NOAA,22.0,89.5,,1.5,50.0,
2023-11-09 06:00:00,43295099999,Bengaluru,NOAA,24.4,77.4,,1.5,140.0,
2023-11-09 09:00:00,43295099999,Bengaluru,NOAA,26.4,65.8,,1.5,90.0,
2023-11-09 12:00:00,43295099999,Bengaluru,NOAA,25.0,67.6,,0.0,,
2023-11-09 15:00:00,43295099999,Bengaluru,NOAA,23.0,78.7,,2.6,90.0,
2023-11-09 18:00:00,43295099999,Bengaluru,NOAA,22.0,86.3,,2.1,90.0,
2023-11-09 21:00:00,43295099999,Bengaluru,NOAA,21.0,87.8,,2.1,90.0,
2023-11-10 00:00:00,43295099999,Bengaluru,NOAA,20.0,88.8,,2.1,90.0,
2023-11-10 03:00:00,43295099999,Bengaluru,NOAA,21.8,87.9,,1.5,90.0,
2023-11-10 06:00:00,43295099999,Bengaluru,NOAA,25.6,73.9,,1.0,50.0,
2023-11-10 09:00:00,43295099999,Bengaluru,NOAA,27.2,64.0,,1.5,110.0,
2023-11-10 12:00:00,43295099999,Bengaluru,NOAA,25.2,73.8,,0.0,,
2023-11-10 15:00:00,43295099999,Bengaluru,NOAA,23.0,81.7,,1.5,50.0,
2023-11-10 18:00:00,43295099999,Bengaluru,NOAA,22.0,84.7,,2.1,50.0,
2023-11-10 21:00:00,43295099999,Bengaluru,NOAA,20.0,92.8,,0.0,,
2023-11-11 00:00:00,43295099999,Bengaluru,NOAA,19.0,90.4,,0.0,,
2023-11-11 03:00:00,43295099999,Bengaluru,NOAA,21.8,68.3,,1.0,90.0,
2023-11-11 06:00:00,43295099999,Bengaluru,NOAA,27.4,37.7,,1.5,110.0,
2023-11-11 09:00:00,43295099999,Bengaluru,NOAA,29.0,32.6,,2.6,90.0,
2023-11-11 12:00:00,43295099999,Bengaluru,NOAA,26.0,45.1,,1.5,90.0,
2023-11-11 15:00:00,43295099999,Bengaluru,NOAA,22.8,70.7,,2.1,90.0,
2023-11-11 18:00:00,43295099999,Bengaluru,NOAA,20.8,87.8,,2.1,50.0,
2023-11-11 21:00:00,43295099999,Bengaluru,NOAA,19.4,92.2,,0.0,,
2023-11-12 00:00:00,43295099999,Bengaluru,NOAA,18.8,94.5,,1.0,,
2023-11-12 03:00:00,43295099999,Bengaluru,NOAA,21.8,79.5,,1.5,50.0,
2023-11-12 06:00:00,43295099999,Bengaluru,NOAA,25.8,55.1,,3.1,70.0,
2023-11-12 09:00:00,43295099999,Bengaluru,NOAA,27.4,45.5,,3.1,70.0,
2023-11-12 12:00:00,43295099999,Bengaluru,NOAA,25.4,58.6,,2.1,50.0,
2023-11-12 15:00:00,43295099999,Bengaluru,NOAA,22.0,73.3,,1.0,,
2023-11-12 18:00:00,43295099999,Bengaluru,NOAA,20.8,72.6,,2.1,50.0,
2023-11-12 21:00:00,43295099999,Bengaluru,NOAA,19.0,79.6,,1.0,50.0,
2023-11-13 00:00:00,43295099999,Bengaluru,NOAA,18.0,84.8,,1.0,50.0,
2023-11-13 03:00:00,43295099999,Bengaluru,NOAA,21.0,74.1,,2.1,50.0,
2023-11-13 06:00:00,43295099999,Bengaluru,NOAA,25.6,60.1,,1.5,70.0,
2023-11-13 09:00:00,43295099999,Bengaluru,NOAA,27.2,55.1,,1.0,70.0,
2023-11-13 12:00:00,43295099999,Bengaluru,NOAA,24.6,60.7,,0.0,,
2023-11-13 15:00:00,43295099999,Bengaluru,NOAA,22.4,75.2,,1.5,50.0,
2023-11-13 18:00:00,43295099999,Bengaluru,NOAA,20.8,84.0,,1.0,50.0,
2023-11-13 21:00:00,43295099999,Bengaluru,NOAA,19.4,94.5,,1.5,50.0,
2023-11-14 00:00:00,43295099999,Bengaluru,NOAA,19.0,94.5,,1.5,50.0,
2023-11-14 03:00:00,43295099999,Bengaluru,NOAA,20.4,84.0,,1.5,50.0,
2023-11-14 06:00:00,43295099999,Bengaluru,NOAA,23.0,61.9,,1.5,50.0,
2023-11-14 09:00:00,43295099999,Bengaluru,NOAA,23.6,59.7,,2.1,50.0,
2023-11-14 12:00:00,43295099999,Bengaluru,NOAA,21.4,74.6,,0.0,,0.0
2023-11-14 15:00:00,43295099999,Bengaluru,NOAA,21.0,76.0,,1.5,50.0,0.0
2023-11-14 18:00:00,43295099999,Bengaluru,NOAA,20.8,85.6,,1.5,90.0,0.0
2023-11-14 21:00:00,43295099999,Bengaluru,NOAA,20.2,84.0,,2.6,70.0,
2023-11-15 00:00:00,43295099999,Bengaluru,NOAA,20.0,87.2,,1.5,50.0,0.0
2023-11-15 03:00:00,43295099999,Bengaluru,NOAA,22.4,76.7,,0.0,,0.0
2023-11-15 06:00:00,43295099999,Bengaluru,NOAA,26.2,52.8,,1.5,70.0,
2023-11-15 09:00:00,43295099999,Bengaluru,NOAA,27.4,50.4,,2.1,50.0,
2023-11-15 12:00:00,43295099999,Bengaluru,NOAA,25.4,58.6,,1.5,50.0,
2023-11-15 15:00:00,43295099999,Bengaluru,NOAA,22.4,75.2,,1.0,50.0,
2023-11-15 18:00:00,43295099999,Bengaluru,NOAA,21.4,77.5,,1.0,,
2023-11-15 21:00:00,43295099999,Bengaluru,NOAA,20.4,85.6,,0.0,,
2023-11-16 00:00:00,43295099999,Bengaluru,NOAA,19.4,88.8,,0.0,,
2023-11-16 03:00:00,43295099999,Bengaluru,NOAA,22.8,57.2,,2.1,50.0,
2023-11-16 06:00:00,43295099999,Bengaluru,NOAA,28.0,42.8,,1.5,50.0,
2023-11-16 09:00:00,43295099999,Bengaluru,NOAA,29.0,49.6,,1.5,50.0,
2023-11-16 12:00:00,43295099999,Bengaluru,NOAA,26.6,62.3,,1.5,140.0,
2023-11-16 15:00:00,43295099999,Bengaluru,NOAA,24.8,68.9,,0.0,,
2023-11-16 18:00:00,43295099999,Bengaluru,NOAA,22.6,81.6,,0.0,,
2023-11-16 21:00:00,43295099999,Bengaluru,NOAA,21.6,91.2,,1.5,70.0,
2023-11-17 00:00:00,43295099999,Bengaluru,NOAA,21.6,92.9,,1.5,90.0,
2023-11-17 03:00:00,43295099999,Bengaluru,NOAA,22.8,78.2,,1.5,140.0,
2023-11-17 06:00:00,43295099999,Bengaluru,NOAA,27.8,57.0,,1.5,140.0,
2023-11-17 09:00:00,43295099999,Bengaluru,NOAA,28.4,47.9,,1.0,50.0,
2023-11-17 12:00:00,43295099999,Bengaluru,NOAA,26.4,53.2,,0.0,,
2023-11-17 15:00:00,43295099999,Bengaluru,NOAA,23.4,72.6,,1.5,90.0,
2023-11-17 18:00:00,43295099999,Bengaluru,NOAA,22.6,87.9,,2.6,90.0,
2023-11-17 21:00:00,43295099999,Bengaluru,NOAA,21.8,91.2,,2.1,90.0,
2023-11-18 00:00:00,43295099999,Bengaluru,NOAA,20.4,88.9,,1.0,90.0,
2023-11-18 03:00:00,43295099999,Bengaluru,NOAA,23.4,74.0,,1.0,20.0,
2023-11-18 06:00:00,43295099999,Bengaluru,NOAA,27.6,59.1,,1.5,20.0,
2023-11-18 09:00:00,43295099999,Bengaluru,NOAA,28.8,52.8,,1.5,70.0,
2023-11-18 12:00:00,43295099999,Bengaluru,NOAA,27.2,55.1,,1.0,50.0,
2023-11-18 15:00:00,43295099999,Bengaluru,NOAA,24.0,70.0,,2.6,90.0,
2023-11-18 18:00:00,43295099999,Bengaluru,NOAA,22.0,79.5,,1.5,140.0,
2023-11-18 21:00:00,43295099999,Bengaluru,NOAA,20.6,82.4,,2.6,50.0,
2023-11-19 00:00:00,43295099999,Bengaluru,NOAA,19.6,80.2,,1.5,50.0,
2023-11-19 03:00:00,43295099999,Bengaluru,NOAA,23.4,60.8,,2.1,70.0,
2023-11-19 06:00:00,43295099999,Bengaluru,NOAA,27.4,44.4,,2.6,50.0,
2023-11-19 09:00:00,43295099999,Bengaluru,NOAA,29.0,41.7,,2.1,50.0,
2023-11-19 12:00:00,43295099999,Bengaluru,NOAA,25.6,52.3,,2.1,70.0,
2023-11-19 15:00:00,43295099999,Bengaluru,NOAA,22.8,68.9,,1.5,90.0,
2023-11-19 18:00:00,43295099999,Bengaluru,NOAA,21.4,81.0,,2.1,90.0,
2023-11-19 21:00:00,43295099999,Bengaluru,NOAA,20.0,88.8,,1.0,90.0,
2023-11-20 00:00:00,43295099999,Bengaluru,NOAA,19.2,87.1,,0.0,,
2023-11-20 03:00:00,43295099999,Bengaluru,NOAA,22.4,67.1,,1.5,50.0,
2023-11-20 06:00:00,43295099999,Bengaluru,NOAA,27.0,48.8,,2.1,70.0,
2023-11-20 09:00:00,43295099999,Bengaluru,NOAA,28.6,50.4,,1.5,50.0,
2023-11-20 12:00:00,43295099999,Bengaluru,NOAA,25.8,61.7,,1.0,50.0,
2023-11-20 15:00:00,43295099999,Bengaluru,NOAA,22.2,81.1,,2.1,70.0,
2023-11-20 18:00:00,43295099999,Bengaluru,NOAA,22.0,83.1,,1.0,50.0,
2023-11-20 21:00:00,43295099999,Bengaluru,NOAA,21.8,81.0,,1.0,,
2023-11-21 00:00:00,43295099999,Bengaluru,NOAA,20.8,85.6,,1.0,,
2023-11-21 03:00:00,43295099999,Bengaluru,NOAA,22.4,81.6,,2.1,50.0,
2023-11-21 06:00:00,43295099999,Bengaluru,NOAA,24.6,76.1,,2.1,50.0,
2023-11-21 09:00:00,43295099999,Bengaluru,NOAA,25.0,73.3,,1.5,50.0,
2023-11-21 12:00:00,43295099999,Bengaluru,NOAA,24.0,78.8,,1.5,360.0,
2023-11-21 15:00:00,43295099999,Bengaluru,NOAA,22.4,84.7,,1.5,50.0,
2023-11-21 18:00:00,43295099999,Bengaluru,NOAA,21.6,91.2,,2.1,70.0,
2023-11-21 21:00:00,43295099999,Bengaluru,NOAA,21.6,92.9,,2.1,50.0,
2023-11-22 00:00:00,43295099999,Bengaluru,NOAA,21.4,92.9,,0.0,,
2023-11-22 03:00:00,43295099999,Bengaluru,NOAA,23.6,81.8,,1.0,50.0,
2023-11-22 06:00:00,43295099999,Bengaluru,NOAA,26.2,64.6,,1.0,360.0,
2023-11-22 09:00:00,43295099999,Bengaluru,NOAA,27.8,64.5,,1.5,90.0,
2023-11-22 12:00:00,43295099999,Bengaluru,NOAA,23.2,93.0,,0.0,,2.0
2023-11-22 15:00:00,43295099999,Bengaluru,NOAA,22.6,92.9,,1.5,50.0,2.0
2023-11-22 18:00:00,43295099999,Bengaluru,NOAA,21.8,89.5,,1.5,140.0,2.0
2023-11-22 21:00:00,43295099999,Bengaluru,NOAA,21.4,89.5,,1.5,90.0,2.0
2023-11-23 00:00:00,43295099999,Bengaluru,NOAA,21.2,91.2,,0.0,,2.0
2023-11-23 03:00:00,43295099999,Bengaluru,NOAA,22.2,87.9,,1.0,90.0,2.0
2023-11-23 06:00:00,43295099999,Bengaluru,NOAA,24.8,74.7,,2.1,90.0,
2023-11-23 09:00:00,43295099999,Bengaluru,NOAA,27.0,65.2,,2.1,110.0,
2023-11-23 12:00:00,43295099999,Bengaluru,NOAA,25.2,69.4,,1.5,110.0,
2023-11-23 15:00:00,43295099999,Bengaluru,NOAA,22.4,87.9,,1.5,90.0,0.6
2023-11-23 18:00:00,43295099999,Bengaluru,NOAA,21.8,89.5,,1.0,90.0,0.6
2023-11-23 21:00:00,43295099999,Bengaluru,NOAA,21.4,91.2,,1.5,90.0,0.6
2023-11-24 00:00:00,43295099999,Bengaluru,NOAA,20.4,91.1,,1.5,90.0,0.6
2023-11-24 03:00:00,43295099999,Bengaluru,NOAA,21.4,89.5,,2.1,110.0,0.6
2023-11-24 06:00:00,43295099999,Bengaluru,NOAA,25.0,70.7,,3.1,110.0,
2023-11-24 09:00:00,43295099999,Bengaluru,NOAA,25.0,70.7,,2.6,90.0,
2023-11-24 12:00:00,43295099999,Bengaluru,NOAA,25.0,70.7,,1.0,90.0,
2023-11-24 15:00:00,43295099999,Bengaluru,NOAA,22.4,91.2,,2.1,90.0,0.0
2023-11-24 18:00:00,43295099999,Bengaluru,NOAA,21.6,92.9,,1.5,90.0,0.0
2023-11-24 21:00:00,43295099999,Bengaluru,NOAA,21.4,94.6,,1.5,90.0,0.0
2023-11-25 00:00:00,43295099999,Bengaluru,NOAA,20.4,94.6,,1.0,90.0,0.0
2023-11-25 03:00:00,43295099999,Bengaluru,NOAA,22.0,86.3,,2.1,50.0,0.0
2023-11-25 06:00:00,43295099999,Bengaluru,NOAA,24.2,74.6,,2.6,50.0,0.0
2023-11-25 09:00:00,43295099999,Bengaluru,NOAA,25.0,75.2,,1.5,50.0,0.0
2023-11-25 12:00:00,43295099999,Bengaluru,NOAA,22.4,87.9,,1.5,90.0,0.0
2023-11-25 15:00:00,43295099999,Bengaluru,NOAA,22.4,86.3,,2.1,70.0,0.0
2023-11-25 18:00:00,43295099999,Bengaluru,NOAA,21.6,91.2,,2.6,70.0,0.0
2023-11-25 21:00:00,43295099999,Bengaluru,NOAA,20.6,87.2,,3.1,90.0,0.0
2023-11-26 00:00:00,43295099999,Bengaluru,NOAA,19.4,88.8,,2.6,70.0,0.0
2023-11-26 03:00:00,43295099999,Bengaluru,NOAA,21.8,78.0,,1.5,70.0,0.0
2023-11-26 06:00:00,43295099999,Bengaluru,NOAA,24.8,66.3,,1.5,70.0,
2023-11-26 09:00:00,43295099999,Bengaluru,NOAA,26.4,55.6,,2.6,90.0,
2023-11-26 12:00:00,43295099999,Bengaluru,NOAA,24.8,61.9,,2.1,90.0,
2023-11-26 15:00:00,43295099999,Bengaluru,NOAA,23.0,73.9,,2.1,50.0,
2023-11-26 18:00:00,43295099999,Bengaluru,NOAA,22.0,86.3,,2.6,90.0,
2023-11-26 21:00:00,43295099999,Bengaluru,NOAA,20.8,87.2,,2.6,50.0,
2023-11-27 00:00:00,43295099999,Bengaluru,NOAA,20.6,89.4,,2.1,50.0,
2023-11-27 03:00:00,43295099999,Bengaluru,NOAA,22.0,84.7,,2.1,90.0,
2023-11-27 06:00:00,43295099999,Bengaluru,NOAA,25.2,70.7,,2.1,90.0,
2023-11-27 09:00:00,43295099999,Bengaluru,NOAA,27.0,58.6,,1.5,70.0,
2023-11-27 12:00:00,43295099999,Bengaluru,NOAA,25.2,66.4,,1.5,90.0,
2023-11-27 15:00:00,43295099999,Bengaluru,NOAA,22.4,78.1,,2.1,90.0,
2023-11-27 18:00:00,43295099999,Bengaluru,NOAA,21.2,87.8,,1.5,90.0,
2023-11-27 21:00:00,43295099999,Bengaluru,NOAA,20.4,91.1,,1.5,90.0,
2023-11-28 00:00:00,43295099999,Bengaluru,NOAA,20.4,88.9,,1.0,90.0,
2023-11-28 03:00:00,43295099999,Bengaluru,NOAA,21.8,82.1,,1.0,90.0,
2023-11-28 06:00:00,43295099999,Bengaluru,NOAA,25.0,69.4,,0.0,,
2023-11-28 09:00:00,43295099999,Bengaluru,NOAA,27.2,60.1,,1.5,140.0,
2023-11-28 12:00:00,43295099999,Bengaluru,NOAA,25.0,66.4,,1.5,140.0,
2023-11-28 15:00:00,43295099999,Bengaluru,NOAA,22.6,83.2,,1.0,90.0,
2023-11-28 18:00:00,43295099999,Bengaluru,NOAA,21.6,89.5,,1.5,90.0,
2023-11-28 21:00:00,43295099999,Bengaluru,NOAA,21.2,92.9,,2.1,90.0,
2023-11-29 00:00:00,43295099999,Bengaluru,NOAA,21.0,91.1,,1.0,90.0,
2023-11-29 03:00:00,43295099999,Bengaluru,NOAA,21.8,86.3,,1.5,50.0,
2023-11-29 06:00:00,43295099999,Bengaluru,NOAA,25.2,69.4,,2.1,90.0,
2023-11-29 09:00:00,43295099999,Bengaluru,NOAA,27.4,56.5,,2.1,90.0,
2023-11-29 12:00:00,43295099999,Bengaluru,NOAA,25.8,62.9,,1.0,90.0,
2023-11-29 15:00:00,43295099999,Bengaluru,NOAA,22.0,83.1,,1.0,50.0,
2023-11-29 18:00:00,43295099999,Bengaluru,NOAA,21.6,84.1,,1.0,90.0,
2023-11-29 21:00:00,43295099999,Bengaluru,NOAA,20.4,88.9,,0.5,90.0,
2023-11-30 00:00:00,43295099999,Bengaluru,NOAA,20.0,88.8,,1.5,70.0,
2023-11-30 03:00:00,43295099999,Bengaluru,NOAA,23.0,76.8,,1.5,90.0,
2023-11-30 06:00:00,43295099999,Bengaluru,NOAA,24.8,64.7,,1.0,90.0,
2023-11-30 09:00:00,43295099999,Bengaluru,NOAA,26.8,61.2,,2.1,90.0,
2023-11-30 12:00:00,43295099999,Bengaluru,NOAA,23.8,74.5,,1.5,90.0,
2023-11-30 15:00:00,43295099999,Bengaluru,NOAA,22.6,83.2,,1.5,50.0,0.0
2023-11-30 18:00:00,43295099999,Bengaluru,NOAA,21.2,85.7,,2.6,90.0,0.0
2023-12-01 00:00:00,43295099999,Bengaluru,NOAA,20.0,90.5,,2.6,90.0,0.0
2023-12-01 03:00:00,43295099999,Bengaluru,NOAA,21.0,89.5,,1.0,90.0,0.0
2023-12-01 06:00:00,43295099999,Bengaluru,NOAA,24.2,71.4,,1.0,90.0,
2023-12-01 09:00:00,43295099999,Bengaluru,NOAA,26.4,63.4,,1.0,90.0,
2023-12-01 12:00:00,43295099999,Bengaluru,NOAA,25.0,69.4,,1.0,50.0,
2023-12-01 15:00:00,43295099999,Bengaluru,NOAA,22.8,80.2,,1.5,360.0,
2023-12-01 18:00:00,43295099999,Bengaluru,NOAA,21.8,87.9,,1.5,50.0,
2023-12-01 21:00:00,43295099999,Bengaluru,NOAA,20.2,91.1,,1.0,50.0,
2023-12-02 00:00:00,43295099999,Bengaluru,NOAA,19.2,90.5,,0.0,,
2023-12-02 03:00:00,43295099999,Bengaluru,NOAA,21.4,74.6,,1.0,70.0,
2023-12-02 06:00:00,43295099999,Bengaluru,NOAA,25.0,60.8,,2.1,70.0,
2023-12-02 09:00:00,43295099999,Bengaluru,NOAA,26.6,58.1,,2.1,50.0,
2023-12-02 12:00:00,43295099999,Bengaluru,NOAA,24.2,71.4,,1.5,50.0,
2023-12-02 15:00:00,43295099999,Bengaluru,NOAA,22.4,86.3,,1.5,50.0,
2023-12-02 18:00:00,43295099999,Bengaluru,NOAA,21.8,91.2,,1.5,50.0,
2023-12-02 21:00:00,43295099999,Bengaluru,NOAA,21.2,94.6,,1.0,50.0,0.0
2023-12-03 00:00:00,43295099999,Bengaluru,NOAA,20.6,94.6,,0.0,,0.3
2023-12-03 03:00:00,43295099999,Bengaluru,NOAA,21.6,89.5,,2.6,140.0,0.3
2023-12-03 06:00:00,43295099999,Bengaluru,NOAA,22.2,91.2,,1.5,140.0,0.1
2023-12-03 09:00:00,43295099999,Bengaluru,NOAA,23.8,85.4,,1.5,360.0,0.3
2023-12-03 12:00:00,43295099999,Bengaluru,NOAA,22.4,83.2,,1.5,360.0,0.3
2023-12-03 15:00:00,43295099999,Bengaluru,NOAA,21.6,87.9,,0.0,,0.3
2023-12-03 18:00:00,43295099999,Bengaluru,NOAA,21.2,87.8,,0.0,,0.6
2023-12-03 21:00:00,43295099999,Bengaluru,NOAA,20.6,92.8,,0.0,,0.4
2023-12-04 00:00:00,43295099999,Bengaluru,NOAA,20.4,92.8,,0.0,,0.4
2023-12-04 03:00:00,43295099999,Bengaluru,NOAA,21.0,89.5,,2.1,360.0,0.4
2023-12-04 06:00:00,43295099999,Bengaluru,NOAA,22.8,81.7,,2.6,360.0,
2023-12-04 09:00:00,43295099999,Bengaluru,NOAA,23.4,75.4,,2.6,340.0,
2023-12-04 12:00:00,43295099999,Bengaluru,NOAA,22.6,79.6,,2.1,340.0,
2023-12-04 15:00:00,43295099999,Bengaluru,NOAA,22.4,79.6,,0.5,270.0,
2023-12-04 18:00:00,43295099999,Bengaluru,NOAA,21.4,84.1,,0.0,,
2023-12-04 21:00:00,43295099999,Bengaluru,NOAA,20.2,87.2,,0.0,,
2023-12-05 00:00:00,43295099999,Bengaluru,NOAA,19.8,87.1,,1.0,270.0,
2023-12-05 03:00:00,43295099999,Bengaluru,NOAA,20.6,92.8,,1.5,250.0,0.0
2023-12-05 06:00:00,43295099999,Bengaluru,NOAA,24.0,72.7,,1.5,270.0,
2023-12-05 09:00:00,43295099999,Bengaluru,NOAA,25.8,67.0,,2.1,320.0,
2023-12-05 12:00:00,43295099999,Bengaluru,NOAA,25.0,69.4,,1.0,320.0,
2023-12-05 15:00:00,43295099999,Bengaluru,NOAA,21.8,84.7,,0.0,,
2023-12-05 18:00:00,43295099999,Bengaluru,NOAA,20.6,91.1,,0.0,,
2023-12-05 21:00:00,43295099999,Bengaluru,NOAA,20.2,94.6,,0.0,,
2023-12-06 00:00:00,43295099999,Bengaluru,NOAA,19.6,96.3,,0.0,,
2023-12-06 03:00:00,43295099999,Bengaluru,NOAA,22.6,89.6,,0.0,,
2023-12-06 06:00:00,43295099999,Bengaluru,NOAA,25.8,69.9,,0.0,,
2023-12-06 09:00:00,43295099999,Bengaluru,NOAA,29.0,47.4,,1.5,140.0,
2023-12-06 12:00:00,43295099999,Bengaluru,NOAA,27.8,48.3,,1.0,,
2023-12-06 15:00:00,43295099999,Bengaluru,NOAA,22.8,73.9,,0.0,,
2023-12-06 18:00:00,43295099999,Bengaluru,NOAA,22.2,84.7,,0.0,,
2023-12-06 21:00:00,43295099999,Bengaluru,NOAA,21.8,91.2,,0.0,,
2023-12-07 00:00:00,43295099999,Bengaluru,NOAA,21.2,94.6,,0.0,,
2023-12-07 03:00:00,43295099999,Bengaluru,NOAA,22.0,92.9,,0.0,,
2023-12-07 06:00:00,43295099999,Bengaluru,NOAA,26.6,63.5,,1.0,,
2023-12-07 09:00:00,43295099999,Bengaluru,NOAA,28.6,55.1,,1.0,270.0,
2023-12-07 12:00:00,43295099999,Bengaluru,NOAA,26.8,62.3,,0.0,,
2023-12-07 15:00:00,43295099999,Bengaluru,NOAA,24.4,79.4,,0.5,90.0,
2023-12-07 18:00:00,43295099999,Bengaluru,NOAA,22.4,89.6,,1.0,90.0,
2023-12-07 21:00:00,43295099999,Bengaluru,NOAA,22.2,92.9,,0.0,,
2023-12-08 00:00:00,43295099999,Bengaluru,NOAA,21.4,94.6,,0.0,,
2023-12-08 03:00:00,43295099999,Bengaluru,NOAA,22.6,87.9,,1.5,90.0,
2023-12-08 06:00:00,43295099999,Bengaluru,NOAA,26.2,71.3,,2.1,90.0,
2023-12-08 09:00:00,43295099999,Bengaluru,NOAA,27.0,60.1,,1.5,90.0,
2023-12-08 12:00:00,43295099999,Bengaluru,NOAA,25.4,68.1,,1.0,,
2023-12-08 15:00:00,43295099999,Bengaluru,NOAA,23.4,80.2,,1.5,140.0,
2023-12-08 18:00:00,43295099999,Bengaluru,NOAA,22.6,87.9,,2.1,50.0,
2023-12-08 21:00:00,43295099999,Bengaluru,NOAA,22.2,91.2,,1.5,90.0,
2023-12-09 00:00:00,43295099999,Bengaluru,NOAA,21.8,91.2,,1.5,50.0,
2023-12-09 03:00:00,43295099999,Bengaluru,NOAA,22.6,84.7,,1.5,90.0,
2023-12-09 06:00:00,43295099999,Bengaluru,NOAA,25.0,72.0,,1.5,90.0,
2023-12-09 09:00:00,43295099999,Bengaluru,NOAA,26.4,63.4,,1.0,70.0,
2023-12-09 12:00:00,43295099999,Bengaluru,NOAA,27.0,70.6,,1.0,90.0,
2023-12-09 15:00:00,43295099999,Bengaluru,NOAA,23.0,83.2,,1.5,50.0,
2023-12-09 18:00:00,43295099999,Bengaluru,NOAA,21.6,94.6,,1.5,90.0,
2023-12-09 21:00:00,43295099999,Bengaluru,NOAA,20.4,94.6,,0.0,,
2023-12-10 00:00:00,43295099999,Bengaluru,NOAA,20.4,94.6,,1.0,90.0,
2023-12-10 03:00:00,43295099999,Bengaluru,NOAA,21.8,82.6,,1.5,90.0,
2023-12-10 06:00:00,43295099999,Bengaluru,NOAA,27.0,61.2,,1.5,90.0,
2023-12-10 09:00:00,43295099999,Bengaluru,NOAA,27.8,55.6,,1.5,140.0,
2023-12-10 12:00:00,43295099999,Bengaluru,NOAA,25.4,68.1,,2.1,90.0,
2023-12-10 15:00:00,43295099999,Bengaluru,NOAA,22.6,81.6,,1.5,90.0,
2023-12-10 18:00:00,43295099999,Bengaluru,NOAA,21.8,86.3,,1.0,90.0,
2023-12-10 21:00:00,43295099999,Bengaluru,NOAA,20.0,92.8,,1.0,90.0,
2023-12-11 00:00:00,43295099999,Bengaluru,NOAA,19.4,94.5,,1.0,90.0,
2023-12-11 03:00:00,43295099999,Bengaluru,NOAA,21.6,79.5,,1.5,90.0,
2023-12-11 06:00:00,43295099999,Bengaluru,NOAA,26.6,60.8,,1.5,90.0,
2023-12-11 09:00:00,43295099999,Bengaluru,NOAA,27.4,54.1,,1.5,90.0,
2023-12-11 12:00:00,43295099999,Bengaluru,NOAA,26.0,61.8,,0.0,,
2023-12-11 15:00:00,43295099999,Bengaluru,NOAA,23.8,71.3,,1.5,90.0,
2023-12-11 18:00:00,43295099999,Bengaluru,NOAA,21.4,82.5,,1.5,90.0,
2023-12-11 21:00:00,43295099999,Bengaluru,NOAA,20.4,84.0,,1.0,90.0,
2023-12-12 00:00:00,43295099999,Bengaluru,NOAA,20.0,85.5,,1.5,90.0,
2023-12-12 03:00:00,43295099999,Bengaluru,NOAA,20.6,85.6,,1.0,50.0,
2023-12-12 06:00:00,43295099999,Bengaluru,NOAA,26.0,56.5,,1.0,90.0,
2023-12-12 09:00:00,43295099999,Bengaluru,NOAA,26.4,54.2,,1.0,90.0,
2023-12-12 12:00:00,43295099999,Bengaluru,NOAA,25.0,58.1,,1.0,20.0,
2023-12-12 15:00:00,43295099999,Bengaluru,NOAA,22.0,71.5,,0.0,,
2023-12-12 18:00:00,43295099999,Bengaluru,NOAA,20.4,78.8,,1.5,90.0,
2023-12-12 21:00:00,43295099999,Bengaluru,NOAA,19.0,87.1,,1.5,50.0,
2023-12-13 00:00:00,43295099999,Bengaluru,NOAA,18.8,88.7,,1.5,90.0,
2023-12-13 03:00:00,43295099999,Bengaluru,NOAA,20.4,80.3,,1.0,20.0,
2023-12-13 06:00:00,43295099999,Bengaluru,NOAA,25.2,55.6,,1.0,360.0,
2023-12-13 09:00:00,43295099999,Bengaluru,NOAA,26.6,43.6,,1.0,20.0,
2023-12-13 12:00:00,43295099999,Bengaluru,NOAA,24.8,50.1,,1.0,50.0,
2023-12-13 15:00:00,43295099999,Bengaluru,NOAA,21.0,72.6,,2.6,90.0,
2023-12-13 18:00:00,43295099999,Bengaluru,NOAA,19.4,87.1,,1.5,90.0,
2023-12-13 21:00:00,43295099999,Bengaluru,NOAA,19.0,90.4,,1.5,90.0,
2023-12-14 00:00:00,43295099999,Bengaluru,NOAA,18.4,92.1,,1.5,90.0,
2023-12-14 03:00:00,43295099999,Bengaluru,NOAA,18.6,81.1,,1.5,90.0,
2023-12-14 06:00:00,43295099999,Bengaluru,NOAA,23.6,56.7,,1.5,90.0,
2023-12-14 09:00:00,43295099999,Bengaluru,NOAA,25.2,52.5,,1.5,140.0,
2023-12-14 12:00:00,43295099999,Bengaluru,NOAA,24.2,54.7,,1.5,140.0,
2023-12-14 15:00:00,43295099999,Bengaluru,NOAA,21.6,76.1,,1.0,90.0,
2023-12-14 18:00:00,43295099999,Bengaluru,NOAA,19.4,90.5,,1.0,90.0,
2023-12-14 21:00:00,43295099999,Bengaluru,NOAA,18.4,92.1,,1.5,90.0,
2023-12-15 00:00:00,43295099999,Bengaluru,NOAA,17.6,96.3,,1.0,90.0,
2023-12-15 03:00:00,43295099999,Bengaluru,NOAA,20.2,78.8,,1.5,50.0,
2023-12-15 06:00:00,43295099999,Bengaluru,NOAA,23.6,62.4,,0.0,,
2023-12-15 09:00:00,43295099999,Bengaluru,NOAA,24.8,72.0,,1.0,70.0,
2023-12-15 12:00:00,43295099999,Bengaluru,NOAA,23.2,77.3,,0.0,,
2023-12-15 15:00:00,43295099999,Bengaluru,NOAA,22.0,83.1,,1.0,50.0,
2023-12-15 18:00:00,43295099999,Bengaluru,NOAA,21.0,94.6,,1.0,50.0,
2023-12-15 21:00:00,43295099999,Bengaluru,NOAA,19.6,96.3,,1.0,50.0,
2023-12-16 00:00:00,43295099999,Bengaluru,NOAA,19.4,96.3,,1.0,50.0,
2023-12-16 03:00:00,43295099999,Bengaluru,NOAA,20.8,85.6,,1.0,70.0,
2023-12-16 06:00:00,43295099999,Bengaluru,NOAA,23.5,76.8,,1.0,70.0,
2023-12-16 09:00:00,43295099999,Bengaluru,NOAA,26.2,60.7,,1.0,90.0,
2023-12-16 12:00:00,43295099999,Bengaluru,NOAA,23.8,74.5,,1.5,50.0,
2023-12-16 15:00:00,43295099999,Bengaluru,NOAA,21.8,89.5,,2.1,50.0,
2023-12-16 18:00:00,43295099999,Bengaluru,NOAA,21.6,87.9,,2.6,50.0,
2023-12-16 21:00:00,43295099999,Bengaluru,NOAA,21.0,87.8,,2.6,90.0,
2023-12-17 00:00:00,43295099999,Bengaluru,NOAA,20.4,92.8,,1.0,,
2023-12-17 03:00:00,43295099999,Bengaluru,NOAA,21.0,85.6,,1.5,90.0,
2023-12-17 06:00:00,43295099999,Bengaluru,NOAA,23.0,75.3,,2.1,50.0,
2023-12-17 09:00:00,43295099999,Bengaluru,NOAA,23.4,75.4,,1.5,90.0,
2023-12-17 12:00:00,43295099999,Bengaluru,NOAA,23.8,67.0,,0.0,,
2023-12-17 15:00:00,43295099999,Bengaluru,NOAA,21.6,81.0,,1.5,50.0,
2023-12-17 18:00:00,43295099999,Bengaluru,NOAA,20.4,92.8,,1.0,50.0,
2023-12-17 21:00:00,43295099999,Bengaluru,NOAA,19.4,92.2,,1.5,50.0,
2023-12-18 00:00:00,43295099999,Bengaluru,NOAA,19.2,92.2,,1.0,50.0,
2023-12-18 03:00:00,43295099999,Bengaluru,NOAA,20.0,96.3,,1.0,90.0,
2023-12-18 06:00:00,43295099999,Bengaluru,NOAA,21.0,80.9,,0.0,,
2023-12-18 09:00:00,43295099999,Bengaluru,NOAA,23.0,72.1,,1.0,,
2023-12-18 12:00:00,43295099999,Bengaluru,NOAA,23.0,70.7,,1.5,90.0,
2023-12-18 15:00:00,43295099999,Bengaluru,NOAA,21.0,78.9,,1.5,70.0,
2023-12-18 18:00:00,43295099999,Bengaluru,NOAA,20.2,84.0,,1.5,90.0,
2023-12-18 21:00:00,43295099999,Bengaluru,NOAA,19.6,83.4,,2.1,90.0,
2023-12-19 00:00:00,43295099999,Bengaluru,NOAA,18.2,86.4,,1.5,70.0,
2023-12-19 03:00:00,43295099999,Bengaluru,NOAA,18.8,87.1,,1.0,90.0,
2023-12-19 06:00:00,43295099999,Bengaluru,NOAA,23.6,59.7,,1.5,90.0,
2023-12-19 09:00:00,43295099999,Bengaluru,NOAA,26.0,50.1,,1.0,70.0,
2023-12-19 12:00:00,43295099999,Bengaluru,NOAA,24.8,52.7,,0.0,,
2023-12-19 15:00:00,43295099999,Bengaluru,NOAA,22.0,70.1,,0.0,,
2023-12-19 18:00:00,43295099999,Bengaluru,NOAA,20.4,80.3,,0.0,,
2023-12-19 21:00:00,43295099999,Bengaluru,NOAA,18.8,94.5,,0.0,,
2023-12-20 00:00:00,43295099999,Bengaluru,NOAA,18.6,96.3,,1.0,90.0,
2023-12-20 03:00:00,43295099999,Bengaluru,NOAA,19.8,81.8,,1.0,70.0,
2023-12-20 06:00:00,43295099999,Bengaluru,NOAA,23.2,72.6,,1.0,70.0,
2023-12-20 09:00:00,43295099999,Bengaluru,NOAA,25.2,65.2,,1.0,90.0,
2023-12-20 12:00:00,43295099999,Bengaluru,NOAA,25.0,63.5,,2.1,90.0,
2023-12-20 15:00:00,43295099999,Bengaluru,NOAA,22.0,78.1,,1.5,90.0,
2023-12-20 18:00:00,43295099999,Bengaluru,NOAA,20.0,87.2,,2.6,50.0,
2023-12-20 21:00:00,43295099999,Bengaluru,NOAA,19.2,92.2,,0.0,,
2023-12-21 00:00:00,43295099999,Bengaluru,NOAA,19.0,92.2,,0.0,,
2023-12-21 03:00:00,43295099999,Bengaluru,NOAA,19.0,90.4,,1.0,50.0,
2023-12-21 06:00:00,43295099999,Bengaluru,NOAA,24.0,71.4,,1.5,90.0,
2023-12-21 09:00:00,43295099999,Bengaluru,NOAA,24.6,67.6,,1.0,90.0,
2023-12-21 12:00:00,43295099999,Bengaluru,NOAA,24.4,68.8,,1.0,90.0,
2023-12-21 15:00:00,43295099999,Bengaluru,NOAA,20.4,85.6,,0.0,,
2023-12-21 18:00:00,43295099999,Bengaluru,NOAA,20.0,90.5,,1.0,90.0,
2023-12-21 21:00:00,43295099999,Bengaluru,NOAA,20.0,88.8,,1.5,90.0,
2023-12-22 00:00:00,43295099999,Bengaluru,NOAA,19.0,90.4,,0.0,,
2023-12-22 03:00:00,43295099999,Bengaluru,NOAA,20.0,85.5,,1.0,90.0,
2023-12-22 06:00:00,43295099999,Bengaluru,NOAA,25.0,69.4,,1.0,90.0,
2023-12-22 09:00:00,43295099999,Bengaluru,NOAA,28.4,51.3,,1.0,,
2023-12-22 12:00:00,43295099999,Bengaluru,NOAA,26.4,59.6,,0.0,,
2023-12-22 15:00:00,43295099999,Bengaluru,NOAA,23.0,64.7,,1.0,50.0,
2023-12-22 18:00:00,43295099999,Bengaluru,NOAA,20.4,85.6,,1.5,90.0,
2023-12-22 21:00:00,43295099999,Bengaluru,NOAA,19.0,88.7,,0.0,,
2023-12-23 00:00:00,43295099999,Bengaluru,NOAA,17.2,92.1,,0.0,,
2023-12-23 03:00:00,43295099999,Bengaluru,NOAA,18.2,84.8,,2.1,50.0,
2023-12-23 06:00:00,43295099999,Bengaluru,NOAA,25.6,32.9,,1.5,90.0,
2023-12-23 09:00:00,43295099999,Bengaluru,NOAA,27.4,30.2,,1.0,90.0,
2023-12-23 12:00:00,43295099999,Bengaluru,NOAA,25.4,30.5,,1.0,90.0,
2023-12-23 15:00:00,43295099999,Bengaluru,NOAA,20.0,42.3,,1.0,90.0,
2023-12-23 18:00:00,43295099999,Bengaluru,NOAA,17.8,79.0,,1.0,90.0,
2023-12-23 21:00:00,43295099999,Bengaluru,NOAA,17.8,86.4,,1.0,90.0,
2023-12-24 00:00:00,43295099999,Bengaluru,NOAA,16.0,89.7,,1.0,90.0,
2023-12-24 03:00:00,43295099999,Bengaluru,NOAA,20.0,73.4,,1.0,,
2023-12-24 06:00:00,43295099999,Bengaluru,NOAA,25.0,50.1,,1.5,90.0,
2023-12-24 09:00:00,43295099999,Bengaluru,NOAA,29.0,42.8,,1.5,110.0,
2023-12-24 12:00:00,43295099999,Bengaluru,NOAA,27.0,51.3,,2.1,110.0,
2023-12-24 15:00:00,43295099999,Bengaluru,NOAA,22.0,81.1,,2.1,50.0,
2023-12-24 18:00:00,43295099999,Bengaluru,NOAA,20.0,88.8,,1.5,90.0,
2023-12-26 12:00:00,43295099999,Bengaluru,NOAA,26.0,37.0,,1.5,140.0,
2023-12-26 15:00:00,43295099999,Bengaluru,NOAA,21.5,67.8,,1.5,90.0,
2023-12-26 18:00:00,43295099999,Bengaluru,NOAA,19.2,83.3,,0.0,,
2023-12-26 21:00:00,43295099999,Bengaluru,NOAA,17.8,86.4,,1.5,110.0,
2023-12-27 00:00:00,43295099999,Bengaluru,NOAA,16.6,88.0,,1.0,90.0,
2023-12-27 03:00:00,43295099999,Bengaluru,NOAA,19.0,79.6,,1.0,90.0,
2023-12-27 06:00:00,43295099999,Bengaluru,NOAA,25.4,40.7,,2.1,90.0,
2023-12-27 09:00:00,43295099999,Bengaluru,NOAA,28.0,41.7,,2.6,90.0,
2023-12-27 12:00:00,43295099999,Bengaluru,NOAA,25.6,42.2,,1.5,70.0,
2023-12-27 15:00:00,43295099999,Bengaluru,NOAA,22.0,55.2,,2.1,90.0,
2023-12-27 18:00:00,43295099999,Bengaluru,NOAA,19.0,79.6,,1.5,90.0,
2023-12-27 21:00:00,43295099999,Bengaluru,NOAA,18.0,86.4,,0.0,,
2023-12-28 00:00:00,43295099999,Bengaluru,NOAA,17.8,86.4,,1.0,90.0,
2023-12-28 03:00:00,43295099999,Bengaluru,NOAA,19.6,83.4,,1.5,70.0,
2023-12-28 06:00:00,43295099999,Bengaluru,NOAA,23.8,70.0,,2.1,70.0,
2023-12-28 09:00:00,43295099999,Bengaluru,NOAA,26.6,51.9,,2.1,140.0,
2023-12-28 12:00:00,43295099999,Bengaluru,NOAA,25.4,50.6,,1.0,90.0,
2023-12-28 15:00:00,43295099999,Bengaluru,NOAA,23.0,69.4,,1.5,140.0,
2023-12-28 18:00:00,43295099999,Bengaluru,NOAA,20.2,87.2,,1.5,50.0,
2023-12-28 21:00:00,43295099999,Bengaluru,NOAA,19.6,81.8,,1.0,,
2023-12-29 00:00:00,43295099999,Bengaluru,NOAA,19.0,92.2,,0.0,,
2023-12-29 03:00:00,43295099999,Bengaluru,NOAA,20.0,85.5,,1.5,90.0,
2023-12-29 06:00:00,43295099999,Bengaluru,NOAA,22.4,72.0,,1.0,70.0,
2023-12-29 09:00:00,43295099999,Bengaluru,NOAA,25.4,56.0,,2.1,90.0,
2023-12-29 12:00:00,43295099999,Bengaluru,NOAA,24.0,57.2,,2.1,90.0,
2023-12-29 15:00:00,43295099999,Bengaluru,NOAA,20.6,77.4,,0.0,,
2023-12-29 18:00:00,43295099999,Bengaluru,NOAA,19.8,83.9,,1.5,90.0,
2023-12-29 21:00:00,43295099999,Bengaluru,NOAA,18.8,88.7,,2.1,90.0,
2023-12-30 00:00:00,43295099999,Bengaluru,NOAA,19.0,88.7,,1.5,90.0,
2023-12-30 03:00:00,43295099999,Bengaluru,NOAA,20.2,80.3,,1.5,90.0,
2023-12-30 06:00:00,43295099999,Bengaluru,NOAA,25.0,59.6,,1.0,90.0,
2023-12-30 09:00:00,43295099999,Bengaluru,NOAA,29.0,43.9,,1.5,90.0,
2023-12-30 12:00:00,43295099999,Bengaluru,NOAA,26.2,51.4,,1.5,140.0,
2023-12-30 15:00:00,43295099999,Bengaluru,NOAA,22.4,68.9,,1.5,110.0,
2023-12-30 18:00:00,43295099999,Bengaluru,NOAA,20.0,81.8,,1.5,90.0,
2023-12-30 21:00:00,43295099999,Bengaluru,NOAA,19.4,85.5,,1.5,90.0,
2023-12-31 00:00:00,43295099999,Bengaluru,NOAA,18.0,90.4,,1.0,90.0,
2023-12-31 03:00:00,43295099999,Bengaluru,NOAA,19.8,80.3,,1.0,90.0,
2023-12-31 06:00:00,43295099999,Bengaluru,NOAA,23.4,59.3,,2.1,90.0,
2023-12-31 09:00:00,43295099999,Bengaluru,NOAA,26.0,50.1,,1.5,90.0,
2023-12-31 12:00:00,43295099999,Bengaluru,NOAA,24.4,53.7,,1.5,90.0,
2023-12-31 15:00:00,43295099999,Bengaluru,NOAA,21.4,74.6,,0.0,,
2023-12-31 18:00:00,43295099999,Bengaluru,NOAA,19.8,81.8,,1.0,90.0,
2023-12-31 21:00:00,43295099999,Bengaluru,NOAA,18.6,84.8,,1.0,90.0,
2024-01-01 00:00:00,43295099999,Bengaluru,NOAA,17.6,90.3,,1.5,90.0,
2024-01-01 03:00:00,43295099999,Bengaluru,NOAA,19.2,79.7,,1.0,70.0,
2024-01-01 06:00:00,43295099999,Bengaluru,NOAA,25.2,55.6,,1.0,90.0,
2024-01-01 09:00:00,43295099999,Bengaluru,NOAA,27.0,44.0,,1.0,50.0,
2024-01-01 12:00:00,43295099999,Bengaluru,NOAA,26.0,46.3,,1.0,90.0,
2024-01-01 15:00:00,43295099999,Bengaluru,NOAA,22.6,61.4,,2.1,140.0,
2024-01-01 18:00:00,43295099999,Bengaluru,NOAA,21.0,76.0,,2.6,90.0,
2024-01-01 21:00:00,43295099999,Bengaluru,NOAA,19.6,87.1,,2.1,50.0,
2024-01-02 00:00:00,43295099999,Bengaluru,NOAA,19.0,87.1,,2.1,90.0,
2024-01-02 03:00:00,43295099999,Bengaluru,NOAA,19.6,83.4,,1.0,70.0,
2024-01-02 06:00:00,43295099999,Bengaluru,NOAA,22.8,68.9,,1.5,110.0,
2024-01-02 09:00:00,43295099999,Bengaluru,NOAA,27.0,41.7,,2.1,90.0,
2024-01-02 12:00:00,43295099999,Bengaluru,NOAA,24.8,45.1,,1.0,90.0,
2024-01-02 15:00:00,43295099999,Bengaluru,NOAA,22.4,67.1,,2.6,90.0,
2024-01-02 18:00:00,43295099999,Bengaluru,NOAA,20.2,84.0,,1.5,90.0,
2024-01-02 21:00:00,43295099999,Bengaluru,NOAA,19.4,87.1,,1.5,90.0,
2024-01-03 00:00:00,43295099999,Bengaluru,NOAA,18.8,88.7,,1.5,90.0,
2024-01-03 03:00:00,43295099999,Bengaluru,NOAA,19.0,88.7,,1.0,90.0,
2024-01-03 06:00:00,43295099999,Bengaluru,NOAA,21.8,67.0,,1.0,90.0,
2024-01-03 09:00:00,43295099999,Bengaluru,NOAA,25.0,52.8,,1.5,50.0,
2024-01-03 12:00:00,43295099999,Bengaluru,NOAA,25.0,50.1,,1.5,140.0,
2024-01-03 15:00:00,43295099999,Bengaluru,NOAA,22.8,63.0,,1.5,90.0,
2024-01-03 18:00:00,43295099999,Bengaluru,NOAA,20.8,80.9,,1.5,90.0,
2024-01-04 00:00:00,43295099999,Bengaluru,NOAA,19.6,87.1,,1.0,90.0,
2024-01-04 03:00:00,43295099999,Bengaluru,NOAA,20.0,83.9,,1.5,90.0,
2024-01-04 06:00:00,43295099999,Bengaluru,NOAA,23.8,67.0,,1.5,90.0,
2024-01-04 09:00:00,43295099999,Bengaluru,NOAA,25.0,62.3,,1.5,70.0,
2024-01-04 12:00:00,43295099999,Bengaluru,NOAA,24.0,60.2,,1.5,90.0,0.0
2024-01-04 15:00:00,43295099999,Bengaluru,NOAA,22.6,75.3,,1.0,90.0,0.0
2024-01-04 18:00:00,43295099999,Bengaluru,NOAA,21.2,82.5,,1.0,90.0,0.0
2024-01-04 21:00:00,43295099999,Bengaluru,NOAA,20.4,87.2,,1.5,90.0,0.0
2024-01-05 00:00:00,43295099999,Bengaluru,NOAA,20.2,87.2,,1.0,90.0,0.0
2024-01-05 03:00:00,43295099999,Bengaluru,NOAA,19.8,88.8,,1.0,90.0,0.0
2024-01-05 06:00:00,43295099999,Bengaluru,NOAA,25.4,62.4,,1.5,70.0,
2024-01-05 09:00:00,43295099999,Bengaluru,NOAA,25.8,61.7,,1.0,90.0,
2024-01-05 12:00:00,43295099999,Bengaluru,NOAA,24.0,68.3,,2.1,90.0,
2024-01-05 15:00:00,43295099999,Bengaluru,NOAA,22.0,79.5,,2.1,90.0,
2024-01-05 18:00:00,43295099999,Bengaluru,NOAA,21.0,84.0,,2.1,90.0,
2024-01-05 21:00:00,43295099999,Bengaluru,NOAA,20.0,87.2,,1.5,50.0,
2024-01-06 00:00:00,43295099999,Bengaluru,NOAA,19.6,92.8,,1.5,140.0,
2024-01-06 03:00:00,43295099999,Bengaluru,NOAA,20.0,87.2,,1.0,90.0,
2024-01-06 06:00:00,43295099999,Bengaluru,NOAA,23.6,74.0,,1.0,140.0,
2024-01-06 09:00:00,43295099999,Bengaluru,NOAA,28.5,54.7,,1.0,90.0,
2024-01-06 12:00:00,43295099999,Bengaluru,NOAA,25.2,66.4,,1.5,140.0,
2024-01-06 15:00:00,43295099999,Bengaluru,NOAA,22.0,81.1,,1.5,110.0,
2024-01-06 18:00:00,43295099999,Bengaluru,NOAA,20.4,84.0,,1.5,90.0,
2024-01-06 21:00:00,43295099999,Bengaluru,NOAA,20.0,85.5,,1.0,90.0,
2024-01-07 00:00:00,43295099999,Bengaluru,NOAA,20.0,85.5,,1.0,90.0,
2024-01-07 03:00:00,43295099999,Bengaluru,NOAA,20.2,87.2,,1.0,90.0,
2024-01-07 06:00:00,43295099999,Bengaluru,NOAA,26.2,59.2,,1.0,90.0,
2024-01-07 09:00:00,43295099999,Bengaluru,NOAA,29.2,38.9,,1.5,140.0,
2024-01-07 12:00:00,43295099999,Bengaluru,NOAA,26.2,52.8,,2.1,90.0,
2024-01-07 15:00:00,43295099999,Bengaluru,NOAA,22.4,76.7,,1.0,90.0,
2024-01-07 18:00:00,43295099999,Bengaluru,NOAA,20.8,85.6,,1.5,70.0,
2024-01-07 21:00:00,43295099999,Bengaluru,NOAA,20.2,87.2,,1.0,70.0,
2024-01-08 00:00:00,43295099999,Bengaluru,NOAA,20.2,91.1,,1.5,90.0,
2024-01-08 03:00:00,43295099999,Bengaluru,NOAA,20.8,85.6,,1.5,90.0,
2024-01-08 06:00:00,43295099999,Bengaluru,NOAA,22.8,81.7,,2.1,90.0,
2024-01-08 09:00:00,43295099999,Bengaluru,NOAA,21.8,94.6,,2.1,90.0,2.0
2024-01-08 12:00:00,43295099999,Bengaluru,NOAA,21.2,89.5,,2.1,90.0,2.0
2024-01-08 15:00:00,43295099999,Bengaluru,NOAA,21.0,91.1,,0.5,90.0,2.0
2024-01-08 18:00:00,43295099999,Bengaluru,NOAA,20.0,92.8,,1.0,90.0,2.0
2024-01-08 21:00:00,43295099999,Bengaluru,NOAA,20.0,90.5,,0.5,90.0,2.0
2024-01-09 00:00:00,43295099999,Bengaluru,NOAA,19.8,90.5,,1.0,90.0,2.0
2024-01-09 03:00:00,43295099999,Bengaluru,NOAA,20.4,85.6,,2.1,90.0,2.0
2024-01-09 06:00:00,43295099999,Bengaluru,NOAA,22.4,58.3,,2.6,90.0,
2024-01-09 09:00:00,43295099999,Bengaluru,NOAA,24.6,55.1,,1.5,90.0,
2024-01-09 12:00:00,43295099999,Bengaluru,NOAA,23.0,57.6,,1.5,90.0,
2024-01-09 15:00:00,43295099999,Bengaluru,NOAA,21.2,69.5,,2.1,90.0,
2024-01-09 18:00:00,43295099999,Bengaluru,NOAA,20.0,75.3,,1.5,50.0,
2024-01-09 21:00:00,43295099999,Bengaluru,NOAA,19.2,81.7,,2.6,50.0,
2024-01-10 00:00:00,43295099999,Bengaluru,NOAA,18.8,84.9,,2.1,140.0,
2024-01-10 03:00:00,43295099999,Bengaluru,NOAA,20.5,83.5,,1.0,90.0,
2024-01-10 06:00:00,43295099999,Bengaluru,NOAA,24.4,45.9,,2.1,140.0,
2024-01-10 09:00:00,43295099999,Bengaluru,NOAA,26.4,43.2,,1.0,90.0,
2024-01-10 12:00:00,43295099999,Bengaluru,NOAA,24.0,53.2,,1.0,90.0,
2024-01-10 15:00:00,43295099999,Bengaluru,NOAA,21.8,71.4,,0.0,,
2024-01-10 18:00:00,43295099999,Bengaluru,NOAA,20.6,80.4,,2.1,90.0,
2024-01-10 21:00:00,43295099999,Bengaluru,NOAA,19.2,88.8,,2.1,90.0,
2024-01-11 00:00:00,43295099999,Bengaluru,NOAA,17.8,90.4,,1.5,90.0,
2024-01-11 03:00:00,43295099999,Bengaluru,NOAA,20.4,84.0,,1.0,90.0,
2024-01-11 06:00:00,43295099999,Bengaluru,NOAA,25.0,44.0,,1.0,90.0,
2024-01-11 09:00:00,43295099999,Bengaluru,NOAA,29.2,40.0,,0.0,,
2024-01-11 12:00:00,43295099999,Bengaluru,NOAA,27.0,44.0,,0.0,,
2024-01-11 15:00:00,43295099999,Bengaluru,NOAA,22.8,70.7,,1.5,90.0,
2024-01-11 18:00:00,43295099999,Bengaluru,NOAA,20.0,80.3,,1.0,110.0,
2024-01-11 21:00:00,43295099999,Bengaluru,NOAA,18.2,84.8,,1.0,90.0,
2024-01-12 00:00:00,43295099999,Bengaluru,NOAA,17.2,80.4,,1.0,90.0,
2024-01-12 03:00:00,43295099999,Bengaluru,NOAA,19.6,78.2,,2.1,90.0,
2024-01-12 06:00:00,43295099999,Bengaluru,NOAA,25.2,53.2,,2.1,90.0,
2024-01-12 09:00:00,43295099999,Bengaluru,NOAA,27.6,42.4,,2.1,90.0,
2024-01-12 12:00:00,43295099999,Bengaluru,NOAA,25.4,45.6,,2.1,90.0,
2024-01-12 15:00:00,43295099999,Bengaluru,NOAA,22.6,67.6,,0.0,,
2024-01-12 18:00:00,43295099999,Bengaluru,NOAA,20.2,84.0,,1.0,90.0,
2024-01-12 21:00:00,43295099999,Bengaluru,NOAA,19.0,87.1,,0.0,,
2024-01-13 00:00:00,43295099999,Bengaluru,NOAA,17.6,92.1,,1.0,90.0,
2024-01-13 03:00:00,43295099999,Bengaluru,NOAA,19.0,88.7,,1.0,90.0,
2024-01-13 06:00:00,43295099999,Bengaluru,NOAA,23.2,69.4,,2.1,90.0,
2024-01-13 09:00:00,43295099999,Bengaluru,NOAA,27.5,46.4,,1.0,50.0,
2024-01-13 12:00:00,43295099999,Bengaluru,NOAA,26.0,51.4,,0.5,90.0,
2024-01-13 15:00:00,43295099999,Bengaluru,NOAA,23.6,65.3,,1.0,90.0,
2024-01-13 18:00:00,43295099999,Bengaluru,NOAA,21.0,80.9,,1.0,90.0,
2024-01-13 21:00:00,43295099999,Bengaluru,NOAA,19.6,87.1,,1.0,90.0,
2024-01-14 00:00:00,43295099999,Bengaluru,NOAA,19.0,88.7,,1.0,90.0,
2024-01-14 03:00:00,43295099999,Bengaluru,NOAA,19.6,87.1,,0.5,90.0,
2024-01-14 06:00:00,43295099999,Bengaluru,NOAA,26.6,49.6,,1.0,90.0,
2024-01-14 09:00:00,43295099999,Bengaluru,NOAA,29.0,47.4,,1.0,90.0,
2024-01-14 12:00:00,43295099999,Bengaluru,NOAA,27.0,44.0,,1.0,90.0,
2024-01-14 15:00:00,43295099999,Bengaluru,NOAA,23.2,60.7,,0.0,,
2024-01-14 18:00:00,43295099999,Bengaluru,NOAA,20.4,82.4,,2.1,70.0,
2024-01-14 21:00:00,43295099999,Bengaluru,NOAA,18.8,84.9,,1.0,90.0,
2024-01-15 00:00:00,43295099999,Bengaluru,NOAA,17.8,88.1,,1.0,90.0,
2024-01-15 03:00:00,43295099999,Bengaluru,NOAA,20.0,87.2,,1.0,90.0,
2024-01-15 06:00:00,43295099999,Bengaluru,NOAA,24.4,70.1,,1.0,90.0,
2024-01-15 09:00:00,43295099999,Bengaluru,NOAA,28.2,37.7,,0.0,,
2024-01-15 12:00:00,43295099999,Bengaluru,NOAA,27.2,39.7,,0.0,,
2024-01-15 15:00:00,43295099999,Bengaluru,NOAA,22.8,57.2,,0.5,90.0,
2024-01-15 18:00:00,43295099999,Bengaluru,NOAA,20.6,75.4,,1.0,110.0,
2024-01-15 21:00:00,43295099999,Bengaluru,NOAA,19.2,85.5,,1.5,90.0,
2024-01-16 00:00:00,43295099999,Bengaluru,NOAA,18.2,86.4,,1.5,140.0,
2024-01-16 03:00:00,43295099999,Bengaluru,NOAA,19.0,88.7,,1.0,90.0,
2024-01-16 06:00:00,43295099999,Bengaluru,NOAA,24.4,64.6,,1.0,90.0,
2024-01-16 09:00:00,43295099999,Bengaluru,NOAA,27.8,41.7,,1.0,90.0,
2024-01-16 12:00:00,43295099999,Bengaluru,NOAA,26.6,45.9,,0.0,,
2024-01-16 15:00:00,43295099999,Bengaluru,NOAA,22.8,73.9,,1.0,90.0,
2024-01-16 18:00:00,43295099999,Bengaluru,NOAA,20.6,80.4,,1.0,90.0,
2024-01-16 21:00:00,43295099999,Bengaluru,NOAA,19.0,81.7,,0.0,,
2024-01-17 00:00:00,43295099999,Bengaluru,NOAA,18.0,90.4,,1.0,90.0,
2024-01-17 03:00:00,43295099999,Bengaluru,NOAA,19.0,87.1,,2.1,90.0,
2024-01-17 09:00:00,43295099999,Bengaluru,NOAA,28.0,41.7,,0.5,50.0,
2024-01-17 12:00:00,43295099999,Bengaluru,NOAA,27.2,49.1,,1.0,90.0,
2024-01-17 15:00:00,43295099999,Bengaluru,NOAA,23.4,56.6,,1.5,90.0,
2024-01-17 18:00:00,43295099999,Bengaluru,NOAA,20.8,74.0,,2.1,90.0,
2024-01-17 21:00:00,43295099999,Bengaluru,NOAA,18.8,87.1,,1.5,90.0,
2024-01-18 00:00:00,43295099999,Bengaluru,NOAA,17.8,90.4,,1.5,90.0,
2024-01-18 03:00:00,43295099999,Bengaluru,NOAA,18.8,87.1,,0.0,,
2024-01-18 06:00:00,43295099999,Bengaluru,NOAA,25.4,51.9,,1.0,140.0,
2024-01-18 09:00:00,43295099999,Bengaluru,NOAA,28.0,39.6,,1.0,90.0,
2024-01-18 12:00:00,43295099999,Bengaluru,NOAA,27.4,41.0,,0.0,,
2024-01-18 15:00:00,43295099999,Bengaluru,NOAA,22.4,64.2,,0.0,,
2024-01-18 18:00:00,43295099999,Bengaluru,NOAA,20.8,78.9,,1.5,90.0,
2024-01-18 21:00:00,43295099999,Bengaluru,NOAA,19.4,85.5,,0.0,,
2024-01-19 00:00:00,43295099999,Bengaluru,NOAA,18.4,90.4,,1.0,90.0,
2024-01-19 03:00:00,43295099999,Bengaluru,NOAA,19.0,87.1,,0.0,,
2024-01-19 06:00:00,43295099999,Bengaluru,NOAA,26.0,68.7,,1.0,90.0,
2024-01-19 09:00:00,43295099999,Bengaluru,NOAA,29.0,39.6,,1.5,320.0,
2024-01-19 12:00:00,43295099999,Bengaluru,NOAA,28.0,41.7,,1.5,320.0,
2024-01-19 15:00:00,43295099999,Bengaluru,NOAA,23.8,59.7,,1.5,70.0,
2024-01-19 18:00:00,43295099999,Bengaluru,NOAA,20.8,80.9,,2.1,110.0,
2024-01-19 21:00:00,43295099999,Bengaluru,NOAA,19.8,85.5,,0.5,90.0,
2024-01-20 00:00:00,43295099999,Bengaluru,NOAA,18.4,92.1,,1.0,140.0,
2024-01-20 03:00:00,43295099999,Bengaluru,NOAA,20.0,78.8,,1.5,50.0,
2024-01-20 06:00:00,43295099999,Bengaluru,NOAA,26.0,45.1,,1.5,90.0,
2024-01-20 09:00:00,43295099999,Bengaluru,NOAA,28.6,42.4,,1.0,90.0,
2024-01-20 12:00:00,43295099999,Bengaluru,NOAA,27.4,50.4,,1.0,90.0,
2024-01-20 15:00:00,43295099999,Bengaluru,NOAA,24.0,61.3,,1.0,90.0,
2024-01-20 18:00:00,43295099999,Bengaluru,NOAA,21.0,80.9,,1.5,90.0,
2024-01-20 21:00:00,43295099999,Bengaluru,NOAA,19.8,85.5,,1.0,90.0,
2024-01-21 00:00:00,43295099999,Bengaluru,NOAA,18.6,88.7,,1.0,90.0,
2024-01-21 03:00:00,43295099999,Bengaluru,NOAA,20.4,82.4,,1.0,90.0,
2024-01-21 06:00:00,43295099999,Bengaluru,NOAA,27.0,50.0,,1.5,90.0,
2024-01-21 09:00:00,43295099999,Bengaluru,NOAA,30.0,33.7,,0.0,,
2024-01-21 12:00:00,43295099999,Bengaluru,NOAA,28.8,37.3,,0.0,,
2024-01-21 15:00:00,43295099999,Bengaluru,NOAA,24.0,51.9,,1.5,90.0,
2024-01-21 18:00:00,43295099999,Bengaluru,NOAA,22.0,71.5,,1.5,90.0,
2024-01-21 21:00:00,43295099999,Bengaluru,NOAA,20.0,83.9,,2.1,50.0,
2024-01-22 00:00:00,43295099999,Bengaluru,NOAA,19.4,90.5,,0.0,,
2024-01-22 03:00:00,43295099999,Bengaluru,NOAA,21.0,76.0,,1.0,140.0,
2024-01-22 06:00:00,43295099999,Bengaluru,NOAA,27.8,45.0,,1.5,140.0,
2024-01-22 09:00:00,43295099999,Bengaluru,NOAA,29.8,35.5,,1.0,90.0,
2024-01-22 12:00:00,43295099999,Bengaluru,NOAA,28.2,39.9,,0.0,,
2024-01-22 15:00:00,43295099999,Bengaluru,NOAA,24.0,51.9,,2.1,90.0,
2024-01-22 18:00:00,43295099999,Bengaluru,NOAA,21.2,77.5,,1.5,90.0,
2024-01-23 00:00:00,43295099999,Bengaluru,NOAA,18.4,86.5,,0.0,,
2024-01-23 03:00:00,43295099999,Bengaluru,NOAA,21.0,80.9,,1.0,90.0,
2024-01-23 06:00:00,43295099999,Bengaluru,NOAA,27.0,38.3,,1.0,90.0,
2024-01-23 09:00:00,43295099999,Bengaluru,NOAA,29.0,33.4,,1.5,140.0,
2024-01-23 12:00:00,43295099999,Bengaluru,NOAA,28.4,37.0,,1.5,90.0,
2024-01-23 15:00:00,43295099999,Bengaluru,NOAA,24.0,58.6,,1.0,140.0,
2024-01-23 18:00:00,43295099999,Bengaluru,NOAA,21.0,77.4,,1.5,110.0,
2024-01-23 21:00:00,43295099999,Bengaluru,NOAA,19.0,87.1,,1.0,140.0,
2024-01-24 00:00:00,43295099999,Bengaluru,NOAA,18.2,90.4,,0.0,,
2024-01-24 03:00:00,43295099999,Bengaluru,NOAA,21.0,78.9,,1.5,90.0,
2024-01-24 06:00:00,43295099999,Bengaluru,NOAA,24.4,64.6,,1.0,,
2024-01-24 09:00:00,43295099999,Bengaluru,NOAA,29.0,39.6,,2.1,180.0,
2024-01-24 12:00:00,43295099999,Bengaluru,NOAA,28.0,42.8,,1.0,,
2024-01-24 15:00:00,43295099999,Bengaluru,NOAA,24.6,57.7,,1.0,90.0,
2024-01-24 18:00:00,43295099999,Bengaluru,NOAA,21.6,81.0,,1.0,90.0,
2024-01-24 21:00:00,43295099999,Bengaluru,NOAA,19.4,85.5,,1.0,90.0,
2024-01-25 00:00:00,43295099999,Bengaluru,NOAA,19.0,87.1,,1.0,90.0,
2024-01-25 03:00:00,43295099999,Bengaluru,NOAA,21.8,78.0,,1.5,140.0,
2024-01-25 06:00:00,43295099999,Bengaluru,NOAA,27.2,52.7,,2.1,160.0,
2024-01-25 09:00:00,43295099999,Bengaluru,NOAA,28.6,37.0,,1.0,110.0,
2024-01-25 12:00:00,43295099999,Bengaluru,NOAA,28.0,36.4,,0.0,,
2024-01-25 15:00:00,43295099999,Bengaluru,NOAA,23.6,54.2,,2.1,90.0,
2024-01-25 18:00:00,43295099999,Bengaluru,NOAA,21.4,72.7,,1.5,90.0,
2024-01-25 21:00:00,43295099999,Bengaluru,NOAA,20.0,83.9,,1.5,90.0,
2024-01-26 00:00:00,43295099999,Bengaluru,NOAA,18.6,90.4,,2.1,140.0,
2024-01-26 03:00:00,43295099999,Bengaluru,NOAA,19.2,83.3,,1.0,90.0,
2024-01-26 06:00:00,43295099999,Bengaluru,NOAA,25.6,42.4,,1.5,110.0,
2024-01-26 09:00:00,43295099999,Bengaluru,NOAA,28.0,35.2,,1.5,90.0,
2024-01-26 12:00:00,43295099999,Bengaluru,NOAA,27.2,34.3,,1.0,90.0,
2024-01-26 15:00:00,43295099999,Bengaluru,NOAA,23.2,55.1,,1.5,90.0,
2024-01-26 18:00:00,43295099999,Bengaluru,NOAA,20.4,78.8,,2.6,90.0,
2024-01-26 21:00:00,43295099999,Bengaluru,NOAA,19.4,83.3,,2.1,90.0,
2024-01-27 00:00:00,43295099999,Bengaluru,NOAA,18.0,86.4,,1.5,90.0,
2024-01-27 03:00:00,43295099999,Bengaluru,NOAA,19.4,81.8,,1.0,90.0,
2024-01-27 06:00:00,43295099999,Bengaluru,NOAA,26.4,43.2,,1.0,90.0,
2024-01-27 09:00:00,43295099999,Bengaluru,NOAA,28.0,34.3,,1.5,140.0,
2024-01-27 12:00:00,43295099999,Bengaluru,NOAA,26.6,39.0,,1.5,50.0,
2024-01-27 15:00:00,43295099999,Bengaluru,NOAA,23.2,51.0,,1.0,110.0,
2024-01-27 18:00:00,43295099999,Bengaluru,NOAA,21.0,72.6,,1.5,70.0,
2024-01-27 21:00:00,43295099999,Bengaluru,NOAA,18.8,84.9,,1.0,90.0,
2024-01-28 00:00:00,43295099999,Bengaluru,NOAA,18.0,88.7,,1.0,90.0,
2024-01-28 03:00:00,43295099999,Bengaluru,NOAA,19.2,84.9,,1.5,50.0,
2024-01-28 06:00:00,43295099999,Bengaluru,NOAA,25.2,50.5,,2.1,90.0,
2024-01-28 09:00:00,43295099999,Bengaluru,NOAA,26.8,41.4,,2.1,90.0,
2024-01-28 12:00:00,43295099999,Bengaluru,NOAA,25.6,42.2,,1.5,90.0,
2024-01-28 15:00:00,43295099999,Bengaluru,NOAA,22.8,61.8,,1.0,90.0,
2024-01-28 18:00:00,43295099999,Bengaluru,NOAA,20.6,74.0,,1.0,90.0,
2024-01-28 21:00:00,43295099999,Bengaluru,NOAA,19.0,83.3,,1.0,90.0,
2024-01-29 00:00:00,43295099999,Bengaluru,NOAA,18.0,84.8,,1.0,90.0,
2024-01-29 03:00:00,43295099999,Bengaluru,NOAA,19.6,76.7,,2.1,90.0,
2024-01-29 06:00:00,43295099999,Bengaluru,NOAA,25.4,45.6,,2.1,70.0,
2024-01-29 09:00:00,43295099999,Bengaluru,NOAA,28.0,33.1,,0.0,,
2024-01-29 12:00:00,43295099999,Bengaluru,NOAA,27.0,31.8,,0.0,,
2024-01-29 15:00:00,43295099999,Bengaluru,NOAA,23.0,54.7,,1.5,90.0,
2024-01-29 18:00:00,43295099999,Bengaluru,NOAA,21.0,61.4,,2.1,50.0,
2024-01-29 21:00:00,43295099999,Bengaluru,NOAA,18.4,81.1,,2.1,140.0,
2024-01-30 00:00:00,43295099999,Bengaluru,NOAA,17.2,90.3,,1.5,90.0,
2024-01-30 03:00:00,43295099999,Bengaluru,NOAA,18.6,77.6,,1.0,140.0,
2024-01-30 06:00:00,43295099999,Bengaluru,NOAA,26.0,45.1,,1.0,140.0,
2024-01-30 09:00:00,43295099999,Bengaluru,NOAA,29.6,29.4,,1.0,110.0,
2024-01-30 12:00:00,43295099999,Bengaluru,NOAA,29.2,23.9,,1.0,90.0,
2024-01-30 15:00:00,43295099999,Bengaluru,NOAA,22.4,52.8,,0.0,,
2024-01-30 18:00:00,43295099999,Bengaluru,NOAA,21.6,63.6,,1.5,90.0,
2024-01-30 21:00:00,43295099999,Bengaluru,NOAA,19.2,84.9,,1.5,90.0,
2024-01-31 00:00:00,43295099999,Bengaluru,NOAA,18.8,88.7,,2.1,90.0,
2024-01-31 03:00:00,43295099999,Bengaluru,NOAA,20.4,85.6,,0.0,,
2024-01-31 06:00:00,43295099999,Bengaluru,NOAA,27.8,49.6,,1.0,180.0,
2024-01-31 09:00:00,43295099999,Bengaluru,NOAA,30.6,33.7,,1.0,,
2024-01-31 12:00:00,43295099999,Bengaluru,NOAA,29.6,32.3,,1.5,270.0,
2024-01-31 15:00:00,43295099999,Bengaluru,NOAA,24.0,51.9,,0.0,,
2024-01-31 18:00:00,43295099999,Bengaluru,NOAA,22.0,81.1,,1.0,90.0,
2024-01-31 21:00:00,43295099999,Bengaluru,NOAA,20.0,92.8,,1.0,110.0,
2024-02-01 00:00:00,43295099999,Bengaluru,NOAA,19.8,91.1,,1.0,140.0,
2024-02-01 03:00:00,43295099999,Bengaluru,NOAA,21.8,73.3,,1.5,140.0,
2024-02-01 06:00:00,43295099999,Bengaluru,NOAA,27.0,44.0,,1.5,320.0,
2024-02-01 09:00:00,43295099999,Bengaluru,NOAA,30.0,34.8,,1.5,,
2024-02-01 12:00:00,43295099999,Bengaluru,NOAA,29.0,36.7,,0.0,,
2024-02-01 15:00:00,43295099999,Bengaluru,NOAA,24.8,52.7,,0.0,,
2024-02-01 18:00:00,43295099999,Bengaluru,NOAA,23.6,58.2,,1.5,90.0,
2024-02-01 21:00:00,43295099999,Bengaluru,NOAA,21.6,86.2,,1.0,90.0,
2024-02-02 00:00:00,43295099999,Bengaluru,NOAA,21.0,89.5,,1.0,90.0,
2024-02-02 03:00:00,43295099999,Bengaluru,NOAA,22.0,81.1,,1.5,90.0,
2024-02-02 06:00:00,43295099999,Bengaluru,NOAA,27.4,52.7,,2.1,180.0,
2024-02-02 09:00:00,43295099999,Bengaluru,NOAA,30.6,40.6,,2.6,180.0,
2024-02-02 12:00:00,43295099999,Bengaluru,NOAA,29.4,41.3,,0.0,,
2024-02-02 15:00:00,43295099999,Bengaluru,NOAA,24.8,70.6,,2.1,90.0,
2024-02-02 18:00:00,43295099999,Bengaluru,NOAA,23.4,78.8,,1.5,140.0,
2024-02-02 21:00:00,43295099999,Bengaluru,NOAA,22.0,79.5,,1.5,140.0,
2024-02-03 00:00:00,43295099999,Bengaluru,NOAA,21.6,91.2,,1.5,140.0,
2024-02-03 03:00:00,43295099999,Bengaluru,NOAA,22.0,96.4,,1.0,140.0,
2024-02-03 06:00:00,43295099999,Bengaluru,NOAA,26.8,62.3,,1.0,140.0,
2024-02-03 09:00:00,43295099999,Bengaluru,NOAA,29.4,46.7,,1.0,90.0,
2024-02-03 12:00:00,43295099999,Bengaluru,NOAA,29.2,48.7,,1.0,90.0,
2024-02-03 15:00:00,43295099999,Bengaluru,NOAA,25.0,59.6,,2.1,90.0,
2024-02-03 18:00:00,43295099999,Bengaluru,NOAA,22.2,83.1,,1.5,90.0,
2024-02-03 21:00:00,43295099999,Bengaluru,NOAA,20.6,84.0,,1.5,90.0,
2024-02-04 00:00:00,43295099999,Bengaluru,NOAA,19.2,90.5,,2.1,90.0,
2024-02-04 03:00:00,43295099999,Bengaluru,NOAA,20.2,88.8,,1.0,90.0,
2024-02-04 06:00:00,43295099999,Bengaluru,NOAA,27.6,45.9,,1.5,90.0,
2024-02-04 09:00:00,43295099999,Bengaluru,NOAA,30.0,38.9,,1.5,50.0,
2024-02-04 12:00:00,43295099999,Bengaluru,NOAA,28.8,25.3,,1.5,90.0,
2024-02-04 15:00:00,43295099999,Bengaluru,NOAA,24.8,42.5,,0.0,,
2024-02-04 18:00:00,43295099999,Bengaluru,NOAA,22.4,59.8,,1.0,90.0,
2024-02-04 21:00:00,43295099999,Bengaluru,NOAA,20.8,82.4,,0.0,,
2024-02-05 00:00:00,43295099999,Bengaluru,NOAA,19.4,88.8,,1.0,90.0,
2024-02-05 03:00:00,43295099999,Bengaluru,NOAA,21.0,64.7,,1.5,90.0,
2024-02-05 06:00:00,43295099999,Bengaluru,NOAA,27.0,42.8,,2.1,140.0,
2024-02-05 09:00:00,43295099999,Bengaluru,NOAA,31.2,26.0,,2.1,50.0,
2024-02-05 12:00:00,43295099999,Bengaluru,NOAA,29.4,31.0,,1.5,90.0,
2024-02-05 15:00:00,43295099999,Bengaluru,NOAA,25.2,38.3,,1.0,90.0,
2024-02-05 18:00:00,43295099999,Bengaluru,NOAA,23.2,75.4,,1.5,90.0,
2024-02-05 21:00:00,43295099999,Bengaluru,NOAA,20.0,80.3,,1.0,90.0,
2024-02-06 00:00:00,43295099999,Bengaluru,NOAA,19.6,88.8,,1.0,90.0,
2024-02-06 03:00:00,43295099999,Bengaluru,NOAA,21.2,74.1,,1.0,50.0,
2024-02-06 06:00:00,43295099999,Bengaluru,NOAA,28.6,37.0,,1.5,20.0,
2024-02-06 09:00:00,43295099999,Bengaluru,NOAA,31.8,26.8,,1.0,50.0,
2024-02-06 12:00:00,43295099999,Bengaluru,NOAA,30.4,26.6,,1.0,90.0,
2024-02-06 15:00:00,43295099999,Bengaluru,NOAA,25.6,47.1,,1.5,50.0,
2024-02-06 18:00:00,43295099999,Bengaluru,NOAA,22.6,75.3,,1.5,90.0,
2024-02-06 21:00:00,43295099999,Bengaluru,NOAA,,,,3.1,20.0,
2024-02-07 00:00:00,43295099999,Bengaluru,NOAA,18.0,96.3,,0.0,,
2024-02-07 06:00:00,43295099999,Bengaluru,NOAA,29.0,32.6,,1.0,90.0,
2024-02-07 09:00:00,43295099999,Bengaluru,NOAA,33.0,21.6,,1.0,90.0,
2024-02-07 12:00:00,43295099999,Bengaluru,NOAA,32.0,24.5,,1.0,90.0,
2024-02-07 15:00:00,43295099999,Bengaluru,NOAA,25.8,34.3,,0.0,,
2024-02-07 18:00:00,43295099999,Bengaluru,NOAA,22.0,58.2,,1.0,90.0,
2024-02-07 21:00:00,43295099999,Bengaluru,NOAA,20.0,83.9,,0.0,,
2024-02-08 00:00:00,43295099999,Bengaluru,NOAA,18.2,86.4,,0.0,,
2024-02-08 03:00:00,43295099999,Bengaluru,NOAA,22.0,67.0,,1.0,90.0,
2024-02-08 06:00:00,43295099999,Bengaluru,NOAA,30.0,28.0,,1.0,90.0,
2024-02-08 09:00:00,43295099999,Bengaluru,NOAA,33.6,22.5,,1.0,,
2024-02-08 12:00:00,43295099999,Bengaluru,NOAA,31.2,21.6,,0.0,,
2024-02-08 15:00:00,43295099999,Bengaluru,NOAA,25.4,38.4,,0.0,,
2024-02-08 18:00:00,43295099999,Bengaluru,NOAA,22.4,59.8,,1.0,90.0,
2024-02-08 21:00:00,43295099999,Bengaluru,NOAA,20.4,80.3,,0.0,,
2024-02-09 00:00:00,43295099999,Bengaluru,NOAA,19.2,92.8,,1.0,90.0,
2024-02-09 03:00:00,43295099999,Bengaluru,NOAA,22.6,63.0,,1.0,90.0,
2024-02-09 06:00:00,43295099999,Bengaluru,NOAA,29.2,40.0,,1.0,90.0,
2024-02-09 09:00:00,43295099999,Bengaluru,NOAA,31.0,25.7,,1.0,90.0,
2024-02-09 12:00:00,43295099999,Bengaluru,NOAA,29.4,24.3,,1.0,90.0,
2024-02-09 15:00:00,43295099999,Bengaluru,NOAA,25.4,48.3,,1.0,90.0,
2024-02-09 18:00:00,43295099999,Bengaluru,NOAA,22.2,86.3,,1.0,90.0,
2024-02-09 21:00:00,43295099999,Bengaluru,NOAA,21.0,89.5,,1.5,90.0,
2024-02-10 00:00:00,43295099999,Bengaluru,NOAA,19.8,88.8,,1.0,90.0,
2024-02-10 03:00:00,43295099999,Bengaluru,NOAA,19.4,94.5,,1.0,50.0,
2024-02-10 06:00:00,43295099999,Bengaluru,NOAA,25.4,58.6,,1.0,90.0,
2024-02-10 09:00:00,43295099999,Bengaluru,NOAA,29.0,36.7,,0.0,,
2024-02-10 12:00:00,43295099999,Bengaluru,NOAA,27.4,40.0,,1.0,90.0,
2024-02-10 15:00:00,43295099999,Bengaluru,NOAA,24.6,53.7,,2.1,140.0,
2024-02-10 18:00:00,43295099999,Bengaluru,NOAA,22.0,79.5,,2.1,90.0,
2024-02-10 21:00:00,43295099999,Bengaluru,NOAA,20.2,87.2,,1.5,50.0,
2024-02-11 00:00:00,43295099999,Bengaluru,NOAA,19.2,90.5,,3.1,90.0,
2024-02-11 03:00:00,43295099999,Bengaluru,NOAA,20.6,78.9,,1.0,90.0,
2024-02-11 06:00:00,43295099999,Bengaluru,NOAA,26.0,48.8,,1.0,90.0,
2024-02-11 09:00:00,43295099999,Bengaluru,NOAA,29.8,35.5,,1.0,90.0,
2024-02-11 12:00:00,43295099999,Bengaluru,NOAA,28.2,37.7,,1.0,90.0,
2024-02-11 15:00:00,43295099999,Bengaluru,NOAA,24.4,53.7,,1.5,90.0,
2024-02-11 18:00:00,43295099999,Bengaluru,NOAA,21.0,89.5,,1.5,90.0,
2024-02-11 21:00:00,43295099999,Bengaluru,NOAA,20.8,91.1,,1.5,90.0,
2024-02-12 00:00:00,43295099999,Bengaluru,NOAA,18.8,92.2,,1.5,90.0,
2024-02-12 03:00:00,43295099999,Bengaluru,NOAA,19.8,80.3,,0.0,,
2024-02-12 06:00:00,43295099999,Bengaluru,NOAA,28.6,20.2,,0.0,,
2024-02-12 09:00:00,43295099999,Bengaluru,NOAA,31.0,19.6,,1.5,140.0,
2024-02-12 12:00:00,43295099999,Bengaluru,NOAA,29.0,25.5,,1.5,90.0,
2024-02-12 15:00:00,43295099999,Bengaluru,NOAA,25.0,41.4,,0.0,,
2024-02-12 18:00:00,43295099999,Bengaluru,NOAA,21.0,77.4,,0.0,,
2024-02-12 21:00:00,43295099999,Bengaluru,NOAA,19.4,85.5,,1.0,90.0,
2024-02-13 00:00:00,43295099999,Bengaluru,NOAA,18.2,88.7,,1.0,90.0,
2024-02-13 03:00:00,43295099999,Bengaluru,NOAA,20.0,76.8,,1.5,90.0,
2024-02-13 06:00:00,43295099999,Bengaluru,NOAA,27.0,46.3,,1.5,50.0,
2024-02-13 09:00:00,43295099999,Bengaluru,NOAA,30.0,34.8,,1.0,50.0,
2024-02-13 12:00:00,43295099999,Bengaluru,NOAA,28.8,41.7,,1.0,90.0,
2024-02-13 15:00:00,43295099999,Bengaluru,NOAA,24.4,54.7,,1.5,90.0,
2024-02-13 18:00:00,43295099999,Bengaluru,NOAA,21.8,82.6,,1.0,90.0,
2024-02-13 21:00:00,43295099999,Bengaluru,NOAA,20.0,90.5,,1.5,90.0,
2024-02-14 00:00:00,43295099999,Bengaluru,NOAA,19.6,94.5,,1.5,90.0,
2024-02-14 03:00:00,43295099999,Bengaluru,NOAA,21.0,76.0,,1.0,110.0,
2024-02-14 06:00:00,43295099999,Bengaluru,NOAA,26.0,51.4,,1.0,90.0,
2024-02-14 09:00:00,43295099999,Bengaluru,NOAA,30.0,34.8,,0.0,,
2024-02-14 12:00:00,43295099999,Bengaluru,NOAA,29.2,40.0,,0.0,,
2024-02-14 15:00:00,43295099999,Bengaluru,NOAA,25.0,52.8,,1.5,140.0,
2024-02-14 18:00:00,43295099999,Bengaluru,NOAA,21.6,63.6,,2.1,50.0,
2024-02-14 21:00:00,43295099999,Bengaluru,NOAA,20.0,83.9,,1.5,90.0,
2024-02-15 00:00:00,43295099999,Bengaluru,NOAA,18.0,92.1,,0.0,,
2024-02-15 03:00:00,43295099999,Bengaluru,NOAA,20.4,80.3,,0.0,,
2024-02-15 06:00:00,43295099999,Bengaluru,NOAA,27.0,31.8,,1.0,90.0,
2024-02-15 09:00:00,43295099999,Bengaluru,NOAA,30.2,26.4,,1.5,90.0,
2024-02-15 12:00:00,43295099999,Bengaluru,NOAA,29.4,27.1,,1.0,90.0,
2024-02-15 15:00:00,43295099999,Bengaluru,NOAA,24.4,44.4,,1.0,90.0,
2024-02-15 18:00:00,43295099999,Bengaluru,NOAA,21.0,76.0,,1.0,110.0,
2024-02-15 21:00:00,43295099999,Bengaluru,NOAA,19.0,78.1,,1.0,90.0,
2024-02-16 00:00:00,43295099999,Bengaluru,NOAA,18.4,70.8,,1.0,90.0,
2024-02-16 03:00:00,43295099999,Bengaluru,NOAA,21.4,76.0,,1.0,90.0,
2024-02-16 06:00:00,43295099999,Bengaluru,NOAA,25.4,56.0,,1.5,90.0,
2024-02-16 09:00:00,43295099999,Bengaluru,NOAA,29.2,40.0,,3.1,140.0,
2024-02-16 12:00:00,43295099999,Bengaluru,NOAA,29.0,40.7,,2.1,50.0,
2024-02-16 15:00:00,43295099999,Bengaluru,NOAA,24.8,61.9,,1.0,90.0,
2024-02-16 18:00:00,43295099999,Bengaluru,NOAA,22.4,79.6,,1.0,90.0,
2024-02-16 21:00:00,43295099999,Bengaluru,NOAA,20.0,85.5,,0.0,,
2024-02-17 00:00:00,43295099999,Bengaluru,NOAA,19.2,87.1,,0.0,,
2024-02-17 03:00:00,43295099999,Bengaluru,NOAA,22.0,42.6,,1.5,90.0,
2024-02-17 06:00:00,43295099999,Bengaluru,NOAA,28.0,30.0,,1.5,50.0,
2024-02-17 09:00:00,43295099999,Bengaluru,NOAA,31.0,23.9,,1.0,50.0,
2024-02-17 12:00:00,43295099999,Bengaluru,NOAA,30.0,27.1,,0.0,,
2024-02-17 15:00:00,43295099999,Bengaluru,NOAA,25.0,48.9,,1.0,90.0,
2024-02-17 18:00:00,43295099999,Bengaluru,NOAA,22.4,70.2,,1.5,90.0,
2024-02-17 21:00:00,43295099999,Bengaluru,NOAA,20.4,85.6,,1.0,90.0,
2024-02-18 00:00:00,43295099999,Bengaluru,NOAA,19.0,90.4,,1.0,90.0,
2024-02-18 03:00:00,43295099999,Bengaluru,NOAA,22.4,55.7,,1.0,90.0,
2024-02-18 06:00:00,43295099999,Bengaluru,NOAA,29.0,34.6,,0.0,,
2024-02-18 09:00:00,43295099999,Bengaluru,NOAA,32.0,17.7,,0.0,,
2024-02-18 12:00:00,43295099999,Bengaluru,NOAA,30.8,20.9,,0.0,,
2024-02-18 15:00:00,43295099999,Bengaluru,NOAA,26.6,37.7,,3.1,90.0,
2024-02-18 18:00:00,43295099999,Bengaluru,NOAA,23.0,61.9,,2.6,50.0,
2024-02-18 21:00:00,43295099999,Bengaluru,NOAA,21.0,70.8,,1.5,60.0,
2024-02-19 00:00:00,43295099999,Bengaluru,NOAA,19.2,74.7,,0.0,,
2024-02-19 03:00:00,43295099999,Bengaluru,NOAA,21.4,54.3,,0.0,,
2024-02-19 06:00:00,43295099999,Bengaluru,NOAA,29.8,19.5,,1.0,90.0,
2024-02-19 09:00:00,43295099999,Bengaluru,NOAA,32.4,16.7,,1.0,90.0,
2024-02-19 12:00:00,43295099999,Bengaluru,NOAA,31.6,13.9,,1.0,90.0,
2024-02-19 15:00:00,43295099999,Bengaluru,NOAA,25.4,40.7,,0.0,,
2024-02-19 18:00:00,43295099999,Bengaluru,NOAA,23.0,64.7,,1.0,90.0,
2024-02-19 21:00:00,43295099999,Bengaluru,NOAA,21.4,77.5,,1.0,90.0,
2024-02-20 00:00:00,43295099999,Bengaluru,NOAA,20.8,78.9,,1.0,90.0,
2024-02-20 03:00:00,43295099999,Bengaluru,NOAA,23.4,59.3,,1.5,90.0,
2024-02-20 06:00:00,43295099999,Bengaluru,NOAA,29.6,31.2,,1.5,90.0,
2024-02-20 09:00:00,43295099999,Bengaluru,NOAA,32.0,23.7,,0.0,,
2024-02-20 12:00:00,43295099999,Bengaluru,NOAA,31.6,23.1,,0.0,,
2024-02-20 15:00:00,43295099999,Bengaluru,NOAA,26.4,35.2,,1.0,90.0,
2024-02-20 18:00:00,43295099999,Bengaluru,NOAA,24.0,58.6,,1.0,90.0,
2024-02-20 21:00:00,43295099999,Bengaluru,NOAA,22.4,72.0,,0.0,,
2024-02-21 00:00:00,43295099999,Bengaluru,NOAA,22.2,74.7,,1.0,90.0,
2024-02-21 03:00:00,43295099999,Bengaluru,NOAA,23.6,68.2,,1.5,140.0,
2024-02-21 06:00:00,43295099999,Bengaluru,NOAA,29.0,46.3,,1.5,90.0,
2024-02-21 09:00:00,43295099999,Bengaluru,NOAA,31.4,36.6,,0.0,,
2024-02-21 12:00:00,43295099999,Bengaluru,NOAA,31.0,32.3,,0.0,,
2024-02-21 15:00:00,43295099999,Bengaluru,NOAA,27.8,50.9,,0.0,,
2024-02-21 18:00:00,43295099999,Bengaluru,NOAA,25.8,52.3,,1.5,90.0,
2024-02-21 21:00:00,43295099999,Bengaluru,NOAA,23.0,69.4,,1.5,90.0,
2024-02-22 00:00:00,43295099999,Bengaluru,NOAA,22.6,78.2,,2.1,180.0,
2024-02-22 03:00:00,43295099999,Bengaluru,NOAA,23.4,78.8,,0.0,,
2024-02-22 06:00:00,43295099999,Bengaluru,NOAA,29.4,33.1,,1.0,90.0,
2024-02-22 09:00:00,43295099999,Bengaluru,NOAA,32.6,21.1,,0.0,,
2024-02-22 12:00:00,43295099999,Bengaluru,NOAA,31.4,26.2,,0.0,,
2024-02-22 15:00:00,43295099999,Bengaluru,NOAA,26.0,47.6,,1.0,,
2024-02-22 18:00:00,43295099999,Bengaluru,NOAA,24.2,48.0,,1.0,,
2024-02-22 21:00:00,43295099999,Bengaluru,NOAA,23.4,58.1,,0.0,,
2024-02-23 00:00:00,43295099999,Bengaluru,NOAA,22.0,64.1,,0.0,,
2024-02-23 03:00:00,43295099999,Bengaluru,NOAA,23.6,51.4,,0.0,,
2024-02-23 06:00:00,43295099999,Bengaluru,NOAA,30.0,28.9,,0.0,,
2024-02-23 09:00:00,43295099999,Bengaluru,NOAA,32.6,25.3,,2.1,230.0,
2024-02-23 12:00:00,43295099999,Bengaluru,NOAA,32.4,25.9,,0.0,,
2024-02-23 15:00:00,43295099999,Bengaluru,NOAA,28.4,34.8,,0.0,,
2024-02-23 18:00:00,43295099999,Bengaluru,NOAA,25.8,65.7,,1.0,90.0,
2024-02-23 21:00:00,43295099999,Bengaluru,NOAA,23.4,71.3,,0.0,,
2024-02-24 00:00:00,43295099999,Bengaluru,NOAA,22.0,62.5,,0.0,,
2024-02-24 03:00:00,43295099999,Bengaluru,NOAA,24.4,53.7,,1.0,,
2024-02-24 06:00:00,43295099999,Bengaluru,NOAA,29.0,41.7,,1.0,90.0,
2024-02-24 09:00:00,43295099999,Bengaluru,NOAA,32.0,41.0,,1.5,140.0,
2024-02-24 12:00:00,43295099999,Bengaluru,NOAA,30.0,48.3,,1.5,50.0,
2024-02-24 15:00:00,43295099999,Bengaluru,NOAA,28.4,57.5,,1.0,90.0,
2024-02-24 18:00:00,43295099999,Bengaluru,NOAA,25.4,72.5,,1.0,90.0,
2024-02-24 21:00:00,43295099999,Bengaluru,NOAA,23.0,61.9,,1.0,90.0,
2024-02-25 00:00:00,43295099999,Bengaluru,NOAA,22.0,64.1,,1.0,90.0,
2024-02-25 03:00:00,43295099999,Bengaluru,NOAA,23.0,61.9,,1.5,90.0,
2024-02-25 06:00:00,43295099999,Bengaluru,NOAA,28.0,47.5,,1.5,90.0,
2024-02-25 09:00:00,43295099999,Bengaluru,NOAA,31.0,43.1,,1.0,90.0,
2024-02-25 12:00:00,43295099999,Bengaluru,NOAA,31.0,38.9,,1.0,90.0,
2024-02-25 15:00:00,43295099999,Bengaluru,NOAA,26.2,52.8,,4.1,90.0,
2024-02-25 18:00:00,43295099999,Bengaluru,NOAA,23.4,69.5,,3.1,90.0,
2024-02-25 21:00:00,43295099999,Bengaluru,NOAA,21.0,84.0,,2.1,90.0,
2024-02-26 00:00:00,43295099999,Bengaluru,NOAA,19.4,85.5,,1.5,90.0,
2024-02-26 03:00:00,43295099999,Bengaluru,NOAA,21.0,72.6,,1.0,110.0,
2024-02-26 06:00:00,43295099999,Bengaluru,NOAA,27.0,52.3,,1.5,110.0,
2024-02-26 09:00:00,43295099999,Bengaluru,NOAA,30.2,34.9,,1.0,90.0,
2024-02-26 12:00:00,43295099999,Bengaluru,NOAA,29.4,34.0,,1.0,90.0,
2024-02-26 15:00:00,43295099999,Bengaluru,NOAA,25.2,57.1,,1.5,50.0,
2024-02-26 18:00:00,43295099999,Bengaluru,NOAA,23.0,72.1,,2.6,90.0,
2024-02-26 21:00:00,43295099999,Bengaluru,NOAA,21.0,78.9,,1.5,90.0,
2024-02-27 00:00:00,43295099999,Bengaluru,NOAA,20.0,87.2,,2.1,90.0,
2024-02-27 03:00:00,43295099999,Bengaluru,NOAA,21.0,85.6,,1.0,90.0,
2024-02-27 06:00:00,43295099999,Bengaluru,NOAA,25.0,49.2,,1.5,90.0,
2024-02-27 09:00:00,43295099999,Bengaluru,NOAA,30.2,39.0,,1.0,90.0,
2024-02-27 12:00:00,43295099999,Bengaluru,NOAA,29.4,41.3,,1.5,90.0,
2024-02-27 15:00:00,43295099999,Bengaluru,NOAA,25.4,56.0,,1.0,90.0,
2024-02-27 18:00:00,43295099999,Bengaluru,NOAA,23.0,69.4,,1.0,90.0,
2024-02-27 21:00:00,43295099999,Bengaluru,NOAA,20.2,87.2,,1.0,90.0,
2024-02-28 00:00:00,43295099999,Bengaluru,NOAA,19.4,92.8,,1.5,90.0,
2024-02-28 03:00:00,43295099999,Bengaluru,NOAA,21.8,76.1,,1.0,90.0,
2024-02-28 06:00:00,43295099999,Bengaluru,NOAA,28.8,37.3,,1.5,90.0,
2024-02-28 09:00:00,43295099999,Bengaluru,NOAA,32.6,20.2,,1.5,180.0,
2024-02-28 12:00:00,43295099999,Bengaluru,NOAA,31.2,29.7,,1.5,50.0,
2024-02-28 15:00:00,43295099999,Bengaluru,NOAA,26.2,46.7,,1.5,90.0,
2024-02-28 18:00:00,43295099999,Bengaluru,NOAA,23.0,67.7,,2.6,90.0,
2024-02-28 21:00:00,43295099999,Bengaluru,NOAA,20.4,75.4,,1.0,90.0,
2024-02-29 00:00:00,43295099999,Bengaluru,NOAA,19.2,78.1,,0.0,,
2024-02-29 03:00:00,43295099999,Bengaluru,NOAA,22.8,44.9,,1.5,90.0,
2024-02-29 06:00:00,43295099999,Bengaluru,NOAA,29.2,28.7,,1.5,90.0,
2024-02-29 09:00:00,43295099999,Bengaluru,NOAA,33.0,23.3,,1.0,90.0,
2024-02-29 12:00:00,43295099999,Bengaluru,NOAA,30.6,26.0,,12.4,70.0,
2024-02-29 15:00:00,43295099999,Bengaluru,NOAA,26.4,41.0,,1.0,90.0,
2024-02-29 18:00:00,43295099999,Bengaluru,NOAA,24.0,68.7,,1.0,90.0,
2024-02-29 21:00:00,43295099999,Bengaluru,NOAA,20.6,74.0,,1.0,90.0,
2024-03-01 00:00:00,43295099999,Bengaluru,NOAA,19.4,92.8,,1.0,90.0,
2024-03-01 03:00:00,43295099999,Bengaluru,NOAA,22.4,70.2,,1.5,90.0,
2024-03-01 06:00:00,43295099999,Bengaluru,NOAA,29.4,37.0,,1.5,90.0,
2024-03-01 09:00:00,43295099999,Bengaluru,NOAA,31.2,34.3,,1.5,90.0,
2024-03-01 12:00:00,43295099999,Bengaluru,NOAA,30.8,27.3,,1.5,110.0,
2024-03-01 15:00:00,43295099999,Bengaluru,NOAA,25.6,48.4,,2.1,90.0,
2024-03-01 18:00:00,43295099999,Bengaluru,NOAA,24.0,57.2,,1.5,140.0,
2024-03-02 00:00:00,43295099999,Bengaluru,NOAA,20.0,78.8,,0.0,,
2024-03-02 03:00:00,43295099999,Bengaluru,NOAA,23.0,64.7,,1.0,90.0,
2024-03-02 06:00:00,43295099999,Bengaluru,NOAA,29.4,34.0,,2.6,90.0,
2024-03-02 09:00:00,43295099999,Bengaluru,NOAA,32.0,33.4,,1.0,110.0,
2024-03-02 12:00:00,43295099999,Bengaluru,NOAA,30.4,33.4,,2.1,140.0,
2024-03-02 15:00:00,43295099999,Bengaluru,NOAA,26.0,41.7,,1.5,110.0,
2024-03-02 18:00:00,43295099999,Bengaluru,NOAA,24.0,55.7,,1.0,90.0,
2024-03-02 21:00:00,43295099999,Bengaluru,NOAA,21.4,76.0,,1.0,90.0,
2024-03-03 00:00:00,43295099999,Bengaluru,NOAA,20.4,80.3,,0.0,,
2024-03-03 03:00:00,43295099999,Bengaluru,NOAA,23.0,67.7,,1.0,90.0,
2024-03-03 06:00:00,43295099999,Bengaluru,NOAA,29.4,50.0,,1.0,90.0,
2024-03-03 09:00:00,43295099999,Bengaluru,NOAA,32.6,36.0,,1.5,90.0,
2024-03-03 12:00:00,43295099999,Bengaluru,NOAA,31.6,38.6,,1.5,140.0,
2024-03-03 15:00:00,43295099999,Bengaluru,NOAA,25.6,54.7,,1.0,90.0,
2024-03-03 18:00:00,43295099999,Bengaluru,NOAA,25.4,57.1,,2.1,90.0,
2024-03-03 21:00:00,43295099999,Bengaluru,NOAA,22.6,78.2,,1.0,90.0,
2024-03-04 00:00:00,43295099999,Bengaluru,NOAA,21.0,80.9,,1.5,90.0,
2024-03-04 03:00:00,43295099999,Bengaluru,NOAA,24.2,73.2,,0.0,,
2024-03-04 06:00:00,43295099999,Bengaluru,NOAA,29.4,48.8,,1.5,50.0,
2024-03-04 09:00:00,43295099999,Bengaluru,NOAA,33.8,37.3,,1.0,90.0,
2024-03-04 12:00:00,43295099999,Bengaluru,NOAA,33.8,40.2,,1.0,90.0,
2024-03-04 15:00:00,43295099999,Bengaluru,NOAA,28.2,52.3,,1.5,140.0,
2024-03-04 18:00:00,43295099999,Bengaluru,NOAA,25.2,66.4,,2.1,110.0,
2024-03-04 21:00:00,43295099999,Bengaluru,NOAA,22.4,81.6,,0.0,,
2024-03-05 00:00:00,43295099999,Bengaluru,NOAA,21.2,84.1,,0.0,,
2024-03-05 03:00:00,43295099999,Bengaluru,NOAA,24.8,61.9,,0.0,,
2024-03-05 06:00:00,43295099999,Bengaluru,NOAA,32.0,34.3,,1.0,110.0,
2024-03-05 09:00:00,43295099999,Bengaluru,NOAA,34.8,41.0,,1.5,90.0,
2024-03-05 12:00:00,43295099999,Bengaluru,NOAA,33.6,48.7,,1.0,90.0,
2024-03-05 15:00:00,43295099999,Bengaluru,NOAA,28.0,52.2,,2.1,140.0,
2024-03-05 18:00:00,43295099999,Bengaluru,NOAA,25.0,63.5,,1.5,50.0,
2024-03-05 21:00:00,43295099999,Bengaluru,NOAA,24.0,71.4,,1.5,90.0,
2024-03-06 00:00:00,43295099999,Bengaluru,NOAA,22.4,75.2,,0.0,,
2024-03-06 03:00:00,43295099999,Bengaluru,NOAA,24.6,68.8,,2.1,90.0,
2024-03-06 06:00:00,43295099999,Bengaluru,NOAA,30.8,43.9,,2.1,110.0,
2024-03-06 09:00:00,43295099999,Bengaluru,NOAA,33.8,61.3,,0.0,,
2024-03-06 12:00:00,43295099999,Bengaluru,NOAA,32.8,27.3,,0.0,,
2024-03-06 15:00:00,43295099999,Bengaluru,NOAA,27.4,44.4,,2.6,90.0,
2024-03-06 18:00:00,43295099999,Bengaluru,NOAA,24.0,50.5,,1.5,90.0,
2024-03-06 21:00:00,43295099999,Bengaluru,NOAA,22.6,72.0,,1.5,90.0,
2024-03-07 00:00:00,43295099999,Bengaluru,NOAA,21.8,78.0,,1.0,90.0,
2024-03-07 03:00:00,43295099999,Bengaluru,NOAA,25.0,66.4,,1.0,270.0,
2024-03-07 06:00:00,43295099999,Bengaluru,NOAA,30.8,35.7,,1.0,230.0,
2024-03-07 09:00:00,43295099999,Bengaluru,NOAA,33.4,28.9,,1.0,,
2024-03-07 12:00:00,43295099999,Bengaluru,NOAA,33.0,25.7,,1.5,50.0,
2024-03-07 15:00:00,43295099999,Bengaluru,NOAA,27.4,43.2,,0.0,,
2024-03-07 18:00:00,43295099999,Bengaluru,NOAA,25.6,49.6,,1.5,90.0,
2024-03-08 00:00:00,43295099999,Bengaluru,NOAA,22.2,71.9,,0.0,,
2024-03-08 03:00:00,43295099999,Bengaluru,NOAA,25.8,52.3,,1.5,90.0,
2024-03-08 06:00:00,43295099999,Bengaluru,NOAA,30.0,46.2,,1.5,90.0,
2024-03-08 09:00:00,43295099999,Bengaluru,NOAA,33.6,35.4,,0.0,,
2024-03-08 12:00:00,43295099999,Bengaluru,NOAA,32.0,28.9,,0.0,,
2024-03-08 15:00:00,43295099999,Bengaluru,NOAA,27.8,42.8,,1.0,90.0,
2024-03-08 18:00:00,43295099999,Bengaluru,NOAA,26.4,50.5,,1.0,90.0,
2024-03-08 21:00:00,43295099999,Bengaluru,NOAA,24.4,60.3,,1.0,90.0,
2024-03-09 00:00:00,43295099999,Bengaluru,NOAA,23.6,66.9,,1.0,90.0,
2024-03-09 03:00:00,43295099999,Bengaluru,NOAA,26.0,64.5,,1.0,180.0,
2024-03-09 06:00:00,43295099999,Bengaluru,NOAA,31.8,42.0,,1.0,180.0,
2024-03-09 09:00:00,43295099999,Bengaluru,NOAA,34.0,38.5,,1.0,140.0,
2024-03-09 12:00:00,43295099999,Bengaluru,NOAA,32.6,27.9,,1.0,90.0,
2024-03-09 15:00:00,43295099999,Bengaluru,NOAA,29.0,43.9,,1.5,90.0,
2024-03-09 18:00:00,43295099999,Bengaluru,NOAA,26.6,63.5,,1.5,90.0,
2024-03-09 21:00:00,43295099999,Bengaluru,NOAA,25.0,73.8,,1.5,140.0,
2024-03-10 00:00:00,43295099999,Bengaluru,NOAA,24.6,78.0,,1.5,90.0,
2024-03-10 03:00:00,43295099999,Bengaluru,NOAA,25.4,69.4,,1.0,90.0,
2024-03-10 06:00:00,43295099999,Bengaluru,NOAA,30.2,47.5,,1.5,90.0,
2024-03-10 09:00:00,43295099999,Bengaluru,NOAA,32.6,38.9,,1.0,90.0,
2024-03-10 12:00:00,43295099999,Bengaluru,NOAA,31.2,35.4,,1.0,90.0,
2024-03-10 15:00:00,43295099999,Bengaluru,NOAA,28.0,49.6,,1.5,70.0,
2024-03-10 18:00:00,43295099999,Bengaluru,NOAA,25.4,56.0,,1.5,70.0,
2024-03-10 21:00:00,43295099999,Bengaluru,NOAA,23.2,68.1,,0.0,,
2024-03-11 00:00:00,43295099999,Bengaluru,NOAA,22.0,76.6,,1.5,90.0,
2024-03-11 03:00:00,43295099999,Bengaluru,NOAA,24.4,68.8,,1.5,90.0,
2024-03-11 06:00:00,43295099999,Bengaluru,NOAA,30.4,41.3,,1.0,90.0,
2024-03-11 09:00:00,43295099999,Bengaluru,NOAA,33.2,36.6,,1.5,90.0,
2024-03-11 12:00:00,43295099999,Bengaluru,NOAA,32.0,31.5,,2.1,50.0,
2024-03-11 15:00:00,43295099999,Bengaluru,NOAA,28.4,50.1,,1.0,90.0,
2024-03-11 18:00:00,43295099999,Bengaluru,NOAA,25.0,65.1,,1.5,90.0,
2024-03-11 21:00:00,43295099999,Bengaluru,NOAA,22.2,74.7,,1.0,360.0,
2024-03-12 00:00:00,43295099999,Bengaluru,NOAA,21.8,79.5,,1.0,90.0,
2024-03-12 03:00:00,43295099999,Bengaluru,NOAA,25.2,66.4,,1.5,140.0,
2024-03-12 06:00:00,43295099999,Bengaluru,NOAA,31.2,41.3,,1.5,50.0,
2024-03-12 09:00:00,43295099999,Bengaluru,NOAA,33.6,38.9,,1.0,90.0,
2024-03-12 12:00:00,43295099999,Bengaluru,NOAA,32.0,36.3,,1.0,50.0,
2024-03-12 15:00:00,43295099999,Bengaluru,NOAA,28.4,37.0,,1.0,90.0,
2024-03-12 18:00:00,43295099999,Bengaluru,NOAA,25.0,51.5,,1.0,90.0,
2024-03-12 21:00:00,43295099999,Bengaluru,NOAA,24.0,61.3,,0.0,,
2024-03-13 00:00:00,43295099999,Bengaluru,NOAA,22.0,64.1,,0.0,,
2024-03-13 03:00:00,43295099999,Bengaluru,NOAA,25.4,69.4,,1.0,90.0,
2024-03-13 06:00:00,43295099999,Bengaluru,NOAA,30.4,45.5,,0.0,,
2024-03-13 09:00:00,43295099999,Bengaluru,NOAA,33.2,34.8,,0.0,,
2024-03-13 12:00:00,43295099999,Bengaluru,NOAA,33.0,30.1,,0.0,,
2024-03-13 15:00:00,43295099999,Bengaluru,NOAA,29.0,48.4,,0.0,,
2024-03-13 18:00:00,43295099999,Bengaluru,NOAA,26.2,50.5,,2.1,90.0,
2024-03-13 21:00:00,43295099999,Bengaluru,NOAA,26.0,57.6,,0.0,,
2024-03-14 00:00:00,43295099999,Bengaluru,NOAA,24.2,83.9,,1.5,50.0,
2024-03-14 03:00:00,43295099999,Bengaluru,NOAA,24.2,85.4,,0.0,,
2024-03-14 06:00:00,43295099999,Bengaluru,NOAA,30.0,47.4,,2.1,230.0,
2024-03-14 09:00:00,43295099999,Bengaluru,NOAA,33.2,34.8,,0.0,,
2024-03-14 12:00:00,43295099999,Bengaluru,NOAA,33.0,33.7,,0.0,,
2024-03-14 15:00:00,43295099999,Bengaluru,NOAA,33.0,33.7,,0.0,,
2024-03-14 18:00:00,43295099999,Bengaluru,NOAA,27.4,46.7,,1.5,90.0,
2024-03-14 21:00:00,43295099999,Bengaluru,NOAA,25.4,64.0,,1.0,180.0,
2024-03-15 00:00:00,43295099999,Bengaluru,NOAA,24.4,76.0,,1.5,230.0,
2024-03-15 03:00:00,43295099999,Bengaluru,NOAA,24.4,82.4,,0.0,,
2024-03-15 06:00:00,43295099999,Bengaluru,NOAA,31.0,43.1,,1.0,230.0,
2024-03-15 09:00:00,43295099999,Bengaluru,NOAA,33.4,32.3,,1.0,230.0,
2024-03-15 12:00:00,43295099999,Bengaluru,NOAA,32.6,30.4,,1.5,140.0,
2024-03-15 15:00:00,43295099999,Bengaluru,NOAA,29.8,35.5,,2.1,140.0,
2024-03-15 18:00:00,43295099999,Bengaluru,NOAA,27.4,50.4,,2.1,140.0,
2024-03-15 21:00:00,43295099999,Bengaluru,NOAA,25.0,66.4,,0.0,,
2024-03-16 00:00:00,43295099999,Bengaluru,NOAA,24.6,66.3,,0.0,,
2024-03-16 03:00:00,43295099999,Bengaluru,NOAA,26.2,63.4,,0.0,,
2024-03-16 06:00:00,43295099999,Bengaluru,NOAA,30.2,49.6,,1.5,50.0,
2024-03-16 09:00:00,43295099999,Bengaluru,NOAA,33.0,37.3,,1.5,90.0,
2024-03-16 12:00:00,43295099999,Bengaluru,NOAA,31.0,33.1,,1.5,110.0,
2024-03-16 15:00:00,43295099999,Bengaluru,NOAA,28.6,41.4,,1.0,140.0,
2024-03-16 18:00:00,43295099999,Bengaluru,NOAA,26.2,51.4,,1.0,180.0,
2024-03-16 21:00:00,43295099999,Bengaluru,NOAA,24.6,63.4,,1.0,140.0,
2024-03-17 00:00:00,43295099999,Bengaluru,NOAA,22.4,84.7,,1.0,140.0,
2024-03-17 03:00:00,43295099999,Bengaluru,NOAA,24.4,79.4,,0.0,,
2024-03-17 06:00:00,43295099999,Bengaluru,NOAA,30.8,33.9,,1.0,140.0,
2024-03-17 09:00:00,43295099999,Bengaluru,NOAA,33.8,18.0,,1.0,140.0,
2024-03-17 12:00:00,43295099999,Bengaluru,NOAA,30.6,27.0,,0.5,50.0,
2024-03-17 15:00:00,43295099999,Bengaluru,NOAA,27.6,32.6,,2.1,90.0,
2024-03-17 18:00:00,43295099999,Bengaluru,NOAA,25.6,56.1,,2.6,140.0,
2024-03-17 21:00:00,43295099999,Bengaluru,NOAA,24.4,60.3,,0.0,,
2024-03-18 00:00:00,43295099999,Bengaluru,NOAA,22.8,70.7,,1.5,140.0,
2024-03-18 03:00:00,43295099999,Bengaluru,NOAA,25.2,64.0,,0.0,,
2024-03-18 06:00:00,43295099999,Bengaluru,NOAA,30.4,37.3,,1.0,230.0,
2024-03-18 09:00:00,43295099999,Bengaluru,NOAA,33.6,26.6,,1.5,140.0,
2024-03-18 12:00:00,43295099999,Bengaluru,NOAA,31.6,29.2,,1.5,140.0,
2024-03-18 15:00:00,43295099999,Bengaluru,NOAA,28.0,44.0,,1.5,90.0,
2024-03-18 18:00:00,43295099999,Bengaluru,NOAA,25.4,43.2,,1.0,90.0,
2024-03-18 21:00:00,43295099999,Bengaluru,NOAA,24.0,51.9,,0.0,,
2024-03-19 00:00:00,43295099999,Bengaluru,NOAA,22.4,61.4,,0.0,,
2024-03-19 03:00:00,43295099999,Bengaluru,NOAA,25.0,65.1,,0.0,,
2024-03-19 06:00:00,43295099999,Bengaluru,NOAA,30.4,35.4,,1.0,140.0,
2024-03-19 09:00:00,43295099999,Bengaluru,NOAA,34.0,21.4,,1.5,140.0,
2024-03-19 12:00:00,43295099999,Bengaluru,NOAA,32.2,23.1,,1.5,90.0,
2024-03-19 15:00:00,43295099999,Bengaluru,NOAA,28.0,32.1,,2.1,90.0,
2024-03-19 18:00:00,43295099999,Bengaluru,NOAA,25.4,45.9,,1.5,140.0,
2024-03-19 21:00:00,43295099999,Bengaluru,NOAA,23.4,58.1,,1.5,90.0,
2024-03-20 00:00:00,43295099999,Bengaluru,NOAA,22.2,74.7,,0.0,,
2024-03-20 03:00:00,43295099999,Bengaluru,NOAA,25.6,60.1,,1.0,,
2024-03-20 06:00:00,43295099999,Bengaluru,NOAA,31.0,30.2,,0.0,,
2024-03-20 09:00:00,43295099999,Bengaluru,NOAA,33.4,28.0,,1.5,90.0,
2024-03-20 12:00:00,43295099999,Bengaluru,NOAA,32.4,25.9,,0.0,,
2024-03-20 15:00:00,43295099999,Bengaluru,NOAA,28.4,32.6,,2.6,90.0,
2024-03-20 18:00:00,43295099999,Bengaluru,NOAA,25.2,54.2,,2.6,140.0,
2024-03-20 21:00:00,43295099999,Bengaluru,NOAA,22.2,81.6,,2.1,90.0,
2024-03-21 00:00:00,43295099999,Bengaluru,NOAA,21.0,84.0,,2.1,90.0,
2024-03-21 03:00:00,43295099999,Bengaluru,NOAA,23.0,70.7,,1.5,110.0,
2024-03-21 06:00:00,43295099999,Bengaluru,NOAA,28.8,38.3,,1.5,110.0,
2024-03-21 09:00:00,43295099999,Bengaluru,NOAA,31.2,32.5,,1.5,90.0,
2024-03-21 12:00:00,43295099999,Bengaluru,NOAA,30.6,33.7,,1.5,90.0,
2024-03-21 15:00:00,43295099999,Bengaluru,NOAA,28.0,40.7,,1.5,50.0,
2024-03-21 18:00:00,43295099999,Bengaluru,NOAA,24.6,73.3,,2.1,90.0,
2024-03-21 21:00:00,43295099999,Bengaluru,NOAA,22.6,75.3,,1.5,90.0,
2024-03-22 00:00:00,43295099999,Bengaluru,NOAA,21.8,81.5,,2.1,140.0,
2024-03-22 03:00:00,43295099999,Bengaluru,NOAA,23.4,78.8,,1.0,140.0,
2024-03-22 06:00:00,43295099999,Bengaluru,NOAA,30.0,39.9,,1.5,90.0,
2024-03-22 09:00:00,43295099999,Bengaluru,NOAA,32.0,32.5,,1.5,50.0,
2024-03-22 12:00:00,43295099999,Bengaluru,NOAA,31.4,29.9,,1.5,50.0,
2024-03-22 15:00:00,43295099999,Bengaluru,NOAA,28.6,40.3,,1.5,50.0,
2024-03-22 18:00:00,43295099999,Bengaluru,NOAA,25.2,55.6,,2.6,50.0,
2024-03-22 21:00:00,43295099999,Bengaluru,NOAA,23.2,72.6,,1.5,50.0,
2024-03-23 00:00:00,43295099999,Bengaluru,NOAA,22.0,84.7,,0.0,,
2024-03-23 03:00:00,43295099999,Bengaluru,NOAA,24.8,66.3,,1.0,140.0,
2024-03-23 06:00:00,43295099999,Bengaluru,NOAA,31.2,29.7,,1.0,140.0,
2024-03-23 09:00:00,43295099999,Bengaluru,NOAA,34.0,19.9,,1.5,90.0,
2024-03-23 12:00:00,43295099999,Bengaluru,NOAA,33.0,28.4,,1.5,90.0,
2024-03-23 15:00:00,43295099999,Bengaluru,NOAA,28.6,36.1,,2.1,90.0,
2024-03-23 18:00:00,43295099999,Bengaluru,NOAA,26.2,50.5,,2.1,90.0,
2024-03-23 21:00:00,43295099999,Bengaluru,NOAA,24.0,65.8,,1.0,90.0,
2024-03-24 00:00:00,43295099999,Bengaluru,NOAA,22.4,61.4,,0.0,,
2024-03-24 03:00:00,43295099999,Bengaluru,NOAA,26.4,45.5,,1.5,140.0,
2024-03-24 06:00:00,43295099999,Bengaluru,NOAA,31.4,29.9,,2.1,140.0,
2024-03-24 09:00:00,43295099999,Bengaluru,NOAA,34.8,17.3,,1.5,90.0,
2024-03-24 12:00:00,43295099999,Bengaluru,NOAA,32.8,20.7,,1.5,140.0,
2024-03-24 15:00:00,43295099999,Bengaluru,NOAA,28.4,34.8,,2.1,140.0,
2024-03-24 18:00:00,43295099999,Bengaluru,NOAA,25.6,48.4,,2.6,140.0,
2024-03-24 21:00:00,43295099999,Bengaluru,NOAA,23.2,65.2,,1.5,140.0,
2024-03-25 00:00:00,43295099999,Bengaluru,NOAA,21.6,74.6,,1.0,90.0,
2024-03-25 03:00:00,43295099999,Bengaluru,NOAA,25.0,51.5,,1.0,,
2024-03-25 06:00:00,43295099999,Bengaluru,NOAA,32.4,20.7,,1.5,140.0,
2024-03-25 09:00:00,43295099999,Bengaluru,NOAA,34.0,19.9,,1.5,90.0,
2024-03-25 12:00:00,43295099999,Bengaluru,NOAA,32.0,20.2,,1.0,50.0,
2024-03-25 15:00:00,43295099999,Bengaluru,NOAA,28.2,41.0,,2.1,140.0,
2024-03-25 18:00:00,43295099999,Bengaluru,NOAA,25.8,55.1,,1.5,90.0,
2024-03-25 21:00:00,43295099999,Bengaluru,NOAA,24.0,64.1,,1.5,90.0,
2024-03-26 00:00:00,43295099999,Bengaluru,NOAA,22.0,64.1,,0.0,,
2024-03-26 03:00:00,43295099999,Bengaluru,NOAA,25.4,54.6,,0.0,,
2024-03-26 06:00:00,43295099999,Bengaluru,NOAA,31.4,22.7,,1.5,90.0,
2024-03-26 09:00:00,43295099999,Bengaluru,NOAA,34.6,19.9,,2.1,90.0,
2024-03-26 18:00:00,43295099999,Bengaluru,NOAA,25.4,48.3,,1.0,,
2024-03-27 03:00:00,43295099999,Bengaluru,NOAA,25.2,69.4,,1.0,90.0,
2024-03-27 06:00:00,43295099999,Bengaluru,NOAA,30.8,37.9,,1.0,140.0,
2024-03-27 09:00:00,43295099999,Bengaluru,NOAA,34.2,17.9,,1.5,90.0,
2024-03-27 12:00:00,43295099999,Bengaluru,NOAA,32.2,24.7,,2.1,140.0,
2024-03-27 15:00:00,43295099999,Bengaluru,NOAA,28.4,34.8,,1.0,140.0,
2024-04-01 18:00:00,43295099999,Bengaluru,NOAA,27.8,49.6,,1.0,140.0,
2024-04-01 21:00:00,43295099999,Bengaluru,NOAA,25.2,69.4,,1.5,140.0,
2024-04-02 00:00:00,43295099999,Bengaluru,NOAA,24.8,79.4,,1.0,140.0,
2024-04-02 03:00:00,43295099999,Bengaluru,NOAA,25.6,78.1,,1.5,180.0,
2024-04-03 00:00:00,43295099999,Bengaluru,NOAA,24.8,79.4,,2.1,140.0,
2024-04-03 03:00:00,43295099999,Bengaluru,NOAA,26.8,74.6,,1.5,180.0,
2024-04-03 06:00:00,43295099999,Bengaluru,NOAA,31.8,42.8,,1.5,180.0,
2024-04-03 09:00:00,43295099999,Bengaluru,NOAA,34.8,23.3,,1.0,50.0,
2024-04-03 12:00:00,43295099999,Bengaluru,NOAA,34.2,22.5,,1.0,140.0,
2024-04-03 15:00:00,43295099999,Bengaluru,NOAA,30.4,29.4,,1.0,90.0,
2024-04-03 18:00:00,43295099999,Bengaluru,NOAA,28.4,39.0,,1.0,90.0,
2024-04-03 21:00:00,43295099999,Bengaluru,NOAA,25.2,66.4,,1.0,90.0,
2024-04-04 00:00:00,43295099999,Bengaluru,NOAA,24.0,76.0,,1.0,90.0,
2024-04-04 03:00:00,43295099999,Bengaluru,NOAA,26.2,72.7,,1.0,230.0,
2024-04-04 06:00:00,43295099999,Bengaluru,NOAA,32.6,39.9,,1.0,180.0,
2024-04-04 09:00:00,43295099999,Bengaluru,NOAA,36.0,20.4,,1.5,140.0,
2024-04-04 12:00:00,43295099999,Bengaluru,NOAA,34.4,22.0,,1.5,90.0,
2024-04-04 15:00:00,43295099999,Bengaluru,NOAA,30.0,36.7,,1.0,140.0,
2024-04-04 18:00:00,43295099999,Bengaluru,NOAA,27.8,42.8,,1.0,140.0,
2024-04-04 21:00:00,43295099999,Bengaluru,NOAA,25.4,57.1,,1.0,,
2024-04-05 00:00:00,43295099999,Bengaluru,NOAA,25.0,72.0,,1.0,,
2024-04-05 03:00:00,43295099999,Bengaluru,NOAA,27.6,64.1,,1.0,,
2024-04-05 06:00:00,43295099999,Bengaluru,NOAA,33.6,32.5,,1.5,140.0,
2024-04-05 09:00:00,43295099999,Bengaluru,NOAA,37.0,15.3,,1.0,140.0,
2024-04-05 12:00:00,43295099999,Bengaluru,NOAA,35.0,17.6,,1.0,90.0,
2024-04-05 15:00:00,43295099999,Bengaluru,NOAA,30.4,33.4,,1.0,90.0,
2024-04-05 18:00:00,43295099999,Bengaluru,NOAA,27.6,41.4,,1.0,140.0,
2024-04-05 21:00:00,43295099999,Bengaluru,NOAA,24.8,54.1,,1.0,140.0,
2024-04-06 00:00:00,43295099999,Bengaluru,NOAA,24.0,65.8,,0.0,,
2024-04-06 03:00:00,43295099999,Bengaluru,NOAA,29.0,49.6,,1.0,140.0,
2024-04-06 06:00:00,43295099999,Bengaluru,NOAA,35.0,25.1,,0.0,,
2024-04-06 09:00:00,43295099999,Bengaluru,NOAA,37.0,14.0,,1.0,140.0,
2024-04-06 12:00:00,43295099999,Bengaluru,NOAA,35.0,22.7,,1.0,140.0,
2024-04-06 15:00:00,43295099999,Bengaluru,NOAA,30.0,28.9,,1.5,90.0,
2024-04-06 18:00:00,43295099999,Bengaluru,NOAA,28.0,38.6,,1.5,90.0,
2024-04-06 21:00:00,43295099999,Bengaluru,NOAA,23.0,54.0,,1.0,,
2024-04-07 00:00:00,43295099999,Bengaluru,NOAA,24.8,78.0,,1.0,,
2024-04-07 03:00:00,43295099999,Bengaluru,NOAA,26.6,58.1,,1.5,230.0,
2024-04-07 06:00:00,43295099999,Bengaluru,NOAA,33.2,30.4,,1.5,230.0,
2024-04-07 09:00:00,43295099999,Bengaluru,NOAA,36.0,14.0,,1.0,140.0,
2024-04-07 12:00:00,43295099999,Bengaluru,NOAA,35.0,15.3,,1.0,140.0,
2024-04-07 15:00:00,43295099999,Bengaluru,NOAA,30.0,30.9,,1.0,140.0,
2024-04-07 18:00:00,43295099999,Bengaluru,NOAA,28.4,34.8,,1.0,140.0,
2024-04-07 21:00:00,43295099999,Bengaluru,NOAA,26.0,46.3,,1.0,90.0,
2024-04-08 00:00:00,43295099999,Bengaluru,NOAA,24.6,63.4,,1.0,140.0,
2024-04-08 03:00:00,43295099999,Bengaluru,NOAA,27.4,51.7,,1.0,230.0,
2024-04-08 06:00:00,43295099999,Bengaluru,NOAA,33.6,29.1,,1.0,180.0,
2024-04-08 09:00:00,43295099999,Bengaluru,NOAA,36.0,16.7,,0.0,,
2024-04-08 12:00:00,43295099999,Bengaluru,NOAA,34.2,17.9,,1.5,90.0,
2024-04-08 15:00:00,43295099999,Bengaluru,NOAA,30.0,30.9,,3.1,140.0,
2024-04-08 18:00:00,43295099999,Bengaluru,NOAA,27.4,41.0,,2.6,140.0,
2024-04-08 21:00:00,43295099999,Bengaluru,NOAA,26.4,36.9,,1.5,140.0,
2024-04-09 00:00:00,43295099999,Bengaluru,NOAA,23.0,58.0,,1.0,140.0,
2024-04-09 03:00:00,43295099999,Bengaluru,NOAA,27.0,42.8,,1.0,140.0,
2024-04-09 06:00:00,43295099999,Bengaluru,NOAA,32.0,34.3,,1.0,90.0,
2024-04-09 09:00:00,43295099999,Bengaluru,NOAA,34.0,25.5,,1.0,50.0,
2024-04-09 12:00:00,43295099999,Bengaluru,NOAA,32.8,30.1,,1.0,90.0,
2024-04-09 15:00:00,43295099999,Bengaluru,NOAA,29.4,36.1,,1.5,140.0,
2024-04-09 18:00:00,43295099999,Bengaluru,NOAA,26.8,57.1,,1.5,140.0,
2024-04-09 21:00:00,43295099999,Bengaluru,NOAA,24.0,58.6,,1.0,140.0,
2024-04-10 00:00:00,43295099999,Bengaluru,NOAA,22.6,82.7,,1.0,140.0,
2024-04-10 03:00:00,43295099999,Bengaluru,NOAA,26.0,60.2,,0.0,,
2024-04-10 06:00:00,43295099999,Bengaluru,NOAA,32.4,28.4,,2.1,90.0,
2024-04-10 09:00:00,43295099999,Bengaluru,NOAA,35.0,19.7,,2.6,90.0,
2024-04-10 12:00:00,43295099999,Bengaluru,NOAA,33.2,22.7,,2.6,90.0,
2024-04-10 15:00:00,43295099999,Bengaluru,NOAA,30.0,35.8,,1.5,140.0,
2024-04-10 18:00:00,43295099999,Bengaluru,NOAA,26.8,59.7,,2.1,90.0,
2024-04-10 21:00:00,43295099999,Bengaluru,NOAA,24.0,74.6,,1.5,140.0,
2024-04-11 00:00:00,43295099999,Bengaluru,NOAA,22.4,84.7,,0.0,,
2024-04-11 03:00:00,43295099999,Bengaluru,NOAA,26.0,64.5,,1.0,,
2024-04-11 06:00:00,43295099999,Bengaluru,NOAA,32.0,28.0,,1.5,90.0,
2024-04-11 09:00:00,43295099999,Bengaluru,NOAA,35.2,20.0,,1.0,140.0,
2024-04-11 12:00:00,43295099999,Bengaluru,NOAA,33.8,22.0,,1.5,140.0,
2024-04-11 15:00:00,43295099999,Bengaluru,NOAA,30.6,33.7,,1.0,90.0,
2024-04-11 18:00:00,43295099999,Bengaluru,NOAA,27.4,59.1,,1.5,140.0,
2024-04-11 21:00:00,43295099999,Bengaluru,NOAA,24.8,68.9,,1.0,90.0,
2024-04-12 00:00:00,43295099999,Bengaluru,NOAA,23.2,78.7,,1.5,90.0,
2024-04-12 03:00:00,43295099999,Bengaluru,NOAA,26.2,64.6,,1.0,140.0,
2024-04-12 06:00:00,43295099999,Bengaluru,NOAA,31.2,45.4,,1.0,140.0,
2024-04-12 09:00:00,43295099999,Bengaluru,NOAA,33.4,25.5,,1.0,140.0,
2024-04-12 12:00:00,43295099999,Bengaluru,NOAA,33.0,32.8,,1.0,50.0,
2024-04-12 15:00:00,43295099999,Bengaluru,NOAA,29.2,44.3,,2.6,90.0,
2024-04-12 18:00:00,43295099999,Bengaluru,NOAA,26.0,71.3,,3.1,90.0,
2024-04-12 21:00:00,43295099999,Bengaluru,NOAA,,,,20.6,20.0,
2024-04-13 00:00:00,43295099999,Bengaluru,NOAA,,,,15.4,20.0,
2024-04-13 03:00:00,43295099999,Bengaluru,NOAA,27.0,66.4,,1.0,90.0,
2024-04-13 06:00:00,43295099999,Bengaluru,NOAA,31.2,44.3,,1.0,90.0,
2024-04-13 09:00:00,43295099999,Bengaluru,NOAA,33.8,26.8,,1.0,110.0,
2024-04-13 12:00:00,43295099999,Bengaluru,NOAA,32.4,32.0,,0.0,,
2024-04-13 15:00:00,43295099999,Bengaluru,NOAA,29.8,41.7,,1.5,50.0,
2024-04-13 18:00:00,43295099999,Bengaluru,NOAA,26.2,58.0,,1.5,140.0,
2024-04-13 21:00:00,43295099999,Bengaluru,NOAA,24.6,67.6,,1.0,140.0,
2024-04-14 00:00:00,43295099999,Bengaluru,NOAA,23.0,73.9,,0.0,,
2024-04-14 03:00:00,43295099999,Bengaluru,NOAA,26.4,53.2,,1.0,90.0,
2024-04-14 06:00:00,43295099999,Bengaluru,NOAA,31.6,32.0,,2.1,90.0,
2024-04-14 09:00:00,43295099999,Bengaluru,NOAA,34.4,25.1,,1.0,90.0,
2024-04-14 12:00:00,43295099999,Bengaluru,NOAA,33.4,25.5,,1.0,90.0,
2024-04-14 15:00:00,43295099999,Bengaluru,NOAA,33.4,25.5,,1.0,90.0,
2024-04-14 18:00:00,43295099999,Bengaluru,NOAA,26.8,54.6,,3.1,90.0,
2024-04-14 21:00:00,43295099999,Bengaluru,NOAA,27.6,55.2,,1.0,,
2024-04-15 00:00:00,43295099999,Bengaluru,NOAA,22.6,75.3,,1.5,180.0,
2024-04-15 03:00:00,43295099999,Bengaluru,NOAA,27.2,48.8,,1.0,90.0,
2024-04-15 06:00:00,43295099999,Bengaluru,NOAA,32.0,29.7,,1.5,90.0,
2024-04-15 09:00:00,43295099999,Bengaluru,NOAA,35.0,19.7,,1.5,90.0,
2024-04-15 12:00:00,43295099999,Bengaluru,NOAA,33.2,25.3,,1.5,90.0,
2024-04-15 15:00:00,43295099999,Bengaluru,NOAA,29.0,36.7,,1.0,90.0,
2024-04-15 18:00:00,43295099999,Bengaluru,NOAA,27.2,62.8,,1.0,90.0,
2024-04-15 21:00:00,43295099999,Bengaluru,NOAA,25.2,66.4,,1.0,90.0,
2024-04-19 00:00:00,43295099999,Bengaluru,NOAA,25.6,81.0,,1.0,,
2024-04-19 03:00:00,43295099999,Bengaluru,NOAA,26.0,87.2,,1.0,230.0,
2024-04-19 06:00:00,43295099999,Bengaluru,NOAA,32.2,50.4,,1.0,230.0,
2024-04-19 09:00:00,43295099999,Bengaluru,NOAA,35.2,32.8,,0.0,,
2024-04-19 12:00:00,43295099999,Bengaluru,NOAA,35.0,31.7,,0.0,,
2024-04-19 15:00:00,43295099999,Bengaluru,NOAA,32.0,40.2,,1.0,140.0,
2024-04-19 18:00:00,43295099999,Bengaluru,NOAA,30.8,48.2,,1.0,140.0,
2024-04-19 21:00:00,43295099999,Bengaluru,NOAA,27.2,69.3,,1.0,230.0,
2024-04-20 00:00:00,43295099999,Bengaluru,NOAA,26.0,80.1,,1.0,230.0,
2024-04-20 03:00:00,43295099999,Bengaluru,NOAA,24.8,82.4,,1.5,230.0,
2024-04-20 06:00:00,43295099999,Bengaluru,NOAA,31.0,56.0,,1.0,230.0,
2024-04-20 09:00:00,43295099999,Bengaluru,NOAA,33.6,41.7,,1.5,230.0,
2024-04-20 12:00:00,43295099999,Bengaluru,NOAA,30.0,57.5,,1.5,230.0,
2024-04-20 15:00:00,43295099999,Bengaluru,NOAA,29.4,59.5,,0.0,,
2024-04-20 18:00:00,43295099999,Bengaluru,NOAA,27.8,64.5,,0.0,,
2024-04-20 21:00:00,43295099999,Bengaluru,NOAA,27.0,74.6,,0.0,,
2024-04-21 00:00:00,43295099999,Bengaluru,NOAA,25.2,81.0,,0.0,,
2024-04-21 03:00:00,43295099999,Bengaluru,NOAA,28.6,61.2,,1.5,230.0,
2024-04-21 06:00:00,43295099999,Bengaluru,NOAA,33.0,43.1,,1.5,140.0,
2024-04-21 09:00:00,43295099999,Bengaluru,NOAA,35.8,26.1,,1.0,320.0,
2024-04-21 12:00:00,43295099999,Bengaluru,NOAA,35.0,23.6,,1.5,140.0,
2024-04-21 15:00:00,43295099999,Bengaluru,NOAA,31.4,41.3,,1.0,140.0,
2024-04-21 18:00:00,43295099999,Bengaluru,NOAA,29.0,50.9,,1.0,140.0,
2024-04-21 21:00:00,43295099999,Bengaluru,NOAA,26.6,73.2,,1.0,140.0,
2024-04-22 00:00:00,43295099999,Bengaluru,NOAA,25.4,85.6,,1.0,140.0,
2024-04-22 03:00:00,43295099999,Bengaluru,NOAA,28.2,72.6,,1.5,230.0,
2024-04-22 06:00:00,43295099999,Bengaluru,NOAA,32.4,45.4,,1.5,230.0,
2024-04-22 09:00:00,43295099999,Bengaluru,NOAA,36.2,28.2,,1.0,50.0,
2024-04-22 12:00:00,43295099999,Bengaluru,NOAA,34.8,20.2,,0.0,,
2024-04-22 15:00:00,43295099999,Bengaluru,NOAA,30.8,45.9,,0.0,,
2024-04-22 18:00:00,43295099999,Bengaluru,NOAA,29.6,45.8,,1.5,230.0,
2024-04-22 21:00:00,43295099999,Bengaluru,NOAA,26.8,67.6,,0.0,,
2024-04-23 00:00:00,43295099999,Bengaluru,NOAA,26.0,76.7,,0.0,,
2024-04-23 03:00:00,43295099999,Bengaluru,NOAA,28.2,72.6,,0.0,,
2024-04-23 06:00:00,43295099999,Bengaluru,NOAA,34.0,33.1,,0.0,,
2024-04-23 09:00:00,43295099999,Bengaluru,NOAA,36.6,15.5,,1.0,140.0,
2024-04-23 12:00:00,43295099999,Bengaluru,NOAA,34.2,17.1,,1.5,90.0,
2024-04-23 15:00:00,43295099999,Bengaluru,NOAA,30.0,27.1,,1.0,140.0,
2024-04-23 18:00:00,43295099999,Bengaluru,NOAA,28.4,35.8,,1.0,140.0,
2024-04-23 21:00:00,43295099999,Bengaluru,NOAA,26.4,67.5,,1.0,140.0,
2024-04-24 00:00:00,43295099999,Bengaluru,NOAA,24.4,52.3,,1.0,140.0,
2024-04-24 03:00:00,43295099999,Bengaluru,NOAA,26.6,62.3,,0.0,,
2024-04-24 06:00:00,43295099999,Bengaluru,NOAA,33.4,29.7,,1.0,140.0,
2024-04-24 09:00:00,43295099999,Bengaluru,NOAA,36.0,18.9,,1.5,230.0,
2024-04-24 12:00:00,43295099999,Bengaluru,NOAA,34.2,20.2,,1.5,90.0,
2024-04-24 15:00:00,43295099999,Bengaluru,NOAA,30.2,25.5,,1.0,90.0,
2024-04-24 18:00:00,43295099999,Bengaluru,NOAA,27.0,37.3,,1.0,90.0,
2024-04-24 21:00:00,43295099999,Bengaluru,NOAA,25.0,50.1,,0.0,,
2024-04-25 00:00:00,43295099999,Bengaluru,NOAA,25.2,61.2,,0.0,,
2024-04-25 03:00:00,43295099999,Bengaluru,NOAA,28.2,57.1,,1.0,90.0,
2024-04-25 06:00:00,43295099999,Bengaluru,NOAA,33.4,28.0,,0.0,,
2024-04-25 09:00:00,43295099999,Bengaluru,NOAA,36.4,18.6,,0.0,,
2024-04-25 12:00:00,43295099999,Bengaluru,NOAA,34.4,25.1,,1.0,140.0,
2024-04-25 15:00:00,43295099999,Bengaluru,NOAA,31.0,39.9,,1.0,90.0,
2024-04-25 18:00:00,43295099999,Bengaluru,NOAA,28.4,61.2,,1.5,90.0,
2024-04-25 21:00:00,43295099999,Bengaluru,NOAA,26.0,72.6,,0.0,,
2024-04-26 00:00:00,43295099999,Bengaluru,NOAA,25.0,80.9,,0.0,,
2024-04-26 03:00:00,43295099999,Bengaluru,NOAA,28.4,68.7,,1.0,270.0,
2024-04-26 06:00:00,43295099999,Bengaluru,NOAA,34.4,25.9,,2.6,90.0,
2024-04-26 09:00:00,43295099999,Bengaluru,NOAA,36.4,18.0,,2.6,90.0,
2024-04-26 12:00:00,43295099999,Bengaluru,NOAA,35.0,22.7,,2.1,90.0,
2024-04-26 15:00:00,43295099999,Bengaluru,NOAA,31.0,25.7,,1.5,140.0,
2024-04-26 18:00:00,43295099999,Bengaluru,NOAA,28.6,39.3,,1.5,90.0,
2024-04-26 21:00:00,43295099999,Bengaluru,NOAA,25.4,56.0,,1.0,,
2024-04-27 00:00:00,43295099999,Bengaluru,NOAA,24.2,61.4,,0.0,,
2024-04-27 03:00:00,43295099999,Bengaluru,NOAA,28.6,61.2,,0.0,,
2024-04-27 06:00:00,43295099999,Bengaluru,NOAA,34.2,26.6,,1.0,50.0,
2024-04-27 09:00:00,43295099999,Bengaluru,NOAA,36.8,15.8,,1.5,90.0,
2024-04-27 12:00:00,43295099999,Bengaluru,NOAA,35.0,19.7,,1.5,140.0,
2024-04-27 15:00:00,43295099999,Bengaluru,NOAA,31.0,29.4,,1.0,110.0,
2024-04-27 18:00:00,43295099999,Bengaluru,NOAA,27.8,43.9,,1.0,110.0,
2024-04-27 21:00:00,43295099999,Bengaluru,NOAA,25.8,62.9,,1.0,,
2024-04-28 00:00:00,43295099999,Bengaluru,NOAA,24.2,67.1,,1.0,90.0,
2024-04-28 03:00:00,43295099999,Bengaluru,NOAA,27.4,60.2,,0.0,,
2024-04-28 06:00:00,43295099999,Bengaluru,NOAA,34.2,21.8,,1.0,50.0,
2024-04-28 09:00:00,43295099999,Bengaluru,NOAA,37.8,15.1,,0.0,,
2024-04-28 12:00:00,43295099999,Bengaluru,NOAA,36.0,18.9,,1.5,90.0,
2024-04-28 15:00:00,43295099999,Bengaluru,NOAA,32.0,30.7,,1.5,50.0,
2024-04-28 18:00:00,43295099999,Bengaluru,NOAA,28.6,50.4,,1.5,50.0,
2024-04-28 21:00:00,43295099999,Bengaluru,NOAA,26.6,60.8,,0.0,,
2024-04-29 00:00:00,43295099999,Bengaluru,NOAA,26.0,70.0,,1.0,230.0,
2024-04-29 03:00:00,43295099999,Bengaluru,NOAA,27.8,64.5,,0.0,,
2024-04-29 06:00:00,43295099999,Bengaluru,NOAA,32.6,45.8,,1.5,90.0,
2024-04-29 09:00:00,43295099999,Bengaluru,NOAA,36.4,20.1,,1.0,90.0,
2024-04-29 12:00:00,43295099999,Bengaluru,NOAA,36.4,20.1,,1.0,90.0,
2024-04-29 15:00:00,43295099999,Bengaluru,NOAA,31.4,29.9,,0.0,,
2024-04-29 18:00:00,43295099999,Bengaluru,NOAA,29.0,39.6,,1.0,90.0,
2024-04-29 21:00:00,43295099999,Bengaluru,NOAA,27.0,52.3,,0.0,,
2024-04-30 00:00:00,43295099999,Bengaluru,NOAA,25.4,65.2,,0.0,,
2024-04-30 03:00:00,43295099999,Bengaluru,NOAA,29.4,48.8,,1.0,90.0,
2024-04-30 06:00:00,43295099999,Bengaluru,NOAA,34.4,39.9,,1.0,90.0,
2024-04-30 09:00:00,43295099999,Bengaluru,NOAA,37.2,22.5,,0.0,,
2024-04-30 12:00:00,43295099999,Bengaluru,NOAA,36.0,21.8,,1.0,90.0,
2024-04-30 15:00:00,43295099999,Bengaluru,NOAA,32.6,30.4,,1.5,90.0,
2024-04-30 18:00:00,43295099999,Bengaluru,NOAA,30.2,40.0,,1.5,90.0,
2024-04-30 21:00:00,43295099999,Bengaluru,NOAA,27.8,69.5,,1.5,90.0,
2024-05-01 21:00:00,43295099999,Bengaluru,NOAA,26.8,65.1,,1.0,90.0,
2024-05-02 00:00:00,43295099999,Bengaluru,NOAA,25.2,82.5,,1.0,140.0,
2024-05-02 03:00:00,43295099999,Bengaluru,NOAA,28.4,73.9,,1.5,250.0,
2024-05-02 06:00:00,43295099999,Bengaluru,NOAA,34.2,46.2,,1.5,270.0,
2024-05-02 09:00:00,43295099999,Bengaluru,NOAA,37.2,32.5,,1.5,230.0,
2024-05-02 12:00:00,43295099999,Bengaluru,NOAA,37.0,25.3,,0.0,,
2024-05-02 15:00:00,43295099999,Bengaluru,NOAA,29.2,64.0,,1.0,180.0,0.0
2024-05-02 18:00:00,43295099999,Bengaluru,NOAA,29.0,64.0,,0.0,,0.0
2024-05-02 21:00:00,43295099999,Bengaluru,NOAA,28.6,62.4,,1.0,230.0,0.0
2024-05-03 00:00:00,43295099999,Bengaluru,NOAA,27.4,83.2,,1.0,230.0,0.0
2024-05-03 03:00:00,43295099999,Bengaluru,NOAA,29.2,73.2,,1.5,230.0,0.0
2024-05-03 06:00:00,43295099999,Bengaluru,NOAA,33.6,61.2,,1.5,230.0,
2024-05-03 09:00:00,43295099999,Bengaluru,NOAA,31.8,68.1,,1.0,90.0,0.7
2024-05-03 12:00:00,43295099999,Bengaluru,NOAA,24.4,88.6,,2.6,270.0,17.0
2024-05-03 15:00:00,43295099999,Bengaluru,NOAA,25.4,84.0,,0.0,,17.0
2024-05-03 18:00:00,43295099999,Bengaluru,NOAA,25.4,75.2,,1.5,230.0,17.0
2024-05-03 21:00:00,43295099999,Bengaluru,NOAA,24.8,76.6,,1.5,230.0,17.0
2024-05-04 00:00:00,43295099999,Bengaluru,NOAA,23.8,80.3,,1.0,250.0,17.0
2024-05-04 03:00:00,43295099999,Bengaluru,NOAA,26.2,74.0,,1.0,,17.0
2024-05-04 06:00:00,43295099999,Bengaluru,NOAA,30.6,47.0,,1.5,230.0,
2024-05-04 09:00:00,43295099999,Bengaluru,NOAA,35.6,25.2,,1.0,320.0,
2024-05-04 12:00:00,43295099999,Bengaluru,NOAA,35.2,19.2,,1.0,360.0,
2024-05-04 15:00:00,43295099999,Bengaluru,NOAA,30.0,46.2,,2.1,90.0,
2024-05-04 18:00:00,43295099999,Bengaluru,NOAA,28.4,61.2,,2.6,230.0,
2024-05-04 21:00:00,43295099999,Bengaluru,NOAA,26.0,81.6,,2.1,230.0,
2024-05-05 00:00:00,43295099999,Bengaluru,NOAA,24.8,85.5,,2.6,230.0,
2024-05-05 03:00:00,43295099999,Bengaluru,NOAA,26.6,80.2,,1.5,250.0,
2024-05-05 06:00:00,43295099999,Bengaluru,NOAA,32.2,42.4,,1.5,270.0,
2024-05-05 09:00:00,43295099999,Bengaluru,NOAA,36.0,23.3,,0.0,,
2024-05-05 12:00:00,43295099999,Bengaluru,NOAA,35.2,17.0,,1.0,320.0,
2024-05-05 15:00:00,43295099999,Bengaluru,NOAA,30.2,42.1,,0.0,,
2024-05-05 18:00:00,43295099999,Bengaluru,NOAA,29.8,38.6,,1.0,90.0,
2024-05-05 21:00:00,43295099999,Bengaluru,NOAA,27.4,61.7,,0.0,,
2024-05-06 00:00:00,43295099999,Bengaluru,NOAA,24.8,83.9,,2.6,90.0,
2024-05-06 03:00:00,43295099999,Bengaluru,NOAA,26.4,78.7,,1.0,180.0,
2024-05-06 06:00:00,43295099999,Bengaluru,NOAA,32.0,50.4,,1.0,320.0,
2024-05-06 09:00:00,43295099999,Bengaluru,NOAA,35.2,38.8,,1.5,230.0,
2024-05-06 12:00:00,43295099999,Bengaluru,NOAA,34.4,43.5,,1.5,50.0,
2024-05-06 15:00:00,43295099999,Bengaluru,NOAA,22.0,89.5,,0.0,,
2024-05-06 18:00:00,43295099999,Bengaluru,NOAA,22.4,87.9,,3.1,140.0,19.0
2024-05-06 21:00:00,43295099999,Bengaluru,NOAA,21.2,86.2,,3.1,140.0,19.0
2024-05-07 00:00:00,43295099999,Bengaluru,NOAA,21.6,76.1,,1.5,230.0,19.0
2024-05-07 03:00:00,43295099999,Bengaluru,NOAA,25.5,67.7,,1.5,230.0,19.5
2024-05-07 06:00:00,43295099999,Bengaluru,NOAA,29.4,51.3,,1.5,140.0,
2024-05-07 09:00:00,43295099999,Bengaluru,NOAA,33.0,39.2,,1.0,140.0,
2024-05-07 12:00:00,43295099999,Bengaluru,NOAA,32.4,39.6,,1.0,180.0,
2024-05-07 15:00:00,43295099999,Bengaluru,NOAA,28.8,46.2,,0.0,,
2024-05-07 18:00:00,43295099999,Bengaluru,NOAA,27.4,65.2,,1.0,320.0,
2024-05-07 21:00:00,43295099999,Bengaluru,NOAA,25.8,76.7,,1.0,320.0,
2024-05-08 00:00:00,43295099999,Bengaluru,NOAA,25.4,82.5,,1.0,320.0,
2024-05-08 03:00:00,43295099999,Bengaluru,NOAA,23.4,72.6,,1.5,90.0,
2024-05-08 06:00:00,43295099999,Bengaluru,NOAA,30.2,50.8,,1.5,230.0,
2024-05-08 12:00:00,43295099999,Bengaluru,NOAA,31.4,50.8,,1.5,230.0,3.0
2024-05-08 15:00:00,43295099999,Bengaluru,NOAA,22.0,89.5,,0.0,,18.0
2024-05-08 18:00:00,43295099999,Bengaluru,NOAA,23.0,84.8,,0.0,,18.0
2024-05-08 21:00:00,43295099999,Bengaluru,NOAA,23.0,80.2,,0.0,,18.0
2024-05-09 00:00:00,43295099999,Bengaluru,NOAA,23.4,77.3,,0.0,,18.0
2024-05-09 03:00:00,43295099999,Bengaluru,NOAA,25.4,64.0,,0.0,,18.0
2024-05-09 06:00:00,43295099999,Bengaluru,NOAA,29.4,50.0,,0.0,,
2024-05-09 09:00:00,43295099999,Bengaluru,NOAA,32.4,36.6,,0.0,,
2024-05-09 12:00:00,43295099999,Bengaluru,NOAA,31.6,40.6,,1.0,140.0,
2024-05-09 15:00:00,43295099999,Bengaluru,NOAA,24.4,87.0,,2.1,140.0,4.0
2024-05-10 03:00:00,43295099999,Bengaluru,NOAA,23.4,88.0,,0.0,,14.0
2024-05-10 06:00:00,43295099999,Bengaluru,NOAA,27.2,66.4,,1.0,230.0,
2024-05-10 09:00:00,43295099999,Bengaluru,NOAA,31.0,49.5,,1.5,230.0,
2024-05-10 12:00:00,43295099999,Bengaluru,NOAA,28.4,53.7,,2.1,230.0,
2024-05-10 15:00:00,43295099999,Bengaluru,NOAA,27.4,61.7,,1.5,140.0,
2024-05-10 18:00:00,43295099999,Bengaluru,NOAA,26.0,65.8,,1.5,140.0,
2024-05-11 00:00:00,43295099999,Bengaluru,NOAA,22.4,89.6,,0.0,,2.0
2024-05-11 03:00:00,43295099999,Bengaluru,NOAA,24.6,79.4,,0.0,,2.0
2024-05-11 06:00:00,43295099999,Bengaluru,NOAA,29.6,58.5,,1.5,320.0,
2024-05-11 09:00:00,43295099999,Bengaluru,NOAA,31.8,42.8,,1.0,140.0,
2024-05-11 12:00:00,43295099999,Bengaluru,NOAA,31.0,43.1,,1.0,140.0,
2024-05-11 15:00:00,43295099999,Bengaluru,NOAA,28.2,58.5,,1.0,140.0,
2024-05-11 18:00:00,43295099999,Bengaluru,NOAA,27.2,64.0,,1.0,140.0,
2024-05-11 21:00:00,43295099999,Bengaluru,NOAA,24.4,77.4,,1.5,230.0,
2024-05-12 00:00:00,43295099999,Bengaluru,NOAA,24.2,80.8,,1.0,140.0,
2024-05-12 03:00:00,43295099999,Bengaluru,NOAA,26.0,71.3,,1.0,230.0,
2024-05-12 06:00:00,43295099999,Bengaluru,NOAA,29.0,59.1,,0.0,,
2024-05-12 09:00:00,43295099999,Bengaluru,NOAA,33.2,45.4,,1.0,,
2024-05-12 12:00:00,43295099999,Bengaluru,NOAA,26.6,60.8,,1.0,,0.0
2024-05-12 15:00:00,43295099999,Bengaluru,NOAA,26.4,67.5,,0.0,,0.0
2024-05-12 18:00:00,43295099999,Bengaluru,NOAA,25.6,75.3,,0.0,,0.0
2024-05-12 21:00:00,43295099999,Bengaluru,NOAA,21.0,92.9,,0.0,,14.0
2024-05-13 00:00:00,43295099999,Bengaluru,NOAA,22.6,89.6,,0.0,,14.0
2024-05-13 03:00:00,43295099999,Bengaluru,NOAA,24.0,90.2,,0.0,,14.0
2024-05-13 06:00:00,43295099999,Bengaluru,NOAA,27.4,70.7,,1.0,,
2024-05-13 09:00:00,43295099999,Bengaluru,NOAA,29.8,51.7,,1.0,140.0,
2024-05-13 12:00:00,43295099999,Bengaluru,NOAA,29.6,49.1,,0.0,,
2024-05-13 15:00:00,43295099999,Bengaluru,NOAA,26.4,64.6,,1.0,140.0,
2024-05-13 18:00:00,43295099999,Bengaluru,NOAA,22.2,96.4,,1.5,140.0,15.0
2024-05-13 21:00:00,43295099999,Bengaluru,NOAA,20.8,94.6,,1.0,140.0,21.0
2024-05-14 00:00:00,43295099999,Bengaluru,NOAA,20.6,96.4,,1.0,140.0,25.0
2024-05-14 03:00:00,43295099999,Bengaluru,NOAA,22.2,92.9,,1.0,140.0,26.0
2024-05-14 06:00:00,43295099999,Bengaluru,NOAA,27.4,60.2,,1.0,140.0,
2024-05-14 09:00:00,43295099999,Bengaluru,NOAA,30.2,47.5,,1.5,140.0,
2024-05-14 12:00:00,43295099999,Bengaluru,NOAA,29.8,49.2,,1.5,90.0,0.0
2024-05-14 15:00:00,43295099999,Bengaluru,NOAA,26.6,64.7,,0.0,,0.0
2024-05-14 18:00:00,43295099999,Bengaluru,NOAA,25.2,75.2,,0.0,,0.0
2024-05-14 21:00:00,43295099999,Bengaluru,NOAA,24.2,85.4,,1.0,,0.0
2024-05-15 00:00:00,43295099999,Bengaluru,NOAA,23.4,86.4,,1.0,180.0,0.0
2024-05-15 03:00:00,43295099999,Bengaluru,NOAA,25.0,79.5,,0.0,,0.0
2024-05-15 06:00:00,43295099999,Bengaluru,NOAA,28.4,64.7,,0.0,,
2024-05-15 09:00:00,43295099999,Bengaluru,NOAA,30.6,45.8,,1.0,50.0,
2024-05-15 12:00:00,43295099999,Bengaluru,NOAA,30.4,42.4,,1.0,140.0,
2024-05-15 15:00:00,43295099999,Bengaluru,NOAA,27.8,54.5,,0.0,,
2024-05-15 18:00:00,43295099999,Bengaluru,NOAA,25.6,71.2,,1.5,140.0,
2024-05-15 21:00:00,43295099999,Bengaluru,NOAA,24.8,80.9,,1.0,140.0,
2024-05-16 00:00:00,43295099999,Bengaluru,NOAA,24.2,80.8,,1.0,140.0,
2024-05-16 03:00:00,43295099999,Bengaluru,NOAA,25.0,78.0,,0.0,,
2024-05-16 06:00:00,43295099999,Bengaluru,NOAA,26.4,72.7,,1.0,230.0,0.0
2024-05-16 09:00:00,43295099999,Bengaluru,NOAA,29.4,58.1,,1.0,,0.0
2024-05-16 12:00:00,43295099999,Bengaluru,NOAA,29.6,50.4,,1.5,90.0,0.0
2024-05-16 15:00:00,43295099999,Bengaluru,NOAA,26.2,68.7,,1.5,140.0,0.0
2024-05-16 18:00:00,43295099999,Bengaluru,NOAA,24.8,82.4,,1.5,90.0,0.1
2024-05-16 21:00:00,43295099999,Bengaluru,NOAA,24.2,85.4,,0.0,,0.1
2024-05-17 00:00:00,43295099999,Bengaluru,NOAA,24.6,82.4,,0.0,,0.1
2024-05-17 03:00:00,43295099999,Bengaluru,NOAA,22.4,92.9,,1.0,320.0,19.0
2024-05-17 06:00:00,43295099999,Bengaluru,NOAA,26.8,70.6,,0.0,,
2024-05-17 09:00:00,43295099999,Bengaluru,NOAA,27.8,61.8,,1.0,140.0,
2024-05-17 12:00:00,43295099999,Bengaluru,NOAA,25.2,76.6,,1.5,140.0,
2024-05-17 15:00:00,43295099999,Bengaluru,NOAA,23.8,85.4,,0.0,,
2024-05-17 18:00:00,43295099999,Bengaluru,NOAA,23.6,80.3,,0.0,,
2024-05-17 21:00:00,43295099999,Bengaluru,NOAA,23.0,83.2,,0.0,,
2024-05-18 00:00:00,43295099999,Bengaluru,NOAA,22.4,87.9,,0.0,,
2024-05-18 03:00:00,43295099999,Bengaluru,NOAA,25.4,75.2,,0.0,,
2024-05-18 06:00:00,43295099999,Bengaluru,NOAA,27.8,61.8,,0.0,,
2024-05-18 09:00:00,43295099999,Bengaluru,NOAA,28.4,61.2,,1.5,230.0,
2024-05-18 12:00:00,43295099999,Bengaluru,NOAA,27.8,63.0,,0.0,,
2024-05-18 15:00:00,43295099999,Bengaluru,NOAA,23.4,91.3,,0.0,,29.0
2024-05-18 18:00:00,43295099999,Bengaluru,NOAA,22.6,92.9,,1.0,320.0,30.0
2024-05-18 21:00:00,43295099999,Bengaluru,NOAA,22.4,92.9,,0.0,,30.0
2024-05-19 00:00:00,43295099999,Bengaluru,NOAA,22.0,92.9,,0.0,,30.0
2024-05-19 03:00:00,43295099999,Bengaluru,NOAA,24.8,82.4,,1.5,230.0,30.0
2024-05-19 06:00:00,43295099999,Bengaluru,NOAA,27.8,73.8,,1.0,,
2024-05-19 09:00:00,43295099999,Bengaluru,NOAA,26.0,74.0,,0.0,,3.0
2024-05-19 12:00:00,43295099999,Bengaluru,NOAA,24.2,87.0,,0.0,,8.0
2024-05-19 15:00:00,43295099999,Bengaluru,NOAA,22.4,91.2,,0.0,,18.0
2024-05-19 18:00:00,43295099999,Bengaluru,NOAA,22.2,94.6,,0.0,,18.0
2024-05-19 21:00:00,43295099999,Bengaluru,NOAA,22.4,92.9,,0.0,,18.0
2024-05-20 00:00:00,43295099999,Bengaluru,NOAA,22.2,92.9,,0.0,,18.0
2024-05-20 03:00:00,43295099999,Bengaluru,NOAA,23.0,84.8,,0.0,,18.0
2024-05-20 09:00:00,43295099999,Bengaluru,NOAA,28.4,56.1,,1.0,,
2024-05-20 12:00:00,43295099999,Bengaluru,NOAA,28.0,61.8,,0.0,,
2024-05-20 15:00:00,43295099999,Bengaluru,NOAA,25.6,81.0,,1.5,230.0,
2024-05-20 18:00:00,43295099999,Bengaluru,NOAA,23.4,88.0,,1.5,230.0,0.1
2024-05-20 21:00:00,43295099999,Bengaluru,NOAA,22.4,96.4,,1.5,320.0,2.0
2024-05-21 00:00:00,43295099999,Bengaluru,NOAA,22.0,89.5,,0.0,,2.0
2024-05-21 03:00:00,43295099999,Bengaluru,NOAA,23.0,89.6,,1.0,,2.0
2024-05-21 06:00:00,43295099999,Bengaluru,NOAA,28.4,62.3,,1.0,20.0,
2024-05-21 09:00:00,43295099999,Bengaluru,NOAA,30.0,44.2,,1.0,50.0,
2024-05-21 12:00:00,43295099999,Bengaluru,NOAA,29.2,54.5,,0.0,,
2024-05-21 15:00:00,43295099999,Bengaluru,NOAA,25.4,81.0,,0.0,,0.0
2024-05-21 18:00:00,43295099999,Bengaluru,NOAA,24.4,83.9,,1.0,50.0,0.0
2024-05-21 21:00:00,43295099999,Bengaluru,NOAA,22.8,91.3,,1.0,50.0,0.0
2024-05-22 00:00:00,43295099999,Bengaluru,NOAA,22.4,92.9,,1.0,320.0,0.0
2024-05-22 03:00:00,43295099999,Bengaluru,NOAA,25.4,82.5,,1.5,20.0,0.0
2024-05-22 06:00:00,43295099999,Bengaluru,NOAA,28.8,63.9,,1.0,,
2024-05-22 09:00:00,43295099999,Bengaluru,NOAA,31.0,50.4,,1.5,230.0,0.0
2024-05-22 12:00:00,43295099999,Bengaluru,NOAA,29.8,58.5,,1.5,90.0,0.2
2024-05-22 15:00:00,43295099999,Bengaluru,NOAA,26.0,70.0,,1.5,90.0,0.2
2024-05-22 18:00:00,43295099999,Bengaluru,NOAA,25.2,85.5,,2.1,90.0,0.2
2024-05-22 21:00:00,43295099999,Bengaluru,NOAA,24.0,90.2,,1.0,90.0,0.2
2024-05-23 00:00:00,43295099999,Bengaluru,NOAA,23.4,93.0,,0.0,,0.2
2024-05-23 03:00:00,43295099999,Bengaluru,NOAA,25.6,78.1,,0.0,,0.2
2024-05-23 06:00:00,43295099999,Bengaluru,NOAA,28.4,57.5,,1.5,70.0,
2024-05-23 09:00:00,43295099999,Bengaluru,NOAA,32.4,48.6,,1.0,90.0,
2024-05-23 12:00:00,43295099999,Bengaluru,NOAA,31.0,50.4,,0.0,,
2024-05-23 15:00:00,43295099999,Bengaluru,NOAA,28.0,68.7,,2.1,90.0,
2024-05-23 18:00:00,43295099999,Bengaluru,NOAA,26.7,82.1,,1.0,90.0,
2024-05-23 21:00:00,43295099999,Bengaluru,NOAA,25.6,87.1,,1.0,,
2024-05-24 00:00:00,43295099999,Bengaluru,NOAA,25.2,90.3,,0.0,,
2024-05-24 03:00:00,43295099999,Bengaluru,NOAA,26.2,75.8,,0.0,,
2024-05-24 06:00:00,43295099999,Bengaluru,NOAA,28.8,68.8,,0.0,,
2024-05-24 09:00:00,43295099999,Bengaluru,NOAA,30.4,46.6,,0.0,,
2024-05-24 12:00:00,43295099999,Bengaluru,NOAA,30.0,51.8,,2.1,320.0,
2024-05-24 15:00:00,43295099999,Bengaluru,NOAA,24.0,87.0,,1.5,90.0,1.0
2024-05-24 18:00:00,43295099999,Bengaluru,NOAA,23.4,83.3,,1.5,320.0,1.0
2024-05-24 21:00:00,43295099999,Bengaluru,NOAA,22.8,89.6,,1.5,320.0,1.0
2024-05-25 00:00:00,43295099999,Bengaluru,NOAA,22.2,87.9,,2.1,320.0,1.0
2024-05-25 03:00:00,43295099999,Bengaluru,NOAA,22.4,94.7,,1.5,230.0,1.0
2024-05-25 06:00:00,43295099999,Bengaluru,NOAA,28.4,58.6,,1.5,270.0,
2024-05-25 09:00:00,43295099999,Bengaluru,NOAA,28.8,49.5,,2.1,250.0,
2024-05-25 12:00:00,43295099999,Bengaluru,NOAA,27.0,50.0,,2.1,270.0,
2024-05-25 15:00:00,43295099999,Bengaluru,NOAA,25.0,62.3,,1.0,320.0,
2024-05-25 18:00:00,43295099999,Bengaluru,NOAA,23.8,80.3,,1.0,270.0,
2024-05-25 21:00:00,43295099999,Bengaluru,NOAA,23.0,88.0,,0.0,,
2024-05-26 00:00:00,43295099999,Bengaluru,NOAA,21.8,84.7,,1.0,270.0,
2024-05-26 03:00:00,43295099999,Bengaluru,NOAA,22.4,89.6,,2.6,270.0,
2024-05-26 06:00:00,43295099999,Bengaluru,NOAA,28.4,59.7,,3.1,270.0,
2024-05-26 09:00:00,43295099999,Bengaluru,NOAA,29.0,53.1,,2.1,230.0,
2024-05-26 12:00:00,43295099999,Bengaluru,NOAA,27.0,65.2,,2.6,270.0,
2024-05-26 15:00:00,43295099999,Bengaluru,NOAA,25.0,79.5,,2.1,270.0,
2024-05-26 18:00:00,43295099999,Bengaluru,NOAA,24.4,83.9,,3.1,320.0,
2024-05-26 21:00:00,43295099999,Bengaluru,NOAA,23.4,86.4,,4.6,270.0,
2024-05-27 00:00:00,43295099999,Bengaluru,NOAA,23.0,88.0,,3.6,230.0,
2024-05-27 03:00:00,43295099999,Bengaluru,NOAA,23.6,84.8,,1.5,320.0,
2024-05-27 06:00:00,43295099999,Bengaluru,NOAA,28.0,61.8,,2.6,90.0,
2024-05-27 09:00:00,43295099999,Bengaluru,NOAA,30.6,53.5,,1.5,270.0,
2024-05-27 12:00:00,43295099999,Bengaluru,NOAA,30.0,49.5,,2.6,270.0,
2024-05-27 15:00:00,43295099999,Bengaluru,NOAA,27.4,66.9,,2.1,250.0,
2024-05-27 18:00:00,43295099999,Bengaluru,NOAA,25.2,78.0,,2.6,270.0,
2024-05-27 21:00:00,43295099999,Bengaluru,NOAA,24.4,80.9,,2.1,270.0,
2024-05-28 00:00:00,43295099999,Bengaluru,NOAA,22.8,86.3,,1.0,250.0,
2024-05-28 03:00:00,43295099999,Bengaluru,NOAA,24.0,78.8,,1.0,270.0,
2024-05-28 06:00:00,43295099999,Bengaluru,NOAA,27.8,61.8,,2.1,270.0,
2024-05-28 09:00:00,43295099999,Bengaluru,NOAA,30.6,49.1,,2.6,140.0,
2024-05-28 12:00:00,43295099999,Bengaluru,NOAA,29.0,47.4,,2.6,230.0,
2024-05-28 15:00:00,43295099999,Bengaluru,NOAA,27.6,62.9,,2.1,270.0,
2024-05-28 18:00:00,43295099999,Bengaluru,NOAA,25.0,79.5,,1.5,230.0,
2024-05-28 21:00:00,43295099999,Bengaluru,NOAA,23.4,88.0,,1.5,230.0,
2024-05-29 00:00:00,43295099999,Bengaluru,NOAA,22.6,87.9,,2.1,270.0,
2024-05-29 03:00:00,43295099999,Bengaluru,NOAA,24.2,87.0,,2.1,230.0,
2024-05-29 06:00:00,43295099999,Bengaluru,NOAA,28.4,59.7,,3.1,270.0,
2024-05-29 09:00:00,43295099999,Bengaluru,NOAA,31.0,45.1,,2.1,270.0,
2024-05-29 12:00:00,43295099999,Bengaluru,NOAA,30.0,48.3,,2.1,250.0,
2024-05-29 15:00:00,43295099999,Bengaluru,NOAA,28.4,58.6,,1.0,270.0,
2024-05-29 18:00:00,43295099999,Bengaluru,NOAA,25.4,76.7,,1.0,270.0,
2024-05-29 21:00:00,43295099999,Bengaluru,NOAA,23.4,88.0,,1.0,270.0,
2024-05-30 00:00:00,43295099999,Bengaluru,NOAA,22.4,92.9,,1.5,270.0,
2024-05-30 03:00:00,43295099999,Bengaluru,NOAA,26.4,75.9,,2.1,270.0,
2024-05-30 06:00:00,43295099999,Bengaluru,NOAA,30.4,58.0,,3.1,270.0,
2024-05-30 09:00:00,43295099999,Bengaluru,NOAA,32.2,47.4,,1.5,230.0,
2024-05-30 12:00:00,43295099999,Bengaluru,NOAA,31.0,49.5,,1.5,270.0,
2024-05-30 15:00:00,43295099999,Bengaluru,NOAA,29.4,52.3,,2.1,270.0,
2024-05-30 18:00:00,43295099999,Bengaluru,NOAA,27.4,66.9,,2.6,270.0,
2024-05-30 21:00:00,43295099999,Bengaluru,NOAA,24.4,79.4,,2.6,270.0,
2024-05-31 00:00:00,43295099999,Bengaluru,NOAA,24.0,87.0,,2.6,270.0,
2024-05-31 03:00:00,43295099999,Bengaluru,NOAA,26.4,70.1,,1.5,270.0,
2024-05-31 06:00:00,43295099999,Bengaluru,NOAA,31.2,48.3,,0.0,,
2024-05-31 09:00:00,43295099999,Bengaluru,NOAA,34.4,39.9,,0.0,,
2024-05-31 12:00:00,43295099999,Bengaluru,NOAA,32.8,42.0,,1.5,320.0,
2024-05-31 15:00:00,43295099999,Bengaluru,NOAA,29.8,56.1,,1.5,320.0,
2024-05-31 18:00:00,43295099999,Bengaluru,NOAA,28.2,64.6,,0.0,,
2024-05-31 21:00:00,43295099999,Bengaluru,NOAA,26.4,81.6,,1.5,270.0,
2024-06-01 00:00:00,43295099999,Bengaluru,NOAA,25.0,88.7,,1.5,270.0,
2024-06-01 03:00:00,43295099999,Bengaluru,NOAA,25.4,82.5,,2.1,320.0,
2024-06-01 06:00:00,43295099999,Bengaluru,NOAA,31.4,56.4,,2.1,320.0,
2024-06-01 09:00:00,43295099999,Bengaluru,NOAA,32.4,49.5,,2.1,270.0,0.0
2024-06-01 12:00:00,43295099999,Bengaluru,NOAA,26.0,81.6,,1.5,140.0,3.0
2024-06-01 15:00:00,43295099999,Bengaluru,NOAA,22.6,98.2,,3.1,230.0,13.0
2024-06-01 18:00:00,43295099999,Bengaluru,NOAA,21.6,96.4,,1.5,270.0,26.0
2024-06-01 21:00:00,43295099999,Bengaluru,NOAA,20.6,96.4,,0.0,,30.0
2024-06-02 00:00:00,43295099999,Bengaluru,NOAA,21.0,94.6,,1.5,230.0,30.0
2024-06-02 03:00:00,43295099999,Bengaluru,NOAA,21.6,92.9,,2.1,230.0,30.0
2024-06-02 06:00:00,43295099999,Bengaluru,NOAA,27.4,60.2,,2.1,230.0,
2024-06-02 09:00:00,43295099999,Bengaluru,NOAA,31.0,53.6,,2.1,250.0,
2024-06-02 12:00:00,43295099999,Bengaluru,NOAA,29.0,54.2,,1.5,250.0,
2024-06-02 15:00:00,43295099999,Bengaluru,NOAA,21.4,91.2,,1.5,270.0,69.0
2024-06-02 18:00:00,43295099999,Bengaluru,NOAA,21.6,92.9,,1.0,270.0,111.0
2024-06-02 21:00:00,43295099999,Bengaluru,NOAA,21.2,94.6,,1.0,230.0,111.0
2024-06-03 00:00:00,43295099999,Bengaluru,NOAA,21.0,91.1,,1.0,230.0,111.0
2024-06-03 03:00:00,43295099999,Bengaluru,NOAA,21.8,94.6,,2.1,270.0,111.0
2024-06-03 06:00:00,43295099999,Bengaluru,NOAA,26.4,75.9,,1.5,270.0,
2024-06-03 09:00:00,43295099999,Bengaluru,NOAA,28.6,62.4,,1.5,270.0,
2024-06-03 12:00:00,43295099999,Bengaluru,NOAA,28.8,62.8,,0.0,,
2024-06-03 15:00:00,43295099999,Bengaluru,NOAA,25.6,79.5,,2.1,180.0,
2024-06-03 18:00:00,43295099999,Bengaluru,NOAA,24.0,88.6,,1.5,230.0,
2024-06-03 21:00:00,43295099999,Bengaluru,NOAA,23.4,88.0,,0.0,,
2024-06-04 00:00:00,43295099999,Bengaluru,NOAA,22.4,92.9,,1.5,230.0,
2024-06-04 03:00:00,43295099999,Bengaluru,NOAA,23.2,94.7,,1.5,230.0,
2024-06-04 06:00:00,43295099999,Bengaluru,NOAA,27.4,65.2,,1.5,230.0,
2024-06-04 09:00:00,43295099999,Bengaluru,NOAA,30.8,52.6,,1.5,270.0,
2024-06-04 12:00:00,43295099999,Bengaluru,NOAA,30.0,54.1,,1.0,270.0,
2024-06-04 15:00:00,43295099999,Bengaluru,NOAA,27.6,68.2,,1.5,270.0,0.0
2024-06-04 18:00:00,43295099999,Bengaluru,NOAA,25.2,79.5,,2.1,,0.2
2024-06-04 21:00:00,43295099999,Bengaluru,NOAA,23.2,88.0,,1.5,290.0,0.4
2024-06-05 00:00:00,43295099999,Bengaluru,NOAA,23.2,91.3,,1.0,250.0,0.5
2024-06-05 03:00:00,43295099999,Bengaluru,NOAA,24.6,85.5,,1.5,270.0,0.5
2024-06-05 06:00:00,43295099999,Bengaluru,NOAA,28.4,63.5,,0.0,,
2024-06-05 09:00:00,43295099999,Bengaluru,NOAA,29.4,56.0,,1.0,230.0,
2024-06-05 12:00:00,43295099999,Bengaluru,NOAA,27.6,64.1,,1.5,270.0,
2024-06-05 15:00:00,43295099999,Bengaluru,NOAA,22.8,96.4,,0.0,,6.0
2024-06-05 18:00:00,43295099999,Bengaluru,NOAA,22.6,96.4,,0.0,,6.0
2024-06-05 21:00:00,43295099999,Bengaluru,NOAA,21.8,89.5,,1.0,,6.0
2024-06-06 00:00:00,43295099999,Bengaluru,NOAA,22.0,94.6,,0.0,,6.0
2024-06-06 03:00:00,43295099999,Bengaluru,NOAA,22.4,91.2,,0.0,,6.0
2024-06-06 06:00:00,43295099999,Bengaluru,NOAA,26.4,77.3,,1.0,320.0,
2024-06-06 09:00:00,43295099999,Bengaluru,NOAA,27.4,64.0,,1.5,230.0,
2024-06-06 12:00:00,43295099999,Bengaluru,NOAA,28.4,61.2,,1.0,230.0,
2024-06-06 15:00:00,43295099999,Bengaluru,NOAA,23.2,86.4,,2.1,230.0,0.0
2024-06-06 18:00:00,43295099999,Bengaluru,NOAA,22.4,91.2,,2.1,230.0,3.0
2024-06-06 21:00:00,43295099999,Bengaluru,NOAA,22.0,92.9,,1.5,230.0,5.0
2024-06-07 00:00:00,43295099999,Bengaluru,NOAA,22.0,94.6,,1.0,230.0,5.0
2024-06-07 03:00:00,43295099999,Bengaluru,NOAA,22.6,89.6,,1.5,230.0,5.0
2024-06-07 06:00:00,43295099999,Bengaluru,NOAA,25.4,73.9,,2.1,230.0,
2024-06-07 09:00:00,43295099999,Bengaluru,NOAA,28.4,59.7,,1.5,230.0,
2024-06-07 12:00:00,43295099999,Bengaluru,NOAA,23.6,93.0,,1.5,230.0,14.0
2024-06-07 15:00:00,43295099999,Bengaluru,NOAA,23.4,91.3,,1.5,230.0,15.0
2024-06-07 18:00:00,43295099999,Bengaluru,NOAA,23.6,91.9,,2.1,230.0,15.0
2024-06-07 21:00:00,43295099999,Bengaluru,NOAA,23.0,91.3,,2.6,230.0,15.0
2024-06-08 00:00:00,43295099999,Bengaluru,NOAA,22.4,91.2,,2.1,230.0,15.0
2024-06-08 03:00:00,43295099999,Bengaluru,NOAA,23.8,87.0,,1.5,230.0,15.0
2024-06-08 06:00:00,43295099999,Bengaluru,NOAA,26.6,67.5,,1.5,270.0,
2024-06-08 09:00:00,43295099999,Bengaluru,NOAA,28.0,65.8,,3.1,230.0,
2024-06-08 12:00:00,43295099999,Bengaluru,NOAA,28.0,58.1,,3.1,230.0,0.0
2024-06-08 15:00:00,43295099999,Bengaluru,NOAA,24.0,77.4,,3.1,230.0,0.0
2024-06-08 18:00:00,43295099999,Bengaluru,NOAA,22.8,86.3,,3.1,230.0,0.0
2024-06-08 21:00:00,43295099999,Bengaluru,NOAA,21.8,89.5,,2.6,230.0,0.0
2024-06-09 00:00:00,43295099999,Bengaluru,NOAA,21.0,91.1,,2.6,230.0,0.0
2024-06-09 03:00:00,43295099999,Bengaluru,NOAA,22.4,84.7,,1.5,230.0,0.0
2024-06-09 06:00:00,43295099999,Bengaluru,NOAA,26.0,67.0,,2.1,230.0,
2024-06-09 09:00:00,43295099999,Bengaluru,NOAA,24.2,88.6,,3.1,230.0,5.0
2024-06-09 12:00:00,43295099999,Bengaluru,NOAA,22.4,87.9,,2.1,230.0,9.0
2024-06-09 15:00:00,43295099999,Bengaluru,NOAA,23.0,84.8,,2.1,230.0,9.0
2024-06-09 18:00:00,43295099999,Bengaluru,NOAA,22.6,89.6,,1.5,230.0,9.0
2024-06-09 21:00:00,43295099999,Bengaluru,NOAA,21.8,90.6,,1.5,90.0,9.0
2024-06-10 00:00:00,43295099999,Bengaluru,NOAA,21.6,91.2,,2.1,270.0,
2024-06-10 03:00:00,43295099999,Bengaluru,NOAA,23.4,83.3,,0.0,,9.0
2024-06-10 06:00:00,43295099999,Bengaluru,NOAA,26.7,66.7,,1.0,270.0,
2024-06-10 09:00:00,43295099999,Bengaluru,NOAA,24.6,85.5,,3.1,250.0,3.0
2024-06-10 12:00:00,43295099999,Bengaluru,NOAA,26.5,63.1,,3.1,250.0,
2024-06-10 15:00:00,43295099999,Bengaluru,NOAA,25.0,63.5,,2.6,230.0,3.0
2024-06-10 18:00:00,43295099999,Bengaluru,NOAA,23.5,74.9,,2.1,230.0,
2024-06-10 21:00:00,43295099999,Bengaluru,NOAA,22.4,86.3,,2.1,230.0,3.0
2024-06-11 00:00:00,43295099999,Bengaluru,NOAA,22.4,86.3,,2.6,230.0,3.0
2024-06-11 03:00:00,43295099999,Bengaluru,NOAA,23.2,88.0,,3.1,230.0,3.0
2024-06-11 06:00:00,43295099999,Bengaluru,NOAA,26.4,72.7,,4.1,230.0,
2024-06-11 09:00:00,43295099999,Bengaluru,NOAA,28.2,58.5,,2.1,230.0,
2024-06-11 12:00:00,43295099999,Bengaluru,NOAA,23.6,88.0,,1.5,270.0,3.0
2024-06-11 15:00:00,43295099999,Bengaluru,NOAA,23.4,83.3,,3.1,230.0,3.0
2024-06-11 18:00:00,43295099999,Bengaluru,NOAA,22.8,84.8,,3.1,230.0,3.0
2024-06-11 21:00:00,43295099999,Bengaluru,NOAA,22.0,89.5,,3.1,230.0,3.0
2024-06-12 00:00:00,43295099999,Bengaluru,NOAA,22.0,91.2,,2.6,250.0,3.0
2024-06-12 03:00:00,43295099999,Bengaluru,NOAA,23.4,81.7,,1.5,230.0,3.0
2024-06-12 06:00:00,43295099999,Bengaluru,NOAA,26.0,71.3,,2.1,270.0,
2024-06-12 09:00:00,43295099999,Bengaluru,NOAA,28.4,56.1,,2.6,270.0,
2024-06-12 12:00:00,43295099999,Bengaluru,NOAA,27.4,56.5,,2.1,270.0,
2024-06-12 15:00:00,43295099999,Bengaluru,NOAA,23.8,62.5,,1.5,270.0,0.0
2024-06-12 18:00:00,43295099999,Bengaluru,NOAA,22.4,78.1,,1.0,270.0,0.0
2024-06-12 21:00:00,43295099999,Bengaluru,NOAA,21.8,82.6,,1.0,270.0,0.0
2024-06-13 00:00:00,43295099999,Bengaluru,NOAA,21.4,87.8,,1.0,270.0,0.0
2024-06-13 03:00:00,43295099999,Bengaluru,NOAA,22.4,89.6,,3.1,230.0,0.0
2024-06-13 06:00:00,43295099999,Bengaluru,NOAA,27.0,69.3,,3.1,230.0,
2024-06-13 09:00:00,43295099999,Bengaluru,NOAA,28.4,57.5,,3.1,230.0,
2024-06-13 12:00:00,43295099999,Bengaluru,NOAA,22.4,91.2,,2.6,250.0,4.0
2024-06-13 15:00:00,43295099999,Bengaluru,NOAA,22.2,91.2,,1.5,230.0,4.0
2024-06-13 18:00:00,43295099999,Bengaluru,NOAA,22.4,91.2,,2.1,270.0,4.0
2024-06-13 21:00:00,43295099999,Bengaluru,NOAA,21.6,91.2,,1.5,230.0,4.0
2024-06-14 00:00:00,43295099999,Bengaluru,NOAA,21.4,94.6,,2.6,230.0,4.0
2024-06-14 03:00:00,43295099999,Bengaluru,NOAA,22.2,89.6,,3.1,230.0,4.0
2024-06-14 06:00:00,43295099999,Bengaluru,NOAA,26.0,65.8,,3.1,250.0,
2024-06-14 09:00:00,43295099999,Bengaluru,NOAA,28.6,56.5,,3.1,270.0,
2024-06-14 12:00:00,43295099999,Bengaluru,NOAA,28.0,53.2,,3.1,270.0,
2024-06-14 15:00:00,43295099999,Bengaluru,NOAA,25.8,72.6,,0.0,,
2024-06-14 18:00:00,43295099999,Bengaluru,NOAA,25.0,75.2,,1.0,270.0,
2024-06-14 21:00:00,43295099999,Bengaluru,NOAA,22.6,86.3,,1.0,230.0,
2024-06-15 00:00:00,43295099999,Bengaluru,NOAA,21.8,87.9,,1.5,230.0,
2024-06-15 03:00:00,43295099999,Bengaluru,NOAA,24.0,80.3,,3.1,270.0,
2024-06-15 06:00:00,43295099999,Bengaluru,NOAA,27.4,47.9,,2.6,270.0,
2024-06-15 09:00:00,43295099999,Bengaluru,NOAA,29.6,51.3,,1.5,230.0,
2024-06-15 12:00:00,43295099999,Bengaluru,NOAA,28.8,45.0,,2.1,270.0,
2024-06-15 15:00:00,43295099999,Bengaluru,NOAA,25.2,66.4,,3.1,230.0,
2024-06-15 18:00:00,43295099999,Bengaluru,NOAA,23.8,71.3,,2.6,270.0,
2024-06-15 21:00:00,43295099999,Bengaluru,NOAA,22.6,84.7,,2.1,270.0,
2024-06-16 00:00:00,43295099999,Bengaluru,NOAA,21.2,91.2,,1.5,270.0,
2024-06-16 03:00:00,43295099999,Bengaluru,NOAA,24.0,87.0,,1.5,230.0,
2024-06-16 06:00:00,43295099999,Bengaluru,NOAA,27.6,64.1,,2.6,270.0,
2024-06-16 09:00:00,43295099999,Bengaluru,NOAA,29.4,54.6,,3.1,250.0,
2024-06-16 12:00:00,43295099999,Bengaluru,NOAA,29.2,53.2,,2.6,250.0,
2024-06-16 15:00:00,43295099999,Bengaluru,NOAA,25.4,76.7,,1.0,230.0,
2024-06-16 18:00:00,43295099999,Bengaluru,NOAA,24.0,80.3,,1.5,230.0,
2024-06-16 21:00:00,43295099999,Bengaluru,NOAA,23.0,84.8,,1.5,230.0,
2024-06-17 00:00:00,43295099999,Bengaluru,NOAA,22.0,87.9,,2.1,230.0,
2024-06-17 03:00:00,43295099999,Bengaluru,NOAA,24.8,79.4,,2.6,230.0,
2024-06-17 06:00:00,43295099999,Bengaluru,NOAA,28.4,63.5,,3.1,250.0,
2024-06-17 09:00:00,43295099999,Bengaluru,NOAA,27.8,69.5,,2.6,250.0,0.8
2024-06-17 12:00:00,43295099999,Bengaluru,NOAA,29.0,64.0,,2.6,250.0,2.0
2024-06-17 15:00:00,43295099999,Bengaluru,NOAA,26.6,67.5,,1.5,230.0,2.0
2024-06-17 18:00:00,43295099999,Bengaluru,NOAA,24.2,82.3,,1.5,230.0,2.0
2024-06-17 21:00:00,43295099999,Bengaluru,NOAA,23.2,88.0,,1.5,230.0,2.0
2024-06-18 00:00:00,43295099999,Bengaluru,NOAA,22.0,94.6,,1.5,230.0,2.0
2024-06-18 03:00:00,43295099999,Bengaluru,NOAA,23.0,91.3,,1.5,230.0,2.0
2024-06-18 06:00:00,43295099999,Bengaluru,NOAA,26.2,59.2,,1.5,230.0,
2024-06-18 09:00:00,43295099999,Bengaluru,NOAA,29.4,54.6,,3.1,250.0,
2024-06-18 12:00:00,43295099999,Bengaluru,NOAA,28.8,50.5,,3.1,230.0,
2024-06-18 15:00:00,43295099999,Bengaluru,NOAA,24.4,74.6,,2.6,270.0,0.4
2024-06-18 18:00:00,43295099999,Bengaluru,NOAA,24.4,76.0,,3.1,250.0,0.4
2024-06-18 21:00:00,43295099999,Bengaluru,NOAA,22.6,87.9,,2.6,250.0,0.4
2024-06-19 00:00:00,43295099999,Bengaluru,NOAA,22.4,89.6,,2.1,250.0,0.4
2024-06-19 03:00:00,43295099999,Bengaluru,NOAA,23.0,84.8,,1.5,230.0,0.4
2024-06-19 06:00:00,43295099999,Bengaluru,NOAA,27.4,56.5,,2.1,270.0,
2024-06-19 09:00:00,43295099999,Bengaluru,NOAA,29.8,49.2,,1.5,270.0,
2024-06-19 12:00:00,43295099999,Bengaluru,NOAA,28.8,50.5,,1.5,230.0,
2024-06-19 15:00:00,43295099999,Bengaluru,NOAA,25.4,72.5,,1.5,270.0,
2024-06-19 18:00:00,43295099999,Bengaluru,NOAA,24.4,73.2,,2.1,270.0,0.0
2024-06-19 21:00:00,43295099999,Bengaluru,NOAA,23.2,80.2,,2.1,270.0,0.0
2024-06-20 00:00:00,43295099999,Bengaluru,NOAA,22.0,84.7,,2.6,270.0,0.0
2024-06-20 03:00:00,43295099999,Bengaluru,NOAA,23.2,86.4,,1.5,230.0,0.0
2024-06-20 06:00:00,43295099999,Bengaluru,NOAA,26.6,67.5,,1.5,230.0,
2024-06-20 09:00:00,43295099999,Bengaluru,NOAA,30.2,51.8,,4.1,250.0,
2024-06-20 12:00:00,43295099999,Bengaluru,NOAA,23.4,84.8,,3.1,250.0,14.0
2024-06-20 15:00:00,43295099999,Bengaluru,NOAA,23.4,75.4,,2.1,230.0,14.0
2024-06-20 18:00:00,43295099999,Bengaluru,NOAA,22.4,84.7,,2.1,230.0,14.0
2024-06-20 21:00:00,43295099999,Bengaluru,NOAA,22.0,86.3,,1.5,230.0,14.0
2024-06-21 00:00:00,43295099999,Bengaluru,NOAA,23.4,91.3,,2.1,230.0,14.0
2024-06-21 03:00:00,43295099999,Bengaluru,NOAA,24.0,82.3,,3.1,230.0,14.0
2024-06-21 06:00:00,43295099999,Bengaluru,NOAA,26.8,66.3,,4.1,230.0,
2024-06-21 09:00:00,43295099999,Bengaluru,NOAA,28.6,60.1,,3.1,250.0,
2024-06-21 12:00:00,43295099999,Bengaluru,NOAA,24.8,80.9,,3.1,250.0,0.0
2024-06-21 15:00:00,43295099999,Bengaluru,NOAA,24.4,82.4,,2.1,270.0,0.0
2024-06-21 18:00:00,43295099999,Bengaluru,NOAA,22.2,84.7,,1.5,270.0,0.0
2024-06-22 00:00:00,43295099999,Bengaluru,NOAA,21.0,92.9,,3.1,230.0,0.0
2024-06-22 06:00:00,43295099999,Bengaluru,NOAA,25.4,73.9,,2.1,230.0,
2024-06-22 12:00:00,43295099999,Bengaluru,NOAA,27.4,61.7,,2.1,230.0,
2024-06-22 15:00:00,43295099999,Bengaluru,NOAA,24.8,79.4,,1.5,270.0,
2024-06-22 18:00:00,43295099999,Bengaluru,NOAA,23.6,75.9,,2.1,230.0,
2024-06-22 21:00:00,43295099999,Bengaluru,NOAA,22.0,84.7,,1.5,230.0,
2024-06-23 00:00:00,43295099999,Bengaluru,NOAA,21.4,87.8,,2.1,250.0,
2024-06-23 03:00:00,43295099999,Bengaluru,NOAA,22.4,86.3,,2.1,230.0,
2024-06-23 06:00:00,43295099999,Bengaluru,NOAA,25.4,62.4,,2.1,230.0,
2024-06-23 09:00:00,43295099999,Bengaluru,NOAA,25.4,62.4,,2.1,230.0,
2024-06-23 12:00:00,43295099999,Bengaluru,NOAA,25.4,75.2,,1.5,230.0,0.0
2024-06-23 15:00:00,43295099999,Bengaluru,NOAA,23.4,84.8,,3.1,230.0,0.0
2024-06-23 18:00:00,43295099999,Bengaluru,NOAA,23.2,86.4,,3.1,230.0,0.0
2024-06-23 21:00:00,43295099999,Bengaluru,NOAA,22.0,91.2,,3.1,230.0,0.0
2024-06-24 00:00:00,43295099999,Bengaluru,NOAA,21.4,91.2,,4.1,230.0,0.0
2024-06-24 03:00:00,43295099999,Bengaluru,NOAA,23.4,81.7,,2.1,230.0,0.0
2024-06-24 06:00:00,43295099999,Bengaluru,NOAA,25.4,70.7,,2.6,270.0,
2024-06-24 09:00:00,43295099999,Bengaluru,NOAA,27.4,65.2,,5.1,230.0,
2024-06-24 12:00:00,43295099999,Bengaluru,NOAA,27.0,57.5,,4.6,250.0,
2024-06-24 15:00:00,43295099999,Bengaluru,NOAA,25.0,72.0,,1.5,230.0,
2024-06-24 18:00:00,43295099999,Bengaluru,NOAA,24.0,76.0,,2.1,230.0,
2024-06-24 21:00:00,43295099999,Bengaluru,NOAA,22.4,89.6,,2.1,230.0,
2024-06-25 00:00:00,43295099999,Bengaluru,NOAA,22.4,91.2,,2.1,230.0,
2024-06-25 03:00:00,43295099999,Bengaluru,NOAA,23.4,84.8,,3.1,230.0,
2024-06-25 06:00:00,43295099999,Bengaluru,NOAA,27.0,65.2,,4.1,230.0,
2024-06-25 09:00:00,43295099999,Bengaluru,NOAA,29.0,54.2,,4.1,230.0,
2024-06-25 12:00:00,43295099999,Bengaluru,NOAA,27.4,61.7,,3.1,230.0,
2024-06-25 15:00:00,43295099999,Bengaluru,NOAA,26.0,78.6,,1.5,230.0,
2024-06-25 18:00:00,43295099999,Bengaluru,NOAA,23.2,81.7,,2.6,270.0,
2024-06-26 00:00:00,43295099999,Bengaluru,NOAA,21.8,91.2,,3.1,230.0,
2024-06-26 03:00:00,43295099999,Bengaluru,NOAA,22.0,92.9,,4.1,230.0,0.2
2024-06-26 06:00:00,43295099999,Bengaluru,NOAA,25.4,73.9,,4.6,230.0,
2024-06-26 09:00:00,43295099999,Bengaluru,NOAA,27.0,61.2,,4.6,230.0,
2024-06-26 12:00:00,43295099999,Bengaluru,NOAA,26.4,64.6,,3.1,230.0,0.0
2024-06-26 15:00:00,43295099999,Bengaluru,NOAA,23.6,87.0,,3.1,230.0,0.0
2024-06-26 18:00:00,43295099999,Bengaluru,NOAA,22.6,89.6,,3.1,230.0,0.0
2024-06-26 21:00:00,43295099999,Bengaluru,NOAA,22.4,91.2,,3.1,230.0,0.0
2024-06-27 00:00:00,43295099999,Bengaluru,NOAA,22.0,92.9,,4.1,230.0,0.0
2024-06-27 03:00:00,43295099999,Bengaluru,NOAA,22.0,92.9,,2.1,230.0,0.0
2024-06-27 06:00:00,43295099999,Bengaluru,NOAA,23.4,84.8,,4.1,230.0,0.0
2024-06-27 09:00:00,43295099999,Bengaluru,NOAA,25.6,62.9,,3.1,230.0,0.0
2024-06-27 12:00:00,43295099999,Bengaluru,NOAA,25.0,72.0,,3.1,230.0,0.0
2024-06-27 15:00:00,43295099999,Bengaluru,NOAA,23.2,88.0,,2.6,230.0,0.0
2024-06-27 18:00:00,43295099999,Bengaluru,NOAA,22.4,92.9,,2.6,230.0,0.1
2024-06-27 21:00:00,43295099999,Bengaluru,NOAA,22.4,92.9,,3.1,230.0,0.1
2024-06-28 00:00:00,43295099999,Bengaluru,NOAA,22.0,92.9,,2.6,230.0,0.1
2024-06-28 03:00:00,43295099999,Bengaluru,NOAA,23.0,91.3,,1.5,230.0,0.1
2024-06-28 06:00:00,43295099999,Bengaluru,NOAA,25.8,72.6,,3.1,230.0,
2024-06-28 09:00:00,43295099999,Bengaluru,NOAA,28.8,61.3,,4.1,230.0,
2024-06-28 12:00:00,43295099999,Bengaluru,NOAA,24.4,87.0,,3.1,230.0,1.0
2024-06-28 15:00:00,43295099999,Bengaluru,NOAA,24.0,88.6,,2.1,230.0,1.0
2024-06-28 18:00:00,43295099999,Bengaluru,NOAA,23.2,89.6,,2.6,230.0,1.0
2024-06-28 21:00:00,43295099999,Bengaluru,NOAA,22.0,92.9,,2.1,230.0,1.0
2024-06-29 00:00:00,43295099999,Bengaluru,NOAA,22.0,92.9,,3.1,230.0,1.0
2024-06-29 03:00:00,43295099999,Bengaluru,NOAA,22.4,89.6,,2.6,230.0,1.0
2024-06-29 06:00:00,43295099999,Bengaluru,NOAA,26.4,70.1,,3.1,230.0,
2024-06-29 09:00:00,43295099999,Bengaluru,NOAA,28.8,61.3,,3.1,230.0,
2024-06-29 12:00:00,43295099999,Bengaluru,NOAA,28.0,63.4,,2.6,230.0,0.0
2024-06-29 15:00:00,43295099999,Bengaluru,NOAA,25.0,79.5,,2.1,230.0,0.0
2024-06-29 18:00:00,43295099999,Bengaluru,NOAA,24.0,82.3,,3.1,230.0,0.0
2024-06-29 21:00:00,43295099999,Bengaluru,NOAA,22.4,92.9,,3.1,250.0,0.0
2024-06-30 00:00:00,43295099999,Bengaluru,NOAA,22.4,94.7,,2.1,230.0,
2024-06-30 03:00:00,43295099999,Bengaluru,NOAA,23.0,89.6,,3.1,230.0,0.0
2024-06-30 06:00:00,43295099999,Bengaluru,NOAA,25.2,81.0,,3.1,230.0,
2024-06-30 09:00:00,43295099999,Bengaluru,NOAA,26.8,73.2,,2.6,270.0,
2024-06-30 12:00:00,43295099999,Bengaluru,NOAA,25.0,87.1,,2.1,270.0,3.0
2024-06-30 15:00:00,43295099999,Bengaluru,NOAA,23.4,91.3,,2.6,230.0,3.0
2024-06-30 18:00:00,43295099999,Bengaluru,NOAA,22.6,92.9,,3.1,230.0,3.0
2024-06-30 21:00:00,43295099999,Bengaluru,NOAA,22.4,92.9,,3.1,230.0,3.0
2024-07-01 00:00:00,43295099999,Bengaluru,NOAA,22.4,92.9,,3.1,230.0,3.0
2024-07-01 03:00:00,43295099999,Bengaluru,NOAA,22.4,92.9,,1.5,230.0,3.0
2024-07-01 06:00:00,43295099999,Bengaluru,NOAA,24.4,82.4,,1.5,230.0,
2024-07-01 09:00:00,43295099999,Bengaluru,NOAA,25.6,79.5,,2.6,230.0,
2024-07-01 12:00:00,43295099999,Bengaluru,NOAA,26.2,74.0,,2.1,230.0,
2024-07-01 15:00:00,43295099999,Bengaluru,NOAA,23.0,93.0,,1.5,270.0,2.0
2024-07-01 18:00:00,43295099999,Bengaluru,NOAA,22.2,92.9,,1.5,230.0,2.0
2024-07-01 21:00:00,43295099999,Bengaluru,NOAA,22.0,92.9,,2.1,230.0,2.0
2024-07-02 00:00:00,43295099999,Bengaluru,NOAA,22.0,91.2,,1.5,230.0,2.0
2024-07-02 03:00:00,43295099999,Bengaluru,NOAA,22.6,91.2,,1.5,230.0,2.0
2024-07-02 06:00:00,43295099999,Bengaluru,NOAA,25.6,73.9,,2.6,230.0,0.0
2024-07-02 09:00:00,43295099999,Bengaluru,NOAA,27.0,64.0,,4.6,250.0,0.0
2024-07-02 12:00:00,43295099999,Bengaluru,NOAA,27.6,60.6,,4.1,250.0,0.0
2024-07-02 15:00:00,43295099999,Bengaluru,NOAA,25.0,69.4,,2.1,230.0,0.0
2024-07-02 18:00:00,43295099999,Bengaluru,NOAA,24.0,78.8,,2.1,230.0,0.0
2024-07-02 21:00:00,43295099999,Bengaluru,NOAA,22.4,83.2,,2.1,230.0,0.0
2024-07-03 00:00:00,43295099999,Bengaluru,NOAA,22.4,87.9,,1.5,230.0,0.0
2024-07-03 03:00:00,43295099999,Bengaluru,NOAA,23.4,88.0,,1.5,230.0,0.0
2024-07-03 06:00:00,43295099999,Bengaluru,NOAA,27.2,64.0,,2.6,230.0,
2024-07-03 09:00:00,43295099999,Bengaluru,NOAA,27.6,60.6,,3.1,230.0,
2024-07-03 12:00:00,43295099999,Bengaluru,NOAA,27.0,64.0,,1.5,230.0,0.0
2024-07-03 15:00:00,43295099999,Bengaluru,NOAA,22.4,92.9,,1.5,270.0,3.0
2024-07-03 18:00:00,43295099999,Bengaluru,NOAA,22.2,94.6,,1.5,270.0,3.0
2024-07-03 21:00:00,43295099999,Bengaluru,NOAA,22.0,94.6,,1.5,230.0,3.0
2024-07-04 00:00:00,43295099999,Bengaluru,NOAA,21.8,91.2,,2.6,230.0,3.0
2024-07-04 03:00:00,43295099999,Bengaluru,NOAA,22.4,89.6,,2.6,270.0,3.0
2024-07-04 06:00:00,43295099999,Bengaluru,NOAA,25.0,75.2,,3.1,270.0,
2024-07-04 09:00:00,43295099999,Bengaluru,NOAA,27.6,60.6,,3.1,270.0,
2024-07-04 12:00:00,43295099999,Bengaluru,NOAA,27.2,61.3,,4.1,230.0,
2024-07-04 15:00:00,43295099999,Bengaluru,NOAA,25.0,62.3,,3.1,250.0,
2024-07-04 18:00:00,43295099999,Bengaluru,NOAA,23.4,77.3,,2.6,250.0,
2024-07-04 21:00:00,43295099999,Bengaluru,NOAA,22.2,86.3,,3.1,230.0,
2024-07-05 00:00:00,43295099999,Bengaluru,NOAA,21.6,89.5,,3.1,230.0,
2024-07-05 03:00:00,43295099999,Bengaluru,NOAA,22.4,87.9,,2.1,230.0,
2024-07-05 06:00:00,43295099999,Bengaluru,NOAA,27.2,64.0,,4.6,230.0,
2024-07-05 09:00:00,43295099999,Bengaluru,NOAA,28.4,66.3,,2.1,230.0,
2024-07-05 12:00:00,43295099999,Bengaluru,NOAA,27.6,61.7,,3.1,230.0,
2024-07-05 15:00:00,43295099999,Bengaluru,NOAA,24.0,90.2,,3.1,230.0,2.0
2024-07-05 18:00:00,43295099999,Bengaluru,NOAA,22.4,92.9,,2.1,230.0,2.0
2024-07-05 21:00:00,43295099999,Bengaluru,NOAA,21.8,92.9,,2.1,230.0,2.0
2024-07-06 00:00:00,43295099999,Bengaluru,NOAA,21.0,94.6,,2.1,230.0,2.0
2024-07-06 03:00:00,43295099999,Bengaluru,NOAA,21.6,94.6,,2.6,230.0,2.0
2024-07-06 06:00:00,43295099999,Bengaluru,NOAA,24.0,83.9,,2.6,270.0,
2024-07-06 09:00:00,43295099999,Bengaluru,NOAA,27.4,65.2,,4.1,230.0,
2024-07-06 12:00:00,43295099999,Bengaluru,NOAA,26.8,61.2,,4.6,250.0,
2024-07-06 15:00:00,43295099999,Bengaluru,NOAA,24.4,76.0,,3.1,270.0,
2024-07-06 18:00:00,43295099999,Bengaluru,NOAA,23.4,81.7,,4.6,270.0,
2024-07-06 21:00:00,43295099999,Bengaluru,NOAA,23.2,83.2,,4.1,270.0,
2024-07-07 00:00:00,43295099999,Bengaluru,NOAA,21.4,91.2,,3.1,270.0,
2024-07-07 03:00:00,43295099999,Bengaluru,NOAA,22.4,89.6,,2.1,230.0,
2024-07-07 06:00:00,43295099999,Bengaluru,NOAA,25.4,73.9,,3.1,230.0,
2024-07-07 09:00:00,43295099999,Bengaluru,NOAA,27.4,60.2,,2.6,230.0,
2024-07-07 12:00:00,43295099999,Bengaluru,NOAA,23.8,78.8,,1.5,230.0,3.0
2024-07-07 15:00:00,43295099999,Bengaluru,NOAA,23.8,74.5,,1.5,270.0,3.0
2024-07-07 18:00:00,43295099999,Bengaluru,NOAA,22.2,86.3,,1.5,230.0,3.0
2024-07-07 21:00:00,43295099999,Bengaluru,NOAA,21.8,89.5,,2.6,270.0,3.0
2024-07-08 00:00:00,43295099999,Bengaluru,NOAA,21.2,77.5,,2.6,230.0,3.0
2024-07-08 03:00:00,43295099999,Bengaluru,NOAA,22.5,84.2,,2.1,230.0,
2024-07-08 06:00:00,43295099999,Bengaluru,NOAA,22.8,78.2,,3.1,230.0,
2024-07-08 09:00:00,43295099999,Bengaluru,NOAA,25.0,63.5,,2.1,230.0,
2024-07-08 12:00:00,43295099999,Bengaluru,NOAA,21.0,84.0,,4.1,270.0,16.0
2024-07-08 15:00:00,43295099999,Bengaluru,NOAA,21.0,87.8,,2.6,270.0,
2024-07-08 18:00:00,43295099999,Bengaluru,NOAA,21.0,89.5,,2.1,230.0,22.0
2024-07-08 21:00:00,43295099999,Bengaluru,NOAA,20.5,88.3,,2.6,230.0,
2024-07-09 00:00:00,43295099999,Bengaluru,NOAA,20.0,90.5,,2.1,230.0,22.0
2024-07-09 03:00:00,43295099999,Bengaluru,NOAA,21.0,84.0,,4.6,270.0,22.0
2024-07-09 06:00:00,43295099999,Bengaluru,NOAA,22.4,78.1,,4.1,270.0,
2024-07-09 09:00:00,43295099999,Bengaluru,NOAA,25.2,62.4,,2.6,270.0,
2024-07-09 12:00:00,43295099999,Bengaluru,NOAA,25.4,61.3,,1.5,230.0,
2024-07-09 15:00:00,43295099999,Bengaluru,NOAA,24.0,77.4,,1.5,270.0,
2024-07-09 18:00:00,43295099999,Bengaluru,NOAA,22.8,81.7,,1.0,270.0,
2024-07-09 21:00:00,43295099999,Bengaluru,NOAA,22.0,84.7,,2.1,230.0,
2024-07-10 00:00:00,43295099999,Bengaluru,NOAA,20.6,91.1,,2.1,230.0,
2024-07-10 03:00:00,43295099999,Bengaluru,NOAA,22.6,73.4,,1.5,270.0,
2024-07-10 06:00:00,43295099999,Bengaluru,NOAA,,,,,20.0,
2024-07-10 09:00:00,43295099999,Bengaluru,NOAA,29.2,66.8,,2.6,230.0,
2024-07-10 12:00:00,43295099999,Bengaluru,NOAA,25.4,72.5,,1.5,230.0,0.0
2024-07-10 15:00:00,43295099999,Bengaluru,NOAA,24.8,70.6,,2.6,270.0,0.0
2024-07-10 18:00:00,43295099999,Bengaluru,NOAA,24.0,74.6,,3.1,230.0,0.0
2024-07-10 21:00:00,43295099999,Bengaluru,NOAA,23.4,81.7,,1.5,320.0,0.0
2024-07-11 00:00:00,43295099999,Bengaluru,NOAA,22.4,84.7,,2.1,270.0,0.0
2024-07-11 03:00:00,43295099999,Bengaluru,NOAA,22.6,78.2,,1.0,230.0,0.0
2024-07-11 06:00:00,43295099999,Bengaluru,NOAA,27.4,54.1,,2.1,230.0,
2024-07-11 09:00:00,43295099999,Bengaluru,NOAA,28.2,59.6,,2.1,230.0,
2024-07-11 12:00:00,43295099999,Bengaluru,NOAA,27.2,61.3,,1.5,230.0,
2024-07-11 15:00:00,43295099999,Bengaluru,NOAA,26.0,57.6,,1.5,230.0,
2024-07-11 18:00:00,43295099999,Bengaluru,NOAA,24.6,67.6,,1.5,270.0,
2024-07-11 21:00:00,43295099999,Bengaluru,NOAA,23.0,80.2,,2.6,230.0,
2024-07-12 00:00:00,43295099999,Bengaluru,NOAA,22.0,83.1,,1.0,360.0,
2024-07-12 03:00:00,43295099999,Bengaluru,NOAA,22.4,83.2,,2.6,230.0,
2024-07-12 06:00:00,43295099999,Bengaluru,NOAA,26.5,53.9,,2.6,270.0,
2024-07-12 09:00:00,43295099999,Bengaluru,NOAA,30.2,49.6,,1.0,270.0,
2024-07-12 12:00:00,43295099999,Bengaluru,NOAA,25.0,75.2,,1.0,230.0,
2024-07-12 15:00:00,43295099999,Bengaluru,NOAA,21.4,87.8,,2.6,320.0,16.0
2024-07-12 18:00:00,43295099999,Bengaluru,NOAA,21.0,87.8,,3.1,270.0,16.0
2024-07-12 21:00:00,43295099999,Bengaluru,NOAA,20.4,89.4,,2.1,270.0,16.0
2024-07-13 00:00:00,43295099999,Bengaluru,NOAA,20.8,89.4,,2.6,270.0,16.0
2024-07-13 03:00:00,43295099999,Bengaluru,NOAA,22.2,86.3,,2.6,270.0,16.0
2024-07-13 06:00:00,43295099999,Bengaluru,NOAA,24.6,73.3,,3.1,270.0,
2024-07-13 09:00:00,43295099999,Bengaluru,NOAA,27.5,57.3,,2.6,270.0,
2024-07-13 12:00:00,43295099999,Bengaluru,NOAA,26.6,58.1,,2.6,230.0,
2024-07-13 15:00:00,43295099999,Bengaluru,NOAA,24.6,70.6,,2.6,230.0,
2024-07-13 18:00:00,43295099999,Bengaluru,NOAA,23.0,80.2,,2.6,230.0,
2024-07-13 21:00:00,43295099999,Bengaluru,NOAA,22.2,86.3,,2.1,230.0,
2024-07-14 00:00:00,43295099999,Bengaluru,NOAA,22.0,89.5,,2.6,270.0,
2024-07-14 03:00:00,43295099999,Bengaluru,NOAA,22.7,80.6,,2.1,230.0,
2024-07-14 06:00:00,43295099999,Bengaluru,NOAA,24.7,77.0,,2.6,290.0,
2024-07-14 09:00:00,43295099999,Bengaluru,NOAA,25.0,59.6,,3.1,270.0,0.0
2024-07-14 12:00:00,43295099999,Bengaluru,NOAA,23.0,75.3,,3.1,230.0,0.5
2024-07-14 15:00:00,43295099999,Bengaluru,NOAA,22.7,77.2,,2.1,230.0,
2024-07-14 18:00:00,43295099999,Bengaluru,NOAA,20.6,85.6,,2.1,230.0,2.0
2024-07-14 21:00:00,43295099999,Bengaluru,NOAA,20.6,89.4,,1.5,230.0,
2024-07-15 00:00:00,43295099999,Bengaluru,NOAA,20.5,90.5,,2.6,230.0,
2024-07-15 03:00:00,43295099999,Bengaluru,NOAA,20.8,85.6,,2.6,230.0,2.0
2024-07-15 06:00:00,43295099999,Bengaluru,NOAA,21.0,84.0,,2.6,230.0,0.0
2024-07-15 09:00:00,43295099999,Bengaluru,NOAA,22.4,86.3,,1.5,230.0,4.0
2024-07-15 12:00:00,43295099999,Bengaluru,NOAA,21.4,86.2,,1.0,230.0,9.0
2024-07-15 21:00:00,43295099999,Bengaluru,NOAA,20.6,94.6,,2.6,230.0,9.0
2024-07-16 00:00:00,43295099999,Bengaluru,NOAA,20.4,91.1,,1.5,270.0,9.0
2024-07-16 03:00:00,43295099999,Bengaluru,NOAA,20.6,92.8,,1.0,230.0,9.0
2024-07-16 06:00:00,43295099999,Bengaluru,NOAA,22.8,80.2,,2.6,230.0,0.0
2024-07-16 09:00:00,43295099999,Bengaluru,NOAA,24.4,76.0,,4.1,250.0,0.0
2024-07-16 12:00:00,43295099999,Bengaluru,NOAA,24.0,78.8,,2.1,230.0,0.1
2024-07-16 15:00:00,43295099999,Bengaluru,NOAA,22.6,78.2,,3.1,270.0,0.1
2024-07-16 18:00:00,43295099999,Bengaluru,NOAA,21.4,86.2,,1.5,230.0,0.2
2024-07-16 21:00:00,43295099999,Bengaluru,NOAA,20.8,84.0,,3.1,230.0,0.2
2024-07-17 00:00:00,43295099999,Bengaluru,NOAA,20.4,82.4,,0.0,,0.2
2024-07-17 03:00:00,43295099999,Bengaluru,NOAA,22.2,87.9,,2.6,230.0,0.2
2024-07-17 06:00:00,43295099999,Bengaluru,NOAA,24.6,74.7,,4.1,230.0,
2024-07-17 09:00:00,43295099999,Bengaluru,NOAA,26.6,67.5,,2.6,230.0,0.0
2024-07-17 12:00:00,43295099999,Bengaluru,NOAA,25.6,64.1,,2.6,270.0,0.0
2024-07-17 15:00:00,43295099999,Bengaluru,NOAA,23.2,81.7,,2.1,270.0,0.2
2024-07-17 18:00:00,43295099999,Bengaluru,NOAA,21.8,82.6,,2.1,270.0,0.2
2024-07-17 21:00:00,43295099999,Bengaluru,NOAA,21.2,87.8,,1.0,230.0,0.2
2024-07-18 00:00:00,43295099999,Bengaluru,NOAA,21.0,91.1,,2.6,230.0,0.2
2024-07-18 03:00:00,43295099999,Bengaluru,NOAA,22.4,86.3,1047.4,2.6,230.0,0.2
2024-07-18 06:00:00,43295099999,Bengaluru,NOAA,24.2,76.0,,1.5,230.0,0.0
2024-07-18 09:00:00,43295099999,Bengaluru,NOAA,22.0,81.1,,2.6,230.0,4.0
2024-07-18 12:00:00,43295099999,Bengaluru,NOAA,22.0,84.7,,2.6,230.0,5.0
2024-07-18 15:00:00,43295099999,Bengaluru,NOAA,21.2,87.8,,3.1,230.0,5.0
2024-07-18 18:00:00,43295099999,Bengaluru,NOAA,21.0,91.1,,4.1,230.0,5.0
2024-07-18 21:00:00,43295099999,Bengaluru,NOAA,20.8,92.9,,2.1,230.0,5.0
2024-07-19 00:00:00,43295099999,Bengaluru,NOAA,20.6,94.6,,3.1,250.0,5.0
2024-07-19 03:00:00,43295099999,Bengaluru,NOAA,20.4,87.2,,2.1,230.0,5.0
2024-07-19 06:00:00,43295099999,Bengaluru,NOAA,20.4,88.9,,2.1,230.0,2.0
2024-07-19 09:00:00,43295099999,Bengaluru,NOAA,22.0,89.5,,2.1,230.0,3.0
2024-07-19 12:00:00,43295099999,Bengaluru,NOAA,22.0,81.1,,2.6,230.0,
2024-07-19 15:00:00,43295099999,Bengaluru,NOAA,21.6,84.6,,2.6,270.0,3.0
2024-07-19 18:00:00,43295099999,Bengaluru,NOAA,20.8,85.6,,2.6,230.0,3.0
2024-07-19 21:00:00,43295099999,Bengaluru,NOAA,20.4,87.2,,2.6,230.0,3.0
2024-07-20 00:00:00,43295099999,Bengaluru,NOAA,20.0,87.2,,3.1,270.0,
2024-07-20 03:00:00,43295099999,Bengaluru,NOAA,21.4,89.5,,2.1,270.0,3.0
2024-07-20 06:00:00,43295099999,Bengaluru,NOAA,22.8,76.7,,2.6,270.0,0.0
2024-07-20 09:00:00,43295099999,Bengaluru,NOAA,26.0,64.5,,5.1,250.0,0.0
2024-07-20 12:00:00,43295099999,Bengaluru,NOAA,25.2,65.2,,4.6,230.0,0.0
2024-07-20 15:00:00,43295099999,Bengaluru,NOAA,23.0,73.9,,2.1,230.0,0.0
2024-07-20 18:00:00,43295099999,Bengaluru,NOAA,22.4,79.6,,1.5,230.0,0.0
2024-07-20 21:00:00,43295099999,Bengaluru,NOAA,21.0,85.6,,2.1,230.0,0.0
2024-07-21 00:00:00,43295099999,Bengaluru,NOAA,20.8,85.6,,2.6,230.0,
2024-07-21 03:00:00,43295099999,Bengaluru,NOAA,21.7,86.8,,2.6,230.0,
2024-07-21 06:00:00,43295099999,Bengaluru,NOAA,24.2,77.4,,5.1,230.0,
2024-07-21 09:00:00,43295099999,Bengaluru,NOAA,25.8,68.7,,2.1,230.0,
2024-07-21 12:00:00,43295099999,Bengaluru,NOAA,22.4,87.9,,2.6,230.0,5.0
2024-07-21 15:00:00,43295099999,Bengaluru,NOAA,22.8,80.2,,2.6,270.0,5.0
2024-07-21 18:00:00,43295099999,Bengaluru,NOAA,22.4,83.2,,2.6,270.0,5.0
2024-07-21 21:00:00,43295099999,Bengaluru,NOAA,21.8,87.9,,3.1,270.0,5.0
2024-07-22 00:00:00,43295099999,Bengaluru,NOAA,21.2,94.6,,2.6,270.0,5.0
2024-07-22 03:00:00,43295099999,Bengaluru,NOAA,20.2,100.0,,2.1,230.0,5.0
2024-07-22 06:00:00,43295099999,Bengaluru,NOAA,24.8,66.3,,3.1,270.0,
2024-07-22 09:00:00,43295099999,Bengaluru,NOAA,24.6,74.7,,4.1,270.0,0.2
2024-07-22 12:00:00,43295099999,Bengaluru,NOAA,25.0,66.4,,4.1,270.0,0.2
2024-07-22 15:00:00,43295099999,Bengaluru,NOAA,23.6,72.6,,2.6,270.0,0.2
2024-07-22 18:00:00,43295099999,Bengaluru,NOAA,22.2,81.6,,3.1,270.0,0.2
2024-07-22 21:00:00,43295099999,Bengaluru,NOAA,21.8,84.7,,2.6,270.0,0.2
2024-07-23 00:00:00,43295099999,Bengaluru,NOAA,21.4,91.2,,2.6,230.0,0.2
2024-07-23 03:00:00,43295099999,Bengaluru,NOAA,22.0,87.9,,1.5,230.0,0.2
2024-07-23 06:00:00,43295099999,Bengaluru,NOAA,23.4,86.4,,2.1,230.0,
2024-07-23 09:00:00,43295099999,Bengaluru,NOAA,26.6,66.3,,3.1,230.0,
2024-07-23 12:00:00,43295099999,Bengaluru,NOAA,25.6,71.2,,4.1,230.0,
2024-07-23 15:00:00,43295099999,Bengaluru,NOAA,24.0,72.7,,2.6,270.0,
2024-07-23 18:00:00,43295099999,Bengaluru,NOAA,22.2,84.7,,2.6,230.0,0.0
2024-07-23 21:00:00,43295099999,Bengaluru,NOAA,21.2,85.7,,2.1,270.0,1.0
2024-07-24 00:00:00,43295099999,Bengaluru,NOAA,20.8,91.1,,2.1,270.0,1.0
2024-07-24 03:00:00,43295099999,Bengaluru,NOAA,20.4,91.1,,2.6,270.0,1.0
2024-07-24 06:00:00,43295099999,Bengaluru,NOAA,23.2,75.4,,2.6,270.0,
2024-07-24 09:00:00,43295099999,Bengaluru,NOAA,23.8,81.8,,1.5,270.0,2.0
2024-07-24 12:00:00,43295099999,Bengaluru,NOAA,23.2,83.2,,2.6,270.0,2.0
2024-07-24 15:00:00,43295099999,Bengaluru,NOAA,22.4,87.9,,2.1,230.0,2.0
2024-07-24 18:00:00,43295099999,Bengaluru,NOAA,21.6,89.5,,2.6,230.0,2.0
2024-07-24 21:00:00,43295099999,Bengaluru,NOAA,20.8,92.9,,2.1,230.0,3.0
2024-07-25 00:00:00,43295099999,Bengaluru,NOAA,20.4,96.4,,2.6,230.0,4.0
2024-07-25 03:00:00,43295099999,Bengaluru,NOAA,21.0,91.1,,2.6,270.0,4.0
2024-07-25 06:00:00,43295099999,Bengaluru,NOAA,23.8,81.8,,3.1,270.0,
2024-07-25 09:00:00,43295099999,Bengaluru,NOAA,25.6,81.0,,3.1,270.0,0.0
2024-07-25 12:00:00,43295099999,Bengaluru,NOAA,23.0,84.8,,2.6,270.0,0.5
2024-07-25 15:00:00,43295099999,Bengaluru,NOAA,22.0,92.9,,3.1,230.0,0.5
2024-07-25 18:00:00,43295099999,Bengaluru,NOAA,22.0,89.5,,2.6,230.0,0.5
2024-07-25 21:00:00,43295099999,Bengaluru,NOAA,21.6,91.2,,2.6,270.0,0.5
2024-07-26 00:00:00,43295099999,Bengaluru,NOAA,21.6,91.2,,2.6,270.0,0.5
2024-07-26 03:00:00,43295099999,Bengaluru,NOAA,23.0,81.7,,2.6,270.0,0.5
2024-07-26 06:00:00,43295099999,Bengaluru,NOAA,24.2,83.9,,2.1,230.0,
2024-07-26 09:00:00,43295099999,Bengaluru,NOAA,26.0,71.3,,2.6,270.0,
2024-07-26 12:00:00,43295099999,Bengaluru,NOAA,24.4,79.4,,2.1,270.0,0.0
2024-07-26 15:00:00,43295099999,Bengaluru,NOAA,22.2,91.2,,2.6,270.0,0.9
2024-07-26 18:00:00,43295099999,Bengaluru,NOAA,21.8,91.2,,2.6,270.0,0.9
2024-07-26 21:00:00,43295099999,Bengaluru,NOAA,20.8,91.1,,1.5,270.0,2.0
2024-07-27 00:00:00,43295099999,Bengaluru,NOAA,20.8,92.9,,2.6,270.0,2.0
2024-07-27 03:00:00,43295099999,Bengaluru,NOAA,22.2,86.3,,3.1,270.0,2.0
2024-07-27 06:00:00,43295099999,Bengaluru,NOAA,24.8,76.6,,4.1,270.0,
2024-07-27 09:00:00,43295099999,Bengaluru,NOAA,27.4,57.6,,2.6,270.0,
2024-07-27 12:00:00,43295099999,Bengaluru,NOAA,26.0,59.1,,2.6,270.0,
2024-07-27 15:00:00,43295099999,Bengaluru,NOAA,23.6,66.9,,2.6,230.0,
2024-07-27 18:00:00,43295099999,Bengaluru,NOAA,22.6,79.6,,3.1,270.0,
2024-07-27 21:00:00,43295099999,Bengaluru,NOAA,21.8,82.6,,3.1,270.0,
2024-07-28 00:00:00,43295099999,Bengaluru,NOAA,21.6,82.5,,2.6,270.0,
2024-07-28 03:00:00,43295099999,Bengaluru,NOAA,22.4,87.9,,2.1,270.0,
2024-07-28 06:00:00,43295099999,Bengaluru,NOAA,22.4,87.9,,2.1,270.0,
2024-07-28 09:00:00,43295099999,Bengaluru,NOAA,25.2,76.6,,2.6,270.0,0.0
2024-07-28 12:00:00,43295099999,Bengaluru,NOAA,24.4,76.0,,3.1,270.0,0.0
2024-07-28 15:00:00,43295099999,Bengaluru,NOAA,23.2,88.0,,3.1,270.0,0.0
2024-07-28 18:00:00,43295099999,Bengaluru,NOAA,22.4,86.3,,4.1,270.0,0.0
2024-07-28 21:00:00,43295099999,Bengaluru,NOAA,21.2,86.2,,3.1,270.0,0.0
2024-07-29 00:00:00,43295099999,Bengaluru,NOAA,21.2,91.2,,3.1,270.0,0.0
2024-07-29 03:00:00,43295099999,Bengaluru,NOAA,21.4,86.2,,2.1,230.0,0.0
2024-07-29 06:00:00,43295099999,Bengaluru,NOAA,25.4,73.9,,2.1,270.0,
2024-07-29 09:00:00,43295099999,Bengaluru,NOAA,27.6,65.7,,2.6,230.0,
2024-07-29 12:00:00,43295099999,Bengaluru,NOAA,26.4,71.4,,2.6,230.0,0.0
2024-07-29 15:00:00,43295099999,Bengaluru,NOAA,24.6,78.0,,2.1,270.0,0.0
2024-07-29 18:00:00,43295099999,Bengaluru,NOAA,23.4,84.8,,2.6,270.0,0.0
2024-07-29 21:00:00,43295099999,Bengaluru,NOAA,22.0,87.9,,2.1,270.0,0.5
2024-07-30 03:00:00,43295099999,Bengaluru,NOAA,21.4,87.8,,2.6,230.0,1.0
2024-07-30 06:00:00,43295099999,Bengaluru,NOAA,22.4,87.9,,2.1,230.0,0.0
2024-07-30 09:00:00,43295099999,Bengaluru,NOAA,25.6,71.2,,2.6,230.0,0.0
2024-07-30 12:00:00,43295099999,Bengaluru,NOAA,22.0,89.5,,5.1,230.0,4.0
2024-07-30 15:00:00,43295099999,Bengaluru,NOAA,21.4,89.5,,4.1,230.0,6.0
2024-07-30 18:00:00,43295099999,Bengaluru,NOAA,21.0,91.1,,4.1,230.0,6.0
2024-07-30 21:00:00,43295099999,Bengaluru,NOAA,21.0,89.5,,3.1,230.0,6.0
2024-07-31 00:00:00,43295099999,Bengaluru,NOAA,20.4,91.1,,2.1,230.0,6.0
2024-07-31 03:00:00,43295099999,Bengaluru,NOAA,21.2,91.2,,2.1,230.0,6.0
2024-07-31 06:00:00,43295099999,Bengaluru,NOAA,24.0,82.3,,2.6,230.0,
2024-07-31 09:00:00,43295099999,Bengaluru,NOAA,26.2,74.0,,2.1,270.0,
2024-07-31 12:00:00,43295099999,Bengaluru,NOAA,25.8,71.3,,2.6,270.0,
2024-07-31 15:00:00,43295099999,Bengaluru,NOAA,21.0,92.9,,2.1,230.0,22.0
2024-07-31 18:00:00,43295099999,Bengaluru,NOAA,20.8,92.9,,2.6,230.0,28.0
2024-08-01 00:00:00,43295099999,Bengaluru,NOAA,20.4,91.1,,1.5,230.0,28.0
2024-08-01 03:00:00,43295099999,Bengaluru,NOAA,20.8,94.6,,2.6,270.0,28.0
2024-08-01 06:00:00,43295099999,Bengaluru,NOAA,23.8,80.3,,1.5,270.0,0.0
2024-08-01 09:00:00,43295099999,Bengaluru,NOAA,25.0,73.3,,2.6,230.0,0.0
2024-08-01 12:00:00,43295099999,Bengaluru,NOAA,25.4,73.9,,3.1,230.0,0.0
2024-08-01 15:00:00,43295099999,Bengaluru,NOAA,23.4,89.6,,2.1,230.0,0.5
2024-08-01 18:00:00,43295099999,Bengaluru,NOAA,21.8,89.5,,2.6,230.0,0.5
2024-08-02 00:00:00,43295099999,Bengaluru,NOAA,20.8,94.6,,2.1,270.0,3.0
2024-08-02 03:00:00,43295099999,Bengaluru,NOAA,21.0,89.5,,2.1,270.0,3.0
2024-08-02 06:00:00,43295099999,Bengaluru,NOAA,24.4,79.4,,2.6,230.0,
2024-08-02 09:00:00,43295099999,Bengaluru,NOAA,26.6,75.9,,2.1,270.0,
2024-08-02 12:00:00,43295099999,Bengaluru,NOAA,23.8,87.0,,2.6,270.0,0.0
2024-08-02 15:00:00,43295099999,Bengaluru,NOAA,23.6,83.3,,2.1,270.0,0.0
2024-08-02 18:00:00,43295099999,Bengaluru,NOAA,21.8,91.2,,3.1,270.0,0.0
2024-08-03 00:00:00,43295099999,Bengaluru,NOAA,20.4,94.6,,2.6,270.0,0.0
2024-08-03 03:00:00,43295099999,Bengaluru,NOAA,21.0,92.9,,2.6,270.0,0.0
2024-08-03 06:00:00,43295099999,Bengaluru,NOAA,24.0,83.9,,2.1,230.0,
2024-08-03 09:00:00,43295099999,Bengaluru,NOAA,26.0,75.3,,2.6,230.0,
2024-08-03 12:00:00,43295099999,Bengaluru,NOAA,25.8,75.3,,2.6,230.0,
2024-08-03 15:00:00,43295099999,Bengaluru,NOAA,24.0,76.0,,2.6,230.0,
2024-08-03 18:00:00,43295099999,Bengaluru,NOAA,22.0,84.7,,2.1,230.0,
2024-08-03 21:00:00,43295099999,Bengaluru,NOAA,21.4,86.2,,2.6,230.0,
2024-08-04 00:00:00,43295099999,Bengaluru,NOAA,20.4,85.6,,2.1,230.0,0.0
2024-08-04 03:00:00,43295099999,Bengaluru,NOAA,22.2,86.3,,2.6,230.0,0.0
2024-08-04 06:00:00,43295099999,Bengaluru,NOAA,25.2,73.8,,3.1,230.0,
2024-08-04 09:00:00,43295099999,Bengaluru,NOAA,27.4,56.5,,2.6,230.0,
2024-08-04 12:00:00,43295099999,Bengaluru,NOAA,26.6,57.1,,2.6,270.0,
2024-08-04 15:00:00,43295099999,Bengaluru,NOAA,25.0,65.1,,2.1,230.0,
2024-08-04 18:00:00,43295099999,Bengaluru,NOAA,23.6,75.9,,2.1,270.0,
2024-08-04 21:00:00,43295099999,Bengaluru,NOAA,22.0,84.7,,1.5,230.0,
2024-08-05 00:00:00,43295099999,Bengaluru,NOAA,21.4,87.8,,1.5,230.0,
2024-08-05 03:00:00,43295099999,Bengaluru,NOAA,22.0,89.5,,2.1,270.0,
2024-08-05 06:00:00,43295099999,Bengaluru,NOAA,25.0,75.2,,2.1,270.0,
2024-08-05 09:00:00,43295099999,Bengaluru,NOAA,28.4,56.1,,2.6,270.0,
2024-08-05 12:00:00,43295099999,Bengaluru,NOAA,27.0,57.5,,2.1,320.0,0.6
2024-08-05 15:00:00,43295099999,Bengaluru,NOAA,23.0,93.0,,0.0,,3.0
2024-08-05 18:00:00,43295099999,Bengaluru,NOAA,21.2,92.9,,2.1,290.0,38.0
2024-08-05 21:00:00,43295099999,Bengaluru,NOAA,21.0,92.9,,1.5,270.0,40.0
2024-08-06 00:00:00,43295099999,Bengaluru,NOAA,21.0,92.9,,1.5,270.0,40.0
2024-08-06 03:00:00,43295099999,Bengaluru,NOAA,21.0,85.6,,2.1,270.0,40.0
2024-08-06 06:00:00,43295099999,Bengaluru,NOAA,23.6,77.3,,2.1,230.0,
2024-08-06 09:00:00,43295099999,Bengaluru,NOAA,27.6,68.2,,2.1,230.0,
2024-08-06 12:00:00,43295099999,Bengaluru,NOAA,22.8,84.8,,1.5,230.0,0.3
2024-08-06 15:00:00,43295099999,Bengaluru,NOAA,21.6,89.5,,2.1,270.0,0.7
2024-08-06 18:00:00,43295099999,Bengaluru,NOAA,20.8,91.1,,2.1,270.0,1.0
2024-08-06 21:00:00,43295099999,Bengaluru,NOAA,20.6,92.8,,1.0,270.0,2.0
2024-08-07 00:00:00,43295099999,Bengaluru,NOAA,20.4,92.8,,1.0,270.0,2.0
2024-08-07 03:00:00,43295099999,Bengaluru,NOAA,21.8,84.7,,1.5,270.0,2.0
2024-08-07 06:00:00,43295099999,Bengaluru,NOAA,23.6,77.8,,1.5,230.0,
2024-08-07 09:00:00,43295099999,Bengaluru,NOAA,25.2,73.8,,1.5,230.0,
2024-08-07 12:00:00,43295099999,Bengaluru,NOAA,24.8,76.6,,2.1,270.0,
2024-08-07 15:00:00,43295099999,Bengaluru,NOAA,22.4,83.2,,1.5,270.0,6.0
2024-08-07 18:00:00,43295099999,Bengaluru,NOAA,22.0,86.3,,1.5,270.0,6.0
2024-08-07 21:00:00,43295099999,Bengaluru,NOAA,21.4,86.2,,1.5,270.0,6.0
2024-08-08 00:00:00,43295099999,Bengaluru,NOAA,21.0,85.6,,1.0,320.0,6.0
2024-08-08 03:00:00,43295099999,Bengaluru,NOAA,22.2,86.3,,1.5,290.0,6.0
2024-08-08 06:00:00,43295099999,Bengaluru,NOAA,25.0,72.0,,2.6,270.0,
2024-08-08 09:00:00,43295099999,Bengaluru,NOAA,26.2,58.0,,2.1,270.0,
2024-08-08 12:00:00,43295099999,Bengaluru,NOAA,25.2,72.0,,2.1,270.0,
2024-08-08 15:00:00,43295099999,Bengaluru,NOAA,24.0,77.4,,2.1,270.0,
2024-08-08 18:00:00,43295099999,Bengaluru,NOAA,22.4,83.2,,4.6,270.0,
2024-08-08 21:00:00,43295099999,Bengaluru,NOAA,21.4,84.1,,2.1,270.0,
2024-08-09 00:00:00,43295099999,Bengaluru,NOAA,21.0,85.6,,2.1,230.0,
2024-08-09 03:00:00,43295099999,Bengaluru,NOAA,21.0,84.0,,2.1,270.0,
2024-08-09 06:00:00,43295099999,Bengaluru,NOAA,25.0,70.7,,1.5,320.0,
2024-08-09 09:00:00,43295099999,Bengaluru,NOAA,27.0,56.1,,1.5,320.0,
2024-08-09 12:00:00,43295099999,Bengaluru,NOAA,27.4,55.1,,1.5,320.0,
2024-08-09 15:00:00,43295099999,Bengaluru,NOAA,25.0,76.6,,1.5,320.0,
2024-08-09 18:00:00,43295099999,Bengaluru,NOAA,24.0,83.9,,1.5,270.0,
2024-08-10 00:00:00,43295099999,Bengaluru,NOAA,21.8,92.9,,1.5,230.0,3.0
2024-08-10 03:00:00,43295099999,Bengaluru,NOAA,21.6,86.2,,2.6,320.0,4.0
2024-08-10 06:00:00,43295099999,Bengaluru,NOAA,23.4,80.2,,1.5,230.0,0.0
2024-08-10 09:00:00,43295099999,Bengaluru,NOAA,26.4,70.1,,1.5,270.0,0.0
2024-08-10 12:00:00,43295099999,Bengaluru,NOAA,26.2,75.8,,0.0,,0.3
2024-08-10 15:00:00,43295099999,Bengaluru,NOAA,24.8,73.3,,0.0,,0.3
2024-08-10 18:00:00,43295099999,Bengaluru,NOAA,23.8,83.8,,0.0,,0.3
2024-08-10 21:00:00,43295099999,Bengaluru,NOAA,22.4,87.9,,0.0,,0.3
2024-08-11 00:00:00,43295099999,Bengaluru,NOAA,22.2,89.6,,0.0,,0.5
2024-08-11 03:00:00,43295099999,Bengaluru,NOAA,23.4,81.7,,1.5,320.0,0.5
2024-08-11 06:00:00,43295099999,Bengaluru,NOAA,26.4,64.6,,1.5,320.0,
2024-08-11 09:00:00,43295099999,Bengaluru,NOAA,29.8,51.7,,2.1,320.0,
2024-08-11 12:00:00,43295099999,Bengaluru,NOAA,27.6,60.6,,2.1,320.0,
2024-08-11 15:00:00,43295099999,Bengaluru,NOAA,25.8,69.5,,2.6,320.0,
2024-08-11 18:00:00,43295099999,Bengaluru,NOAA,25.0,73.3,,1.0,320.0,
2024-08-12 21:00:00,43295099999,Bengaluru,NOAA,22.8,90.7,,0.0,,0.5
2024-08-13 00:00:00,43295099999,Bengaluru,NOAA,23.2,84.8,,0.0,,0.8
2024-08-13 03:00:00,43295099999,Bengaluru,NOAA,24.0,85.4,,1.0,270.0,0.8
2024-08-13 06:00:00,43295099999,Bengaluru,NOAA,28.6,56.5,,1.0,270.0,
2024-08-13 09:00:00,43295099999,Bengaluru,NOAA,29.0,48.4,,1.5,320.0,
2024-08-13 12:00:00,43295099999,Bengaluru,NOAA,28.6,,,1.5,90.0,
2024-08-13 15:00:00,43295099999,Bengaluru,NOAA,26.4,74.5,,1.5,90.0,
2024-08-13 18:00:00,43295099999,Bengaluru,NOAA,25.0,84.0,,1.5,90.0,
2024-08-13 21:00:00,43295099999,Bengaluru,NOAA,23.4,92.4,,2.6,160.0,
2024-08-14 00:00:00,43295099999,Bengaluru,NOAA,23.4,88.0,,0.0,,
2024-08-14 03:00:00,43295099999,Bengaluru,NOAA,23.6,85.4,,0.0,,
2024-08-14 06:00:00,43295099999,Bengaluru,NOAA,27.6,64.1,,1.0,50.0,
2024-08-14 09:00:00,43295099999,Bengaluru,NOAA,30.8,53.6,,1.5,50.0,
2024-08-14 12:00:00,43295099999,Bengaluru,NOAA,29.4,52.3,,1.5,140.0,
2024-08-14 15:00:00,43295099999,Bengaluru,NOAA,26.8,67.6,,1.0,140.0,
2024-08-14 18:00:00,43295099999,Bengaluru,NOAA,25.2,87.1,,1.5,140.0,
2024-08-14 21:00:00,43295099999,Bengaluru,NOAA,24.4,88.6,,1.5,90.0,
2024-08-15 00:00:00,43295099999,Bengaluru,NOAA,23.8,90.2,,1.0,140.0,
2024-08-15 03:00:00,43295099999,Bengaluru,NOAA,25.4,81.0,,1.5,230.0,
2024-08-15 06:00:00,43295099999,Bengaluru,NOAA,26.6,75.9,,1.5,230.0,0.0
2024-08-15 09:00:00,43295099999,Bengaluru,NOAA,28.8,57.6,,1.0,,0.0
2024-08-15 12:00:00,43295099999,Bengaluru,NOAA,27.2,76.0,,1.0,,0.1
2024-08-15 15:00:00,43295099999,Bengaluru,NOAA,25.2,82.5,,0.0,,0.1
2024-08-15 18:00:00,43295099999,Bengaluru,NOAA,25.0,84.0,,0.0,,0.1
2024-08-15 21:00:00,43295099999,Bengaluru,NOAA,25.0,84.0,,0.0,,0.1
2024-08-16 00:00:00,43295099999,Bengaluru,NOAA,24.0,85.4,,1.0,180.0,0.1
2024-08-16 03:00:00,43295099999,Bengaluru,NOAA,24.6,87.0,,1.0,,0.1
2024-08-16 06:00:00,43295099999,Bengaluru,NOAA,27.8,75.2,,1.0,,
2024-08-16 09:00:00,43295099999,Bengaluru,NOAA,30.4,61.2,,1.0,,
2024-08-16 12:00:00,43295099999,Bengaluru,NOAA,25.0,90.3,,1.0,,4.0
2024-08-16 15:00:00,43295099999,Bengaluru,NOAA,23.8,88.6,,0.0,,13.0
2024-08-16 18:00:00,43295099999,Bengaluru,NOAA,23.6,88.0,,0.0,,13.0
2024-08-16 21:00:00,43295099999,Bengaluru,NOAA,23.6,91.3,,1.0,,13.0
2024-08-17 00:00:00,43295099999,Bengaluru,NOAA,23.2,91.3,,0.0,,13.0
2024-08-17 03:00:00,43295099999,Bengaluru,NOAA,25.0,87.1,,1.0,,13.0
2024-08-17 06:00:00,43295099999,Bengaluru,NOAA,27.6,69.4,,1.0,,
2024-08-17 09:00:00,43295099999,Bengaluru,NOAA,28.6,54.1,,0.0,,
2024-08-17 12:00:00,43295099999,Bengaluru,NOAA,28.0,55.6,,1.0,90.0,
2024-08-17 15:00:00,43295099999,Bengaluru,NOAA,26.2,74.0,,0.0,,
2024-08-17 18:00:00,43295099999,Bengaluru,NOAA,24.4,82.4,,1.5,230.0,
2024-08-17 21:00:00,43295099999,Bengaluru,NOAA,23.6,85.4,,1.0,230.0,
2024-08-18 00:00:00,43295099999,Bengaluru,NOAA,22.7,85.3,,1.5,230.0,
2024-08-18 03:00:00,43295099999,Bengaluru,NOAA,23.4,81.7,,1.0,230.0,
2024-08-18 06:00:00,43295099999,Bengaluru,NOAA,27.0,70.6,,1.0,230.0,
2024-08-18 09:00:00,43295099999,Bengaluru,NOAA,28.4,63.5,,1.0,320.0,0.0
2024-08-18 12:00:00,43295099999,Bengaluru,NOAA,25.0,84.0,,1.5,50.0,
2024-08-18 15:00:00,43295099999,Bengaluru,NOAA,23.8,85.4,,1.0,50.0,0.5
2024-08-18 18:00:00,43295099999,Bengaluru,NOAA,23.0,89.6,,0.0,,
2024-08-18 21:00:00,43295099999,Bengaluru,NOAA,22.4,91.2,,0.0,,0.5
2024-08-19 00:00:00,43295099999,Bengaluru,NOAA,22.6,89.6,,0.0,,0.5
2024-08-19 03:00:00,43295099999,Bengaluru,NOAA,24.2,87.0,,0.0,,0.5
2024-08-19 06:00:00,43295099999,Bengaluru,NOAA,26.0,80.1,,0.0,,
2024-08-19 09:00:00,43295099999,Bengaluru,NOAA,29.8,56.1,,1.0,,
2024-08-19 12:00:00,43295099999,Bengaluru,NOAA,25.2,87.1,,0.0,,4.0
2024-08-19 15:00:00,43295099999,Bengaluru,NOAA,24.4,87.0,,1.0,230.0,4.0
2024-08-19 18:00:00,43295099999,Bengaluru,NOAA,22.8,88.0,,1.5,230.0,5.0
2024-08-19 21:00:00,43295099999,Bengaluru,NOAA,22.0,87.9,,1.5,230.0,5.0
2024-08-20 00:00:00,43295099999,Bengaluru,NOAA,22.0,87.9,,1.0,230.0,
2024-08-20 03:00:00,43295099999,Bengaluru,NOAA,24.5,86.5,,0.0,,
2024-08-20 06:00:00,43295099999,Bengaluru,NOAA,27.6,65.7,,0.0,,
2024-08-20 09:00:00,43295099999,Bengaluru,NOAA,28.4,59.7,,0.0,,
2024-08-20 12:00:00,43295099999,Bengaluru,NOAA,24.6,87.0,,1.0,,10.0
2024-08-20 15:00:00,43295099999,Bengaluru,NOAA,23.4,86.4,,1.0,,13.0
2024-08-20 18:00:00,43295099999,Bengaluru,NOAA,23.0,88.0,,0.0,,17.0
2024-08-20 21:00:00,43295099999,Bengaluru,NOAA,22.8,93.0,,0.0,,19.0
2024-08-21 00:00:00,43295099999,Bengaluru,NOAA,22.4,92.9,,1.0,,20.0
2024-08-21 03:00:00,43295099999,Bengaluru,NOAA,22.6,87.9,,1.5,230.0,20.0
2024-08-21 06:00:00,43295099999,Bengaluru,NOAA,27.2,71.9,,1.0,180.0,
2024-08-21 09:00:00,43295099999,Bengaluru,NOAA,26.4,60.7,,1.5,180.0,0.2
2024-08-21 12:00:00,43295099999,Bengaluru,NOAA,26.4,65.8,,2.6,230.0,0.2
2024-08-21 15:00:00,43295099999,Bengaluru,NOAA,23.2,75.4,,3.1,230.0,0.2
2024-08-21 18:00:00,43295099999,Bengaluru,NOAA,22.0,83.1,,3.1,230.0,0.2
2024-08-21 21:00:00,43295099999,Bengaluru,NOAA,21.4,84.1,,3.1,230.0,0.2
2024-08-22 00:00:00,43295099999,Bengaluru,NOAA,20.6,87.2,,2.6,230.0,0.2
2024-08-22 03:00:00,43295099999,Bengaluru,NOAA,22.6,83.2,,2.6,230.0,0.2
2024-08-22 06:00:00,43295099999,Bengaluru,NOAA,26.0,64.5,,4.6,230.0,
2024-08-22 09:00:00,43295099999,Bengaluru,NOAA,27.6,55.5,,2.6,230.0,
2024-08-22 12:00:00,43295099999,Bengaluru,NOAA,27.6,56.6,,1.5,270.0,
2024-08-22 15:00:00,43295099999,Bengaluru,NOAA,25.8,64.1,,2.6,230.0,
2024-08-22 18:00:00,43295099999,Bengaluru,NOAA,24.4,76.0,,2.1,230.0,
2024-08-22 21:00:00,43295099999,Bengaluru,NOAA,22.5,85.8,,2.6,230.0,
2024-08-23 00:00:00,43295099999,Bengaluru,NOAA,22.0,86.3,,2.1,230.0,
2024-08-23 03:00:00,43295099999,Bengaluru,NOAA,23.2,84.8,,1.0,,
2024-08-23 06:00:00,43295099999,Bengaluru,NOAA,26.8,63.5,,2.1,230.0,
2024-08-23 09:00:00,43295099999,Bengaluru,NOAA,28.4,55.0,,4.1,230.0,
2024-08-23 12:00:00,43295099999,Bengaluru,NOAA,27.6,58.0,,2.6,230.0,
2024-08-23 15:00:00,43295099999,Bengaluru,NOAA,26.0,62.9,,2.1,230.0,
2024-08-23 18:00:00,43295099999,Bengaluru,NOAA,24.0,76.0,,2.1,230.0,
2024-08-23 21:00:00,43295099999,Bengaluru,NOAA,22.4,84.7,,2.6,230.0,
2024-08-24 00:00:00,43295099999,Bengaluru,NOAA,21.4,86.2,,2.6,230.0,
2024-08-24 03:00:00,43295099999,Bengaluru,NOAA,22.2,84.7,,3.1,230.0,
2024-08-24 06:00:00,43295099999,Bengaluru,NOAA,26.2,60.7,,3.1,230.0,
2024-08-24 09:00:00,43295099999,Bengaluru,NOAA,28.0,53.2,,3.1,230.0,
2024-08-24 12:00:00,43295099999,Bengaluru,NOAA,26.4,59.6,,3.1,230.0,
2024-08-24 15:00:00,43295099999,Bengaluru,NOAA,24.0,65.8,,3.1,230.0,
2024-08-24 18:00:00,43295099999,Bengaluru,NOAA,22.8,78.2,,3.1,270.0,
2024-08-24 21:00:00,43295099999,Bengaluru,NOAA,22.4,83.2,,2.6,270.0,
2024-08-25 00:00:00,43295099999,Bengaluru,NOAA,21.4,89.5,,3.1,230.0,
2024-08-25 03:00:00,43295099999,Bengaluru,NOAA,21.6,87.9,,2.1,230.0,
2024-08-25 06:00:00,43295099999,Bengaluru,NOAA,24.2,76.0,,2.6,230.0,
2024-08-25 09:00:00,43295099999,Bengaluru,NOAA,26.4,57.0,,4.1,270.0,
2024-08-25 12:00:00,43295099999,Bengaluru,NOAA,26.0,55.1,,4.1,270.0,
2024-08-25 15:00:00,43295099999,Bengaluru,NOAA,24.0,64.1,,3.1,230.0,
2024-08-25 18:00:00,43295099999,Bengaluru,NOAA,22.2,84.7,,2.1,230.0,
2024-08-25 21:00:00,43295099999,Bengaluru,NOAA,21.2,86.2,,2.1,230.0,
2024-08-26 00:00:00,43295099999,Bengaluru,NOAA,20.8,85.6,,3.1,230.0,
2024-08-26 03:00:00,43295099999,Bengaluru,NOAA,22.0,84.7,,4.1,230.0,
2024-08-26 06:00:00,43295099999,Bengaluru,NOAA,26.4,55.6,,4.1,270.0,
2024-08-26 09:00:00,43295099999,Bengaluru,NOAA,27.8,49.6,,4.1,270.0,
2024-08-26 12:00:00,43295099999,Bengaluru,NOAA,26.0,60.2,,3.1,270.0,
2024-08-26 15:00:00,43295099999,Bengaluru,NOAA,24.4,64.6,,4.1,230.0,
2024-08-26 18:00:00,43295099999,Bengaluru,NOAA,23.0,76.8,,4.1,230.0,
2024-08-26 21:00:00,43295099999,Bengaluru,NOAA,22.0,84.7,,3.1,230.0,
2024-08-27 00:00:00,43295099999,Bengaluru,NOAA,21.4,84.1,,4.1,270.0,
2024-08-27 03:00:00,43295099999,Bengaluru,NOAA,22.2,81.1,,2.1,270.0,
2024-08-27 06:00:00,43295099999,Bengaluru,NOAA,24.6,68.8,,2.1,270.0,
2024-08-27 09:00:00,43295099999,Bengaluru,NOAA,27.4,54.1,,2.6,270.0,
2024-08-27 12:00:00,43295099999,Bengaluru,NOAA,26.8,54.6,,2.6,270.0,
2024-08-27 15:00:00,43295099999,Bengaluru,NOAA,23.8,71.3,,2.1,270.0,
2024-08-27 18:00:00,43295099999,Bengaluru,NOAA,23.2,74.0,,2.1,230.0,
2024-08-27 21:00:00,43295099999,Bengaluru,NOAA,22.0,83.1,,1.5,230.0,
2024-08-28 00:00:00,43295099999,Bengaluru,NOAA,21.2,84.1,,2.6,230.0,
2024-08-28 03:00:00,43295099999,Bengaluru,NOAA,22.4,81.6,,2.1,230.0,
2024-08-28 06:00:00,43295099999,Bengaluru,NOAA,25.8,59.1,,4.1,270.0,
2024-08-28 09:00:00,43295099999,Bengaluru,NOAA,25.8,60.2,,3.1,270.0,
2024-08-28 12:00:00,43295099999,Bengaluru,NOAA,24.6,67.6,,2.1,230.0,
2024-08-28 15:00:00,43295099999,Bengaluru,NOAA,23.6,72.6,,2.6,270.0,0.0
2024-08-28 18:00:00,43295099999,Bengaluru,NOAA,22.6,78.2,,2.1,230.0,0.0
2024-08-28 21:00:00,43295099999,Bengaluru,NOAA,21.6,82.5,,2.1,230.0,0.0
2024-08-29 00:00:00,43295099999,Bengaluru,NOAA,21.2,85.7,,2.6,230.0,0.0
2024-08-29 03:00:00,43295099999,Bengaluru,NOAA,22.2,84.7,,2.1,230.0,0.0
2024-08-29 06:00:00,43295099999,Bengaluru,NOAA,24.4,73.2,,4.1,270.0,
2024-08-29 09:00:00,43295099999,Bengaluru,NOAA,25.4,75.2,,2.1,270.0,0.0
2024-08-29 12:00:00,43295099999,Bengaluru,NOAA,21.2,86.2,,2.6,270.0,27.0
2024-08-29 15:00:00,43295099999,Bengaluru,NOAA,21.2,86.2,,2.1,230.0,27.0
2024-08-29 18:00:00,43295099999,Bengaluru,NOAA,20.6,87.2,,2.1,230.0,27.0
2024-08-29 21:00:00,43295099999,Bengaluru,NOAA,20.4,89.4,,1.5,230.0,27.0
2024-08-30 00:00:00,43295099999,Bengaluru,NOAA,20.4,89.4,,2.1,230.0,27.0
2024-08-30 03:00:00,43295099999,Bengaluru,NOAA,22.0,83.1,,2.1,270.0,27.0
2024-08-30 06:00:00,43295099999,Bengaluru,NOAA,25.0,70.7,,2.1,270.0,
2024-08-30 09:00:00,43295099999,Bengaluru,NOAA,25.4,75.2,,2.1,270.0,0.0
2024-08-30 12:00:00,43295099999,Bengaluru,NOAA,23.6,77.3,,4.1,270.0,2.0
2024-08-30 15:00:00,43295099999,Bengaluru,NOAA,21.2,84.1,,1.5,230.0,7.0
2024-08-30 18:00:00,43295099999,Bengaluru,NOAA,21.2,84.1,,2.1,270.0,7.0
2024-08-30 21:00:00,43295099999,Bengaluru,NOAA,21.0,84.0,,2.1,230.0,7.0
2024-08-31 00:00:00,43295099999,Bengaluru,NOAA,21.0,84.0,,2.1,270.0,7.0
2024-08-31 03:00:00,43295099999,Bengaluru,NOAA,21.8,84.7,,2.1,230.0,7.0
2024-08-31 06:00:00,43295099999,Bengaluru,NOAA,23.6,77.3,,2.1,270.0,
2024-08-31 09:00:00,43295099999,Bengaluru,NOAA,25.2,73.8,,2.1,270.0,
2024-08-31 12:00:00,43295099999,Bengaluru,NOAA,24.6,71.9,,1.5,230.0,
2024-08-31 15:00:00,43295099999,Bengaluru,NOAA,23.0,78.7,,1.5,270.0,
2024-08-31 18:00:00,43295099999,Bengaluru,NOAA,22.0,84.7,,2.1,270.0,
2024-08-31 21:00:00,43295099999,Bengaluru,NOAA,22.0,84.7,,2.1,270.0,
2024-09-01 00:00:00,43295099999,Bengaluru,NOAA,21.4,86.2,,2.1,270.0,
2024-09-01 03:00:00,43295099999,Bengaluru,NOAA,21.8,84.7,,2.1,270.0,
2024-09-01 06:00:00,43295099999,Bengaluru,NOAA,25.4,65.2,,4.1,270.0,
2024-09-01 09:00:00,43295099999,Bengaluru,NOAA,28.0,50.0,,4.1,270.0,
2024-09-01 12:00:00,43295099999,Bengaluru,NOAA,25.4,53.2,,4.1,270.0,
2024-09-01 15:00:00,43295099999,Bengaluru,NOAA,24.0,65.8,,2.6,270.0,
2024-09-01 18:00:00,43295099999,Bengaluru,NOAA,23.0,76.8,,1.5,230.0,
2024-09-01 21:00:00,43295099999,Bengaluru,NOAA,22.0,84.7,,1.5,230.0,
2024-09-02 00:00:00,43295099999,Bengaluru,NOAA,21.4,87.8,,2.1,230.0,
2024-09-02 03:00:00,43295099999,Bengaluru,NOAA,22.4,83.2,,3.1,230.0,
2024-09-02 06:00:00,43295099999,Bengaluru,NOAA,25.8,62.9,,4.1,230.0,
2024-09-02 09:00:00,43295099999,Bengaluru,NOAA,26.8,58.6,,3.1,230.0,0.0
2024-09-02 12:00:00,43295099999,Bengaluru,NOAA,24.4,68.8,,2.1,230.0,0.0
2024-09-02 15:00:00,43295099999,Bengaluru,NOAA,23.8,77.4,,1.5,230.0,0.0
2024-09-02 18:00:00,43295099999,Bengaluru,NOAA,22.6,83.2,,1.5,230.0,0.0
2024-09-03 00:00:00,43295099999,Bengaluru,NOAA,21.2,87.8,,2.1,230.0,0.0
2024-09-03 03:00:00,43295099999,Bengaluru,NOAA,22.4,83.2,,3.1,230.0,0.0
2024-09-03 06:00:00,43295099999,Bengaluru,NOAA,24.4,73.2,,3.1,230.0,
2024-09-03 09:00:00,43295099999,Bengaluru,NOAA,27.0,62.4,,1.5,230.0,
2024-09-03 12:00:00,43295099999,Bengaluru,NOAA,26.6,55.6,,1.5,230.0,0.0
2024-09-03 15:00:00,43295099999,Bengaluru,NOAA,24.4,71.9,,1.0,230.0,0.0
2024-09-03 18:00:00,43295099999,Bengaluru,NOAA,22.4,78.1,,2.1,230.0,0.0
2024-09-03 21:00:00,43295099999,Bengaluru,NOAA,21.8,81.0,,1.0,230.0,0.0
2024-09-04 00:00:00,43295099999,Bengaluru,NOAA,21.4,84.1,,1.0,230.0,0.0
2024-09-04 03:00:00,43295099999,Bengaluru,NOAA,22.2,83.1,,2.1,230.0,0.0
2024-09-04 06:00:00,43295099999,Bengaluru,NOAA,24.0,74.6,,2.6,270.0,
2024-09-04 09:00:00,43295099999,Bengaluru,NOAA,27.6,50.5,,4.1,270.0,
2024-09-04 12:00:00,43295099999,Bengaluru,NOAA,25.8,61.7,,2.6,270.0,
2024-09-04 15:00:00,43295099999,Bengaluru,NOAA,24.4,71.9,,1.5,270.0,
2024-09-04 18:00:00,43295099999,Bengaluru,NOAA,23.2,81.7,,1.5,270.0,
2024-09-04 21:00:00,43295099999,Bengaluru,NOAA,22.4,84.7,,2.1,270.0,
2024-09-05 00:00:00,43295099999,Bengaluru,NOAA,21.4,84.1,,2.1,270.0,
2024-09-05 03:00:00,43295099999,Bengaluru,NOAA,22.0,83.1,,2.1,270.0,
2024-09-05 06:00:00,43295099999,Bengaluru,NOAA,25.6,62.9,,3.1,270.0,
2024-09-05 09:00:00,43295099999,Bengaluru,NOAA,28.4,51.3,,2.6,270.0,
2024-09-05 12:00:00,43295099999,Bengaluru,NOAA,28.0,50.0,,1.0,270.0,
2024-09-05 15:00:00,43295099999,Bengaluru,NOAA,24.8,72.0,,2.6,270.0,
2024-09-05 18:00:00,43295099999,Bengaluru,NOAA,23.4,78.8,,1.5,230.0,
2024-09-05 21:00:00,43295099999,Bengaluru,NOAA,22.2,83.1,,1.5,270.0,
2024-09-06 00:00:00,43295099999,Bengaluru,NOAA,21.4,87.8,,2.6,270.0,
2024-09-06 03:00:00,43295099999,Bengaluru,NOAA,21.8,82.6,,1.5,270.0,
2024-09-06 06:00:00,43295099999,Bengaluru,NOAA,24.6,64.7,,1.0,270.0,
2024-09-06 09:00:00,43295099999,Bengaluru,NOAA,26.0,56.5,,3.1,270.0,
2024-09-06 12:00:00,43295099999,Bengaluru,NOAA,25.8,56.1,,3.1,270.0,
2024-09-06 15:00:00,43295099999,Bengaluru,NOAA,24.0,67.0,,1.5,270.0,
2024-09-06 18:00:00,43295099999,Bengaluru,NOAA,22.8,78.2,,1.5,270.0,
2024-09-07 00:00:00,43295099999,Bengaluru,NOAA,21.4,86.2,,2.6,270.0,
2024-09-07 03:00:00,43295099999,Bengaluru,NOAA,22.0,83.1,,1.0,230.0,
2024-09-07 06:00:00,43295099999,Bengaluru,NOAA,26.4,54.2,,2.1,270.0,
2024-09-07 09:00:00,43295099999,Bengaluru,NOAA,28.0,52.2,,2.6,230.0,
2024-09-07 12:00:00,43295099999,Bengaluru,NOAA,24.4,71.9,,2.1,230.0,
2024-09-07 15:00:00,43295099999,Bengaluru,NOAA,23.4,80.2,,2.1,230.0,
2024-09-07 18:00:00,43295099999,Bengaluru,NOAA,22.6,80.1,,1.0,230.0,
2024-09-07 21:00:00,43295099999,Bengaluru,NOAA,22.0,83.1,,1.0,230.0,
2024-09-08 00:00:00,43295099999,Bengaluru,NOAA,21.2,85.7,,1.0,230.0,
2024-09-08 03:00:00,43295099999,Bengaluru,NOAA,22.0,84.7,,2.1,230.0,
2024-09-08 06:00:00,43295099999,Bengaluru,NOAA,24.4,71.9,,2.6,230.0,
2024-09-08 09:00:00,43295099999,Bengaluru,NOAA,26.8,54.6,,3.1,230.0,
2024-09-08 12:00:00,43295099999,Bengaluru,NOAA,26.4,55.6,,3.1,230.0,
2024-09-08 15:00:00,43295099999,Bengaluru,NOAA,24.0,82.3,,2.6,230.0,
2024-09-08 18:00:00,43295099999,Bengaluru,NOAA,22.0,83.1,,2.6,230.0,
2024-09-08 21:00:00,43295099999,Bengaluru,NOAA,21.6,82.5,,2.1,230.0,
2024-09-09 00:00:00,43295099999,Bengaluru,NOAA,21.4,82.5,,3.1,230.0,
2024-09-09 03:00:00,43295099999,Bengaluru,NOAA,22.0,83.1,,2.6,230.0,
2024-09-09 06:00:00,43295099999,Bengaluru,NOAA,25.6,71.2,,1.5,230.0,
2024-09-09 09:00:00,43295099999,Bengaluru,NOAA,28.8,53.1,,1.0,230.0,
2024-09-09 12:00:00,43295099999,Bengaluru,NOAA,25.6,56.1,,1.0,230.0,0.0
2024-09-09 15:00:00,43295099999,Bengaluru,NOAA,24.0,70.0,,2.6,270.0,0.0
2024-09-09 18:00:00,43295099999,Bengaluru,NOAA,22.4,78.1,,2.6,230.0,0.0
2024-09-09 21:00:00,43295099999,Bengaluru,NOAA,21.8,86.3,,2.1,230.0,0.0
2024-09-10 00:00:00,43295099999,Bengaluru,NOAA,21.2,85.7,,3.1,230.0,0.0
2024-09-10 03:00:00,43295099999,Bengaluru,NOAA,22.2,87.9,,1.5,230.0,0.0
2024-09-10 06:00:00,43295099999,Bengaluru,NOAA,25.6,57.5,,3.1,230.0,
2024-09-10 09:00:00,43295099999,Bengaluru,NOAA,28.0,44.0,,2.6,230.0,
2024-09-10 12:00:00,43295099999,Bengaluru,NOAA,26.4,55.6,,3.1,230.0,
2024-09-10 15:00:00,43295099999,Bengaluru,NOAA,21.8,86.3,,1.5,230.0,2.0
2024-09-10 18:00:00,43295099999,Bengaluru,NOAA,21.4,84.1,,2.1,230.0,2.0
2024-09-10 21:00:00,43295099999,Bengaluru,NOAA,20.8,85.6,,2.6,230.0,2.0
2024-09-11 00:00:00,43295099999,Bengaluru,NOAA,20.4,85.6,,2.1,230.0,2.0
2024-09-11 03:00:00,43295099999,Bengaluru,NOAA,22.4,83.2,,2.6,230.0,2.0
2024-09-11 06:00:00,43295099999,Bengaluru,NOAA,24.8,64.7,,4.1,230.0,
2024-09-11 09:00:00,43295099999,Bengaluru,NOAA,28.6,48.2,,3.1,270.0,
2024-09-11 12:00:00,43295099999,Bengaluru,NOAA,27.4,44.4,,2.6,270.0,
2024-09-11 15:00:00,43295099999,Bengaluru,NOAA,23.8,67.0,,1.5,270.0,
2024-09-11 18:00:00,43295099999,Bengaluru,NOAA,22.4,75.2,,1.0,270.0,
2024-09-11 21:00:00,43295099999,Bengaluru,NOAA,21.0,82.5,,1.0,270.0,
2024-09-12 00:00:00,43295099999,Bengaluru,NOAA,20.6,85.6,,1.5,270.0,
2024-09-12 03:00:00,43295099999,Bengaluru,NOAA,22.2,81.6,,1.5,230.0,
2024-09-12 06:00:00,43295099999,Bengaluru,NOAA,25.6,56.1,,2.6,270.0,
2024-09-12 09:00:00,43295099999,Bengaluru,NOAA,28.4,45.5,,1.5,270.0,
2024-09-12 12:00:00,43295099999,Bengaluru,NOAA,27.6,48.3,,1.5,270.0,0.0
2024-09-12 15:00:00,43295099999,Bengaluru,NOAA,25.4,59.7,,2.1,320.0,0.0
2024-09-12 18:00:00,43295099999,Bengaluru,NOAA,23.4,74.0,,2.1,270.0,0.0
2024-09-12 21:00:00,43295099999,Bengaluru,NOAA,22.4,81.6,,1.5,270.0,0.0
2024-09-13 00:00:00,43295099999,Bengaluru,NOAA,21.2,82.5,,1.5,230.0,0.0
2024-09-13 03:00:00,43295099999,Bengaluru,NOAA,23.0,78.7,,2.1,270.0,0.0
2024-09-13 06:00:00,43295099999,Bengaluru,NOAA,26.4,51.8,,3.1,230.0,
2024-09-13 09:00:00,43295099999,Bengaluru,NOAA,28.4,41.6,,1.5,270.0,
2024-09-13 21:00:00,43295099999,Bengaluru,NOAA,23.0,73.9,,1.5,230.0,
2024-09-14 00:00:00,43295099999,Bengaluru,NOAA,21.4,81.0,,1.0,,
2024-09-14 03:00:00,43295099999,Bengaluru,NOAA,23.4,74.0,,2.1,270.0,
2024-09-14 06:00:00,43295099999,Bengaluru,NOAA,27.4,51.4,,2.1,270.0,
2024-09-14 09:00:00,43295099999,Bengaluru,NOAA,29.2,42.1,,3.1,230.0,
2024-09-14 12:00:00,43295099999,Bengaluru,NOAA,27.4,45.5,,2.6,270.0,
2024-09-14 15:00:00,43295099999,Bengaluru,NOAA,25.6,58.6,,2.1,270.0,
2024-09-14 18:00:00,43295099999,Bengaluru,NOAA,23.0,81.7,,1.5,230.0,
2024-09-14 21:00:00,43295099999,Bengaluru,NOAA,21.4,86.2,,2.1,230.0,
2024-09-15 00:00:00,43295099999,Bengaluru,NOAA,20.8,87.8,,1.5,230.0,
2024-09-15 03:00:00,43295099999,Bengaluru,NOAA,23.0,76.8,,1.5,270.0,
2024-09-15 06:00:00,43295099999,Bengaluru,NOAA,27.4,64.0,,2.1,270.0,
2024-09-15 09:00:00,43295099999,Bengaluru,NOAA,28.4,38.0,,1.5,230.0,
2024-09-15 12:00:00,43295099999,Bengaluru,NOAA,28.2,52.3,,2.6,230.0,
2024-09-15 15:00:00,43295099999,Bengaluru,NOAA,24.4,67.5,,1.0,270.0,
2024-09-15 18:00:00,43295099999,Bengaluru,NOAA,22.8,75.3,,2.6,270.0,
2024-09-15 21:00:00,43295099999,Bengaluru,NOAA,21.8,81.0,,1.5,270.0,
2024-09-16 00:00:00,43295099999,Bengaluru,NOAA,20.6,85.6,,1.0,270.0,
2024-09-16 03:00:00,43295099999,Bengaluru,NOAA,23.0,72.1,,1.5,270.0,
2024-09-16 06:00:00,43295099999,Bengaluru,NOAA,27.6,56.6,,2.6,290.0,
2024-09-16 09:00:00,43295099999,Bengaluru,NOAA,28.8,49.5,,2.6,270.0,
2024-09-16 12:00:00,43295099999,Bengaluru,NOAA,28.2,52.3,,2.6,270.0,
2024-09-16 15:00:00,43295099999,Bengaluru,NOAA,25.4,66.9,,2.1,270.0,
2024-09-16 18:00:00,43295099999,Bengaluru,NOAA,23.4,72.6,,3.1,270.0,
2024-09-16 21:00:00,43295099999,Bengaluru,NOAA,22.4,83.2,,2.6,270.0,
2024-09-17 00:00:00,43295099999,Bengaluru,NOAA,21.4,82.5,,2.6,270.0,
2024-09-17 03:00:00,43295099999,Bengaluru,NOAA,22.6,78.2,,2.1,270.0,
2024-09-17 06:00:00,43295099999,Bengaluru,NOAA,27.6,55.5,,3.1,270.0,
2024-09-17 09:00:00,43295099999,Bengaluru,NOAA,30.0,46.2,,2.1,270.0,
2024-09-17 12:00:00,43295099999,Bengaluru,NOAA,28.4,44.6,,2.1,270.0,
2024-09-17 15:00:00,43295099999,Bengaluru,NOAA,26.6,44.7,,1.5,270.0,
2024-09-17 18:00:00,43295099999,Bengaluru,NOAA,24.0,55.7,,1.5,230.0,
2024-09-17 21:00:00,43295099999,Bengaluru,NOAA,21.4,74.6,,1.5,230.0,
2024-09-18 00:00:00,43295099999,Bengaluru,NOAA,20.0,80.3,,1.5,270.0,
2024-09-18 03:00:00,43295099999,Bengaluru,NOAA,21.8,73.3,,2.6,270.0,
2024-09-18 06:00:00,43295099999,Bengaluru,NOAA,28.0,47.5,,2.1,270.0,
2024-09-18 09:00:00,43295099999,Bengaluru,NOAA,30.0,47.4,,1.5,270.0,
2024-09-18 12:00:00,43295099999,Bengaluru,NOAA,28.8,39.6,,1.5,270.0,
2024-09-18 15:00:00,43295099999,Bengaluru,NOAA,24.8,52.7,,0.0,,
2024-09-18 18:00:00,43295099999,Bengaluru,NOAA,24.0,60.2,,1.0,,
2024-09-18 21:00:00,43295099999,Bengaluru,NOAA,22.0,79.5,,1.5,230.0,
2024-09-19 00:00:00,43295099999,Bengaluru,NOAA,20.8,84.0,,1.5,230.0,
2024-09-19 03:00:00,43295099999,Bengaluru,NOAA,23.4,70.4,,2.1,270.0,
2024-09-19 06:00:00,43295099999,Bengaluru,NOAA,28.4,46.7,,2.1,270.0,
2024-09-19 09:00:00,43295099999,Bengaluru,NOAA,30.2,39.5,,1.5,230.0,
2024-09-19 12:00:00,43295099999,Bengaluru,NOAA,29.2,36.7,,1.5,270.0,
2024-09-19 15:00:00,43295099999,Bengaluru,NOAA,26.2,60.7,,1.5,270.0,
2024-09-19 18:00:00,43295099999,Bengaluru,NOAA,21.8,84.7,,1.5,270.0,2.0
2024-09-19 21:00:00,43295099999,Bengaluru,NOAA,21.5,85.7,,1.0,270.0,
2024-09-20 00:00:00,43295099999,Bengaluru,NOAA,21.0,87.8,,1.5,270.0,2.0
2024-09-20 03:00:00,43295099999,Bengaluru,NOAA,22.6,73.4,,1.5,230.0,2.0
2024-09-20 06:00:00,43295099999,Bengaluru,NOAA,27.8,45.0,,2.6,270.0,
2024-09-20 09:00:00,43295099999,Bengaluru,NOAA,30.8,38.9,,1.5,270.0,
2024-09-20 12:00:00,43295099999,Bengaluru,NOAA,28.8,39.6,,1.5,270.0,
2024-09-20 15:00:00,43295099999,Bengaluru,NOAA,26.8,53.6,,1.5,230.0,
2024-09-20 18:00:00,43295099999,Bengaluru,NOAA,24.8,63.5,,1.5,230.0,
2024-09-20 21:00:00,43295099999,Bengaluru,NOAA,22.4,79.6,,1.5,270.0,
2024-09-21 00:00:00,43295099999,Bengaluru,NOAA,21.4,82.5,,2.1,270.0,
2024-09-21 03:00:00,43295099999,Bengaluru,NOAA,23.4,74.0,,2.1,270.0,
2024-09-21 06:00:00,43295099999,Bengaluru,NOAA,26.0,57.6,,2.1,270.0,
2024-09-21 09:00:00,43295099999,Bengaluru,NOAA,30.4,41.3,,1.5,270.0,
2024-09-21 12:00:00,43295099999,Bengaluru,NOAA,26.0,60.2,,2.6,270.0,0.4
2024-09-21 15:00:00,43295099999,Bengaluru,NOAA,26.0,60.2,,1.5,270.0,0.4
2024-09-21 18:00:00,43295099999,Bengaluru,NOAA,22.2,78.1,,3.1,230.0,1.0
2024-09-21 21:00:00,43295099999,Bengaluru,NOAA,21.0,84.0,,1.5,230.0,2.0
2024-09-22 00:00:00,43295099999,Bengaluru,NOAA,20.2,81.9,,2.1,270.0,2.0
2024-09-22 03:00:00,43295099999,Bengaluru,NOAA,22.6,80.1,,2.1,270.0,2.0
2024-09-22 06:00:00,43295099999,Bengaluru,NOAA,26.0,62.9,,1.5,270.0,
2024-09-22 09:00:00,43295099999,Bengaluru,NOAA,27.4,59.1,,1.5,270.0,
2024-09-22 12:00:00,43295099999,Bengaluru,NOAA,25.8,71.3,,1.0,270.0,0.0
2024-09-22 15:00:00,43295099999,Bengaluru,NOAA,24.2,82.3,,0.0,,0.1
2024-09-22 18:00:00,43295099999,Bengaluru,NOAA,23.4,84.8,,2.1,270.0,0.1
2024-09-22 21:00:00,43295099999,Bengaluru,NOAA,22.2,86.3,,2.1,270.0,0.1
2024-09-23 00:00:00,43295099999,Bengaluru,NOAA,21.6,87.9,,2.6,270.0,0.1
2024-09-23 03:00:00,43295099999,Bengaluru,NOAA,22.2,86.3,,2.1,270.0,0.4
2024-09-23 06:00:00,43295099999,Bengaluru,NOAA,25.0,69.4,,1.5,270.0,
2024-09-23 09:00:00,43295099999,Bengaluru,NOAA,28.2,54.6,,2.1,230.0,
2024-09-23 12:00:00,43295099999,Bengaluru,NOAA,27.6,56.6,,1.5,230.0,
2024-09-23 15:00:00,43295099999,Bengaluru,NOAA,24.8,80.9,,1.5,270.0,0.6
2024-09-23 18:00:00,43295099999,Bengaluru,NOAA,22.6,86.3,,1.0,270.0,2.0
2024-09-23 21:00:00,43295099999,Bengaluru,NOAA,22.0,87.9,,1.0,270.0,2.0
2024-09-24 00:00:00,43295099999,Bengaluru,NOAA,21.8,89.5,,1.0,270.0,2.0
2024-09-24 03:00:00,43295099999,Bengaluru,NOAA,22.4,90.1,,2.1,230.0,2.0
2024-09-24 06:00:00,43295099999,Bengaluru,NOAA,26.6,70.1,,1.5,290.0,
2024-09-24 09:00:00,43295099999,Bengaluru,NOAA,27.4,60.2,,2.6,230.0,
2024-09-24 12:00:00,43295099999,Bengaluru,NOAA,26.6,64.7,,3.1,230.0,0.0
2024-09-24 15:00:00,43295099999,Bengaluru,NOAA,24.4,82.4,,2.1,270.0,0.0
2024-09-24 18:00:00,43295099999,Bengaluru,NOAA,23.2,84.8,,1.5,270.0,0.0
2024-09-24 21:00:00,43295099999,Bengaluru,NOAA,22.4,83.2,,1.5,270.0,0.0
2024-09-25 00:00:00,43295099999,Bengaluru,NOAA,22.0,84.7,,2.1,230.0,0.0
2024-09-25 03:00:00,43295099999,Bengaluru,NOAA,22.8,84.8,,3.1,270.0,0.0
2024-09-25 06:00:00,43295099999,Bengaluru,NOAA,24.8,73.3,,2.1,270.0,
2024-09-25 09:00:00,43295099999,Bengaluru,NOAA,27.2,61.3,,2.1,230.0,
2024-09-25 12:00:00,43295099999,Bengaluru,NOAA,26.0,64.5,,2.6,230.0,
2024-09-25 15:00:00,43295099999,Bengaluru,NOAA,23.6,64.8,,1.5,230.0,
2024-09-25 18:00:00,43295099999,Bengaluru,NOAA,22.6,75.3,,2.6,270.0,
2024-09-25 21:00:00,43295099999,Bengaluru,NOAA,21.8,81.0,,1.5,230.0,
2024-09-26 00:00:00,43295099999,Bengaluru,NOAA,21.2,87.8,,1.0,,
2024-09-26 03:00:00,43295099999,Bengaluru,NOAA,22.6,80.1,,2.6,230.0,
2024-09-26 06:00:00,43295099999,Bengaluru,NOAA,25.2,65.2,,2.6,230.0,
2024-09-26 09:00:00,43295099999,Bengaluru,NOAA,27.0,61.2,,2.1,230.0,
2024-09-26 12:00:00,43295099999,Bengaluru,NOAA,26.6,63.5,,2.1,230.0,
2024-09-26 15:00:00,43295099999,Bengaluru,NOAA,25.0,70.7,,2.1,270.0,
2024-09-26 18:00:00,43295099999,Bengaluru,NOAA,23.2,77.3,,1.0,270.0,
2024-09-26 21:00:00,43295099999,Bengaluru,NOAA,21.8,84.7,,1.5,270.0,
2024-09-27 00:00:00,43295099999,Bengaluru,NOAA,21.0,91.1,,1.5,270.0,
2024-09-27 03:00:00,43295099999,Bengaluru,NOAA,22.2,84.7,,2.1,230.0,
2024-09-27 06:00:00,43295099999,Bengaluru,NOAA,26.0,65.8,,2.1,230.0,
2024-09-27 09:00:00,43295099999,Bengaluru,NOAA,27.6,55.5,,1.5,230.0,
2024-09-27 12:00:00,43295099999,Bengaluru,NOAA,27.4,52.7,,1.5,230.0,
2024-09-27 15:00:00,43295099999,Bengaluru,NOAA,25.0,67.6,,1.5,270.0,
2024-09-27 18:00:00,43295099999,Bengaluru,NOAA,23.4,75.4,,1.0,270.0,
2024-09-27 21:00:00,43295099999,Bengaluru,NOAA,23.0,80.2,,1.0,270.0,
2024-09-28 00:00:00,43295099999,Bengaluru,NOAA,21.4,89.5,,1.0,270.0,
2024-09-28 03:00:00,43295099999,Bengaluru,NOAA,23.6,78.8,,1.5,270.0,
2024-09-28 06:00:00,43295099999,Bengaluru,NOAA,27.2,53.7,,1.5,270.0,
2024-09-28 09:00:00,43295099999,Bengaluru,NOAA,28.0,63.4,,1.0,270.0,
2024-09-28 12:00:00,43295099999,Bengaluru,NOAA,27.6,56.6,,1.0,270.0,
2024-09-28 15:00:00,43295099999,Bengaluru,NOAA,25.0,87.1,,1.5,90.0,0.1
2024-09-28 18:00:00,43295099999,Bengaluru,NOAA,22.0,87.9,,1.5,90.0,4.0
2024-09-28 21:00:00,43295099999,Bengaluru,NOAA,20.8,94.6,,1.5,50.0,15.0
2024-09-29 03:00:00,43295099999,Bengaluru,NOAA,22.0,87.9,,1.5,270.0,15.0
2024-09-29 06:00:00,43295099999,Bengaluru,NOAA,27.0,58.6,,1.5,270.0,
2024-09-29 09:00:00,43295099999,Bengaluru,NOAA,29.4,59.5,,1.0,270.0,
2024-09-29 12:00:00,43295099999,Bengaluru,NOAA,27.8,51.8,,1.5,270.0,
2024-09-29 15:00:00,43295099999,Bengaluru,NOAA,25.6,68.2,,1.0,,
2024-09-29 18:00:00,43295099999,Bengaluru,NOAA,24.4,80.9,,2.6,230.0,
2024-09-29 21:00:00,43295099999,Bengaluru,NOAA,23.2,84.8,,1.5,230.0,
2024-09-30 00:00:00,43295099999,Bengaluru,NOAA,22.4,86.3,,0.0,,
2024-09-30 03:00:00,43295099999,Bengaluru,NOAA,24.8,80.9,,1.0,270.0,
2024-09-30 06:00:00,43295099999,Bengaluru,NOAA,27.8,63.0,,1.0,270.0,
2024-09-30 09:00:00,43295099999,Bengaluru,NOAA,29.6,55.0,,1.0,90.0,
2024-09-30 12:00:00,43295099999,Bengaluru,NOAA,29.0,55.5,,1.5,50.0,
2024-09-30 15:00:00,43295099999,Bengaluru,NOAA,26.4,53.2,,1.5,270.0,
2024-09-30 18:00:00,43295099999,Bengaluru,NOAA,25.0,70.7,,2.1,270.0,
2024-09-30 21:00:00,43295099999,Bengaluru,NOAA,24.0,82.3,,0.0,,
2024-10-01 00:00:00,43295099999,Bengaluru,NOAA,23.0,81.7,,0.0,,
2024-10-01 03:00:00,43295099999,Bengaluru,NOAA,25.6,71.2,,1.5,230.0,
2024-10-01 06:00:00,43295099999,Bengaluru,NOAA,,,,,20.0,
2024-10-01 09:00:00,43295099999,Bengaluru,NOAA,31.4,44.6,,1.5,90.0,
2024-10-01 12:00:00,43295099999,Bengaluru,NOAA,28.4,47.9,,1.5,270.0,
2024-10-01 15:00:00,43295099999,Bengaluru,NOAA,27.8,57.0,,1.0,320.0,
2024-10-01 18:00:00,43295099999,Bengaluru,NOAA,26.0,61.8,,1.0,320.0,
2024-10-01 21:00:00,43295099999,Bengaluru,NOAA,24.4,80.4,,1.0,340.0,
2024-10-02 00:00:00,43295099999,Bengaluru,NOAA,23.8,83.3,,1.0,360.0,
2024-10-02 03:00:00,43295099999,Bengaluru,NOAA,26.4,70.1,,1.5,180.0,
2024-10-02 06:00:00,43295099999,Bengaluru,NOAA,30.0,51.8,,1.5,180.0,
2024-10-02 09:00:00,43295099999,Bengaluru,NOAA,32.0,44.2,,2.1,230.0,
2024-10-02 12:00:00,43295099999,Bengaluru,NOAA,28.4,44.6,,2.1,230.0,
2024-10-02 15:00:00,43295099999,Bengaluru,NOAA,23.8,85.4,,1.0,140.0,0.4
2024-10-02 18:00:00,43295099999,Bengaluru,NOAA,21.0,92.9,,1.0,270.0,18.0
2024-10-02 21:00:00,43295099999,Bengaluru,NOAA,20.4,91.1,,1.5,230.0,21.0
2024-10-03 00:00:00,43295099999,Bengaluru,NOAA,20.0,88.8,,1.5,230.0,21.0
2024-10-03 03:00:00,43295099999,Bengaluru,NOAA,22.4,83.2,,1.5,180.0,21.0
2024-10-03 06:00:00,43295099999,Bengaluru,NOAA,25.8,69.9,,2.1,230.0,
2024-10-03 09:00:00,43295099999,Bengaluru,NOAA,27.0,56.1,,1.5,230.0,0.0
2024-10-03 12:00:00,43295099999,Bengaluru,NOAA,21.6,84.6,,1.5,250.0,8.0
2024-10-03 15:00:00,43295099999,Bengaluru,NOAA,21.8,86.3,,2.6,230.0,8.0
2024-10-03 18:00:00,43295099999,Bengaluru,NOAA,21.6,89.5,,1.5,270.0,8.0
2024-10-03 21:00:00,43295099999,Bengaluru,NOAA,22.0,83.1,,1.5,230.0,8.0
2024-10-04 00:00:00,43295099999,Bengaluru,NOAA,21.8,86.3,,1.5,230.0,8.0
2024-10-04 03:00:00,43295099999,Bengaluru,NOAA,23.6,83.3,,1.5,270.0,8.0
2024-10-04 06:00:00,43295099999,Bengaluru,NOAA,27.4,65.2,,1.5,320.0,
2024-10-04 09:00:00,43295099999,Bengaluru,NOAA,28.2,68.7,,1.5,270.0,
2024-10-04 12:00:00,43295099999,Bengaluru,NOAA,25.4,79.0,,1.0,270.0,0.2
2024-10-04 15:00:00,43295099999,Bengaluru,NOAA,23.0,81.7,,1.0,270.0,0.5
2024-10-04 18:00:00,43295099999,Bengaluru,NOAA,23.0,81.7,,1.0,270.0,0.7
2024-10-04 21:00:00,43295099999,Bengaluru,NOAA,22.4,83.2,,1.0,270.0,4.0
2024-10-05 00:00:00,43295099999,Bengaluru,NOAA,21.4,82.5,,1.5,270.0,11.0
2024-10-05 03:00:00,43295099999,Bengaluru,NOAA,21.6,91.2,,1.0,230.0,0.1
2024-10-05 06:00:00,43295099999,Bengaluru,NOAA,25.6,72.5,,1.5,230.0,
2024-10-05 09:00:00,43295099999,Bengaluru,NOAA,27.8,60.7,,0.0,,
2024-10-05 12:00:00,43295099999,Bengaluru,NOAA,23.6,84.8,,0.0,,2.0
2024-10-05 15:00:00,43295099999,Bengaluru,NOAA,22.4,81.6,,1.0,270.0,10.0
2024-10-05 18:00:00,43295099999,Bengaluru,NOAA,21.2,84.1,,1.0,270.0,25.0
2024-10-05 21:00:00,43295099999,Bengaluru,NOAA,20.8,85.6,,1.0,270.0,25.0
2024-10-06 00:00:00,43295099999,Bengaluru,NOAA,20.8,84.0,,1.0,270.0,25.0
2024-10-06 03:00:00,43295099999,Bengaluru,NOAA,21.6,87.9,,0.0,,25.0
2024-10-06 06:00:00,43295099999,Bengaluru,NOAA,25.0,73.3,,1.0,,
2024-10-06 09:00:00,43295099999,Bengaluru,NOAA,28.2,51.3,,1.5,140.0,
2024-10-06 12:00:00,43295099999,Bengaluru,NOAA,28.2,50.0,,1.0,140.0,
2024-10-06 15:00:00,43295099999,Bengaluru,NOAA,24.6,76.1,,1.0,140.0,
2024-10-06 18:00:00,43295099999,Bengaluru,NOAA,23.0,84.8,,0.0,,
2024-10-06 21:00:00,43295099999,Bengaluru,NOAA,22.6,84.7,,0.0,,
2024-10-07 00:00:00,43295099999,Bengaluru,NOAA,22.0,89.5,,0.5,90.0,
2024-10-07 03:00:00,43295099999,Bengaluru,NOAA,23.4,80.2,,1.0,140.0,
2024-10-07 06:00:00,43295099999,Bengaluru,NOAA,26.8,56.0,,1.5,180.0,
2024-10-07 09:00:00,43295099999,Bengaluru,NOAA,29.2,42.1,,1.5,90.0,
2024-10-07 12:00:00,43295099999,Bengaluru,NOAA,27.0,55.0,,1.5,90.0,
2024-10-07 15:00:00,43295099999,Bengaluru,NOAA,23.8,75.9,,1.5,140.0,
2024-10-07 18:00:00,43295099999,Bengaluru,NOAA,22.0,84.7,,0.0,,0.6
2024-10-07 21:00:00,43295099999,Bengaluru,NOAA,22.0,86.3,,1.5,140.0,0.6
2024-10-08 00:00:00,43295099999,Bengaluru,NOAA,21.8,86.3,,1.0,,0.6
2024-10-08 03:00:00,43295099999,Bengaluru,NOAA,23.4,77.3,,1.0,90.0,0.6
2024-10-08 06:00:00,43295099999,Bengaluru,NOAA,27.6,56.6,,1.5,140.0,
2024-10-08 09:00:00,43295099999,Bengaluru,NOAA,29.0,60.2,,1.5,140.0,
2024-10-08 12:00:00,43295099999,Bengaluru,NOAA,27.2,65.2,,1.5,140.0,
2024-10-08 15:00:00,43295099999,Bengaluru,NOAA,25.4,73.9,,1.5,140.0,
2024-10-08 18:00:00,43295099999,Bengaluru,NOAA,24.0,88.6,,1.5,140.0,
2024-10-08 21:00:00,43295099999,Bengaluru,NOAA,22.6,87.9,,1.5,140.0,0.1
2024-10-09 00:00:00,43295099999,Bengaluru,NOAA,22.0,87.9,,2.1,140.0,0.1
2024-10-09 03:00:00,43295099999,Bengaluru,NOAA,24.6,74.7,,1.5,90.0,0.1
2024-10-09 06:00:00,43295099999,Bengaluru,NOAA,27.0,66.4,,1.5,140.0,
2024-10-09 09:00:00,43295099999,Bengaluru,NOAA,28.4,55.0,,1.5,140.0,
2024-10-09 12:00:00,43295099999,Bengaluru,NOAA,27.4,54.1,,1.5,140.0,
2024-10-09 15:00:00,43295099999,Bengaluru,NOAA,25.2,72.0,,1.0,140.0,
2024-10-09 18:00:00,43295099999,Bengaluru,NOAA,25.0,72.0,,1.5,140.0,
2024-10-09 21:00:00,43295099999,Bengaluru,NOAA,23.0,80.2,,1.0,140.0,
2024-10-10 00:00:00,43295099999,Bengaluru,NOAA,22.8,81.7,,1.0,140.0,0.0
2024-10-10 03:00:00,43295099999,Bengaluru,NOAA,23.6,80.3,,1.0,,0.0
2024-10-10 06:00:00,43295099999,Bengaluru,NOAA,27.0,52.3,,1.5,50.0,
2024-10-10 09:00:00,43295099999,Bengaluru,NOAA,28.0,59.6,,1.5,50.0,
2024-10-10 12:00:00,43295099999,Bengaluru,NOAA,28.2,58.5,,2.1,140.0,
2024-10-10 15:00:00,43295099999,Bengaluru,NOAA,25.0,79.5,,1.0,230.0,
2024-10-10 18:00:00,43295099999,Bengaluru,NOAA,23.0,86.4,,2.1,230.0,
2024-10-10 21:00:00,43295099999,Bengaluru,NOAA,22.2,89.6,,0.0,,2.0
2024-10-11 00:00:00,43295099999,Bengaluru,NOAA,21.4,91.2,,0.5,90.0,3.0
2024-10-11 03:00:00,43295099999,Bengaluru,NOAA,23.0,80.2,,1.0,140.0,3.0
2024-10-11 06:00:00,43295099999,Bengaluru,NOAA,26.2,65.8,,1.0,90.0,
2024-10-11 09:00:00,43295099999,Bengaluru,NOAA,28.0,58.1,,1.0,140.0,
2024-10-11 12:00:00,43295099999,Bengaluru,NOAA,27.0,58.6,,1.0,140.0,
2024-10-11 15:00:00,43295099999,Bengaluru,NOAA,24.2,76.0,,1.5,140.0,
2024-10-11 18:00:00,43295099999,Bengaluru,NOAA,23.4,84.8,,1.5,90.0,0.2
2024-10-11 21:00:00,43295099999,Bengaluru,NOAA,23.4,76.8,,1.5,140.0,0.2
2024-10-12 00:00:00,43295099999,Bengaluru,NOAA,21.4,81.0,,0.0,,0.2
2024-10-12 03:00:00,43295099999,Bengaluru,NOAA,23.2,83.2,,1.5,140.0,0.2
2024-10-12 06:00:00,43295099999,Bengaluru,NOAA,26.2,71.3,,2.1,140.0,
2024-10-12 09:00:00,43295099999,Bengaluru,NOAA,27.4,64.0,,1.5,140.0,
2024-10-12 12:00:00,43295099999,Bengaluru,NOAA,25.0,81.9,,1.0,140.0,0.8
2024-10-12 15:00:00,43295099999,Bengaluru,NOAA,24.0,80.3,,1.5,140.0,4.0
2024-10-12 18:00:00,43295099999,Bengaluru,NOAA,23.0,88.0,,1.0,50.0,4.0
2024-10-12 21:00:00,43295099999,Bengaluru,NOAA,22.4,87.9,,1.0,50.0,4.0
2024-10-13 00:00:00,43295099999,Bengaluru,NOAA,22.0,87.9,,1.5,90.0,4.0
2024-10-13 03:00:00,43295099999,Bengaluru,NOAA,22.0,91.2,,1.5,50.0,4.0
2024-10-13 06:00:00,43295099999,Bengaluru,NOAA,24.6,79.4,,1.5,90.0,
2024-10-13 09:00:00,43295099999,Bengaluru,NOAA,26.0,81.6,,1.5,50.0,0.5
2024-10-13 12:00:00,43295099999,Bengaluru,NOAA,24.8,76.6,,1.0,50.0,0.5
2024-10-13 15:00:00,43295099999,Bengaluru,NOAA,24.4,74.6,,1.0,160.0,0.6
2024-10-13 18:00:00,43295099999,Bengaluru,NOAA,23.0,83.2,,1.0,140.0,0.6
2024-10-13 21:00:00,43295099999,Bengaluru,NOAA,22.6,84.7,,1.0,70.0,0.6
2024-10-14 00:00:00,43295099999,Bengaluru,NOAA,21.6,84.6,,0.5,20.0,3.0
2024-10-14 03:00:00,43295099999,Bengaluru,NOAA,21.6,91.2,,1.0,,3.0
2024-10-14 06:00:00,43295099999,Bengaluru,NOAA,22.2,84.7,,0.0,,1.0
2024-10-14 09:00:00,43295099999,Bengaluru,NOAA,24.8,66.3,,1.5,50.0,1.0
2024-10-14 12:00:00,43295099999,Bengaluru,NOAA,23.8,74.5,,1.0,360.0,1.0
2024-10-14 15:00:00,43295099999,Bengaluru,NOAA,21.4,86.2,,0.0,,1.0
2024-10-14 18:00:00,43295099999,Bengaluru,NOAA,21.0,85.6,,0.0,,1.0
2024-10-14 21:00:00,43295099999,Bengaluru,NOAA,20.4,92.8,,1.0,270.0,4.0
2024-10-15 00:00:00,43295099999,Bengaluru,NOAA,20.4,91.1,,0.0,,5.0
2024-10-15 03:00:00,43295099999,Bengaluru,NOAA,21.4,81.0,,1.0,90.0,16.0
2024-10-15 06:00:00,43295099999,Bengaluru,NOAA,21.4,81.0,,1.0,230.0,25.0
2024-10-15 09:00:00,43295099999,Bengaluru,NOAA,21.0,82.5,,1.5,90.0,39.0
2024-10-15 12:00:00,43295099999,Bengaluru,NOAA,20.6,84.0,,1.0,90.0,60.0
2024-10-15 15:00:00,43295099999,Bengaluru,NOAA,20.6,87.2,,0.0,,60.0
2024-10-15 18:00:00,43295099999,Bengaluru,NOAA,20.4,91.1,,0.0,,61.0
2024-10-15 21:00:00,43295099999,Bengaluru,NOAA,20.0,92.8,,0.0,,61.0
2024-10-16 00:00:00,43295099999,Bengaluru,NOAA,20.0,92.8,,0.0,,63.0
2024-10-16 03:00:00,43295099999,Bengaluru,NOAA,20.6,91.1,,1.0,320.0,66.0
2024-10-16 06:00:00,43295099999,Bengaluru,NOAA,20.6,96.4,,1.0,360.0,4.0
2024-10-16 09:00:00,43295099999,Bengaluru,NOAA,21.6,92.9,,1.0,230.0,5.0
2024-10-16 12:00:00,43295099999,Bengaluru,NOAA,21.4,96.4,,0.0,,7.0
2024-10-16 15:00:00,43295099999,Bengaluru,NOAA,21.6,96.4,,1.0,230.0,7.0
2024-10-16 18:00:00,43295099999,Bengaluru,NOAA,21.4,96.4,,1.0,230.0,7.0
2024-10-16 21:00:00,43295099999,Bengaluru,NOAA,21.2,96.4,,0.0,,7.0
2024-10-17 00:00:00,43295099999,Bengaluru,NOAA,21.0,96.4,,0.0,,7.0
2024-10-17 03:00:00,43295099999,Bengaluru,NOAA,22.8,88.0,,3.1,270.0,5.0
2024-10-17 06:00:00,43295099999,Bengaluru,NOAA,23.0,89.6,,1.0,230.0,
2024-10-17 09:00:00,43295099999,Bengaluru,NOAA,26.2,70.0,,1.5,230.0,
2024-10-17 12:00:00,43295099999,Bengaluru,NOAA,26.0,59.1,,1.5,230.0,
2024-10-17 15:00:00,43295099999,Bengaluru,NOAA,23.0,80.2,,1.0,230.0,
2024-10-17 18:00:00,43295099999,Bengaluru,NOAA,22.0,84.7,,1.0,230.0,
2024-10-17 21:00:00,43295099999,Bengaluru,NOAA,21.8,84.7,,1.0,250.0,
2024-10-18 00:00:00,43295099999,Bengaluru,NOAA,20.8,85.6,,1.0,250.0,
2024-10-18 03:00:00,43295099999,Bengaluru,NOAA,23.0,81.7,,2.1,50.0,
2024-10-18 06:00:00,43295099999,Bengaluru,NOAA,26.6,71.8,,3.1,270.0,
2024-10-18 09:00:00,43295099999,Bengaluru,NOAA,26.8,57.1,,1.5,230.0,
2024-10-18 12:00:00,43295099999,Bengaluru,NOAA,27.2,68.1,,1.0,230.0,
2024-10-18 15:00:00,43295099999,Bengaluru,NOAA,24.4,85.4,,1.0,320.0,
2024-10-18 18:00:00,43295099999,Bengaluru,NOAA,23.8,83.8,,0.0,,
2024-10-18 21:00:00,43295099999,Bengaluru,NOAA,21.8,94.6,,1.5,230.0,0.8
2024-10-19 00:00:00,43295099999,Bengaluru,NOAA,21.8,96.4,,1.0,230.0,0.8
2024-10-19 03:00:00,43295099999,Bengaluru,NOAA,23.2,88.0,,1.0,230.0,0.8
2024-10-19 06:00:00,43295099999,Bengaluru,NOAA,24.0,85.4,,1.0,230.0,0.5
2024-10-19 09:00:00,43295099999,Bengaluru,NOAA,23.4,80.2,,1.0,230.0,3.0
2024-10-19 12:00:00,43295099999,Bengaluru,NOAA,21.6,86.2,,1.0,50.0,11.0
2024-10-19 15:00:00,43295099999,Bengaluru,NOAA,21.8,87.9,,1.5,270.0,17.0
2024-10-19 18:00:00,43295099999,Bengaluru,NOAA,21.6,91.2,,0.0,,19.0
2024-10-19 21:00:00,43295099999,Bengaluru,NOAA,21.6,89.5,,0.0,,19.0
2024-10-20 00:00:00,43295099999,Bengaluru,NOAA,21.4,92.9,,0.0,,20.0
2024-10-20 03:00:00,43295099999,Bengaluru,NOAA,22.4,92.9,,0.0,,20.0
2024-10-20 06:00:00,43295099999,Bengaluru,NOAA,24.0,88.6,,1.0,230.0,0.0
2024-10-20 09:00:00,43295099999,Bengaluru,NOAA,28.0,64.6,,1.0,230.0,
2024-10-20 12:00:00,43295099999,Bengaluru,NOAA,26.4,70.1,,1.5,50.0,0.0
2024-10-20 15:00:00,43295099999,Bengaluru,NOAA,23.0,89.6,,1.0,320.0,7.0
2024-10-20 18:00:00,43295099999,Bengaluru,NOAA,22.4,91.2,,1.0,230.0,10.0
2024-10-20 21:00:00,43295099999,Bengaluru,NOAA,22.4,91.2,,1.0,230.0,10.0
2024-10-21 00:00:00,43295099999,Bengaluru,NOAA,22.0,91.2,,1.0,230.0,18.0
2024-10-21 03:00:00,43295099999,Bengaluru,NOAA,21.4,96.4,,0.0,,62.0
2024-10-21 06:00:00,43295099999,Bengaluru,NOAA,26.0,80.1,,1.5,50.0,0.1
2024-10-21 09:00:00,43295099999,Bengaluru,NOAA,27.6,55.5,,0.0,,0.1
2024-10-21 12:00:00,43295099999,Bengaluru,NOAA,24.6,83.9,,0.0,,5.0
2024-10-21 15:00:00,43295099999,Bengaluru,NOAA,23.0,88.0,,0.0,,7.0
2024-10-21 18:00:00,43295099999,Bengaluru,NOAA,22.0,87.9,,1.5,320.0,16.0
2024-10-21 21:00:00,43295099999,Bengaluru,NOAA,21.4,87.8,,1.0,140.0,17.0
2024-10-22 00:00:00,43295099999,Bengaluru,NOAA,21.0,85.6,,1.0,50.0,17.0
2024-10-22 03:00:00,43295099999,Bengaluru,NOAA,23.4,88.0,,1.0,140.0,17.0
2024-10-22 06:00:00,43295099999,Bengaluru,NOAA,27.4,64.0,,0.0,,
2024-10-22 09:00:00,43295099999,Bengaluru,NOAA,28.0,54.6,,0.0,,
2024-10-22 12:00:00,43295099999,Bengaluru,NOAA,22.0,87.9,,0.0,,23.0
2024-10-22 15:00:00,43295099999,Bengaluru,NOAA,21.4,89.5,,1.0,140.0,24.0
2024-10-22 21:00:00,43295099999,Bengaluru,NOAA,21.4,89.5,,0.0,,
2024-10-23 00:00:00,43295099999,Bengaluru,NOAA,21.2,87.8,,0.5,360.0,
2024-10-23 03:00:00,43295099999,Bengaluru,NOAA,21.4,98.2,,0.0,,24.0
2024-10-23 06:00:00,43295099999,Bengaluru,NOAA,26.0,71.3,,1.0,,
2024-10-23 09:00:00,43295099999,Bengaluru,NOAA,29.0,49.6,,1.0,50.0,
2024-10-23 15:00:00,43295099999,Bengaluru,NOAA,22.0,86.3,,0.0,,11.0
2024-10-23 18:00:00,43295099999,Bengaluru,NOAA,22.0,87.9,,1.0,,11.0
2024-10-23 21:00:00,43295099999,Bengaluru,NOAA,20.6,92.8,,0.0,,13.0
2024-10-24 00:00:00,43295099999,Bengaluru,NOAA,20.6,92.8,,0.0,,13.0
2024-10-24 03:00:00,43295099999,Bengaluru,NOAA,20.9,97.6,,0.0,,14.0
2024-10-24 06:00:00,43295099999,Bengaluru,NOAA,22.6,86.3,,1.0,230.0,
2024-10-24 09:00:00,43295099999,Bengaluru,NOAA,24.6,86.0,,1.5,140.0,0.0
2024-10-24 12:00:00,43295099999,Bengaluru,NOAA,25.0,72.0,,1.0,270.0,0.0
2024-10-24 15:00:00,43295099999,Bengaluru,NOAA,22.8,89.6,,1.0,,0.0
2024-10-24 18:00:00,43295099999,Bengaluru,NOAA,22.2,91.2,,0.0,,0.0
2024-10-24 21:00:00,43295099999,Bengaluru,NOAA,21.4,92.9,,0.0,,0.0
2024-10-25 00:00:00,43295099999,Bengaluru,NOAA,21.0,96.4,,0.0,,0.0
2024-10-25 03:00:00,43295099999,Bengaluru,NOAA,22.0,91.2,,0.0,,0.0
2024-10-25 06:00:00,43295099999,Bengaluru,NOAA,26.0,61.8,,1.0,90.0,
2024-10-25 09:00:00,43295099999,Bengaluru,NOAA,27.6,47.1,,1.5,140.0,
2024-10-25 12:00:00,43295099999,Bengaluru,NOAA,26.4,58.1,,0.0,,
2024-10-25 15:00:00,43295099999,Bengaluru,NOAA,23.4,68.2,,0.0,,
2024-10-25 18:00:00,43295099999,Bengaluru,NOAA,22.0,84.7,,0.0,,
2024-10-25 21:00:00,43295099999,Bengaluru,NOAA,22.0,89.5,,0.0,,
2024-10-26 00:00:00,43295099999,Bengaluru,NOAA,21.4,89.5,,0.0,,
2024-10-26 03:00:00,43295099999,Bengaluru,NOAA,22.4,86.3,,1.5,270.0,
2024-10-26 06:00:00,43295099999,Bengaluru,NOAA,27.0,57.5,,1.5,320.0,
2024-10-26 09:00:00,43295099999,Bengaluru,NOAA,26.8,53.3,,1.0,320.0,
2024-10-26 12:00:00,43295099999,Bengaluru,NOAA,25.8,56.1,,1.0,,
2024-10-26 15:00:00,43295099999,Bengaluru,NOAA,22.8,72.1,,0.0,,
2024-10-26 18:00:00,43295099999,Bengaluru,NOAA,21.2,76.0,,0.0,,
2024-10-27 00:00:00,43295099999,Bengaluru,NOAA,20.0,87.2,,1.0,250.0,
2024-10-27 03:00:00,43295099999,Bengaluru,NOAA,22.8,75.3,,1.0,250.0,
2024-10-27 06:00:00,43295099999,Bengaluru,NOAA,26.8,59.7,,1.0,320.0,
2024-10-27 09:00:00,43295099999,Bengaluru,NOAA,25.6,60.1,,1.0,320.0,
2024-10-27 12:00:00,43295099999,Bengaluru,NOAA,26.0,52.7,,1.0,320.0,
2024-10-27 15:00:00,43295099999,Bengaluru,NOAA,22.4,67.1,,0.0,,
2024-10-27 18:00:00,43295099999,Bengaluru,NOAA,21.2,79.4,,0.0,,
2024-10-27 21:00:00,43295099999,Bengaluru,NOAA,21.4,82.5,,1.0,,
2024-10-28 00:00:00,43295099999,Bengaluru,NOAA,20.6,87.2,,1.5,140.0,
2024-10-28 03:00:00,43295099999,Bengaluru,NOAA,22.4,83.2,,1.0,230.0,
2024-10-28 06:00:00,43295099999,Bengaluru,NOAA,27.4,54.1,,1.0,230.0,
2024-10-28 09:00:00,43295099999,Bengaluru,NOAA,29.4,51.3,,1.0,230.0,
2024-10-28 12:00:00,43295099999,Bengaluru,NOAA,28.4,88.4,,1.0,250.0,
2024-10-28 15:00:00,43295099999,Bengaluru,NOAA,23.8,75.9,,0.0,,
2024-10-28 18:00:00,43295099999,Bengaluru,NOAA,23.6,77.3,,2.1,230.0,
2024-10-28 21:00:00,43295099999,Bengaluru,NOAA,22.0,87.9,,1.0,,
2024-10-29 00:00:00,43295099999,Bengaluru,NOAA,21.2,91.2,,1.0,,
2024-10-29 03:00:00,43295099999,Bengaluru,NOAA,24.0,76.0,,1.0,,
2024-10-29 06:00:00,43295099999,Bengaluru,NOAA,27.8,58.1,,1.5,270.0,
2024-10-29 09:00:00,43295099999,Bengaluru,NOAA,28.2,47.5,,0.0,,
2024-10-29 12:00:00,43295099999,Bengaluru,NOAA,28.0,49.6,,1.5,140.0,
2024-10-29 15:00:00,43295099999,Bengaluru,NOAA,25.8,64.1,,0.0,,
2024-10-29 18:00:00,43295099999,Bengaluru,NOAA,24.6,76.1,,0.0,,
2024-10-29 21:00:00,43295099999,Bengaluru,NOAA,23.4,83.3,,1.0,140.0,
2024-10-30 00:00:00,43295099999,Bengaluru,NOAA,22.8,83.2,,0.0,,
2024-10-30 03:00:00,43295099999,Bengaluru,NOAA,23.4,81.7,,0.0,,
2024-10-30 06:00:00,43295099999,Bengaluru,NOAA,26.2,67.0,,0.0,,
2024-10-30 09:00:00,43295099999,Bengaluru,NOAA,27.0,69.3,,1.0,,0.5
2024-10-30 12:00:00,43295099999,Bengaluru,NOAA,24.0,96.5,,0.0,,0.5
2024-10-30 15:00:00,43295099999,Bengaluru,NOAA,23.6,80.3,,0.5,50.0,0.5
2024-10-30 18:00:00,43295099999,Bengaluru,NOAA,23.2,86.4,,0.5,140.0,0.5
2024-10-30 21:00:00,43295099999,Bengaluru,NOAA,22.6,81.6,,0.0,,0.5
2024-10-31 00:00:00,43295099999,Bengaluru,NOAA,22.4,79.6,,0.0,,4.0
2024-10-31 03:00:00,43295099999,Bengaluru,NOAA,22.6,92.9,,0.0,,4.0
2024-10-31 06:00:00,43295099999,Bengaluru,NOAA,24.8,80.9,,0.0,,
2024-10-31 09:00:00,43295099999,Bengaluru,NOAA,27.4,64.0,,0.0,,0.1
2024-10-31 12:00:00,43295099999,Bengaluru,NOAA,25.6,68.2,,1.0,140.0,0.1
2024-10-31 15:00:00,43295099999,Bengaluru,NOAA,23.2,80.2,,0.0,,0.1
2024-10-31 18:00:00,43295099999,Bengaluru,NOAA,23.0,86.4,,0.0,,0.1
2024-10-31 21:00:00,43295099999,Bengaluru,NOAA,22.0,87.9,,0.0,,0.1
2024-11-01 00:00:00,43295099999,Bengaluru,NOAA,21.4,89.5,,0.0,,0.1
2024-11-01 03:00:00,43295099999,Bengaluru,NOAA,23.4,83.3,,0.0,,0.1
2024-11-01 06:00:00,43295099999,Bengaluru,NOAA,26.8,61.2,,1.0,140.0,
2024-11-01 09:00:00,43295099999,Bengaluru,NOAA,28.6,55.1,,1.0,50.0,
2024-11-01 12:00:00,43295099999,Bengaluru,NOAA,25.8,68.2,,1.0,90.0,0.3
2024-11-01 15:00:00,43295099999,Bengaluru,NOAA,23.2,88.0,,1.0,,0.3
2024-11-01 18:00:00,43295099999,Bengaluru,NOAA,23.2,84.8,,1.0,,0.3
2024-11-01 21:00:00,43295099999,Bengaluru,NOAA,22.4,89.6,,1.0,,0.3
2024-11-02 00:00:00,43295099999,Bengaluru,NOAA,21.6,92.9,,1.0,,0.3
2024-11-02 03:00:00,43295099999,Bengaluru,NOAA,24.2,82.3,,1.0,50.0,0.3
2024-11-02 06:00:00,43295099999,Bengaluru,NOAA,27.4,58.0,,1.0,50.0,
2024-11-02 09:00:00,43295099999,Bengaluru,NOAA,28.4,53.7,,0.0,,
2024-11-02 12:00:00,43295099999,Bengaluru,NOAA,27.4,50.4,,0.0,,
2024-11-02 15:00:00,43295099999,Bengaluru,NOAA,24.8,78.0,,2.1,50.0,0.0
2024-11-02 18:00:00,43295099999,Bengaluru,NOAA,23.0,83.2,,1.5,50.0,1.0
2024-11-02 21:00:00,43295099999,Bengaluru,NOAA,22.4,83.2,,1.5,50.0,1.0
2024-11-03 00:00:00,43295099999,Bengaluru,NOAA,22.0,86.3,,1.0,140.0,1.0
2024-11-03 03:00:00,43295099999,Bengaluru,NOAA,23.4,77.3,,1.5,320.0,1.0
2024-11-03 06:00:00,43295099999,Bengaluru,NOAA,27.2,52.7,,1.5,50.0,
2024-11-03 09:00:00,43295099999,Bengaluru,NOAA,27.2,51.4,,0.0,,
2024-11-03 12:00:00,43295099999,Bengaluru,NOAA,26.4,61.9,,1.0,,
2024-11-03 15:00:00,43295099999,Bengaluru,NOAA,,,,22.6,20.0,
2024-11-03 18:00:00,43295099999,Bengaluru,NOAA,,,,15.4,20.0,
2024-11-03 21:00:00,43295099999,Bengaluru,NOAA,22.4,83.2,,2.1,90.0,
2024-11-04 00:00:00,43295099999,Bengaluru,NOAA,21.6,87.9,,1.0,90.0,
2024-11-04 03:00:00,43295099999,Bengaluru,NOAA,22.2,84.7,,1.0,140.0,
2024-11-04 06:00:00,43295099999,Bengaluru,NOAA,26.0,57.6,,1.0,70.0,
2024-11-04 09:00:00,43295099999,Bengaluru,NOAA,27.6,50.5,,1.0,70.0,
2024-11-04 12:00:00,43295099999,Bengaluru,NOAA,25.6,58.6,,1.0,50.0,0.4
2024-11-04 15:00:00,43295099999,Bengaluru,NOAA,22.6,81.6,,1.5,50.0,0.7
2024-11-04 18:00:00,43295099999,Bengaluru,NOAA,21.8,86.3,,1.5,140.0,0.7
2024-11-04 21:00:00,43295099999,Bengaluru,NOAA,21.0,91.1,,1.5,90.0,0.7
2024-11-05 00:00:00,43295099999,Bengaluru,NOAA,21.0,87.3,,1.0,,0.7
2024-11-05 03:00:00,43295099999,Bengaluru,NOAA,21.4,82.5,,1.0,50.0,0.7
2024-11-05 06:00:00,43295099999,Bengaluru,NOAA,26.6,47.1,,1.5,50.0,
2024-11-05 09:00:00,43295099999,Bengaluru,NOAA,26.6,47.1,,1.5,50.0,
2024-11-05 12:00:00,43295099999,Bengaluru,NOAA,25.6,57.5,,0.0,,
2024-11-05 15:00:00,43295099999,Bengaluru,NOAA,22.4,59.8,,0.0,,
2024-11-05 18:00:00,43295099999,Bengaluru,NOAA,21.2,74.1,,0.0,,
2024-11-05 21:00:00,43295099999,Bengaluru,NOAA,20.4,80.3,,0.0,,
2024-11-06 00:00:00,43295099999,Bengaluru,NOAA,19.4,87.1,,0.0,,
2024-11-06 03:00:00,43295099999,Bengaluru,NOAA,23.2,63.5,,1.0,50.0,
2024-11-06 06:00:00,43295099999,Bengaluru,NOAA,27.2,47.9,,1.0,,
2024-11-06 09:00:00,43295099999,Bengaluru,NOAA,27.6,43.6,,1.5,230.0,
2024-11-06 12:00:00,43295099999,Bengaluru,NOAA,26.6,48.3,,1.5,50.0,
2024-11-06 15:00:00,43295099999,Bengaluru,NOAA,24.6,59.2,,1.0,50.0,
2024-11-06 18:00:00,43295099999,Bengaluru,NOAA,23.0,69.4,,1.0,50.0,
2024-11-06 21:00:00,43295099999,Bengaluru,NOAA,22.4,79.6,,1.0,50.0,
2024-11-07 00:00:00,43295099999,Bengaluru,NOAA,21.6,86.2,,1.0,50.0,
2024-11-07 03:00:00,43295099999,Bengaluru,NOAA,22.0,84.7,,1.5,320.0,
2024-11-07 06:00:00,43295099999,Bengaluru,NOAA,26.2,58.0,,1.5,,
2024-11-07 09:00:00,43295099999,Bengaluru,NOAA,25.4,64.0,,1.0,320.0,
2024-11-07 12:00:00,43295099999,Bengaluru,NOAA,25.0,66.4,,1.0,50.0,
2024-11-07 15:00:00,43295099999,Bengaluru,NOAA,23.6,78.8,,1.0,90.0,
2024-11-07 18:00:00,43295099999,Bengaluru,NOAA,22.6,86.3,,1.0,50.0,
2024-11-07 21:00:00,43295099999,Bengaluru,NOAA,21.2,89.5,,1.0,90.0,
2024-11-08 00:00:00,43295099999,Bengaluru,NOAA,20.2,88.8,,1.0,50.0,
2024-11-08 03:00:00,43295099999,Bengaluru,NOAA,23.4,75.4,,1.0,90.0,
2024-11-08 06:00:00,43295099999,Bengaluru,NOAA,28.0,52.2,,1.5,90.0,
2024-11-08 09:00:00,43295099999,Bengaluru,NOAA,29.6,39.3,,1.0,50.0,
2024-11-08 12:00:00,43295099999,Bengaluru,NOAA,27.0,41.7,,1.0,50.0,
2024-11-08 15:00:00,43295099999,Bengaluru,NOAA,24.8,58.1,,1.0,,
2024-11-08 18:00:00,43295099999,Bengaluru,NOAA,22.6,75.3,,1.5,50.0,
2024-11-08 21:00:00,43295099999,Bengaluru,NOAA,21.6,86.2,,0.0,,
2024-11-09 00:00:00,43295099999,Bengaluru,NOAA,20.4,87.2,,0.0,,
2024-11-09 03:00:00,43295099999,Bengaluru,NOAA,22.8,68.9,,1.0,50.0,
2024-11-09 06:00:00,43295099999,Bengaluru,NOAA,28.0,40.7,,1.0,90.0,
2024-11-09 09:00:00,43295099999,Bengaluru,NOAA,28.6,41.4,,1.0,50.0,
2024-11-09 12:00:00,43295099999,Bengaluru,NOAA,26.8,43.9,,1.0,90.0,
2024-11-09 15:00:00,43295099999,Bengaluru,NOAA,24.0,55.7,,1.0,90.0,
2024-11-09 18:00:00,43295099999,Bengaluru,NOAA,22.4,73.4,,1.0,90.0,
2024-11-09 21:00:00,43295099999,Bengaluru,NOAA,22.0,84.7,,1.0,90.0,
2024-11-10 00:00:00,43295099999,Bengaluru,NOAA,20.0,88.8,,1.0,90.0,
2024-11-10 03:00:00,43295099999,Bengaluru,NOAA,22.6,76.7,,1.0,50.0,
2024-11-10 06:00:00,43295099999,Bengaluru,NOAA,27.2,44.3,,1.5,,
2024-11-10 09:00:00,43295099999,Bengaluru,NOAA,28.6,39.3,,1.0,50.0,
2024-11-10 12:00:00,43295099999,Bengaluru,NOAA,26.8,42.5,,1.0,50.0,
2024-11-10 15:00:00,43295099999,Bengaluru,NOAA,24.4,60.3,,0.0,,
2024-11-10 18:00:00,43295099999,Bengaluru,NOAA,23.0,80.2,,0.0,,
2024-11-10 21:00:00,43295099999,Bengaluru,NOAA,21.4,82.5,,0.0,,
2024-11-11 00:00:00,43295099999,Bengaluru,NOAA,20.8,85.6,,0.0,,
2024-11-11 03:00:00,43295099999,Bengaluru,NOAA,22.6,81.6,,1.5,50.0,
2024-11-11 06:00:00,43295099999,Bengaluru,NOAA,26.7,57.8,,1.0,,
2024-11-11 09:00:00,43295099999,Bengaluru,NOAA,28.0,46.3,,0.0,,
2024-11-11 12:00:00,43295099999,Bengaluru,NOAA,27.4,56.5,,1.0,50.0,
2024-11-11 15:00:00,43295099999,Bengaluru,NOAA,23.6,65.3,,2.1,90.0,
2024-11-11 18:00:00,43295099999,Bengaluru,NOAA,22.4,78.1,,1.0,50.0,
2024-11-11 21:00:00,43295099999,Bengaluru,NOAA,22.4,76.7,,0.0,,
2024-11-12 00:00:00,43295099999,Bengaluru,NOAA,22.4,75.2,,1.0,50.0,
2024-11-12 03:00:00,43295099999,Bengaluru,NOAA,22.4,83.2,,0.0,,
2024-11-12 06:00:00,43295099999,Bengaluru,NOAA,23.4,86.4,,1.0,50.0,0.0
2024-11-12 09:00:00,43295099999,Bengaluru,NOAA,25.0,85.5,,1.0,50.0,
2024-11-12 12:00:00,43295099999,Bengaluru,NOAA,24.6,87.0,,1.0,50.0,0.0
2024-11-12 15:00:00,43295099999,Bengaluru,NOAA,23.2,89.6,,1.5,320.0,0.0
2024-11-12 18:00:00,43295099999,Bengaluru,NOAA,22.6,86.3,,1.5,230.0,0.0
2024-11-12 21:00:00,43295099999,Bengaluru,NOAA,21.6,87.9,,0.0,,0.4
2024-11-13 00:00:00,43295099999,Bengaluru,NOAA,21.0,94.6,,0.0,,0.5
2024-11-13 03:00:00,43295099999,Bengaluru,NOAA,22.0,87.9,,1.5,50.0,0.7
2024-11-13 06:00:00,43295099999,Bengaluru,NOAA,25.2,72.0,,1.0,90.0,
2024-11-13 09:00:00,43295099999,Bengaluru,NOAA,26.0,70.0,,1.0,50.0,
2024-11-13 12:00:00,43295099999,Bengaluru,NOAA,25.2,75.2,,1.0,50.0,
2024-11-13 15:00:00,43295099999,Bengaluru,NOAA,24.4,87.0,,1.0,50.0,
2024-11-13 18:00:00,43295099999,Bengaluru,NOAA,22.4,89.6,,1.0,50.0,
2024-11-13 21:00:00,43295099999,Bengaluru,NOAA,22.0,89.5,,1.0,50.0,
2024-11-14 00:00:00,43295099999,Bengaluru,NOAA,22.0,89.5,,1.0,50.0,
2024-11-14 03:00:00,43295099999,Bengaluru,NOAA,22.2,87.9,,1.0,50.0,
2024-11-14 06:00:00,43295099999,Bengaluru,NOAA,22.4,94.7,,0.0,,1.0
2024-11-14 09:00:00,43295099999,Bengaluru,NOAA,23.4,88.0,,1.0,,3.0
2024-11-14 12:00:00,43295099999,Bengaluru,NOAA,22.8,86.3,,1.5,50.0,3.0
2024-11-14 15:00:00,43295099999,Bengaluru,NOAA,22.6,86.3,,1.0,50.0,3.0
2024-11-14 18:00:00,43295099999,Bengaluru,NOAA,21.8,92.9,,0.0,,4.0
2024-11-14 21:00:00,43295099999,Bengaluru,NOAA,21.4,91.2,,1.0,50.0,4.0
2024-11-15 00:00:00,43295099999,Bengaluru,NOAA,20.8,92.9,,0.0,,4.0
2024-11-15 03:00:00,43295099999,Bengaluru,NOAA,22.0,87.9,,1.0,140.0,4.0
2024-11-15 06:00:00,43295099999,Bengaluru,NOAA,25.0,78.0,,1.0,140.0,
2024-11-15 09:00:00,43295099999,Bengaluru,NOAA,23.2,88.0,,0.0,,11.0
2024-11-15 12:00:00,43295099999,Bengaluru,NOAA,23.2,88.0,,0.0,,11.0
2024-11-15 15:00:00,43295099999,Bengaluru,NOAA,22.2,89.6,,0.0,,11.0
2024-11-15 18:00:00,43295099999,Bengaluru,NOAA,22.0,91.2,,0.0,,11.0
2024-11-15 21:00:00,43295099999,Bengaluru,NOAA,21.4,91.2,,0.0,,11.0
2024-11-16 00:00:00,43295099999,Bengaluru,NOAA,20.8,91.1,,1.0,50.0,11.0
2024-11-16 03:00:00,43295099999,Bengaluru,NOAA,22.6,89.6,,1.0,90.0,11.0
2024-11-16 06:00:00,43295099999,Bengaluru,NOAA,25.0,76.6,,1.0,90.0,
2024-11-16 09:00:00,43295099999,Bengaluru,NOAA,27.4,61.7,,1.0,360.0,
2024-11-16 12:00:00,43295099999,Bengaluru,NOAA,24.8,79.4,,1.5,50.0,0.0
2024-11-16 18:00:00,43295099999,Bengaluru,NOAA,21.6,89.5,,0.0,,3.0
2024-11-16 21:00:00,43295099999,Bengaluru,NOAA,21.0,91.1,,0.0,,3.0
2024-11-17 00:00:00,43295099999,Bengaluru,NOAA,21.6,85.7,,0.0,,3.0
2024-11-17 03:00:00,43295099999,Bengaluru,NOAA,22.8,88.0,,1.0,50.0,3.0
2024-11-17 06:00:00,43295099999,Bengaluru,NOAA,25.2,73.8,,1.0,50.0,
2024-11-17 09:00:00,43295099999,Bengaluru,NOAA,27.2,58.7,,1.0,50.0,
2024-11-17 12:00:00,43295099999,Bengaluru,NOAA,25.2,62.4,,1.0,50.0,
2024-11-17 15:00:00,43295099999,Bengaluru,NOAA,24.0,82.3,,1.0,50.0,
2024-11-17 18:00:00,43295099999,Bengaluru,NOAA,22.4,87.9,,1.0,50.0,
2024-11-17 21:00:00,43295099999,Bengaluru,NOAA,22.0,87.9,,1.0,50.0,
2024-11-21 21:00:00,43295099999,Bengaluru,NOAA,20.4,89.4,,1.0,360.0,
2024-11-22 00:00:00,43295099999,Bengaluru,NOAA,19.2,88.8,,1.0,90.0,
2024-11-22 03:00:00,43295099999,Bengaluru,NOAA,20.2,85.6,,1.0,90.0,
2024-11-22 06:00:00,43295099999,Bengaluru,NOAA,26.2,54.1,,1.0,50.0,
2024-11-22 09:00:00,43295099999,Bengaluru,NOAA,28.6,39.3,,1.0,,
2024-11-22 12:00:00,43295099999,Bengaluru,NOAA,26.4,51.8,,1.0,90.0,
2024-11-22 15:00:00,43295099999,Bengaluru,NOAA,23.0,67.7,,1.0,90.0,
2024-11-22 18:00:00,43295099999,Bengaluru,NOAA,21.4,87.8,,1.5,90.0,
2024-11-22 21:00:00,43295099999,Bengaluru,NOAA,20.0,88.8,,1.0,90.0,
2024-11-23 00:00:00,43295099999,Bengaluru,NOAA,19.2,88.8,,0.0,,
2024-11-23 03:00:00,43295099999,Bengaluru,NOAA,20.2,85.6,,1.5,50.0,
2024-11-23 06:00:00,43295099999,Bengaluru,NOAA,25.2,55.6,,1.5,50.0,
2024-11-23 09:00:00,43295099999,Bengaluru,NOAA,28.0,46.3,,0.0,,
2024-11-23 12:00:00,43295099999,Bengaluru,NOAA,26.4,58.1,,0.0,,
2024-11-23 15:00:00,43295099999,Bengaluru,NOAA,22.6,76.7,,0.0,,
2024-11-23 18:00:00,43295099999,Bengaluru,NOAA,22.0,87.9,,1.0,50.0,
2024-11-23 21:00:00,43295099999,Bengaluru,NOAA,21.0,89.5,,1.0,50.0,
2024-11-24 00:00:00,43295099999,Bengaluru,NOAA,19.8,90.5,,0.0,,
2024-11-24 03:00:00,43295099999,Bengaluru,NOAA,21.4,89.5,,0.0,,
2024-11-24 06:00:00,43295099999,Bengaluru,NOAA,27.0,57.5,,0.0,,
2024-11-24 09:00:00,43295099999,Bengaluru,NOAA,28.2,41.0,,1.0,90.0,
2024-11-24 12:00:00,43295099999,Bengaluru,NOAA,25.4,57.1,,0.0,,
2024-11-24 15:00:00,43295099999,Bengaluru,NOAA,22.6,68.9,,0.0,,
2024-11-24 18:00:00,43295099999,Bengaluru,NOAA,21.4,84.1,,1.0,,
2024-11-24 21:00:00,43295099999,Bengaluru,NOAA,20.0,88.8,,0.0,,
2024-11-25 00:00:00,43295099999,Bengaluru,NOAA,19.4,88.8,,0.0,,
2024-11-25 03:00:00,43295099999,Bengaluru,NOAA,19.8,88.8,,0.0,,
2024-11-25 06:00:00,43295099999,Bengaluru,NOAA,24.6,59.2,,1.0,50.0,
2024-11-25 09:00:00,43295099999,Bengaluru,NOAA,27.2,46.7,,1.0,90.0,
2024-11-25 12:00:00,43295099999,Bengaluru,NOAA,25.2,53.2,,1.0,50.0,
2024-11-25 15:00:00,43295099999,Bengaluru,NOAA,23.4,74.0,,0.0,,
2024-11-25 18:00:00,43295099999,Bengaluru,NOAA,22.0,87.9,,1.0,50.0,
2024-11-25 21:00:00,43295099999,Bengaluru,NOAA,20.4,89.4,,1.0,50.0,
2024-11-26 00:00:00,43295099999,Bengaluru,NOAA,20.0,88.8,,1.0,50.0,
2024-11-26 03:00:00,43295099999,Bengaluru,NOAA,20.2,87.2,,1.0,50.0,
2024-11-26 06:00:00,43295099999,Bengaluru,NOAA,23.4,75.4,,1.5,50.0,
2024-11-26 09:00:00,43295099999,Bengaluru,NOAA,23.2,74.0,,1.0,50.0,
2024-11-26 12:00:00,43295099999,Bengaluru,NOAA,21.2,86.2,,1.0,50.0,0.0
2024-11-26 15:00:00,43295099999,Bengaluru,NOAA,20.2,87.2,,1.0,140.0,0.0
2024-11-26 18:00:00,43295099999,Bengaluru,NOAA,19.4,90.5,,1.0,50.0,0.0
2024-11-27 00:00:00,43295099999,Bengaluru,NOAA,18.8,90.4,,0.0,,0.6
2024-11-27 03:00:00,43295099999,Bengaluru,NOAA,19.6,87.1,,1.0,50.0,0.6
2024-11-27 06:00:00,43295099999,Bengaluru,NOAA,23.2,70.8,,1.0,50.0,
2024-11-27 09:00:00,43295099999,Bengaluru,NOAA,24.0,68.7,,1.0,50.0,
2024-11-27 12:00:00,43295099999,Bengaluru,NOAA,23.4,72.6,,1.0,360.0,
2024-11-27 15:00:00,43295099999,Bengaluru,NOAA,21.0,78.9,,1.0,90.0,
2024-11-27 18:00:00,43295099999,Bengaluru,NOAA,20.0,83.9,,1.0,50.0,
2024-11-27 21:00:00,43295099999,Bengaluru,NOAA,19.6,81.8,,1.0,50.0,
2024-11-28 00:00:00,43295099999,Bengaluru,NOAA,18.4,88.7,,1.5,,
2024-11-28 03:00:00,43295099999,Bengaluru,NOAA,20.0,70.2,,1.0,50.0,
2024-11-28 06:00:00,43295099999,Bengaluru,NOAA,24.0,41.4,,1.5,50.0,
2024-11-28 09:00:00,43295099999,Bengaluru,NOAA,26.8,40.3,,0.0,,
2024-11-28 12:00:00,43295099999,Bengaluru,NOAA,24.8,40.0,,1.0,50.0,
2024-11-28 15:00:00,43295099999,Bengaluru,NOAA,20.8,59.8,,1.0,270.0,
2024-11-28 18:00:00,43295099999,Bengaluru,NOAA,20.0,70.2,,0.0,,
2024-11-28 21:00:00,43295099999,Bengaluru,NOAA,20.0,75.3,,1.0,50.0,
2024-11-29 00:00:00,43295099999,Bengaluru,NOAA,20.0,80.3,,1.0,50.0,
2024-11-29 03:00:00,43295099999,Bengaluru,NOAA,20.0,76.8,,0.0,,
2024-11-29 06:00:00,43295099999,Bengaluru,NOAA,23.8,70.0,,1.0,50.0,
2024-11-29 09:00:00,43295099999,Bengaluru,NOAA,27.2,61.3,,1.5,50.0,
2024-11-29 12:00:00,43295099999,Bengaluru,NOAA,24.8,68.9,,1.0,50.0,
2024-11-29 15:00:00,43295099999,Bengaluru,NOAA,22.4,78.1,,1.0,360.0,
2024-11-29 18:00:00,43295099999,Bengaluru,NOAA,21.4,87.8,,1.0,360.0,
2024-11-29 21:00:00,43295099999,Bengaluru,NOAA,21.2,89.5,,1.0,360.0,
2024-11-30 00:00:00,43295099999,Bengaluru,NOAA,21.0,91.1,,1.0,360.0,
2024-11-30 03:00:00,43295099999,Bengaluru,NOAA,21.0,89.5,,1.0,50.0,
2024-11-30 06:00:00,43295099999,Bengaluru,NOAA,22.0,87.9,,1.0,320.0,
2024-11-30 09:00:00,43295099999,Bengaluru,NOAA,22.2,86.3,,1.0,270.0,
2024-11-30 12:00:00,43295099999,Bengaluru,NOAA,22.0,86.3,,1.0,320.0,
2024-11-30 15:00:00,43295099999,Bengaluru,NOAA,21.8,89.5,,1.0,320.0,0.0
2024-11-30 18:00:00,43295099999,Bengaluru,NOAA,20.6,91.1,,1.0,320.0,2.0
2024-11-30 21:00:00,43295099999,Bengaluru,NOAA,20.2,91.1,,1.0,320.0,3.0
2024-12-02 00:00:00,43295099999,Bengaluru,NOAA,20.2,88.8,,1.0,320.0,16.0
2024-12-02 03:00:00,43295099999,Bengaluru,NOAA,21.2,91.2,,1.0,320.0,19.0
2024-12-02 06:00:00,43295099999,Bengaluru,NOAA,21.6,92.9,,2.1,50.0,6.0
2024-12-02 09:00:00,43295099999,Bengaluru,NOAA,21.8,92.9,,1.0,50.0,11.0
2024-12-02 12:00:00,43295099999,Bengaluru,NOAA,21.4,92.9,,1.0,90.0,14.0
2024-12-02 15:00:00,43295099999,Bengaluru,NOAA,21.6,89.5,,1.5,50.0,14.0
2024-12-02 18:00:00,43295099999,Bengaluru,NOAA,21.2,94.6,,1.5,50.0,34.0
2024-12-02 21:00:00,43295099999,Bengaluru,NOAA,21.0,89.5,,1.5,50.0,39.0
2024-12-03 00:00:00,43295099999,Bengaluru,NOAA,20.8,89.4,,1.5,50.0,39.0
2024-12-03 03:00:00,43295099999,Bengaluru,NOAA,21.0,92.9,,1.0,140.0,40.0
2024-12-03 06:00:00,43295099999,Bengaluru,NOAA,23.0,86.4,,1.0,50.0,
2024-12-03 09:00:00,43295099999,Bengaluru,NOAA,22.4,87.9,,1.0,140.0,20.0
2024-12-03 12:00:00,43295099999,Bengaluru,NOAA,22.6,87.9,,1.0,90.0,21.0
2024-12-03 15:00:00,43295099999,Bengaluru,NOAA,23.0,88.0,,1.5,90.0,21.0
2024-12-03 21:00:00,43295099999,Bengaluru,NOAA,21.4,89.5,,1.5,90.0,21.0
2024-12-04 00:00:00,43295099999,Bengaluru,NOAA,20.0,90.5,,1.5,140.0,21.0
2024-12-04 03:00:00,43295099999,Bengaluru,NOAA,20.8,85.6,,1.5,90.0,21.0
2024-12-04 06:00:00,43295099999,Bengaluru,NOAA,25.6,57.5,,1.5,140.0,
2024-12-04 09:00:00,43295099999,Bengaluru,NOAA,25.4,61.3,,1.0,90.0,
2024-12-04 12:00:00,43295099999,Bengaluru,NOAA,25.0,72.0,,0.0,,
2024-12-04 15:00:00,43295099999,Bengaluru,NOAA,23.8,88.6,,0.0,,
2024-12-04 18:00:00,43295099999,Bengaluru,NOAA,22.2,87.9,,1.0,50.0,
2024-12-04 21:00:00,43295099999,Bengaluru,NOAA,21.2,91.2,,0.0,,0.8
2024-12-05 00:00:00,43295099999,Bengaluru,NOAA,20.8,91.1,,0.0,,1.0
2024-12-05 03:00:00,43295099999,Bengaluru,NOAA,21.2,91.2,,1.5,50.0,3.0
2024-12-05 06:00:00,43295099999,Bengaluru,NOAA,25.0,77.5,,1.5,50.0,
2024-12-05 09:00:00,43295099999,Bengaluru,NOAA,27.4,60.2,,2.1,140.0,
2024-12-05 12:00:00,43295099999,Bengaluru,NOAA,25.0,87.1,,0.0,,2.0
2024-12-05 15:00:00,43295099999,Bengaluru,NOAA,22.4,84.7,,0.0,,2.0
2024-12-05 18:00:00,43295099999,Bengaluru,NOAA,22.2,84.7,,1.0,90.0,2.0
2024-12-05 21:00:00,43295099999,Bengaluru,NOAA,21.8,86.3,,1.0,90.0,
2024-12-06 00:00:00,43295099999,Bengaluru,NOAA,21.6,84.1,,0.0,,2.0
2024-12-06 03:00:00,43295099999,Bengaluru,NOAA,22.4,87.9,,0.0,,2.0
2024-12-06 06:00:00,43295099999,Bengaluru,NOAA,27.0,58.6,,1.5,140.0,
2024-12-06 09:00:00,43295099999,Bengaluru,NOAA,27.6,53.1,,1.0,90.0,
2024-12-06 12:00:00,43295099999,Bengaluru,NOAA,26.2,58.0,,1.0,140.0,
2024-12-06 15:00:00,43295099999,Bengaluru,NOAA,23.2,75.4,,1.5,140.0,
2024-12-06 18:00:00,43295099999,Bengaluru,NOAA,22.2,86.3,,1.5,140.0,
2024-12-06 21:00:00,43295099999,Bengaluru,NOAA,,,,9.3,20.0,
2024-12-07 00:00:00,43295099999,Bengaluru,NOAA,20.6,91.1,,0.0,,
2024-12-07 03:00:00,43295099999,Bengaluru,NOAA,22.4,87.9,,0.0,,
2024-12-07 06:00:00,43295099999,Bengaluru,NOAA,26.2,68.7,,1.0,140.0,
2024-12-07 09:00:00,43295099999,Bengaluru,NOAA,28.2,51.3,,1.0,180.0,
2024-12-07 12:00:00,43295099999,Bengaluru,NOAA,26.4,58.1,,1.0,90.0,
2024-12-07 15:00:00,43295099999,Bengaluru,NOAA,24.4,82.4,,1.0,140.0,
2024-12-07 18:00:00,43295099999,Bengaluru,NOAA,23.0,88.0,,1.0,140.0,
2024-12-07 21:00:00,43295099999,Bengaluru,NOAA,22.4,87.9,,1.5,140.0,
2024-12-08 00:00:00,43295099999,Bengaluru,NOAA,20.4,88.9,,1.5,140.0,
2024-12-08 03:00:00,43295099999,Bengaluru,NOAA,22.2,86.3,,0.0,,
2024-12-08 06:00:00,43295099999,Bengaluru,NOAA,27.4,44.4,,1.0,140.0,
2024-12-08 09:00:00,43295099999,Bengaluru,NOAA,29.6,41.4,,1.0,140.0,
2024-12-08 12:00:00,43295099999,Bengaluru,NOAA,26.4,45.5,,1.0,140.0,
2024-12-08 15:00:00,43295099999,Bengaluru,NOAA,23.4,71.3,,1.5,140.0,
2024-12-08 18:00:00,43295099999,Bengaluru,NOAA,22.0,84.7,,1.0,140.0,
2024-12-08 21:00:00,43295099999,Bengaluru,NOAA,21.0,89.5,,1.0,140.0,
2024-12-09 00:00:00,43295099999,Bengaluru,NOAA,20.2,88.8,,0.0,,
2024-12-09 03:00:00,43295099999,Bengaluru,NOAA,21.8,79.5,,1.5,90.0,
2024-12-09 06:00:00,43295099999,Bengaluru,NOAA,27.0,52.3,,1.0,,
2024-12-09 09:00:00,43295099999,Bengaluru,NOAA,28.0,41.7,,1.0,140.0,
2024-12-09 12:00:00,43295099999,Bengaluru,NOAA,26.4,51.8,,1.0,140.0,
2024-12-09 15:00:00,43295099999,Bengaluru,NOAA,23.2,72.6,,1.0,90.0,
2024-12-09 18:00:00,43295099999,Bengaluru,NOAA,22.0,86.3,,1.0,140.0,
2024-12-09 21:00:00,43295099999,Bengaluru,NOAA,21.2,86.2,,0.0,,
2024-12-10 00:00:00,43295099999,Bengaluru,NOAA,21.0,85.6,,0.0,,
2024-12-10 03:00:00,43295099999,Bengaluru,NOAA,21.8,87.9,,1.0,140.0,
2024-12-10 06:00:00,43295099999,Bengaluru,NOAA,26.2,54.1,,1.0,140.0,
2024-12-10 09:00:00,43295099999,Bengaluru,NOAA,28.2,45.4,,1.0,50.0,
2024-12-10 12:00:00,43295099999,Bengaluru,NOAA,26.2,51.4,,1.0,50.0,
2024-12-10 15:00:00,43295099999,Bengaluru,NOAA,23.4,60.8,,1.5,90.0,
2024-12-10 18:00:00,43295099999,Bengaluru,NOAA,22.2,76.6,,1.5,50.0,
2024-12-10 21:00:00,43295099999,Bengaluru,NOAA,21.2,79.4,,1.5,50.0,
2024-12-11 00:00:00,43295099999,Bengaluru,NOAA,21.0,84.0,,1.5,140.0,
2024-12-11 03:00:00,43295099999,Bengaluru,NOAA,21.2,87.8,,1.0,50.0,
2024-12-11 06:00:00,43295099999,Bengaluru,NOAA,25.0,56.7,,1.0,50.0,
2024-12-11 09:00:00,43295099999,Bengaluru,NOAA,25.4,58.6,,1.0,90.0,
2024-12-11 12:00:00,43295099999,Bengaluru,NOAA,24.4,60.3,,1.0,50.0,
2024-12-11 15:00:00,43295099999,Bengaluru,NOAA,22.4,81.6,,1.0,50.0,
2024-12-11 18:00:00,43295099999,Bengaluru,NOAA,22.0,87.9,,1.0,50.0,
2024-12-11 21:00:00,43295099999,Bengaluru,NOAA,21.4,87.8,,1.0,50.0,
2024-12-12 00:00:00,43295099999,Bengaluru,NOAA,21.4,89.5,,1.0,50.0,
2024-12-12 03:00:00,43295099999,Bengaluru,NOAA,21.4,86.2,,1.0,50.0,0.0
2024-12-12 06:00:00,43295099999,Bengaluru,NOAA,21.4,87.8,,1.0,50.0,0.1
2024-12-12 09:00:00,43295099999,Bengaluru,NOAA,21.0,87.8,,2.1,90.0,2.0
2024-12-12 12:00:00,43295099999,Bengaluru,NOAA,21.0,89.5,,1.5,50.0,3.0
2024-12-12 15:00:00,43295099999,Bengaluru,NOAA,20.8,91.1,,0.0,,4.0
2024-12-12 18:00:00,43295099999,Bengaluru,NOAA,20.6,91.1,,1.0,50.0,5.0
2024-12-12 21:00:00,43295099999,Bengaluru,NOAA,20.2,91.1,,1.0,50.0,5.0
2024-12-13 00:00:00,43295099999,Bengaluru,NOAA,20.0,90.5,,0.0,,5.0
2024-12-13 03:00:00,43295099999,Bengaluru,NOAA,20.4,88.9,,1.0,90.0,5.0
2024-12-13 06:00:00,43295099999,Bengaluru,NOAA,20.8,87.2,,1.0,140.0,0.4
2024-12-13 09:00:00,43295099999,Bengaluru,NOAA,22.0,86.3,,1.0,90.0,0.4
2024-12-13 12:00:00,43295099999,Bengaluru,NOAA,22.8,76.7,,1.0,90.0,0.4
2024-12-13 15:00:00,43295099999,Bengaluru,NOAA,22.4,78.1,,1.0,90.0,0.4
2024-12-13 18:00:00,43295099999,Bengaluru,NOAA,21.4,86.2,,1.0,50.0,0.4
2024-12-13 21:00:00,43295099999,Bengaluru,NOAA,20.6,87.2,,1.5,50.0,0.4
2024-12-14 00:00:00,43295099999,Bengaluru,NOAA,20.0,87.2,,1.0,90.0,0.4
2024-12-14 03:00:00,43295099999,Bengaluru,NOAA,19.8,87.1,,1.0,90.0,0.4
2024-12-14 06:00:00,43295099999,Bengaluru,NOAA,24.2,65.8,,1.0,90.0,
2024-12-14 09:00:00,43295099999,Bengaluru,NOAA,26.0,61.8,,1.0,50.0,
2024-12-14 12:00:00,43295099999,Bengaluru,NOAA,24.4,60.3,,1.0,90.0,
2024-12-14 15:00:00,43295099999,Bengaluru,NOAA,22.0,79.5,,1.0,90.0,
2024-12-14 18:00:00,43295099999,Bengaluru,NOAA,20.0,87.2,,1.0,90.0,
2024-12-14 21:00:00,43295099999,Bengaluru,NOAA,19.0,87.1,,1.0,90.0,
2024-12-15 00:00:00,43295099999,Bengaluru,NOAA,18.0,90.4,,1.0,90.0,
2024-12-15 03:00:00,43295099999,Bengaluru,NOAA,18.2,86.4,,1.5,50.0,
2024-12-15 06:00:00,43295099999,Bengaluru,NOAA,24.2,48.0,,1.0,50.0,
2024-12-15 09:00:00,43295099999,Bengaluru,NOAA,25.8,45.1,,1.0,50.0,
2024-12-15 12:00:00,43295099999,Bengaluru,NOAA,24.4,48.4,,1.0,50.0,
2024-12-15 15:00:00,43295099999,Bengaluru,NOAA,21.0,69.5,,1.0,90.0,
2024-12-15 18:00:00,43295099999,Bengaluru,NOAA,19.4,80.2,,1.0,90.0,
2024-12-15 21:00:00,43295099999,Bengaluru,NOAA,18.4,86.5,,1.0,90.0,
2024-12-16 00:00:00,43295099999,Bengaluru,NOAA,17.4,88.0,,1.0,90.0,
2024-12-16 03:00:00,43295099999,Bengaluru,NOAA,18.0,82.6,,1.0,90.0,
2024-12-16 06:00:00,43295099999,Bengaluru,NOAA,23.0,48.0,,1.0,50.0,
2024-12-16 09:00:00,43295099999,Bengaluru,NOAA,27.0,34.9,,1.0,50.0,
2024-12-16 12:00:00,43295099999,Bengaluru,NOAA,24.8,43.6,,0.0,,
2024-12-16 15:00:00,43295099999,Bengaluru,NOAA,21.2,60.3,,1.5,50.0,
2024-12-16 18:00:00,43295099999,Bengaluru,NOAA,19.2,79.7,,1.0,50.0,
2024-12-16 21:00:00,43295099999,Bengaluru,NOAA,17.8,90.4,,0.0,,
2024-12-17 00:00:00,43295099999,Bengaluru,NOAA,17.2,90.3,,0.0,,
2024-12-17 03:00:00,43295099999,Bengaluru,NOAA,18.4,84.8,,1.0,90.0,
2024-12-17 06:00:00,43295099999,Bengaluru,NOAA,24.0,61.3,,1.0,90.0,
2024-12-17 09:00:00,43295099999,Bengaluru,NOAA,27.8,54.5,,1.0,320.0,
2024-12-17 12:00:00,43295099999,Bengaluru,NOAA,26.8,57.1,,1.0,320.0,
2024-12-17 15:00:00,43295099999,Bengaluru,NOAA,23.4,75.4,,0.0,,
2024-12-17 18:00:00,43295099999,Bengaluru,NOAA,20.8,85.6,,1.0,50.0,
2024-12-17 21:00:00,43295099999,Bengaluru,NOAA,20.0,87.2,,0.0,,
2024-12-18 00:00:00,43295099999,Bengaluru,NOAA,19.4,87.1,,0.0,,
2024-12-18 03:00:00,43295099999,Bengaluru,NOAA,21.4,87.8,,1.0,50.0,
2024-12-18 06:00:00,43295099999,Bengaluru,NOAA,25.8,68.2,,1.0,50.0,
2024-12-18 15:00:00,43295099999,Bengaluru,NOAA,23.0,83.2,,1.0,50.0,0.0
2024-12-18 18:00:00,43295099999,Bengaluru,NOAA,22.4,86.3,,1.0,50.0,0.0
2024-12-18 21:00:00,43295099999,Bengaluru,NOAA,21.2,87.8,,1.5,50.0,0.0
2024-12-19 00:00:00,43295099999,Bengaluru,NOAA,20.6,87.2,,0.0,,0.0
2024-12-19 03:00:00,43295099999,Bengaluru,NOAA,21.4,87.8,,1.0,90.0,0.0
2024-12-19 06:00:00,43295099999,Bengaluru,NOAA,24.2,73.2,,1.0,90.0,
2024-12-19 09:00:00,43295099999,Bengaluru,NOAA,26.0,65.8,,1.0,50.0,
2024-12-19 12:00:00,43295099999,Bengaluru,NOAA,25.8,61.7,,0.0,,
2024-12-19 15:00:00,43295099999,Bengaluru,NOAA,24.4,76.0,,1.5,50.0,
2024-12-19 18:00:00,43295099999,Bengaluru,NOAA,23.5,85.9,,1.0,90.0,
2024-12-19 21:00:00,43295099999,Bengaluru,NOAA,22.4,87.9,,1.0,90.0,
2024-12-20 00:00:00,43295099999,Bengaluru,NOAA,21.4,87.8,,1.0,90.0,
2024-12-20 03:00:00,43295099999,Bengaluru,NOAA,21.4,86.2,,1.0,320.0,
2024-12-20 06:00:00,43295099999,Bengaluru,NOAA,26.0,70.0,,1.0,320.0,
2024-12-20 12:00:00,43295099999,Bengaluru,NOAA,25.4,61.3,,1.0,,
2024-12-20 15:00:00,43295099999,Bengaluru,NOAA,23.4,83.3,,0.0,,
2024-12-20 18:00:00,43295099999,Bengaluru,NOAA,22.2,86.3,,0.0,,
2024-12-20 21:00:00,43295099999,Bengaluru,NOAA,20.6,87.2,,0.0,,
2024-12-21 00:00:00,43295099999,Bengaluru,NOAA,20.2,87.2,,0.0,,
2024-12-21 03:00:00,43295099999,Bengaluru,NOAA,22.4,83.2,,1.5,140.0,
2024-12-21 06:00:00,43295099999,Bengaluru,NOAA,27.0,56.1,,1.5,50.0,
2024-12-21 09:00:00,43295099999,Bengaluru,NOAA,29.2,42.1,,0.0,,
2024-12-21 12:00:00,43295099999,Bengaluru,NOAA,28.0,48.7,,1.0,320.0,
2024-12-21 15:00:00,43295099999,Bengaluru,NOAA,23.6,72.6,,0.0,,
2024-12-21 18:00:00,43295099999,Bengaluru,NOAA,23.0,84.8,,1.0,50.0,
2024-12-21 21:00:00,43295099999,Bengaluru,NOAA,21.6,86.2,,0.0,,
2024-12-22 00:00:00,43295099999,Bengaluru,NOAA,21.4,86.2,,0.0,,
2024-12-22 03:00:00,43295099999,Bengaluru,NOAA,21.4,87.8,,0.0,,
2024-12-22 06:00:00,43295099999,Bengaluru,NOAA,24.0,68.3,,1.0,90.0,
2024-12-22 09:00:00,43295099999,Bengaluru,NOAA,27.4,50.4,,1.0,,
2024-12-22 12:00:00,43295099999,Bengaluru,NOAA,26.0,57.6,,0.0,,
2024-12-22 15:00:00,43295099999,Bengaluru,NOAA,23.2,75.4,,1.5,50.0,
2024-12-22 18:00:00,43295099999,Bengaluru,NOAA,22.0,83.1,,1.5,50.0,
2024-12-22 21:00:00,43295099999,Bengaluru,NOAA,21.6,86.2,,1.5,90.0,
2024-12-23 00:00:00,43295099999,Bengaluru,NOAA,20.0,92.8,,0.0,,
2024-12-23 03:00:00,43295099999,Bengaluru,NOAA,21.0,87.8,,1.0,90.0,
2024-12-23 06:00:00,43295099999,Bengaluru,NOAA,26.0,60.2,,1.0,90.0,
2024-12-23 09:00:00,43295099999,Bengaluru,NOAA,26.0,59.1,,0.0,,
2024-12-23 12:00:00,43295099999,Bengaluru,NOAA,25.4,57.1,,0.0,,
2024-12-23 15:00:00,43295099999,Bengaluru,NOAA,24.0,72.7,,0.0,,
2024-12-23 18:00:00,43295099999,Bengaluru,NOAA,22.0,81.1,,1.0,90.0,
2024-12-23 21:00:00,43295099999,Bengaluru,NOAA,20.4,87.2,,1.0,90.0,
2024-12-24 00:00:00,43295099999,Bengaluru,NOAA,19.4,87.1,,0.0,,
2024-12-24 03:00:00,43295099999,Bengaluru,NOAA,20.4,84.0,,0.0,,
2024-12-24 06:00:00,43295099999,Bengaluru,NOAA,26.2,44.3,,1.0,50.0,
2024-12-24 09:00:00,43295099999,Bengaluru,NOAA,27.2,47.9,,1.0,50.0,
2024-12-24 12:00:00,43295099999,Bengaluru,NOAA,25.6,53.6,,0.0,,
2024-12-24 15:00:00,43295099999,Bengaluru,NOAA,22.4,70.2,,1.0,90.0,
2024-12-24 18:00:00,43295099999,Bengaluru,NOAA,21.0,89.5,,0.0,,
2024-12-24 21:00:00,43295099999,Bengaluru,NOAA,20.0,88.8,,1.0,90.0,
2024-12-25 00:00:00,43295099999,Bengaluru,NOAA,19.0,88.7,,0.0,,
2024-12-25 03:00:00,43295099999,Bengaluru,NOAA,19.6,87.1,,0.0,,
2024-12-25 06:00:00,43295099999,Bengaluru,NOAA,24.0,61.3,,1.0,320.0,
2024-12-25 09:00:00,43295099999,Bengaluru,NOAA,26.0,57.6,,0.0,,
2024-12-25 12:00:00,43295099999,Bengaluru,NOAA,24.4,60.3,,1.0,50.0,
2024-12-25 15:00:00,43295099999,Bengaluru,NOAA,23.0,73.9,,1.0,50.0,
2024-12-25 18:00:00,43295099999,Bengaluru,NOAA,21.4,87.8,,0.0,,
2024-12-25 21:00:00,43295099999,Bengaluru,NOAA,21.2,89.5,,1.0,50.0,
2024-12-26 00:00:00,43295099999,Bengaluru,NOAA,20.4,87.2,,1.0,50.0,0.0
2024-12-26 03:00:00,43295099999,Bengaluru,NOAA,21.6,81.0,,0.0,,
2024-12-26 06:00:00,43295099999,Bengaluru,NOAA,24.4,77.4,,1.0,50.0,0.0
2024-12-26 09:00:00,43295099999,Bengaluru,NOAA,23.0,83.2,,1.0,50.0,0.1
2024-12-26 12:00:00,43295099999,Bengaluru,NOAA,22.4,87.9,,1.0,50.0,0.5
2024-12-26 15:00:00,43295099999,Bengaluru,NOAA,21.2,87.8,,1.5,50.0,0.9
2024-12-26 18:00:00,43295099999,Bengaluru,NOAA,20.8,91.1,,1.5,90.0,0.9
2024-12-26 21:00:00,43295099999,Bengaluru,NOAA,20.2,87.2,,1.5,50.0,0.9
2024-12-27 00:00:00,43295099999,Bengaluru,NOAA,19.6,88.8,,1.5,140.0,0.9
2024-12-27 03:00:00,43295099999,Bengaluru,NOAA,21.2,85.7,,1.0,50.0,0.9
2024-12-27 06:00:00,43295099999,Bengaluru,NOAA,23.8,77.4,,1.0,50.0,
2024-12-27 09:00:00,43295099999,Bengaluru,NOAA,23.0,84.8,,1.0,50.0,0.2
2024-12-27 12:00:00,43295099999,Bengaluru,NOAA,21.4,87.8,,1.0,,1.0
2024-12-27 15:00:00,43295099999,Bengaluru,NOAA,21.0,87.8,,1.0,90.0,1.0
2024-12-27 18:00:00,43295099999,Bengaluru,NOAA,20.4,88.9,,1.5,90.0,1.0
2024-12-27 21:00:00,43295099999,Bengaluru,NOAA,20.0,88.8,,1.5,90.0,1.0
2024-12-28 00:00:00,43295099999,Bengaluru,NOAA,19.4,88.8,,2.1,90.0,1.0
2024-12-28 03:00:00,43295099999,Bengaluru,NOAA,20.0,87.2,,1.0,50.0,1.0
2024-12-28 06:00:00,43295099999,Bengaluru,NOAA,23.4,68.2,,1.5,50.0,
2024-12-28 09:00:00,43295099999,Bengaluru,NOAA,26.2,50.5,,1.5,50.0,
2024-12-28 12:00:00,43295099999,Bengaluru,NOAA,24.0,58.6,,1.5,90.0,
2024-12-28 15:00:00,43295099999,Bengaluru,NOAA,22.0,71.5,,1.0,90.0,
2024-12-28 18:00:00,43295099999,Bengaluru,NOAA,21.0,85.6,,1.5,90.0,
2024-12-28 21:00:00,43295099999,Bengaluru,NOAA,20.4,87.2,,1.0,90.0,
2024-12-29 00:00:00,43295099999,Bengaluru,NOAA,19.0,87.1,,1.0,90.0,
2024-12-29 03:00:00,43295099999,Bengaluru,NOAA,20.0,85.5,,1.0,90.0,
2024-12-29 06:00:00,43295099999,Bengaluru,NOAA,24.4,60.3,,1.0,140.0,
2024-12-29 09:00:00,43295099999,Bengaluru,NOAA,27.4,34.6,,1.0,50.0,
2024-12-29 12:00:00,43295099999,Bengaluru,NOAA,26.2,41.8,,0.0,,
2024-12-29 15:00:00,43295099999,Bengaluru,NOAA,22.6,70.7,,1.0,50.0,
2024-12-29 18:00:00,43295099999,Bengaluru,NOAA,20.4,84.0,,1.0,90.0,
2024-12-29 21:00:00,43295099999,Bengaluru,NOAA,19.6,87.1,,1.0,90.0,
2024-12-30 00:00:00,43295099999,Bengaluru,NOAA,18.6,87.0,,1.0,50.0,
2024-12-30 03:00:00,43295099999,Bengaluru,NOAA,19.8,85.5,,1.0,50.0,
2024-12-30 06:00:00,43295099999,Bengaluru,NOAA,24.6,70.6,,1.0,50.0,
2024-12-30 09:00:00,43295099999,Bengaluru,NOAA,25.6,60.1,,1.0,90.0,
2024-12-30 12:00:00,43295099999,Bengaluru,NOAA,25.0,59.6,,2.1,90.0,
2024-12-30 15:00:00,43295099999,Bengaluru,NOAA,22.4,81.6,,1.0,50.0,
2024-12-30 18:00:00,43295099999,Bengaluru,NOAA,20.4,80.3,,0.0,,
2024-12-30 21:00:00,43295099999,Bengaluru,NOAA,18.6,81.1,,1.0,50.0,
2024-12-31 00:00:00,43295099999,Bengaluru,NOAA,17.4,84.2,,0.0,,
2024-12-31 03:00:00,43295099999,Bengaluru,NOAA,21.0,70.8,,1.0,50.0,
2024-12-31 06:00:00,43295099999,Bengaluru,NOAA,26.6,43.6,,1.0,140.0,
2024-12-31 09:00:00,43295099999,Bengaluru,NOAA,28.6,41.4,,1.0,50.0,
2024-12-31 12:00:00,43295099999,Bengaluru,NOAA,26.6,49.6,,2.1,90.0,
2024-12-31 15:00:00,43295099999,Bengaluru,NOAA,23.0,70.7,,2.1,90.0,
2024-12-31 18:00:00,43295099999,Bengaluru,NOAA,21.2,87.8,,2.1,90.0,
2024-12-31 21:00:00,43295099999,Bengaluru,NOAA,20.0,88.8,,2.1,90.0,
2025-01-01 00:00:00,43295099999,Bengaluru,NOAA,18.8,88.7,,1.5,90.0,
2025-01-01 03:00:00,43295099999,Bengaluru,NOAA,19.2,83.3,,1.0,90.0,
2025-01-01 06:00:00,43295099999,Bengaluru,NOAA,25.4,49.6,,1.5,90.0,
2025-01-01 09:00:00,43295099999,Bengaluru,NOAA,26.6,37.7,,1.5,230.0,
2025-01-01 12:00:00,43295099999,Bengaluru,NOAA,25.2,50.5,,1.0,,
2025-01-01 15:00:00,43295099999,Bengaluru,NOAA,21.8,65.3,,1.0,50.0,
2025-01-01 18:00:00,43295099999,Bengaluru,NOAA,20.2,81.9,,1.0,50.0,
2025-01-01 21:00:00,43295099999,Bengaluru,NOAA,18.4,90.4,,1.0,50.0,
2025-01-02 00:00:00,43295099999,Bengaluru,NOAA,17.2,90.3,,1.0,50.0,
2025-01-02 03:00:00,43295099999,Bengaluru,NOAA,19.0,74.7,,1.5,50.0,
2025-01-02 06:00:00,43295099999,Bengaluru,NOAA,24.6,51.0,,1.5,50.0,
2025-01-02 09:00:00,43295099999,Bengaluru,NOAA,27.2,36.4,,1.5,140.0,
2025-01-02 12:00:00,43295099999,Bengaluru,NOAA,25.4,42.1,,1.5,90.0,
2025-01-02 15:00:00,43295099999,Bengaluru,NOAA,21.4,66.5,,1.0,90.0,
2025-01-02 18:00:00,43295099999,Bengaluru,NOAA,20.0,83.4,,1.5,50.0,
2025-01-02 21:00:00,43295099999,Bengaluru,NOAA,19.2,87.1,,1.0,50.0,
2025-01-03 00:00:00,43295099999,Bengaluru,NOAA,18.0,88.7,,1.0,50.0,
2025-01-03 03:00:00,43295099999,Bengaluru,NOAA,18.4,86.5,,1.0,50.0,
2025-01-03 06:00:00,43295099999,Bengaluru,NOAA,24.0,47.9,,1.5,50.0,
2025-01-03 09:00:00,43295099999,Bengaluru,NOAA,27.0,40.7,,1.5,50.0,
2025-01-03 12:00:00,43295099999,Bengaluru,NOAA,25.0,42.8,,1.5,90.0,
2025-01-03 15:00:00,43295099999,Bengaluru,NOAA,21.0,64.7,,1.5,140.0,
2025-01-03 18:00:00,43295099999,Bengaluru,NOAA,19.2,81.7,,1.5,50.0,
2025-01-03 21:00:00,43295099999,Bengaluru,NOAA,17.0,86.3,,1.0,,
2025-01-04 00:00:00,43295099999,Bengaluru,NOAA,15.6,91.4,,0.0,,
2025-01-04 03:00:00,43295099999,Bengaluru,NOAA,15.6,85.6,,1.5,140.0,
2025-01-04 06:00:00,43295099999,Bengaluru,NOAA,21.8,56.2,,1.0,90.0,
2025-01-04 09:00:00,43295099999,Bengaluru,NOAA,26.6,37.7,,1.5,50.0,
2025-01-04 12:00:00,43295099999,Bengaluru,NOAA,24.8,42.5,,1.5,50.0,
2025-01-04 15:00:00,43295099999,Bengaluru,NOAA,21.0,64.7,,1.0,90.0,
2025-01-04 18:00:00,43295099999,Bengaluru,NOAA,19.4,80.2,,1.5,90.0,
2025-01-04 21:00:00,43295099999,Bengaluru,NOAA,18.0,90.4,,1.5,90.0,
2025-01-05 00:00:00,43295099999,Bengaluru,NOAA,17.4,90.3,,1.0,90.0,
2025-01-05 03:00:00,43295099999,Bengaluru,NOAA,16.2,87.9,,1.5,90.0,
2025-01-05 06:00:00,43295099999,Bengaluru,NOAA,22.6,57.2,,1.0,140.0,
2025-01-05 09:00:00,43295099999,Bengaluru,NOAA,26.6,35.5,,1.5,140.0,
2025-01-05 12:00:00,43295099999,Bengaluru,NOAA,25.4,38.4,,1.0,,
2025-01-05 15:00:00,43295099999,Bengaluru,NOAA,21.6,62.0,,1.0,90.0,
2025-01-05 18:00:00,43295099999,Bengaluru,NOAA,19.2,79.7,,1.0,90.0,
2025-01-05 21:00:00,43295099999,Bengaluru,NOAA,17.6,90.3,,1.5,90.0,
2025-01-06 00:00:00,43295099999,Bengaluru,NOAA,16.6,89.7,,1.0,90.0,
2025-01-06 03:00:00,43295099999,Bengaluru,NOAA,17.0,90.3,,1.5,140.0,
2025-01-06 06:00:00,43295099999,Bengaluru,NOAA,24.0,49.2,,0.0,,
2025-01-06 09:00:00,43295099999,Bengaluru,NOAA,27.2,38.6,,1.0,90.0,
2025-01-06 12:00:00,43295099999,Bengaluru,NOAA,25.6,37.7,,1.5,140.0,
2025-01-06 15:00:00,43295099999,Bengaluru,NOAA,21.2,64.7,,1.0,90.0,
2025-01-06 18:00:00,43295099999,Bengaluru,NOAA,19.0,78.1,,1.0,90.0,
2025-01-07 00:00:00,43295099999,Bengaluru,NOAA,16.6,89.7,,0.0,,
2025-01-07 03:00:00,43295099999,Bengaluru,NOAA,20.0,70.2,,1.0,50.0,
2025-01-07 06:00:00,43295099999,Bengaluru,NOAA,24.0,54.6,,0.0,,
2025-01-07 09:00:00,43295099999,Bengaluru,NOAA,26.4,35.2,,1.0,360.0,
2025-01-07 12:00:00,43295099999,Bengaluru,NOAA,26.0,40.4,,1.0,50.0,
2025-01-07 15:00:00,43295099999,Bengaluru,NOAA,21.2,63.1,,1.0,,
2025-01-07 18:00:00,43295099999,Bengaluru,NOAA,20.2,76.8,,1.5,50.0,
2025-01-08 00:00:00,43295099999,Bengaluru,NOAA,17.2,90.3,,0.0,,
2025-01-08 03:00:00,43295099999,Bengaluru,NOAA,18.8,84.9,,0.0,,
2025-01-08 06:00:00,43295099999,Bengaluru,NOAA,25.6,36.4,,1.0,320.0,
2025-01-08 09:00:00,43295099999,Bengaluru,NOAA,28.0,31.0,,1.0,270.0,
2025-01-08 12:00:00,43295099999,Bengaluru,NOAA,25.6,36.4,,1.0,50.0,
2025-01-08 15:00:00,43295099999,Bengaluru,NOAA,21.4,57.3,,1.5,90.0,
2025-01-08 18:00:00,43295099999,Bengaluru,NOAA,19.4,85.5,,2.6,90.0,
2025-01-08 21:00:00,43295099999,Bengaluru,NOAA,17.4,90.3,,1.5,90.0,
2025-01-09 00:00:00,43295099999,Bengaluru,NOAA,16.2,89.7,,1.5,90.0,
2025-01-09 03:00:00,43295099999,Bengaluru,NOAA,17.2,82.5,,1.5,90.0,
2025-01-09 06:00:00,43295099999,Bengaluru,NOAA,22.8,58.7,,2.1,50.0,
2025-01-09 09:00:00,43295099999,Bengaluru,NOAA,25.4,48.3,,1.5,50.0,
2025-01-09 12:00:00,43295099999,Bengaluru,NOAA,23.4,55.2,,2.1,140.0,
2025-01-09 15:00:00,43295099999,Bengaluru,NOAA,21.6,79.5,,1.5,90.0,
2025-01-09 18:00:00,43295099999,Bengaluru,NOAA,20.4,85.6,,1.0,90.0,
2025-01-10 00:00:00,43295099999,Bengaluru,NOAA,17.8,92.1,,1.0,90.0,
2025-01-10 03:00:00,43295099999,Bengaluru,NOAA,18.6,79.6,,1.5,140.0,
2025-01-10 06:00:00,43295099999,Bengaluru,NOAA,24.0,61.3,,1.5,90.0,
2025-01-10 09:00:00,43295099999,Bengaluru,NOAA,24.8,59.2,,1.5,140.0,
2025-01-10 12:00:00,43295099999,Bengaluru,NOAA,24.0,62.9,,1.5,90.0,
2025-01-10 15:00:00,43295099999,Bengaluru,NOAA,21.0,77.4,,1.0,90.0,
2025-01-10 18:00:00,43295099999,Bengaluru,NOAA,20.0,88.8,,2.1,90.0,
2025-01-10 21:00:00,43295099999,Bengaluru,NOAA,19.8,87.1,,2.1,90.0,
2025-01-11 00:00:00,43295099999,Bengaluru,NOAA,19.2,90.5,,1.5,90.0,
2025-01-11 03:00:00,43295099999,Bengaluru,NOAA,20.0,88.8,,1.5,90.0,
2025-01-11 06:00:00,43295099999,Bengaluru,NOAA,22.0,73.3,,1.5,90.0,
2025-01-11 09:00:00,43295099999,Bengaluru,NOAA,24.0,64.1,,1.0,90.0,
2025-01-11 12:00:00,43295099999,Bengaluru,NOAA,23.0,72.1,,1.5,90.0,
2025-01-11 15:00:00,43295099999,Bengaluru,NOAA,21.4,81.0,,1.5,90.0,
2025-01-11 18:00:00,43295099999,Bengaluru,NOAA,19.4,85.5,,1.5,90.0,
2025-01-12 00:00:00,43295099999,Bengaluru,NOAA,17.6,90.3,,1.5,90.0,
2025-01-12 03:00:00,43295099999,Bengaluru,NOAA,17.6,90.3,,1.5,90.0,
2025-01-12 06:00:00,43295099999,Bengaluru,NOAA,25.4,53.2,,1.0,50.0,
2025-01-12 09:00:00,43295099999,Bengaluru,NOAA,28.6,44.7,,1.0,90.0,
2025-01-12 12:00:00,43295099999,Bengaluru,NOAA,27.0,52.3,,1.0,50.0,
2025-01-12 15:00:00,43295099999,Bengaluru,NOAA,23.0,75.3,,1.0,50.0,
2025-01-12 18:00:00,43295099999,Bengaluru,NOAA,21.2,91.2,,1.5,50.0,
2025-01-12 21:00:00,43295099999,Bengaluru,NOAA,20.6,91.1,,2.1,50.0,
2025-01-13 00:00:00,43295099999,Bengaluru,NOAA,20.2,91.1,,1.0,50.0,
2025-01-13 03:00:00,43295099999,Bengaluru,NOAA,20.6,85.6,,1.0,50.0,
2025-01-13 06:00:00,43295099999,Bengaluru,NOAA,24.4,68.8,,1.0,50.0,
2025-01-13 09:00:00,43295099999,Bengaluru,NOAA,25.6,60.1,,1.5,50.0,
2025-01-13 12:00:00,43295099999,Bengaluru,NOAA,24.6,65.9,,1.5,50.0,
2025-01-13 15:00:00,43295099999,Bengaluru,NOAA,22.2,84.7,,1.0,90.0,
2025-01-13 18:00:00,43295099999,Bengaluru,NOAA,21.0,87.8,,1.5,90.0,
2025-01-13 21:00:00,43295099999,Bengaluru,NOAA,20.6,89.4,,1.0,90.0,
2025-01-14 00:00:00,43295099999,Bengaluru,NOAA,20.0,88.8,,1.5,90.0,
2025-01-14 03:00:00,43295099999,Bengaluru,NOAA,20.2,87.2,,1.0,140.0,
2025-01-14 06:00:00,43295099999,Bengaluru,NOAA,24.4,57.6,,1.5,140.0,
2025-01-14 09:00:00,43295099999,Bengaluru,NOAA,26.2,55.5,,1.5,90.0,
2025-01-14 12:00:00,43295099999,Bengaluru,NOAA,24.0,65.8,,1.0,90.0,
2025-01-14 15:00:00,43295099999,Bengaluru,NOAA,22.2,76.6,,1.0,50.0,
2025-01-14 18:00:00,43295099999,Bengaluru,NOAA,20.0,87.2,,1.5,90.0,
2025-01-14 21:00:00,43295099999,Bengaluru,NOAA,18.0,88.7,,2.1,90.0,
2025-01-15 00:00:00,43295099999,Bengaluru,NOAA,17.4,90.3,,2.1,50.0,
2025-01-15 03:00:00,43295099999,Bengaluru,NOAA,20.2,85.6,,1.0,90.0,
2025-01-15 06:00:00,43295099999,Bengaluru,NOAA,23.4,58.1,,1.5,90.0,
2025-01-15 09:00:00,43295099999,Bengaluru,NOAA,23.2,58.8,,1.0,90.0,99.0
2025-01-15 12:00:00,43295099999,Bengaluru,NOAA,23.4,60.8,,1.0,90.0,0.0
2025-01-15 15:00:00,43295099999,Bengaluru,NOAA,21.6,74.6,,1.5,50.0,0.0
2025-01-15 18:00:00,43295099999,Bengaluru,NOAA,20.2,76.8,,1.5,90.0,0.0
2025-01-15 21:00:00,43295099999,Bengaluru,NOAA,18.6,84.8,,1.0,,
2025-01-16 00:00:00,43295099999,Bengaluru,NOAA,17.4,88.0,,1.5,90.0,0.0
2025-01-16 03:00:00,43295099999,Bengaluru,NOAA,18.0,88.7,,1.5,90.0,0.0
2025-01-16 06:00:00,43295099999,Bengaluru,NOAA,23.4,58.1,,1.0,90.0,
2025-01-16 09:00:00,43295099999,Bengaluru,NOAA,26.0,47.6,,1.5,140.0,
2025-01-16 12:00:00,43295099999,Bengaluru,NOAA,25.0,45.2,,1.5,90.0,
2025-01-16 15:00:00,43295099999,Bengaluru,NOAA,22.0,67.0,,1.0,90.0,
2025-01-16 18:00:00,43295099999,Bengaluru,NOAA,20.2,91.1,,2.1,90.0,
2025-01-16 21:00:00,43295099999,Bengaluru,NOAA,19.4,90.5,,1.0,90.0,
2025-01-17 00:00:00,43295099999,Bengaluru,NOAA,18.0,92.1,,1.0,90.0,
2025-01-17 03:00:00,43295099999,Bengaluru,NOAA,18.8,88.7,,1.5,50.0,
2025-01-17 06:00:00,43295099999,Bengaluru,NOAA,22.0,68.3,,1.5,90.0,
2025-01-17 09:00:00,43295099999,Bengaluru,NOAA,24.4,59.1,,1.5,50.0,
2025-01-17 12:00:00,43295099999,Bengaluru,NOAA,24.0,50.5,,1.5,140.0,
2025-01-17 15:00:00,43295099999,Bengaluru,NOAA,21.0,76.0,,1.0,50.0,
2025-01-17 18:00:00,43295099999,Bengaluru,NOAA,19.0,87.1,,1.5,50.0,
2025-01-17 21:00:00,43295099999,Bengaluru,NOAA,17.6,90.3,,1.5,90.0,
2025-01-18 00:00:00,43295099999,Bengaluru,NOAA,17.4,92.1,,1.5,90.0,
2025-01-18 03:00:00,43295099999,Bengaluru,NOAA,18.6,79.6,,1.5,90.0,
2025-01-18 06:00:00,43295099999,Bengaluru,NOAA,24.6,53.7,,1.5,140.0,
2025-01-18 09:00:00,43295099999,Bengaluru,NOAA,26.4,48.0,,1.0,90.0,
2025-01-18 12:00:00,43295099999,Bengaluru,NOAA,25.0,55.6,,1.0,90.0,
2025-01-18 15:00:00,43295099999,Bengaluru,NOAA,22.4,64.2,,1.0,90.0,
2025-01-18 18:00:00,43295099999,Bengaluru,NOAA,21.0,76.0,,0.0,,
2025-01-18 21:00:00,43295099999,Bengaluru,NOAA,19.4,83.3,,1.5,90.0,
2025-01-19 00:00:00,43295099999,Bengaluru,NOAA,19.2,87.1,,1.0,50.0,
2025-01-19 03:00:00,43295099999,Bengaluru,NOAA,18.4,88.7,,1.5,50.0,3.0
2025-01-19 06:00:00,43295099999,Bengaluru,NOAA,19.6,88.8,,1.5,50.0,0.0
2025-01-19 09:00:00,43295099999,Bengaluru,NOAA,20.4,91.1,,1.0,50.0,2.0
2025-01-19 12:00:00,43295099999,Bengaluru,NOAA,20.8,91.1,,1.0,50.0,2.0
2025-01-19 15:00:00,43295099999,Bengaluru,NOAA,20.2,85.6,,1.5,50.0,2.0
2025-01-19 18:00:00,43295099999,Bengaluru,NOAA,20.0,92.8,,1.5,90.0,2.0
2025-01-19 21:00:00,43295099999,Bengaluru,NOAA,19.6,92.8,,0.0,,2.0
2025-01-20 00:00:00,43295099999,Bengaluru,NOAA,18.6,92.1,,0.0,,2.0
2025-01-20 03:00:00,43295099999,Bengaluru,NOAA,19.2,90.5,,1.0,50.0,2.0
2025-01-20 06:00:00,43295099999,Bengaluru,NOAA,24.4,53.7,,1.0,50.0,
2025-01-20 09:00:00,43295099999,Bengaluru,NOAA,27.4,40.0,,1.0,90.0,
2025-01-20 12:00:00,43295099999,Bengaluru,NOAA,26.2,38.3,,1.0,50.0,
2025-01-20 15:00:00,43295099999,Bengaluru,NOAA,21.8,53.4,,0.0,,
2025-01-20 18:00:00,43295099999,Bengaluru,NOAA,20.4,84.0,,1.0,50.0,
2025-01-20 21:00:00,43295099999,Bengaluru,NOAA,18.2,88.7,,0.0,,
2025-01-21 00:00:00,43295099999,Bengaluru,NOAA,17.0,90.3,,0.0,,
2025-01-21 03:00:00,43295099999,Bengaluru,NOAA,18.4,77.5,,1.5,50.0,
2025-01-21 06:00:00,43295099999,Bengaluru,NOAA,23.4,48.4,,1.0,90.0,
2025-01-21 09:00:00,43295099999,Bengaluru,NOAA,27.2,34.3,,1.5,50.0,
2025-01-21 12:00:00,43295099999,Bengaluru,NOAA,25.4,44.4,,1.5,50.0,
2025-01-21 15:00:00,43295099999,Bengaluru,NOAA,21.0,66.0,,0.0,,
2025-01-21 18:00:00,43295099999,Bengaluru,NOAA,19.2,88.8,,1.0,50.0,
2025-01-21 21:00:00,43295099999,Bengaluru,NOAA,17.0,90.3,,0.0,,
2025-01-22 00:00:00,43295099999,Bengaluru,NOAA,15.6,89.6,,0.0,,
2025-01-22 03:00:00,43295099999,Bengaluru,NOAA,19.0,61.0,,1.5,50.0,
2025-01-22 06:00:00,43295099999,Bengaluru,NOAA,25.6,52.3,,1.5,90.0,
2025-01-22 09:00:00,43295099999,Bengaluru,NOAA,28.2,51.3,,0.0,,
2025-01-22 12:00:00,43295099999,Bengaluru,NOAA,26.2,59.2,,1.0,90.0,
2025-01-22 15:00:00,43295099999,Bengaluru,NOAA,21.6,82.5,,1.5,90.0,
2025-01-22 18:00:00,43295099999,Bengaluru,NOAA,20.2,91.1,,1.0,90.0,
2025-01-22 21:00:00,43295099999,Bengaluru,NOAA,19.2,88.8,,1.0,90.0,
2025-01-23 00:00:00,43295099999,Bengaluru,NOAA,18.4,92.1,,1.0,50.0,
2025-01-23 03:00:00,43295099999,Bengaluru,NOAA,19.2,88.8,,0.0,,
2025-01-23 06:00:00,43295099999,Bengaluru,NOAA,26.2,61.8,,1.0,90.0,
2025-01-23 12:00:00,43295099999,Bengaluru,NOAA,27.2,39.7,,1.5,110.0,
2025-01-23 15:00:00,43295099999,Bengaluru,NOAA,23.0,66.4,,1.5,50.0,
2025-01-23 18:00:00,43295099999,Bengaluru,NOAA,20.0,85.5,,1.5,90.0,
2025-01-24 00:00:00,43295099999,Bengaluru,NOAA,18.0,92.1,,1.0,,
2025-01-24 03:00:00,43295099999,Bengaluru,NOAA,18.0,86.4,,1.0,90.0,
2025-01-24 06:00:00,43295099999,Bengaluru,NOAA,23.6,55.6,,1.5,90.0,
2025-01-24 09:00:00,43295099999,Bengaluru,NOAA,27.6,42.4,,1.5,90.0,
2025-01-24 12:00:00,43295099999,Bengaluru,NOAA,26.0,44.0,,1.0,90.0,
2025-01-24 15:00:00,43295099999,Bengaluru,NOAA,22.2,65.8,,1.0,90.0,
2025-01-24 18:00:00,43295099999,Bengaluru,NOAA,19.8,87.1,,1.0,90.0,
2025-01-24 21:00:00,43295099999,Bengaluru,NOAA,18.2,90.4,,1.0,90.0,
2025-01-25 00:00:00,43295099999,Bengaluru,NOAA,16.8,92.0,,1.5,90.0,
2025-01-25 03:00:00,43295099999,Bengaluru,NOAA,16.8,88.0,,1.0,50.0,
2025-01-25 06:00:00,43295099999,Bengaluru,NOAA,24.0,49.2,,1.0,140.0,
2025-01-25 09:00:00,43295099999,Bengaluru,NOAA,29.2,33.7,,1.5,50.0,
2025-01-25 12:00:00,43295099999,Bengaluru,NOAA,27.2,34.3,,1.5,50.0,
2025-01-25 15:00:00,43295099999,Bengaluru,NOAA,21.6,60.8,,1.0,90.0,
2025-01-25 18:00:00,43295099999,Bengaluru,NOAA,20.2,87.2,,1.0,140.0,
2025-01-25 21:00:00,43295099999,Bengaluru,NOAA,18.4,88.7,,1.0,90.0,
2025-01-26 00:00:00,43295099999,Bengaluru,NOAA,16.6,92.0,,0.0,,
2025-01-26 03:00:00,43295099999,Bengaluru,NOAA,20.8,49.3,,1.5,90.0,
2025-01-26 06:00:00,43295099999,Bengaluru,NOAA,27.4,28.2,,1.5,50.0,
2025-01-26 09:00:00,43295099999,Bengaluru,NOAA,29.8,22.2,,1.0,50.0,
2025-01-26 12:00:00,43295099999,Bengaluru,NOAA,27.0,27.5,,1.0,50.0,
2025-01-26 15:00:00,43295099999,Bengaluru,NOAA,22.0,59.7,,1.5,140.0,
2025-01-26 18:00:00,43295099999,Bengaluru,NOAA,19.4,90.5,,1.0,90.0,
2025-01-26 21:00:00,43295099999,Bengaluru,NOAA,18.2,92.1,,1.0,50.0,
2025-01-27 00:00:00,43295099999,Bengaluru,NOAA,17.2,92.1,,1.0,90.0,
2025-01-27 03:00:00,43295099999,Bengaluru,NOAA,19.6,74.8,,0.0,,
2025-01-27 06:00:00,43295099999,Bengaluru,NOAA,26.0,52.7,,1.0,50.0,
2025-01-27 09:00:00,43295099999,Bengaluru,NOAA,29.0,33.4,,1.0,50.0,
2025-01-27 12:00:00,43295099999,Bengaluru,NOAA,27.4,38.9,,1.0,90.0,
2025-01-27 15:00:00,43295099999,Bengaluru,NOAA,22.2,62.5,,1.5,90.0,
2025-01-27 18:00:00,43295099999,Bengaluru,NOAA,20.0,85.5,,1.5,50.0,
2025-01-27 21:00:00,43295099999,Bengaluru,NOAA,18.0,92.1,,1.5,90.0,
2025-01-28 00:00:00,43295099999,Bengaluru,NOAA,17.0,92.1,,1.5,50.0,
2025-01-28 03:00:00,43295099999,Bengaluru,NOAA,19.0,78.1,,0.0,,
2025-01-28 06:00:00,43295099999,Bengaluru,NOAA,25.2,50.5,,0.0,,
2025-01-28 09:00:00,43295099999,Bengaluru,NOAA,29.0,35.5,,1.0,90.0,
2025-01-28 12:00:00,43295099999,Bengaluru,NOAA,27.4,40.0,,1.0,90.0,
2025-01-28 15:00:00,43295099999,Bengaluru,NOAA,22.8,63.0,,1.0,50.0,
2025-01-28 18:00:00,43295099999,Bengaluru,NOAA,20.0,88.8,,1.0,50.0,
2025-01-28 21:00:00,43295099999,Bengaluru,NOAA,18.4,90.4,,1.5,90.0,
2025-01-29 00:00:00,43295099999,Bengaluru,NOAA,17.8,92.1,,1.5,90.0,
2025-01-29 03:00:00,43295099999,Bengaluru,NOAA,18.8,83.3,,1.0,50.0,
2025-01-29 06:00:00,43295099999,Bengaluru,NOAA,18.8,83.3,,1.0,50.0,
2025-01-29 09:00:00,43295099999,Bengaluru,NOAA,30.4,28.5,,1.5,90.0,
2025-01-29 12:00:00,43295099999,Bengaluru,NOAA,29.0,35.5,,1.5,50.0,
2025-01-29 15:00:00,43295099999,Bengaluru,NOAA,23.6,71.3,,1.0,90.0,
2025-01-29 18:00:00,43295099999,Bengaluru,NOAA,20.8,89.4,,1.0,90.0,
2025-01-29 21:00:00,43295099999,Bengaluru,NOAA,19.2,90.5,,1.0,90.0,
2025-01-30 00:00:00,43295099999,Bengaluru,NOAA,18.6,92.1,,1.0,90.0,
2025-01-30 03:00:00,43295099999,Bengaluru,NOAA,19.0,90.4,,1.5,140.0,
2025-01-30 06:00:00,43295099999,Bengaluru,NOAA,24.4,70.1,,1.5,140.0,
2025-01-30 09:00:00,43295099999,Bengaluru,NOAA,28.0,46.3,,1.0,140.0,
2025-01-30 12:00:00,43295099999,Bengaluru,NOAA,27.2,46.7,,1.0,90.0,
2025-01-30 15:00:00,43295099999,Bengaluru,NOAA,23.2,66.4,,1.5,90.0,
2025-01-30 18:00:00,43295099999,Bengaluru,NOAA,21.4,76.0,,1.0,90.0,
2025-01-30 21:00:00,43295099999,Bengaluru,NOAA,20.2,85.6,,1.0,140.0,
2025-01-31 00:00:00,43295099999,Bengaluru,NOAA,20.0,87.2,,1.5,90.0,
2025-01-31 03:00:00,43295099999,Bengaluru,NOAA,19.6,88.8,,1.0,90.0,
2025-01-31 06:00:00,43295099999,Bengaluru,NOAA,27.8,63.0,,1.0,140.0,
2025-01-31 09:00:00,43295099999,Bengaluru,NOAA,30.6,43.5,,1.0,140.0,
2025-01-31 12:00:00,43295099999,Bengaluru,NOAA,29.6,50.4,,1.0,90.0,
2025-01-31 15:00:00,43295099999,Bengaluru,NOAA,25.0,70.7,,1.5,50.0,
2025-01-31 18:00:00,43295099999,Bengaluru,NOAA,22.4,84.7,,1.5,50.0,
2025-01-31 21:00:00,43295099999,Bengaluru,NOAA,21.2,94.6,,1.5,90.0,
2025-02-01 00:00:00,43295099999,Bengaluru,NOAA,20.4,88.9,,1.5,90.0,
2025-02-01 03:00:00,43295099999,Bengaluru,NOAA,22.0,89.5,,0.0,,
2025-02-01 06:00:00,43295099999,Bengaluru,NOAA,27.2,64.0,,0.0,,
2025-02-01 09:00:00,43295099999,Bengaluru,NOAA,30.4,40.3,,1.0,50.0,
2025-02-01 12:00:00,43295099999,Bengaluru,NOAA,29.4,36.1,,0.0,,
2025-02-01 15:00:00,43295099999,Bengaluru,NOAA,24.6,63.4,,1.0,50.0,
2025-02-01 18:00:00,43295099999,Bengaluru,NOAA,22.6,75.3,,1.0,50.0,
2025-02-01 21:00:00,43295099999,Bengaluru,NOAA,20.8,87.2,,1.5,90.0,
2025-02-02 00:00:00,43295099999,Bengaluru,NOAA,19.6,88.8,,1.0,90.0,
2025-02-02 03:00:00,43295099999,Bengaluru,NOAA,19.6,88.8,,1.0,90.0,
2025-02-02 06:00:00,43295099999,Bengaluru,NOAA,28.6,48.2,,1.0,50.0,
2025-02-02 09:00:00,43295099999,Bengaluru,NOAA,31.8,27.7,,1.5,50.0,
2025-02-02 12:00:00,43295099999,Bengaluru,NOAA,29.4,30.0,,1.5,50.0,
2025-02-02 15:00:00,43295099999,Bengaluru,NOAA,23.8,46.3,,1.5,50.0,
2025-02-02 18:00:00,43295099999,Bengaluru,NOAA,21.6,71.4,,1.0,50.0,
2025-02-02 21:00:00,43295099999,Bengaluru,NOAA,19.8,74.8,,0.0,,
2025-02-03 00:00:00,43295099999,Bengaluru,NOAA,17.8,92.1,,0.0,,
2025-02-03 03:00:00,43295099999,Bengaluru,NOAA,21.4,74.6,,1.5,90.0,
2025-02-03 06:00:00,43295099999,Bengaluru,NOAA,27.8,34.0,,1.5,50.0,
2025-02-03 09:00:00,43295099999,Bengaluru,NOAA,31.0,27.5,,1.0,50.0,
2025-02-03 12:00:00,43295099999,Bengaluru,NOAA,28.2,37.7,,1.0,140.0,
2025-02-03 15:00:00,43295099999,Bengaluru,NOAA,22.8,58.7,,1.0,90.0,
2025-02-03 18:00:00,43295099999,Bengaluru,NOAA,20.6,84.0,,0.0,,
2025-02-04 00:00:00,43295099999,Bengaluru,NOAA,16.2,89.7,,0.0,,
2025-02-04 03:00:00,43295099999,Bengaluru,NOAA,21.8,54.8,,0.0,,
2025-02-04 06:00:00,43295099999,Bengaluru,NOAA,28.2,34.6,,1.0,140.0,
2025-02-04 09:00:00,43295099999,Bengaluru,NOAA,31.0,34.0,,1.5,50.0,
2025-02-04 12:00:00,43295099999,Bengaluru,NOAA,28.6,32.9,,1.0,50.0,
2025-02-04 15:00:00,43295099999,Bengaluru,NOAA,23.8,52.8,,1.5,50.0,
2025-02-04 18:00:00,43295099999,Bengaluru,NOAA,21.0,77.4,,1.5,50.0,
2025-02-04 21:00:00,43295099999,Bengaluru,NOAA,19.0,79.6,,1.5,90.0,
2025-02-05 00:00:00,43295099999,Bengaluru,NOAA,18.0,86.4,,1.0,,
2025-02-05 03:00:00,43295099999,Bengaluru,NOAA,21.6,71.4,,1.0,90.0,
2025-02-05 06:00:00,43295099999,Bengaluru,NOAA,28.0,48.7,,2.1,140.0,
2025-02-05 09:00:00,43295099999,Bengaluru,NOAA,30.8,34.8,,1.0,140.0,
2025-02-05 12:00:00,43295099999,Bengaluru,NOAA,29.0,36.7,,1.0,90.0,
2025-02-05 15:00:00,43295099999,Bengaluru,NOAA,24.0,61.3,,2.1,90.0,
2025-02-05 18:00:00,43295099999,Bengaluru,NOAA,21.2,74.1,,1.5,140.0,
2025-02-05 21:00:00,43295099999,Bengaluru,NOAA,19.4,76.7,,1.0,90.0,
2025-02-06 00:00:00,43295099999,Bengaluru,NOAA,18.0,84.8,,0.0,,
2025-02-06 03:00:00,43295099999,Bengaluru,NOAA,21.4,52.9,,0.0,,
2025-02-06 06:00:00,43295099999,Bengaluru,NOAA,27.4,29.2,,1.5,90.0,
2025-02-06 09:00:00,43295099999,Bengaluru,NOAA,30.2,35.1,,1.5,50.0,
2025-02-06 12:00:00,43295099999,Bengaluru,NOAA,28.0,41.7,,1.5,90.0,
2025-02-06 15:00:00,43295099999,Bengaluru,NOAA,24.0,61.3,,1.5,140.0,
2025-02-06 18:00:00,43295099999,Bengaluru,NOAA,21.0,74.1,,1.5,140.0,
2025-02-06 21:00:00,43295099999,Bengaluru,NOAA,19.0,78.1,,0.0,,
2025-02-07 00:00:00,43295099999,Bengaluru,NOAA,17.4,86.4,,0.0,,
2025-02-07 03:00:00,43295099999,Bengaluru,NOAA,22.0,64.1,,1.5,140.0,
2025-02-07 06:00:00,43295099999,Bengaluru,NOAA,28.2,35.5,,1.5,50.0,
2025-02-07 09:00:00,43295099999,Bengaluru,NOAA,30.4,33.4,,2.1,90.0,
2025-02-07 12:00:00,43295099999,Bengaluru,NOAA,29.0,29.4,,1.5,90.0,
2025-02-07 15:00:00,43295099999,Bengaluru,NOAA,23.8,55.6,,1.5,90.0,
2025-02-07 18:00:00,43295099999,Bengaluru,NOAA,21.0,76.0,,1.0,90.0,
2025-02-08 00:00:00,43295099999,Bengaluru,NOAA,18.0,88.7,,0.0,,
2025-02-08 03:00:00,43295099999,Bengaluru,NOAA,21.4,89.5,,1.5,90.0,
2025-02-08 06:00:00,43295099999,Bengaluru,NOAA,27.4,46.7,,1.5,90.0,
2025-02-08 09:00:00,43295099999,Bengaluru,NOAA,30.0,43.1,,1.0,50.0,
2025-02-08 12:00:00,43295099999,Bengaluru,NOAA,28.4,50.1,,1.0,50.0,
2025-02-08 15:00:00,43295099999,Bengaluru,NOAA,24.0,65.8,,1.5,140.0,
2025-02-08 18:00:00,43295099999,Bengaluru,NOAA,21.6,76.1,,0.0,,
2025-02-08 21:00:00,43295099999,Bengaluru,NOAA,20.2,84.0,,0.0,,
2025-02-09 00:00:00,43295099999,Bengaluru,NOAA,18.8,87.1,,0.0,,
2025-02-09 03:00:00,43295099999,Bengaluru,NOAA,21.4,76.0,,1.0,90.0,
2025-02-09 06:00:00,43295099999,Bengaluru,NOAA,27.4,55.1,,1.0,50.0,
2025-02-09 09:00:00,43295099999,Bengaluru,NOAA,29.2,46.6,,1.0,50.0,
2025-02-09 12:00:00,43295099999,Bengaluru,NOAA,28.0,44.0,,1.0,50.0,
2025-02-09 15:00:00,43295099999,Bengaluru,NOAA,23.8,74.5,,2.1,90.0,
2025-02-09 18:00:00,43295099999,Bengaluru,NOAA,21.8,76.1,,2.1,90.0,
2025-02-10 00:00:00,43295099999,Bengaluru,NOAA,18.8,87.1,,1.0,90.0,
2025-02-10 03:00:00,43295099999,Bengaluru,NOAA,19.0,88.7,,1.0,90.0,
2025-02-10 06:00:00,43295099999,Bengaluru,NOAA,25.0,66.4,,1.5,90.0,
2025-02-10 09:00:00,43295099999,Bengaluru,NOAA,29.0,43.1,,1.5,140.0,
2025-02-10 12:00:00,43295099999,Bengaluru,NOAA,28.0,48.7,,1.5,50.0,
2025-02-10 15:00:00,43295099999,Bengaluru,NOAA,24.0,61.3,,1.0,50.0,
2025-02-10 18:00:00,43295099999,Bengaluru,NOAA,21.6,76.1,,1.0,50.0,
2025-02-11 00:00:00,43295099999,Bengaluru,NOAA,18.2,92.1,,1.5,90.0,
2025-02-11 03:00:00,43295099999,Bengaluru,NOAA,20.6,67.6,,1.5,50.0,
2025-02-11 06:00:00,43295099999,Bengaluru,NOAA,27.6,35.8,,1.5,50.0,
2025-02-11 09:00:00,43295099999,Bengaluru,NOAA,30.4,20.4,,1.0,90.0,
2025-02-11 12:00:00,43295099999,Bengaluru,NOAA,30.0,21.6,,1.5,90.0,
2025-02-11 15:00:00,43295099999,Bengaluru,NOAA,24.0,47.9,,1.0,140.0,
2025-02-12 00:00:00,43295099999,Bengaluru,NOAA,17.0,88.0,,0.0,,
2025-02-12 03:00:00,43295099999,Bengaluru,NOAA,21.0,77.4,,1.0,90.0,
2025-02-12 06:00:00,43295099999,Bengaluru,NOAA,29.0,24.7,,1.0,90.0,
2025-02-12 09:00:00,43295099999,Bengaluru,NOAA,32.0,16.2,,1.0,90.0,
2025-02-12 12:00:00,43295099999,Bengaluru,NOAA,30.4,12.8,,1.0,90.0,
2025-02-12 15:00:00,43295099999,Bengaluru,NOAA,25.2,40.7,,1.5,90.0,
2025-02-12 18:00:00,43295099999,Bengaluru,NOAA,22.4,59.8,,1.5,50.0,
2025-02-12 21:00:00,43295099999,Bengaluru,NOAA,20.0,80.3,,0.0,,
2025-02-13 00:00:00,43295099999,Bengaluru,NOAA,18.0,81.1,,0.0,,
2025-02-13 03:00:00,43295099999,Bengaluru,NOAA,22.4,67.1,,1.0,90.0,
2025-02-13 06:00:00,43295099999,Bengaluru,NOAA,29.6,36.3,,1.5,140.0,
2025-02-13 09:00:00,43295099999,Bengaluru,NOAA,22.4,67.5,,1.0,90.0,
2025-02-13 12:00:00,43295099999,Bengaluru,NOAA,30.2,31.2,,2.1,140.0,
2025-02-13 15:00:00,43295099999,Bengaluru,NOAA,25.8,47.5,,1.0,90.0,
2025-02-13 18:00:00,43295099999,Bengaluru,NOAA,23.0,61.9,,1.0,90.0,
2025-02-13 21:00:00,43295099999,Bengaluru,NOAA,21.0,78.9,,0.0,,
2025-02-14 00:00:00,43295099999,Bengaluru,NOAA,19.0,79.6,,0.0,,
2025-02-14 03:00:00,43295099999,Bengaluru,NOAA,22.2,68.8,,1.0,90.0,
2025-02-14 06:00:00,43295099999,Bengaluru,NOAA,30.0,39.9,,2.1,50.0,
2025-02-14 09:00:00,43295099999,Bengaluru,NOAA,32.2,29.9,,2.1,50.0,
2025-02-14 12:00:00,43295099999,Bengaluru,NOAA,30.6,31.7,,1.0,90.0,
2025-02-14 15:00:00,43295099999,Bengaluru,NOAA,26.0,44.0,,1.0,90.0,
2025-02-14 18:00:00,43295099999,Bengaluru,NOAA,23.0,72.1,,1.0,90.0,
2025-02-14 21:00:00,43295099999,Bengaluru,NOAA,21.0,77.4,,1.0,90.0,
2025-02-15 00:00:00,43295099999,Bengaluru,NOAA,18.8,79.6,,0.0,,
2025-02-15 03:00:00,43295099999,Bengaluru,NOAA,21.6,74.6,,1.0,,
2025-02-15 06:00:00,43295099999,Bengaluru,NOAA,29.4,44.6,,1.5,140.0,
2025-02-15 09:00:00,43295099999,Bengaluru,NOAA,32.0,30.7,,1.0,90.0,
2025-02-15 12:00:00,43295099999,Bengaluru,NOAA,31.0,34.0,,0.0,,
2025-02-15 15:00:00,43295099999,Bengaluru,NOAA,26.0,47.6,,1.5,90.0,
2025-02-15 18:00:00,43295099999,Bengaluru,NOAA,22.4,70.2,,1.5,90.0,
2025-02-15 21:00:00,43295099999,Bengaluru,NOAA,21.2,70.9,,1.0,50.0,
2025-02-16 00:00:00,43295099999,Bengaluru,NOAA,19.8,78.2,,1.0,140.0,
2025-02-16 03:00:00,43295099999,Bengaluru,NOAA,22.0,74.7,,0.0,,
2025-02-16 06:00:00,43295099999,Bengaluru,NOAA,28.0,47.5,,1.0,90.0,
2025-02-16 09:00:00,43295099999,Bengaluru,NOAA,32.0,31.5,,1.0,50.0,
2025-02-16 12:00:00,43295099999,Bengaluru,NOAA,30.0,32.8,,1.5,90.0,
2025-02-16 15:00:00,43295099999,Bengaluru,NOAA,26.0,50.1,,1.5,50.0,
2025-02-16 18:00:00,43295099999,Bengaluru,NOAA,22.8,73.9,,1.5,90.0,
2025-02-16 21:00:00,43295099999,Bengaluru,NOAA,21.0,80.9,,1.5,140.0,
2025-02-17 00:00:00,43295099999,Bengaluru,NOAA,19.4,87.1,,1.5,90.0,
2025-02-17 03:00:00,43295099999,Bengaluru,NOAA,22.0,73.3,,1.0,90.0,
2025-02-17 06:00:00,43295099999,Bengaluru,NOAA,28.2,43.2,,1.0,90.0,
2025-02-17 09:00:00,43295099999,Bengaluru,NOAA,31.4,32.6,,1.0,140.0,
2025-02-17 12:00:00,43295099999,Bengaluru,NOAA,30.0,32.8,,1.0,50.0,
2025-02-17 15:00:00,43295099999,Bengaluru,NOAA,25.0,69.4,,0.0,,
2025-02-17 18:00:00,43295099999,Bengaluru,NOAA,22.2,74.7,,2.1,90.0,
2025-02-18 00:00:00,43295099999,Bengaluru,NOAA,19.4,80.2,,0.0,,
2025-02-18 03:00:00,43295099999,Bengaluru,NOAA,22.2,70.1,,0.0,,
2025-02-18 06:00:00,43295099999,Bengaluru,NOAA,28.8,39.6,,1.5,50.0,
2025-02-18 09:00:00,43295099999,Bengaluru,NOAA,31.8,29.4,,1.5,90.0,
2025-02-18 12:00:00,43295099999,Bengaluru,NOAA,30.0,36.7,,1.5,50.0,
2025-02-18 15:00:00,43295099999,Bengaluru,NOAA,25.4,53.2,,1.5,90.0,
2025-02-18 18:00:00,43295099999,Bengaluru,NOAA,22.4,70.2,,0.0,,
2025-02-18 21:00:00,43295099999,Bengaluru,NOAA,21.2,79.4,,0.0,,
2025-02-19 00:00:00,43295099999,Bengaluru,NOAA,19.2,79.7,,0.0,,
2025-02-19 03:00:00,43295099999,Bengaluru,NOAA,23.4,59.3,,1.5,90.0,
2025-02-19 06:00:00,43295099999,Bengaluru,NOAA,31.0,34.7,,1.5,50.0,
2025-02-19 09:00:00,43295099999,Bengaluru,NOAA,33.2,25.3,,1.5,90.0,
2025-02-19 12:00:00,43295099999,Bengaluru,NOAA,32.2,28.2,,0.0,,
2025-02-19 15:00:00,43295099999,Bengaluru,NOAA,26.4,50.5,,1.0,90.0,
2025-02-19 18:00:00,43295099999,Bengaluru,NOAA,23.4,72.6,,1.5,90.0,
2025-02-19 21:00:00,43295099999,Bengaluru,NOAA,21.4,76.0,,1.0,90.0,
2025-02-20 00:00:00,43295099999,Bengaluru,NOAA,20.2,81.9,,0.0,,
2025-02-20 03:00:00,43295099999,Bengaluru,NOAA,23.2,68.1,,1.5,90.0,
2025-02-20 06:00:00,43295099999,Bengaluru,NOAA,29.2,44.3,,2.0,90.0,
2025-02-20 09:00:00,43295099999,Bengaluru,NOAA,32.0,35.4,,1.5,90.0,
2025-02-20 12:00:00,43295099999,Bengaluru,NOAA,31.2,33.4,,1.0,90.0,
2025-02-20 15:00:00,43295099999,Bengaluru,NOAA,26.0,48.8,,1.5,90.0,
2025-02-21 00:00:00,43295099999,Bengaluru,NOAA,19.8,81.8,,0.0,,
2025-02-21 03:00:00,43295099999,Bengaluru,NOAA,23.0,63.5,,1.5,50.0,
2025-02-21 06:00:00,43295099999,Bengaluru,NOAA,29.8,38.6,,1.0,90.0,
2025-02-21 09:00:00,43295099999,Bengaluru,NOAA,32.4,33.9,,1.0,50.0,
2025-02-21 12:00:00,43295099999,Bengaluru,NOAA,30.4,34.3,,1.5,140.0,
2025-02-21 15:00:00,43295099999,Bengaluru,NOAA,26.2,55.5,,1.0,90.0,
2025-02-21 18:00:00,43295099999,Bengaluru,NOAA,23.6,71.3,,2.1,90.0,
2025-02-21 21:00:00,43295099999,Bengaluru,NOAA,22.0,81.1,,1.0,90.0,
2025-02-22 00:00:00,43295099999,Bengaluru,NOAA,21.0,82.5,,1.5,90.0,
2025-02-22 03:00:00,43295099999,Bengaluru,NOAA,21.2,81.0,,1.0,90.0,
2025-02-22 06:00:00,43295099999,Bengaluru,NOAA,29.0,47.4,,1.5,50.0,
2025-02-22 09:00:00,43295099999,Bengaluru,NOAA,32.2,31.7,,1.5,90.0,
2025-02-22 12:00:00,43295099999,Bengaluru,NOAA,31.2,31.5,,1.0,,
2025-02-22 15:00:00,43295099999,Bengaluru,NOAA,27.0,45.1,,1.5,90.0,
2025-02-22 18:00:00,43295099999,Bengaluru,NOAA,23.8,70.0,,1.0,90.0,
2025-02-22 21:00:00,43295099999,Bengaluru,NOAA,22.2,79.6,,1.0,90.0,
2025-02-23 00:00:00,43295099999,Bengaluru,NOAA,20.8,84.0,,0.0,,
2025-02-23 03:00:00,43295099999,Bengaluru,NOAA,25.0,63.5,,1.5,90.0,
2025-02-23 06:00:00,43295099999,Bengaluru,NOAA,30.0,43.9,,1.5,90.0,
2025-02-23 09:00:00,43295099999,Bengaluru,NOAA,30.0,22.4,,1.5,50.0,
2025-02-23 12:00:00,43295099999,Bengaluru,NOAA,30.0,22.4,,1.5,50.0,
2025-02-23 15:00:00,43295099999,Bengaluru,NOAA,26.2,38.3,,1.0,50.0,
2025-02-23 18:00:00,43295099999,Bengaluru,NOAA,23.2,72.6,,1.0,90.0,
2025-02-23 21:00:00,43295099999,Bengaluru,NOAA,21.4,77.5,,1.0,90.0,
2025-02-24 00:00:00,43295099999,Bengaluru,NOAA,20.2,84.0,,1.0,90.0,
2025-02-24 03:00:00,43295099999,Bengaluru,NOAA,22.8,68.9,,1.5,90.0,
2025-02-24 06:00:00,43295099999,Bengaluru,NOAA,29.2,31.8,,2.1,90.0,
2025-02-24 09:00:00,43295099999,Bengaluru,NOAA,31.0,31.2,,1.0,90.0,
2025-02-24 12:00:00,43295099999,Bengaluru,NOAA,29.8,28.7,,1.5,50.0,
2025-02-24 15:00:00,43295099999,Bengaluru,NOAA,25.0,46.4,,1.5,50.0,
2025-02-24 18:00:00,43295099999,Bengaluru,NOAA,22.6,76.7,,1.5,90.0,
2025-02-24 21:00:00,43295099999,Bengaluru,NOAA,20.6,87.2,,1.5,90.0,
2025-02-25 00:00:00,43295099999,Bengaluru,NOAA,19.0,87.1,,1.5,50.0,
2025-02-25 03:00:00,43295099999,Bengaluru,NOAA,22.0,67.0,,1.5,90.0,
2025-02-25 06:00:00,43295099999,Bengaluru,NOAA,28.0,46.3,,1.0,50.0,
2025-02-25 09:00:00,43295099999,Bengaluru,NOAA,31.0,34.0,,1.0,50.0,
2025-02-25 12:00:00,43295099999,Bengaluru,NOAA,29.4,38.2,,2.1,50.0,
2025-02-25 15:00:00,43295099999,Bengaluru,NOAA,25.0,55.6,,3.1,90.0,
2025-02-25 18:00:00,43295099999,Bengaluru,NOAA,22.8,65.9,,3.1,90.0,
2025-02-25 21:00:00,43295099999,Bengaluru,NOAA,21.2,74.1,,2.6,90.0,
2025-02-26 00:00:00,43295099999,Bengaluru,NOAA,20.4,80.3,,2.1,90.0,
2025-02-26 03:00:00,43295099999,Bengaluru,NOAA,22.4,64.2,,2.1,90.0,
2025-02-26 06:00:00,43295099999,Bengaluru,NOAA,28.0,42.8,,2.1,140.0,
2025-02-26 09:00:00,43295099999,Bengaluru,NOAA,31.0,36.0,,2.6,140.0,
2025-02-26 12:00:00,43295099999,Bengaluru,NOAA,29.0,40.7,,1.5,90.0,
2025-02-26 15:00:00,43295099999,Bengaluru,NOAA,25.6,58.6,,1.5,90.0,
2025-02-26 18:00:00,43295099999,Bengaluru,NOAA,22.5,71.5,,2.1,90.0,
2025-02-26 21:00:00,43295099999,Bengaluru,NOAA,21.2,76.0,,1.5,90.0,
2025-02-27 00:00:00,43295099999,Bengaluru,NOAA,19.2,76.2,,1.0,90.0,
2025-02-27 03:00:00,43295099999,Bengaluru,NOAA,23.0,53.3,,1.5,50.0,
2025-02-27 06:00:00,43295099999,Bengaluru,NOAA,27.6,35.8,,2.6,90.0,
2025-02-27 09:00:00,43295099999,Bengaluru,NOAA,31.0,27.5,,1.5,90.0,
2025-02-27 12:00:00,43295099999,Bengaluru,NOAA,30.0,29.9,,1.5,90.0,
2025-02-27 15:00:00,43295099999,Bengaluru,NOAA,25.2,59.7,,1.5,90.0,
2025-02-27 18:00:00,43295099999,Bengaluru,NOAA,22.2,73.3,,1.5,90.0,
2025-02-27 21:00:00,43295099999,Bengaluru,NOAA,20.6,75.4,,2.1,90.0,
2025-02-28 00:00:00,43295099999,Bengaluru,NOAA,19.2,76.2,,1.0,90.0,
2025-02-28 03:00:00,43295099999,Bengaluru,NOAA,22.4,64.2,,1.5,50.0,
2025-02-28 06:00:00,43295099999,Bengaluru,NOAA,22.4,64.2,,1.5,50.0,
2025-02-28 09:00:00,43295099999,Bengaluru,NOAA,31.4,34.5,,1.0,50.0,
2025-02-28 21:00:00,43295099999,Bengaluru,NOAA,21.0,76.0,,1.5,50.0,
2025-03-01 00:00:00,43295099999,Bengaluru,NOAA,20.0,90.5,,2.1,50.0,
2025-03-01 03:00:00,43295099999,Bengaluru,NOAA,23.0,67.7,,1.5,90.0,
2025-03-01 06:00:00,43295099999,Bengaluru,NOAA,27.8,59.2,,1.5,90.0,
2025-03-01 09:00:00,43295099999,Bengaluru,NOAA,30.2,46.3,,1.0,90.0,
2025-03-01 12:00:00,43295099999,Bengaluru,NOAA,30.0,43.9,,1.5,90.0,
2025-03-01 15:00:00,43295099999,Bengaluru,NOAA,26.4,64.6,,1.5,90.0,
2025-03-01 18:00:00,43295099999,Bengaluru,NOAA,24.2,71.4,,2.1,90.0,
2025-03-01 21:00:00,43295099999,Bengaluru,NOAA,22.0,78.1,,1.0,90.0,
2025-03-02 00:00:00,43295099999,Bengaluru,NOAA,21.4,77.5,,2.1,90.0,
2025-03-02 03:00:00,43295099999,Bengaluru,NOAA,22.4,72.0,,1.0,90.0,
2025-03-02 06:00:00,43295099999,Bengaluru,NOAA,22.4,72.0,,1.0,90.0,
2025-03-02 09:00:00,43295099999,Bengaluru,NOAA,31.6,40.6,,1.5,90.0,
2025-03-02 12:00:00,43295099999,Bengaluru,NOAA,31.0,37.9,,1.5,90.0,
2025-03-02 15:00:00,43295099999,Bengaluru,NOAA,27.2,58.7,,1.0,90.0,
2025-03-02 18:00:00,43295099999,Bengaluru,NOAA,24.4,76.0,,1.0,90.0,
2025-03-02 21:00:00,43295099999,Bengaluru,NOAA,23.0,75.3,,1.0,90.0,
2025-03-03 00:00:00,43295099999,Bengaluru,NOAA,22.0,83.1,,1.5,90.0,
2025-03-03 03:00:00,43295099999,Bengaluru,NOAA,24.0,78.8,,1.5,50.0,
2025-03-03 06:00:00,43295099999,Bengaluru,NOAA,28.8,51.8,,1.5,90.0,
2025-03-03 09:00:00,43295099999,Bengaluru,NOAA,32.4,26.8,,1.5,90.0,
2025-03-03 12:00:00,43295099999,Bengaluru,NOAA,32.2,18.9,,1.0,90.0,
2025-03-03 15:00:00,43295099999,Bengaluru,NOAA,27.0,29.7,,0.0,,
2025-03-03 18:00:00,43295099999,Bengaluru,NOAA,25.0,69.4,,1.0,90.0,
2025-03-03 21:00:00,43295099999,Bengaluru,NOAA,23.4,71.3,,1.5,90.0,
2025-03-04 00:00:00,43295099999,Bengaluru,NOAA,22.0,78.1,,0.0,,
2025-03-04 03:00:00,43295099999,Bengaluru,NOAA,23.4,72.6,,0.0,,
2025-03-04 06:00:00,43295099999,Bengaluru,NOAA,31.4,28.0,,1.5,90.0,
2025-03-04 09:00:00,43295099999,Bengaluru,NOAA,32.4,25.1,,1.0,90.0,
2025-03-04 12:00:00,43295099999,Bengaluru,NOAA,31.4,27.1,,2.1,90.0,
2025-03-04 15:00:00,43295099999,Bengaluru,NOAA,27.2,37.4,,1.5,50.0,
2025-03-04 18:00:00,43295099999,Bengaluru,NOAA,24.4,63.0,,1.5,90.0,
2025-03-04 21:00:00,43295099999,Bengaluru,NOAA,22.2,76.6,,0.0,,
2025-03-05 00:00:00,43295099999,Bengaluru,NOAA,21.0,76.0,,0.0,,
2025-03-05 03:00:00,43295099999,Bengaluru,NOAA,24.0,68.3,,1.0,90.0,
2025-03-05 06:00:00,43295099999,Bengaluru,NOAA,30.0,37.9,,1.0,90.0,
2025-03-05 09:00:00,43295099999,Bengaluru,NOAA,33.0,27.5,,1.5,90.0,
2025-03-05 12:00:00,43295099999,Bengaluru,NOAA,32.0,28.0,,1.0,50.0,
2025-03-05 15:00:00,43295099999,Bengaluru,NOAA,27.0,45.1,,1.0,90.0,
2025-03-05 18:00:00,43295099999,Bengaluru,NOAA,25.2,55.6,,1.0,90.0,
2025-03-05 21:00:00,43295099999,Bengaluru,NOAA,23.4,77.3,,1.0,90.0,
2025-03-06 00:00:00,43295099999,Bengaluru,NOAA,22.2,79.6,,1.5,90.0,
2025-03-06 03:00:00,43295099999,Bengaluru,NOAA,24.6,68.8,,1.5,180.0,
2025-03-06 06:00:00,43295099999,Bengaluru,NOAA,30.0,43.9,,1.5,50.0,
2025-03-06 09:00:00,43295099999,Bengaluru,NOAA,32.4,36.6,,1.5,50.0,
2025-03-06 12:00:00,43295099999,Bengaluru,NOAA,31.0,35.1,,1.5,90.0,
2025-03-06 15:00:00,43295099999,Bengaluru,NOAA,27.0,45.1,,0.0,,
2025-03-06 18:00:00,43295099999,Bengaluru,NOAA,24.2,49.3,,0.0,,
2025-03-06 21:00:00,43295099999,Bengaluru,NOAA,23.0,70.7,,0.0,,
2025-03-07 00:00:00,43295099999,Bengaluru,NOAA,21.0,74.1,,0.0,,
2025-03-07 03:00:00,43295099999,Bengaluru,NOAA,24.0,51.9,,1.0,,
2025-03-07 06:00:00,43295099999,Bengaluru,NOAA,24.0,51.9,,1.0,,
2025-03-07 09:00:00,43295099999,Bengaluru,NOAA,33.8,18.0,,1.0,90.0,
2025-03-07 12:00:00,43295099999,Bengaluru,NOAA,32.6,17.0,,1.0,50.0,
2025-03-07 15:00:00,43295099999,Bengaluru,NOAA,26.0,32.4,,0.0,,
2025-03-07 18:00:00,43295099999,Bengaluru,NOAA,24.0,46.4,,1.0,90.0,
2025-03-07 21:00:00,43295099999,Bengaluru,NOAA,22.0,56.7,,1.0,90.0,
2025-03-08 00:00:00,43295099999,Bengaluru,NOAA,20.4,72.1,,1.0,180.0,
2025-03-08 03:00:00,43295099999,Bengaluru,NOAA,24.0,74.6,,1.0,90.0,
2025-03-08 06:00:00,43295099999,Bengaluru,NOAA,29.4,47.9,,1.0,90.0,
2025-03-08 09:00:00,43295099999,Bengaluru,NOAA,33.0,23.3,,0.0,,
2025-03-08 12:00:00,43295099999,Bengaluru,NOAA,32.4,25.1,,0.0,,
2025-03-08 15:00:00,43295099999,Bengaluru,NOAA,26.6,42.4,,1.5,230.0,
2025-03-08 18:00:00,43295099999,Bengaluru,NOAA,24.0,65.8,,1.5,140.0,
2025-03-08 21:00:00,43295099999,Bengaluru,NOAA,22.0,73.3,,0.0,,
2025-03-09 00:00:00,43295099999,Bengaluru,NOAA,20.6,82.4,,0.0,,
2025-03-09 03:00:00,43295099999,Bengaluru,NOAA,24.2,60.2,,1.0,90.0,
2025-03-09 06:00:00,43295099999,Bengaluru,NOAA,30.6,35.5,,1.0,90.0,
2025-03-09 09:00:00,43295099999,Bengaluru,NOAA,33.6,20.9,,1.5,50.0,
2025-03-09 12:00:00,43295099999,Bengaluru,NOAA,31.0,24.9,,1.5,90.0,
2025-03-09 15:00:00,43295099999,Bengaluru,NOAA,26.4,59.6,,2.6,90.0,
2025-03-09 18:00:00,43295099999,Bengaluru,NOAA,23.2,80.2,,2.1,90.0,
2025-03-09 21:00:00,43295099999,Bengaluru,NOAA,20.4,80.3,,2.6,90.0,
2025-03-10 00:00:00,43295099999,Bengaluru,NOAA,19.0,81.7,,2.6,90.0,
2025-03-10 03:00:00,43295099999,Bengaluru,NOAA,20.8,75.9,,1.5,90.0,
2025-03-10 06:00:00,43295099999,Bengaluru,NOAA,27.2,53.7,,2.1,50.0,
2025-03-10 09:00:00,43295099999,Bengaluru,NOAA,30.0,42.0,,1.5,90.0,
2025-03-10 12:00:00,43295099999,Bengaluru,NOAA,29.6,35.2,,1.5,50.0,
2025-03-10 15:00:00,43295099999,Bengaluru,NOAA,26.2,49.2,,2.1,90.0,
2025-03-10 18:00:00,43295099999,Bengaluru,NOAA,23.2,77.3,,2.1,90.0,
2025-03-10 21:00:00,43295099999,Bengaluru,NOAA,21.0,82.5,,1.0,90.0,
2025-03-11 00:00:00,43295099999,Bengaluru,NOAA,20.0,81.8,,1.5,90.0,
2025-03-11 03:00:00,43295099999,Bengaluru,NOAA,22.0,71.5,,1.5,90.0,
2025-03-11 06:00:00,43295099999,Bengaluru,NOAA,22.0,71.5,,1.5,90.0,
2025-03-11 09:00:00,43295099999,Bengaluru,NOAA,31.2,49.5,,1.0,90.0,
2025-03-11 12:00:00,43295099999,Bengaluru,NOAA,28.8,66.3,,1.0,90.0,
2025-03-11 15:00:00,43295099999,Bengaluru,NOAA,24.0,83.9,,1.5,90.0,0.0
2025-03-11 18:00:00,43295099999,Bengaluru,NOAA,23.4,88.0,,2.1,90.0,0.0
2025-03-11 21:00:00,43295099999,Bengaluru,NOAA,22.4,83.2,,2.1,90.0,0.0
2025-03-12 00:00:00,43295099999,Bengaluru,NOAA,21.4,86.2,,1.0,90.0,0.0
2025-03-12 03:00:00,43295099999,Bengaluru,NOAA,24.8,76.6,,1.0,90.0,0.0
2025-03-12 06:00:00,43295099999,Bengaluru,NOAA,29.0,73.1,,2.6,90.0,
2025-03-12 09:00:00,43295099999,Bengaluru,NOAA,31.6,52.2,,2.1,90.0,
2025-03-12 12:00:00,43295099999,Bengaluru,NOAA,30.2,49.6,,1.5,90.0,
2025-03-12 15:00:00,43295099999,Bengaluru,NOAA,23.6,78.8,,2.6,90.0,
2025-03-12 18:00:00,43295099999,Bengaluru,NOAA,22.4,86.3,,2.1,50.0,
2025-03-13 00:00:00,43295099999,Bengaluru,NOAA,20.8,89.4,,0.0,,
2025-03-13 03:00:00,43295099999,Bengaluru,NOAA,25.4,68.1,,0.0,,
2025-03-13 06:00:00,43295099999,Bengaluru,NOAA,30.2,38.0,,1.0,90.0,
2025-03-13 09:00:00,43295099999,Bengaluru,NOAA,33.8,21.2,,1.5,90.0,
2025-03-13 12:00:00,43295099999,Bengaluru,NOAA,32.6,21.1,,1.0,90.0,
2025-03-13 15:00:00,43295099999,Bengaluru,NOAA,27.4,65.2,,1.5,90.0,
2025-03-13 18:00:00,43295099999,Bengaluru,NOAA,25.0,79.5,,1.5,140.0,
2025-03-13 21:00:00,43295099999,Bengaluru,NOAA,23.0,80.2,,0.0,,
2025-03-14 00:00:00,43295099999,Bengaluru,NOAA,21.0,80.9,,0.0,,
2025-03-14 03:00:00,43295099999,Bengaluru,NOAA,25.2,72.0,,0.0,,
2025-03-14 06:00:00,43295099999,Bengaluru,NOAA,32.4,26.8,,1.0,90.0,
2025-03-14 09:00:00,43295099999,Bengaluru,NOAA,34.8,20.9,,1.5,90.0,
2025-03-14 12:00:00,43295099999,Bengaluru,NOAA,32.8,22.2,,1.5,50.0,
2025-03-14 15:00:00,43295099999,Bengaluru,NOAA,27.8,49.9,,1.0,90.0,
2025-03-14 18:00:00,43295099999,Bengaluru,NOAA,25.0,78.0,,1.0,90.0,
2025-03-14 21:00:00,43295099999,Bengaluru,NOAA,22.4,79.6,,0.0,,
2025-03-15 00:00:00,43295099999,Bengaluru,NOAA,20.2,80.3,,0.0,,
2025-03-15 03:00:00,43295099999,Bengaluru,NOAA,25.0,50.1,,1.5,,
2025-03-15 06:00:00,43295099999,Bengaluru,NOAA,31.6,23.9,,0.0,,
2025-03-15 09:00:00,43295099999,Bengaluru,NOAA,33.8,18.8,,1.5,90.0,
2025-03-15 12:00:00,43295099999,Bengaluru,NOAA,32.4,18.3,,1.5,90.0,
2025-03-15 15:00:00,43295099999,Bengaluru,NOAA,32.4,18.3,,1.5,90.0,
2025-03-15 18:00:00,43295099999,Bengaluru,NOAA,24.0,76.0,,1.0,90.0,
2025-03-15 21:00:00,43295099999,Bengaluru,NOAA,22.4,83.2,,0.0,,
2025-03-16 00:00:00,43295099999,Bengaluru,NOAA,20.4,84.0,,0.0,,
2025-03-16 03:00:00,43295099999,Bengaluru,NOAA,24.4,70.1,,1.0,90.0,
2025-03-16 06:00:00,43295099999,Bengaluru,NOAA,30.8,54.6,,0.0,,
2025-03-16 09:00:00,43295099999,Bengaluru,NOAA,33.2,35.7,,1.5,90.0,
2025-03-16 12:00:00,43295099999,Bengaluru,NOAA,32.0,35.4,,0.0,,
2025-03-16 15:00:00,43295099999,Bengaluru,NOAA,27.8,59.2,,1.5,90.0,
2025-03-16 18:00:00,43295099999,Bengaluru,NOAA,25.2,76.6,,2.1,50.0,
2025-03-16 21:00:00,43295099999,Bengaluru,NOAA,24.6,76.1,,1.5,90.0,
2025-03-17 00:00:00,43295099999,Bengaluru,NOAA,24.0,77.4,,1.5,50.0,
2025-03-17 03:00:00,43295099999,Bengaluru,NOAA,25.2,75.2,,0.0,,
2025-03-17 06:00:00,43295099999,Bengaluru,NOAA,31.4,64.5,,1.0,90.0,
2025-03-17 09:00:00,43295099999,Bengaluru,NOAA,25.2,75.2,,0.0,,
2025-03-17 12:00:00,43295099999,Bengaluru,NOAA,33.0,33.7,,1.5,90.0,
2025-03-17 15:00:00,43295099999,Bengaluru,NOAA,28.4,62.3,,1.5,140.0,
2025-03-17 18:00:00,43295099999,Bengaluru,NOAA,26.0,71.3,,0.0,,
2025-03-17 21:00:00,43295099999,Bengaluru,NOAA,24.0,78.8,,1.0,140.0,
2025-03-18 00:00:00,43295099999,Bengaluru,NOAA,23.0,80.2,,0.0,,
2025-03-18 03:00:00,43295099999,Bengaluru,NOAA,25.4,69.4,,1.0,90.0,
2025-03-18 06:00:00,43295099999,Bengaluru,NOAA,31.4,55.1,,1.0,90.0,
2025-03-18 09:00:00,43295099999,Bengaluru,NOAA,34.4,33.6,,1.5,90.0,
2025-03-18 12:00:00,43295099999,Bengaluru,NOAA,32.6,27.0,,1.5,50.0,
2025-03-18 15:00:00,43295099999,Bengaluru,NOAA,27.0,57.5,,1.0,90.0,
2025-03-18 18:00:00,43295099999,Bengaluru,NOAA,25.0,76.6,,1.5,90.0,
2025-03-18 21:00:00,43295099999,Bengaluru,NOAA,24.2,80.8,,1.0,90.0,
2025-03-19 00:00:00,43295099999,Bengaluru,NOAA,23.8,80.3,,1.0,90.0,
2025-03-19 03:00:00,43295099999,Bengaluru,NOAA,25.4,70.7,,1.5,90.0,
2025-03-19 06:00:00,43295099999,Bengaluru,NOAA,25.4,70.7,,1.5,90.0,
2025-03-19 09:00:00,43295099999,Bengaluru,NOAA,33.4,36.9,,1.0,90.0,
2025-03-19 12:00:00,43295099999,Bengaluru,NOAA,31.0,37.0,,1.5,90.0,
2025-03-19 15:00:00,43295099999,Bengaluru,NOAA,26.8,71.9,,2.1,140.0,
2025-03-19 18:00:00,43295099999,Bengaluru,NOAA,24.4,77.4,,2.6,140.0,
2025-03-19 21:00:00,43295099999,Bengaluru,NOAA,22.8,80.2,,2.1,90.0,
2025-03-20 00:00:00,43295099999,Bengaluru,NOAA,22.0,79.5,,1.5,140.0,
2025-03-20 03:00:00,43295099999,Bengaluru,NOAA,24.8,70.6,,1.0,90.0,
2025-03-20 06:00:00,43295099999,Bengaluru,NOAA,29.0,59.1,,1.5,90.0,
2025-03-20 09:00:00,43295099999,Bengaluru,NOAA,33.6,29.9,,1.5,140.0,
2025-03-20 12:00:00,43295099999,Bengaluru,NOAA,31.0,30.2,,1.0,140.0,
2025-03-20 15:00:00,43295099999,Bengaluru,NOAA,27.0,47.5,,1.5,90.0,
2025-03-20 18:00:00,43295099999,Bengaluru,NOAA,25.0,65.1,,2.1,50.0,
2025-03-20 21:00:00,43295099999,Bengaluru,NOAA,23.2,77.3,,1.5,90.0,
2025-03-21 00:00:00,43295099999,Bengaluru,NOAA,22.2,83.1,,1.5,50.0,
2025-03-21 03:00:00,43295099999,Bengaluru,NOAA,24.8,73.3,,1.5,140.0,
2025-03-21 06:00:00,43295099999,Bengaluru,NOAA,30.0,65.8,,1.0,140.0,
2025-03-21 09:00:00,43295099999,Bengaluru,NOAA,31.4,42.4,,1.0,140.0,
2025-03-21 12:00:00,43295099999,Bengaluru,NOAA,30.8,39.9,,1.0,90.0,
2025-03-21 15:00:00,43295099999,Bengaluru,NOAA,27.0,60.1,,1.5,140.0,
2025-03-21 18:00:00,43295099999,Bengaluru,NOAA,25.4,78.1,,1.5,140.0,
2025-03-21 21:00:00,43295099999,Bengaluru,NOAA,24.0,78.8,,1.0,140.0,
2025-03-22 00:00:00,43295099999,Bengaluru,NOAA,23.4,80.2,,1.0,140.0,
2025-03-22 03:00:00,43295099999,Bengaluru,NOAA,25.4,69.4,,1.0,140.0,
2025-03-22 06:00:00,43295099999,Bengaluru,NOAA,29.8,66.9,,1.0,140.0,
2025-03-22 09:00:00,43295099999,Bengaluru,NOAA,32.6,46.6,,1.5,140.0,
2025-03-22 12:00:00,43295099999,Bengaluru,NOAA,23.0,88.0,,1.5,140.0,0.2
2025-03-22 15:00:00,43295099999,Bengaluru,NOAA,21.0,91.1,,1.5,140.0,4.0
2025-03-22 18:00:00,43295099999,Bengaluru,NOAA,20.4,91.1,,1.5,140.0,12.0
2025-03-22 21:00:00,43295099999,Bengaluru,NOAA,20.0,90.5,,1.0,140.0,12.0
2025-03-23 00:00:00,43295099999,Bengaluru,NOAA,20.0,90.5,,0.0,,12.0
2025-03-23 03:00:00,43295099999,Bengaluru,NOAA,22.4,83.2,,1.0,,12.0
2025-03-23 06:00:00,43295099999,Bengaluru,NOAA,26.6,70.1,,1.5,90.0,
2025-03-23 09:00:00,43295099999,Bengaluru,NOAA,30.2,59.0,,1.0,90.0,
2025-03-23 12:00:00,43295099999,Bengaluru,NOAA,29.2,60.6,,0.0,,
2025-03-23 15:00:00,43295099999,Bengaluru,NOAA,26.4,68.8,,1.0,90.0,
2025-03-23 18:00:00,43295099999,Bengaluru,NOAA,24.4,79.4,,2.6,90.0,
2025-03-23 21:00:00,43295099999,Bengaluru,NOAA,23.6,80.3,,1.5,90.0,
2025-03-24 00:00:00,43295099999,Bengaluru,NOAA,23.0,80.2,,1.0,140.0,
2025-03-24 03:00:00,43295099999,Bengaluru,NOAA,24.2,74.6,,0.0,,
2025-03-24 06:00:00,43295099999,Bengaluru,NOAA,28.8,66.3,,1.5,90.0,
2025-03-24 09:00:00,43295099999,Bengaluru,NOAA,31.4,36.6,,1.5,90.0,
2025-03-24 12:00:00,43295099999,Bengaluru,NOAA,30.8,39.9,,0.0,,
2025-03-24 15:00:00,43295099999,Bengaluru,NOAA,27.2,61.3,,1.5,50.0,
2025-03-24 18:00:00,43295099999,Bengaluru,NOAA,24.8,73.3,,2.6,90.0,
2025-03-24 21:00:00,43295099999,Bengaluru,NOAA,23.0,84.8,,1.5,90.0,
2025-03-25 00:00:00,43295099999,Bengaluru,NOAA,21.8,92.9,,0.0,,
2025-03-25 03:00:00,43295099999,Bengaluru,NOAA,24.4,73.2,,0.0,,
2025-03-25 06:00:00,43295099999,Bengaluru,NOAA,30.2,42.1,,0.0,,
2025-03-25 09:00:00,43295099999,Bengaluru,NOAA,32.2,37.5,,1.0,90.0,
2025-03-25 12:00:00,43295099999,Bengaluru,NOAA,31.0,34.0,,1.0,90.0,
2025-03-25 15:00:00,43295099999,Bengaluru,NOAA,27.0,57.5,,1.0,90.0,
2025-03-25 18:00:00,43295099999,Bengaluru,NOAA,25.0,72.0,,2.1,140.0,
2025-03-25 21:00:00,43295099999,Bengaluru,NOAA,23.8,80.3,,0.0,,
2025-03-26 00:00:00,43295099999,Bengaluru,NOAA,23.2,80.2,,0.0,,
2025-03-26 03:00:00,43295099999,Bengaluru,NOAA,25.2,73.8,,1.0,90.0,
2025-03-26 06:00:00,43295099999,Bengaluru,NOAA,30.0,51.8,,2.1,90.0,
2025-03-26 09:00:00,43295099999,Bengaluru,NOAA,32.4,34.8,,1.5,140.0,
2025-03-26 12:00:00,43295099999,Bengaluru,NOAA,31.6,30.2,,1.5,50.0,
2025-03-26 15:00:00,43295099999,Bengaluru,NOAA,28.2,37.7,,2.1,90.0,
2025-03-26 18:00:00,43295099999,Bengaluru,NOAA,25.4,51.9,,2.1,90.0,
2025-03-26 21:00:00,43295099999,Bengaluru,NOAA,24.2,67.1,,0.0,,
2025-03-27 00:00:00,43295099999,Bengaluru,NOAA,23.6,78.8,,0.0,,
2025-03-27 03:00:00,43295099999,Bengaluru,NOAA,25.8,68.2,,0.0,,
2025-03-27 06:00:00,43295099999,Bengaluru,NOAA,30.4,52.2,,1.5,230.0,
2025-03-27 09:00:00,43295099999,Bengaluru,NOAA,32.0,40.2,,1.0,230.0,
2025-03-27 12:00:00,43295099999,Bengaluru,NOAA,31.4,39.5,,0.0,,
2025-03-27 15:00:00,43295099999,Bengaluru,NOAA,27.4,49.2,,0.0,,
2025-03-27 18:00:00,43295099999,Bengaluru,NOAA,25.8,69.9,,1.5,90.0,
2025-03-27 21:00:00,43295099999,Bengaluru,NOAA,24.6,71.9,,1.0,140.0,
2025-03-28 00:00:00,43295099999,Bengaluru,NOAA,24.0,78.8,,1.5,180.0,
2025-03-28 03:00:00,43295099999,Bengaluru,NOAA,25.6,72.5,,1.0,230.0,
2025-03-28 06:00:00,43295099999,Bengaluru,NOAA,30.8,60.6,,1.0,230.0,
2025-03-28 09:00:00,43295099999,Bengaluru,NOAA,33.0,35.4,,2.1,50.0,
2025-03-28 12:00:00,43295099999,Bengaluru,NOAA,32.0,33.4,,1.0,90.0,
2025-03-28 15:00:00,43295099999,Bengaluru,NOAA,28.6,41.4,,2.6,50.0,
2025-03-28 18:00:00,43295099999,Bengaluru,NOAA,26.4,45.5,,1.5,90.0,
2025-03-28 21:00:00,43295099999,Bengaluru,NOAA,23.8,61.3,,1.5,50.0,
2025-03-29 00:00:00,43295099999,Bengaluru,NOAA,22.6,70.7,,0.0,,
2025-03-29 03:00:00,43295099999,Bengaluru,NOAA,26.4,68.8,,1.0,180.0,
2025-03-29 06:00:00,43295099999,Bengaluru,NOAA,31.6,32.2,,2.1,90.0,
2025-03-29 09:00:00,43295099999,Bengaluru,NOAA,34.0,24.7,,1.5,90.0,
2025-03-29 12:00:00,43295099999,Bengaluru,NOAA,32.6,21.1,,1.0,90.0,
2025-03-29 15:00:00,43295099999,Bengaluru,NOAA,28.6,36.1,,1.5,90.0,
2025-03-29 18:00:00,43295099999,Bengaluru,NOAA,26.0,47.6,,1.0,90.0,
2025-03-29 21:00:00,43295099999,Bengaluru,NOAA,23.6,52.8,,1.0,90.0,
2025-03-30 00:00:00,43295099999,Bengaluru,NOAA,22.2,58.2,,1.0,90.0,
2025-03-30 03:00:00,43295099999,Bengaluru,NOAA,25.8,64.1,,1.0,140.0,
2025-03-30 06:00:00,43295099999,Bengaluru,NOAA,31.4,29.9,,1.0,230.0,
2025-03-30 09:00:00,43295099999,Bengaluru,NOAA,34.0,20.7,,1.5,140.0,
2025-03-30 12:00:00,43295099999,Bengaluru,NOAA,31.2,22.5,,2.1,140.0,
2025-03-30 15:00:00,43295099999,Bengaluru,NOAA,27.4,29.2,,1.0,90.0,
2025-03-30 18:00:00,43295099999,Bengaluru,NOAA,25.0,36.7,,1.0,90.0,
2025-03-30 21:00:00,43295099999,Bengaluru,NOAA,23.4,51.0,,1.0,90.0,
2025-03-31 00:00:00,43295099999,Bengaluru,NOAA,21.6,60.8,,0.0,,
2025-03-31 03:00:00,43295099999,Bengaluru,NOAA,26.2,40.7,,0.0,,
2025-03-31 06:00:00,43295099999,Bengaluru,NOAA,32.0,27.1,,1.0,,
2025-03-31 09:00:00,43295099999,Bengaluru,NOAA,32.8,28.2,,1.0,140.0,
2025-03-31 12:00:00,43295099999,Bengaluru,NOAA,31.6,30.2,,1.0,140.0,
2025-03-31 15:00:00,43295099999,Bengaluru,NOAA,28.0,38.6,,1.5,90.0,
2025-03-31 18:00:00,43295099999,Bengaluru,NOAA,25.4,75.2,,1.0,90.0,
2025-03-31 21:00:00,43295099999,Bengaluru,NOAA,24.0,76.0,,1.0,140.0,
2025-04-01 00:00:00,43295099999,Bengaluru,NOAA,22.8,80.2,,1.5,140.0,
2025-04-01 03:00:00,43295099999,Bengaluru,NOAA,22.4,79.6,,1.5,90.0,
2025-04-01 06:00:00,43295099999,Bengaluru,NOAA,28.2,70.0,,1.0,140.0,
2025-04-01 09:00:00,43295099999,Bengaluru,NOAA,31.8,40.9,,1.0,50.0,
2025-04-01 12:00:00,43295099999,Bengaluru,NOAA,30.0,37.9,,1.0,90.0,
2025-04-01 15:00:00,43295099999,Bengaluru,NOAA,26.6,49.6,,2.1,140.0,
2025-04-01 18:00:00,43295099999,Bengaluru,NOAA,24.2,71.4,,1.5,50.0,
2025-04-01 21:00:00,43295099999,Bengaluru,NOAA,22.2,87.9,,2.1,90.0,
2025-04-02 00:00:00,43295099999,Bengaluru,NOAA,21.4,86.2,,1.5,50.0,
2025-04-02 03:00:00,43295099999,Bengaluru,NOAA,25.0,69.4,,1.5,140.0,
2025-04-02 06:00:00,43295099999,Bengaluru,NOAA,30.0,59.7,,1.5,140.0,
2025-04-02 09:00:00,43295099999,Bengaluru,NOAA,31.8,45.0,,1.5,90.0,
2025-04-02 12:00:00,43295099999,Bengaluru,NOAA,29.8,48.3,,1.0,90.0,
2025-04-02 15:00:00,43295099999,Bengaluru,NOAA,27.0,60.1,,1.5,140.0,
2025-04-02 18:00:00,43295099999,Bengaluru,NOAA,25.2,78.0,,1.0,90.0,
2025-04-02 21:00:00,43295099999,Bengaluru,NOAA,23.6,80.3,,2.1,140.0,
2025-04-03 00:00:00,43295099999,Bengaluru,NOAA,23.2,83.2,,1.5,140.0,
2025-04-03 03:00:00,43295099999,Bengaluru,NOAA,24.4,80.9,,1.0,140.0,
2025-04-03 06:00:00,43295099999,Bengaluru,NOAA,28.0,71.2,,1.0,140.0,0.0
2025-04-03 09:00:00,43295099999,Bengaluru,NOAA,22.0,91.2,,1.5,140.0,4.0
2025-04-03 12:00:00,43295099999,Bengaluru,NOAA,24.2,83.9,,1.5,140.0,4.0
2025-04-03 15:00:00,43295099999,Bengaluru,NOAA,22.4,81.6,,0.0,,4.0
2025-04-03 18:00:00,43295099999,Bengaluru,NOAA,22.2,83.1,,0.0,,4.0
2025-04-03 21:00:00,43295099999,Bengaluru,NOAA,22.4,79.6,,0.0,,4.0
2025-04-04 00:00:00,43295099999,Bengaluru,NOAA,22.4,83.2,,0.0,,4.0
2025-04-04 03:00:00,43295099999,Bengaluru,NOAA,24.2,80.8,,1.0,,4.0
2025-04-04 06:00:00,43295099999,Bengaluru,NOAA,24.2,80.8,,1.0,,4.0
2025-04-04 09:00:00,43295099999,Bengaluru,NOAA,32.0,43.1,,1.0,50.0,
2025-04-04 12:00:00,43295099999,Bengaluru,NOAA,29.8,50.4,,1.5,90.0,
2025-04-04 15:00:00,43295099999,Bengaluru,NOAA,25.8,69.9,,1.5,140.0,
2025-04-04 18:00:00,43295099999,Bengaluru,NOAA,23.6,80.3,,3.1,90.0,0.0
2025-04-04 21:00:00,43295099999,Bengaluru,NOAA,22.4,83.2,,1.5,90.0,0.0
2025-04-05 00:00:00,43295099999,Bengaluru,NOAA,22.0,84.7,,1.0,140.0,0.0
2025-04-05 03:00:00,43295099999,Bengaluru,NOAA,24.4,76.0,,1.0,230.0,0.0
2025-04-05 06:00:00,43295099999,Bengaluru,NOAA,30.0,59.7,,1.0,50.0,
2025-04-05 09:00:00,43295099999,Bengaluru,NOAA,32.4,39.6,,1.0,230.0,
2025-04-05 12:00:00,43295099999,Bengaluru,NOAA,31.4,42.4,,0.0,,
2025-04-05 15:00:00,43295099999,Bengaluru,NOAA,29.0,54.2,,2.6,140.0,
2025-04-05 18:00:00,43295099999,Bengaluru,NOAA,26.0,74.0,,1.5,140.0,
2025-04-05 21:00:00,43295099999,Bengaluru,NOAA,22.6,86.9,,1.0,,0.1
2025-04-06 00:00:00,43295099999,Bengaluru,NOAA,23.8,87.0,,0.0,,0.1
2025-04-06 03:00:00,43295099999,Bengaluru,NOAA,25.6,72.5,,1.0,140.0,0.1
2025-04-06 06:00:00,43295099999,Bengaluru,NOAA,25.6,72.5,,1.0,140.0,0.1
2025-04-06 09:00:00,43295099999,Bengaluru,NOAA,32.4,46.6,,1.5,50.0,
2025-04-06 12:00:00,43295099999,Bengaluru,NOAA,31.4,39.5,,1.0,50.0,
2025-04-06 15:00:00,43295099999,Bengaluru,NOAA,29.0,47.4,,1.5,90.0,
2025-04-06 18:00:00,43295099999,Bengaluru,NOAA,26.6,70.1,,1.0,90.0,
2025-04-06 21:00:00,43295099999,Bengaluru,NOAA,24.2,80.8,,2.1,140.0,
2025-04-07 00:00:00,43295099999,Bengaluru,NOAA,23.2,88.0,,0.0,,
2025-04-07 03:00:00,43295099999,Bengaluru,NOAA,25.8,78.1,,0.0,,
2025-04-07 06:00:00,43295099999,Bengaluru,NOAA,25.8,78.1,,0.0,,
2025-04-07 09:00:00,43295099999,Bengaluru,NOAA,33.8,30.2,,1.5,140.0,
2025-04-07 12:00:00,43295099999,Bengaluru,NOAA,32.6,31.4,,1.5,50.0,
2025-04-07 15:00:00,43295099999,Bengaluru,NOAA,29.0,40.7,,1.0,140.0,
2025-04-07 18:00:00,43295099999,Bengaluru,NOAA,26.4,74.5,,1.0,140.0,
2025-04-07 21:00:00,43295099999,Bengaluru,NOAA,24.4,80.9,,0.0,,
2025-04-08 00:00:00,43295099999,Bengaluru,NOAA,23.0,83.2,,0.0,,
2025-04-08 03:00:00,43295099999,Bengaluru,NOAA,26.4,72.7,,0.0,,
2025-04-08 06:00:00,43295099999,Bengaluru,NOAA,31.0,45.1,,1.0,,
2025-04-08 09:00:00,43295099999,Bengaluru,NOAA,34.0,28.7,,1.0,50.0,
2025-04-08 12:00:00,43295099999,Bengaluru,NOAA,32.4,29.4,,1.0,50.0,
2025-04-08 15:00:00,43295099999,Bengaluru,NOAA,29.0,47.4,,1.5,90.0,
2025-04-08 18:00:00,43295099999,Bengaluru,NOAA,26.2,75.8,,1.0,90.0,
2025-04-08 21:00:00,43295099999,Bengaluru,NOAA,24.2,77.4,,1.0,90.0,
2025-04-09 00:00:00,43295099999,Bengaluru,NOAA,22.2,84.7,,0.0,,
2025-04-09 03:00:00,43295099999,Bengaluru,NOAA,26.4,60.7,,0.0,,
2025-04-09 06:00:00,43295099999,Bengaluru,NOAA,30.8,45.0,,1.0,50.0,
2025-04-09 09:00:00,43295099999,Bengaluru,NOAA,33.2,31.2,,1.0,50.0,
2025-04-09 12:00:00,43295099999,Bengaluru,NOAA,32.0,30.7,,1.0,140.0,
2025-04-09 15:00:00,43295099999,Bengaluru,NOAA,28.8,43.9,,0.0,,
2025-04-09 18:00:00,43295099999,Bengaluru,NOAA,26.8,70.6,,1.0,,
2025-04-09 21:00:00,43295099999,Bengaluru,NOAA,25.0,78.0,,1.5,230.0,
2025-04-10 00:00:00,43295099999,Bengaluru,NOAA,23.6,81.8,,1.5,230.0,
2025-04-10 03:00:00,43295099999,Bengaluru,NOAA,25.0,76.6,,1.5,50.0,
2025-04-10 06:00:00,43295099999,Bengaluru,NOAA,30.4,63.9,,1.5,50.0,
2025-04-10 09:00:00,43295099999,Bengaluru,NOAA,32.4,45.4,,1.5,230.0,
2025-04-10 12:00:00,43295099999,Bengaluru,NOAA,31.0,50.4,,1.5,90.0,
2025-04-10 15:00:00,43295099999,Bengaluru,NOAA,28.8,56.5,,1.5,230.0,
2025-04-10 18:00:00,43295099999,Bengaluru,NOAA,26.2,75.8,,1.5,230.0,
2025-04-10 21:00:00,43295099999,Bengaluru,NOAA,24.4,82.4,,2.1,270.0,0.0
2025-04-11 00:00:00,43295099999,Bengaluru,NOAA,23.4,81.7,,1.5,270.0,0.0
2025-04-11 03:00:00,43295099999,Bengaluru,NOAA,25.0,69.4,,1.0,50.0,0.0
2025-04-11 06:00:00,43295099999,Bengaluru,NOAA,29.6,73.2,,2.1,140.0,
2025-04-11 09:00:00,43295099999,Bengaluru,NOAA,31.6,50.0,,1.5,230.0,
2025-04-11 12:00:00,43295099999,Bengaluru,NOAA,30.4,45.5,,1.5,50.0,
2025-04-11 15:00:00,43295099999,Bengaluru,NOAA,24.0,80.3,,2.1,140.0,1.0
2025-04-11 18:00:00,43295099999,Bengaluru,NOAA,23.4,81.7,,1.0,140.0,1.0
2025-04-11 21:00:00,43295099999,Bengaluru,NOAA,22.6,81.6,,1.0,140.0,1.0
2025-04-12 00:00:00,43295099999,Bengaluru,NOAA,,,,9.3,20.0,1.0
2025-04-12 03:00:00,43295099999,Bengaluru,NOAA,24.0,80.3,,1.5,270.0,1.0
2025-04-12 06:00:00,43295099999,Bengaluru,NOAA,29.4,68.1,,1.5,230.0,
2025-04-12 09:00:00,43295099999,Bengaluru,NOAA,32.6,43.8,,1.0,50.0,
2025-04-12 12:00:00,43295099999,Bengaluru,NOAA,30.2,49.6,,1.0,230.0,
2025-04-12 15:00:00,43295099999,Bengaluru,NOAA,26.2,68.7,,1.5,90.0,
2025-04-12 18:00:00,43295099999,Bengaluru,NOAA,20.6,91.1,,1.5,90.0,4.0
2025-04-12 21:00:00,43295099999,Bengaluru,NOAA,21.4,86.2,,1.5,50.0,4.0
2025-04-13 00:00:00,43295099999,Bengaluru,NOAA,21.0,85.6,,1.0,90.0,4.0
2025-04-13 03:00:00,43295099999,Bengaluru,NOAA,23.4,69.5,,1.0,320.0,4.0
2025-04-13 06:00:00,43295099999,Bengaluru,NOAA,31.2,40.2,,1.0,50.0,
2025-04-13 09:00:00,43295099999,Bengaluru,NOAA,33.0,36.3,,1.0,50.0,
2025-04-13 12:00:00,43295099999,Bengaluru,NOAA,31.0,39.9,,1.0,50.0,
2025-04-13 15:00:00,43295099999,Bengaluru,NOAA,25.4,69.4,,1.5,140.0,0.0
2025-04-13 18:00:00,43295099999,Bengaluru,NOAA,25.2,65.2,,0.0,,0.0
2025-04-13 21:00:00,43295099999,Bengaluru,NOAA,24.2,65.8,,1.5,90.0,0.0
2025-04-14 00:00:00,43295099999,Bengaluru,NOAA,23.4,83.3,,0.0,,0.0
2025-04-14 03:00:00,43295099999,Bengaluru,NOAA,26.8,70.6,,0.0,,0.0
2025-04-14 06:00:00,43295099999,Bengaluru,NOAA,,,,5.1,30.0,
2025-04-14 09:00:00,43295099999,Bengaluru,NOAA,32.6,40.6,,1.0,50.0,
2025-04-14 12:00:00,43295099999,Bengaluru,NOAA,22.2,84.7,,1.5,90.0,3.0
2025-04-14 15:00:00,43295099999,Bengaluru,NOAA,21.4,82.5,,1.5,90.0,6.0
2025-04-14 18:00:00,43295099999,Bengaluru,NOAA,22.2,83.1,,1.0,180.0,6.0
2025-04-14 21:00:00,43295099999,Bengaluru,NOAA,22.6,83.2,,1.5,180.0,6.0
2025-04-15 00:00:00,43295099999,Bengaluru,NOAA,22.4,84.7,,1.5,230.0,6.0
2025-04-15 03:00:00,43295099999,Bengaluru,NOAA,24.8,72.0,,1.0,50.0,6.0
2025-04-15 06:00:00,43295099999,Bengaluru,NOAA,29.8,48.6,,1.0,230.0,
2025-04-15 09:00:00,43295099999,Bengaluru,NOAA,32.0,41.0,1049.6,0.5,180.0,
2025-04-15 12:00:00,43295099999,Bengaluru,NOAA,31.0,39.9,,1.0,140.0,
2025-04-15 15:00:00,43295099999,Bengaluru,NOAA,28.0,75.2,,1.0,140.0,0.8
2025-04-15 18:00:00,43295099999,Bengaluru,NOAA,24.0,80.3,,2.1,140.0,3.0
2025-04-15 21:00:00,43295099999,Bengaluru,NOAA,21.0,80.9,,1.5,90.0,6.0
2025-04-16 00:00:00,43295099999,Bengaluru,NOAA,22.4,81.6,,1.0,180.0,6.0
2025-04-16 03:00:00,43295099999,Bengaluru,NOAA,24.0,80.3,,1.0,180.0,6.0
2025-04-16 06:00:00,43295099999,Bengaluru,NOAA,28.4,71.3,,1.0,180.0,
2025-04-16 09:00:00,43295099999,Bengaluru,NOAA,32.4,47.4,,1.0,230.0,
2025-04-16 12:00:00,43295099999,Bengaluru,NOAA,24.4,77.4,,3.1,50.0,
2025-04-16 15:00:00,43295099999,Bengaluru,NOAA,20.6,85.6,,1.0,270.0,7.0
2025-04-16 18:00:00,43295099999,Bengaluru,NOAA,20.8,84.0,,1.0,230.0,9.0
2025-04-16 21:00:00,43295099999,Bengaluru,NOAA,20.6,84.0,,1.0,230.0,9.0
2025-04-17 00:00:00,43295099999,Bengaluru,NOAA,20.8,82.4,,1.0,180.0,9.0
2025-04-17 03:00:00,43295099999,Bengaluru,NOAA,24.2,82.3,,0.0,,9.0
2025-04-17 06:00:00,43295099999,Bengaluru,NOAA,28.8,70.1,,1.5,270.0,
2025-04-17 09:00:00,43295099999,Bengaluru,NOAA,32.0,49.1,,1.0,270.0,
2025-04-17 12:00:00,43295099999,Bengaluru,NOAA,30.4,52.2,,1.0,270.0,
2025-04-17 15:00:00,43295099999,Bengaluru,NOAA,28.2,71.2,,1.0,140.0,
2025-04-17 18:00:00,43295099999,Bengaluru,NOAA,25.6,78.1,,1.0,50.0,0.0
2025-04-17 21:00:00,43295099999,Bengaluru,NOAA,25.0,80.9,,0.5,140.0,0.0
2025-04-18 00:00:00,43295099999,Bengaluru,NOAA,25.0,80.9,1049.4,1.5,230.0,0.0
2025-04-18 03:00:00,43295099999,Bengaluru,NOAA,25.4,81.0,,2.1,230.0,0.0
2025-04-18 06:00:00,43295099999,Bengaluru,NOAA,28.0,78.0,,1.0,230.0,
2025-04-18 09:00:00,43295099999,Bengaluru,NOAA,31.0,61.7,,1.0,180.0,
2025-04-18 12:00:00,43295099999,Bengaluru,NOAA,27.0,76.0,,2.1,320.0,0.0
2025-04-18 15:00:00,43295099999,Bengaluru,NOAA,25.0,79.5,,0.0,,0.6
2025-04-18 18:00:00,43295099999,Bengaluru,NOAA,24.0,80.3,,1.0,230.0,0.6
2025-04-18 21:00:00,43295099999,Bengaluru,NOAA,24.0,80.3,,1.5,270.0,0.6
2025-04-19 00:00:00,43295099999,Bengaluru,NOAA,23.4,81.7,,1.5,270.0,0.6
2025-04-19 03:00:00,43295099999,Bengaluru,NOAA,24.8,80.9,,1.5,270.0,1.0
2025-04-19 06:00:00,43295099999,Bengaluru,NOAA,29.8,,,1.0,230.0,
2025-04-19 09:00:00,43295099999,Bengaluru,NOAA,31.0,49.5,1048.7,0.5,180.0,
2025-04-19 12:00:00,43295099999,Bengaluru,NOAA,29.0,60.2,,1.0,180.0,0.1
2025-04-19 15:00:00,43295099999,Bengaluru,NOAA,27.4,65.2,,0.0,,0.1
2025-04-19 18:00:00,43295099999,Bengaluru,NOAA,26.0,71.3,,0.0,,0.1
2025-04-19 21:00:00,43295099999,Bengaluru,NOAA,24.8,79.4,,1.0,180.0,0.1
2025-04-20 00:00:00,43295099999,Bengaluru,NOAA,23.8,83.3,,1.5,270.0,0.1
2025-04-20 03:00:00,43295099999,Bengaluru,NOAA,24.8,80.9,,1.5,180.0,0.1
2025-04-20 06:00:00,43295099999,Bengaluru,NOAA,30.0,69.5,,1.0,180.0,
2025-04-20 09:00:00,43295099999,Bengaluru,NOAA,33.0,47.0,,1.0,180.0,
2025-04-20 12:00:00,43295099999,Bengaluru,NOAA,25.0,82.4,,1.0,140.0,1.0
2025-04-20 15:00:00,43295099999,Bengaluru,NOAA,24.4,82.4,,0.0,,1.0
2025-04-20 18:00:00,43295099999,Bengaluru,NOAA,24.6,82.4,,1.5,230.0,1.0
2025-04-20 21:00:00,43295099999,Bengaluru,NOAA,22.2,81.1,,1.5,320.0,1.0
2025-04-21 00:00:00,43295099999,Bengaluru,NOAA,21.2,84.1,,0.0,,1.0
2025-04-21 03:00:00,43295099999,Bengaluru,NOAA,25.2,76.6,,0.0,,0.1
2025-04-21 06:00:00,43295099999,Bengaluru,NOAA,31.0,50.4,,1.0,140.0,
2025-04-21 09:00:00,43295099999,Bengaluru,NOAA,32.8,43.9,,1.5,230.0,
2025-04-21 12:00:00,43295099999,Bengaluru,NOAA,31.4,35.4,,1.5,140.0,
2025-04-21 15:00:00,43295099999,Bengaluru,NOAA,27.8,55.6,,0.0,,
2025-04-21 18:00:00,43295099999,Bengaluru,NOAA,25.2,69.4,,0.0,,
2025-04-21 21:00:00,43295099999,Bengaluru,NOAA,23.2,80.2,,0.0,,
2025-04-22 00:00:00,43295099999,Bengaluru,NOAA,22.2,81.1,,0.5,180.0,
2025-04-22 03:00:00,43295099999,Bengaluru,NOAA,27.4,62.9,,1.0,,
2025-04-22 06:00:00,43295099999,Bengaluru,NOAA,30.6,43.3,,0.0,,
2025-04-22 09:00:00,43295099999,Bengaluru,NOAA,33.0,32.8,,1.5,140.0,
2025-04-22 12:00:00,43295099999,Bengaluru,NOAA,32.0,29.7,,1.0,90.0,
2025-04-22 15:00:00,43295099999,Bengaluru,NOAA,28.0,46.3,,1.0,140.0,
2025-04-22 18:00:00,43295099999,Bengaluru,NOAA,26.8,73.2,,1.0,140.0,
2025-04-22 21:00:00,43295099999,Bengaluru,NOAA,26.4,75.9,,1.0,140.0,
2025-04-23 00:00:00,43295099999,Bengaluru,NOAA,24.4,79.4,,1.5,180.0,
2025-04-23 03:00:00,43295099999,Bengaluru,NOAA,26.0,80.1,,1.0,230.0,
2025-04-23 06:00:00,43295099999,Bengaluru,NOAA,31.0,50.4,,1.0,140.0,
2025-04-23 09:00:00,43295099999,Bengaluru,NOAA,34.2,29.9,,1.5,140.0,
2025-04-23 12:00:00,43295099999,Bengaluru,NOAA,32.8,28.9,,0.5,180.0,
2025-04-23 15:00:00,43295099999,Bengaluru,NOAA,29.6,42.4,,1.5,140.0,
2025-04-23 18:00:00,43295099999,Bengaluru,NOAA,27.8,64.5,,1.5,140.0,
2025-04-23 21:00:00,43295099999,Bengaluru,NOAA,25.4,79.5,,0.0,,
2025-04-24 00:00:00,43295099999,Bengaluru,NOAA,24.2,85.4,,1.5,230.0,
2025-04-24 03:00:00,43295099999,Bengaluru,NOAA,24.8,82.4,,1.0,180.0,0.0
2025-04-24 06:00:00,43295099999,Bengaluru,NOAA,31.0,58.5,,1.0,180.0,
2025-04-24 09:00:00,43295099999,Bengaluru,NOAA,35.0,34.2,,1.0,230.0,
2025-04-24 12:00:00,43295099999,Bengaluru,NOAA,33.4,28.9,,0.0,,
2025-04-24 15:00:00,43295099999,Bengaluru,NOAA,29.2,44.3,,1.0,90.0,
2025-04-24 18:00:00,43295099999,Bengaluru,NOAA,27.2,64.0,,1.0,140.0,
2025-04-24 21:00:00,43295099999,Bengaluru,NOAA,25.6,72.5,,1.0,140.0,
2025-04-25 00:00:00,43295099999,Bengaluru,NOAA,25.0,82.4,,1.5,180.0,
2025-04-25 03:00:00,43295099999,Bengaluru,NOAA,25.6,79.5,,1.0,230.0,
2025-04-25 06:00:00,43295099999,Bengaluru,NOAA,30.6,66.3,,1.0,230.0,
2025-04-25 09:00:00,43295099999,Bengaluru,NOAA,34.0,39.3,,1.5,140.0,
2025-04-25 12:00:00,43295099999,Bengaluru,NOAA,32.8,30.7,,1.5,90.0,
2025-04-25 15:00:00,43295099999,Bengaluru,NOAA,29.0,51.8,,0.5,180.0,
2025-04-25 18:00:00,43295099999,Bengaluru,NOAA,25.2,59.7,,1.0,180.0,
2025-04-25 21:00:00,43295099999,Bengaluru,NOAA,26.2,70.0,,0.0,,
2025-04-26 00:00:00,43295099999,Bengaluru,NOAA,25.4,82.5,,1.0,180.0,
2025-04-26 03:00:00,43295099999,Bengaluru,NOAA,26.8,75.9,,1.5,140.0,
2025-04-26 06:00:00,43295099999,Bengaluru,NOAA,30.6,55.6,,1.5,50.0,
2025-04-26 09:00:00,43295099999,Bengaluru,NOAA,32.6,43.8,,1.0,140.0,
2025-04-26 12:00:00,43295099999,Bengaluru,NOAA,31.0,42.0,,1.5,90.0,
2025-04-26 15:00:00,43295099999,Bengaluru,NOAA,28.4,53.7,,1.0,140.0,
2025-04-26 18:00:00,43295099999,Bengaluru,NOAA,27.2,65.2,,1.5,140.0,
2025-04-26 21:00:00,43295099999,Bengaluru,NOAA,25.4,79.5,,1.5,140.0,
2025-04-27 00:00:00,43295099999,Bengaluru,NOAA,24.6,80.9,,1.5,140.0,
2025-04-27 03:00:00,43295099999,Bengaluru,NOAA,26.4,40.2,,1.0,140.0,
2025-04-27 06:00:00,43295099999,Bengaluru,NOAA,30.0,65.8,,1.0,230.0,
2025-04-27 09:00:00,43295099999,Bengaluru,NOAA,32.4,41.6,,0.5,320.0,
2025-04-27 12:00:00,43295099999,Bengaluru,NOAA,31.8,32.3,,1.0,140.0,
2025-04-27 15:00:00,43295099999,Bengaluru,NOAA,,,,,20.0,0.0
2025-04-27 18:00:00,43295099999,Bengaluru,NOAA,27.0,76.0,,2.1,140.0,0.0
2025-04-27 21:00:00,43295099999,Bengaluru,NOAA,24.0,80.3,,1.5,90.0,0.0
2025-04-28 00:00:00,43295099999,Bengaluru,NOAA,23.6,83.3,,0.0,,0.0
2025-04-28 03:00:00,43295099999,Bengaluru,NOAA,25.6,81.0,,1.0,180.0,0.0
2025-04-28 06:00:00,43295099999,Bengaluru,NOAA,30.2,68.7,,1.0,90.0,
2025-04-28 09:00:00,43295099999,Bengaluru,NOAA,33.4,47.4,,1.0,90.0,
2025-04-28 12:00:00,43295099999,Bengaluru,NOAA,31.0,42.0,,1.0,90.0,
2025-04-28 15:00:00,43295099999,Bengaluru,NOAA,28.6,60.1,,0.0,,
2025-04-28 18:00:00,43295099999,Bengaluru,NOAA,27.0,60.1,,1.0,90.0,
2025-04-28 21:00:00,43295099999,Bengaluru,NOAA,25.6,76.7,,2.1,140.0,
2025-04-29 00:00:00,43295099999,Bengaluru,NOAA,24.6,80.9,,1.5,230.0,
2025-04-29 03:00:00,43295099999,Bengaluru,NOAA,26.8,80.2,,0.0,,
2025-04-29 06:00:00,43295099999,Bengaluru,NOAA,30.4,68.7,,1.0,180.0,
2025-04-29 09:00:00,43295099999,Bengaluru,NOAA,32.8,40.9,,1.0,180.0,
2025-04-29 12:00:00,43295099999,Bengaluru,NOAA,31.4,39.5,,1.0,140.0,
2025-04-29 15:00:00,43295099999,Bengaluru,NOAA,29.6,52.6,,1.5,140.0,
2025-04-29 18:00:00,43295099999,Bengaluru,NOAA,27.7,58.8,,1.0,,
2025-04-29 21:00:00,43295099999,Bengaluru,NOAA,26.0,67.0,,0.0,,
2025-04-30 00:00:00,43295099999,Bengaluru,NOAA,25.4,72.5,,0.0,,
2025-04-30 03:00:00,43295099999,Bengaluru,NOAA,26.2,68.7,,1.0,230.0,
2025-04-30 06:00:00,43295099999,Bengaluru,NOAA,31.0,51.4,,1.0,230.0,
2025-04-30 09:00:00,43295099999,Bengaluru,NOAA,33.2,46.8,,1.0,230.0,
2025-04-30 12:00:00,43295099999,Bengaluru,NOAA,24.0,80.3,,1.0,230.0,4.0
2025-04-30 15:00:00,43295099999,Bengaluru,NOAA,25.0,80.9,,0.0,,4.0
2025-04-30 18:00:00,43295099999,Bengaluru,NOAA,23.2,81.7,,1.0,,6.0
2025-04-30 21:00:00,43295099999,Bengaluru,NOAA,22.2,83.1,,1.0,230.0,7.0
2025-05-01 00:00:00,43295099999,Bengaluru,NOAA,22.2,83.1,,1.0,,
2025-05-01 03:00:00,43295099999,Bengaluru,NOAA,25.2,78.0,,1.0,230.0,7.0
2025-05-01 06:00:00,43295099999,Bengaluru,NOAA,29.6,51.3,,1.0,270.0,
2025-05-01 09:00:00,43295099999,Bengaluru,NOAA,32.6,43.8,,1.5,230.0,
2025-05-01 12:00:00,43295099999,Bengaluru,NOAA,32.4,46.6,,1.5,140.0,
2025-05-01 15:00:00,43295099999,Bengaluru,NOAA,21.0,82.5,,1.5,320.0,18.0
2025-05-01 18:00:00,43295099999,Bengaluru,NOAA,21.2,82.5,,1.0,320.0,20.0
2025-05-01 21:00:00,43295099999,Bengaluru,NOAA,22.0,81.1,,1.0,230.0,20.0
2025-05-02 00:00:00,43295099999,Bengaluru,NOAA,22.6,81.6,,1.5,230.0,
2025-05-02 03:00:00,43295099999,Bengaluru,NOAA,24.6,82.4,,1.5,230.0,20.0
2025-05-02 06:00:00,43295099999,Bengaluru,NOAA,29.6,70.6,,1.5,320.0,
2025-05-02 09:00:00,43295099999,Bengaluru,NOAA,32.4,52.7,,1.0,230.0,
2025-05-02 12:00:00,43295099999,Bengaluru,NOAA,26.8,78.8,,1.0,230.0,0.8
2025-05-02 15:00:00,43295099999,Bengaluru,NOAA,20.6,84.0,,2.6,140.0,6.0
2025-05-02 18:00:00,43295099999,Bengaluru,NOAA,20.4,78.8,,1.0,230.0,7.0
2025-05-02 21:00:00,43295099999,Bengaluru,NOAA,20.4,82.4,,2.1,270.0,7.0
2025-05-03 00:00:00,43295099999,Bengaluru,NOAA,20.8,82.4,,1.5,230.0,7.0
2025-05-03 03:00:00,43295099999,Bengaluru,NOAA,24.4,70.1,,0.0,,7.0
2025-05-03 06:00:00,43295099999,Bengaluru,NOAA,29.0,59.1,,1.0,230.0,
2025-05-03 09:00:00,43295099999,Bengaluru,NOAA,31.0,49.5,,0.0,,
2025-05-03 12:00:00,43295099999,Bengaluru,NOAA,30.2,53.1,,1.0,230.0,
2025-05-03 15:00:00,43295099999,Bengaluru,NOAA,28.0,64.6,,0.0,,
2025-05-03 18:00:00,43295099999,Bengaluru,NOAA,25.2,79.5,,1.0,,
2025-05-03 21:00:00,43295099999,Bengaluru,NOAA,24.0,,,1.5,140.0,
2025-05-04 00:00:00,43295099999,Bengaluru,NOAA,22.6,87.9,,1.5,140.0,
2025-05-04 03:00:00,43295099999,Bengaluru,NOAA,24.8,80.9,,1.0,230.0,
2025-05-04 09:00:00,43295099999,Bengaluru,NOAA,32.4,48.6,,1.0,230.0,
2025-05-04 12:00:00,43295099999,Bengaluru,NOAA,31.0,49.5,,1.5,230.0,
2025-05-04 15:00:00,43295099999,Bengaluru,NOAA,27.0,59.0,,0.0,,
2025-05-04 18:00:00,43295099999,Bengaluru,NOAA,25.2,70.7,,1.5,230.0,
2025-05-04 21:00:00,43295099999,Bengaluru,NOAA,23.4,78.8,,1.0,230.0,
2025-05-05 00:00:00,43295099999,Bengaluru,NOAA,23.0,80.2,,1.0,230.0,
2025-05-05 03:00:00,43295099999,Bengaluru,NOAA,25.4,79.5,,1.0,230.0,
2025-05-05 06:00:00,43295099999,Bengaluru,NOAA,30.0,62.3,,1.5,230.0,
2025-05-05 12:00:00,43295099999,Bengaluru,NOAA,31.2,49.5,,1.0,,
2025-05-05 15:00:00,43295099999,Bengaluru,NOAA,29.0,65.2,,1.0,140.0,
2025-05-05 18:00:00,43295099999,Bengaluru,NOAA,27.0,64.0,,0.0,,
2025-05-05 21:00:00,43295099999,Bengaluru,NOAA,25.0,79.5,,1.5,230.0,
2025-05-06 00:00:00,43295099999,Bengaluru,NOAA,23.0,83.2,,1.0,230.0,
2025-05-06 03:00:00,43295099999,Bengaluru,NOAA,25.4,70.7,,1.5,230.0,
2025-05-06 06:00:00,43295099999,Bengaluru,NOAA,30.0,47.4,,1.5,230.0,
2025-05-06 09:00:00,43295099999,Bengaluru,NOAA,33.8,30.2,,1.0,270.0,
2025-05-06 12:00:00,43295099999,Bengaluru,NOAA,32.0,31.5,,1.5,270.0,
2025-05-06 15:00:00,43295099999,Bengaluru,NOAA,28.6,56.5,,0.0,,
2025-05-06 18:00:00,43295099999,Bengaluru,NOAA,25.8,57.6,,0.0,,
2025-05-06 21:00:00,43295099999,Bengaluru,NOAA,25.4,78.1,,1.0,230.0,
2025-05-07 00:00:00,43295099999,Bengaluru,NOAA,24.2,82.3,,1.5,230.0,
2025-05-07 03:00:00,43295099999,Bengaluru,NOAA,26.2,75.8,,1.0,270.0,
2025-05-07 06:00:00,43295099999,Bengaluru,NOAA,30.4,54.5,,1.0,320.0,
2025-05-07 09:00:00,43295099999,Bengaluru,NOAA,32.2,40.3,,1.0,230.0,
2025-05-07 12:00:00,43295099999,Bengaluru,NOAA,30.8,41.7,,1.0,230.0,
2025-05-07 15:00:00,43295099999,Bengaluru,NOAA,29.0,48.4,,1.5,230.0,
2025-05-07 18:00:00,43295099999,Bengaluru,NOAA,25.0,67.6,,1.5,140.0,
2025-05-07 21:00:00,43295099999,Bengaluru,NOAA,24.2,77.4,,0.0,,
2025-05-08 00:00:00,43295099999,Bengaluru,NOAA,23.4,84.8,,1.5,270.0,
2025-05-08 03:00:00,43295099999,Bengaluru,NOAA,25.8,71.3,,1.5,230.0,
2025-05-08 06:00:00,43295099999,Bengaluru,NOAA,29.0,53.1,,1.0,230.0,
2025-05-08 09:00:00,43295099999,Bengaluru,NOAA,31.8,42.0,,1.5,230.0,
2025-05-08 12:00:00,43295099999,Bengaluru,NOAA,30.8,45.9,,1.0,230.0,
2025-05-08 15:00:00,43295099999,Bengaluru,NOAA,28.0,52.2,,1.0,90.0,
2025-05-08 18:00:00,43295099999,Bengaluru,NOAA,26.0,62.9,,1.0,90.0,
2025-05-08 21:00:00,43295099999,Bengaluru,NOAA,24.4,64.6,,1.0,90.0,
2025-05-09 00:00:00,43295099999,Bengaluru,NOAA,23.2,72.6,,1.0,270.0,
2025-05-09 03:00:00,43295099999,Bengaluru,NOAA,25.6,61.3,,1.5,230.0,
2025-05-09 06:00:00,43295099999,Bengaluru,NOAA,30.0,49.5,,1.0,320.0,
2025-05-09 09:00:00,43295099999,Bengaluru,NOAA,31.8,43.9,,1.0,,
2025-05-09 12:00:00,43295099999,Bengaluru,NOAA,30.8,47.0,,1.5,230.0,
2025-05-09 15:00:00,43295099999,Bengaluru,NOAA,27.0,57.5,,1.0,140.0,
2025-05-09 18:00:00,43295099999,Bengaluru,NOAA,25.0,62.3,,1.0,50.0,
2025-05-09 21:00:00,43295099999,Bengaluru,NOAA,24.0,68.3,,0.0,,
2025-05-10 00:00:00,43295099999,Bengaluru,NOAA,23.8,72.7,,1.0,230.0,
2025-05-10 03:00:00,43295099999,Bengaluru,NOAA,25.6,73.9,,1.0,,
2025-05-10 06:00:00,43295099999,Bengaluru,NOAA,30.0,56.5,,1.5,270.0,
2025-05-10 09:00:00,43295099999,Bengaluru,NOAA,32.2,42.4,,1.5,270.0,
2025-05-10 12:00:00,43295099999,Bengaluru,NOAA,30.4,45.5,,1.5,50.0,
2025-05-10 15:00:00,43295099999,Bengaluru,NOAA,26.8,66.3,,1.0,50.0,0.1
2025-05-10 18:00:00,43295099999,Bengaluru,NOAA,26.6,68.8,,1.0,140.0,0.1
2025-05-10 21:00:00,43295099999,Bengaluru,NOAA,25.2,69.4,,1.0,270.0,0.1
2025-05-11 00:00:00,43295099999,Bengaluru,NOAA,23.4,77.3,,1.0,230.0,0.1
2025-05-11 03:00:00,43295099999,Bengaluru,NOAA,25.2,68.1,,1.0,230.0,0.1
2025-05-11 06:00:00,43295099999,Bengaluru,NOAA,29.8,52.7,,1.5,270.0,
2025-05-11 09:00:00,43295099999,Bengaluru,NOAA,33.0,42.0,,1.0,320.0,
2025-05-11 12:00:00,43295099999,Bengaluru,NOAA,29.0,55.5,,1.5,320.0,
2025-05-11 15:00:00,43295099999,Bengaluru,NOAA,27.6,68.2,,0.0,,
2025-05-11 18:00:00,43295099999,Bengaluru,NOAA,26.8,70.6,,1.0,,
2025-05-11 21:00:00,43295099999,Bengaluru,NOAA,24.6,83.9,,1.5,230.0,
2025-05-12 00:00:00,43295099999,Bengaluru,NOAA,23.2,78.7,,1.5,230.0,
2025-05-12 03:00:00,43295099999,Bengaluru,NOAA,25.6,72.5,,1.0,230.0,
2025-05-12 06:00:00,43295099999,Bengaluru,NOAA,30.4,48.7,,1.5,320.0,
2025-05-12 09:00:00,43295099999,Bengaluru,NOAA,32.4,44.6,,1.0,270.0,
2025-05-12 12:00:00,43295099999,Bengaluru,NOAA,31.6,43.8,,2.6,230.0,0.0
2025-05-12 15:00:00,43295099999,Bengaluru,NOAA,26.0,78.6,,1.0,230.0,0.3
2025-05-12 21:00:00,43295099999,Bengaluru,NOAA,21.6,96.4,,2.1,230.0,7.0
2025-05-13 00:00:00,43295099999,Bengaluru,NOAA,21.4,96.4,,0.0,,7.0
2025-05-13 03:00:00,43295099999,Bengaluru,NOAA,24.8,78.0,,0.0,,7.0
2025-05-13 06:00:00,43295099999,Bengaluru,NOAA,29.6,63.3,,1.0,230.0,
2025-05-13 09:00:00,43295099999,Bengaluru,NOAA,31.6,44.7,,1.5,230.0,
2025-05-13 12:00:00,43295099999,Bengaluru,NOAA,22.2,94.6,,1.5,320.0,30.0
2025-05-13 15:00:00,43295099999,Bengaluru,NOAA,23.4,96.4,,0.0,,30.0
2025-05-13 18:00:00,43295099999,Bengaluru,NOAA,21.2,97.0,,2.6,320.0,34.0
2025-05-13 21:00:00,43295099999,Bengaluru,NOAA,20.4,98.2,,0.0,,35.0
2025-05-14 00:00:00,43295099999,Bengaluru,NOAA,20.4,98.2,,0.0,,35.0
2025-05-14 03:00:00,43295099999,Bengaluru,NOAA,23.4,84.8,,0.0,,35.0
2025-05-14 06:00:00,43295099999,Bengaluru,NOAA,28.4,70.0,,1.5,50.0,
2025-05-14 09:00:00,43295099999,Bengaluru,NOAA,30.8,58.1,,1.0,50.0,
2025-05-14 12:00:00,43295099999,Bengaluru,NOAA,30.0,56.5,,1.0,50.0,
2025-05-14 15:00:00,43295099999,Bengaluru,NOAA,26.4,70.1,,0.0,,
2025-05-14 18:00:00,43295099999,Bengaluru,NOAA,23.8,78.8,,1.5,230.0,
2025-05-14 21:00:00,43295099999,Bengaluru,NOAA,20.2,96.4,,1.5,320.0,3.0
2025-05-15 00:00:00,43295099999,Bengaluru,NOAA,20.0,96.3,,0.0,,5.0
2025-05-15 03:00:00,43295099999,Bengaluru,NOAA,22.4,96.4,,1.0,320.0,5.0
2025-05-15 06:00:00,43295099999,Bengaluru,NOAA,28.4,66.3,,1.5,270.0,
2025-05-15 09:00:00,43295099999,Bengaluru,NOAA,31.0,58.5,,1.5,270.0,
2025-05-15 12:00:00,43295099999,Bengaluru,NOAA,29.4,60.6,,1.0,230.0,
2025-05-15 15:00:00,43295099999,Bengaluru,NOAA,27.6,72.0,,0.0,,
2025-05-15 18:00:00,43295099999,Bengaluru,NOAA,22.0,98.2,,1.0,,14.0
2025-05-16 00:00:00,43295099999,Bengaluru,NOAA,21.2,89.5,,1.0,,14.0
2025-05-16 03:00:00,43295099999,Bengaluru,NOAA,24.4,88.6,,0.0,,14.0
2025-05-16 06:00:00,43295099999,Bengaluru,NOAA,28.4,68.7,,1.0,230.0,
2025-05-16 09:00:00,43295099999,Bengaluru,NOAA,28.0,68.2,,1.5,140.0,1.0
2025-05-16 12:00:00,43295099999,Bengaluru,NOAA,27.2,68.1,,1.0,180.0,1.0
2025-05-16 15:00:00,43295099999,Bengaluru,NOAA,26.4,70.1,,0.0,,1.0
2025-05-16 18:00:00,43295099999,Bengaluru,NOAA,24.8,87.1,,1.5,270.0,2.0
2025-05-16 21:00:00,43295099999,Bengaluru,NOAA,22.6,96.4,,1.5,230.0,12.0
2025-05-17 00:00:00,43295099999,Bengaluru,NOAA,22.0,98.2,,1.0,270.0,12.0
2025-05-17 03:00:00,43295099999,Bengaluru,NOAA,22.6,81.6,,1.0,180.0,12.0
2025-05-17 06:00:00,43295099999,Bengaluru,NOAA,27.8,77.9,,1.5,270.0,
2025-05-17 09:00:00,43295099999,Bengaluru,NOAA,28.6,66.3,,1.0,,
2025-05-17 12:00:00,43295099999,Bengaluru,NOAA,27.0,71.9,,1.5,230.0,
2025-05-17 15:00:00,43295099999,Bengaluru,NOAA,21.6,94.6,,1.0,270.0,29.0
2025-05-17 18:00:00,43295099999,Bengaluru,NOAA,21.4,96.4,,0.0,,34.0
2025-05-17 21:00:00,43295099999,Bengaluru,NOAA,21.4,96.4,,1.0,230.0,34.0
2025-05-18 00:00:00,43295099999,Bengaluru,NOAA,21.4,98.2,,1.0,230.0,34.0
2025-05-18 03:00:00,43295099999,Bengaluru,NOAA,22.6,89.6,,1.5,230.0,34.0
2025-05-18 06:00:00,43295099999,Bengaluru,NOAA,27.2,73.3,,1.5,50.0,
2025-05-18 09:00:00,43295099999,Bengaluru,NOAA,28.6,63.9,,1.0,320.0,
2025-05-18 12:00:00,43295099999,Bengaluru,NOAA,27.2,70.6,,1.0,320.0,
2025-05-18 15:00:00,43295099999,Bengaluru,NOAA,23.2,80.2,,1.0,270.0,10.0
2025-05-18 21:00:00,43295099999,Bengaluru,NOAA,22.0,79.5,,0.0,,19.0
2025-05-19 00:00:00,43295099999,Bengaluru,NOAA,21.2,81.0,,0.0,,104.0
2025-05-19 03:00:00,43295099999,Bengaluru,NOAA,21.8,96.4,,1.0,320.0,405.0
2025-05-19 06:00:00,43295099999,Bengaluru,NOAA,24.4,90.3,,1.0,320.0,
2025-05-19 09:00:00,43295099999,Bengaluru,NOAA,26.0,83.1,,1.0,320.0,0.0
2025-05-19 12:00:00,43295099999,Bengaluru,NOAA,23.0,98.2,,1.0,230.0,24.0
2025-05-19 15:00:00,43295099999,Bengaluru,NOAA,23.0,94.7,,1.0,,24.0
2025-05-19 18:00:00,43295099999,Bengaluru,NOAA,22.4,92.9,,0.0,,24.0
2025-05-19 21:00:00,43295099999,Bengaluru,NOAA,22.4,94.7,,0.0,,25.0
2025-05-20 00:00:00,43295099999,Bengaluru,NOAA,22.0,96.4,,1.5,230.0,25.0
2025-05-20 03:00:00,43295099999,Bengaluru,NOAA,22.0,96.4,,1.0,230.0,37.0
2025-05-20 06:00:00,43295099999,Bengaluru,NOAA,23.0,98.2,,1.0,230.0,0.4
2025-05-20 09:00:00,43295099999,Bengaluru,NOAA,23.8,81.8,,1.0,230.0,0.4
2025-05-20 12:00:00,43295099999,Bengaluru,NOAA,22.8,81.7,,0.0,,13.0
2025-05-20 15:00:00,43295099999,Bengaluru,NOAA,22.8,81.7,,0.0,,13.0
2025-05-20 18:00:00,43295099999,Bengaluru,NOAA,21.8,94.6,,1.0,270.0,14.0
2025-05-21 00:00:00,43295099999,Bengaluru,NOAA,21.2,96.4,,1.0,270.0,14.0
2025-05-21 03:00:00,43295099999,Bengaluru,NOAA,21.2,81.0,,1.0,270.0,14.0
2025-05-21 06:00:00,43295099999,Bengaluru,NOAA,23.8,83.3,,1.5,270.0,
2025-05-21 12:00:00,43295099999,Bengaluru,NOAA,23.6,80.3,,1.5,270.0,
2025-05-21 15:00:00,43295099999,Bengaluru,NOAA,23.0,73.9,,1.0,230.0,
2025-05-21 18:00:00,43295099999,Bengaluru,NOAA,22.0,81.1,,1.5,230.0,
2025-05-21 21:00:00,43295099999,Bengaluru,NOAA,21.6,84.1,,1.0,230.0,
2025-05-22 00:00:00,43295099999,Bengaluru,NOAA,21.0,91.1,,2.1,230.0,
2025-05-22 03:00:00,43295099999,Bengaluru,NOAA,22.2,92.9,,1.5,140.0,
2025-05-22 06:00:00,43295099999,Bengaluru,NOAA,26.2,71.3,,1.5,230.0,
2025-05-22 09:00:00,43295099999,Bengaluru,NOAA,28.8,61.3,,1.0,270.0,
2025-05-22 12:00:00,43295099999,Bengaluru,NOAA,27.2,60.1,,1.0,270.0,
2025-05-22 15:00:00,43295099999,Bengaluru,NOAA,25.0,75.2,,0.0,,
2025-05-22 18:00:00,43295099999,Bengaluru,NOAA,23.4,78.8,,2.1,230.0,
2025-05-22 21:00:00,43295099999,Bengaluru,NOAA,22.0,81.1,,1.0,180.0,
2025-05-23 00:00:00,43295099999,Bengaluru,NOAA,21.2,81.0,,1.0,230.0,
2025-05-23 03:00:00,43295099999,Bengaluru,NOAA,23.6,90.2,,1.0,230.0,
2025-05-23 06:00:00,43295099999,Bengaluru,NOAA,27.4,66.9,,1.0,230.0,
2025-05-23 09:00:00,43295099999,Bengaluru,NOAA,26.4,77.3,,1.5,230.0,0.0
2025-05-23 12:00:00,43295099999,Bengaluru,NOAA,25.0,79.5,,1.5,230.0,1.0
2025-05-23 15:00:00,43295099999,Bengaluru,NOAA,24.2,85.4,,1.5,270.0,1.0
2025-05-23 18:00:00,43295099999,Bengaluru,NOAA,22.6,89.6,,2.6,230.0,1.0
2025-05-23 21:00:00,43295099999,Bengaluru,NOAA,22.2,94.6,,1.5,230.0,1.0
2025-05-24 00:00:00,43295099999,Bengaluru,NOAA,22.0,91.2,,2.6,230.0,1.0
2025-05-24 03:00:00,43295099999,Bengaluru,NOAA,22.6,86.3,,2.1,230.0,1.0
2025-05-24 06:00:00,43295099999,Bengaluru,NOAA,25.2,73.8,,3.1,230.0,
2025-05-24 09:00:00,43295099999,Bengaluru,NOAA,25.2,81.0,,3.1,230.0,0.0
2025-05-24 12:00:00,43295099999,Bengaluru,NOAA,25.4,79.5,,3.1,230.0,0.4
2025-05-24 15:00:00,43295099999,Bengaluru,NOAA,23.0,88.0,,1.0,230.0,0.6
2025-05-24 18:00:00,43295099999,Bengaluru,NOAA,22.2,92.9,,1.5,230.0,0.6
2025-05-24 21:00:00,43295099999,Bengaluru,NOAA,21.6,94.6,,1.0,230.0,1.0
2025-05-25 00:00:00,43295099999,Bengaluru,NOAA,21.4,96.4,,1.0,230.0,1.0
2025-05-25 03:00:00,43295099999,Bengaluru,NOAA,22.4,81.6,,2.6,270.0,1.0
2025-05-25 06:00:00,43295099999,Bengaluru,NOAA,25.2,82.5,,3.1,230.0,0.0
2025-05-25 09:00:00,43295099999,Bengaluru,NOAA,26.0,72.6,,2.1,230.0,0.0
2025-05-25 12:00:00,43295099999,Bengaluru,NOAA,22.8,93.0,,3.1,230.0,0.8
2025-05-25 15:00:00,43295099999,Bengaluru,NOAA,21.0,91.1,,3.1,230.0,2.0
2025-05-25 18:00:00,43295099999,Bengaluru,NOAA,21.0,92.9,,2.1,230.0,3.0
2025-05-25 21:00:00,43295099999,Bengaluru,NOAA,21.0,94.6,,1.0,230.0,3.0
2025-05-26 00:00:00,43295099999,Bengaluru,NOAA,21.0,96.4,,1.0,230.0,3.0
2025-05-26 03:00:00,43295099999,Bengaluru,NOAA,22.0,91.2,,1.5,230.0,3.0
2025-05-26 09:00:00,43295099999,Bengaluru,NOAA,26.0,72.6,,1.0,270.0,5.0
2025-05-26 12:00:00,43295099999,Bengaluru,NOAA,25.4,75.2,,2.1,270.0,5.0
2025-05-26 15:00:00,43295099999,Bengaluru,NOAA,22.0,91.2,,2.1,230.0,5.0
2025-05-26 18:00:00,43295099999,Bengaluru,NOAA,21.0,91.1,,2.1,230.0,5.0
2025-05-26 21:00:00,43295099999,Bengaluru,NOAA,21.0,92.9,,2.1,230.0,5.0
2025-05-27 00:00:00,43295099999,Bengaluru,NOAA,20.6,94.6,,2.1,230.0,5.0
2025-05-27 03:00:00,43295099999,Bengaluru,NOAA,22.2,92.9,,1.5,270.0,5.0
2025-05-27 09:00:00,43295099999,Bengaluru,NOAA,26.8,71.9,,2.6,270.0,
2025-05-27 12:00:00,43295099999,Bengaluru,NOAA,26.6,70.1,,3.1,270.0,0.0
2025-05-27 15:00:00,43295099999,Bengaluru,NOAA,24.4,82.4,,1.5,230.0,0.0
2025-05-27 18:00:00,43295099999,Bengaluru,NOAA,22.6,87.9,,1.5,230.0,0.0
2025-05-27 21:00:00,43295099999,Bengaluru,NOAA,22.0,84.7,,2.1,230.0,0.0
2025-05-28 00:00:00,43295099999,Bengaluru,NOAA,21.8,86.3,,2.6,270.0,0.0
2025-05-28 03:00:00,43295099999,Bengaluru,NOAA,22.6,91.2,,2.1,270.0,0.0
2025-05-28 06:00:00,43295099999,Bengaluru,NOAA,24.8,80.9,,2.6,270.0,
2025-05-28 09:00:00,43295099999,Bengaluru,NOAA,27.0,66.4,,2.1,270.0,
2025-05-28 12:00:00,43295099999,Bengaluru,NOAA,22.2,92.9,,2.1,230.0,2.0
2025-05-28 15:00:00,43295099999,Bengaluru,NOAA,22.2,89.6,,2.6,270.0,3.0
2025-05-28 18:00:00,43295099999,Bengaluru,NOAA,21.8,89.5,,3.1,270.0,0.3
2025-05-29 00:00:00,43295099999,Bengaluru,NOAA,21.2,94.6,,3.1,270.0,3.0
2025-05-29 03:00:00,43295099999,Bengaluru,NOAA,22.4,87.9,,2.1,270.0,3.0
2025-05-29 06:00:00,43295099999,Bengaluru,NOAA,23.2,93.0,,2.1,230.0,0.0
2025-05-29 09:00:00,43295099999,Bengaluru,NOAA,25.2,79.5,,2.1,230.0,0.2
2025-05-29 12:00:00,43295099999,Bengaluru,NOAA,24.6,83.9,,1.5,230.0,0.2
2025-05-29 15:00:00,43295099999,Bengaluru,NOAA,23.4,88.0,,1.0,230.0,0.2
2025-05-29 18:00:00,43295099999,Bengaluru,NOAA,22.2,89.6,,1.0,230.0,0.6
2025-05-29 21:00:00,43295099999,Bengaluru,NOAA,22.0,91.2,,2.1,270.0,0.6
2025-05-30 00:00:00,43295099999,Bengaluru,NOAA,21.8,92.9,,2.1,270.0,0.6
2025-05-30 03:00:00,43295099999,Bengaluru,NOAA,22.0,91.2,,1.5,230.0,0.6
2025-05-30 06:00:00,43295099999,Bengaluru,NOAA,23.2,88.0,,1.5,230.0,
2025-05-30 09:00:00,43295099999,Bengaluru,NOAA,26.0,80.1,,2.1,270.0,
2025-05-30 12:00:00,43295099999,Bengaluru,NOAA,25.4,84.0,,2.6,230.0,
2025-05-30 15:00:00,43295099999,Bengaluru,NOAA,22.4,96.4,,1.5,230.0,3.0
2025-05-30 18:00:00,43295099999,Bengaluru,NOAA,22.0,91.2,,1.5,230.0,3.0
2025-05-30 21:00:00,43295099999,Bengaluru,NOAA,21.6,94.6,,1.0,230.0,3.0
2025-05-31 00:00:00,43295099999,Bengaluru,NOAA,21.0,96.4,,1.5,230.0,3.0
2025-05-31 03:00:00,43295099999,Bengaluru,NOAA,22.8,91.3,,2.1,270.0,3.0
2025-05-31 06:00:00,43295099999,Bengaluru,NOAA,26.2,71.8,,2.1,270.0,
2025-05-31 12:00:00,43295099999,Bengaluru,NOAA,28.2,65.8,,1.0,230.0,
2025-05-31 15:00:00,43295099999,Bengaluru,NOAA,25.2,78.0,,1.5,270.0,
2025-05-31 18:00:00,43295099999,Bengaluru,NOAA,23.6,83.3,,1.5,230.0,
2025-05-31 21:00:00,43295099999,Bengaluru,NOAA,22.2,94.6,,1.5,270.0,
2025-06-01 00:00:00,43295099999,Bengaluru,NOAA,22.0,92.9,,1.5,230.0,
2025-06-01 03:00:00,43295099999,Bengaluru,NOAA,23.0,91.3,,2.1,230.0,
2025-06-01 06:00:00,43295099999,Bengaluru,NOAA,23.0,91.3,,2.1,230.0,
2025-06-01 09:00:00,43295099999,Bengaluru,NOAA,29.8,56.1,,2.1,270.0,
2025-06-01 12:00:00,43295099999,Bengaluru,NOAA,28.6,57.5,,2.1,230.0,
2025-06-01 15:00:00,43295099999,Bengaluru,NOAA,26.2,70.0,,2.1,270.0,
2025-06-01 18:00:00,43295099999,Bengaluru,NOAA,23.6,78.8,,2.1,270.0,
2025-06-01 21:00:00,43295099999,Bengaluru,NOAA,22.2,89.6,,2.6,270.0,
2025-06-02 00:00:00,43295099999,Bengaluru,NOAA,22.0,91.2,,2.6,270.0,
2025-06-02 03:00:00,43295099999,Bengaluru,NOAA,23.8,81.8,,2.1,230.0,
2025-06-02 06:00:00,43295099999,Bengaluru,NOAA,27.8,61.8,,4.1,230.0,
2025-06-02 09:00:00,43295099999,Bengaluru,NOAA,28.8,60.1,,1.5,230.0,
2025-06-02 12:00:00,43295099999,Bengaluru,NOAA,27.8,57.0,,2.1,270.0,
2025-06-02 15:00:00,43295099999,Bengaluru,NOAA,24.2,74.6,,1.5,230.0,
2025-06-02 18:00:00,43295099999,Bengaluru,NOAA,23.0,86.4,,1.5,230.0,
2025-06-03 00:00:00,43295099999,Bengaluru,NOAA,21.4,94.6,,1.5,230.0,
2025-06-03 03:00:00,43295099999,Bengaluru,NOAA,23.2,80.2,,1.5,230.0,
2025-06-03 06:00:00,43295099999,Bengaluru,NOAA,26.4,74.0,,1.5,270.0,
2025-06-03 09:00:00,43295099999,Bengaluru,NOAA,26.6,71.8,,3.1,270.0,0.0
2025-06-03 12:00:00,43295099999,Bengaluru,NOAA,26.8,77.3,,2.6,230.0,0.0
2025-06-03 15:00:00,43295099999,Bengaluru,NOAA,24.0,85.4,,2.1,230.0,0.0
2025-06-03 18:00:00,43295099999,Bengaluru,NOAA,23.2,86.4,,2.6,230.0,0.0
2025-06-03 21:00:00,43295099999,Bengaluru,NOAA,22.0,89.5,,2.1,230.0,0.0
2025-06-04 00:00:00,43295099999,Bengaluru,NOAA,21.2,91.2,,1.5,230.0,0.0
2025-06-04 03:00:00,43295099999,Bengaluru,NOAA,23.4,89.6,,2.6,230.0,0.0
2025-06-04 06:00:00,43295099999,Bengaluru,NOAA,28.4,61.2,,3.1,270.0,
2025-06-04 09:00:00,43295099999,Bengaluru,NOAA,30.4,52.2,,1.5,270.0,
2025-06-04 12:00:00,43295099999,Bengaluru,NOAA,27.0,73.2,,1.0,230.0,0.8
2025-06-04 15:00:00,43295099999,Bengaluru,NOAA,25.6,62.9,,1.5,230.0,0.8
2025-06-04 18:00:00,43295099999,Bengaluru,NOAA,24.2,80.8,,1.5,230.0,0.8
2025-06-04 21:00:00,43295099999,Bengaluru,NOAA,22.4,89.6,,1.5,270.0,0.8
2025-06-05 00:00:00,43295099999,Bengaluru,NOAA,21.4,96.4,,3.1,230.0,0.8
2025-06-05 03:00:00,43295099999,Bengaluru,NOAA,23.6,81.8,,1.0,270.0,0.8
2025-06-05 06:00:00,43295099999,Bengaluru,NOAA,29.0,56.6,,3.1,270.0,
2025-06-05 09:00:00,43295099999,Bengaluru,NOAA,30.0,50.5,,3.1,230.0,
2025-06-05 12:00:00,43295099999,Bengaluru,NOAA,29.2,50.9,,1.5,270.0,
2025-06-05 15:00:00,43295099999,Bengaluru,NOAA,26.4,64.6,,2.1,270.0,
2025-06-05 18:00:00,43295099999,Bengaluru,NOAA,26.2,65.8,,1.0,270.0,
2025-06-05 21:00:00,43295099999,Bengaluru,NOAA,24.0,78.8,,1.5,230.0,
2025-06-06 00:00:00,43295099999,Bengaluru,NOAA,23.2,84.8,,1.5,270.0,
2025-06-06 03:00:00,43295099999,Bengaluru,NOAA,24.8,70.6,,1.5,270.0,
2025-06-06 06:00:00,43295099999,Bengaluru,NOAA,28.8,59.0,,1.5,270.0,
2025-06-06 09:00:00,43295099999,Bengaluru,NOAA,30.4,40.3,,1.0,230.0,
2025-06-06 12:00:00,43295099999,Bengaluru,NOAA,30.2,50.8,,1.5,230.0,
2025-06-06 15:00:00,43295099999,Bengaluru,NOAA,27.2,62.8,,0.0,,
2025-06-06 18:00:00,43295099999,Bengaluru,NOAA,26.6,66.3,,0.0,,
2025-06-06 21:00:00,43295099999,Bengaluru,NOAA,25.6,75.3,,1.0,270.0,
2025-06-07 00:00:00,43295099999,Bengaluru,NOAA,22.6,86.3,,1.0,230.0,
2025-06-07 03:00:00,43295099999,Bengaluru,NOAA,24.4,80.9,,1.0,230.0,
2025-06-07 06:00:00,43295099999,Bengaluru,NOAA,28.8,62.8,,2.1,230.0,
2025-06-07 09:00:00,43295099999,Bengaluru,NOAA,31.0,51.7,,2.1,270.0,
2025-06-07 12:00:00,43295099999,Bengaluru,NOAA,29.4,51.3,,1.5,230.0,
2025-06-07 15:00:00,43295099999,Bengaluru,NOAA,27.0,62.4,,1.0,230.0,
2025-06-07 18:00:00,43295099999,Bengaluru,NOAA,24.8,74.7,,1.5,230.0,
2025-06-08 00:00:00,43295099999,Bengaluru,NOAA,22.0,89.5,,2.1,270.0,
2025-06-08 03:00:00,43295099999,Bengaluru,NOAA,24.4,79.4,,1.5,270.0,
2025-06-08 06:00:00,43295099999,Bengaluru,NOAA,29.8,58.5,,1.0,270.0,
2025-06-08 09:00:00,43295099999,Bengaluru,NOAA,30.8,52.6,,1.0,230.0,
2025-06-08 18:00:00,43295099999,Bengaluru,NOAA,24.4,79.4,,2.6,230.0,0.4
2025-06-08 21:00:00,43295099999,Bengaluru,NOAA,23.6,81.8,,1.0,230.0,0.4
2025-06-09 00:00:00,43295099999,Bengaluru,NOAA,22.0,81.1,,2.1,230.0,2.0
2025-06-09 03:00:00,43295099999,Bengaluru,NOAA,22.6,94.7,,2.1,230.0,3.0
2025-06-09 06:00:00,43295099999,Bengaluru,NOAA,26.4,74.5,,1.5,270.0,
2025-06-09 09:00:00,43295099999,Bengaluru,NOAA,29.2,61.7,,1.5,270.0,
2025-06-09 12:00:00,43295099999,Bengaluru,NOAA,24.0,91.9,,1.0,270.0,
2025-06-09 15:00:00,43295099999,Bengaluru,NOAA,24.0,80.3,,1.5,270.0,1.0
2025-06-09 18:00:00,43295099999,Bengaluru,NOAA,23.6,87.0,,2.1,270.0,1.0
2025-06-09 21:00:00,43295099999,Bengaluru,NOAA,22.4,91.2,,1.0,270.0,1.0
2025-06-10 00:00:00,43295099999,Bengaluru,NOAA,21.4,91.2,,1.0,270.0,1.0
2025-06-10 03:00:00,43295099999,Bengaluru,NOAA,23.4,81.7,,1.5,230.0,1.0
2025-06-10 06:00:00,43295099999,Bengaluru,NOAA,27.8,69.5,,1.5,270.0,
2025-06-10 09:00:00,43295099999,Bengaluru,NOAA,30.0,59.7,,1.0,230.0,
2025-06-10 12:00:00,43295099999,Bengaluru,NOAA,29.2,58.0,,2.1,230.0,
2025-06-10 15:00:00,43295099999,Bengaluru,NOAA,25.2,82.5,,1.0,230.0,
2025-06-10 18:00:00,43295099999,Bengaluru,NOAA,21.4,96.4,,2.1,270.0,31.0
2025-06-10 21:00:00,43295099999,Bengaluru,NOAA,21.4,96.4,,2.6,270.0,33.0
2025-06-11 00:00:00,43295099999,Bengaluru,NOAA,21.4,98.2,,2.1,270.0,33.0
2025-06-11 06:00:00,43295099999,Bengaluru,NOAA,26.8,78.8,,1.5,230.0,
2025-06-11 09:00:00,43295099999,Bengaluru,NOAA,28.8,65.1,,1.5,270.0,
2025-06-11 12:00:00,43295099999,Bengaluru,NOAA,26.0,83.1,,1.5,320.0,2.0
2025-06-11 15:00:00,43295099999,Bengaluru,NOAA,21.6,91.2,,3.1,230.0,5.0
2025-06-12 03:00:00,43295099999,Bengaluru,NOAA,22.4,94.7,,2.1,270.0,5.0
2025-06-12 06:00:00,43295099999,Bengaluru,NOAA,26.0,77.2,,1.5,270.0,
2025-06-12 09:00:00,43295099999,Bengaluru,NOAA,27.4,72.0,,2.1,230.0,
2025-06-12 12:00:00,43295099999,Bengaluru,NOAA,26.2,67.5,,2.1,230.0,
2025-06-12 15:00:00,43295099999,Bengaluru,NOAA,24.0,78.8,,1.5,230.0,
2025-06-12 18:00:00,43295099999,Bengaluru,NOAA,23.0,80.2,,2.1,230.0,
2025-06-12 21:00:00,43295099999,Bengaluru,NOAA,21.6,81.0,,2.1,180.0,
2025-06-13 00:00:00,43295099999,Bengaluru,NOAA,21.6,81.0,,3.1,230.0,0.0
2025-06-13 03:00:00,43295099999,Bengaluru,NOAA,22.2,92.9,,1.5,270.0,0.0
2025-06-13 06:00:00,43295099999,Bengaluru,NOAA,26.0,77.2,,2.1,270.0,
2025-06-13 09:00:00,43295099999,Bengaluru,NOAA,26.0,75.3,,2.1,230.0,0.0
2025-06-13 12:00:00,43295099999,Bengaluru,NOAA,26.0,80.1,,1.5,230.0,0.1
2025-06-13 15:00:00,43295099999,Bengaluru,NOAA,23.0,96.4,,2.1,230.0,0.6
2025-06-13 18:00:00,43295099999,Bengaluru,NOAA,22.4,96.4,,2.1,230.0,0.6
2025-06-13 21:00:00,43295099999,Bengaluru,NOAA,22.0,98.2,,1.5,230.0,0.6
2025-06-14 00:00:00,43295099999,Bengaluru,NOAA,21.6,98.2,,2.1,230.0,0.6
2025-06-14 03:00:00,43295099999,Bengaluru,NOAA,22.4,91.2,,2.1,230.0,0.6
2025-06-14 06:00:00,43295099999,Bengaluru,NOAA,25.0,80.9,,3.1,230.0,
2025-06-14 09:00:00,43295099999,Bengaluru,NOAA,25.0,87.1,,1.5,230.0,1.0
2025-06-14 12:00:00,43295099999,Bengaluru,NOAA,24.6,79.4,,2.6,230.0,3.0
2025-06-14 15:00:00,43295099999,Bengaluru,NOAA,21.0,80.9,,3.6,230.0,3.0
2025-06-14 18:00:00,43295099999,Bengaluru,NOAA,20.2,81.9,,4.1,230.0,3.0
2025-06-14 21:00:00,43295099999,Bengaluru,NOAA,20.2,81.9,,4.1,230.0,3.0
2025-06-15 00:00:00,43295099999,Bengaluru,NOAA,20.6,82.4,,4.1,230.0,3.0
2025-06-15 03:00:00,43295099999,Bengaluru,NOAA,22.2,96.4,,1.5,230.0,3.0
2025-06-15 06:00:00,43295099999,Bengaluru,NOAA,24.4,85.4,,2.1,230.0,
2025-06-15 09:00:00,43295099999,Bengaluru,NOAA,26.2,72.7,,4.1,270.0,0.0
2025-06-15 12:00:00,43295099999,Bengaluru,NOAA,24.4,82.4,,6.7,270.0,0.0
2025-06-15 15:00:00,43295099999,Bengaluru,NOAA,22.0,84.7,,4.1,230.0,0.1
2025-06-15 18:00:00,43295099999,Bengaluru,NOAA,21.0,85.6,,4.6,230.0,0.1
2025-06-15 21:00:00,43295099999,Bengaluru,NOAA,20.6,91.1,,5.7,230.0,0.1
2025-06-16 00:00:00,43295099999,Bengaluru,NOAA,20.2,92.8,,5.1,230.0,0.1
2025-06-16 03:00:00,43295099999,Bengaluru,NOAA,22.4,81.6,,4.6,270.0,0.1
2025-06-16 06:00:00,43295099999,Bengaluru,NOAA,24.0,80.3,,4.6,270.0,0.0
2025-06-16 09:00:00,43295099999,Bengaluru,NOAA,24.8,74.7,,3.6,230.0,0.0
2025-06-16 12:00:00,43295099999,Bengaluru,NOAA,25.2,72.0,,3.1,230.0,0.0
2025-06-16 15:00:00,43295099999,Bengaluru,NOAA,23.2,83.2,,2.1,270.0,0.0
2025-06-16 18:00:00,43295099999,Bengaluru,NOAA,22.4,83.2,,2.6,230.0,0.0
2025-06-17 00:00:00,43295099999,Bengaluru,NOAA,21.0,92.9,,2.6,230.0,0.2
2025-06-17 03:00:00,43295099999,Bengaluru,NOAA,22.2,81.1,,1.5,230.0,0.2
2025-06-17 06:00:00,43295099999,Bengaluru,NOAA,24.6,82.4,,1.5,230.0,
2025-06-17 09:00:00,43295099999,Bengaluru,NOAA,24.0,91.9,,2.1,230.0,0.8
2025-06-17 12:00:00,43295099999,Bengaluru,NOAA,25.4,75.2,,2.1,230.0,1.0
2025-06-17 15:00:00,43295099999,Bengaluru,NOAA,23.6,80.3,,2.6,270.0,1.0
2025-06-17 18:00:00,43295099999,Bengaluru,NOAA,21.8,91.2,,2.6,270.0,1.0
2025-06-17 21:00:00,43295099999,Bengaluru,NOAA,21.0,96.4,,3.1,270.0,1.0
2025-06-18 00:00:00,43295099999,Bengaluru,NOAA,20.8,96.4,,3.1,270.0,1.0
2025-06-18 03:00:00,43295099999,Bengaluru,NOAA,22.2,87.9,,2.1,230.0,1.0
2025-06-18 06:00:00,43295099999,Bengaluru,NOAA,25.0,78.0,,1.5,270.0,
2025-06-18 09:00:00,43295099999,Bengaluru,NOAA,26.6,74.5,,2.6,230.0,
2025-06-18 12:00:00,43295099999,Bengaluru,NOAA,23.0,86.4,,1.5,230.0,2.0
2025-06-18 15:00:00,43295099999,Bengaluru,NOAA,22.6,81.6,,1.0,230.0,2.0
2025-06-18 18:00:00,43295099999,Bengaluru,NOAA,22.0,81.1,,2.1,180.0,2.0
2025-06-18 21:00:00,43295099999,Bengaluru,NOAA,21.0,82.5,,2.1,230.0,2.0
2025-06-19 00:00:00,43295099999,Bengaluru,NOAA,20.8,82.4,,3.1,230.0,2.0
2025-06-19 03:00:00,43295099999,Bengaluru,NOAA,22.6,91.2,,1.5,230.0,2.0
2025-06-19 06:00:00,43295099999,Bengaluru,NOAA,26.2,74.0,,1.5,140.0,
2025-06-19 09:00:00,43295099999,Bengaluru,NOAA,28.2,60.7,,3.1,270.0,
2025-06-19 12:00:00,43295099999,Bengaluru,NOAA,26.8,65.1,,3.1,270.0,
2025-06-19 15:00:00,43295099999,Bengaluru,NOAA,24.4,76.0,,2.1,270.0,
2025-06-19 18:00:00,43295099999,Bengaluru,NOAA,23.0,83.2,,1.5,230.0,
2025-06-19 21:00:00,43295099999,Bengaluru,NOAA,21.6,89.5,,1.5,230.0,
2025-06-20 00:00:00,43295099999,Bengaluru,NOAA,21.4,92.9,,1.5,230.0,
2025-06-20 03:00:00,43295099999,Bengaluru,NOAA,23.2,91.3,,3.1,270.0,
2025-06-20 06:00:00,43295099999,Bengaluru,NOAA,27.4,66.9,,3.1,270.0,
2025-06-20 09:00:00,43295099999,Bengaluru,NOAA,29.2,61.7,,1.5,230.0,
2025-06-20 12:00:00,43295099999,Bengaluru,NOAA,27.8,57.0,,2.1,270.0,
2025-06-20 15:00:00,43295099999,Bengaluru,NOAA,25.0,78.0,,2.1,230.0,
2025-06-20 18:00:00,43295099999,Bengaluru,NOAA,23.6,80.3,,1.5,270.0,
2025-06-20 21:00:00,43295099999,Bengaluru,NOAA,22.4,86.3,,2.6,230.0,
2025-06-21 00:00:00,43295099999,Bengaluru,NOAA,21.6,92.9,,1.5,230.0,
2025-06-21 03:00:00,43295099999,Bengaluru,NOAA,22.6,81.6,,1.5,180.0,
2025-06-21 06:00:00,43295099999,Bengaluru,NOAA,26.2,78.7,,3.1,230.0,
2025-06-21 09:00:00,43295099999,Bengaluru,NOAA,29.0,56.6,,4.1,230.0,
2025-06-21 12:00:00,43295099999,Bengaluru,NOAA,28.0,60.7,,2.6,230.0,
2025-06-21 15:00:00,43295099999,Bengaluru,NOAA,24.8,74.7,,3.1,270.0,
2025-06-21 18:00:00,43295099999,Bengaluru,NOAA,23.6,81.8,,5.1,270.0,
2025-06-22 00:00:00,43295099999,Bengaluru,NOAA,21.4,96.4,,5.1,270.0,
2025-06-22 03:00:00,43295099999,Bengaluru,NOAA,22.2,87.9,,4.6,230.0,
2025-06-22 06:00:00,43295099999,Bengaluru,NOAA,26.4,73.1,,2.6,230.0,
2025-06-22 09:00:00,43295099999,Bengaluru,NOAA,27.6,68.2,,2.6,270.0,
2025-06-22 15:00:00,43295099999,Bengaluru,NOAA,21.6,81.0,,1.5,230.0,7.0
2025-06-22 18:00:00,43295099999,Bengaluru,NOAA,,,,2.1,180.0,7.0
2025-06-22 21:00:00,43295099999,Bengaluru,NOAA,21.2,81.0,,2.6,180.0,7.0
2025-06-23 00:00:00,43295099999,Bengaluru,NOAA,20.6,80.4,,3.6,230.0,7.0
2025-06-23 03:00:00,43295099999,Bengaluru,NOAA,21.4,91.2,,2.1,230.0,7.0
2025-06-23 06:00:00,43295099999,Bengaluru,NOAA,24.0,80.3,,1.5,270.0,
2025-06-23 09:00:00,43295099999,Bengaluru,NOAA,27.0,62.4,,6.7,270.0,
2025-06-23 12:00:00,43295099999,Bengaluru,NOAA,26.2,65.8,,4.6,270.0,
2025-06-23 15:00:00,43295099999,Bengaluru,NOAA,24.0,77.4,,4.6,230.0,
2025-06-23 18:00:00,43295099999,Bengaluru,NOAA,22.2,86.3,,2.6,230.0,
2025-06-23 21:00:00,43295099999,Bengaluru,NOAA,21.4,91.2,,4.1,230.0,
2025-06-24 00:00:00,43295099999,Bengaluru,NOAA,21.4,92.9,,3.1,230.0,
2025-06-24 03:00:00,43295099999,Bengaluru,NOAA,22.6,91.2,,4.6,270.0,
2025-06-24 06:00:00,43295099999,Bengaluru,NOAA,24.2,82.3,,5.7,270.0,0.0
2025-06-24 09:00:00,43295099999,Bengaluru,NOAA,27.0,65.2,,3.6,180.0,0.0
2025-06-24 12:00:00,43295099999,Bengaluru,NOAA,26.4,67.5,,3.1,180.0,0.0
2025-06-24 15:00:00,43295099999,Bengaluru,NOAA,23.6,84.8,,2.6,270.0,0.0
2025-06-24 18:00:00,43295099999,Bengaluru,NOAA,22.4,84.7,,2.6,230.0,0.0
2025-06-24 21:00:00,43295099999,Bengaluru,NOAA,21.4,89.5,,2.1,270.0,0.0
2025-06-25 00:00:00,43295099999,Bengaluru,NOAA,21.0,92.9,,1.5,230.0,0.0
2025-06-25 03:00:00,43295099999,Bengaluru,NOAA,22.2,81.1,,2.6,180.0,0.0
2025-06-25 06:00:00,43295099999,Bengaluru,NOAA,24.8,82.4,,2.6,230.0,0.0
2025-06-25 09:00:00,43295099999,Bengaluru,NOAA,27.0,71.9,,3.1,230.0,0.0
2025-06-25 12:00:00,43295099999,Bengaluru,NOAA,25.0,79.5,,4.1,230.0,0.0
2025-06-25 15:00:00,43295099999,Bengaluru,NOAA,23.4,88.0,,5.7,230.0,0.0
2025-06-25 18:00:00,43295099999,Bengaluru,NOAA,22.6,89.6,,5.7,230.0,0.0
2025-06-25 21:00:00,43295099999,Bengaluru,NOAA,21.5,90.1,,4.6,230.0,0.0
2025-06-26 00:00:00,43295099999,Bengaluru,NOAA,21.6,89.5,,5.1,270.0,0.0
2025-06-26 03:00:00,43295099999,Bengaluru,NOAA,22.2,91.2,,2.1,230.0,0.0
2025-06-26 06:00:00,43295099999,Bengaluru,NOAA,25.8,75.3,,2.1,230.0,
2025-06-26 09:00:00,43295099999,Bengaluru,NOAA,27.2,70.6,,1.5,180.0,
2025-06-26 12:00:00,43295099999,Bengaluru,NOAA,27.0,69.3,,2.6,230.0,
2025-06-26 15:00:00,43295099999,Bengaluru,NOAA,24.4,77.4,,3.1,230.0,
2025-06-26 18:00:00,43295099999,Bengaluru,NOAA,22.0,81.1,,3.6,180.0,0.0
2025-06-26 21:00:00,43295099999,Bengaluru,NOAA,21.8,81.0,,1.0,180.0,0.0
2025-06-27 00:00:00,43295099999,Bengaluru,NOAA,21.0,82.5,,2.6,180.0,0.0
2025-06-27 03:00:00,43295099999,Bengaluru,NOAA,22.0,89.5,,1.5,270.0,0.0
2025-06-27 06:00:00,43295099999,Bengaluru,NOAA,26.2,72.7,,1.5,230.0,
2025-06-27 09:00:00,43295099999,Bengaluru,NOAA,28.4,78.0,,2.6,230.0,
2025-06-27 12:00:00,43295099999,Bengaluru,NOAA,27.0,66.4,,2.6,270.0,0.0
2025-06-27 15:00:00,43295099999,Bengaluru,NOAA,23.2,89.6,,2.6,230.0,0.6
2025-06-27 18:00:00,43295099999,Bengaluru,NOAA,22.6,87.9,,2.1,230.0,0.6
2025-06-27 21:00:00,43295099999,Bengaluru,NOAA,21.6,91.2,,2.1,230.0,0.6
2025-06-28 00:00:00,43295099999,Bengaluru,NOAA,21.2,92.9,,2.6,230.0,0.6
2025-06-28 03:00:00,43295099999,Bengaluru,NOAA,22.6,92.9,,3.1,270.0,0.6
2025-06-28 06:00:00,43295099999,Bengaluru,NOAA,25.8,75.3,,3.1,270.0,
2025-06-28 12:00:00,43295099999,Bengaluru,NOAA,26.4,68.8,,2.6,230.0,0.0
2025-06-28 15:00:00,43295099999,Bengaluru,NOAA,24.6,74.7,,2.6,270.0,0.0
2025-06-28 18:00:00,43295099999,Bengaluru,NOAA,23.2,83.2,,1.5,230.0,0.0
2025-06-28 21:00:00,43295099999,Bengaluru,NOAA,21.6,87.9,,2.6,270.0,0.0
2025-06-29 00:00:00,43295099999,Bengaluru,NOAA,21.0,94.6,,2.6,270.0,0.0
2025-06-29 03:00:00,43295099999,Bengaluru,NOAA,22.0,81.1,,,230.0,
2025-06-29 06:00:00,43295099999,Bengaluru,NOAA,26.8,71.9,,2.6,230.0,
2025-06-29 09:00:00,43295099999,Bengaluru,NOAA,29.2,57.0,,4.1,270.0,
2025-06-29 12:00:00,43295099999,Bengaluru,NOAA,27.6,60.2,,4.6,230.0,
2025-06-29 15:00:00,43295099999,Bengaluru,NOAA,25.0,75.2,,3.1,270.0,
2025-06-29 18:00:00,43295099999,Bengaluru,NOAA,23.4,84.8,,4.1,270.0,
2025-06-29 21:00:00,43295099999,Bengaluru,NOAA,21.4,92.9,,2.6,270.0,
2025-06-30 00:00:00,43295099999,Bengaluru,NOAA,20.8,94.6,,3.1,270.0,
2025-06-30 03:00:00,43295099999,Bengaluru,NOAA,22.0,86.3,,2.6,230.0,
2025-06-30 06:00:00,43295099999,Bengaluru,NOAA,27.0,68.0,,3.1,230.0,
2025-06-30 09:00:00,43295099999,Bengaluru,NOAA,27.8,64.5,,2.6,270.0,
2025-06-30 12:00:00,43295099999,Bengaluru,NOAA,27.6,62.9,,2.1,230.0,
2025-06-30 15:00:00,43295099999,Bengaluru,NOAA,25.0,72.0,,2.1,230.0,0.0
2025-06-30 18:00:00,43295099999,Bengaluru,NOAA,23.2,78.7,,2.6,230.0,0.0
2025-06-30 21:00:00,43295099999,Bengaluru,NOAA,22.0,81.1,,3.1,270.0,0.0
2025-07-01 00:00:00,43295099999,Bengaluru,NOAA,21.4,81.0,,2.1,180.0,0.0
2025-07-01 03:00:00,43295099999,Bengaluru,NOAA,22.6,87.9,,1.5,230.0,0.0
2025-07-01 06:00:00,43295099999,Bengaluru,NOAA,23.8,80.8,,1.5,230.0,
2025-07-01 09:00:00,43295099999,Bengaluru,NOAA,26.2,74.0,,3.1,230.0,
2025-07-01 12:00:00,43295099999,Bengaluru,NOAA,23.8,90.2,,4.6,270.0,0.8
2025-07-01 15:00:00,43295099999,Bengaluru,NOAA,23.4,84.8,,2.1,230.0,0.8
2025-07-01 18:00:00,43295099999,Bengaluru,NOAA,22.6,87.9,,3.1,270.0,0.8
2025-07-01 21:00:00,43295099999,Bengaluru,NOAA,21.6,89.5,,3.1,230.0,0.8
2025-07-02 00:00:00,43295099999,Bengaluru,NOAA,21.0,92.9,,2.1,230.0,0.8
2025-07-02 03:00:00,43295099999,Bengaluru,NOAA,22.0,91.2,,3.1,230.0,0.8
2025-07-02 06:00:00,43295099999,Bengaluru,NOAA,26.8,71.9,,5.7,270.0,
2025-07-02 09:00:00,43295099999,Bengaluru,NOAA,27.0,71.9,,4.1,270.0,0.0
2025-07-02 12:00:00,43295099999,Bengaluru,NOAA,25.4,78.1,,2.6,270.0,0.0
2025-07-02 15:00:00,43295099999,Bengaluru,NOAA,22.6,83.2,,2.1,230.0,0.4
2025-07-02 18:00:00,43295099999,Bengaluru,NOAA,22.0,87.9,,1.5,270.0,0.4
2025-07-02 21:00:00,43295099999,Bengaluru,NOAA,21.0,95.2,,1.5,230.0,0.6
2025-07-03 00:00:00,43295099999,Bengaluru,NOAA,20.6,92.8,,1.5,270.0,0.6
2025-07-03 03:00:00,43295099999,Bengaluru,NOAA,21.4,81.0,,4.6,230.0,0.6
2025-07-03 06:00:00,43295099999,Bengaluru,NOAA,24.6,80.9,,4.1,230.0,
2025-07-03 09:00:00,43295099999,Bengaluru,NOAA,26.6,71.8,,4.6,230.0,
2025-07-03 12:00:00,43295099999,Bengaluru,NOAA,24.8,82.4,,2.6,230.0,
2025-07-03 15:00:00,43295099999,Bengaluru,NOAA,23.2,86.4,,4.6,270.0,
2025-07-03 18:00:00,43295099999,Bengaluru,NOAA,22.0,91.2,,4.1,270.0,
2025-07-03 21:00:00,43295099999,Bengaluru,NOAA,21.4,92.9,,4.1,270.0,
2025-07-04 00:00:00,43295099999,Bengaluru,NOAA,21.0,96.4,,4.6,270.0,
2025-07-04 03:00:00,43295099999,Bengaluru,NOAA,21.8,87.9,,1.5,230.0,
2025-07-04 06:00:00,43295099999,Bengaluru,NOAA,26.4,74.5,,2.6,230.0,
2025-07-04 09:00:00,43295099999,Bengaluru,NOAA,27.4,69.4,,2.1,230.0,
2025-07-04 12:00:00,43295099999,Bengaluru,NOAA,27.4,69.4,,2.1,270.0,0.0
2025-07-04 15:00:00,43295099999,Bengaluru,NOAA,24.2,73.2,,4.6,230.0,0.0
2025-07-04 18:00:00,43295099999,Bengaluru,NOAA,22.2,78.1,,3.1,180.0,0.0
2025-07-05 00:00:00,43295099999,Bengaluru,NOAA,19.8,81.8,,4.1,230.0,0.0
2025-07-05 03:00:00,43295099999,Bengaluru,NOAA,22.4,87.9,,2.6,230.0,0.0
2025-07-05 06:00:00,43295099999,Bengaluru,NOAA,25.2,78.0,,4.6,230.0,
2025-07-05 09:00:00,43295099999,Bengaluru,NOAA,26.0,76.7,,2.6,230.0,
2025-07-05 12:00:00,43295099999,Bengaluru,NOAA,24.4,80.9,,2.6,230.0,
2025-07-05 15:00:00,43295099999,Bengaluru,NOAA,23.0,86.4,,2.1,230.0,
2025-07-05 18:00:00,43295099999,Bengaluru,NOAA,22.0,89.5,,2.6,230.0,
2025-07-05 21:00:00,43295099999,Bengaluru,NOAA,21.0,92.9,,4.6,230.0,0.1
2025-07-06 00:00:00,43295099999,Bengaluru,NOAA,20.8,92.9,,5.7,230.0,0.1
2025-07-06 03:00:00,43295099999,Bengaluru,NOAA,22.0,91.2,,2.1,230.0,0.1
2025-07-06 06:00:00,43295099999,Bengaluru,NOAA,25.0,76.6,,2.6,230.0,
2025-07-06 09:00:00,43295099999,Bengaluru,NOAA,23.0,81.7,,4.6,230.0,0.6
2025-07-06 12:00:00,43295099999,Bengaluru,NOAA,26.0,74.0,,5.1,230.0,0.6
2025-07-06 15:00:00,43295099999,Bengaluru,NOAA,23.8,78.8,,2.6,230.0,0.6
2025-07-06 18:00:00,43295099999,Bengaluru,NOAA,22.2,86.3,,3.1,230.0,0.6
2025-07-06 21:00:00,43295099999,Bengaluru,NOAA,21.4,92.9,,3.1,230.0,0.6
2025-07-07 00:00:00,43295099999,Bengaluru,NOAA,20.6,96.4,,1.5,270.0,0.6
2025-07-07 03:00:00,43295099999,Bengaluru,NOAA,21.8,82.6,,6.2,270.0,0.6
2025-07-07 06:00:00,43295099999,Bengaluru,NOAA,24.4,80.9,,6.7,270.0,
2025-07-07 09:00:00,43295099999,Bengaluru,NOAA,27.2,71.9,,3.6,230.0,
2025-07-07 12:00:00,43295099999,Bengaluru,NOAA,26.6,67.5,,3.1,230.0,
2025-07-07 15:00:00,43295099999,Bengaluru,NOAA,24.8,72.0,,2.1,230.0,
2025-07-07 18:00:00,43295099999,Bengaluru,NOAA,22.4,87.9,,2.1,230.0,
2025-07-07 21:00:00,43295099999,Bengaluru,NOAA,21.6,92.9,,2.1,230.0,
2025-07-08 00:00:00,43295099999,Bengaluru,NOAA,20.8,92.9,,3.1,230.0,
2025-07-08 03:00:00,43295099999,Bengaluru,NOAA,22.0,89.5,,3.1,230.0,
2025-07-08 06:00:00,43295099999,Bengaluru,NOAA,26.2,72.7,,5.1,230.0,
2025-07-08 09:00:00,43295099999,Bengaluru,NOAA,28.4,63.5,,2.6,270.0,
2025-07-08 12:00:00,43295099999,Bengaluru,NOAA,28.0,65.8,,2.6,230.0,
2025-07-08 18:00:00,43295099999,Bengaluru,NOAA,23.0,83.2,,2.6,230.0,
2025-07-08 21:00:00,43295099999,Bengaluru,NOAA,21.4,86.2,,2.1,270.0,
2025-07-09 00:00:00,43295099999,Bengaluru,NOAA,20.6,85.6,,2.6,270.0,
2025-07-09 03:00:00,43295099999,Bengaluru,NOAA,22.4,91.2,,1.5,230.0,
2025-07-09 06:00:00,43295099999,Bengaluru,NOAA,26.8,73.2,,2.6,230.0,
2025-07-09 09:00:00,43295099999,Bengaluru,NOAA,29.4,59.5,,2.1,230.0,
2025-07-09 12:00:00,43295099999,Bengaluru,NOAA,28.2,59.6,,2.1,230.0,0.0
2025-07-09 15:00:00,43295099999,Bengaluru,NOAA,25.2,78.0,,2.1,230.0,0.0
2025-07-09 18:00:00,43295099999,Bengaluru,NOAA,23.4,83.3,,1.5,230.0,0.0
2025-07-09 21:00:00,43295099999,Bengaluru,NOAA,21.3,91.2,,2.6,230.0,0.0
2025-07-10 00:00:00,43295099999,Bengaluru,NOAA,21.4,91.2,,2.6,230.0,0.0
2025-07-10 03:00:00,43295099999,Bengaluru,NOAA,22.2,89.6,,1.5,230.0,0.0
2025-07-10 06:00:00,43295099999,Bengaluru,NOAA,25.0,76.6,,1.0,230.0,
2025-07-10 09:00:00,43295099999,Bengaluru,NOAA,27.2,70.6,,1.5,270.0,0.1
2025-07-10 12:00:00,43295099999,Bengaluru,NOAA,28.2,71.2,,1.5,230.0,0.1
2025-07-10 15:00:00,43295099999,Bengaluru,NOAA,24.4,82.4,,1.5,230.0,0.1
2025-07-10 18:00:00,43295099999,Bengaluru,NOAA,23.0,86.4,,1.5,230.0,0.1
2025-07-10 21:00:00,43295099999,Bengaluru,NOAA,22.0,87.9,,1.5,270.0,0.1
2025-07-11 00:00:00,43295099999,Bengaluru,NOAA,21.2,91.2,,1.5,270.0,0.1
2025-07-11 03:00:00,43295099999,Bengaluru,NOAA,22.0,87.9,,1.5,230.0,0.1
2025-07-11 06:00:00,43295099999,Bengaluru,NOAA,26.4,68.8,,1.0,180.0,
2025-07-11 09:00:00,43295099999,Bengaluru,NOAA,29.2,64.0,,2.6,230.0,0.0
2025-07-11 12:00:00,43295099999,Bengaluru,NOAA,23.4,94.7,,2.1,230.0,7.0
2025-07-11 15:00:00,43295099999,Bengaluru,NOAA,21.6,94.6,,1.0,230.0,7.0
2025-07-11 18:00:00,43295099999,Bengaluru,NOAA,21.4,96.4,,1.0,230.0,7.0
2025-07-11 21:00:00,43295099999,Bengaluru,NOAA,21.2,92.9,,1.5,230.0,7.0
2025-07-12 00:00:00,43295099999,Bengaluru,NOAA,21.0,94.6,,1.5,230.0,7.0
2025-07-12 03:00:00,43295099999,Bengaluru,NOAA,21.8,91.2,,1.5,230.0,7.0
2025-07-12 06:00:00,43295099999,Bengaluru,NOAA,25.0,79.5,,3.1,230.0,
2025-07-12 09:00:00,43295099999,Bengaluru,NOAA,24.0,88.6,,1.5,230.0,1.0
2025-07-12 12:00:00,43295099999,Bengaluru,NOAA,26.4,72.7,,1.5,270.0,1.0
2025-07-12 15:00:00,43295099999,Bengaluru,NOAA,24.2,83.9,,1.0,230.0,1.0
2025-07-12 21:00:00,43295099999,Bengaluru,NOAA,22.0,87.9,,1.5,230.0,1.0
2025-07-13 00:00:00,43295099999,Bengaluru,NOAA,21.2,91.2,,3.1,180.0,1.0
2025-07-13 03:00:00,43295099999,Bengaluru,NOAA,22.6,91.2,,1.5,230.0,1.0
2025-07-13 06:00:00,43295099999,Bengaluru,NOAA,25.8,75.3,,2.6,140.0,
2025-07-13 09:00:00,43295099999,Bengaluru,NOAA,27.2,69.3,,2.1,230.0,
2025-07-13 12:00:00,43295099999,Bengaluru,NOAA,27.0,70.6,,1.5,230.0,
2025-07-13 15:00:00,43295099999,Bengaluru,NOAA,21.2,96.4,,1.5,230.0,33.0
2025-07-13 18:00:00,43295099999,Bengaluru,NOAA,21.0,96.4,,1.5,230.0,34.0
2025-07-13 21:00:00,43295099999,Bengaluru,NOAA,20.4,94.6,,1.5,230.0,34.0
2025-07-14 00:00:00,43295099999,Bengaluru,NOAA,20.2,96.4,,1.5,230.0,34.0
2025-07-14 03:00:00,43295099999,Bengaluru,NOAA,21.4,96.4,,2.1,230.0,34.0
2025-07-14 06:00:00,43295099999,Bengaluru,NOAA,25.2,75.2,,1.5,230.0,
2025-07-14 09:00:00,43295099999,Bengaluru,NOAA,25.8,76.7,,2.1,230.0,0.1
2025-07-14 12:00:00,43295099999,Bengaluru,NOAA,26.0,72.6,,2.6,180.0,0.1
2025-07-14 15:00:00,43295099999,Bengaluru,NOAA,23.6,80.3,,2.1,230.0,0.1
2025-07-15 00:00:00,43295099999,Bengaluru,NOAA,20.4,96.4,,3.1,270.0,0.1
2025-07-15 03:00:00,43295099999,Bengaluru,NOAA,22.2,84.7,,3.1,230.0,0.1
2025-07-15 06:00:00,43295099999,Bengaluru,NOAA,25.4,73.9,,4.1,230.0,
2025-07-15 09:00:00,43295099999,Bengaluru,NOAA,27.0,71.9,,2.1,270.0,
2025-07-15 12:00:00,43295099999,Bengaluru,NOAA,26.0,74.0,,2.6,230.0,
2025-07-15 15:00:00,43295099999,Bengaluru,NOAA,24.4,80.9,,1.0,230.0,
2025-07-15 18:00:00,43295099999,Bengaluru,NOAA,22.6,89.6,,1.0,230.0,
2025-07-15 21:00:00,43295099999,Bengaluru,NOAA,21.4,94.6,,1.5,230.0,
2025-07-16 00:00:00,43295099999,Bengaluru,NOAA,21.0,96.4,,2.6,230.0,
2025-07-16 03:00:00,43295099999,Bengaluru,NOAA,22.0,91.2,,1.0,230.0,
2025-07-16 06:00:00,43295099999,Bengaluru,NOAA,25.0,82.4,,2.6,230.0,0.0
2025-07-16 09:00:00,43295099999,Bengaluru,NOAA,28.6,65.1,,1.5,230.0,0.0
2025-07-16 12:00:00,43295099999,Bengaluru,NOAA,24.6,87.0,,3.1,270.0,1.0
2025-07-16 15:00:00,43295099999,Bengaluru,NOAA,20.6,94.6,,2.1,230.0,3.0
2025-07-16 18:00:00,43295099999,Bengaluru,NOAA,21.2,96.4,,1.5,180.0,3.0
2025-07-16 21:00:00,43295099999,Bengaluru,NOAA,20.6,96.4,,2.1,230.0,4.0
2025-07-17 03:00:00,43295099999,Bengaluru,NOAA,21.4,91.2,,2.1,230.0,4.0
2025-07-17 06:00:00,43295099999,Bengaluru,NOAA,24.4,82.4,,3.1,270.0,
2025-07-17 09:00:00,43295099999,Bengaluru,NOAA,27.6,66.9,,1.5,230.0,
2025-07-17 12:00:00,43295099999,Bengaluru,NOAA,24.6,79.4,,1.5,230.0,0.6
2025-07-17 15:00:00,43295099999,Bengaluru,NOAA,23.6,88.6,,1.5,230.0,0.6
2025-07-17 18:00:00,43295099999,Bengaluru,NOAA,22.0,94.6,,1.5,230.0,6.0
2025-07-17 21:00:00,43295099999,Bengaluru,NOAA,20.8,94.6,,1.5,230.0,7.0
2025-07-18 00:00:00,43295099999,Bengaluru,NOAA,20.4,96.4,,1.5,230.0,7.0
2025-07-18 03:00:00,43295099999,Bengaluru,NOAA,20.8,96.4,,1.5,230.0,7.0
2025-07-18 06:00:00,43295099999,Bengaluru,NOAA,24.6,79.4,,2.1,230.0,
2025-07-18 09:00:00,43295099999,Bengaluru,NOAA,26.8,68.8,,2.1,230.0,
2025-07-18 12:00:00,43295099999,Bengaluru,NOAA,25.8,72.6,,2.1,230.0,
2025-07-18 15:00:00,43295099999,Bengaluru,NOAA,22.4,84.7,,3.1,270.0,0.2
2025-07-18 18:00:00,43295099999,Bengaluru,NOAA,22.4,84.7,,3.1,270.0,0.8
2025-07-18 21:00:00,43295099999,Bengaluru,NOAA,21.0,92.9,,1.5,230.0,0.2
2025-07-19 00:00:00,43295099999,Bengaluru,NOAA,20.6,91.1,,1.5,230.0,0.2
2025-07-19 03:00:00,43295099999,Bengaluru,NOAA,21.2,91.2,,1.5,230.0,0.2
2025-07-19 06:00:00,43295099999,Bengaluru,NOAA,22.8,89.6,,2.1,230.0,0.0
2025-07-19 09:00:00,43295099999,Bengaluru,NOAA,25.0,80.9,,2.6,230.0,0.0
2025-07-19 12:00:00,43295099999,Bengaluru,NOAA,23.0,93.0,,3.1,230.0,2.0
2025-07-19 15:00:00,43295099999,Bengaluru,NOAA,21.0,94.6,,2.1,230.0,4.0
2025-07-19 18:00:00,43295099999,Bengaluru,NOAA,20.4,96.4,,1.5,230.0,6.0
2025-07-19 21:00:00,43295099999,Bengaluru,NOAA,20.0,98.2,,1.5,230.0,6.0
2025-07-20 00:00:00,43295099999,Bengaluru,NOAA,19.8,96.3,,1.5,230.0,6.0
2025-07-20 03:00:00,43295099999,Bengaluru,NOAA,21.2,91.2,,1.5,230.0,6.0
2025-07-20 06:00:00,43295099999,Bengaluru,NOAA,25.4,76.7,,2.1,230.0,
2025-07-20 09:00:00,43295099999,Bengaluru,NOAA,25.8,79.6,,2.6,180.0,
2025-07-20 12:00:00,43295099999,Bengaluru,NOAA,22.4,89.6,,2.1,230.0,6.0
2025-07-20 15:00:00,43295099999,Bengaluru,NOAA,21.6,92.9,,1.5,230.0,6.0
2025-07-20 18:00:00,43295099999,Bengaluru,NOAA,21.0,91.1,,1.5,180.0,6.0
2025-07-20 21:00:00,43295099999,Bengaluru,NOAA,21.0,90.6,,1.5,230.0,6.0
2025-07-21 00:00:00,43295099999,Bengaluru,NOAA,19.6,98.2,,2.6,230.0,6.0
2025-07-21 03:00:00,43295099999,Bengaluru,NOAA,21.0,94.6,,2.1,230.0,6.0
2025-07-21 06:00:00,43295099999,Bengaluru,NOAA,25.2,78.0,,3.1,230.0,
2025-07-21 09:00:00,43295099999,Bengaluru,NOAA,25.8,73.9,,1.0,230.0,
2025-07-21 12:00:00,43295099999,Bengaluru,NOAA,21.8,92.9,,1.5,230.0,4.0
2025-07-21 15:00:00,43295099999,Bengaluru,NOAA,20.6,96.4,,2.1,230.0,11.0
2025-07-21 21:00:00,43295099999,Bengaluru,NOAA,19.8,96.3,,1.5,230.0,12.0
2025-07-22 00:00:00,43295099999,Bengaluru,NOAA,19.8,96.3,,1.5,230.0,12.0
2025-07-22 03:00:00,43295099999,Bengaluru,NOAA,20.6,96.4,,1.5,230.0,12.0
2025-07-22 06:00:00,43295099999,Bengaluru,NOAA,24.8,78.0,,2.6,230.0,
2025-07-22 09:00:00,43295099999,Bengaluru,NOAA,24.0,90.2,,1.5,230.0,0.2
2025-07-22 12:00:00,43295099999,Bengaluru,NOAA,23.4,,,2.1,230.0,1.0
2025-07-22 15:00:00,43295099999,Bengaluru,NOAA,22.4,84.7,,1.5,270.0,1.0
2025-07-22 18:00:00,43295099999,Bengaluru,NOAA,21.6,86.2,,3.1,230.0,1.0
2025-07-22 21:00:00,43295099999,Bengaluru,NOAA,21.0,92.9,,1.5,270.0,1.0
2025-07-23 00:00:00,43295099999,Bengaluru,NOAA,20.6,92.8,,2.6,230.0,1.0
2025-07-23 03:00:00,43295099999,Bengaluru,NOAA,21.4,92.9,,3.1,230.0,1.0
2025-07-23 06:00:00,43295099999,Bengaluru,NOAA,24.0,74.6,,5.7,230.0,
2025-07-23 09:00:00,43295099999,Bengaluru,NOAA,25.4,73.9,,2.6,270.0,0.0
2025-07-23 12:00:00,43295099999,Bengaluru,NOAA,23.4,88.0,,2.6,230.0,0.4
2025-07-23 15:00:00,43295099999,Bengaluru,NOAA,22.4,91.2,,1.5,230.0,0.5
2025-07-23 18:00:00,43295099999,Bengaluru,NOAA,21.8,91.2,,2.1,230.0,1.0
2025-07-23 21:00:00,43295099999,Bengaluru,NOAA,20.8,92.9,,1.5,230.0,1.0
2025-07-24 00:00:00,43295099999,Bengaluru,NOAA,20.2,96.4,,2.1,230.0,1.0
2025-07-24 03:00:00,43295099999,Bengaluru,NOAA,20.8,92.9,,2.1,270.0,1.0
2025-07-24 06:00:00,43295099999,Bengaluru,NOAA,24.0,78.8,,2.1,230.0,0.0
2025-07-24 09:00:00,43295099999,Bengaluru,NOAA,24.4,83.9,,3.1,270.0,0.2
2025-07-24 12:00:00,43295099999,Bengaluru,NOAA,23.2,89.6,,1.5,230.0,1.0
2025-07-24 15:00:00,43295099999,Bengaluru,NOAA,21.0,96.4,,4.1,230.0,2.0
2025-07-24 18:00:00,43295099999,Bengaluru,NOAA,21.0,92.9,,2.6,230.0,2.0
2025-07-24 21:00:00,43295099999,Bengaluru,NOAA,20.6,98.2,,2.1,230.0,2.0
2025-07-25 00:00:00,43295099999,Bengaluru,NOAA,20.2,96.4,,2.1,230.0,2.0
2025-07-25 03:00:00,43295099999,Bengaluru,NOAA,21.6,89.5,,1.5,230.0,2.0
2025-07-25 06:00:00,43295099999,Bengaluru,NOAA,23.4,86.4,,2.6,270.0,0.0
2025-07-25 09:00:00,43295099999,Bengaluru,NOAA,25.2,75.2,,2.1,230.0,0.1
2025-07-25 12:00:00,43295099999,Bengaluru,NOAA,22.8,88.0,,2.1,270.0,0.3
2025-07-25 15:00:00,43295099999,Bengaluru,NOAA,22.2,84.7,,3.1,230.0,0.3
2025-07-25 18:00:00,43295099999,Bengaluru,NOAA,21.2,89.5,,4.1,230.0,0.3
2025-07-25 21:00:00,43295099999,Bengaluru,NOAA,20.8,92.9,,3.1,230.0,0.3
2025-07-26 00:00:00,43295099999,Bengaluru,NOAA,20.0,96.3,,3.1,230.0,0.5
2025-07-26 03:00:00,43295099999,Bengaluru,NOAA,21.0,94.6,,3.1,270.0,0.8
2025-07-26 06:00:00,43295099999,Bengaluru,NOAA,22.6,91.2,,4.1,270.0,0.0
2025-07-26 09:00:00,43295099999,Bengaluru,NOAA,25.0,76.6,,2.6,230.0,0.2
2025-07-26 12:00:00,43295099999,Bengaluru,NOAA,23.6,81.8,,2.1,270.0,0.2
2025-07-26 15:00:00,43295099999,Bengaluru,NOAA,21.6,87.9,,3.1,270.0,0.2
2025-07-26 18:00:00,43295099999,Bengaluru,NOAA,21.2,92.9,,2.1,230.0,0.2
2025-07-26 21:00:00,43295099999,Bengaluru,NOAA,20.4,91.1,,1.5,230.0,0.7
2025-07-27 00:00:00,43295099999,Bengaluru,NOAA,19.6,94.5,,1.5,270.0,0.7
2025-07-27 03:00:00,43295099999,Bengaluru,NOAA,20.4,92.8,,3.1,230.0,0.7
2025-07-27 06:00:00,43295099999,Bengaluru,NOAA,24.0,74.6,,3.1,230.0,
2025-07-27 09:00:00,43295099999,Bengaluru,NOAA,24.8,72.0,,3.1,230.0,
2025-07-27 12:00:00,43295099999,Bengaluru,NOAA,24.2,71.4,,1.5,230.0,
2025-07-27 15:00:00,43295099999,Bengaluru,NOAA,22.6,84.7,,3.1,270.0,
2025-07-27 18:00:00,43295099999,Bengaluru,NOAA,21.6,86.2,,3.1,270.0,
2025-07-27 21:00:00,43295099999,Bengaluru,NOAA,19.7,87.7,,2.6,270.0,
2025-07-28 00:00:00,43295099999,Bengaluru,NOAA,19.6,96.3,,3.1,270.0,
2025-07-28 03:00:00,43295099999,Bengaluru,NOAA,20.4,92.8,,2.1,230.0,0.2
2025-07-28 06:00:00,43295099999,Bengaluru,NOAA,24.2,77.4,,4.6,230.0,
2025-07-28 09:00:00,43295099999,Bengaluru,NOAA,26.0,72.6,,1.5,230.0,
2025-07-28 12:00:00,43295099999,Bengaluru,NOAA,24.4,87.0,,2.6,230.0,0.0
2025-07-28 15:00:00,43295099999,Bengaluru,NOAA,21.8,90.6,,2.6,230.0,0.3
2025-07-28 18:00:00,43295099999,Bengaluru,NOAA,20.8,90.0,,2.6,230.0,0.3
2025-07-28 21:00:00,43295099999,Bengaluru,NOAA,20.0,91.1,1047.9,2.1,230.0,0.3
2025-07-29 00:00:00,43295099999,Bengaluru,NOAA,19.8,94.6,,4.1,230.0,0.3
2025-07-29 06:00:00,43295099999,Bengaluru,NOAA,22.8,83.2,,2.1,270.0,
2025-07-29 09:00:00,43295099999,Bengaluru,NOAA,26.2,72.7,,4.1,270.0,
2025-07-29 12:00:00,43295099999,Bengaluru,NOAA,22.4,96.4,,1.5,230.0,0.4
2025-07-29 15:00:00,43295099999,Bengaluru,NOAA,21.2,98.2,,2.6,270.0,1.0
2025-07-29 18:00:00,43295099999,Bengaluru,NOAA,21.0,98.2,,3.1,270.0,1.0
2025-07-29 21:00:00,43295099999,Bengaluru,NOAA,20.6,98.2,,3.1,270.0,1.0
2025-07-30 00:00:00,43295099999,Bengaluru,NOAA,20.0,98.2,,2.1,270.0,1.0
2025-07-30 03:00:00,43295099999,Bengaluru,NOAA,20.8,94.6,,1.5,230.0,1.0
2025-07-30 06:00:00,43295099999,Bengaluru,NOAA,24.8,73.3,,1.5,230.0,
2025-07-30 09:00:00,43295099999,Bengaluru,NOAA,27.0,66.4,,2.6,230.0,
2025-07-30 12:00:00,43295099999,Bengaluru,NOAA,26.6,70.1,,3.1,230.0,
2025-07-30 15:00:00,43295099999,Bengaluru,NOAA,24.2,77.4,,1.5,230.0,
2025-07-30 18:00:00,43295099999,Bengaluru,NOAA,22.6,83.2,,2.1,270.0,
2025-07-30 21:00:00,43295099999,Bengaluru,NOAA,21.6,89.5,,2.1,230.0,
2025-07-31 00:00:00,43295099999,Bengaluru,NOAA,21.0,92.9,,1.5,270.0,
2025-07-31 03:00:00,43295099999,Bengaluru,NOAA,21.8,92.9,,4.1,230.0,
2025-07-31 06:00:00,43295099999,Bengaluru,NOAA,23.6,83.3,,2.6,230.0,0.0
2025-07-31 09:00:00,43295099999,Bengaluru,NOAA,26.4,75.9,,2.1,270.0,
2025-07-31 12:00:00,43295099999,Bengaluru,NOAA,26.0,78.6,,2.6,270.0,0.0
2025-07-31 15:00:00,43295099999,Bengaluru,NOAA,23.0,91.3,,1.0,230.0,1.0
2025-07-31 18:00:00,43295099999,Bengaluru,NOAA,22.6,89.6,,1.0,230.0,1.0
2025-07-31 21:00:00,43295099999,Bengaluru,NOAA,21.8,92.9,,1.0,230.0,1.0
2025-08-01 00:00:00,43295099999,Bengaluru,NOAA,20.6,94.6,,1.0,230.0,1.0
2025-08-01 03:00:00,43295099999,Bengaluru,NOAA,21.6,92.9,,3.1,270.0,1.0
2025-08-01 06:00:00,43295099999,Bengaluru,NOAA,25.8,76.7,,2.6,270.0,
2025-08-01 09:00:00,43295099999,Bengaluru,NOAA,27.2,73.3,,1.5,230.0,
2025-08-01 12:00:00,43295099999,Bengaluru,NOAA,27.2,70.6,,1.5,270.0,
2025-08-01 15:00:00,43295099999,Bengaluru,NOAA,25.0,76.6,,2.1,230.0,
2025-08-01 18:00:00,43295099999,Bengaluru,NOAA,24.6,74.7,,2.1,270.0,
2025-08-01 21:00:00,43295099999,Bengaluru,NOAA,22.0,89.5,,1.5,230.0,
2025-08-02 00:00:00,43295099999,Bengaluru,NOAA,21.2,92.9,,1.5,230.0,
2025-08-02 03:00:00,43295099999,Bengaluru,NOAA,20.0,99.4,,2.1,270.0,
2025-08-02 06:00:00,43295099999,Bengaluru,NOAA,24.8,76.6,,1.5,230.0,
2025-08-02 09:00:00,43295099999,Bengaluru,NOAA,28.2,65.8,,1.0,270.0,
2025-08-02 12:00:00,43295099999,Bengaluru,NOAA,28.0,64.6,,1.0,270.0,
2025-08-02 15:00:00,43295099999,Bengaluru,NOAA,25.2,81.0,,2.1,270.0,
2025-08-02 18:00:00,43295099999,Bengaluru,NOAA,23.4,83.8,,2.6,270.0,
2025-08-02 21:00:00,43295099999,Bengaluru,NOAA,22.6,92.4,,1.5,270.0,
2025-08-03 00:00:00,43295099999,Bengaluru,NOAA,21.8,94.6,,1.5,270.0,
2025-08-03 03:00:00,43295099999,Bengaluru,NOAA,22.8,88.0,,1.0,230.0,
2025-08-03 06:00:00,43295099999,Bengaluru,NOAA,27.2,71.9,,0.0,,
2025-08-03 09:00:00,43295099999,Bengaluru,NOAA,28.0,65.8,,1.0,270.0,
2025-08-03 12:00:00,43295099999,Bengaluru,NOAA,24.0,98.2,,1.5,230.0,15.0
2025-08-03 15:00:00,43295099999,Bengaluru,NOAA,23.6,88.0,,1.5,230.0,15.0
2025-08-03 18:00:00,43295099999,Bengaluru,NOAA,23.2,91.3,,1.5,270.0,15.0
2025-08-04 00:00:00,43295099999,Bengaluru,NOAA,20.6,98.2,,1.0,,45.0
2025-08-04 03:00:00,43295099999,Bengaluru,NOAA,21.0,98.2,,1.5,230.0,45.0
2025-08-04 06:00:00,43295099999,Bengaluru,NOAA,25.2,81.0,,0.0,,
2025-08-04 09:00:00,43295099999,Bengaluru,NOAA,28.6,71.3,,2.1,270.0,
2025-08-04 12:00:00,43295099999,Bengaluru,NOAA,25.8,88.7,,1.0,320.0,0.1
2025-08-04 15:00:00,43295099999,Bengaluru,NOAA,23.4,96.4,,1.5,320.0,2.0
2025-08-04 18:00:00,43295099999,Bengaluru,NOAA,22.0,94.6,,1.0,320.0,16.0
2025-08-04 21:00:00,43295099999,Bengaluru,NOAA,21.6,94.6,,1.0,320.0,16.0
2025-08-05 00:00:00,43295099999,Bengaluru,NOAA,21.0,98.2,,0.0,,16.0
2025-08-05 03:00:00,43295099999,Bengaluru,NOAA,21.8,94.6,,1.5,320.0,16.0
2025-08-05 06:00:00,43295099999,Bengaluru,NOAA,26.6,81.6,,1.5,320.0,
2025-08-05 09:00:00,43295099999,Bengaluru,NOAA,27.0,74.6,,1.5,230.0,1.0
2025-08-05 12:00:00,43295099999,Bengaluru,NOAA,28.2,64.2,,1.0,,3.0
2025-08-05 15:00:00,43295099999,Bengaluru,NOAA,22.6,91.2,,4.1,230.0,2.0
2025-08-05 18:00:00,43295099999,Bengaluru,NOAA,22.0,94.6,,3.1,230.0,2.0
2025-08-05 21:00:00,43295099999,Bengaluru,NOAA,21.6,96.4,,1.5,230.0,2.0
2025-08-06 00:00:00,43295099999,Bengaluru,NOAA,21.0,92.9,,1.5,230.0,2.0
2025-08-06 03:00:00,43295099999,Bengaluru,NOAA,21.6,91.2,,1.5,270.0,2.0
2025-08-06 06:00:00,43295099999,Bengaluru,NOAA,23.6,84.8,,1.0,,
2025-08-06 09:00:00,43295099999,Bengaluru,NOAA,27.2,71.9,,1.0,230.0,
2025-08-06 12:00:00,43295099999,Bengaluru,NOAA,27.0,73.2,,1.0,230.0,
2025-08-06 15:00:00,43295099999,Bengaluru,NOAA,25.0,82.4,,1.5,270.0,
2025-08-06 18:00:00,43295099999,Bengaluru,NOAA,24.2,91.9,,1.0,270.0,0.0
2025-08-06 21:00:00,43295099999,Bengaluru,NOAA,21.4,96.4,,2.1,270.0,14.0
2025-08-07 00:00:00,43295099999,Bengaluru,NOAA,21.2,96.4,,1.5,270.0,24.0
2025-08-07 03:00:00,43295099999,Bengaluru,NOAA,21.2,98.2,,1.5,230.0,25.0
2025-08-07 06:00:00,43295099999,Bengaluru,NOAA,,,,2.1,230.0,
2025-08-07 09:00:00,43295099999,Bengaluru,NOAA,26.8,71.9,,1.0,230.0,
2025-08-07 12:00:00,43295099999,Bengaluru,NOAA,27.0,73.2,,1.0,230.0,
2025-08-07 15:00:00,43295099999,Bengaluru,NOAA,25.4,84.0,,1.5,270.0,
2025-08-07 18:00:00,43295099999,Bengaluru,NOAA,23.6,94.7,,1.5,270.0,
2025-08-07 21:00:00,43295099999,Bengaluru,NOAA,23.0,94.7,,1.0,270.0,
2025-08-08 00:00:00,43295099999,Bengaluru,NOAA,22.2,94.6,,1.0,320.0,
2025-08-08 03:00:00,43295099999,Bengaluru,NOAA,22.6,94.7,,1.0,320.0,
2025-08-08 06:00:00,43295099999,Bengaluru,NOAA,25.8,81.0,,1.0,320.0,
2025-08-08 09:00:00,43295099999,Bengaluru,NOAA,28.0,71.2,,1.0,270.0,
2025-08-08 12:00:00,43295099999,Bengaluru,NOAA,26.0,81.6,,1.5,320.0,
2025-08-08 15:00:00,43295099999,Bengaluru,NOAA,25.0,84.0,,1.0,230.0,
2025-08-08 18:00:00,43295099999,Bengaluru,NOAA,23.0,89.6,,1.0,230.0,
2025-08-08 21:00:00,43295099999,Bengaluru,NOAA,22.6,92.9,,1.0,230.0,
2025-08-09 00:00:00,43295099999,Bengaluru,NOAA,22.2,96.4,,1.0,230.0,0.0
2025-08-09 03:00:00,43295099999,Bengaluru,NOAA,23.2,91.3,,1.0,230.0,0.0
2025-08-09 06:00:00,43295099999,Bengaluru,NOAA,27.0,74.6,,1.5,270.0,
2025-08-09 09:00:00,43295099999,Bengaluru,NOAA,27.0,77.4,,1.5,270.0,
2025-08-09 12:00:00,43295099999,Bengaluru,NOAA,24.6,83.9,,2.6,270.0,
2025-08-09 15:00:00,43295099999,Bengaluru,NOAA,21.8,92.9,,1.0,230.0,4.0
2025-08-09 18:00:00,43295099999,Bengaluru,NOAA,21.2,96.4,,1.0,230.0,4.0
2025-08-09 21:00:00,43295099999,Bengaluru,NOAA,21.0,96.4,,1.0,230.0,4.0
2025-08-10 00:00:00,43295099999,Bengaluru,NOAA,21.0,98.2,,1.0,230.0,5.0
2025-08-10 03:00:00,43295099999,Bengaluru,NOAA,22.2,88.5,,1.5,270.0,5.0
2025-08-10 06:00:00,43295099999,Bengaluru,NOAA,23.8,80.3,,1.5,270.0,
2025-08-10 09:00:00,43295099999,Bengaluru,NOAA,23.6,91.3,,1.5,320.0,0.7
2025-08-10 12:00:00,43295099999,Bengaluru,NOAA,22.0,98.2,,1.0,320.0,12.0
2025-08-10 15:00:00,43295099999,Bengaluru,NOAA,21.2,98.2,,1.0,270.0,13.0
2025-08-10 18:00:00,43295099999,Bengaluru,NOAA,20.8,98.2,,1.5,270.0,16.0
2025-08-10 21:00:00,43295099999,Bengaluru,NOAA,20.4,98.2,,1.5,270.0,16.0
2025-08-11 00:00:00,43295099999,Bengaluru,NOAA,20.0,98.2,,1.0,270.0,16.0
2025-08-11 03:00:00,43295099999,Bengaluru,NOAA,20.2,96.4,,1.0,270.0,16.0
2025-08-11 06:00:00,43295099999,Bengaluru,NOAA,23.8,85.4,,1.5,230.0,
2025-08-11 09:00:00,43295099999,Bengaluru,NOAA,26.4,73.1,,1.5,270.0,
2025-08-11 12:00:00,43295099999,Bengaluru,NOAA,24.2,88.6,,1.5,270.0,3.0
2025-08-11 15:00:00,43295099999,Bengaluru,NOAA,23.2,86.4,,1.5,270.0,3.0
2025-08-11 18:00:00,43295099999,Bengaluru,NOAA,21.4,91.2,,1.5,230.0,3.0
2025-08-11 21:00:00,43295099999,Bengaluru,NOAA,21.0,89.5,,1.5,270.0,3.0
2025-08-12 00:00:00,43295099999,Bengaluru,NOAA,20.6,92.8,,1.5,320.0,3.0
2025-08-12 03:00:00,43295099999,Bengaluru,NOAA,21.6,91.2,,1.5,270.0,3.0
2025-08-12 06:00:00,43295099999,Bengaluru,NOAA,23.8,78.8,,1.5,320.0,
2025-08-12 09:00:00,43295099999,Bengaluru,NOAA,25.0,76.6,,3.1,230.0,0.0
2025-08-12 12:00:00,43295099999,Bengaluru,NOAA,24.8,78.0,,2.6,270.0,0.0
2025-08-12 15:00:00,43295099999,Bengaluru,NOAA,22.0,87.9,,2.6,270.0,0.0
2025-08-12 18:00:00,43295099999,Bengaluru,NOAA,21.2,92.9,,2.1,270.0,
2025-08-12 21:00:00,43295099999,Bengaluru,NOAA,20.2,96.4,,2.1,270.0,2.0
2025-08-13 00:00:00,43295099999,Bengaluru,NOAA,20.0,96.3,,2.1,270.0,2.0
2025-08-13 03:00:00,43295099999,Bengaluru,NOAA,20.4,98.2,,1.5,270.0,2.0
2025-08-13 06:00:00,43295099999,Bengaluru,NOAA,21.4,89.5,,1.5,270.0,1.0
2025-08-13 09:00:00,43295099999,Bengaluru,NOAA,22.4,84.7,,1.5,270.0,3.0
2025-08-13 12:00:00,43295099999,Bengaluru,NOAA,22.2,94.6,,1.0,,4.0
2025-08-13 15:00:00,43295099999,Bengaluru,NOAA,20.6,96.4,,1.5,270.0,12.0
2025-08-13 18:00:00,43295099999,Bengaluru,NOAA,20.2,96.4,,2.1,270.0,12.0
2025-08-13 21:00:00,43295099999,Bengaluru,NOAA,20.0,96.3,,2.1,230.0,12.0
2025-08-14 00:00:00,43295099999,Bengaluru,NOAA,19.8,96.3,,2.1,230.0,12.0
2025-08-14 03:00:00,43295099999,Bengaluru,NOAA,20.6,93.4,,1.5,230.0,12.0
2025-08-14 06:00:00,43295099999,Bengaluru,NOAA,23.8,81.8,,1.5,230.0,
2025-08-14 09:00:00,43295099999,Bengaluru,NOAA,24.6,76.1,,1.0,230.0,
2025-08-14 12:00:00,43295099999,Bengaluru,NOAA,23.4,89.6,,1.5,230.0,0.4
2025-08-14 15:00:00,43295099999,Bengaluru,NOAA,22.0,89.5,,1.5,270.0,0.4
2025-08-14 18:00:00,43295099999,Bengaluru,NOAA,20.8,94.6,,1.5,270.0,0.4
2025-08-14 21:00:00,43295099999,Bengaluru,NOAA,19.6,96.3,,1.0,270.0,0.4
2025-08-15 00:00:00,43295099999,Bengaluru,NOAA,19.6,96.3,,2.1,270.0,0.4
2025-08-15 03:00:00,43295099999,Bengaluru,NOAA,21.0,94.6,,1.0,270.0,0.4
2025-08-15 06:00:00,43295099999,Bengaluru,NOAA,24.0,78.8,,2.1,230.0,
2025-08-15 09:00:00,43295099999,Bengaluru,NOAA,26.4,73.1,,2.1,230.0,
2025-08-15 12:00:00,43295099999,Bengaluru,NOAA,23.6,83.3,,3.1,230.0,0.0
2025-08-15 15:00:00,43295099999,Bengaluru,NOAA,21.4,91.2,,1.5,270.0,2.0
2025-08-15 18:00:00,43295099999,Bengaluru,NOAA,21.0,92.9,,1.5,230.0,2.0
2025-08-15 21:00:00,43295099999,Bengaluru,NOAA,21.0,89.5,,1.5,230.0,2.0
2025-08-16 00:00:00,43295099999,Bengaluru,NOAA,20.4,92.8,,2.1,230.0,2.0
2025-08-16 03:00:00,43295099999,Bengaluru,NOAA,21.0,94.6,,2.6,230.0,2.0
2025-08-16 06:00:00,43295099999,Bengaluru,NOAA,23.8,81.8,,1.5,230.0,
2025-08-16 09:00:00,43295099999,Bengaluru,NOAA,25.4,78.1,,1.5,320.0,0.0
2025-08-16 12:00:00,43295099999,Bengaluru,NOAA,24.4,85.4,,2.1,270.0,1.0
2025-08-16 15:00:00,43295099999,Bengaluru,NOAA,23.0,91.3,,1.5,230.0,1.0
2025-08-16 18:00:00,43295099999,Bengaluru,NOAA,21.8,92.9,,1.5,230.0,1.0
2025-08-16 21:00:00,43295099999,Bengaluru,NOAA,21.2,89.5,,1.5,230.0,1.0
2025-08-17 00:00:00,43295099999,Bengaluru,NOAA,21.0,96.4,,1.0,230.0,1.0
2025-08-17 03:00:00,43295099999,Bengaluru,NOAA,21.2,92.9,,2.6,230.0,1.0
2025-08-17 06:00:00,43295099999,Bengaluru,NOAA,23.0,91.3,,2.1,230.0,0.4
2025-08-17 09:00:00,43295099999,Bengaluru,NOAA,24.4,85.4,,2.1,270.0,1.0
2025-08-17 12:00:00,43295099999,Bengaluru,NOAA,22.2,91.2,,2.1,230.0,3.0
2025-08-17 15:00:00,43295099999,Bengaluru,NOAA,21.0,96.4,,2.1,230.0,4.0
2025-08-18 00:00:00,43295099999,Bengaluru,NOAA,19.6,96.3,,1.5,230.0,5.0
2025-08-18 03:00:00,43295099999,Bengaluru,NOAA,20.2,92.8,,1.5,230.0,5.0
2025-08-18 06:00:00,43295099999,Bengaluru,NOAA,21.8,91.2,,1.5,270.0,0.0
2025-08-18 09:00:00,43295099999,Bengaluru,NOAA,23.4,83.3,,2.1,270.0,0.0
2025-08-18 12:00:00,43295099999,Bengaluru,NOAA,23.0,86.4,,2.1,230.0,2.0
2025-08-18 15:00:00,43295099999,Bengaluru,NOAA,21.0,94.6,,2.1,270.0,3.0
2025-08-18 18:00:00,43295099999,Bengaluru,NOAA,20.5,95.2,,2.6,270.0,3.0
2025-08-18 21:00:00,43295099999,Bengaluru,NOAA,20.4,94.6,,3.1,270.0,3.0
2025-08-19 00:00:00,43295099999,Bengaluru,NOAA,20.0,96.3,,3.1,270.0,3.0
2025-08-19 03:00:00,43295099999,Bengaluru,NOAA,21.0,91.1,,1.5,270.0,3.0
2025-08-19 06:00:00,43295099999,Bengaluru,NOAA,23.0,78.7,,2.1,230.0,
2025-08-19 09:00:00,43295099999,Bengaluru,NOAA,24.0,74.6,,4.1,230.0,
2025-08-19 12:00:00,43295099999,Bengaluru,NOAA,23.0,78.7,,4.1,230.0,
2025-08-19 15:00:00,43295099999,Bengaluru,NOAA,22.0,89.5,,1.5,230.0,
2025-08-19 18:00:00,43295099999,Bengaluru,NOAA,21.0,94.6,,1.5,270.0,
2025-08-19 21:00:00,43295099999,Bengaluru,NOAA,20.6,89.4,,1.5,270.0,
2025-08-20 00:00:00,43295099999,Bengaluru,NOAA,19.6,92.8,,2.1,230.0,
2025-08-20 03:00:00,43295099999,Bengaluru,NOAA,21.2,87.8,,2.6,230.0,
2025-08-20 06:00:00,43295099999,Bengaluru,NOAA,24.6,73.3,,2.6,230.0,
2025-08-20 09:00:00,43295099999,Bengaluru,NOAA,26.0,71.3,,3.1,270.0,
2025-08-20 12:00:00,43295099999,Bengaluru,NOAA,24.8,76.6,,2.6,270.0,0.0
2025-08-20 15:00:00,43295099999,Bengaluru,NOAA,23.2,81.7,,1.5,230.0,0.0
2025-08-20 18:00:00,43295099999,Bengaluru,NOAA,21.4,87.8,,1.5,230.0,0.0
2025-08-20 21:00:00,43295099999,Bengaluru,NOAA,21.0,91.1,,1.0,230.0,0.0
2025-08-21 00:00:00,43295099999,Bengaluru,NOAA,19.8,94.6,,1.0,230.0,0.0
2025-08-21 03:00:00,43295099999,Bengaluru,NOAA,20.6,94.6,,2.1,270.0,0.0
2025-08-21 06:00:00,43295099999,Bengaluru,NOAA,24.0,80.8,,2.1,270.0,
2025-08-21 09:00:00,43295099999,Bengaluru,NOAA,25.6,77.6,,1.5,270.0,
2025-08-21 12:00:00,43295099999,Bengaluru,NOAA,26.0,78.6,,1.5,230.0,
2025-08-21 15:00:00,43295099999,Bengaluru,NOAA,23.6,88.6,,1.0,230.0,
2025-08-21 18:00:00,43295099999,Bengaluru,NOAA,22.8,91.3,,1.5,230.0,
2025-08-21 21:00:00,43295099999,Bengaluru,NOAA,21.6,92.9,,1.5,230.0,
2025-08-22 00:00:00,43295099999,Bengaluru,NOAA,21.6,91.2,,1.0,270.0,
2025-08-22 03:00:00,43295099999,Bengaluru,NOAA,22.8,89.6,,1.5,270.0,
2025-08-22 06:00:00,43295099999,Bengaluru,NOAA,24.2,83.9,,1.5,270.0,
2025-08-22 09:00:00,43295099999,Bengaluru,NOAA,28.6,63.5,,1.5,270.0,
2025-08-22 12:00:00,43295099999,Bengaluru,NOAA,27.4,68.1,,1.5,270.0,
2025-08-22 15:00:00,43295099999,Bengaluru,NOAA,25.5,83.5,,4.6,270.0,0.0
2025-08-22 18:00:00,43295099999,Bengaluru,NOAA,23.8,90.2,,2.6,230.0,0.0
2025-08-22 21:00:00,43295099999,Bengaluru,NOAA,22.8,89.6,,2.1,270.0,0.0
2025-08-23 00:00:00,43295099999,Bengaluru,NOAA,21.6,92.9,,2.1,270.0,0.0
2025-08-23 03:00:00,43295099999,Bengaluru,NOAA,22.2,89.6,,1.0,230.0,0.0
2025-08-23 06:00:00,43295099999,Bengaluru,NOAA,25.2,75.2,,1.0,230.0,
2025-08-23 09:00:00,43295099999,Bengaluru,NOAA,27.0,67.6,,2.1,230.0,
2025-08-23 12:00:00,43295099999,Bengaluru,NOAA,26.0,74.0,,1.5,230.0,
2025-08-23 15:00:00,43295099999,Bengaluru,NOAA,22.8,81.7,,1.5,270.0,1.0
2025-08-23 18:00:00,43295099999,Bengaluru,NOAA,22.6,84.7,,1.5,230.0,1.0
2025-08-23 21:00:00,43295099999,Bengaluru,NOAA,22.0,87.9,,1.5,270.0,1.0
2025-08-24 00:00:00,43295099999,Bengaluru,NOAA,20.6,91.1,,1.5,270.0,1.0
2025-08-24 06:00:00,43295099999,Bengaluru,NOAA,25.4,70.7,,2.1,230.0,
2025-08-24 09:00:00,43295099999,Bengaluru,NOAA,28.4,63.5,,3.1,270.0,
2025-08-24 12:00:00,43295099999,Bengaluru,NOAA,28.8,54.1,,3.1,270.0,
2025-08-24 15:00:00,43295099999,Bengaluru,NOAA,24.8,70.6,,1.0,230.0,0.0
2025-08-24 18:00:00,43295099999,Bengaluru,NOAA,23.0,78.7,,1.0,230.0,0.0
2025-08-24 21:00:00,43295099999,Bengaluru,NOAA,22.2,81.1,,1.0,230.0,0.0
